PartNumber,OldPartNumber,SupplierProductCode,Brand,ProductName,Designation,RetailPriceIncludingTax,RetailPriceExcludingTax,BaseDealerPriceExcludingTax,BarCode,StockValue,CommodityCode,OnDemand,DropShipping,HtmlDescription,Description,Category1,Category2,Category3,V-Acabado,V-Cantidad de dientes,V-Color,V-Colores,Volume (cm³),Weight (g),Length (mm),Width (mm),Height (mm),Acabado de la tapa del silenciador,Acabado del silenciador de escape,Acabado del tubo,Altura (cm),Altura (mm),Altura del neumático (perfil),Anchura (cm),Anchura (mm),Anchura del neumático,Capacidad (ml/l),Capacidad de portaequipajes (L),Capacidad del casco,Carga máxima (kg),Categoría de neumático,Clasificación de capas,Color,Color del cristal,Composición,Diámetro de la llanta,Embalaje,Especificaciones,Estructura de neumático,Familia de neumáticos,Homologación,Índice de carga del neumático (IC),Índice de velocidad (CV),Longitud (cm),Modelo,Número de dientes de la corona,Paso de cadena,Peso (kg),Posición,Sin cámara o tipo de cámara,Tipo,Tipo de corona,Tipo de luz,Versión de corona,Picture1,Picture2,Picture3,Picture4,Picture5,Picture6,Picture7,Picture8,AllPicturesZIP,Document1,DeliveryPlant
1008244,43085,ASOT-16-BK,ART,ART SPAREPARTS CARBURETOR SCREW BLACK,Tornillo de carburación negro,10.89,9.00,5.40,8430525430853,0,8409910090,0,1,,,VEHICLE PARTS & ACCESSORIES,ENGINE PARTS,ENG. INTAKE,,,,,189,18,94,134,15,,,,,,,,,,,,,,,,,,,,,,,,,,,,,,,,,,,,,,https://api.mybihr.com/medias/1008244-1-800Wx800H?context=bWFzdGVyfHJvb3R8Mjk2OTN8aW1hZ2UvanBlZ3xhRFU0TDJoaE9DOHhOVFF5TURVM01ERXdOemt6TkM4eE1EQTRNalEwTFRGZk9EQXdWM2c0TURCSXw4ZjAzMDg0OTRjNGIzYTU0NmNiOTliMmMwNzllZmYwZmNjMzNjMTYyYWI3MzMyMmU5OGU3OGMyYmI4Nzk2NGVj,,,,,,,,https://static.bihr.pro/eBihr/Pictures/ART-pictures.zip,,Spain Warehouse (Parts)
1038693,446948,FORKSAVER130,ART,ART FORK GUARD NEOPRENE 130MM,Fundas de neopreno para horquilla ART longitud 130mm,15.73,13.00,7.80,3661738023340,43,8714109090,0,1,"<html> <head> <meta http-equiv=""Content-Type"" content=""text/html; charset=utf-8""><title> </title> <style type=""text/css"">.cs95E872D0{text-align:left;margin:0pt 0pt 0pt 0pt;}.csA7555675{color:#000;background-color:transparent;font-weight:normal;font-style:normal;}</style> </head> <body> <p><a id=""_dx_frag_StartFragment""></a>Neoprene sleeves to protect the fork tubes from mud and stone impacts. Prolongs the service life of the fork joints. Diameter 45/50mm and length 130mm. Also available in lenght of 360mm.</p></body> </html>","       Neoprene sleeves to protect the fork tubes from mud and stone impacts. Prolongs the service life of the fork joints. Diameter 45/50mm and length 130mm. Also available in lenght of 360mm. ",VEHICLE PARTS & ACCESSORIES,CHASSIS PARTS,CHAS. SHOCK&FORK,,,,,1006,42,156,129,50,,,,,,,,,,,,,,,,,,,,,,,,,,,,,,,,,,,,,,https://api.mybihr.com/medias/1038693-1-800Wx800H?context=bWFzdGVyfHJvb3R8NDAzMzZ8aW1hZ2UvanBlZ3xhRFZqTDJnME5pODRPVFk1TnpVME1qUTNNVGs0THpFd016ZzJPVE10TVY4NE1EQlhlRGd3TUVnfDk4ZDZhMjM3NGRlZDYyYjg3MmM4Yzc1ODJiNzgxMTAxMmIwODg4YTE5N2YwZmY0ZGQ4NjhkYjM2NGQ3MTEwNWI,,,,,,,,https://static.bihr.pro/eBihr/Pictures/ART-pictures.zip,,Spain Warehouse (Parts)
1047947,,PAXL-8015,ART,ART COMPLETE REAR SHAFT,Palier de transmisión trasero ART - Yamaha Wolverine 700,148.59,122.80,73.68,43100023,0,8708509990,0,1,"<html> <head> <meta http-equiv=""Content-Type"" content=""text/html; charset=utf-8""><title> </title> <style type=""text/css"">.cs95E872D0{text-align:left;margin:0pt 0pt 0pt 0pt;}.csA7555675{color:#000;background-color:transparent;font-weight:normal;font-style:normal;}</style> </head> <body> <p>ART shafts perfectly suits OEM standards and do not require any special mounting modification.</p></body> </html>","       ART shafts perfectly suits OEM standards and do not require any special mounting modification. ",VEHICLE PARTS & ACCESSORIES,CHASSIS PARTS,CHAS. SERVICE PARTS,,,,,11856,6072,765,126,123,,,,,,,,,,,,,,,,,,,,,,,,,,,,,,,,Trasero,,,,,,https://api.mybihr.com/medias/1047947-1-800Wx800H?context=bWFzdGVyfHJvb3R8MzU4ODd8aW1hZ2UvanBlZ3xhRGczTDJnME5DODRPVGN4TURRMU56azNPVEU0THpFd05EYzVORGN0TVY4NE1EQlhlRGd3TUVnfGUzMzJmMThjY2YyZGZlYzlhYTkzOTdjZTdkOTIwMjJiOWU2YzU1MThlYmJlMmVkZTNhNDhiZDUyYmNiYjY3OTc,,,,,,,,https://static.bihr.pro/eBihr/Pictures/ART-pictures.zip,,Spain Warehouse (Parts)
1047950,,PAXL-8017,ART,ART COMPLETE REAR SHAFT,Palier de transmisión trasero ART - Yamaha YFM700 Grizzly,222.16,183.60,110.16,3661738009580,0,8708505590,0,1,"<html> <head> <meta http-equiv=""Content-Type"" content=""text/html; charset=utf-8""><title> </title> <style type=""text/css"">.cs95E872D0{text-align:left;margin:0pt 0pt 0pt 0pt;}.csA7555675{color:#000;background-color:transparent;font-weight:normal;font-style:normal;}</style> </head> <body> <p>ART shafts perfectly suits OEM standards and do not require any special mounting modification.</p></body> </html>","       ART shafts perfectly suits OEM standards and do not require any special mounting modification. ",VEHICLE PARTS & ACCESSORIES,CHASSIS PARTS,CHAS. SERVICE PARTS,,,,,5965,4081,635,101,93,,,,,,,,,,,,,,,,,,,,,,,,,,,,,,,,Trasero,,,,,,https://api.mybihr.com/medias/1047950-1-800Wx800H?context=bWFzdGVyfHJvb3R8MzU4ODd8aW1hZ2UvanBlZ3xhRGd4TDJneE55ODRPVGN4TURRMk16ZzNOelF5THpFd05EYzVOVEF0TVY4NE1EQlhlRGd3TUVnfDNiZjQzMzA0NDVhOTdiMzhkODMyMDU5OWM3YTFiMjI2ZjRhNjQwYzA5NDc4NzVjM2IzOTgxNDZjZTllMDFmMzY,,,,,,,,https://static.bihr.pro/eBihr/Pictures/ART-pictures.zip,,Spain Warehouse (Parts)
1047953,,PAXL-14003,ART,ART COMPLETE REAR SHAFT LEFT,Palier de transmisión trasero izquierdo ART - CFMOTO CF 500 Rancher,254.10,210.00,126.00,PD-PAXL-14003,0,8708509990,0,1,ART shafts perfectly suits OEM standards and do not require any special mounting modification.,ART shafts perfectly suits OEM standards and do not require any special mounting modification.,VEHICLE PARTS & ACCESSORIES,CHASSIS PARTS,CHAS. SERVICE PARTS,,,,,15131,4426,705,147,146,,,,,,,,,,,,,,,,,,,,,,,,,,,,,,,,Trasero izquierdo,,,,,,https://api.mybihr.com/medias/1047953-1-800Wx800H?context=bWFzdGVyfHJvb3R8MzU4NjN8aW1hZ2UvanBlZ3xhR1JtTDJneVlpODRPVGN4TURRMk9UYzNOVFkyTHpFd05EYzVOVE10TVY4NE1EQlhlRGd3TUVnfDM3MWZjOTQ4ZGQyYWEzNjVhYTA5OGJkMTcyNGU2ZWM3ZWZlZDRlZTY4NDU5YTU2Y2JmN2RlMTBkYzUxZDRiNjY,,,,,,,,https://static.bihr.pro/eBihr/Pictures/ART-pictures.zip,,Spain Warehouse (Parts)
1047955,,PAXL-21006,ART,ART COMPLETE REAR SHAFT LEFT,Palier de transmisión trasero izquierdo ART - Kymco,276.24,228.30,136.98,PD-PAXL-21006,0,8708509990,0,1,ART shafts perfectly suits OEM standards and do not require any special mounting modification.,ART shafts perfectly suits OEM standards and do not require any special mounting modification.,VEHICLE PARTS & ACCESSORIES,CHASSIS PARTS,CHAS. SERVICE PARTS,,,,,13979,4668,803,136,128,,,,,,,,,,,,,,,,,,,,,,,,,,,,,,,,Trasero izquierdo,,,,,,https://api.mybihr.com/medias/1047955-1-800Wx800H?context=bWFzdGVyfHJvb3R8MzU4NjN8aW1hZ2UvanBlZ3xhREppTDJnNE1TODRPVGN4TURRM016Y3dOemd5THpFd05EYzVOVFV0TVY4NE1EQlhlRGd3TUVnfDlkZDYxMjFlZTM5OGJkMTE2ZjE5ZTU1ZWQ5ODk5YmRjNDRiY2UxYzY1YzhmMGMyZTM1YTg4MGU0MmFjYWNiMmI,,,,,,,,https://static.bihr.pro/eBihr/Pictures/ART-pictures.zip,,Spain Warehouse (Parts)
1047911,,PAXL-1091,ART,ART COMPLETE FRONT SHAFT RIGHT,Palier de transmisión delantero derecho ART - Yamaha YFM 660F Grizzly,200.26,165.50,99.30,PD-PAXL-1091,2,8708509990,0,1,ART shafts perfectly suits OEM standards and do not require any special mounting modification.,ART shafts perfectly suits OEM standards and do not require any special mounting modification.,VEHICLE PARTS & ACCESSORIES,CHASSIS PARTS,CHAS. SERVICE PARTS,,,,,11871,3964,766,126,123,,,,,,,,,,,,,,,,,,,,,,,,,,,,,,,,,,,,,,https://api.mybihr.com/medias/1047911-1-800Wx800H?context=bWFzdGVyfHJvb3R8MzU4NjN8aW1hZ2UvanBlZ3xhRFptTDJneFlpODRPVGN4TURNNE16a3lNelV3THpFd05EYzVNVEV0TVY4NE1EQlhlRGd3TUVnfDQ0ZDNhMTY0MzM5ZGFlYTgxMjVjZmUyZjFmMDlhNTBlM2UxZTA5ZDc1MjYyNzc4NmYyNTY5N2M5MTJkZjFiNDU,,,,,,,,https://static.bihr.pro/eBihr/Pictures/ART-pictures.zip,,Spain Warehouse (Parts)
1049588,,CSS-2060-755,ART,ART STEERING STEM,Barra dirección ART 755 mm Suzuki LT-Z400 Quadsport,170.40,140.83,84.50,CSS-2060-755,0,8714109090,0,1,<ul> <li>Adapted to 100 mm clamps part # MS6011 (ø22.2 mm handlebar) or MS6012 (ø28.6 mm handlebar)</li> <li>Clamp not included </li></ul>," Adapted to 100 mm clamps part # MS6011 (ø22.2 mm handlebar) or MS6012 (ø28.6 mm handlebar) Clamp not included ",VEHICLE PARTS & ACCESSORIES,CHASSIS PARTS,CHAS. SERVICE PARTS,,,,,12320,2350,800,140,110,,,,,,,,,,,,,,,,,,Acero,,,,,,,,,,,,,,,,,,,,https://api.mybihr.com/medias/1049588-1-800Wx800H?context=bWFzdGVyfHJvb3R8MjY4MDB8aW1hZ2UvanBlZ3xhRFExTDJnd01TODRPVGN4TWpJNU1UQXlNVEV3THpFd05EazFPRGd0TVY4NE1EQlhlRGd3TUVnfGRlODgyYjlhMTliMTI4MTdiNmQ5Yjg5OWEzMWQwMDYxZmIwZmIxMGE4YmQ2ZGZlMTIxODY3NzIwYmJiMGJlNjM,,,,,,,,https://static.bihr.pro/eBihr/Pictures/ART-pictures.zip,,Spain Warehouse (Parts)
1049592,,AXL-2060-1020,ART,ART WHEEL AXLE,Eje ART + 2'' ATV,341.83,282.50,169.50,AXL-2060,0,8708509990,0,1,"<p>ART wheel axles are forged with Japanes quality steel and finished with the finest chrome plating.</p> <ul> <li>2"" wider</li> <li>Delivered with a spacers set (21 x 21 mm) and axle end nuts </li> <li>Axle only, re-use of OEM parts </li></ul>","
ART wheel axles are forged with Japanes quality steel and finished with the finest chrome plating.  2"" wider Delivered with a spacers set (21 x 21 mm) and axle end nuts  Axle only, re-use of OEM parts ",VEHICLE PARTS & ACCESSORIES,CHASSIS PARTS,CHAS. SERVICE PARTS,,,,,8208,7050,1080,95,80,,,,,,,,,,,,,,,,,,Acero,,,,,,,,,,,,,,,,,,,,https://api.mybihr.com/medias/1049592-1-800Wx800H?context=bWFzdGVyfHJvb3R8MjQwMjl8aW1hZ2UvanBlZ3xhRE00TDJobFl5ODRPVGN4TWpNd01EZzFNVFV3THpFd05EazFPVEl0TVY4NE1EQlhlRGd3TUVnfGI0NmE2YzZlOTY0Y2E0NWU4MWVmMDcyYjVhYjI5OTE0YTJlY2NmYTBmYzM2YjM0MjRjNDEyOTlhYzZhNTYyOTg,https://api.mybihr.com/medias/1049592-2-800Wx800H?context=bWFzdGVyfHJvb3R8OTIwNDJ8aW1hZ2UvanBlZ3xhRFk0TDJobE5TODRPVGN4TWpNd01qZ3hOelU0THpFd05EazFPVEl0TWw4NE1EQlhlRGd3TUVnfDRjMjk1MTI2YTBkNDhmMzNjYThiYmNhNTQ0N2ZjNjNkY2MwMzUzZjBmMmY4NjAzNWRmYmVlOGRmNTNlOTlkZTI,,,,,,,https://static.bihr.pro/eBihr/Pictures/ART-pictures.zip,,Spain Warehouse (Parts)
1049594,,AXL-1920-1020,ART,ART WHEEL AXLE,Eje ART  +2'' Yamaha YFM250R Raptor,341.83,282.50,169.50,AXL-1920-1020,0,8708509990,0,1,"<p>ART wheel axles are forged with Japanes quality steel and finished with the finest chrome plating.</p> <ul> <li>2"" wider</li> <li>Delivered with a spacers set (21 x 21 mm) and axle end nuts</li> <li>Axle only, re-use of OEM parts </li></ul>","
ART wheel axles are forged with Japanes quality steel and finished with the finest chrome plating.  2"" wider Delivered with a spacers set (21 x 21 mm) and axle end nuts Axle only, re-use of OEM parts ",VEHICLE PARTS & ACCESSORIES,CHASSIS PARTS,CHAS. SERVICE PARTS,,,,,8025,6600,1070,100,75,,,,,,,,,,,,,,,,,,Acero,,,,,,,,,,,,,,,,,,,,https://api.mybihr.com/medias/1049594-1-800Wx800H?context=bWFzdGVyfHJvb3R8MjQwMjl8aW1hZ2UvanBlZ3xhREJoTDJoa01TODRPVGN4TWpNd09EY3hOVGd5THpFd05EazFPVFF0TVY4NE1EQlhlRGd3TUVnfGIyMGZlNzI1YjVhYWE5ZDg5MDUxNTgxOTU2MDRlOTQ2NzM3YTNhMzNjNTg1OTgwN2M1OWVlOTAwMmE5NmNmZDA,https://api.mybihr.com/medias/1049594-2-800Wx800H?context=bWFzdGVyfHJvb3R8OTIwNDJ8aW1hZ2UvanBlZ3xhR0V4TDJnNE1pODRPVGN4TWpNeE1EWTRNVGt3THpFd05EazFPVFF0TWw4NE1EQlhlRGd3TUVnfDk5MjViZjI1OGNhZWUzYmZiMDY1MmMxN2I3NDgzMmU2ODNkZTkwNTQzYzY0MTc4Zjk0MTQ1NTFkMDFiNTkzOWQ,,,,,,,https://static.bihr.pro/eBihr/Pictures/ART-pictures.zip,,Spain Warehouse (Parts)
1049598,,AXL-1990-1022,ART,ART WHEEL AXLE,Eje ART +2'' Yamaha YFZ450,341.83,282.50,169.50,AXL-1990-1022,0,8708509990,0,1,"<p>ART wheel axles are forged with Japanes quality steel and finished with the finest chrome plating.</p> <ul> <li>2"" wider</li> <li>Delivered with a spacers set (21 x 21 mm) and axle end nuts</li> <li>Axle only, re-use of OEM parts </li></ul>","
ART wheel axles are forged with Japanes quality steel and finished with the finest chrome plating.  2"" wider Delivered with a spacers set (21 x 21 mm) and axle end nuts Axle only, re-use of OEM parts ",VEHICLE PARTS & ACCESSORIES,CHASSIS PARTS,CHAS. SERVICE PARTS,,,,,8667,6600,1070,90,90,,,,,,,,,,,,,,,,,,Acero,,,,,,,,,,,,,,,,,,,,https://api.mybihr.com/medias/1049598-1-800Wx800H?context=bWFzdGVyfHJvb3R8MjQwMjl8aW1hZ2UvanBlZ3xhRFpoTDJnd1lpODRPVGN4TWpNeU5EUTBORFEyTHpFd05EazFPVGd0TVY4NE1EQlhlRGd3TUVnfDEyN2IwZmNkYWQzZThlYjMxYzRhMjQyMTYwMTkyMzdiMjM1MTRiMmZhZjZkMTk3ZjIxOWIwOTJhMzU5OTY3NWM,https://api.mybihr.com/medias/1049598-2-800Wx800H?context=bWFzdGVyfHJvb3R8OTIwNDJ8aW1hZ2UvanBlZ3xhRGxoTDJnd05DODRPVGN4TWpNeU5qUXhNRFUwTHpFd05EazFPVGd0TWw4NE1EQlhlRGd3TUVnfDBjMmZlYjAxNzU1ZmVhNjM3NDExNWFjN2YzZTQ3OGQ2ZmYyNGY2OTg4ZTZkNDg5ODFiNjgwZDAwYWEyOWUyMDg,,,,,,,https://static.bihr.pro/eBihr/Pictures/ART-pictures.zip,,Spain Warehouse (Parts)
1049582,,CSS-192-633,ART,ART STEERING STEM,Barra dirección ART 633 mm Yamaha YFM250R Raptor,170.40,140.83,84.50,CSS-192-633,1,8714109090,0,1,<ul> <li>Adapted to 100 mm clamps part # MS6011 (ø22.2 mm handlebar) or MS6012 (ø28.6 mm handlebar)</li> <li>Clamp not included </li></ul>," Adapted to 100 mm clamps part # MS6011 (ø22.2 mm handlebar) or MS6012 (ø28.6 mm handlebar) Clamp not included ",VEHICLE PARTS & ACCESSORIES,CHASSIS PARTS,CHAS. SERVICE PARTS,,,,,12320,2150,800,140,110,,,,,,,,,,,,,,,,,,Acero,,,,,,,,,,,,,,,,,,,,https://api.mybihr.com/medias/1049582-1-800Wx800H?context=bWFzdGVyfHJvb3R8MjY4MDB8aW1hZ2UvanBlZ3xhRFU0TDJoaU9TODRPVGN4TWpJM09USXlORFl5THpFd05EazFPREl0TVY4NE1EQlhlRGd3TUVnfDFkMjUyYTU1YzM3N2Q2ZjA2YWMyNjA5OTMyMDc3N2E0ZDRiMTIyOTVkODE0NmJlOGY3MDk4YWRkOWZiNzNlYTg,,,,,,,,https://static.bihr.pro/eBihr/Pictures/ART-pictures.zip,,Spain Warehouse (Parts)
1047851,,PAXL-6055,ART,ART COMPLETE FRONT SHAFT,Palier de transmisión ART - Polaris,220.70,182.40,109.44,CAR10420,0,8708509990,0,1,ART shafts perfectly suits OEM standards and do not require any special mounting modification.,ART shafts perfectly suits OEM standards and do not require any special mounting modification.,VEHICLE PARTS & ACCESSORIES,CHASSIS PARTS,CHAS. SERVICE PARTS,,,,,11561,4540,758,124,123,,,,,,,,,,,,,,,,,,,,,,,,,,,,,,,,Delantero,,,,,,https://api.mybihr.com/medias/1047851-1-800Wx800H?context=bWFzdGVyfHJvb3R8MzU4NjN8aW1hZ2UvanBlZ3xhR0ZrTDJnM015ODRPVGN4TURJMk1qQXlOalUwTHpFd05EYzROVEV0TVY4NE1EQlhlRGd3TUVnfDMwODRkYzA2YTc0YTYyYzA1MGY4ZTRkMDIxNjI5MjQxOGIzNGM4YTJhYTg5YzI2NGQzZGM2NzhlMjZhMTc0YWU,,,,,,,,https://static.bihr.pro/eBihr/Pictures/ART-pictures.zip,,Spain Warehouse (Parts)
1049583,,CSS-1990-650,ART,ART STEERING STEM,Barra dirección ART 650 mm Yamaha,170.40,140.83,84.50,CSS-1990-650,0,8714109090,0,1,<ul> <li>Adapted to 100 mm clamps part # MS6011 (ø22.2 mm handlebar) or MS6012 (ø28.6 mm handlebar)</li> <li>Clamp not included </li></ul>," Adapted to 100 mm clamps part # MS6011 (ø22.2 mm handlebar) or MS6012 (ø28.6 mm handlebar) Clamp not included ",VEHICLE PARTS & ACCESSORIES,CHASSIS PARTS,CHAS. SERVICE PARTS,,,,,6132,1850,730,140,60,,,,,,,,,,,,,,,,,,Acero,,,,,,,,,,,,,,,,,,,,https://api.mybihr.com/medias/1049583-1-800Wx800H?context=bWFzdGVyfHJvb3R8MjY4MDB8aW1hZ2UvanBlZ3xhR1ZtTDJnMllTODRPVGN4TWpJNE1URTVNRGN3THpFd05EazFPRE10TVY4NE1EQlhlRGd3TUVnfDY0ZjQxNjMzYjRjYTEyZmM0NWYxNzQ4ZWYyMzIyM2ZmNTJmNDkwYWYxZTQ4NjQ2ZTgwZTNiMmJkMzdjMzY3MDI,,,,,,,,https://static.bihr.pro/eBihr/Pictures/ART-pictures.zip,,Spain Warehouse (Parts)
1042191,MS2109,AXL-2060-W/HUB,ART,ART WHEEL AXLE,"Eje de rueda + 2"" ART Suzuki LT-Z400 Quadsport",389.00,321.49,208.97,AXL-2060-W/HUB,0,8708509990,0,1,"<p>ART wheel axles are forged with Japanes quality steel and finished with the finest chrome plating.</p> <ul> <li>2"" wider </li> <li>Delivered with a spacers set (21 x 21 mm) and axle end nuts</li> <li>Axle + axle wheel hub, re-use of OEM parts </li></ul>","
ART wheel axles are forged with Japanes quality steel and finished with the finest chrome plating.  2"" wider  Delivered with a spacers set (21 x 21 mm) and axle end nuts Axle + axle wheel hub, re-use of OEM parts ",VEHICLE PARTS & ACCESSORIES,CHASSIS PARTS,CHAS. SERVICE PARTS,,,,,23976,7850,1110,160,135,,,,,,,,,,,,,,,,,,Acero,,,,,,,,,,,,,,,,,,,,https://api.mybihr.com/medias/1042191-1-800Wx800H?context=bWFzdGVyfHJvb3R8MjQwMjl8aW1hZ2UvanBlZ3xhRGN4TDJnME1pODRPVGN3TWpNMk56VTFPVGs0THpFd05ESXhPVEV0TVY4NE1EQlhlRGd3TUVnfDllNDAwNmEyN2EyMWI1MWU4M2NjZmVlN2ViYzQ3ZWNlMTA1ZWVhZGNlN2U0Mjc4ZTQ5MjNmYmQ3MWQxNzVjOWI,https://api.mybihr.com/medias/1042191-2-800Wx800H?context=bWFzdGVyfHJvb3R8OTIwNDJ8aW1hZ2UvanBlZ3xhR0V3TDJnellpODRPVGN3TWpNMk9UVXlOakEyTHpFd05ESXhPVEV0TWw4NE1EQlhlRGd3TUVnfDdmOGUwOGQ4Yzg0NTVmZGVjYzVhNzE5M2QwMzk5YjY3NTMyYzU5NjM0NDhmMjRhODRiNDQyNWU2ZGRhMWQ3OTA,,,,,,,https://static.bihr.pro/eBihr/Pictures/ART-pictures.zip,,Spain Warehouse (Parts)
1047864,,PAXL-6047,ART,ART COMPLETE FRONT SHAFT,Palier de transmisión ART - Polaris Sportsman 850 XP,214.29,177.10,106.26,PD-PAXL-6047,0,8708509990,0,1,ART shafts perfectly suits OEM standards and do not require any special mounting modification.,ART shafts perfectly suits OEM standards and do not require any special mounting modification.,VEHICLE PARTS & ACCESSORIES,CHASSIS PARTS,CHAS. SERVICE PARTS,,,,,11871,4552,766,126,123,,,,,,,,,,,,,,,,,,,,,,,,,,,,,,,,Delantero,,,,,,https://api.mybihr.com/medias/1047864-1-800Wx800H?context=bWFzdGVyfHJvb3R8MzU4NjN8aW1hZ2UvanBlZ3xhREUyTDJoaE55ODRPVGN4TURJNE56VTROVFU0THpFd05EYzROalF0TVY4NE1EQlhlRGd3TUVnfDc3Yzg5MzRkMTNiYWVhN2FiNGE5ODY1YmJmMGU0YTcwNGQwZmMyOWI0MGM2NzVlNTA1ZjEzNGM1YWFjNTgxZTI,,,,,,,,https://static.bihr.pro/eBihr/Pictures/ART-pictures.zip,,Spain Warehouse (Parts)
1047865,,PAXL-1125,ART,ART COMPLETE FRONT SHAFT,Palier de transmisión ART - Suzuki,206.18,170.40,102.24,PD-PAXL-1125,0,8708509990,0,1,ART shafts perfectly suits OEM standards and do not require any special mounting modification.,ART shafts perfectly suits OEM standards and do not require any special mounting modification.,VEHICLE PARTS & ACCESSORIES,CHASSIS PARTS,CHAS. SERVICE PARTS,,,,,9949,3593,759,116,113,,,,,,,,,,,,,,,,,,,,,,,,,,,,,,,,Delantero,,,,,,https://api.mybihr.com/medias/1047865-1-800Wx800H?context=bWFzdGVyfHJvb3R8MzU4NjN8aW1hZ2UvanBlZ3xhRFEyTDJoaE1DODRPVGN4TURJNE9UVTFNVFkyTHpFd05EYzROalV0TVY4NE1EQlhlRGd3TUVnfGYxNDIyYTVmNzA5NWM0N2I3Zjk0NDlmMzVlMTIxM2JlYmVkMWZjNDNmYmY4NmJiNTA2Y2RlMWE5YmI1YmE4NzE,,,,,,,,https://static.bihr.pro/eBihr/Pictures/ART-pictures.zip,,Spain Warehouse (Parts)
1047870,,PAXL-1139,ART,ART COMPLETE FRONT SHAFT,Palier de transmisión ART - Yamaha YFM700 Grizzly,194.57,160.80,96.48,CAR10612,0,8708509990,0,1,ART shafts perfectly suits OEM standards and do not require any special mounting modification.,ART shafts perfectly suits OEM standards and do not require any special mounting modification.,VEHICLE PARTS & ACCESSORIES,CHASSIS PARTS,CHAS. SERVICE PARTS,,,,,5965,3239,635,101,93,,,,,,,,,,,,,,,,,,,,,,,,,,,,,,,,Delantero,,,,,,https://api.mybihr.com/medias/1047870-1-800Wx800H?context=bWFzdGVyfHJvb3R8MzU4NjN8aW1hZ2UvanBlZ3xhRGt4TDJoak5TODRPVGN4TURNd01UTTBPREUwTHpFd05EYzROekF0TVY4NE1EQlhlRGd3TUVnfGJlY2Y3ZTMxZDg1NmIxNDEwOWZjNjA4NzYxNGJmOGI3ZmI5YjljM2IzZDRlNzZiYzM5MzhjMzcyMDNhZWU4ZGU,,,,,,,,https://static.bihr.pro/eBihr/Pictures/ART-pictures.zip,,Spain Warehouse (Parts)
1047871,,PAXL-8016,ART,ART COMPLETE FRONT SHAFT,Palier de transmisión ART - Yamaha YFM700 Grizzly,184.77,152.70,91.62,3661738009573,0,8708505590,0,1,"<html> <head> <meta http-equiv=""Content-Type"" content=""text/html; charset=utf-8""><title> </title> <style type=""text/css"">.cs95E872D0{text-align:left;margin:0pt 0pt 0pt 0pt;}.csA7555675{color:#000;background-color:transparent;font-weight:normal;font-style:normal;}</style> </head> <body> <p>ART shafts perfectly suits OEM standards and do not require any special mounting modification.</p></body> </html>","       ART shafts perfectly suits OEM standards and do not require any special mounting modification. ",VEHICLE PARTS & ACCESSORIES,CHASSIS PARTS,CHAS. SERVICE PARTS,,,,,11871,3865,766,126,123,,,,,,,,,,,,,,,,,,,,,,,,,,,,,,,,Delantero,,,,,,https://api.mybihr.com/medias/1047871-1-800Wx800H?context=bWFzdGVyfHJvb3R8MzU4ODd8aW1hZ2UvanBlZ3xhRFl5TDJoall5ODRPVGN4TURNd016TXhOREl5THpFd05EYzROekV0TVY4NE1EQlhlRGd3TUVnfGFiMGYzNWQ3ZWQ0Yzk4Y2ExMDkyOWE5MGQzZjMyNmY3ZjRmZTc3NGMxZjA2YmJlOWNjYWY2MjJmODMyOGM1YTQ,,,,,,,,https://static.bihr.pro/eBihr/Pictures/ART-pictures.zip,,Spain Warehouse (Parts)
1047875,,PAXL-2015,ART,ART COMPLETE FRONT SHAFT LEFT,Palier de transmisión delantero izquierdo ART - Arctic Cat,177.51,146.70,88.02,PD-PAXL-1147,0,8708509990,0,1,ART shafts perfectly suits OEM standards and do not require any special mounting modification.,ART shafts perfectly suits OEM standards and do not require any special mounting modification.,VEHICLE PARTS & ACCESSORIES,CHASSIS PARTS,CHAS. SERVICE PARTS,,,,,12578,4332,762,131,126,,,,,,,,,,,,,,,,,,,,,,,,,,,,,,,,Delantero Izquierdo,,,,,,https://api.mybihr.com/medias/1047875-1-800Wx800H?context=bWFzdGVyfHJvb3R8MzU4NjN8aW1hZ2UvanBlZ3xhR1EzTDJoa01DODRPVGN4TURNeE1URTNPRFUwTHpFd05EYzROelV0TVY4NE1EQlhlRGd3TUVnfGVkNTJmNTE5YzU3YTkyNTAxNDBjNTM4MDEzOGYzMDUxYWE4NzM4MTZhOWI5YmRiNGIzOTQyNWFkMzI5Y2NjZTk,,,,,,,,https://static.bihr.pro/eBihr/Pictures/ART-pictures.zip,,Spain Warehouse (Parts)
1047879,,PAXL-3038,ART,ART COMPLETE FRONT SHAFT LEFT,Palier de transmisión delantero izquierdo ART - Can Am X3 XRS,210.42,173.90,104.34,43100013,0,8708509990,0,1,"<html> <head> <meta http-equiv=""Content-Type"" content=""text/html; charset=utf-8""><title> </title> <style type=""text/css"">.cs95E872D0{text-align:left;margin:0pt 0pt 0pt 0pt;}.csA7555675{color:#000;background-color:transparent;font-weight:normal;font-style:normal;}</style> </head> <body> <p>ART shafts perfectly suits OEM standards and do not require any special mounting modification.</p></body> </html>","       ART shafts perfectly suits OEM standards and do not require any special mounting modification. ",VEHICLE PARTS & ACCESSORIES,CHASSIS PARTS,CHAS. SERVICE PARTS,,,,,15703,6000,1005,125,125,,,,,,,,,,,,,,,,,,,,,,,,,,,,,,,,Delantero Izquierdo,,,,,,https://api.mybihr.com/medias/1047879-1-800Wx800H?context=bWFzdGVyfHJvb3R8MzU4ODd8aW1hZ2UvanBlZ3xhR0U1TDJoaU5TODRPVGN4TURNeE9UQTBNamcyTHpFd05EYzROemt0TVY4NE1EQlhlRGd3TUVnfDZjMTJmN2VhYzRhZmM4MmE1NjFhZTcyOTVmODQ2ZjM5MDU2ZmVkNTI5ZDQxMzYwMzA2YzM3MDVhZjAxNjY3MDU,,,,,,,,https://static.bihr.pro/eBihr/Pictures/ART-pictures.zip,,Spain Warehouse (Parts)
1047882,,PAXL-3001,ART,ART COMPLETE FRONT SHAFT LEFT,Palier de transmisión delantero izquierdo ART - Can-Am Commander 800/1000,216.11,178.60,107.16,PD-PAXL-3001,0,8708509990,0,1,ART shafts perfectly suits OEM standards and do not require any special mounting modification.,ART shafts perfectly suits OEM standards and do not require any special mounting modification.,VEHICLE PARTS & ACCESSORIES,CHASSIS PARTS,CHAS. SERVICE PARTS,,,,,15997,4853,711,151,149,,,,,,,,,,,,,,,,,,,,,,,,,,,,,,,,Delantero Izquierdo,,,,,,https://api.mybihr.com/medias/1047882-1-800Wx800H?context=bWFzdGVyfHJvb3R8MzU4NjN8aW1hZ2UvanBlZ3xhR1ZtTDJnMVlpODRPVGN4TURNeU5EazBNVEV3THpFd05EYzRPREl0TVY4NE1EQlhlRGd3TUVnfGIwYzUzY2JmZGU3YzQ5YzdmMDBhNTU5YTQ1MzQ4NjMxYTk3MGM5OTA4M2Y5MDg3YzExOTVjYzgxNDZlYTBlNjY,,,,,,,,https://static.bihr.pro/eBihr/Pictures/ART-pictures.zip,,Spain Warehouse (Parts)
1047886,,PAXL-1105,ART,ART COMPLETE FRONT SHAFT LEFT,Palier de transmisión delantero izquierdo ART - Kawasaki,198.68,164.20,98.52,PD-PAXL-1105,0,8708509990,0,1,ART shafts perfectly suits OEM standards and do not require any special mounting modification.,ART shafts perfectly suits OEM standards and do not require any special mounting modification.,VEHICLE PARTS & ACCESSORIES,CHASSIS PARTS,CHAS. SERVICE PARTS,,,,,8987,3199,614,123,119,,,,,,,,,,,,,,,,,,,,,,,,,,,,,,,,Delantero Izquierdo,,,,,,https://api.mybihr.com/medias/1047886-1-800Wx800H?context=bWFzdGVyfHJvb3R8MzU4NjN8aW1hZ2UvanBlZ3xhR1U1TDJnd05pODRPVGN4TURNek1qZ3dOVFF5THpFd05EYzRPRFl0TVY4NE1EQlhlRGd3TUVnfDk1YTAzNGY0NTQ4OWM4ZGUwYzVhYTkzNzNmNjU1OTMwNzZmNzdmZWExYjc0MmE4ODlmNDJiMDMxNzBlNzI3NDY,,,,,,,,https://static.bihr.pro/eBihr/Pictures/ART-pictures.zip,,Spain Warehouse (Parts)
1047852,,PAXL-6068,ART,ART COMPLETE FRONT SHAFT,Palier de transmisión ART - Polaris ACE 325/570,217.20,179.50,107.70,3661738009559,0,8708505590,0,1,"<html> <head> <meta http-equiv=""Content-Type"" content=""text/html; charset=utf-8""><title> </title> <style type=""text/css"">.cs95E872D0{text-align:left;margin:0pt 0pt 0pt 0pt;}.csA7555675{color:#000;background-color:transparent;font-weight:normal;font-style:normal;}</style> </head> <body> <p>ART shafts perfectly suits OEM standards and do not require any special mounting modification.</p></body> </html>","       ART shafts perfectly suits OEM standards and do not require any special mounting modification. ",VEHICLE PARTS & ACCESSORIES,CHASSIS PARTS,CHAS. SERVICE PARTS,,,,,12193,4865,756,126,128,,,,,,,,,,,,,,,,,,,,,,,,,,,,,,,,Delantero,,,,,,https://api.mybihr.com/medias/1047852-1-800Wx800H?context=bWFzdGVyfHJvb3R8MzU4ODd8aW1hZ2UvanBlZ3xhREZoTDJnM09DODRPVGN4TURJMk16azVNall5THpFd05EYzROVEl0TVY4NE1EQlhlRGd3TUVnfDgxM2M3NTIxNGMwMzFmOTNkOGMwODdiODM3ZGYzNjA3MjA1NTY4MjViYjNkM2RlMWUxMjI2MDFhM2MxZmJlY2Y,,,,,,,,https://static.bihr.pro/eBihr/Pictures/ART-pictures.zip,,Spain Warehouse (Parts)
1047854,,PAXL-6009,ART,ART COMPLETE FRONT SHAFT,Palier de transmisión ART - Polaris Ranger 900,189.85,156.90,94.14,43100004,0,8708509990,0,1,"<html> <head> <meta http-equiv=""Content-Type"" content=""text/html; charset=utf-8""><title> </title> <style type=""text/css"">.cs95E872D0{text-align:left;margin:0pt 0pt 0pt 0pt;}.csA7555675{color:#000;background-color:transparent;font-weight:normal;font-style:normal;}</style> </head> <body> <p>ART shafts perfectly suits OEM standards and do not require any special mounting modification.</p></body> </html>","       ART shafts perfectly suits OEM standards and do not require any special mounting modification. ",VEHICLE PARTS & ACCESSORIES,CHASSIS PARTS,CHAS. SERVICE PARTS,,,,,11576,4873,759,124,123,,,,,,,,,,,,,,,,,,,,,,,,,,,,,,,,Delantero,,,,,,https://api.mybihr.com/medias/1047854-1-800Wx800H?context=bWFzdGVyfHJvb3R8MzU4ODd8aW1hZ2UvanBlZ3xhR0ppTDJnNE5TODRPVGN4TURJMk56a3lORGM0THpFd05EYzROVFF0TVY4NE1EQlhlRGd3TUVnfDRjNmJjOTY2MzhhNTYwOTRhY2Q4MTIzYzEyNWUwMGUyZGQyNGNkN2RmMDAxMmNjMmQ1ZTMwY2JkNjdjZDM4NDE,,,,,,,,https://static.bihr.pro/eBihr/Pictures/ART-pictures.zip,,Spain Warehouse (Parts)
1047857,,PAXL-6074,ART,ART COMPLETE FRONT SHAFT,Palier de transmisión ART - Polaris RZR 1000 Turbo,223.37,184.60,110.76,43100014,0,8708509990,0,1,"<html> <head> <meta http-equiv=""Content-Type"" content=""text/html; charset=utf-8""><title> </title> <style type=""text/css"">.cs95E872D0{text-align:left;margin:0pt 0pt 0pt 0pt;}.csA7555675{color:#000;background-color:transparent;font-weight:normal;font-style:normal;}</style> </head> <body> <p>ART shafts perfectly suits OEM standards and do not require any special mounting modification.</p></body> </html>","       ART shafts perfectly suits OEM standards and do not require any special mounting modification. ",VEHICLE PARTS & ACCESSORIES,CHASSIS PARTS,CHAS. SERVICE PARTS,,,,,12407,6386,770,131,123,,,,,,,,,,,,,,,,,,,,,,,,,,,,,,,,Delantero,,,,,,https://api.mybihr.com/medias/1047857-1-800Wx800H?context=bWFzdGVyfHJvb3R8MzU4ODd8aW1hZ2UvanBlZ3xhR00wTDJobE1TODRPVGN4TURJM016Z3lNekF5THpFd05EYzROVGN0TVY4NE1EQlhlRGd3TUVnfDY0ZGEyOWQ4Zjg2ZGVhOGNlN2Q4NTIzYzhiZGUzZDVjZTZiMjMwMmQ0NDgwMjY2Y2JiMGU0NjNlMDdlMWMzMDM,,,,,,,,https://static.bihr.pro/eBihr/Pictures/ART-pictures.zip,,Spain Warehouse (Parts)
1047861,,PAXL-6061,ART,ART COMPLETE FRONT SHAFT,Palier de transmisión ART - Polaris RZR 900/900S,222.40,183.80,110.28,3661738009535,0,8708505590,0,1,"<html> <head> <meta http-equiv=""Content-Type"" content=""text/html; charset=utf-8""><title> </title> <style type=""text/css"">.cs95E872D0{text-align:left;margin:0pt 0pt 0pt 0pt;}.csA7555675{color:#000;background-color:transparent;font-weight:normal;font-style:normal;}</style> </head> <body> <p>ART shafts perfectly suits OEM standards and do not require any special mounting modification.</p></body> </html>","       ART shafts perfectly suits OEM standards and do not require any special mounting modification. ",VEHICLE PARTS & ACCESSORIES,CHASSIS PARTS,CHAS. SERVICE PARTS,,,,,12177,6002,767,126,126,,,,,,,,,,,,,,,,,,,,,,,,,,,,,,,,Delantero,,,,,,https://api.mybihr.com/medias/1047861-1-800Wx800H?context=bWFzdGVyfHJvb3R8MzU4ODd8aW1hZ2UvanBlZ3xhRGMwTDJoaVlpODRPVGN4TURJNE1UWTROek0wTHpFd05EYzROakV0TVY4NE1EQlhlRGd3TUVnfDZkZGRmNzk1NTRmNDBmNzg2MDliNzkzYzVjNTk3NDVjYzZlNTdhNDUzYmNjMGFlMDY0ODY5ZmJmMWMzNmM4NGU,,,,,,,,https://static.bihr.pro/eBihr/Pictures/ART-pictures.zip,,Spain Warehouse (Parts)
1047963,,PAXL-21008,ART,ART COMPLETE REAR SHAFT RIGHT,Palier de transmisión trasero derecho ART - Kymco,294.64,243.50,146.10,PD-PAXL-21008,0,8708509990,0,1,ART shafts perfectly suits OEM standards and do not require any special mounting modification.,ART shafts perfectly suits OEM standards and do not require any special mounting modification.,VEHICLE PARTS & ACCESSORIES,CHASSIS PARTS,CHAS. SERVICE PARTS,,,,,13790,4510,804,134,128,,,,,,,,,,,,,,,,,,,,,,,,,,,,,,,,Trasero derecho,,,,,,https://api.mybihr.com/medias/1047963-1-800Wx800H?context=bWFzdGVyfHJvb3R8MzU4NjN8aW1hZ2UvanBlZ3xhREl3TDJobVppODRPVGN4TURRNE9UUXpOalEyTHpFd05EYzVOak10TVY4NE1EQlhlRGd3TUVnfDJkZjZjNjgxM2RhM2ZhMTg1M2ZmOTY1NGEwNTg1ZDkzNmUwOWU0Y2M5ODg4ZGJhMWI0MTJmMjVkNDE5NjUzYTE,,,,,,,,https://static.bihr.pro/eBihr/Pictures/ART-pictures.zip,,Spain Warehouse (Parts)
1047919,,PAXL-2020,ART,ART COMPLETE REAR SHAFT,Palier de transmisión trasero ART - Arctic Cat XR500/550/700,231.11,191.00,114.60,3661738009412,0,8708505590,0,1,"<html> <head> <meta http-equiv=""Content-Type"" content=""text/html; charset=utf-8""><title> </title> <style type=""text/css"">.cs95E872D0{text-align:left;margin:0pt 0pt 0pt 0pt;}.csA7555675{color:#000;background-color:transparent;font-weight:normal;font-style:normal;}</style> </head> <body> <p>ART shafts perfectly suits OEM standards and do not require any special mounting modification.</p></body> </html>","       ART shafts perfectly suits OEM standards and do not require any special mounting modification. ",VEHICLE PARTS & ACCESSORIES,CHASSIS PARTS,CHAS. SERVICE PARTS,,,,,11500,4490,754,124,123,,,,,,,,,,,,,,,,,,,,,,,,,,,,,,,,Trasero,,,,,,https://api.mybihr.com/medias/1047919-1-800Wx800H?context=bWFzdGVyfHJvb3R8MzU4ODd8aW1hZ2UvanBlZ3xhRFkwTDJnNU9TODRPVGN4TURNNU9UWTFNakUwTHpFd05EYzVNVGt0TVY4NE1EQlhlRGd3TUVnfGQxYmUyNDc4NDNmNjg2OTIwM2E1NGNhOGZjMmQwYzMwYmI4ODg1OWZkNGEwNjg5OGQyNWMyMjc2OGJiMDNhMDU,,,,,,,,https://static.bihr.pro/eBihr/Pictures/ART-pictures.zip,,Spain Warehouse (Parts)
1047922,,PAXL-3020,ART,ART COMPLETE REAR SHAFT,Palier de transmisión trasero ART - Can Am Maverick,255.07,210.80,126.48,43100025,0,8708509990,0,1,"<html> <head> <meta http-equiv=""Content-Type"" content=""text/html; charset=utf-8""><title> </title> <style type=""text/css"">.cs95E872D0{text-align:left;margin:0pt 0pt 0pt 0pt;}.csA7555675{color:#000;background-color:transparent;font-weight:normal;font-style:normal;}</style> </head> <body> <p>ART shafts perfectly suits OEM standards and do not require any special mounting modification.</p></body> </html>","       ART shafts perfectly suits OEM standards and do not require any special mounting modification. ",VEHICLE PARTS & ACCESSORIES,CHASSIS PARTS,CHAS. SERVICE PARTS,,,,,11999,6868,768,124,126,,,,,,,,,,,,,,,,,,,,,,,,,,,,,,,,Trasero,,,,,,https://api.mybihr.com/medias/1047922-1-800Wx800H?context=bWFzdGVyfHJvb3R8MzU4ODd8aW1hZ2UvanBlZ3xhR05qTDJnMVl5ODRPVGN4TURRd05UVTFNRE00THpFd05EYzVNakl0TVY4NE1EQlhlRGd3TUVnfGYzZDk2N2Q4ZWRjNTgyN2E0MTFlZDI5OWJhYzEyMzFkNDU3ZGZmMTEyN2Y0ZjRkMTYyYjVlNDlmODk0NjY2ZWQ,,,,,,,,https://static.bihr.pro/eBihr/Pictures/ART-pictures.zip,,Spain Warehouse (Parts)
1047925,,PAXL-3015,ART,ART COMPLETE REAR SHAFT,Palier de transmisión trasero ART - Can Am Maverick 1000R/1000 X MR/MAX X DS,272.25,225.00,135.00,3661738009481,0,8708505590,0,1,"<html> <head> <meta http-equiv=""Content-Type"" content=""text/html; charset=utf-8""><title> </title> <style type=""text/css"">.cs95E872D0{text-align:left;margin:0pt 0pt 0pt 0pt;}.csA7555675{color:#000;background-color:transparent;font-weight:normal;font-style:normal;}</style> </head> <body> <p>ART shafts perfectly suits OEM standards and do not require any special mounting modification.</p></body> </html>","       ART shafts perfectly suits OEM standards and do not require any special mounting modification. ",VEHICLE PARTS & ACCESSORIES,CHASSIS PARTS,CHAS. SERVICE PARTS,,,,,11995,6802,774,126,123,,,,,,,,,,,,,,,,,,,,,,,,,,,,,,,,Trasero,,,,,,https://api.mybihr.com/medias/1047925-1-800Wx800H?context=bWFzdGVyfHJvb3R8MzU4ODd8aW1hZ2UvanBlZ3xhR016TDJnd01DODRPVGN4TURReE1UUTBPRFl5THpFd05EYzVNalV0TVY4NE1EQlhlRGd3TUVnfDkwMjRjNGNhMzZkYzMzZjRhMmRlMTYwNTQxN2E3YWFlOGRkZjMwYzQyMjNlYmY2MjgwNmI2NjdlODI1NWM0OTg,,,,,,,,https://static.bihr.pro/eBihr/Pictures/ART-pictures.zip,,Spain Warehouse (Parts)
1047928,,PAXL-3040,ART,ART COMPLETE REAR SHAFT,Palier de transmisión trasero ART - Can Am X3 XRS,242.00,200.00,120.00,43100006,0,8708509990,0,1,"<html> <head> <meta http-equiv=""Content-Type"" content=""text/html; charset=utf-8""><title> </title> <style type=""text/css"">.cs95E872D0{text-align:left;margin:0pt 0pt 0pt 0pt;}.csA7555675{color:#000;background-color:transparent;font-weight:normal;font-style:normal;}</style> </head> <body> <p>ART shafts perfectly suits OEM standards and do not require any special mounting modification.</p></body> </html>","       ART shafts perfectly suits OEM standards and do not require any special mounting modification. ",VEHICLE PARTS & ACCESSORIES,CHASSIS PARTS,CHAS. SERVICE PARTS,,,,,15703,6000,1005,125,125,,,,,,,,,,,,,,,,,,,,,,,,,,,,,,,,Trasero,,,,,,https://api.mybihr.com/medias/1047928-1-800Wx800H?context=bWFzdGVyfHJvb3R8MzU4ODd8aW1hZ2UvanBlZ3xhRGxoTDJneE15ODRPVGN4TURReE56TTBOamcyTHpFd05EYzVNamd0TVY4NE1EQlhlRGd3TUVnfDI3ZmZhODc4ZjAzZjRiZWU2YjBkNTg3MThmNWEzMDc5N2I3ZmI5YzA0NTE2MmNmNDkwZDRkZjgzMWZjMmJiZGE,,,,,,,,https://static.bihr.pro/eBihr/Pictures/ART-pictures.zip,,Spain Warehouse (Parts)
1047959,,PAXL-1129,ART,ART COMPLETE REAR SHAFT RIGHT,Palier de transmisión trasero derecho ART - Can-Am,216.71,179.10,107.46,PD-PAXL-1129,0,8708509990,0,1,ART shafts perfectly suits OEM standards and do not require any special mounting modification.,ART shafts perfectly suits OEM standards and do not require any special mounting modification.,VEHICLE PARTS & ACCESSORIES,CHASSIS PARTS,CHAS. SERVICE PARTS,,,,,9271,5759,689,116,116,,,,,,,,,,,,,,,,,,,,,,,,,,,,,,,,Trasero derecho,,,,,,https://api.mybihr.com/medias/1047959-1-800Wx800H?context=bWFzdGVyfHJvb3R8MzU4NjN8aW1hZ2UvanBlZ3xhR1l5TDJobE15ODRPVGN4TURRNE1UVTNNakUwTHpFd05EYzVOVGt0TVY4NE1EQlhlRGd3TUVnfGZkY2JiZDZiYzRjNzU1YjEyMThiNDFhOTllNzU1ZjY1ZDQ3NTE2YjE3MmJkMWZlNWM0MGYzMjYyZGQyMzdhMTg,,,,,,,,https://static.bihr.pro/eBihr/Pictures/ART-pictures.zip,,Spain Warehouse (Parts)
1047964,,PAXL-1093,ART,ART COMPLETE REAR SHAFT RIGHT,Palier de transmisión trasero derecho ART - Yamaha YFM 660F Grizzly,213.57,176.50,105.90,CAR10606,0,8708509990,0,1,ART shafts perfectly suits OEM standards and do not require any special mounting modification.,ART shafts perfectly suits OEM standards and do not require any special mounting modification.,VEHICLE PARTS & ACCESSORIES,CHASSIS PARTS,CHAS. SERVICE PARTS,,,,,11871,3593,766,126,123,,,,,,,,,,,,,,,,,,,,,,,,,,,,,,,,Trasero derecho,,,,,,https://api.mybihr.com/medias/1047964-1-800Wx800H?context=bWFzdGVyfHJvb3R8MzU4NjN8aW1hZ2UvanBlZ3xhRFl6TDJoaU1pODRPVGN4TURRNU1UUXdNalUwTHpFd05EYzVOalF0TVY4NE1EQlhlRGd3TUVnfDNhZmUwMGUwYTgxN2Q2NDQ5YWUzMzYzODNkMjNmNzliMGU0MzgzODdhZjljODgyMjBhMjU3M2E5ZWRiMTllMzQ,,,,,,,,https://static.bihr.pro/eBihr/Pictures/ART-pictures.zip,,Spain Warehouse (Parts)
1049591,,AXL-2180-W/HUB,ART,ART WHEEL AXLE,Eje de rueda + 2'' ART Honda TRX450R/TRX450ER,402.33,332.50,199.50,ÂXL-2180-W/HUB,2,8708509990,0,1,"<p>Los ejes de rueda ART están forjados con acero de calidad japonesa y acabados con el mejor cromado.</p>
<ul>
	<li>2” mas ancho</li>
	<li>Incluye un juego de espaciadores (21 x 21mm) y tuercas para eje.</li>
	<li><strong>Eje + buje de rueda, reutilización de piazas OEM</strong></li>
</ul>
","
Los ejes de rueda ART están forjados con acero de calidad japonesa y acabados con el mejor cromado.

	2” mas ancho
	Incluye un juego de espaciadores (21 x 21mm) y tuercas para eje.
	Eje + buje de rueda, reutilización de piazas OEM

",VEHICLE PARTS & ACCESSORIES,CHASSIS PARTS,CHAS. SERVICE PARTS,,,,,22330,7350,1100,145,140,,,,,,,,,,,,,,,,,,Acero,,,,,,,,,,,,,,,,,,,,https://api.mybihr.com/medias/1049591-1-800Wx800H?context=bWFzdGVyfHJvb3R8MjQwMjl8aW1hZ2UvanBlZ3xhRGhrTDJnd09DODVNREV5T0RVMU1EUTJNVGMwTHpFd05EazFPVEV0TVY4NE1EQlhlRGd3TUVnfDQ4MDkxMzA1ZGYzYjk4YzE4YTQxZTU2ZWM5MWUyYmE2ZDk0NTNhZDA5YzBjNDc0ZmE0NDU3OGM3MDcxNWVlNzY,https://api.mybihr.com/medias/1049591-2-800Wx800H?context=bWFzdGVyfHJvb3R8OTIwNDJ8aW1hZ2UvanBlZ3xhR0prTDJnd01TODVNREV5T0RVMU1qUXlOemd5THpFd05EazFPVEV0TWw4NE1EQlhlRGd3TUVnfDhjZjY4NTRlOTljOWVhOGIzOWFhNGM4MjI4YTRhZDVlOTEwNTNkYTVjZGI3Yzc1NzdmOTU5ODI4Y2IzM2M2Njg,,,,,,,https://static.bihr.pro/eBihr/Pictures/ART-pictures.zip,,France Warehouse (Parts)
1049593,,AXL-1950,ART,ART WHEEL AXLE,Eje  ART +2'' Suzuki LTR450 Quad Racer,341.83,282.50,169.50,AXL-1950,0,8708509990,0,1,"<p>ART wheel axles are forged with Japanes quality steel and finished with the finest chrome plating.</p> <ul> <li>2"" wider</li> <li>Delivered with a spacers set (21 x 21 mm) and axle end nuts</li> <li>Axle only, re-use of OEM parts </li></ul>","
ART wheel axles are forged with Japanes quality steel and finished with the finest chrome plating.  2"" wider Delivered with a spacers set (21 x 21 mm) and axle end nuts Axle only, re-use of OEM parts ",VEHICLE PARTS & ACCESSORIES,CHASSIS PARTS,CHAS. SERVICE PARTS,,,,,8667,7550,1070,90,90,,,,,,,,,,,,,,,,,,Acero,,,,,,,,,,,,,,,,,,,,https://api.mybihr.com/medias/1049593-1-800Wx800H?context=bWFzdGVyfHJvb3R8MjQwMjl8aW1hZ2UvanBlZ3xhR1ptTDJnd05DODVNREV5T0RVMU5ETTVNemt3THpFd05EazFPVE10TVY4NE1EQlhlRGd3TUVnfGJhZTZmMjFjNTM5MmJiZThiYWI5MTJhMDM3NmUzMGEzYTU5ZTlkZTY5NzkyN2M0MDI3YTk1ZTAwYzE5ZGM3M2M,https://api.mybihr.com/medias/1049593-2-800Wx800H?context=bWFzdGVyfHJvb3R8OTIwNDJ8aW1hZ2UvanBlZ3xhR05tTDJnd1lpODVNREV5T0RVMU5qTTFPVGs0THpFd05EazFPVE10TWw4NE1EQlhlRGd3TUVnfDM3OTQ3MDRmMGVjYjk3MTgyNjE2ZTExMjRkNGUwODU4ODYwMDU4YjY1Zjc3NjYxNjgyZTk5Yzc1ODU4YWE2YTM,,,,,,,https://static.bihr.pro/eBihr/Pictures/ART-pictures.zip,,Spain Warehouse (Parts)
1049595,,AXL-2090-W/NUT,ART,ART WHEEL AXLE,Eje ART  +2'' Yamaha YFM350R Raptor,341.83,282.50,169.50,MS2111,0,8708509990,0,1,"<p>ART wheel axles are forged with Japanes quality steel and finished with the finest chrome plating.</p> <ul> <li>2"" wider </li> <li>Delivered with a spacers set (21 x 21 mm) and axle end nuts</li> <li>Axle + axle nut, re-use of OEM parts </li></ul>","
ART wheel axles are forged with Japanes quality steel and finished with the finest chrome plating.  2"" wider  Delivered with a spacers set (21 x 21 mm) and axle end nuts Axle + axle nut, re-use of OEM parts ",VEHICLE PARTS & ACCESSORIES,CHASSIS PARTS,CHAS. SERVICE PARTS,,,,,8667,6700,1070,90,90,,,,,,,,,,,,,,,,,,Acero,,,,,,,,,,,,,,,,,,,,https://api.mybihr.com/medias/1049595-1-800Wx800H?context=bWFzdGVyfHJvb3R8MjQwMjl8aW1hZ2UvanBlZ3xhR0V3TDJneE1pODVNREV5T0RVMU9ETXlOakEyTHpFd05EazFPVFV0TVY4NE1EQlhlRGd3TUVnfGI2MmQ5NWI4ZWM2MjFmZWUyYWZjNzI0YTY3YjMxMDU5YWJkZTBjNjljNDBlOGViOTc5Mjc1YWNmMTdiNTU0YmI,https://api.mybihr.com/medias/1049595-2-800Wx800H?context=bWFzdGVyfHJvb3R8OTIwNDJ8aW1hZ2UvanBlZ3xhREE1TDJnMk1TODVNREV5T0RVMk1ESTVNakUwTHpFd05EazFPVFV0TWw4NE1EQlhlRGd3TUVnfDUyODMwZjNiZGQzNWQzOTkzOWVmNTEzNDI0N2ZmZTkzZGQ3YjMwZWM3NmYxNzFjYjQ5ZDcwZWI0ZGQzNTYzOTk,,,,,,,https://static.bihr.pro/eBihr/Pictures/ART-pictures.zip,,Spain Warehouse (Parts)
1049596,,AXL-2031-1015,ART,ART WHEEL AXLE,Eje ART  +2'' Yamaha YFM660R Raptor,341.83,282.50,169.50,AXL-2030-964,0,8708509990,0,1,"<p>ART wheel axles are forged with Japanes quality steel and finished with the finest chrome plating.</p> <ul> <li>2"" wider</li> <li>Delivered with a spacers set (21 x 21 mm) and axle end nuts</li> <li>Axle only, re-use of OEM parts </li></ul>","
ART wheel axles are forged with Japanes quality steel and finished with the finest chrome plating.  2"" wider Delivered with a spacers set (21 x 21 mm) and axle end nuts Axle only, re-use of OEM parts ",VEHICLE PARTS & ACCESSORIES,CHASSIS PARTS,CHAS. SERVICE PARTS,,,,,7242,6800,1065,85,80,,,,,,,,,,,,,,,,,,Acero,,,,,,,,,,,,,,,,,,,,https://api.mybihr.com/medias/1049596-1-800Wx800H?context=bWFzdGVyfHJvb3R8MjQwMjl8aW1hZ2UvanBlZ3xhR1E1TDJnMk55ODVNREV5T0RVMk1qSTFPREl5THpFd05EazFPVFl0TVY4NE1EQlhlRGd3TUVnfGFjMjFjMGExZDUzMDgyYzM4ZjgwOGM0ZWQyODhjZWUyMjU2MTk5YzZjYTViZTYxM2IzODVhNGMzMWE4ZWNiNTk,https://api.mybihr.com/medias/1049596-2-800Wx800H?context=bWFzdGVyfHJvb3R8OTIwNDJ8aW1hZ2UvanBlZ3xhR0U1TDJnMlpTODVNREV5T0RVMk5ESXlORE13THpFd05EazFPVFl0TWw4NE1EQlhlRGd3TUVnfDQ5N2U3M2RjYTEyNGMyODkxN2FmODZmZTU4NTI2ODYzYzc1YjY4NmE2YWRkY2RmYjVlMDAwNGY5OWFiMjhjOTI,,,,,,,https://static.bihr.pro/eBihr/Pictures/ART-pictures.zip,,Spain Warehouse (Parts)
1049584,,CSS-1990-669,ART,ART STEERING STEM,Barra dirección ART 669 mm Yamaha,170.40,140.83,84.50,CSS-1990-669,0,8714109090,0,1,<ul> <li>Adapted to 100 mm clamps part # MS6011 (ø22.2 mm handlebar) or MS6012 (ø28.6 mm handlebar)</li> <li>Clamp not included </li></ul>," Adapted to 100 mm clamps part # MS6011 (ø22.2 mm handlebar) or MS6012 (ø28.6 mm handlebar) Clamp not included ",VEHICLE PARTS & ACCESSORIES,CHASSIS PARTS,CHAS. SERVICE PARTS,,,,,3024,1780,630,120,40,,,,,,,,,,,,,,,,,,Acero,,,,,,,,,,,,,,,,,,,,https://api.mybihr.com/medias/1049584-1-800Wx800H?context=bWFzdGVyfHJvb3R8MjY4MDB8aW1hZ2UvanBlZ3xhRGsyTDJnMk5DODVNREV5T0RVME5EVTJNelV3THpFd05EazFPRFF0TVY4NE1EQlhlRGd3TUVnfDM4MDQyYzFmYjU0ZTNlMzMwMWUzZmNhMTg5NDdiYWZmYjBlZDM1YzVjMTc5MzgzMzFiZWY5Y2FmOGI5ZjVhNDU,,,,,,,,https://static.bihr.pro/eBihr/Pictures/ART-pictures.zip,,Spain Warehouse (Parts)
1049585,,CSS-1950-694,ART,ART STEERING STEM,Barra dirección ART 694 mm Suzuki LT-R450,170.40,140.83,84.50,CSS-1950-694,0,8714109090,0,1,<ul> <li>Adapted to 100 mm clamps part # MS6011 (ø22.2 mm handlebar) or MS6012 (ø28.6 mm handlebar)</li> <li>Clamp not included </li></ul>," Adapted to 100 mm clamps part # MS6011 (ø22.2 mm handlebar) or MS6012 (ø28.6 mm handlebar) Clamp not included ",VEHICLE PARTS & ACCESSORIES,CHASSIS PARTS,CHAS. SERVICE PARTS,,,,,6468,2000,770,140,60,,,,,,,,,,,,,,,,,,Acero,,,,,,,,,,,,,,,,,,,,https://api.mybihr.com/medias/1049585-1-800Wx800H?context=bWFzdGVyfHJvb3R8MjY4MDB8aW1hZ2UvanBlZ3xhR00yTDJnMVpDODVNREV5T0RVME5qVXlPVFU0THpFd05EazFPRFV0TVY4NE1EQlhlRGd3TUVnfDI4MGViMDFmOTJhZjFiMzhiMmEzMDE4MTAyZDk2MmUxMjlmODZhMjVkMjkxMjc3ZTQ4MGM2NzQ3NzAzZWM3NGQ,,,,,,,,https://static.bihr.pro/eBihr/Pictures/ART-pictures.zip,,Spain Warehouse (Parts)
1047994,,PAPRS-8017,ART,ART PROPELLER SHAFT CAN REAR,Palier de transmisión trasero ART - Can Am Maverick 1000R/1000 XMR,368.81,304.80,182.88,3661738009665,0,8708505590,0,1,"<html> <head> <meta http-equiv=""Content-Type"" content=""text/html; charset=utf-8""><title> </title> <style type=""text/css"">.cs95E872D0{text-align:left;margin:0pt 0pt 0pt 0pt;}.csA7555675{color:#000;background-color:transparent;font-weight:normal;font-style:normal;}</style> </head> <body> <p>These replacement shafts are designed as a direct factory OEM part replacement with no modifications required for installation. Manufactured with a very tight tolerance using high quality materials and balanced for a smooth vibration free ride. These shafts meet or exceed factory OEM specifications.</p></body> </html>","       These replacement shafts are designed as a direct factory OEM part replacement with no modifications required for installation. Manufactured with a very tight tolerance using high quality materials and balanced for a smooth vibration free ride. These shafts meet or exceed factory OEM specifications. ",VEHICLE PARTS & ACCESSORIES,CHASSIS PARTS,CHAS. SERVICE PARTS,,,,,4274,3402,419,101,101,,,,,,,,,,,,,,,,,,,,,,,,,,,,,,,,Trasero,,,,,,https://api.mybihr.com/medias/1047994-1-800Wx800H?context=bWFzdGVyfHJvb3R8MzU4OTB8aW1hZ2UvanBlZ3xhR1EzTDJoallTODRPVGN4TURVeU1ESXpPRE00THpFd05EYzVPVFF0TVY4NE1EQlhlRGd3TUVnfGUzMGM1MGZhZDg0ZTYwZWFiNGFkNWJiMTQwZWZmYmI3MmRhNzRiM2EwOTRjNjc2NmYyZDVhZTNkNTFiOGFlY2Q,,,,,,,,https://static.bihr.pro/eBihr/Pictures/ART-pictures.zip,,Spain Warehouse (Parts)
1047931,,PAXL-1018,ART,ART COMPLETE REAR SHAFT,Palier de transmisión trasero ART - Polaris,218.65,180.70,108.42,43100029,0,8708509990,0,1,ART shafts perfectly suits OEM standards and do not require any special mounting modification.,ART shafts perfectly suits OEM standards and do not require any special mounting modification.,VEHICLE PARTS & ACCESSORIES,CHASSIS PARTS,CHAS. SERVICE PARTS,,,,,11871,6479,766,126,123,,,,,,,,,,,,,,,,,,,,,,,,,,,,,,,,Trasero,,,,,,https://api.mybihr.com/medias/1047931-1-800Wx800H?context=bWFzdGVyfHJvb3R8MzU4NjN8aW1hZ2UvanBlZ3xhR0V6TDJnMlppODRPVGN4TURReU16STBOVEV3THpFd05EYzVNekV0TVY4NE1EQlhlRGd3TUVnfDg2ZDY5NDQ4OGU5MmU3YmEyYTgzMzkzMDk2ODBlYmE2YjJkMDJmNTM3MGI3Y2I4NjVlMjJlOWNhYTBiNmU1NWM,,,,,,,,https://static.bihr.pro/eBihr/Pictures/ART-pictures.zip,,Spain Warehouse (Parts)
1047933,,PAXL-6053,ART,ART COMPLETE REAR SHAFT,Palier de transmisión trasero ART - Polaris,211.15,174.50,104.70,CAR10419,0,8708509990,0,1,ART shafts perfectly suits OEM standards and do not require any special mounting modification.,ART shafts perfectly suits OEM standards and do not require any special mounting modification.,VEHICLE PARTS & ACCESSORIES,CHASSIS PARTS,CHAS. SERVICE PARTS,,,,,11840,6283,764,126,123,,,,,,,,,,,,,,,,,,,,,,,,,,,,,,,,Trasero,,,,,,https://api.mybihr.com/medias/1047933-1-800Wx800H?context=bWFzdGVyfHJvb3R8MzU4NjN8aW1hZ2UvanBlZ3xhRE14TDJnM1pDODRPVGN4TURReU56RTNOekkyTHpFd05EYzVNek10TVY4NE1EQlhlRGd3TUVnfDZiNzk1NGNmNDYwY2NlODg1MjUwZjExZTcxMzA1NzIyMjFlNDhkY2FlYzg0YjQ2YzMzZDVlNjM1Mjk5YjAwNTI,,,,,,,,https://static.bihr.pro/eBihr/Pictures/ART-pictures.zip,,Spain Warehouse (Parts)
1047937,,PAXL-6051,ART,ART COMPLETE REAR SHAFT,Palier de transmisión trasero ART - Polaris RZR 1000 XP,220.70,182.40,109.44,CAR10418,0,8708509990,0,1,ART shafts perfectly suits OEM standards and do not require any special mounting modification.,ART shafts perfectly suits OEM standards and do not require any special mounting modification.,VEHICLE PARTS & ACCESSORIES,CHASSIS PARTS,CHAS. SERVICE PARTS,,,,,8520,4272,607,121,116,,,,,,,,,,,,,,,,,,,,,,,,,,,,,,,,Trasero,,,,,,https://api.mybihr.com/medias/1047937-1-800Wx800H?context=bWFzdGVyfHJvb3R8MzU4NjN8aW1hZ2UvanBlZ3xhR1JpTDJobE5pODRPVGN4TURRek56QXdOelkyTHpFd05EYzVNemN0TVY4NE1EQlhlRGd3TUVnfDdiZjg2ZjU4YmMwY2VlNjVkNWFkZWQ1MGQ1ODJiNTA2ZTJjMTdiYzE1Y2Q0NTJlNzJjYmFkNTAwMzYzMWY3Yzg,,,,,,,,https://static.bihr.pro/eBihr/Pictures/ART-pictures.zip,,Spain Warehouse (Parts)
1047940,,PAXL-1158,ART,ART COMPLETE REAR SHAFT,Palier de transmisión trasero ART - Polaris RZR 900 XP/XP4,216.11,178.60,107.16,CAR10417,0,8708509990,0,1,ART shafts perfectly suits OEM standards and do not require any special mounting modification.,ART shafts perfectly suits OEM standards and do not require any special mounting modification.,VEHICLE PARTS & ACCESSORIES,CHASSIS PARTS,CHAS. SERVICE PARTS,,,,,8520,4272,607,121,116,,,,,,,,,,,,,,,,,,,,,,,,,,,,,,,,Trasero,,,,,,https://api.mybihr.com/medias/1047940-1-800Wx800H?context=bWFzdGVyfHJvb3R8MzU4NjN8aW1hZ2UvanBlZ3xhRFppTDJoaVppODRPVGN4TURRME1qa3dOVGt3THpFd05EYzVOREF0TVY4NE1EQlhlRGd3TUVnfGIzYWE4M2I0NGQxZGU4YjNmMjBkOWVjNDkzNzdkZTVlZGFkMTJhZWI3MjBlNmY5Njg5NTQ1NWU4ZTRiMjNhNjU,,,,,,,,https://static.bihr.pro/eBihr/Pictures/ART-pictures.zip,,Spain Warehouse (Parts)
1047946,,PAXL-8022,ART,ART COMPLETE REAR SHAFT,Palier de transmisión trasero ART - Yamaha Grizzly 700,227.84,188.30,112.98,43100024,0,8708509990,0,1,"<html> <head> <meta http-equiv=""Content-Type"" content=""text/html; charset=utf-8""><title> </title> <style type=""text/css"">.cs95E872D0{text-align:left;margin:0pt 0pt 0pt 0pt;}.csA7555675{color:#000;background-color:transparent;font-weight:normal;font-style:normal;}</style> </head> <body> <p>ART shafts perfectly suits OEM standards and do not require any special mounting modification.</p></body> </html>","       ART shafts perfectly suits OEM standards and do not require any special mounting modification. ",VEHICLE PARTS & ACCESSORIES,CHASSIS PARTS,CHAS. SERVICE PARTS,,,,,11744,4001,770,124,123,,,,,,,,,,,,,,,,,,,,,,,,,,,,,,,,Trasero,,,,,,https://api.mybihr.com/medias/1047946-1-800Wx800H?context=bWFzdGVyfHJvb3R8MzU4ODd8aW1hZ2UvanBlZ3xhR1kwTDJnME9DODRPVGN4TURRMU5qQXhNekV3THpFd05EYzVORFl0TVY4NE1EQlhlRGd3TUVnfDM5YTdmNjcyNzI5N2EwMjU2ZDIzYTAzYjdjNTUwZWY5NjBhZDliZjYwZTQ5MzRjMDNiY2NhMGM5N2VkMDNkMmE,,,,,,,,https://static.bihr.pro/eBihr/Pictures/ART-pictures.zip,,Spain Warehouse (Parts)
1047948,,PAXL-1104HD,ART,ART COMPLETE REAR SHAFT,Palier de transmisión trasero ART - Yamaha YFM 550/700 Grizzly,338.80,280.00,168.00,CAR10907,0,8708509990,0,1,"<html> <head> <meta http-equiv=""Content-Type"" content=""text/html; charset=utf-8""><title> </title> <style type=""text/css"">.cs95E872D0{text-align:left;margin:0pt 0pt 0pt 0pt;}.csA7555675{color:#000;background-color:transparent;font-weight:normal;font-style:normal;}.cs4FC7BF42{text-align:left;margin:0pt 0pt 0pt 0pt;list-style-type:disc;color:#000;background-color:transparent;font-weight:normal;font-style:normal;}</style> </head> <body> <p>ART shafts perfectly suits OEM standards and do not require any special mounting modification.</p><p> </p><ul> <li>Can be mounted on the left or right rear side</li><li>The set is sold complete, ready to assemble</li></ul> </body> </html>","       ART shafts perfectly suits OEM standards and do not require any special mounting modification.  Can be mounted on the left or right rear sideThe set is sold complete, ready to assemble  ",VEHICLE PARTS & ACCESSORIES,CHASSIS PARTS,CHAS. SERVICE PARTS,,,,,11937,5091,764,124,126,,,,,,,,,,,,,,,,,,,,,,,,,,,,,,,,Trasero,,,,,,https://api.mybihr.com/medias/1047948-1-800Wx800H?context=bWFzdGVyfHJvb3R8MzU4ODd8aW1hZ2UvanBlZ3xhR0kzTDJnelpDODRPVGN4TURRMU9UazBOVEkyTHpFd05EYzVORGd0TVY4NE1EQlhlRGd3TUVnfGY3NDkxYjgzYTAxMzAwODdjYTgwN2VhMmVhM2U5M2E4OTMxNjhiNDU5Y2ZlNzVjNTE1NGFmOTA5ZjllNDQ4YTQ,,,,,,,,https://static.bihr.pro/eBihr/Pictures/ART-pictures.zip,,Spain Warehouse (Parts)
1047952,,PAXL-1130,ART,ART COMPLETE REAR SHAFT LEFT,Palier de transmisión trasero izquierdo ART - Can-Am,199.65,165.00,99.00,PD-PAXL-1130,0,8708509990,0,1,ART shafts perfectly suits OEM standards and do not require any special mounting modification.,ART shafts perfectly suits OEM standards and do not require any special mounting modification.,VEHICLE PARTS & ACCESSORIES,CHASSIS PARTS,CHAS. SERVICE PARTS,,,,,12002,5937,756,126,126,,,,,,,,,,,,,,,,,,,,,,,,,,,,,,,,Trasero izquierdo,,,,,,https://api.mybihr.com/medias/1047952-1-800Wx800H?context=bWFzdGVyfHJvb3R8MzU4NjN8aW1hZ2UvanBlZ3xhREl5TDJneU5TODRPVGN4TURRMk56Z3dPVFU0THpFd05EYzVOVEl0TVY4NE1EQlhlRGd3TUVnfGI0ZmRkYTg5ZTQyMjJlNTZhM2FjZTY5YmJlY2JiMzI3MGI3YjliNjc4Njk4ZDg5NDM4NzRhZTBhMWRmN2ExOWQ,,,,,,,,https://static.bihr.pro/eBihr/Pictures/ART-pictures.zip,,Spain Warehouse (Parts)
1047956,,PAXL-1092,ART,ART COMPLETE REAR SHAFT LEFT,Palier de transmisión trasero izquierdo ART - Yamaha YFM 660F Grizzly,193.60,160.00,96.00,CAR10605,0,8708509990,0,1,ART shafts perfectly suits OEM standards and do not require any special mounting modification.,ART shafts perfectly suits OEM standards and do not require any special mounting modification.,VEHICLE PARTS & ACCESSORIES,CHASSIS PARTS,CHAS. SERVICE PARTS,,,,,8872,3717,606,121,121,,,,,,,,,,,,,,,,,,,,,,,,,,,,,,,,Trasero izquierdo,,,,,,https://api.mybihr.com/medias/1047956-1-800Wx800H?context=bWFzdGVyfHJvb3R8MzU4NjN8aW1hZ2UvanBlZ3xhR1U1TDJnNE55ODRPVGN4TURRM05UWTNNemt3THpFd05EYzVOVFl0TVY4NE1EQlhlRGd3TUVnfGUzMWUwODZlYWU5NzEwZWUyNTlhNDU4OGZiZWI4NzVjZGZjYWZjZTc4YWU0NWJmMDAzOGM4YTQ1NmJjOGFmMmQ,,,,,,,,https://static.bihr.pro/eBihr/Pictures/ART-pictures.zip,,Spain Warehouse (Parts)
1047957,,PAXL-1102,ART,ART COMPLETE REAR SHAFT LEFT,Palier de transmisión trasero izquierdo ART - Yamaha YXR 700 Rhino,187.79,155.20,93.12,CAR10616,0,8708509990,0,1,ART shafts perfectly suits OEM standards and do not require any special mounting modification.,ART shafts perfectly suits OEM standards and do not require any special mounting modification.,VEHICLE PARTS & ACCESSORIES,CHASSIS PARTS,CHAS. SERVICE PARTS,,,,,11871,3372,766,126,123,,,,,,,,,,,,,,,,,,,,,,,,,,,,,,,,Trasero izquierdo,,,,,,https://api.mybihr.com/medias/1047957-1-800Wx800H?context=bWFzdGVyfHJvb3R8MzU4NjN8aW1hZ2UvanBlZ3xhR0k1TDJnNFpTODRPVGN4TURRM056WXpPVGs0THpFd05EYzVOVGN0TVY4NE1EQlhlRGd3TUVnfDJlMWYwZGMyOTNkOTFmNmM3YjAxNmI2MmUyZDRhMDBhNTM4MTdkZGU1ZWZkMDBiMGJkN2NhYmE0MjE4NzBiN2Y,,,,,,,,https://static.bihr.pro/eBihr/Pictures/ART-pictures.zip,,Spain Warehouse (Parts)
1047958,,PAXL-3025,ART,ART COMPLETE REAR SHAFT RIGHT,Palier de transmisión trasero derecho ART - Can Am Outlander L/L MAX DPS,211.87,175.10,105.06,3661738009504,0,8708505590,0,1,"<html> <head> <meta http-equiv=""Content-Type"" content=""text/html; charset=utf-8""><title> </title> <style type=""text/css"">.cs95E872D0{text-align:left;margin:0pt 0pt 0pt 0pt;}.csA7555675{color:#000;background-color:transparent;font-weight:normal;font-style:normal;}</style> </head> <body> <p>ART shafts perfectly suits OEM standards and do not require any special mounting modification.</p></body> </html>","       ART shafts perfectly suits OEM standards and do not require any special mounting modification. ",VEHICLE PARTS & ACCESSORIES,CHASSIS PARTS,CHAS. SERVICE PARTS,,,,,11546,4229,757,124,123,,,,,,,,,,,,,,,,,,,,,,,,,,,,,,,,Trasero derecho,,,,,,https://api.mybihr.com/medias/1047958-1-800Wx800H?context=bWFzdGVyfHJvb3R8MzU4ODd8aW1hZ2UvanBlZ3xhRGc1TDJnNU5TODRPVGN4TURRM09UWXdOakEyTHpFd05EYzVOVGd0TVY4NE1EQlhlRGd3TUVnfGU5ZWM1ZDBhMjkzZjYxNGVkMDMxMmRlMmMzMjZkNjkzYWMwYzQ3MjhjMTY2MTU0ZTI4ZWVjOWNhOWZjNWVlNWI,,,,,,,,https://static.bihr.pro/eBihr/Pictures/ART-pictures.zip,,Spain Warehouse (Parts)
1047899,,PAXL-1127,ART,ART COMPLETE FRONT SHAFT RIGHT,Palier de transmisión delantero derecho ART - Can-Am,180.53,149.20,89.52,PD-PAXL-1127,0,8708509990,0,1,ART shafts perfectly suits OEM standards and do not require any special mounting modification.,ART shafts perfectly suits OEM standards and do not require any special mounting modification.,VEHICLE PARTS & ACCESSORIES,CHASSIS PARTS,CHAS. SERVICE PARTS,,,,,11871,4933,766,126,123,,,,,,,,,,,,,,,,,,,,,,,,,,,,,,,,Delantero derecho,,,,,,https://api.mybihr.com/medias/1047899-1-800Wx800H?context=bWFzdGVyfHJvb3R8MzU4NjN8aW1hZ2UvanBlZ3xhREJsTDJoak15ODRPVGN4TURNMk1ETXpNRFUwTHpFd05EYzRPVGt0TVY4NE1EQlhlRGd3TUVnfGVkMmU4MTBjMWNlMmViN2ExZmEzMDFiMWQ2NTE1MTAwMGM5YmJmYWM4NDhjNGI5MDQ2ZWY4MmM3NzYzZmNmMGE,,,,,,,,https://static.bihr.pro/eBihr/Pictures/ART-pictures.zip,,Spain Warehouse (Parts)
1047910,,PAXL-8008,ART,ART COMPLETE FRONT SHAFT RIGHT,Palier de transmisión delantero derecho ART - Yamaha,176.78,146.10,87.66,CAR10615,0,8708509990,0,1,ART shafts perfectly suits OEM standards and do not require any special mounting modification.,ART shafts perfectly suits OEM standards and do not require any special mounting modification.,VEHICLE PARTS & ACCESSORIES,CHASSIS PARTS,CHAS. SERVICE PARTS,,,,,5965,3372,635,101,93,,,,,,,,,,,,,,,,,,,,,,,,,,,,,,,,Delantero derecho,,,,,,https://api.mybihr.com/medias/1047910-1-800Wx800H?context=bWFzdGVyfHJvb3R8MzU4NjN8aW1hZ2UvanBlZ3xhRGxtTDJneE5DODRPVGN4TURNNE1UazFOelF5THpFd05EYzVNVEF0TVY4NE1EQlhlRGd3TUVnfGE5ZDIzZDBlNTAzNjliZTEzZTRlYmE1OGY5Y2ViMjliZDUyYjlkYjA3OTlmNzk3NDUwZGE3Y2UxYjIwZTU1NzU,,,,,,,,https://static.bihr.pro/eBihr/Pictures/ART-pictures.zip,,Spain Warehouse (Parts)
1047912,,PAXL-1047,ART,ART COMPLETE REAR SHAFT,Palier de transmisión trasero ART - Arctic Cat,184.89,152.80,91.68,PD-PAXL-1047,1,8708509990,0,1,ART shafts perfectly suits OEM standards and do not require any special mounting modification.,ART shafts perfectly suits OEM standards and do not require any special mounting modification.,VEHICLE PARTS & ACCESSORIES,CHASSIS PARTS,CHAS. SERVICE PARTS,,,,,12857,4347,791,129,126,,,,,,,,,,,,,,,,,,,,,,,,,,,,,,,,Trasero,,,,,,https://api.mybihr.com/medias/1047912-1-800Wx800H?context=bWFzdGVyfHJvb3R8MzU4NjN8aW1hZ2UvanBlZ3xhREpqTDJneU1pODRPVGN4TURNNE5UZzRPVFU0THpFd05EYzVNVEl0TVY4NE1EQlhlRGd3TUVnfDQ2MWY5N2JiMGRkZjFkMGI4NTkxN2E5ZDQxZDgyOGUxMjFiMzcyOTBiMjI4MjdmMTVhMDc5NTllZTM1YzdmYTQ,,,,,,,,https://static.bihr.pro/eBihr/Pictures/ART-pictures.zip,,Spain Warehouse (Parts)
1047914,,PAXL-1146,ART,ART COMPLETE REAR SHAFT,Palier de transmisión trasero ART - Arctic Cat,168.07,138.90,83.34,PD-PAXL-1146,0,8708509990,0,1,ART shafts perfectly suits OEM standards and do not require any special mounting modification.,ART shafts perfectly suits OEM standards and do not require any special mounting modification.,VEHICLE PARTS & ACCESSORIES,CHASSIS PARTS,CHAS. SERVICE PARTS,,,,,9988,4653,762,116,113,,,,,,,,,,,,,,,,,,,,,,,,,,,,,,,,Trasero,,,,,,https://api.mybihr.com/medias/1047914-1-800Wx800H?context=bWFzdGVyfHJvb3R8MzU4NjN8aW1hZ2UvanBlZ3xhR05rTDJneVppODRPVGN4TURNNE9UZ3lNVGMwTHpFd05EYzVNVFF0TVY4NE1EQlhlRGd3TUVnfGZiYjhlNDUwYWYwZDhjY2I4MGY3Mjg3OWU3ZDViNDA4ZGE1ZTQ5YmMzMzMxMWFkNzBjYzg2NzEwYmUzZmFkMzM,,,,,,,,https://static.bihr.pro/eBihr/Pictures/ART-pictures.zip,,Spain Warehouse (Parts)
1090932,,PAXL-8019,ART,ART SHAFT REAR,Palier de transmisión trasero ART - Yamaha YXZ1000,266.20,220.00,132.00,43100031,0,8708509990,0,1,"<html> <head> <meta http-equiv=""Content-Type"" content=""text/html; charset=utf-8""><title> </title> <style type=""text/css"">.cs95E872D0{text-align:left;margin:0pt 0pt 0pt 0pt;}.csA7555675{color:#000;background-color:transparent;font-weight:normal;font-style:normal;}</style> </head> <body> <p>ART shafts perfectly suits OEM standards and do not require any special mounting modification.</p></body> </html>","       ART shafts perfectly suits OEM standards and do not require any special mounting modification. ",VEHICLE PARTS & ACCESSORIES,CHASSIS PARTS,CHAS. SERVICE PARTS,,,,,13448,6746,131,802,128,,,,,,,,,,,,,,,,,,,,,,,,,,,,,,,,,,,,,,https://api.mybihr.com/medias/1090932-1-800Wx800H?context=bWFzdGVyfHJvb3R8MzU4ODd8aW1hZ2UvanBlZ3xhRGxtTDJnNU9TODRPVEk1TlRRNU5UUTVOVGs0THpFd09UQTVNekl0TVY4NE1EQlhlRGd3TUVnfGUzMmFiYTUyYzgzMDJkMjAyMThkYTRjMzZkOWMyZmUzMDI3N2YzMGU4MjE0YjU0Nzk0OGExOWJmOTYwMzc2ZTU,,,,,,,,https://static.bihr.pro/eBihr/Pictures/ART-pictures.zip,,Spain Warehouse (Parts)
1047965,,PAXL-8004,ART,ART COMPLETE REAR SHAFT RIGHT,Palier de transmisión trasero derecho ART - Yamaha YXR 700 Rhino,198.20,163.80,98.28,CAR10617,0,8708509990,0,1,ART shafts perfectly suits OEM standards and do not require any special mounting modification.,ART shafts perfectly suits OEM standards and do not require any special mounting modification.,VEHICLE PARTS & ACCESSORIES,CHASSIS PARTS,CHAS. SERVICE PARTS,,,,,5965,3372,635,101,93,,,,,,,,,,,,,,,,,,,,,,,,,,,,,,,,Trasero derecho,,,,,,https://api.mybihr.com/medias/1047965-1-800Wx800H?context=bWFzdGVyfHJvb3R8MzU4NjN8aW1hZ2UvanBlZ3xhR0UyTDJoaFlpODRPVGN4TURRNU16TTJPRFl5THpFd05EYzVOalV0TVY4NE1EQlhlRGd3TUVnfDdhOWVhOTg5NDllNjA4ZWVmZmZkNDIyMTQyYzdkMjI5MjIxZDFmZTFmMzIyZDRhOTdkZjY5MTFjNWM3MmNiMDE,,,,,,,,https://static.bihr.pro/eBihr/Pictures/ART-pictures.zip,,Spain Warehouse (Parts)
1042023,CAR10207,PAXL-3002,ART,ART COMPLETE FRONT SHAFT RIGHT,Palier de transmisión delantero derecho ART - Can-Am Commander 800/1000,174.48,144.20,93.73,CAR10207,0,8708509990,0,1,<p>Los ejes ART cumplen los mismos requisitos de calidad que los productos originales y no requieren ninguna modificación especial para su montaje.</p>,"
Los ejes ART cumplen los mismos requisitos de calidad que los productos originales y no requieren ninguna modificación especial para su montaje.",VEHICLE PARTS & ACCESSORIES,CHASSIS PARTS,CHAS. SERVICE PARTS,,,,,18164,5040,802,152,149,,,,,,,,,,,,,,,,,,,,,,,,,,,,,,,,Delantero derecho,,,,,,https://api.mybihr.com/medias/1042023-1-800Wx800H?context=bWFzdGVyfHJvb3R8MzU4NjN8aW1hZ2UvanBlZ3xhREk0TDJoak5pODRPVGN3TWpBd016Z3pOVEU0THpFd05ESXdNak10TVY4NE1EQlhlRGd3TUVnfGQ0OGU2ZTM4ZTE4ZjhmYjkwOGRlNDg1NGNiNjlkNzZiZmE1NGU1MDQ4Yzc2ODU2YzM5NDlhMWQ5YTNiMjkzNmY,,,,,,,,https://static.bihr.pro/eBihr/Pictures/ART-pictures.zip,,Spain Warehouse (Parts)
1047850,,PAXL-6027,ART,ART COMPLETE FRONT SHAFT,Palier de transmisión ART - Polaris,228.33,188.70,113.22,PD-PAXL-6027,0,8708509990,0,1,ART shafts perfectly suits OEM standards and do not require any special mounting modification.,ART shafts perfectly suits OEM standards and do not require any special mounting modification.,VEHICLE PARTS & ACCESSORIES,CHASSIS PARTS,CHAS. SERVICE PARTS,,,,,9713,4494,692,121,116,,,,,,,,,,,,,,,,,,,,,,,,,,,,,,,,Delantero,,,,,,https://api.mybihr.com/medias/1047850-1-800Wx800H?context=bWFzdGVyfHJvb3R8MzU4NjN8aW1hZ2UvanBlZ3xhR1JrTDJnMll5ODRPVGN4TURJMk1EQTJNRFEyTHpFd05EYzROVEF0TVY4NE1EQlhlRGd3TUVnfDJjMzE4MWJlZWRmMmFiOWVkNmZhMWQ1MjAyNGVhMTIyODViYWZkOGU2OTcwMDFjZDE3ZmJiMzk0MGUxMjYzMTU,,,,,,,,https://static.bihr.pro/eBihr/Pictures/ART-pictures.zip,,Spain Warehouse (Parts)
1047858,,PAXL-6064,ART,ART COMPLETE FRONT SHAFT,Palier de transmisión ART - Polaris RZR 570,200.74,165.90,99.54,43100001,0,8708509990,0,1,"<html> <head> <meta http-equiv=""Content-Type"" content=""text/html; charset=utf-8""><title> </title> <style type=""text/css"">.cs95E872D0{text-align:left;margin:0pt 0pt 0pt 0pt;}.csA7555675{color:#000;background-color:transparent;font-weight:normal;font-style:normal;}</style> </head> <body> <p>ART shafts perfectly suits OEM standards and do not require any special mounting modification.</p></body> </html>","       ART shafts perfectly suits OEM standards and do not require any special mounting modification. ",VEHICLE PARTS & ACCESSORIES,CHASSIS PARTS,CHAS. SERVICE PARTS,,,,,12177,4896,767,126,126,,,,,,,,,,,,,,,,,,,,,,,,,,,,,,,,Delantero,,,,,,https://api.mybihr.com/medias/1047858-1-800Wx800H?context=bWFzdGVyfHJvb3R8MzU4ODd8aW1hZ2UvanBlZ3xhRGd4TDJobE9DODRPVGN4TURJM05UYzRPVEV3THpFd05EYzROVGd0TVY4NE1EQlhlRGd3TUVnfDRmOTg4Yjc3OGVmZDZhNDdkMDMyZjZkYjQ3M2RhOWE5ZTZmMjExNmY3MTA0MzNkODVmNmU4NGJiZTEyNDk0NGY,,,,,,,,https://static.bihr.pro/eBihr/Pictures/ART-pictures.zip,,Spain Warehouse (Parts)
1047883,,PAXL-3011,ART,ART COMPLETE FRONT SHAFT LEFT,Palier de transmisión delantero izquierdo ART - Can-Am Maverick 1000R,209.69,173.30,103.98,PD-PAXL-3011,0,8708509990,0,1,ART shafts perfectly suits OEM standards and do not require any special mounting modification.,ART shafts perfectly suits OEM standards and do not require any special mounting modification.,VEHICLE PARTS & ACCESSORIES,CHASSIS PARTS,CHAS. SERVICE PARTS,,,,,13468,4993,769,139,126,,,,,,,,,,,,,,,,,,,,,,,,,,,,,,,,Delantero Izquierdo,,,,,,https://api.mybihr.com/medias/1047883-1-800Wx800H?context=bWFzdGVyfHJvb3R8MzU4NjN8aW1hZ2UvanBlZ3xhRGt5TDJoaFlTODVNREV5TXpjM016ZzNNRE00THpFd05EYzRPRE10TVY4NE1EQlhlRGd3TUVnfDk2MzBlNzkwNjA0NzAzMTIwYmJiZGM5Nzg3NGIwY2RlYmVmMDA1MWUyZTAzZGNiOGFmZmI4Mzg5MjI1MDM0NjM,,,,,,,,https://static.bihr.pro/eBihr/Pictures/ART-pictures.zip,,Spain Warehouse (Parts)
1047884,,PAXL-14001,ART,ART COMPLETE FRONT SHAFT LEFT,Palier de transmisión delantero izquierdo ART - CFMOTO CF 500 Rancher,267.41,221.00,132.60,PD-PAXL-14001,0,8708509990,0,1,ART shafts perfectly suits OEM standards and do not require any special mounting modification.,ART shafts perfectly suits OEM standards and do not require any special mounting modification.,VEHICLE PARTS & ACCESSORIES,CHASSIS PARTS,CHAS. SERVICE PARTS,,,,,9982,4054,682,123,119,,,,,,,,,,,,,,,,,,,,,,,,,,,,,,,,Delantero Izquierdo,,,,,,https://api.mybihr.com/medias/1047884-1-800Wx800H?context=bWFzdGVyfHJvb3R8MzU4NjN8aW1hZ2UvanBlZ3xhRFl5TDJoaU1TODVNREV5TXpjM05UZ3pOalEyTHpFd05EYzRPRFF0TVY4NE1EQlhlRGd3TUVnfGMxMzkxMmEwNjQ3ODlmYzU0YTY4YjUxOGFkMzE0MDQ3OTI1MWU2ZDA1YzFmZjc3ZTNiMTE5Zjc5MWJkYjY0NzU,,,,,,,,https://static.bihr.pro/eBihr/Pictures/ART-pictures.zip,,Spain Warehouse (Parts)
1047889,,PAXL-21004,ART,ART COMPLETE FRONT SHAFT LEFT,Palier de transmisión delantero izquierdo ART - Kymco,207.39,171.40,102.84,PD-PAXL-21004,0,8708509990,0,1,ART shafts perfectly suits OEM standards and do not require any special mounting modification.,ART shafts perfectly suits OEM standards and do not require any special mounting modification.,VEHICLE PARTS & ACCESSORIES,CHASSIS PARTS,CHAS. SERVICE PARTS,,,,,13481,4276,804,131,128,,,,,,,,,,,,,,,,,,,,,,,,,,,,,,,,Delantero Izquierdo,,,,,,https://api.mybihr.com/medias/1047889-1-800Wx800H?context=bWFzdGVyfHJvb3R8MzU4NjN8aW1hZ2UvanBlZ3xhRFEzTDJneFlpODRPVGN4TURNek9EY3dNelkyTHpFd05EYzRPRGt0TVY4NE1EQlhlRGd3TUVnfGZmMWY1NzIwNjczOTU1ZjRkZjNmZjRlMGY0ZTZhNjU3NDFiYWRlZTI5Y2JkZjdmNTczZGFmNDEyZjgwMGVlM2Q,,,,,,,,https://static.bihr.pro/eBihr/Pictures/ART-pictures.zip,,Spain Warehouse (Parts)
1047890,,PAXL-1087,ART,ART COMPLETE FRONT SHAFT LEFT,Palier de transmisión delantero izquierdo ART - Yamaha,149.80,123.80,74.28,PD-PAXL-1087,0,8708509990,0,1,ART shafts perfectly suits OEM standards and do not require any special mounting modification.,ART shafts perfectly suits OEM standards and do not require any special mounting modification.,VEHICLE PARTS & ACCESSORIES,CHASSIS PARTS,CHAS. SERVICE PARTS,,,,,5714,3359,640,96,93,,,,,,,,,,,,,,,,,,,,,,,,,,,,,,,,Delantero Izquierdo,,,,,,https://api.mybihr.com/medias/1047890-1-800Wx800H?context=bWFzdGVyfHJvb3R8MzU4NjN8aW1hZ2UvanBlZ3xhR0l3TDJnMk9TODRPVGN4TURNME1EWTJPVGMwTHpFd05EYzRPVEF0TVY4NE1EQlhlRGd3TUVnfDI1ZTM2M2Q1NjM1NGRkOGZjOGI1YTgzMmIwNTA2MDUxMmZjNjZhYzhiZGExOTQyZDg4MWIxNGViMDZlNTI2OGE,,,,,,,,https://static.bihr.pro/eBihr/Pictures/ART-pictures.zip,,Spain Warehouse (Parts)
1049581,,CSS-1990-632,ART,ART STEERING STEM,Barra dirección ART 632 mm Yamaha,170.40,140.83,84.50,CSS-1990-632,0,8714109090,0,1,<ul> <li>Adapted to 100 mm clamps part # MS6011 (ø22.2 mm handlebar) or MS6012 (ø28.6 mm handlebar)</li> <li>Clamp not included </li></ul>," Adapted to 100 mm clamps part # MS6011 (ø22.2 mm handlebar) or MS6012 (ø28.6 mm handlebar) Clamp not included ",VEHICLE PARTS & ACCESSORIES,CHASSIS PARTS,CHAS. SERVICE PARTS,,,,,3024,1780,630,120,40,,,,,,,,,,,,,,,,,,Acero,,,,,,,,,,,,,,,,,,,,https://api.mybihr.com/medias/1049581-1-800Wx800H?context=bWFzdGVyfHJvb3R8MjY4MDB8aW1hZ2UvanBlZ3xhREk0TDJoak1DODRPVGN4TWpJM056STFPRFUwTHpFd05EazFPREV0TVY4NE1EQlhlRGd3TUVnfGQ3NTNhNWJjNGE2NGU0YjM0ZjdmNDFhM2I4MGE0NGZkNmU3MzM3YzAwNmMyZDA4MDViMmVlN2E2OGFlMzk1ZTI,,,,,,,,https://static.bihr.pro/eBihr/Pictures/ART-pictures.zip,,Spain Warehouse (Parts)
1047859,,PAXL-1137,ART,ART COMPLETE FRONT SHAFT,Palier de transmisión ART - Polaris RZR 800 Ranger,182.23,150.60,90.36,PD-PAXL-1137,0,8708509990,0,1,ART shafts perfectly suits OEM standards and do not require any special mounting modification.,ART shafts perfectly suits OEM standards and do not require any special mounting modification.,VEHICLE PARTS & ACCESSORIES,CHASSIS PARTS,CHAS. SERVICE PARTS,,,,,9685,4657,690,121,116,,,,,,,,,,,,,,,,,,,,,,,,,,,,,,,,Delantero,,,,,,https://api.mybihr.com/medias/1047859-1-800Wx800H?context=bWFzdGVyfHJvb3R8MzU4NjN8aW1hZ2UvanBlZ3xhRFV5TDJobFppODRPVGN4TURJM056YzFOVEU0THpFd05EYzROVGt0TVY4NE1EQlhlRGd3TUVnfGE2N2NjOTRmNmEyMjQwZTMzN2Q1Y2IwNDE3ODQyZTM5ZDMzZGUyNGFhNWU1MTVjYTQ3NTE4NzlkNzM4NjYyZTc,,,,,,,,https://static.bihr.pro/eBihr/Pictures/ART-pictures.zip,,Spain Warehouse (Parts)
1047880,,PAXL-1128,ART,ART COMPLETE FRONT SHAFT LEFT,Palier de transmisión delantero izquierdo ART - Can-Am,215.50,178.10,106.86,PD-PAXL-1128,0,8708509990,0,1,ART shafts perfectly suits OEM standards and do not require any special mounting modification.,ART shafts perfectly suits OEM standards and do not require any special mounting modification.,VEHICLE PARTS & ACCESSORIES,CHASSIS PARTS,CHAS. SERVICE PARTS,,,,,11343,4836,756,124,121,,,,,,,,,,,,,,,,,,,,,,,,,,,,,,,,Delantero Izquierdo,,,,,,https://api.mybihr.com/medias/1047880-1-800Wx800H?context=bWFzdGVyfHJvb3R8MzU4NjN8aW1hZ2UvanBlZ3xhREprTDJnMk55ODRPVGN4TURNeU1UQXdPRGswTHpFd05EYzRPREF0TVY4NE1EQlhlRGd3TUVnfDFiNDlhZDAxZmQzMjgyZDc5M2RmMWI1NWE2ODA0NzFhZWNiYjRmMGE3NzMxY2UyNDc3ZGE0ZjAxNjdiMGJjYjk,,,,,,,,https://static.bihr.pro/eBihr/Pictures/ART-pictures.zip,,Spain Warehouse (Parts)
1047895,,PAXL-3028,ART,ART COMPLETE FRONT SHAFT RIGHT,Palier de transmisión delantero derecho ART - Can Am,206.67,170.80,102.48,3661738009528,0,8708505590,0,1,"<html> <head> <meta http-equiv=""Content-Type"" content=""text/html; charset=utf-8""><title> </title> <style type=""text/css"">.cs95E872D0{text-align:left;margin:0pt 0pt 0pt 0pt;}.csA7555675{color:#000;background-color:transparent;font-weight:normal;font-style:normal;}</style> </head> <body> <p>ART shafts perfectly suits OEM standards and do not require any special mounting modification.</p></body> </html>","       ART shafts perfectly suits OEM standards and do not require any special mounting modification. ",VEHICLE PARTS & ACCESSORIES,CHASSIS PARTS,CHAS. SERVICE PARTS,,,,,12730,3881,761,136,123,,,,,,,,,,,,,,,,,,,,,,,,,,,,,,,,Delantero derecho,,,,,,https://api.mybihr.com/medias/1047895-1-800Wx800H?context=bWFzdGVyfHJvb3R8MzU4ODd8aW1hZ2UvanBlZ3xhRFZoTDJoa015ODRPVGN4TURNMU1EVXdNREUwTHpFd05EYzRPVFV0TVY4NE1EQlhlRGd3TUVnfDUwY2U1ZDIyMjBmMWI0MzE0ODRhZDVjNDY3NWQzM2FlZjFkMDI0YjVlNjMyZWM1MjM4OTYxM2E5MTE1MmRlYzQ,,,,,,,,https://static.bihr.pro/eBihr/Pictures/ART-pictures.zip,,Spain Warehouse (Parts)
1047876,,PAXL-3027,ART,ART COMPLETE FRONT SHAFT LEFT,Palier de transmisión delantero izquierdo ART - Can Am,191.30,158.10,94.86,3661738009511,1,8708505590,0,1,"<html> <head> <meta http-equiv=""Content-Type"" content=""text/html; charset=utf-8""><title> </title> <style type=""text/css"">.cs95E872D0{text-align:left;margin:0pt 0pt 0pt 0pt;}.csA7555675{color:#000;background-color:transparent;font-weight:normal;font-style:normal;}</style> </head> <body> <p>ART shafts perfectly suits OEM standards and do not require any special mounting modification.</p></body> </html>","       ART shafts perfectly suits OEM standards and do not require any special mounting modification. ",VEHICLE PARTS & ACCESSORIES,CHASSIS PARTS,CHAS. SERVICE PARTS,,,,,12018,3772,757,126,126,,,,,,,,,,,,,,,,,,,,,,,,,,,,,,,,Delantero Izquierdo,,,,,,https://api.mybihr.com/medias/1047876-1-800Wx800H?context=bWFzdGVyfHJvb3R8MzU4ODd8aW1hZ2UvanBlZ3xhRGc1TDJnMFpTODVNREV5TXpjMk56azNNakUwTHpFd05EYzROell0TVY4NE1EQlhlRGd3TUVnfDNkYTMyYjA4YTY4NzIyYTgwZWUzOGU2ZDJjMGYzMmYyM2Q3NDBhMDQxMDIxMmRhYTI5MTUwYTEzNzk0MGE4MmM,,,,,,,,https://static.bihr.pro/eBihr/Pictures/ART-pictures.zip,,Spain Warehouse (Parts)
1047877,,PAXL-3031,ART,ART COMPLETE FRONT SHAFT LEFT,Palier de transmisión delantero izquierdo ART - Can Am Defender,191.30,158.10,94.86,43100002,0,8708509990,0,1,"<html> <head> <meta http-equiv=""Content-Type"" content=""text/html; charset=utf-8""><title> </title> <style type=""text/css"">.cs95E872D0{text-align:left;margin:0pt 0pt 0pt 0pt;}.csA7555675{color:#000;background-color:transparent;font-weight:normal;font-style:normal;}</style> </head> <body> <p>ART shafts perfectly suits OEM standards and do not require any special mounting modification.</p></body> </html>","       ART shafts perfectly suits OEM standards and do not require any special mounting modification. ",VEHICLE PARTS & ACCESSORIES,CHASSIS PARTS,CHAS. SERVICE PARTS,,,,,11592,5109,760,124,123,,,,,,,,,,,,,,,,,,,,,,,,,,,,,,,,Delantero Izquierdo,,,,,,https://api.mybihr.com/medias/1047877-1-800Wx800H?context=bWFzdGVyfHJvb3R8MzU4ODd8aW1hZ2UvanBlZ3xhRFU1TDJnMU5TODVNREV5TXpjMk9Ua3pPREl5THpFd05EYzROemN0TVY4NE1EQlhlRGd3TUVnfDk0YTM5OGVkOWJkMWY1ZWI5MmM3MTJhZDBjMjU5NmY1NGM0ZGFlZWEyOWI3NzgzMjk0NTQ2ZmRlZGNhN2I1ODI,,,,,,,,https://static.bihr.pro/eBihr/Pictures/ART-pictures.zip,,Spain Warehouse (Parts)
1047992,,PAPRS-8024,ART,ART PROPELLER SHAFT CAN REAR,Palier de transmisión trasero ART - Can Am,462.70,382.40,229.44,3661738009610,2,8708505590,0,1,"<html> <head> <meta http-equiv=""Content-Type"" content=""text/html; charset=utf-8""><title> </title> <style type=""text/css"">.cs95E872D0{text-align:left;margin:0pt 0pt 0pt 0pt;}.csA7555675{color:#000;background-color:transparent;font-weight:normal;font-style:normal;}</style> </head> <body> <p>These replacement shafts are designed as a direct factory OEM part replacement with no modifications required for installation. Manufactured with a very tight tolerance using high quality materials and balanced for a smooth vibration free ride. These shafts meet or exceed factory OEM specifications.</p></body> </html>","       These replacement shafts are designed as a direct factory OEM part replacement with no modifications required for installation. Manufactured with a very tight tolerance using high quality materials and balanced for a smooth vibration free ride. These shafts meet or exceed factory OEM specifications. ",VEHICLE PARTS & ACCESSORIES,CHASSIS PARTS,CHAS. SERVICE PARTS,,,,,135682,4025,629,370,583,,,,,,,,,,,,,,,,,,,,,,,,,,,,,,,,Trasero,,,,,,https://api.mybihr.com/medias/1047992-1-800Wx800H?context=bWFzdGVyfHJvb3R8MzU4OTB8aW1hZ2UvanBlZ3xhR1ZtTDJoa1ppODRPVGN4TURVeE5qTXdOakl5THpFd05EYzVPVEl0TVY4NE1EQlhlRGd3TUVnfGJjODg0Njc5ODdhZmI1ZWE3NzVmMGFjOTkxOTg5YjlhZjkwOTVjMTBjMTc1MDlkOTVkNTFhNzQ1OTRiY2E2ZWQ,,,,,,,,https://static.bihr.pro/eBihr/Pictures/ART-pictures.zip,,France Warehouse (Parts)
1047921,,PAXL-3041,ART,ART COMPLETE REAR SHAFT,Palier de transmisión trasero ART - Can Am Defender,286.41,236.70,142.02,43100005,0,8708509990,0,1,"<html> <head> <meta http-equiv=""Content-Type"" content=""text/html; charset=utf-8""><title> </title> <style type=""text/css"">.cs95E872D0{text-align:left;margin:0pt 0pt 0pt 0pt;}.csA7555675{color:#000;background-color:transparent;font-weight:normal;font-style:normal;}</style> </head> <body> <p>ART shafts perfectly suits OEM standards and do not require any special mounting modification.</p></body> </html>","       ART shafts perfectly suits OEM standards and do not require any special mounting modification. ",VEHICLE PARTS & ACCESSORIES,CHASSIS PARTS,CHAS. SERVICE PARTS,,,,,14458,6509,794,139,131,,,,,,,,,,,,,,,,,,,,,,,,,,,,,,,,Trasero,,,,,,https://api.mybihr.com/medias/1047921-1-800Wx800H?context=bWFzdGVyfHJvb3R8MzU4ODd8aW1hZ2UvanBlZ3xhRGxqTDJnMk15ODRPVGN4TURRd016VTRORE13THpFd05EYzVNakV0TVY4NE1EQlhlRGd3TUVnfDk3YmNiNTc5MDRlZGU2ZjU1ZWU0ZDZkMTExMjM0NWZkN2E2OGNhMWVhMzYzZDQ4ZGUzN2UzM2Q3OWE3MDE1OTk,,,,,,,,https://static.bihr.pro/eBihr/Pictures/ART-pictures.zip,,Spain Warehouse (Parts)
1047942,,PAXL-6006,ART,ART COMPLETE REAR SHAFT,Palier de transmisión trasero ART - Polaris Sportsman 500 X2,171.94,142.10,85.26,PD-PAXL-6006,0,8708509990,0,1,ART shafts perfectly suits OEM standards and do not require any special mounting modification.,ART shafts perfectly suits OEM standards and do not require any special mounting modification.,VEHICLE PARTS & ACCESSORIES,CHASSIS PARTS,CHAS. SERVICE PARTS,,,,,5965,5775,635,101,93,,,,,,,,,,,,,,,,,,,,,,,,,,,,,,,,Trasero,,,,,,https://api.mybihr.com/medias/1047942-1-800Wx800H?context=bWFzdGVyfHJvb3R8MzU4NjN8aW1hZ2UvanBlZ3xhR1JrTDJoaU1TODRPVGN4TURRME5qZ3pPREEyTHpFd05EYzVOREl0TVY4NE1EQlhlRGd3TUVnfDg2NDE2NDNiYjFkNWQxOTBiZjc4YTljMGMyMGQ5Y2VkZTVlZjQ4MGE4NGYwNjc2YTA2YmY0ODM4NTQzMTI0OTQ,,,,,,,,https://static.bihr.pro/eBihr/Pictures/ART-pictures.zip,,Spain Warehouse (Parts)
1047951,,PAXL-3024,ART,ART COMPLETE REAR SHAFT LEFT,Palier de transmisión trasero izquierdo ART - Can Am Outlander L/L MAX DPS,148.59,122.80,73.68,3661738009498,0,8708505590,0,1,"<html> <head> <meta http-equiv=""Content-Type"" content=""text/html; charset=utf-8""><title> </title> <style type=""text/css"">.cs95E872D0{text-align:left;margin:0pt 0pt 0pt 0pt;}.csA7555675{color:#000;background-color:transparent;font-weight:normal;font-style:normal;}</style> </head> <body> <p>ART shafts perfectly suits OEM standards and do not require any special mounting modification.</p></body> </html>","       ART shafts perfectly suits OEM standards and do not require any special mounting modification. ",VEHICLE PARTS & ACCESSORIES,CHASSIS PARTS,CHAS. SERVICE PARTS,,,,,11856,4345,765,126,123,,,,,,,,,,,,,,,,,,,,,,,,,,,,,,,,Trasero izquierdo,,,,,,https://api.mybihr.com/medias/1047951-1-800Wx800H?context=bWFzdGVyfHJvb3R8MzU4ODd8aW1hZ2UvanBlZ3xhRFV5TDJneFpTODRPVGN4TURRMk5UZzBNelV3THpFd05EYzVOVEV0TVY4NE1EQlhlRGd3TUVnfDEzYzUzNGNjNmJjMWViYzQ4MTYyZTk0ODZlYmQ4NmQzNmQ4MDNhZWVkNTJjNGYxM2Q5NjExZmI1MTdjOTFjMDg,,,,,,,,https://static.bihr.pro/eBihr/Pictures/ART-pictures.zip,,Spain Warehouse (Parts)
1047905,,PAXL-1013,ART,ART COMPLETE FRONT SHAFT RIGHT,Palier de transmisión delantero derecho ART - Kawasaki,217.07,179.40,107.64,PD-PAXL-1013,0,8708509990,0,1,ART shafts perfectly suits OEM standards and do not require any special mounting modification.,ART shafts perfectly suits OEM standards and do not require any special mounting modification.,VEHICLE PARTS & ACCESSORIES,CHASSIS PARTS,CHAS. SERVICE PARTS,,,,,8336,2999,609,118,116,,,,,,,,,,,,,,,,,,,,,,,,,,,,,,,,Delantero derecho,,,,,,https://api.mybihr.com/medias/1047905-1-800Wx800H?context=bWFzdGVyfHJvb3R8MzU4NjN8aW1hZ2UvanBlZ3xhR0UzTDJnMU1pODRPVGN4TURNM01qRXlOekF5THpFd05EYzVNRFV0TVY4NE1EQlhlRGd3TUVnfGE3YzkyYzVkOTk3NDI1ZWE2YWRmZDNlM2FkNzcxYzE5MjhiMDhjMGNhNjVkYzVmY2E1OTQzZjZhM2VmNWZiM2Y,,,,,,,,https://static.bihr.pro/eBihr/Pictures/ART-pictures.zip,,Spain Warehouse (Parts)
1047960,,PAXL-14004,ART,ART COMPLETE REAR SHAFT RIGHT,Palier de transmisión trasero derecho ART - CFMOTO CF 500 Rancher,242.00,200.00,120.00,PD-PAXL-14004,0,8708509990,0,1,ART shafts perfectly suits OEM standards and do not require any special mounting modification.,ART shafts perfectly suits OEM standards and do not require any special mounting modification.,VEHICLE PARTS & ACCESSORIES,CHASSIS PARTS,CHAS. SERVICE PARTS,,,,,14885,4417,708,146,144,,,,,,,,,,,,,,,,,,,,,,,,,,,,,,,,Trasero derecho,,,,,,https://api.mybihr.com/medias/1047960-1-800Wx800H?context=bWFzdGVyfHJvb3R8MzU4NjN8aW1hZ2UvanBlZ3xhR015TDJobFlTODRPVGN4TURRNE16VXpPREl5THpFd05EYzVOakF0TVY4NE1EQlhlRGd3TUVnfGIzNDEyNTlmZDg0YzFlOWFmMjhmNTZkZGI3MTc2NmZhNDY3M2JlODc3ZjZjYzA4ZWY4N2MyZDYyNjAwNmZlNzk,,,,,,,,https://static.bihr.pro/eBihr/Pictures/ART-pictures.zip,,Spain Warehouse (Parts)
1047855,,PAXL-6016,ART,ART COMPLETE FRONT SHAFT,Palier de transmisión ART - Polaris Ranger XP/XP4,212.72,175.80,105.48,PD-PAXL-6016,0,8708509990,0,1,ART shafts perfectly suits OEM standards and do not require any special mounting modification.,ART shafts perfectly suits OEM standards and do not require any special mounting modification.,VEHICLE PARTS & ACCESSORIES,CHASSIS PARTS,CHAS. SERVICE PARTS,,,,,12104,5363,781,126,123,,,,,,,,,,,,,,,,,,,,,,,,,,,,,,,,Delantero,,,,,,https://api.mybihr.com/medias/1047855-1-800Wx800H?context=bWFzdGVyfHJvb3R8MzU4NjN8aW1hZ2UvanBlZ3xhRGM0TDJnNFl5ODRPVGN4TURJMk9UZzVNRGcyTHpFd05EYzROVFV0TVY4NE1EQlhlRGd3TUVnfDdkNTAxYTgzNjc1OTgwMmNlN2E0YmYxNTkyOTQ2NTVjMTdiNTlkNjBlYWJhMjgzZTQwNWNmMjQzMWJjNGM4ZDE,,,,,,,,https://static.bihr.pro/eBihr/Pictures/ART-pictures.zip,,Spain Warehouse (Parts)
1047856,,PAXL-6057,ART,ART COMPLETE FRONT SHAFT,Palier de transmisión ART - Polaris RZR 1000,220.46,182.20,109.32,43100022,2,8708509990,0,1,"<html> <head> <meta http-equiv=""Content-Type"" content=""text/html; charset=utf-8""><title> </title> <style type=""text/css"">.cs95E872D0{text-align:left;margin:0pt 0pt 0pt 0pt;}.csA7555675{color:#000;background-color:transparent;font-weight:normal;font-style:normal;}</style> </head> <body> <p>ART shafts perfectly suits OEM standards and do not require any special mounting modification.</p></body> </html>","       ART shafts perfectly suits OEM standards and do not require any special mounting modification. ",VEHICLE PARTS & ACCESSORIES,CHASSIS PARTS,CHAS. SERVICE PARTS,,,,,12124,5279,776,124,126,,,,,,,,,,,,,,,,,,,,,,,,,,,,,,,,Delantero,,,,,,https://api.mybihr.com/medias/1047856-1-800Wx800H?context=bWFzdGVyfHJvb3R8MzU4ODd8aW1hZ2UvanBlZ3xhR1kwTDJoa1lTODRPVGN4TURJM01UZzFOamswTHpFd05EYzROVFl0TVY4NE1EQlhlRGd3TUVnfDc0MDRmNDZhYjE4NjliNDE0ZWZlNDBlM2M4Mzc5NjkzOGI3MTQ2NjkxZmJmYjhkZTlkYmU1ZWFkZTM0ZGU0YmI,,,,,,,,https://static.bihr.pro/eBihr/Pictures/ART-pictures.zip,,Spain Warehouse (Parts)
1047863,,PAXL-6075,ART,ART COMPLETE FRONT SHAFT,Palier de transmisión ART - Polaris Sportsman,199.89,165.20,99.12,43100007,2,8708509990,0,1,"<html> <head> <meta http-equiv=""Content-Type"" content=""text/html; charset=utf-8""><title> </title> <style type=""text/css"">.cs95E872D0{text-align:left;margin:0pt 0pt 0pt 0pt;}.csA7555675{color:#000;background-color:transparent;font-weight:normal;font-style:normal;}</style> </head> <body> <p>ART shafts perfectly suits OEM standards and do not require any special mounting modification.</p></body> </html>","       ART shafts perfectly suits OEM standards and do not require any special mounting modification. ",VEHICLE PARTS & ACCESSORIES,CHASSIS PARTS,CHAS. SERVICE PARTS,,,,,12027,3740,758,129,123,,,,,,,,,,,,,,,,,,,,,,,,,,,,,,,,Delantero,,,,,,https://api.mybihr.com/medias/1047863-1-800Wx800H?context=bWFzdGVyfHJvb3R8MzU4ODd8aW1hZ2UvanBlZ3xhR1EwTDJoaFpDODRPVGN4TURJNE5UWXhPVFV3THpFd05EYzROak10TVY4NE1EQlhlRGd3TUVnfGYwODg3YmNiYzdlN2U4MTUzNmRmOTRiYmFmYTE3NzczM2FiMGM4ZjU4MDFkMTk4YjhjMjRjNjgzM2E4MWU0ZWU,,,,,,,,https://static.bihr.pro/eBihr/Pictures/ART-pictures.zip,,Spain Warehouse (Parts)
1047887,,PAXL-1106,ART,ART COMPLETE FRONT SHAFT LEFT,Palier de transmisión delantero izquierdo ART - Kawasaki,196.99,162.80,97.68,PD-PAXL-1106,0,8708509990,0,1,ART shafts perfectly suits OEM standards and do not require any special mounting modification.,ART shafts perfectly suits OEM standards and do not require any special mounting modification.,VEHICLE PARTS & ACCESSORIES,CHASSIS PARTS,CHAS. SERVICE PARTS,,,,,9136,3467,599,124,123,,,,,,,,,,,,,,,,,,,,,,,,,,,,,,,,Delantero Izquierdo,,,,,,https://api.mybihr.com/medias/1047887-1-800Wx800H?context=bWFzdGVyfHJvb3R8MzU4NjN8aW1hZ2UvanBlZ3xhR0UzTDJnd1pDODRPVGN4TURNek5EYzNNVFV3THpFd05EYzRPRGN0TVY4NE1EQlhlRGd3TUVnfDZlMDJhYjVmZjEyN2Q2NmVjYmYwYjdjYWY0MzNiOGI2ZjQzZTk4N2RhOTQ0OGRjODFkYzc3OWE0ZWM1ZjM4NTk,,,,,,,,https://static.bihr.pro/eBihr/Pictures/ART-pictures.zip,,Spain Warehouse (Parts)
1047891,,PAXL-8007,ART,ART COMPLETE FRONT SHAFT LEFT,Palier de transmisión delantero izquierdo ART - Yamaha,176.90,146.20,87.72,CAR10614,0,8708509990,0,1,ART shafts perfectly suits OEM standards and do not require any special mounting modification.,ART shafts perfectly suits OEM standards and do not require any special mounting modification.,VEHICLE PARTS & ACCESSORIES,CHASSIS PARTS,CHAS. SERVICE PARTS,,,,,13062,3410,764,139,123,,,,,,,,,,,,,,,,,,,,,,,,,,,,,,,,Delantero Izquierdo,,,,,,https://api.mybihr.com/medias/1047891-1-800Wx800H?context=bWFzdGVyfHJvb3R8MzU4NjN8aW1hZ2UvanBlZ3xhRGd3TDJnM01DODRPVGN4TURNME1qWXpOVGd5THpFd05EYzRPVEV0TVY4NE1EQlhlRGd3TUVnfDhjOGNjZWZhYWE2OWMzN2E5MzVmNzAwMzQxNzE4ZTkwZDlmYjc2OGY1NzI0MWE2Njk2OGViMzM0MjdkNTcyMjI,,,,,,,,https://static.bihr.pro/eBihr/Pictures/ART-pictures.zip,,Spain Warehouse (Parts)
1047892,,PAXL-1088,ART,ART COMPLETE FRONT SHAFT LEFT,Palier de transmisión delantero izquierdo ART - Yamaha YFM 660F Grizzly,209.94,173.50,104.10,PD-PAXL-1088,0,8708509990,0,1,ART shafts perfectly suits OEM standards and do not require any special mounting modification.,ART shafts perfectly suits OEM standards and do not require any special mounting modification.,VEHICLE PARTS & ACCESSORIES,CHASSIS PARTS,CHAS. SERVICE PARTS,,,,,5893,2991,633,98,95,,,,,,,,,,,,,,,,,,,,,,,,,,,,,,,,Delantero Izquierdo,,,,,,https://api.mybihr.com/medias/1047892-1-800Wx800H?context=bWFzdGVyfHJvb3R8MzU4NjN8aW1hZ2UvanBlZ3xhRFV4TDJnM055ODRPVGN4TURNME5EWXdNVGt3THpFd05EYzRPVEl0TVY4NE1EQlhlRGd3TUVnfDI5OGNkYjc4MmQ0Y2EzNjA0ZjhmMDc4ZTljMTg0MzA3NGZhODVmYjlmZTg1N2NkOWQzMGM1MGQxYTZkMWY1ZDM,,,,,,,,https://static.bihr.pro/eBihr/Pictures/ART-pictures.zip,,Spain Warehouse (Parts)
1042192,MS2107,AXL-2031-1015NUT,ART,ART WHEEL AXLE,Eje de rueda + 2'' ART Yamaha YFM660R Raptor,339.50,280.58,182.38,AXL-2031-1015,2,8708509990,0,1,"<p>ART wheel axles are forged with Japanes quality steel and finished with the finest chrome plating.</p> <ul> <li>2"" wider </li> <li>Delivered with a spacers set (21 x 21 mm) and axle end nuts</li> <li>Axle + axle nut, re-use of OEM parts </li></ul>","
ART wheel axles are forged with Japanes quality steel and finished with the finest chrome plating.  2"" wider  Delivered with a spacers set (21 x 21 mm) and axle end nuts Axle + axle nut, re-use of OEM parts ",VEHICLE PARTS & ACCESSORIES,CHASSIS PARTS,CHAS. SERVICE PARTS,,,,,8186,6700,1070,90,85,,,,,,,,,,,,,,,,,,Acero,,,,,,,,,,,,,,,,,,,,https://api.mybihr.com/medias/1042192-1-800Wx800H?context=bWFzdGVyfHJvb3R8MjQwMjl8aW1hZ2UvanBlZ3xhREF4TDJneFlpODVNREV5TnpRMU9EazFPVFkyTHpFd05ESXhPVEl0TVY4NE1EQlhlRGd3TUVnfGE3ZDA3NTYyZThmYTI4ZGIwYTE3NTRjNTQ0NGMwOGUzZjYwN2ZmNWE4Y2VmZThiYmEwYTZjNjM1YmVhMDI5NDE,https://api.mybihr.com/medias/1042192-2-800Wx800H?context=bWFzdGVyfHJvb3R8OTIwNDJ8aW1hZ2UvanBlZ3xhRGRrTDJnMk9TODVNREV5TnpRMk1Ea3lOVGMwTHpFd05ESXhPVEl0TWw4NE1EQlhlRGd3TUVnfGZiYTBmZTNlZDdhNzUzNzUzNzZjNmI3MTE1ZTg2ZGYxZmQ2YjIzYThhNTkzYzk5NmFhMGE2Y2NhZGYxOTA4ODU,,,,,,,https://static.bihr.pro/eBihr/Pictures/ART-pictures.zip,,Spain Warehouse (Parts)
1047989,,PAPRS-8006,ART,ART PROPELLER SHAFT CAN REAR,Palier de transmisión trasero ART - Can Am,500.94,414.00,248.40,3661738009788,1,8708505590,0,1,"<html> <head> <meta http-equiv=""Content-Type"" content=""text/html; charset=utf-8""><title> </title> <style type=""text/css"">.cs95E872D0{text-align:left;margin:0pt 0pt 0pt 0pt;}.csA7555675{color:#000;background-color:transparent;font-weight:normal;font-style:normal;}</style> </head> <body> <p>These replacement shafts are designed as a direct factory OEM part replacement with no modifications required for installation. Manufactured with a very tight tolerance using high quality materials and balanced for a smooth vibration free ride. These shafts meet or exceed factory OEM specifications.</p></body> </html>","       These replacement shafts are designed as a direct factory OEM part replacement with no modifications required for installation. Manufactured with a very tight tolerance using high quality materials and balanced for a smooth vibration free ride. These shafts meet or exceed factory OEM specifications. ",VEHICLE PARTS & ACCESSORIES,CHASSIS PARTS,CHAS. SERVICE PARTS,,,,,4250,3516,421,103,98,,,,,,,,,,,,,,,,,,,,,,,,,,,,,,,,Trasero,,,,,,https://api.mybihr.com/medias/1047989-1-800Wx800H?context=bWFzdGVyfHJvb3R8MzU4OTB8aW1hZ2UvanBlZ3xhRGt4TDJoallpODRPVGN4TURVeE1EUXdOems0THpFd05EYzVPRGt0TVY4NE1EQlhlRGd3TUVnfGE3NWNlMDU1NDg5ZjRmYzE3N2JkNzcyODE5NjhmYmIxNDQ1YmViNzdhYzRiMGY1ZGNlZWRiMTNlMTM2ZTQ1YmU,,,,,,,,https://static.bihr.pro/eBihr/Pictures/ART-pictures.zip,,France Warehouse (Parts)
1047990,,PAPRS-8008,ART,ART PROPELLER SHAFT CAN REAR,Palier de transmisión trasero ART - Can Am,431.49,356.60,231.79,3661738009764,0,8708505590,0,1,"<html> <head> <meta http-equiv=""Content-Type"" content=""text/html; charset=utf-8""><title> </title> <style type=""text/css"">.cs95E872D0{text-align:left;margin:0pt 0pt 0pt 0pt;}.csA7555675{color:#000;background-color:transparent;font-weight:normal;font-style:normal;}</style> </head> <body> <p>These replacement shafts are designed as a direct factory OEM part replacement with no modifications required for installation. Manufactured with a very tight tolerance using high quality materials and balanced for a smooth vibration free ride. These shafts meet or exceed factory OEM specifications.</p></body> </html>","       These replacement shafts are designed as a direct factory OEM part replacement with no modifications required for installation. Manufactured with a very tight tolerance using high quality materials and balanced for a smooth vibration free ride. These shafts meet or exceed factory OEM specifications. ",VEHICLE PARTS & ACCESSORIES,CHASSIS PARTS,CHAS. SERVICE PARTS,,,,,9331,3907,612,126,121,,,,,,,,,,,,,,,,,,,,,,,,,,,,,,,,Trasero,,,,,,https://api.mybihr.com/medias/1047990-1-800Wx800H?context=bWFzdGVyfHJvb3R8MzU4OTB8aW1hZ2UvanBlZ3xhRFJtTDJoa01pODRPVGN4TURVeE1qTTNOREEyTHpFd05EYzVPVEF0TVY4NE1EQlhlRGd3TUVnfDM0NzlkMDE0ODUwNDY3MTU3ZjVhYzJhZDIxZDZlZDczNGFhZWU0OGQzYzg5YmQzNjNhNjU3NzY2NGZjOWQxYzc,,,,,,,,https://static.bihr.pro/eBihr/Pictures/ART-pictures.zip,,France Warehouse (Parts)
1047991,,PAPRS-8023,ART,ART PROPELLER SHAFT CAN REAR,Palier de transmisión trasero ART - Can Am,348.96,288.40,187.46,3661738009658,0,8708505590,0,1,"<html> <head> <meta http-equiv=""Content-Type"" content=""text/html; charset=utf-8""><title> </title> <style type=""text/css"">.cs95E872D0{text-align:left;margin:0pt 0pt 0pt 0pt;}.csA7555675{color:#000;background-color:transparent;font-weight:normal;font-style:normal;}</style> </head> <body> <p>These replacement shafts are designed as a direct factory OEM part replacement with no modifications required for installation. Manufactured with a very tight tolerance using high quality materials and balanced for a smooth vibration free ride. These shafts meet or exceed factory OEM specifications.</p></body> </html>","       These replacement shafts are designed as a direct factory OEM part replacement with no modifications required for installation. Manufactured with a very tight tolerance using high quality materials and balanced for a smooth vibration free ride. These shafts meet or exceed factory OEM specifications. ",VEHICLE PARTS & ACCESSORIES,CHASSIS PARTS,CHAS. SERVICE PARTS,,,,,4351,3669,431,103,98,,,,,,,,,,,,,,,,,,,,,,,,,,,,,,,,Trasero,,,,,,https://api.mybihr.com/medias/1047991-1-800Wx800H?context=bWFzdGVyfHJvb3R8MzU4OTB8aW1hZ2UvanBlZ3xhREZtTDJoa09TODRPVGN4TURVeE5ETTBNREUwTHpFd05EYzVPVEV0TVY4NE1EQlhlRGd3TUVnfDZhODkwMzQzMTY2YTJlZjBkY2M0YmExNzM5ZmQyNWNiMTQwNmQwM2FkZTMwNjAxZGE3MzYxNjE2NDhlMTIzNDY,,,,,,,,https://static.bihr.pro/eBihr/Pictures/ART-pictures.zip,,France Warehouse (Parts)
1047862,,PAXL-6063,ART,ART COMPLETE FRONT SHAFT,Palier de transmisión ART - Polaris Sportsman,200.98,166.10,99.66,43100011,0,8708509990,0,1,"<html> <head> <meta http-equiv=""Content-Type"" content=""text/html; charset=utf-8""><title> </title> <style type=""text/css"">.cs95E872D0{text-align:left;margin:0pt 0pt 0pt 0pt;}.csA7555675{color:#000;background-color:transparent;font-weight:normal;font-style:normal;}</style> </head> <body> <p>ART shafts perfectly suits OEM standards and do not require any special mounting modification.</p></body> </html>","       ART shafts perfectly suits OEM standards and do not require any special mounting modification. ",VEHICLE PARTS & ACCESSORIES,CHASSIS PARTS,CHAS. SERVICE PARTS,,,,,11698,4914,767,124,123,,,,,,,,,,,,,,,,,,,,,,,,,,,,,,,,Delantero,,,,,,https://api.mybihr.com/medias/1047862-1-800Wx800H?context=bWFzdGVyfHJvb3R8MzU4ODd8aW1hZ2UvanBlZ3xhR0UwTDJoaU5DODRPVGN4TURJNE16WTFNelF5THpFd05EYzROakl0TVY4NE1EQlhlRGd3TUVnfDQ0OWQ5MTZmNGEzZTU5Yzg4NDNjODZhY2RmNWU2ODYzOTBjOTAyNzExZTEyMWE0ZmUyNjQ0NDNkMGJmNGQ0ZWI,,,,,,,,https://static.bihr.pro/eBihr/Pictures/ART-pictures.zip,,Spain Warehouse (Parts)
1047873,,PAXL-8018,ART,ART COMPLETE FRONT SHAFT,Palier de transmisión ART - Yamaha YXZ 1000,206.18,170.40,102.24,43100015,0,8708509990,0,1,"<html> <head> <meta http-equiv=""Content-Type"" content=""text/html; charset=utf-8""><title> </title> <style type=""text/css"">.cs95E872D0{text-align:left;margin:0pt 0pt 0pt 0pt;}.csA7555675{color:#000;background-color:transparent;font-weight:normal;font-style:normal;}</style> </head> <body> <p>ART shafts perfectly suits OEM standards and do not require any special mounting modification.</p></body> </html>","       ART shafts perfectly suits OEM standards and do not require any special mounting modification. ",VEHICLE PARTS & ACCESSORIES,CHASSIS PARTS,CHAS. SERVICE PARTS,,,,,11871,4790,766,126,123,,,,,,,,,,,,,,,,,,,,,,,,,,,,,,,,Delantero,,,,,,https://api.mybihr.com/medias/1047873-1-800Wx800H?context=bWFzdGVyfHJvb3R8MzU4ODd8aW1hZ2UvanBlZ3xhREZpTDJnMFlTODVNREV5TXpjMk5qQXdOakEyTHpFd05EYzROek10TVY4NE1EQlhlRGd3TUVnfGVlOWZjNGVmYjY0YjA2MjU2YTNjZjcwMGE2NGVmNzAxMDQ4MDA0YmMwNGUyNDEzZTE1OWI5OWM4OWI1NWIwMWM,,,,,,,,https://static.bihr.pro/eBihr/Pictures/ART-pictures.zip,,Spain Warehouse (Parts)
1047898,,PAXL-3039,ART,ART COMPLETE FRONT SHAFT RIGHT,Palier de transmisión delantero derecho ART - Can Am X3 XRS,282.78,233.70,140.22,43100019,0,8708509990,0,1,"<html> <head> <meta http-equiv=""Content-Type"" content=""text/html; charset=utf-8""><title> </title> <style type=""text/css"">.cs95E872D0{text-align:left;margin:0pt 0pt 0pt 0pt;}.csA7555675{color:#000;background-color:transparent;font-weight:normal;font-style:normal;}</style> </head> <body> <p>ART shafts perfectly suits OEM standards and do not require any special mounting modification.</p></body> </html>","       ART shafts perfectly suits OEM standards and do not require any special mounting modification. ",VEHICLE PARTS & ACCESSORIES,CHASSIS PARTS,CHAS. SERVICE PARTS,,,,,15703,6000,1005,125,125,,,,,,,,,,,,,,,,,,,,,,,,,,,,,,,,Delantero derecho,,,,,,https://api.mybihr.com/medias/1047898-1-800Wx800H?context=bWFzdGVyfHJvb3R8MzU4ODd8aW1hZ2UvanBlZ3xhRGMxTDJobFpTODRPVGN4TURNMU9ETTJORFEyTHpFd05EYzRPVGd0TVY4NE1EQlhlRGd3TUVnfGVmZDRlZWM4YTBlY2Q2ZDhjYjA1ZmU2ODdiYzY0NWM0YTgxYjY0MjAwN2Y4ODlmOTU0NTY2ODU5MmRiMjYwMGI,,,,,,,,https://static.bihr.pro/eBihr/Pictures/ART-pictures.zip,,Spain Warehouse (Parts)
1047901,,PAXL-3012,ART,ART COMPLETE FRONT SHAFT RIGHT,Palier de transmisión delantero derecho ART - Can-Am Maverick 1000R,203.16,167.90,100.74,PD-PAXL-3012,0,8708509990,0,1,ART shafts perfectly suits OEM standards and do not require any special mounting modification.,ART shafts perfectly suits OEM standards and do not require any special mounting modification.,VEHICLE PARTS & ACCESSORIES,CHASSIS PARTS,CHAS. SERVICE PARTS,,,,,12082,5106,761,126,126,,,,,,,,,,,,,,,,,,,,,,,,,,,,,,,,Delantero derecho,,,,,,https://api.mybihr.com/medias/1047901-1-800Wx800H?context=bWFzdGVyfHJvb3R8MzU4NjN8aW1hZ2UvanBlZ3xhRGd4TDJoaU5TODRPVGN4TURNMk5ESTJNamN3THpFd05EYzVNREV0TVY4NE1EQlhlRGd3TUVnfDBiY2ZiNWU5YWZjNDRmZTViMTk3MWU4ZWFlN2QyYzMzNzIxYjgzNmY3YTlhMGUyMjM2Mzc5Y2M5ZmZkMGRmMWY,,,,,,,,https://static.bihr.pro/eBihr/Pictures/ART-pictures.zip,,Spain Warehouse (Parts)
1047906,,PAXL-1107,ART,ART COMPLETE FRONT SHAFT RIGHT,Palier de transmisión delantero derecho ART - Kawasaki,215.74,178.30,106.98,PD-PAXL-1107,0,8708509990,0,1,ART shafts perfectly suits OEM standards and do not require any special mounting modification.,ART shafts perfectly suits OEM standards and do not require any special mounting modification.,VEHICLE PARTS & ACCESSORIES,CHASSIS PARTS,CHAS. SERVICE PARTS,,,,,9243,3306,606,124,123,,,,,,,,,,,,,,,,,,,,,,,,,,,,,,,,Delantero derecho,,,,,,https://api.mybihr.com/medias/1047906-1-800Wx800H?context=bWFzdGVyfHJvb3R8MzU4NjN8aW1hZ2UvanBlZ3xhR1ZoTDJnMFlpODRPVGN4TURNM05EQTVNekV3THpFd05EYzVNRFl0TVY4NE1EQlhlRGd3TUVnfGRkZTM2ZDc2MGQyZDg0Njc1Yjc2NjQwOWQ3NjAxODU0YzE4YzBhM2I0YzRmOTVjZDZkZTIwY2QwZDU1NjlhN2Y,,,,,,,,https://static.bihr.pro/eBihr/Pictures/ART-pictures.zip,,Spain Warehouse (Parts)
1047849,,PAXL-6015,ART,ART COMPLETE FRONT SHAFT,Palier de transmisión ART - Polaris,216.23,178.70,107.22,PD-PAXL-6015,0,8708509990,0,1,ART shafts perfectly suits OEM standards and do not require any special mounting modification.,ART shafts perfectly suits OEM standards and do not require any special mounting modification.,VEHICLE PARTS & ACCESSORIES,CHASSIS PARTS,CHAS. SERVICE PARTS,,,,,12335,5012,798,131,118,,,,,,,,,,,,,,,,,,,,,,,,,,,,,,,,Delantero,,,,,,https://api.mybihr.com/medias/1047849-1-800Wx800H?context=bWFzdGVyfHJvb3R8MzU4NjN8aW1hZ2UvanBlZ3xhRFl4TDJneFpTODRPVGN4TURJMU9EQTVORE00THpFd05EYzRORGt0TVY4NE1EQlhlRGd3TUVnfDliMjRlOTRiNGZiYzBkOTA3ODNjNWQwMmM1ODUwMTRmMTgxYjhmYTViZGNlMzkxM2FkYjUzOGEzYzYyOTlhNmQ,,,,,,,,https://static.bihr.pro/eBihr/Pictures/ART-pictures.zip,,Spain Warehouse (Parts)
1047929,,PAXL-1156,ART,ART COMPLETE REAR SHAFT,Palier de transmisión trasero ART - Can-Am Commander 800/1000,149.92,123.90,74.34,PD-PAXL-1156,0,8708509990,0,1,ART shafts perfectly suits OEM standards and do not require any special mounting modification.,ART shafts perfectly suits OEM standards and do not require any special mounting modification.,VEHICLE PARTS & ACCESSORIES,CHASSIS PARTS,CHAS. SERVICE PARTS,,,,,17842,6534,804,152,146,,,,,,,,,,,,,,,,,,,,,,,,,,,,,,,,Trasero,,,,,,https://api.mybihr.com/medias/1047929-1-800Wx800H?context=bWFzdGVyfHJvb3R8MzU4NjN8aW1hZ2UvanBlZ3xhRFppTDJneFlTODRPVGN4TURReE9UTXhNamswTHpFd05EYzVNamt0TVY4NE1EQlhlRGd3TUVnfGMxMDBlNjk1YjZlMzhjMzMzMTk0NmI0ODgzNzViZjcwN2MxMWQ3MWMxYTZlNzE4MjU5YTFiYjhjMDQyNzE4OGM,,,,,,,,https://static.bihr.pro/eBihr/Pictures/ART-pictures.zip,,Spain Warehouse (Parts)
1047930,,PAXL-1112,ART,ART COMPLETE REAR SHAFT,Palier de transmisión trasero ART - Kawasaki,192.75,159.30,95.58,PD-PAXL-1112,0,8708509990,0,1,ART shafts perfectly suits OEM standards and do not require any special mounting modification.,ART shafts perfectly suits OEM standards and do not require any special mounting modification.,VEHICLE PARTS & ACCESSORIES,CHASSIS PARTS,CHAS. SERVICE PARTS,,,,,5965,3545,635,101,93,,,,,,,,,,,,,,,,,,,,,,,,,,,,,,,,Trasero,,,,,,https://api.mybihr.com/medias/1047930-1-800Wx800H?context=bWFzdGVyfHJvb3R8MzU4NjN8aW1hZ2UvanBlZ3xhR1F6TDJnMk9DODRPVGN4TURReU1USTNPVEF5THpFd05EYzVNekF0TVY4NE1EQlhlRGd3TUVnfGMxOWI4YzFkNTQwYTFiZmQyYTg2NTU3MjdiMTM3ODNjMWFiZWZjYWEyMTAxZjEzNzgzMzRhYTc5NTE2Yjc2NjE,,,,,,,,https://static.bihr.pro/eBihr/Pictures/ART-pictures.zip,,Spain Warehouse (Parts)
1047932,,PAXL-1134,ART,ART COMPLETE REAR SHAFT,Palier de transmisión trasero ART - Polaris,193.60,160.00,96.00,CAR10416,0,8708509990,0,1,ART shafts perfectly suits OEM standards and do not require any special mounting modification.,ART shafts perfectly suits OEM standards and do not require any special mounting modification.,VEHICLE PARTS & ACCESSORIES,CHASSIS PARTS,CHAS. SERVICE PARTS,,,,,8520,4272,607,121,116,,,,,,,,,,,,,,,,,,,,,,,,,,,,,,,,Trasero izquierdo,,,,,,https://api.mybihr.com/medias/1047932-1-800Wx800H?context=bWFzdGVyfHJvb3R8MzU4NjN8aW1hZ2UvanBlZ3xhRGMwTDJnM05pODRPVGN4TURReU5USXhNVEU0THpFd05EYzVNekl0TVY4NE1EQlhlRGd3TUVnfGFmYmY5MWUwZjhmYmJlZjU2ZTZiY2RiYWM4YzUzYjAyOTY2MTk4MjY2M2JlYzNiMzJlMzk2ZmJjODUwNDI1NGE,,,,,,,,https://static.bihr.pro/eBihr/Pictures/ART-pictures.zip,,Spain Warehouse (Parts)
1047935,,PAXL-6028,ART,ART COMPLETE REAR SHAFT,Palier de transmisión trasero ART - Polaris Ranger 48V EV,234.98,194.20,116.52,PD-PAXL-6028,0,8708509990,0,1,ART shafts perfectly suits OEM standards and do not require any special mounting modification.,ART shafts perfectly suits OEM standards and do not require any special mounting modification.,VEHICLE PARTS & ACCESSORIES,CHASSIS PARTS,CHAS. SERVICE PARTS,,,,,9312,6222,692,116,116,,,,,,,,,,,,,,,,,,,,,,,,,,,,,,,,Trasero,,,,,,https://api.mybihr.com/medias/1047935-1-800Wx800H?context=bWFzdGVyfHJvb3R8MzU4NjN8aW1hZ2UvanBlZ3xhRGRrTDJoa01pODRPVGN4TURRek1URXdPVFF5THpFd05EYzVNelV0TVY4NE1EQlhlRGd3TUVnfDliMGRlM2QwZmMzMWRkZDM1MTI0ZmZhYTcxN2Y2NTE1ZWZkYWQxYzY1ZGI2MGE2Nzk4M2VjNjc0Mjg3OGNlOWQ,,,,,,,,https://static.bihr.pro/eBihr/Pictures/ART-pictures.zip,,Spain Warehouse (Parts)
1047938,,PAXL-1138,ART,ART COMPLETE REAR SHAFT,Palier de transmisión trasero ART - Polaris RZR 800 Ranger,199.17,164.60,98.76,PD-PAXL-1138,0,8708509990,0,1,ART shafts perfectly suits OEM standards and do not require any special mounting modification.,ART shafts perfectly suits OEM standards and do not require any special mounting modification.,VEHICLE PARTS & ACCESSORIES,CHASSIS PARTS,CHAS. SERVICE PARTS,,,,,5955,4672,634,101,93,,,,,,,,,,,,,,,,,,,,,,,,,,,,,,,,Trasero,,,,,,https://api.mybihr.com/medias/1047938-1-800Wx800H?context=bWFzdGVyfHJvb3R8MzU4NjN8aW1hZ2UvanBlZ3xhRFE0TDJobFlpODRPVGN4TURRek9EazNNemMwTHpFd05EYzVNemd0TVY4NE1EQlhlRGd3TUVnfDJhMmU0MThmMTIwNjE4ZDYyMzIzNzBkMzE5MzcwZGUxNzZiNWYyNjY3MWI2ZDRlZjJlMjM5Mjg5MGQzNWJkMjg,,,,,,,,https://static.bihr.pro/eBihr/Pictures/ART-pictures.zip,,Spain Warehouse (Parts)
1047939,,PAXL-6005,ART,ART COMPLETE REAR SHAFT,Palier de transmisión trasero ART - Polaris RZR 800 S Ranger,196.26,162.20,97.32,PD-PAXL-6005,0,8708509990,0,1,ART shafts perfectly suits OEM standards and do not require any special mounting modification.,ART shafts perfectly suits OEM standards and do not require any special mounting modification.,VEHICLE PARTS & ACCESSORIES,CHASSIS PARTS,CHAS. SERVICE PARTS,,,,,11830,5589,808,121,121,,,,,,,,,,,,,,,,,,,,,,,,,,,,,,,,Trasero,,,,,,https://api.mybihr.com/medias/1047939-1-800Wx800H?context=bWFzdGVyfHJvb3R8MzU4NjN8aW1hZ2UvanBlZ3xhRE5pTDJoak5pODRPVGN4TURRME1Ea3pPVGd5THpFd05EYzVNemt0TVY4NE1EQlhlRGd3TUVnfDllMjUwZDRkZTRmYTcyMTM2OGQwMTQ0YzQ3NmNhMTk2NGQzZjQwOTZmMmY5ODQwZDgyMDA1ZjczYmJlNTk1ZDk,,,,,,,,https://static.bihr.pro/eBihr/Pictures/ART-pictures.zip,,Spain Warehouse (Parts)
1047941,,PAXL-6062,ART,ART COMPLETE REAR SHAFT,Palier de transmisión trasero ART - Polaris RZR 900/900S,227.36,187.90,112.74,3661738009542,0,8708505590,0,1,"<html> <head> <meta http-equiv=""Content-Type"" content=""text/html; charset=utf-8""><title> </title> <style type=""text/css"">.cs95E872D0{text-align:left;margin:0pt 0pt 0pt 0pt;}.csA7555675{color:#000;background-color:transparent;font-weight:normal;font-style:normal;}</style> </head> <body> <p>ART shafts perfectly suits OEM standards and do not require any special mounting modification.</p></body> </html>","       ART shafts perfectly suits OEM standards and do not require any special mounting modification. ",VEHICLE PARTS & ACCESSORIES,CHASSIS PARTS,CHAS. SERVICE PARTS,,,,,11971,6002,754,126,126,,,,,,,,,,,,,,,,,,,,,,,,,,,,,,,,Trasero,,,,,,https://api.mybihr.com/medias/1047941-1-800Wx800H?context=bWFzdGVyfHJvb3R8MzU4ODd8aW1hZ2UvanBlZ3xhR0ZrTDJoaU9DODRPVGN4TURRME5EZzNNVGs0THpFd05EYzVOREV0TVY4NE1EQlhlRGd3TUVnfDU4MjlhYjFmN2RiZWE5MTE5MWRkNGMyZTc2MGMwNzBiNTZjMmM1NTNlMGJkMDEyZTBiZmE4NzBhNDdhZGZjZTg,,,,,,,,https://static.bihr.pro/eBihr/Pictures/ART-pictures.zip,,Spain Warehouse (Parts)
1047943,,PAXL-1132,ART,ART COMPLETE REAR SHAFT,Palier de transmisión trasero ART - Polaris Sportsman 850 XP,200.13,165.40,99.24,PD-PAXL-1132,1,8708509990,0,1,ART shafts perfectly suits OEM standards and do not require any special mounting modification.,ART shafts perfectly suits OEM standards and do not require any special mounting modification.,VEHICLE PARTS & ACCESSORIES,CHASSIS PARTS,CHAS. SERVICE PARTS,,,,,8507,4501,704,114,106,,,,,,,,,,,,,,,,,,,,,,,,,,,,,,,,Trasero,,,,,,https://api.mybihr.com/medias/1047943-1-800Wx800H?context=bWFzdGVyfHJvb3R8MzU4NjN8aW1hZ2UvanBlZ3xhRFV5TDJnMVpDODRPVGN4TURRMU1ERXhORGcyTHpFd05EYzVORE10TVY4NE1EQlhlRGd3TUVnfDZjZDcwMGI1NjY3YzkyNDI4NzhkY2ZhNDRkMmE3YmI5MjMyMGM3NWE5OWIyNmE2ZGE2OWYxNDdkNTU0NTEyN2I,,,,,,,,https://static.bihr.pro/eBihr/Pictures/ART-pictures.zip,,Spain Warehouse (Parts)
1047944,,PAXL-1023,ART,ART COMPLETE REAR SHAFT,Palier de transmisión trasero ART - Suzuki,200.50,165.70,99.42,PD-PAXL-1023,0,8708509990,0,1,ART shafts perfectly suits OEM standards and do not require any special mounting modification.,ART shafts perfectly suits OEM standards and do not require any special mounting modification.,VEHICLE PARTS & ACCESSORIES,CHASSIS PARTS,CHAS. SERVICE PARTS,,,,,12018,4978,757,126,126,,,,,,,,,,,,,,,,,,,,,,,,,,,,,,,,Trasero,,,,,,https://api.mybihr.com/medias/1047944-1-800Wx800H?context=bWFzdGVyfHJvb3R8MzU4NjN8aW1hZ2UvanBlZ3xhRGsxTDJnMU5pODRPVGN4TURRMU1qQTRNRGswTHpFd05EYzVORFF0TVY4NE1EQlhlRGd3TUVnfDBhMmY5NzBhYzU4OGExNjhjMGUzNmY1N2EyZTA2MGY0ZjQ0MzgyMGRhOTBhZTYwMDg3ODk4MGZlMjI4NmUxOTE,,,,,,,,https://static.bihr.pro/eBihr/Pictures/ART-pictures.zip,,Spain Warehouse (Parts)
1047945,,PAXL-1101,ART,ART COMPLETE REAR SHAFT,Palier de transmisión trasero ART - Yamaha,195.66,161.70,97.02,PD-PAXL-1101,2,8708509990,0,1,ART shafts perfectly suits OEM standards and do not require any special mounting modification.,ART shafts perfectly suits OEM standards and do not require any special mounting modification.,VEHICLE PARTS & ACCESSORIES,CHASSIS PARTS,CHAS. SERVICE PARTS,,,,,8309,3613,607,118,116,,,,,,,,,,,,,,,,,,,,,,,,,,,,,,,,Trasero,,,,,,https://api.mybihr.com/medias/1047945-1-800Wx800H?context=bWFzdGVyfHJvb3R8MzU4NjN8aW1hZ2UvanBlZ3xhR00xTDJnMFppODRPVGN4TURRMU5EQTBOekF5THpFd05EYzVORFV0TVY4NE1EQlhlRGd3TUVnfGMwNjUzOTZiZmI2NzFjNGM2MjcxYmRhNTgxN2RiNzhiMGNiNzNiNjFiMzAxYjA1NzUxMWE1ZGYyMTkzYWVkNTA,,,,,,,,https://static.bihr.pro/eBihr/Pictures/ART-pictures.zip,,Spain Warehouse (Parts)
1047934,,PAXL-6069,ART,ART COMPLETE REAR SHAFT,Palier de transmisión trasero ART - Polaris ACE 325/570,199.65,165.00,99.00,3661738009566,1,8708505590,0,1,"<html> <head> <meta http-equiv=""Content-Type"" content=""text/html; charset=utf-8""><title> </title> <style type=""text/css"">.cs95E872D0{text-align:left;margin:0pt 0pt 0pt 0pt;}.csA7555675{color:#000;background-color:transparent;font-weight:normal;font-style:normal;}</style> </head> <body> <p>ART shafts perfectly suits OEM standards and do not require any special mounting modification.</p></body> </html>","       ART shafts perfectly suits OEM standards and do not require any special mounting modification. ",VEHICLE PARTS & ACCESSORIES,CHASSIS PARTS,CHAS. SERVICE PARTS,,,,,11971,6230,754,126,126,,,,,,,,,,,,,,,,,,,,,,,,,,,,,,,,Trasero,,,,,,https://api.mybihr.com/medias/1047934-1-800Wx800H?context=bWFzdGVyfHJvb3R8MzU4ODd8aW1hZ2UvanBlZ3xhREF4TDJnNE5DODRPVGN4TURReU9URTBNek0wTHpFd05EYzVNelF0TVY4NE1EQlhlRGd3TUVnfDI2ZGVjN2ZmMmM2ZGY5MGQ2OGM0NzdlYmJmNDE5ZmIyODZlY2QxOTVhNTA0ZjU3NDRmOGMwYjVjZTcyZTJiOGM,,,,,,,,https://static.bihr.pro/eBihr/Pictures/ART-pictures.zip,,Spain Warehouse (Parts)
1047949,,PAXL-1104,ART,ART COMPLETE REAR SHAFT,Palier de transmisión trasero ART - Yamaha YFM700 Grizzly,202.43,167.30,100.38,CAR10611,1,8708509990,0,1,ART shafts perfectly suits OEM standards and do not require any special mounting modification.,ART shafts perfectly suits OEM standards and do not require any special mounting modification.,VEHICLE PARTS & ACCESSORIES,CHASSIS PARTS,CHAS. SERVICE PARTS,,,,,10276,3372,777,115,115,,,,,,,,,,,,,,,,,,,,,,,,,,,,,,,,Trasero,,,,,,https://api.mybihr.com/medias/1047949-1-800Wx800H?context=bWFzdGVyfHJvb3R8MzU4NjN8aW1hZ2UvanBlZ3xhR00wTDJneE1DODRPVGN4TURRMk1Ua3hNVE0wTHpFd05EYzVORGt0TVY4NE1EQlhlRGd3TUVnfDY2ZTNhMjk4NDlkNDk5YzFmMjViYzAwNjMwODk1YTZjNmViMzBhZjRjZDMyZGVlNjM0YmYwNDFmOWJiMmNhYjg,,,,,,,,https://static.bihr.pro/eBihr/Pictures/ART-pictures.zip,,Spain Warehouse (Parts)
1049586,,CSS-2180-728,ART,ART STEERING STEM,Barra dirección ART 728 mm Honda TRX450R,170.40,140.83,84.50,CSS-2180-728,0,8714109090,0,1,<ul> <li>Adapted to 100 mm clamps part # MS6011 (ø22.2 mm handlebar) or MS6012 (ø28.6 mm handlebar)</li> <li>Clamp not included </li></ul>," Adapted to 100 mm clamps part # MS6011 (ø22.2 mm handlebar) or MS6012 (ø28.6 mm handlebar) Clamp not included ",VEHICLE PARTS & ACCESSORIES,CHASSIS PARTS,CHAS. SERVICE PARTS,,,,,8848,1250,790,140,80,,,,,,,,,,,,,,,,,,Acero,,,,,,,,,,,,,,,,,,,,https://api.mybihr.com/medias/1049586-1-800Wx800H?context=bWFzdGVyfHJvb3R8MjY4MDB8aW1hZ2UvanBlZ3xhRGt5TDJnMU5pODRPVGN4TWpJNE56QTRPRGswTHpFd05EazFPRFl0TVY4NE1EQlhlRGd3TUVnfGI3ZjUxNTc3OGRmNjVlYjI3Mzg3YmRjODg1NDdhNmNiZWZmYjBlNTcyNjliNzEwMGUzZDYwNzE2NGVkZjU2OTE,,,,,,,,https://static.bihr.pro/eBihr/Pictures/ART-pictures.zip,,Spain Warehouse (Parts)
1049597,,AXL-1970-1022,ART,ART WHEEL AXLE,Eje ART  +2'' Yamaha YFM700R Raptor,341.83,282.50,169.50,AXL-1970-1022,0,8708509990,0,1,"<p>ART wheel axles are forged with Japanes quality steel and finished with the finest chrome plating.</p> <ul> <li>2"" wider</li> <li>Delivered with a spacers set (21 x 21 mm) and axle end nuts</li> <li>Axle only, re-use of OEM parts </li></ul>","
ART wheel axles are forged with Japanes quality steel and finished with the finest chrome plating.  2"" wider Delivered with a spacers set (21 x 21 mm) and axle end nuts Axle only, re-use of OEM parts ",VEHICLE PARTS & ACCESSORIES,CHASSIS PARTS,CHAS. SERVICE PARTS,,,,,8667,7500,1070,90,90,,,,,,,,,,,,,,,,,,Acero,,,,,,,,,,,,,,,,,,,,https://api.mybihr.com/medias/1049597-1-800Wx800H?context=bWFzdGVyfHJvb3R8MjQwMjl8aW1hZ2UvanBlZ3xhR1kzTDJneE9DODRPVGN4TWpNeU1EVXhNak13THpFd05EazFPVGN0TVY4NE1EQlhlRGd3TUVnfDMxZDEzZmZiOTk5N2Q4NzI1YWJlZTc0YWU3NjMyNTFhZDc0OWU5NDUwNTQ5NmNiNzVlZTkwNTJiZmVkMjNmYjA,https://api.mybihr.com/medias/1049597-2-800Wx800H?context=bWFzdGVyfHJvb3R8OTIwNDJ8aW1hZ2UvanBlZ3xhRE5pTDJneE1pODRPVGN4TWpNeU1qUTNPRE00THpFd05EazFPVGN0TWw4NE1EQlhlRGd3TUVnfGQ2ZmVkODZlODQxZGQ2ODVhZTg5YTQ3MDYxODUwZDVjZDVkNWU5OTZjM2IxMDFhYzgxYzIwNjIzMjIwMWIzMzU,,,,,,,https://static.bihr.pro/eBihr/Pictures/ART-pictures.zip,,Spain Warehouse (Parts)
1109336,,PAXL-1090,ART,ART COMPLETE FRONT SHAFT RIGHT,Palier de transmisión delantero derecho ART,223.49,184.70,110.82,PD-PAXL-1090,0,8708509990,0,1,ART shafts perfectly suits OEM standards and do not require any special mounting modification.,ART shafts perfectly suits OEM standards and do not require any special mounting modification.,VEHICLE PARTS & ACCESSORIES,CHASSIS PARTS,CHAS. SERVICE PARTS,,,,,14023,3706,805,134,130,,,,,,,,,,,,,,,,,,,,,,,,,,,,,,,,Delantero derecho,,,,,,https://api.mybihr.com/medias/1109336-1-800Wx800H?context=bWFzdGVyfHJvb3R8MzQwNjd8aW1hZ2UvanBlZ3xhRE5sTDJnNE1DOHhNall5TkRFMk5UVTJPRFUwTWk4eE1UQTVNek0yTFRGZk9EQXdWM2c0TURCSXxmZGM2MWE0YmY5ZTc1M2JjZDI0YzExMjA3YTQzZGEyZjFiNWEwOGFlODE5YThmMjM3ZTFmOWFjMGIxNWJjNWZl,,,,,,,,https://static.bihr.pro/eBihr/Pictures/ART-pictures.zip,,Spain Warehouse (Parts)
1075656011,4090001751,ART-808-51-BLU,ART,"ART RR SPROC 520 BI-CO UL SC, 51, BLU","Corona ART doble compuesto (aluminio/acero) ultraligera autolimpiable - 51 dientes, paso 520, Azul",60.86,50.30,32.70,3661738040231,6,8714109090,0,1,"<p>Coronas bicomponente fabricadas con una parte interior ultraligera de aluminio 7075 T65A de alta calidad y una parte exterior de acero endurecido, sometidas a pruebas de resistencia y aprobadas por los equipos europeos.</p>","
Coronas bicomponente fabricadas con una parte interior ultraligera de aluminio 7075 T65A de alta calidad y una parte exterior de acero endurecido, sometidas a pruebas de resistencia y aprobadas por los equipos europeos.",VEHICLE PARTS & ACCESSORIES,CHASSIS PARTS,CHAS. SPROCKET,,51 dientes,Azul,,1485,805,299,276,18,,,,,,,,,,,,,,,,Azul,,Bi-componentes,,,,,,,,,,,51,520,,,,,,,Autolimpiable ultraligero,https://api.mybihr.com/medias/1075656011-1-800Wx800H?context=bWFzdGVyfHJvb3R8MTUxODMwfGltYWdlL2pwZWd8YUdReUwyZ3lZaTg0T1RRd016a3hORE15TWpJeUx6RXdOelUyTlRZd01URXRNVjg0TURCWGVEZ3dNRWd8Mzc3NjU1ZTk4MGE5MDI3ODBjZDNiZWY0ZjZmZjhjMDQxNjdlZTk4NjJhOWRiMmI3ZjA1ZjRmNmNlODE0YTBiYg,https://api.mybihr.com/medias/1075656011-2-800Wx800H?context=bWFzdGVyfHJvb3R8MTM5MjQwfGltYWdlL2pwZWd8YURZd0wyZ3pPUzg0T1RRd016a3hPREkxTkRNNEx6RXdOelUyTlRZd01URXRNbDg0TURCWGVEZ3dNRWd8MzUxMWIyNjhkZGNiMjYzMzIwNjY2MzgzNWIzMmUxNjZiZTdkMDY2OWYyYWNhNWNkODhiMDAwYzgwNDU0OGM5NA,https://api.mybihr.com/medias/1075656011-3-800Wx800H?context=bWFzdGVyfHJvb3R8MTE1MjU0fGltYWdlL2pwZWd8YURrNUwyZzRaUzg0T1RRd016a3lNakU0TmpVMEx6RXdOelUyTlRZd01URXRNMTg0TURCWGVEZ3dNRWd8NTAxNGYwNjk4YTU5ZWRjNTg0NDFiZTI4YzU4MTMzNTMyYmNkOWEyNjQzODBjNjczZmVhMmM1ZmI3ODUzZThlYw,,,,,,https://static.bihr.pro/eBihr/Pictures/ART-pictures.zip,,Spain Warehouse (Parts)
1075656004,4090001951,ART-808-51-RED,ART,"ART RR SPROC 520 BI-CO UL SC, 51, RED","Corona ART doble compuesto (aluminio/acero) ultraligera autolimpiable - 51 dientes, paso 520, Roja",55.78,46.10,29.97,3661738037484,4,8714109090,0,1,"<p>Coronas bicomponente fabricadas con una parte interior ultraligera de aluminio 7075 T65A de alta calidad y una parte exterior de acero endurecido, sometidas a pruebas de resistencia y aprobadas por los equipos europeos.</p>","
Coronas bicomponente fabricadas con una parte interior ultraligera de aluminio 7075 T65A de alta calidad y una parte exterior de acero endurecido, sometidas a pruebas de resistencia y aprobadas por los equipos europeos.",VEHICLE PARTS & ACCESSORIES,CHASSIS PARTS,CHAS. SPROCKET,,51 dientes,Rojo,,1088,812,299,280,13,,,,,,,,,,,,,,,,Rojo,,Bi-componentes,,,,,,,,,,,51,520,,,,,,,Autolimpiable ultraligero,https://api.mybihr.com/medias/1075656004-1-800Wx800H?context=bWFzdGVyfHJvb3R8MTU0ODc5fGltYWdlL2pwZWd8YUdZeEwyZ3dNeTg1TURFek5ERXdORGsyTlRReUx6RXdOelUyTlRZd01EUXRNVjg0TURCWGVEZ3dNRWd8ZmE3ZTA1NjM3ODk1YmI2ODQ4NmE4NTMyMmRjZGE0NDFkYzM1MmI5OGFjZDc1NDg0MDcxZDhjZGEyNGVjM2UwYw,https://api.mybihr.com/medias/1075656004-2-800Wx800H?context=bWFzdGVyfHJvb3R8MTU5Mzk2fGltYWdlL2pwZWd8YUdSbEwyZ3dNaTg1TURFek5ERXdOamt6TVRVd0x6RXdOelUyTlRZd01EUXRNbDg0TURCWGVEZ3dNRWd8YWNiNGE2OWU4NzI4MjdkNGQ5MDVjOGQyMzk0NWY1M2FiZjhhMzQwMzcxYjllZGU0NjliNWM3ZDM3MjllNjQxZA,https://api.mybihr.com/medias/1075656004-3-800Wx800H?context=bWFzdGVyfHJvb3R8MTEyMTAwfGltYWdlL2pwZWd8YURsaUwyZ3dPUzg1TURFek5ERXdPRGc1TnpVNEx6RXdOelUyTlRZd01EUXRNMTg0TURCWGVEZ3dNRWd8ZWI1ZGI1Nzc4ZjJkZDhmN2ZlNjI0MjE3MDAzMTU2Y2JhODgyMzZjNGViYmZjODAxYWQwMDJjMmU3NGIwYjVmOQ,,,,,,https://static.bihr.pro/eBihr/Pictures/ART-pictures.zip,,Spain Warehouse (Parts)
1075660002,4090001449,ART-TM-49-BLK,ART,"ART RR SPROC 520 BI-CO UL SC TM, 49, BLK","Corona ART doble compuesto (aluminio/acero) ultraligera autolimpiable - 49 dientes, paso 520, Negra",47.50,39.26,25.52,3661738037736,1,8714109090,0,1,"<p>Coronas bicomponente fabricadas con una parte interior ultraligera de aluminio 7075 T65A de alta calidad y una parte exterior de acero endurecido, sometidas a pruebas de resistencia y aprobadas por los equipos europeos.</p>","
Coronas bicomponente fabricadas con una parte interior ultraligera de aluminio 7075 T65A de alta calidad y una parte exterior de acero endurecido, sometidas a pruebas de resistencia y aprobadas por los equipos europeos.",VEHICLE PARTS & ACCESSORIES,CHASSIS PARTS,CHAS. SPROCKET,,49 dientes,Negro,,914,781,299,278,11,,,,,,,,,,,,,,,,Negro,,Bi-componentes,,,,,,,,,,,49,520,,,,,,,Autolimpiable ultraligero,https://api.mybihr.com/medias/1075660002-1-800Wx800H?context=bWFzdGVyfHJvb3R8MTMwMDYwfGltYWdlL2pwZWd8YURWa0wyZ3pZaTg1TURFek5ERTVPVE16TnpJMkx6RXdOelUyTmpBd01ESXRNVjg0TURCWGVEZ3dNRWd8YTM3YTdhNjVhYjQ1ZTA2NmZlMzFkNTY4MzIyZjIwNjI3NWYwOTA5OTI0ODJmZDY5YTZhODU1NjRkNTlkMDZmMA,https://api.mybihr.com/medias/1075660002-2-800Wx800H?context=bWFzdGVyfHJvb3R8MTA0MTA0fGltYWdlL2pwZWd8YUdVMEwyaGpNQzg1TURFek5ESXdNVE13TXpNMEx6RXdOelUyTmpBd01ESXRNbDg0TURCWGVEZ3dNRWd8YzgwOTJhNGJlOTQ0YmY4NTI2YzFiZTMzZWRkYjJjMGIwZTJlMjIyYzI4NDlhNTMyNzFiYTFjOTk4ZWEwYWE2Yg,https://api.mybihr.com/medias/1075660002-3-800Wx800H?context=bWFzdGVyfHJvb3R8MTM0NTYxfGltYWdlL2pwZWd8YUdFeEwyaGpOeTg1TURFek5ESXdNekkyT1RReUx6RXdOelUyTmpBd01ESXRNMTg0TURCWGVEZ3dNRWd8OTIwMDI5NjEzZTU3ZDI2ZjZkMmYxNWU4YTU5NDgyMmFiMzYyMGRmM2U5ODFjOWI1N2I1MWIxYzM4ZDRkNmM2NA,,,,,,https://static.bihr.pro/eBihr/Pictures/ART-pictures.zip,,Spain Warehouse (Parts)
1075660004,4090001348,ART-TM-48-BLU,ART,"ART RR SPROC 520 BI-CO UL SC TM, 48, BLU","Corona ART doble compuesto (aluminio/acero) ultraligera autolimpiable - 48 dientes, paso 520, Azul",61.95,51.20,33.28,3661738037590,1,8714109090,0,1,"<p>Coronas bicomponente fabricadas con una parte interior ultraligera de aluminio 7075 T65A de alta calidad y una parte exterior de acero endurecido, sometidas a pruebas de resistencia y aprobadas por los equipos europeos.</p>","
Coronas bicomponente fabricadas con una parte interior ultraligera de aluminio 7075 T65A de alta calidad y una parte exterior de acero endurecido, sometidas a pruebas de resistencia y aprobadas por los equipos europeos.",VEHICLE PARTS & ACCESSORIES,CHASSIS PARTS,CHAS. SPROCKET,,48 dientes,Azul,,2380,784,263,312,29,,,,,,,,,,,,,,,,Azul,,Bi-componentes,,,,,,,,,,,48,520,,,,,,,Autolimpiable ultraligero,https://api.mybihr.com/medias/1075660004-1-800Wx800H?context=bWFzdGVyfHJvb3R8MTUxODMwfGltYWdlL2pwZWd8YURjeUwyaGpaUzg1TURFek5ESXdOVEl6TlRVd0x6RXdOelUyTmpBd01EUXRNVjg0TURCWGVEZ3dNRWd8MGQ5ODRhMWZkZDJjMDQyZjE3NjQ1MDJmMzE3ZTUxMDhkMjRiMmNjMGU3MDE0NjVlNmI5N2Q1ZTQ3OGYwNmJmZA,https://api.mybihr.com/medias/1075660004-2-800Wx800H?context=bWFzdGVyfHJvb3R8MTM5MjQwfGltYWdlL2pwZWd8YURReUwyaGtOUzg1TURFek5ESXdOekl3TVRVNEx6RXdOelUyTmpBd01EUXRNbDg0TURCWGVEZ3dNRWd8YzZmNmVhZTM3ZTk0OGUwZGY2NTkwZjg3MTA4YTRhN2ZhNjlkODMwZjdhMGUzZmIxMGE5ZmU1YTM5MDY3OGY0Ng,https://api.mybihr.com/medias/1075660004-3-800Wx800H?context=bWFzdGVyfHJvb3R8MTE1MjU0fGltYWdlL2pwZWd8YUdabUwyaGtZaTg1TURFek5ESXdPVEUyTnpZMkx6RXdOelUyTmpBd01EUXRNMTg0TURCWGVEZ3dNRWd8Yjc2NTNjNmVkNmFlZTRkZDdhNzkxMmQ2N2YzOTU0YzUxZTNkZmRkMGJiNWFmOTFmYTk5ZGQwMjU1YjE0Yjk0MQ,,,,,,https://static.bihr.pro/eBihr/Pictures/ART-pictures.zip,,Spain Warehouse (Parts)
1049601,,WSL-110-301,ART,ART WH SPACER L 4X110,Separador rueda ART 4x110 / +30 mm - Adly 300 SP,92.77,76.67,46.00,WSL-110-301,0,7315111000,0,1,<p>Lessen pressure on OEM threaded studs.</p> <ul> <li>Front</li> <li>Anodized aluminium</li> <li>Quick mounting/removing of the wheel</li> <li>Sold in pairs</li> <li>Center-to-center distance 4 x 110 mm</li> <li>Thickness 30 mm</li> <li>Bore diameter 60 mm </li></ul>,"
Lessen pressure on OEM threaded studs.  Front Anodized aluminium Quick mounting/removing of the wheel Sold in pairs Center-to-center distance 4 x 110 mm Thickness 30 mm Bore diameter 60 mm ",VEHICLE PARTS & ACCESSORIES,CHASSIS PARTS,CHAS. WHEELS,,,,,2639,1600,280,145,65,,,,,,,,,,,,,,,,,,Aluminio,,,,,,,,,,,,,,,,,,,,https://api.mybihr.com/medias/1049601-1-800Wx800H?context=bWFzdGVyfHJvb3R8NjA2MDR8aW1hZ2UvanBlZ3xhRFpsTDJnMU55ODRPVGN4TWpNek1qTXdPRGM0THpFd05EazJNREV0TVY4NE1EQlhlRGd3TUVnfGMzZDk3NTUwMjI4NzUxMWQ4M2EyYmNjYzk5OTM5MmEwYmQ2OGY3NDRkNjVmODM5ZGE3NjRhYzEyMjFkNDFlZjU,,,,,,,,https://static.bihr.pro/eBihr/Pictures/ART-pictures.zip,,Spain Warehouse (Parts)
1049603,,WSL-110-452,ART,ART WH SPACER L 4X110,Separador rueda ART 4x110 / +45 mm - Adly 300 SP,92.77,76.67,46.00,WSL-110-452,0,7315111000,0,1,<p>Lessen pressure on OEM threaded studs.</p> <ul> <li>Rear</li> <li>Anodized aluminium</li> <li>Quick mounting/removing of the wheel</li> <li>Sold in pairs</li> <li>Center-to-center distance 4 x 110 mm</li> <li>Thickness 45 mm</li> <li>Bore diameter 90 mm </li></ul>,"
Lessen pressure on OEM threaded studs.  Rear Anodized aluminium Quick mounting/removing of the wheel Sold in pairs Center-to-center distance 4 x 110 mm Thickness 45 mm Bore diameter 90 mm ",VEHICLE PARTS & ACCESSORIES,CHASSIS PARTS,CHAS. WHEELS,,,,,3466,1377,285,152,80,,,,,,,,,,,,,,,,,,Aluminio,,,,,,,,,,,,,,,,,,,,https://api.mybihr.com/medias/1049603-1-800Wx800H?context=bWFzdGVyfHJvb3R8NjA2MDR8aW1hZ2UvanBlZ3xhR1pqTDJnMk5DODRPVGN4TWpNek5qSTBNRGswTHpFd05EazJNRE10TVY4NE1EQlhlRGd3TUVnfDM4ODkyYzgyMmFjOTMzYjgwNDFkNDkwZjgxNzMyYjU0OWZlZGUxNjQyMDFjMWRjZDFhZDFlZWE4MWI1ZGEzNWU,,,,,,,,https://static.bihr.pro/eBihr/Pictures/ART-pictures.zip,,Spain Warehouse (Parts)
1049606,,WSU-144-301,ART,ART WH SPACER U 4X144,Separador rueda ART 4x144 / +30 mm,92.77,76.67,46.00,1049606,0,7315111000,0,1,<p>Lessen pressure on OEM threaded studs.</p> <ul> <li>Anodized aluminium </li> <li>Quick mounting/removing of the wheel </li> <li>Sold in pairs </li> <li>Center-to-center distance 4 x 144 mm </li> <li>Thickness 30 mm </li> <li>Bore diameter 111 mm </li></ul>,"
Lessen pressure on OEM threaded studs.  Anodized aluminium  Quick mounting/removing of the wheel  Sold in pairs  Center-to-center distance 4 x 144 mm  Thickness 30 mm  Bore diameter 111 mm ",VEHICLE PARTS & ACCESSORIES,CHASSIS PARTS,CHAS. WHEELS,,,,,3481,1740,345,177,57,,,,,,,,,,,,,,,,,,Aluminio,,,,,,,,,,,,,,,,,,,,https://api.mybihr.com/medias/1049606-1-800Wx800H?context=bWFzdGVyfHJvb3R8NjA2MDR8aW1hZ2UvanBlZ3xhREExTDJoak1TODRPVGN4TWpNME1qRXpPVEU0THpFd05EazJNRFl0TVY4NE1EQlhlRGd3TUVnfDc3M2E1NGYyZjEzZmNkNWJkOGRlOTlkYjFkZmI4M2JjOWNhNTMwMTM4YTkxYjQ1YmY3ZWVjMjM3NjY0OTM1NWY,,,,,,,,https://static.bihr.pro/eBihr/Pictures/ART-pictures.zip,,Spain Warehouse (Parts)
1049604,,WSL-136-301,ART,ART WH SPACER L 4X136,Separador rueda ART 4x136 / + 30 mm,92.77,76.67,46.00,WSU-136-301,22,7315111000,0,1,<p>Lessen pressure on OEM threaded studs.</p> <ul> <li>Anodized aluminium</li> <li>Quick mounting/removing of the wheel</li> <li>Sold in pairs</li> <li>Center-to-center distance 4 x 136 mm</li> <li>Thickness 30 mm</li> <li>Bore diameter 110 mm </li></ul>,"
Lessen pressure on OEM threaded studs.  Anodized aluminium Quick mounting/removing of the wheel Sold in pairs Center-to-center distance 4 x 136 mm Thickness 30 mm Bore diameter 110 mm ",VEHICLE PARTS & ACCESSORIES,CHASSIS PARTS,CHAS. WHEELS,,,,,3913,1412,344,175,65,,,,,,,,,,,,,,,,,,Aluminio,,,,,,,,,,,,,,,,,,,,https://api.mybihr.com/medias/1049604-1-800Wx800H?context=bWFzdGVyfHJvb3R8NjA2MDR8aW1hZ2UvanBlZ3xhR05qTDJnMllpODRPVGN4TWpNek9ESXdOekF5THpFd05EazJNRFF0TVY4NE1EQlhlRGd3TUVnfDIzMTIyZjU5YTBmMzYxOGU5NzkxYjM3YWE2MWZjMWE1MmFhOTJlNWQ5NDhmNmQ4Mjg3MmY1ZTZiMzQ0ZDBkMWQ,,,,,,,,https://static.bihr.pro/eBihr/Pictures/ART-pictures.zip,,Spain Warehouse (Parts)
1049599,,WSL-100-452,ART,ART WH SPACER L 4X100,Separador rueda ART 4x100 / +45 mm - Yamaha YFS200 Blaster,95.78,79.16,47.50,WSL-100-452,0,7315111000,0,1,<p>Lessen pressure on OEM threaded studs.</p> <ul> <li>Anodized aluminium</li> <li>Quick mounting/removing of the wheel</li> <li>Sold in pairs </li> <li>Center-to-center distance 4 x 100 mm</li> <li>Thickness 45 mm</li> <li>Bore diameter 76 mm</li></ul>,"
Lessen pressure on OEM threaded studs.  Anodized aluminium Quick mounting/removing of the wheel Sold in pairs  Center-to-center distance 4 x 100 mm Thickness 45 mm Bore diameter 76 mm",VEHICLE PARTS & ACCESSORIES,CHASSIS PARTS,CHAS. WHEELS,,,,,3750,1850,250,150,100,,,,,,,,,,,,,,,,,,Aluminio,,,,,,,,,,,,,,,,,,,,https://api.mybihr.com/medias/1049599-1-800Wx800H?context=bWFzdGVyfHJvb3R8NjYzODB8aW1hZ2UvanBlZ3xhREl5TDJnd01pODRPVGN4TWpNeU9ETTNOall5THpFd05EazFPVGt0TVY4NE1EQlhlRGd3TUVnfGQzMzdkZGNkZDhhNjNkOTNkZmY0NGY2Y2NkYTNmN2E1MDA2NTczNDkxZTM1MWI4NmVkNThjZTU2MmQwZTI1YmQ,,,,,,,,https://static.bihr.pro/eBihr/Pictures/ART-pictures.zip,,Spain Warehouse (Parts)
1049600,,WSU-110-301,ART,ART WH SPACER U 4X110,Separador rueda ART 4x110 / +30 mm,92.77,76.67,46.00,WSU-110-301,0,7315111000,0,1,<p>Lessen pressure on OEM threaded studs.</p> <ul> <li>Rear</li> <li>Anodized aluminium</li> <li>Quick mounting/removing of the wheel</li> <li>Sold in pairs</li> <li>Center-to-center distance 4 x 110 mm</li> <li>Thickness 30 mm</li> <li>Bore diameter 80 mm </li></ul>,"
Lessen pressure on OEM threaded studs.  Rear Anodized aluminium Quick mounting/removing of the wheel Sold in pairs Center-to-center distance 4 x 110 mm Thickness 30 mm Bore diameter 80 mm ",VEHICLE PARTS & ACCESSORIES,CHASSIS PARTS,CHAS. WHEELS,,,,,2744,1440,140,280,70,,,,,,,,,,,,,,,,,,Aluminio,,,,,,,,,,,,,,,,,,,,https://api.mybihr.com/medias/1049600-1-800Wx800H?context=bWFzdGVyfHJvb3R8NjA2MDR8aW1hZ2UvanBlZ3xhRGxsTDJnMU1DODRPVGN4TWpNek1ETTBNamN3THpFd05EazJNREF0TVY4NE1EQlhlRGd3TUVnfGMzZjlmNDg1NTMxMWEyNWM4MDZiNmYxYWI2OWZjZjEwMWI4NzNjZGI0NGJjY2M0ZWU3OGQ1NDEzYWRmM2RjYTg,,,,,,,,https://static.bihr.pro/eBihr/Pictures/ART-pictures.zip,,Spain Warehouse (Parts)
1049602,,WSU-110-451,ART,ART WH SPACER U 4X110,Juego de sepradores de rueda ART 4x110 / +45 mm,92.77,76.67,46.00,1049602,11,7315111000,0,1,"<p>Reduce la presión sobre los espárragos roscados originales.</p>
<ul>
	<li>Trasero</li>
	<li>Aluminio anodizado</li>
	<li>Montaje/desmontaje rápido de la rueda</li>
	<li>Se venden por pares</li>
	<li>Distancia de centro a centro 4 x 110 mm</li>
	<li>Espesor 45 mm</li>
	<li>Diámetro interior 80 mm&nbsp;</li>
</ul>
","
Reduce la presión sobre los espárragos roscados originales.

	Trasero
	Aluminio anodizado
	Montaje/desmontaje rápido de la rueda
	Se venden por pares
	Distancia de centro a centro 4 x 110 mm
	Espesor 45 mm
	Diámetro interior 80 mm 

",VEHICLE PARTS & ACCESSORIES,CHASSIS PARTS,CHAS. WHEELS,,,,,3204,1417,141,284,80,,,,,,,,,,,,,,,,,,Aluminio,,,,,,,,,,,,,,,,,,,,https://api.mybihr.com/medias/800Wx800H-1049602-1.jpg?context=bWFzdGVyfHJvb3R8MTg4NDc4fGltYWdlL2pwZWd8YUdVeEwyZzRZUzgyTlRFd056VTVOamt3TWpRek1DODRNREJYZURnd01FaGZNVEEwT1RZd01pMHhMbXB3Wnd8OTk2NTZmOTk2YTQ3MDAxMTNmZTRhYzY4MmE2NWJjZjZkYTI5NGFkNGEyZTE3YTE5NTU5N2YzZGYxMGU5NTU4Ng,,,,,,,,https://static.bihr.pro/eBihr/Pictures/ART-pictures.zip,,Spain Warehouse (Parts)
1049605,,WSU-136-451,ART,ART WH SPACER L 4X136,Separador rueda ART 4x136 / +45 mm,92.77,76.67,46.00,WSU-136-451,60,7315111000,0,1,<p>Lessen pressure on OEM threaded studs.</p> <ul> <li>Anodized aluminium</li> <li>Quick mounting/removing of the wheel</li> <li>Sold in pairs</li> <li>Center-to-center distance 4 x 136 mm</li> <li>Thickness 45 mm</li> <li>Bore diameter 110 mm </li></ul>,"
Lessen pressure on OEM threaded studs.  Anodized aluminium Quick mounting/removing of the wheel Sold in pairs Center-to-center distance 4 x 136 mm Thickness 45 mm Bore diameter 110 mm ",VEHICLE PARTS & ACCESSORIES,CHASSIS PARTS,CHAS. WHEELS,,,,,4984,1848,178,350,80,,,,,,,,,,,,,,,,,,Aluminio,,,,,,,,,,,,,,,,,,,,https://api.mybihr.com/medias/1049605-1-800Wx800H?context=bWFzdGVyfHJvb3R8NjA2MDR8aW1hZ2UvanBlZ3xhRE0xTDJoaVlTODRPVGN4TWpNME1ERTNNekV3THpFd05EazJNRFV0TVY4NE1EQlhlRGd3TUVnfGU2MTI5ZmViNTA0YjlhYjNmOTFiY2IyMTI1Yjk4MjY1MWYwZmRhZTlkOGEzY2MwM2Q1MzY4MGUwOTdhNDEzMTQ,,,,,,,,https://static.bihr.pro/eBihr/Pictures/ART-pictures.zip,,Spain Warehouse (Parts)
1049609,,MSVIS,ART,ART WH SPACER CREW,Tornillo para espaciador rueda ART Ø10mm x 1.25mm,2.18,1.80,1.08,MSVIS,1,8482109090,0,1,"<ul>
	<li>Longitud total: 70mm</li>
	<li>Longitud de rosca: 59.7mm</li>
	<li>Ø10mm x 1.25mm</li>
</ul>
","
	Longitud total: 70mm
	Longitud de rosca: 59.7mm
	Ø10mm x 1.25mm

",VEHICLE PARTS & ACCESSORIES,CHASSIS PARTS,CHAS. WHEELS,,,,,14,36,69,15,14,,,,,,,,,,,,,,,,,,,,,,,,,,,,,,,,,,,,,,https://api.mybihr.com/medias/800Wx800H-1049609-1.jpg?context=bWFzdGVyfHJvb3R8MTE0MDI5fGltYWdlL2pwZWd8YURSaUwyaGtNUzh6TkRReU5UUTFPVEl4TWpNeE9DODRNREJYZURnd01FaGZNVEEwT1RZd09TMHhMbXB3Wnd8ZjQwOWI3OGI1YWE2MGY4MjAyNWQyYjJjODE2MjcxYTUwYWNhZDA1ZWU3NWUyMzk4YTliN2ZhOTMwNWRiMDA4OA,,,,,,,,https://static.bihr.pro/eBihr/Pictures/ART-pictures.zip,,Spain Warehouse (Parts)
1049607,,WSU-145-301,ART,ART WH SPACER U 4X145,Separador rueda ART 4x145 / +30 mm,92.77,76.67,46.00,WSU-145-301,1,7315111000,0,1,<p>Lessen pressure on OEM threaded studs.</p> <ul> <li>Anodized aluminium</li> <li>Quick mounting/removing of the wheel</li> <li>Sold in pairs</li> <li>Center-to-center distance 4 x 145 mm</li> <li>Thickness 30 mm</li> <li>Bore diameter 111 mm </li></ul>,"
Lessen pressure on OEM threaded studs.  Anodized aluminium Quick mounting/removing of the wheel Sold in pairs Center-to-center distance 4 x 145 mm Thickness 30 mm Bore diameter 111 mm ",VEHICLE PARTS & ACCESSORIES,CHASSIS PARTS,CHAS. WHEELS,,,,,3992,1737,347,177,65,,,,,,,,,,,,,,,,,,Aluminio,,,,,,,,,,,,,,,,,,,,https://api.mybihr.com/medias/1049607-1-800Wx800H?context=bWFzdGVyfHJvb3R8NTA5NDR8aW1hZ2UvanBlZ3xhR1EyTDJoak55ODRPVGN4TWpNME5ERXdOVEkyTHpFd05EazJNRGN0TVY4NE1EQlhlRGd3TUVnfDA5NzlmY2U4NTJlNWU5ZWJiNTZiZmQ5YTQ0MzdkMzY5YTYxYzY0NzdkNWE5NDI3OGJhMWY0MWQwMGFiMDllZWM,,,,,,,,https://static.bihr.pro/eBihr/Pictures/ART-pictures.zip,,Spain Warehouse (Parts)
1049608,,WSL-156-301,ART,ART WH SPACER L 4X156,Separador rueda ART 4x156 / +30 mm,92.77,76.67,46.00,MS2010,0,7315111000,0,1,<p>Lessen pressure on OEM threaded studs.</p> <ul> <li>Anodized aluminium</li> <li>Quick mounting/removing of the wheel</li> <li>Sold in pairs</li> <li>Center-to-center distance 4 x 156 mm</li> <li>Thickness 30 mm</li> <li>Bore diameter 131 mm </li></ul>,"
Lessen pressure on OEM threaded studs.  Anodized aluminium Quick mounting/removing of the wheel Sold in pairs Center-to-center distance 4 x 156 mm Thickness 30 mm Bore diameter 131 mm ",VEHICLE PARTS & ACCESSORIES,CHASSIS PARTS,CHAS. WHEELS,,,,,4536,1880,360,180,70,,,,,,,,,,,,,,,,,,Aluminio,,,,,,,,,,,,,,,,,,,,https://api.mybihr.com/medias/1049608-1-800Wx800H?context=bWFzdGVyfHJvb3R8NTE2Mjd8aW1hZ2UvanBlZ3xhRGt6TDJoalpTODRPVGN4TWpNME5qQTNNVE0wTHpFd05EazJNRGd0TVY4NE1EQlhlRGd3TUVnfDE4ZjczNWZmMzVjNTllZmMyMmZlM2E0MTU5ZThiZDgzYzQ1YmZlMWQ5MjliYTcxN2U5MWU3OWM2NDQ3NjUxNTk,,,,,,,,https://static.bihr.pro/eBihr/Pictures/ART-pictures.zip,,Spain Warehouse (Parts)
1042193,MS2006,WSL-115-451,ART,ART WH SPACER L 4X115,Separador de rueda ART 4x115/+45 mm,92.00,76.03,49.42,MS2006,0,7315111000,0,1,<p>Lessen pressure on OEM threaded studs.</p> <ul> <li>Anodized aluminium</li> <li>Quick mounting/removing of the wheel</li> <li>Sold in pairs</li> <li>Center-to-center distance 4 x 115 mm</li> <li>Thickness 45 mm</li> <li>Bore diameter 90 mm </li></ul>,"
Lessen pressure on OEM threaded studs.  Anodized aluminium Quick mounting/removing of the wheel Sold in pairs Center-to-center distance 4 x 115 mm Thickness 45 mm Bore diameter 90 mm ",VEHICLE PARTS & ACCESSORIES,CHASSIS PARTS,CHAS. WHEELS,,,,,3526,1508,289,147,83,,,,,,,,,,,,,,,,,,Aluminio,,,,,,,,,,,,,,,,,,,,https://api.mybihr.com/medias/1042193-1-800Wx800H?context=bWFzdGVyfHJvb3R8NjA3NDZ8aW1hZ2UvanBlZ3xhRFk0TDJneU1DODRPVGN3TWpNM05UUXlORE13THpFd05ESXhPVE10TVY4NE1EQlhlRGd3TUVnfGE3ZGNlMDVhYTNkNWU0NTRiODdiZmU5OTQ1NzZlNTBjMGUyYWUzMDc3MWVkZmI4ZjAxMDllNDIyNzMwMTAwMDU,,,,,,,,https://static.bihr.pro/eBihr/Pictures/ART-pictures.zip,,Spain Warehouse (Parts)
1076774001,43105,ASOT-257-BL,ART,"ART RIM SPOKE HEAD, BLU",Tuerca de freno cubierta corto azul,14.52,12.00,7.20,8430525431058,0,7318169129,0,1,,,VEHICLE PARTS & ACCESSORIES,CHASSIS PARTS,CHAS. WHEELS,,,Azul,,252,32,134,94,20,,,,,,,,,,,,,,,,,,,,,,,,,,,,,,,,,,,,,,https://api.mybihr.com/medias/1076774001-1-800Wx800H?context=bWFzdGVyfHJvb3R8MzcyNzF8aW1hZ2UvanBlZ3xhR05qTDJneE5pOHhOVFF5TmpnNU1qVTJNalEyTWk4eE1EYzJOemMwTURBeExURmZPREF3VjNnNE1EQkl8NGJhZWMyNGFiNDljOTM5OTIxZDViZWM4MDVmZDY2MTZhNmJhNjI5YWE3YzczN2Q3ZDM2YmI3MzgwMGIzOGUyMA,,,,,,,,https://static.bihr.pro/eBihr/Pictures/ART-pictures.zip,,Spain Warehouse (Parts)
1076775005,43117,ASOT-95-RD,ART,"ART RIMS SP LOCK NUT, RED",Tuerca de freno cubierta largo rojo,18.15,15.00,9.00,8430525431171,12,8714109090,0,1,Tuerca de papillon,Tuerca de papillon,VEHICLE PARTS & ACCESSORIES,CHASSIS PARTS,CHAS. WHEELS,,,Rojo,,150,47,134,93,12,,,,,,,,,,,,,,,,Rojo,,,,,,,,,,,,,,,,,,,,,,https://api.mybihr.com/medias/1076775005-1-800Wx800H?context=bWFzdGVyfHJvb3R8MTM4ODI1fGltYWdlL2pwZWd8YURaakwyZzBOQzg0T1RjMk5qTTJNRGcwTWpVMEx6RXdOelkzTnpVd01EVXRNVjg0TURCWGVEZ3dNRWd8OTdiMDE1Y2YzNDA5NTE2MzNjNjI4ODdlNWVlNDMxNTk0YWJhNTlhYTNmMzlkNmJlYzVhNzZiMTZjZGQ3MmFjYg,,,,,,,,https://static.bihr.pro/eBihr/Pictures/ART-pictures.zip,,Spain Warehouse (Parts)
1076775004,43116,ASOT-95-OR,ART,"ART RIMS SP LOCK NUT, ORG",Tuerca de freno cubierta largo naranja,18.15,15.00,9.00,8430525431164,4,8714109090,0,1,Tuerca de papillon,Tuerca de papillon,VEHICLE PARTS & ACCESSORIES,CHASSIS PARTS,CHAS. WHEELS,,,Naranja,,237,46,134,93,19,,,,,,,,,,,,,,,,Naranja,,,,,,,,,,,,,,,,,,,,,,https://api.mybihr.com/medias/1076775004-1-800Wx800H?context=bWFzdGVyfHJvb3R8MTQxODAwfGltYWdlL2pwZWd8YURFM0wyZzFNUzg0T1RZM01qYzBORFl6TWpZeUx6RXdOelkzTnpVd01EUXRNVjg0TURCWGVEZ3dNRWd8ZGRhYmU0YTY2NzJmZTYzNTkyM2U1YWE4MjgxNjFiMzM1NDIzNWNiOGY0NTY3N2JiNGU5MjhmOWExMDljN2IyYw,,,,,,,,https://static.bihr.pro/eBihr/Pictures/ART-pictures.zip,,Spain Warehouse (Parts)
1076775001,43113,ASOT-95-ART-BK,ART,"ART RIMS SP LOCK NUT, BLK",Tuerca de freno cubierta largo ART negra,18.15,15.00,9.00,8430525431133,59,8714109090,0,1,Tuerca de papillon,Tuerca de papillon,VEHICLE PARTS & ACCESSORIES,CHASSIS PARTS,CHAS. WHEELS,,,Negro,,248,39,136,96,19,,,,,,,,,,,,,,,,Negro,,,,,,,,,,,,,,,,,,,,,,https://api.mybihr.com/medias/1076775001-1-800Wx800H?context=bWFzdGVyfHJvb3R8NzUzMTd8aW1hZ2UvanBlZ3xhRFprTDJnMFppODRPVFkzTkRnMk56TTBNelkyTHpFd056WTNOelV3TURFdE1WODRNREJYZURnd01FZ3xhMGYxNzU5MWViYzMxNTU3OGU3ZTY5NzRlYTRhZjBjMjI0NzIzOGEyNGM2Mjc3YTlmZWFhOTM4NTcxY2I5YmZm,,,,,,,,https://static.bihr.pro/eBihr/Pictures/ART-pictures.zip,,Spain Warehouse (Parts)
1076775003,43115,ASOT-95-GY,ART,"ART RIMS SP LOCK NUT, SIL",Tuerca de freno cubierta largo gris,18.15,15.00,9.00,8430525431157,10,8714109090,0,1,<p>Tuerca de papillon</p>,"
Tuerca de papillon",VEHICLE PARTS & ACCESSORIES,CHASSIS PARTS,CHAS. WHEELS,,,Plata,,248,39,136,96,19,,,,,,,,,,,,,,,,Gris,,,,,,,,,,,,,,,,,,,,,,https://api.mybihr.com/medias/1076775003-1-800Wx800H?context=bWFzdGVyfHJvb3R8NzA0OTV8aW1hZ2UvanBlZ3xhR1U1TDJnNU1pODRPVGMyTmpNMU9EZzNOalEyTHpFd056WTNOelV3TURNdE1WODRNREJYZURnd01FZ3wwMGE5Yzk2NGM1OTY2NTNjZGUxZDA4M2UyMTUwOTc4Y2VjOWRiNmJhMmRiY2U4NjczY2Q1ZGJkNjNlNDkzNzM0,,,,,,,,https://static.bihr.pro/eBihr/Pictures/ART-pictures.zip,,Spain Warehouse (Parts)
1076775002,43114,ASOT-95-BL,ART,"ART RIMS SP LOCK NUT, BLU",Tuerca de freno cubierta largo azul,18.15,15.00,9.00,8430525431140,14,8714109090,0,1,Tuerca de papillon,Tuerca de papillon,VEHICLE PARTS & ACCESSORIES,CHASSIS PARTS,CHAS. WHEELS,,,Azul,,244,48,134,96,19,,,,,,,,,,,,,,,,Azul,,,,,,,,,,,,,,,,,,,,,,https://api.mybihr.com/medias/1076775002-1-800Wx800H?context=bWFzdGVyfHJvb3R8MTMxNzA4fGltYWdlL2pwZWd8YUdFMUwyZzVPUzg0T1RjMk5qTTFOamt4TURNNEx6RXdOelkzTnpVd01ESXRNVjg0TURCWGVEZ3dNRWd8MDY5OTVhZGIyZDExZTA2NmJkNGE3YmFjMjhmMDkyNDkyMjcxZTU1YTM5ZjRhYmY0NDAyYjgzZTVmM2Y5Y2FjMg,,,,,,,,https://static.bihr.pro/eBihr/Pictures/ART-pictures.zip,,Spain Warehouse (Parts)
1038955,93446,ASTT-11-BK,ART,ART THROTTLE ALU TUBE BLACK,Caña de acelerador aluminio ART KTM Husqvarna 4t JJuan negro,47.19,39.00,23.40,8430525934467,3,8714109090,0,1,,,VEHICLE PARTS & ACCESSORIES,CHASSIS PARTS,CHAS. MAN-MACHINE,,,,,1485,120,150,198,50,,,,,,,,,,,,,,,,,,,,,,,,,,,,,,,,,,,,,,,,,,,,,,https://static.bihr.pro/eBihr/Pictures/ART-pictures.zip,,Spain Warehouse (Parts)
1038958,93445,ASTT-14-BK,ART,ART THROTTLE ALU TUBE BLACK,Caña de acelerador aluminio ART KTM Husqvarna 2t JJuan negro,47.19,39.00,23.40,8430525934450,20,8714109090,0,1,,,VEHICLE PARTS & ACCESSORIES,CHASSIS PARTS,CHAS. MAN-MACHINE,,,,,1623,120,151,199,54,,,,,,,,,,,,,,,,,,,,,,,,,,,,,,,,,,,,,,,,,,,,,,https://static.bihr.pro/eBihr/Pictures/ART-pictures.zip,,Spain Warehouse (Parts)
1038951,89495,ASTT-03-BK,ART,ART THROTTLE ALU TUBE BLACK,Caña de acelerador aluminio ART Suzuki negro,49.61,41.00,24.60,8430525894952,8,8714109090,0,1,,,VEHICLE PARTS & ACCESSORIES,CHASSIS PARTS,CHAS. MAN-MACHINE,,,,,425,112,154,92,30,,,,,,,,,,,,,,,,,,,,,,,,,,,,,,,,,,,,,,https://api.mybihr.com/medias/1038951-1-800Wx800H?context=bWFzdGVyfHJvb3R8MzE5NDd8aW1hZ2UvanBlZ3xhR1F3TDJnM1pDOHhOVFF5TlRjMk9UYzVPVGN4TUM4eE1ETTRPVFV4TFRGZk9EQXdWM2c0TURCSXxmZTY4OWQ0YjViMTAyZTFhNGFkZTExNmE5OWQ3OTIwNGU5NzcyOGMwOTVhMzU5YTFkZjMyZjRjMzIzMmZkZWQx,,,,,,,,https://static.bihr.pro/eBihr/Pictures/ART-pictures.zip,,Spain Warehouse (Parts)
1038953,89496,ASTT-06-BK,ART,ART THROTTLE ALU TUBE BLACK,Caña de acelerador aluminio ART Yamaha negro,47.19,39.00,23.40,8430525894969,8,8714109090,0,1,,,VEHICLE PARTS & ACCESSORIES,CHASSIS PARTS,CHAS. MAN-MACHINE,,,,,1580,122,199,147,54,,,,,,,,,,,,,,,,,,,,,,,,,,,,,,,,,,,,,,https://api.mybihr.com/medias/1038953-1-800Wx800H?context=bWFzdGVyfHJvb3R8MzYxMTh8aW1hZ2UvanBlZ3xhR05tTDJnNU1pOHhOVFF5TlRjM01EVTROakUwTWk4eE1ETTRPVFV6TFRGZk9EQXdWM2c0TURCSXw4MjcwNGZiMWRlNjFkMDUwMWJlNzlhZDNkNDEwZjJhOTBkMzNhMTNhM2QwNWQxNDRkNzU3NGJmNzM0NGU1MDMz,,,,,,,,https://static.bihr.pro/eBihr/Pictures/ART-pictures.zip,,Spain Warehouse (Parts)
1038954,89491,ASTT-07-BK,ART,ART THROTTLE ALU TUBE BLACK,Caña de acelerador aluminio ART negro,45.98,38.00,22.80,8430525894914,10,8714109090,0,1,Sustituye a 93480,Sustituye a 93480,VEHICLE PARTS & ACCESSORIES,CHASSIS PARTS,CHAS. MAN-MACHINE,,,,,1620,124,199,148,55,,,,,,,,,,,,,,,,,,,,,,,,,,,,,,,,,,,,,,https://api.mybihr.com/medias/1038954-1-800Wx800H?context=bWFzdGVyfHJvb3R8MzMyMTV8aW1hZ2UvanBlZ3xhRFZqTDJoaE1DOHhOVFF5TlRjM01EazNPVE0xT0M4eE1ETTRPVFUwTFRGZk9EQXdWM2c0TURCSXxmMWRjYTM3NDc3MzczM2YyMWQ3MDgwNTY4NDdjYTVmZTQzYjAzY2U1MzViMTcwMWUxNDJjMTZkNjJjMDBlMjQ5,,,,,,,,https://static.bihr.pro/eBihr/Pictures/ART-pictures.zip,,Spain Warehouse (Parts)
1038949,89492,ASTT-01-BK,ART,ART THROTTLE ALU TUBE BLACK,Caña de acelerador aluminio ART Honda negro,49.61,41.00,24.60,8430525894921,8,8714109090,0,1,,,VEHICLE PARTS & ACCESSORIES,CHASSIS PARTS,CHAS. MAN-MACHINE,,,,,1492,118,199,147,51,,,,,,,,,,,,,,,,,,,,,,,,,,,,,,,,,,,,,,https://api.mybihr.com/medias/1038949-1-800Wx800H?context=bWFzdGVyfHJvb3R8MzU3MTN8aW1hZ2UvanBlZ3xhRGxpTDJnNU5pOHhOVFF5TlRjMk9UQXhNekkzT0M4eE1ETTRPVFE1TFRGZk9EQXdWM2c0TURCSXxjNzQzMGY4MjEyOTc2MTJiM2FkMTcwYzEwNGViNDY5ZjJiN2Q2MWQ5NDAxOTg1ODE0ZjIwZWIwYmYzNDRkMDJi,,,,,,,,https://static.bihr.pro/eBihr/Pictures/ART-pictures.zip,,Spain Warehouse (Parts)
1038950,89494,ASTT-02-BK,ART,ART THROTTLE ALU TUBE BLACK,Caña de acelerador aluminio ART Suzuki negro,45.98,38.00,22.80,8430525894945,6,8714109090,0,1,,,VEHICLE PARTS & ACCESSORIES,CHASSIS PARTS,CHAS. MAN-MACHINE,,,,,1518,106,200,146,52,,,,,,,,,,,,,,,,,,,,,,,,,,,,,,,,,,,,,,https://api.mybihr.com/medias/1038950-1-800Wx800H?context=bWFzdGVyfHJvb3R8MzIyMDl8aW1hZ2UvanBlZ3xhREJrTDJnNE9TOHhOVFF5TlRjMk9UUXdOalE1TkM4eE1ETTRPVFV3TFRGZk9EQXdWM2c0TURCSXw5NDNmYjJiOGNiOTVjZDBmODdmYzI3NDU2NWFhMTQ1N2RjNDAwNDdjOWE0MGIyZDQyNjMxY2VkMDQwMzFiNjU3,,,,,,,,https://static.bihr.pro/eBihr/Pictures/ART-pictures.zip,,Spain Warehouse (Parts)
1038952,89493,ASTT-05-BK,ART,ART THROTTLE ALU TUBE BLACK,Caña de acelerador aluminio ART KTM negro,45.98,38.00,22.80,8430525894938,7,8714109090,0,1,,,VEHICLE PARTS & ACCESSORIES,CHASSIS PARTS,CHAS. MAN-MACHINE,,,,,1499,112,200,147,51,,,,,,,,,,,,,,,,,,,,,,,,,,,,,,,,,,,,,,https://api.mybihr.com/medias/1038952-1-800Wx800H?context=bWFzdGVyfHJvb3R8MzMwMTF8aW1hZ2UvanBlZ3xhRFF4TDJnNE5TOHhOVFF5TlRjM01ERTVNamt5Tmk4eE1ETTRPVFV5TFRGZk9EQXdWM2c0TURCSXxhY2M5N2RlMTZhOTVhMTkxN2RlZTA3ZDAxMmM4MDQzOTc5ODM3ZGM0MmZkYTgxZGVjYzljNjBkYWNiNGViZWNi,,,,,,,,https://static.bihr.pro/eBihr/Pictures/ART-pictures.zip,,Spain Warehouse (Parts)
1081874001,8357,ASC-41,ART,"ART PEDAL OEM TYPE, SIL",Pedal de cambio ART - Gas Gas gris,30.25,25.00,15.00,8430525083578,0,8714109090,0,1,,,VEHICLE PARTS & ACCESSORIES,ACCESSORIES,ACC. DESIGN PARTS,,,Plata,,817,104,116,220,32,,,,,,,,,,,,,,,,,,,,,,,,,,,,,,,,,,,,,,https://api.mybihr.com/medias/1081874001-1-800Wx800H?context=bWFzdGVyfHJvb3R8MTYyOTR8aW1hZ2UvanBlZ3xhRE14TDJoaU9DOHhOVFF5TnpZNE16VXhOalEwTmk4eE1EZ3hPRGMwTURBeExURmZPREF3VjNnNE1EQkl8M2NkM2NkMTMzMGFhNWM2NjA2N2NlN2Q2ODRiNjNhNzQyNTMwMjU0ZWIxNTMzNWQ0YTViYjc2OWMxMWYyNDBjZg,,,,,,,,https://static.bihr.pro/eBihr/Pictures/ART-pictures.zip,,Spain Warehouse (Parts)
1081879001,10279,ASC-63,ART,"ART PEDAL OEM TYPE, SIL",Pedal de cambio ART - gris,31.46,26.00,15.60,8430525102798,0,8714109090,0,1,,,VEHICLE PARTS & ACCESSORIES,ACCESSORIES,ACC. DESIGN PARTS,,,Plata,,1061,98,116,305,30,,,,,,,,,,,,,,,,,,,,,,,,,,,,,,,,,,,,,,https://api.mybihr.com/medias/1081879001-1-800Wx800H?context=bWFzdGVyfHJvb3R8MTk5NDJ8aW1hZ2UvanBlZ3xhR0ptTDJneE9DOHhOVFF5TnpZNE5UUTRNalV5Tmk4eE1EZ3hPRGM1TURBeExURmZPREF3VjNnNE1EQkl8MTA2YTBjMDk1YTM3Njc0ZmYyZTZhMzViNTdjYTE2YWE1ZTEzODc0M2ZjNmJjMzdhZjRhNWNkODk4YzRhY2Q4Mg,,,,,,,,https://static.bihr.pro/eBihr/Pictures/ART-pictures.zip,,Spain Warehouse (Parts)
1081889001,45385,ASK-106-RD,ART,"ART KICK START, RED",Pedal de arranque ART - Honda rojo,110.11,91.00,54.60,8430525453852,19,8714109090,0,1,,,VEHICLE PARTS & ACCESSORIES,ACCESSORIES,ACC. DESIGN PARTS,,,Rojo,,2129,306,142,319,47,,,,,,,,,,,,,,,,,,,,,,,,,,,,,,,,,,,,,,https://api.mybihr.com/medias/1081889001-1-800Wx800H?context=bWFzdGVyfHJvb3R8MjYzMjZ8aW1hZ2UvanBlZ3xhR0ZpTDJoaE15OHhOVFF5TnpZNE9EWXlPREkxTkM4eE1EZ3hPRGc1TURBeExURmZPREF3VjNnNE1EQkl8N2QwNzg3NGY4ZDA4NGNhZDI1ZTA4NmY2ZTQxOTQ1NzA0MjA1MWZiMzE3ZTMyZGVmMDBhZTZhOTNkODdiNGZiYQ,,,,,,,,https://static.bihr.pro/eBihr/Pictures/ART-pictures.zip,,Spain Warehouse (Parts)
1081899003,45371,ASK-115-SILVER,ART,"ART KICK START, SIL",Pedal de arranque ART - gris - KTM,113.74,94.00,56.40,8430525453715,51,8714109090,0,1,"<html> <head> <meta http-equiv=""Content-Type"" content=""text/html; charset=utf-8""><title> </title> <style type=""text/css"">.cs4FC7BF42{text-align:left;margin:0pt 0pt 0pt 0pt;list-style-type:disc;color:#000;background-color:transparent;font-weight:normal;font-style:normal;}.csA7555675{color:#000;background-color:transparent;font-weight:normal;font-style:normal;}.cs95E872D0{text-align:left;margin:0pt 0pt 0pt 0pt;}</style> </head> <body> <ul> <li>Same dimensions as OEM</li><li>Manufactured in high resistance steel</li></ul> <p></p></body> </html>","        Same dimensions as OEMManufactured in high resistance steel  ",VEHICLE PARTS & ACCESSORIES,ACCESSORIES,ACC. DESIGN PARTS,,,Plata,,910,214,209,136,32,,,,,,,,,,,,,,,,Plata,,Acero,,,,,,,,,,,,,,,,,,,,https://api.mybihr.com/medias/1081899003-1-800Wx800H?context=bWFzdGVyfHJvb3R8MjUyMzV8aW1hZ2UvanBlZ3xhREU1TDJnMFlpODRPVFkzTnpnMk1UWTRNelV3THpFd09ERTRPVGt3TURNdE1WODRNREJYZURnd01FZ3w3Zjg3YmRhN2Q2MmU3OWViNjBlMjdkZjQ1MmRlYzMzYzExMjBkMDYyNGZiNzE3YzRjYzFjMmYzNDc4NDExZmRj,,,,,,,,https://static.bihr.pro/eBihr/Pictures/ART-pictures.zip,,Spain Warehouse (Parts)
1081876001,9417,ASC-46,ART,"ART PEDAL OEM TYPE, SIL",Pedal de cambio ART - plata,31.46,26.00,15.60,8430525094178,34,8714109090,0,1,,,VEHICLE PARTS & ACCESSORIES,ACCESSORIES,ACC. DESIGN PARTS,,,Plata,,644,98,120,179,30,,,,,,,,,,,,,,,,,,,,,,,,,,,,,,,,,,,,,,https://api.mybihr.com/medias/1081876001-1-800Wx800H?context=bWFzdGVyfHJvb3R8MTcyNjl8aW1hZ2UvanBlZ3xhRFUzTDJnMU5TOHhOVFF5TnpZNE5ETXdNamczT0M4eE1EZ3hPRGMyTURBeExURmZPREF3VjNnNE1EQkl8NjEyNmU5YjJmOWU5NTgxMTRiNTIwMTk2MjgwNThlM2I2YjgwOTM4NWZmNzcwNWIxMzYyMGUwMDE5NDhlMTE0Yg,,,,,,,,https://static.bihr.pro/eBihr/Pictures/ART-pictures.zip,,Spain Warehouse (Parts)
1081878001,10278,ASC-62,ART,"ART PEDAL OEM TYPE, SIL",Pedal de cambio ART - gris,35.09,29.00,17.40,8430525102781,11,8714109090,0,1,,,VEHICLE PARTS & ACCESSORIES,ACCESSORIES,ACC. DESIGN PARTS,,,Plata,,847,100,118,189,38,,,,,,,,,,,,,,,,,,,,,,,,,,,,,,,,,,,,,,https://api.mybihr.com/medias/1081878001-1-800Wx800H?context=bWFzdGVyfHJvb3R8MTk2Njl8aW1hZ2UvanBlZ3xhREZtTDJnd1lpOHhOVFF5TnpZNE5UQTRPVE14TUM4eE1EZ3hPRGM0TURBeExURmZPREF3VjNnNE1EQkl8Yjc3MTAzN2ZhNGYxZTNiMTFhYmMxYjkzOTNjODI0MDNmYjNiMDMxNzA4YjJiZGZkODQ2Y2NkZTk4N2E5ZTYyMw,,,,,,,,https://static.bihr.pro/eBihr/Pictures/ART-pictures.zip,,Spain Warehouse (Parts)
1081884001,11604,ASC-76,ART,"ART PEDAL OEM TYPE, SIL",Pedal de cambio ART - Kawasaki KX 450F aluminio gris mata,33.88,28.00,16.80,8430525116047,12,8714109090,0,1,,,VEHICLE PARTS & ACCESSORIES,ACCESSORIES,ACC. DESIGN PARTS,,,Plata,,1430,98,134,232,46,,,,,,,,,,,,,,,,,,,,,,,,,,,,,,,,,,,,,,https://api.mybihr.com/medias/1081884001-1-800Wx800H?context=bWFzdGVyfHJvb3R8MjI4ODR8aW1hZ2UvanBlZ3xhRFl3TDJoa1pTOHhOVFF5TnpZNE56QTFOVE01TUM4eE1EZ3hPRGcwTURBeExURmZPREF3VjNnNE1EQkl8ZjA1NWQ4Yjg1NTE5Mzg5ZTk0NzQ3NzNhMmVhNzdlMGFlMmM0MTU4OWY5NzUxZGJlOGE0MTA3MTg0OTcwOGMwMw,,,,,,,,https://static.bihr.pro/eBihr/Pictures/ART-pictures.zip,,Spain Warehouse (Parts)
1081896002,45391,ASK-112-YE,ART,"ART KICK START, YEL",Pedal de arranque ART - Suzuki Amarillo,113.74,94.00,56.40,8430525453913,5,8714109090,0,1,,,VEHICLE PARTS & ACCESSORIES,ACCESSORIES,ACC. DESIGN PARTS,,,Amarillo,,2138,380,147,303,48,,,,,,,,,,,,,,,,,,,,,,,,,,,,,,,,,,,,,,https://api.mybihr.com/medias/1081896002-1-800Wx800H?context=bWFzdGVyfHJvb3R8MjM5Mjd8aW1hZ2UvanBlZ3xhRGhrTDJoaU5DOHhOVFF5TnpZNU1UYzNNems0TWk4eE1EZ3hPRGsyTURBeUxURmZPREF3VjNnNE1EQkl8MjFkODA0NDFkYmIwYzk0ZjRjMjY2ZmFkYWRiNTE3YWZlNjBjMDY5MDcwYWQ1YWEwZmJkNWFhOTY0N2EwMmYxZg,,,,,,,,https://static.bihr.pro/eBihr/Pictures/ART-pictures.zip,,Spain Warehouse (Parts)
1081904001,89507,ASK-121-BL,ART,"ART KICK START, BLU",Pedal de arranque ART - Yamaha azul,118.58,98.00,58.80,8430525895072,3,8714109090,0,1,,,VEHICLE PARTS & ACCESSORIES,ACCESSORIES,ACC. DESIGN PARTS,,,Azul,,1252,224,305,114,36,,,,,,,,,,,,,,,,,,,,,,,,,,,,,,,,,,,,,,https://api.mybihr.com/medias/1081904001-1-800Wx800H?context=bWFzdGVyfHJvb3R8MjUwMTV8aW1hZ2UvanBlZ3xhR0l6TDJneFpTOHhOVFF5TnpZNU16YzBNREEyTWk4eE1EZ3hPVEEwTURBeExURmZPREF3VjNnNE1EQkl8NTBkMzFiOWE3Mjc5MTU0MTMzZTQwMGViM2ExZmJhYTBmOWE5NmRjNjhmYWYxMjRjYWRkYzZkMWZmODg0ZGY4OQ,,,,,,,,https://static.bihr.pro/eBihr/Pictures/ART-pictures.zip,,Spain Warehouse (Parts)
1085905002,93427,ASPRV-03-OR,ART,"ART BLEEDER WP, ORG",Purgadores de horquilla ART naranja WP M4,13.31,11.00,6.60,8430525934276,3,8714109090,0,1,,,VEHICLE PARTS & ACCESSORIES,ACCESSORIES,ACC. DESIGN PARTS,,,Naranja,,202,30,94,134,16,,,,,,,,,,,,,,,,,,,,,,,,,,,,,,,,,,,,,,https://api.mybihr.com/medias/1085905002-1-800Wx800H?context=bWFzdGVyfHJvb3R8NzA1NDR8aW1hZ2UvanBlZ3xhRE5qTDJnMFl5OHhOVFF5Tnprek1qWXhPRGM0TWk4eE1EZzFPVEExTURBeUxURmZPREF3VjNnNE1EQkl8Y2U0YzZmM2JkZjIyYjcwZGQ4YmQwM2IwOWUyZjYwNzJlYzY2YWU1ZTQxMGQ3YThkYjVhZTY5MjYyYTNjNDlkYg,,,,,,,,https://static.bihr.pro/eBihr/Pictures/ART-pictures.zip,,Spain Warehouse (Parts)
1085905001,93428,ASPRV-03-BL,ART,"ART BLEEDER WP, BLU",Purgadores de horquilla ART azul WP M4,13.31,11.00,6.60,8430525934283,34,8714109090,0,1,,,VEHICLE PARTS & ACCESSORIES,ACCESSORIES,ACC. DESIGN PARTS,,,Azul,,176,30,94,134,14,,,,,,,,,,,,,,,,,,,,,,,,,,,,,,,,,,,,,,https://api.mybihr.com/medias/1085905001-1-800Wx800H?context=bWFzdGVyfHJvb3R8NjczNzZ8aW1hZ2UvanBlZ3xhR0ZtTDJnelpTOHhOVFF5Tnprek1qSXlOVFUyTmk4eE1EZzFPVEExTURBeExURmZPREF3VjNnNE1EQkl8ZGMxMWM4OGZhZjNkMmI0NDZlODk4ZTkxZDEyNTI3NDlkZjVlZjU0YmE5N2JkMjc1MDY3ZGFkMTk5OTc0MjVmMQ,,,,,,,,https://static.bihr.pro/eBihr/Pictures/ART-pictures.zip,,Spain Warehouse (Parts)
1081864001,93404,ASC-112-GY,ART,"ART PEDAL OEM TYPE, SIL",Pedal de cambio ART - KTM Husqvarna gris,30.25,25.00,15.00,8430525934047,82,8714109090,0,1,,,VEHICLE PARTS & ACCESSORIES,ACCESSORIES,ACC. DESIGN PARTS,,,Plata,,763,100,188,131,31,,,,,,,,,,,,,,,,,,,,,,,,,,,,,,,,,,,,,,https://api.mybihr.com/medias/800Wx800H-1081864001-1.jpg?context=bWFzdGVyfHJvb3R8NjAxODZ8aW1hZ2UvanBlZ3xhR1l6TDJnNU5DOHpNakF6TmpjNE9ESXdOelkwTmk4NE1EQlhlRGd3TUVoZk1UQTRNVGcyTkRBd01TMHhMbXB3Wnd8YzQ3MjYyMjBlY2JhODg2ZmUxYmQ1NTdmNzM0OGI4MDEwYzBlZTBmOWE1MGI4Yjc3ZTA3OTEyYTA0Njk2OGUxNA,,,,,,,,https://static.bihr.pro/eBihr/Pictures/ART-pictures.zip,,Spain Warehouse (Parts)
1081875001,9410,ASC-42,ART,"ART PEDAL OEM TYPE, SIL",Pedal de cambio ART - plata,31.46,26.00,15.60,8430525094109,15,8714109090,0,1,,,VEHICLE PARTS & ACCESSORIES,ACCESSORIES,ACC. DESIGN PARTS,,,Plata,,868,116,116,197,38,,,,,,,,,,,,,,,,,,,,,,,,,,,,,,,,,,,,,,https://api.mybihr.com/medias/1081875001-1-800Wx800H?context=bWFzdGVyfHJvb3R8MTU5MTh8aW1hZ2UvanBlZ3xhR0V6TDJoaFlTOHhOVFF5TnpZNE16a3dPVFkyTWk4eE1EZ3hPRGMxTURBeExURmZPREF3VjNnNE1EQkl8MThmYjY1Zjk1YzRlZWExZTkzZmUyZmRiODc5YmRmMjAyNWY3MmVkNjA1MDRjMDc2MGNkMjM2OWUyYmY1NTQ3Ng,,,,,,,,https://static.bihr.pro/eBihr/Pictures/ART-pictures.zip,,Spain Warehouse (Parts)
1081800001,38057,ASF-02S-GR,ART,"ART FOOT PEGS, GRN",Estriberas Off Road gris/verde Kawasaki,72.60,60.00,36.00,8430525380578,3,8714109090,0,1,,,VEHICLE PARTS & ACCESSORIES,ACCESSORIES,ACC. DESIGN PARTS,,,Verde,,1312,546,148,197,45,,,,,,,,,,,,,,,,,,,,,,,,,,,,,,,,,,,,,,https://api.mybihr.com/medias/1081800001-1-800Wx800H?context=bWFzdGVyfHJvb3R8NTc2NTd8aW1hZ2UvanBlZ3xhRGhpTDJoaFppOHhOVFF5TnpZMU9UUTJORGN6TkM4eE1EZ3hPREF3TURBeExURmZPREF3VjNnNE1EQkl8YjQ0NjdhMjI2MmJkNmY5NzMwMTE3NTE1NmZhMTE1ZmY3NTAxMjkyNDUwYzBkMDQ0MTBhNWM3ZTQzNjc5ZjgwNw,,,,,,,,https://static.bihr.pro/eBihr/Pictures/ART-pictures.zip,,Spain Warehouse (Parts)
1081759001,38061,ASF-12-BK,ART,"ART FOOT PEGS TRIAL, BLK",Estriberas Off Road trial negro todas las marcas,110.99,91.73,55.04,8430525380615,11,8714109090,0,1,,,VEHICLE PARTS & ACCESSORIES,ACCESSORIES,ACC. DESIGN PARTS,,,Negro,,1172,360,148,198,40,,,,,,,,,,,,,,,,,,,,,,,,,,,,,,,,,,,,,,https://api.mybihr.com/medias/1081759001-1-800Wx800H?context=bWFzdGVyfHJvb3R8NTE1OTR8aW1hZ2UvanBlZ3xhRFk1TDJnd05TOHhOVFF5TnpZMU1USXdOekU1T0M4eE1EZ3hOelU1TURBeExURmZPREF3VjNnNE1EQkl8MGM4Yzg0N2FiMWIzOTMyZjhlMmIwZDhkOTc5M2E4NmU0ZmMyZDcyODQyM2ZmOTJkMmU3OWRmODNjNzhjOWQyYQ,,,,,,,,https://static.bihr.pro/eBihr/Pictures/ART-pictures.zip,,Spain Warehouse (Parts)
1081759002,38062,ASF-12-GY,ART,"ART FOOT PEGS TRIAL, GRY",Estriberas Off Road trial gris todas las marcas,100.43,83.00,49.80,8430525380622,15,8714109090,0,1,,,VEHICLE PARTS & ACCESSORIES,ACCESSORIES,ACC. DESIGN PARTS,,,Gris,,1313,360,150,199,44,,,,,,,,,,,,,,,,,,,,,,,,,,,,,,,,,,,,,,https://api.mybihr.com/medias/1081759002-1-800Wx800H?context=bWFzdGVyfHJvb3R8NjEwOTl8aW1hZ2UvanBlZ3xhRE0yTDJnd09DOHhOVFF5TnpZMU1UWXdNRFF4TkM4eE1EZ3hOelU1TURBeUxURmZPREF3VjNnNE1EQkl8NTA4MDJjZGRhYTBjNWIxZTNjYjZkYjMzMDBmYzM5NTA5NDJmNmRmYjQ1NWEwYjJiMjhkNGVmM2JlNWFmNzc4MQ,https://api.mybihr.com/medias/1081759002-2-800Wx800H?context=bWFzdGVyfHJvb3R8MTMyMjU0fGltYWdlL2pwZWd8YURjMEwyZ3hNeTh4TlRReU56WTFNVGs1TXpZek1DOHhNRGd4TnpVNU1EQXlMVEpmT0RBd1YzZzRNREJJfDIzOTYwYmRmMjU2N2JkMDc2MWY0M2Y3MjVkNWQzYzNhOTdjOTdjYzk1OGY3Y2JlZThmMzg0OWQ4YzVjMDZhMTc,,,,,,,https://static.bihr.pro/eBihr/Pictures/ART-pictures.zip,,Spain Warehouse (Parts)
1081854004,38244,ASBT-43-OR,ART,"ART REPLC. TIP BRAKE PEDAL, ORG",Puntera pedal de freno ART KTM Husqvarna 14-17 naranja,14.52,12.00,7.20,8430525382442,0,8714109090,0,1,,,VEHICLE PARTS & ACCESSORIES,ACCESSORIES,ACC. DESIGN PARTS,,,Naranja,,91,30,102,74,12,,,,,,,,,,,,,,,,,,,,,,,,,,,,,,,,,,,,,,https://api.mybihr.com/medias/1081854004-1-800Wx800H?context=bWFzdGVyfHJvb3R8NDQ5NDB8aW1hZ2UvanBlZ3xhR00zTDJneE1TOHhOVFF5TnpZNE1EYzJNemt6TkM4eE1EZ3hPRFUwTURBMExURmZPREF3VjNnNE1EQkl8MTBiZGExMzczNjFjNWE3NDdkYjMzNGE4OWM3ODNhMjFhYWMxNTg5YmFkMmUyZWQxMGMwNzFiYTM5MGU5ODlhNQ,,,,,,,,https://static.bihr.pro/eBihr/Pictures/ART-pictures.zip,,Spain Warehouse (Parts)
1081854003,38247,ASBT-43-GY,ART,"ART REPLC. TIP BRAKE PEDAL, SIL",Puntera pedal de freno ART KTM Husqvarna 14-17 gris,15.73,13.00,7.80,8430525382473,10,8714109090,0,1,,,VEHICLE PARTS & ACCESSORIES,ACCESSORIES,ACC. DESIGN PARTS,,,Plata,,187,30,134,93,15,,,,,,,,,,,,,,,,,,,,,,,,,,,,,,,,,,,,,,https://api.mybihr.com/medias/1081854003-1-800Wx800H?context=bWFzdGVyfHJvb3R8MzA4NzZ8aW1hZ2UvanBlZ3xhRE01TDJnd05DOHhOVFF5TnpZNE1ETTNNRGN4T0M4eE1EZ3hPRFUwTURBekxURmZPREF3VjNnNE1EQkl8YmE4ZDhjOTQ3NjhjYWFlOWFmYTc3MDQ4MzZiNTI4ZTFmZTNmMWMyMWYzNjZmMDVhNTUxNDEyZGFmOGEyY2FjNg,,,,,,,,https://static.bihr.pro/eBihr/Pictures/ART-pictures.zip,,Spain Warehouse (Parts)
1081854001,38245,ASBT-43-BK,ART,"ART REPLC. TIP BRAKE PEDAL, BLK",Puntera pedal de freno ART KTM Husqvarna 14-17 negro,14.52,12.00,7.20,8430525382459,4,8714109090,0,1,,,VEHICLE PARTS & ACCESSORIES,ACCESSORIES,ACC. DESIGN PARTS,,,Negro,,189,30,94,134,15,,,,,,,,,,,,,,,,,,,,,,,,,,,,,,,,,,,,,,https://api.mybihr.com/medias/1081854001-1-800Wx800H?context=bWFzdGVyfHJvb3R8MzYzNDR8aW1hZ2UvanBlZ3xhR1E1TDJobU1pOHhOVFF5TnpZM09UVXhPRGMxTUM4eE1EZ3hPRFUwTURBeExURmZPREF3VjNnNE1EQkl8ZTgyMWVhZDhiZjc0ZGY4MjA5MjI0ZjJhOThmMWRlZTdmZTgwZjU0NjUyMmNiODgzMjY0NjU4M2IxNmMyZjJhZA,,,,,,,,https://static.bihr.pro/eBihr/Pictures/ART-pictures.zip,,Spain Warehouse (Parts)
1081854002,38246,ASBT-43-BL,ART,"ART REPLC. TIP BRAKE PEDAL, BLU",Puntera pedal de freno ART KTM Husqvarna 14-17 azul,15.73,13.00,7.80,8430525382466,3,8714109090,0,1,,,VEHICLE PARTS & ACCESSORIES,ACCESSORIES,ACC. DESIGN PARTS,,,Azul,,189,26,134,94,15,,,,,,,,,,,,,,,,,,,,,,,,,,,,,,,,,,,,,,https://api.mybihr.com/medias/1081854002-1-800Wx800H?context=bWFzdGVyfHJvb3R8NDQ5OTV8aW1hZ2UvanBlZ3xhRGcyTDJobVppOHhOVFF5TnpZM09Ua3hNVGsyTmk4eE1EZ3hPRFUwTURBeUxURmZPREF3VjNnNE1EQkl8ZGFkZjRhYjU3MWE0ODM3YzQxOWE3Y2QzMmMzMDk0NzBhNjc3ZWNlNGI0ZGI1YWZkMzdlOTgwY2NmYzU1YTZiZQ,,,,,,,,https://static.bihr.pro/eBihr/Pictures/ART-pictures.zip,,Spain Warehouse (Parts)
1081859001,89580,ASC-100-GY,ART,"ART PEDAL OEM TYPE, SIL",Pedal de cambio ART - Sherco gris,41.14,34.00,20.40,8430525895805,0,8714109090,0,1,,,VEHICLE PARTS & ACCESSORIES,ACCESSORIES,ACC. DESIGN PARTS,,,Plata,,1599,98,305,114,46,,,,,,,,,,,,,,,,,,,,,,,,,,,,,,,,,,,,,,https://api.mybihr.com/medias/1081859001-1-800Wx800H?context=bWFzdGVyfHJvb3R8MTg5MTl8aW1hZ2UvanBlZ3xhREF3TDJnMk55OHhOVFF5TnpZNE1URTFOekUxTUM4eE1EZ3hPRFU1TURBeExURmZPREF3VjNnNE1EQkl8NTUzYjU4NjA4MGY4ZWJkMjU3MDA5OTg5NjU5NzU0ZDZmZGZhOTZjMDhjMjYzNzVlMmVjMGI3OWU5NmNlM2M3Yg,,,,,,,,https://static.bihr.pro/eBihr/Pictures/ART-pictures.zip,,Spain Warehouse (Parts)
1081865001,85443,ASC-113-GY,ART,"ART PEDAL OEM TYPE, SIL",Pedal de cambio ART - KTM Husqvarna gris,33.88,28.00,16.80,8430525854437,3,8714109090,0,1,,,VEHICLE PARTS & ACCESSORIES,ACCESSORIES,ACC. DESIGN PARTS,,,Plata,,592,100,173,114,30,,,,,,,,,,,,,,,,,,,,,,,,,,,,,,,,,,,,,,,,,,,,,,https://static.bihr.pro/eBihr/Pictures/ART-pictures.zip,,Spain Warehouse (Parts)
1081871001,8676,ASC-36,ART,"ART PEDAL OEM TYPE, SIL",Pedal de cambio ART - Kawasaki gris,32.67,27.00,16.20,8430525086760,14,8714109090,0,1,,,VEHICLE PARTS & ACCESSORIES,ACCESSORIES,ACC. DESIGN PARTS,,,Plata,,806,104,118,201,34,,,,,,,,,,,,,,,,,,,,,,,,,,,,,,,,,,,,,,https://api.mybihr.com/medias/1081871001-1-800Wx800H?context=bWFzdGVyfHJvb3R8MTk0NTN8aW1hZ2UvanBlZ3xhRFkzTDJoa055OHhOVFF5TnpZNE1qTXpOamM1T0M4eE1EZ3hPRGN4TURBeExURmZPREF3VjNnNE1EQkl8YjY3MjQ4ZTZlNjIxZTQ5NTczOWY4OGE2ZDgyNDE1M2E4ZGMyOGRjYWQ4ZDJmNjQ1MjQwZTYwMTU0OTgyY2VjOA,,,,,,,,https://static.bihr.pro/eBihr/Pictures/ART-pictures.zip,,Spain Warehouse (Parts)
1081873001,8607,ASC-39,ART,"ART PEDAL OEM TYPE, SIL",Pedal de cambio ART - KTM gris,30.25,25.00,15.00,8430525086074,1,8714109090,0,1,,,VEHICLE PARTS & ACCESSORIES,ACCESSORIES,ACC. DESIGN PARTS,,,Plata,,2135,104,114,302,62,,,,,,,,,,,,,,,,,,,,,,,,,,,,,,,,,,,,,,https://api.mybihr.com/medias/1081873001-1-800Wx800H?context=bWFzdGVyfHJvb3R8MTk4MjF8aW1hZ2UvanBlZ3xhR0psTDJoak5TOHhOVFF5TnpZNE16RXlNekl6TUM4eE1EZ3hPRGN6TURBeExURmZPREF3VjNnNE1EQkl8OWQxYjNjYjY3ZWI3YzgwNzhmOWNlZjExNjZmZmExMzUzNzA4Y2M2YjBlY2Y3MjU2OTMyN2ZlYmMwN2FkYTM2Mg,,,,,,,,https://static.bihr.pro/eBihr/Pictures/ART-pictures.zip,,Spain Warehouse (Parts)
1081894003,45367,ASK-110-SILVER,ART,"ART KICK START, SIL",Pedal de arranque ART - gris - Yamaha,117.37,97.00,58.20,8430525453678,4,8714109090,0,1,"<html> <head> <meta http-equiv=""Content-Type"" content=""text/html; charset=utf-8""><title> </title> <style type=""text/css"">.cs4FC7BF42{text-align:left;margin:0pt 0pt 0pt 0pt;list-style-type:disc;color:#000;background-color:transparent;font-weight:normal;font-style:normal;}.csA7555675{color:#000;background-color:transparent;font-weight:normal;font-style:normal;}.cs95E872D0{text-align:left;margin:0pt 0pt 0pt 0pt;}</style> </head> <body> <ul> <li>Same dimensions as OEM</li><li>Manufactured in high resistance steel</li></ul> <p></p></body> </html>","        Same dimensions as OEMManufactured in high resistance steel  ",VEHICLE PARTS & ACCESSORIES,ACCESSORIES,ACC. DESIGN PARTS,,,Plata,,1368,286,276,134,37,,,,,,,,,,,,,,,,Plata,,Acero,,,,,,,,,,,,,,,,,,,,https://api.mybihr.com/medias/1081894003-1-800Wx800H?context=bWFzdGVyfHJvb3R8MjUyMzV8aW1hZ2UvanBlZ3xhR1V5TDJoaU9DODRPVGMzTnpNM05UUTNPREEyTHpFd09ERTRPVFF3TURNdE1WODRNREJYZURnd01FZ3xmYzU0MTFmODcwOGM4MGI5YzUwZmUwN2Q4MDIyNzUzZjU4NTYzNjg5N2NjOWIzNjY1ZDg0NDZmOTQxMTYzZTY3,,,,,,,,https://static.bihr.pro/eBihr/Pictures/ART-pictures.zip,,Spain Warehouse (Parts)
1081894001,45389,ASK-110-BL,ART,"ART KICK START, BLU",Pedal de arranque ART - Yamaha azul,117.37,97.00,58.20,8430525453890,1,8714109090,0,1,,,VEHICLE PARTS & ACCESSORIES,ACCESSORIES,ACC. DESIGN PARTS,,,Azul,,1902,316,148,292,44,,,,,,,,,,,,,,,,,,,,,,,,,,,,,,,,,,,,,,https://api.mybihr.com/medias/1081894001-1-800Wx800H?context=bWFzdGVyfHJvb3R8MjQyNjB8aW1hZ2UvanBlZ3xhREJpTDJoa1lpOHhOVFF5TnpZNU1EVTVORE16TkM4eE1EZ3hPRGswTURBeExURmZPREF3VjNnNE1EQkl8MTFmNTY2ZDcyZmYyZjhhNGI2YTJmM2MxYmY2MzBhMGQzOGYwNzQzODc3MDBhNmE3YTcxNmVkYWViMjQzMTdhMQ,,,,,,,,https://static.bihr.pro/eBihr/Pictures/ART-pictures.zip,,Spain Warehouse (Parts)
1085906001,93423,ASPRV-07-BL,ART,"ART BLEEDER KAYABA & SHOWA, BLU",Purgadores de horquilla ART azul Kayaba & showa M5,21.78,18.00,10.80,8430525934238,0,8714109090,0,1,,,VEHICLE PARTS & ACCESSORIES,ACCESSORIES,ACC. DESIGN PARTS,,,Azul,,189,28,94,134,15,,,,,,,,,,,,,,,,,,,,,,,,,,,,,,,,,,,,,,https://api.mybihr.com/medias/1085906001-1-800Wx800H?context=bWFzdGVyfHJvb3R8NjYyODV8aW1hZ2UvanBlZ3xhRGc0TDJoaE1TOHhOVFF5Tnprek16QXhNVGs1T0M4eE1EZzFPVEEyTURBeExURmZPREF3VjNnNE1EQkl8YjY5OWIyOGYyNDU0ZmE1NjljY2EyMTczYmIwMDM5MmM2MmE0ODI2ZDY0ZGYyZmJlNTIzYjY4NDY2MGFhNDUwYg,,,,,,,,https://static.bihr.pro/eBihr/Pictures/ART-pictures.zip,,Spain Warehouse (Parts)
1085906003,93421,ASPRV-07-RD,ART,"ART BLEEDER KAYABA & SHOWA, RED",Purgadores de horquilla ART rojo Kayaba & showa M5,21.78,18.00,10.80,8430525934214,10,8714109090,0,1,,,VEHICLE PARTS & ACCESSORIES,ACCESSORIES,ACC. DESIGN PARTS,,,Rojo,,189,26,94,134,15,,,,,,,,,,,,,,,,,,,,,,,,,,,,,,,,,,,,,,https://api.mybihr.com/medias/1085906003-1-800Wx800H?context=bWFzdGVyfHJvb3R8NzEyNTV8aW1hZ2UvanBlZ3xhRFUwTDJoaVlTOHhOVFF5Tnprek16YzVPRFF6TUM4eE1EZzFPVEEyTURBekxURmZPREF3VjNnNE1EQkl8ZTc3YTE2YmRhM2RhZmI1OTY2MDkxZGU5ZmZiNjA5ZTVmZDc4ZmY5YjcwMTk1NGNmYjY5YThjYTM5YTI3YzdiMg,,,,,,,,https://static.bihr.pro/eBihr/Pictures/ART-pictures.zip,,Spain Warehouse (Parts)
1085906002,93422,ASPRV-07-GN,ART,"ART BLEEDER KAYABA & SHOWA, GRN",Purgadores de horquilla ART verde Kayaba & showa M5,21.78,18.00,10.80,8430525934221,6,8714109090,0,1,,,VEHICLE PARTS & ACCESSORIES,ACCESSORIES,ACC. DESIGN PARTS,,,Verde,,188,26,93,135,15,,,,,,,,,,,,,,,,,,,,,,,,,,,,,,,,,,,,,,https://api.mybihr.com/medias/1085906002-1-800Wx800H?context=bWFzdGVyfHJvb3R8NTU4OTF8aW1hZ2UvanBlZ3xhREUyTDJoaFppOHhOVFF5Tnprek16UXdOVEl4TkM4eE1EZzFPVEEyTURBeUxURmZPREF3VjNnNE1EQkl8NDkwMWQ4OTIxYjhkNzVhYTYxNzgyNTc5YzQ2ZTlhOWI2MGYyMjAwYTVmM2NiYmI0YTJiOThjNTRhMjQ1MjJiNg,,,,,,,,https://static.bihr.pro/eBihr/Pictures/ART-pictures.zip,,Spain Warehouse (Parts)
1085906004,93424,ASPRV-07-YE,ART,"ART BLEEDER KAYABA & SHOWA, YEL",Purgadores de horquilla ART amarillo Kayaba & showa M5,20.57,17.00,10.20,8430525934245,3,8714109090,0,1,,,VEHICLE PARTS & ACCESSORIES,ACCESSORIES,ACC. DESIGN PARTS,,,Amarillo,,192,22,95,135,15,,,,,,,,,,,,,,,,,,,,,,,,,,,,,,,,,,,,,,https://api.mybihr.com/medias/1085906004-1-800Wx800H?context=bWFzdGVyfHJvb3R8NjExNjl8aW1hZ2UvanBlZ3xhRFZtTDJobU1DOHhOVFF5Tnprek5ERTVNVFkwTmk4eE1EZzFPVEEyTURBMExURmZPREF3VjNnNE1EQkl8YzQ1ZGIxOGRkNmM3OGQ2Y2I4MDI4ZTFhYTkzNzMwODdjZjYwMjZkZjY1YmRjYmE2ZjVjNDE0YjcwNjc4MjEwNA,,,,,,,,https://static.bihr.pro/eBihr/Pictures/ART-pictures.zip,,Spain Warehouse (Parts)
1112636,70851,147C,ART,ART FORGED CLUTCH LEVER POLISH,Maneta de embrague ART forjada pulida,13.89,11.48,6.89,8430525049567,177,8714101000,0,1,,,VEHICLE PARTS & ACCESSORIES,ACCESSORIES,ACC. DESIGN PARTS,,,,,516,76,249,109,19,,,,,,,,,,,,,,,,,,,,,,,,,,,,,,,,,,,,,,https://api.mybihr.com/medias/1112636-1-800Wx800H?context=bWFzdGVyfHJvb3R8MTIwNDd8aW1hZ2UvanBlZ3xhRFV5TDJobU9DOHhOVFF5T1RJNE9UY3dOVFV3TWk4eE1URXlOak0yTFRGZk9EQXdWM2c0TURCSXxkMjU0ODAxMjFlNjRlNTllNDQzMjhmNWNiN2UxMzA5M2Y0YjNkYmRkMjFkYWY0MjU3ZDg0OGRhYzllZWZlN2Y3,,,,,,,,https://static.bihr.pro/eBihr/Pictures/ART-pictures.zip,,Spain Warehouse (Parts)
1112639,74031,757C,ART,ART FORGED CLUTCH LEVER POLISH,Maneta de embrague forjada pulida,26.62,22.00,13.20,8430525102309,287,8714101000,0,1,,,VEHICLE PARTS & ACCESSORIES,ACCESSORIES,ACC. DESIGN PARTS,,,,,735,78,250,113,26,,,,,,,,,,,,,,,,,,,,,,,,,,,,,,,,,,,,,,https://api.mybihr.com/medias/1112639-1-800Wx800H?context=bWFzdGVyfHJvb3R8MjA3NTB8aW1hZ2UvanBlZ3xhRFF4TDJoall5OHhOVFF5T1RJNU1qQTJORGM1T0M4eE1URXlOak01TFRGZk9EQXdWM2c0TURCSXxhOWIxNjJkZjIxNGVhODdlOWU1OGNjNzkzNTM3MzNjNjU3OTNkNGE5Yjk0ZmUwMTc4NDA5NjhlMDRhNzc5NWJh,,,,,,,,https://static.bihr.pro/eBihr/Pictures/ART-pictures.zip,,Spain Warehouse (Parts)
1112637,71041,434C,ART,ART FORGED CLUTCH LEVER POLISH,Maneta de embrague forjada pulida,14.52,12.00,7.20,8430525049802,31,8714101000,0,1,,,VEHICLE PARTS & ACCESSORIES,ACCESSORIES,ACC. DESIGN PARTS,,,,,467,78,178,114,23,,,,,,,,,,,,,,,,,,,,,,,,,,,,,,,,,,,,,,https://api.mybihr.com/medias/1112637-1-800Wx800H?context=bWFzdGVyfHJvb3R8MjMzNjV8aW1hZ2UvanBlZ3xhR0V4TDJnd05pOHhOVFF5T1RJNU1EUTVNVGt6TkM4eE1URXlOak0zTFRGZk9EQXdWM2c0TURCSXwzNDliMzdiMTVlODI3YTk1YTJiOWUxODc0ZGRlZDk3Y2VlOWNiMzY4YmQ0ZWFlYzFiOGQyMDc5YzA0NDkyNjIy,,,,,,,,https://static.bihr.pro/eBihr/Pictures/ART-pictures.zip,,Spain Warehouse (Parts)
1058945,77151,ACLC-619-GY,ART,ART LEVER CLUTCH,Maneta de embrague forjada pulida,22.99,19.00,11.40,8430525120754,177,8714109090,0,1,,,VEHICLE PARTS & ACCESSORIES,ACCESSORIES,ACC. DESIGN PARTS,,,,,742,76,115,269,24,,,,,,,,,,,,,,,,,,,,,,,,,,,,,,,,,,,,,,https://api.mybihr.com/medias/1058945-1-800Wx800H?context=bWFzdGVyfHJvb3R8MjAxNTV8aW1hZ2UvanBlZ3xhR1kxTDJobVlpOHhOVFF5TmpRek16UXhOekkwTmk4eE1EVTRPVFExTFRGZk9EQXdWM2c0TURCSXw0YjM5MzRjZWVjNjZjMzQxYmIzNmJiOTEzMDhhNDA5NTBiYTE1OGEwZDczYTQ4NjgzMDk2OGZmYzU5OTRkY2Nk,,,,,,,,https://static.bihr.pro/eBihr/Pictures/ART-pictures.zip,,Spain Warehouse (Parts)
1112638,71201,296C,ART,ART FORGED CLUTCH LEVER POLISH,Maneta de embrague ART forjada pulida,14.52,12.00,7.20,8430525049970,248,8714101000,0,1,<p>Compatible con los soportes de maneta ref. 1059397 y 1059398.</p>,"
Compatible con los soportes de maneta ref. 1059397 y 1059398.",VEHICLE PARTS & ACCESSORIES,ACCESSORIES,ACC. DESIGN PARTS,,,,,519,76,114,253,18,,,,,,,,,,,,,,,,,,,,,,,,,,,,,,,,,,,,,,https://api.mybihr.com/medias/1112638-1-800Wx800H?context=bWFzdGVyfHJvb3R8MjM4Mjd8aW1hZ2UvanBlZ3xhRFk0TDJnMk9TOHhOVFF5T1RJNU1USTNPRE0yTmk4eE1URXlOak00TFRGZk9EQXdWM2c0TURCSXw1YzI4NGEwM2UxMTUwNTFjNDVjMDQ5ZGQ1MTJjOWFiODM0OWU5NWIwZGQ1Mjk3NTU2NTczOTg0YTJjNWFjY2Nm,,,,,,,,https://static.bihr.pro/eBihr/Pictures/ART-pictures.zip,,Spain Warehouse (Parts)
1058976,13714,ASB-19,ART,ART PEDAL CNC FLEX TYPE,Pedal de freno ART CNC Flex - YAMAHA,79.00,65.29,39.17,8430525137141,4,8714109090,0,1,,,VEHICLE PARTS & ACCESSORIES,ACCESSORIES,ACC. DESIGN PARTS,,,,,1560,214,137,253,45,,,,,,,,,,,,,,,,,,,,,,,,,,,,,,,,,,,,,,https://api.mybihr.com/medias/1058976-1-800Wx800H?context=bWFzdGVyfHJvb3R8MjQ5NTB8aW1hZ2UvanBlZ3xhREk0TDJnNU9TOHhOVFF5TmpRME5USTNPVEkyTWk4eE1EVTRPVGMyTFRGZk9EQXdWM2c0TURCSXw0MWI2NzY4ZmQzNTYzNWVjM2Y2MDM2NDM5NjY2YjZjOTFlMjU2Nzk5NWE0NjY1NWViNDZhYjg2OTM0NjhlNWVl,,,,,,,,https://static.bihr.pro/eBihr/Pictures/ART-pictures.zip,,Spain Warehouse (Parts)
1058964,89558,ASB-136F,ART,ART PEDAL,Pedal de freno ART - Kawasaki gris,100.43,83.00,49.80,8430525895584,7,8714109090,0,1,,,VEHICLE PARTS & ACCESSORIES,ACCESSORIES,ACC. DESIGN PARTS,,,,,1351,192,299,113,40,,,,,,,,,,,,,,,,,,,,,,,,,,,,,,,,,,,,,,https://api.mybihr.com/medias/1058964-1-800Wx800H?context=bWFzdGVyfHJvb3R8MjY1NTd8aW1hZ2UvanBlZ3xhREZqTDJoaE9DOHhOVFF5TmpRME1qRXpNelV6TkM4eE1EVTRPVFkwTFRGZk9EQXdWM2c0TURCSXwyNTU1NjliNTEwODE3MmFiZDdmYmMwZGMzYmU5ZDY4MjBjYzM4MWJkZjcyZTVlYzBkODk2MzllNGFhZGE3YTVl,,,,,,,,https://static.bihr.pro/eBihr/Pictures/ART-pictures.zip,,Spain Warehouse (Parts)
1058959,89546,ASB-124F,ART,ART PEDAL HONDA SILVER,Pedal de freno ART - Honda gris,100.43,83.00,49.80,8430525895461,2,8714109090,0,1,,,VEHICLE PARTS & ACCESSORIES,ACCESSORIES,ACC. DESIGN PARTS,,,,,2787,228,414,127,53,,,,,,,,,,,,,,,,,,,,,,,,,,,,,,,,,,,,,,https://api.mybihr.com/medias/1058959-1-800Wx800H?context=bWFzdGVyfHJvb3R8MjMzNTR8aW1hZ2UvanBlZ3xhR0V5TDJnNE5DOHhOVFF5TmpRME1ERTJOelExTkM4eE1EVTRPVFU1TFRGZk9EQXdWM2c0TURCSXw5NDAxNWM1OTQyYzA5MzQ5NWMzZDViODU1MTQyMTI2OTQ3ZTEyOGVhZTMyODNlZmEwOTJjMzdlYzM0OGIyNTM5,,,,,,,,https://static.bihr.pro/eBihr/Pictures/ART-pictures.zip,,Spain Warehouse (Parts)
1059024,21195,ASB -CABLE,ART,ART WIRE SAFETY FOR CNC PEDAL,Cable de seguridad recambio pedal ART CNC,4.84,4.00,2.40,8430525211957,0,8714109090,0,1,,,VEHICLE PARTS & ACCESSORIES,ACCESSORIES,ACC. DESIGN PARTS,,,,,245,24,99,165,15,,,,,,,,,,,,,,,,,,,,,,,,,,,,,,,,,,,,,,https://api.mybihr.com/medias/1059024-1-800Wx800H?context=bWFzdGVyfHJvb3R8MTkwMjB8aW1hZ2UvanBlZ3xhR0U0TDJnek5DOHhOVFF5TmpRMk1EWXhORFk0Tmk4eE1EVTVNREkwTFRGZk9EQXdWM2c0TURCSXw2YjgxYjQ2NDEyODZlMDA1NDEyMTkwNTY3MWJhN2NmN2FkNTNhMzZjYjZlOTg3ZTAyNzRhOGZhNGQ2MTRhYzAx,,,,,,,,https://static.bihr.pro/eBihr/Pictures/ART-pictures.zip,,Spain Warehouse (Parts)
1059003,10276,ASC-59,ART,ART PEDAL OEM TYPE,Pedal de cambio ART - Gris,28.00,23.14,13.88,8430525102767,7,8714109090,0,1,,,VEHICLE PARTS & ACCESSORIES,ACCESSORIES,ACC. DESIGN PARTS,,,,,2289,124,97,236,100,,,,,,,,,,,,,,,,,,,,,,,,,,,,,,,,,,,,,,https://api.mybihr.com/medias/1059003-1-800Wx800H?context=bWFzdGVyfHJvb3R8MTU2MzZ8aW1hZ2UvanBlZ3xhRGRqTDJobU1DOHhOVFF5TmpRMU5EY3hOalEwTmk4eE1EVTVNREF6TFRGZk9EQXdWM2c0TURCSXw1OGIwOWFhNWZlNTk5YzdiNjRjMzdlNGNjY2NlMTk2M2Y1NTdiZTNlMTZiNWI2MWU2MDQ5Y2UwYjhmZjdlYzcx,,,,,,,,https://static.bihr.pro/eBihr/Pictures/ART-pictures.zip,,Spain Warehouse (Parts)
1058990,8602,ASC-32,ART,ART PEDAL OEM TYPE,Pedal de cambio ART - Yamaha gris,30.25,25.00,15.00,8430525086029,0,8714109090,0,1,,,VEHICLE PARTS & ACCESSORIES,ACCESSORIES,ACC. DESIGN PARTS,,,,,823,110,116,229,31,,,,,,,,,,,,,,,,,,,,,,,,,,,,,,,,,,,,,,https://api.mybihr.com/medias/1058990-1-800Wx800H?context=bWFzdGVyfHJvb3R8MTc3Mjl8aW1hZ2UvanBlZ3xhRE0zTDJnMFpDOHhOVFF5TmpRME9UWXdORFl6T0M4eE1EVTRPVGt3TFRGZk9EQXdWM2c0TURCSXw4NGNjMzA1NmIyMzQ3YjI1OGExODI0NzJmNmMxM2Y3ZmI5MjIzOWI4OGYxZDlkMmNjYmQxNmVjMzA0ZDY2ZmM0,,,,,,,,https://static.bihr.pro/eBihr/Pictures/ART-pictures.zip,,Spain Warehouse (Parts)
1058985,8658,ASC-25B,ART,ART PEDAL OEM TYPE,Pedal de cambio ART - Kawa/Suzuki gris,27.83,23.00,13.80,8430525086586,1,8714109090,0,1,,,VEHICLE PARTS & ACCESSORIES,ACCESSORIES,ACC. DESIGN PARTS,,,,,4945,130,306,404,40,,,,,,,,,,,,,,,,,,,,,,,,,,,,,,,,,,,,,,https://api.mybihr.com/medias/1058985-1-800Wx800H?context=bWFzdGVyfHJvb3R8MTcxNTN8aW1hZ2UvanBlZ3xhREE1TDJnNE5pOHhOVFF5TmpRME56WXpPRFUxT0M4eE1EVTRPVGcxTFRGZk9EQXdWM2c0TURCSXxkODk2NWIwMzRhN2FlM2QxN2I0NmRjMWFmMjQ1ZWJjYmYwZTllM2RiODMxNDhjNDIyOGM2NzBlMmQxYWM2NWZi,,,,,,,,https://static.bihr.pro/eBihr/Pictures/ART-pictures.zip,,Spain Warehouse (Parts)
1059011,6110,KTM4,ART,ART PEDAL OEM TYPE,Pedal de cambio ART - KTM motor 4T alumino plata,32.67,27.00,16.20,8430525061101,48,8714109090,0,1,,,VEHICLE PARTS & ACCESSORIES,ACCESSORIES,ACC. DESIGN PARTS,,,,,856,106,117,209,35,,,,,,,,,,,,,,,,,,,,,,,,,,,,,,,,,,,,,,https://api.mybihr.com/medias/1059011-1-800Wx800H?context=bWFzdGVyfHJvb3R8MTY2NzN8aW1hZ2UvanBlZ3xhR1JpTDJnMU1DOHhOVFF5TmpRMU56ZzJNakUzTkM4eE1EVTVNREV4TFRGZk9EQXdWM2c0TURCSXw5ZjA3M2RhYzAxNmYwMjk5ZDFkZjEwZjYzNjA4NmQ3ZjViMjQzNGM2NjQwNWI3NTcyMGMzMDI5NWE0ODdmNzU3,,,,,,,,https://static.bihr.pro/eBihr/Pictures/ART-pictures.zip,,Spain Warehouse (Parts)
1058995,8677,ASC-40,ART,ART PEDAL OEM TYPE,Pedal de cambio ART - Suzuki gris,27.83,23.00,13.80,8430525086777,5,8714109090,0,1,,,VEHICLE PARTS & ACCESSORIES,ACCESSORIES,ACC. DESIGN PARTS,,,,,1318,118,129,227,45,,,,,,,,,,,,,,,,,,,,,,,,,,,,,,,,,,,,,,https://api.mybihr.com/medias/1058995-1-800Wx800H?context=bWFzdGVyfHJvb3R8MjE2NzR8aW1hZ2UvanBlZ3xhREV4TDJnek5DOHhOVFF5TmpRMU1UVTNNRGN4T0M4eE1EVTRPVGsxTFRGZk9EQXdWM2c0TURCSXw5N2UwMTE2MTI5OTQxYWQxNDJhNzY5NmFhMjk1YmNmNjE5OGZkZjA0MDcxNDQ4ZWZiMmQ2MWMyMjEyMWI1YjA1,,,,,,,,https://static.bihr.pro/eBihr/Pictures/ART-pictures.zip,,Spain Warehouse (Parts)
1058982,8592,ASC-20,ART,ART PEDAL OEM TYPE,Pedal de cambio ART - Yamaha gris,30.25,25.00,15.00,8430525085923,52,8714109090,0,1,,,VEHICLE PARTS & ACCESSORIES,ACCESSORIES,ACC. DESIGN PARTS,,,,,756,92,122,200,31,,,,,,,,,,,,,,,,,,,,,,,,,,,,,,,,,,,,,,https://api.mybihr.com/medias/1058982-1-800Wx800H?context=bWFzdGVyfHJvb3R8MTY3MTl8aW1hZ2UvanBlZ3xhRGN3TDJobU5pOHhOVFF5TmpRME5qUTFPRGt4TUM4eE1EVTRPVGd5TFRGZk9EQXdWM2c0TURCSXxhNzQ1NzgxNDdkNGQyNDQ4NTk0NmUxMWE4Y2Q4MmZjOTRiZDEzZDBlNTFjYTQ2YTcxYjA2NzJjNmY3OTMzNWE2,,,,,,,,https://static.bihr.pro/eBihr/Pictures/ART-pictures.zip,,Spain Warehouse (Parts)
1059004,9637,ASC-60,ART,ART PEDAL OEM TYPE,Pedal de cambio ART - Gris,35.09,29.00,17.40,8430525096370,22,8714109090,0,1,,,VEHICLE PARTS & ACCESSORIES,ACCESSORIES,ACC. DESIGN PARTS,,,,,531,76,127,155,27,,,,,,,,,,,,,,,,,,,,,,,,,,,,,,,,,,,,,,https://api.mybihr.com/medias/1059004-1-800Wx800H?context=bWFzdGVyfHJvb3R8MjA2ODd8aW1hZ2UvanBlZ3xhRFF6TDJnNVlpOHhOVFF5TmpRMU5URXdPVFkyTWk4eE1EVTVNREEwTFRGZk9EQXdWM2c0TURCSXw4Y2U3ZGY5ZDY3NGQwZDY1MjcwNDZjNGJhM2Q1MWI3YzI0NWVmNzgyNDJjMGQ2YzAyZmE1Mzg0MWM5MzhhNWNm,,,,,,,,https://static.bihr.pro/eBihr/Pictures/ART-pictures.zip,,Spain Warehouse (Parts)
1058986,8597,ASC-26,ART,ART PEDAL OEM TYPE,Pedal de cambio ART - Kawasaki gris,30.25,25.00,15.00,8430525085978,6,8714109090,0,1,,,VEHICLE PARTS & ACCESSORIES,ACCESSORIES,ACC. DESIGN PARTS,,,,,817,104,119,202,34,,,,,,,,,,,,,,,,,,,,,,,,,,,,,,,,,,,,,,https://api.mybihr.com/medias/1058986-1-800Wx800H?context=bWFzdGVyfHJvb3R8MTY0OTZ8aW1hZ2UvanBlZ3xhR0prTDJnek1DOHhOVFF5TmpRME9EQXpNVGMzTkM4eE1EVTRPVGcyTFRGZk9EQXdWM2c0TURCSXw3ZjYwODAwZDU4YTgxMDFmMzI4NDZmMTRmMmEzN2VhZWIxNjhhN2FjZTliMGRiNjdhNWVjMDY0ZGI0MGZkMmRj,,,,,,,,https://static.bihr.pro/eBihr/Pictures/ART-pictures.zip,,Spain Warehouse (Parts)
1059005,10281,ASC-65,ART,ART PEDAL OEM TYPE,Pedal de cambio ART - Gris,35.09,29.00,17.40,8430525102811,23,8714109090,0,1,,,VEHICLE PARTS & ACCESSORIES,ACCESSORIES,ACC. DESIGN PARTS,,,,,728,104,119,211,29,,,,,,,,,,,,,,,,,,,,,,,,,,,,,,,,,,,,,,https://api.mybihr.com/medias/1059005-1-800Wx800H?context=bWFzdGVyfHJvb3R8MTk1OTd8aW1hZ2UvanBlZ3xhR0V6TDJnNFpDOHhOVFF5TmpRMU5UVXdNamczT0M4eE1EVTVNREExTFRGZk9EQXdWM2c0TURCSXxmNDg5NGZhNjk2N2QxNjFkNTAyNjUyOTg4ZjVlZGNmZmM4YmFmMTk5NDRhODJjZjFjMDI3ZTA5YTBmZDE0ZWNl,,,,,,,,https://static.bihr.pro/eBihr/Pictures/ART-pictures.zip,,Spain Warehouse (Parts)
1059006,10283,ASC-68,ART,ART PEDAL OEM TYPE,Pedal de cambio ART - Gris,26.62,22.00,13.20,8430525102835,18,8714109090,0,1,,,VEHICLE PARTS & ACCESSORIES,ACCESSORIES,ACC. DESIGN PARTS,,,,,1395,120,139,239,42,,,,,,,,,,,,,,,,,,,,,,,,,,,,,,,,,,,,,,https://api.mybihr.com/medias/1059006-1-800Wx800H?context=bWFzdGVyfHJvb3R8MjA4NTl8aW1hZ2UvanBlZ3xhRFkxTDJnNE1pOHhOVFF5TmpRMU5UZzVOakE1TkM4eE1EVTVNREEyTFRGZk9EQXdWM2c0TURCSXw4NjNmMmNjNjgwYjkzYzM2NTIwMzRkNDA3NDA1MWU5YTZkOTc3ZDgxOTdkMjNkZDMyZTQ5YTEzY2ExZmE1MWZj,,,,,,,,https://static.bihr.pro/eBihr/Pictures/ART-pictures.zip,,Spain Warehouse (Parts)
1059010,11606,ASC-78,ART,ART PEDAL OEM TYPE,Pedal de cambio ART - Husqvarna 2T aluminio gris mate,32.67,27.00,16.20,8430525116061,17,8714109090,0,1,,,VEHICLE PARTS & ACCESSORIES,ACCESSORIES,ACC. DESIGN PARTS,,,,,1078,84,118,203,45,,,,,,,,,,,,,,,,,,,,,,,,,,,,,,,,,,,,,,https://api.mybihr.com/medias/1059010-1-800Wx800H?context=bWFzdGVyfHJvb3R8MjY5ODN8aW1hZ2UvanBlZ3xhRE5oTDJnME15OHhOVFF5TmpRMU56UTJPRGsxT0M4eE1EVTVNREV3TFRGZk9EQXdWM2c0TURCSXxhZDViNzk1MDQyMDViZWEyYzBlNGE1ZTEwZWRmOWJjMDgyYWRlOThkYWM2ZjhkYjkwNDY4MzZlNmY5ZWI1NjIz,,,,,,,,https://static.bihr.pro/eBihr/Pictures/ART-pictures.zip,,Spain Warehouse (Parts)
1058991,8603,ASC-33,ART,ART PEDAL OEM TYPE,Pedal de cambio ART - Honda gris,30.25,25.00,15.00,8430525086036,7,8714109090,0,1,,,VEHICLE PARTS & ACCESSORIES,ACCESSORIES,ACC. DESIGN PARTS,,,,,945,94,120,179,44,,,,,,,,,,,,,,,,,,,,,,,,,,,,,,,,,,,,,,https://api.mybihr.com/medias/1058991-1-800Wx800H?context=bWFzdGVyfHJvb3R8MTczOTd8aW1hZ2UvanBlZ3xhRGMwTDJnMU9DOHhOVFF5TmpRME9UazVOemcxTkM4eE1EVTRPVGt4TFRGZk9EQXdWM2c0TURCSXxjYzA3ZWU5NGU0MjIzYjE0M2NjNjU5NTgwN2U0MDZlZGFmNWNkMzlmYTg5MGViZTIyOTdhMTI4NTRiZjNhODhl,,,,,,,,https://static.bihr.pro/eBihr/Pictures/ART-pictures.zip,,Spain Warehouse (Parts)
1058979,85444,ASC-110-GY,ART,ART PEDAL OEM TYPE,Pedal de cambio ART - Sherco trial gris,32.67,27.00,16.20,8430525854444,11,8714109090,0,1,,,VEHICLE PARTS & ACCESSORIES,ACCESSORIES,ACC. DESIGN PARTS,,,,,716,94,211,117,29,,,,,,,,,,,,,,,,,,,,,,,,,,,,,,,,,,,,,,,,,,,,,,https://static.bihr.pro/eBihr/Pictures/ART-pictures.zip,,Spain Warehouse (Parts)
1059008,11602,ASC-73,ART,ART PEDAL OEM TYPE,Pedal de cambio ART - Suzuki LTZ aluminio gris mate,32.67,27.00,16.20,8430525116023,41,8714109090,0,1,,,VEHICLE PARTS & ACCESSORIES,ACCESSORIES,ACC. DESIGN PARTS,,,,,1429,112,115,303,41,,,,,,,,,,,,,,,,,,,,,,,,,,,,,,,,,,,,,,https://api.mybihr.com/medias/1059008-1-800Wx800H?context=bWFzdGVyfHJvb3R8MjEzODV8aW1hZ2UvanBlZ3xhRGhpTDJneFppOHhOVFF5TmpRMU5qWTRNalV5Tmk4eE1EVTVNREE0TFRGZk9EQXdWM2c0TURCSXxiMDM4MWEzZjE0NTJmZGY0OGUxNjNkODA4MTVjNGU0ZjI3NTc3MmQzOWQ5OTBmYjk0ZDUzNTVjYjNhZWQ3NTA4,,,,,,,,https://static.bihr.pro/eBihr/Pictures/ART-pictures.zip,,Spain Warehouse (Parts)
1058992,8604,ASC-34,ART,ART PEDAL OEM TYPE,Pedal de cambio ART - Suzuki gris,31.46,26.00,15.60,8430525086043,18,8714109090,0,1,,,VEHICLE PARTS & ACCESSORIES,ACCESSORIES,ACC. DESIGN PARTS,,,,,1279,106,118,293,37,,,,,,,,,,,,,,,,,,,,,,,,,,,,,,,,,,,,,,https://api.mybihr.com/medias/1058992-1-800Wx800H?context=bWFzdGVyfHJvb3R8MTcxODd8aW1hZ2UvanBlZ3xhRGM0TDJoaE5DOHhOVFF5TmpRMU1ETTVNVEEzTUM4eE1EVTRPVGt5TFRGZk9EQXdWM2c0TURCSXxmYTM0YzZkNTM2YjgxNDQxOGM0NTdhZWY4MDBlODI1NWU1NjhlYzgzM2QyN2M3MjQyN2JhM2Y0M2ZmMTg2MDY1,,,,,,,,https://static.bihr.pro/eBihr/Pictures/ART-pictures.zip,,Spain Warehouse (Parts)
1058997,9411,ASC-49,ART,ART PEDAL OEM TYPE,Pedal de cambio ART - Plata,31.46,26.00,15.60,8430525094116,11,8714109090,0,1,,,VEHICLE PARTS & ACCESSORIES,ACCESSORIES,ACC. DESIGN PARTS,,,,,987,114,117,222,38,,,,,,,,,,,,,,,,,,,,,,,,,,,,,,,,,,,,,,https://api.mybihr.com/medias/1058997-1-800Wx800H?context=bWFzdGVyfHJvb3R8MTY0NDZ8aW1hZ2UvanBlZ3xhR0kwTDJneVpTOHhOVFF5TmpRMU1qTTFOekUxTUM4eE1EVTRPVGszTFRGZk9EQXdWM2c0TURCSXxlZWZiODcyNjkxM2NlYTYxZWVmNmUwNDQ5Y2Y3NjI3OWY5MzQxMWYxNmUwZmMwOGE2M2M4MDQ4Y2JiNmQ4NjA3,,,,,,,,https://static.bihr.pro/eBihr/Pictures/ART-pictures.zip,,Spain Warehouse (Parts)
1059022,41629,ASGT-17-NJ,ART,ART TANK VALVE GAS ORANGE,Válvula tapón depósito de gasolina ART aluminio naranja,8.47,7.00,4.20,8430525416291,21,8714109090,0,1,,,VEHICLE PARTS & ACCESSORIES,ACCESSORIES,ACC. DESIGN PARTS,,,,,92,16,44,123,17,,,,,,,,,,,,,,,,,,,,,,,,,,,,,,,,,,,,,,https://api.mybihr.com/medias/1059022-1-800Wx800H?context=bWFzdGVyfHJvb3R8MzAxMzV8aW1hZ2UvanBlZ3xhR1kyTDJoa1lpOHhOVFF5TmpRMU9UZ3lPREkxTkM4eE1EVTVNREl5TFRGZk9EQXdWM2c0TURCSXw0YjE4MjIxZWU3MDNjNjlmYmZkOWFhMTU4NzExZmIxZGEwNmYyOGY1MjFjZWNiZTBkNzNjMDAzNThhNzk1NTdh,,,,,,,,https://static.bihr.pro/eBihr/Pictures/ART-pictures.zip,,Spain Warehouse (Parts)
1059020,41631,ASGT-17-BK,ART,ART TANK VALVE GAS BLACK,Válvula tapón depósito de gasolina ART aluminio negro,8.47,7.00,4.20,8430525416314,144,8714109090,0,1,,,VEHICLE PARTS & ACCESSORIES,ACCESSORIES,ACC. DESIGN PARTS,,,,,105,14,50,124,17,,,,,,,,,,,,,,,,,,,,,,,,,,,,,,,,,,,,,,https://api.mybihr.com/medias/1059020-1-800Wx800H?context=bWFzdGVyfHJvb3R8MzAxMzl8aW1hZ2UvanBlZ3xhREV5TDJobU55OHhOVFF5TmpRMU9UQTBNVGd5TWk4eE1EVTVNREl3TFRGZk9EQXdWM2c0TURCSXw5YjdjZjMxMTY1Yjk3ZmVlODNkNzUwYTgyMzRjYzNlZjk3Y2RhZmU5ZGJjODg0NjY4OTE2ODNiNTY2NjMwM2Uy,,,,,,,,https://static.bihr.pro/eBihr/Pictures/ART-pictures.zip,,Spain Warehouse (Parts)
1059023,41630,ASGT-17-RJ,ART,ART TANK VALVE GAS RED,Válvula tapón depósito de gasolina ART aluminio rojo,8.47,7.00,4.20,8430525416307,16,8714109090,0,1,,,VEHICLE PARTS & ACCESSORIES,ACCESSORIES,ACC. DESIGN PARTS,,,,,109,16,52,123,17,,,,,,,,,,,,,,,,,,,,,,,,,,,,,,,,,,,,,,https://api.mybihr.com/medias/1059023-1-800Wx800H?context=bWFzdGVyfHJvb3R8MzA4Njd8aW1hZ2UvanBlZ3xhREZoTDJneU55OHhOVFF5TmpRMk1ESXlNVFEzTUM4eE1EVTVNREl6TFRGZk9EQXdWM2c0TURCSXxlM2Y5N2I1MGQ5Y2JjZjBmNGJjZDJjYmU2OTc5Y2Y5ZmZmYjJiNTRhNWM1ZmEyZmQ3ZDFhZTQ5NzZmZmE0ZDE0,,,,,,,,https://static.bihr.pro/eBihr/Pictures/ART-pictures.zip,,Spain Warehouse (Parts)
1059021,41632,ASGT-17-BL,ART,ART TANK VALVE GAS BLUE,Válvula tapón depósito de gasolina ART aluminio azul,8.47,7.00,4.20,8430525416321,33,8714109090,0,1,,,VEHICLE PARTS & ACCESSORIES,ACCESSORIES,ACC. DESIGN PARTS,,,,,125,24,60,123,17,,,,,,,,,,,,,,,,,,,,,,,,,,,,,,,,,,,,,,https://api.mybihr.com/medias/1059021-1-800Wx800H?context=bWFzdGVyfHJvb3R8MzAwNTl8aW1hZ2UvanBlZ3xhRGcwTDJobE9TOHhOVFF5TmpRMU9UUXpOVEF6T0M4eE1EVTVNREl4TFRGZk9EQXdWM2c0TURCSXwyNTFkMTQzNWQ5MjRkMTNhOGE5NjlhZTczZmJmN2NhMDcxNmIxODc3Yjc1MmRlNTNiYmY4ZDQzM2FlZGVjNWUw,,,,,,,,https://static.bihr.pro/eBihr/Pictures/ART-pictures.zip,,Spain Warehouse (Parts)
1112590,73771,787C-2S,ART,ART FORGED POLISH LEVER BOTH SIDES,Maneta embrague corta forjada ART bomba MAGURA,22.00,18.18,10.91,8430525064683,51,8714101000,0,1,,,VEHICLE PARTS & ACCESSORIES,ACCESSORIES,ACC. DESIGN PARTS,,,,,438,68,117,170,22,,,,,,,,,,,,,,,,,,,,,,,,,,,,,,,,,,,,,,https://api.mybihr.com/medias/1112590-1-800Wx800H?context=bWFzdGVyfHJvb3R8MjM1Mzh8aW1hZ2UvanBlZ3xhR1ZoTDJnNE1TOHhOVFF5T1RJMk56WXhPVGczTUM4eE1URXlOVGt3TFRGZk9EQXdWM2c0TURCSXw0YjFhZjAyYmMwYmM5MjBmMTIwZWI5YTE5OGRhZGVkMWZmZGViOGQzYjNlMjAyMzE4YWE1MDY3MWM1NWQ5ZWIz,https://api.mybihr.com/medias/1112590-2-800Wx800H?context=bWFzdGVyfHJvb3R8MzcwMDJ8aW1hZ2UvanBlZ3xhRE0zTDJoa055OHhOVFF5T1RJMk9EQXhNekE0Tmk4eE1URXlOVGt3TFRKZk9EQXdWM2c0TURCSXxjOTlhZmVjNzY1ODU2YTIxYjJhM2NjMTNkNTc5ZTkxMzcyZDYzZjNlNWJjMmE2OGVhYWY5ZTAyZjgxNjg1YzNh,,,,,,,https://static.bihr.pro/eBihr/Pictures/ART-pictures.zip,,Spain Warehouse (Parts)
1112597,75081,179B-1,ART,ART FORGED BRAKE LEVER POLISHED,Maneta de freno forjada pulida,26.62,22.00,13.20,8430525107205,352,8714101000,0,1,,,VEHICLE PARTS & ACCESSORIES,ACCESSORIES,ACC. DESIGN PARTS,,,,,575,74,117,234,21,,,,,,,,,,,,,,,,,,,,,,,,,,,,,,,,,,,,,,https://api.mybihr.com/medias/1112597-1-800Wx800H?context=bWFzdGVyfHJvb3R8MjQ2NTF8aW1hZ2UvanBlZ3xhR0kyTDJoaVlpOHhOVFF5T1RJM01qY3pNVFkzT0M4eE1URXlOVGszTFRGZk9EQXdWM2c0TURCSXwyYThlMDUxZjBlYzlkNDAxNWU0YmRmNDM1ZGE3NzJkYTA4OTVmYWQ4ZDNiMDVlMzIxYTRkZjJlOTg4ODhmMWYz,,,,,,,,https://static.bihr.pro/eBihr/Pictures/ART-pictures.zip,,Spain Warehouse (Parts)
1058944,,448B-1,ART,ART LEVER BRAKE,Maneta de freno forjada pulida,19.00,15.70,9.42,8430525102415,97,8714109090,0,1,,,VEHICLE PARTS & ACCESSORIES,ACCESSORIES,ACC. DESIGN PARTS,,,,,478,72,115,160,26,,,,,,,,,,,,,,,,,,,,,,,,,,,,,,,,,,,,,,https://api.mybihr.com/medias/1058944-1-800Wx800H?context=bWFzdGVyfHJvb3R8MTkwNjV8aW1hZ2UvanBlZ3xhREpsTDJnNU9TOHhOVFF5TmpRek1qWXpNRGd4TkM4eE1EVTRPVFEwTFRGZk9EQXdWM2c0TURCSXwwZThhNDkzYmFlNmU4ZGZhZmE4YjlkMWIyZWY2YzI4MTFlOWE1NjgwMmRkODE0Mzg0MWVkZjViZTI1OTAxNjgw,,,,,,,,https://static.bihr.pro/eBihr/Pictures/ART-pictures.zip,,Spain Warehouse (Parts)
1112598,76031,DT-727B,ART,ART FORGED BRAKE LEVER,Maneta de freno forjada para Brembo,25.41,21.00,12.60,8430525376434,309,8714101000,0,1,<p>OEM KTM: 77713002000</p><p>OEM HUSQVARNA: 77713002000</p>,"
OEM KTM: 77713002000
OEM HUSQVARNA: 77713002000",VEHICLE PARTS & ACCESSORIES,ACCESSORIES,ACC. DESIGN PARTS,,,,,636,84,114,180,31,,,,,,,,,,,,,,,,,,,,,,,,,,,,,,,,,,,,,,https://api.mybihr.com/medias/1112598-1-800Wx800H?context=bWFzdGVyfHJvb3R8MzA2MTR8aW1hZ2UvanBlZ3xhR1ZtTDJnMU9DOHhOVFF5T1RJM016VXhPREV4TUM4eE1URXlOVGs0TFRGZk9EQXdWM2c0TURCSXw4NzJhMWMxNTQxYzBiYTNlNTdmNTQzYjA3YzU2MTM4YWViOWVhNzgyZWZmM2IxYjBkYmFmZGUyMTBiYzQzNDQ1,,,,,,,,https://static.bihr.pro/eBihr/Pictures/ART-pictures.zip,,Spain Warehouse (Parts)
1058942,70981,179B-S,ART,ART LEVER BRAKE,Maneta de freno forjada pulida,15.73,13.00,7.80,8430525049727,139,8714109090,0,1,,,VEHICLE PARTS & ACCESSORIES,ACCESSORIES,ACC. DESIGN PARTS,,,,,494,62,113,162,27,,,,,,,,,,,,,,,,,,,,,,,,,,,,,,,,,,,,,,https://api.mybihr.com/medias/1058942-1-800Wx800H?context=bWFzdGVyfHJvb3R8MTU5MTh8aW1hZ2UvanBlZ3xhREkyTDJneFlpOHhOVFF5TmpRek1UQTFOemsxTUM4eE1EVTRPVFF5TFRGZk9EQXdWM2c0TURCSXw2NmJiZmMyMzBhYTEyN2MyNTBkNWQ4MDliOTFkNTgwODk3NDJhMmE3YzA3ZjljNDRiYjc2OGEwZTU4NzllNWZi,,,,,,,,https://static.bihr.pro/eBihr/Pictures/ART-pictures.zip,,Spain Warehouse (Parts)
1059016,93411,ASCCG-07-BL,ART,ART PROTECTION CLUTCH PUMP,Protector bomba de embrague ART KTM Husqvarna azul,59.29,49.00,19.60,8430525934115,9,8714109090,0,1,,,VEHICLE PARTS & ACCESSORIES,ACCESSORIES,ACC. DESIGN PARTS,,,,,1224,190,264,122,38,,,,,,,,,,,,,,,,,,,,,,,,,,,,,,,,,,,,,,,,,,,,,,https://static.bihr.pro/eBihr/Pictures/ART-pictures.zip,,Spain Warehouse (Parts)
1059017,93410,ASCCG-07-OR,ART,ART PROTECTION CLUTCH PUMP,Protector bomba de embrague ART KTM Naranja,59.29,49.00,19.60,8430525934108,13,8714109090,0,1,,,VEHICLE PARTS & ACCESSORIES,ACCESSORIES,ACC. DESIGN PARTS,,,,,1091,188,262,119,35,,,,,,,,,,,,,,,,,,,,,,,,,,,,,,,,,,,,,,,,,,,,,,https://static.bihr.pro/eBihr/Pictures/ART-pictures.zip,,Spain Warehouse (Parts)
1059014,93409,ASCCG-06-BL,ART,ART PROTECTION CLUTCH PUMP,Protector bomba de embrague ART KTM Husqvarna azul,59.29,49.00,19.60,8430525934092,11,8714109090,0,1,,,VEHICLE PARTS & ACCESSORIES,ACCESSORIES,ACC. DESIGN PARTS,,,,,2202,220,322,228,30,,,,,,,,,,,,,,,,,,,,,,,,,,,,,,,,,,,,,,,,,,,,,,https://static.bihr.pro/eBihr/Pictures/ART-pictures.zip,,Spain Warehouse (Parts)
1059012,93407,ASCCG-05-BL,ART,ART PROTECTION CLUTCH PUMP,Protector bomba de embrague ART KTM Husqvarna azul,59.29,49.00,19.60,8430525934078,9,8714109090,0,1,,,VEHICLE PARTS & ACCESSORIES,ACCESSORIES,ACC. DESIGN PARTS,,,,,935,198,119,271,29,,,,,,,,,,,,,,,,,,,,,,,,,,,,,,,,,,,,,,,,,,,,,,https://static.bihr.pro/eBihr/Pictures/ART-pictures.zip,,Spain Warehouse (Parts)
1060926,87000223,LCF-MXUN-D-GR,ART,ART LEVER BRAKE,Recambio maneta de freno articulada ART Verde,26.55,21.94,8.35,87000223,2,8714105000,0,1,"<html> <head> <meta http-equiv=""Content-Type"" content=""text/html; charset=utf-8""><title> </title> <style type=""text/css"">.cs95E872D0{text-align:left;margin:0pt 0pt 0pt 0pt;}.csA7555675{color:#000;background-color:transparent;font-weight:normal;font-style:normal;}.cs4FC7BF42{text-align:left;margin:0pt 0pt 0pt 0pt;list-style-type:disc;color:#000;background-color:transparent;font-weight:normal;font-style:normal;}</style> </head> <body> <p>Customize your ART folderable levers with color levers</p><p></p><p>Colors available :</p><p></p><ul> <li>Blue : 87000221</li><li>Black : 87000220</li><li>Orange : 87000222</li><li>Red : 87000219</li><li>Titanium : 87000224</li><li>Green : 87000223</li></ul> </body> </html>","       Customize your ART folderable levers with color leversColors available : Blue : 87000221Black : 87000220Orange : 87000222Red : 87000219Titanium : 87000224Green : 87000223  ",VEHICLE PARTS & ACCESSORIES,ACCESSORIES,ACC. DESIGN PARTS,,,,,199,36,122,86,19,,,,,,,,,,,,,,,,Verde,,,,,,,,,,,,,,,,,,,,,,https://api.mybihr.com/medias/1060926-1-800Wx800H?context=bWFzdGVyfHJvb3R8OTg0Nzh8aW1hZ2UvanBlZ3xhRFk0TDJnNVpTODRPVGN6TURFME1UTTRPVEV3THpFd05qQTVNall0TVY4NE1EQlhlRGd3TUVnfDc1NzA5Y2U1ZGYwYWNlMmYyODA2MzExYjNjOGNiMDgzYTk5ODA1ZGFkZjUwZDE3YjBhNjMxMmVjNDEzZWQ3Zjc,https://api.mybihr.com/medias/1060926-2-800Wx800H?context=bWFzdGVyfHJvb3R8ODA5NTh8aW1hZ2UvanBlZ3xhRE00TDJoaE5TODRPVGN6TURFME16TTFOVEU0THpFd05qQTVNall0TWw4NE1EQlhlRGd3TUVnfDY1ODlhMWI2YjhmYTc2YTlkYmQzMTE0MTllN2ExN2M4Y2Q4ODc4YTY0Y2ZlYzVkMmY5OTM2MTliOTZhM2M2NTE,,,,,,,https://static.bihr.pro/eBihr/Pictures/ART-pictures.zip,,Spain Warehouse (Parts)
1058934,85459,ASOC-23-RD,ART,ART CAP OIL FILTER,Tapa filtro de aceite ART rojo Honda,53.24,44.00,4.10,8430525854598,2,8714109090,0,1,,,VEHICLE PARTS & ACCESSORIES,ACCESSORIES,ACC. DESIGN PARTS,,,,,334,52,93,133,27,,,,,,,,,,,,,,,,,,,,,,,,,,,,,,,,,,,,,,,,,,,,,,https://static.bihr.pro/eBihr/Pictures/ART-pictures.zip,,Spain Warehouse (Parts)
1060929,87000224,LCF-MXUN-D-TI,ART,ART LEVER BRAKE,Recambio maneta de freno articulada ART color Titanio,23.50,19.42,8.35,87000224,1,8714105000,0,1,"<html> <head> <meta http-equiv=""Content-Type"" content=""text/html; charset=utf-8""><title> </title> <style type=""text/css"">.cs95E872D0{text-align:left;margin:0pt 0pt 0pt 0pt;}.csA7555675{color:#000;background-color:transparent;font-weight:normal;font-style:normal;}.cs4FC7BF42{text-align:left;margin:0pt 0pt 0pt 0pt;list-style-type:disc;color:#000;background-color:transparent;font-weight:normal;font-style:normal;}</style> </head> <body> <p>Customize your ART folderable levers with color levers</p><p></p><p>Colors available :</p><p></p><ul> <li>Blue : 87000221</li><li>Black : 87000220</li><li>Orange : 87000222</li><li>Red : 87000219</li><li>Titanium : 87000224</li><li>Green : 87000223</li></ul> </body> </html>","       Customize your ART folderable levers with color leversColors available : Blue : 87000221Black : 87000220Orange : 87000222Red : 87000219Titanium : 87000224Green : 87000223  ",VEHICLE PARTS & ACCESSORIES,ACCESSORIES,ACC. DESIGN PARTS,,,,,203,36,111,83,22,,,,,,,,,,,,,,,,Titanio,,,,,,,,,,,,,,,,,,,,,,https://api.mybihr.com/medias/1060929-1-800Wx800H?context=bWFzdGVyfHJvb3R8NjEwNzN8aW1hZ2UvanBlZ3xhRE13TDJobU1TODRPVGN6TURFMU16RTROVFU0THpFd05qQTVNamt0TVY4NE1EQlhlRGd3TUVnfDIzNDhkMDVhYTQ5YThjMGNhMGEzYzEwOTJiZDhlMjI2NWMwNjMxMjM2OGM4ZTQ4ZWE3OTBlNjM3ODQ5MGFiMjE,https://api.mybihr.com/medias/1060929-2-800Wx800H?context=bWFzdGVyfHJvb3R8ODA5NTh8aW1hZ2UvanBlZ3xhRFZtTDJobFlTODRPVGN6TURFMU5URTFNVFkyTHpFd05qQTVNamt0TWw4NE1EQlhlRGd3TUVnfGM5ZjkyMzc5ZGNlMzA0ZWM5ODM2MzQzNzZlMTM2YjMzMDc3NTA1ZjQ3MzcyOGUzZDJmOTAzZDFhOTIwNTA2ZTY,,,,,,,https://static.bihr.pro/eBihr/Pictures/ART-pictures.zip,,Spain Warehouse (Parts)
1060932,87000217,LCF-MXUN-G-GR,ART,ART LEVER CLUTCH,Recambio maneta de embrague articulada ART Verde,26.55,21.94,8.35,87000217,1,8714105000,0,1,"<html> <head> <meta http-equiv=""Content-Type"" content=""text/html; charset=utf-8""><title> </title> <style type=""text/css"">.cs95E872D0{text-align:left;margin:0pt 0pt 0pt 0pt;}.csA7555675{color:#000;background-color:transparent;font-weight:normal;font-style:normal;}.cs4FC7BF42{text-align:left;margin:0pt 0pt 0pt 0pt;list-style-type:disc;color:#000;background-color:transparent;font-weight:normal;font-style:normal;}</style> </head> <body> <p>Customize your ART folderable levers with color levers</p><p></p><p>Colors available :</p><p></p><ul> <li>Blue : 87000215</li><li>Black : 87000214</li><li>Orange : 87000216</li><li>Red : 87000213</li><li>Titanium : 87000218</li></ul> </body> </html>","       Customize your ART folderable levers with color leversColors available : Blue : 87000215Black : 87000214Orange : 87000216Red : 87000213Titanium : 87000218  ",VEHICLE PARTS & ACCESSORIES,ACCESSORIES,ACC. DESIGN PARTS,,,,,252,48,123,93,22,,,,,,,,,,,,,,,,Verde,,,,,,,,,,,,,,,,,,,,,,https://api.mybihr.com/medias/1060932-1-800Wx800H?context=bWFzdGVyfHJvb3R8OTg0Nzh8aW1hZ2UvanBlZ3xhR0l6TDJobE55ODVNREV5T1RjeE1EUTBPRGswTHpFd05qQTVNekl0TVY4NE1EQlhlRGd3TUVnfDAzMjhkM2VhNWJlMGYzODM1NWZjMWMyYzA0YjU5NDg0N2FlNmQ4MzliMzZmNjZmMzE3NWMxOGRmMzYyNjA5YzI,https://api.mybihr.com/medias/1060932-2-800Wx800H?context=bWFzdGVyfHJvb3R8ODA5NTh8aW1hZ2UvanBlZ3xhR1V5TDJobE1DODVNREV5T1RjeE1qUXhOVEF5THpFd05qQTVNekl0TWw4NE1EQlhlRGd3TUVnfDkzYWRmYThiMTI1MWExNjY3Mzc2NmE2OWJiMWM1OTQwMThhMWU3NzU4MGU0ZGQ1Yjk0YTVlZjczNWE5ZDhiMGU,,,,,,,https://static.bihr.pro/eBihr/Pictures/ART-pictures.zip,,Spain Warehouse (Parts)
1060933,87000216,LCF-MXUN-G-OR,ART,ART LEVER CLUTCH,Recambio maneta de embrague articulada ART Naranja,23.50,19.42,8.53,3661738032120,1,8714105000,0,1,"<html> <head> <meta http-equiv=""Content-Type"" content=""text/html; charset=utf-8""><title> </title> <style type=""text/css"">.cs95E872D0{text-align:left;margin:0pt 0pt 0pt 0pt;}.csA7555675{color:#000;background-color:transparent;font-weight:normal;font-style:normal;}.cs4FC7BF42{text-align:left;margin:0pt 0pt 0pt 0pt;list-style-type:disc;color:#000;background-color:transparent;font-weight:normal;font-style:normal;}</style> </head> <body> <p>Customize your ART folderable levers with color levers</p><p></p><p>Colors available :</p><p></p><ul> <li>Blue : 87000215</li><li>Black : 87000214</li><li>Red : 87000213</li><li>Titanium : 87000218</li><li>Green : 87000217</li></ul> </body> </html>","       Customize your ART folderable levers with color leversColors available : Blue : 87000215Black : 87000214Red : 87000213Titanium : 87000218Green : 87000217  ",VEHICLE PARTS & ACCESSORIES,ACCESSORIES,ACC. DESIGN PARTS,,,,,247,48,135,83,22,,,,,,,,,,,,,,,,Naranja,,,,,,,,,,,,,,,,,,,,,,https://api.mybihr.com/medias/1060933-1-800Wx800H?context=bWFzdGVyfHJvb3R8MTAyOTMyfGltYWdlL2pwZWd8YURJMUwyaGtZUzg1TURFeU9UY3hORE00TVRFd0x6RXdOakE1TXpNdE1WODRNREJYZURnd01FZ3xhMzYwOGQyOGM5MGUyOWVjMzgxYzg3NWU2N2UwNmM0Y2Q0MDBmNzVhMTI5MTA5MzI5N2QwZGExNGVkODg4ZjQy,https://api.mybihr.com/medias/1060933-2-800Wx800H?context=bWFzdGVyfHJvb3R8ODA5NTh8aW1hZ2UvanBlZ3xhRFUxTDJoa015ODVNREV5T1RjeE5qTTBOekU0THpFd05qQTVNek10TWw4NE1EQlhlRGd3TUVnfGYwZDEzM2NlODc3YzYyNWNiMjIwMjc2YjMwODFmZTI3NTEyZDk0YjExNDdkYjRmNThiODA5YjkwZTNkZTQ2MDY,,,,,,,https://static.bihr.pro/eBihr/Pictures/ART-pictures.zip,,Spain Warehouse (Parts)
1081842001,448769,ASB-120BKC-BLUE,ART,"ART PEDAL FACTORY, BLU",Pedal de freno Xtrem ART - negro azul,84.70,70.00,33.60,8430525247079,4,8714109090,0,1,"<html> <head> <meta http-equiv=""Content-Type"" content=""text/html; charset=utf-8""><title> </title> <style type=""text/css"">.cs95E872D0{text-align:left;margin:0pt 0pt 0pt 0pt;}.csA7555675{color:#000;background-color:transparent;font-weight:normal;font-style:normal;}.cs4FC7BF42{text-align:left;margin:0pt 0pt 0pt 0pt;list-style-type:disc;color:#000;background-color:transparent;font-weight:normal;font-style:normal;}</style> </head> <body> <p><a id=""_DX_FRAG_STARTFRAGMENT""></a>ART Brake Pedals, made of black anodized aluminium with interchangeable color tips to match your style.</p><p></p><ul> <li>Black 448 783 </li><li>Red 448 784 </li><li>Blue 448 785 </li><li>Orange 448 786 </li><li>Green 448 787</li></ul> </body> </html>","       ART Brake Pedals, made of black anodized aluminium with interchangeable color tips to match your style. Black 448 783 Red 448 784 Blue 448 785 Orange 448 786 Green 448 787  ",VEHICLE PARTS & ACCESSORIES,ACCESSORIES,ACC. DESIGN PARTS,,,Azul,,1550,213,263,131,45,,,,,,,,,,,,,,,,Azul,,,,,,,,,,,,,,,,,,,,,,https://api.mybihr.com/medias/1081842001-1-800Wx800H?context=bWFzdGVyfHJvb3R8MjgwMjZ8aW1hZ2UvanBlZ3xhRGMzTDJoa09TODRPVGMzTnpFeE16azRPVFF5THpFd09ERTROREl3TURFdE1WODRNREJYZURnd01FZ3wyZTU2ZTZhZGZkYjBjNWM3NjM2N2NlMjJiMThiNmU3MTBhNjdiNjY4MmYxNzgwN2NhYWQ5YmNmOTBlOTYyZDJh,,,,,,,,https://static.bihr.pro/eBihr/Pictures/ART-pictures.zip,,Spain Warehouse (Parts)
1058948,38227,ASOP-01-BL,ART,ART OIL PLUG BLUE,Tapon llenado aceite azul Husqvarna 14-15,22.99,19.00,7.98,8430525382275,1,8714109090,0,1,,,VEHICLE PARTS & ACCESSORIES,ACCESSORIES,ACC. DESIGN PARTS,,,,,315,26,94,134,25,,,,,,,,,,,,,,,,,,,,,,,,,,,,,,,,,,,,,,https://api.mybihr.com/medias/1058948-1-800Wx800H?context=bWFzdGVyfHJvb3R8MzMwNDR8aW1hZ2UvanBlZ3xhRGRoTDJneU1pOHhOVFF5TmpRek5UZzBNakEzT0M4eE1EVTRPVFE0TFRGZk9EQXdWM2c0TURCSXw4MjExMmEzMzg0YTcyNDAwY2JhOTU1NWQ4ZTkyYzE3NGExZjI1YTI3NTM3MDc5Yjc5ZmVkMTRjN2Y1OTVlZDM1,,,,,,,,https://static.bihr.pro/eBihr/Pictures/ART-pictures.zip,,Spain Warehouse (Parts)
1058397,448776,ASB-158BKC-RED,ART,ART PEDAL ALU BLACK/RED TIP,Pedal de freno Xtrem ART - negro rojo,84.70,70.00,25.20,8430525247147,3,8714109090,0,1,"<html> <head> <meta http-equiv=""Content-Type"" content=""text/html; charset=utf-8""><title> </title> <style type=""text/css"">.cs95E872D0{text-align:left;margin:0pt 0pt 0pt 0pt;}.csA7555675{color:#000;background-color:transparent;font-weight:normal;font-style:normal;}.cs4FC7BF42{text-align:left;margin:0pt 0pt 0pt 0pt;list-style-type:disc;color:#000;background-color:transparent;font-weight:normal;font-style:normal;}</style> </head> <body> <p><a id=""_DX_FRAG_STARTFRAGMENT""></a>ART Brake Pedals, made of black anodized aluminium with interchangeable color tips to match your style.</p><p></p><ul> <li>Black 448 783 </li><li>Red 448 784 </li><li>Blue 448 785 </li><li>Orange 448 786 </li><li>Green 448 787</li></ul> </body> </html>","       ART Brake Pedals, made of black anodized aluminium with interchangeable color tips to match your style. Black 448 783 Red 448 784 Blue 448 785 Orange 448 786 Green 448 787  ",VEHICLE PARTS & ACCESSORIES,ACCESSORIES,ACC. DESIGN PARTS,,,,,929,256,270,80,43,,,,,,,,,,,,,,,,Rojo,,,,,,,,,,,,,,,,,,,,,,https://api.mybihr.com/medias/1058397-1-800Wx800H?context=bWFzdGVyfHJvb3R8Mjg0OTF8aW1hZ2UvanBlZ3xhRGc0TDJnMVpDODRPVGN5TnpFeE5Ua3hPVFkyTHpFd05UZ3pPVGN0TVY4NE1EQlhlRGd3TUVnfDFiMzA0MDhiOGE5NTQxMDEzMDRkZDEwNGYzNzA5NWJlZDMwNzU4ZmU0Y2JiOGM3MzA3ZjIzM2IzMzg2N2U5ZTc,,,,,,,,https://static.bihr.pro/eBihr/Pictures/ART-pictures.zip,,Spain Warehouse (Parts)
1073565,,PBT-T1-02-BK,ART,ART PROTECTION REAR CALIPER BLACK,Zapatas de freno ART ATV negro,17.64,14.58,7.00,PBT-T1-BK,3,8714101000,0,1,<ul> <li>Universal center-to-center distance</li></ul>," Universal center-to-center distance",VEHICLE PARTS & ACCESSORIES,ACCESSORIES,ACC. DESIGN PARTS,,,,,96,75,70,55,25,,,,,,,,,,,,,,,,Negro,,,,,,,,,,,,,,,,,,,,,,https://api.mybihr.com/medias/1073565-1-800Wx800H?context=bWFzdGVyfHJvb3R8MjE2Mzl8aW1hZ2UvanBlZ3xhREZtTDJobU1DODRPVGMyTWpFd05UVTVNREEyTHpFd056TTFOalV0TVY4NE1EQlhlRGd3TUVnfDQ1YThmNmQwOTgzYmJmNGI4OWQwMmM3YTQwMGNiZDE3MzAyZWZhYTExNGFkZjk0M2Q0NWIzZmVjZGU4NGE5ODU,,,,,,,,https://static.bihr.pro/eBihr/Pictures/ART-pictures.zip,,Spain Warehouse (Parts)
1112596,71331,448B,ART,ART FORGED BRAKE LEVER POLISHED,Maneta de freno forjada pulida,19.99,16.52,9.91,8430525050112,113,8714101000,0,1,,,VEHICLE PARTS & ACCESSORIES,ACCESSORIES,ACC. DESIGN PARTS,,,,,489,76,156,112,28,,,,,,,,,,,,,,,,,,,,,,,,,,,,,,,,,,,,,,https://api.mybihr.com/medias/1112596-1-800Wx800H?context=bWFzdGVyfHJvb3R8MzA0MjR8aW1hZ2UvanBlZ3xhRGN3TDJobE1TOHhOVFF5T1RJM01UazBOVEkwTmk4eE1URXlOVGsyTFRGZk9EQXdWM2c0TURCSXxhZDBlMmFlZDFlYmVjMmI2MGJjMzgwYmFlMDY1YWY2ZGQxMDBkYjU5NGY1NzRmNDc0M2ExODc5ZWQxMWIwNjBj,,,,,,,,https://static.bihr.pro/eBihr/Pictures/ART-pictures.zip,,Spain Warehouse (Parts)
1058941,70982,179BL,ART,ART LEVER BRAKE,Maneta de freno forjada negra,16.94,14.00,8.40,8430525049734,22,8714109090,0,1,,,VEHICLE PARTS & ACCESSORIES,ACCESSORIES,ACC. DESIGN PARTS,,,,,654,60,116,161,35,,,,,,,,,,,,,,,,,,,,,,,,,,,,,,,,,,,,,,https://api.mybihr.com/medias/1058941-1-800Wx800H?context=bWFzdGVyfHJvb3R8MjAyOTl8aW1hZ2UvanBlZ3xhRGxtTDJnME55OHhOVFF5TmpRek1ESTNNVFV4T0M4eE1EVTRPVFF4TFRGZk9EQXdWM2c0TURCSXw2OGI3MDM0ZjY0YzMzMzFlNzkzZTRmNGY5MDBjMzc2ZTk0Mjk5MWFjNzM0MTQ0YjY4ZDM1M2IwZjM2ZjgxNWVj,,,,,,,,https://static.bihr.pro/eBihr/Pictures/ART-pictures.zip,,Spain Warehouse (Parts)
1058988,8600,ASC-30,ART,ART PEDAL OEM TYPE,Pedal de cambio ART - Kawasaki gris,30.25,25.00,15.00,8430525086005,0,8714109090,0,1,,,VEHICLE PARTS & ACCESSORIES,ACCESSORIES,ACC. DESIGN PARTS,,,,,22178,108,209,444,239,,,,,,,,,,,,,,,,,,,,,,,,,,,,,,,,,,,,,,https://api.mybihr.com/medias/1058988-1-800Wx800H?context=bWFzdGVyfHJvb3R8MjE3MzF8aW1hZ2UvanBlZ3xhR0V4TDJneE5TOHhOVFF5TmpRME9EZ3hPREl3Tmk4eE1EVTRPVGc0TFRGZk9EQXdWM2c0TURCSXxiMmUwNzkyNWY3MzQyODA5NzZlMDI3ZjUwZDU0NWM5Nzk1YjQ0NTZiNGE4ZmVjMWYyZDI1YjgzOGRjMzkzMWQ0,,,,,,,,https://static.bihr.pro/eBihr/Pictures/ART-pictures.zip,,Spain Warehouse (Parts)
1058989,8601,ASC-31,ART,ART PEDAL OEM TYPE,Pedal de cambio ART - Honda gris,30.25,25.00,15.00,8430525086012,9,8714109090,0,1,,,VEHICLE PARTS & ACCESSORIES,ACCESSORIES,ACC. DESIGN PARTS,,,,,845,104,119,203,35,,,,,,,,,,,,,,,,,,,,,,,,,,,,,,,,,,,,,,https://api.mybihr.com/medias/1058989-1-800Wx800H?context=bWFzdGVyfHJvb3R8MTY4OTJ8aW1hZ2UvanBlZ3xhR0ZoTDJnelppOHhOVFF5TmpRME9USXhNVFF5TWk4eE1EVTRPVGc1TFRGZk9EQXdWM2c0TURCSXwwNzEyMjE5MDU3Nzg3NmU5MGEwYzFjMWJmNDc0YTI3M2VlZmY0MTlkYWRlMjU5ZjdhZjMwMzg0YmI5ODBhYzM0,,,,,,,,https://static.bihr.pro/eBihr/Pictures/ART-pictures.zip,,Spain Warehouse (Parts)
1059000,11589,ASC-55,ART,ART PEDAL OEM TYPE,Pedal de cambio ART - Husqvarna 4T aluminio gris mate,33.88,28.00,16.80,8430525115897,0,8714109090,0,1,,,VEHICLE PARTS & ACCESSORIES,ACCESSORIES,ACC. DESIGN PARTS,,,,,880,110,116,185,41,,,,,,,,,,,,,,,,,,,,,,,,,,,,,,,,,,,,,,https://api.mybihr.com/medias/1059000-1-800Wx800H?context=bWFzdGVyfHJvb3R8MTYwMjh8aW1hZ2UvanBlZ3xhREZpTDJnNVppOHhOVFF5TmpRMU16VXpOamM1T0M4eE1EVTVNREF3TFRGZk9EQXdWM2c0TURCSXwxZDIxODk0ZGYzYzc1Y2EwNTY4YmM2NGUwMzc5YmEwY2UwZDVmMmYyYWU2NmQ5MTdhMzM1OTRkYzVkYzUzYTEx,,,,,,,,https://static.bihr.pro/eBihr/Pictures/ART-pictures.zip,,Spain Warehouse (Parts)
1058994,8605,ASC-37,ART,ART PEDAL OEM TYPE,Pedal de cambio ART - KTM gris,30.25,25.00,15.00,8430525086050,9,8714109090,0,1,,,VEHICLE PARTS & ACCESSORIES,ACCESSORIES,ACC. DESIGN PARTS,,,,,723,96,116,178,35,,,,,,,,,,,,,,,,,,,,,,,,,,,,,,,,,,,,,,https://api.mybihr.com/medias/1058994-1-800Wx800H?context=bWFzdGVyfHJvb3R8MTc0Mzd8aW1hZ2UvanBlZ3xhR0l5TDJnME1TOHhOVFF5TmpRMU1URTNOelV3TWk4eE1EVTRPVGswTFRGZk9EQXdWM2c0TURCSXxkZjg5YTJjZTMyNDBjNDc3YmRkMzAyZWMzMmNjN2EwNjY4NDdkNDRiYTlhOWI2ZjJiOWJiM2FiZmE1OWY3MDU5,,,,,,,,https://static.bihr.pro/eBihr/Pictures/ART-pictures.zip,,Spain Warehouse (Parts)
1112591,75961,DT-731-1 FORGED,ART,ART FORGED POLISH LEVER BOTH SIDES,Maneta ambos lados forjada pulida,41.14,34.00,20.40,8430525187047,0,8714101000,0,1,,,VEHICLE PARTS & ACCESSORIES,ACCESSORIES,ACC. DESIGN PARTS,,,,,559,68,187,115,26,,,,,,,,,,,,,,,,,,,,,,,,,,,,,,,,,,,,,,https://api.mybihr.com/medias/1112591-1-800Wx800H?context=bWFzdGVyfHJvb3R8MjM2MzB8aW1hZ2UvanBlZ3xhR00wTDJobE5DOHhOVFF5T1RJMk9EUXdOak13TWk4eE1URXlOVGt4TFRGZk9EQXdWM2c0TURCSXw1Y2UxMTQ3NjM1NzA2ZGU2YjFlZWU4MDIwYTYwZGY1Mjc5ODlhZjZjZTJmYzJmZmZjNmI4MGY3ZDQ5NGY2NTJl,https://api.mybihr.com/medias/1112591-2-800Wx800H?context=bWFzdGVyfHJvb3R8MzcwMDJ8aW1hZ2UvanBlZ3xhREF5TDJobU1DOHhOVFF5T1RJMk9EYzVPVFV4T0M4eE1URXlOVGt4TFRKZk9EQXdWM2c0TURCSXw4ZTQ4NzI4MjczY2IyZmRjZTQ2MWU1YTNlYTdiMWM1MGI1ZDRiZDA4ZjhiMmQ4NTcyNzliYzI4ODM0Y2UwMWI0,,,,,,,https://static.bihr.pro/eBihr/Pictures/ART-pictures.zip,,Spain Warehouse (Parts)
1112599,71261,JY1840P,ART,ART BRAKE LEVER POLISHED,Maneta de freno pulida,9.00,7.44,4.46,8430525050037,18,8714101000,0,1,,,VEHICLE PARTS & ACCESSORIES,ACCESSORIES,ACC. DESIGN PARTS,,,,,628,58,164,116,33,,,,,,,,,,,,,,,,,,,,,,,,,,,,,,,,,,,,,,https://api.mybihr.com/medias/1112599-1-800Wx800H?context=bWFzdGVyfHJvb3R8MzY0Mjh8aW1hZ2UvanBlZ3xhR1U1TDJnd09TOHhOVFF5T1RJM05ETXdORFUwTWk4eE1URXlOVGs1TFRGZk9EQXdWM2c0TURCSXxkNzBmZTc2YjJiNGY3ODc4OWU2YjgwMTk4ODczMzRiY2FjNmZmMWYyYTY2Y2UzZjlkMDI1MDllNGU2MTgwMjgw,,,,,,,,https://static.bihr.pro/eBihr/Pictures/ART-pictures.zip,,Spain Warehouse (Parts)
1112640,75171,147C-4,ART,ART FORGED CLUTCH LEVER POLISH,Maneta de embrague forjada pulida,14.93,12.34,7.40,8430525107298,35,8714101000,0,1,<p>Soporte de maneta compatible: ref.1110221</p>,"
Soporte de maneta compatible: ref.1110221",VEHICLE PARTS & ACCESSORIES,ACCESSORIES,ACC. DESIGN PARTS,,,,,440,78,110,200,20,,,,,,,,,,,,,,,,,,,,,,,,,,,,,,,,,,,,,,https://api.mybihr.com/medias/1112640-1-800Wx800H?context=bWFzdGVyfHJvb3R8MTgyODd8aW1hZ2UvanBlZ3xhRGN3TDJobE55OHhOVFF5T1RJNU1qZzFNVEl6TUM4eE1URXlOalF3TFRGZk9EQXdWM2c0TURCSXw0YWIyOTRhMGNhZWMwZWFkZTkwNDljNjUzOGFmYWQ4YTUyMjdhZWU1ZDg0ZGMyNjQ3MTc2ZDM3MDg2NWIzNjBk,,,,,,,,https://static.bihr.pro/eBihr/Pictures/ART-pictures.zip,,Spain Warehouse (Parts)
1058943,70862,320C-1,ART,ART LEVER CLUTCH,Maneta de embrague forjada negra,14.00,11.57,6.94,8430525049581,35,8714109090,0,1,,,VEHICLE PARTS & ACCESSORIES,ACCESSORIES,ACC. DESIGN PARTS,,,,,764,64,114,203,33,,,,,,,,,,,,,,,,,,,,,,,,,,,,,,,,,,,,,,https://api.mybihr.com/medias/1058943-1-800Wx800H?context=bWFzdGVyfHJvb3R8MTU1NTl8aW1hZ2UvanBlZ3xhRFUxTDJnek5pOHhOVFF5TmpRek1UZzBORE00TWk4eE1EVTRPVFF6TFRGZk9EQXdWM2c0TURCSXw3ZDhmYzhkNWE4ZGVmNzA3YzBlMzRhYTcwZjQ5NDRmOTQ1ZWIzMDMzN2EwNDZhMTg1Y2Q3YmUwNDNlMjAxYTFm,,,,,,,,https://static.bihr.pro/eBihr/Pictures/ART-pictures.zip,,Spain Warehouse (Parts)
1058938,38059,ASF-07-BK,ART,ART FOOT PEGS,Estriberas Off Road negro Suzuki,123.42,102.00,61.20,8430525380592,3,8714109090,0,1,,,VEHICLE PARTS & ACCESSORIES,ACCESSORIES,ACC. DESIGN PARTS,,,,,1281,316,198,147,44,,,,,,,,,,,,,,,,,,,,,,,,,,,,,,,,,,,,,,https://api.mybihr.com/medias/1058938-1-800Wx800H?context=bWFzdGVyfHJvb3R8NTQ0MjF8aW1hZ2UvanBlZ3xhR1UzTDJnME5DOHhOVFF5TmpReU9EWTVPRFkxTkM4eE1EVTRPVE00TFRGZk9EQXdWM2c0TURCSXxhNzQwZmViMDZkYWYzODc5MmRjZGZhMTFlYjlmMWUxNWQ0ZjIyYzEwYjFmMmIzOGE3MjAyNTNlMGM4MGM1YjQ3,,,,,,,,https://static.bihr.pro/eBihr/Pictures/ART-pictures.zip,,Spain Warehouse (Parts)
1058939,38139,ASF-16-GY,ART,ART FOOT PEGS,Estriberas Off Road ART - BMW R1200 GS (06-12),123.42,102.00,61.20,8430525381391,5,8714109090,0,1,<p>Fácil instalación en sustitución de los originales</p><p>Estriberas robustas con pines de recambio</p><p>Ofrece una mayor adherencia</p><p>Look off road</p><p>&nbsp;</p>,"
Fácil instalación en sustitución de los originales
Estriberas robustas con pines de recambio
Ofrece una mayor adherencia
Look off road
 ",VEHICLE PARTS & ACCESSORIES,ACCESSORIES,ACC. DESIGN PARTS,,,,,1436,454,148,198,49,,,,,,,,,,,,,,,,,,,,,,,,,,,,,,,,,,,,,,https://api.mybihr.com/medias/1058939-1-800Wx800H?context=bWFzdGVyfHJvb3R8NDg4OTd8aW1hZ2UvanBlZ3xhRE16TDJnNVlTOHhOVFF5TmpReU9UQTVNVGczTUM4eE1EVTRPVE01TFRGZk9EQXdWM2c0TURCSXxjNmM0ZTI4MzA2ZWNlZTA2N2M2YTkzYzEyNDFjMTNjODU2Yjk1NDVlM2VmODIwNmZhNTI3MDk4OWU4MDY0MTYw,,,,,,,,https://static.bihr.pro/eBihr/Pictures/ART-pictures.zip,,Spain Warehouse (Parts)
1058967,13709,ASB-14,ART,ART PEDAL CNC FLEX TYPE,Pedal de freno ART CNC Flex - KAWASAKI / SUZUKI,89.54,74.00,44.40,8430525137097,2,8714109090,0,1,"<p>- Fabricado en aluminio mecanizado CNC, anodizado gris mate</p><p>- Extremadamente resistente al uso racing</p><p>- Sistema de seguridad con cable de fijación incluído</p><p>- Cabezal de apoyo pivotante con super-grip de 9 dientes, anodizado bronce</p><p>- Producto tope de gama, utilizado en competición</p>","
- Fabricado en aluminio mecanizado CNC, anodizado gris mate
- Extremadamente resistente al uso racing
- Sistema de seguridad con cable de fijación incluído
- Cabezal de apoyo pivotante con super-grip de 9 dientes, anodizado bronce
- Producto tope de gama, utilizado en competición",VEHICLE PARTS & ACCESSORIES,ACCESSORIES,ACC. DESIGN PARTS,,,,,96,24,120,40,20,,,,,,,,,,,,,,,,,,,,,,,,,,,,,,,,,,,,,,https://api.mybihr.com/medias/1058967-1-800Wx800H?context=bWFzdGVyfHJvb3R8MjM4MjZ8aW1hZ2UvanBlZ3xhREF4TDJnNFpDOHhOVFF5TmpRME1qa3hPVGsyTmk4eE1EVTRPVFkzTFRGZk9EQXdWM2c0TURCSXw4YjhmOTYwOGM5Y2I0ZmMxN2Q0NjY1Zjk1YjcwN2Y2OGM4OTRiZjVlMGM1Mzk5Yzk4Zjg5MDMwYTAyZDZlMDI3,,,,,,,,https://static.bihr.pro/eBihr/Pictures/ART-pictures.zip,,Spain Warehouse (Parts)
1059019,21194,ASBT-01,ART,ART SPARE PART ASBT-01,Cabezal pivotante recambio ART - Aluminio Bronce CNC,42.35,35.00,21.00,8430525211940,2,8714109090,0,1,,,VEHICLE PARTS & ACCESSORIES,ACCESSORIES,ACC. DESIGN PARTS,,,,,676,46,96,160,44,,,,,,,,,,,,,,,,,,,,,,,,,,,,,,,,,,,,,,https://api.mybihr.com/medias/1059019-1-800Wx800H?context=bWFzdGVyfHJvb3R8NTU0Mzd8aW1hZ2UvanBlZ3xhR0V4TDJoaU15OHhOVFF5TmpRMU9EWTBPRFl3Tmk4eE1EVTVNREU1TFRGZk9EQXdWM2c0TURCSXwwNGQ1M2E5YjljN2Y0OTQ2YzlkNTA1ZWM2NjYzYzQ1YTBmNTAzMTUzY2U1NDA5MTQwMDI2ZTY3MzRmODUwMTUz,,,,,,,,https://static.bihr.pro/eBihr/Pictures/ART-pictures.zip,,Spain Warehouse (Parts)
1058984,8595,ASC-24,ART,ART PEDAL OEM TYPE,Pedal de cambio ART - Honda gris,31.46,26.00,15.60,8430525085954,13,8714109090,0,1,,,VEHICLE PARTS & ACCESSORIES,ACCESSORIES,ACC. DESIGN PARTS,,,,,836,98,117,188,38,,,,,,,,,,,,,,,,,,,,,,,,,,,,,,,,,,,,,,https://api.mybihr.com/medias/1058984-1-800Wx800H?context=bWFzdGVyfHJvb3R8MTQ3NDd8aW1hZ2UvanBlZ3xhRGsyTDJnNU15OHhOVFF5TmpRME56STBOVE0wTWk4eE1EVTRPVGcwTFRGZk9EQXdWM2c0TURCSXw0MmFmOTFiM2M2ZGM1ZGZlMzQ5Y2MyY2EyMGEyODI2NGE5YzhjMGE0NDQ5ZWY2MTA3Mjg4MTI5NDRjZGM0ZmM4,,,,,,,,https://static.bihr.pro/eBihr/Pictures/ART-pictures.zip,,Spain Warehouse (Parts)
1058993,8675,ASC-35,ART,ART PEDAL OEM TYPE,Pedal de cambio ART - Kawasaki,32.67,27.00,16.20,8430525086753,0,8714109090,0,1,,,VEHICLE PARTS & ACCESSORIES,ACCESSORIES,ACC. DESIGN PARTS,,,,,1525,122,132,304,38,,,,,,,,,,,,,,,,,,,,,,,,,,,,,,,,,,,,,,https://api.mybihr.com/medias/1058993-1-800Wx800H?context=bWFzdGVyfHJvb3R8MTc0MzB8aW1hZ2UvanBlZ3xhR1ZpTDJnNU5pOHhOVFF5TmpRMU1EYzROREk0Tmk4eE1EVTRPVGt6TFRGZk9EQXdWM2c0TURCSXwwZDU3OTM5YjM5OGE1MGIwMWI4NGE2NzA3ZGUzM2UzMDM5MWU2ZDkxZjA0MWVkZjllZmJiNzYxMzYyNWEyMTE5,,,,,,,,https://static.bihr.pro/eBihr/Pictures/ART-pictures.zip,,Spain Warehouse (Parts)
1058987,8674,ASC-28,ART,ART PEDAL OEM TYPE,Pedal de cambio ART - Suzuki gris,31.46,26.00,15.60,8430525086746,8,8714109090,0,1,,,VEHICLE PARTS & ACCESSORIES,ACCESSORIES,ACC. DESIGN PARTS,,,,,2655,126,121,285,77,,,,,,,,,,,,,,,,,,,,,,,,,,,,,,,,,,,,,,https://api.mybihr.com/medias/1058987-1-800Wx800H?context=bWFzdGVyfHJvb3R8MTk0MDh8aW1hZ2UvanBlZ3xhREptTDJneU15OHhOVFF5TmpRME9EUXlORGs1TUM4eE1EVTRPVGczTFRGZk9EQXdWM2c0TURCSXw0NDczYTQ1N2VlZDQyZDBjNDM1YjAzYTNiODYyYmRlMzdlYzI4Yjk2N2Q3NTY4MGUyMGRhMjhmNWJlYmRjYThm,,,,,,,,https://static.bihr.pro/eBihr/Pictures/ART-pictures.zip,,Spain Warehouse (Parts)
1058999,10272,ASC-54,ART,ART PEDAL OEM TYPE,Pedal de cambio ART - Gris,31.46,26.00,15.60,8430525102729,30,8714109090,0,1,,,VEHICLE PARTS & ACCESSORIES,ACCESSORIES,ACC. DESIGN PARTS,,,,,1628,110,117,296,47,,,,,,,,,,,,,,,,,,,,,,,,,,,,,,,,,,,,,,https://api.mybihr.com/medias/1058999-1-800Wx800H?context=bWFzdGVyfHJvb3R8MTcxMjZ8aW1hZ2UvanBlZ3xhRGhsTDJnNU1TOHhOVFF5TmpRMU16RTBNelU0TWk4eE1EVTRPVGs1TFRGZk9EQXdWM2c0TURCSXwwMTM0YjVjN2ZjZTRmZWIzZGVhMzEzOWNiNWQxMTk2YzgxMjNlNWI3NmI1MjIxNGZmZGZjMzQxMzVkYWNkMTgz,,,,,,,,https://static.bihr.pro/eBihr/Pictures/ART-pictures.zip,,Spain Warehouse (Parts)
1059007,11607,ASC-71,ART,ART PEDAL OEM TYPE,Pedal de cambio ART - Honda CFR 450/450R aluminio gris mate,32.67,27.00,16.20,8430525116078,0,8714109090,0,1,,,VEHICLE PARTS & ACCESSORIES,ACCESSORIES,ACC. DESIGN PARTS,,,,,853,100,124,215,32,,,,,,,,,,,,,,,,,,,,,,,,,,,,,,,,,,,,,,https://api.mybihr.com/medias/1059007-1-800Wx800H?context=bWFzdGVyfHJvb3R8MTc1OTl8aW1hZ2UvanBlZ3xhREpqTDJneVpDOHhOVFF5TmpRMU5qSTRPVE14TUM4eE1EVTVNREEzTFRGZk9EQXdWM2c0TURCSXwxNzBmMDY5ZDc5OGZmNjU5ZjhkYWI4NDVjOGMzYzlmYmU4MjFlOTVmOWM0NjcyZGI5Y2MyYTRmZTlhZDE0MDY3,,,,,,,,https://static.bihr.pro/eBihr/Pictures/ART-pictures.zip,,Spain Warehouse (Parts)
1058977,6109,ASC-03,ART,ART PEDAL OEM TYPE,Pedal de cambio ART - KTM motor 2T alumino plata,31.46,26.00,15.60,8430525061095,0,8714109090,0,1,,,VEHICLE PARTS & ACCESSORIES,ACCESSORIES,ACC. DESIGN PARTS,,,,,900,110,120,183,41,,,,,,,,,,,,,,,,,,,,,,,,,,,,,,,,,,,,,,https://api.mybihr.com/medias/1058977-1-800Wx800H?context=bWFzdGVyfHJvb3R8MTkxNTZ8aW1hZ2UvanBlZ3xhR000TDJoaE5pOHhOVFF5TmpRME5UWTNNalEzT0M4eE1EVTRPVGMzTFRGZk9EQXdWM2c0TURCSXw5NTUwNTUzZThkYzUzNzIzOTg0MzVhNzk3ZDIxZjk0NDcyNDUzYzNkZDZlYmE1NzJlZDFhYWIzYmYyMDkzYzkw,,,,,,,,https://static.bihr.pro/eBihr/Pictures/ART-pictures.zip,,Spain Warehouse (Parts)
1059001,10273,ASC-56,ART,ART PEDAL OEM TYPE,Pedal de cambio ART - Gris,32.67,27.00,16.20,8430525102736,11,8714109090,0,1,,,VEHICLE PARTS & ACCESSORIES,ACCESSORIES,ACC. DESIGN PARTS,,,,,1244,116,118,185,57,,,,,,,,,,,,,,,,,,,,,,,,,,,,,,,,,,,,,,https://api.mybihr.com/medias/1059001-1-800Wx800H?context=bWFzdGVyfHJvb3R8MjUyMDN8aW1hZ2UvanBlZ3xhR0pqTDJoaFl5OHhOVFF5TmpRMU16a3pNREF4TkM4eE1EVTVNREF4TFRGZk9EQXdWM2c0TURCSXw3ODBhNmJhODhjNGFjN2ViNTAzYjE0ZmMwYmIzOGIzMGRjNThkMTZlNzQzOGZhNmZiOTNhMTQwZmZkNDY4ZGVh,,,,,,,,https://static.bihr.pro/eBihr/Pictures/ART-pictures.zip,,Spain Warehouse (Parts)
1059002,10275,ASC-58,ART,ART PEDAL OEM TYPE,Pedal de cambio ART - Gris,32.67,27.00,16.20,8430525102750,15,8714109090,0,1,,,VEHICLE PARTS & ACCESSORIES,ACCESSORIES,ACC. DESIGN PARTS,,,,,1259,92,119,189,56,,,,,,,,,,,,,,,,,,,,,,,,,,,,,,,,,,,,,,https://api.mybihr.com/medias/1059002-1-800Wx800H?context=bWFzdGVyfHJvb3R8MTkxMDR8aW1hZ2UvanBlZ3xhREJoTDJobVpTOHhOVFF5TmpRMU5ETXlNekl6TUM4eE1EVTVNREF5TFRGZk9EQXdWM2c0TURCSXw0YjBkNTc0MGVkZGZhNWExMDQ3MGVlYzdmNmIxYzE1MTMyNTQ1NzVkNjM0ODllNTU0MjczZmY1NDYxOTQ4YTEx,,,,,,,,https://static.bihr.pro/eBihr/Pictures/ART-pictures.zip,,Spain Warehouse (Parts)
1058933,89598,ASOT-232-RD,ART,ART BAR CLAMPS W. RUBBER RED,Abrazadera superior soporte maneta con goma ART rojo,14.52,12.00,7.20,8430525895980,14,8714109090,0,1,,,VEHICLE PARTS & ACCESSORIES,ACCESSORIES,ACC. DESIGN PARTS,,,,,249,48,134,93,20,,,,,,,,,,,,,,,,,,,,,,,,,,,,,,,,,,,,,,https://api.mybihr.com/medias/1058933-1-800Wx800H?context=bWFzdGVyfHJvb3R8NDg4MTR8aW1hZ2UvanBlZ3xhR0prTDJnek5pOHhOVFF5TmpReU56RXlOVGM1TUM4eE1EVTRPVE16TFRGZk9EQXdWM2c0TURCSXxlZjllZjUyOTQ5ZjNlMDVhZWNiYjg5OGIzNmY3ZWY0MjE0MTMxY2JhZThlZGMyYmE3OTE2NmIwYjY5ZWZkN2Ri,,,,,,,,https://static.bihr.pro/eBihr/Pictures/ART-pictures.zip,,Spain Warehouse (Parts)
1058932,89597,ASOT-232-OR,ART,ART BAR CLAMPS W. RUBBER ORANGE,Abrazadera superior soporte maneta con goma ART naranja,14.52,12.00,7.20,8430525895973,9,8714109090,0,1,,,VEHICLE PARTS & ACCESSORIES,ACCESSORIES,ACC. DESIGN PARTS,,,,,251,48,135,93,20,,,,,,,,,,,,,,,,,,,,,,,,,,,,,,,,,,,,,,https://api.mybihr.com/medias/1058932-1-800Wx800H?context=bWFzdGVyfHJvb3R8NDk3MzV8aW1hZ2UvanBlZ3xhR1kyTDJnNFlpOHhOVFF5TmpReU5qY3pNalUzTkM4eE1EVTRPVE15TFRGZk9EQXdWM2c0TURCSXxjNTVkMmUyOThjOGQ1MWY0NjUwNjVjYTU2OTJlMDEwYmY4ZGQwY2MxNmNmNTNiOWMyMjRmZWQxYjhmM2U1Mzlm,,,,,,,,https://static.bihr.pro/eBihr/Pictures/ART-pictures.zip,,Spain Warehouse (Parts)
1058931,89599,ASOT-232-BL,ART,ART BAR CLAMPS W. RUBBER BLUE,Abrazadera superior soporte maneta con goma ART azul,14.52,12.00,7.20,8430525895997,4,8714109090,0,1,,,VEHICLE PARTS & ACCESSORIES,ACCESSORIES,ACC. DESIGN PARTS,,,,,251,48,135,93,20,,,,,,,,,,,,,,,,,,,,,,,,,,,,,,,,,,,,,,https://api.mybihr.com/medias/1058931-1-800Wx800H?context=bWFzdGVyfHJvb3R8NDg0ODB8aW1hZ2UvanBlZ3xhRGsyTDJnNU9TOHhOVFF5TmpReU5qTXpPVE0xT0M4eE1EVTRPVE14TFRGZk9EQXdWM2c0TURCSXw5ZjZlYWY1MDljM2QzYWZjZmM4YzM5M2NhOTNjNTRlZjA1NThkNGQyODZiNmM3NWNmYzRlYmYzOTgxYTFjMDlh,,,,,,,,https://static.bihr.pro/eBihr/Pictures/ART-pictures.zip,,Spain Warehouse (Parts)
1058981,8591,ASC-19,ART,ART PEDAL OEM TYPE,Pedal de cambio ART - Kawa/Suzuki gris,30.25,25.00,15.00,8430525085916,6,8714109090,0,1,,,VEHICLE PARTS & ACCESSORIES,ACCESSORIES,ACC. DESIGN PARTS,,,,,1328,132,115,304,38,,,,,,,,,,,,,,,,,,,,,,,,,,,,,,,,,,,,,,https://api.mybihr.com/medias/1058981-1-800Wx800H?context=bWFzdGVyfHJvb3R8MTczMTZ8aW1hZ2UvanBlZ3xhREF4TDJobVl5OHhOVFF5TmpRME5qQTJOVFk1TkM4eE1EVTRPVGd4TFRGZk9EQXdWM2c0TURCSXw4ZWJlYWYyYzZjOTM3N2I2M2ZkMzA5ZjMyYjg0MTljZjliNzJhNGEwZjc2MTc5ZjlmZTA2NzU3MzgyZWQ3NmY3,,,,,,,,https://static.bihr.pro/eBihr/Pictures/ART-pictures.zip,,Spain Warehouse (Parts)
1059009,11603,ASC-75,ART,ART PEDAL OEM TYPE,Pedal de cambio ART - Kawasaki KX 250 F aluminio gris mate,32.67,27.00,16.20,8430525116030,27,8714109090,0,1,,,VEHICLE PARTS & ACCESSORIES,ACCESSORIES,ACC. DESIGN PARTS,,,,,1490,98,114,304,43,,,,,,,,,,,,,,,,,,,,,,,,,,,,,,,,,,,,,,https://api.mybihr.com/medias/1059009-1-800Wx800H?context=bWFzdGVyfHJvb3R8MTU1NzJ8aW1hZ2UvanBlZ3xhR0ZqTDJnek5TOHhOVFF5TmpRMU56QTNOVGMwTWk4eE1EVTVNREE1TFRGZk9EQXdWM2c0TURCSXxiMDlhMGU5NzM4MTgyYzY3MzFiODgwYmEzZTE3ZThkMTJmZjUzZTc2OTVlNjA0ODFkMmZkODE4MjJiYmY2ZWJj,,,,,,,,https://static.bihr.pro/eBihr/Pictures/ART-pictures.zip,,Spain Warehouse (Parts)
1058935,38079,ASOT-245-BK,ART,ART COOLER EXT REAR BRAKE BLACK,Refrigerador liquido de frenos trasero ART negro Ktm Husqvarna,22.99,19.00,11.40,8430525380790,5,8714109090,0,1,,,VEHICLE PARTS & ACCESSORIES,ACCESSORIES,ACC. DESIGN PARTS,,,,,449,46,134,93,36,,,,,,,,,,,,,,,,,,,,,,,,,,,,,,,,,,,,,,https://api.mybihr.com/medias/1058935-1-800Wx800H?context=bWFzdGVyfHJvb3R8NTQxMDl8aW1hZ2UvanBlZ3xhREptTDJneU9TOHhOVFF5TmpReU56VXhPVEF3Tmk4eE1EVTRPVE0xTFRGZk9EQXdWM2c0TURCSXwxMDNlNGU1MDE5NWZlOGUxODljMWQ0YjI1MDAyZjQ4YWZmMmEyNDUwMDlkODU5OWE1Yjg1YjYxYzkyNDE0YjFk,,,,,,,,https://static.bihr.pro/eBihr/Pictures/ART-pictures.zip,,Spain Warehouse (Parts)
1059018,9416,ASC-50,ART,ART SHIFT LEV. ALLOY,Pedal de cambio ART - Honda CRF450 aluminio gris mate,28.89,23.88,14.33,8430525094161,110,8714109090,0,1,,,VEHICLE PARTS & ACCESSORIES,ACCESSORIES,ACC. DESIGN PARTS,,,,,1025,104,122,210,40,,,,,,,,,,,,,,,,,,,,,,,,,,,,,,,,,,,,,,https://api.mybihr.com/medias/1059018-1-800Wx800H?context=bWFzdGVyfHJvb3R8MjI5OTd8aW1hZ2UvanBlZ3xhREUwTDJoaE5pOHhOVFF5TmpRMU9ESTFOVE01TUM4eE1EVTVNREU0TFRGZk9EQXdWM2c0TURCSXxmZTZkMTYwZjQyM2ZkOTg5YmFhNTY0YTdiZjMzZGExMmZjM2Y0MTIyZjE4NDlmMWYwYjJmYzllOTYxNTIwZDIy,,,,,,,,https://static.bihr.pro/eBihr/Pictures/ART-pictures.zip,,Spain Warehouse (Parts)
1058936,38080,ASOT-245-BL,ART,ART COOLER EXT REAR BRAKE BLUE,Refrigerador liquido de frenos trasero ART azul Husqvarna,22.99,19.00,11.40,8430525380806,0,8714109090,0,1,,,VEHICLE PARTS & ACCESSORIES,ACCESSORIES,ACC. DESIGN PARTS,,,,,474,44,134,93,38,,,,,,,,,,,,,,,,,,,,,,,,,,,,,,,,,,,,,,https://api.mybihr.com/medias/1058936-1-800Wx800H?context=bWFzdGVyfHJvb3R8NzUwNzF8aW1hZ2UvanBlZ3xhRGhsTDJneFlpOHhOVFF5TmpReU56a3hNakl5TWk4eE1EVTRPVE0yTFRGZk9EQXdWM2c0TURCSXwzZDkyYWJlNTViYTdlNDQ4YTFkNTQ4MmE2ZmFhZGY3ODVhMmMxMDZjZGRkMDY3NDA0NjI0NmQ5OWMyYmM2YzEw,,,,,,,,https://static.bihr.pro/eBihr/Pictures/ART-pictures.zip,,Spain Warehouse (Parts)
1058937,38081,ASOT-245-OR,ART,ART COOLER EXT REAR BRAKE ORANGE,Refrigerador liquido de frenos trasero ART naranja Ktm,22.99,19.00,11.40,8430525380813,3,8714109090,0,1,,,VEHICLE PARTS & ACCESSORIES,ACCESSORIES,ACC. DESIGN PARTS,,,,,441,44,94,134,35,,,,,,,,,,,,,,,,,,,,,,,,,,,,,,,,,,,,,,https://api.mybihr.com/medias/1058937-1-800Wx800H?context=bWFzdGVyfHJvb3R8NjQ4OTl8aW1hZ2UvanBlZ3xhR0ZoTDJnek9TOHhOVFF5TmpReU9ETXdOVFF6T0M4eE1EVTRPVE0zTFRGZk9EQXdWM2c0TURCSXxlYTEzMzUzMGNhZWJkYjQ3ZTAxMjQxNWY3ZjgxM2Y5ZmU4NTRiNDcyMzY2OGI5NmUxY2JhOGExNjcxM2VjMWZh,,,,,,,,https://static.bihr.pro/eBihr/Pictures/ART-pictures.zip,,Spain Warehouse (Parts)
1058951,38232,ASOP-03-GR,ART,ART OIL PLUG GREEN,Tapon llenado aceite verde Kawasaki,22.99,19.00,11.40,8430525382329,8,8714109090,0,1,,,VEHICLE PARTS & ACCESSORIES,ACCESSORIES,ACC. DESIGN PARTS,,,,,353,28,134,94,28,,,,,,,,,,,,,,,,,,,,,,,,,,,,,,,,,,,,,,https://api.mybihr.com/medias/1058951-1-800Wx800H?context=bWFzdGVyfHJvb3R8NDYzNzd8aW1hZ2UvanBlZ3xhRGszTDJnNU5TOHhOVFF5TmpRek56QXlNVGN5Tmk4eE1EVTRPVFV4TFRGZk9EQXdWM2c0TURCSXxlYjI1ZDJlZTY1MjU2ZDg3ZDczNjNmNmUxMWRlNzkyYzliZTQ0NmMyM2Y1MzExMmY0ZTJhMDg4ZWVhODU0NzU0,,,,,,,,https://static.bihr.pro/eBihr/Pictures/ART-pictures.zip,,Spain Warehouse (Parts)
1058996,10271,ASC-47,ART,ART PEDAL OEM TYPE,Pedal de cambio ART - Gris,32.67,27.00,16.20,8430525102712,24,8714109090,0,1,,,VEHICLE PARTS & ACCESSORIES,ACCESSORIES,ACC. DESIGN PARTS,,,,,1748,104,140,223,56,,,,,,,,,,,,,,,,,,,,,,,,,,,,,,,,,,,,,,https://api.mybihr.com/medias/1058996-1-800Wx800H?context=bWFzdGVyfHJvb3R8MTg4NDl8aW1hZ2UvanBlZ3xhRGcwTDJneU5pOHhOVFF5TmpRMU1UazJNemt6TkM4eE1EVTRPVGsyTFRGZk9EQXdWM2c0TURCSXxkMDcwY2E5OGZkZmM5YzM2MjE2MTk1YWVlMTZiNDRiYjNmYzFjZWQxMTJiN2E0OWVjZjhjNjUzNzhjZjhiNjMx,,,,,,,,https://static.bihr.pro/eBihr/Pictures/ART-pictures.zip,,Spain Warehouse (Parts)
1058940,71762,162B-S,ART,ART LEVER BRAKE,Maneta de freno forjada negra,13.31,11.00,6.60,8430525057463,38,8714109090,0,1,,,VEHICLE PARTS & ACCESSORIES,ACCESSORIES,ACC. DESIGN PARTS,,,,,775,62,120,170,38,,,,,,,,,,,,,,,,,,,,,,,,,,,,,,,,,,,,,,https://api.mybihr.com/medias/1058940-1-800Wx800H?context=bWFzdGVyfHJvb3R8MjMyNDF8aW1hZ2UvanBlZ3xhR014TDJoaE55OHhOVFF5TmpReU9UUTROVEE0Tmk4eE1EVTRPVFF3TFRGZk9EQXdWM2c0TURCSXw4MDA1ZmU2ODI5ZjJmNjI1NzAyMDllMjk2MWRmOTdiODZkOWU4ZTNkYmFjOWQzOGMzMjEzODY4YzBkNDZlYWZj,https://api.mybihr.com/medias/1058940-2-800Wx800H?context=bWFzdGVyfHJvb3R8Mzc4MjF8aW1hZ2UvanBlZ3xhRFJsTDJoaU5TOHhOVFF5TmpReU9UZzNPRE13TWk4eE1EVTRPVFF3TFRKZk9EQXdWM2c0TURCSXw1MTFkM2NlOTYzYmVkZjY4N2JjMDYyN2ZkMmY0ZjljY2U5ZWMwN2U2M2ViZmMxMGFjNDU4MDI1OTY4MWVjMzM0,,,,,,,https://static.bihr.pro/eBihr/Pictures/ART-pictures.zip,,Spain Warehouse (Parts)
1058974,89551,ASB-164F,ART,ART PEDAL,Pedal de freno ART - KTM gris,105.27,87.00,52.20,8430525895515,8,8714109090,0,1,,,VEHICLE PARTS & ACCESSORIES,ACCESSORIES,ACC. DESIGN PARTS,,,,,1471,216,295,116,43,,,,,,,,,,,,,,,,,,,,,,,,,,,,,,,,,,,,,,,,,,,,,,https://static.bihr.pro/eBihr/Pictures/ART-pictures.zip,,Spain Warehouse (Parts)
1058947,75941,DT-731B FORGED,ART,ART LEVER BRAKE,Maneta de freno forjada pulida,17.00,14.05,8.43,8430525187023,36,8714109090,0,1,,,VEHICLE PARTS & ACCESSORIES,ACCESSORIES,ACC. DESIGN PARTS,,,,,515,54,113,253,18,,,,,,,,,,,,,,,,,,,,,,,,,,,,,,,,,,,,,,https://api.mybihr.com/medias/1058947-1-800Wx800H?context=bWFzdGVyfHJvb3R8MjAyMjh8aW1hZ2UvanBlZ3xhRFV5TDJnNE9DOHhOVFF5TmpRek5EazVNREV4TUM4eE1EVTRPVFEzTFRGZk9EQXdWM2c0TURCSXxmN2ZhZWI0MjBlMGMxYmNmMTc5Y2FmNmEwOWExYTRkMjQxZjNkMjVlNDc0YWE0YTk0MjBkZmE4NzE0YTFmYTcy,,,,,,,,https://static.bihr.pro/eBihr/Pictures/ART-pictures.zip,,Spain Warehouse (Parts)
1058958,89545,ASB-123F,ART,ART PEDAL HONDA SILVER,Pedal de freno ART - Honda gris,105.27,87.00,52.20,8430525895454,3,8714109090,0,1,,,VEHICLE PARTS & ACCESSORIES,ACCESSORIES,ACC. DESIGN PARTS,,,,,2361,186,416,132,43,,,,,,,,,,,,,,,,,,,,,,,,,,,,,,,,,,,,,,https://api.mybihr.com/medias/1058958-1-800Wx800H?context=bWFzdGVyfHJvb3R8MTg3ODJ8aW1hZ2UvanBlZ3xhRFZqTDJnM1pTOHhOVFF5TmpRek9UYzNOREl6T0M4eE1EVTRPVFU0TFRGZk9EQXdWM2c0TURCSXw2YjA0NmFjYzBlYzUwODc0YmNiM2M4N2VkYTczM2RkYzQ3ZDdmYjM5ZTM2NWRjY2UzZThmNGZlNTgzNDQ0NTAx,,,,,,,,https://static.bihr.pro/eBihr/Pictures/ART-pictures.zip,,Spain Warehouse (Parts)
1058983,8594,ASC-22,ART,ART PEDAL OEM TYPE,Pedal de cambio ART - Yamaha gris,30.25,25.00,15.00,8430525085947,46,8714109090,0,1,,,VEHICLE PARTS & ACCESSORIES,ACCESSORIES,ACC. DESIGN PARTS,,,,,824,100,116,203,35,,,,,,,,,,,,,,,,,,,,,,,,,,,,,,,,,,,,,,https://api.mybihr.com/medias/1058983-1-800Wx800H?context=bWFzdGVyfHJvb3R8MTcxMjZ8aW1hZ2UvanBlZ3xhR05tTDJobE9DOHhOVFF5TmpRME5qZzFNakV5Tmk4eE1EVTRPVGd6TFRGZk9EQXdWM2c0TURCSXw0MzQ1NGYyYzhjZWZmNzg0MjZiNTNhMzk2NWZhMjdlMmRjYjI3ZGYzN2E5OWUyNDIyODFiNTk1NmRlYjVjMjJl,,,,,,,,https://static.bihr.pro/eBihr/Pictures/ART-pictures.zip,,Spain Warehouse (Parts)
1114809,45365,ASK-108-GY,ART,ART KICK STARTER GREY,Pedal de arranque ART - Kawasaki plata,110.11,91.00,54.60,8430525453654,11,8714109090,0,1,,,VEHICLE PARTS & ACCESSORIES,ACCESSORIES,ACC. DESIGN PARTS,,,,,3040,350,138,272,81,,,,,,,,,,,,,,,,Plata,,,,,,,,,,,,,,,,,,,,,,https://api.mybihr.com/medias/1114809-1-800Wx800H?context=bWFzdGVyfHJvb3R8MjQyNjd8aW1hZ2UvanBlZ3xhR0psTDJnd01TOHhOVEEyT0RnMU9UYzVNelF6T0M4eE1URTBPREE1TFRGZk9EQXdWM2c0TURCSXwzOTJjM2VhZjYxNTAxNTU4ZDg0ZTFhZWNkZjQwM2M5ZDI0ZGFiNmQxMjE1N2I0M2Y2ZWQ3MzdhNGU2ZTMxNzgx,,,,,,,,https://static.bihr.pro/eBihr/Pictures/ART-pictures.zip,,Spain Warehouse (Parts)
1058968,89553,ASB-140F,ART,ART PEDAL,Pedal de freno ART - KTM gris,102.85,85.00,51.00,8430525895539,6,8714109090,0,1,,,VEHICLE PARTS & ACCESSORIES,ACCESSORIES,ACC. DESIGN PARTS,,,,,1428,216,295,110,44,,,,,,,,,,,,,,,,,,,,,,,,,,,,,,,,,,,,,,https://api.mybihr.com/medias/1058968-1-800Wx800H?context=bWFzdGVyfHJvb3R8MzUzMDR8aW1hZ2UvanBlZ3xhR0kxTDJnek55OHhOVFF5TmpRME16TXhNekU0TWk4eE1EVTRPVFk0TFRGZk9EQXdWM2c0TURCSXwwNmRmNzQ0MDFjMzY2NGIxZDRkMWM2YjEwYjhiZDhmNTk1OTZkZDc0YWM0ODk0MWJmYzMzZDg5M2Q2OTJkYjE2,,,,,,,,https://static.bihr.pro/eBihr/Pictures/ART-pictures.zip,,Spain Warehouse (Parts)
1058975,13713,ASB-18,ART,ART PEDAL CNC FLEX TYPE,Pedal de freno ART CNC Flex - YAMAHA,84.70,70.00,42.00,8430525137134,3,8714109090,0,1,,,VEHICLE PARTS & ACCESSORIES,ACCESSORIES,ACC. DESIGN PARTS,,,,,1457,216,133,249,44,,,,,,,,,,,,,,,,,,,,,,,,,,,,,,,,,,,,,,https://api.mybihr.com/medias/1058975-1-800Wx800H?context=bWFzdGVyfHJvb3R8MjMxMTZ8aW1hZ2UvanBlZ3xhR1ZtTDJnME15OHhOVFF5TmpRME5EZzROakEwTmk4eE1EVTRPVGMxTFRGZk9EQXdWM2c0TURCSXw4OWIxOTM3ZWFlNDM2MmVmOGVjYmI5ZGY1Yzg2ZjA0NTk3MWEwODg5NTQ5NDQ5MDYyYzViOGFlY2UwMDczMjcz,,,,,,,,https://static.bihr.pro/eBihr/Pictures/ART-pictures.zip,,Spain Warehouse (Parts)
1058972,89564,ASB-151F,ART,ART PEDAL,Pedal de freno ART - Beta gris,100.43,83.00,49.80,8430525895645,11,8714109090,0,1,,,VEHICLE PARTS & ACCESSORIES,ACCESSORIES,ACC. DESIGN PARTS,,,,,1769,208,301,113,52,,,,,,,,,,,,,,,,,,,,,,,,,,,,,,,,,,,,,,https://api.mybihr.com/medias/1058972-1-800Wx800H?context=bWFzdGVyfHJvb3R8MzExNTJ8aW1hZ2UvanBlZ3xhR014TDJneU9DOHhOVFF5TmpRME5EQTVPVFl4TkM4eE1EVTRPVGN5TFRGZk9EQXdWM2c0TURCSXxlN2ZmMjE2ZWNkNTFiYjRmMzQyMzhhY2ExMzgzYTg2ODYyYzY2OTI4NjYzZmQ0NTk3YzQ5NWQwNjhhMjAyYjgz,,,,,,,,https://static.bihr.pro/eBihr/Pictures/ART-pictures.zip,,Spain Warehouse (Parts)
1058973,89566,ASB-159F,ART,ART PEDAL,Pedal de freno ART - Gas Gas gris,106.48,88.00,52.80,8430525895669,4,8714109090,0,1,,,VEHICLE PARTS & ACCESSORIES,ACCESSORIES,ACC. DESIGN PARTS,,,,,1439,196,300,109,44,,,,,,,,,,,,,,,,,,,,,,,,,,,,,,,,,,,,,,https://api.mybihr.com/medias/1058973-1-800Wx800H?context=bWFzdGVyfHJvb3R8MjE0NTF8aW1hZ2UvanBlZ3xhRFl4TDJnek5pOHhOVFF5TmpRME5EUTVNamd6TUM4eE1EVTRPVGN6TFRGZk9EQXdWM2c0TURCSXwwNjY3M2M5ZGQ3ZjExZjNlYmNlYTNhMmJiZWNjYzJhMzU2NmNmMDMwYzc4OGJiNTBjMWE4Zjk5MzI5OTBjZjhh,,,,,,,,https://static.bihr.pro/eBihr/Pictures/ART-pictures.zip,,Spain Warehouse (Parts)
1058969,89552,ASB-141F,ART,ART PEDAL,Pedal de freno ART - KTM gris,102.85,85.00,51.00,8430525895522,2,8714109090,0,1,,,VEHICLE PARTS & ACCESSORIES,ACCESSORIES,ACC. DESIGN PARTS,,,,,1666,210,297,110,51,,,,,,,,,,,,,,,,,,,,,,,,,,,,,,,,,,,,,,,,,,,,,,https://static.bihr.pro/eBihr/Pictures/ART-pictures.zip,,Spain Warehouse (Parts)
1112603,13707,ASB-12,ART,ART BRAKE PEDAL FLEX TIP,Pedal de freno ART CNC Flex - HONDA CRF 450,88.33,73.00,43.80,8430525137073,10,8714109090,0,1,"<p>Recambio puntera: ref. 1059019</p>
<ul>
	<li>Fabricado en aluminio mecanizado CNC, anodizado gris mate</li>
	<li>Extremadamente resistente al uso racing</li>
	<li>Sistema de seguridad con cable de fijación incluído</li>
	<li>Cabezal de apoyo pivotante con super-grip de 9 dientes, anodizado bronce</li>
	<li>Producto tope de gama, utilizado en competición</li>
</ul>
","
Recambio puntera: ref. 1059019

	Fabricado en aluminio mecanizado CNC, anodizado gris mate
	Extremadamente resistente al uso racing
	Sistema de seguridad con cable de fijación incluído
	Cabezal de apoyo pivotante con super-grip de 9 dientes, anodizado bronce
	Producto tope de gama, utilizado en competición

",VEHICLE PARTS & ACCESSORIES,ACCESSORIES,ACC. DESIGN PARTS,,,,,1317,192,304,114,38,,,,,,,,,,,,,,,,,,,,,,,,,,,,,,,,,,,,,,https://api.mybihr.com/medias/1112603-1-800Wx800H?context=bWFzdGVyfHJvb3R8MjUzMzR8aW1hZ2UvanBlZ3xhRFk0TDJobE9DOHhOVFF5T1RJM05qWTJNemd6T0M4eE1URXlOakF6TFRGZk9EQXdWM2c0TURCSXxkZjg2NWViMTUwMjk3OWJiZDdjMGUyYTQxZGM1Yjk3MTQxMDhmNzE1YmQ1YjNhNTAxNDViYWRkNTgxZWZjNGMz,,,,,,,,https://static.bihr.pro/eBihr/Pictures/ART-pictures.zip,,Spain Warehouse (Parts)
1112604,13715,ASB-20,ART,ART BRAKE PEDAL FLEX TIP,Pedal de freno ART CNC Flex - KTM,99.22,82.00,49.20,8430525137158,6,8714109090,0,1,"<ul>
	<li>&nbsp;</li>
</ul>

<p>Recambio puntera: ref. 1059019</p>","
	 



Recambio puntera: ref. 1059019",VEHICLE PARTS & ACCESSORIES,ACCESSORIES,ACC. DESIGN PARTS,,,,,840,224,150,140,40,,,,,,,,,,,,,,,,,,,,,,,,,,,,,,,,,,,,,,https://api.mybihr.com/medias/1112604-1-800Wx800H?context=bWFzdGVyfHJvb3R8MjM3Nzh8aW1hZ2UvanBlZ3xhRFZsTDJoak1pOHhOVFF5T1RJM056QTFOekExTkM4eE1URXlOakEwTFRGZk9EQXdWM2c0TURCSXxhYmY3MDRjMGEyOTJiMTYyNGVlYmE3ZDI3ZWJlMDI3ZGQ0ODBkNjFiZmExYWJmZWU0NTc3OTJiZmEyNzcxZjU2,,,,,,,,https://static.bihr.pro/eBihr/Pictures/ART-pictures.zip,,Spain Warehouse (Parts)
1112605,13716,ASB-21,ART,ART BRAKE PEDAL FLEX TIP,Pedal de freno ART CNC Flex - YAMAHA,91.96,76.00,45.60,8430525137165,0,8714109090,0,1,<p>Recambio puntera: ref. 1059019</p>,"
Recambio puntera: ref. 1059019",VEHICLE PARTS & ACCESSORIES,ACCESSORIES,ACC. DESIGN PARTS,,,,,910,260,130,140,50,,,,,,,,,,,,,,,,,,,,,,,,,,,,,,,,,,,,,,https://api.mybihr.com/medias/1112605-1-800Wx800H?context=bWFzdGVyfHJvb3R8MjgyOTB8aW1hZ2UvanBlZ3xhR0prTDJoaU5DOHhOVFF5T1RJM056UTFNREkzTUM4eE1URXlOakExTFRGZk9EQXdWM2c0TURCSXxhNjQxZGNhYjUyMjcwMWEyNjZhMTgwZjE4NDViNGI1NTFlYWViNjVjOTZmMDUwZWQwOWIwODY1MTM4OTE4NDQz,,,,,,,,https://static.bihr.pro/eBihr/Pictures/ART-pictures.zip,,Spain Warehouse (Parts)
1058971,13710,ASB-15,ART,ART PEDAL CNC FLEX TYPE,Pedal de freno ART CNC Flex - KAWASAKI,93.17,77.00,46.20,8430525137103,5,8714109090,0,1,,,VEHICLE PARTS & ACCESSORIES,ACCESSORIES,ACC. DESIGN PARTS,,,,,84,15,70,40,30,,,,,,,,,,,,,,,,,,,,,,,,,,,,,,,,,,,,,,https://api.mybihr.com/medias/1058971-1-800Wx800H?context=bWFzdGVyfHJvb3R8MjUyNDd8aW1hZ2UvanBlZ3xhREkzTDJneVlTOHhOVFF5TmpRME16Y3dOak01T0M4eE1EVTRPVGN4TFRGZk9EQXdWM2c0TURCSXw2MWIxNmE0NzAyMjllNzk3YjM1N2RmNGJmY2U2NTNhNDA2NjlmMTQyYjg5OTk2NDI4MWM4NWE1NWUwMjRkOWE4,,,,,,,,https://static.bihr.pro/eBihr/Pictures/ART-pictures.zip,,Spain Warehouse (Parts)
1058980,93402,ASC-111-GY,ART,ART PEDAL OEM TYPE,Pedal de cambio ART - Montesa gris,29.04,24.00,14.40,8430525934023,5,8714109090,0,1,,,VEHICLE PARTS & ACCESSORIES,ACCESSORIES,ACC. DESIGN PARTS,,,,,1495,102,116,379,34,,,,,,,,,,,,,,,,,,,,,,,,,,,,,,,,,,,,,,,,,,,,,,https://static.bihr.pro/eBihr/Pictures/ART-pictures.zip,,Spain Warehouse (Parts)
1058978,93401,ASC-109-GY,ART,ART PEDAL OEM TYPE,Pedal de cambio ART - Beta trial gris,31.46,26.00,15.60,8430525934016,13,8714109090,0,1,,,VEHICLE PARTS & ACCESSORIES,ACCESSORIES,ACC. DESIGN PARTS,,,,,1082,98,196,120,46,,,,,,,,,,,,,,,,,,,,,,,,,,,,,,,,,,,,,,,,,,,,,,https://static.bihr.pro/eBihr/Pictures/ART-pictures.zip,,Spain Warehouse (Parts)
1058998,9414,ASC-53,ART,ART PEDAL OEM TYPE,Pedal de cambio ART - Plata,38.72,32.00,19.20,8430525094147,2,8714109090,0,1,,,VEHICLE PARTS & ACCESSORIES,ACCESSORIES,ACC. DESIGN PARTS,,,,,1000,94,115,189,46,,,,,,,,,,,,,,,,,,,,,,,,,,,,,,,,,,,,,,https://api.mybihr.com/medias/1058998-1-800Wx800H?context=bWFzdGVyfHJvb3R8MTc4NTN8aW1hZ2UvanBlZ3xhRFUxTDJnell5OHhOVFF5TmpRMU1qYzFNRE0yTmk4eE1EVTRPVGs0TFRGZk9EQXdWM2c0TURCSXxlNTQ5MzBkOTA5Njg2YzQ0NjdkZjA5MDlkOWQwNWFlMDQ2MDM5NDMxYzY0OGRkNGQ1ZDJjZjMzYTliYmVjODVi,,,,,,,,https://static.bihr.pro/eBihr/Pictures/ART-pictures.zip,,Spain Warehouse (Parts)
1058946,75931,DT-730B FORGED,ART,ART LEVER BRAKE,Maneta de freno forjada pulida,21.78,18.00,1.66,8430525187016,16,8714109090,0,1,,,VEHICLE PARTS & ACCESSORIES,ACCESSORIES,ACC. DESIGN PARTS,,,,,707,44,124,228,25,,,,,,,,,,,,,,,,,,,,,,,,,,,,,,,,,,,,,,https://api.mybihr.com/medias/1058946-1-800Wx800H?context=bWFzdGVyfHJvb3R8MTkyNzR8aW1hZ2UvanBlZ3xhRE13TDJoaE1TOHhOVFF5TmpRek5ESXdNelkzT0M4eE1EVTRPVFEyTFRGZk9EQXdWM2c0TURCSXwyNWMyYjlhZGE4MTNkYWM2NDYyYzU0YmNlNGZiMzhjYTAyNDgzZjM3ZTlhMDI1NDM5OTc5NjI2M2U5Y2ZlMThj,,,,,,,,https://static.bihr.pro/eBihr/Pictures/ART-pictures.zip,,Spain Warehouse (Parts)
1058907,93450,ASFRC-15-BL,ART,ART MC CAP BRAKE KTM HVA BLUE,Tapa depósito bomba freno ART Husqvarna Azul,15.73,13.00,7.80,8430525934504,1,8714109090,0,1,,,VEHICLE PARTS & ACCESSORIES,ACCESSORIES,ACC. DESIGN PARTS,,,,,203,28,94,135,16,,,,,,,,,,,,,,,,,,,,,,,,,,,,,,,,,,,,,,,,,,,,,,https://static.bihr.pro/eBihr/Pictures/ART-pictures.zip,,Spain Warehouse (Parts)
1058930,89596,ASOT-232-BK,ART,ART BAR CLAMPS W. RUBBER BLACK,Abrazadera superior soporte maneta con goma ART negro,13.31,11.00,6.60,8430525895966,1,8714109090,0,1,,,VEHICLE PARTS & ACCESSORIES,ACCESSORIES,ACC. DESIGN PARTS,,,,,271,46,134,92,22,,,,,,,,,,,,,,,,,,,,,,,,,,,,,,,,,,,,,,https://api.mybihr.com/medias/1058930-1-800Wx800H?context=bWFzdGVyfHJvb3R8MzkzNTJ8aW1hZ2UvanBlZ3xhR05tTDJobFpTOHhOVFF5TmpReU5UazBOakUwTWk4eE1EVTRPVE13TFRGZk9EQXdWM2c0TURCSXwyMjlhNDQwZTU0MzhjNjZlZWRhNDUzNjYzYmM3YjA4NmVjYzZkYjE0NTJmNWMyMDJhMTY2NDdjYjZkZTY4NTZi,,,,,,,,https://static.bihr.pro/eBihr/Pictures/ART-pictures.zip,,Spain Warehouse (Parts)
1059015,93408,ASCCG-06-OR,ART,ART PROTECTION CLUTCH PUMP,Protector bomba de embrague ART KTM Naranja,59.29,49.00,19.60,8430525934085,16,8714109090,0,1,,,VEHICLE PARTS & ACCESSORIES,ACCESSORIES,ACC. DESIGN PARTS,,,,,1319,222,120,314,35,,,,,,,,,,,,,,,,,,,,,,,,,,,,,,,,,,,,,,,,,,,,,,https://static.bihr.pro/eBihr/Pictures/ART-pictures.zip,,Spain Warehouse (Parts)
1059013,93406,ASCCG-05-OR,ART,ART PROTECTION CLUTCH PUMP,Protector bomba de embrague ART KTM Naranja,59.29,49.00,19.60,8430525934061,15,8714109090,0,1,,,VEHICLE PARTS & ACCESSORIES,ACCESSORIES,ACC. DESIGN PARTS,,,,,1461,196,279,119,44,,,,,,,,,,,,,,,,,,,,,,,,,,,,,,,,,,,,,,,,,,,,,,https://static.bihr.pro/eBihr/Pictures/ART-pictures.zip,,Spain Warehouse (Parts)
1081845001,448773,ASB-133BKC-BLUE,ART,"ART PEDAL FACTORY, BLU",Pedal de freno Xtrem ART - negro azul,84.70,70.00,42.00,8430525247116,7,8714109090,0,1,"<html> <head> <meta http-equiv=""Content-Type"" content=""text/html; charset=utf-8""><title> </title> <style type=""text/css"">.cs95E872D0{text-align:left;margin:0pt 0pt 0pt 0pt;}.csA7555675{color:#000;background-color:transparent;font-weight:normal;font-style:normal;}.cs4FC7BF42{text-align:left;margin:0pt 0pt 0pt 0pt;list-style-type:disc;color:#000;background-color:transparent;font-weight:normal;font-style:normal;}</style> </head> <body> <p><a id=""_DX_FRAG_STARTFRAGMENT""></a>ART Brake Pedals, made of black anodized aluminium with interchangeable color tips to match your style.</p><p></p><ul> <li>Black 448 783 </li><li>Red 448 784 </li><li>Blue 448 785 </li><li>Orange 448 786 </li><li>Green 448 787</li></ul> </body> </html>","       ART Brake Pedals, made of black anodized aluminium with interchangeable color tips to match your style. Black 448 783 Red 448 784 Blue 448 785 Orange 448 786 Green 448 787  ",VEHICLE PARTS & ACCESSORIES,ACCESSORIES,ACC. DESIGN PARTS,,,Azul,,2185,201,269,131,62,,,,,,,,,,,,,,,,Azul,,,,,,,,,,,,,,,,,,,,,,https://api.mybihr.com/medias/1081845001-1-800Wx800H?context=bWFzdGVyfHJvb3R8MjgwMjZ8aW1hZ2UvanBlZ3xhR0U1TDJoak1pODRPVFkzTmpFeU16TTBNVEV3THpFd09ERTRORFV3TURFdE1WODRNREJYZURnd01FZ3xmZWVlMTk4ZTlhZDQzZTU4OGJhM2E5N2JmNGEzMmY2Y2NmNmMzN2NjMDIwZDVjZTFkNDlmYjZmZmViMzU1MTNl,,,,,,,,https://static.bihr.pro/eBihr/Pictures/ART-pictures.zip,,Spain Warehouse (Parts)
1081890001,45386,ASK-107-GR,ART,"ART KICK START, GRN",Pedal de arranque ART - Kawasaki verde,116.16,96.00,57.60,8430525453869,1,8714109090,0,1,,,VEHICLE PARTS & ACCESSORIES,ACCESSORIES,ACC. DESIGN PARTS,,,Verde,,1826,382,126,322,45,,,,,,,,,,,,,,,,,,,,,,,,,,,,,,,,,,,,,,https://api.mybihr.com/medias/1081890001-1-800Wx800H?context=bWFzdGVyfHJvb3R8MjY0NzR8aW1hZ2UvanBlZ3xhRFZtTDJnMFpTOHhOVFF5TnpZNE9UQXlNVFEzTUM4eE1EZ3hPRGt3TURBeExURmZPREF3VjNnNE1EQkl8NWEyZmRhNjM1ZGIyMmI0ZmQzZGFhZjAzYTg4YTdmNTgwOTc3MzYzOTE3NjVhOWY2MmM2ZjcwNjIxMmYzYmNkMA,,,,,,,,https://static.bihr.pro/eBihr/Pictures/ART-pictures.zip,,Spain Warehouse (Parts)
1081897002,43078,ASK-113-BL,ART,"ART KICK START, BLU",Pedal de arranque ART - Husaberg Husqvarna 14-17 azul,117.37,97.00,58.20,8430525430785,4,8714109090,0,1,,,VEHICLE PARTS & ACCESSORIES,ACCESSORIES,ACC. DESIGN PARTS,,,Azul,,1875,366,132,296,48,,,,,,,,,,,,,,,,,,,,,,,,,,,,,,,,,,,,,,https://api.mybihr.com/medias/1081897002-1-800Wx800H?context=bWFzdGVyfHJvb3R8Mjg2MDl8aW1hZ2UvanBlZ3xhRFUwTDJnMVppOHhOVFF5TnpZNU1qRTJOekU1T0M4eE1EZ3hPRGszTURBeUxURmZPREF3VjNnNE1EQkl8MzlmOGIyOTgzYWM1MDgyZjU2Y2E2MGFlZDM2OGZjODE0NGQ0MTgzM2M4MjI5ODkzOWNjMWY2NzE1ZTY1YzVjMA,,,,,,,,https://static.bihr.pro/eBihr/Pictures/ART-pictures.zip,,Spain Warehouse (Parts)
1081916001,445665,ASK-137-BLACK,ART,"ART KICK START, BLK",Pedal de arranque ART - KTM Husqvarna negro,117.37,97.00,58.20,3661738034254,0,8714109090,0,1,"<html> <head> <meta http-equiv=""Content-Type"" content=""text/html; charset=utf-8""><title> </title> <style type=""text/css"">.cs95E872D0{text-align:left;margin:0pt 0pt 0pt 0pt;}.csA7555675{color:#000;background-color:transparent;font-weight:normal;font-style:normal;}</style> </head> <body> <p>ART kick starter</p></body> </html>","       ART kick starter ",VEHICLE PARTS & ACCESSORIES,ACCESSORIES,ACC. DESIGN PARTS,,,Negro,,716,198,204,121,29,,,,,,,,,,,,,,,,Negro,,,,,,,,,,,,,,,,,,,,,,https://api.mybihr.com/medias/1081916001-1-800Wx800H?context=bWFzdGVyfHJvb3R8NTg5NjR8aW1hZ2UvanBlZ3xhR1prTDJnMk5pODRPVGMzTnpReE5EYzVPVFkyTHpFd09ERTVNVFl3TURFdE1WODRNREJYZURnd01FZ3w4YTA0MDc5ZTM2NmI2MTA0MzU1YzQ3ZmQzN2Y4NGFhNmZhZDE5Y2NiMjY0N2VkOTFkYTA4NWIwZDIzNzBmMTMw,,,,,,,,https://static.bihr.pro/eBihr/Pictures/ART-pictures.zip,,Spain Warehouse (Parts)
1081916003,445666,ASK-137-ORANGE,ART,"ART KICK START, ORG",Pedal de arranque ART - KTM Husqvarna naranja,110.11,91.00,54.60,3661738034179,5,8714109090,0,1,"<html> <head> <meta http-equiv=""Content-Type"" content=""text/html; charset=utf-8""><title> </title> <style type=""text/css"">.cs95E872D0{text-align:left;margin:0pt 0pt 0pt 0pt;}.csA7555675{color:#000;background-color:transparent;font-weight:normal;font-style:normal;}</style> </head> <body> <p>ART kick starter</p></body> </html>","       ART kick starter ",VEHICLE PARTS & ACCESSORIES,ACCESSORIES,ACC. DESIGN PARTS,,,Naranja,,914,197,210,136,32,,,,,,,,,,,,,,,,Naranja,,,,,,,,,,,,,,,,,,,,,,https://api.mybihr.com/medias/1081916003-1-800Wx800H?context=bWFzdGVyfHJvb3R8ODUwNDV8aW1hZ2UvanBlZ3xhRFZqTDJnMU9TODRPVGMzTnpReE9EY3pNVGd5THpFd09ERTVNVFl3TURNdE1WODRNREJYZURnd01FZ3wwYjdjZTI5OTI4ZjhiNWU5YTRjODJjNjQ2Mzg3MDdlMGEwNTFjMGQ2MmZmMGIwNWM2YWE4ZGRjOTdmM2FkNjY0,,,,,,,,https://static.bihr.pro/eBihr/Pictures/ART-pictures.zip,,Spain Warehouse (Parts)
1081916004,445664,ASK-137-SILVER,ART,"ART KICK START, SIL",Pedal de arranque ART - KTM Husqvarna plata,110.11,91.00,54.60,3661738034261,2,8714109090,0,1,"<html> <head> <meta http-equiv=""Content-Type"" content=""text/html; charset=utf-8""><title> </title> <style type=""text/css"">.cs95E872D0{text-align:left;margin:0pt 0pt 0pt 0pt;}.csA7555675{color:#000;background-color:transparent;font-weight:normal;font-style:normal;}</style> </head> <body> <p>ART kick starter</p></body> </html>","       ART kick starter ",VEHICLE PARTS & ACCESSORIES,ACCESSORIES,ACC. DESIGN PARTS,,,Plata,,368,200,230,50,32,,,,,,,,,,,,,,,,Aluminio,,,,,,,,,,,,,,,,,,,,,,https://api.mybihr.com/medias/1081916004-1-800Wx800H?context=bWFzdGVyfHJvb3R8NjA1Mjh8aW1hZ2UvanBlZ3xhR1kwTDJnd1lTODRPVGMzTnpReU1EWTVOemt3THpFd09ERTVNVFl3TURRdE1WODRNREJYZURnd01FZ3xmZDdlOWViZDUyZGI2MWRmNmM5MDI2ZDk2ZjEyZjg2OTM1ODkwZWMxYmI5MDQ0ZThhZGU3YjM0NTMzNzU0MDI5,,,,,,,,https://static.bihr.pro/eBihr/Pictures/ART-pictures.zip,,Spain Warehouse (Parts)
1081754003,38034,ASF-01-RD,ART,"ART FOOT PEGS, RED",Estriberas Off Road rojo Honda,127.05,105.00,63.00,8430525380349,3,8714109090,0,1,,,VEHICLE PARTS & ACCESSORIES,ACCESSORIES,ACC. DESIGN PARTS,,,Rojo,,1231,322,148,198,42,,,,,,,,,,,,,,,,,,,,,,,,,,,,,,,,,,,,,,https://api.mybihr.com/medias/1081754003-1-800Wx800H?context=bWFzdGVyfHJvb3R8NjM1ODJ8aW1hZ2UvanBlZ3xhRGMzTDJoaVl5OHhOVFF5TnpZME5qUTRPRFl3Tmk4eE1EZ3hOelUwTURBekxURmZPREF3VjNnNE1EQkl8NGY1ZWQzOGJiNWZiYzg0MzJjZTcyOTdjMzc2NzY4ZjNhNGRlOWZmNzkxZjNlNmE1OWZlNWVjYmUwODI2NGNmMA,,,,,,,,https://static.bihr.pro/eBihr/Pictures/ART-pictures.zip,,Spain Warehouse (Parts)
1081754001,38035,ASF-01-BK,ART,"ART FOOT PEGS, BLK",Estriberas Off Road negro Honda,127.05,105.00,63.00,8430525380356,6,8714109090,0,1,,,VEHICLE PARTS & ACCESSORIES,ACCESSORIES,ACC. DESIGN PARTS,,,Negro,,1225,320,148,197,42,,,,,,,,,,,,,,,,,,,,,,,,,,,,,,,,,,,,,,https://api.mybihr.com/medias/1081754001-1-800Wx800H?context=bWFzdGVyfHJvb3R8NTc4MTN8aW1hZ2UvanBlZ3xhREV4TDJobE15OHhOVFF5TnpZME5UY3dNakUzTkM4eE1EZ3hOelUwTURBeExURmZPREF3VjNnNE1EQkl8ZDRjNWE2YWRiNjU0NWZjYTI5ZTExY2I4ZjJlZjBlNDc5OGE4MGE4OTM2MWYxYmY1MTFkZTkyOWE3OTczZGM2ZA,,,,,,,,https://static.bihr.pro/eBihr/Pictures/ART-pictures.zip,,Spain Warehouse (Parts)
1081754002,38036,ASF-01-GY,ART,"ART FOOT PEGS, GRY",Estriberas Off Road Gris Honda,117.37,97.00,58.20,8430525380363,42,8714109090,0,1,,,VEHICLE PARTS & ACCESSORIES,ACCESSORIES,ACC. DESIGN PARTS,,,Gris,,1260,320,148,198,43,,,,,,,,,,,,,,,,,,,,,,,,,,,,,,,,,,,,,,https://api.mybihr.com/medias/1081754002-1-800Wx800H?context=bWFzdGVyfHJvb3R8NDY3Nzd8aW1hZ2UvanBlZ3xhREExTDJoallTOHhOVFF5TnpZME5qQTVOVE01TUM4eE1EZ3hOelUwTURBeUxURmZPREF3VjNnNE1EQkl8Y2Y1ZGYzZDE1OWM4YzU5ZWY5ZjFmZjcxNzJmOWQ5ODI5MDJhOGYxZTAxYjdlMzdiMTAzZmJmYzc1NzUxODM2OA,,,,,,,,https://static.bihr.pro/eBihr/Pictures/ART-pictures.zip,,Spain Warehouse (Parts)
1081799001,38038,ASF-01S-GY,ART,"ART FOOT PEGS, GRY",Estriberas Off Road gris/gris Honda,78.65,65.00,39.00,8430525380387,0,8714109090,0,1,,,VEHICLE PARTS & ACCESSORIES,ACCESSORIES,ACC. DESIGN PARTS,,,Gris,,1281,550,147,198,44,,,,,,,,,,,,,,,,,,,,,,,,,,,,,,,,,,,,,,https://api.mybihr.com/medias/1081799001-1-800Wx800H?context=bWFzdGVyfHJvb3R8NTI1MDl8aW1hZ2UvanBlZ3xhRGxoTDJobFpDOHhOVFF5TnpZMU9EWTNPRE13TWk4eE1EZ3hOems1TURBeExURmZPREF3VjNnNE1EQkl8MGQ1MDBkNjEyMzFiOTcyMWVmMWVhNGJjMzE1YjFhNWQ5ZmMyZmIzMzQ3NmY3N2ZlYzEwYTliMDlhZmE5YTNkOA,,,,,,,,https://static.bihr.pro/eBihr/Pictures/ART-pictures.zip,,Spain Warehouse (Parts)
1081801001,38052,ASF-04S-BL,ART,"ART FOOT PEGS, BLU",Estriberas Off Road gris/azul Gas Gas Yamaha,78.65,65.00,39.00,8430525380523,3,8714109090,0,1,,,VEHICLE PARTS & ACCESSORIES,ACCESSORIES,ACC. DESIGN PARTS,,,Azul,,1325,630,148,199,45,,,,,,,,,,,,,,,,,,,,,,,,,,,,,,,,,,,,,,https://api.mybihr.com/medias/1081801001-1-800Wx800H?context=bWFzdGVyfHJvb3R8NTYwMzd8aW1hZ2UvanBlZ3xhREV6TDJnMk1TOHhOVFF5TnpZMk1ESTFNVEUyTmk4eE1EZ3hPREF4TURBeExURmZPREF3VjNnNE1EQkl8NGE4OTg2MTc5NzNkNzg1OWQwZDc3OGE2YjU0NTBhMDkwNDJkZWM0OWY4MzZhOTEyN2JhMTY0MWJhNjk1YTc2Nw,,,,,,,,https://static.bihr.pro/eBihr/Pictures/ART-pictures.zip,,Spain Warehouse (Parts)
1081801002,38053,ASF-04S-GY,ART,"ART FOOT PEGS, GRY",Estriberas Off Road gris/gris Gas Gas Yamaha,78.65,65.00,39.00,8430525380530,7,8714109090,0,1,,,VEHICLE PARTS & ACCESSORIES,ACCESSORIES,ACC. DESIGN PARTS,,,Gris,,1289,632,148,198,44,,,,,,,,,,,,,,,,,,,,,,,,,,,,,,,,,,,,,,https://api.mybihr.com/medias/1081801002-1-800Wx800H?context=bWFzdGVyfHJvb3R8NDg2MjV8aW1hZ2UvanBlZ3xhR0V4TDJnMlpTOHhOVFF5TnpZMk1EWTBORE00TWk4eE1EZ3hPREF4TURBeUxURmZPREF3VjNnNE1EQkl8Y2ExY2U0YWM5YjQ0MTgzYzA4ZjY1MGI1ZDM1ZjUxNWZkZDFlNTQ4YjJiNGYyYWNiMjE3OGU4MTQzYzJhZDM3MA,,,,,,,,https://static.bihr.pro/eBihr/Pictures/ART-pictures.zip,,Spain Warehouse (Parts)
1081803001,38047,ASF-05S-BL,ART,"ART FOOT PEGS, BLU",Estriberas Off Road gris/azul Husqvarna 14-15 Husaberg Sherco,78.65,65.00,39.00,8430525380479,1,8714109090,0,1,,,VEHICLE PARTS & ACCESSORIES,ACCESSORIES,ACC. DESIGN PARTS,,,Azul,,1348,580,148,198,46,,,,,,,,,,,,,,,,,,,,,,,,,,,,,,,,,,,,,,https://api.mybihr.com/medias/1081803001-1-800Wx800H?context=bWFzdGVyfHJvb3R8NDgxNzB8aW1hZ2UvanBlZ3xhR1JoTDJoak15OHhOVFF5TnpZMk1UQXpOelU1T0M4eE1EZ3hPREF6TURBeExURmZPREF3VjNnNE1EQkl8NjY2YTQxZGI1ODA2MTZmMGU5MWM2MmViYTM2NDliZWFlODIzZDkxZTlkOTIwZjdkZjA5OWY4MDNjYzVmN2QxOA,,,,,,,,https://static.bihr.pro/eBihr/Pictures/ART-pictures.zip,,Spain Warehouse (Parts)
1081803003,38044,ASF-05S-OR,ART,"ART FOOT PEGS, ORG",Estriberas Off Road gris/naranja Ktm,78.65,65.00,39.00,8430525380448,0,8714109090,0,1,,,VEHICLE PARTS & ACCESSORIES,ACCESSORIES,ACC. DESIGN PARTS,,,Naranja,,1270,556,148,195,44,,,,,,,,,,,,,,,,,,,,,,,,,,,,,,,,,,,,,,https://api.mybihr.com/medias/1081803003-1-800Wx800H?context=bWFzdGVyfHJvb3R8NjE2Njd8aW1hZ2UvanBlZ3xhREE0TDJoa1ppOHhOVFF5TnpZMk1UZ3lOREF6TUM4eE1EZ3hPREF6TURBekxURmZPREF3VjNnNE1EQkl8ZjE4ZDBmZjNkOGI3YjIxYWIxNDE2YzRmMTRmZTE4YTg4ZjMzZWVjMjE2OGNlMGQzZGE5NzI5MmRkZDA3MjcxNw,,,,,,,,https://static.bihr.pro/eBihr/Pictures/ART-pictures.zip,,Spain Warehouse (Parts)
1081803002,38045,ASF-05S-GY,ART,"ART FOOT PEGS, GRY",Estriberas Off Road gris/gris Ktm Husqvarna 14-15 Husaberg Sherco Beta,78.65,65.00,39.00,8430525380455,0,8714109090,0,1,,,VEHICLE PARTS & ACCESSORIES,ACCESSORIES,ACC. DESIGN PARTS,,,Gris,,1273,582,148,200,43,,,,,,,,,,,,,,,,,,,,,,,,,,,,,,,,,,,,,,https://api.mybihr.com/medias/1081803002-1-800Wx800H?context=bWFzdGVyfHJvb3R8NTQ0NDF8aW1hZ2UvanBlZ3xhRGRoTDJoa01TOHhOVFF5TnpZMk1UUXpNRGd4TkM4eE1EZ3hPREF6TURBeUxURmZPREF3VjNnNE1EQkl8NWY0OWNiNjliM2M4ZjViMWVmYmZkMTVmOWY3YjA0MzE5YTQ4ZjIxYmRmNjhhN2IwZGFlZjFkYWZhMTc1ZDI4MA,,,,,,,,https://static.bihr.pro/eBihr/Pictures/ART-pictures.zip,,Spain Warehouse (Parts)
1081803004,38046,ASF-05S-RD,ART,"ART FOOT PEGS, RED",Estriberas Off Road gris/rojo Beta,75.02,62.00,37.20,8430525380462,0,8714109090,0,1,,,VEHICLE PARTS & ACCESSORIES,ACCESSORIES,ACC. DESIGN PARTS,,,Rojo,,1296,578,148,199,44,,,,,,,,,,,,,,,,,,,,,,,,,,,,,,,,,,,,,,https://api.mybihr.com/medias/1081803004-1-800Wx800H?context=bWFzdGVyfHJvb3R8NTk0MTB8aW1hZ2UvanBlZ3xhR0psTDJoallpOHhOVFF5TnpZMk1qSXhOekkwTmk4eE1EZ3hPREF6TURBMExURmZPREF3VjNnNE1EQkl8NGJlOThmZmUyNTlhNGI5YTIyMDVhNDA2ZWJkNzZiNWQ1NjljMjBiNTY3NjYwZjBjNTQ4M2ZjZmUxYWU4ZjFlZA,,,,,,,,https://static.bihr.pro/eBihr/Pictures/ART-pictures.zip,,Spain Warehouse (Parts)
1081849001,448779,ASB-167BKC-BLUE,ART,"ART PEDAL FACTORY, BLU",Pedal de freno Xtrem ART - negro azul,84.70,70.00,42.00,8430525247178,23,8714109090,0,1,"<html> <head> <meta http-equiv=""Content-Type"" content=""text/html; charset=utf-8""><title> </title> <style type=""text/css"">.cs95E872D0{text-align:left;margin:0pt 0pt 0pt 0pt;}.csA7555675{color:#000;background-color:transparent;font-weight:normal;font-style:normal;}.cs4FC7BF42{text-align:left;margin:0pt 0pt 0pt 0pt;list-style-type:disc;color:#000;background-color:transparent;font-weight:normal;font-style:normal;}</style> </head> <body> <p><a id=""_DX_FRAG_STARTFRAGMENT""></a>ART Brake Pedals, made of black anodized aluminium with interchangeable color tips to match your style.</p><p></p><ul> <li>Black 448 783 </li><li>Red 448 784 </li><li>Blue 448 785 </li><li>Orange 448 786 </li><li>Green 448 787</li></ul> </body> </html>","       ART Brake Pedals, made of black anodized aluminium with interchangeable color tips to match your style. Black 448 783 Red 448 784 Blue 448 785 Orange 448 786 Green 448 787  ",VEHICLE PARTS & ACCESSORIES,ACCESSORIES,ACC. DESIGN PARTS,,,Azul,,1538,213,255,134,45,,,,,,,,,,,,,,,,Azul,,,,,,,,,,,,,,,,,,,,,,https://api.mybihr.com/medias/1081849001-1-800Wx800H?context=bWFzdGVyfHJvb3R8MjgwMjZ8aW1hZ2UvanBlZ3xhRE5tTDJnMk1pODRPVGMzTnpFeU56YzFNVGs0THpFd09ERTRORGt3TURFdE1WODRNREJYZURnd01FZ3xmNDY4NTIwOGI0N2MxZDFlZTQyOGM1MmFkZjkyMjE2MDJmM2NjZWE4ZWNjOGNjMjZjNzJmMjJmYjVlZjEzZjA0,,,,,,,,https://static.bihr.pro/eBihr/Pictures/ART-pictures.zip,,Spain Warehouse (Parts)
1081849002,448780,ASB-167BKC-ORANGE,ART,"ART PEDAL FACTORY, ORG",Pedal de freno Xtrem ART - negro naranja,85.18,70.40,42.24,8430525247185,6,8714109090,0,1,"<html> <head> <meta http-equiv=""Content-Type"" content=""text/html; charset=utf-8""><title> </title> <style type=""text/css"">.cs95E872D0{text-align:left;margin:0pt 0pt 0pt 0pt;}.csA7555675{color:#000;background-color:transparent;font-weight:normal;font-style:normal;}.cs4FC7BF42{text-align:left;margin:0pt 0pt 0pt 0pt;list-style-type:disc;color:#000;background-color:transparent;font-weight:normal;font-style:normal;}</style> </head> <body> <p><a id=""_DX_FRAG_STARTFRAGMENT""></a>ART Brake Pedals, made of black anodized aluminium with interchangeable color tips to match your style.</p><p></p><ul> <li>Black 448 783 </li><li>Red 448 784 </li><li>Blue 448 785 </li><li>Orange 448 786 </li><li>Green 448 787</li></ul> </body> </html>","       ART Brake Pedals, made of black anodized aluminium with interchangeable color tips to match your style. Black 448 783 Red 448 784 Blue 448 785 Orange 448 786 Green 448 787  ",VEHICLE PARTS & ACCESSORIES,ACCESSORIES,ACC. DESIGN PARTS,,,Naranja,,1644,216,261,134,47,,,,,,,,,,,,,,,,Naranja,,,,,,,,,,,,,,,,,,,,,,https://api.mybihr.com/medias/1081849002-1-800Wx800H?context=bWFzdGVyfHJvb3R8MjgwODJ8aW1hZ2UvanBlZ3xhRFUzTDJobU1pODRPVFkzTnpnME5qWXhNREl5THpFd09ERTRORGt3TURJdE1WODRNREJYZURnd01FZ3xiNzFiMmY0MDY3NjViOWQ5YmI2NzllNGZiZGFkMzdjMjJlMGQ2ZWE1YjhhMDllZGU5OTJhMTczZDhhNTMzMjA4,,,,,,,,https://static.bihr.pro/eBihr/Pictures/ART-pictures.zip,,Spain Warehouse (Parts)
1081863001,93400,ASC-108-GY,ART,"ART PEDAL OEM TYPE, SIL",Pedal de cambio ART - Sherco gris,31.46,26.00,15.60,8430525934009,3,8714109090,0,1,,,VEHICLE PARTS & ACCESSORIES,ACCESSORIES,ACC. DESIGN PARTS,,,Plata,,1094,90,115,307,31,,,,,,,,,,,,,,,,,,,,,,,,,,,,,,,,,,,,,,,,,,,,,,https://static.bihr.pro/eBihr/Pictures/ART-pictures.zip,,Spain Warehouse (Parts)
1081881001,10282,ASC-67,ART,"ART PEDAL OEM TYPE, SIL",Pedal de cambio ART - gris,27.83,23.00,13.80,8430525102828,10,8714109090,0,1,,,VEHICLE PARTS & ACCESSORIES,ACCESSORIES,ACC. DESIGN PARTS,,,Plata,,2806,92,134,283,74,,,,,,,,,,,,,,,,,,,,,,,,,,,,,,,,,,,,,,https://api.mybihr.com/medias/1081881001-1-800Wx800H?context=bWFzdGVyfHJvb3R8MjE5Nzd8aW1hZ2UvanBlZ3xhRFJrTDJneU5pOHhOVFF5TnpZNE5UZzNOVGMwTWk4eE1EZ3hPRGd4TURBeExURmZPREF3VjNnNE1EQkl8NzcyNmNkZTAwNzUxYzU5ZjViMzM5YmI4ZDc0NDhhOWU4ZDI2YjdhNThhMzk0MjMxNzZhMWVlYmNiZjU4MTEwZA,,,,,,,,https://static.bihr.pro/eBihr/Pictures/ART-pictures.zip,,Spain Warehouse (Parts)
1081882001,11599,ASC-69,ART,"ART PEDAL OEM TYPE, SIL",Pedal de cambio ART - Suzuki RMZ 450 aluminio gris mate,32.67,27.00,16.20,8430525115996,7,8714109090,0,1,,,VEHICLE PARTS & ACCESSORIES,ACCESSORIES,ACC. DESIGN PARTS,,,Plata,,930,98,125,201,37,,,,,,,,,,,,,,,,,,,,,,,,,,,,,,,,,,,,,,https://api.mybihr.com/medias/1081882001-1-800Wx800H?context=bWFzdGVyfHJvb3R8MjAzNDZ8aW1hZ2UvanBlZ3xhRGcyTDJnM1lpOHhOVFF5TnpZNE5qSTJPRGsxT0M4eE1EZ3hPRGd5TURBeExURmZPREF3VjNnNE1EQkl8NDk1NmUzNjgxMmFkOTJkOGRjNzYzMDdjZmNmMTI0YzM4NmNjODZjYTYyMjJkZTE4MzhkNDc2ZDFjZjU3ZmM5MQ,,,,,,,,https://static.bihr.pro/eBihr/Pictures/ART-pictures.zip,,Spain Warehouse (Parts)
1081846001,448774,ASB-143BKC-BLUE,ART,"ART PEDAL FACTORY, BLU",Pedal de freno Xtrem ART - negro azul,84.70,70.00,42.00,8430525247123,14,8714109090,0,1,"<html> <head> <meta http-equiv=""Content-Type"" content=""text/html; charset=utf-8""><title> </title> <style type=""text/css"">.cs95E872D0{text-align:left;margin:0pt 0pt 0pt 0pt;}.csA7555675{color:#000;background-color:transparent;font-weight:normal;font-style:normal;}.cs4FC7BF42{text-align:left;margin:0pt 0pt 0pt 0pt;list-style-type:disc;color:#000;background-color:transparent;font-weight:normal;font-style:normal;}</style> </head> <body> <p><a id=""_DX_FRAG_STARTFRAGMENT""></a>ART Brake Pedals, made of black anodized aluminium with interchangeable color tips to match your style.</p><p></p><ul> <li>Black 448 783 </li><li>Red 448 784 </li><li>Blue 448 785 </li><li>Orange 448 786 </li><li>Green 448 787</li></ul> </body> </html>","       ART Brake Pedals, made of black anodized aluminium with interchangeable color tips to match your style. Black 448 783 Red 448 784 Blue 448 785 Orange 448 786 Green 448 787  ",VEHICLE PARTS & ACCESSORIES,ACCESSORIES,ACC. DESIGN PARTS,,,Azul,,2091,247,255,164,50,,,,,,,,,,,,,,,,Azul,,,,,,,,,,,,,,,,,,,,,,https://api.mybihr.com/medias/1081846001-1-800Wx800H?context=bWFzdGVyfHJvb3R8MjgwMjZ8aW1hZ2UvanBlZ3xhREU1TDJoak5TODRPVGMzTnpFeE9UZzROelkyTHpFd09ERTRORFl3TURFdE1WODRNREJYZURnd01FZ3wwNzkzNDEwYTZjMDkzOTVlNjUyMGQ1Njk4MTM1MDgyOTJkZWM0YTdkM2E2Nzc5NmUwYzI4MDI0N2FlOWMxYmQ2,,,,,,,,https://static.bihr.pro/eBihr/Pictures/ART-pictures.zip,,Spain Warehouse (Parts)
1081846002,89560,ASB-143F,ART,"ART PEDAL, SIL",Pedal de freno ART - Yamaha gris,102.85,85.00,51.00,8430525895607,10,8714109090,0,1,,,VEHICLE PARTS & ACCESSORIES,ACCESSORIES,ACC. DESIGN PARTS,,,Plata,,1735,254,301,113,51,,,,,,,,,,,,,,,,,,,,,,,,,,,,,,,,,,,,,,,,,,,,,,https://static.bihr.pro/eBihr/Pictures/ART-pictures.zip,,Spain Warehouse (Parts)
1081848001,448777,ASB-164BKC-BLUE,ART,"ART PEDAL FACTORY, BLU",Pedal de freno Xtrem ART - negro azul,84.70,70.00,42.00,8430525247154,10,8714109090,0,1,"<html> <head> <meta http-equiv=""Content-Type"" content=""text/html; charset=utf-8""><title> </title> <style type=""text/css"">.cs95E872D0{text-align:left;margin:0pt 0pt 0pt 0pt;}.csA7555675{color:#000;background-color:transparent;font-weight:normal;font-style:normal;}.cs4FC7BF42{text-align:left;margin:0pt 0pt 0pt 0pt;list-style-type:disc;color:#000;background-color:transparent;font-weight:normal;font-style:normal;}</style> </head> <body> <p><a id=""_DX_FRAG_STARTFRAGMENT""></a>ART Brake Pedals, made of black anodized aluminium with interchangeable color tips to match your style.</p><p></p><ul> <li>Black 448 783 </li><li>Red 448 784 </li><li>Blue 448 785 </li><li>Orange 448 786 </li><li>Green 448 787</li></ul> </body> </html>","       ART Brake Pedals, made of black anodized aluminium with interchangeable color tips to match your style. Black 448 783 Red 448 784 Blue 448 785 Orange 448 786 Green 448 787  ",VEHICLE PARTS & ACCESSORIES,ACCESSORIES,ACC. DESIGN PARTS,,,Azul,,1875,211,255,129,57,,,,,,,,,,,,,,,,Azul,,,,,,,,,,,,,,,,,,,,,,https://api.mybihr.com/medias/1081848001-1-800Wx800H?context=bWFzdGVyfHJvb3R8MjgwMjZ8aW1hZ2UvanBlZ3xhRGxrTDJnM05pODRPVGMzTnpFeU1UZzFNemMwTHpFd09ERTRORGd3TURFdE1WODRNREJYZURnd01FZ3xmMmVkMGJiM2IwMWVhOWQ0Mjc2N2I4ZDFiNjdjMTA3MmE5NjIwNzdkMDM4MDBmZjcwZDZkM2I4ZGU5ZjA1MGY4,,,,,,,,https://static.bihr.pro/eBihr/Pictures/ART-pictures.zip,,Spain Warehouse (Parts)
1081866001,93403,ASC-114-GY,ART,"ART PEDAL OEM TYPE, SIL",Pedal de cambio ART - Yamaha gris,31.46,26.00,15.60,8430525934030,8,8714109090,0,1,,,VEHICLE PARTS & ACCESSORIES,ACCESSORIES,ACC. DESIGN PARTS,,,Plata,,809,104,205,116,34,,,,,,,,,,,,,,,,,,,,,,,,,,,,,,,,,,,,,,,,,,,,,,https://static.bihr.pro/eBihr/Pictures/ART-pictures.zip,,Spain Warehouse (Parts)
1081868001,8598,ASC-27,ART,"ART PEDAL OEM TYPE, SIL",Pedal de cambio ART - Honda gris,31.46,26.00,15.60,8430525085985,27,8714109090,0,1,,,VEHICLE PARTS & ACCESSORIES,ACCESSORIES,ACC. DESIGN PARTS,,,Plata,,960,104,116,180,46,,,,,,,,,,,,,,,,,,,,,,,,,,,,,,,,,,,,,,https://api.mybihr.com/medias/1081868001-1-800Wx800H?context=bWFzdGVyfHJvb3R8MTU1OTF8aW1hZ2UvanBlZ3xhR0V4TDJnM05DOHhOVFF5TnpZNE1UVTFNRE0yTmk4eE1EZ3hPRFk0TURBeExURmZPREF3VjNnNE1EQkl8ZmQyMTM3NGFkMTk3NGNkYjQ4ZDU1ZmFmZjBjZmJhN2YwZTEyZmFlZDhhYTFjYTI0YzgyYzM4MTk4M2RkNzNiYg,,,,,,,,https://static.bihr.pro/eBihr/Pictures/ART-pictures.zip,,Spain Warehouse (Parts)
1081870001,8599,ASC-29,ART,"ART PEDAL OEM TYPE, SIL",Pedal de cambio ART - Honda gris,31.46,26.00,15.60,8430525085992,15,8714109090,0,1,,,VEHICLE PARTS & ACCESSORIES,ACCESSORIES,ACC. DESIGN PARTS,,,Plata,,829,104,120,192,36,,,,,,,,,,,,,,,,,,,,,,,,,,,,,,,,,,,,,,https://api.mybihr.com/medias/1081870001-1-800Wx800H?context=bWFzdGVyfHJvb3R8MjY3Mzl8aW1hZ2UvanBlZ3xhREpsTDJnNE1pOHhOVFF5TnpZNE1UazBNelU0TWk4eE1EZ3hPRGN3TURBeExURmZPREF3VjNnNE1EQkl8NTliMGYxMGFlOTVjY2M0OGVjZmQzZmU3NTUxMTVhZTA3MTMzODI0MmMwY2JiZWE0NWMyYzczMzNiNWViNmE3YQ,,,,,,,,https://static.bihr.pro/eBihr/Pictures/ART-pictures.zip,,Spain Warehouse (Parts)
1081885001,11605,ASC-77,ART,"ART PEDAL OEM TYPE, SIL",Pedal de cambio ART - KTM 65 SX aluminio gris ma,32.67,27.00,16.20,8430525116054,21,8714109090,0,1,,,VEHICLE PARTS & ACCESSORIES,ACCESSORIES,ACC. DESIGN PARTS,,,Plata,,1169,114,116,180,56,,,,,,,,,,,,,,,,,,,,,,,,,,,,,,,,,,,,,,https://api.mybihr.com/medias/1081885001-1-800Wx800H?context=bWFzdGVyfHJvb3R8MTc5NTl8aW1hZ2UvanBlZ3xhR1ZrTDJobFlpOHhOVFF5TnpZNE56UTBPRFl3Tmk4eE1EZ3hPRGcxTURBeExURmZPREF3VjNnNE1EQkl8MmViYjE3YWJjOGI4MjUxNmUxZjgwMWY2M2Y3MWRjOWQ3MTU2MDJmMThlMGMzMTkwYjg4N2U0ZWJmNjA4NmRiNw,,,,,,,,https://static.bihr.pro/eBihr/Pictures/ART-pictures.zip,,Spain Warehouse (Parts)
1081886001,89581,ASC-84-GY,ART,"ART PEDAL OEM TYPE, SIL",Pedal de cambio ART - Beta gris,45.00,37.19,22.31,8430525895812,0,8714109090,0,1,,,VEHICLE PARTS & ACCESSORIES,ACCESSORIES,ACC. DESIGN PARTS,,,Plata,,1408,112,302,111,42,,,,,,,,,,,,,,,,,,,,,,,,,,,,,,,,,,,,,,https://api.mybihr.com/medias/1081886001-1-800Wx800H?context=bWFzdGVyfHJvb3R8MjIwNTV8aW1hZ2UvanBlZ3xhRGhrTDJobU9TOHhOVFF5TnpZNE56ZzBNVGd5TWk4eE1EZ3hPRGcyTURBeExURmZPREF3VjNnNE1EQkl8ZGQ1OWY1YWJkOTQ0ZTNjMTk5N2U0YWM5OGVhYWI4NGQxNDJjMzdkNWFhMzYwMzhiNTFlMWE0NGJlMWQ1NjgxMQ,,,,,,,,https://static.bihr.pro/eBihr/Pictures/ART-pictures.zip,,Spain Warehouse (Parts)
1081892001,45387,ASK-108-GR,ART,"ART KICK START, GRN",Pedal de arranque ART - Kawasaki verde,117.37,97.00,58.20,8430525453876,1,8714109090,0,1,,,VEHICLE PARTS & ACCESSORIES,ACCESSORIES,ACC. DESIGN PARTS,,,Verde,,2037,346,141,314,46,,,,,,,,,,,,,,,,,,,,,,,,,,,,,,,,,,,,,,https://api.mybihr.com/medias/1081892001-1-800Wx800H?context=bWFzdGVyfHJvb3R8MzAwMDB8aW1hZ2UvanBlZ3xhR1F4TDJnME1DOHhOVFF5TnpZNE9UUXhORFk0Tmk4eE1EZ3hPRGt5TURBeExURmZPREF3VjNnNE1EQkl8NzdkN2M5N2E1NDhkZDVlZjVlZWY0NGIyNDU3NGViNjc1MWRiNzA1MjQzNTMyNWU4OGZjZWVlODIyNDdiOGUyNA,,,,,,,,https://static.bihr.pro/eBihr/Pictures/ART-pictures.zip,,Spain Warehouse (Parts)
1081927002,43080,ASK-113-OR,ART,"ART KICK START, ORG",Pedal de arranque ART - KTM naranja,123.42,102.00,61.20,8430525430808,4,8714109090,0,1,,,VEHICLE PARTS & ACCESSORIES,ACCESSORIES,ACC. DESIGN PARTS,,,Naranja,,1757,364,134,279,47,,,,,,,,,,,,,,,,,,,,,,,,,,,,,,,,,,,,,,https://api.mybihr.com/medias/1081927002-1-800Wx800H?context=bWFzdGVyfHJvb3R8MzIyMDB8aW1hZ2UvanBlZ3xhREF5TDJoaE5DOHhOVFF5Tnpjd01EQXpNVFV4T0M4eE1EZ3hPVEkzTURBeUxURmZPREF3VjNnNE1EQkl8YmRjZjRkZGE5MjgxODVmNjYyMWZlNDJiYmUwZWVhNjczZjc2MDk4MWZmYWIwYjA4ODJiZTY0YmViNTJjNTMyMw,,,,,,,,https://static.bihr.pro/eBihr/Pictures/ART-pictures.zip,,Spain Warehouse (Parts)
1081927001,43077,ASK-113-BK,ART,"ART KICK START, BLK",Pedal de arranque ART - KTM Husaberg Husqvarna 14-15 negro,113.74,94.00,56.40,8430525430778,1,8714109090,0,1,,,VEHICLE PARTS & ACCESSORIES,ACCESSORIES,ACC. DESIGN PARTS,,,Negro,,1516,364,133,278,41,,,,,,,,,,,,,,,,,,,,,,,,,,,,,,,,,,,,,,https://api.mybihr.com/medias/1081927001-1-800Wx800H?context=bWFzdGVyfHJvb3R8Mjk1ODl8aW1hZ2UvanBlZ3xhR1ptTDJnNU5TOHhOVFF5TnpZNU9UWXpPRE13TWk4eE1EZ3hPVEkzTURBeExURmZPREF3VjNnNE1EQkl8MzJkMjZlNGQ1YWJjNzY3YWY5YTc4NjdiNzRiZTZlMTc2OGI4YjQ3ZjI4YTY4YWY0ZDVkZmNiZGVkYmJiZTVmYw,,,,,,,,https://static.bihr.pro/eBihr/Pictures/ART-pictures.zip,,Spain Warehouse (Parts)
1081918001,89568,HB-15-BK,ART,"ART REPLC. TIP XTREM BRAKE PEDAL, BLK",Recambio puntera pivotante pedal freno Xtrem ART - CNC negro,53.24,44.00,26.40,8430525895683,0,8714109090,0,1,,,VEHICLE PARTS & ACCESSORIES,ACCESSORIES,ACC. DESIGN PARTS,,,Negro,,527,56,135,93,42,,,,,,,,,,,,,,,,,,,,,,,,,,,,,,,,,,,,,,https://api.mybihr.com/medias/1081918001-1-800Wx800H?context=bWFzdGVyfHJvb3R8NTk2MzZ8aW1hZ2UvanBlZ3xhR1V4TDJobU1TOHhOVFF5TnpZNU5UY3dOakUwTWk4eE1EZ3hPVEU0TURBeExURmZPREF3VjNnNE1EQkl8MDg2OGMzMGU3NTRiMDVhODQ5ZGY0YTM4OWM0NjYxMGFmMDE2MmUwNWJlNDIxZTRmMDQ1NGQ5NTIxMDVjZjdmZQ,,,,,,,,https://static.bihr.pro/eBihr/Pictures/ART-pictures.zip,,Spain Warehouse (Parts)
1081918003,89569,HB-15-GR,ART,"ART REPLC. TIP XTREM BRAKE PEDAL, GRN",Recambio puntera pivotante pedal freno Xtrem ART - CNC verde,52.03,43.00,25.80,8430525895690,6,8714109090,0,1,,,VEHICLE PARTS & ACCESSORIES,ACCESSORIES,ACC. DESIGN PARTS,,,Verde,,502,54,135,93,40,,,,,,,,,,,,,,,,,,,,,,,,,,,,,,,,,,,,,,https://api.mybihr.com/medias/1081918003-1-800Wx800H?context=bWFzdGVyfHJvb3R8NzE3Mzd8aW1hZ2UvanBlZ3xhRGsxTDJoaFpDOHhOVFF5TnpZNU5qUTVNalUzTkM4eE1EZ3hPVEU0TURBekxURmZPREF3VjNnNE1EQkl8ZTM5NWI5MTcxZWVjNjg3MmQyZjNjODVmOGI1M2NhNmE3YThiOWUyYWM4Zjc2ODYyMDdmZmYyMmE4NzQyZGEyMw,,,,,,,,https://static.bihr.pro/eBihr/Pictures/ART-pictures.zip,,Spain Warehouse (Parts)
1081918005,89567,HB-15-RD,ART,"ART REPLC. TIP XTREM BRAKE PEDAL, RED",Recambio puntera pivotante pedal freno Xtrem ART - CNC rojo,49.61,41.00,24.60,8430525895676,7,8714109090,0,1,,,VEHICLE PARTS & ACCESSORIES,ACCESSORIES,ACC. DESIGN PARTS,,,Rojo,,523,56,93,134,42,,,,,,,,,,,,,,,,,,,,,,,,,,,,,,,,,,,,,,https://api.mybihr.com/medias/1081918005-1-800Wx800H?context=bWFzdGVyfHJvb3R8NzQ3NTN8aW1hZ2UvanBlZ3xhR05sTDJnMFlTOHhOVFF5TnpZNU56STNPVEF3Tmk4eE1EZ3hPVEU0TURBMUxURmZPREF3VjNnNE1EQkl8Nzc0ZWQ0NmVjZDVjMWJkZGJiYzAzOTA5MzI5ZDgyMGRjMDkxNDZjMTVkZmJlZmY3MTUxMDU2ZDRkMjgxYWVmOA,,,,,,,,https://static.bihr.pro/eBihr/Pictures/ART-pictures.zip,,Spain Warehouse (Parts)
1081918002,93392,HB-15-BL,ART,"ART REPLC. TIP XTREM BRAKE PEDAL, BLU",Recambio puntera pivotante pedal freno Xtrem ART - CNC azul,53.24,44.00,26.40,8430525933927,0,8714109090,0,1,,,VEHICLE PARTS & ACCESSORIES,ACCESSORIES,ACC. DESIGN PARTS,,,Azul,,516,52,94,134,41,,,,,,,,,,,,,,,,,,,,,,,,,,,,,,,,,,,,,,https://api.mybihr.com/medias/1081918002-1-800Wx800H?context=bWFzdGVyfHJvb3R8NzE1MzR8aW1hZ2UvanBlZ3xhRE0xTDJoaVlpOHhOVFF5TnpZNU5qQTVPVE0xT0M4eE1EZ3hPVEU0TURBeUxURmZPREF3VjNnNE1EQkl8MWExYWNhNWFjMjExMDY0NzIwOWI0ZTdkYTliZTdlOTI5YTZhMjUyYzFmMzFhZjNlMmQyMWUzMmFhMjVmMzkwMw,,,,,,,,https://static.bihr.pro/eBihr/Pictures/ART-pictures.zip,,Spain Warehouse (Parts)
1081918004,89570,HB-15-OR,ART,"ART REPLC. TIP XTREM BRAKE PEDAL, ORG",Recambio puntera pivotante pedal freno Xtrem ART - CNC naranja,53.24,44.00,26.40,8430525895706,7,8714109090,0,1,,,VEHICLE PARTS & ACCESSORIES,ACCESSORIES,ACC. DESIGN PARTS,,,Naranja,,502,54,135,93,40,,,,,,,,,,,,,,,,,,,,,,,,,,,,,,,,,,,,,,https://api.mybihr.com/medias/1081918004-1-800Wx800H?context=bWFzdGVyfHJvb3R8NzI2NTV8aW1hZ2UvanBlZ3xhREEzTDJoaE1DOHhOVFF5TnpZNU5qZzROVGM1TUM4eE1EZ3hPVEU0TURBMExURmZPREF3VjNnNE1EQkl8N2VlN2U5Nzc4NTZkOGUzNWYyMWYzZGU4MTQxN2I5Y2M0ZjVmYzc0ZWYyZmRhN2E4ZGEyNTMzMTQ1MjU1YTc1Ng,,,,,,,,https://static.bihr.pro/eBihr/Pictures/ART-pictures.zip,,Spain Warehouse (Parts)
1081928001,45381,ASK-114-BK,ART,"ART KICK START, BLK",Pedal de arranque ART - KTM negro,117.37,97.00,58.20,8430525453814,9,8714109090,0,1,,,VEHICLE PARTS & ACCESSORIES,ACCESSORIES,ACC. DESIGN PARTS,,,Negro,,1557,268,132,268,44,,,,,,,,,,,,,,,,,,,,,,,,,,,,,,,,,,,,,,https://api.mybihr.com/medias/800Wx800H-1081928001-1.jpg?context=bWFzdGVyfHJvb3R8NDk4NDN8aW1hZ2UvanBlZ3xhR1UzTDJoaFpDOHpNelkxTWpZek1qVXhPRFk0Tmk4NE1EQlhlRGd3TUVoZk1UQTRNVGt5T0RBd01TMHhMbXB3Wnd8YjhlM2QwZGEyMzRhYTdlZTk5MzRkZTcwMmNiMzU5ZjY4Y2JiYzkyMTQ5YjcwNTllZDY5NzRkZWJjNTNlMjYyYQ,,,,,,,,https://static.bihr.pro/eBihr/Pictures/ART-pictures.zip,,Spain Warehouse (Parts)
1081928002,45392,ASK-114-OR,ART,"ART KICK START, ORG",Pedal de arranque ART - KTM Naranja,123.42,102.00,61.20,8430525453920,2,8714109090,0,1,,,VEHICLE PARTS & ACCESSORIES,ACCESSORIES,ACC. DESIGN PARTS,,,Naranja,,1167,256,301,114,34,,,,,,,,,,,,,,,,,,,,,,,,,,,,,,,,,,,,,,,,,,,,,,https://static.bihr.pro/eBihr/Pictures/ART-pictures.zip,,Spain Warehouse (Parts)
1085904004,93420,ASPRV-01-YE,ART,"ART BLEEDER KAYABA & SHOWA, YEL",Purgadores de horquilla ART amarillo Kayaba & showa M5,13.31,11.00,6.60,8430525934207,8,8714109090,0,1,,,VEHICLE PARTS & ACCESSORIES,ACCESSORIES,ACC. DESIGN PARTS,,,Amarillo,,214,24,94,134,17,,,,,,,,,,,,,,,,,,,,,,,,,,,,,,,,,,,,,,https://api.mybihr.com/medias/1085904004-1-800Wx800H?context=bWFzdGVyfHJvb3R8NzM4Nzh8aW1hZ2UvanBlZ3xhRGc1TDJneE5pOHhOVFF5Tnprek1UZ3pNak0xTUM4eE1EZzFPVEEwTURBMExURmZPREF3VjNnNE1EQkl8OWYwZDJhZjExN2U3NjQ1MTQ1ZjdhZWRhNWIyZDFjM2IyNGNkY2Y1NGQ0ZTRhNjI1MzMxZDk2ZWJkZmFhYThjYw,,,,,,,,https://static.bihr.pro/eBihr/Pictures/ART-pictures.zip,,Spain Warehouse (Parts)
1085904002,93418,ASPRV-01-GN,ART,"ART BLEEDER KAYABA & SHOWA, GRN",Purgadores de horquilla ART verde Kayaba & showa M5,13.31,11.00,6.60,8430525934184,3,8714109090,0,1,,,VEHICLE PARTS & ACCESSORIES,ACCESSORIES,ACC. DESIGN PARTS,,,Verde,,202,36,94,134,16,,,,,,,,,,,,,,,,,,,,,,,,,,,,,,,,,,,,,,https://api.mybihr.com/medias/1085904002-1-800Wx800H?context=bWFzdGVyfHJvb3R8NjU4NzR8aW1hZ2UvanBlZ3xhR0kzTDJnek1TOHhOVFF5Tnprek1UQTBOVGt4T0M4eE1EZzFPVEEwTURBeUxURmZPREF3VjNnNE1EQkl8YmJjOTA1MzQzMzE1ZTBiMzMzZTUyZWFkYmRhNTg2MjYwYjM4Y2U1OWU0ZjQyY2IzMGNiMzA0MWE5ZjJhNjdlYQ,,,,,,,,https://static.bihr.pro/eBihr/Pictures/ART-pictures.zip,,Spain Warehouse (Parts)
1085904001,93419,ASPRV-01-BL,ART,"ART BLEEDER KAYABA & SHOWA, BLU",Purgadores de horquilla ART azul Kayaba & showa M5,13.31,11.00,6.60,8430525934191,0,8714109090,0,1,,,VEHICLE PARTS & ACCESSORIES,ACCESSORIES,ACC. DESIGN PARTS,,,Azul,,178,32,94,135,14,,,,,,,,,,,,,,,,,,,,,,,,,,,,,,,,,,,,,,https://api.mybihr.com/medias/1085904001-1-800Wx800H?context=bWFzdGVyfHJvb3R8NzEwMTB8aW1hZ2UvanBlZ3xhR1l3TDJnNE5pOHhOVFF5Tnprek1EWTFNamN3TWk4eE1EZzFPVEEwTURBeExURmZPREF3VjNnNE1EQkl8M2QwMmQ1NjkzZjY1NmFhYzBmNWU5MDhjMmI3NTcxMzNiNzRlZDVkZTExZmQ5MTgyOTJjZjQ2OTQ2NDkxOTVkOQ,,,,,,,,https://static.bihr.pro/eBihr/Pictures/ART-pictures.zip,,Spain Warehouse (Parts)
1085904003,93417,ASPRV-01-RD,ART,"ART BLEEDER KAYABA & SHOWA, RED",Purgadores de horquilla ART rojo Kayaba & showa M5,13.31,11.00,6.60,8430525934177,17,8714109090,0,1,,,VEHICLE PARTS & ACCESSORIES,ACCESSORIES,ACC. DESIGN PARTS,,,Rojo,,188,30,135,93,15,,,,,,,,,,,,,,,,,,,,,,,,,,,,,,,,,,,,,,https://api.mybihr.com/medias/1085904003-1-800Wx800H?context=bWFzdGVyfHJvb3R8NzE5MjN8aW1hZ2UvanBlZ3xhREk1TDJneU5DOHhOVFF5Tnprek1UUXpPVEV6TkM4eE1EZzFPVEEwTURBekxURmZPREF3VjNnNE1EQkl8YjliZDU1OGVjYjMwMjdmZjI2M2Q3OGRhODFhNDcyNzk2OTU5MGIyMTRiZWVlYTdlNjBiYzMzMjM4NDNjMWIwNQ,,,,,,,,https://static.bihr.pro/eBihr/Pictures/ART-pictures.zip,,Spain Warehouse (Parts)
1085908002,93425,ASPRV-08-OR,ART,"ART BLEEDER WP, ORG",Purgadores de horquilla ART naranja WP M4,20.57,17.00,10.20,8430525934252,40,8714109090,0,1,,,VEHICLE PARTS & ACCESSORIES,ACCESSORIES,ACC. DESIGN PARTS,,,Naranja,,189,30,94,134,15,,,,,,,,,,,,,,,,,,,,,,,,,,,,,,,,,,,,,,https://api.mybihr.com/medias/1085908002-1-800Wx800H?context=bWFzdGVyfHJvb3R8NTIwMDZ8aW1hZ2UvanBlZ3xhRFEwTDJoa05TOHhOVFF5Tnprek5EazNPREEzT0M4eE1EZzFPVEE0TURBeUxURmZPREF3VjNnNE1EQkl8NGZlOTM4Nzg3NTVhZDFjMGQ0NWE2N2I2OTVkOWQ4ZTU0M2U1NjhmOWMyNTRkNmFmZjQxNjNjOGU1NDNhZTQxNA,,,,,,,,https://static.bihr.pro/eBihr/Pictures/ART-pictures.zip,,Spain Warehouse (Parts)
1085908001,93426,ASPRV-08-BL,ART,"ART BLEEDER WP, BLU",Purgadores de horquilla ART azul WP M4,20.57,17.00,10.20,8430525934269,4,8714109090,0,1,,,VEHICLE PARTS & ACCESSORIES,ACCESSORIES,ACC. DESIGN PARTS,,,Azul,,176,22,93,135,14,,,,,,,,,,,,,,,,,,,,,,,,,,,,,,,,,,,,,,https://api.mybihr.com/medias/1085908001-1-800Wx800H?context=bWFzdGVyfHJvb3R8NjE3MzZ8aW1hZ2UvanBlZ3xhR1F5TDJobE1pOHhOVFF5Tnprek5EVTRORGcyTWk4eE1EZzFPVEE0TURBeExURmZPREF3VjNnNE1EQkl8ZmFkNzgyMDdmNmNmMDg1MjQ1MzRhY2NjMGRiZGVlYmY5YjYzYjdkMDM5ZDExOWY5Y2UwMTQ3YmU0YTNlNWI0ZA,,,,,,,,https://static.bihr.pro/eBihr/Pictures/ART-pictures.zip,,Spain Warehouse (Parts)
1081867001,85445,ASC-115-GY,ART,"ART PEDAL OEM TYPE, SIL",Pedal de cambio ART - Honda gris,35.09,29.00,17.40,8430525854451,13,8714109090,0,1,,,VEHICLE PARTS & ACCESSORIES,ACCESSORIES,ACC. DESIGN PARTS,,,Plata,,844,100,202,116,36,,,,,,,,,,,,,,,,,,,,,,,,,,,,,,,,,,,,,,,,,,,,,,https://static.bihr.pro/eBihr/Pictures/ART-pictures.zip,,Spain Warehouse (Parts)
1081872001,8606,ASC-38,ART,"ART PEDAL OEM TYPE, SIL",Pedal de cambio ART - KTM gris,30.25,25.00,15.00,8430525086067,23,8714109090,0,1,,,VEHICLE PARTS & ACCESSORIES,ACCESSORIES,ACC. DESIGN PARTS,,,Plata,,773,92,122,198,32,,,,,,,,,,,,,,,,,,,,,,,,,,,,,,,,,,,,,,https://api.mybihr.com/medias/1081872001-1-800Wx800H?context=bWFzdGVyfHJvb3R8MTY3ODB8aW1hZ2UvanBlZ3xhREE0TDJobE5TOHhOVFF5TnpZNE1qY3pNREF4TkM4eE1EZ3hPRGN5TURBeExURmZPREF3VjNnNE1EQkl8Y2VmMGFlMmQ0ZGUxMjZjNTVlNThkMThiMGEzNjBlZTk5ZGFlNjEzYmIyYTk2MjEwNzI2ODFiMDkzN2ExZjk0OA,,,,,,,,https://static.bihr.pro/eBihr/Pictures/ART-pictures.zip,,Spain Warehouse (Parts)
1060959,87000225,LCF-MXK-G-RD,ART,ART MOUNT. KIT FOR FLEX LEVER RED,Kit reparación maneta de embrague ART Rojo,16.34,13.50,8.10,87000225,1,8714105000,0,1,"<html> <head> <meta http-equiv=""Content-Type"" content=""text/html; charset=utf-8""><title> </title> <style type=""text/css"">.cs95E872D0{text-align:left;margin:0pt 0pt 0pt 0pt;}.csA7555675{color:#000;background-color:transparent;font-weight:normal;font-style:normal;}.cs4FC7BF42{text-align:left;margin:0pt 0pt 0pt 0pt;list-style-type:disc;color:#000;background-color:transparent;font-weight:normal;font-style:normal;}</style> </head> <body> <p>Customize your ART levers with color screw kits!</p><p></p><p>Color available :</p><p></p><ul> <li>Alu : 87000230</li><li>Blue : 87000227</li><li>Black : 87000226</li><li>Orange : 87000228</li><li>Green : 87000229</li></ul> </body> </html>","       Customize your ART levers with color screw kits!Color available : Alu : 87000230Blue : 87000227Black : 87000226Orange : 87000228Green : 87000229  ",VEHICLE PARTS & ACCESSORIES,ACCESSORIES,ACC. DESIGN PARTS,,,,,144,24,76,86,22,,,,,,,,,,,,,,,,Rojo,,,,,,,,,,,,,,,,,,,,,,https://api.mybihr.com/medias/1060959-1-800Wx800H?context=bWFzdGVyfHJvb3R8MTQ1NjE5fGltYWdlL2pwZWd8YURJMEwyaGlNaTg0T1Rjek1ESTNNekV4TmpRMkx6RXdOakE1TlRrdE1WODRNREJYZURnd01FZ3w3YjRhNjNiZmQyNjIwMTY4NTNhYzdlMDk2ZGRmNDFmY2I0NmRiNmEwOGFlOGY2Mzg3NDA3NjNhMjIwNWQxYWJi,,,,,,,,https://static.bihr.pro/eBihr/Pictures/ART-pictures.zip,,Spain Warehouse (Parts)
1060939,87000244,MX7220-MX8262-GR,ART,ART LEVERS FOLDABLE GREEN SCREW,Juego de manetas articuladas ART Negro/Verde Kawasaki,98.45,81.36,48.82,87000244,1,8714105000,0,1,"<html> <head> <meta http-equiv=""Content-Type"" content=""text/html; charset=utf-8""><title> </title> <style type=""text/css"">.cs95E872D0{text-align:left;margin:0pt 0pt 0pt 0pt;}.csC57700C4{color:#000;background-color:transparent;font-weight:bold;font-style:normal;}.csA7555675{color:#000;background-color:transparent;font-weight:normal;font-style:normal;}.cs4FC7BF42{text-align:left;margin:0pt 0pt 0pt 0pt;list-style-type:disc;color:#000;background-color:transparent;font-weight:normal;font-style:normal;}.cs1C98BBCC{text-align:left;margin:0pt 0pt 0pt 0pt;list-style-type:circle;color:#000;background-color:transparent;font-weight:normal;font-style:normal;}</style> </head> <body> <p>ART Customizable foldable levers</p><p></p><ul> <li>Made from forged aluminum black anodized</li><li>Various colors available for the mounting kit and spare endpiece to custom fit your lever</li></ul> <p></p><p>Customize your foldable levers !</p><p></p><p>Replacement levers :</p><p></p><ul> <li>Clutch / Brake</li></ul> <p></p><ul> <ul> <li>Red: 87000213 / 87000219</li><li>Black : 87000214 / 87000220</li><li>Blue : 87000215 / 87000221</li><li>Orange : 87000216 / 87000222</li><li>Green : 87000217 / 87000223</li><li>Titanium : 87000218 / 87000224</li></ul> </ul> <p></p><p>Mounting kit, colored upper screw :</p><p></p><ul> <li>Clutch / Brake</li></ul> <p></p><ul> <ul> <li>Red : 87000225 / 87000231</li><li>Black : 87000226 / 87000232</li><li>Blue : 87000227 / 87000233</li><li>Orange : 87000228 / 87000234</li><li>Green : 87000229 / 87000235</li><li>Alu : 87000230 / 87000236</li></ul> </ul> </body> </html>","       ART Customizable foldable levers Made from forged aluminum black anodizedVarious colors available for the mounting kit and spare endpiece to custom fit your lever Customize your foldable levers !Replacement levers : Clutch / Brake   Red: 87000213 / 87000219Black : 87000214 / 87000220Blue : 87000215 / 87000221Orange : 87000216 / 87000222Green : 87000217 / 87000223Titanium : 87000218 / 87000224  Mounting kit, colored upper screw : Clutch / Brake   Red : 87000225 / 87000231Black : 87000226 / 87000232Blue : 87000227 / 87000233Orange : 87000228 / 87000234Green : 87000229 / 87000235Alu : 87000230 / 87000236   ",VEHICLE PARTS & ACCESSORIES,ACCESSORIES,ACC. DESIGN PARTS,,,,,1118,223,231,121,40,,,,,,,,,,,,,,,,Verde,,,,,,,,,,,,,,,,,,,,,,https://api.mybihr.com/medias/1060939-1-800Wx800H?context=bWFzdGVyfHJvb3R8MTA0MzU1fGltYWdlL2pwZWd8YURWbUwyaGpOeTg0T1Rjek1ERTVPRFF3TlRReUx6RXdOakE1TXprdE1WODRNREJYZURnd01FZ3w2YzRmYWNiNWEyMTIyNDM2M2U4ZTk5YjA4NzQ5OTI1Y2M5YjUxNDQ4MWVhY2U3NzBhODM3ZTY0NzkwMDNmYjk2,https://api.mybihr.com/medias/1060939-2-800Wx800H?context=bWFzdGVyfHJvb3R8OTU1MTR8aW1hZ2UvanBlZ3xhRGN5TDJnell5ODRPVGN6TURJd01ETTNNVFV3THpFd05qQTVNemt0TWw4NE1EQlhlRGd3TUVnfDI1NzNjYjQ5ZWNlYmI2YmE2MWM2NjJlZTk1YTlkNDQ5YzVjY2ZhMzVkMWEyZmNhMDM4NTliMDhjZjA1ZjY2YmY,https://api.mybihr.com/medias/1060939-3-800Wx800H?context=bWFzdGVyfHJvb3R8NzA2ODF8aW1hZ2UvanBlZ3xhR0V5TDJnek5TODRPVGN6TURJd01qTXpOelU0THpFd05qQTVNemt0TTE4NE1EQlhlRGd3TUVnfGY4MDkwNmNlNmQ0YjAwMmIwMjA4ZGFlZjg0MzI3NWM4MzhlZmQ5ZTVlMTdiZGQ4OGNmMDU4M2NkYzM1YWEyMGQ,,,,,,https://static.bihr.pro/eBihr/Pictures/ART-pictures.zip,,Spain Warehouse (Parts)
1060955,87000226,LCF-MXK-G-BK,ART,ART MOUNT. KIT FOR FLEX LEVER BLACK,Kit reparación maneta de embrague ART Negro,16.12,13.32,7.99,87000226,1,8714105000,0,1,"<html> <head> <meta http-equiv=""Content-Type"" content=""text/html; charset=utf-8""><title> </title> <style type=""text/css"">.cs95E872D0{text-align:left;margin:0pt 0pt 0pt 0pt;}.csA7555675{color:#000;background-color:transparent;font-weight:normal;font-style:normal;}.cs4FC7BF42{text-align:left;margin:0pt 0pt 0pt 0pt;list-style-type:disc;color:#000;background-color:transparent;font-weight:normal;font-style:normal;}</style> </head> <body> <p>Customize your ART levers with color screw kits!</p><p></p><p>Color available :</p><p></p><ul> <li>Alu : 87000230</li><li>Blue : 87000227</li><li>Orange : 87000228</li><li>Red : 87000225</li><li>Green : 87000229</li></ul> </body> </html>","       Customize your ART levers with color screw kits!Color available : Alu : 87000230Blue : 87000227Orange : 87000228Red : 87000225Green : 87000229  ",VEHICLE PARTS & ACCESSORIES,ACCESSORIES,ACC. DESIGN PARTS,,,,,139,25,62,83,27,,,,,,,,,,,,,,,,Negro,,,,,,,,,,,,,,,,,,,,,,https://api.mybihr.com/medias/1060955-1-800Wx800H?context=bWFzdGVyfHJvb3R8MTQyNTUwfGltYWdlL2pwZWd8YURSaUwyZzBaaTg0T1Rjek1ESTJOVEkxTWpFMEx6RXdOakE1TlRVdE1WODRNREJYZURnd01FZ3wyOWIwNjI2Y2ZmMmVmOGFhMjU1M2MzOGQ0YjcwOGE5YTA0YjViN2E4Yjg2NzM4YzQyNmQ5ZTRiZDg5YTcyNWQ3,,,,,,,,https://static.bihr.pro/eBihr/Pictures/ART-pictures.zip,,Spain Warehouse (Parts)
1073474,83391,ASOT-335-PINKFLUOR,ART,ART SPOKE SKIN KIT 21/18-19 PINK,Fundas para radios ART rosa fluorescente,21.78,18.00,10.80,8430525833913,18,8708109090,0,1,Para las dos ruedas.,Para las dos ruedas.,VEHICLE PARTS & ACCESSORIES,ACCESSORIES,ACC. DESIGN PARTS,,,,,1715,272,305,152,37,,,,,,,,,,,,,,,,Rosa,,,,,,,,,,,,,,,,,,,,,,https://api.mybihr.com/medias/1073474-1-800Wx800H?context=bWFzdGVyfHJvb3R8NDMxNjd8aW1hZ2UvanBlZ3xhRE5qTDJoaU5TODRPVGMyTVRnNU5EZzVNVGd5THpFd056TTBOelF0TVY4NE1EQlhlRGd3TUVnfDMxMDU0MTk2YWYwM2ZiOTM1Y2VmZWQxZWQxMjkwZTU0NWEzM2Y4MzY4Mzk2YmQxMDViMmZmNDM0NDkzOTFmOTk,,,,,,,,https://static.bihr.pro/eBihr/Pictures/ART-pictures.zip,,Spain Warehouse (Parts)
1060898,87000186,LCF-MXU-MX7160-BL,ART,ART LEVER CLUTCH BLACK,Maneta de embrague articulada ART Negro/Azúl Suzuki,52.27,43.20,25.92,87000186,1,8714105000,0,1,"<html> <head> <meta http-equiv=""Content-Type"" content=""text/html; charset=utf-8""><title> </title> <style type=""text/css"">.cs95E872D0{text-align:left;margin:0pt 0pt 0pt 0pt;}.csC57700C4{color:#000;background-color:transparent;font-weight:bold;font-style:normal;}.cs4FC7BF42{text-align:left;margin:0pt 0pt 0pt 0pt;list-style-type:disc;color:#000;background-color:transparent;font-weight:normal;font-style:normal;}.csA7555675{color:#000;background-color:transparent;font-weight:normal;font-style:normal;}.cs6FE56D2{text-align:left;margin:0pt 0pt 0pt 36pt;}.cs1C98BBCC{text-align:left;margin:0pt 0pt 0pt 0pt;list-style-type:circle;color:#000;background-color:transparent;font-weight:normal;font-style:normal;}</style> </head> <body> <p>ART Customizable foldable lever</p><p></p><ul> <li>Made from forged aluminum black anodized </li><li>Various colors available for the mounting kit and spare endpiece to custom fit your lever</li></ul> <p></p><p>Customize your foldable levers ! </p><p></p><p>Replacement levers :</p><p></p><ul> <li>Clutch / Brake </li></ul> <p></p><ul> <ul> <li>Red: 87000213 / 87000219</li><li>Black : 87000214 / 87000220</li><li>Blue : 87000215 / 87000221</li><li>Orange : 87000216 / 87000222</li><li>Green : 87000217 / 87000223</li><li>Titanium : 87000218 / 87000224</li></ul> </ul> <p></p><p>Mounting kit, colored upper screw :</p><p></p><ul> <li>Clutch / Brake</li></ul> <p></p><ul> <ul> <li>Red : 87000225 / 87000231</li><li>Black : 87000226 / 87000232</li><li>Blue : 87000227 / 87000233</li><li>Orange : 87000228 / 87000234</li><li>Green : 87000229 / 87000235</li><li>Alu : 87000230 / 87000236</li></ul> </ul> </body> </html>","       ART Customizable foldable lever Made from forged aluminum black anodized Various colors available for the mounting kit and spare endpiece to custom fit your lever Customize your foldable levers ! Replacement levers : Clutch / Brake    Red: 87000213 / 87000219Black : 87000214 / 87000220Blue : 87000215 / 87000221Orange : 87000216 / 87000222Green : 87000217 / 87000223Titanium : 87000218 / 87000224  Mounting kit, colored upper screw : Clutch / Brake   Red : 87000225 / 87000231Black : 87000226 / 87000232Blue : 87000227 / 87000233Orange : 87000228 / 87000234Green : 87000229 / 87000235Alu : 87000230 / 87000236   ",VEHICLE PARTS & ACCESSORIES,ACCESSORIES,ACC. DESIGN PARTS,,,,,567,104,165,101,34,,,,,,,,,,,,,,,,Negro,,,,,,,,,,,,,,,,,,,,,,https://api.mybihr.com/medias/1060898-1-800Wx800H?context=bWFzdGVyfHJvb3R8OTUwMTV8aW1hZ2UvanBlZ3xhRFF5TDJnNVlpODRPVGN6TURBek1USTRPRFl5THpFd05qQTRPVGd0TVY4NE1EQlhlRGd3TUVnfGE0NzU4NzA3MWRmMDEyZTY5MmU0YjFhNmVlZGZkMzYyMzg1ODFjNmI3YTE0ZGVkODQ2OWI0YzBkMDMxYjNlN2E,https://api.mybihr.com/medias/1060898-2-800Wx800H?context=bWFzdGVyfHJvb3R8NzA3Mjd8aW1hZ2UvanBlZ3xhRGN5TDJnNU5DODRPVGN6TURBek16STFORGN3THpFd05qQTRPVGd0TWw4NE1EQlhlRGd3TUVnfDc2MDliZmM3M2VjMWM3ZjU1M2UyMmI3OTI2MzQyMmQwMzJjODFjOGJiMTMxMDcwOGUzOGE4NzU1YTlkNjI2YzU,,,,,,,https://static.bihr.pro/eBihr/Pictures/ART-pictures.zip,,Spain Warehouse (Parts)
1073460,83385,ASOT-335-GREEN,ART,ART SPOKE SKIN KIT 21/18-19 GREEN,Fundas para radios ART verde,21.78,18.00,10.80,8430525833852,54,8708109090,0,1,Para las dos ruedas.,Para las dos ruedas.,VEHICLE PARTS & ACCESSORIES,ACCESSORIES,ACC. DESIGN PARTS,,,,,1588,278,298,144,37,,,,,,,,,,,,,,,,Verde,,,,,,,,,,,,,,,,,,,,,,https://api.mybihr.com/medias/1073460-1-800Wx800H?context=bWFzdGVyfHJvb3R8Mzk2MjV8aW1hZ2UvanBlZ3xhREl5TDJoaVl5ODRPVGMyTVRnME56Y3dOVGt3THpFd056TTBOakF0TVY4NE1EQlhlRGd3TUVnfGJhMjFiNDE5MjY0ZDUzZDFiZjY5MjNjYzg5MWY5YjE2ZWVkNjdmMjNhNzg3N2M4NjRjMzBhMGFmMDRhZDQwMzA,,,,,,,,https://static.bihr.pro/eBihr/Pictures/ART-pictures.zip,,Spain Warehouse (Parts)
1081087001,,AFC-407-T3-BK,ART,"ART TANK CAP ALLOY ATV, BLK",ART Fuel Tank Cap Aluminium Black ATV,29.14,24.08,14.45,AFC-407-T3-BK,0,8714109090,0,1,<p>100% billet alloy fuel caps.</p> <ul> <li>Anodised</li> <li>Includes breather pipe</li></ul>,"
100% billet alloy fuel caps.  Anodised Includes breather pipe",VEHICLE PARTS & ACCESSORIES,ACCESSORIES,ACC. DESIGN PARTS,,,Negro,,284,150,105,90,30,,,,,,,,,,,,,,,,Negro,,Aluminio,,,,,,,,,,,,,,,,,,,,https://api.mybihr.com/medias/1081087001-1-800Wx800H?context=bWFzdGVyfHJvb3R8MzM1MDZ8aW1hZ2UvanBlZ3xhR1JpTDJobU1TODRPVFkzTlRRek5EZzROVFF5THpFd09ERXdPRGN3TURFdE1WODRNREJYZURnd01FZ3xkOWQ5ZjY1NTcxNjk2MjIyYWUxMmQxYTBjOTY5NjgzZTdiYzY3NGZlYzA3MTliYjNlN2RlOGU0Yzk1YjhkZDFm,,,,,,,,https://static.bihr.pro/eBihr/Pictures/ART-pictures.zip,,Spain Warehouse (Parts)
1081755002,38055,ASF-02-GR,ART,"ART FOOT PEGS, GRN",Estriberas Off Road verde Kawasaki,127.05,105.00,63.00,8430525380554,7,8714109090,0,1,,,VEHICLE PARTS & ACCESSORIES,ACCESSORIES,ACC. DESIGN PARTS,,,Verde,,1231,320,148,198,42,,,,,,,,,,,,,,,,,,,,,,,,,,,,,,,,,,,,,,https://api.mybihr.com/medias/1081755002-1-800Wx800H?context=bWFzdGVyfHJvb3R8NjI0NzB8aW1hZ2UvanBlZ3xhRGxrTDJnMU9TOHhOVFF5TnpZME56STNOVEF6T0M4eE1EZ3hOelUxTURBeUxURmZPREF3VjNnNE1EQkl8ZDI5NTI1MWMwZmExYmFmOWY5NDI0NmVjM2EzZTM4NzNmYmNkN2Q2MjMxZDVjZDc0ZjA5NDhjZWRhYjEwMzllNw,,,,,,,,https://static.bihr.pro/eBihr/Pictures/ART-pictures.zip,,Spain Warehouse (Parts)
1081921001,45374,ASK-106-BK,ART,"ART KICK START, BLK",Pedal de arranque ART - Honda negro,116.16,96.00,57.60,8430525453746,1,8714109090,0,1,,,VEHICLE PARTS & ACCESSORIES,ACCESSORIES,ACC. DESIGN PARTS,,,Negro,,2152,300,132,286,57,,,,,,,,,,,,,,,,,,,,,,,,,,,,,,,,,,,,,,https://api.mybihr.com/medias/1081921001-1-800Wx800H?context=bWFzdGVyfHJvb3R8MjI2Njl8aW1hZ2UvanBlZ3xhREJpTDJneE9DOHhOVFF5TnpZNU9EQTJOVFF6T0M4eE1EZ3hPVEl4TURBeExURmZPREF3VjNnNE1EQkl8NGYxNzBlOWQ1Njc5ZmQ0NTBiMDY1MTg5ZDkzYzcwZmMyZWYyZWE4ZmI2OGVmMGI4MTQ5NjcxNGI4ZDI0NDUyMw,,,,,,,,https://static.bihr.pro/eBihr/Pictures/ART-pictures.zip,,Spain Warehouse (Parts)
1081922001,45375,ASK-107-BK,ART,"ART KICK START, BLK",Pedal de arranque ART - Kawasaki negro,110.11,91.00,54.60,8430525453753,9,8714109090,0,1,,,VEHICLE PARTS & ACCESSORIES,ACCESSORIES,ACC. DESIGN PARTS,,,Negro,,2445,384,132,325,57,,,,,,,,,,,,,,,,,,,,,,,,,,,,,,,,,,,,,,https://api.mybihr.com/medias/1081922001-1-800Wx800H?context=bWFzdGVyfHJvb3R8MjU5MjR8aW1hZ2UvanBlZ3xhRGs0TDJneU5TOHhOVFF5TnpZNU9EUTFPRFkxTkM4eE1EZ3hPVEl5TURBeExURmZPREF3VjNnNE1EQkl8OWEwZGFjM2JhMzUyNjUzNTFhOTk0NmNhOTYzM2FjNmZmOWYyOGQ2NTQ2ODRlY2U1NDJmZTNhMDA4MjMxOGU5ZA,,,,,,,,https://static.bihr.pro/eBihr/Pictures/ART-pictures.zip,,Spain Warehouse (Parts)
1081756002,38048,ASF-04-BL,ART,"ART FOOT PEGS, BLU",Estriberas Off Road azul Yamaha,127.05,105.00,63.00,8430525380486,1,8714109090,0,1,,,VEHICLE PARTS & ACCESSORIES,ACCESSORIES,ACC. DESIGN PARTS,,,Azul,,1231,342,148,198,42,,,,,,,,,,,,,,,,,,,,,,,,,,,,,,,,,,,,,,https://api.mybihr.com/medias/1081756002-1-800Wx800H?context=bWFzdGVyfHJvb3R8NjE1MDh8aW1hZ2UvanBlZ3xhR001TDJneE5pOHhOVFF5TnpZME9EUTFORFk0Tmk4eE1EZ3hOelUyTURBeUxURmZPREF3VjNnNE1EQkl8ZDEyM2QzZmIyYzliZmE1OGExN2E1MjNiNmUzY2ZjM2ZmOWExMmZiNzVhM2FjNjY5NDgxNmQ4ZjNhOTEwM2NmZA,,,,,,,,https://static.bihr.pro/eBihr/Pictures/ART-pictures.zip,,Spain Warehouse (Parts)
1081756001,38051,ASF-04-BK,ART,"ART FOOT PEGS, BLK",Estriberas Off Road negro Gas Gas Yamaha,127.05,105.00,63.00,8430525380516,4,8714109090,0,1,,,VEHICLE PARTS & ACCESSORIES,ACCESSORIES,ACC. DESIGN PARTS,,,Negro,,1237,342,148,199,42,,,,,,,,,,,,,,,,,,,,,,,,,,,,,,,,,,,,,,https://api.mybihr.com/medias/1081756001-1-800Wx800H?context=bWFzdGVyfHJvb3R8NTE2OTB8aW1hZ2UvanBlZ3xhRE5pTDJnd09TOHhOVFF5TnpZME9EQTJNVFEzTUM4eE1EZ3hOelUyTURBeExURmZPREF3VjNnNE1EQkl8M2U1NTczMjBiM2RhZGJmMWU3MzE5YmQxYTg2NzE2Y2I0YmQwNTVhOWRkMzNiMjkwY2RhNjhkMGNlODQ4ZGUyNA,,,,,,,,https://static.bihr.pro/eBihr/Pictures/ART-pictures.zip,,Spain Warehouse (Parts)
1081756003,38050,ASF-04-GY,ART,"ART FOOT PEGS, GRY",Estriberas Off Road gris Gas Gas Yamaha,123.42,102.00,61.20,8430525380509,3,8714109090,0,1,,,VEHICLE PARTS & ACCESSORIES,ACCESSORIES,ACC. DESIGN PARTS,,,Gris,,1260,342,148,198,43,,,,,,,,,,,,,,,,,,,,,,,,,,,,,,,,,,,,,,https://api.mybihr.com/medias/1081756003-1-800Wx800H?context=bWFzdGVyfHJvb3R8NDkwNjR8aW1hZ2UvanBlZ3xhRFUyTDJneU5DOHhOVFF5TnpZME9EZzBOemt3TWk4eE1EZ3hOelUyTURBekxURmZPREF3VjNnNE1EQkl8ZWYxMzcyMTA1MzZiYTExMTUyZWQzMmUxODM5ZmNkNzRmZTdkZGJiYmVjNTdkYjVhOGM5M2FjY2NmZDBmZGMyMg,,,,,,,,https://static.bihr.pro/eBihr/Pictures/ART-pictures.zip,,Spain Warehouse (Parts)
1081757005,38042,ASF-05-RD,ART,"ART FOOT PEGS, RED",Estriberas Off Road rojo Beta,127.05,105.00,63.00,8430525380424,6,8714109090,0,1,,,VEHICLE PARTS & ACCESSORIES,ACCESSORIES,ACC. DESIGN PARTS,,,Rojo,,1366,332,150,198,46,,,,,,,,,,,,,,,,,,,,,,,,,,,,,,,,,,,,,,https://api.mybihr.com/medias/1081757005-1-800Wx800H?context=bWFzdGVyfHJvb3R8NTQ0NDF8aW1hZ2UvanBlZ3xhR0V6TDJnMVlTOHhOVFF5TnpZMU1EZ3hNems0TWk4eE1EZ3hOelUzTURBMUxURmZPREF3VjNnNE1EQkl8ZDFlNmE3Zjc1OWViMTQ3NTU3MDA4MzY2Y2RjNTIyZGY2MjExNzg5YzJhODkzM2IyNWE5NDExMjRkMzNkZDBlMw,,,,,,,,https://static.bihr.pro/eBihr/Pictures/ART-pictures.zip,,Spain Warehouse (Parts)
1081757002,38043,ASF-05-BL,ART,"ART FOOT PEGS, BLU",Estriberas Off Road azul Husqvarna 14-15 Husaberg Sherco,127.05,105.00,63.00,8430525380431,6,8714109090,0,1,,,VEHICLE PARTS & ACCESSORIES,ACCESSORIES,ACC. DESIGN PARTS,,,Azul,,1231,334,148,198,42,,,,,,,,,,,,,,,,,,,,,,,,,,,,,,,,,,,,,,https://api.mybihr.com/medias/1081757002-1-800Wx800H?context=bWFzdGVyfHJvb3R8NTY5OTN8aW1hZ2UvanBlZ3xhRE13TDJnNE55OHhOVFF5TnpZME9UWXpORE16TkM4eE1EZ3hOelUzTURBeUxURmZPREF3VjNnNE1EQkl8ZTEyNDhlZWRiYmVjM2UxNDEwZmNhNWY1OTE0MDZmYTJhOTRlNjIzYjRjNjBjOTUzMzczZWVlN2EwMTc0MzBmNA,,,,,,,,https://static.bihr.pro/eBihr/Pictures/ART-pictures.zip,,Spain Warehouse (Parts)
1081757003,38041,ASF-05-GY,ART,"ART FOOT PEGS, GRY",Estriberas Off Road gris Ktm Husqvarna 14-15 Husaberg Sherco Beta,117.37,97.00,58.20,8430525380417,5,8714109090,0,1,,,VEHICLE PARTS & ACCESSORIES,ACCESSORIES,ACC. DESIGN PARTS,,,Gris,,1289,336,148,198,44,,,,,,,,,,,,,,,,,,,,,,,,,,,,,,,,,,,,,,https://api.mybihr.com/medias/1081757003-1-800Wx800H?context=bWFzdGVyfHJvb3R8NDkyOTl8aW1hZ2UvanBlZ3xhR1F3TDJnM05TOHhOVFF5TnpZMU1EQXlOelUxTUM4eE1EZ3hOelUzTURBekxURmZPREF3VjNnNE1EQkl8ZTYxZTY5MWFjYTBlZGZkNThjODJmNTgyOWNhYTU0ZmI2ZjY1MjA5OTQ1YjIzN2E3M2U5MDY4M2M3ZmFiODZkZg,,,,,,,,https://static.bihr.pro/eBihr/Pictures/ART-pictures.zip,,Spain Warehouse (Parts)
1081757001,38039,ASF-05-BK,ART,"ART FOOT PEGS, BLK",Estriberas Off Road negro Ktm Husqvarna 14-15 Husaberg Sherco Beta,127.05,105.00,63.00,8430525380394,11,8714109090,0,1,,,VEHICLE PARTS & ACCESSORIES,ACCESSORIES,ACC. DESIGN PARTS,,,Negro,,1281,332,147,198,44,,,,,,,,,,,,,,,,,,,,,,,,,,,,,,,,,,,,,,https://api.mybihr.com/medias/1081757001-1-800Wx800H?context=bWFzdGVyfHJvb3R8NTc1OTV8aW1hZ2UvanBlZ3xhR0V6TDJnM09TOHhOVFF5TnpZME9USTBNVEV4T0M4eE1EZ3hOelUzTURBeExURmZPREF3VjNnNE1EQkl8M2JmOWFiOTFmZGQ1YmE4OGRmNjE4M2VjZDA2NTliYzk3MWE2MzI2ZDA3ZGVhYzZiZjg3N2U5MTFmMGY5OTY1Mg,,,,,,,,https://static.bihr.pro/eBihr/Pictures/ART-pictures.zip,,Spain Warehouse (Parts)
1081757004,38040,ASF-05-OR,ART,"ART FOOT PEGS, ORG",Estriberas Off Road naranja Ktm,127.05,105.00,63.00,8430525380400,6,8714109090,0,1,,,VEHICLE PARTS & ACCESSORIES,ACCESSORIES,ACC. DESIGN PARTS,,,Naranja,,1231,332,148,198,42,,,,,,,,,,,,,,,,,,,,,,,,,,,,,,,,,,,,,,https://api.mybihr.com/medias/1081757004-1-800Wx800H?context=bWFzdGVyfHJvb3R8NjY3NzJ8aW1hZ2UvanBlZ3xhRE13TDJnMk9DOHhOVFF5TnpZMU1EUXlNRGMyTmk4eE1EZ3hOelUzTURBMExURmZPREF3VjNnNE1EQkl8N2JkYjg1MGM5M2MyYWY2MTYyMGI4NDI4ODNiNmQ1YTQzYTk4MmQ1NjBjNDI1NWEwZDUzOTU4ZDQ4ZDEzYTNkNQ,,,,,,,,https://static.bihr.pro/eBihr/Pictures/ART-pictures.zip,,Spain Warehouse (Parts)
1081760001,89525,ASF-19-BK,ART,"ART FOOT PEGS, BLK",Estriberas off road KTM/Husqvarna negro,128.26,106.00,63.60,8430525895256,1,8714109090,0,1,,,VEHICLE PARTS & ACCESSORIES,ACCESSORIES,ACC. DESIGN PARTS,,,Negro,,1231,310,198,148,42,,,,,,,,,,,,,,,,,,,,,,,,,,,,,,,,,,,,,,https://api.mybihr.com/medias/1081760001-1-800Wx800H?context=bWFzdGVyfHJvb3R8NjEzMzJ8aW1hZ2UvanBlZ3xhR0ZrTDJnMk9DOHhOVFF5TnpZMU1qTTROamcwTmk4eE1EZ3hOell3TURBeExURmZPREF3VjNnNE1EQkl8OGRkN2I0MjNhMzc5MDg0YTRiMDk5N2ZhOWIxMzExMDg2NTY2YjFjMjQzYjgwMTE5MmRjZjYwMDk0NDhkMzc4ZA,,,,,,,,https://static.bihr.pro/eBihr/Pictures/ART-pictures.zip,,Spain Warehouse (Parts)
1081760003,89524,ASF-19-GY,ART,"ART FOOT PEGS, GRY",Estriberas off road KTM/Husqvarna gris,128.26,106.00,63.60,8430525895249,2,8714109090,0,1,,,VEHICLE PARTS & ACCESSORIES,ACCESSORIES,ACC. DESIGN PARTS,,,Gris,,1339,310,198,147,46,,,,,,,,,,,,,,,,,,,,,,,,,,,,,,,,,,,,,,https://api.mybihr.com/medias/1081760003-1-800Wx800H?context=bWFzdGVyfHJvb3R8NTI2ODJ8aW1hZ2UvanBlZ3xhRGczTDJoallpOHhOVFF5TnpZMU16RTNNekkzT0M4eE1EZ3hOell3TURBekxURmZPREF3VjNnNE1EQkl8ZTFhZjllOGMzM2YwOTNjNzBiYTUwMTdhMDk3YjViMTM3OWU1ZWU5YTAyOGJmMzcxY2IxNzlkNTc0YjQxMGJlMQ,,,,,,,,https://static.bihr.pro/eBihr/Pictures/ART-pictures.zip,,Spain Warehouse (Parts)
1081760002,89527,ASF-19-BL,ART,"ART FOOT PEGS, BLU",Estriberas off road KTM/Husqvarna azul,121.00,100.00,60.00,8430525895270,2,8714109090,0,1,,,VEHICLE PARTS & ACCESSORIES,ACCESSORIES,ACC. DESIGN PARTS,,,Azul,,1258,312,199,147,43,,,,,,,,,,,,,,,,,,,,,,,,,,,,,,,,,,,,,,https://api.mybihr.com/medias/1081760002-1-800Wx800H?context=bWFzdGVyfHJvb3R8NzYyNTh8aW1hZ2UvanBlZ3xhRFJsTDJnM05pOHhOVFF5TnpZMU1qYzRNREEyTWk4eE1EZ3hOell3TURBeUxURmZPREF3VjNnNE1EQkl8YzY2MDFkNjYyOTMyNGJjMTM4NTBmMjlhZjk0MjRlMDBlYzRhYzc3ODA1M2E2NTFkN2E0ODVkNjA2MzkxODQzMA,,,,,,,,https://static.bihr.pro/eBihr/Pictures/ART-pictures.zip,,Spain Warehouse (Parts)
1081760004,89526,ASF-19-OR,ART,"ART FOOT PEGS, ORG",Estriberas off road KTM naranja,125.84,104.00,62.40,8430525895263,5,8714109090,0,1,,,VEHICLE PARTS & ACCESSORIES,ACCESSORIES,ACC. DESIGN PARTS,,,Naranja,,1123,316,200,156,36,,,,,,,,,,,,,,,,,,,,,,,,,,,,,,,,,,,,,,https://api.mybihr.com/medias/1081760004-1-800Wx800H?context=bWFzdGVyfHJvb3R8NzU2NTd8aW1hZ2UvanBlZ3xhREUwTDJoa09TOHhOVFF5TnpZMU16VTJOalE1TkM4eE1EZ3hOell3TURBMExURmZPREF3VjNnNE1EQkl8NDY4ZTRiMDcwYTcwNTY3ZGRkNjg1Y2JmN2I3ZDFmZGQ3OTczNjM1NDNmODlhMjZiMDc0Y2VlNTVmZDQ0ODE2OQ,,,,,,,,https://static.bihr.pro/eBihr/Pictures/ART-pictures.zip,,Spain Warehouse (Parts)
1081923001,45376,ASK-108-BK,ART,"ART KICK START, BLK",Pedal de arranque ART - Kawasaki negro,117.37,97.00,58.20,8430525453760,10,8714109090,0,1,,,VEHICLE PARTS & ACCESSORIES,ACCESSORIES,ACC. DESIGN PARTS,,,Negro,,1755,342,134,291,45,,,,,,,,,,,,,,,,,,,,,,,,,,,,,,,,,,,,,,https://api.mybihr.com/medias/1081923001-1-800Wx800H?context=bWFzdGVyfHJvb3R8MjM1MDR8aW1hZ2UvanBlZ3xhRE00TDJnek15OHhOVFF5TnpZNU9EZzFNVGczTUM4eE1EZ3hPVEl6TURBeExURmZPREF3VjNnNE1EQkl8YTEyY2QwYWIzZTllYTUyMDJkZjVlMDc5NDhmY2MxZGEzNDZkNTMxMjJjNDRlNDA4YWZhN2FiNjgyYTYyYTI0YQ,,,,,,,,https://static.bihr.pro/eBihr/Pictures/ART-pictures.zip,,Spain Warehouse (Parts)
1081926001,45378,ASK-110-BK,ART,"ART KICK START, BLK",Pedal de arranque ART - Yamaha negro,110.11,91.00,54.60,8430525453784,6,8714109090,0,1,<strong>Øint:</strong> 17,Øint: 17,VEHICLE PARTS & ACCESSORIES,ACCESSORIES,ACC. DESIGN PARTS,,,Negro,,1224,296,115,304,35,,,,,,,,,,,,,,,,,,,,,,,,,,,,,,,,,,,,,,https://api.mybihr.com/medias/1081926001-1-800Wx800H?context=bWFzdGVyfHJvb3R8MjE3NjF8aW1hZ2UvanBlZ3xhRGN5TDJnNE9DOHhOVFF5TnpZNU9USTBOVEE0Tmk4eE1EZ3hPVEkyTURBeExURmZPREF3VjNnNE1EQkl8NTNiMzEyYmY2Njg2YzU4YmIxMThlMDRmN2E0MWVkOTU5NTg0MzBmNGUzMmQ2ZTk4ZjFjYTgzNjMxZWVjZDRhNA,,,,,,,,https://static.bihr.pro/eBihr/Pictures/ART-pictures.zip,,Spain Warehouse (Parts)
1081930002,45394,ASK-116-OR,ART,"ART KICK START, ORG",Pedal de arranque ART - KTM Naranja,119.79,99.00,59.40,8430525453944,3,8714109090,0,1,,,VEHICLE PARTS & ACCESSORIES,ACCESSORIES,ACC. DESIGN PARTS,,,Naranja,,1102,224,133,218,38,,,,,,,,,,,,,,,,,,,,,,,,,,,,,,,,,,,,,,https://api.mybihr.com/medias/1081930002-1-800Wx800H?context=bWFzdGVyfHJvb3R8MzI0ODV8aW1hZ2UvanBlZ3xhREE0TDJoa1pTOHhOVFF5Tnpjd01UWXdORE00TWk4eE1EZ3hPVE13TURBeUxURmZPREF3VjNnNE1EQkl8ZjMyM2ZmM2UzMGM3MDZhMWUyZjMxYTM0ODA4ZDY4NTcyZDc5NWEzODBjNDNmNGVlNjkwOTQxMTc5NDc5NGZkMQ,,,,,,,,https://static.bihr.pro/eBihr/Pictures/ART-pictures.zip,,Spain Warehouse (Parts)
1081930001,45372,ASK-116-GY,ART,"ART KICK START, SIL",Pedal de arranque ART - KTM Gris,110.11,91.00,54.60,8430525453722,43,8714109090,0,1,,,VEHICLE PARTS & ACCESSORIES,ACCESSORIES,ACC. DESIGN PARTS,,,Plata,,1266,236,133,207,46,,,,,,,,,,,,,,,,,,,,,,,,,,,,,,,,,,,,,,https://api.mybihr.com/medias/1081930001-1-800Wx800H?context=bWFzdGVyfHJvb3R8MjM4MDd8aW1hZ2UvanBlZ3xhRGsxTDJobFlpOHhOVFF5Tnpjd01USXhNVEUyTmk4eE1EZ3hPVE13TURBeExURmZPREF3VjNnNE1EQkl8YjNhMzM3ZmMwODg3MGFkZDllNTA0YTJhODRhMDlkMTYzMzU5MTMwMzgyYzZkZjVjYWJjZjNmZDRlMzdiOTFiNg,,,,,,,,https://static.bihr.pro/eBihr/Pictures/ART-pictures.zip,,Spain Warehouse (Parts)
1081934001,89508,ASK-122-GY,ART,"ART KICK START, SIL",Pedal de arranque ART - Yamaha gris,131.89,109.00,65.40,8430525895089,7,8714109090,0,1,,,VEHICLE PARTS & ACCESSORIES,ACCESSORIES,ACC. DESIGN PARTS,,,Plata,,1630,322,299,133,41,,,,,,,,,,,,,,,,,,,,,,,,,,,,,,,,,,,,,,https://api.mybihr.com/medias/1081934001-1-800Wx800H?context=bWFzdGVyfHJvb3R8MTk5ODR8aW1hZ2UvanBlZ3xhREUzTDJnd1pDOHhOVFF5Tnpjd016VTNNRFEyTWk4eE1EZ3hPVE0wTURBeExURmZPREF3VjNnNE1EQkl8NGI2Y2FiMzVkNjVlMWM0MmYxNDI1NWRlNWExM2MzOTQ0MzMwMTc0NDAxZjgyMjU0MDViYzhlNzM4NzNiMTA1Ng,,,,,,,,https://static.bihr.pro/eBihr/Pictures/ART-pictures.zip,,Spain Warehouse (Parts)
1081920001,45373,ASK-105-BK,ART,"ART KICK START, BLK",Pedal de arranque ART - Honda negro,117.37,97.00,58.20,8430525453739,4,8714109090,0,1,,,VEHICLE PARTS & ACCESSORIES,ACCESSORIES,ACC. DESIGN PARTS,,,Negro,,2372,302,138,337,51,,,,,,,,,,,,,,,,,,,,,,,,,,,,,,,,,,,,,,https://api.mybihr.com/medias/1081920001-1-800Wx800H?context=bWFzdGVyfHJvb3R8MjY0MzB8aW1hZ2UvanBlZ3xhREprTDJnelpDOHhOVFF5TnpZNU56WTNNakl5TWk4eE1EZ3hPVEl3TURBeExURmZPREF3VjNnNE1EQkl8MzM5M2M4ZThlYjJkY2EwZWE5NjVmOTZmMDUyOGIxOTAxYTkyNjY5NTNmZDljZmIyMGE1ZGUyNjgzNjMyZjEzMw,,,,,,,,https://static.bihr.pro/eBihr/Pictures/ART-pictures.zip,,Spain Warehouse (Parts)
1081929001,45393,ASK-115-OR,ART,"ART KICK START, ORG",Pedal de arranque ART - KTM Naranja,123.42,102.00,61.20,8430525453937,5,8714109090,0,1,,,VEHICLE PARTS & ACCESSORIES,ACCESSORIES,ACC. DESIGN PARTS,,,Naranja,,983,224,123,216,37,,,,,,,,,,,,,,,,,,,,,,,,,,,,,,,,,,,,,,https://api.mybihr.com/medias/1081929001-1-800Wx800H?context=bWFzdGVyfHJvb3R8MjgyMDF8aW1hZ2UvanBlZ3xhREZrTDJoaVppOHhOVFF5Tnpjd01EZ3hOemsxTUM4eE1EZ3hPVEk1TURBeExURmZPREF3VjNnNE1EQkl8OWNlMmZlOGJiYjJjM2VlOTcxNTk2NDFjN2EyOGEyZThhMzAwMjRiODZlYjU0ODYwMGZhMjExMzk2NWMzMzY0Yg,,,,,,,,https://static.bihr.pro/eBihr/Pictures/ART-pictures.zip,,Spain Warehouse (Parts)
1081931002,89518,ASK-117-OR,ART,"ART KICK START, ORG",Pedal de arranque ART - KTM naranja,124.63,103.00,61.80,8430525895188,10,8714109090,0,1,,,VEHICLE PARTS & ACCESSORIES,ACCESSORIES,ACC. DESIGN PARTS,,,Naranja,,1259,170,304,109,38,,,,,,,,,,,,,,,,,,,,,,,,,,,,,,,,,,,,,,https://api.mybihr.com/medias/1081931002-1-800Wx800H?context=bWFzdGVyfHJvb3R8MzA0MTJ8aW1hZ2UvanBlZ3xhRGRsTDJnM1pDOHhOVFF5Tnpjd01qTTVNRGd4TkM4eE1EZ3hPVE14TURBeUxURmZPREF3VjNnNE1EQkl8NmQwOTkxYWNiY2U3NGQ1ZjQwMjNlYzAxM2YyM2VhZTc1YTBkYjA1MjA5YjdmYjlhNTU0MWE0Mjc4YmZjMWIzYg,,,,,,,,https://static.bihr.pro/eBihr/Pictures/ART-pictures.zip,,Spain Warehouse (Parts)
1085903002,89538,ASLC-11-BL,ART,"ART REPLC. TIP BRAKE PEDAL, BLU",Sistema de salida rápida V PARTS azul Husqvarna,54.45,45.00,27.00,8430525895386,2,8714109090,0,1,,,VEHICLE PARTS & ACCESSORIES,ACCESSORIES,ACC. DESIGN PARTS,,,Azul,,461,74,134,93,37,,,,,,,,,,,,,,,,,,,,,,,,,,,,,,,,,,,,,,https://api.mybihr.com/medias/1085903002-1-800Wx800H?context=bWFzdGVyfHJvb3R8NDUwMDF8aW1hZ2UvanBlZ3xhRGt4TDJnNU5DOHhOVFF5Tnprek1ESTFPVFE0Tmk4eE1EZzFPVEF6TURBeUxURmZPREF3VjNnNE1EQkl8ODk5MDM3NGEyMTRiNzUyZWQ4NmZmZWEzNTc1ZmFhYzExNjYyMDFiZWEwMjljNWVmNDM0NjRjNWIwODEzMmRlYQ,,,,,,,,https://static.bihr.pro/eBihr/Pictures/ART-pictures.zip,,Spain Warehouse (Parts)
1085903001,89537,ASLC-11-BK,ART,"ART REPLC. TIP BRAKE PEDAL, BLK",Sistema de salida rápida V PARTS negro Husqvarna,50.82,42.00,25.20,8430525895379,13,8301409000,0,1,,,VEHICLE PARTS & ACCESSORIES,ACCESSORIES,ACC. DESIGN PARTS,,,Negro,,449,76,134,93,36,,,,,,,,,,,,,,,,,,,,,,,,,,,,,,,,,,,,,,https://api.mybihr.com/medias/800Wx800H-1085903001-1.jpg?context=bWFzdGVyfHJvb3R8NDAyNzh8aW1hZ2UvanBlZ3xhR00zTDJnNE1TOHpNekV6TkRVMk16QXpNekV4T0M4NE1EQlhlRGd3TUVoZk1UQTROVGt3TXpBd01TMHhMbXB3Wnd8ZWEwZDdkNWFjNjczNWEwMGVmZTBlYTBjNzhkMjJlMTYxODE3YmI3ZGMzZWEyYzFmNzUwM2FmODI2NGZkM2ViYw,,,,,,,,https://static.bihr.pro/eBihr/Pictures/ART-pictures.zip,,Spain Warehouse (Parts)
1081893002,45388,ASK-109-BL,ART,"ART KICK START, BLU",Pedal de arranque ART - Yamaha azul,117.37,97.00,58.20,8430525453883,13,8714109090,0,1,,,VEHICLE PARTS & ACCESSORIES,ACCESSORIES,ACC. DESIGN PARTS,,,Azul,,1590,332,140,307,37,,,,,,,,,,,,,,,,,,,,,,,,,,,,,,,,,,,,,,https://api.mybihr.com/medias/1081893002-1-800Wx800H?context=bWFzdGVyfHJvb3R8MjU4Mzl8aW1hZ2UvanBlZ3xhR05rTDJoalppOHhOVFF5TnpZNU1ESXdNVEV4T0M4eE1EZ3hPRGt6TURBeUxURmZPREF3VjNnNE1EQkl8MzA3ZjQ3ZDk0Zjc3NDNlMWM0MjI2NmM4ZThiY2EwYjg3OTY4NTk2MDVjODQ4N2Q5ZDAxNDVjMDY5MmFmZDdjNQ,,,,,,,,https://static.bihr.pro/eBihr/Pictures/ART-pictures.zip,,Spain Warehouse (Parts)
1081893001,45377,ASK-109-BK,ART,"ART KICK START, BLK",Pedal de arranque ART - Yamaha negro,117.37,97.00,58.20,8430525453777,4,8714109090,0,1,<strong>Øint:</strong> 20,Øint: 20,VEHICLE PARTS & ACCESSORIES,ACCESSORIES,ACC. DESIGN PARTS,,,Negro,,1463,336,134,312,35,,,,,,,,,,,,,,,,,,,,,,,,,,,,,,,,,,,,,,https://api.mybihr.com/medias/1081893001-1-800Wx800H?context=bWFzdGVyfHJvb3R8MjQ4OTJ8aW1hZ2UvanBlZ3xhRFEwTDJnek15OHhOVFF5TnpZNE9UZ3dOemt3TWk4eE1EZ3hPRGt6TURBeExURmZPREF3VjNnNE1EQkl8MThlOGEwZDMxYmRhMmU5MDJhYzJmZmE3N2ZmMjVjZDUzMTFiYmRiOTUxOWU3MjQ2YjJkMGY0ODNhMTFiODcwNA,,,,,,,,https://static.bihr.pro/eBihr/Pictures/ART-pictures.zip,,Spain Warehouse (Parts)
1081266006,875258,MGARTOVER-YL,ART,"ART BAR PAD BRACELESS BAR, NYE",Morcilla protectora de manillar sin barra ART amarillo fluor,20.57,17.00,10.20,3661738036623,2,3926909790,0,1,,,VEHICLE PARTS & ACCESSORIES,ACCESSORIES,ACC. DESIGN PARTS,,,Amarillo flúor,,1677,67,211,106,75,,,,,,,,,,,,,,,,Amarillo neón & Amarillo neón,,,,,,,,,,,,,,,,,,,,,,https://api.mybihr.com/medias/1081266006-1-800Wx800H?context=bWFzdGVyfHJvb3R8ODkxNzV8aW1hZ2UvanBlZ3xhRFUxTDJobE55ODRPVGMzTkRBMk1UazNOemt3THpFd09ERXlOall3TURZdE1WODRNREJYZURnd01FZ3xkMjBkNzc0Y2QxYmVjN2E5YjQ2NjNkZGYxNGNmMWUzN2EwYWJjNjg3MTFjZGU5NjUyODIxMDM5MmQwNDk2YmU5,,,,,,,,https://static.bihr.pro/eBihr/Pictures/ART-pictures.zip,,Spain Warehouse (Parts)
1081844001,448772,ASB-132BKC-ORANGE,ART,"ART PEDAL FACTORY, ORG",Pedal de freno Xtrem ART - negro naranja,84.70,70.00,42.00,8430525854406,3,8714109090,0,1,"<html> <head> <meta http-equiv=""Content-Type"" content=""text/html; charset=utf-8""><title> </title> <style type=""text/css"">.cs95E872D0{text-align:left;margin:0pt 0pt 0pt 0pt;}.csA7555675{color:#000;background-color:transparent;font-weight:normal;font-style:normal;}.cs4FC7BF42{text-align:left;margin:0pt 0pt 0pt 0pt;list-style-type:disc;color:#000;background-color:transparent;font-weight:normal;font-style:normal;}</style> </head> <body> <p><a id=""_DX_FRAG_STARTFRAGMENT""></a>ART Brake Pedals, made of black anodized aluminium with interchangeable color tips to match your style.</p><p></p><ul> <li>Black 448 783 </li><li>Red 448 784 </li><li>Blue 448 785 </li><li>Orange 448 786 </li><li>Green 448 787</li></ul> </body> </html>","       ART Brake Pedals, made of black anodized aluminium with interchangeable color tips to match your style. Black 448 783 Red 448 784 Blue 448 785 Orange 448 786 Green 448 787  ",VEHICLE PARTS & ACCESSORIES,ACCESSORIES,ACC. DESIGN PARTS,,,Naranja,,1556,190,247,134,47,,,,,,,,,,,,,,,,Naranja,,,,,,,,,,,,,,,,,,,,,,https://api.mybihr.com/medias/1081844001-1-800Wx800H?context=bWFzdGVyfHJvb3R8MjgwODJ8aW1hZ2UvanBlZ3xhR1EyTDJoallpODRPVGMzTnpFeE56a3lNVFU0THpFd09ERTRORFF3TURFdE1WODRNREJYZURnd01FZ3xjOTk5MmQyMmY5NTIzYzczZjk3ZjQ2YjBlZDM4NmZhYmI1NmY2NWMzNTdjOGM0MjQzYzQxZTg1Njg2Y2E0NTVh,,,,,,,,https://static.bihr.pro/eBihr/Pictures/ART-pictures.zip,,Spain Warehouse (Parts)
1081860001,93405,ASC-104-GY,ART,"ART PEDAL OEM TYPE, SIL",Pedal de cambio ART - Kawasaki gris,30.25,25.00,15.00,8430525934054,10,8714109090,0,1,,,VEHICLE PARTS & ACCESSORIES,ACCESSORIES,ACC. DESIGN PARTS,,,Plata,,1518,104,117,309,42,,,,,,,,,,,,,,,,,,,,,,,,,,,,,,,,,,,,,,,,,,,,,,https://static.bihr.pro/eBihr/Pictures/ART-pictures.zip,,Spain Warehouse (Parts)
1081861001,85441,ASC-105-GY,ART,"ART PEDAL OEM TYPE, SIL",Pedal de cambio ART - KTM Husqvarna gris,32.67,27.00,16.20,8430525854413,5,8714109090,0,1,,,VEHICLE PARTS & ACCESSORIES,ACCESSORIES,ACC. DESIGN PARTS,,,Plata,,719,102,203,118,30,,,,,,,,,,,,,,,,,,,,,,,,,,,,,,,,,,,,,,,,,,,,,,https://static.bihr.pro/eBihr/Pictures/ART-pictures.zip,,Spain Warehouse (Parts)
1081862001,85442,ASC-106-GY,ART,"ART PEDAL OEM TYPE, SIL",Pedal de cambio ART - KTM Husqvarna gris,35.09,29.00,17.40,8430525854420,0,8714109090,0,1,,,VEHICLE PARTS & ACCESSORIES,ACCESSORIES,ACC. DESIGN PARTS,,,Plata,,1095,102,191,117,49,,,,,,,,,,,,,,,,,,,,,,,,,,,,,,,,,,,,,,https://api.mybihr.com/medias/800Wx800H-1081862001-1.jpg?context=bWFzdGVyfHJvb3R8NjAxODZ8aW1hZ2UvanBlZ3xhREpqTDJobFlTOHpNakF6TmpjNE56Z3hORFF6TUM4NE1EQlhlRGd3TUVoZk1UQTRNVGcyTWpBd01TMHhMbXB3Wnd8NDliZWE5MDdmYzdkZGE1ZDMxNTZjZjdkZDQyMGNmYmM5ZjJkM2JlYWYyMDI5MDkwNGE0NjQyMzRmZWIyNTVhOA,,,,,,,,https://static.bihr.pro/eBihr/Pictures/ART-pictures.zip,,Spain Warehouse (Parts)
1081877001,10274,ASC-57,ART,"ART PEDAL OEM TYPE, SIL",Pedal de cambio ART - gris,33.88,28.00,16.80,8430525102743,12,8714109090,0,1,,,VEHICLE PARTS & ACCESSORIES,ACCESSORIES,ACC. DESIGN PARTS,,,Plata,,1635,108,131,312,40,,,,,,,,,,,,,,,,,,,,,,,,,,,,,,,,,,,,,,https://api.mybihr.com/medias/1081877001-1-800Wx800H?context=bWFzdGVyfHJvb3R8MTk1ODl8aW1hZ2UvanBlZ3xhREU1TDJnMFlTOHhOVFF5TnpZNE5EWTVOakE1TkM4eE1EZ3hPRGMzTURBeExURmZPREF3VjNnNE1EQkl8MjNlZDgxMzM0NGJhNTkzYzIxYzg1Y2JmOTE5YjNkNzlkMmRkNDdhZTQxYTI4OWZlZWQ5YjBjNzU4ZTdhYTQ4Mw,,,,,,,,https://static.bihr.pro/eBihr/Pictures/ART-pictures.zip,,Spain Warehouse (Parts)
1081883001,11600,ASC-70,ART,"ART PEDAL OEM TYPE, SIL",Pedal de cambio ART - Suzuki RMX 250 aluminio gris mate,30.25,25.00,15.00,8430525116009,18,8714109090,0,1,,,VEHICLE PARTS & ACCESSORIES,ACCESSORIES,ACC. DESIGN PARTS,,,Plata,,1112,112,147,199,38,,,,,,,,,,,,,,,,,,,,,,,,,,,,,,,,,,,,,,https://api.mybihr.com/medias/1081883001-1-800Wx800H?context=bWFzdGVyfHJvb3R8MjI3NTN8aW1hZ2UvanBlZ3xhREkzTDJnNE9TOHhOVFF5TnpZNE5qWTJNakUzTkM4eE1EZ3hPRGd6TURBeExURmZPREF3VjNnNE1EQkl8YmYxZDBjYWMzMzMyODc3YTgzNTQ5ZjNiNmRlM2Q4MTA0OGVjN2MxN2ZlYjQ2OGQzNGQ0NmZjZTA2OTkyYjkxMQ,,,,,,,,https://static.bihr.pro/eBihr/Pictures/ART-pictures.zip,,Spain Warehouse (Parts)
1081888001,45384,ASK-105-RD,ART,"ART KICK START, RED",Pedal de arranque ART - Honda rojo,113.74,94.00,56.40,8430525453845,18,8714109090,0,1,,,VEHICLE PARTS & ACCESSORIES,ACCESSORIES,ACC. DESIGN PARTS,,,Rojo,,1507,300,135,319,35,,,,,,,,,,,,,,,,,,,,,,,,,,,,,,,,,,,,,,https://api.mybihr.com/medias/1081888001-1-800Wx800H?context=bWFzdGVyfHJvb3R8MjY5Nzd8aW1hZ2UvanBlZ3xhRE00TDJoaU1TOHhOVFF5TnpZNE9ESXpOVEF6T0M4eE1EZ3hPRGc0TURBeExURmZPREF3VjNnNE1EQkl8Zjg3NTNiMmZlY2NjOTMzMDEwODI4MTViZjY0MTE2MWFkMzNiYmIwYWU4YTA5YTY4ZjJiY2I5Mzc2YWFkY2YzZQ,,,,,,,,https://static.bihr.pro/eBihr/Pictures/ART-pictures.zip,,Spain Warehouse (Parts)
1081888003,45362,ASK-105-SILVER,ART,"ART KICK START, SIL",Pedal de arranque ART - gris - Honda,117.37,97.00,58.20,8430525453623,45,8714109090,0,1,"<html> <head> <meta http-equiv=""Content-Type"" content=""text/html; charset=utf-8""><title> </title> <style type=""text/css"">.cs4FC7BF42{text-align:left;margin:0pt 0pt 0pt 0pt;list-style-type:disc;color:#000;background-color:transparent;font-weight:normal;font-style:normal;}.csA7555675{color:#000;background-color:transparent;font-weight:normal;font-style:normal;}.cs95E872D0{text-align:left;margin:0pt 0pt 0pt 0pt;}</style> </head> <body> <ul> <li>Same dimensions as OEM</li><li>Manufactured in high resistance steel</li></ul> <p></p></body> </html>","        Same dimensions as OEMManufactured in high resistance steel  ",VEHICLE PARTS & ACCESSORIES,ACCESSORIES,ACC. DESIGN PARTS,,,Plata,,1415,280,289,144,34,,,,,,,,,,,,,,,,Plata,,Acero,,,,,,,,,,,,,,,,,,,,https://api.mybihr.com/medias/1081888003-1-800Wx800H?context=bWFzdGVyfHJvb3R8MjUyMzV8aW1hZ2UvanBlZ3xhR1l4TDJnd1lpODRPVFkzTWprNU1EY3lNRE13THpFd09ERTRPRGd3TURNdE1WODRNREJYZURnd01FZ3xkMzc1NGM5MGYxMDQ0YjdmNDFkMWZmZWE1MzhlMTUwNTFlNzkwNmNhNGQ4NzFhY2JlZTVkYTZiYzhlNzI1NWVi,,,,,,,,https://static.bihr.pro/eBihr/Pictures/ART-pictures.zip,,Spain Warehouse (Parts)
1081895001,45379,ASK-111-BK,ART,"ART KICK START, BLK",Pedal de arranque ART - Suzuki negro,110.11,91.00,54.60,8430525453791,10,8714109090,0,1,,,VEHICLE PARTS & ACCESSORIES,ACCESSORIES,ACC. DESIGN PARTS,,,Negro,,1721,388,139,302,41,,,,,,,,,,,,,,,,,,,,,,,,,,,,,,,,,,,,,,https://api.mybihr.com/medias/1081895001-1-800Wx800H?context=bWFzdGVyfHJvb3R8MjcwMDZ8aW1hZ2UvanBlZ3xhRGs0TDJobE9DOHhOVFF5TnpZNU1EazROelUxTUM4eE1EZ3hPRGsxTURBeExURmZPREF3VjNnNE1EQkl8Y2Q1OWFkNjJmNzUyOGQyYWM1NzI2M2U5MGE4ZDJhOTg4NjBjYzcxZjMyYTM5ODE0Zjc5NTgzNzc3YWFmNjBhNQ,,,,,,,,https://static.bihr.pro/eBihr/Pictures/ART-pictures.zip,,Spain Warehouse (Parts)
1081895003,45368,ASK-111-SILVER,ART,"ART KICK START, SIL",Pedal de arranque ART - gris - Suzuki,117.37,97.00,58.20,8430525453685,22,8714109090,0,1,"<html> <head> <meta http-equiv=""Content-Type"" content=""text/html; charset=utf-8""><title> </title> <style type=""text/css"">.cs4FC7BF42{text-align:left;margin:0pt 0pt 0pt 0pt;list-style-type:disc;color:#000;background-color:transparent;font-weight:normal;font-style:normal;}.csA7555675{color:#000;background-color:transparent;font-weight:normal;font-style:normal;}.cs95E872D0{text-align:left;margin:0pt 0pt 0pt 0pt;}</style> </head> <body> <ul> <li>Same dimensions as OEM</li><li>Manufactured in high resistance steel</li></ul> <p></p></body> </html>","        Same dimensions as OEMManufactured in high resistance steel  ",VEHICLE PARTS & ACCESSORIES,ACCESSORIES,ACC. DESIGN PARTS,,,Plata,,2019,368,301,129,52,,,,,,,,,,,,,,,,Plata,,Acero,,,,,,,,,,,,,,,,,,,,https://api.mybihr.com/medias/1081895003-1-800Wx800H?context=bWFzdGVyfHJvb3R8MjUyMzV8aW1hZ2UvanBlZ3xhREV4TDJoaU1pODRPVGMzTnpNM056UTBOREUwTHpFd09ERTRPVFV3TURNdE1WODRNREJYZURnd01FZ3xhNTc3ZGJjYjM3Y2U1MjJkZDFkNWFjMzFlMTVjNzEzY2JjNjlhNTUwMTE5YjIzNDg2YmM3YjRkYjA3MDgyOTQ0,,,,,,,,https://static.bihr.pro/eBihr/Pictures/ART-pictures.zip,,Spain Warehouse (Parts)
1081895002,45390,ASK-111-YE,ART,"ART KICK START, YEL",Pedal de arranque ART - Suzuki Amarillo,177.87,147.00,88.20,8430525453906,5,8714109090,0,1,,,VEHICLE PARTS & ACCESSORIES,ACCESSORIES,ACC. DESIGN PARTS,,,Amarillo,,2615,374,130,428,47,,,,,,,,,,,,,,,,,,,,,,,,,,,,,,,,,,,,,,,,,,,,,,https://static.bihr.pro/eBihr/Pictures/ART-pictures.zip,,Spain Warehouse (Parts)
1081900001,45383,ASK-116-BK,ART,"ART KICK START, BLK",Pedal de arranque ART - KTM negro,105.00,86.78,52.07,8430525453838,6,8714109090,0,1,,,VEHICLE PARTS & ACCESSORIES,ACCESSORIES,ACC. DESIGN PARTS,,,Negro,,854,224,135,204,31,,,,,,,,,,,,,,,,,,,,,,,,,,,,,,,,,,,,,,https://api.mybihr.com/medias/1081900001-1-800Wx800H?context=bWFzdGVyfHJvb3R8MjY3ODJ8aW1hZ2UvanBlZ3xhREkyTDJnME5DOHhOVFF5TnpZNU1qazFNell6TUM4eE1EZ3hPVEF3TURBeExURmZPREF3VjNnNE1EQkl8M2Q4OGFhN2FjYjZiNjQwZWVhN2Q2MzEwOTVhM2FmYzA1NzI0OWM1M2UxMWZkMjg1MjlmOTI3MDE2ZjBhYTgxNg,,,,,,,,https://static.bihr.pro/eBihr/Pictures/ART-pictures.zip,,Spain Warehouse (Parts)
1081841002,448766,ASB-117BKC-RED,ART,"ART PEDAL FACTORY, RED",Pedal de freno Xtrem ART - negro rojo,84.70,70.00,42.00,8430525854277,1,8714109090,0,1,"<html> <head> <meta http-equiv=""Content-Type"" content=""text/html; charset=utf-8""><title> </title> <style type=""text/css"">.cs95E872D0{text-align:left;margin:0pt 0pt 0pt 0pt;}.csA7555675{color:#000;background-color:transparent;font-weight:normal;font-style:normal;}.cs4FC7BF42{text-align:left;margin:0pt 0pt 0pt 0pt;list-style-type:disc;color:#000;background-color:transparent;font-weight:normal;font-style:normal;}</style> </head> <body> <p><a id=""_DX_FRAG_STARTFRAGMENT""></a>ART Brake Pedals, made of black anodized aluminium with interchangeable color tips to match your style.</p><p></p><ul> <li>Black 448 783 </li><li>Red 448 784 </li><li>Blue 448 785 </li><li>Orange 448 786 </li><li>Green 448 787</li></ul> </body> </html>","       ART Brake Pedals, made of black anodized aluminium with interchangeable color tips to match your style. Black 448 783 Red 448 784 Blue 448 785 Orange 448 786 Green 448 787  ",VEHICLE PARTS & ACCESSORIES,ACCESSORIES,ACC. DESIGN PARTS,,,Rojo,,2143,224,282,152,50,,,,,,,,,,,,,,,,Rojo,,,,,,,,,,,,,,,,,,,,,,https://api.mybihr.com/medias/1081841002-1-800Wx800H?context=bWFzdGVyfHJvb3R8Mjg0OTF8aW1hZ2UvanBlZ3xhRGMxTDJobE9DODRPVFkzTnpnME16azRPRGM0THpFd09ERTROREV3TURJdE1WODRNREJYZURnd01FZ3w3ZjY5YmMyOThmNmIyYTI1MmYzMjEzNzQzZWMyZDA5ZjI0ZTdiY2M4ZGE5ODdjMTc1OTJiZTQ4MGUxODI3NzY4,,,,,,,,https://static.bihr.pro/eBihr/Pictures/ART-pictures.zip,,Spain Warehouse (Parts)
1060925,87000221,LCF-MXUN-D-BL,ART,ART LEVER BRAKE,Recambio maneta de freno articulada ART Azúl,26.74,22.10,13.26,87000221,1,8714105000,0,1,"<html> <head> <meta http-equiv=""Content-Type"" content=""text/html; charset=utf-8""><title> </title> <style type=""text/css"">.cs95E872D0{text-align:left;margin:0pt 0pt 0pt 0pt;}.csA7555675{color:#000;background-color:transparent;font-weight:normal;font-style:normal;}.cs4FC7BF42{text-align:left;margin:0pt 0pt 0pt 0pt;list-style-type:disc;color:#000;background-color:transparent;font-weight:normal;font-style:normal;}</style> </head> <body> <p>Customize your ART folderable levers with color levers</p><p></p><p>Colors available :</p><p></p><ul> <li>Blue : 87000221</li><li>Black : 87000220</li><li>Orange : 87000222</li><li>Red : 87000219</li><li>Titanium : 87000224</li><li>Green : 87000223</li></ul> </body> </html>","       Customize your ART folderable levers with color leversColors available : Blue : 87000221Black : 87000220Orange : 87000222Red : 87000219Titanium : 87000224Green : 87000223  ",VEHICLE PARTS & ACCESSORIES,ACCESSORIES,ACC. DESIGN PARTS,,,,,295,37,127,86,27,,,,,,,,,,,,,,,,Azul,,,,,,,,,,,,,,,,,,,,,,https://api.mybihr.com/medias/1060925-1-800Wx800H?context=bWFzdGVyfHJvb3R8ODU3NDJ8aW1hZ2UvanBlZ3xhRGhpTDJnMFpDODVNREV5T1RZNU9EWTFNalEyTHpFd05qQTVNalV0TVY4NE1EQlhlRGd3TUVnfGY1ZmE3NzQzYmYyYWU1NDVhY2MxYzBjOTIwM2EzOTczMmRkMWMzNTliYTJlMjM4ZThlNDFlMGYzNjU2Yzg2Mjg,https://api.mybihr.com/medias/1060925-2-800Wx800H?context=bWFzdGVyfHJvb3R8ODA5NTh8aW1hZ2UvanBlZ3xhR0kxTDJoaFpTODVNREV5T1Rjd01EWXhPRFUwTHpFd05qQTVNalV0TWw4NE1EQlhlRGd3TUVnfDk0MTViMzNmZGQ0MTBmMDlmYWZiNGNkMmNjMmFiZjkzZTQ3ZTgzM2QyNjE3NWIyOWNkM2FhODk5NTBlMjUyZTU,,,,,,,https://static.bihr.pro/eBihr/Pictures/ART-pictures.zip,,Spain Warehouse (Parts)
1060928,87000219,LCF-MXUN-D-RD,ART,ART LEVER BRAKE,Recambio maneta de freno articulada ART Rojo,28.44,23.50,14.10,87000219,2,8714105000,0,1,"<html> <head> <meta http-equiv=""Content-Type"" content=""text/html; charset=utf-8""><title> </title> <style type=""text/css"">.cs95E872D0{text-align:left;margin:0pt 0pt 0pt 0pt;}.csA7555675{color:#000;background-color:transparent;font-weight:normal;font-style:normal;}.cs4FC7BF42{text-align:left;margin:0pt 0pt 0pt 0pt;list-style-type:disc;color:#000;background-color:transparent;font-weight:normal;font-style:normal;}</style> </head> <body> <p>Customize your ART folderable levers with color levers</p><p></p><p>Colors available :</p><p></p><ul> <li>Blue : 87000221</li><li>Black : 87000220</li><li>Orange : 87000222</li><li>Red : 87000219</li><li>Titanium : 87000224</li><li>Green : 87000223</li></ul> </body> </html>","       Customize your ART folderable levers with color leversColors available : Blue : 87000221Black : 87000220Orange : 87000222Red : 87000219Titanium : 87000224Green : 87000223  ",VEHICLE PARTS & ACCESSORIES,ACCESSORIES,ACC. DESIGN PARTS,,,,,256,38,117,91,24,,,,,,,,,,,,,,,,Rojo,,,,,,,,,,,,,,,,,,,,,,https://api.mybihr.com/medias/1060928-1-800Wx800H?context=bWFzdGVyfHJvb3R8MTAxMTcxfGltYWdlL2pwZWd8YURjekwyaGlOUzg1TURFeU9UY3dNalU0TkRZeUx6RXdOakE1TWpndE1WODRNREJYZURnd01FZ3w3MTA1NjZhM2M5ODJlZDZjYzQ1NDJmMWZkYjZkZWNlNmQ0MTA4ZGY3NjMwMDI0N2NjNDEwZDc1NTBmZDhmMTk3,https://api.mybihr.com/medias/1060928-2-800Wx800H?context=bWFzdGVyfHJvb3R8ODA5NTh8aW1hZ2UvanBlZ3xhRFF6TDJoaVl5ODVNREV5T1Rjd05EVTFNRGN3THpFd05qQTVNamd0TWw4NE1EQlhlRGd3TUVnfGM0NGIwZDM0NGM3MDQ2ZTdhMjQwYWZjNTkwYTcyMjg1YWZmOTdiNmNhYmVmODRlZDAyOWVlOTBlNmFhYjRmYTg,,,,,,,https://static.bihr.pro/eBihr/Pictures/ART-pictures.zip,,Spain Warehouse (Parts)
1060911,87000198,LCF-MXU-MX7284-OR,ART,ART LEVER CLUTCH BLACK,Maneta de embrague articulada ART Negro/Naranja KTM,52.07,43.03,25.82,3661738030966,1,8714105000,0,1,"<html> <head> <meta http-equiv=""Content-Type"" content=""text/html; charset=utf-8""><title> </title> <style type=""text/css"">.cs95E872D0{text-align:left;margin:0pt 0pt 0pt 0pt;}.csC57700C4{color:#000;background-color:transparent;font-weight:bold;font-style:normal;}.cs4FC7BF42{text-align:left;margin:0pt 0pt 0pt 0pt;list-style-type:disc;color:#000;background-color:transparent;font-weight:normal;font-style:normal;}.csA7555675{color:#000;background-color:transparent;font-weight:normal;font-style:normal;}.cs6FE56D2{text-align:left;margin:0pt 0pt 0pt 36pt;}.cs1C98BBCC{text-align:left;margin:0pt 0pt 0pt 0pt;list-style-type:circle;color:#000;background-color:transparent;font-weight:normal;font-style:normal;}</style> </head> <body> <p>ART Customizable foldable lever</p><p></p><ul> <li>Made from forged aluminum black anodized </li><li>Various colors available for the mounting kit and spare endpiece to custom fit your lever</li></ul> <p></p><p>Customize your foldable levers ! </p><p></p><p>Replacement levers :</p><p></p><ul> <li>Clutch / Brake </li></ul> <p></p><ul> <ul> <li>Red: 87000213 / 87000219</li><li>Black : 87000214 / 87000220</li><li>Blue : 87000215 / 87000221</li><li>Orange : 87000216 / 87000222</li><li>Green : 87000217 / 87000223</li><li>Titanium : 87000218 / 87000224</li></ul> </ul> <p></p><p>Mounting kit, colored upper screw :</p><p></p><ul> <li>Clutch / Brake</li></ul> <p></p><ul> <ul> <li>Red : 87000225 / 87000231</li><li>Black : 87000226 / 87000232</li><li>Blue : 87000227 / 87000233</li><li>Orange : 87000228 / 87000234</li><li>Green : 87000229 / 87000235</li><li>Alu : 87000230 / 87000236</li></ul> </ul> </body> </html>","       ART Customizable foldable lever Made from forged aluminum black anodized Various colors available for the mounting kit and spare endpiece to custom fit your lever Customize your foldable levers ! Replacement levers : Clutch / Brake    Red: 87000213 / 87000219Black : 87000214 / 87000220Blue : 87000215 / 87000221Orange : 87000216 / 87000222Green : 87000217 / 87000223Titanium : 87000218 / 87000224  Mounting kit, colored upper screw : Clutch / Brake   Red : 87000225 / 87000231Black : 87000226 / 87000232Blue : 87000227 / 87000233Orange : 87000228 / 87000234Green : 87000229 / 87000235Alu : 87000230 / 87000236   ",VEHICLE PARTS & ACCESSORIES,ACCESSORIES,ACC. DESIGN PARTS,,,,,622,97,154,101,40,,,,,,,,,,,,,,,,Negro,,,,,,,,,,,,,,,,,,,,,,https://api.mybihr.com/medias/1060911-1-800Wx800H?context=bWFzdGVyfHJvb3R8OTUwNjh8aW1hZ2UvanBlZ3xhRFUyTDJnd1pTODVNREV5T1RZMU9UTXpNRGcyTHpFd05qQTVNVEV0TVY4NE1EQlhlRGd3TUVnfDRkNGVhOGUwOGFmZGYwNjNlOTA5M2EzOWQ3YTNiYTg0OTY2YzA1NTFjZjJkY2U5ZDBjNmM4MGU0NDMyYWQxZmI,https://api.mybihr.com/medias/1060911-2-800Wx800H?context=bWFzdGVyfHJvb3R8NzA2NTh8aW1hZ2UvanBlZ3xhR0psTDJnMVl5ODVNREV5T1RZMk1USTVOamswTHpFd05qQTVNVEV0TWw4NE1EQlhlRGd3TUVnfDdlNmM3MGQ1MmU4NDY0OTFiMjJjOTUxYzg4ZWRiZWQzZGEzNTliMmRlNTNmYjBlZDgzMWE2YzI1ZTQyOTEyNDU,,,,,,,https://static.bihr.pro/eBihr/Pictures/ART-pictures.zip,,Spain Warehouse (Parts)
1073475,83390,ASOT-335-YELLOWFLUOR,ART,ART SPOKE SKIN KIT 21/18-19 YELLOW,Fundas para radios ART amarillo fluorescente,21.78,18.00,10.80,8430525833906,33,8708109090,0,1,Para las dos ruedas.,Para las dos ruedas.,VEHICLE PARTS & ACCESSORIES,ACCESSORIES,ACC. DESIGN PARTS,,,,,1445,286,257,152,37,,,,,,,,,,,,,,,,Amarillo,,,,,,,,,,,,,,,,,,,,,,https://api.mybihr.com/medias/1073475-1-800Wx800H?context=bWFzdGVyfHJvb3R8MzA2NDJ8aW1hZ2UvanBlZ3xhRE5oTDJoa05pODVNREV6TkRBME5UTXlOelkyTHpFd056TTBOelV0TVY4NE1EQlhlRGd3TUVnfDQzZDQ1ZjJlYzIwY2RiNzIyMzM2ZGY3ZjAxYmUxMzcyNmI0OGFjZjM2ODI0OWYxYzRhMzYyNGRlNzIxOTRhY2I,,,,,,,,https://static.bihr.pro/eBihr/Pictures/ART-pictures.zip,,Spain Warehouse (Parts)
1060213,6190018542,PE 513/ART,ART,ART PROTECTION EXHAUST CARBON,Protector de escape ART carbono KTM/HVA EXC-F/FE 250,134.15,110.87,77.61,PE 513/ART,3,8714109090,0,1,"<html> <head> <meta http-equiv=""Content-Type"" content=""text/html; charset=utf-8""><title> </title> <style type=""text/css"">.cs4FC7BF42{text-align:left;margin:0pt 0pt 0pt 0pt;list-style-type:disc;color:#000;background-color:transparent;font-weight:normal;font-style:normal;}.csA7555675{color:#000;background-color:transparent;font-weight:normal;font-style:normal;}.cs95E872D0{text-align:left;margin:0pt 0pt 0pt 0pt;}</style> </head> <body> <ul> <li>Designed in Carbon</li><li>Avoid burns, protect from stones</li><li>Perfectly adjusted to each curves of the exhaust line</li></ul> <p></p><p></p></body> </html>","        Designed in CarbonAvoid burns, protect from stonesPerfectly adjusted to each curves of the exhaust line  ",VEHICLE PARTS & ACCESSORIES,ACCESSORIES,ACC. DESIGN PARTS,,,,,9967,251,396,208,121,,,,,,,,,,,,,,,,Carbono,,,,,,,,,,,,,,,,,,,,,,https://api.mybihr.com/medias/1060213-1-800Wx800H?context=bWFzdGVyfHJvb3R8MTYyMDUzfGltYWdlL2pwZWd8YUdJeEwyZ3haaTg0T1RjeU9ESTNPRGcxTlRrNEx6RXdOakF5TVRNdE1WODRNREJYZURnd01FZ3xiZWY4YzQzNDIzYzZjZTRiN2RjODQzODNlMjA2MzFhYTdlYjgzNDhkOTgzNWYzMGFjNDQ0MWM4ZmQyMDY2MWYw,https://api.mybihr.com/medias/1060213-2-800Wx800H?context=bWFzdGVyfHJvb3R8MTc5NDU1fGltYWdlL2pwZWd8YURKa0wyZzJaUzg0T1RjeU9ESTRNRGd5TWpBMkx6RXdOakF5TVRNdE1sODRNREJYZURnd01FZ3w1YjVlYjk4MjVmYzNmOGJhM2YyODFlZjM5ZmI1MDQ0YzA5ZGI1NDhlNTkxODgzNTQ2MDg3Y2Q3N2I2MmQwYmIy,,,,,,,https://static.bihr.pro/eBihr/Pictures/ART-pictures.zip,,Spain Warehouse (Parts)
1060206,6190017442,PE 3-04/ART,ART,ART PROTECTION EXHAUST CARBON,Protector de escape ART carbono Beta RR 05-12,130.55,107.89,80.92,PE 3-04/ART,1,8714109090,0,1,"<html> <head> <meta http-equiv=""Content-Type"" content=""text/html; charset=utf-8""><title> </title> <style type=""text/css"">.cs4FC7BF42{text-align:left;margin:0pt 0pt 0pt 0pt;list-style-type:disc;color:#000;background-color:transparent;font-weight:normal;font-style:normal;}.csA7555675{color:#000;background-color:transparent;font-weight:normal;font-style:normal;}.cs95E872D0{text-align:left;margin:0pt 0pt 0pt 0pt;}</style> </head> <body> <ul> <li>Designed in Carbon</li><li>Avoid burns, protect from stones</li><li>Perfectly adjusted to each curves of the exhaust line</li></ul> <p></p><p></p></body> </html>","        Designed in CarbonAvoid burns, protect from stonesPerfectly adjusted to each curves of the exhaust line  ",VEHICLE PARTS & ACCESSORIES,ACCESSORIES,ACC. DESIGN PARTS,,,,,3627,260,388,164,57,,,,,,,,,,,,,,,,Carbono,,,,,,,,,,,,,,,,,,,,,,https://api.mybihr.com/medias/1060206-1-800Wx800H?context=bWFzdGVyfHJvb3R8MTYyMDUzfGltYWdlL2pwZWd8YURCbUwyaGpZUzg0T1RjeU9ESTBNVFV3TURRMkx6RXdOakF5TURZdE1WODRNREJYZURnd01FZ3w1ZGRjYzE3NmQ0ZTAyMzcxOTI4OWY4ZTM1ZjcyZjg1ZTAxNDQ1ZGNkNGMwZGQ2NGYzYTA2OTRmMGJlOThjYjc5,https://api.mybihr.com/medias/1060206-2-800Wx800H?context=bWFzdGVyfHJvb3R8MTc5NDU1fGltYWdlL2pwZWd8YUdOakwyaGtNQzg0T1RjeU9ESTBNelEyTmpVMEx6RXdOakF5TURZdE1sODRNREJYZURnd01FZ3w2ZWE2YmFhYmM5Njg4ZWFjM2NiMzVmMjk1MTk5NDViMWM4NmE2ZDViNGMwMWNjNTdiMDRiNmZiNmY3NWU3ZGFj,,,,,,,https://static.bihr.pro/eBihr/Pictures/ART-pictures.zip,,Spain Warehouse (Parts)
1058383,876795,ASOT-392-BLACK,ART,ART END CAP GEAR SHIFTER BLACK,Tapón puntera pedal de cambio ART - negro,12.10,10.00,6.00,3661738034506,10,8714109090,0,1,"<html> <head> <meta http-equiv=""Content-Type"" content=""text/html; charset=utf-8""><title> </title> <style type=""text/css"">.cs95E872D0{text-align:left;margin:0pt 0pt 0pt 0pt;}.csA7555675{color:#000;background-color:transparent;font-weight:normal;font-style:normal;}</style> </head> <body> <p>Colored end cap to customize your gear shifter</p></body> </html>","       Colored end cap to customize your gear shifter ",VEHICLE PARTS & ACCESSORIES,ACCESSORIES,ACC. DESIGN PARTS,,,,,178,2,119,68,22,,,,,,,,,,,,,,,,Negro,,,,,,,,,,,,,,,,,,,,,,https://api.mybihr.com/medias/1058383-1-800Wx800H?context=bWFzdGVyfHJvb3R8NjE4NTMzfGltYWdlL2pwZWd8YUdGbUwyaGhPQzg0T1RjeU56QTNPRFUyTkRFMEx6RXdOVGd6T0RNdE1WODRNREJYZURnd01FZ3w1MDA5YzdiODVmY2Y2NjJmZDM0ZTIyYjYwNjEwOTg0NWMwMWEyYWQzNTJjY2RmODlhZGRiYmM2NWQ0YzFmYmQ2,https://api.mybihr.com/medias/1058383-2-800Wx800H?context=bWFzdGVyfHJvb3R8MTU3NDg2fGltYWdlL2pwZWd8YURNekwyZzFZUzg0T1RjeU56QTRNRFV6TURJeUx6RXdOVGd6T0RNdE1sODRNREJYZURnd01FZ3w3NDUxYjhiZWNlMzhiNzM4Y2RmMTQyM2Y4OWFlZjE3NmY4OWZmNDUyMzBhZWU5NWY0ZjBmM2ViNzFjNzcxMDVm,,,,,,,https://static.bihr.pro/eBihr/Pictures/ART-pictures.zip,,Spain Warehouse (Parts)
1058384,876790,ASOT-392-BLUE,ART,ART END CAP GEAR SHIFTER BLUE,Tapón puntera pedal de cambio ART - azul,12.10,10.00,6.00,3661738034797,2,8714109090,0,1,"<html> <head> <meta http-equiv=""Content-Type"" content=""text/html; charset=utf-8""><title> </title> <style type=""text/css"">.cs95E872D0{text-align:left;margin:0pt 0pt 0pt 0pt;}.csA7555675{color:#000;background-color:transparent;font-weight:normal;font-style:normal;}</style> </head> <body> <p>Colored end cap to customize your gear shifter</p></body> </html>","       Colored end cap to customize your gear shifter ",VEHICLE PARTS & ACCESSORIES,ACCESSORIES,ACC. DESIGN PARTS,,,,,194,3,119,68,24,,,,,,,,,,,,,,,,Azul,,,,,,,,,,,,,,,,,,,,,,https://api.mybihr.com/medias/1058384-1-800Wx800H?context=bWFzdGVyfHJvb3R8NjM3ODQzfGltYWdlL2pwZWd8YURjMkwyZzFNeTg0T1RjeU56QTRNalE1TmpNd0x6RXdOVGd6T0RRdE1WODRNREJYZURnd01FZ3wxYjE2Y2RkOThkODNmM2JiMzJkZjYyYmI3YmM0ZDgwOTdhOTQ2YmI4MTlmMDk4MDVjYTYyNTgyZWRiYzg0MjA0,https://api.mybihr.com/medias/1058384-2-800Wx800H?context=bWFzdGVyfHJvb3R8MTU3NDg2fGltYWdlL2pwZWd8YUdFMUwyZzBZeTg0T1RjeU56QTRORFEyTWpNNEx6RXdOVGd6T0RRdE1sODRNREJYZURnd01FZ3xmMGE1NjNmZmYxMDM0YjU1MGM4ODdlZDU0Y2EzZGEzZjU4ZTc3NDdjODEwMTUzOTQ0N2UyZDc2ZTk5YjdhY2Uy,,,,,,,https://static.bihr.pro/eBihr/Pictures/ART-pictures.zip,,Spain Warehouse (Parts)
1058385,876792,ASOT-392-GREEN,ART,ART END CAP GEAR SHIFTER GREEN,Tapón puntera pedal de cambio ART - verde,12.10,10.00,6.00,3661738034414,7,8714109090,0,1,"<html> <head> <meta http-equiv=""Content-Type"" content=""text/html; charset=utf-8""><title> </title> <style type=""text/css"">.cs95E872D0{text-align:left;margin:0pt 0pt 0pt 0pt;}.csA7555675{color:#000;background-color:transparent;font-weight:normal;font-style:normal;}</style> </head> <body> <p>Colored end cap to customize your gear shifter</p></body> </html>","       Colored end cap to customize your gear shifter ",VEHICLE PARTS & ACCESSORIES,ACCESSORIES,ACC. DESIGN PARTS,,,,,170,2,119,65,22,,,,,,,,,,,,,,,,Verde,,,,,,,,,,,,,,,,,,,,,,https://api.mybihr.com/medias/1058385-1-800Wx800H?context=bWFzdGVyfHJvb3R8NjMxODUzfGltYWdlL2pwZWd8YUdRMUwyZzBOUzg0T1RjeU56QTROalF5T0RRMkx6RXdOVGd6T0RVdE1WODRNREJYZURnd01FZ3xhMzQ0NzBkNTNmZGJiOWNhMmU4NGU2NDNhZmQzZjM0MTNiZmZjYTEzZmE2M2Y2NTYwMzYzODJkMWRhNWFmMDMy,https://api.mybihr.com/medias/1058385-2-800Wx800H?context=bWFzdGVyfHJvb3R8MTU3NDg2fGltYWdlL2pwZWd8YURFNEwyZ3paaTg0T1RjeU56QTRPRE01TkRVMEx6RXdOVGd6T0RVdE1sODRNREJYZURnd01FZ3w4ZDA1NGQ2NGZmZWRjYWRkMWQyYjNlMzU1YTk3NWRhMWIxZDYxNzdiZDJlODlkNDA3YzFiZGYwZmYyNGU3N2Yy,,,,,,,https://static.bihr.pro/eBihr/Pictures/ART-pictures.zip,,Spain Warehouse (Parts)
1058390,448762,ASB-112BKC-RED,ART,ART PEDAL ALU BLACK/RED TIP,Pedal de freno Xtrem ART - negro rojo,84.70,70.00,42.00,8430525247000,3,8714109090,0,1,"<html> <head> <meta http-equiv=""Content-Type"" content=""text/html; charset=utf-8""><title> </title> <style type=""text/css"">.cs95E872D0{text-align:left;margin:0pt 0pt 0pt 0pt;}.csA7555675{color:#000;background-color:transparent;font-weight:normal;font-style:normal;}.cs4FC7BF42{text-align:left;margin:0pt 0pt 0pt 0pt;list-style-type:disc;color:#000;background-color:transparent;font-weight:normal;font-style:normal;}</style> </head> <body> <p><a id=""_DX_FRAG_STARTFRAGMENT""></a>ART Brake Pedals, made of black anodized aluminium with interchangeable color tips to match your style.</p><p></p><ul> <li>Black 448 783 </li><li>Red 448 784 </li><li>Blue 448 785 </li><li>Orange 448 786 </li><li>Green 448 787</li></ul> </body> </html>","       ART Brake Pedals, made of black anodized aluminium with interchangeable color tips to match your style. Black 448 783 Red 448 784 Blue 448 785 Orange 448 786 Green 448 787  ",VEHICLE PARTS & ACCESSORIES,ACCESSORIES,ACC. DESIGN PARTS,,,,,1733,183,277,149,42,,,,,,,,,,,,,,,,Rojo,,,,,,,,,,,,,,,,,,,,,,https://api.mybihr.com/medias/1058390-1-800Wx800H?context=bWFzdGVyfHJvb3R8Mjg0OTF8aW1hZ2UvanBlZ3xhRFptTDJoa01pODRPVGN5TnpFd01qRTFOekV3THpFd05UZ3pPVEF0TVY4NE1EQlhlRGd3TUVnfGI0NzU4MTU5ZmE3Y2Q5MjE4NjAzNWU0ZjA1N2NlMmNkYjg5MDI4NjY4YTE1MjQ4ZmI5MzYzOTY0OTBhOWMwN2Y,,,,,,,,https://static.bihr.pro/eBihr/Pictures/ART-pictures.zip,,Spain Warehouse (Parts)
1058391,448763,ASB-114BKC-GREEN,ART,ART PEDAL ALU BLACK/GREEN TIP,Pedal de freno Xtrem ART - negro verde,84.70,70.00,42.00,8430525247017,6,8714109090,0,1,"<html> <head> <meta http-equiv=""Content-Type"" content=""text/html; charset=utf-8""><title> </title> <style type=""text/css"">.cs95E872D0{text-align:left;margin:0pt 0pt 0pt 0pt;}.csA7555675{color:#000;background-color:transparent;font-weight:normal;font-style:normal;}.cs4FC7BF42{text-align:left;margin:0pt 0pt 0pt 0pt;list-style-type:disc;color:#000;background-color:transparent;font-weight:normal;font-style:normal;}</style> </head> <body> <p><a id=""_DX_FRAG_STARTFRAGMENT""></a>ART Brake Pedals, made of black anodized aluminium with interchangeable color tips to match your style.</p><p></p><ul> <li>Black 448 783 </li><li>Red 448 784 </li><li>Blue 448 785 </li><li>Orange 448 786 </li><li>Green 448 787</li></ul> </body> </html>","       ART Brake Pedals, made of black anodized aluminium with interchangeable color tips to match your style. Black 448 783 Red 448 784 Blue 448 785 Orange 448 786 Green 448 787  ",VEHICLE PARTS & ACCESSORIES,ACCESSORIES,ACC. DESIGN PARTS,,,,,1998,202,300,111,60,,,,,,,,,,,,,,,,Verde,,,,,,,,,,,,,,,,,,,,,,https://api.mybihr.com/medias/1058391-1-800Wx800H?context=bWFzdGVyfHJvb3R8MjgzMTF8aW1hZ2UvanBlZ3xhRGxtTDJoallpODRPVGN5TnpFd05ERXlNekU0THpFd05UZ3pPVEV0TVY4NE1EQlhlRGd3TUVnfDk1ZDQ2YjcxNDBkOWM1MDA5MjJiYmVmZDczNzVlY2YwMDMwZmQzNDNlOWRmYmRjYjU2NWJkYTA4ZDkyMTRlOTQ,,,,,,,,https://static.bihr.pro/eBihr/Pictures/ART-pictures.zip,,Spain Warehouse (Parts)
1058398,83382,ASOT-335-PURPLE,ART,ART SPOKE SKIN KIT 21/18-19 PURPLE,Fundas para radios ART violeta,19.00,15.70,9.42,8430525833821,3,8708109090,0,1,Para las dos ruedas.,Para las dos ruedas.,VEHICLE PARTS & ACCESSORIES,ACCESSORIES,ACC. DESIGN PARTS,,,,,1731,300,245,157,45,,,,,,,,,,,,,,,,Morado,,,,,,,,,,,,,,,,,,,,,,https://api.mybihr.com/medias/1058398-1-800Wx800H?context=bWFzdGVyfHJvb3R8MzY5MzB8aW1hZ2UvanBlZ3xhR05pTDJnMU5pODRPVGN5TnpFeE56ZzROVGMwTHpFd05UZ3pPVGd0TVY4NE1EQlhlRGd3TUVnfDFiYjEwMGJlNDBlY2M2YWQ3NTQzMGU4NzcyZjg3YzBiZTJkMmU4OTIzYTRjNTBlOGJiMGNhY2MwZTM1OTFjNmE,,,,,,,,https://static.bihr.pro/eBihr/Pictures/ART-pictures.zip,,Spain Warehouse (Parts)
1058400,83386,ASOT-335-WHITE,ART,ART SPOKE SKIN KIT 21/18-19 WHITE,Fundas para radios ART blanco,21.78,18.00,10.80,8430525833869,20,8708109090,0,1,Para las dos ruedas.,Para las dos ruedas.,VEHICLE PARTS & ACCESSORIES,ACCESSORIES,ACC. DESIGN PARTS,,,,,1253,257,294,147,29,,,,,,,,,,,,,,,,Blanco,,,,,,,,,,,,,,,,,,,,,,https://api.mybihr.com/medias/1058400-1-800Wx800H?context=bWFzdGVyfHJvb3R8MzMzODV8aW1hZ2UvanBlZ3xhRGRtTDJnd01TODRPVGN5TnpFeU1UZ3hOemt3THpFd05UZzBNREF0TVY4NE1EQlhlRGd3TUVnfDI4YWZkZjIwZTRjNDdmMmIzYjYyOTNmMzAxYTQ0NmE4OTUyNzU3ZjU5YWNmZDJiYTkzMDYyNGQ5ZWRhNTE0NzY,,,,,,,,https://static.bihr.pro/eBihr/Pictures/ART-pictures.zip,,Spain Warehouse (Parts)
1058401,83380,ASOT-335-ORANGE,ART,ART SPOKE SKIN KIT 21/18-19 ORANGE,Fundas para radios ART naranja,21.78,18.00,10.80,8430525833807,12,8708109090,0,1,Para las dos ruedas.,Para las dos ruedas.,VEHICLE PARTS & ACCESSORIES,ACCESSORIES,ACC. DESIGN PARTS,,,,,1602,278,310,152,34,,,,,,,,,,,,,,,,Naranja,,,,,,,,,,,,,,,,,,,,,,https://api.mybihr.com/medias/1058401-1-800Wx800H?context=bWFzdGVyfHJvb3R8NDQyOTl8aW1hZ2UvanBlZ3xhRE5sTDJnd05TODRPVGN5TnpFeU16YzRNems0THpFd05UZzBNREV0TVY4NE1EQlhlRGd3TUVnfDM3ZDJhM2NlMzM1YTAxY2ZlNjEyYzQyMWEzNmUwYTRiNGQyYWEwZTRlMmUxZWI1YjBmNDRmZjEzZWM2ZTQ0MDA,,,,,,,,https://static.bihr.pro/eBihr/Pictures/ART-pictures.zip,,Spain Warehouse (Parts)
1058365,876791,ASOT-392-RED,ART,ART SHIFT TIP RED,Tapón puntera pedal de cambio ART - Rojo,12.10,10.00,6.00,3661738034711,1,8714109090,0,1,"<html> <head> <meta http-equiv=""Content-Type"" content=""text/html; charset=utf-8""><title> </title> <style type=""text/css"">.cs95E872D0{text-align:left;margin:0pt 0pt 0pt 0pt;}.csA7555675{color:#000;background-color:transparent;font-weight:normal;font-style:normal;}</style> </head> <body> <p>Colored end cap to customize your gear shifter</p></body> </html>","       Colored end cap to customize your gear shifter ",VEHICLE PARTS & ACCESSORIES,ACCESSORIES,ACC. DESIGN PARTS,,,,,178,3,119,68,22,,,,,,,,,,,,,,,,Rojo,,,,,,,,,,,,,,,,,,,,,,https://api.mybihr.com/medias/1058365-1-800Wx800H?context=bWFzdGVyfHJvb3R8NjMyMTkxfGltYWdlL2pwZWd8YURRMEwyZzJZaTg0T1RjeU56QTFNVEF6T1RBeUx6RXdOVGd6TmpVdE1WODRNREJYZURnd01FZ3w1ZjUyZDU5N2EwNDA1ZGIxNmRjNTcxYmM5ZjgwZTNmMTg3YzQyODdmMGI2ZTcxNDk1NDNlNDY1NjYxNmE0Yjlk,https://api.mybihr.com/medias/1058365-2-800Wx800H?context=bWFzdGVyfHJvb3R8MTU3NDg2fGltYWdlL2pwZWd8YURFMEwyZzNNaTg0T1RjeU56QTFNekF3TlRFd0x6RXdOVGd6TmpVdE1sODRNREJYZURnd01FZ3xjNWJhN2UwY2UwY2Y2NzE4MzI1NTQyNWZkMjFiOTNjZTU0YmU4ZDc0ZmI2OWNkMDkwYmU5ZmQyM2Q3MzIyY2Rh,,,,,,,https://static.bihr.pro/eBihr/Pictures/ART-pictures.zip,,Spain Warehouse (Parts)
1058392,448764,ASB-115BKC-GREEN,ART,ART PEDAL ALU BLACK/GREEN TIP,Pedal de freno Xtrem ART - negro verde,84.70,70.00,42.00,8430525247024,1,8714109090,0,1,"<html> <head> <meta http-equiv=""Content-Type"" content=""text/html; charset=utf-8""><title> </title> <style type=""text/css"">.cs95E872D0{text-align:left;margin:0pt 0pt 0pt 0pt;}.csA7555675{color:#000;background-color:transparent;font-weight:normal;font-style:normal;}.cs4FC7BF42{text-align:left;margin:0pt 0pt 0pt 0pt;list-style-type:disc;color:#000;background-color:transparent;font-weight:normal;font-style:normal;}</style> </head> <body> <p><a id=""_DX_FRAG_STARTFRAGMENT""></a>ART Brake Pedals, made of black anodized aluminium with interchangeable color tips to match your style.</p><p></p><ul> <li>Black 448 783 </li><li>Red 448 784 </li><li>Blue 448 785 </li><li>Orange 448 786 </li><li>Green 448 787</li></ul> </body> </html>","       ART Brake Pedals, made of black anodized aluminium with interchangeable color tips to match your style. Black 448 783 Red 448 784 Blue 448 785 Orange 448 786 Green 448 787  ",VEHICLE PARTS & ACCESSORIES,ACCESSORIES,ACC. DESIGN PARTS,,,,,1634,211,286,136,42,,,,,,,,,,,,,,,,Verde,,,,,,,,,,,,,,,,,,,,,,https://api.mybihr.com/medias/1058392-1-800Wx800H?context=bWFzdGVyfHJvb3R8MjgzMTF8aW1hZ2UvanBlZ3xhR1V5TDJoak5DODRPVGN5TnpFd05qQTRPVEkyTHpFd05UZ3pPVEl0TVY4NE1EQlhlRGd3TUVnfDc5NWE5ZWNjYjAyNzlkZjQzMTAzNTFlNmY4NDRjM2RmZTM3NjlmYWI5Njc0ZGU3NGZkYTczNmU3ODNhNDE4Y2E,,,,,,,,https://static.bihr.pro/eBihr/Pictures/ART-pictures.zip,,Spain Warehouse (Parts)
1063262,,2AR04800090002,ART,ART PROTECTION GRAB BAR,Soporte barra ART aluminio  Yamaha YFM660R Raptor,56.14,46.40,22.28,441877,1,8714109090,0,1,<ul> <li>Grab bar</li> <li>Made from high resistance aluminium</li> <li>Delivered with fixing kit</li></ul>," Grab bar Made from high resistance aluminium Delivered with fixing kit",VEHICLE PARTS & ACCESSORIES,ACCESSORIES,ACC. PLASTIC&PROTECT,,,,,6374,502,302,335,63,,,,,,,,,,,,,,,,,,,,,,,,,,,,,,,,,,,,,,,,,,,,,,https://static.bihr.pro/eBihr/Pictures/ART-pictures.zip,,Spain Warehouse (Parts)
1063275,,2AR05700870001,ART,ART PROTECTION ROCKER PANEL GUARD,Defensas laterales ART quad aluminio Polaris RZR1000XP,104.79,86.60,41.57,441821,1,8714109090,0,1,"<html> <head> <meta http-equiv=""Content-Type"" content=""text/html; charset=utf-8""><title> </title> <style type=""text/css"">.cs95E872D0{text-align:left;margin:0pt 0pt 0pt 0pt;}.csA7555675{color:#000;background-color:transparent;font-weight:normal;font-style:normal;}.cs4FC7BF42{text-align:left;margin:0pt 0pt 0pt 0pt;list-style-type:disc;color:#000;background-color:transparent;font-weight:normal;font-style:normal;}</style> </head> <body> <p>Effective protection of the sides of your vehicle</p><p> </p><ul> <li>Aluminum manufacturing</li><li>Includes mounting kit</li></ul> </body> </html>","       Effective protection of the sides of your vehicle  Aluminum manufacturingIncludes mounting kit  ",VEHICLE PARTS & ACCESSORIES,ACCESSORIES,ACC. PLASTIC&PROTECT,,,,,37536,3000,1020,230,160,,,,,,,,,,,,,,,,,,,,,,,,,,,,,,,,,,,,,,https://api.mybihr.com/medias/1063275-1-800Wx800H?context=bWFzdGVyfHJvb3R8ODE2Nzl8aW1hZ2UvanBlZ3xhRGd5TDJneE5pODRPVGN6TmprME16TTNNRFUwTHpFd05qTXlOelV0TVY4NE1EQlhlRGd3TUVnfDk2YzY2NGEzZjczNjM5ZmFjYTUwYmZiMGI1ZmZhMWUyY2E1ZGE1NDVjMjI3YjNlZjcxNTI0Y2IzMTZiNTM2NzI,,,,,,,,https://static.bihr.pro/eBihr/Pictures/ART-pictures.zip,,Spain Warehouse (Parts)
1057866,441915,2AR03800090002,ART,ART PROTECTION A-ARMS,Protector de trapecio ART Yamaha YFM660R RAPTOR,112.53,93.00,60.45,2AR03800090002,0,8714109090,1,1,"<p>- Protección para el trapecio</p><p>- De aluminio</p><p>- Fabricada y forjada con gran precisión</p><p>- Protege una parte importante del chasis del quad/UTV</p><p>- Protege contra choques e impactos de piedras</p><p>- Incluye kit de montaje</p><p>- Se entrega por pares</p><p><br></p>""","
- Protección para el trapecio
- De aluminio
- Fabricada y forjada con gran precisión
- Protege una parte importante del chasis del quad/UTV
- Protege contra choques e impactos de piedras
- Incluye kit de montaje
- Se entrega por pares
""",VEHICLE PARTS & ACCESSORIES,ACCESSORIES,ACC. PLASTIC&PROTECT,,,,,11421,1674,416,259,106,,,,,,,,,,,,,,,,,,,,,,,,,,,,,,,,,,,,,,https://api.mybihr.com/medias/1057866-1-800Wx800H?context=bWFzdGVyfHJvb3R8MjE3MzR8aW1hZ2UvanBlZ3xhRFpqTDJneU5DODRPVGN5TmpFMU5qZ3dNRE13THpFd05UYzROall0TVY4NE1EQlhlRGd3TUVnfDIwNzYxYzAyOThkNzE1MGMzNmNjZjI1MmIzNGQzYzVkY2Q1ZWRlN2E5ZjFmYmI4YjRmNWQzZDBkOWUzOThjNTU,,,,,,,,https://static.bihr.pro/eBihr/Pictures/ART-pictures.zip,,Spain Warehouse (Parts)
1058898,443782,ASOT-340-BK,ART,ART PROTECTION REINFORCED LINKAGE,Protector de bieletas ART para Husqvarna TE-FE 14-  negro,216.59,179.00,107.40,3661738010951,20,8708109090,0,1,"<p>Principales características</p><ul>  <li>Fabricado en aluminio 6061 de alta calidad   <li>Trabajado con máquina CNC partiendo de una sola pieza de aluminio, lo que   le da mayor rigidez y resistencia a los impactos.   <li>Se suministra con escéntricas con 11 posiciones diferentes de altura.   <li>Protege las bieletas y la parte baja del amortiguador, evitando el mal   funcionamiento de estos.   <li>Su forma con esquinas redondeadas ayuda a superar obstáculos de grandes   dimensiones.   <li>Instalación sencilla sustituyendo la bieleta de origen.   <li>Testado con los principales equipos de competición con resultados   sorprendentes.   <li>Indispensable para los Endureros más atrevidos.</li></ul>","
Principales características  Fabricado en aluminio 6061 de alta calidad   Trabajado con máquina CNC partiendo de una sola pieza de aluminio, lo que   le da mayor rigidez y resistencia a los impactos.   Se suministra con escéntricas con 11 posiciones diferentes de altura.   Protege las bieletas y la parte baja del amortiguador, evitando el mal   funcionamiento de estos.   Su forma con esquinas redondeadas ayuda a superar obstáculos de grandes   dimensiones.   Instalación sencilla sustituyendo la bieleta de origen.   Testado con los principales equipos de competición con resultados   sorprendentes.   Indispensable para los Endureros más atrevidos.",VEHICLE PARTS & ACCESSORIES,ACCESSORIES,ACC. PLASTIC&PROTECT,,,,,4336,816,297,200,73,,,,,,,,,,,,,,,,,,,,,,,,,,,,,,,,,,,,,,https://api.mybihr.com/medias/1058898-1-800Wx800H?context=bWFzdGVyfHJvb3R8ODQ4MzF8aW1hZ2UvanBlZ3xhREExTDJoalpTODRPVGN5T0RBNE1ESTRNVGt3THpFd05UZzRPVGd0TVY4NE1EQlhlRGd3TUVnfDUxNTU1NjA2NzUyZmE3OTRjNDJjYzc3NTUwYWUzNGZlNjFjYjg4YzM3ODUwOWZhODczMjdlNjcyOWM4N2UxNmM,https://api.mybihr.com/medias/1058898-2-800Wx800H?context=bWFzdGVyfHJvb3R8NDE1ODh8aW1hZ2UvanBlZ3xhR1ExTDJoa05DODRPVGN5T0RBNE1qSTBOems0THpFd05UZzRPVGd0TWw4NE1EQlhlRGd3TUVnfDFmMzI1YzhlZDg3NDNkOWYxNDYyNzcyY2MwZGU1N2U4MDkzOTQ5NTdiYzJkNjFkNjJiNTc3ZDlhMTBiM2Q1OTM,https://api.mybihr.com/medias/1058898-3-800Wx800H?context=bWFzdGVyfHJvb3R8NDIxMzh8aW1hZ2UvanBlZ3xhR0UyTDJoa1lpODRPVGN5T0RBNE5ESXhOREEyTHpFd05UZzRPVGd0TTE4NE1EQlhlRGd3TUVnfGI4MTdiMjczZjUzODk1NWE5OTYyMzhlNjBlNmM2NDIzN2YzMjc1M2RjYTNiYmEyNDE5ODIyMDhmODFkZDAxOTc,https://api.mybihr.com/medias/1058898-4-800Wx800H?context=bWFzdGVyfHJvb3R8MzY2OTl8aW1hZ2UvanBlZ3xhRFl6TDJobE1pODRPVGN5T0RBNE5qRTRNREUwTHpFd05UZzRPVGd0TkY4NE1EQlhlRGd3TUVnfGRmODlhMWE3MGJlNjI1MmY0ZjhlYWJlMTVlYzBjY2IzNGE5MzJiMmM2ODk3M2RiNDRhZmFmODgzNzJmZmM0ZTA,https://api.mybihr.com/medias/1058898-5-800Wx800H?context=bWFzdGVyfHJvb3R8MzUxNTJ8aW1hZ2UvanBlZ3xhRE16TDJobE9TODRPVGN5T0RBNE9ERTBOakl5THpFd05UZzRPVGd0TlY4NE1EQlhlRGd3TUVnfGRhM2ZkZGNkNjljZTU3YTZmMDBkZWIwYWVlOGNkZDJiYTVlYmYzMzg0MTdlN2YxYzhlZjJlNTJmNzA3NTUzOTk,,,,https://static.bihr.pro/eBihr/Pictures/ART-pictures.zip,,Spain Warehouse (Parts)
1058899,446953,ASOT-383-ART-BK,ART,ART PROTECTION REINFORCED LINKAGE,Protector de bieletas ART para Beta negro,216.59,179.00,107.40,3661738036586,1,8708109090,0,1,"<html> <head> <meta http-equiv=""Content-Type"" content=""text/html; charset=utf-8""><title> </title> <style type=""text/css"">.cs4FC7BF42{text-align:left;margin:0pt 0pt 0pt 0pt;list-style-type:disc;color:#000;background-color:transparent;font-weight:normal;font-style:normal;}.csA7555675{color:#000;background-color:transparent;font-weight:normal;font-style:normal;}</style> </head> <body> <ul> <li>Protects shock and linkage from damage</li><li>Allows to decrease seat-ground distance</li><li>Include inserts for 11different suspension adjustments</li><li>Made from high quality 6061-aluminium</li></ul> </body> </html>","        Protects shock and linkage from damageAllows to decrease seat-ground distanceInclude inserts for 11different suspension adjustmentsMade from high quality 6061-aluminium  ",VEHICLE PARTS & ACCESSORIES,ACCESSORIES,ACC. PLASTIC&PROTECT,,,,,4336,816,297,200,73,,,,,,,,,,,,,,,,,,,,,,,,,,,,,,,,,,,,,,https://api.mybihr.com/medias/1058899-1-800Wx800H?context=bWFzdGVyfHJvb3R8ODQ4MzF8aW1hZ2UvanBlZ3xhRFV3TDJoak9DODRPVGN5T0RBNU1ERXhNak13THpFd05UZzRPVGt0TVY4NE1EQlhlRGd3TUVnfGM2YTMzMzhiZjgxYTQzMzcyN2QyYzQxYzBkYTMxYzYwNzA3YTJhYWEyZjIyMzgyODA1NmFlOGE5ZTJhNTM3NWM,https://api.mybihr.com/medias/1058899-2-800Wx800H?context=bWFzdGVyfHJvb3R8MzY2OTl8aW1hZ2UvanBlZ3xhRGt6TDJoak1TODRPVGN5T0RBNU1qQTNPRE00THpFd05UZzRPVGt0TWw4NE1EQlhlRGd3TUVnfDc2YmRhN2Y5ZjYwNzVhN2E4ZDQ3NGI4OGMyZmYyMmVlZGVhZmRjNjMwYjBjN2ZiMTk5NmY2YmUyZDFhN2RmMTA,https://api.mybihr.com/medias/1058899-3-800Wx800H?context=bWFzdGVyfHJvb3R8NDIxMzh8aW1hZ2UvanBlZ3xhR016TDJoaVlTODRPVGN5T0RBNU5EQTBORFEyTHpFd05UZzRPVGt0TTE4NE1EQlhlRGd3TUVnfDEzYTE0ZGNiOGEwYTA1YjY2YzZlOGQ2YWZkOGI3NjFjYTFiZDFjNTMxZjliYWVjOTIxYmI4M2VjMjgyZmRlYzc,https://api.mybihr.com/medias/1058899-4-800Wx800H?context=bWFzdGVyfHJvb3R8MzUxNTJ8aW1hZ2UvanBlZ3xhR1l5TDJoaU15ODRPVGN5T0RBNU5qQXhNRFUwTHpFd05UZzRPVGt0TkY4NE1EQlhlRGd3TUVnfGY1ZDIyYzMyMWJhMjc3MmNjM2QxMjQxNTI5OTBkMzEwMWQ5YTVmMDY3YzFjOGE5YTE2Yjc2ZWE2NjM4MjUxZjg,https://api.mybihr.com/medias/1058899-5-800Wx800H?context=bWFzdGVyfHJvb3R8NDE1ODh8aW1hZ2UvanBlZ3xhRGcxTDJoaFppODRPVGN5T0RBNU56azNOall5THpFd05UZzRPVGt0TlY4NE1EQlhlRGd3TUVnfGFjZjQ3YzFjYzA1M2IwYjIzOWRlZjdlZTc3MDZlYTNmZDM0NzljYjNkYTBkYWFkZjI3NzFjNmEwMDE1OTFiYWY,,,,https://static.bihr.pro/eBihr/Pictures/ART-pictures.zip,,Spain Warehouse (Parts)
1063268,,2AR04800180002,ART,ART PROTECTION GRAB BAR,Soporte barra ART aluminio  Yamaha YFM250R,55.90,46.20,22.18,441869,1,8714109090,0,1,<ul> <li>Grab bar</li> <li>Made from high resistance aluminium</li> <li>Delivered with fixing kit</li></ul>," Grab bar Made from high resistance aluminium Delivered with fixing kit",VEHICLE PARTS & ACCESSORIES,ACCESSORIES,ACC. PLASTIC&PROTECT,,,,,41446,1200,530,340,230,,,,,,,,,,,,,,,,,,,,,,,,,,,,,,,,,,,,,,https://api.mybihr.com/medias/1063268-1-800Wx800H?context=bWFzdGVyfHJvb3R8MTQ4MTJ8aW1hZ2UvanBlZ3xhRFJrTDJoaE9DODRPVGN6TmpreU9UWXdOems0THpFd05qTXlOamd0TVY4NE1EQlhlRGd3TUVnfGI4NzEwNGE4YzQxYzkyYjY1ZTA5YzQ1YjZhZDBlNWI3NjNiNDBlMWQ2NGY1Nzc0ODMyM2VhMzgzMzM4ZGViNDY,,,,,,,,https://static.bihr.pro/eBihr/Pictures/ART-pictures.zip,,Spain Warehouse (Parts)
1085940001,94865,ASRDG-08-ART-BK,ART,"ART PROTECTION REAR DISC, BLK",Protector disco de freno trasero ART Kawasaki negro,81.07,67.00,40.20,8430525948655,9,8714109090,0,1,"<html> <head> <meta http-equiv=""Content-Type"" content=""text/html; charset=utf-8""><title> </title> <style type=""text/css"">.cs95E872D0{text-align:left;margin:0pt 0pt 0pt 0pt;}.csC235ED31{color:#000;background-color:transparent;font-weight:normal;font-style:normal;}</style> </head> <body> <p>Disk protection made from hard anodized aluminium, colored to match your bike.</p><p></p><p></p></body> </html>","       Disk protection made from hard anodized aluminium, colored to match your bike. ",VEHICLE PARTS & ACCESSORIES,ACCESSORIES,ACC. PLASTIC&PROTECT,,,Negro,,1600,205,272,159,37,,,,,,,,,,,,,,,,Negro,,,,,,,,,,,,,,,,,,,,,,https://api.mybihr.com/medias/1085940001-1-800Wx800H?context=bWFzdGVyfHJvb3R8NzE5OTh8aW1hZ2UvanBlZ3xhRGc1TDJoa01DODRPVGM1TmpZME9UWXhOVFkyTHpFd09EVTVOREF3TURFdE1WODRNREJYZURnd01FZ3w0NThlMTI4YWI3NTBjMjEyOTM3ZjE5MGQxYmIxYmUyOTViZTk4OWVmMDgyNjI2NWU4Nzc0YjBkOGZmMjNlODQ5,,,,,,,,https://static.bihr.pro/eBihr/Pictures/ART-pictures.zip,,Spain Warehouse (Parts)
1085936002,89504,ASDG-15-GY,ART,"ART PROTECTION FRONT DISC, GRY",Soporte protector disco delantero ART Yamaha gris,36.30,30.00,18.00,8430525895041,4,8714109090,0,1,,,VEHICLE PARTS & ACCESSORIES,ACCESSORIES,ACC. PLASTIC&PROTECT,,,Gris,,602,920,119,158,32,,,,,,,,,,,,,,,,Gris,,,,,,,,,,,,,,,,,,,,,,https://api.mybihr.com/medias/1085936002-1-800Wx800H?context=bWFzdGVyfHJvb3R8NTkwMDR8aW1hZ2UvanBlZ3xhRFJqTDJoalpTOHhOVFF5Tnprek9UWTVOalkzTUM4eE1EZzFPVE0yTURBeUxURmZPREF3VjNnNE1EQkl8YTEwNTcwNmE4MWJiNTg0NTYxMGRmZWRkZjgzMjQ4ZDUwOGE4NWQwMjkxNTEzMmM1NDVkNzIzYzlkOGQ0M2RlMg,,,,,,,,https://static.bihr.pro/eBihr/Pictures/ART-pictures.zip,,Spain Warehouse (Parts)
1085936001,89503,ASDG-15-BL,ART,"ART PROTECTION FRONT DISC, BLU",Soporte protector disco delantero ART Yamaha azul,38.72,32.00,19.20,8430525895034,2,8714109090,0,1,,,VEHICLE PARTS & ACCESSORIES,ACCESSORIES,ACC. PLASTIC&PROTECT,,,Azul,,410,68,115,115,31,,,,,,,,,,,,,,,,Azul,,,,,,,,,,,,,,,,,,,,,,https://api.mybihr.com/medias/1085936001-1-800Wx800H?context=bWFzdGVyfHJvb3R8NzU0NDN8aW1hZ2UvanBlZ3xhRGc1TDJoa09TOHhOVFF5Tnprek9UTXdNelExTkM4eE1EZzFPVE0yTURBeExURmZPREF3VjNnNE1EQkl8ZTgwNWM2ZTQxZDMwMzE4YTE0ZDU1Y2FjZmFiOGJkZDFkNTZkYWUyYWY2Mzg5MzA5MTM0YTE3ZGY1NDgyMDdjZg,,,,,,,,https://static.bihr.pro/eBihr/Pictures/ART-pictures.zip,,Spain Warehouse (Parts)
1085935002,89497,ASDG-14-GY,ART,"ART PROTECTION FRONT DISC, GRY",Soporte protector disco delantero ART - KTM / HUSQVARNA,41.14,34.00,20.40,8430525894976,4,8714109090,0,1,<p><strong>KTM (ENDURO)</strong></p> <ul> <li>125-530 EXC 2016-2020</li> <li>250-450 EXC-F 2016-2020</li> </ul> <p><strong>KTM (MX)</strong></p> <ul> <li>125-250 SX 2015-2020</li> <li>250-450 SX-F 2015-2020</li> </ul> <p><strong>KTM (XC)</strong></p> <ul> <li>150-300 XC 2015-2020</li> <li>250-450 XC-F 2015-2020</li> </ul> <p><strong>HUSQVARNA (ENDURO)</strong></p> <ul> <li>TE 125-300 2016-2020</li> <li>FE 350-501 2016-2020</li> </ul> <p><strong>HUSQVARNA (MX)</strong></p> <ul> <li>TC 125-250 2015-2020</li> <li>FC 250-450 2015-2020</li> </ul> <p><strong>HUSQVARNA (XC)</strong></p> <ul> <li>TX 125-300 2017-2020</li> <li>FX 350-450 2017-2020</li> </ul>,"
KTM (ENDURO)  125-530 EXC 2016-2020 250-450 EXC-F 2016-2020  
KTM (MX)  125-250 SX 2015-2020 250-450 SX-F 2015-2020  
KTM (XC)  150-300 XC 2015-2020 250-450 XC-F 2015-2020  
HUSQVARNA (ENDURO)  TE 125-300 2016-2020 FE 350-501 2016-2020  
HUSQVARNA (MX)  TC 125-250 2015-2020 FC 250-450 2015-2020  
HUSQVARNA (XC)  TX 125-300 2017-2020 FX 350-450 2017-2020 ",VEHICLE PARTS & ACCESSORIES,ACCESSORIES,ACC. PLASTIC&PROTECT,,,Gris,,1245,136,199,149,42,,,,,,,,,,,,,,,,Gris,,,,,,,,,,,,,,,,,,,,,,https://api.mybihr.com/medias/1085935002-1-800Wx800H?context=bWFzdGVyfHJvb3R8NDc5NzB8aW1hZ2UvanBlZ3xhRGxqTDJoak15OHhOVFF5Tnprek9EVXhOekF5TWk4eE1EZzFPVE0xTURBeUxURmZPREF3VjNnNE1EQkl8YzZmZGM5MGRiYjhmZjRhNmYxMGIzMmJkNWFhMTU0ZGMyZTUwYTlmMDM4Y2ZkOTIzNDI0MTBmNTQyZTlhYjUwNA,,,,,,,,https://static.bihr.pro/eBihr/Pictures/ART-pictures.zip,,Spain Warehouse (Parts)
1085935001,89498,ASDG-14-BL,ART,"ART PROTECTION FRONT DISC, BLU",Soporte protector disco delantero ART - KTM / HUSQVARNA,38.72,32.00,19.20,8430525894983,16,8714109090,0,1,<p><strong>KTM (ENDURO)</strong></p> <ul> <li>125-530 EXC 2016-2020</li> <li>250-450 EXC-F 2016-2020</li> </ul> <p><strong>KTM (MX)</strong></p> <ul> <li>125-250 SX 2015-2020</li> <li>250-450 SX-F 2015-2020</li> </ul> <p><strong>KTM (XC)</strong></p> <ul> <li>150-300 XC 2015-2020</li> <li>250-450 XC-F 2015-2020</li> </ul> <p><strong>HUSQVARNA (ENDURO)</strong></p> <ul> <li>TE 125-300 2016-2020</li> <li>FE 350-501 2016-2020</li> </ul> <p><strong>HUSQVARNA (MX)</strong></p> <ul> <li>TC 125-250 2015-2020</li> <li>FC 250-450 2015-2020</li> </ul> <p><strong>HUSQVARNA (XC)</strong></p> <ul> <li>TX 125-300 2017-2020</li> <li>FX 350-450 2017-2020</li> </ul>,"
KTM (ENDURO)  125-530 EXC 2016-2020 250-450 EXC-F 2016-2020  
KTM (MX)  125-250 SX 2015-2020 250-450 SX-F 2015-2020  
KTM (XC)  150-300 XC 2015-2020 250-450 XC-F 2015-2020  
HUSQVARNA (ENDURO)  TE 125-300 2016-2020 FE 350-501 2016-2020  
HUSQVARNA (MX)  TC 125-250 2015-2020 FC 250-450 2015-2020  
HUSQVARNA (XC)  TX 125-300 2017-2020 FX 350-450 2017-2020 ",VEHICLE PARTS & ACCESSORIES,ACCESSORIES,ACC. PLASTIC&PROTECT,,,Azul,,1230,138,200,150,41,,,,,,,,,,,,,,,,Azul,,,,,,,,,,,,,,,,,,,,,,https://api.mybihr.com/medias/1085935001-1-800Wx800H?context=bWFzdGVyfHJvb3R8NjI5MTB8aW1hZ2UvanBlZ3xhREJsTDJoaU5pOHhOVFF5Tnprek9ERXlNemd3Tmk4eE1EZzFPVE0xTURBeExURmZPREF3VjNnNE1EQkl8MzQ0Yzg5MjVmMzE4NTFiY2MxZDc0YzIyYTI2OGQwNmMwNDViNGIzZGI3NzRjMjg2ZjZlMDdkZDIwMzNhMTZjNw,,,,,,,,https://static.bihr.pro/eBihr/Pictures/ART-pictures.zip,,Spain Warehouse (Parts)
1085935003,89499,ASDG-14-OR,ART,"ART PROTECTION FRONT DISC, GLD",Soporte protector disco delantero ART - KTM / HUSQVARNA,38.72,32.00,19.20,8430525894990,11,8714109090,0,1,<p><strong>KTM (ENDURO)</strong></p> <ul> <li>125-530 EXC 2016-2020</li> <li>250-450 EXC-F 2016-2020</li> </ul> <p><strong>KTM (MX)</strong></p> <ul> <li>125-250 SX 2015-2020</li> <li>250-450 SX-F 2015-2020</li> </ul> <p><strong>KTM (XC)</strong></p> <ul> <li>150-300 XC 2015-2020</li> <li>250-450 XC-F 2015-2020</li> </ul> <p><strong>HUSQVARNA (ENDURO)</strong></p> <ul> <li>TE 125-300 2016-2020</li> <li>FE 350-501 2016-2020</li> </ul> <p><strong>HUSQVARNA (MX)</strong></p> <ul> <li>TC 125-250 2015-2020</li> <li>FC 250-450 2015-2020</li> </ul> <p><strong>HUSQVARNA (XC)</strong></p> <ul> <li>TX 125-300 2017-2020</li> <li>FX 350-450 2017-2020</li> </ul>,"
KTM (ENDURO)  125-530 EXC 2016-2020 250-450 EXC-F 2016-2020  
KTM (MX)  125-250 SX 2015-2020 250-450 SX-F 2015-2020  
KTM (XC)  150-300 XC 2015-2020 250-450 XC-F 2015-2020  
HUSQVARNA (ENDURO)  TE 125-300 2016-2020 FE 350-501 2016-2020  
HUSQVARNA (MX)  TC 125-250 2015-2020 FC 250-450 2015-2020  
HUSQVARNA (XC)  TX 125-300 2017-2020 FX 350-450 2017-2020 ",VEHICLE PARTS & ACCESSORIES,ACCESSORIES,ACC. PLASTIC&PROTECT,,,Dorado,,660,90,129,119,43,,,,,,,,,,,,,,,,Oro,,,,,,,,,,,,,,,,,,,,,,https://api.mybihr.com/medias/1085935003-1-800Wx800H?context=bWFzdGVyfHJvb3R8NjU5Mzh8aW1hZ2UvanBlZ3xhRE5rTDJoa01TOHhOVFF5Tnprek9Ea3hNREl6T0M4eE1EZzFPVE0xTURBekxURmZPREF3VjNnNE1EQkl8YWVjZDExNjg5NTdkY2E5NjNiNDEwNGQ0NzliMGQzZGI2MjA2ODViYWZhZDRiNDBjMTIwMjk2YmE3NWFjMDJiMw,,,,,,,,https://static.bihr.pro/eBihr/Pictures/ART-pictures.zip,,Spain Warehouse (Parts)
1086029001,93395,ABLC-01-BL,ART,"ART CABLEGUIDE, BLU/BLU",Guiacables ART Yamaha azul,15.73,13.00,7.80,8430525933958,0,8714109090,0,1,,,VEHICLE PARTS & ACCESSORIES,ACCESSORIES,ACC. PLASTIC&PROTECT,,,,Azul / Azul,265,44,94,134,21,,,,,,,,,,,,,,,,,,,,,,,,,,,,,,,,,,,,,,https://api.mybihr.com/medias/1086029001-1-800Wx800H?context=bWFzdGVyfHJvb3R8NTY1NTl8aW1hZ2UvanBlZ3xhR1ExTDJneU9DOHhOVFF5TnprMk1ERTBNemt3TWk4eE1EZzJNREk1TURBeExURmZPREF3VjNnNE1EQkl8MTZlODhiMjRhYjk2ZjU3OTY0MWZjZDAyM2M3MGI5OTMwNWEyNzVhMDk5ZmU4OTcwYmI2NmU4Mzc5Nzk0NzMyMg,,,,,,,,https://static.bihr.pro/eBihr/Pictures/ART-pictures.zip,,Spain Warehouse (Parts)
1086029004,93398,ABLC-03-GN,ART,"ART CABLEGUIDE, GRN/GRN",Guiacables ART Suzuki Kawasaki verde,15.73,13.00,7.80,8430525933989,11,8714109090,0,1,,,VEHICLE PARTS & ACCESSORIES,ACCESSORIES,ACC. PLASTIC&PROTECT,,,,Verde / Verde,265,44,94,134,21,,,,,,,,,,,,,,,,,,,,,,,,,,,,,,,,,,,,,,https://api.mybihr.com/medias/1086029004-1-800Wx800H?context=bWFzdGVyfHJvb3R8NTEyMzh8aW1hZ2UvanBlZ3xhRGt4TDJnME55OHhOVFF5TnprMk1UTXlNelUxTUM4eE1EZzJNREk1TURBMExURmZPREF3VjNnNE1EQkl8NWI1ZTgzNjRmMTg0NGRlZTYwNTU4MDlkMDg5ZDViZmM2NThhN2QxZGE1ZDYwMDk4MzhiM2ZmY2ZlZGVjN2I2NA,,,,,,,,https://static.bihr.pro/eBihr/Pictures/ART-pictures.zip,,Spain Warehouse (Parts)
1086029002,93393,ABLC-02-RD,ART,"ART CABLEGUIDE, RED/RED",Guiacables ART Honda rojo,15.73,13.00,7.80,8430525933934,3,8714109090,0,1,,,VEHICLE PARTS & ACCESSORIES,ACCESSORIES,ACC. PLASTIC&PROTECT,,,,Rojo / Rojo,265,40,94,134,21,,,,,,,,,,,,,,,,,,,,,,,,,,,,,,,,,,,,,,https://api.mybihr.com/medias/1086029002-1-800Wx800H?context=bWFzdGVyfHJvb3R8NTMzNTN8aW1hZ2UvanBlZ3xhRFEzTDJneFlpOHhOVFF5TnprMk1EVXpOekV4T0M4eE1EZzJNREk1TURBeUxURmZPREF3VjNnNE1EQkl8YTRkNDVhYmQ1ZjAxMjQ4ZjYyZWRmYWU0ZTFkMmM1ZjY2OWJkZTcyMGI2NTg1ZDBkODA3Y2VhNjI3NzEzMTk4ZQ,,,,,,,,https://static.bihr.pro/eBihr/Pictures/ART-pictures.zip,,Spain Warehouse (Parts)
1086029003,93397,ABLC-03-BK,ART,"ART CABLEGUIDE, BLK/BLK",Guiacables ART Suzuki Kawasaki negro,15.73,13.00,7.80,8430525933972,13,8714109090,0,1,,,VEHICLE PARTS & ACCESSORIES,ACCESSORIES,ACC. PLASTIC&PROTECT,,,,Negro / Negro,265,44,94,134,21,,,,,,,,,,,,,,,,,,,,,,,,,,,,,,,,,,,,,,https://api.mybihr.com/medias/1086029003-1-800Wx800H?context=bWFzdGVyfHJvb3R8MzY4MDN8aW1hZ2UvanBlZ3xhR0UyTDJnd1pDOHhOVFF5TnprMk1Ea3pNRE16TkM4eE1EZzJNREk1TURBekxURmZPREF3VjNnNE1EQkl8ZWVlM2Q4NTkyYmFiMjk2ZTdiNmFmZGZkZjIzMzRiZWM0N2QwMjA3MjUxNzcwOWMyZmFkOTdmOWQ1ZTQzZjEyNg,,,,,,,,https://static.bihr.pro/eBihr/Pictures/ART-pictures.zip,,Spain Warehouse (Parts)
1086030002,93394,ABLC-04-RD,ART,"ART CABLEGUIDE, RED/RED",Guiacables ART Honda rojo,15.73,13.00,7.80,8430525933941,5,8714109090,0,1,,,VEHICLE PARTS & ACCESSORIES,ACCESSORIES,ACC. PLASTIC&PROTECT,,,,Rojo / Rojo,266,40,94,135,21,,,,,,,,,,,,,,,,,,,,,,,,,,,,,,,,,,,,,,https://api.mybihr.com/medias/1086030002-1-800Wx800H?context=bWFzdGVyfHJvb3R8NTMzNTN8aW1hZ2UvanBlZ3xhRFU0TDJoaFlTOHhOVFF5TnprMk1qRXdPVGs0TWk4eE1EZzJNRE13TURBeUxURmZPREF3VjNnNE1EQkl8Njc2ZWQ5OTM0YzMzYjQwOWMyOGQwYWFjN2U5MDMwYmNlZDIzMjA2MDRhZjIzODdmNDUzZDUyYzQzYjJlMGEyMg,,,,,,,,https://static.bihr.pro/eBihr/Pictures/ART-pictures.zip,,Spain Warehouse (Parts)
1086030001,93396,ABLC-04-BL,ART,"ART CABLEGUIDE, BLU/BLU",Guiacables ART Yamaha azul,15.73,13.00,7.80,8430525933965,20,8714109090,0,1,,,VEHICLE PARTS & ACCESSORIES,ACCESSORIES,ACC. PLASTIC&PROTECT,,,,Azul / Azul,262,38,93,134,21,,,,,,,,,,,,,,,,,,,,,,,,,,,,,,,,,,,,,,https://api.mybihr.com/medias/1086030001-1-800Wx800H?context=bWFzdGVyfHJvb3R8NTYxMTF8aW1hZ2UvanBlZ3xhREZtTDJnMU5TOHhOVFF5TnprMk1UY3hOamMyTmk4eE1EZzJNRE13TURBeExURmZPREF3VjNnNE1EQkl8YTI5MjI5ZDZjNzNkZTE0NzgwMGRhNjFjMTk4ODY3M2MxNTgwYTI5MWU0MzVmYzE2NGUzYzA3NTFmYjliODU4Mg,,,,,,,,https://static.bihr.pro/eBihr/Pictures/ART-pictures.zip,,Spain Warehouse (Parts)
1085941002,93433,ASRDG-10-YE,ART,"ART PROTECTION REAR DISC, YEL",Protector de disco trasero ART Suzuki amarillo,59.29,49.00,9.04,8430525934337,3,8714109090,0,1,,,VEHICLE PARTS & ACCESSORIES,ACCESSORIES,ACC. PLASTIC&PROTECT,,,Amarillo,,2889,150,334,211,41,,,,,,,,,,,,,,,,Amarillo,,,,,,,,,,,,,,,,,,,,,,,,,,,,,,https://static.bihr.pro/eBihr/Pictures/ART-pictures.zip,,Spain Warehouse (Parts)
1085939002,89489,ASRDG-06-ART-BL,ART,"ART PROTECTION REAR DISC, BLU",Protector disco de freno trasero ART KTM/Husqvarna azul,85.91,71.00,42.60,8430525894891,22,8714109090,0,1,"<html> <head> <meta http-equiv=""Content-Type"" content=""text/html; charset=utf-8""><title> </title> <style type=""text/css"">.cs95E872D0{text-align:left;margin:0pt 0pt 0pt 0pt;}.csC235ED31{color:#000;background-color:transparent;font-weight:normal;font-style:normal;}</style> </head> <body> <p>Disk protection made from hard anodized aluminium, colored to match your bike.</p><p></p><p></p></body> </html>","       Disk protection made from hard anodized aluminium, colored to match your bike. ",VEHICLE PARTS & ACCESSORIES,ACCESSORIES,ACC. PLASTIC&PROTECT,,,Azul,,1938,328,300,190,34,,,,,,,,,,,,,,,,Azul,,,,,,,,,,,,,,,,,,,,,,https://api.mybihr.com/medias/1085939002-1-800Wx800H?context=bWFzdGVyfHJvb3R8ODQ1MTR8aW1hZ2UvanBlZ3xhREpoTDJoa1pTODRPVGM1TmpZME5UWTRNelV3THpFd09EVTVNemt3TURJdE1WODRNREJYZURnd01FZ3wyZTQ2OTM4Yzk1MzhlNGE5OWI4NDY4NzY2NWUwYWFiNzhlN2EyZjZmODk5NjAxOGI4N2VjNjkyYzZiODU0OTY3,,,,,,,,https://static.bihr.pro/eBihr/Pictures/ART-pictures.zip,,Spain Warehouse (Parts)
1085938003,43140,ASRDG-02-BK,ART,"ART PROTECTION REAR DISC, BLK",Protector de disco trasero ART con soporte de pinza negro,145.20,120.00,72.00,8430525431409,2,8714109090,0,1,,,VEHICLE PARTS & ACCESSORIES,ACCESSORIES,ACC. PLASTIC&PROTECT,,,Negro,,1781,518,159,224,50,,,,,,,,,,,,,,,,Negro,,,,,,,,,,,,,,,,,,,,,,https://api.mybihr.com/medias/1085938003-1-800Wx800H?context=bWFzdGVyfHJvb3R8NTE2MzR8aW1hZ2UvanBlZ3xhREU1TDJoaE5TOHhOVFF5TnprME1USTJPVFV6TkM4eE1EZzFPVE00TURBekxURmZPREF3VjNnNE1EQkl8MmIxZjg0MzZkMmI3Y2IwMjg1Y2M4ODE0MTM3MGM1OWZhZDhlYTExMWUzYzBmZDY1ZTlkZmU2MTAyY2I5YjNlZQ,,,,,,,,https://static.bihr.pro/eBihr/Pictures/ART-pictures.zip,,Spain Warehouse (Parts)
1085938002,43142,ASRDG-02-OR,ART,"ART PROTECTION REAR DISC, GLD",Protector de disco trasero ART con soporte de pinza naranja,170.61,141.00,84.60,8430525431423,4,8714109090,0,1,,,VEHICLE PARTS & ACCESSORIES,ACCESSORIES,ACC. PLASTIC&PROTECT,,,Dorado,,2522,508,188,263,51,,,,,,,,,,,,,,,,Oro,,,,,,,,,,,,,,,,,,,,,,https://api.mybihr.com/medias/1085938002-1-800Wx800H?context=bWFzdGVyfHJvb3R8NjI1Nzl8aW1hZ2UvanBlZ3xhR1V3TDJnMFppOHhOVFF5TnprME1EZzNOak14T0M4eE1EZzFPVE00TURBeUxURmZPREF3VjNnNE1EQkl8MWQ3OTRmNTg1ZWVlNWMwN2JlMmMxYzQxYmRkMTI5MjVhYjg4ZTAwYmY0ZWI2YjZmN2M4YWE2M2M5NGZlMDFkOA,,,,,,,,https://static.bihr.pro/eBihr/Pictures/ART-pictures.zip,,Spain Warehouse (Parts)
1085938001,43141,ASRDG-02-BL,ART,"ART PROTECTION REAR DISC, BLU",Protector de disco trasero ART con soporte de pinza azul,179.08,148.00,88.80,8430525431416,2,8714109090,0,1,,,VEHICLE PARTS & ACCESSORIES,ACCESSORIES,ACC. PLASTIC&PROTECT,,,Azul,,1708,518,165,225,46,,,,,,,,,,,,,,,,Azul,,,,,,,,,,,,,,,,,,,,,,https://api.mybihr.com/medias/1085938001-1-800Wx800H?context=bWFzdGVyfHJvb3R8NjY5NDV8aW1hZ2UvanBlZ3xhRFV6TDJnME1pOHhOVFF5TnprME1EUTRNekV3TWk4eE1EZzFPVE00TURBeExURmZPREF3VjNnNE1EQkl8MWM5ZmJiZGJjZTM0MDI2MTAyMWMxZjMzNDFiZjNkMmI3MjhlNDFiZmZiMjU0ZGFjODE5NDgyYzQ3OTQxNTFmNA,,,,,,,,https://static.bihr.pro/eBihr/Pictures/ART-pictures.zip,,Spain Warehouse (Parts)
1085937001,38132,ASRDG-01-ART-BL,ART,"ART PROTECTION REAR DISC, BLU",Protector disco trasero ART azul Husaberg Husqvarna 14-15,70.18,58.00,34.80,8430525381322,0,8714109090,0,1,"<html> <head> <meta http-equiv=""Content-Type"" content=""text/html; charset=utf-8""><title> </title> <style type=""text/css"">.cs95E872D0{text-align:left;margin:0pt 0pt 0pt 0pt;}.csC235ED31{color:#000;background-color:transparent;font-weight:normal;font-style:normal;}</style> </head> <body> <p>Disk protection made from hard anodized aluminium, colored to match your bike.</p><p></p><p></p></body> </html>","       Disk protection made from hard anodized aluminium, colored to match your bike. ",VEHICLE PARTS & ACCESSORIES,ACCESSORIES,ACC. PLASTIC&PROTECT,,,Azul,,1642,307,298,190,29,,,,,,,,,,,,,,,,Azul,,,,,,,,,,,,,,,,,,,,,,https://api.mybihr.com/medias/1085937001-1-800Wx800H?context=bWFzdGVyfHJvb3R8NDI0MDZ8aW1hZ2UvanBlZ3xhR05qTDJoak5TODRPVGM1TmpZek9UYzROVEkyTHpFd09EVTVNemN3TURFdE1WODRNREJYZURnd01FZ3xhYmQ4ZTdjMGNkMDkzZWIzNjBiMTdkN2Y0ZmVhODhmMjU0M2Q4ZmIxZmQ1OGMwMWZhYjdiYjAxZGQ1MmUxNGQ5,,,,,,,,https://static.bihr.pro/eBihr/Pictures/ART-pictures.zip,,Spain Warehouse (Parts)
1085937002,38130,ASRDG-01-ART-OR,ART,"ART PROTECTION REAR DISC, GLD",Protector disco trasero ART naranja Ktm,70.18,58.00,34.80,8430525381308,12,8714109090,0,1,"<html> <head> <meta http-equiv=""Content-Type"" content=""text/html; charset=utf-8""><title> </title> <style type=""text/css"">.cs95E872D0{text-align:left;margin:0pt 0pt 0pt 0pt;}.csC235ED31{color:#000;background-color:transparent;font-weight:normal;font-style:normal;}</style> </head> <body> <p>Disk protection made from hard anodized aluminium, colored to match your bike.</p><p></p><p></p></body> </html>","       Disk protection made from hard anodized aluminium, colored to match your bike. ",VEHICLE PARTS & ACCESSORIES,ACCESSORIES,ACC. PLASTIC&PROTECT,,,Dorado,,1831,319,298,192,32,,,,,,,,,,,,,,,,Naranja,,,,,,,,,,,,,,,,,,,,,,https://api.mybihr.com/medias/1085937002-1-800Wx800H?context=bWFzdGVyfHJvb3R8NjM1ODN8aW1hZ2UvanBlZ3xhR0kzTDJobFlpODRPVGM1TmpZME1UYzFNVE0wTHpFd09EVTVNemN3TURJdE1WODRNREJYZURnd01FZ3w3ZWRhMjUzNmNhYjljMzc1ZTAyZjc5MjBhMGFiOWVlZWFkZGYwNzgwM2EwZGNiODgxYmVjZTNlOWJiNmM0NmIz,,,,,,,,https://static.bihr.pro/eBihr/Pictures/ART-pictures.zip,,Spain Warehouse (Parts)
1085937003,43139,ASRDG-01-BK,ART,"ART PROTECTION REAR DISC, BLK",Protector disco trasero negro ART Ktm Husaberg Husqvarna 14-16,71.39,59.00,35.40,8430525431393,0,8714109090,0,1,,,VEHICLE PARTS & ACCESSORIES,ACCESSORIES,ACC. PLASTIC&PROTECT,,,Negro,,1057,252,148,204,35,,,,,,,,,,,,,,,,Negro,,,,,,,,,,,,,,,,,,,,,,https://api.mybihr.com/medias/1085937003-1-800Wx800H?context=bWFzdGVyfHJvb3R8MzA1NzB8aW1hZ2UvanBlZ3xhR0l5TDJnek5DOHhOVFF5TnprME1EQTRPVGc0Tmk4eE1EZzFPVE0zTURBekxURmZPREF3VjNnNE1EQkl8NzMzMjFiZjI5MGY4NDM3YmYxOWJlNGEwYzRlYmRlY2Q5YzEwMzY2MDJlYTE5YWJiYjkxZWI4YmQ2NzNiNzM5YQ,,,,,,,,https://static.bihr.pro/eBihr/Pictures/ART-pictures.zip,,Spain Warehouse (Parts)
1059972,89487,ASDC-17,ART,ART PROTECTION DISC FRONT BLK,Protector disco delantero y pinza ART valido Ø270 negro,22.99,19.00,11.40,8430525894877,5,8714109090,0,1,,,VEHICLE PARTS & ACCESSORIES,ACCESSORIES,ACC. PLASTIC&PROTECT,,,,,5621,142,346,285,57,,,,,,,,,,,,,,,,,,,,,,,,,,,,,,,,,,,,,,https://api.mybihr.com/medias/1059972-1-800Wx800H?context=bWFzdGVyfHJvb3R8NjQwNzZ8aW1hZ2UvanBlZ3xhRFkyTDJobVlTOHhOVFF5TmpRMk1qVTRNRGMyTmk4eE1EVTVPVGN5TFRGZk9EQXdWM2c0TURCSXw3NjIyM2U4MjgxZjA5Zjk3ODk0NDU5MGRmOTdiNzRlYzE1OWNjOWNlZjVlNDdlNjc2ZmExOGZiMTBhOWI0OGJi,,,,,,,,https://static.bihr.pro/eBihr/Pictures/ART-pictures.zip,,Spain Warehouse (Parts)
1059971,38076,ASDC-07,ART,ART PROTECTION DISC FRONT BLK,Protector disco delantero ART negro,21.78,18.00,10.80,8430525380769,7,8714109090,0,1,,,VEHICLE PARTS & ACCESSORIES,ACCESSORIES,ACC. PLASTIC&PROTECT,,,,,3435,98,236,297,49,,,,,,,,,,,,,,,,,,,,,,,,,,,,,,,,,,,,,,https://api.mybihr.com/medias/1059971-1-800Wx800H?context=bWFzdGVyfHJvb3R8Njk4NDB8aW1hZ2UvanBlZ3xhR1k0TDJobU55OHhOVFF5TmpRMk1qRTROelUxTUM4eE1EVTVPVGN4TFRGZk9EQXdWM2c0TURCSXxiZjEyMGM2MWNlOTQ5OWFmZGM5OGI1YjAwZDFlNmYyYTQ0YzQ1M2YxMzEyODEwZGY3NGJjY2JmZDNhNjQwNWUy,,,,,,,,https://static.bihr.pro/eBihr/Pictures/ART-pictures.zip,,Spain Warehouse (Parts)
1059969,93412,ASDG-16-GY,ART,ART MOUNT KIT DISC PROTECTION SIL,Soporte protector de disco delantero ART Beta gris,42.35,35.00,21.00,8430525934122,5,8714109090,0,1,,,VEHICLE PARTS & ACCESSORIES,ACCESSORIES,ACC. PLASTIC&PROTECT,,,,,630,80,121,137,38,,,,,,,,,,,,,,,,,,,,,,,,,,,,,,,,,,,,,,,,,,,,,,https://static.bihr.pro/eBihr/Pictures/ART-pictures.zip,,Spain Warehouse (Parts)
1059981,89481,ASDC-11,ART,ART PROTECTION DISC FRONT RED,Protector disco delantero y pinza ART valido Ø270 rojo,21.78,18.00,10.80,8430525894815,31,8714109090,0,1,,,VEHICLE PARTS & ACCESSORIES,ACCESSORIES,ACC. PLASTIC&PROTECT,,,,,5811,136,301,297,65,,,,,,,,,,,,,,,,,,,,,,,,,,,,,,,,,,,,,,https://api.mybihr.com/medias/1059981-1-800Wx800H?context=bWFzdGVyfHJvb3R8NTA0NzR8aW1hZ2UvanBlZ3xhRFkzTDJnNVpTOHhOVFF5TmpRMk5qRXhPVGN4TUM4eE1EVTVPVGd4TFRGZk9EQXdWM2c0TURCSXxkMDBhMmI5NjMzMWNhMzc2NDQzYWJmYzIxZDRiYTM0YjBhNzM3OTA3ZjkyMDgyMDMzNzk1NWUzMmRkMDBjMzYy,,,,,,,,https://static.bihr.pro/eBihr/Pictures/ART-pictures.zip,,Spain Warehouse (Parts)
1059979,89485,ASDC-15,ART,ART PROTECTION DISC FRONT ORA,Protector disco delantero y pinza ART valido Ø270 naranja,21.78,18.00,10.80,8430525894853,21,8714109090,0,1,,,VEHICLE PARTS & ACCESSORIES,ACCESSORIES,ACC. PLASTIC&PROTECT,,,,,4923,136,280,298,59,,,,,,,,,,,,,,,,,,,,,,,,,,,,,,,,,,,,,,https://api.mybihr.com/medias/1059979-1-800Wx800H?context=bWFzdGVyfHJvb3R8NDgzNDl8aW1hZ2UvanBlZ3xhR0V3TDJnellpOHhOVFF5TmpRMk5UTXpNekkzT0M4eE1EVTVPVGM1TFRGZk9EQXdWM2c0TURCSXw5ZGFmYzk5MGFiNmNmNjU0ZmQ0OGVkOGQwMmIzZmIwZGUyN2I4NjA0NWJjOWU0MzJmMmEyOWEzZWRhNzY4MzFj,,,,,,,,https://static.bihr.pro/eBihr/Pictures/ART-pictures.zip,,Spain Warehouse (Parts)
1059983,89486,ASDC-16,ART,ART PROTECTION DISC FRONT WHT,Protector disco delantero y pinza ART valido Ø270 blanco,21.78,18.00,10.80,8430525894860,5,8714109090,0,1,,,VEHICLE PARTS & ACCESSORIES,ACCESSORIES,ACC. PLASTIC&PROTECT,,,,,4768,130,277,302,57,,,,,,,,,,,,,,,,,,,,,,,,,,,,,,,,,,,,,,https://api.mybihr.com/medias/1059983-1-800Wx800H?context=bWFzdGVyfHJvb3R8MjQ0ODR8aW1hZ2UvanBlZ3xhRGsxTDJoaU9TOHhOVFF5TmpRMk5qa3dOakUwTWk4eE1EVTVPVGd6TFRGZk9EQXdWM2c0TURCSXw5NzhkMDAwOWQxZDY5Nzk0NjFiYjk5ZmE4OGExZDAwZGVkZjU4MzRlODk4MTdmOTJkMWJhZjhiZDhkOTg2NDdi,,,,,,,,https://static.bihr.pro/eBihr/Pictures/ART-pictures.zip,,Spain Warehouse (Parts)
1059984,89483,ASDC-13,ART,ART PROTECTION DISC FRONT YEL,Protector disco delantero y pinza ART valido Ø270 amarillo,21.78,18.00,10.80,8430525894839,33,8714109090,0,1,,,VEHICLE PARTS & ACCESSORIES,ACCESSORIES,ACC. PLASTIC&PROTECT,,,,,5003,130,277,301,60,,,,,,,,,,,,,,,,,,,,,,,,,,,,,,,,,,,,,,https://api.mybihr.com/medias/1059984-1-800Wx800H?context=bWFzdGVyfHJvb3R8MzI2MTN8aW1hZ2UvanBlZ3xhRGd4TDJobU15OHhOVFF5TmpRMk56STVPVE0xT0M4eE1EVTVPVGcwTFRGZk9EQXdWM2c0TURCSXxhZmYxM2JmM2U4NmFlMzQ2ZWE1YmMzOGExMWFjODM4YmJlMmE5Y2JmOTQwMDIyMmI3NjY2M2E3YmI5NTBjN2M4,,,,,,,,https://static.bihr.pro/eBihr/Pictures/ART-pictures.zip,,Spain Warehouse (Parts)
1059967,89501,ASDG-03-GY,ART,ART MOUNT KIT DISC PROTECTION SIL,Soporte protector disco delantero ART Suzuki gris,38.72,32.00,19.20,8430525895010,11,8714109090,0,1,,,VEHICLE PARTS & ACCESSORIES,ACCESSORIES,ACC. PLASTIC&PROTECT,,,,,529,88,115,118,39,,,,,,,,,,,,,,,,,,,,,,,,,,,,,,,,,,,,,,https://api.mybihr.com/medias/1059967-1-800Wx800H?context=bWFzdGVyfHJvb3R8NTM2NTV8aW1hZ2UvanBlZ3xhRGd5TDJnNU55OHhOVFF5TmpRMk1UUXdNVEV4T0M4eE1EVTVPVFkzTFRGZk9EQXdWM2c0TURCSXxhMzE0OGI2MzBjYzBhZGIyN2NkNWQ2NGJjOTU4ODVmOTAwMGYzMmExYTQyOGMwMGEwYzliMGFkNTA0MTFmNDA4,,,,,,,,https://static.bihr.pro/eBihr/Pictures/ART-pictures.zip,,Spain Warehouse (Parts)
1059966,89502,ASDG-02-GY,ART,ART MOUNT KIT DISC PROTECTION SIL,Soporte protector disco delantero ART Kawaski gris,33.88,28.00,16.80,8430525895027,4,8714109090,0,1,,,VEHICLE PARTS & ACCESSORIES,ACCESSORIES,ACC. PLASTIC&PROTECT,,,,,502,86,124,119,34,,,,,,,,,,,,,,,,,,,,,,,,,,,,,,,,,,,,,,https://api.mybihr.com/medias/1059966-1-800Wx800H?context=bWFzdGVyfHJvb3R8NTQ3NzB8aW1hZ2UvanBlZ3xhR1V4TDJnNE9TOHhOVFF5TmpRMk1UQXdOemt3TWk4eE1EVTVPVFkyTFRGZk9EQXdWM2c0TURCSXwxZGMxNzU4MWI1NjYxNjNjNjQ5ZGZiNWIyZDRjZDFkMTkxOTMzMmU3M2YxNjg3ODA5OWJjNDViY2NlZGY0ODIz,,,,,,,,https://static.bihr.pro/eBihr/Pictures/ART-pictures.zip,,Spain Warehouse (Parts)
1059973,38073,ASDC-04,ART,ART PROTECTION DISC FRONT BLU,Protector disco delantero ART azul,21.78,18.00,10.80,8430525380738,4,8714109090,0,1,,,VEHICLE PARTS & ACCESSORIES,ACCESSORIES,ACC. PLASTIC&PROTECT,,,,,2849,104,245,306,38,,,,,,,,,,,,,,,,,,,,,,,,,,,,,,,,,,,,,,https://api.mybihr.com/medias/1059973-1-800Wx800H?context=bWFzdGVyfHJvb3R8Njk4NDB8aW1hZ2UvanBlZ3xhR1E1TDJobFl5OHhOVFF5TmpRMk1qazNNems0TWk4eE1EVTVPVGN6TFRGZk9EQXdWM2c0TURCSXwxYWU5ZTdkMmUxNmJjZjQ4NmZmYWNhYmI3MDdkODZmNjRjY2RmOTkyNGZjOGZlODk3MjQ4NzcxYTllZGZmOGQx,,,,,,,,https://static.bihr.pro/eBihr/Pictures/ART-pictures.zip,,Spain Warehouse (Parts)
1059970,93413,ASDG-17-GY,ART,ART MOUNT KIT DISC PROTECTION SIL,Soporte protector de disco delantero ART Beta gris,42.35,35.00,21.00,8430525934139,4,8714109090,0,1,,,VEHICLE PARTS & ACCESSORIES,ACCESSORIES,ACC. PLASTIC&PROTECT,,,,,890,84,120,212,35,,,,,,,,,,,,,,,,,,,,,,,,,,,,,,,,,,,,,,,,,,,,,,https://static.bihr.pro/eBihr/Pictures/ART-pictures.zip,,Spain Warehouse (Parts)
1059975,38077,ASDC-08,ART,ART PROTECTION DISC FRONT CARB,Protector disco delantero ART look carbono,21.78,18.00,10.80,8430525380776,0,8714109090,0,1,,,VEHICLE PARTS & ACCESSORIES,ACCESSORIES,ACC. PLASTIC&PROTECT,,,,,3400,110,250,340,40,,,,,,,,,,,,,,,,,,,,,,,,,,,,,,,,,,,,,,https://api.mybihr.com/medias/1059975-1-800Wx800H?context=bWFzdGVyfHJvb3R8MTQ1MDAyfGltYWdlL2pwZWd8YUdabUwyZzRPUzh4TlRReU5qUTJNemMyTURReE5DOHhNRFU1T1RjMUxURmZPREF3VjNnNE1EQkl8MjU0NzhjOWQ1NzZiM2NkNWQ3ZTc0YWIxOTAyNzE3YjczN2VjNTc3N2Q0NjhmN2QyZTBmY2FjNDkyNGM5OTZmYQ,,,,,,,,https://static.bihr.pro/eBihr/Pictures/ART-pictures.zip,,Spain Warehouse (Parts)
1058895,93432,ASRDG-09-ART-BL,ART,ART PROTECTION DISC REAR BLU,Protector de disco trasero ART Yamaha azul,81.07,67.00,40.20,8430525934320,3,8714109090,0,1,"<html> <head> <meta http-equiv=""Content-Type"" content=""text/html; charset=utf-8""><title> </title> <style type=""text/css"">.cs95E872D0{text-align:left;margin:0pt 0pt 0pt 0pt;}.csC235ED31{color:#000;background-color:transparent;font-weight:normal;font-style:normal;}</style> </head> <body> <p>Disk protection made from hard anodized aluminium, colored to match your bike.</p><p> </p><p> </p></body> </html>","       Disk protection made from hard anodized aluminium, colored to match your bike.   ",VEHICLE PARTS & ACCESSORIES,ACCESSORIES,ACC. PLASTIC&PROTECT,,,,,2081,280,296,190,37,,,,,,,,,,,,,,,,Azul,,,,,,,,,,,,,,,,,,,,,,https://api.mybihr.com/medias/1058895-1-800Wx800H?context=bWFzdGVyfHJvb3R8NDI0MDZ8aW1hZ2UvanBlZ3xhR1pqTDJnM01TODRPVGN5T0RBM05ETTRNelkyTHpFd05UZzRPVFV0TVY4NE1EQlhlRGd3TUVnfDhkZTUzOGZjNmM2MWEzZjk4ZGQ2OTkwNTZkZTBhMThlOWJhNGU4NDMwYmI5MmUzZjgzYzhmZjVlNGFlNzU0NTE,,,,,,,,https://static.bihr.pro/eBihr/Pictures/ART-pictures.zip,,Spain Warehouse (Parts)
1073582,,ACS-199-T2-BL,ART,ART COVER CASE SAVER,Protector de piñon ART ATV,37.81,31.25,18.75,ACS-199-T2-BL,0,8714109090,0,1,,,VEHICLE PARTS & ACCESSORIES,ACCESSORIES,ACC. PLASTIC&PROTECT,,,,,360,50,160,90,25,,,,,,,,,,,,,,,,,,,,,,,,,,,,,,,,,,,,,,https://api.mybihr.com/medias/1073582-1-800Wx800H?context=bWFzdGVyfHJvb3R8MzY1OTM3fGltYWdlL2pwZWd8YUdJNEwyZzBZeTg0T1RjMk1qRXpOVEE0TVRJMkx6RXdOek0xT0RJdE1WODRNREJYZURnd01FZ3w4NTY0NWMzMTEyMzA0NzJiYjA0ZWIzY2M2MGQzNDI0Mjc5ZDMwNDM2M2E4MDA0M2M3MjI3Y2Y2OTE4ZWRjMGIz,,,,,,,,https://static.bihr.pro/eBihr/Pictures/ART-pictures.zip,,Spain Warehouse (Parts)
1063084,,2AR14800780301,ART,ART DOOR 2 PCS ALU FRAME,ART Aluminium SSV side panels set - Black Polaris RZR900,936.30,773.80,541.66,441800,2,8714109090,0,1,<ul> <li>ART SSV side panels set</li> <li>Aluminium structure</li> <li>Black HDP panel</li> <li>Provides an efficient noise reduction + lightweight protection</li></ul>," ART SSV side panels set Aluminium structure Black HDP panel Provides an efficient noise reduction + lightweight protection",VEHICLE PARTS & ACCESSORIES,ACCESSORIES,ACC. PLASTIC&PROTECT,,,,,22008,1640,1310,200,84,,,,,,,,,,,,,,,,,,,,,,,,,,,,,,,,,,,,,,https://api.mybihr.com/medias/1063084-1-800Wx800H?context=bWFzdGVyfHJvb3R8MjYyMjZ8aW1hZ2UvanBlZ3xhRFJqTDJneE5TODRPVGN6TmpVM016YzBOelV3THpFd05qTXdPRFF0TVY4NE1EQlhlRGd3TUVnfGRjODBkZDkzOGVmZjYxZTkxMzUzMjhmNjU4MjUzMjA4MjI1NThhNjNiMmM2NjFjZTQwYzBkNDM4NTE2Mjk1MDU,,,,,,,,https://static.bihr.pro/eBihr/Pictures/ART-pictures.zip,,France Warehouse (Parts)
1063099,,2AR00500030004,ART,ART NERF-BAR EVO PRO,Defensas laterales ART Evolution - Yamaha YFM700 Raptor,296.09,244.70,159.06,445587,1,8714109090,0,1,<ul> <li>racing design</li> <li>perfect for competition</li> <li>pro foot pegs wider than normal for maximum boot grip</li> <li>strong aluminium tubing (Ø35 T6061)  </li> <li>TIG welded for extra strength</li></ul>," racing design perfect for competition pro foot pegs wider than normal for maximum boot grip strong aluminium tubing (Ø35 T6061)   TIG welded for extra strength",VEHICLE PARTS & ACCESSORIES,ACCESSORIES,ACC. PLASTIC&PROTECT,,,,,123930,8880,841,614,240,,,,,,,,,,,,,,,,,,,,,,,,,,,,,,,,,,,,,,https://api.mybihr.com/medias/1063099-1-800Wx800H?context=bWFzdGVyfHJvb3R8MTg4MTE5fGltYWdlL2pwZWd8YURFMkwyZ3dNQzg0T1Rjek5qWXdNekl6T0Rjd0x6RXdOak13T1RrdE1WODRNREJYZURnd01FZ3xmOTlhYzQwNzJjNGFiYTMyYmQzYWUzYTMzYjY3OWM0MTJmMjE0YjQ4OTc3YzFiOTRjNTI1YjZiNWE2YjE4YzNh,,,,,,,,https://static.bihr.pro/eBihr/Pictures/ART-pictures.zip,,Spain Warehouse (Parts)
1073583,,ACS-203-01-BL,ART,ART COVER CASE SAVER,Protector de piñon ART ATV,37.81,31.25,18.75,ACS-203-01-BL,0,8714109090,0,1,,,VEHICLE PARTS & ACCESSORIES,ACCESSORIES,ACC. PLASTIC&PROTECT,,,,,360,50,160,90,25,,,,,,,,,,,,,,,,,,,,,,,,,,,,,,,,,,,,,,https://api.mybihr.com/medias/1073583-1-800Wx800H?context=bWFzdGVyfHJvb3R8MzY1OTM3fGltYWdlL2pwZWd8YURnM0wyZzFNeTg0T1RjMk1qRXpOekEwTnpNMEx6RXdOek0xT0RNdE1WODRNREJYZURnd01FZ3wzYmU5NDY1NGNhMDg2MzZlODhhM2IzMDgxYzZiYTA1ZGU5YWJiZjhkODNlN2I3YTBkODk2YTI5MTQ1YmZkMWNj,,,,,,,,https://static.bihr.pro/eBihr/Pictures/ART-pictures.zip,,Spain Warehouse (Parts)
1073584,,ACS-206-T1-BK,ART,ART COVER CASE SAVER,Protector de piñon ART ATV,37.81,31.25,18.75,ACS-206-T1-BK,0,8714109090,0,1,,,VEHICLE PARTS & ACCESSORIES,ACCESSORIES,ACC. PLASTIC&PROTECT,,,,,360,100,160,90,25,,,,,,,,,,,,,,,,,,,,,,,,,,,,,,,,,,,,,,https://api.mybihr.com/medias/1073584-1-800Wx800H?context=bWFzdGVyfHJvb3R8MzY1OTM3fGltYWdlL2pwZWd8YURVNEwyZzFZUzg0T1RjMk1qRXpPVEF4TXpReUx6RXdOek0xT0RRdE1WODRNREJYZURnd01FZ3xkNjFkMTJmN2NlZDhiZDRkMzJlYjg2Y2M1NmRkMjY1MWUzMWI0OGMyMGVmYTU5ZTViNGI2OWUzMDZiM2Y4ZWRk,,,,,,,,https://static.bihr.pro/eBihr/Pictures/ART-pictures.zip,,Spain Warehouse (Parts)
1063120,,2AR001011A0002,ART,ART NERF-BAR ECO SERIES,Defensas laterales ART Eco pro - Kawasaki KFX700 V-Force,131.41,108.60,70.59,441752,1,8714109090,0,1,<ul> <li>light weight</li> <li>perfect for recreation</li> <li>perfect fitting to original footpegs</li> <li>TIG welded for extra strenght ; strong aluminium tubing (Ø35 T6061)</li></ul>," light weight perfect for recreation perfect fitting to original footpegs TIG welded for extra strenght ; strong aluminium tubing (Ø35 T6061)",VEHICLE PARTS & ACCESSORIES,ACCESSORIES,ACC. PLASTIC&PROTECT,,,,,79693,4997,850,601,156,,,,,,,,,,,,,,,,,,,,,,,,,,,,,,,,,,,,,,https://api.mybihr.com/medias/1063120-1-800Wx800H?context=bWFzdGVyfHJvb3R8MTE3ODg4fGltYWdlL2pwZWd8YURJMkwyZzFOUzg0T1Rjek5qWTBORFV5TmpNNEx6RXdOak14TWpBdE1WODRNREJYZURnd01FZ3w2YjE0MDU4OThjZWI2ODM4MTJlODA3ZWY5YjU2ZjFmNDdiODJiZjBkYmRjOWI5NDEwNzEwZTJlYzdmZmQ4NTQw,,,,,,,,https://static.bihr.pro/eBihr/Pictures/ART-pictures.zip,,Spain Warehouse (Parts)
1063224,441888,2AR04000090002,ART,ART PROTECTION GLIDE PLATE CENTER,Cubrecarter aluminio ART Yamaha YFM660R,151.49,125.20,75.12,2000000040905,2,8714109090,0,1,<ul>  <li>Placa cubrecárter</li>  <li>Protege el chasis de los impactos y los golpes</li>  <li>Hecha de aluminio de 4?mm</li></ul>,"  Placa cubrecárter  Protege el chasis de los impactos y los golpes  Hecha de aluminio de 4?mm",VEHICLE PARTS & ACCESSORIES,ACCESSORIES,ACC. PLASTIC&PROTECT,,,,,37440,2200,1040,360,100,,,,,,,,,,,,,,,,,,,,,,,,,,,,,,,,,,,,,,https://api.mybihr.com/medias/1063224-1-800Wx800H?context=bWFzdGVyfHJvb3R8MTczNTV8aW1hZ2UvanBlZ3xhRGRsTDJoaU9TODRPVGN6TmpnME16RXdNRFEyTHpFd05qTXlNalF0TVY4NE1EQlhlRGd3TUVnfGJiYTYxNDFiZGM1NDJmY2ZlOTI5ZTFhMTI0Mzg5ZTI0MGRjZDcyNTkxZTI5N2FmMGExMmNmMDRmZmViYmRlNWQ,,,,,,,,https://static.bihr.pro/eBihr/Pictures/ART-pictures.zip,,Spain Warehouse (Parts)
1059978,38074,ASDC-05,ART,ART PROTECTION DISC FRONT ORA,Protector disco delantero ART naranja,21.78,18.00,10.80,8430525380745,7,8714109090,0,1,,,VEHICLE PARTS & ACCESSORIES,ACCESSORIES,ACC. PLASTIC&PROTECT,,,,,2577,106,246,291,36,,,,,,,,,,,,,,,,,,,,,,,,,,,,,,,,,,,,,,https://api.mybihr.com/medias/1059978-1-800Wx800H?context=bWFzdGVyfHJvb3R8Njk4NDB8aW1hZ2UvanBlZ3xhRGs0TDJneE9TOHhOVFF5TmpRMk5EazBNREEyTWk4eE1EVTVPVGM0TFRGZk9EQXdWM2c0TURCSXw1ODg4ZTlkZjFhNmZmNzA2NGEwMTBmOTkxNWQ2OTQ2YTJjZGYzMzMxZjUzNGYxMjRjNGVhNjZkZGNlMTg3YWQx,,,,,,,,https://static.bihr.pro/eBihr/Pictures/ART-pictures.zip,,Spain Warehouse (Parts)
1059974,89484,ASDC-14,ART,ART PROTECTION DISC FRONT BLU,Protector disco delantero y pinza ART valido Ø270 azul,21.78,18.00,4.42,8430525894846,18,8714109090,0,1,,,VEHICLE PARTS & ACCESSORIES,ACCESSORIES,ACC. PLASTIC&PROTECT,,,,,5306,138,297,308,58,,,,,,,,,,,,,,,,,,,,,,,,,,,,,,,,,,,,,,https://api.mybihr.com/medias/1059974-1-800Wx800H?context=bWFzdGVyfHJvb3R8NDM4NDR8aW1hZ2UvanBlZ3xhR0V3TDJnNU55OHhOVFF5TmpRMk16TTJOekU1T0M4eE1EVTVPVGMwTFRGZk9EQXdWM2c0TURCSXxmZTA0NTdmMzliODY2YWNlZDNjY2M4Y2FlNjQ5YTk1YjgyNTcwM2YzYzVhNmY1NDU2Y2JkYTBkNzhhOGRiNTg2,,,,,,,,https://static.bihr.pro/eBihr/Pictures/ART-pictures.zip,,Spain Warehouse (Parts)
1059980,38072,ASDC-01,ART,ART PROTECTION DISC FRONT RED,Protector disco delantero ART rojo,20.57,17.00,10.20,8430525380721,6,8714109090,0,1,,,VEHICLE PARTS & ACCESSORIES,ACCESSORIES,ACC. PLASTIC&PROTECT,,,,,2472,106,256,284,34,,,,,,,,,,,,,,,,,,,,,,,,,,,,,,,,,,,,,,https://api.mybihr.com/medias/1059980-1-800Wx800H?context=bWFzdGVyfHJvb3R8Njk4NDB8aW1hZ2UvanBlZ3xhREpsTDJnME9TOHhOVFF5TmpRMk5UY3lOalE1TkM4eE1EVTVPVGd3TFRGZk9EQXdWM2c0TURCSXxmMWVhMzkxMmNiMzRkNjc5OGEwMTY0N2Y5NWUzNTljYmFkNzIzNGJiYjgzNDE3NmZmMDNlZjk1ODM4ZTViMzkw,,,,,,,,https://static.bihr.pro/eBihr/Pictures/ART-pictures.zip,,Spain Warehouse (Parts)
1059976,89482,ASDC-12,ART,ART PROTECTION DISC FRONT GRN,Protector disco delantero y pinza ART valido Ø270 verde,21.78,18.00,2.11,8430525894822,25,8714109090,0,1,,,VEHICLE PARTS & ACCESSORIES,ACCESSORIES,ACC. PLASTIC&PROTECT,,,,,5096,138,298,300,57,,,,,,,,,,,,,,,,,,,,,,,,,,,,,,,,,,,,,,https://api.mybihr.com/medias/1059976-1-800Wx800H?context=bWFzdGVyfHJvb3R8NDAyNjB8aW1hZ2UvanBlZ3xhR00yTDJnek5DOHhOVFF5TmpRMk5ERTFNell6TUM4eE1EVTVPVGMyTFRGZk9EQXdWM2c0TURCSXxlMmQ3OWUxYWE2NTUxZDc3MWEyNzAxNWU5NTcwMjU0ODBhNTg5M2JmNTcyYjc0YTkyZTgxNzUxODVlZDkxZGE4,,,,,,,,https://static.bihr.pro/eBihr/Pictures/ART-pictures.zip,,Spain Warehouse (Parts)
1058900,89540,ASOT-325,ART,ART SIDE STAND SPARE PART RUBBER,Base pata de cabra ART KTM/Husqvarna Gris,9.68,8.00,4.80,8430525895409,15,8714109090,0,1,"<html> <head> <meta http-equiv=""Content-Type"" content=""text/html; charset=utf-8""><title> </title> <style type=""text/css"">.cs95E872D0{text-align:left;margin:0pt 0pt 0pt 0pt;}.csC235ED31{color:#000;background-color:transparent;font-weight:normal;font-style:normal;}</style> </head> <body> <p>Assorted accessories for ART's MX side stands: rubber ties, base, springs, screw kits, etc. </p><p></p></body> </html>","       Assorted accessories for ART's MX side stands: rubber ties, base, springs, screw kits, etc.  ",VEHICLE PARTS & ACCESSORIES,ACCESSORIES,ACC. ACCESS.,,,,,619,21,111,124,45,,,,,,,,,,,,,,,,,,,,,,,,,,,,,,,,,,,,,,https://api.mybihr.com/medias/1058900-1-800Wx800H?context=bWFzdGVyfHJvb3R8Mzg3NjV8aW1hZ2UvanBlZ3xhR0kxTDJoaE9DODRPVGN5T0RBNU9UazBNamN3THpFd05UZzVNREF0TVY4NE1EQlhlRGd3TUVnfDA2MDkxMDNlYWNmZWJhNzBiMDUwMzM0ZDdmOTAwYmIzODMyYjY2ODNhY2RmZTFkNWMyMDQ1OGEwNTA4MzExMmE,,,,,,,,https://static.bihr.pro/eBihr/Pictures/ART-pictures.zip,,Spain Warehouse (Parts)
1066962,,R005M,ART,ART RAMP FOLDING ALUMINUM,Rampas ART aluminio Motocicleta / ATV / Quad,289.19,239.00,143.40,R005M,16,8714102000,0,0,"<html> <head> <meta http-equiv=""Content-Type"" content=""text/html; charset=utf-8""><title> </title> <style type=""text/css"">.cs95E872D0{text-align:left;margin:0pt 0pt 0pt 0pt;}.csC57700C4{color:#000;background-color:transparent;font-weight:bold;font-style:normal;}.csA7555675{color:#000;background-color:transparent;font-weight:normal;font-style:normal;}.cs4FC7BF42{text-align:left;margin:0pt 0pt 0pt 0pt;list-style-type:disc;color:#000;background-color:transparent;font-weight:normal;font-style:normal;}</style> </head> <body> <p>By pair</p><p></p><ul> <li>Weight : 7 kg (each ramp)</li><li>Length : 230 cm</li><li>Length folded : 115cm</li><li>Width : 35cm</li><li>Max load : 330kg</li></ul> </body> </html>","       By pair Weight : 7 kg (each ramp)Length : 230 cmLength folded : 115cmWidth : 35cmMax load : 330kg  ",VEHICLE PARTS & ACCESSORIES,ACCESSORIES,ACC. ACCESS.,,,,,100094,14050,1170,295,290,,,,,,,,,,,,,,,,,,,,por pareja,,,,,,,,,,,,,,,,,,https://api.mybihr.com/medias/1066962-1-800Wx800H?context=bWFzdGVyfHJvb3R8NDgyNzB8aW1hZ2UvanBlZ3xhREk1TDJneU5DODVNREV6TVRZek9EVXhPREEyTHpFd05qWTVOakl0TVY4NE1EQlhlRGd3TUVnfDRmOTJiYzQ4NGMxOGQ5NzQyNDBlNzM2ZTFmMDFiM2JhYzZjMjk5YjlhZDg3MWNlNGVjZWI5ODhlNDhhMTJmZWE,,,,,,,,https://static.bihr.pro/eBihr/Pictures/ART-pictures.zip,,Spain Warehouse (Parts)
1060013,43109,ASOT-321-GY,ART,ART SIDE STAND GREY,Pata de cabra ART Ktm husaberg Husqvarna 14-16  gris,67.76,56.00,33.60,8430525431096,0,8714109090,0,1,"<p>Caballete lateral KTM 08-16&nbsp;Husqvarna 14 -16&nbsp;y Husaberg </p><p>Sustitución del original</p><p>ligera, de facil instalación y con un toque de color</p><p>Se suministra sin muelle ni tornillo</p>","
Caballete lateral KTM 08-16 Husqvarna 14 -16 y Husaberg 
Sustitución del original
ligera, de facil instalación y con un toque de color
Se suministra sin muelle ni tornillo",VEHICLE PARTS & ACCESSORIES,ACCESSORIES,ACC. ACCESS.,,,,,3074,400,150,436,47,,,,,,,,,,,,,,,,,,,,,,,,,,,,,,,,,,,,,,https://api.mybihr.com/medias/1060013-1-800Wx800H?context=bWFzdGVyfHJvb3R8MjMwMTN8aW1hZ2UvanBlZ3xhREZoTDJnNE15OHhOVFF5TmpRMk9EUTNPVEF3Tmk4eE1EWXdNREV6TFRGZk9EQXdWM2c0TURCSXxlNmY4MWZjOWJlYjRiOWYyNDRmZDU2MWM0YTMwZWM3M2I3NDljMjYzYzVlMjVmNjlhZmE5NmY2YjZkN2E0ZDQz,,,,,,,,https://static.bihr.pro/eBihr/Pictures/ART-pictures.zip,,Spain Warehouse (Parts)
1060011,43112,ASOT-321-BK,ART,ART SIDE STAND BLACK,Pata de cabra ART KTM husaberg Husqvarna 14-16 negro,73.81,61.00,36.60,8430525431126,6,8714109090,0,1,"<p>Caballete lateral KTM 08-16&nbsp;Husqvarna 14 -16&nbsp;y Husaberg Sustitución del original</p><p>Sustitución del original</p><p>ligera, de facil instalación y con un toque de color</p><p>Se suministra sin muelle ni tornillo</p>","
Caballete lateral KTM 08-16 Husqvarna 14 -16 y Husaberg Sustitución del original
Sustitución del original
ligera, de facil instalación y con un toque de color
Se suministra sin muelle ni tornillo",VEHICLE PARTS & ACCESSORIES,ACCESSORIES,ACC. ACCESS.,,,,,3091,398,150,448,46,,,,,,,,,,,,,,,,,,,,,,,,,,,,,,,,,,,,,,https://api.mybihr.com/medias/1060011-1-800Wx800H?context=bWFzdGVyfHJvb3R8MjM2MTB8aW1hZ2UvanBlZ3xhR1V3TDJobE5TOHhOVFF5TmpRMk56WTVNalUzTkM4eE1EWXdNREV4TFRGZk9EQXdWM2c0TURCSXwwNDg2Yzc2MjMwYWVhZDVjNzIwMTc5ZmM3MDE0MTUyZDU4MDI0ZjA0ZTliYTRiYzg1YWNmZjc3ZDUzZWI3NjZj,,,,,,,,https://static.bihr.pro/eBihr/Pictures/ART-pictures.zip,,Spain Warehouse (Parts)
1060015,93438,ASOT-356-BK,ART,ART SIDE STAND BLACK,Pata de cabra ART KTM Husqvarna negro,68.97,57.00,34.20,8430525934382,1,8714109090,0,1,,,VEHICLE PARTS & ACCESSORIES,ACCESSORIES,ACC. ACCESS.,,,,,4917,410,208,503,47,,,,,,,,,,,,,,,,,,,,,,,,,,,,,,,,,,,,,,https://api.mybihr.com/medias/1060015-1-800Wx800H?context=bWFzdGVyfHJvb3R8MjM1MzN8aW1hZ2UvanBlZ3xhRFF3TDJneU1DOHhOVFF5TmpRMk9USTJOVFF6T0M4eE1EWXdNREUxTFRGZk9EQXdWM2c0TURCSXxiNmNiNGVhODZiYmY4NjdmNTIwZWE0MDdiYzU4MDA5ZjE0ZGRjZDE1NzgwYmI2NjBlNGNkMTQ0YTc1Nzc3MmNi,,,,,,,,https://static.bihr.pro/eBihr/Pictures/ART-pictures.zip,,Spain Warehouse (Parts)
1060016,93440,ASOT-356-BL,ART,ART SIDE STAND BLUE,Pata de cabra ART Husqvarna azul,68.97,57.00,34.20,8430525934405,2,8714109090,0,1,,,VEHICLE PARTS & ACCESSORIES,ACCESSORIES,ACC. ACCESS.,,,,,5146,410,219,534,44,,,,,,,,,,,,,,,,,,,,,,,,,,,,,,,,,,,,,,https://api.mybihr.com/medias/1060016-1-800Wx800H?context=bWFzdGVyfHJvb3R8MjY4MjF8aW1hZ2UvanBlZ3xhR0l6TDJneE1pOHhOVFF5TmpRMk9UWTFPRFkxTkM4eE1EWXdNREUyTFRGZk9EQXdWM2c0TURCSXwxNWEyY2I4YzY4ODI3MmMyOWY3NzMzNjIxODg3OGQ5YjM0YWYxNmZmODI2NmE2ODU2YzljN2UxMTY5ZGE2NDAz,,,,,,,,https://static.bihr.pro/eBihr/Pictures/ART-pictures.zip,,Spain Warehouse (Parts)
1060020,38138,ASOT-300-GR,ART,ART TRANSPORT SAFETTY BRAKE GREEN,Bloqueo de freno para transporte verde,8.47,7.00,4.20,8430525381384,0,8714109090,0,1,,,VEHICLE PARTS & ACCESSORIES,ACCESSORIES,ACC. ACCESS.,,,,,499,26,67,149,50,,,,,,,,,,,,,,,,,,,,,,,,,,,,,,,,,,,,,,https://api.mybihr.com/medias/1060020-1-800Wx800H?context=bWFzdGVyfHJvb3R8NjE3MTh8aW1hZ2UvanBlZ3xhRE5oTDJnNVppOHhOVFF5TmpRM01USXpNVFV4T0M4eE1EWXdNREl3TFRGZk9EQXdWM2c0TURCSXw1YzUzODg1NmQ3YzQ1NDQ3YmQxYTNjNWY2Y2EwMjkwZWU2MTFjNGY4MDRhMzhhNTNjZmNjY2EzZWY3ZTEzNzhl,,,,,,,,https://static.bihr.pro/eBihr/Pictures/ART-pictures.zip,,Spain Warehouse (Parts)
1060018,93439,ASOT-356-OR,ART,ART SIDE STAND ORANGE,Pata de cabra ART KTM naranja,73.81,61.00,36.60,8430525934399,9,8714109090,0,1,,,VEHICLE PARTS & ACCESSORIES,ACCESSORIES,ACC. ACCESS.,,,,,5179,414,229,514,44,,,,,,,,,,,,,,,,,,,,,,,,,,,,,,,,,,,,,,https://api.mybihr.com/medias/1060018-1-800Wx800H?context=bWFzdGVyfHJvb3R8Mjk0MTN8aW1hZ2UvanBlZ3xhR1ZqTDJobVpDOHhOVFF5TmpRM01EUTBOVEE0Tmk4eE1EWXdNREU0TFRGZk9EQXdWM2c0TURCSXxhM2VhMGExMzIxNzM3NDIwYjY1ZTRiMjgzMzVkNjc2MjM1N2M0ZDdmZDIwOWVmZGFlYTRmZmUzMmFlMjg5ZGU5,,,,,,,,https://static.bihr.pro/eBihr/Pictures/ART-pictures.zip,,Spain Warehouse (Parts)
1060023,38137,ASOT-300-YE,ART,ART TRANSPORT SAFETTY BRAKE YELLOW,Bloqueo de freno para transporte amarillo,8.47,7.00,4.20,8430525381377,0,8714109090,0,1,,,VEHICLE PARTS & ACCESSORIES,ACCESSORIES,ACC. ACCESS.,,,,,644,28,72,149,60,,,,,,,,,,,,,,,,,,,,,,,,,,,,,,,,,,,,,,https://api.mybihr.com/medias/1060023-1-800Wx800H?context=bWFzdGVyfHJvb3R8NjE4Njd8aW1hZ2UvanBlZ3xhR1F5TDJneVpTOHhOVFF5TmpRM01qUXhNVEUyTmk4eE1EWXdNREl6TFRGZk9EQXdWM2c0TURCSXwwZmMzZGFiNTg3YWMxYzc1YTdlNTkzZDc0MjhhMTY4OTc2OTY3NWQyMjJlNTk0MmMzOTczZjhlNGNiZThlOGFk,,,,,,,,https://static.bihr.pro/eBihr/Pictures/ART-pictures.zip,,Spain Warehouse (Parts)
1060022,38134,ASOT-300-RD,ART,ART TRANSPORT SAFETTY BRAKE RED,Bloqueo de freno para transporte rojo,8.47,7.00,4.20,8430525381346,0,8714109090,0,1,,,VEHICLE PARTS & ACCESSORIES,ACCESSORIES,ACC. ACCESS.,,,,,584,26,68,148,58,,,,,,,,,,,,,,,,,,,,,,,,,,,,,,,,,,,,,,https://api.mybihr.com/medias/1060022-1-800Wx800H?context=bWFzdGVyfHJvb3R8NjE4Njd8aW1hZ2UvanBlZ3xhRGN6TDJnell5OHhOVFF5TmpRM01qQXhOemsxTUM4eE1EWXdNREl5TFRGZk9EQXdWM2c0TURCSXwwYzhiYjRlNTVmMmE2MjczNWIyMjg0ODBiMjE4OTgxYTNmNzUzZTAwNzJjNTVjZTE2ZmE5NGUzZmQxNDg5NDc3,,,,,,,,https://static.bihr.pro/eBihr/Pictures/ART-pictures.zip,,Spain Warehouse (Parts)
1060017,93437,ASOT-356-GY,ART,ART SIDE STAND GREY,Pata de cabra ART KTM Husqvarna gris,68.97,57.00,34.20,8430525934375,7,8714109090,0,1,,,VEHICLE PARTS & ACCESSORIES,ACCESSORIES,ACC. ACCESS.,,,,,5177,408,505,233,44,,,,,,,,,,,,,,,,,,,,,,,,,,,,,,,,,,,,,,https://api.mybihr.com/medias/1060017-1-800Wx800H?context=bWFzdGVyfHJvb3R8MjMwMTN8aW1hZ2UvanBlZ3xhRFZsTDJobU1DOHhOVFF5TmpRM01EQTFNVGczTUM4eE1EWXdNREUzTFRGZk9EQXdWM2c0TURCSXxkYzI1M2U3MTZlOGQ1Y2VkMTA1ZGE0MjZhZDE2NzI3ZDNmODNkMWIyZWQxODdlOTQ2NmEwNDdjZWI4OGI2MTJh,,,,,,,,https://static.bihr.pro/eBihr/Pictures/ART-pictures.zip,,Spain Warehouse (Parts)
1060012,43111,ASOT-321-BL,ART,ART SIDE STAND BLUE,Pata de cabra ART Husaberg Husqvarna 14-16 azul,68.97,57.00,34.20,8430525431119,4,8714109090,0,1,"<p>Caballete lateral KTM 08-16&nbsp;Husqvarna 14 -16&nbsp;y Husaberg </p><p>Sustitución del original</p><p>ligera, de facil instalación y con un toque de color</p><p>Se suministra sin muelle ni tornillo</p>","
Caballete lateral KTM 08-16 Husqvarna 14 -16 y Husaberg 
Sustitución del original
ligera, de facil instalación y con un toque de color
Se suministra sin muelle ni tornillo",VEHICLE PARTS & ACCESSORIES,ACCESSORIES,ACC. ACCESS.,,,,,3070,400,148,451,46,,,,,,,,,,,,,,,,,,,,,,,,,,,,,,,,,,,,,,https://api.mybihr.com/medias/1060012-1-800Wx800H?context=bWFzdGVyfHJvb3R8MjY4MjF8aW1hZ2UvanBlZ3xhR0U0TDJnNU1DOHhOVFF5TmpRMk9EQTROVGM1TUM4eE1EWXdNREV5TFRGZk9EQXdWM2c0TURCSXwyMjU3MTNjODdmZGMzZWQ1MzUxYWJhMTljY2FjMDdmNDU0NTk5ZjdlNzk3NWQ5MmNhMTUyNWUzZjM1ZDFkNzZi,,,,,,,,https://static.bihr.pro/eBihr/Pictures/ART-pictures.zip,,Spain Warehouse (Parts)
1060014,43110,ASOT-321-OR,ART,ART SIDE STAND ORANGE,Pata de cabra ART KTM naranja,73.81,61.00,36.60,8430525431102,6,8714109090,0,1,"<p>Caballete lateral KTM 08-16&nbsp;Husqvarna 14 -16&nbsp;y Husaberg </p><p>Sustitución del original</p><p>ligera, de facil instalación y con un toque de color</p><p>Se suministra sin muelle ni tornillo</p>","
Caballete lateral KTM 08-16 Husqvarna 14 -16 y Husaberg 
Sustitución del original
ligera, de facil instalación y con un toque de color
Se suministra sin muelle ni tornillo",VEHICLE PARTS & ACCESSORIES,ACCESSORIES,ACC. ACCESS.,,,,,3038,396,140,434,50,,,,,,,,,,,,,,,,,,,,,,,,,,,,,,,,,,,,,,https://api.mybihr.com/medias/1060014-1-800Wx800H?context=bWFzdGVyfHJvb3R8Mjk0MTN8aW1hZ2UvanBlZ3xhRGM1TDJnM05TOHhOVFF5TmpRMk9EZzNNakl5TWk4eE1EWXdNREUwTFRGZk9EQXdWM2c0TURCSXxmZjAyNDU0NzU3NTc3NjE0MDUyMWI0ZGE1OTNkNzJkNWVjYmIzNDg1ZTgzMzA1ZDc3YTAyOGJmNzNmNmI5MmMz,,,,,,,,https://static.bihr.pro/eBihr/Pictures/ART-pictures.zip,,Spain Warehouse (Parts)
1060021,38136,ASOT-300-OR,ART,ART TRANSPORT SAFETTY BRAKE ORANGE,Bloqueo de freno para transporte naranja,8.47,7.00,4.20,8430525381360,0,8714109090,0,1,,,VEHICLE PARTS & ACCESSORIES,ACCESSORIES,ACC. ACCESS.,,,,,637,28,95,149,45,,,,,,,,,,,,,,,,,,,,,,,,,,,,,,,,,,,,,,https://api.mybihr.com/medias/1060021-1-800Wx800H?context=bWFzdGVyfHJvb3R8NjE4Njd8aW1hZ2UvanBlZ3xhR0ZqTDJnNU1TOHhOVFF5TmpRM01UWXlORGN6TkM4eE1EWXdNREl4TFRGZk9EQXdWM2c0TURCSXw0MTc5MzkwMDYwNjgxMDYxM2ExOTBhMTZkY2QyZGU1MTQ5ZWRmMTBiMzhiNWQ4NGFjNGU5N2EyNjkyYzBhOWIz,,,,,,,,https://static.bihr.pro/eBihr/Pictures/ART-pictures.zip,,Spain Warehouse (Parts)
1060863,7690526,GASGAS-U-250/300-4,ART,ART EXHAUST EXPANSION CHAMBER STEEL,Escape ART de acero para Gas Gas EC 250/300 12-15,318.71,263.40,184.38,8430525870536,4,8714109090,0,1,"<html> <head> <meta http-equiv=""Content-Type"" content=""text/html; charset=utf-8""><title> </title> <style type=""text/css"">.cs95E872D0{text-align:left;margin:0pt 0pt 0pt 0pt;}.csA7555675{color:#000;background-color:transparent;font-weight:normal;font-style:normal;}.cs4FC7BF42{text-align:left;margin:0pt 0pt 0pt 0pt;list-style-type:disc;color:#000;background-color:transparent;font-weight:normal;font-style:normal;}.cs6FE56D2{text-align:left;margin:0pt 0pt 0pt 36pt;}.cs97DD91F6{color:#F00;background-color:transparent;font-weight:normal;font-style:normal;text-decoration:underline;}</style> </head> <body> <p>ART by JVH Expansion Chambers are a safe way to improve the sound and increase the power of your MX or Enduro bike, with one of the best quality/price ratio on the market.</p><p> </p><ul> <li>For 2 stroke bikes</li><li>Manufactured in steel</li><li>Over OEM efficiency</li><li>Weight : less than 1.8kg (depends on the bike application)</li><li>Delivered without silencer</li><li>TIG welding</li><li>Mounting on original place</li></ul> <p> </p><p>Warning : TECNIUM Expansion Chambers are now branded as ART : The product stay the same.</p><p> </p></body> </html>","       ART by JVH Expansion Chambers are a safe way to improve the sound and increase the power of your MX or Enduro bike, with one of the best quality/price ratio on the market.  For 2 stroke bikesManufactured in steelOver OEM efficiencyWeight : less than 1.8kg (depends on the bike application)Delivered without silencerTIG weldingMounting on original place  Warning : TECNIUM Expansion Chambers are now branded as ART : The product stay the same.  ",VEHICLE PARTS & ACCESSORIES,ACCESSORIES,ACC. EXHAUST,,,,,75852,1999,720,430,245,,,Acero,,,,,,,,,,,,,,,,,,,,,Solo para uso en circuito,,,,,,,,,,,,,,https://api.mybihr.com/medias/1060863-1-800Wx800H?context=bWFzdGVyfHJvb3R8MTcxMDMwfGltYWdlL2pwZWd8YUdZekwyZzJOUzg0T1RjeU9UZ3hNekExTXpjMEx6RXdOakE0TmpNdE1WODRNREJYZURnd01FZ3w0MjY0OTNjNjJmZTJiZGRjOTljZjUxYTQxN2Y5NTkxOWI1MTYzNTZlZWE5ZmZmOTkzZjVlYjRkZDNkMWZmNTQ2,https://api.mybihr.com/medias/1060863-2-800Wx800H?context=bWFzdGVyfHJvb3R8MTg3MDkzfGltYWdlL2pwZWd8YURJekwyZzFaaTg0T1RjeU9UZ3hOVEF4T1RneUx6RXdOakE0TmpNdE1sODRNREJYZURnd01FZ3w4OWI5NzE4NzE4YzcwNTRkYjM3YzBiODEyYjliMzgxN2ZhMDQzOTcxYTdhYzJlOTlkN2Q5NDUzMDc5MTQ5NzYz,https://api.mybihr.com/medias/1060863-3-800Wx800H?context=bWFzdGVyfHJvb3R8MjgxNTI2fGltYWdlL2pwZWd8YUdJMkwyZzFZUzg0T1RjeU9UZ3hOams0TlRrd0x6RXdOakE0TmpNdE0xODRNREJYZURnd01FZ3xmMzcxYzI1ODk5YTM4ZTQxZGM0M2JlYTVkNzBjZDBiOTJmZGEyYjNjMzcwODM5NGFmN2M3OGQ0MWFlZTA0OGEy,https://api.mybihr.com/medias/1060863-4-800Wx800H?context=bWFzdGVyfHJvb3R8MTQwOTQxfGltYWdlL2pwZWd8YUdVMUwyZzFNeTg0T1RjeU9UZ3hPRGsxTVRrNEx6RXdOakE0TmpNdE5GODRNREJYZURnd01FZ3wzNGZhNTY1YzJkZmI3M2E1Y2ZiOTI2ZDhmYjRjNDA2ZTcwY2VlNjgyNjY1M2Y5ZWEyMjY3NjBmOTBiNzliOTNi,,,,,https://static.bihr.pro/eBihr/Pictures/ART-pictures.zip,,Spain Warehouse (Parts)
1060864,76905729,GASGAS-U-EC-250-5,ART,ART EXHAUST EXPANSION CHAMBER STEEL,Escape ART de acero Gas Gas EC 250/300 2018,326.82,270.10,189.07,3661738035770,2,8714109090,0,1,"<html> <head> <meta http-equiv=""Content-Type"" content=""text/html; charset=utf-8""><title> </title> <style type=""text/css"">.cs95E872D0{text-align:left;margin:0pt 0pt 0pt 0pt;}.csA7555675{color:#000;background-color:transparent;font-weight:normal;font-style:normal;}.cs4FC7BF42{text-align:left;margin:0pt 0pt 0pt 0pt;list-style-type:disc;color:#000;background-color:transparent;font-weight:normal;font-style:normal;}.cs6FE56D2{text-align:left;margin:0pt 0pt 0pt 36pt;}.cs97DD91F6{color:#F00;background-color:transparent;font-weight:normal;font-style:normal;text-decoration:underline;}</style> </head> <body> <p>ART by JVH Expansion Chambers are a safe way to improve the sound and increase the power of your MX or Enduro bike, with one of the best quality/price ratio on the market.</p><p> </p><ul> <li>For 2 stroke bikes</li><li>Manufactured in steel</li><li>Over OEM efficiency</li><li>Weight : less than 1.8kg (depends on the bike application)</li><li>Delivered without silencer</li><li>TIG welding</li><li>Mounting on original place</li></ul> <p> </p><p>Warning : TECNIUM Expansion Chambers are now branded as ART : The product stay the same.</p><p> </p></body> </html>","       ART by JVH Expansion Chambers are a safe way to improve the sound and increase the power of your MX or Enduro bike, with one of the best quality/price ratio on the market.  For 2 stroke bikesManufactured in steelOver OEM efficiencyWeight : less than 1.8kg (depends on the bike application)Delivered without silencerTIG weldingMounting on original place  Warning : TECNIUM Expansion Chambers are now branded as ART : The product stay the same.  ",VEHICLE PARTS & ACCESSORIES,ACCESSORIES,ACC. EXHAUST,,,,,57445,2131,617,368,253,,,Acero,,,,,,,,,,,,,,,,,,,,,Solo para uso en circuito,,,,,,,,,,,,,,https://api.mybihr.com/medias/1060864-1-800Wx800H?context=bWFzdGVyfHJvb3R8MTcxMDMwfGltYWdlL2pwZWd8YURaaEwyZ3dOUzg0T1RjeU9UZ3lNRGt4T0RBMkx6RXdOakE0TmpRdE1WODRNREJYZURnd01FZ3wyZGJkN2RlY2M3YzkwOWZjNWExMDhmMDc1OGNjZjlhOWJmNzI0OGQxY2MyMjY2M2NiZDhiMDhhNzRkY2IzMWI0,https://api.mybihr.com/medias/1060864-2-800Wx800H?context=bWFzdGVyfHJvb3R8MTg3MDkzfGltYWdlL2pwZWd8YURVekwyZ3dNUzg0T1RjeU9UZ3lNamc0TkRFMEx6RXdOakE0TmpRdE1sODRNREJYZURnd01FZ3xlNzkyZjNkM2YwNDhlYTkwM2M4Y2UzOTExYmI5NjY3OTVlZjgzN2Q2YzkzNDkzYmVlMzE3Y2VmNzgxODQ2NGM0,https://api.mybihr.com/medias/1060864-3-800Wx800H?context=bWFzdGVyfHJvb3R8MjgxNTI2fGltYWdlL2pwZWd8YURJekwyZ3dPQzg0T1RjeU9UZ3lORGcxTURJeUx6RXdOakE0TmpRdE0xODRNREJYZURnd01FZ3w1NTI5OTBjMTQwZjZmMTU0MTgyMWUyMDljNjZlYTBiOWI0ZjlhMGM0YTNhMDUxYzBkZDc2NjVhOTE4YzQ4YjIw,https://api.mybihr.com/medias/1060864-4-800Wx800H?context=bWFzdGVyfHJvb3R8MTQwOTQxfGltYWdlL2pwZWd8YUdZekwyZ3daUzg0T1RjeU9UZ3lOamd4TmpNd0x6RXdOakE0TmpRdE5GODRNREJYZURnd01FZ3wyZDYyNGM4NWE0NWFlZjljMWM4ZGQ1MjRiOWI2ODllYmEzZWU4NDQ3ZWUwMGJiNjU4MWQ3ZDVlMWM3MTZmOTg1,,,,,https://static.bihr.pro/eBihr/Pictures/ART-pictures.zip,,Spain Warehouse (Parts)
1060867,7690546,HVA-U-HVA-300-3,ART,ART EXHAUST EXPANSION CHAMBER STEEL,Bufanda de escape ART,264.99,219.00,153.30,8430525870550,1,8714109090,0,1,"<html> <head> <meta http-equiv=""Content-Type"" content=""text/html; charset=utf-8""><title> </title> <style type=""text/css"">.cs95E872D0{text-align:left;margin:0pt 0pt 0pt 0pt;}.csA7555675{color:#000;background-color:transparent;font-weight:normal;font-style:normal;}.cs4FC7BF42{text-align:left;margin:0pt 0pt 0pt 0pt;list-style-type:disc;color:#000;background-color:transparent;font-weight:normal;font-style:normal;}.cs6FE56D2{text-align:left;margin:0pt 0pt 0pt 36pt;}.cs97DD91F6{color:#F00;background-color:transparent;font-weight:normal;font-style:normal;text-decoration:underline;}</style> </head> <body> <p>ART by JVH Expansion Chambers are a safe way to improve the sound and increase the power of your MX or Enduro bike, with one of the best quality/price ratio on the market.</p><p> </p><ul> <li>For 2 stroke bikes</li><li>Manufactured in steel</li><li>Over OEM efficiency</li><li>Weight : less than 1.8kg (depends on the bike application)</li><li>Delivered without silencer</li><li>TIG welding</li><li>Mounting on original place</li></ul> <p> </p><p>Warning : TECNIUM Expansion Chambers are now branded as ART : The product stay the same.</p><p> </p></body> </html>","       ART by JVH Expansion Chambers are a safe way to improve the sound and increase the power of your MX or Enduro bike, with one of the best quality/price ratio on the market.  For 2 stroke bikesManufactured in steelOver OEM efficiencyWeight : less than 1.8kg (depends on the bike application)Delivered without silencerTIG weldingMounting on original place  Warning : TECNIUM Expansion Chambers are now branded as ART : The product stay the same.  ",VEHICLE PARTS & ACCESSORIES,ACCESSORIES,ACC. EXHAUST,,,,,75051,2140,717,398,263,,,Acero,,,,,,,,,,,,,,,,,,,,,Solo para uso en circuito,,,,,,,,,,,,,,https://api.mybihr.com/medias/1060867-1-800Wx800H?context=bWFzdGVyfHJvb3R8MTcxMDMwfGltYWdlL2pwZWd8YURZMEwyaGtZaTg0T1RjeU9UZzBORFV4TVRBeUx6RXdOakE0TmpjdE1WODRNREJYZURnd01FZ3w5MWZhMmY1Mjc1NWI4NWM5MzE0MjdiNWExNWIxM2ZkMDAxYzEwZWJkZjY3NGE2NDBkYjI1YjliZGQ2NWZlYzcx,https://api.mybihr.com/medias/1060867-2-800Wx800H?context=bWFzdGVyfHJvb3R8MTQwOTQxfGltYWdlL2pwZWd8YURJeEwyaGxNaTg0T1RjeU9UZzBOalEzTnpFd0x6RXdOakE0TmpjdE1sODRNREJYZURnd01FZ3w5MDlkMWY1OTczMTYxNTY1MjRhYTJjZjVmZDZlNmVlYTQ3Y2IwMzdlNzU2YTVhYjIzYTE2ZjBhYTA0NzhlMDdk,https://api.mybihr.com/medias/1060867-3-800Wx800H?context=bWFzdGVyfHJvb3R8MjgxNTI2fGltYWdlL2pwZWd8YUdZeEwyaGxPQzg0T1RjeU9UZzBPRFEwTXpFNEx6RXdOakE0TmpjdE0xODRNREJYZURnd01FZ3w2YzI0MDc5Yzk2YzZmYzA2YWI1NGVlODA5N2NkMzljMGFmZTA5N2YyYjA3N2ExZGE4ZjI2Zjg4OWU2NWY1Y2I5,https://api.mybihr.com/medias/1060867-4-800Wx800H?context=bWFzdGVyfHJvb3R8MTg3MDkzfGltYWdlL2pwZWd8YURreUwyaGpPQzg0T1RjeU9UZzFNRFF3T1RJMkx6RXdOakE0TmpjdE5GODRNREJYZURnd01FZ3xhMjYzOTRhNGQ3MDg3ZjhjMDUwNWJjYjMyZWY0YmMxN2EwOGVmZDA5ZTYxZDhiYzdhZjgwMDVmNTcyMjMwODQ5,,,,,https://static.bihr.pro/eBihr/Pictures/ART-pictures.zip,,Spain Warehouse (Parts)
1089121001,7690597,KTM-D/CARB-SX-125-4,ART,"ART EXHAUST 2STR MUFFLER, ALU/CAR",Silenciador de aluminio/carbono ART para KTM 125,193.84,160.20,112.14,8430525870635,2,8714109090,0,1,"<html> <head> <meta http-equiv=""Content-Type"" content=""text/html; charset=utf-8""><title> </title> <style type=""text/css"">.cs95E872D0{text-align:left;margin:0pt 0pt 0pt 0pt;}.csA7555675{color:#000;background-color:transparent;font-weight:normal;font-style:normal;}.cs4FC7BF42{text-align:left;margin:0pt 0pt 0pt 0pt;list-style-type:disc;color:#000;background-color:transparent;font-weight:normal;font-style:normal;}.cs97DD91F6{color:#F00;background-color:transparent;font-weight:normal;font-style:normal;text-decoration:underline;}</style> </head> <body> <p>ART by JVH Mufflers are a safe way to improve the sound and increase the power of your MX or Enduro bike, with one of the best quality/price ratio on the market.</p><p> </p><ul> <li>Aluminium manufactured muffler</li><li>Better exhaust on mid-and high engine rpm</li><li>Lighter than OEM</li><li>Suitable with ART Expansion Chambers and OEM</li><li>For racing use</li></ul> <p> </p><p>Warning : TECNIUM Mufflers are now branded as ART : The product stay the same.</p><p> </p></body> </html>","       ART by JVH Mufflers are a safe way to improve the sound and increase the power of your MX or Enduro bike, with one of the best quality/price ratio on the market.  Aluminium manufactured mufflerBetter exhaust on mid-and high engine rpmLighter than OEMSuitable with ART Expansion Chambers and OEMFor racing use  Warning : TECNIUM Mufflers are now branded as ART : The product stay the same.  ",VEHICLE PARTS & ACCESSORIES,ACCESSORIES,ACC. EXHAUST,Aluminio / Carbono,,,,9627,948,561,195,88,Carbono,Aluminio,,,,,,,,,,,,,,,,,,,,,,Solo para uso en circuito,,,,,,,,,,,,,,https://api.mybihr.com/medias/1089121001-1-800Wx800H?context=bWFzdGVyfHJvb3R8MTUzOTc4fGltYWdlL2pwZWd8YUdJeEwyaGpOUzg0T1RneE16RTNPREV5TWpVMEx6RXdPRGt4TWpFd01ERXRNVjg0TURCWGVEZ3dNRWd8MmI3MTZjMDdiNGY2YjdiOWQ3MmQ4ZjViOTJhZTdmZTg0MTdhMThlMTNjZjUyMmI4YjgwYTdmMWMyZTNlZWY3Ng,https://api.mybihr.com/medias/1089121001-2-800Wx800H?context=bWFzdGVyfHJvb3R8MTAxODkxfGltYWdlL2pwZWd8YUdVMkwyaGxZaTg0T1RneE16RTRNREE0T0RZeUx6RXdPRGt4TWpFd01ERXRNbDg0TURCWGVEZ3dNRWd8ODUzMjBiNTM1ZTVhNjIxYjc2ZDU5M2M5MjFhNzNjMTkzN2IzNTQ5MDI5Zjc3ZjQ3NTVjYTgwNWE0M2UwY2I4Yg,https://api.mybihr.com/medias/1089121001-3-800Wx800H?context=bWFzdGVyfHJvb3R8MTM2NDUxfGltYWdlL2pwZWd8YURFMUwyaGxOUzg0T1RneE16RTRNakExTkRjd0x6RXdPRGt4TWpFd01ERXRNMTg0TURCWGVEZ3dNRWd8ZTlmYmNlNGUyOTMwMzk1MjFiMTk1OGQxZjk2MzFiNTAyMzJhYWIyNDc5MjY5YmY0MDUxZGYwMzQ5MDk1OWZlMw,,,,,,https://static.bihr.pro/eBihr/Pictures/ART-pictures.zip,,Spain Warehouse (Parts)
1102420,,115-0027,ART,ART BOX ACCESSORIES QUICK CLIPS,Pomo de apriete rapido ART Can Am Outlander,58.93,48.70,31.66,BZ12001,0,8714109090,0,1,"<html> <head> <meta http-equiv=""Content-Type"" content=""text/html; charset=utf-8""><title> </title> <style type=""text/css"">.cs4FC7BF42{text-align:left;margin:0pt 0pt 0pt 0pt;list-style-type:disc;color:#000;background-color:transparent;font-weight:normal;font-style:normal;}.csA7555675{color:#000;background-color:transparent;font-weight:normal;font-style:normal;}</style> </head> <body> <ul> <li>ATV front or rear trunk latch fitting with Outlander models</li><li>Sold in pair</li></ul> </body> </html>","        ATV front or rear trunk latch fitting with Outlander modelsSold in pair  ",VEHICLE PARTS & ACCESSORIES,ACCESSORIES,ACC. COMFORT&CONVEN.,,,,,897,307,148,129,47,,,,,,,,,,,,,,,,,,,,,,,,,,,,,,,,,,,,,,https://api.mybihr.com/medias/1102420-1-800Wx800H?context=bWFzdGVyfHJvb3R8Mzk2MDJ8aW1hZ2UvanBlZ3xhRGt3TDJnMFpDOHhNVEF6T0RVM01qYzBNRFl6T0M4eE1UQXlOREl3TFRGZk9EQXdWM2c0TURCSXw0ZmQ1MDA5ZGFjYmU4MGY1OTNmMmI2Zjk4MGUwZTBiYjAyZjJmZDBkNTQ4NmYwYWY0OTUyZDI3MTBlNjVlNGFm,,,,,,,,https://static.bihr.pro/eBihr/Pictures/ART-pictures.zip,,Spain Warehouse (Parts)
1066964,,BZ8001,ART,ART FITTING KIT BZ7000,kit montaje completo ART BZ7000,13.01,10.75,6.99,1066964,0,8714109090,0,1,,,VEHICLE PARTS & ACCESSORIES,ACCESSORIES,ACC. COMFORT&CONVEN.,,,,,72,200,60,60,20,,,,,,,,,,,,,,,,,,,,,,,,,,,,,,,,,,,,,,https://api.mybihr.com/medias/800Wx800H-1066964-1.jpg?context=bWFzdGVyfHJvb3R8MTg4ODE5fGltYWdlL2pwZWd8YURFMkwyaGxZUzh6TkRReU5UUTFPVGs1T0RjMU1DODRNREJYZURnd01FaGZNVEEyTmprMk5DMHhMbXB3Wnd8NDBlNmMxMDFlMWZlZTQ1NjNhNzAyMmY3OWQzYjM4M2EyNWU2NWFhYWQ4ZGUwYmIxZWU5ZmZhNTdkMjRkNWRhZA,,,,,,,,https://static.bihr.pro/eBihr/Pictures/ART-pictures.zip,,Spain Warehouse (Parts)
1066967,,BZ9002,ART,ART FITTING KIT BOX MEG'ART,kit montaje completo ART BZ9000,7.74,6.40,4.16,1066967,0,8714109090,0,1,,,VEHICLE PARTS & ACCESSORIES,ACCESSORIES,ACC. COMFORT&CONVEN.,,,,,100,200,100,100,10,,,,,,,,,,,,,,,,,,,,,,,,,,,,,,,,,,,,,,,,,,,,,,https://static.bihr.pro/eBihr/Pictures/ART-pictures.zip,,Spain Warehouse (Parts)
1101641,,115-0041,ART,ART QUICK CLIPS UNIVERSAL PER 4,Kit de pomos apriete rápido ART,58.20,48.10,30.79,445931,1,8714109090,0,1,"<html> <head> <meta http-equiv=""Content-Type"" content=""text/html; charset=utf-8""><title> </title> <style type=""text/css"">.cs4FC7BF42{text-align:left;margin:0pt 0pt 0pt 0pt;list-style-type:disc;color:#000;background-color:transparent;font-weight:normal;font-style:normal;}.csA7555675{color:#000;background-color:transparent;font-weight:normal;font-style:normal;}</style> </head> <body> <ul> <li>Quick Clips for ATV Box 1 and 2 places</li><li>For ATV with metal tube rack only</li><li>4 fasteners per set</li></ul> </body> </html>","        Quick Clips for ATV Box 1 and 2 placesFor ATV with metal tube rack only4 fasteners per set  ",VEHICLE PARTS & ACCESSORIES,ACCESSORIES,ACC. COMFORT&CONVEN.,,,,,814,250,109,131,57,,,,,,,,,,,,,,,,,,,,,,,,,,,,,,,,,,,,,,https://api.mybihr.com/medias/1101641-1-800Wx800H?context=bWFzdGVyfHJvb3R8MTAwMDMzfGltYWdlL2pwZWd8YURSaUwyaG1aUzg1TmpNeU1URTBPVFkyTlRVNEx6RXhNREUyTkRFdE1WODRNREJYZURnd01FZ3w1MWM0MGM0YWY1OWE5ZGMyOTcyM2VjNTA1ODUyZTlmM2E4NjhmNWEwZjZmMTYxMjUwYzJiNjVkZGE3ZDRhZDA5,https://api.mybihr.com/medias/1101641-2-800Wx800H?context=bWFzdGVyfHJvb3R8NjIyOTJ8aW1hZ2UvanBlZ3xhREV5TDJoaE9TODVOak15TVRFMU16VTVOemMwTHpFeE1ERTJOREV0TWw4NE1EQlhlRGd3TUVnfDFjMGE4ZGM0NzNhNjU2MWMxNDAxYTJhMzFkNTAwNjFlYjcwOTVhMDgzNmNlMGFiNTY2NDlhY2UyMzcxNjFlZjc,https://api.mybihr.com/medias/1101641-3-800Wx800H?context=bWFzdGVyfHJvb3R8MTczODM0fGltYWdlL2pwZWd8YURjeEwyZzVZaTg1TmpNeU1URTFOelV5T1Rrd0x6RXhNREUyTkRFdE0xODRNREJYZURnd01FZ3xmZGIyNzA3YjQ0MWQ5ZDBiNTM1NzcxN2QzZGQ1NzUxMzVhZjEyOGZlNzI1YzczZDc0ZGM3Mzg1MTJmNDM0MGIz,https://api.mybihr.com/medias/1101641-4-800Wx800H?context=bWFzdGVyfHJvb3R8NTU5Mjd8aW1hZ2UvanBlZ3xhRE00TDJnME5pODVOak15TVRFMk1UUTJNakEyTHpFeE1ERTJOREV0TkY4NE1EQlhlRGd3TUVnfDQ4MTBmZDE1NDJmMTVhOTZkMjAwOGJhMTY2ZTc5MWRmMjIzYjNkYTUyYjkwYmNkMWYwNTA0MGJmZjlhYmU5OTc,,,,,https://static.bihr.pro/eBihr/Pictures/ART-pictures.zip,,Spain Warehouse (Parts)
1066920,,110-0001,ART,ART BACKREST UP BZ12000,Respaldo alto ART ATV BZ12000,96.80,80.00,52.00,443746,0,8714109090,0,1,"Technical Part, please contract our After-Sales Service to have the specific reference you need.","Technical Part, please contract our After-Sales Service to have the specific reference you need.",VEHICLE PARTS & ACCESSORIES,ACCESSORIES,ACC. COMFORT&CONVEN.,,,,,9217,393,459,251,80,,,,,,,,,,,,,,,,,,,,,,,,,,,,,,,,,,,,,,https://api.mybihr.com/medias/1066920-1-800Wx800H?context=bWFzdGVyfHJvb3R8MTM1MjE2fGltYWdlL2pwZWd8YURRMkwyaG1ZeTg0T1RJMU16STVNakkzT0RBMkx6RXdOalk1TWpBdE1WODRNREJYZURnd01FZ3wyOWU2MmJhZmIxYWZjZTEzNzMzMGQ0YmEzMjcwN2Y5Y2I4OGZhMTkxZmRkNGE2MDliNTVlMWMzM2IyNWJhNzEx,,,,,,,,https://static.bihr.pro/eBihr/Pictures/ART-pictures.zip,,Spain Warehouse (Parts)
1066939,,122-0019,ART,ART REAR BOX REAR CARGO BOX BLK,ART Touring Rear ATV Cargo Box Black 125L,532.52,440.10,286.07,BZ13000,9,4202125000,0,0,"<p><strong>Este es un artículo universal, no específico de un modelo.&nbsp;</strong><strong>Comprobar compatibilidad con su Quad/ATV en base a las dimensiones e imágenes del artículo.</strong></p>
<p>Baúl trasero de alta capacidad para ATVs de 2 asientos.</p>
<p>Baúl de carga perfecta para su ATV de 2 asientos. Tiene todo lo que necesitas: un montón de espacio de almacenamiento, reposabrazos acolchados, guardamanos extra rígidos y un sello de protección integrado en la tapa inferior para bloquear cualquier infiltración.</p>
<p>También está equipado con un sistema de correas elásticas fácil de usar y un juego de cerraduras con llave. El sistema de montaje con pernos en ""U"" hace que sea muy fácil de instalar (incluidos).</p>
<ul>
	<li>Reflector de seguridad a cada lado y en la parte trasera</li>
	<li>Reposabrazos acolchados</li>
	<li>Tapa con cierre de llave</li>
	<li>Junta de goma integrada en la tapa inferior</li>
	<li>Guardamanos de alta calidad</li>
	<li>Sin luz de freno trasera</li>
	<li>Fabricado en Canadá</li>
</ul>
","
Este es un artículo universal, no específico de un modelo. Comprobar compatibilidad con su Quad/ATV en base a las dimensiones e imágenes del artículo.

Baúl trasero de alta capacidad para ATVs de 2 asientos.

Baúl de carga perfecta para su ATV de 2 asientos. Tiene todo lo que necesitas: un montón de espacio de almacenamiento, reposabrazos acolchados, guardamanos extra rígidos y un sello de protección integrado en la tapa inferior para bloquear cualquier infiltración.

También está equipado con un sistema de correas elásticas fácil de usar y un juego de cerraduras con llave. El sistema de montaje con pernos en ""U"" hace que sea muy fácil de instalar (incluidos).

	Reflector de seguridad a cada lado y en la parte trasera
	Reposabrazos acolchados
	Tapa con cierre de llave
	Junta de goma integrada en la tapa inferior
	Guardamanos de alta calidad
	Sin luz de freno trasera
	Fabricado en Canadá

",VEHICLE PARTS & ACCESSORIES,ACCESSORIES,ACC. COMFORT&CONVEN.,,,,,394680,16200,1100,920,390,,,,,,,,,,,,,,,,Negro,,,,,,,,,,,,,,,,,,,,,,https://api.mybihr.com/medias/1066939-1-800Wx800H?context=bWFzdGVyfHJvb3R8OTMzNzZ8aW1hZ2UvanBlZ3xhRFl5TDJobFpDODRPVFUwTXpJMU16TTJNRGswTHpFd05qWTVNemt0TVY4NE1EQlhlRGd3TUVnfDQ0YTE1ZWNjYjE3NTM3Y2QwZWEyZWZhN2I1YzBlYTBmNmE4YTdjMTQxNjUxODU5NDBiMjA2OTAxOWM4ZTgwMWU,https://api.mybihr.com/medias/1066939-2-800Wx800H?context=bWFzdGVyfHJvb3R8MTIzNTMzfGltYWdlL2pwZWd8YURNeUwyaG1OQzg0T1RVME16STFOVE15TnpBeUx6RXdOalk1TXprdE1sODRNREJYZURnd01FZ3xlYTIxNjQ4Yzk1NDI3NWRiOGUwOTgxNTBkMjJkZjExZmY5NTcwZDAzZDBlYmYzNzJiMmNiOGYxNTM1NzllMWE1,https://api.mybihr.com/medias/1066939-3-800Wx800H?context=bWFzdGVyfHJvb3R8NzgwNjF8aW1hZ2UvanBlZ3xhR1l3TDJobVlTODRPVFUwTXpJMU56STVNekV3THpFd05qWTVNemt0TTE4NE1EQlhlRGd3TUVnfDE5MzYzMjk2M2Y1MmU5YjE5YTVmNWUyMjZlMjFmYWIwNWVkNzJlMDRhNTlkOTFiZDQ5YTJjYThkMGZiNDJkOTk,https://api.mybihr.com/medias/1066939-4-800Wx800H?context=bWFzdGVyfHJvb3R8ODc4ODh8aW1hZ2UvanBlZ3xhRE5tTDJobVpTODRPVFUwTXpJMU9USTFPVEU0THpFd05qWTVNemt0TkY4NE1EQlhlRGd3TUVnfDgxNjUzMDYyN2M2NTcxOTJmNzM3YWVkN2Y2ZmNkODJkY2Y5YWFhZjlmZWQxZGZkNDBhNjI4MmY4YTgzOGE2ODg,https://api.mybihr.com/medias/1066939-5-800Wx800H?context=bWFzdGVyfHJvb3R8NzY3ODh8aW1hZ2UvanBlZ3xhR016TDJoaFppODRPVFUwTXpJMk1USXlOVEkyTHpFd05qWTVNemt0TlY4NE1EQlhlRGd3TUVnfDcyMzE4NWVmMTVhOGEzOWMwNjg0YWMzOTRhMzQxODBjNDVhNDIxZjFiNTQzYWM1ZWIzMjQ1MWVhN2FjZjZlZTE,https://api.mybihr.com/medias/1066939-6-800Wx800H?context=bWFzdGVyfHJvb3R8MTEzODEwfGltYWdlL2pwZWd8YURBMkwyaGhPUzg0T1RVME16STJNekU1TVRNMEx6RXdOalk1TXprdE5sODRNREJYZURnd01FZ3xkMGEyOTg4OTEzYjIxMDE1NzQ2NTUwYWNhNGQxNDcxM2M0M2FiNDc2ZTQzZGY1ZDEzNzVjYThmNjc3YjRlOGEx,https://api.mybihr.com/medias/800Wx800H-1066939-7.jpg?context=bWFzdGVyfHJvb3R8NTUwMzd8aW1hZ2UvanBlZ3xhR0k0TDJobFl5ODBOVGt6TWpJNE5qTXhNalEzT0M4NE1EQlhlRGd3TUVoZk1UQTJOamt6T1MwM0xtcHdad3w0Zjk4NjUyOTgzZjA5ZWQ4MTE2ZDA2M2ZlOGIyNDc3OTM3ZmZiNDk1MzVhYTdmNjhiMzcyYzk5YjNkNDQ1NDc5,,https://static.bihr.pro/eBihr/Pictures/ART-pictures.zip,https://api.mybihr.com/medias/Westouring.pdf?context=bWFzdGVyfGRvY3VtZW50c3wyNTUxOTE1fGFwcGxpY2F0aW9uL3BkZnxhR1F4TDJneFppODVOalEwTlRjMU56VXlNakl5TDFkbGMzUnZkWEpwYm1jfDI2OTIxYTE1ZTVlMjdhOThkNWZkNzJiNmRmYTM1Yjk1NTJhNzUwYzI5Y2VlNjc0NTg2MzJkM2U5MjM5YTVkNWQ,France Warehouse (Parts)
1066933,,115-0037,ART,ART CLIPS CLASSIC BOX SP550/850,Set de pomos apriete rapido ART SP550 / 850,53.34,44.08,28.65,BZ12002,0,8714109090,0,1,"<html> <head> <meta http-equiv=""Content-Type"" content=""text/html; charset=utf-8""><title> </title> <style type=""text/css"">.cs4FC7BF42{text-align:left;margin:0pt 0pt 0pt 0pt;list-style-type:disc;color:#000;background-color:transparent;font-weight:normal;font-style:normal;}.csA7555675{color:#000;background-color:transparent;font-weight:normal;font-style:normal;}</style> </head> <body> <ul> <li>ATV front or rear trunk latch fitting with SP550/850 models</li><li>Sold in pair</li></ul> </body> </html>","        ATV front or rear trunk latch fitting with SP550/850 modelsSold in pair  ",VEHICLE PARTS & ACCESSORIES,ACCESSORIES,ACC. COMFORT&CONVEN.,,,,,2164,463,178,152,80,,,,,,,,,,,,,,,,,,,,,,,,,,,,,,,,,,,,,,https://api.mybihr.com/medias/800Wx800H-1066933-1.jpg?context=bWFzdGVyfHJvb3R8MjAzNjg0fGltYWdlL2pwZWd8YUdRNEwyaGtaUzh6TkRReU5UUTFPVFl3TlRVek5DODRNREJYZURnd01FaGZNVEEyTmprek15MHhMbXB3Wnd8YTM2MWI3NjBmMzQyNGVkNWNiYTA3Yjk1MzljYjBiZjUzYzJjZjdiMmU4YmVlMzM3ZjViNDA0ZDFlYzg1YzliNg,,,,,,,,https://static.bihr.pro/eBihr/Pictures/ART-pictures.zip,,Spain Warehouse (Parts)
1060891,BZ7000,BZ7000,ART,ART REAR BOX BASIC REAR CARGO BOX BLK,"Baúl ART ATV, Negro",273.22,225.80,158.06,BZ7000,19,8714109090,0,0,"<html xmlns=""http://www.w3.org/1999/xhtml""> <head> <meta http-equiv=""Content-Type"" content=""text/html; charset=utf-8""><title> </title> <style type=""text/css""> .cs37063928{text-align:left;margin:0pt 0pt 0pt 0pt;list-style-type:disc;color:#000000;background-color:transparent;font-family:Arial;font-size:12pt;font-weight:normal;font-style:normal} .cs63EB74B2{color:#000000;background-color:transparent;font-family:Times New Roman;font-size:12pt;font-weight:normal;font-style:normal;} .cs2654AE3A{text-align:left;text-indent:0pt;margin:0pt 0pt 0pt 0pt} </style> </head> <body> <ul> <li>Large volume storage</li><li>Delivered with 2 safety hooks</li><li>Available locking (not included)</li><li>Weather-sealed top</li><li>Optional passenger back seat BZ8000 can be mounted</li></ul> <p> </p></body> </html>","        Large volume storageDelivered with 2 safety hooksAvailable locking (not included)Weather-sealed topOptional passenger back seat BZ8000 can be mounted   ",VEHICLE PARTS & ACCESSORIES,ACCESSORIES,ACC. COMFORT&CONVEN.,,,,,151145,8300,950,430,370,,,,,,,,,,,,2,,,,Negro,,,,,,,,,,,,,,,,,,,,,,https://api.mybihr.com/medias/1060891-1-800Wx800H?context=bWFzdGVyfHJvb3R8MjAzMzJ8aW1hZ2UvanBlZ3xhR1ZpTDJoak5DODRPVEkxTVRVNE9EQXhORE00THpFd05qQTRPVEV0TVY4NE1EQlhlRGd3TUVnfGVlOTZhMjNjOTJlNTcyNTQ5YzQ0NmRlMDgyNzk2MzJiOTFhOTQyZTQ0ZTliNzA4ZWFlMjRhNWU0OTMxOGVjMzQ,https://api.mybihr.com/medias/1060891-2-800Wx800H?context=bWFzdGVyfHJvb3R8MjE2MDZ8aW1hZ2UvanBlZ3xhRFU1TDJoak9TODRPVEkxTVRVNE9UazRNRFEyTHpFd05qQTRPVEV0TWw4NE1EQlhlRGd3TUVnfDAyYmE0OTRmMDhiZDEwYmUzZjhlNTk0MDJiODNjOTRkNGI1NDJmNWU3OTUxOGI1MGRjYTEwMDMwYzhjODUyNmI,https://api.mybihr.com/medias/1060891-3-800Wx800H?context=bWFzdGVyfHJvb3R8MzMzNzN8aW1hZ2UvanBlZ3xhREppTDJobE9DODRPVEkxTVRVNU1UazBOalUwTHpFd05qQTRPVEV0TTE4NE1EQlhlRGd3TUVnfGVlOTUxMmQzM2ZkMmZjMWFiMjIwYmM2Zjg2YTkyYWQ5N2Q3NWE5ZGE3MmQ3OGJhYzE4MjFiYzRkOWExNjZhYmE,https://api.mybihr.com/medias/1060891-4-800Wx800H?context=bWFzdGVyfHJvb3R8MzU3NTh8aW1hZ2UvanBlZ3xhRFZoTDJobE1TODRPVEkxTVRVNU16a3hNall5THpFd05qQTRPVEV0TkY4NE1EQlhlRGd3TUVnfDJkZDY0YzgwODFlZjQ2MjM0OGIwMzBmNWU4NTg0MTk5NTAwN2YyNjgyOWJiZTJlNjVjN2I5MThlZWYwOWJjOGY,https://api.mybihr.com/medias/1060891-5-800Wx800H?context=bWFzdGVyfHJvb3R8MTUzMzJ8aW1hZ2UvanBlZ3xhRGxrTDJoa1lTODRPVEkxTVRVNU5UZzNPRGN3THpFd05qQTRPVEV0TlY4NE1EQlhlRGd3TUVnfDFjOWI3YzYyNjBlOTQ5MzkzNTZlMmI3MWEyOWU0NjYwNjliOGZmNmY5NGVjNTJkNWJhYjRhYWQxOTJhOGFiOGI,https://api.mybihr.com/medias/1060891-6-800Wx800H?context=bWFzdGVyfHJvb3R8MjAzMzJ8aW1hZ2UvanBlZ3xhR05rTDJoa015ODRPVEkxTVRVNU56ZzBORGM0THpFd05qQTRPVEV0Tmw4NE1EQlhlRGd3TUVnfGI1M2M2YWY1MDJhZmI2NmE0MDYyMWUyOWU1NWM1OTE1ZmIxNjQ0MmYwMTc4YzNkNzY4MDAzNWIzY2Q3MzFkYWM,,,https://static.bihr.pro/eBihr/Pictures/ART-pictures.zip,,Spain Warehouse (Parts)
1066923,,110-0011,ART,ART LOCK LOCK FOR BZ12000/13000,Cerradura ART ATV BZ12000 / 13000,18.27,15.10,9.82,443748,0,8714109090,0,1,"Technical Part, please contract our After-Sales Service to have the specific reference you need.","Technical Part, please contract our After-Sales Service to have the specific reference you need.",VEHICLE PARTS & ACCESSORIES,ACCESSORIES,ACC. COMFORT&CONVEN.,,,,,90,87,89,35,29,,,,,,,,,,,,,,,,,,,,,,,,,,,,,,,,,,,,,,https://api.mybihr.com/medias/1066923-1-800Wx800H?context=bWFzdGVyfHJvb3R8MTM1MjE2fGltYWdlL2pwZWd8YUdWaUwyZzNOUzg0T1RRNU5UVXhOemt5TVRVNEx6RXdOalk1TWpNdE1WODRNREJYZURnd01FZ3xlYjA4ZTUwMjU2ZWQ5ZjQxNTJkZjZhOWFhZWZmNzgxMzM3ZjFlZWEzYWM3OTg3YzNjZTU1MjdiYmE1OGFjMTdj,,,,,,,,https://static.bihr.pro/eBihr/Pictures/ART-pictures.zip,,Spain Warehouse (Parts)
1066926,,110-0038,ART,ART BACKREST BZ11000,Resplado ART ATV BZ11000,58.08,48.00,31.20,443739,0,8714109090,0,1,"<html> <head> <meta http-equiv=""Content-Type"" content=""text/html; charset=utf-8""><title> </title> <style type=""text/css"">.cs95E872D0{text-align:left;margin:0pt 0pt 0pt 0pt;}.csA7555675{color:#000;background-color:transparent;font-weight:normal;font-style:normal;}</style> </head> <body> <p>Specific repair parts, please contact our After-sales Service for the reference your need.</p></body> </html>","       Specific repair parts, please contact our After-sales Service for the reference your need. ",VEHICLE PARTS & ACCESSORIES,ACCESSORIES,ACC. COMFORT&CONVEN.,,,,,6931,485,531,251,52,,,,,,,,,,,,,,,,,,,,,,,,,,,,,,,,,,,,,,https://api.mybihr.com/medias/1066926-1-800Wx800H?context=bWFzdGVyfHJvb3R8MTM1MjE2fGltYWdlL2pwZWd8YURabUwyZzJNQzg0T0RjMU1EUXhOVEl4TmprMEx6RXdOalk1TWpZdE1WODRNREJYZURnd01FZ3xkMTdkOTlhYWNjMGIzZjdjMmNlNWI4NGMzYWNjYTg5MzIwMmM0ODA5MTY1MGE4NjJlN2EzMDkzOGQyZGNkN2Q3,,,,,,,,https://static.bihr.pro/eBihr/Pictures/ART-pictures.zip,,Spain Warehouse (Parts)
1066927,,110-0039,ART,ART LOCK LOCK FOR BZ11000,Cerradura ART ATV BZ11000,36.06,29.80,19.37,443745,0,8714109090,0,1,"Technical Part, please contract our After-Sales Service to have the specific reference you need.","Technical Part, please contract our After-Sales Service to have the specific reference you need.",VEHICLE PARTS & ACCESSORIES,ACCESSORIES,ACC. COMFORT&CONVEN.,,,,,374,160,100,68,55,,,,,,,,,,,,,,,,,,,,,,,,,,,,,,,,,,,,,,https://api.mybihr.com/medias/800Wx800H-1066927-1.jpg?context=bWFzdGVyfHJvb3R8NDU1OTd8aW1hZ2UvanBlZ3xhRE5pTDJnM055ODBOakUzT0RVM05EZ3lOelUxTUM4NE1EQlhlRGd3TUVoZk1UQTJOamt5TnkweExtcHdad3wxOGI3YTMzMWVhNDBiYTI0NGI3NmEyZDU4OGE2NTFiZWJhODk2YjY4ZWFkMmRkZjg2MWQyOTk0ZGI3MDZkZGU0,https://api.mybihr.com/medias/800Wx800H-1066927-2.jpg?context=bWFzdGVyfHJvb3R8MzAyMDd8aW1hZ2UvanBlZ3xhRFkxTDJoak5pODBOakUzT0RVM05UQTRPVFk1TkM4NE1EQlhlRGd3TUVoZk1UQTJOamt5TnkweUxtcHdad3wwNDVhMWNmOTBiYjBmNjMyODQyMTA0MGMzODE3MTA0N2NlYzI0ZjVmNzg2NTdiY2RlNGY0YTExMzIwNDcxNmQ3,,,,,,,https://static.bihr.pro/eBihr/Pictures/ART-pictures.zip,,Spain Warehouse (Parts)
1066938,,115-0063,ART,ART CLIPS 5L RED,Garrafa gasolina ART con enganche rápido 5L Can-Am,137.70,113.80,79.66,69900066,0,8714109090,0,1,"<html> <head> <meta http-equiv=""Content-Type"" content=""text/html; charset=utf-8""><title> </title> <style type=""text/css"">.cs4FC7BF42{text-align:left;margin:0pt 0pt 0pt 0pt;list-style-type:disc;color:#000;background-color:transparent;font-weight:normal;font-style:normal;}.csA7555675{color:#000;background-color:transparent;font-weight:normal;font-style:normal;}.cs95E872D0{text-align:left;margin:0pt 0pt 0pt 0pt;}</style> </head> <body> <ul> <li>5L Can</li><li>Quick clip rack</li></ul> <p> </p></body> </html>","        5L CanQuick clip rack   ",VEHICLE PARTS & ACCESSORIES,ACCESSORIES,ACC. COMFORT&CONVEN.,,,,,16598,1530,380,168,260,,,,,,,,,,,,,,,,,,,,,,,,,,,,,,,,,,,,,,https://api.mybihr.com/medias/1066938-1-800Wx800H?context=bWFzdGVyfHJvb3R8ODkxMDF8aW1hZ2UvanBlZ3xhR0U1TDJnek9DODRPRFExTVRFNE56WTNNVE0wTHpFd05qWTVNemd0TVY4NE1EQlhlRGd3TUVnfGMwNzdlMjlkZGVkNzhmZmI5NDM0OTZlZjE0OTE3YjQyMjZlOTY5MGZhOGMxNTY2YTNkYzc5OThhNjIwZDI3ODA,,,,,,,,https://static.bihr.pro/eBihr/Pictures/ART-pictures.zip,,Spain Warehouse (Parts)
1066922,,110-0003,ART,ART SEAT BZ12000,Asiento ART ATV BZ12000,108.17,89.40,58.11,443747,0,8714109090,0,1,"Technical Part, please contract our After-Sales Service to have the specific reference you need.","Technical Part, please contract our After-Sales Service to have the specific reference you need.",VEHICLE PARTS & ACCESSORIES,ACCESSORIES,ACC. COMFORT&CONVEN.,,,,,44403,1365,570,380,205,,,,,,,,,,,,,,,,,,,,,,,,,,,,,,,,,,,,,,https://api.mybihr.com/medias/1066922-1-800Wx800H?context=bWFzdGVyfHJvb3R8MTM1MjE2fGltYWdlL2pwZWd8YUdJd0wyZ3dOeTg0T1RNNU9UUTRORFF4TmpNd0x6RXdOalk1TWpJdE1WODRNREJYZURnd01FZ3xkMjA3MmI0MjNkM2JhMGU5MTM0NmExNjQyZjg2MzM2Y2Y0NmE0ZTRjOGVlMGU0OGZiMDM0OTdlOGEzNGQ5ZTNm,,,,,,,,https://static.bihr.pro/eBihr/Pictures/ART-pictures.zip,,Spain Warehouse (Parts)
1066925,,110-0015,ART,ART BAND BANDS X2 FOR BOX BZ,Pulpo elástico ART 2 piezas,7.87,6.50,4.23,443740,1,8714109090,0,1,"Technical Part, please contract our After-Sales Service to have the specific reference you need.","Technical Part, please contract our After-Sales Service to have the specific reference you need.",VEHICLE PARTS & ACCESSORIES,ACCESSORIES,ACC. COMFORT&CONVEN.,,,,,708,35,208,126,27,,,,,,,,,,,,,,,,,,,,,,,,,,,,,,,,,,,,,,https://api.mybihr.com/medias/1066925-1-800Wx800H?context=bWFzdGVyfHJvb3R8MTM1MjE2fGltYWdlL2pwZWd8YURNeEwyaGlOaTg0T1RBeU9ETXlOelV3TmpJeUx6RXdOalk1TWpVdE1WODRNREJYZURnd01FZ3w3YWYyZWRjNTQ0NjE4ODRlYjczYzBhNjlmZTk0NWJiNzVkMDU3ZDEzN2JkY2UyM2QyMmI0MTZjZTM3NGJlY2U2,,,,,,,,https://static.bihr.pro/eBihr/Pictures/ART-pictures.zip,,Spain Warehouse (Parts)
1066965,,BZ9000,ART,ART REAR BOX MEG'ART REAR CARGO BOX,Baul ART quad ATV 197L,324.99,268.59,174.58,1066965,2,8714109090,0,0,"<html> <head> <meta http-equiv=""Content-Type"" content=""text/html; charset=utf-8""><title> </title> <style type=""text/css"">.cs4FC7BF42{text-align:left;margin:0pt 0pt 0pt 0pt;list-style-type:disc;color:#000;background-color:transparent;font-weight:normal;font-style:normal;}.csCF6BBF71{color:#000;background-color:transparent;font-weight:normal;font-style:normal;}.csA7555675{color:#000;background-color:transparent;font-weight:normal;font-style:normal;}</style> </head> <body> <ul> <li>One of the biggest storage box ever</li><li>Removable inner walls</li><li>Delivered with 2 safety hooks</li><li>Available locking (not included)</li><li>Weather-sealed top</li><li>Optional passenger back seat BZ9001 can be mounted</li></ul> </body> </html>","        One of the biggest storage box everRemovable inner wallsDelivered with 2 safety hooksAvailable locking (not included)Weather-sealed topOptional passenger back seat BZ9001 can be mounted  ",VEHICLE PARTS & ACCESSORIES,ACCESSORIES,ACC. COMFORT&CONVEN.,,,,,262548,15000,990,520,510,,,,,,,,,,,,2,,,,Negro,,,,,,,,,,,,,,,,,,,,,,https://api.mybihr.com/medias/1066965-1-800Wx800H?context=bWFzdGVyfHJvb3R8NDE2NjB8aW1hZ2UvanBlZ3xhR0UyTDJneU1DODRPVEF5T0RNMU1UYzFORFUwTHpFd05qWTVOalV0TVY4NE1EQlhlRGd3TUVnfGYyOTJkODBjYmU4NmNmOWQyYzU5Njg2MmNlZGMyODc1Yjc2MjY4MWFmY2RmNGU2NDlkOWEwZDlkYmRhNThkODk,https://api.mybihr.com/medias/1066965-2-800Wx800H?context=bWFzdGVyfHJvb3R8NDk4MTF8aW1hZ2UvanBlZ3xhR1ExTDJneE9TODRPVEF5T0RNMU16Y3lNRFl5THpFd05qWTVOalV0TWw4NE1EQlhlRGd3TUVnfGU5NDQ2NGU3YTc0NzRhZjRhODNlMDdlZWE1N2JiN2MzZTcyZTFiZDM1Nzk4OWNhNWQ0MzNkNzQxZDVmOTA3OTI,https://api.mybihr.com/medias/1066965-3-800Wx800H?context=bWFzdGVyfHJvb3R8MzY3NjF8aW1hZ2UvanBlZ3xhREU1TDJneE15ODRPVEF5T0RNMU5UWTROamN3THpFd05qWTVOalV0TTE4NE1EQlhlRGd3TUVnfDk5YzUyY2E1MzE0MDliMzU4MmFhZThkNzYwYTZmMjA0Nzg4ZDMyNDIzNzQ0NzJhYzNjODBkYzI1Zjg4NTgzMjI,https://api.mybihr.com/medias/1066965-4-800Wx800H?context=bWFzdGVyfHJvb3R8MjYzMDh8aW1hZ2UvanBlZ3xhRFE0TDJnd1l5ODRPVEF5T0RNMU56WTFNamM0THpFd05qWTVOalV0TkY4NE1EQlhlRGd3TUVnfDU4ZTVlMjBmOWY3MjdiMThjNjM4YTk0MzNmOGUzY2FkOWIwMjQ5ODk2ZTlmZjliMDM5OWQ0MWNkMzgwYzAyNTM,https://api.mybihr.com/medias/1066965-5-800Wx800H?context=bWFzdGVyfHJvb3R8NTMyNjd8aW1hZ2UvanBlZ3xhRGM0TDJnd05TODRPVEF5T0RNMU9UWXhPRGcyTHpFd05qWTVOalV0TlY4NE1EQlhlRGd3TUVnfGQ2ODkwZDI1NjA4OWVlYTk5NmU1MmQwNmNlMWVkYzU1NTEyNTIxMWVkMmYxY2E4MTllMDQ0ZGQzZGMzMWI3MmU,,,,https://static.bihr.pro/eBihr/Pictures/ART-pictures.zip,,Spain Warehouse (Parts)
1066966,,BZ9001,ART,ART COVER SH37 BLACK,Respaldo pasajero baúl ART ATV BZ9000,50.22,41.50,26.98,1066966,1,8714109090,0,1,"<html xmlns=""http://www.w3.org/1999/xhtml""> <head> <meta http-equiv=""Content-Type"" content=""text/html; charset=utf-8""><title> </title> <style type=""text/css""> .cs2654AE3A{text-align:left;text-indent:0pt;margin:0pt 0pt 0pt 0pt} .cs63EB74B2{color:#000000;background-color:transparent;font-family:Times New Roman;font-size:12pt;font-weight:normal;font-style:normal;} </style> </head> <body> <p>Designed for ART BZ9000 Cargo Box.</p><p> </p></body> </html>","       Designed for ART BZ9000 Cargo Box.  ",VEHICLE PARTS & ACCESSORIES,ACCESSORIES,ACC. COMFORT&CONVEN.,,,,,5447,385,503,190,57,,,,,,,,,,,,,,,,Negro,,,,,,,,,,,,,,,,,,,,,,https://api.mybihr.com/medias/1066966-1-800Wx800H?context=bWFzdGVyfHJvb3R8MTU2MzB8aW1hZ2UvanBlZ3xhRFU0TDJnek5DODRPVE0xTXprMU5EVTVNVEF5THpFd05qWTVOall0TVY4NE1EQlhlRGd3TUVnfGE0NzcxMDI3MzJjYzQ1MzVkOGJhMWMyMDY3MmQ2MTc3MWI2NTdmZDIxMmVlZGQwMTA4NTZiYTMwM2I2NmFjMTc,,,,,,,,https://static.bihr.pro/eBihr/Pictures/ART-pictures.zip,,Spain Warehouse (Parts)
1066929,,115-0002,ART,ART FOOT PEG UNIVERSAL,Reposapies universal quad ART negro,93.53,77.30,54.11,442365,0,8714109090,0,1,"<html> <head> <meta http-equiv=""Content-Type"" content=""text/html; charset=utf-8""><title> </title> <style type=""text/css"">.cs4FC7BF42{text-align:left;margin:0pt 0pt 0pt 0pt;list-style-type:disc;color:#000;background-color:transparent;font-weight:normal;font-style:normal;}.csA7555675{color:#000;background-color:transparent;font-weight:normal;font-style:normal;}</style> </head> <body> <ul> <li>Specially designed for the single seat ATVs</li><li>Universal fit</li><li>Pair delivered</li></ul> </body> </html>","        Specially designed for the single seat ATVsUniversal fitPair delivered  ",VEHICLE PARTS & ACCESSORIES,ACCESSORIES,ACC. COMFORT&CONVEN.,,,,,8632,725,233,233,159,,,,,,,,,,,,,,,,,,,,,,,,,,,,,,,,,,,,,,https://api.mybihr.com/medias/1066929-1-800Wx800H?context=bWFzdGVyfHJvb3R8MTc4NTF8aW1hZ2UvanBlZ3xhRFU1TDJnNU1TODRPVFUwTXpJME56UTJNamN3THpFd05qWTVNamt0TVY4NE1EQlhlRGd3TUVnfDk3YTIyZWQ1NjNjYzZhNzEzYjllYzRjNDFhNDdiNzIzZjhhY2QzYzM3MTYzMGQxMTg1ZGVlMjM2MDQ1ZjVlODQ,https://api.mybihr.com/medias/1066929-2-800Wx800H?context=bWFzdGVyfHJvb3R8NTAwMzF8aW1hZ2UvanBlZ3xhREk1TDJnNU9DODRPVFUwTXpJME9UUXlPRGM0THpFd05qWTVNamt0TWw4NE1EQlhlRGd3TUVnfGMwOWU0MDY2YzZmYTg2YjI3MzhhYTc3NmJkNDViZDNmYTk4YmU0MTBkYjliNmY2NDdhYTFhZDRkYWQ3N2E4MmU,,,,,,,https://static.bihr.pro/eBihr/Pictures/ART-pictures.zip,,Spain Warehouse (Parts)
1066963,,BZ8000,ART,ART COVER SH37 BLACK,Respaldo pasajero baúl ART ATV BZ7000,46.46,38.40,24.96,1066963,7,8714109090,0,1,"<html xmlns=""http://www.w3.org/1999/xhtml""> <head> <meta http-equiv=""Content-Type"" content=""text/html; charset=utf-8""><title> </title> <style type=""text/css""> .cs2654AE3A{text-align:left;text-indent:0pt;margin:0pt 0pt 0pt 0pt} .cs63EB74B2{color:#000000;background-color:transparent;font-family:Times New Roman;font-size:12pt;font-weight:normal;font-style:normal;} </style> </head> <body> <p>Designed for ART BZ7000 Cargo Box.</p></body> </html>","       Designed for ART BZ7000 Cargo Box. ",VEHICLE PARTS & ACCESSORIES,ACCESSORIES,ACC. COMFORT&CONVEN.,,,,,3010,300,430,140,50,,,,,,,,,,,,,,,,Negro,,,,,,,,,,,,,,,,,,,,,,https://api.mybihr.com/medias/1066963-1-800Wx800H?context=bWFzdGVyfHJvb3R8MzM0ODN8aW1hZ2UvanBlZ3xhREl5TDJnMlppODRPVEF5T0RNME9UYzRPRFEyTHpFd05qWTVOak10TVY4NE1EQlhlRGd3TUVnfDJjNDExNTcxYjU3ZjcxN2ZhM2QyM2FmMzM4MTYzYmE4N2Q2NzRkNTc4YmY0OGJjODY4YjI2OGIzNTM1N2EwYTQ,,,,,,,,https://static.bihr.pro/eBihr/Pictures/ART-pictures.zip,,Spain Warehouse (Parts)
1066940,1066940,126-0015,ART,ART REAR BOX REAR CARGO BOX BLK,Baúl ART ATV Negro 94L,366.03,302.50,211.75,126-0015,0,4202125000,0,0,"<html> <head> <meta http-equiv=""Content-Type"" content=""text/html; charset=utf-8""><title> </title> <style type=""text/css"">.cs95E872D0{text-align:left;margin:0pt 0pt 0pt 0pt;}.csC57700C4{color:#000;background-color:transparent;font-weight:bold;font-style:normal;}.csA7555675{color:#000;background-color:transparent;font-weight:normal;font-style:normal;}.cs4FC7BF42{text-align:left;margin:0pt 0pt 0pt 0pt;list-style-type:disc;color:#000;background-color:transparent;font-weight:normal;font-style:normal;}</style> </head> <body> <p>A strong high capacity storage box.</p><p> </p><p>If you need a cargo box with extra storage room, this is the box for you. It opens from the front for easy access and has a key lock with a smart push button in the middle. The Cargo box also has an elastic strapping system on both ends for extra security while riding. It mounts easily with the «U» bolt mounting kit (included).</p><p> </p><ul start=""1""> <li>Safety reflector on each side and at the rear</li><li>Ergonomic design Integrated glass doors</li><li>Easy to use elastic strapping system</li><li>Key lock lid with easy to use push button</li><li>Opens from the front</li><li>Made in Canada </li></ul> </body> </html>","       A strong high capacity storage box. If you need a cargo box with extra storage room, this is the box for you. It opens from the front for easy access and has a key lock with a smart push button in the middle. The Cargo box also has an elastic strapping system on both ends for extra security while riding. It mounts easily with the «U» bolt mounting kit (included).  Safety reflector on each side and at the rearErgonomic design Integrated glass doorsEasy to use elastic strapping systemKey lock lid with easy to use push buttonOpens from the frontMade in Canada   ",VEHICLE PARTS & ACCESSORIES,ACCESSORIES,ACC. COMFORT&CONVEN.,,,,,331403,11720,1180,685,410,,,,,,,,,,,,,,,,Negro,,,,,,,,,,,,,,,,,,,,,,https://api.mybihr.com/medias/1066940-1-800Wx800H?context=bWFzdGVyfHJvb3R8OTQ4Njd8aW1hZ2UvanBlZ3xhREEzTDJobE55ODRPVEF5T0RNek5UTTNNRFUwTHpFd05qWTVOREF0TVY4NE1EQlhlRGd3TUVnfDkxNzk5MzFjMzk0MzU0NjU2NWYwYTg5YWRhYTU5NjM2NGRjYWY1YmI1OGU3NGQ3OWQ2YWE0MTFmMDAzOThiNTk,https://api.mybihr.com/medias/1066940-2-800Wx800H?context=bWFzdGVyfHJvb3R8MTE3MjU1fGltYWdlL2pwZWd8YURNM0wyaGxNQzg0T1RBeU9ETXpOek16TmpZeUx6RXdOalk1TkRBdE1sODRNREJYZURnd01FZ3xiYTVlODE5MjIzOWUzYzhkMzk4MzI2YWI2MDQzZWI1MTcwNTQzZGY4M2RiYTczNzk1NTI1Y2U4M2VhZDI2Mjk0,https://api.mybihr.com/medias/1066940-3-800Wx800H?context=bWFzdGVyfHJvb3R8MTE3NTU5fGltYWdlL2pwZWd8YURZM0wyaGtPUzg0T1RBeU9ETXpPVE13TWpjd0x6RXdOalk1TkRBdE0xODRNREJYZURnd01FZ3w5ZDdhYTE3ZDkzODU1ZWFlMTE2ZjMwZjg2M2QwYjZiMGUzOWZkOTE2M2Q0NTM3MGI4YzhmZGExYWVmZWQxMjA5,https://api.mybihr.com/medias/1066940-4-800Wx800H?context=bWFzdGVyfHJvb3R8ODE4NzZ8aW1hZ2UvanBlZ3xhR1psTDJnNFlTODRPVEF5T0RNME1USTJPRGM0THpFd05qWTVOREF0TkY4NE1EQlhlRGd3TUVnfGZlNTkyOGU4N2MwNDZiNzljNThhYzVkM2YyZWY1ODEyM2UxZTZjOGRkYTI2Y2NiODU5OTZjYjdhYTI2MTllY2Y,https://api.mybihr.com/medias/1066940-5-800Wx800H?context=bWFzdGVyfHJvb3R8ODUwMjN8aW1hZ2UvanBlZ3xhREpsTDJnNE5DODRPVEF5T0RNME16SXpORGcyTHpFd05qWTVOREF0TlY4NE1EQlhlRGd3TUVnfGEyY2FkOWQwOWZmYTFjZDM0ZjE0YzBiMzM3ZGY4MTA2MmE5MTc1NTk2MTYzNzI2MDUyYWYzNjJlYWM0ODk3NGE,,,,https://static.bihr.pro/eBihr/Pictures/ART-pictures.zip,,Spain Warehouse (Parts)
1066941,1066941,126-0016,ART,ART REAR BOX EXPEDITION REAR CARGO BOX,Baúl ART ATV Negro 109L,393.61,325.30,227.71,126-0016,12,4202125000,0,0,"<html> <head> <meta http-equiv=""Content-Type"" content=""text/html; charset=utf-8""><title> </title> <style type=""text/css"">.cs95E872D0{text-align:left;margin:0pt 0pt 0pt 0pt;}.cs20EE0811{color:#000;background-color:transparent;font-weight:bold;font-style:normal;}.csC235ED31{color:#000;background-color:transparent;font-weight:normal;font-style:normal;}.cs4EA70B48{text-align:left;margin:0pt 0pt 0pt 0pt;list-style-type:disc;color:#000;background-color:transparent;font-weight:normal;font-style:normal;}</style> </head> <body> <p>A strong high capacity storage box.</p><p> </p><p>If you need a cargo box with extra storage room, this is the box for you. It mounts easily with the «U» bolt mounting kit (included).</p><p> </p><ul> <li>Made in Canada </li></ul> </body> </html>","       A strong high capacity storage box. If you need a cargo box with extra storage room, this is the box for you. It mounts easily with the «U» bolt mounting kit (included).  Made in Canada   ",VEHICLE PARTS & ACCESSORIES,ACCESSORIES,ACC. COMFORT&CONVEN.,,,,,243600,11720,1000,580,420,,,,,,,,,,,,,,,,Negro,,,,,,,,,,,,,,,,,,,,,,https://api.mybihr.com/medias/1066941-1-800Wx800H?context=bWFzdGVyfHJvb3R8MTgwNjQyfGltYWdlL2pwZWd8YUdJeUwyZzFPUzg0T0RjMU1EUXhOekU0TXpBeUx6RXdOalk1TkRFdE1WODRNREJYZURnd01FZ3xkNjVkNWYzMmZjY2RlMjYzN2QwYzBiMTdjZTQzZjk0NGJiYTQ0NjcyOTc3OGIwOGRiZjQ2N2FiODViODVmYmQ4,https://api.mybihr.com/medias/1066941-2-800Wx800H?context=bWFzdGVyfHJvb3R8MjY0NjkwfGltYWdlL2pwZWd8YUdVeUwyZzFNaTg0T0RjMU1EUXhPVEUwT1RFd0x6RXdOalk1TkRFdE1sODRNREJYZURnd01FZ3xhMTNkMTFjOTQ4M2M1NmFkMWEwYTc3MjljOGMzZGExOTNlYTA3NTkxZWFlODM5NDhiY2I0ODkxYTViZDRlZDlj,https://api.mybihr.com/medias/1066941-3-800Wx800H?context=bWFzdGVyfHJvb3R8NzczNTJ8aW1hZ2UvanBlZ3xhRFkyTDJnd05DODRPRGMxTURReU1URXhOVEU0THpFd05qWTVOREV0TTE4NE1EQlhlRGd3TUVnfDA3ODA0ZjhiMDY2YWJmOWMzZmJjOTY4ZTExZWFjNzgxYmQzYmRmMWNhNWJlMTc5MDc3YzRhZWY5ZmM5ODRmYjE,https://api.mybihr.com/medias/1066941-4-800Wx800H?context=bWFzdGVyfHJvb3R8MTcwNjkzfGltYWdlL2pwZWd8YURVM0wyZ3dNaTg0T0RjMU1EUXlNekE0TVRJMkx6RXdOalk1TkRFdE5GODRNREJYZURnd01FZ3xiNjBjNjBmYzE0Mzg0MjVlMTBhNjIzNzU4YjMwZmQxODQ2ZDUyYjVkZGIyN2RkNGY4NmMyODRmYjI3Mjg1NzBj,https://api.mybihr.com/medias/1066941-5-800Wx800H?context=bWFzdGVyfHJvb3R8NTk0NzF8aW1hZ2UvanBlZ3xhREkzTDJnd09TODRPRGMxTURReU5UQTBOek0wTHpFd05qWTVOREV0TlY4NE1EQlhlRGd3TUVnfDZjOTBkOGI1MmE3N2JlN2ExN2RjYjBjYzEwYjk1MjgwNWQ1NmNhMmMyZWZkODM4OWM5ZWFmNGQ0YWI0MzhhZDQ,https://api.mybihr.com/medias/1066941-6-800Wx800H?context=bWFzdGVyfHJvb3R8OTk0MDh8aW1hZ2UvanBlZ3xhR1kzTDJnd1ppODRPRGMxTURReU56QXhNelF5THpFd05qWTVOREV0Tmw4NE1EQlhlRGd3TUVnfDY3YTNmNTJmZDQyMmJmZDE0YzE2MmM5OTc5NzUyYjE2MGEyZTUxMGQzMTIwZTQ4OTRmNTM5ZDNhNWQ5YzYyYTk,https://api.mybihr.com/medias/1066941-7-800Wx800H?context=bWFzdGVyfHJvb3R8MjI2MDExfGltYWdlL2pwZWd8YURZMEwyZ3hOQzg0T0RjMU1EUXlPRGszT1RVd0x6RXdOalk1TkRFdE4xODRNREJYZURnd01FZ3w2NDVlZjgyOTlkZWJlYjcyMDEwN2I4NjRiYzBlZjMxMjc3ZDE3MzdlYjc4MDQ1YTJiZGFjOTFkY2M4YjM5NTA3,https://api.mybihr.com/medias/1066941-8-800Wx800H?context=bWFzdGVyfHJvb3R8OTkwNTd8aW1hZ2UvanBlZ3xhR1V3TDJnMk1pODRPRGMxTURRek1EazBOVFU0THpFd05qWTVOREV0T0Y4NE1EQlhlRGd3TUVnfDFmNjUxMjI1Mjg5NWVlODBlZWFhZjNlYTJkOWRhZDRmM2YwNTUyZTEyMjQwNzUyMmJkOWU0N2U5MTQ1ZmUwMTY,https://static.bihr.pro/eBihr/Pictures/ART-pictures.zip,,Spain Warehouse (Parts)
1066942,,127-0010,ART,ART REAR BOX TWIN REAR BOX SOLID BLK,ART Twin Rear Cargo Box Solid Black 2x48L,539.18,445.60,289.64,BZ14000,2,4202125000,0,0,"<html> <head> <meta http-equiv=""Content-Type"" content=""text/html; charset=utf-8""><title> </title> <style type=""text/css"">.cs95E872D0{text-align:left;margin:0pt 0pt 0pt 0pt;}.csA7555675{color:#000;background-color:transparent;font-weight:normal;font-style:normal;}</style> </head> <body> <p>ART's twin solid rear box were specifically designed to fit the Polaris Sportsman ATV. </p></body> </html>","       ART's twin solid rear box were specifically designed to fit the Polaris Sportsman ATV.  ",VEHICLE PARTS & ACCESSORIES,ACCESSORIES,ACC. COMFORT&CONVEN.,,,,,166595,11781,743,370,606,,,,,,,,,,,,,,,,,,,,,,,,,,,,,,,,,,,,,,https://api.mybihr.com/medias/800Wx800H-1066942-1.jpg?context=bWFzdGVyfHJvb3R8MjQwNTg1fGltYWdlL2pwZWd8YUdNeUwyZ3hPUzgwTmpRMU1qRTVPVFkxTXpRd05pODRNREJYZURnd01FaGZNVEEyTmprME1pMHhMbXB3Wnd8NmM1ZDU0MWQwYTZiNTc1NDNmMDk2YWRmZmJjODhjNWQ1YWUwNjFmYjliZmVhOTdkOWVlY2Q4NjBiNjVjOGNkZQ,https://api.mybihr.com/medias/800Wx800H-1066942-2.jpg?context=bWFzdGVyfHJvb3R8MTY4NDA0fGltYWdlL2pwZWd8YUdKbEwyZzJPQzgwTmpRMU1qSXdNVE01TURFeE1DODRNREJYZURnd01FaGZNVEEyTmprME1pMHlMbXB3Wnd8MzhhNWUyOGQwZGVlMTFhMmU4MzVhMDg1ZTAxNTA3OThlODhiM2Q5MDRkZDI5ZWYzYjI3ZTlkOTZmMTc0NTlmYg,https://api.mybihr.com/medias/800Wx800H-1066942-3.jpg?context=bWFzdGVyfHJvb3R8MjI2MjAyfGltYWdlL2pwZWd8YURSakwyZzNOaTgwTmpRMU1qSXdNVGM0TXpNeU5pODRNREJYZURnd01FaGZNVEEyTmprME1pMHpMbXB3Wnd8NTllN2QyZjhkMjY1MzYwYWI3ZTMxYmE1MjU5NDVjYzBkODQ0MmI0ODZhMTBlM2U0MzE4Nzk2MTA4ZDkwNTU4NA,https://api.mybihr.com/medias/800Wx800H-1066942-4.jpg?context=bWFzdGVyfHJvb3R8MTg2NDUyfGltYWdlL2pwZWd8YUdReUwyZ3dZaTgwTmpRMU1qSXdNREEwTmpZeU1pODRNREJYZURnd01FaGZNVEEyTmprME1pMDBMbXB3Wnd8OWJkMTBjY2M4MTg5YzNiNTlmYTZlNGJmODQ3ZmRmZjc3Njc1NGU0ZTY4ZTY3M2VhY2NjNzZlMjEwOTNiZTJiMg,,,,,https://static.bihr.pro/eBihr/Pictures/ART-pictures.zip,,France Warehouse (Parts)
1058905,140070,CC104-HRMC,ART,ART HOUR METER WIRE - BLACK,Cuentahoras con cable ART negro,32.67,27.00,16.20,8430525854178,1107,8714109090,0,1,"<html> <head> <meta http-equiv=""Content-Type"" content=""text/html; charset=utf-8""><title> </title> <style type=""text/css"">.cs95E872D0{text-align:left;margin:0pt 0pt 0pt 0pt;}.csA7555675{color:#000;background-color:transparent;font-weight:normal;font-style:normal;}.cs4FC7BF42{text-align:left;margin:0pt 0pt 0pt 0pt;list-style-type:disc;color:#000;background-color:transparent;font-weight:normal;font-style:normal;}</style> </head> <body> <p>ART hour meter with wire</p><p> </p><ul> <li>Easy to install</li><li>Ideal for the maintenance of your motorcycle</li><li>For all motorcycles and quad</li></ul> </body> </html>","       ART hour meter with wire  Easy to installIdeal for the maintenance of your motorcycleFor all motorcycles and quad  ",VEHICLE PARTS & ACCESSORIES,ACCESSORIES,ACC. ELECTRONIC,,,,,369,66,183,106,19,,,,,,,,,,,,,,,,Negro,,,,,,,,,,,,,,,,,,,,,,https://api.mybihr.com/medias/1058905-1-800Wx800H?context=bWFzdGVyfHJvb3R8MzczMTM3fGltYWdlL2pwZWd8YUdFM0wyZzJaUzg0T1RjeU9ERXdPVGMzTXpFd0x6RXdOVGc1TURVdE1WODRNREJYZURnd01FZ3wzZWZlNTFiZmY5YWMzMmE2MjQ3NTAxZWQ1YjQ1ZTI1N2Q0ZGZlOTdmZWRjZDRjOWI4NDUxNDkzYjdjNDU2ZDUy,,,,,,,,https://static.bihr.pro/eBihr/Pictures/ART-pictures.zip,,Spain Warehouse (Parts)
1058906,140071,CC104-HRMS,ART,ART HOUR METER WIRELESS - BLACK,Cuentahoras sin cable ART negro,43.56,36.00,21.60,8430530000003,835,8714109090,0,1,"<html> <head> <meta http-equiv=""Content-Type"" content=""text/html; charset=utf-8""><title> </title> <style type=""text/css"">.cs95E872D0{text-align:left;margin:0pt 0pt 0pt 0pt;}.csA7555675{color:#000;background-color:transparent;font-weight:normal;font-style:normal;}.cs4FC7BF42{text-align:left;margin:0pt 0pt 0pt 0pt;list-style-type:disc;color:#000;background-color:transparent;font-weight:normal;font-style:normal;}</style> </head> <body> <p>ART Wireless hour meter</p><p> </p><ul> <li>Easy to install</li><li>Ideal for the maintenance of your motorcycle</li><li>For all motorcycles and quad</li></ul> </body> </html>","       ART Wireless hour meter  Easy to installIdeal for the maintenance of your motorcycleFor all motorcycles and quad  ",VEHICLE PARTS & ACCESSORIES,ACCESSORIES,ACC. ELECTRONIC,,,,,427,67,183,106,22,,,,,,,,,,,,,,,,Negro,,,,,,,,,,,,,,,,,,,,,,https://api.mybihr.com/medias/1058906-1-800Wx800H?context=bWFzdGVyfHJvb3R8ODQ3NTd8aW1hZ2UvanBlZ3xhREl6TDJoaVpDODRPVGN5T0RFeE1UY3pPVEU0THpFd05UZzVNRFl0TVY4NE1EQlhlRGd3TUVnfGJhODY3Y2Y2NTE0OGYzYTZiY2ViZTgzMDIzZDk1MTljZWQyYzE0MmMwZWMzNTczZjg0YjU2M2ExMmNhMzFjOTk,,,,,,,,https://static.bihr.pro/eBihr/Pictures/ART-pictures.zip,,Spain Warehouse (Parts)
1060043,95365,ASOT-124-GY,ART,ART MOUNT HOUR METER,Soporte universal cuenta horas ART,15.73,13.00,7.80,8430525953659,4,8714109090,0,1,,,VEHICLE PARTS & ACCESSORIES,ACCESSORIES,ACC. ELECTRONIC,,,,,183,26,134,91,15,,,,,,,,,,,,,,,,,,,,,,,,,,,,,,,,,,,,,,https://api.mybihr.com/medias/1060043-1-800Wx800H?context=bWFzdGVyfHJvb3R8NTQ0MjR8aW1hZ2UvanBlZ3xhRFExTDJneU1TOHhOVFF5TmpRM01qZ3dORE00TWk4eE1EWXdNRFF6TFRGZk9EQXdWM2c0TURCSXw1ZGI0ZjQ1YzE5NWNmYzlhMTlmMTRlM2E3ZDZiZTA1MjU4YWM1OTkxNDMyOTRhODk1NGRhYTIwZGJjYmEyZTUy,,,,,,,,https://static.bihr.pro/eBihr/Pictures/ART-pictures.zip,,Spain Warehouse (Parts)
1067332,,81X-160,ART,ART LIGHTNING LED BAR CREE 10W 66CM,Barra faro Led ART - Cree Led 160W 13600 Lumens 66cm,178.11,147.20,95.68,3661738050797,0,8714109090,0,1,"<html> <head> <meta http-equiv=""Content-Type"" content=""text/html; charset=utf-8""><title> </title> <style type=""text/css"">.cs4FC7BF42{text-align:left;margin:0pt 0pt 0pt 0pt;list-style-type:disc;color:#000;background-color:transparent;font-weight:normal;font-style:normal;}.csA7555675{color:#000;background-color:transparent;font-weight:normal;font-style:normal;}.cs95E872D0{text-align:left;margin:0pt 0pt 0pt 0pt;}</style> </head> <body> <ul> <li><a id=""_DX_FRAG_STARTFRAGMENT""></a>LED type: Cree</li><li>Brightness: 13600 lumens</li><li>Power consumption: 10 W</li><li>Cable length: 40 cm</li><li>Depth: 9 cm</li><li>Input Voltage: 10 - 30 V</li></ul> <p> </p></body> </html>","        LED type: CreeBrightness: 13600 lumensPower consumption: 10 WCable length: 40 cmDepth: 9 cmInput Voltage: 10 - 30 V   ",VEHICLE PARTS & ACCESSORIES,ACCESSORIES,ACC. ELECTRIC,,,,,11178,3800,810,120,115,,,,,,,,,,,,,,,,Negro,,Aluminio,,,,,,,,,,,,,,,,,,,,https://api.mybihr.com/medias/1067332-1-800Wx800H?context=bWFzdGVyfHJvb3R8NTkxMDB8aW1hZ2UvanBlZ3xhR1JtTDJobE1DODVNREV6TVRjNU5qRXpNakUwTHpFd05qY3pNekl0TVY4NE1EQlhlRGd3TUVnfGE3ZDM1NzdlMTFjY2JjMTQ3NDA1OWRmMmNhMTViYTNlNDA1YzM0Yzk3NzVhNzIwMDY4NWM1MThlYTQyZDNmODk,https://api.mybihr.com/medias/1067332-2-800Wx800H?context=bWFzdGVyfHJvb3R8NDg1MjF8aW1hZ2UvanBlZ3xhREl5TDJoa1lTODVNREV6TVRjNU9EQTVPREl5THpFd05qY3pNekl0TWw4NE1EQlhlRGd3TUVnfGNiMzRjZDEyZWQ5MGQwNjJjNTA5Nzc0Mzk3MjdiMzEzOTliYmFlNjcyNWMxYWE4MDA2ZTYzZDYzMmYwOGNkMGM,,,,,,,https://static.bihr.pro/eBihr/Pictures/ART-pictures.zip,,Spain Warehouse (Parts)
1067334,,90X-72,ART,ART LIGHTNING LED BAR CREE 3W 34CM,Barra faro Led ART - Cree Led 72W 5760 Lumens 34cm,100.73,83.25,49.95,LD6001,3,8714109090,0,1,"<html> <head> <meta http-equiv=""Content-Type"" content=""text/html; charset=utf-8""><title> </title> <style type=""text/css"">.cs4FC7BF42{text-align:left;margin:0pt 0pt 0pt 0pt;list-style-type:disc;color:#000;background-color:transparent;font-weight:normal;font-style:normal;}.csA7555675{color:#000;background-color:transparent;font-weight:normal;font-style:normal;}.cs95E872D0{text-align:left;margin:0pt 0pt 0pt 0pt;}</style> </head> <body> <ul> <li><a id=""_DX_FRAG_STARTFRAGMENT""></a>LED type: Cree</li><li>Brightness: 5760 lumens</li><li>Power consumption: 3 W</li><li>Cable length: 40 cm</li><li>Depth: 9 cm</li><li>Input Voltage: 10 - 30 V</li></ul> <p> </p></body> </html>","        LED type: CreeBrightness: 5760 lumensPower consumption: 3 WCable length: 40 cmDepth: 9 cmInput Voltage: 10 - 30 V   ",VEHICLE PARTS & ACCESSORIES,ACCESSORIES,ACC. ELECTRIC,,,,,6182,1525,433,121,118,,,,,,,,,,,,,,,,Negro,,Aluminio,,,,,,,,,,,,,,,,,,,,https://api.mybihr.com/medias/1067334-1-800Wx800H?context=bWFzdGVyfHJvb3R8NjI3MjF8aW1hZ2UvanBlZ3xhREZtTDJneU1pODVNREV6TVRnd01EQTJORE13THpFd05qY3pNelF0TVY4NE1EQlhlRGd3TUVnfDM4ZGYyMTE3MWZkM2Y5YTRhOTdhODRmMzcxYzhjMzQ1OTdjNGFkM2Y4ZTk5YzgyMDQ3OWM5ZjdjOTEyNDcyZjk,https://api.mybihr.com/medias/1067334-2-800Wx800H?context=bWFzdGVyfHJvb3R8NjI5NzF8aW1hZ2UvanBlZ3xhR1l3TDJneU9DODVNREV6TVRnd01qQXpNRE00THpFd05qY3pNelF0TWw4NE1EQlhlRGd3TUVnfGRkZmI2NzVkOTBkMmI5NTE3Mzk0MDU0YWFiOWRlMmYwYmU4YTMyYmNiNmFjYTBmMzM3ZTI0MWQ1N2IwYzhlYWI,,,,,,,https://static.bihr.pro/eBihr/Pictures/ART-pictures.zip,,Spain Warehouse (Parts)
1067331,,81X-40,ART,ART LIGHTNING LED BAR CREE 10W 18CM,Barra faro Led ART - Cree Led 10W 3400 Lumens 18cm,57.48,47.50,30.88,LD7001,2,8714109090,0,1,"<html> <head> <meta http-equiv=""Content-Type"" content=""text/html; charset=utf-8""><title> </title> <style type=""text/css"">.cs4FC7BF42{text-align:left;margin:0pt 0pt 0pt 0pt;list-style-type:disc;color:#000;background-color:transparent;font-weight:normal;font-style:normal;}.csA7555675{color:#000;background-color:transparent;font-weight:normal;font-style:normal;}.cs95E872D0{text-align:left;margin:0pt 0pt 0pt 0pt;}</style> </head> <body> <ul> <li><a id=""_DX_FRAG_STARTFRAGMENT""></a>LED type: Cree</li><li>Brightness: 3400 lumens</li><li>Power consumption: 10 W</li><li>Cable length: 40 cm</li><li>Depth: 9 cm</li><li>Input Voltage: 10 - 30 V</li></ul> <p> </p></body> </html>","        LED type: CreeBrightness: 3400 lumensPower consumption: 10 WCable length: 40 cmDepth: 9 cmInput Voltage: 10 - 30 V   ",VEHICLE PARTS & ACCESSORIES,ACCESSORIES,ACC. ELECTRIC,,,,,4097,1061,280,124,118,,,,,,,,,,,,,,,,Negro,Translúcido,Aluminio,,por unidad,,,,,,,,,,,,Delantero,,,,,,https://api.mybihr.com/medias/1067331-1-800Wx800H?context=bWFzdGVyfHJvb3R8NTA0Mjd8aW1hZ2UvanBlZ3xhREk0TDJnMk5pODRPVGMwTkRJd056TTRNRGM0THpFd05qY3pNekV0TVY4NE1EQlhlRGd3TUVnfDdkZDM5M2E5NjY0NGQzOWU3OWFiNjJjM2JiNGM5ZTU0YzU1NzQ4ZGU3NmQ4MmYxYzk4NTkzOWNjZDhlMmQzYTM,https://api.mybihr.com/medias/1067331-2-800Wx800H?context=bWFzdGVyfHJvb3R8NDE3NjB8aW1hZ2UvanBlZ3xhR1k0TDJnMll5ODRPVGMwTkRJd09UTTBOamcyTHpFd05qY3pNekV0TWw4NE1EQlhlRGd3TUVnfDhkNTliNjA5ZmQwYzU0YzZkN2JmNzQwZDFjN2RlYzVhMWUyMDNhZmU2YjZlMGIxMTJhMmZmODU1ODBiMGJmMmU,,,,,,,https://static.bihr.pro/eBihr/Pictures/ART-pictures.zip,,Spain Warehouse (Parts)
1067333,,81X-200,ART,ART LIGHTNING LED BAR CREE 10W 82CM,Barra faro Led ART - Cree Led 200W 17000 Lumens 82cm,232.32,192.00,124.80,LD7004,2,8714109090,0,1,"<html> <head> <meta http-equiv=""Content-Type"" content=""text/html; charset=utf-8""><title> </title> <style type=""text/css"">.cs4FC7BF42{text-align:left;margin:0pt 0pt 0pt 0pt;list-style-type:disc;color:#000;background-color:transparent;font-weight:normal;font-style:normal;}.csA7555675{color:#000;background-color:transparent;font-weight:normal;font-style:normal;}.cs95E872D0{text-align:left;margin:0pt 0pt 0pt 0pt;}</style> </head> <body> <ul> <li><a id=""_DX_FRAG_STARTFRAGMENT""></a>LED type: Cree</li><li>Brightness: 17000 lumens</li><li>Power consumption: 10 W</li><li>Cable length: 40 cm</li><li>Depth: 9 cm</li><li>Input Voltage: 10 - 30 V</li></ul> <p> </p></body> </html>","        LED type: CreeBrightness: 17000 lumensPower consumption: 10 WCable length: 40 cmDepth: 9 cmInput Voltage: 10 - 30 V   ",VEHICLE PARTS & ACCESSORIES,ACCESSORIES,ACC. ELECTRIC,,,,,12183,3840,890,117,117,,,,,,,,,,,,,,,,Negro,,Aluminio,,,,,,,,,,,,,,,,,,,,https://api.mybihr.com/medias/1067333-1-800Wx800H?context=bWFzdGVyfHJvb3R8NTY4NzN8aW1hZ2UvanBlZ3xhREF5TDJoak9TODRPVGMwTkRJeE5USTBOVEV3THpFd05qY3pNek10TVY4NE1EQlhlRGd3TUVnfDI2NmZkNjYwNWQ5ZDVkZGRlNTc0NWMyNGM2NzJmYTRmODY4MzQ2MjIxNmIyMTYyNWI4OTAwMTllYTA1M2Y2MDM,https://api.mybihr.com/medias/1067333-2-800Wx800H?context=bWFzdGVyfHJvb3R8NDcxOTh8aW1hZ2UvanBlZ3xhR1F5TDJoalppODRPVGMwTkRJeE56SXhNVEU0THpFd05qY3pNek10TWw4NE1EQlhlRGd3TUVnfDVmZDlmODcyMTI1MjBmMjRjNTI3ZTNiOWUxOWZlZTVjODc4ZTUxNDRhOTZiMWYyMDNiMmY1N2ZlNTc0MjFjMDU,,,,,,,https://static.bihr.pro/eBihr/Pictures/ART-pictures.zip,,Spain Warehouse (Parts)
1067335,,90X-120,ART,ART LIGHTNING LED BAR CREE 3W 54CM,Barra faro Led ART - Cree Led 120W 9600 Lumens 54cm,120.89,99.91,64.94,3661738050827,3,8714109090,0,1,"<html> <head> <meta http-equiv=""Content-Type"" content=""text/html; charset=utf-8""><title> </title> <style type=""text/css"">.cs4FC7BF42{text-align:left;margin:0pt 0pt 0pt 0pt;list-style-type:disc;color:#000;background-color:transparent;font-weight:normal;font-style:normal;}.csA7555675{color:#000;background-color:transparent;font-weight:normal;font-style:normal;}</style> </head> <body> <ul> <li><a id=""_DX_FRAG_STARTFRAGMENT""></a>LED type: Cree</li><li>Brightness: 9600 lumens</li><li>Power consumption: 3 W</li><li>Cable length: 40 cm</li><li>Depth: 9 cm</li><li>Input Voltage: 10 - 30 V</li></ul> </body> </html>","        LED type: CreeBrightness: 9600 lumensPower consumption: 3 WCable length: 40 cmDepth: 9 cmInput Voltage: 10 - 30 V  ",VEHICLE PARTS & ACCESSORIES,ACCESSORIES,ACC. ELECTRIC,,,,,8880,2200,660,117,115,,,,,,,,,,,,,,,,Negro,,Aluminio,,,,,,,,,,,,,,,,,,,,https://api.mybihr.com/medias/1067335-1-800Wx800H?context=bWFzdGVyfHJvb3R8NTIzNzZ8aW1hZ2UvanBlZ3xhREkwTDJoa05DODRPVGMwTkRJeU16RXdPVFF5THpFd05qY3pNelV0TVY4NE1EQlhlRGd3TUVnfGUwMGNkODViZDRlNTM0ZDI1YTlhM2E4ZmMyNThhMTM5ODRjNzEzZThjMjVlMWY3YTU5NzNlNmEyNmM1MzIwNWI,https://api.mybihr.com/medias/1067335-2-800Wx800H?context=bWFzdGVyfHJvb3R8NDU1MDF8aW1hZ2UvanBlZ3xhRFkyTDJoalpDODRPVGMwTkRJeU5UQTNOVFV3THpFd05qY3pNelV0TWw4NE1EQlhlRGd3TUVnfGQyNDYyNTU2YjdmNTA4NjRkNDk0YTFiZTVlOWQwODlhYjYyNzA5ZjMxNTE0MmI1MDM3OWRmZjhkNWM0Y2UyZmI,,,,,,,https://static.bihr.pro/eBihr/Pictures/ART-pictures.zip,,Spain Warehouse (Parts)
1067336,,4004,ART,ART LIGHTNING ROUND LED 2150LM,Luz led espistar redonda ART Quad 2150 Lumenes,30.15,24.92,16.20,LD5001,4,8714109090,0,1,"<html> <head> <meta http-equiv=""Content-Type"" content=""text/html; charset=utf-8""><title> </title> <style type=""text/css"">.cs4FC7BF42{text-align:left;margin:0pt 0pt 0pt 0pt;list-style-type:disc;color:#000;background-color:transparent;font-weight:normal;font-style:normal;}.csA7555675{color:#000;background-color:transparent;font-weight:normal;font-style:normal;}</style> </head> <body> <ul> <li><a id=""_dx_frag_StartFragment""></a>LED type: Epistar</li><li>Brightness: 2150 lumens</li><li>Power consumption: 27 W</li><li>Cable length: 40 cm</li><li>Depth: 7 cm</li><li>Input Voltage: 10 - 30 V</li></ul> </body> </html>","        LED type: EpistarBrightness: 2150 lumensPower consumption: 27 WCable length: 40 cmDepth: 7 cmInput Voltage: 10 - 30 V  ",VEHICLE PARTS & ACCESSORIES,ACCESSORIES,ACC. ELECTRIC,,,,,1220,615,149,126,65,,,,,,,,,,,,,,,,Negro,,Aluminio,,,,,,,,,,,,,,,,,,,,https://api.mybihr.com/medias/1067336-1-800Wx800H?context=bWFzdGVyfHJvb3R8NjMwNTh8aW1hZ2UvanBlZ3xhRFZqTDJneVpDODVNREV6TVRnd016azVOalEyTHpFd05qY3pNell0TVY4NE1EQlhlRGd3TUVnfDA5MTEyOTAzNGUyOGE0MTNkNmI4OWZmYjA5MjdlZTljMjA1NTZlMDAxMTYyNzI1OGFkYzk1YzczMGFkYjJkOWY,https://api.mybihr.com/medias/1067336-2-800Wx800H?context=bWFzdGVyfHJvb3R8NTE3NjF8aW1hZ2UvanBlZ3xhREprTDJnek5DODVNREV6TVRnd05UazJNalUwTHpFd05qY3pNell0TWw4NE1EQlhlRGd3TUVnfDEyNTEyMzkwY2ZmZTc3NDYxYWU2NWVlMTRiZjAyNjIzMDZmNDBiMDAyZmE5ZmFkMzRkMmRmZmZkZDNjODVlZDI,,,,,,,https://static.bihr.pro/eBihr/Pictures/ART-pictures.zip,,Spain Warehouse (Parts)
1067337,,CP274202,ART,ART LIGHTNING ROUND LED 3360LM,Luz led espistar redonda ART Quad 3360 Lumenes,40.23,33.25,21.61,3661738050841,2,8714109090,0,1,"<html> <head> <meta http-equiv=""Content-Type"" content=""text/html; charset=utf-8""><title> </title> <style type=""text/css"">.cs4FC7BF42{text-align:left;margin:0pt 0pt 0pt 0pt;list-style-type:disc;color:#000;background-color:transparent;font-weight:normal;font-style:normal;}.csA7555675{color:#000;background-color:transparent;font-weight:normal;font-style:normal;}.cs95E872D0{text-align:left;margin:0pt 0pt 0pt 0pt;}</style> </head> <body> <ul> <li><a id=""_dx_frag_StartFragment""></a>LED type: Epistar</li><li>Brightness: 3360 lumens</li><li>Power consumption: 42 W</li><li>Cable length: 40 cm</li><li>Depth: 7 cm</li><li>Input Voltage: 10 - 30 V</li></ul> <p> </p></body> </html>","        LED type: EpistarBrightness: 3360 lumensPower consumption: 42 WCable length: 40 cmDepth: 7 cmInput Voltage: 10 - 30 V   ",VEHICLE PARTS & ACCESSORIES,ACCESSORIES,ACC. ELECTRIC,,,,,1266,553,151,129,65,,,,,,,,,,,,,,,,Negro,,Aluminio,,,,,,,,,,,,,,,,,,,,https://api.mybihr.com/medias/1067337-1-800Wx800H?context=bWFzdGVyfHJvb3R8NjI0Nzl8aW1hZ2UvanBlZ3xhR1prTDJnellTODVNREV6TVRnd056a3lPRFl5THpFd05qY3pNemN0TVY4NE1EQlhlRGd3TUVnfDE1YmQ3ZDU3MTdhNDBmYTdmYTgzODIyMjE3YWFjOTJmMTZjZDA3MmM4MzhlYzZiNDljZGJmNjlhNDFiYmYzNTM,https://api.mybihr.com/medias/1067337-2-800Wx800H?context=bWFzdGVyfHJvb3R8NTE5ODB8aW1hZ2UvanBlZ3xhR0poTDJnME1TODVNREV6TVRnd09UZzVORGN3THpFd05qY3pNemN0TWw4NE1EQlhlRGd3TUVnfDYxNDJhMGFhZGQwZTQzNTQ3Yjg5NzM5OGVhZmRhZmViYzg1MjJiOGVjYTI1ZGY2M2E3NjdkYWNjN2JhMTc0ZjI,,,,,,,https://static.bihr.pro/eBihr/Pictures/ART-pictures.zip,,Spain Warehouse (Parts)
1101490,,81X-80,ART,ART LED BAR 33CM 10-30V 6800LM 80W,Barra faro Led ART - Cree Led 80W 6800 Lumens 33cm,100.73,83.25,49.95,LD7002,0,8714109090,0,1,"<ul>
	<li>LED type: Cree</li>
	<li>Brightness: 6800 lumens</li>
	<li>Power consumption: 10 W</li>
	<li>Cable length: 40 cm</li>
	<li>Depth: 9 cm</li>
	<li>Input Voltage: 10 - 30 V</li>
</ul>
","
	LED type: Cree
	Brightness: 6800 lumens
	Power consumption: 10 W
	Cable length: 40 cm
	Depth: 9 cm
	Input Voltage: 10 - 30 V

",VEHICLE PARTS & ACCESSORIES,ACCESSORIES,ACC. ELECTRIC,,,,,6145,1761,434,120,118,,,,,,,,,,,,,,,,Negro,Transparente,,,por unidad,,,,,,,,,,,,Delantero,,,,LED,,https://api.mybihr.com/medias/1101490-1-800Wx800H?context=bWFzdGVyfHJvb3R8Nzc4ODR8aW1hZ2UvanBlZ3xhR05qTDJneVl5ODVOak14TkRreE9UUTROVGMwTHpFeE1ERTBPVEF0TVY4NE1EQlhlRGd3TUVnfDliZThmN2IxN2RlZjljMWY4NjQ3Y2IxNDA5YzM1YzBlOGJlYmEzOWQ1YjE2NjBkNjA3ODMwOGQwOWIzNjJlOTE,https://api.mybihr.com/medias/1101490-2-800Wx800H?context=bWFzdGVyfHJvb3R8NTg1MDR8aW1hZ2UvanBlZ3xhRGRtTDJneU9DODVOak14TkRreU16UXhOemt3THpFeE1ERTBPVEF0TWw4NE1EQlhlRGd3TUVnfGM0NjBkNGFhOWU2MmVkNzBlMGFkZDBlNTIxNDM2MjVhNjBhZjRhZWI0Zjc1Y2M5YzNjNzRiOWI4ZDVjMzQ1MTk,,,,,,,https://static.bihr.pro/eBihr/Pictures/ART-pictures.zip,,Spain Warehouse (Parts)
1067330,,A002,ART,ART HARNESSES LED,Cableado universal ART para focos LED,23.09,19.08,11.45,LD4002,14,8714109090,0,1,"<p>Cableado universal ART para focos LED</p>
<p>Ideal para hacer una instalación de dos focos en tu vehículo.</p>
<p>Largo 2,50 metros</p>
<p>El cableado incluye lo siguiente:</p>
<ul>
	<li>Portafusibles.</li>
	<li>Rele de 12V 40A.</li>
	<li>Interruptor de encendido y apagado con indicador.</li>
</ul>
","
Cableado universal ART para focos LED

Ideal para hacer una instalación de dos focos en tu vehículo.

Largo 2,50 metros

El cableado incluye lo siguiente:

	Portafusibles.
	Rele de 12V 40A.
	Interruptor de encendido y apagado con indicador.

",VEHICLE PARTS & ACCESSORIES,ACCESSORIES,ACC. ELECTRIC,,,,,865,290,157,81,68,,,,,,,,,,,,,,,,,,,,,,,,,,,,,,,,,,,,,,https://api.mybihr.com/medias/1067330-1-800Wx800H?context=bWFzdGVyfHJvb3R8NTg2Nzh8aW1hZ2UvanBlZ3xhRFppTDJnMVppODRPVGMwTkRJd05UUXhORGN3THpFd05qY3pNekF0TVY4NE1EQlhlRGd3TUVnfDczYzY0ZjkzYTczZGFjYWFhYjhjYzY3OGViYjJjNmQyOGFiZWRkNjM2ZWQyZDE5MjU3YzM1ZWVhYTE0MDhhNjc,,,,,,,,https://static.bihr.pro/eBihr/Pictures/ART-pictures.zip,,Spain Warehouse (Parts)
1073938,,AC-12018-7,ART,ART WINCH G2 2500 SYNTH ROPE 10M,Kit de cabrestante ART 2500 G2 1 tonelada cable nylon 10m,309.46,255.75,166.24,3661738042624,1,8425310000,0,1,"<html> <head> <meta http-equiv=""Content-Type"" content=""text/html; charset=utf-8""><title> </title> <style type=""text/css"">.cs4FC7BF42{text-align:left;margin:0pt 0pt 0pt 0pt;list-style-type:disc;color:#000;background-color:transparent;font-weight:normal;font-style:normal;}.csA7555675{color:#000;background-color:transparent;font-weight:normal;font-style:normal;}</style> </head> <body> <ul> <li>Heavy duty winch</li><li>With electronic control</li><li>Can be used straight or sideways</li><li>High resistance steel rope</li><li>Max load : 1133kg</li></ul> </body> </html>","        Heavy duty winchWith electronic controlCan be used straight or sidewaysHigh resistance steel ropeMax load : 1133kg  ",VEHICLE PARTS & ACCESSORIES,ACCESSORIES,ACC. ATV EQUIP.,,,,,18723,10468,392,286,167,,,,,,,,,,,,,,,,,,,,,,,,,,,,,,,,,,,,,,https://api.mybihr.com/medias/1073938-1-800Wx800H?context=bWFzdGVyfHJvb3R8OTM3NDR8aW1hZ2UvanBlZ3xhR1EwTDJnd1l5ODRPVGMyTWpjMU9UTXhNVFkyTHpFd056TTVNemd0TVY4NE1EQlhlRGd3TUVnfGYzM2MxYmExOGFiNjIzMjFmNmFmM2MzM2YxZWE4ZTM4NTkyNjM5YWE5MGJhM2Y3NjViZTM4NGU1NThmYmU0YmE,,,,,,,,https://static.bihr.pro/eBihr/Pictures/ART-pictures.zip,,Spain Warehouse (Parts)
1073936,,AC-12015-7,ART,ART WINCH G2 2500 STEEL ROPE 15M,Kit de cabrestante ART 2500 G2 1 tonelada cable 15m,253.99,209.91,136.44,7332440622126,0,8425310000,0,1,"<html> <head> <meta http-equiv=""Content-Type"" content=""text/html; charset=utf-8""><title> </title> <style type=""text/css"">.cs4FC7BF42{text-align:left;margin:0pt 0pt 0pt 0pt;list-style-type:disc;color:#000;background-color:transparent;font-weight:normal;font-style:normal;}.csA7555675{color:#000;background-color:transparent;font-weight:normal;font-style:normal;}</style> </head> <body> <ul> <li>Heavy duty winch</li><li>With electronic control</li><li>Can be used straight or sideways</li><li>High resistance steel rope</li><li>Max load : 1133kg</li></ul> </body> </html>","        Heavy duty winchWith electronic controlCan be used straight or sidewaysHigh resistance steel ropeMax load : 1133kg  ",VEHICLE PARTS & ACCESSORIES,ACCESSORIES,ACC. ATV EQUIP.,,,,,18261,11680,278,391,168,,,,,,,,,,,,,,,,,,,,,,,,,,,,,,,,,,,,,,https://api.mybihr.com/medias/1073936-1-800Wx800H?context=bWFzdGVyfHJvb3R8NDY3Mzd8aW1hZ2UvanBlZ3xhR05rTDJnd01DODRPVGMyTWpjMU5UTTNPVFV3THpFd056TTVNell0TVY4NE1EQlhlRGd3TUVnfDRmMzUwOGFhYjAwYTkwYTZmYjkxZjQxMmMwY2FlZWQ2OWY1ZTg4ZmQ3MWM5MDVlMjAyMThlOWVhMjIyMTVmYjM,,,,,,,,https://static.bihr.pro/eBihr/Pictures/ART-pictures.zip,,Spain Warehouse (Parts)
1073937,,AC-12017-7,ART,ART WINCH G2 3500 STEEL ROPE 15M,Kit de cabrestante ART 15 m,298.37,246.59,160.28,3661738042587,1,8425310000,0,1,"<html> <head> <meta http-equiv=""Content-Type"" content=""text/html; charset=utf-8""><title> </title> <style type=""text/css"">.cs4FC7BF42{text-align:left;margin:0pt 0pt 0pt 0pt;list-style-type:disc;color:#000;background-color:transparent;font-weight:normal;font-style:normal;}.csA7555675{color:#000;background-color:transparent;font-weight:normal;font-style:normal;}</style> </head> <body> <ul> <li>Heavy duty winch</li><li>With electronic control</li><li>Can be used straight or sideways</li><li>High resistance steel rope</li><li>Max load : 1588kg</li></ul> </body> </html>","        Heavy duty winchWith electronic controlCan be used straight or sidewaysHigh resistance steel ropeMax load : 1588kg  ",VEHICLE PARTS & ACCESSORIES,ACCESSORIES,ACC. ATV EQUIP.,,,,,18947,12000,392,286,169,,,,,,,,,,,,,,,,,,,,,,,,,,,,,,,,,,,,,,https://api.mybihr.com/medias/1073937-1-800Wx800H?context=bWFzdGVyfHJvb3R8NDY3Mzd8aW1hZ2UvanBlZ3xhREF6TDJnd05pODRPVGMyTWpjMU56TTBOVFU0THpFd056TTVNemN0TVY4NE1EQlhlRGd3TUVnfDgwOWVjY2M5MTYwOTU0ZjZlZGU0MDlhNzJlY2IzOWRkNzVjNDBmZDVlZDljYTQ0NDNlNjAxZWI4ZTRhMzg5OGY,,,,,,,,https://static.bihr.pro/eBihr/Pictures/ART-pictures.zip,,Spain Warehouse (Parts)
1073947,,AC-12114,ART,ART WINCH ACC. HANDBAR CONTROL,Control remoto del cablestante ART,22.07,18.24,11.86,7332440622430,0,8425310000,0,1,"<html> <head> <meta http-equiv=""Content-Type"" content=""text/html; charset=utf-8""><title> </title> <style type=""text/css"">.cs4FC7BF42{text-align:left;margin:0pt 0pt 0pt 0pt;list-style-type:disc;color:#000;background-color:transparent;font-weight:normal;font-style:normal;}.csA7555675{color:#000;background-color:transparent;font-weight:normal;font-style:normal;}</style> </head> <body> <ul> <li>Switch x 1</li><li>Switch hardware x 1</li></ul> </body> </html>","        Switch x 1Switch hardware x 1  ",VEHICLE PARTS & ACCESSORIES,ACCESSORIES,ACC. ATV EQUIP.,,,,,1834,322,213,109,79,,,,,,,,,,,,,,,,,,,,,,,,,,,,,,,,,,,,,,https://api.mybihr.com/medias/1073947-1-800Wx800H?context=bWFzdGVyfHJvb3R8MzY1NDd8aW1hZ2UvanBlZ3xhRFEwTDJoa09TODRPVGMyTWpjM056QXdOak00THpFd056TTVORGN0TVY4NE1EQlhlRGd3TUVnfDkyMzM3YmI1MTcyODRhZmNjODkwMjM3YTk5NjhkYmYzYjRlZjM4OWQxZDBhMTRkOWY3Nzc5YzU3MjBhYTU5MzE,,,,,,,,https://static.bihr.pro/eBihr/Pictures/ART-pictures.zip,,Spain Warehouse (Parts)
1073946,,AC-12113-1,ART,ART WINCH ACC. RELAY,Solenoide Winche ART,42.04,34.74,22.58,7332440623123,0,8425310000,0,1,"<html> <head> <meta http-equiv=""Content-Type"" content=""text/html; charset=utf-8""><title> </title> <style type=""text/css"">.cs95E872D0{text-align:left;margin:0pt 0pt 0pt 0pt;}.csC57700C4{color:#000;background-color:transparent;font-weight:bold;font-style:normal;}.cs4FC7BF42{text-align:left;margin:0pt 0pt 0pt 0pt;list-style-type:disc;color:#000;background-color:transparent;font-weight:normal;font-style:normal;}.csA7555675{color:#000;background-color:transparent;font-weight:normal;font-style:normal;}</style> </head> <body> <p>Specifications :</p><p> </p><ul> <li>4 bolt design</li><li>Wire Type</li><li>Material : Plastic</li><li>Black finish</li></ul> </body> </html>","       Specifications :  4 bolt designWire TypeMaterial : PlasticBlack finish  ",VEHICLE PARTS & ACCESSORIES,ACCESSORIES,ACC. ATV EQUIP.,,,,,732,576,94,118,66,,,,,,,,,,,,,,,,,,,,,,,,,,,,,,,,,,,,,,https://api.mybihr.com/medias/1073946-1-800Wx800H?context=bWFzdGVyfHJvb3R8MTg1OTM5fGltYWdlL2pwZWd8YURjMEwyaGtNaTg0T1RjMk1qYzNOVEEwTURNd0x6RXdOek01TkRZdE1WODRNREJYZURnd01FZ3xkNjhlYTk5ZjNkZmM2NmIwNzM3YjU0YmJmYmZlYTkwZmVjNGUyYTI4MmQzYWE0NjVjYzk0MjExYjc5MjlhMDM0,,,,,,,,https://static.bihr.pro/eBihr/Pictures/ART-pictures.zip,,Spain Warehouse (Parts)
1073939,,AC-12107-2,ART,ART WINCH G2 4500 STEEL ROPE 15M,"Cabrestante ART 4500 G2 15,5 m de cable metálico",413.46,341.70,222.11,7332440766172,16,8425310000,0,1,"<html> <head> <meta http-equiv=""Content-Type"" content=""text/html; charset=utf-8""><title> </title> <style type=""text/css"">.cs4FC7BF42{text-align:left;margin:0pt 0pt 0pt 0pt;list-style-type:disc;color:#000;background-color:transparent;font-weight:normal;font-style:normal;}.csA7555675{color:#000;background-color:transparent;font-weight:normal;font-style:normal;}</style> </head> <body> <ul> <li>Heavy duty winch</li><li>With electronic control</li><li>Can be used straight or sideways</li><li>High resistance steel rope</li><li>Max load : 2040kg</li></ul> </body> </html>","        Heavy duty winchWith electronic controlCan be used straight or sidewaysHigh resistance steel ropeMax load : 2040kg  ",VEHICLE PARTS & ACCESSORIES,ACCESSORIES,ACC. ATV EQUIP.,,,,,21136,14253,412,285,180,,,,,,,,,,,,,,,,,,,,,,,,,,,,,,,,,,,,,,https://api.mybihr.com/medias/1073939-1-800Wx800H?context=bWFzdGVyfHJvb3R8NDY3Mzd8aW1hZ2UvanBlZ3xhRE5qTDJnMVlpODRPVGMyTWpjMk1USTNOemMwTHpFd056TTVNemt0TVY4NE1EQlhlRGd3TUVnfGU4NDBhMzczODdhZjMxNDA0NDcyZGZlYzE3YmYwMmZjZjBjZDI0ZjFhYzQ2YzE3NDFmYmM0NzU5OGNhODY2ZTA,,,,,,,,https://static.bihr.pro/eBihr/Pictures/ART-pictures.zip,,France Warehouse (Parts)
1102150,,AC-12020-7,ART,ART WINCH 3500 G2 SYNTHETIC ROPE 10M,ART 3500 G2 Winch 15m Rope,364.92,301.59,196.03,7332440622119,30,8425310000,0,1,"<html> <head> <meta http-equiv=""Content-Type"" content=""text/html; charset=utf-8""><title> </title> <style type=""text/css"">.cs4FC7BF42{text-align:left;margin:0pt 0pt 0pt 0pt;list-style-type:disc;color:#000;background-color:transparent;font-weight:normal;font-style:normal;}.csA7555675{color:#000;background-color:transparent;font-weight:normal;font-style:normal;}</style> </head> <body> <ul> <li>Heavy duty winch</li><li>With electronic control</li><li>Can be used straight or sideways</li><li>High resistance synthetic Nylon rope</li><li>Max load : 1588kg</li></ul> </body> </html>","        Heavy duty winchWith electronic controlCan be used straight or sidewaysHigh resistance synthetic Nylon ropeMax load : 1588kg  ",VEHICLE PARTS & ACCESSORIES,ACCESSORIES,ACC. ATV EQUIP.,,,,,19717,10750,392,281,179,,,,,,,,,,,,,,,,,,,,,,,,,,,,,,,,,,,,,,https://api.mybihr.com/medias/1102150-1-800Wx800H?context=bWFzdGVyfHJvb3R8NDc1NzZ8aW1hZ2UvanBlZ3xhRFEyTDJoa09TODVOak15TXpZek1EZzFPRFUwTHpFeE1ESXhOVEF0TVY4NE1EQlhlRGd3TUVnfGJjYjZmZmM5MTZlNmRmZWIxOTg2ZmUxODAwYWNkMzQ3ZjI4MzJjYTE4MzQzMGNjNDg0OTQ0MDQxODQwOGQ1NzE,,,,,,,,https://static.bihr.pro/eBihr/Pictures/ART-pictures.zip,,France Warehouse (Parts)
1101761,,GB13871-94,ART,ART SPARE PFOR SLH120 OIL SEAL FB55X80X8,Pieza de recambio para cortacésped ART SLH-120 - Retén de aceite FB55x80x8 - (Pieza Nº35),4.03,3.33,2.66,SLH-035,0,8432900000,0,1,"<p>Pieza de recambio para el cortac&eacute;sped ART SLH-120.</p>
<p><strong>(Consultar N&ordm; de pieza en el documento adjunto).</strong></p>","
Pieza de recambio para el cortacésped ART SLH-120.

(Consultar Nº de pieza en el documento adjunto).",VEHICLE PARTS & ACCESSORIES,ACCESSORIES,ACC. ATV EQUIP.,,,,,49,32,74,73,9,,,,,,,,,,,,,,,,,,,,,,,,,,,,,,,,,,,,,,https://api.mybihr.com/medias/1101761-1-800Wx800H?context=bWFzdGVyfHJvb3R8MjczNDMwfGltYWdlL2pwZWd8YURRekwyZ3pOUzg1TmpNeU1UazFNRFV4TlRVd0x6RXhNREUzTmpFdE1WODRNREJYZURnd01FZ3w4MGMxZmEzMjkzN2RmMGJmYzQ2MTJlYWM4M2ZhNmM5YmIzMDFhOGFjNTkwMzYwOWFjNWVlN2QyN2YzY2Y0ZTU5,,,,,,,,https://static.bihr.pro/eBihr/Pictures/ART-pictures.zip,,Spain Warehouse (Parts)
1121266,,MFP120.00.017,ART,ART FLAIL MOWE SP CLUTCH COMPLETE,Recambio para cortacésped ART SLH-120 - Rueda de la correa - (Piezas Nº5 / 6 / 7 / 8 / 9),187.55,155.00,124.00,,0,8432900000,1,1,<p>Embrague completo incluidas las piezas no. 5 / 6 / 7 / 8 / 9.</p>,"
Embrague completo incluidas las piezas no. 5 / 6 / 7 / 8 / 9.",VEHICLE PARTS & ACCESSORIES,ACCESSORIES,ACC. ATV EQUIP.,,,,,2628,3392,168,149,105,,,,,,,,,,,,,,,,,,,,,,,,,,,,,,,,,,,,,,https://api.mybihr.com/medias/800Wx800H-1121266-1.jpg?context=bWFzdGVyfHJvb3R8NjA4ODV8aW1hZ2UvanBlZ3xhR0kwTDJnMVlTODJOelUwT0RrMk56WTJOVFk1TkM4NE1EQlhlRGd3TUVoZk1URXlNVEkyTmkweExtcHdad3xhMzk5ZDg3MDY2YjNmZGRlZWQzMmM3NzhlMjQ2ZjhmZDlkZWRkY2VmNjExYzQ4YTdhMGQwMjRkYzY2OWM3NzU5,,,,,,,,https://static.bihr.pro/eBihr/Pictures/ART-pictures.zip,https://api.mybihr.com/medias/1121266-Spare-parts-ATV-flail-mower?context=bWFzdGVyfGRvY3VtZW50c3wxNjk2Nzc4fGFwcGxpY2F0aW9uL3BkZnxhR1JoTDJnNVlpOHpNVEUzT1RnMk1UQXdNREl5TWk4eE1USXhNalkyWDFOd1lYSmxJSEJoY25SeklFRlVWaUJtYkdGcGJDQnRiM2RsY2d8MjI0Y2I0MmZlMjYwYTIwY2I2ODAxMGMwZGI2YTlmZTVlYTJlYzYzMTQwZWZhYmJhOTQzZWViNDI0MzQzNmY5OA,Spain Warehouse (Parts)
1073940,,AC-12108-2,ART,ART WINCH G2 4500 SYNTH ROPE 15M,"ART 4500 G2 Winch 15,5m Rope",506.14,418.30,271.90,3661738042761,3,8425310000,0,1,"<html> <head> <meta http-equiv=""Content-Type"" content=""text/html; charset=utf-8""><title> </title> <style type=""text/css"">.cs4FC7BF42{text-align:left;margin:0pt 0pt 0pt 0pt;list-style-type:disc;color:#000;background-color:transparent;font-weight:normal;font-style:normal;}.csA7555675{color:#000;background-color:transparent;font-weight:normal;font-style:normal;}</style> </head> <body> <ul> <li>Heavy duty winch</li><li>With electronic control</li><li>Can be used straight or sideways</li><li>High resistance steel rope</li><li>Max load : 2040kg</li><li>Pulling capacity: 2,041 kg.</li></ul> </body> </html>","        Heavy duty winchWith electronic controlCan be used straight or sidewaysHigh resistance steel ropeMax load : 2040kgPulling capacity: 2,041 kg.  ",VEHICLE PARTS & ACCESSORIES,ACCESSORIES,ACC. ATV EQUIP.,,,,,21427,12767,416,291,177,,,,,,,,,,,,,,,,,,,,,,,,,,,,,,,,,,,,,,https://api.mybihr.com/medias/1073940-1-800Wx800H?context=bWFzdGVyfHJvb3R8OTM3NDR8aW1hZ2UvanBlZ3xhREJqTDJnMk1pODRPVGMyTWpjMk16STBNemd5THpFd056TTVOREF0TVY4NE1EQlhlRGd3TUVnfGEyM2EzYWQwZDkwZDYyNWNiNDIyNjVmNTFlNTQ5Yzk1YWQxYmYxOGJiNjU5MzU0NmZkMTM5MjJkYmFjNGE0MzM,,,,,,,,https://static.bihr.pro/eBihr/Pictures/ART-pictures.zip,,France Warehouse (Parts)
1067360,,GB12732,ART,ART FLAIL MOWE SPARE PART BELT,Pieza de recambio para cortacésped ART SLH-120 - Correa 1067 - (Pieza Nº53),22.18,18.33,14.66,EAN_SAKNAS,0,8409910090,0,1,"<p>Pieza de recambio para el cortac&eacute;sped ART SLH-120.</p>
<p><strong>(Consultar N&ordm; de pieza en el documento adjunto).</strong></p>","
Pieza de recambio para el cortacésped ART SLH-120.

(Consultar Nº de pieza en el documento adjunto).",VEHICLE PARTS & ACCESSORIES,ACCESSORIES,ACC. ATV EQUIP.,,,,,2570,216,210,306,40,,,,,,,,,,,,,,,,,,,,,,,,,,,,,,,,,,,,,,https://api.mybihr.com/medias/800Wx800H-1067360-1.jpg?context=bWFzdGVyfHJvb3R8MTkxODI5fGltYWdlL2pwZWd8YUdWa0wyaGtNUzh6TkRReU5UUTBOall5T1RRd05pODRNREJYZURnd01FaGZNVEEyTnpNMk1DMHhMbXB3Wnd8OWRmZGRhMDQ0MjI1ZDk5NjA1MjMwN2U5ZGZkZmRhODRmYzRhOWVmYzdkNWQ2M2QzMTk2ZTI0MDgyMDRiZTFiMQ,,,,,,,,https://static.bihr.pro/eBihr/Pictures/ART-pictures.zip,,Spain Warehouse (Parts)
1067387,,RK120.114A,ART,ART FLAIL MOWE SPARE PART SLIVERS,Pieza de recambio para cortacésped ART SLH-120 - Cuchilla - (Pieza Nº27),4.24,3.50,2.80,SLH-027,1,8433900000,0,1,"<p>Pieza de recambio para el cortac&eacute;sped ART SLH-120.</p>
<p><strong>(Consultar N&ordm; de pieza en el documento adjunto).</strong></p>","
Pieza de recambio para el cortacésped ART SLH-120.

(Consultar Nº de pieza en el documento adjunto).",VEHICLE PARTS & ACCESSORIES,ACCESSORIES,ACC. ATV EQUIP.,,,,,375,140,100,75,50,,,,,,,,,,,,,,,,,,,,,,,,,,,,,,,,,,,,,,https://api.mybihr.com/medias/1067387-1-800Wx800H?context=bWFzdGVyfHJvb3R8MjQ0OTF8aW1hZ2UvanBlZ3xhR0kyTDJnMVpTODRPVGMwTkRNek1USTBNemd5THpFd05qY3pPRGN0TVY4NE1EQlhlRGd3TUVnfGM3ZmU0MzFmZjQ0MTEyMzkyMGI3MGM4M2VhZTA4MDMwMGRkNjNhMWY5ODU1NWY0MzJjZDE2MjQ5ZDQ5MWJkN2Q,,,,,,,,https://static.bihr.pro/eBihr/Pictures/ART-pictures.zip,,Spain Warehouse (Parts)
1067368,,JF390,ART,ART FLAIL MOWE SPARE PART ENGINE,Pieza de recambio para cortacésped ART SLH-120 - Motor de gasolina - (Pieza Nº19),1411.67,1166.67,933.34,SLH-019,1,8432900000,0,1,"<p>Pieza de recambio para el cortac&eacute;sped ART SLH-120.</p>
<p><strong>(Consultar N&ordm; de pieza en el documento adjunto).</strong></p>","
Pieza de recambio para el cortacésped ART SLH-120.

(Consultar Nº de pieza en el documento adjunto).",VEHICLE PARTS & ACCESSORIES,ACCESSORIES,ACC. ATV EQUIP.,,,,,74925,38200,450,450,370,,,,,,,,,,,,,,,,,,,,,,,,,,,,,,,,,,,,,,https://api.mybihr.com/medias/1067368-1-800Wx800H?context=bWFzdGVyfHJvb3R8MjczNDMwfGltYWdlL2pwZWd8YURaa0wyZzRNUzg1TURFek1UZ3pPVE00TlRrd0x6RXdOamN6TmpndE1WODRNREJYZURnd01FZ3xkODNlZjNhYWU2MmI0OWMxN2VlNGU4MzM3YTFmZjhkOWZmMmZhZjQzN2E3NTkyZjBmMjQ3ZmE5MDdkNzhlZjNm,,,,,,,,https://static.bihr.pro/eBihr/Pictures/ART-pictures.zip,https://api.mybihr.com/medias/C-ATV-flail-operation-manuals.pdf?context=bWFzdGVyfGRvY3VtZW50c3wxMTcwNjU1fGFwcGxpY2F0aW9uL3BkZnxhREE1TDJnek5pODVNRFF6TnpreU1EQXpNVEF5TDBNZ1FWUldJR1pzWVdsc0lHOXdaWEpoZEdsdmJpQnRZVzUxWVd4enxlMGM3OGU0NDQ0NzA1ZGIwYzc1YTgzMzYwYzc4MTEzYmFlNTAwNWM0YzIwM2QxN2ViY2RkYzkxMTg2NTljZDg3,France Warehouse (Parts)
1067372,,MFP120.00.016,ART,ART FLAIL MOWE SPARE PART WHEEL,Pieza de recambio para cortacésped ART SLH-120 - Neumático - (Pieza Nº15),89.75,74.17,59.34,69900184,0,8432900000,0,1,"<p>Pieza de recambio para el cortac&eacute;sped ART SLH-120.</p>
<p><strong>(Consultar N&ordm; de pieza en el documento adjunto).</strong></p>","
Pieza de recambio para el cortacésped ART SLH-120.

(Consultar Nº de pieza en el documento adjunto).",VEHICLE PARTS & ACCESSORIES,ACCESSORIES,ACC. ATV EQUIP.,,,,,75504,6660,605,390,320,,,,,,,,,,,,,,,,,,,,,,,,,,,,,,,,,,,,,,https://api.mybihr.com/medias/800Wx800H-1067372-1.jpg?context=bWFzdGVyfHJvb3R8MjY3NjQ1fGltYWdlL2pwZWd8YURneUwyaGpZeTgxTURVMU9UVXpPREkyTmpFME1pODRNREJYZURnd01FaGZNVEEyTnpNM01pMHhMbXB3Wnd8ZTIzNTk0ODUxMzdmNjAxYzQ5MGQxY2Y5NjYxOWRkZjdiOWRmYzdhMWZkODA1OGM1M2YyZjU4OTIwNjFiYTIzOQ,,,,,,,,https://static.bihr.pro/eBihr/Pictures/ART-pictures.zip,,Spain Warehouse (Parts)
1067385,,RK120.020,ART,ART FLAIL MOWE SPARE PART BLADE AXLE,Pieza de recambio para cortacésped ART SLH-120 - Eje de la cuchilla - (Pieza Nº25),402.33,332.50,266.00,SLH-025,0,8432900000,0,0,"<p>Pieza de recambio para el cortac&eacute;sped ART SLH-120.</p>
<p><strong>(Consultar N&ordm; de pieza en el documento adjunto).</strong></p>","
Pieza de recambio para el cortacésped ART SLH-120.

(Consultar Nº de pieza en el documento adjunto).",VEHICLE PARTS & ACCESSORIES,ACCESSORIES,ACC. ATV EQUIP.,,,,,45847,43800,1270,190,190,,,,,,,,,,,,,,,,,,,,,,,,,,,,,,,,,,,,,,https://api.mybihr.com/medias/1067385-1-800Wx800H?context=bWFzdGVyfHJvb3R8MjczNDMwfGltYWdlL2pwZWd8YURka0wyZ3dPUzg0T1RjME5ETXlOek14TVRZMkx6RXdOamN6T0RVdE1WODRNREJYZURnd01FZ3xjOWRhNDA0NTY2ODkwMDhhNTBjMGExNjI3MzAwZTNkMDU1YjVhNWNkNGNhNjZjZWZjZDJkODc1YmY5NjVjYjM4,,,,,,,,https://static.bihr.pro/eBihr/Pictures/ART-pictures.zip,https://api.mybihr.com/medias/C-ATV-flail-operation-manuals.pdf?context=bWFzdGVyfGRvY3VtZW50c3wxMTcwNjU1fGFwcGxpY2F0aW9uL3BkZnxhREE1TDJnek5pODVNRFF6TnpreU1EQXpNVEF5TDBNZ1FWUldJR1pzWVdsc0lHOXdaWEpoZEdsdmJpQnRZVzUxWVd4enxlMGM3OGU0NDQ0NzA1ZGIwYzc1YTgzMzYwYzc4MTEzYmFlNTAwNWM0YzIwM2QxN2ViY2RkYzkxMTg2NTljZDg3,France Warehouse (Parts)
1067371,,MFP120.00.012,ART,ART FLAIL MOWE SPARE PART DECK,Pieza de recambio para cortacésped ART SLH-120 - Soldadura de la cubierta - (Pieza Nº21),927.67,766.67,613.34,SLH-021,1,8432900000,0,1,"<p>Pieza de recambio para el cortac&eacute;sped ART SLH-120.</p>
<p><strong>(Consultar N&ordm; de pieza en el documento adjunto).</strong></p>","
Pieza de recambio para el cortacésped ART SLH-120.

(Consultar Nº de pieza en el documento adjunto).",VEHICLE PARTS & ACCESSORIES,ACCESSORIES,ACC. ATV EQUIP.,,,,,1841100,214000,2040,950,950,,,,,,,,,,,,,,,,,,,,,,,,,,,,,,,,,,,,,,https://api.mybihr.com/medias/1067371-1-800Wx800H?context=bWFzdGVyfHJvb3R8MjczNDMwfGltYWdlL2pwZWd8YURZMEwyZ3lOUzg1TURFek1UZzBOVEk0TkRFMEx6RXdOamN6TnpFdE1WODRNREJYZURnd01FZ3xhOWNkNGQ0NTRlYTI1NTEzZGMyOTk0OWNiYzE0ZDJjZjQ2ZWQ1MDcwNGFjMTcwZGE0YjFkYmQ4YzI4ZGQ2Yjg2,,,,,,,,https://static.bihr.pro/eBihr/Pictures/ART-pictures.zip,https://api.mybihr.com/medias/C-ATV-flail-operation-manuals.pdf?context=bWFzdGVyfGRvY3VtZW50c3wxMTcwNjU1fGFwcGxpY2F0aW9uL3BkZnxhREE1TDJnek5pODVNRFF6TnpreU1EQXpNVEF5TDBNZ1FWUldJR1pzWVdsc0lHOXdaWEpoZEdsdmJpQnRZVzUxWVd4enxlMGM3OGU0NDQ0NzA1ZGIwYzc1YTgzMzYwYzc4MTEzYmFlNTAwNWM0YzIwM2QxN2ViY2RkYzkxMTg2NTljZDg3,France Warehouse (Parts)
1073942,,AC-12040-1,ART,ART WINCH ACC. SYNTH ROP 15M 4500,Recambio cablestante ART 4500 cable sintetico 15 m,62.56,51.70,33.61,3661738042754,0,8425310000,0,1,"<html> <head> <meta http-equiv=""Content-Type"" content=""text/html; charset=utf-8""><title> </title> <style type=""text/css"">.cs4FC7BF42{text-align:left;margin:0pt 0pt 0pt 0pt;list-style-type:disc;color:#000;background-color:transparent;font-weight:normal;font-style:normal;}.csA7555675{color:#000;background-color:transparent;font-weight:normal;font-style:normal;}</style> </head> <body> <ul> <li>Nylon braided rope</li><li>With steel reinforced buckle</li></ul> </body> </html>","        Nylon braided ropeWith steel reinforced buckle  ",VEHICLE PARTS & ACCESSORIES,ACCESSORIES,ACC. ATV EQUIP.,,,,,1496,140,202,161,46,,,,,,,,,,,,,,,,,,,,,,,,,,,,,,,,,,,,,,https://api.mybihr.com/medias/1073942-1-800Wx800H?context=bWFzdGVyfHJvb3R8MjQ0Mjl8aW1hZ2UvanBlZ3xhRGxoTDJnMlppODRPVGMyTWpjMk56RTNOVGs0THpFd056TTVOREl0TVY4NE1EQlhlRGd3TUVnfDFmNTA2MjkxYWEwYjg3ZThkZDQ2YmY2YTY5NDRlMmRlNDI2OGZkNGYyOTY0ZTFlNTg3ODAzNjQwMWNiOWRhMjc,,,,,,,,https://static.bihr.pro/eBihr/Pictures/ART-pictures.zip,,Spain Warehouse (Parts)
1073943,,AC-12043-1,ART,ART WINCH ACC. REMOTE CONTROL WIRELESS,Control remoto cablestante ART,59.29,49.00,31.85,7332440623130,1,8425310000,0,1,"<html> <head> <meta http-equiv=""Content-Type"" content=""text/html; charset=utf-8""><title> </title> <style type=""text/css"">.cs95E872D0{text-align:left;margin:0pt 0pt 0pt 0pt;}.csA7555675{color:#000;background-color:transparent;font-weight:normal;font-style:normal;}.cs4FC7BF42{text-align:left;margin:0pt 0pt 0pt 0pt;list-style-type:disc;color:#000;background-color:transparent;font-weight:normal;font-style:normal;}.cs338D9379{text-align:left;margin:0pt 0pt 0pt 0pt;list-style-type:circle;color:#000;background-color:transparent;font-weight:normal;font-style:normal;}</style> </head> <body> <p>Wireless Remote control to control your winch remotely</p><p> </p><ul> <li>One plug type connector</li><li>Contains :<ul> <li>1 relay box</li><li>Plactic wireless remote control</li></ul> </li></ul> </body> </html>","       Wireless Remote control to control your winch remotely  One plug type connectorContains : 1 relay boxPlactic wireless remote control   ",VEHICLE PARTS & ACCESSORIES,ACCESSORIES,ACC. ATV EQUIP.,,,,,1734,830,163,140,76,,,,,,,,,,,,,,,,,,,,,,,,,,,,,,,,,,,,,,https://api.mybihr.com/medias/1073943-1-800Wx800H?context=bWFzdGVyfHJvb3R8MjM0MTl8aW1hZ2UvanBlZ3xhRFpoTDJnM05pODRPVGMyTWpjMk9URTBNakEyTHpFd056TTVORE10TVY4NE1EQlhlRGd3TUVnfDUyOWE3NzE0NzFlNWJkNzlmMzlkNGI0NDk5YjYxODY2NzBiNzYyOWIxOTk5NmFmMzEwNDU3M2FmYjU4ZDZiYWQ,,,,,,,,https://static.bihr.pro/eBihr/Pictures/ART-pictures.zip,,Spain Warehouse (Parts)
1067327,,20L TANK,ART,ART ADD. TANK 20 LITERS RED,Garrafa de gasolina ART - 20L,132.99,109.91,71.44,442945,3,8714109090,0,1,"<ul>
	<li>Capacidad 20L</li>
	<li>Polietileno de alta densidad</li>
	<li>Asas moldeadas para facilitar el transporte</li>
	<li>Boquilla incluida</li>
</ul>","
	Capacidad 20L
	Polietileno de alta densidad
	Asas moldeadas para facilitar el transporte
	Boquilla incluida
",VEHICLE PARTS & ACCESSORIES,ACCESSORIES,ACC. ATV EQUIP.,,,,,35920,3994,883,360,113,,,,,,,,,,,,,,,,Rojo,,,,,N'est pas vendu ou destiné à être utilisé comme conteneur de transport de carburant,,,No homologado carretera,,,,,,,,,,,,,,https://api.mybihr.com/medias/1067327-1-800Wx800H?context=bWFzdGVyfHJvb3R8MzU3ODZ8aW1hZ2UvanBlZ3xhREkyTDJobU1TODVNREV6TVRjNU1UZzNNak13THpFd05qY3pNamN0TVY4NE1EQlhlRGd3TUVnfGM0ZDNiYjcyNTkxMTllNWY3NTU4ZDVhODIyY2RkMTRjMzU3NDFmMjQ1YzFmMzU2Yzc1NDgwYjgyZTU5NGM1MDA,,,,,,,,https://static.bihr.pro/eBihr/Pictures/ART-pictures.zip,,Spain Warehouse (Parts)
1067328,,5L TANK,ART,ART ADD. TANK 5 LITERS RED,Garrafa de gasolina ART - 5L,53.34,44.08,28.65,442946,1,8714109090,0,1,"<ul>
	<li>Capacidad 5L</li>
	<li>Polietileno de alta densidad</li>
	<li>Asas moldeadas para facilitar el transporte</li>
	<li>Boquilla incluida</li>
	<li>El kit de fijación se vende por separado: <strong>1067329</strong></li>
</ul>","
	Capacidad 5L
	Polietileno de alta densidad
	Asas moldeadas para facilitar el transporte
	Boquilla incluida
	El kit de fijación se vende por separado: 1067329
",VEHICLE PARTS & ACCESSORIES,ACCESSORIES,ACC. ATV EQUIP.,,,,,10478,1152,310,130,260,,,,,,,,,,,,,,,,Rojo,,,,,N'est pas vendu ou destiné à être utilisé comme conteneur de transport de carburant,,,No homologado carretera,,,,,,,,,,,,,,https://api.mybihr.com/medias/1067328-1-800Wx800H?context=bWFzdGVyfHJvb3R8MzY3MzB8aW1hZ2UvanBlZ3xhRFUyTDJobFlTODVNREV6TVRjNU16Z3pPRE00THpFd05qY3pNamd0TVY4NE1EQlhlRGd3TUVnfDllOWJhYjgyNDliMmVkMTk4ZWQ2YmVkNDYyNzhiYWE2YmUxNDFkZWFhMDYwNjAzODg3MGVkOWUyMmIwMzU3MDE,,,,,,,,https://static.bihr.pro/eBihr/Pictures/ART-pictures.zip,,Spain Warehouse (Parts)
1067329,,5L-LOCKS,ART,ART ADD. TANK ADDITIONAL TANK BRACKET,Soporte para garrafa de gasolina ART - 5L,19.72,16.30,10.60,443580,2,8714109090,0,1,<p>Kit de fijación para Ref. <strong>1067328</strong>.</p>,"
Kit de fijación para Ref. 1067328.",VEHICLE PARTS & ACCESSORIES,ACCESSORIES,ACC. ATV EQUIP.,,,,,397,170,80,80,62,,,,,,,,,,,,,,,,,,,,,,,,,,,,,,,,,,,,,,https://api.mybihr.com/medias/800Wx800H-1067329-1.jpg?context=bWFzdGVyfHJvb3R8MTYxMTk1fGltYWdlL2pwZWd8YURWbUwyaGpOQzh6TkRReU5UUTBOakl6TmpFNU1DODRNREJYZURnd01FaGZNVEEyTnpNeU9TMHhMbXB3Wnd8OGQyM2E4MDI1NDY2MWI4NWI2N2JmNjYwYzUzYTNjOGJlOGMzZDU4MGMxMDk1NmU2NzQxY2EwYjkzYTFkNmZmNQ,,,,,,,,https://static.bihr.pro/eBihr/Pictures/ART-pictures.zip,,Spain Warehouse (Parts)
1073941,,AC-12040,ART,ART WINCH ACC. SYNTH ROP 10M 2500/3500,Recambio cablestante ART 2500 & 3500 cable sintetico 10 m,39.82,32.91,21.39,7332440623109,1,8425310000,0,1,"<html> <head> <meta http-equiv=""Content-Type"" content=""text/html; charset=utf-8""><title> </title> <style type=""text/css"">.cs4FC7BF42{text-align:left;margin:0pt 0pt 0pt 0pt;list-style-type:disc;color:#000;background-color:transparent;font-weight:normal;font-style:normal;}.csA7555675{color:#000;background-color:transparent;font-weight:normal;font-style:normal;}</style> </head> <body> <ul> <li>Nylon braided rope</li><li>With steel reinforced buckle</li></ul> </body> </html>","        Nylon braided ropeWith steel reinforced buckle  ",VEHICLE PARTS & ACCESSORIES,ACCESSORIES,ACC. ATV EQUIP.,,,,,1496,140,202,161,46,,,,,,,,,,,,,,,,,,,,,,,,,,,,,,,,,,,,,,https://api.mybihr.com/medias/1073941-1-800Wx800H?context=bWFzdGVyfHJvb3R8MjQ0Mjl8aW1hZ2UvanBlZ3xhR1JqTDJnMk9DODRPVGMyTWpjMk5USXdPVGt3THpFd056TTVOREV0TVY4NE1EQlhlRGd3TUVnfDY2NzU3ZjJmOGIwOTZkZTFkMmZmNzFhMDJhZmNjNjAzZjUzNTI0YzYwMmNmMDU0ZmZjMjdkNTAxMjkxYTk0Mzk,,,,,,,,https://static.bihr.pro/eBihr/Pictures/ART-pictures.zip,,Spain Warehouse (Parts)
1073944,,AC-12046,ART,ART WINCH ACC. STEEL ROP 15M 2500/3500,"Recambio cablestante ART 2500 & 3500 acero 15,2 m",22.07,18.24,11.86,7332440623147,1,8425310000,0,1,"<html> <head> <meta http-equiv=""Content-Type"" content=""text/html; charset=utf-8""><title> </title> <style type=""text/css"">.cs95E872D0{text-align:left;margin:0pt 0pt 0pt 0pt;}.csA7555675{color:#000;background-color:transparent;font-weight:normal;font-style:normal;}.cs4FC7BF42{text-align:left;margin:0pt 0pt 0pt 0pt;list-style-type:disc;color:#000;background-color:transparent;font-weight:normal;font-style:normal;}.cs8C7BE0DE{text-align:left;margin:0pt 0pt 0pt 36pt;}</style> </head> <body> <p>ART Winch wire rope</p><p> </p><ul> <li>Outer diameter : 4,8mm</li><li>Length : 15,2m</li><li>Material : steel</li></ul> <p> </p><p>For 1100, 1300, 1500kg winch</p></body> </html>","       ART Winch wire rope  Outer diameter : 4,8mmLength : 15,2mMaterial : steel  For 1100, 1300, 1500kg winch ",VEHICLE PARTS & ACCESSORIES,ACCESSORIES,ACC. ATV EQUIP.,,,,,2704,1374,260,260,40,,,,,,,,,,,,,,,,,,,,,,,,,,,,,,,,,,,,,,https://api.mybihr.com/medias/1073944-1-800Wx800H?context=bWFzdGVyfHJvb3R8MjQ0MzV8aW1hZ2UvanBlZ3xhR1UyTDJoak5DODRPVGMyTWpjM01URXdPREUwTHpFd056TTVORFF0TVY4NE1EQlhlRGd3TUVnfGNiNzIyYTc2NDAwMTQ4NDI0OTU3M2I2OTY4YjM4YzYyYWY3OWQzYWQ3MTYwMzZmYjRiY2FiZTM4NWI5ZDBlNDE,,,,,,,,https://static.bihr.pro/eBihr/Pictures/ART-pictures.zip,,Spain Warehouse (Parts)
9004138,,P349 26X10-14 6PR/TL,ART,ART TIRE PATHWAY 26X10-14,Neumático ART PATHWAY 26X10-14 81N 6PR E TL,119.14,98.46,68.92,ART3203,5,4011900000,0,0,"<html> <head> <meta http-equiv=""Content-Type"" content=""text/html; charset=utf-8""><title> </title> <style type=""text/css"">.cs95E872D0{text-align:left;margin:0pt 0pt 0pt 0pt;}.csC57700C4{color:#000;background-color:transparent;font-weight:bold;font-style:normal;}.cs4FC7BF42{text-align:left;margin:0pt 0pt 0pt 0pt;list-style-type:disc;color:#000;background-color:transparent;font-weight:normal;font-style:normal;}.csA7555675{color:#000;background-color:transparent;font-weight:normal;font-style:normal;}</style> </head> <body> <p>4-ply Road tire</p><ul> <li>Directional tread pattern</li><li>The tread pattern provides predictable traction on any hard terrain</li><li>Lightweight construction ensures maximum acceleration</li><li>Low rolling resistance turning horsepower into forward motion, which offers comfort and stability at high speeds</li><li>4 dimensions</li></ul> <p> </p></body> </html>","       4-ply Road tire Directional tread patternThe tread pattern provides predictable traction on any hard terrainLightweight construction ensures maximum accelerationLow rolling resistance turning horsepower into forward motion, which offers comfort and stability at high speeds4 dimensions   ",TIRES & ACCESSORIES,ATV,ATV TIRE ROAD,,,,,109850,11160,650,650,260,,,,,,26,,,10,,,,,ATV homologado,6PR - clasificación de 6 capas,,,,14,,,X-Ply,Neumáticos ATV/SSV/3 ruedas,Homologado,81,N < 140 km/h,,PATHWAY,,,,Trasero,TL - Tubeless,,,,,https://api.mybihr.com/medias/9004138-1-800Wx800H?context=bWFzdGVyfHJvb3R8OTQxNzZ8aW1hZ2UvanBlZ3xhRGhoTDJnMlpTODRPVGsxTVRjNE1EZzJORE13THprd01EUXhNemd0TVY4NE1EQlhlRGd3TUVnfGI5OGVmMWRlMzdiMTllNmY0ODdhZGZiNTVhMDFkMTQ5MDBkZmM0MDgzYjM1NDI2YzUyMDA1Y2ViZWNhMzU0YzQ,,,,,,,,https://static.bihr.pro/eBihr/Pictures/ART-pictures.zip,,Spain Warehouse (Tires)
9004139,,P349 26X8-14 6PR/TL,ART,ART TIRE PATHWAY 26X8-14,Neumático ART PATHWAY 26X8-14 74N 6PR E TL,100.53,83.08,52.00,ART3103,7,4011900000,0,0,"<html> <head> <meta http-equiv=""Content-Type"" content=""text/html; charset=utf-8""><title> </title> <style type=""text/css"">.cs95E872D0{text-align:left;margin:0pt 0pt 0pt 0pt;}.csC57700C4{color:#000;background-color:transparent;font-weight:bold;font-style:normal;}.cs4FC7BF42{text-align:left;margin:0pt 0pt 0pt 0pt;list-style-type:disc;color:#000;background-color:transparent;font-weight:normal;font-style:normal;}.csA7555675{color:#000;background-color:transparent;font-weight:normal;font-style:normal;}</style> </head> <body> <p>4-ply Road tire</p><ul> <li>Directional tread pattern</li><li>The tread pattern provides predictable traction on any hard terrain</li><li>Lightweight construction ensures maximum acceleration</li><li>Low rolling resistance turning horsepower into forward motion, which offers comfort and stability at high speeds</li><li>4 dimensions</li></ul> <p> </p></body> </html>","       4-ply Road tire Directional tread patternThe tread pattern provides predictable traction on any hard terrainLightweight construction ensures maximum accelerationLow rolling resistance turning horsepower into forward motion, which offers comfort and stability at high speeds4 dimensions   ",TIRES & ACCESSORIES,ATV,ATV TIRE ROAD,,,,,88725,9700,650,650,210,,,,,,26,,,8,,,,,ATV homologado,6PR - clasificación de 6 capas,,,,14,,,X-Ply,Neumáticos ATV/SSV/3 ruedas,Homologado,74,N < 140 km/h,,PATHWAY,,,,Delantero,TL - Tubeless,,,,,https://api.mybihr.com/medias/9004139-1-800Wx800H?context=bWFzdGVyfHJvb3R8OTQxNzZ8aW1hZ2UvanBlZ3xhRFZpTDJnM05TODRPVGsxTVRjNE1qZ3pNRE00THprd01EUXhNemt0TVY4NE1EQlhlRGd3TUVnfGM3NWEyNWFiZDc3OWY1OTUwMjVlOTBmZDNhODdiNTA1NWRkNmU1ZjBkMWM3NGUwNjU2YmI0ODU1NTU0ZTcwNmI,,,,,,,,https://static.bihr.pro/eBihr/Pictures/ART-pictures.zip,,Spain Warehouse (Tires)
9004142,,P354 25X10-12 4PR/TL,ART,ART TIRE PATHWAY 25X10-12,Neumático ART PATHWAY 25X10-12 45N 4PR TL,107.97,89.23,62.46,ART3201,1,4011900000,0,0,"<html xmlns=""http://www.w3.org/1999/xhtml""> <head> <meta http-equiv=""Content-Type"" content=""text/html; charset=utf-8""><title> </title> <style type=""text/css""> .cs2654AE3A{text-align:left;text-indent:0pt;margin:0pt 0pt 0pt 0pt} .csEE62F6E{color:#000000;background-color:transparent;font-family:Times New Roman;font-size:12pt;font-weight:bold;font-style:normal;} .cs37063928{text-align:left;margin:0pt 0pt 0pt 0pt;list-style-type:disc;color:#000000;background-color:transparent;font-family:Arial;font-size:12pt;font-weight:normal;font-style:normal} .cs63EB74B2{color:#000000;background-color:transparent;font-family:Times New Roman;font-size:12pt;font-weight:normal;font-style:normal;} </style> </head> <body> <p>4 plis Road tire.</p><ul start=""1""> <li>Directional tread pattern</li><li>The tread pattern provides predictable traction on any hard terrain</li><li>Lightweight construction ensures maximum acceleration</li><li>Low rolling resistance turning horsepower into forward motion, which offers comfort and stability at high speeds</li><li>4 dimensions</li></ul> </body> </html>","       4 plis Road tire. Directional tread patternThe tread pattern provides predictable traction on any hard terrainLightweight construction ensures maximum accelerationLow rolling resistance turning horsepower into forward motion, which offers comfort and stability at high speeds4 dimensions  ",TIRES & ACCESSORIES,ATV,ATV TIRE ROAD,,,,,34810,9060,590,590,100,,,,,,25,,,10,,,,,ATV homologado,4PR - clasificación de 4 capas,,,,12,,,X-Ply,Neumáticos ATV/SSV/3 ruedas,Homologado,45,N < 140 km/h,,PATHWAY,,,,Trasero,TL - Tubeless,,,,,https://api.mybihr.com/medias/9004142-1-800Wx800H?context=bWFzdGVyfHJvb3R8OTQxNzZ8aW1hZ2UvanBlZ3xhR0k0TDJnNE9TODRPVGsxTVRjNE9EY3lPRFl5THprd01EUXhOREl0TVY4NE1EQlhlRGd3TUVnfGFmNThkZWJjMzE0NGNjNDkyNWNiNzI4OGYyMTZkYWQwYjQ3NjE3N2FiZjI3OGU1YTUxYmY5YzM3ODNjYjMwNWU,,,,,,,,https://static.bihr.pro/eBihr/Pictures/ART-pictures.zip,,Spain Warehouse (Tires)
9004141,,P354 21X7-10 4PR/TL,ART,ART TIRE PATHWAY 21X7-10,Neumático ART PATHWAY 21X7-10 25N 4PR TL,65.16,53.85,37.70,ART3102,7,4011900000,0,0,"<html xmlns=""http://www.w3.org/1999/xhtml""> <head> <meta http-equiv=""Content-Type"" content=""text/html; charset=utf-8""><title> </title> <style type=""text/css""> .cs2654AE3A{text-align:left;text-indent:0pt;margin:0pt 0pt 0pt 0pt} .csEE62F6E{color:#000000;background-color:transparent;font-family:Times New Roman;font-size:12pt;font-weight:bold;font-style:normal;} .cs37063928{text-align:left;margin:0pt 0pt 0pt 0pt;list-style-type:disc;color:#000000;background-color:transparent;font-family:Arial;font-size:12pt;font-weight:normal;font-style:normal} .cs63EB74B2{color:#000000;background-color:transparent;font-family:Times New Roman;font-size:12pt;font-weight:normal;font-style:normal;} </style> </head> <body> <p>4 plis Road tire.</p><ul start=""1""> <li>Directional tread pattern</li><li>The tread pattern provides predictable traction on any hard terrain</li><li>Lightweight construction ensures maximum acceleration</li><li>Low rolling resistance turning horsepower into forward motion, which offers comfort and stability at high speeds</li><li>4 dimensions</li></ul> </body> </html>","       4 plis Road tire. Directional tread patternThe tread pattern provides predictable traction on any hard terrainLightweight construction ensures maximum accelerationLow rolling resistance turning horsepower into forward motion, which offers comfort and stability at high speeds4 dimensions  ",TIRES & ACCESSORIES,ATV,ATV TIRE ROAD,,,,,41616,5140,510,510,160,,,,,,21,,,7,,,,,ATV homologado,4PR - clasificación de 4 capas,,,,10,,,X-Ply,Neumáticos ATV/SSV/3 ruedas,Homologado,25,N < 140 km/h,,PATHWAY,,,,Delantero,TL - Tubeless,,,,,https://api.mybihr.com/medias/9004141-1-800Wx800H?context=bWFzdGVyfHJvb3R8OTQxNzZ8aW1hZ2UvanBlZ3xhR1U0TDJnNE1pODRPVGsxTVRjNE5qYzJNalUwTHprd01EUXhOREV0TVY4NE1EQlhlRGd3TUVnfDRkMWFiYzI2MjEzYzUzYmUyMzNmNGMzNzIzOGZlNTlkMTMyZTcwYTU5YTJhZWQ2MDI2MDBhZGU2ZjYyMGFkM2M,,,,,,,,https://static.bihr.pro/eBihr/Pictures/ART-pictures.zip,,Spain Warehouse (Tires)
9004143,,P354 25X8-12 4PR/TL,ART,ART TIRE PATHWAY 25X8-12,Neumático ART PATHWAY 25X8-12 38N 4PR TL,93.07,76.92,53.84,ART3101,0,4011900000,0,0,"<html xmlns=""http://www.w3.org/1999/xhtml""> <head> <meta http-equiv=""Content-Type"" content=""text/html; charset=utf-8""><title> </title> <style type=""text/css""> .cs2654AE3A{text-align:left;text-indent:0pt;margin:0pt 0pt 0pt 0pt} .csEE62F6E{color:#000000;background-color:transparent;font-family:Times New Roman;font-size:12pt;font-weight:bold;font-style:normal;} .cs37063928{text-align:left;margin:0pt 0pt 0pt 0pt;list-style-type:disc;color:#000000;background-color:transparent;font-family:Arial;font-size:12pt;font-weight:normal;font-style:normal} .cs63EB74B2{color:#000000;background-color:transparent;font-family:Times New Roman;font-size:12pt;font-weight:normal;font-style:normal;} </style> </head> <body> <p>4 plis Road tire.</p><ul start=""1""> <li>Directional tread pattern</li><li>The tread pattern provides predictable traction on any hard terrain</li><li>Lightweight construction ensures maximum acceleration</li><li>Low rolling resistance turning horsepower into forward motion, which offers comfort and stability at high speeds</li><li>4 dimensions</li></ul> </body> </html>","       4 plis Road tire. Directional tread patternThe tread pattern provides predictable traction on any hard terrainLightweight construction ensures maximum accelerationLow rolling resistance turning horsepower into forward motion, which offers comfort and stability at high speeds4 dimensions  ",TIRES & ACCESSORIES,ATV,ATV TIRE ROAD,,,,,72000,7880,600,600,200,,,,,,25,,,8,,,,,ATV homologado,4PR - clasificación de 4 capas,,,,12,,,X-Ply,Neumáticos ATV/SSV/3 ruedas,Homologado,38,N < 140 km/h,,PATHWAY,,,,Delantero,TL - Tubeless,,,,,https://api.mybihr.com/medias/9004143-1-800Wx800H?context=bWFzdGVyfHJvb3R8OTQxNzZ8aW1hZ2UvanBlZ3xhREl4TDJoa09DODRPVGsxTVRjNU1EWTVORGN3THprd01EUXhORE10TVY4NE1EQlhlRGd3TUVnfDBkNWYzNmFjMGU3OGUzZGNjYTQzZjA0YTgyNjUzMjViZDI3MmRjYTM2MjIzOTgxY2ZmNGU0OTk5Y2FlMWY3ZDg,,,,,,,,https://static.bihr.pro/eBihr/Pictures/ART-pictures.zip,,Spain Warehouse (Tires)
9004140,,P354 20X10-9 4PR/TL,ART,ART TIRE PATHWAY 20X10-9,Neumático ART PATHWAY 20X10-9 34N 4PR TL,78.19,64.62,45.23,ART3202,1,4011900000,0,0,"<html xmlns=""http://www.w3.org/1999/xhtml""> <head> <meta http-equiv=""Content-Type"" content=""text/html; charset=utf-8""><title> </title> <style type=""text/css""> .cs2654AE3A{text-align:left;text-indent:0pt;margin:0pt 0pt 0pt 0pt} .csEE62F6E{color:#000000;background-color:transparent;font-family:Times New Roman;font-size:12pt;font-weight:bold;font-style:normal;} .cs37063928{text-align:left;margin:0pt 0pt 0pt 0pt;list-style-type:disc;color:#000000;background-color:transparent;font-family:Arial;font-size:12pt;font-weight:normal;font-style:normal} .cs63EB74B2{color:#000000;background-color:transparent;font-family:Times New Roman;font-size:12pt;font-weight:normal;font-style:normal;} </style> </head> <body> <p>4 plis Road tire.</p><ul start=""1""> <li>Directional tread pattern</li><li>The tread pattern provides predictable traction on any hard terrain</li><li>Lightweight construction ensures maximum acceleration</li><li>Low rolling resistance turning horsepower into forward motion, which offers comfort and stability at high speeds</li><li>4 dimensions</li></ul> </body> </html>","       4 plis Road tire. Directional tread patternThe tread pattern provides predictable traction on any hard terrainLightweight construction ensures maximum accelerationLow rolling resistance turning horsepower into forward motion, which offers comfort and stability at high speeds4 dimensions  ",TIRES & ACCESSORIES,ATV,ATV TIRE ROAD,,,,,54080,6520,520,520,200,,,,,,20,,,10,,,,,ATV homologado,4PR - clasificación de 4 capas,,,,9,,,X-Ply,Neumáticos ATV/SSV/3 ruedas,Homologado,34,N < 140 km/h,,PATHWAY,,,,Trasero,TL - Tubeless,,,,,https://api.mybihr.com/medias/9004140-1-800Wx800H?context=bWFzdGVyfHJvb3R8OTQxNzZ8aW1hZ2UvanBlZ3xhREU0TDJnM1l5ODRPVGsxTVRjNE5EYzVOalEyTHprd01EUXhOREF0TVY4NE1EQlhlRGd3TUVnfGM3ODQ4Y2Y2ZTNiYThjNzAwMzMxYjA5OTU1YzA0NTk2OTM4YmI1MDBhMGU2ZGMzYWQ2ZDUwYmIxZDQ3MjVjMWU,,,,,,,,https://static.bihr.pro/eBihr/Pictures/ART-pictures.zip,,Spain Warehouse (Tires)
9004188,,P350 26X9-12 6PR/TL,ART,ART TIRE TOP DOG 26X9-12,Neumático ART TOP-DOG 26X9-12 49J 6PR TL,126.59,104.62,73.23,ART2102,1,4011900000,0,0,"<html xmlns=""http://www.w3.org/1999/xhtml""> <head> <meta http-equiv=""Content-Type"" content=""text/html; charset=utf-8""><title> </title> <style type=""text/css""> .csE145B7AC{text-align:left;margin:0pt 0pt 0pt 0pt;list-style-type:disc;color:#000000;background-color:transparent;font-family:Arial;font-size:12pt;font-weight:bold;font-style:normal} .csEE62F6E{color:#000000;background-color:transparent;font-family:Times New Roman;font-size:12pt;font-weight:bold;font-style:normal;} .cs37063928{text-align:left;margin:0pt 0pt 0pt 0pt;list-style-type:disc;color:#000000;background-color:transparent;font-family:Arial;font-size:12pt;font-weight:normal;font-style:normal} .cs63EB74B2{color:#000000;background-color:transparent;font-family:Times New Roman;font-size:12pt;font-weight:normal;font-style:normal;} </style> </head> <body> <ul> <li>Best-seller tire : polyvalent and resistant on on-off uses.</li><li>Advanced Radial Construction delivers the most confortable, trail-compliant ride </li><li>Additional shoulder lugs protect sidewall </li><li>6 plis tire </li><li>8 dimensions available </li></ul> </body> </html>","        Best-seller tire : polyvalent and resistant on on-off uses.Advanced Radial Construction delivers the most confortable, trail-compliant ride Additional shoulder lugs protect sidewall 6 plis tire 8 dimensions available   ",TIRES & ACCESSORIES,ATV,ATV TIRE UTILITY,,,,,94208,11000,640,640,230,,,,,,26,,,9,,,,,ATV utilitario/Todoterreno,6PR - clasificación de 6 capas,,,,12,,,X-Ply,Neumáticos ATV/SSV/3 ruedas,Homologado,49,J < 100 km/h,,TOP-DOG,,,,Delantero,TL - Tubeless,,,,,https://api.mybihr.com/medias/9004188-1-800Wx800H?context=bWFzdGVyfHJvb3R8ODM5ODV8aW1hZ2UvanBlZ3xhR05oTDJnMU55ODRPVGsxTVRnNU1EazJORGM0THprd01EUXhPRGd0TVY4NE1EQlhlRGd3TUVnfDJjMjkzZDU5YzRhYTU2NjgyMjRjZDlmMDA3NjZhNzg0NjM2OTFiNDczZTg2MTU5YzAyMTBiNWM2MDIwZmQ0NTk,,,,,,,,https://static.bihr.pro/eBihr/Pictures/ART-pictures.zip,,Spain Warehouse (Tires)
9004189,,P350 27X11-14 6PR/TL,ART,ART TIRE TOP DOG 27X11-14,Neumático ART TOP-DOG 27X11-14 55J 6PR TL,148.00,122.31,85.62,ART2204,1,4011900000,0,0,"<html xmlns=""http://www.w3.org/1999/xhtml""> <head> <meta http-equiv=""Content-Type"" content=""text/html; charset=utf-8""><title> </title> <style type=""text/css""> .csE145B7AC{text-align:left;margin:0pt 0pt 0pt 0pt;list-style-type:disc;color:#000000;background-color:transparent;font-family:Arial;font-size:12pt;font-weight:bold;font-style:normal} .csEE62F6E{color:#000000;background-color:transparent;font-family:Times New Roman;font-size:12pt;font-weight:bold;font-style:normal;} .cs37063928{text-align:left;margin:0pt 0pt 0pt 0pt;list-style-type:disc;color:#000000;background-color:transparent;font-family:Arial;font-size:12pt;font-weight:normal;font-style:normal} .cs63EB74B2{color:#000000;background-color:transparent;font-family:Times New Roman;font-size:12pt;font-weight:normal;font-style:normal;} </style> </head> <body> <ul> <li>Best-seller tire : polyvalent and resistant on on-off uses.</li><li>Advanced Radial Construction delivers the most confortable, trail-compliant ride </li><li>Additional shoulder lugs protect sidewall </li><li>6 plis tire </li><li>8 dimensions available </li></ul> </body> </html>","        Best-seller tire : polyvalent and resistant on on-off uses.Advanced Radial Construction delivers the most confortable, trail-compliant ride Additional shoulder lugs protect sidewall 6 plis tire 8 dimensions available   ",TIRES & ACCESSORIES,ATV,ATV TIRE UTILITY,,,,,119070,12420,630,630,300,,,,,,27,,,11,,,,,ATV utilitario/Todoterreno,6PR - clasificación de 6 capas,,,,14,,,X-Ply,Neumáticos ATV/SSV/3 ruedas,Homologado,55,J < 100 km/h,,TOP-DOG,,,,Trasero,TL - Tubeless,,,,,https://api.mybihr.com/medias/9004189-1-800Wx800H?context=bWFzdGVyfHJvb3R8ODM5ODV8aW1hZ2UvanBlZ3xhR1k1TDJnMU1DODRPVGsxTVRnNU1qa3pNRGcyTHprd01EUXhPRGt0TVY4NE1EQlhlRGd3TUVnfDI1MzJmNzQ0NTBlMjkwODQ4OGJmZjA4YjA5NDllZmJkZTVkODczN2E2MjY3ZWNlNGU1NWRhZTUyY2ExMWIyMmM,,,,,,,,https://static.bihr.pro/eBihr/Pictures/ART-pictures.zip,,Spain Warehouse (Tires)
9004193,,P362 26X11-14 4PR/TL,ART,ART TIRE CHALLENGER 26X11-14,Neumático ART CHALLENGER 26X11-14 48J 4PR TL,139.61,115.38,80.77,ART6102,3,4011900000,0,0,"<html xmlns=""http://www.w3.org/1999/xhtml""> <head> <meta http-equiv=""Content-Type"" content=""text/html; charset=utf-8""><title> </title> <style type=""text/css""> .cs37063928{text-align:left;margin:0pt 0pt 0pt 0pt;list-style-type:disc;color:#000000;background-color:transparent;font-family:Arial;font-size:12pt;font-weight:normal;font-style:normal} .cs63EB74B2{color:#000000;background-color:transparent;font-family:Times New Roman;font-size:12pt;font-weight:normal;font-style:normal;} </style> </head> <body> <ul> <li>Interlocking Tread pattern and wide footprint provide exceptional traction</li><li>Top noth handling in mud, snow and sand</li><li>The wrap-around shoulder lugs offer excellent sidewall protection</li></ul> </body> </html>","        Interlocking Tread pattern and wide footprint provide exceptional tractionTop noth handling in mud, snow and sandThe wrap-around shoulder lugs offer excellent sidewall protection  ",TIRES & ACCESSORIES,ATV,ATV TIRE UTILITY,,,,,121968,11640,660,660,280,,,,,,26,,,11,,,,,ATV utilitario/Todoterreno,4PR - clasificación de 4 capas,,,,14,,,X-Ply,Neumáticos ATV/SSV/3 ruedas,Homologado,48,J < 100 km/h,,CHALLENGER,,,,Trasero,TL - Tubeless,,,,,https://api.mybihr.com/medias/9004193-1-800Wx800H?context=bWFzdGVyfHJvb3R8NjgxODZ8aW1hZ2UvanBlZ3xhRGt5TDJoaVppODRPVGsxTVRrd01EYzVOVEU0THprd01EUXhPVE10TVY4NE1EQlhlRGd3TUVnfDExNGFiMzBhMmUwOTA5NWE0NjZjZmNjYTBjZGFkNTcxN2IxZDFkYzk1MGUyOGEyMDBhM2VjYzFlODhhNzMwZDY,,,,,,,,https://static.bihr.pro/eBihr/Pictures/ART-pictures.zip,,Spain Warehouse (Tires)
9004185,,P350 26X10-14 6PR/TL,ART,ART TIRE TOP DOG 26X10-14,Neumático ART TOP-DOG 26X10-14 51N 6PR E TL,139.61,115.38,80.77,ART2205,6,4011900000,0,0,"<html xmlns=""http://www.w3.org/1999/xhtml""> <head> <meta http-equiv=""Content-Type"" content=""text/html; charset=utf-8""><title> </title> <style type=""text/css""> .csE145B7AC{text-align:left;margin:0pt 0pt 0pt 0pt;list-style-type:disc;color:#000000;background-color:transparent;font-family:Arial;font-size:12pt;font-weight:bold;font-style:normal} .csEE62F6E{color:#000000;background-color:transparent;font-family:Times New Roman;font-size:12pt;font-weight:bold;font-style:normal;} .cs37063928{text-align:left;margin:0pt 0pt 0pt 0pt;list-style-type:disc;color:#000000;background-color:transparent;font-family:Arial;font-size:12pt;font-weight:normal;font-style:normal} .cs63EB74B2{color:#000000;background-color:transparent;font-family:Times New Roman;font-size:12pt;font-weight:normal;font-style:normal;} </style> </head> <body> <ul> <li>Best-seller tire : polyvalent and resistant on on-off uses.</li><li>Advanced Radial Construction delivers the most confortable, trail-compliant ride </li><li>Additional shoulder lugs protect sidewall </li><li>6 plis tire </li><li>8 dimensions available </li></ul> </body> </html>","        Best-seller tire : polyvalent and resistant on on-off uses.Advanced Radial Construction delivers the most confortable, trail-compliant ride Additional shoulder lugs protect sidewall 6 plis tire 8 dimensions available   ",TIRES & ACCESSORIES,ATV,ATV TIRE UTILITY,,,,,94208,11000,640,640,230,,,,,,26,,,10,,,,,ATV utilitario/Todoterreno,6PR - clasificación de 6 capas,,,,14,,,X-Ply,Neumáticos ATV/SSV/3 ruedas,Homologado,51,N < 140 km/h,,TOP-DOG,,,,Trasero,TL - Tubeless,,,,,https://api.mybihr.com/medias/9004185-1-800Wx800H?context=bWFzdGVyfHJvb3R8ODM5ODV8aW1hZ2UvanBlZ3xhRGd6TDJoaU1TODRPVGsxTVRnNE5UQTJOalUwTHprd01EUXhPRFV0TVY4NE1EQlhlRGd3TUVnfGJiM2U4OTZlMDJhYWExYThmYTYzMjhlNDRmOWVlOGJlMDMxZGZjZjRlYWNjNGJhZDZkYjJhNGU2YzFmZThkN2M,,,,,,,,https://static.bihr.pro/eBihr/Pictures/ART-pictures.zip,,Spain Warehouse (Tires)
9004186,,P350 26X12-12 6PR/TL,ART,ART TIRE TOP DOG 26X12-12,Neumático ART TOP-DOG 26X12-12 58J 6PR TL,156.37,129.23,90.46,ART2202,1,4011900000,0,0,"<html xmlns=""http://www.w3.org/1999/xhtml""> <head> <meta http-equiv=""Content-Type"" content=""text/html; charset=utf-8""><title> </title> <style type=""text/css""> .csE145B7AC{text-align:left;margin:0pt 0pt 0pt 0pt;list-style-type:disc;color:#000000;background-color:transparent;font-family:Arial;font-size:12pt;font-weight:bold;font-style:normal} .csEE62F6E{color:#000000;background-color:transparent;font-family:Times New Roman;font-size:12pt;font-weight:bold;font-style:normal;} .cs37063928{text-align:left;margin:0pt 0pt 0pt 0pt;list-style-type:disc;color:#000000;background-color:transparent;font-family:Arial;font-size:12pt;font-weight:normal;font-style:normal} .cs63EB74B2{color:#000000;background-color:transparent;font-family:Times New Roman;font-size:12pt;font-weight:normal;font-style:normal;} </style> </head> <body> <ul> <li>Best-seller tire : polyvalent and resistant on on-off uses.</li><li>Advanced Radial Construction delivers the most confortable, trail-compliant ride </li><li>Additional shoulder lugs protect sidewall </li><li>6 plis tire </li><li>8 dimensions available </li></ul> </body> </html>","        Best-seller tire : polyvalent and resistant on on-off uses.Advanced Radial Construction delivers the most confortable, trail-compliant ride Additional shoulder lugs protect sidewall 6 plis tire 8 dimensions available   ",TIRES & ACCESSORIES,ATV,ATV TIRE UTILITY,,,,,115200,13090,600,600,320,,,,,,26,,,12,,,,,ATV utilitario/Todoterreno,6PR - clasificación de 6 capas,,,,12,,,X-Ply,Neumáticos ATV/SSV/3 ruedas,Homologado,58,J < 100 km/h,,TOP-DOG,,,,Trasero,TL - Tubeless,,,,,https://api.mybihr.com/medias/9004186-1-800Wx800H?context=bWFzdGVyfHJvb3R8ODM5ODV8aW1hZ2UvanBlZ3xhR0l6TDJoaFlTODRPVGsxTVRnNE56QXpNall5THprd01EUXhPRFl0TVY4NE1EQlhlRGd3TUVnfGQyYTk3OGVlMzFkYjQ3MDUyYTVjZTg0YjlhM2Q5NTk0NDExMzliM2IxNGU0OWNlNDgyZTliNjM4NzA3ZTU2Y2E,,,,,,,,https://static.bihr.pro/eBihr/Pictures/ART-pictures.zip,,Spain Warehouse (Tires)
9004187,,P350 26X8-14 6PR/TL,ART,ART TIRE TOP DOG 26X8-14,Neumático ART TOP-DOG 26X8-14 44N 6PR E TL,120.07,99.23,69.46,ART2105,7,4011900000,0,0,"<html xmlns=""http://www.w3.org/1999/xhtml""> <head> <meta http-equiv=""Content-Type"" content=""text/html; charset=utf-8""><title> </title> <style type=""text/css""> .csE145B7AC{text-align:left;margin:0pt 0pt 0pt 0pt;list-style-type:disc;color:#000000;background-color:transparent;font-family:Arial;font-size:12pt;font-weight:bold;font-style:normal} .csEE62F6E{color:#000000;background-color:transparent;font-family:Times New Roman;font-size:12pt;font-weight:bold;font-style:normal;} .cs37063928{text-align:left;margin:0pt 0pt 0pt 0pt;list-style-type:disc;color:#000000;background-color:transparent;font-family:Arial;font-size:12pt;font-weight:normal;font-style:normal} .cs63EB74B2{color:#000000;background-color:transparent;font-family:Times New Roman;font-size:12pt;font-weight:normal;font-style:normal;} </style> </head> <body> <ul> <li>Best-seller tire : polyvalent and resistant on on-off uses.</li><li>Advanced Radial Construction delivers the most confortable, trail-compliant ride </li><li>Additional shoulder lugs protect sidewall </li><li>6 plis tire </li><li>8 dimensions available </li></ul> </body> </html>","        Best-seller tire : polyvalent and resistant on on-off uses.Advanced Radial Construction delivers the most confortable, trail-compliant ride Additional shoulder lugs protect sidewall 6 plis tire 8 dimensions available   ",TIRES & ACCESSORIES,ATV,ATV TIRE UTILITY,,,,,94208,11000,640,640,230,,,,,,26,,,8,,,,,ATV utilitario/Todoterreno,6PR - clasificación de 6 capas,,,,14,,,X-Ply,Neumáticos ATV/SSV/3 ruedas,Homologado,44,N < 140 km/h,,TOP-DOG,,,,Delantero,TL - Tubeless,,,,,https://api.mybihr.com/medias/9004187-1-800Wx800H?context=bWFzdGVyfHJvb3R8ODM5ODV8aW1hZ2UvanBlZ3xhRFEyTDJoaE5pODRPVGsxTVRnNE9EazVPRGN3THprd01EUXhPRGN0TVY4NE1EQlhlRGd3TUVnfDlhZjdhMDcyODhiZGE5MWY1MjUxZjJiNzNhYmQ0N2ZhMGE3ZDA1NjU5ZjlhMDE2MGZjNDQwOTQ1YThjNjBkNmY,,,,,,,,https://static.bihr.pro/eBihr/Pictures/ART-pictures.zip,,Spain Warehouse (Tires)
9004190,,P350 27X12-12 6PR/TL,ART,ART TIRE TOP DOG 27X12-12,Neumático ART TOP-DOG 27X12-12 60J 6PR TL,154.50,127.69,89.38,ART2203,1,4011900000,0,0,"<html xmlns=""http://www.w3.org/1999/xhtml""> <head> <meta http-equiv=""Content-Type"" content=""text/html; charset=utf-8""><title> </title> <style type=""text/css""> .csE145B7AC{text-align:left;margin:0pt 0pt 0pt 0pt;list-style-type:disc;color:#000000;background-color:transparent;font-family:Arial;font-size:12pt;font-weight:bold;font-style:normal} .csEE62F6E{color:#000000;background-color:transparent;font-family:Times New Roman;font-size:12pt;font-weight:bold;font-style:normal;} .cs37063928{text-align:left;margin:0pt 0pt 0pt 0pt;list-style-type:disc;color:#000000;background-color:transparent;font-family:Arial;font-size:12pt;font-weight:normal;font-style:normal} .cs63EB74B2{color:#000000;background-color:transparent;font-family:Times New Roman;font-size:12pt;font-weight:normal;font-style:normal;} </style> </head> <body> <ul> <li>Best-seller tire : polyvalent and resistant on on-off uses.</li><li>Advanced Radial Construction delivers the most confortable, trail-compliant ride </li><li>Additional shoulder lugs protect sidewall </li><li>6 plis tire </li><li>8 dimensions available </li></ul> </body> </html>","        Best-seller tire : polyvalent and resistant on on-off uses.Advanced Radial Construction delivers the most confortable, trail-compliant ride Additional shoulder lugs protect sidewall 6 plis tire 8 dimensions available   ",TIRES & ACCESSORIES,ATV,ATV TIRE UTILITY,,,,,122880,13570,640,640,300,,,,,,27,,,12,,,,,ATV utilitario/Todoterreno,6PR - clasificación de 6 capas,,,,12,,,X-Ply,Neumáticos ATV/SSV/3 ruedas,Homologado,60,J < 100 km/h,,TOP-DOG,,,,Trasero,TL - Tubeless,,,,,https://api.mybihr.com/medias/9004190-1-800Wx800H?context=bWFzdGVyfHJvb3R8ODM5ODV8aW1hZ2UvanBlZ3xhRE5qTDJnMFlTODRPVGsxTVRnNU5EZzVOamswTHprd01EUXhPVEF0TVY4NE1EQlhlRGd3TUVnfDU2NzllMWNlY2E1ODdlNjU0ZTZkOTE1MTgzODkzM2RlZmY0ODk4MzJkZWEzM2NiZjA5N2QwY2IwYjdlMDQ1MDE,,,,,,,,https://static.bihr.pro/eBihr/Pictures/ART-pictures.zip,,Spain Warehouse (Tires)
9004191,,P350 27X9-12 6PR/TL,ART,ART TIRE TOP DOG 27X9-12,Neumático ART TOP-DOG 27X9-12 52J 6PR TL,134.03,110.77,77.54,ART2103,2,4011900000,0,0,"<html xmlns=""http://www.w3.org/1999/xhtml""> <head> <meta http-equiv=""Content-Type"" content=""text/html; charset=utf-8""><title> </title> <style type=""text/css""> .csE145B7AC{text-align:left;margin:0pt 0pt 0pt 0pt;list-style-type:disc;color:#000000;background-color:transparent;font-family:Arial;font-size:12pt;font-weight:bold;font-style:normal} .csEE62F6E{color:#000000;background-color:transparent;font-family:Times New Roman;font-size:12pt;font-weight:bold;font-style:normal;} .cs37063928{text-align:left;margin:0pt 0pt 0pt 0pt;list-style-type:disc;color:#000000;background-color:transparent;font-family:Arial;font-size:12pt;font-weight:normal;font-style:normal} .cs63EB74B2{color:#000000;background-color:transparent;font-family:Times New Roman;font-size:12pt;font-weight:normal;font-style:normal;} </style> </head> <body> <ul> <li>Best-seller tire : polyvalent and resistant on on-off uses.</li><li>Advanced Radial Construction delivers the most confortable, trail-compliant ride </li><li>Additional shoulder lugs protect sidewall </li><li>6 plis tire </li><li>8 dimensions available </li></ul> </body> </html>","        Best-seller tire : polyvalent and resistant on on-off uses.Advanced Radial Construction delivers the most confortable, trail-compliant ride Additional shoulder lugs protect sidewall 6 plis tire 8 dimensions available   ",TIRES & ACCESSORIES,ATV,ATV TIRE UTILITY,,,,,127400,11220,700,700,260,,,,,,27,,,9,,,,,ATV utilitario/Todoterreno,6PR - clasificación de 6 capas,,,,12,,,X-Ply,Neumáticos ATV/SSV/3 ruedas,Homologado,52,J < 100 km/h,,TOP-DOG,,,,Delantero,TL - Tubeless,,,,,https://api.mybihr.com/medias/9004191-1-800Wx800H?context=bWFzdGVyfHJvb3R8ODM5ODV8aW1hZ2UvanBlZ3xhRFpqTDJnME15ODRPVGsxTVRnNU5qZzJNekF5THprd01EUXhPVEV0TVY4NE1EQlhlRGd3TUVnfGM5YmRlMWI0YjI2OGJlYjU1MDNiNTlkZWJlYTg4ODNkOWFiZDAyYmFkNzg3OTFkM2RhMjZiMWI4OWQzMDc2Mzk,,,,,,,,https://static.bihr.pro/eBihr/Pictures/ART-pictures.zip,,Spain Warehouse (Tires)
9004196,,P390 25X8-12 6PR/TL,ART,ART TIRE SLOGGER 25X8-12,Neumático ART SLOGGER 25X8-12 43J 6PR TL,100.53,83.08,58.16,ART4101,0,4011900000,0,0,"<html xmlns=""http://www.w3.org/1999/xhtml""> <head> <meta http-equiv=""Content-Type"" content=""text/html; charset=utf-8""><title> </title> <style type=""text/css""> .cs2654AE3A{text-align:left;text-indent:0pt;margin:0pt 0pt 0pt 0pt} .csEE62F6E{color:#000000;background-color:transparent;font-family:Times New Roman;font-size:12pt;font-weight:bold;font-style:normal;} .cs37063928{text-align:left;margin:0pt 0pt 0pt 0pt;list-style-type:disc;color:#000000;background-color:transparent;font-family:Arial;font-size:12pt;font-weight:normal;font-style:normal} .csE8AC24F0{color:#000000;background-color:transparent;font-family:Arial;font-size:12pt;font-weight:normal;font-style:normal;} .cs63EB74B2{color:#000000;background-color:transparent;font-family:Times New Roman;font-size:12pt;font-weight:normal;font-style:normal;} </style> </head> <body> <p>6 plis tire, very resistant and tacky on soft ground.</p><ul start=""1""> <li>Tread design prevents build up of mud, sand, rocks & dirt, from soft to hard pack terrain </li><li>Light weight construction for effortless and rapid acceleration </li><li>Shoulder lugs provide extra traction while cornering and protect the sidewall in rugged terrain </li><li>2 dimensions available</li></ul> </body> </html>","       6 plis tire, very resistant and tacky on soft ground. Tread design prevents build up of mud, sand, rocks & dirt, from soft to hard pack terrain Light weight construction for effortless and rapid acceleration Shoulder lugs provide extra traction while cornering and protect the sidewall in rugged terrain 2 dimensions available  ",TIRES & ACCESSORIES,ATV,ATV TIRE UTILITY,,,,,79200,7800,600,600,220,,,,,,25,,,8,,,,,ATV utilitario/Todoterreno,6PR - clasificación de 6 capas,,,,12,,,X-Ply,Neumáticos ATV/SSV/3 ruedas,Homologado,43,J < 100 km/h,,SLOGGER,,,,Delantero,TL - Tubeless,,,,,https://api.mybihr.com/medias/9004196-1-800Wx800H?context=bWFzdGVyfHJvb3R8MjE2MDYzNXxpbWFnZS9qcGVnfGFHWXdMMmhrTXk4NE9UazFNVGt3TmpZNU16UXlMemt3TURReE9UWXRNVjg0TURCWGVEZ3dNRWd8ODY5ZTU4NzBlYzdlZmVkNTVmMThiOWYzNmQ0ODFjNTc4MDUwZDhlMjBhM2E4MDE0NjczMWQ5M2IwNjQ2MTg3ZQ,,,,,,,,https://static.bihr.pro/eBihr/Pictures/ART-pictures.zip,,Spain Warehouse (Tires)
9004179,,P3006 26X9-12 6PR/TL,ART,ART TIRE PASSKEY 26X9-12,Neumático ART PASSKEY 26X9-12 49J 6PR TL,121.00,100.00,70.00,ART5103,1,4011900000,0,0,"<html xmlns=""http://www.w3.org/1999/xhtml""> <head> <meta http-equiv=""Content-Type"" content=""text/html; charset=utf-8""><title> </title> <style type=""text/css""> .cs2654AE3A{text-align:left;text-indent:0pt;margin:0pt 0pt 0pt 0pt} .csEE62F6E{color:#000000;background-color:transparent;font-family:Times New Roman;font-size:12pt;font-weight:bold;font-style:normal;} .cs37063928{text-align:left;margin:0pt 0pt 0pt 0pt;list-style-type:disc;color:#000000;background-color:transparent;font-family:Arial;font-size:12pt;font-weight:normal;font-style:normal} .cs63EB74B2{color:#000000;background-color:transparent;font-family:Times New Roman;font-size:12pt;font-weight:normal;font-style:normal;} </style> </head> <body> <p>The new pattern is constructed specifically for side by sides and UTV'S.</p><ul start=""1""> <li>A directional tread pattern with lugs excels in loose to intermediate terrains, able to shed mud also roll smoothly on hard-pack</li><li>Shoulder lugs provide extra traction while comering and protect the sidewall in rugged terrain</li></ul> </body> </html>","       The new pattern is constructed specifically for side by sides and UTV'S. A directional tread pattern with lugs excels in loose to intermediate terrains, able to shed mud also roll smoothly on hard-packShoulder lugs provide extra traction while comering and protect the sidewall in rugged terrain  ",TIRES & ACCESSORIES,ATV,ATV TIRE UTILITY,,,,,82800,11920,600,600,230,,,,,,26,,,9,,,,,ATV utilitario/Todoterreno,6PR - clasificación de 6 capas,,,,12,,,X-Ply,Neumáticos ATV/SSV/3 ruedas,Homologado,49,J < 100 km/h,,PASSKEY,,,,Delantero,TL - Tubeless,,,,,https://api.mybihr.com/medias/9004179-1-800Wx800H?context=bWFzdGVyfHJvb3R8MTAyODQ3fGltYWdlL2pwZWd8YUdSaUwyZzRPQzg0T1RrMU1UZzJPVE16Tnprd0x6a3dNRFF4TnprdE1WODRNREJYZURnd01FZ3wzYzM0YWFiZjNhZWFmYjcwMTdkMzg0MmQwODAzOThlODJkNDBkZmFlMTRiNTM3MGI4NjUzMzZlOWRhN2M1OTU2,https://api.mybihr.com/medias/9004179-2-800Wx800H?context=bWFzdGVyfHJvb3R8MjA0NjIzNHxpbWFnZS9qcGVnfGFEVTNMMmhrTnk4NE9UazFNVGczTVRNd016azRMemt3TURReE56a3RNbDg0TURCWGVEZ3dNRWd8MmNhNWQ2NzExYzFhYmZkZGU1ZDAyN2NjYjQ4NmEzMWVhNzM2M2ZkMGQ2MTNhYjNiNjBiMDNmZmI2YjQzMjUyYg,,,,,,,https://static.bihr.pro/eBihr/Pictures/ART-pictures.zip,,Spain Warehouse (Tires)
9004183,,P350 25X10-12 6PR/TL,ART,ART TIRE TOP DOG 25X10-12,Neumático ART TOP-DOG 25X10-12 50J 6PR TL,115.41,95.38,66.77,ART2201,120,4011900000,0,0,"<html xmlns=""http://www.w3.org/1999/xhtml""> <head> <meta http-equiv=""Content-Type"" content=""text/html; charset=utf-8""><title> </title> <style type=""text/css""> .csE145B7AC{text-align:left;margin:0pt 0pt 0pt 0pt;list-style-type:disc;color:#000000;background-color:transparent;font-family:Arial;font-size:12pt;font-weight:bold;font-style:normal} .csEE62F6E{color:#000000;background-color:transparent;font-family:Times New Roman;font-size:12pt;font-weight:bold;font-style:normal;} .cs37063928{text-align:left;margin:0pt 0pt 0pt 0pt;list-style-type:disc;color:#000000;background-color:transparent;font-family:Arial;font-size:12pt;font-weight:normal;font-style:normal} .cs63EB74B2{color:#000000;background-color:transparent;font-family:Times New Roman;font-size:12pt;font-weight:normal;font-style:normal;} </style> </head> <body> <ul> <li>Best-seller tire : polyvalent and resistant on on-off uses.</li><li>Advanced Radial Construction delivers the most confortable, trail-compliant ride </li><li>Additional shoulder lugs protect sidewall </li><li>6 plis tire </li><li>8 dimensions available </li></ul> </body> </html>","        Best-seller tire : polyvalent and resistant on on-off uses.Advanced Radial Construction delivers the most confortable, trail-compliant ride Additional shoulder lugs protect sidewall 6 plis tire 8 dimensions available   ",TIRES & ACCESSORIES,ATV,ATV TIRE UTILITY,,,,,90000,11700,600,600,250,,,,,,25,,,10,,,,,ATV utilitario/Todoterreno,6PR - clasificación de 6 capas,,,,12,,,X-Ply,Neumáticos ATV/SSV/3 ruedas,Homologado,50,J < 100 km/h,,TOP-DOG,,,,Trasero,TL - Tubeless,,,,,https://api.mybihr.com/medias/9004183-1-800Wx800H?context=bWFzdGVyfHJvb3R8ODM5ODV8aW1hZ2UvanBlZ3xhREV4TDJoaVppODRPVGsxTVRnNE1URXpORE00THprd01EUXhPRE10TVY4NE1EQlhlRGd3TUVnfDVjMWVhMWVkY2IwM2RmODkzZWVmN2M1NmYxNmRlMTY3Mzg5OTVkY2Q5OWFkY2U2NzdiM2NlY2UwNDk3MzEzM2Q,,,,,,,,https://static.bihr.pro/eBihr/Pictures/ART-pictures.zip,,Spain Warehouse (Tires)
9004184,,P350 25X8-12 6PR/TL,ART,ART TIRE TOP DOG 25X8-12,Neumático ART TOP-DOG 25X8-12 43J 6PR TL,102.39,84.62,59.23,ART2101,26,4011900000,0,0,"<html xmlns=""http://www.w3.org/1999/xhtml""> <head> <meta http-equiv=""Content-Type"" content=""text/html; charset=utf-8""><title> </title> <style type=""text/css""> .csE145B7AC{text-align:left;margin:0pt 0pt 0pt 0pt;list-style-type:disc;color:#000000;background-color:transparent;font-family:Arial;font-size:12pt;font-weight:bold;font-style:normal} .csEE62F6E{color:#000000;background-color:transparent;font-family:Times New Roman;font-size:12pt;font-weight:bold;font-style:normal;} .cs37063928{text-align:left;margin:0pt 0pt 0pt 0pt;list-style-type:disc;color:#000000;background-color:transparent;font-family:Arial;font-size:12pt;font-weight:normal;font-style:normal} .cs63EB74B2{color:#000000;background-color:transparent;font-family:Times New Roman;font-size:12pt;font-weight:normal;font-style:normal;} </style> </head> <body> <ul> <li>Best-seller tire : polyvalent and resistant on on-off uses.</li><li>Advanced Radial Construction delivers the most confortable, trail-compliant ride </li><li>Additional shoulder lugs protect sidewall </li><li>6 plis tire </li><li>8 dimensions available </li></ul> </body> </html>","        Best-seller tire : polyvalent and resistant on on-off uses.Advanced Radial Construction delivers the most confortable, trail-compliant ride Additional shoulder lugs protect sidewall 6 plis tire 8 dimensions available   ",TIRES & ACCESSORIES,ATV,ATV TIRE UTILITY,,,,,72000,9600,600,600,200,,,,,,25,,,8,,,,,ATV utilitario/Todoterreno,6PR - clasificación de 6 capas,,,,12,,,X-Ply,Neumáticos ATV/SSV/3 ruedas,Homologado,43,J < 100 km/h,,TOP-DOG,,,,Delantero,TL - Tubeless,,,,,https://api.mybihr.com/medias/9004184-1-800Wx800H?context=bWFzdGVyfHJvb3R8ODM5ODV8aW1hZ2UvanBlZ3xhRFF3TDJoaU9DODRPVGsxTVRnNE16RXdNRFEyTHprd01EUXhPRFF0TVY4NE1EQlhlRGd3TUVnfDk2YjIwMmUyMjgyMTI4NWM4YmQyYTFhNWRmYjE2MmNhNmI5M2JhZDE3MGE4ODlmNjYxNmM3ZDU5OTkyYmZjZjM,,,,,,,,https://static.bihr.pro/eBihr/Pictures/ART-pictures.zip,,Spain Warehouse (Tires)
9004178,,P3006 26X11-14 6PR,ART,ART TIRE PASSKEY 26X11-14,Neumático ART PASSKEY 26X11-14 56J 6PR TL,148.93,123.08,86.16,ART5106,1,4011900000,0,0,"<html xmlns=""http://www.w3.org/1999/xhtml""> <head> <meta http-equiv=""Content-Type"" content=""text/html; charset=utf-8""><title> </title> <style type=""text/css""> .cs2654AE3A{text-align:left;text-indent:0pt;margin:0pt 0pt 0pt 0pt} .csEE62F6E{color:#000000;background-color:transparent;font-family:Times New Roman;font-size:12pt;font-weight:bold;font-style:normal;} .cs37063928{text-align:left;margin:0pt 0pt 0pt 0pt;list-style-type:disc;color:#000000;background-color:transparent;font-family:Arial;font-size:12pt;font-weight:normal;font-style:normal} .cs63EB74B2{color:#000000;background-color:transparent;font-family:Times New Roman;font-size:12pt;font-weight:normal;font-style:normal;} </style> </head> <body> <p>The new pattern is constructed specifically for side by sides and UTV'S.</p><ul start=""1""> <li>A directional tread pattern with lugs excels in loose to intermediate terrains, able to shed mud also roll smoothly on hard-pack</li><li>Shoulder lugs provide extra traction while comering and protect the sidewall in rugged terrain</li></ul> </body> </html>","       The new pattern is constructed specifically for side by sides and UTV'S. A directional tread pattern with lugs excels in loose to intermediate terrains, able to shed mud also roll smoothly on hard-packShoulder lugs provide extra traction while comering and protect the sidewall in rugged terrain  ",TIRES & ACCESSORIES,ATV,ATV TIRE UTILITY,,,,,111132,5200,630,630,280,,,,,,26,,,11,,,,,ATV utilitario/Todoterreno,6PR - clasificación de 6 capas,,,,14,,,X-Ply,Neumáticos ATV/SSV/3 ruedas,Homologado,56,J < 100 km/h,,PASSKEY,,,,Trasero,TL - Tubeless,,,,,https://api.mybihr.com/medias/9004178-1-800Wx800H?context=bWFzdGVyfHJvb3R8MTAyODQ3fGltYWdlL2pwZWd8YURSbEwyZzNZaTg0T1RrMU1UZzJOVFF3TlRjMEx6a3dNRFF4TnpndE1WODRNREJYZURnd01FZ3wwNmVkZWE3NDhiMGVkNzY0Zjg3NjUwNGIyOWEwZTYxYzE4ZDNlMjgwNDJiMzllOTA5MTQ4Mzg4MmQ0YmQyMTA4,https://api.mybihr.com/medias/9004178-2-800Wx800H?context=bWFzdGVyfHJvb3R8MjA0NjIzNHxpbWFnZS9qcGVnfGFEQmlMMmc0TWk4NE9UazFNVGcyTnpNM01UZ3lMemt3TURReE56Z3RNbDg0TURCWGVEZ3dNRWd8N2NjOGFhZjc3M2U4MmU5NDFhYjIwYzc3YmUxYmMwOGVhZTAzYTY0YWYxMGVhYTYzMDdhNThhODBiNmM2MDA3Mg,,,,,,,https://static.bihr.pro/eBihr/Pictures/ART-pictures.zip,,Spain Warehouse (Tires)
9004180,,P3006 26X9-14 6PR/TL,ART,ART TIRE PASSKEY 26X9-14,Neumático ART PASSKEY 26X9-14 49J 6PR TL,126.59,104.62,73.23,ART5105,0,4011900000,0,0,"<html xmlns=""http://www.w3.org/1999/xhtml""> <head> <meta http-equiv=""Content-Type"" content=""text/html; charset=utf-8""><title> </title> <style type=""text/css""> .cs2654AE3A{text-align:left;text-indent:0pt;margin:0pt 0pt 0pt 0pt} .csEE62F6E{color:#000000;background-color:transparent;font-family:Times New Roman;font-size:12pt;font-weight:bold;font-style:normal;} .cs37063928{text-align:left;margin:0pt 0pt 0pt 0pt;list-style-type:disc;color:#000000;background-color:transparent;font-family:Arial;font-size:12pt;font-weight:normal;font-style:normal} .cs63EB74B2{color:#000000;background-color:transparent;font-family:Times New Roman;font-size:12pt;font-weight:normal;font-style:normal;} </style> </head> <body> <p>The new pattern is constructed specifically for side by sides and UTV'S.</p><ul start=""1""> <li>A directional tread pattern with lugs excels in loose to intermediate terrains, able to shed mud also roll smoothly on hard-pack</li><li>Shoulder lugs provide extra traction while comering and protect the sidewall in rugged terrain</li></ul> </body> </html>","       The new pattern is constructed specifically for side by sides and UTV'S. A directional tread pattern with lugs excels in loose to intermediate terrains, able to shed mud also roll smoothly on hard-packShoulder lugs provide extra traction while comering and protect the sidewall in rugged terrain  ",TIRES & ACCESSORIES,ATV,ATV TIRE UTILITY,,,,,88412,2680,620,620,230,,,,,,26,,,9,,,,,ATV utilitario/Todoterreno,6PR - clasificación de 6 capas,,,,14,,,X-Ply,Neumáticos ATV/SSV/3 ruedas,Homologado,49,J < 100 km/h,,PASSKEY,,,,Delantero,TL - Tubeless,,,,,https://api.mybihr.com/medias/9004180-1-800Wx800H?context=bWFzdGVyfHJvb3R8MTAyODQ3fGltYWdlL2pwZWd8YURFMUwyaGtaUzg0T1RrMU1UZzNNekkzTURBMkx6a3dNRFF4T0RBdE1WODRNREJYZURnd01FZ3wwYjQ4NzEyMThjNTQ1NGU3ODkxYjYwODJmYTRiZDNiZWQxMGZlOTJlZTI5MGZmOGE5NjY0NzY0OTBkNWQ5MTRk,https://api.mybihr.com/medias/9004180-2-800Wx800H?context=bWFzdGVyfHJvb3R8MjA0NjIzNHxpbWFnZS9qcGVnfGFHVTFMMmhsTkM4NE9UazFNVGczTlRJek5qRTBMemt3TURReE9EQXRNbDg0TURCWGVEZ3dNRWd8MTYyNTY4NmNkYmFiN2VmMjlhMTBmMTY3NzBjM2ZlYzUzYjY0ZWZhMTQ2ZGRlZDQ0NTkzZTI4OWJmYjk0OTlmNA,,,,,,,https://static.bihr.pro/eBihr/Pictures/ART-pictures.zip,,Spain Warehouse (Tires)
9004192,,P350 27X9-14 6PR/TL,ART,ART TIRE TOP DOG 27X9-14,Neumático ART TOP-DOG 27X9-14 49J 6PR TL,135.90,112.31,78.62,ART2104,1,4011900000,0,0,"<html xmlns=""http://www.w3.org/1999/xhtml""> <head> <meta http-equiv=""Content-Type"" content=""text/html; charset=utf-8""><title> </title> <style type=""text/css""> .csE145B7AC{text-align:left;margin:0pt 0pt 0pt 0pt;list-style-type:disc;color:#000000;background-color:transparent;font-family:Arial;font-size:12pt;font-weight:bold;font-style:normal} .csEE62F6E{color:#000000;background-color:transparent;font-family:Times New Roman;font-size:12pt;font-weight:bold;font-style:normal;} .cs37063928{text-align:left;margin:0pt 0pt 0pt 0pt;list-style-type:disc;color:#000000;background-color:transparent;font-family:Arial;font-size:12pt;font-weight:normal;font-style:normal} .cs63EB74B2{color:#000000;background-color:transparent;font-family:Times New Roman;font-size:12pt;font-weight:normal;font-style:normal;} </style> </head> <body> <ul> <li>Best-seller tire : polyvalent and resistant on on-off uses.</li><li>Advanced Radial Construction delivers the most confortable, trail-compliant ride </li><li>Additional shoulder lugs protect sidewall </li><li>6 plis tire </li><li>8 dimensions available </li></ul> </body> </html>","        Best-seller tire : polyvalent and resistant on on-off uses.Advanced Radial Construction delivers the most confortable, trail-compliant ride Additional shoulder lugs protect sidewall 6 plis tire 8 dimensions available   ",TIRES & ACCESSORIES,ATV,ATV TIRE UTILITY,,,,,86016,6400,640,640,210,,,,,,27,,,9,,,,,ATV utilitario/Todoterreno,6PR - clasificación de 6 capas,,,,14,,,X-Ply,Neumáticos ATV/SSV/3 ruedas,Homologado,49,J < 100 km/h,,TOP-DOG,,,,Delantero,TL - Tubeless,,,,,https://api.mybihr.com/medias/9004192-1-800Wx800H?context=bWFzdGVyfHJvb3R8ODM5ODV8aW1hZ2UvanBlZ3xhRGxqTDJnell5ODRPVGsxTVRnNU9EZ3lPVEV3THprd01EUXhPVEl0TVY4NE1EQlhlRGd3TUVnfGY5MGIxZTRhNmE2OTEzYWFhYThhZjQ5Nzg4MzY0YTgxYTEyMzQ5ZGU1Y2IzZmUyYmY0ODhhOWNiYjdmMDA3Mjk,,,,,,,,https://static.bihr.pro/eBihr/Pictures/ART-pictures.zip,,Spain Warehouse (Tires)
9004195,,P390 25X10-12 6PR/TL,ART,ART TIRE SLOGGER 25X10-12,Neumático ART SLOGGER 25X10-12 50J 6PR TL,117.27,96.92,67.84,ART4201,1,4011900000,0,0,"<html xmlns=""http://www.w3.org/1999/xhtml""> <head> <meta http-equiv=""Content-Type"" content=""text/html; charset=utf-8""><title> </title> <style type=""text/css""> .cs2654AE3A{text-align:left;text-indent:0pt;margin:0pt 0pt 0pt 0pt} .csEE62F6E{color:#000000;background-color:transparent;font-family:Times New Roman;font-size:12pt;font-weight:bold;font-style:normal;} .cs37063928{text-align:left;margin:0pt 0pt 0pt 0pt;list-style-type:disc;color:#000000;background-color:transparent;font-family:Arial;font-size:12pt;font-weight:normal;font-style:normal} .csE8AC24F0{color:#000000;background-color:transparent;font-family:Arial;font-size:12pt;font-weight:normal;font-style:normal;} .cs63EB74B2{color:#000000;background-color:transparent;font-family:Times New Roman;font-size:12pt;font-weight:normal;font-style:normal;} </style> </head> <body> <p>6 plis tire, very resistant and tacky on soft ground.</p><ul start=""1""> <li>Tread design prevents build up of mud, sand, rocks & dirt, from soft to hard pack terrain </li><li>Light weight construction for effortless and rapid acceleration </li><li>Shoulder lugs provide extra traction while cornering and protect the sidewall in rugged terrain </li><li>2 dimensions available</li></ul> </body> </html>","       6 plis tire, very resistant and tacky on soft ground. Tread design prevents build up of mud, sand, rocks & dirt, from soft to hard pack terrain Light weight construction for effortless and rapid acceleration Shoulder lugs provide extra traction while cornering and protect the sidewall in rugged terrain 2 dimensions available  ",TIRES & ACCESSORIES,ATV,ATV TIRE UTILITY,,,,,90000,10000,600,600,250,,,,,,25,,,10,,,,,ATV utilitario/Todoterreno,6PR - clasificación de 6 capas,,,,12,,,X-Ply,Neumáticos ATV/SSV/3 ruedas,Homologado,50,J < 100 km/h,,SLOGGER,,,,Trasero,TL - Tubeless,,,,,https://api.mybihr.com/medias/9004195-1-800Wx800H?context=bWFzdGVyfHJvb3R8MjE2MDYzNXxpbWFnZS9qcGVnfGFETXlMMmhqWkM4NE9UazFNVGt3TkRjeU56TTBMemt3TURReE9UVXRNVjg0TURCWGVEZ3dNRWd8YjA1YzE1Yzg2ODNmZDNkZGQ1NTlhY2U5YjEwNTY4NzdiNTQ0ZWYwNTRiYWFlNDU0MDQ5N2JhYWZlMDk0ZDYxMA,,,,,,,,https://static.bihr.pro/eBihr/Pictures/ART-pictures.zip,,Spain Warehouse (Tires)
9004194,,P362 26X9-14 4PR/TL,ART,ART TIRE CHALLENGER 26X9-14,Neumático ART CHALLENGER 26X9-14 43J 4PR TL,119.14,98.46,68.92,ART6101,2,4011900000,0,0,"<html xmlns=""http://www.w3.org/1999/xhtml""> <head> <meta http-equiv=""Content-Type"" content=""text/html; charset=utf-8""><title> </title> <style type=""text/css""> .cs37063928{text-align:left;margin:0pt 0pt 0pt 0pt;list-style-type:disc;color:#000000;background-color:transparent;font-family:Arial;font-size:12pt;font-weight:normal;font-style:normal} .cs63EB74B2{color:#000000;background-color:transparent;font-family:Times New Roman;font-size:12pt;font-weight:normal;font-style:normal;} </style> </head> <body> <ul> <li>Interlocking Tread pattern and wide footprint provide exceptional traction</li><li>Top noth handling in mud, snow and sand</li><li>The wrap-around shoulder lugs offer excellent sidewall protection</li></ul> </body> </html>","        Interlocking Tread pattern and wide footprint provide exceptional tractionTop noth handling in mud, snow and sandThe wrap-around shoulder lugs offer excellent sidewall protection  ",TIRES & ACCESSORIES,ATV,ATV TIRE UTILITY,,,,,97175,9960,650,650,230,,,,,,26,,,9,,,,,ATV utilitario/Todoterreno,4PR - clasificación de 4 capas,,,,14,,,X-Ply,Neumáticos ATV/SSV/3 ruedas,Homologado,43,J < 100 km/h,,CHALLENGER,,,,Delantero,TL - Tubeless,,,,,https://api.mybihr.com/medias/9004194-1-800Wx800H?context=bWFzdGVyfHJvb3R8NjgxODZ8aW1hZ2UvanBlZ3xhRFl5TDJoak5pODRPVGsxTVRrd01qYzJNVEkyTHprd01EUXhPVFF0TVY4NE1EQlhlRGd3TUVnfDM2NDdhYTIxYmVkNjM1NTI1YzkyZTU0NTM5OTA0ZTgxOWQyZjlhNjc1NzYwY2Q0M2ZkMjcxYzA3ZTZhNGI4MjE,,,,,,,,https://static.bihr.pro/eBihr/Pictures/ART-pictures.zip,,Spain Warehouse (Tires)
9004176,,P3006 25X8-12 6PR/TL,ART,ART TIRE PASSKEY 25X8-12,Neumático ART PASSKEY 25X8-12 43J 6PR TL,106.10,87.69,61.38,ART5101,10,4011900000,0,0,"<html xmlns=""http://www.w3.org/1999/xhtml""> <head> <meta http-equiv=""Content-Type"" content=""text/html; charset=utf-8""><title> </title> <style type=""text/css""> .cs2654AE3A{text-align:left;text-indent:0pt;margin:0pt 0pt 0pt 0pt} .csEE62F6E{color:#000000;background-color:transparent;font-family:Times New Roman;font-size:12pt;font-weight:bold;font-style:normal;} .cs37063928{text-align:left;margin:0pt 0pt 0pt 0pt;list-style-type:disc;color:#000000;background-color:transparent;font-family:Arial;font-size:12pt;font-weight:normal;font-style:normal} .cs63EB74B2{color:#000000;background-color:transparent;font-family:Times New Roman;font-size:12pt;font-weight:normal;font-style:normal;} </style> </head> <body> <p>The new pattern is constructed specifically for side by sides and UTV'S.</p><ul start=""1""> <li>A directional tread pattern with lugs excels in loose to intermediate terrains, able to shed mud also roll smoothly on hard-pack</li><li>Shoulder lugs provide extra traction while comering and protect the sidewall in rugged terrain</li></ul> </body> </html>","       The new pattern is constructed specifically for side by sides and UTV'S. A directional tread pattern with lugs excels in loose to intermediate terrains, able to shed mud also roll smoothly on hard-packShoulder lugs provide extra traction while comering and protect the sidewall in rugged terrain  ",TIRES & ACCESSORIES,ATV,ATV TIRE UTILITY,,,,,80724,7820,620,620,210,,,,,,25,,,8,,,,,ATV utilitario/Todoterreno,6PR - clasificación de 6 capas,,,,12,,,X-Ply,Neumáticos ATV/SSV/3 ruedas,Homologado,43,J < 100 km/h,,PASSKEY,,,,Delantero,TL - Tubeless,,,,,https://api.mybihr.com/medias/9004176-1-800Wx800H?context=bWFzdGVyfHJvb3R8MTAyODQ3fGltYWdlL2pwZWd8YURjMUwyZ3hPQzg0T1RrMU1UZzFOelUwTVRReUx6a3dNRFF4TnpZdE1WODRNREJYZURnd01FZ3w3NGZiOTI2ZDZlOWZkNzVjOGFhMjM0NmZhMjE4NmFkYzU1ZmQ5ZTZhYzc1MmQ0MmQ4ZGZkOGVhODcxYzYzZjU4,https://api.mybihr.com/medias/9004176-2-800Wx800H?context=bWFzdGVyfHJvb3R8MjA0NjIzNHxpbWFnZS9qcGVnfGFEUTFMMmd4Wmk4NE9UazFNVGcxT1RVd056VXdMemt3TURReE56WXRNbDg0TURCWGVEZ3dNRWd8ZTcwZTkwMzE5NWRhNjI0N2Y4NzZmZWJlMTRkOTY4YmRhMjcyNzlkODM1NDc1MDI3MGQ1YTM2NWQ5Njk1MjMwNQ,,,,,,,https://static.bihr.pro/eBihr/Pictures/ART-pictures.zip,,Spain Warehouse (Tires)
3032346,,,ART,ART KIT TOP DOG 25X10-12/25X8-12,Juego de 4 neumáticos ART TOP DOG (2 x 25x8-12 + 2 x 25x10-12),435.60,360.00,225.00,,13,4011900000,0,0,"<p>Oferta promocional hasta fin de existencias, disponible sólo para profesionales.</p>
<p>El juego incluye:</p>
<ul>
	<li>2 neumáticos delanteros 25x8-12 43J</li>
	<li>2 neumáticos traseros 25x10-12 50J</li>
</ul>

<p><strong>El superventas</strong>: polivalente y resistente. Te gustará tanto dentro como fuera de las pistas.</p>

<p>Construcción radial para una conducción más suave y un mayor confort.</p>

<p>Tacos adicionales en los bordes para proteger el flanco.</p>

<p>6 capas</p>","
Oferta promocional hasta fin de existencias, disponible sólo para profesionales.

El juego incluye:

	2 neumáticos delanteros 25x8-12 43J
	2 neumáticos traseros 25x10-12 50J



El superventas: polivalente y resistente. Te gustará tanto dentro como fuera de las pistas.


Construcción radial para una conducción más suave y un mayor confort.


Tacos adicionales en los bordes para proteger el flanco.


6 capas",TIRES & ACCESSORIES,ATV,ATV TIRE UTILITY,,,,,324000,41880,687,687,687,,,,,,25,,,10,,,,,ATV utilitario/Todoterreno,,,,,12,,,X-Ply,Neumáticos ATV/SSV/3 ruedas,E-Mark,,J < 100 km/h,,TOP-DOG,,,,Delantero/trasero,TL - Tubeless,,,,,https://api.mybihr.com/medias/3032346-1-800Wx800H?context=bWFzdGVyfHJvb3R8NjU2OTF8aW1hZ2UvanBlZ3xhR016TDJnMU15ODVNREUxTVRnNU1EYzRNRFEyTHpNd016SXpORFl0TVY4NE1EQlhlRGd3TUVnfDQyMjAyOWRkZDg4Y2Q5ZTY1N2QzZGU4ZDVhNjY3ZWI1MjcyNTU3MTcyZDE4MWFmNjA5ODQyZmZkZTFlYjc0ZWU,,,,,,,,https://static.bihr.pro/eBihr/Pictures/ART-pictures.zip,,Spain Warehouse (Tires)
3064943,,,ART,ART KIT TOP DOG 25X10-12/25X8-12 X 4,Juego de 16 neumáticos ART TOP DOG (2 x 25x8-12 + 2 x 25x10-12) x4,1742.40,1440.00,848.00,,3,,0,0,"<p>Oferta promocional hasta fin de existencias, disponible sólo para profesionales.</p>
<p><strong>El juego incluye</strong>:</p>
<ul>
	<li>8 neumáticos delanteros 25x8-12 43J</li>
	<li>8 neumáticos traseros 25x10-12 50J</li>
</ul>

<p><strong>El superventas</strong>: polivalente y resistente. Te gustará tanto dentro como fuera de las pistas.</p>

<p>Construcción radial para una conducción más suave y un mayor confort.<br>
Tacos adicionales en los bordes para proteger el flanco.<br>
6 capas</p>

<p>&nbsp;</p>","
Oferta promocional hasta fin de existencias, disponible sólo para profesionales.

El juego incluye:

	8 neumáticos delanteros 25x8-12 43J
	8 neumáticos traseros 25x10-12 50J



El superventas: polivalente y resistente. Te gustará tanto dentro como fuera de las pistas.


Construcción radial para una conducción más suave y un mayor confort.
Tacos adicionales en los bordes para proteger el flanco.
6 capas


 ",TIRES & ACCESSORIES,ATV,ATV TIRE UTILITY,,,,,1296000,167520,1090,1090,1090,,,,,,25,,,10,,,,,ATV utilitario/Todoterreno,,,,,12,,,X-Ply,Neumáticos ATV/SSV/3 ruedas,Homologado,,J < 100 km/h,,TOP-DOG,,,,Delantero/trasero,TL - Tubeless,,,,,https://api.mybihr.com/medias/800Wx800H-3064943-1.jpg?context=bWFzdGVyfHJvb3R8NTAxODd8aW1hZ2UvanBlZ3xhRFEzTDJnM05DODJORGczTVRnek5EYzBOamt4TUM4NE1EQlhlRGd3TUVoZk16QTJORGswTXkweExtcHdad3xkZGViODQ4ZDcwYmI2ZTgwNjYwNDUxZjhmOGViMzQzODAwMTllYzVmYmNkYTAxZDM5M2YzMjFkZDFjYzJiZjVm,,,,,,,,https://static.bihr.pro/eBihr/Pictures/ART-pictures.zip,,Spain Warehouse (Tires)
3067647,,,ART,ART KIT TOP DOG 27X11-14/27X9-14,Juego de 4 neumáticos ART TOP DOG (2 x 27x9-14 + 2 x 27x11-14),567.78,469.24,285.00,,0,,0,0,"<p>Oferta promocional hasta fin de existencias, disponible s&oacute;lo para profesionales.</p> <p><strong>El superventas</strong>: polivalente y resistente. Te gustar&aacute; tanto dentro como fuera de las pistas.</p> <p>Construcci&oacute;n radial para una conducci&oacute;n m&aacute;s suave y un mayor confort.<br>Tacos adicionales en los bordes para proteger el flanco.<br>6 capas</p>","
Oferta promocional hasta fin de existencias, disponible sólo para profesionales. 
El superventas: polivalente y resistente. Te gustará tanto dentro como fuera de las pistas. 
Construcción radial para una conducción más suave y un mayor confort.Tacos adicionales en los bordes para proteger el flanco.6 capas",TIRES & ACCESSORIES,ATV,ATV TIRE UTILITY,,,,,410172,37640,743,743,743,,,,,,27,,,9,,,,,,,,,,14,,,,,,,J < 100 km/h,,,,,,,,,,,,https://api.mybihr.com/medias/800Wx800H-3067647-1.jpg?context=bWFzdGVyfHJvb3R8NjU3MDR8aW1hZ2UvanBlZ3xhR05sTDJoalppODRORFkyT1RVNU5qQTNOREF4TkM4NE1EQlhlRGd3TUVoZk16QTJOelkwTnkweExtcHdad3xjNDA0NmZmMTZmNDIzMzk2MWFkZTRkMDE1Y2I4YjY0NmQ0NTA2MDU3NDYzOWM4ZDFlMDAzZDQ2YzM4MjAxMGI4,,,,,,,,https://static.bihr.pro/eBihr/Pictures/ART-pictures.zip,,Spain Warehouse (Tires)
3067646,,,ART,ART KIT TOP DOG 26X8-14/26X10-14 x 4,Juego de 16 neumáticos ART TOP DOG (2 x 26x8-14 + 2 x 26x10-14) x4,2077.62,1717.04,1049.00,,0,,0,0,"<p>Oferta promocional hasta fin de existencias, disponible s&oacute;lo para profesionales.</p> <p><strong>El superventas</strong>: polivalente y resistente. Te gustar&aacute; tanto dentro como fuera de las pistas.</p> <p>Construcci&oacute;n radial para una conducci&oacute;n m&aacute;s suave y un mayor confort.<br>Tacos adicionales en los bordes para proteger el flanco.<br>6 capas</p>","
Oferta promocional hasta fin de existencias, disponible sólo para profesionales. 
El superventas: polivalente y resistente. Te gustará tanto dentro como fuera de las pistas. 
Construcción radial para una conducción más suave y un mayor confort.Tacos adicionales en los bordes para proteger el flanco.6 capas",TIRES & ACCESSORIES,ATV,ATV TIRE UTILITY,,,,,1507328,176000,1147,1147,1147,,,,,,26,,,10,,,,,,,,,,14,,,,,,,J < 100 km/h,,,,,,Delantero/trasero,,,,,,https://api.mybihr.com/medias/800Wx800H-3067646-1.jpg?context=bWFzdGVyfHJvb3R8NTAyMzl8aW1hZ2UvanBlZ3xhRFUzTDJoalpDODRORFkyT1RVNU5USTROelU0TWk4NE1EQlhlRGd3TUVoZk16QTJOelkwTmkweExtcHdad3xhMTA5ZDQ4OTdmYmM3NDdlYzY3YzRiNGQzOTgzNjA4OTY2ODQzODk4ZmExMjRiNDAxMmMwZmU1NTIzMmI5NTUx,,,,,,,,https://static.bihr.pro/eBihr/Pictures/ART-pictures.zip,,Spain Warehouse (Tires)
9004175,,P3006 25X10-12 6PR,ART,ART TIRE PASSKEY 25X10-12,Neumático ART PASSKEY 25X10-12 50J 6PR TL,117.27,96.92,67.84,ART5102,9,4011900000,0,0,"<html xmlns=""http://www.w3.org/1999/xhtml""> <head> <meta http-equiv=""Content-Type"" content=""text/html; charset=utf-8""><title> </title> <style type=""text/css""> .cs2654AE3A{text-align:left;text-indent:0pt;margin:0pt 0pt 0pt 0pt} .csEE62F6E{color:#000000;background-color:transparent;font-family:Times New Roman;font-size:12pt;font-weight:bold;font-style:normal;} .cs37063928{text-align:left;margin:0pt 0pt 0pt 0pt;list-style-type:disc;color:#000000;background-color:transparent;font-family:Arial;font-size:12pt;font-weight:normal;font-style:normal} .cs63EB74B2{color:#000000;background-color:transparent;font-family:Times New Roman;font-size:12pt;font-weight:normal;font-style:normal;} </style> </head> <body> <p>The new pattern is constructed specifically for side by sides and UTV'S.</p><ul start=""1""> <li>A directional tread pattern with lugs excels in loose to intermediate terrains, able to shed mud also roll smoothly on hard-pack</li><li>Shoulder lugs provide extra traction while comering and protect the sidewall in rugged terrain</li></ul> </body> </html>","       The new pattern is constructed specifically for side by sides and UTV'S. A directional tread pattern with lugs excels in loose to intermediate terrains, able to shed mud also roll smoothly on hard-packShoulder lugs provide extra traction while comering and protect the sidewall in rugged terrain  ",TIRES & ACCESSORIES,ATV,ATV TIRE UTILITY,,,,,96100,10440,620,620,250,,,,,,25,,,10,,,,,ATV utilitario/Todoterreno,6PR - clasificación de 6 capas,,,,12,,,X-Ply,Neumáticos ATV/SSV/3 ruedas,Homologado,50,J < 100 km/h,,PASSKEY,,,,Trasero,TL - Tubeless,,,,,https://api.mybihr.com/medias/9004175-1-800Wx800H?context=bWFzdGVyfHJvb3R8MTAyODQ3fGltYWdlL2pwZWd8YUdVM0wyZ3dZUzg0T1RrMU1UZzFNell3T1RJMkx6a3dNRFF4TnpVdE1WODRNREJYZURnd01FZ3w2YTg4NTA5NzQxNjFiOTg1MjMxODQ4MTYyZTY4NWQ1ZTBkNDVjZWMzMTg1YjAzNDY1OTYyMDE2Y2E3YThiNDlh,https://api.mybihr.com/medias/9004175-2-800Wx800H?context=bWFzdGVyfHJvb3R8MjA0NjIzNHxpbWFnZS9qcGVnfGFHRTBMMmd4TVM4NE9UazFNVGcxTlRVM05UTTBMemt3TURReE56VXRNbDg0TURCWGVEZ3dNRWd8MTYyOTgzN2VlY2UxMTI2NWE4ZjZlNDNlOWU4MjU3Y2I2Y2E5ZTkyODJmMDVmZmM1NDc5ZWI4MGI5MDg2ZTEyMA,,,,,,,https://static.bihr.pro/eBihr/Pictures/ART-pictures.zip,,Spain Warehouse (Tires)
9004177,,P3006 26X11-12 6PR,ART,ART TIRE PASSKEY 26X11-12,Neumático ART PASSKEY 26X11-12 55J 6PR TL,141.47,116.92,81.84,ART5104,1,4011900000,0,0,"<html xmlns=""http://www.w3.org/1999/xhtml""> <head> <meta http-equiv=""Content-Type"" content=""text/html; charset=utf-8""><title> </title> <style type=""text/css""> .cs2654AE3A{text-align:left;text-indent:0pt;margin:0pt 0pt 0pt 0pt} .csEE62F6E{color:#000000;background-color:transparent;font-family:Times New Roman;font-size:12pt;font-weight:bold;font-style:normal;} .cs37063928{text-align:left;margin:0pt 0pt 0pt 0pt;list-style-type:disc;color:#000000;background-color:transparent;font-family:Arial;font-size:12pt;font-weight:normal;font-style:normal} .cs63EB74B2{color:#000000;background-color:transparent;font-family:Times New Roman;font-size:12pt;font-weight:normal;font-style:normal;} </style> </head> <body> <p>The new pattern is constructed specifically for side by sides and UTV'S.</p><ul start=""1""> <li>A directional tread pattern with lugs excels in loose to intermediate terrains, able to shed mud also roll smoothly on hard-pack</li><li>Shoulder lugs provide extra traction while comering and protect the sidewall in rugged terrain</li></ul> </body> </html>","       The new pattern is constructed specifically for side by sides and UTV'S. A directional tread pattern with lugs excels in loose to intermediate terrains, able to shed mud also roll smoothly on hard-packShoulder lugs provide extra traction while comering and protect the sidewall in rugged terrain  ",TIRES & ACCESSORIES,ATV,ATV TIRE UTILITY,,,,,100800,14600,600,600,280,,,,,,26,,,11,,,,,ATV utilitario/Todoterreno,6PR - clasificación de 6 capas,,,,12,,,X-Ply,Neumáticos ATV/SSV/3 ruedas,Homologado,55,J < 100 km/h,,PASSKEY,,,,Trasero,TL - Tubeless,,,,,https://api.mybihr.com/medias/9004177-1-800Wx800H?context=bWFzdGVyfHJvb3R8MTAyODQ3fGltYWdlL2pwZWd8YUdGbEwyZzJaQzg0T1RrMU1UZzJNVFEzTXpVNEx6a3dNRFF4TnpjdE1WODRNREJYZURnd01FZ3wyMjYyYTgzYjJiY2Y1NmYxNTlkMzkxMjVjMjY1NzFjNzhlMDhhMTEyMWQ2MmJkNGRjNWFkMmY4MDdkNmE0NmVh,https://api.mybihr.com/medias/9004177-2-800Wx800H?context=bWFzdGVyfHJvb3R8MjA0NjIzNHxpbWFnZS9qcGVnfGFEZGtMMmczTkM4NE9UazFNVGcyTXpRek9UWTJMemt3TURReE56Y3RNbDg0TURCWGVEZ3dNRWd8YTRiMzZmNTBlOGZjZjZmZWQyZDRkZTVjYzlhODMyYmRhOTZhMWM1NWIyMzQ1OGRhMmVkNjhhNjJlYWQyYWJjNQ,,,,,,,https://static.bihr.pro/eBihr/Pictures/ART-pictures.zip,,Spain Warehouse (Tires)
9004181,,P3057 28X10R14 8PR/T,ART,ART TIRE XRACER 28X10R14,Neumático ART XRACER 28X10 R 14 59M 8PR E TL,189.87,156.92,109.84,ART8001,2,4011900000,0,0,"<html> <head> <meta http-equiv=""Content-Type"" content=""text/html; charset=utf-8""><title> </title> <style type=""text/css"">.cs4FC7BF42{text-align:left;margin:0pt 0pt 0pt 0pt;list-style-type:disc;color:#000;background-color:transparent;font-weight:normal;font-style:normal;}.csA7555675{color:#000;background-color:transparent;font-weight:normal;font-style:normal;}.cs95E872D0{text-align:left;margin:0pt 0pt 0pt 0pt;}</style> </head> <body> <ul> <li>High land ratio with central thread that enhances steering performance</li><li>Bridge-like design at central thread increases block's strenght and improves driving performance on rugged terrain</li><li>Flatter profile offers wide ground contact and enhances cornering traction</li><li>Two-layer design improves ability of thrust in bad weather. </li><li>Long-wearing thread compound</li><li>8-ply rating radial construction </li><li>Offers excellent acceleration</li></ul> <p> </p></body> </html>","        High land ratio with central thread that enhances steering performanceBridge-like design at central thread increases block's strenght and improves driving performance on rugged terrainFlatter profile offers wide ground contact and enhances cornering tractionTwo-layer design improves ability of thrust in bad weather. Long-wearing thread compound8-ply rating radial construction Offers excellent acceleration   ",TIRES & ACCESSORIES,ATV,ATV TIRE UTILITY,,,,,115434,15720,660,660,265,,,,,,28,,,10,,,,,ATV utilitario/Todoterreno,8PR - clasificación de 8 capas,,,,14,,,Radial,Neumáticos ATV/SSV/3 ruedas,Homologado,59,M < 130 km/h,,XRACER,,,,Delantero/trasero,TL - Tubeless,,,,,https://api.mybihr.com/medias/9004181-1-800Wx800H?context=bWFzdGVyfHJvb3R8MTIxMzUxfGltYWdlL2pwZWd8YUdJMUwyaGxZaTg0T1RrMU1UZzNOekl3TWpJeUx6a3dNRFF4T0RFdE1WODRNREJYZURnd01FZ3wzNjM4ZWQyN2JkYmQ3YzFmMDdmNjRkZGRhNWExYjMwYWIyNGFkOWNhZTM2ZjdmZWNhMDRmYzJhNWM1YjQ3ZWE1,,,,,,,,https://static.bihr.pro/eBihr/Pictures/ART-pictures.zip,,Spain Warehouse (Tires)
9004182,,P3057 30X10R14 8PR/T,ART,ART TIRE XRACER 30X10R14,Neumático ART XRACER 30X10 R 14 63M 8PR E TL,225.24,186.15,130.31,ART8002,1,4011900000,0,0,"<html> <head> <meta http-equiv=""Content-Type"" content=""text/html; charset=utf-8""><title> </title> <style type=""text/css"">.cs4FC7BF42{text-align:left;margin:0pt 0pt 0pt 0pt;list-style-type:disc;color:#000;background-color:transparent;font-weight:normal;font-style:normal;}.csA7555675{color:#000;background-color:transparent;font-weight:normal;font-style:normal;}.cs95E872D0{text-align:left;margin:0pt 0pt 0pt 0pt;}</style> </head> <body> <ul> <li>High land ratio with central thread that enhances steering performance</li><li>Bridge-like design at central thread increases block's strenght and improves driving performance on rugged terrain</li><li>Flatter profile offers wide ground contact and enhances cornering traction</li><li>Two-layer design improves ability of thrust in bad weather. </li><li>Long-wearing thread compound</li><li>8-ply rating radial construction </li><li>Offers excellent acceleration</li></ul> <p> </p></body> </html>","        High land ratio with central thread that enhances steering performanceBridge-like design at central thread increases block's strenght and improves driving performance on rugged terrainFlatter profile offers wide ground contact and enhances cornering tractionTwo-layer design improves ability of thrust in bad weather. Long-wearing thread compound8-ply rating radial construction Offers excellent acceleration   ",TIRES & ACCESSORIES,ATV,ATV TIRE UTILITY,,,,,120984,16660,710,710,240,,,,,,30,,,10,,,,,ATV utilitario/Todoterreno,8PR - clasificación de 8 capas,,,,14,,,Radial,Neumáticos ATV/SSV/3 ruedas,Homologado,63,M < 130 km/h,,XRACER,,,,Delantero/trasero,TL - Tubeless,,,,,https://api.mybihr.com/medias/9004182-1-800Wx800H?context=bWFzdGVyfHJvb3R8MTIxMzUxfGltYWdlL2pwZWd8YURjeUwyaG1NaTg0T1RrMU1UZzNPVEUyT0RNd0x6a3dNRFF4T0RJdE1WODRNREJYZURnd01FZ3xjZmY4MDk5M2Y1NGJkZjhkNDAxZTBjZDQzMGRiYmY1YWNmNWIyZjZkMTE3MGFkNjYzNjhhOTJkZTI0NWIzZDcw,,,,,,,,https://static.bihr.pro/eBihr/Pictures/ART-pictures.zip,,Spain Warehouse (Tires)
3067645,,,ART,ART KIT TOP DOG 26X8-14/26X10-14,Juego de 4 neumáticos ART TOP DOG (2 x 26x8-14 + 2 x 26x10-14),519.40,429.26,270.00,,3,,0,0,"<p>Oferta promocional hasta fin de existencias, disponible s&oacute;lo para profesionales.</p> <p><strong>El superventas</strong>: polivalente y resistente. Te gustar&aacute; tanto dentro como fuera de las pistas.</p> <p>Construcci&oacute;n radial para una conducci&oacute;n m&aacute;s suave y un mayor confort.<br>Tacos adicionales en los bordes para proteger el flanco.<br>6 capas</p>","
Oferta promocional hasta fin de existencias, disponible sólo para profesionales. 
El superventas: polivalente y resistente. Te gustará tanto dentro como fuera de las pistas. 
Construcción radial para una conducción más suave y un mayor confort.Tacos adicionales en los bordes para proteger el flanco.6 capas",TIRES & ACCESSORIES,ATV,ATV TIRE UTILITY,,,,,376832,44000,722,722,722,,,,,,26,,,10,,,,,,,,,,14,,,,,,,J < 100 km/h,,,,,,Delantero/trasero,,,,,,https://api.mybihr.com/medias/800Wx800H-3067645-1.jpg?context=bWFzdGVyfHJvb3R8NjU3MDR8aW1hZ2UvanBlZ3xhR1kzTDJoa1lTODRORFkyT1RVNU5UWTRNRGM1T0M4NE1EQlhlRGd3TUVoZk16QTJOelkwTlMweExtcHdad3wzMjBiN2M1YTIyOWRlNDdiMDkyMDMzYzQ0OTU5NzIyNTZkZDVlZmM0ZjEwMzY5NTU2YTYyODVmMTFiZWVlYWI5,,,,,,,,https://static.bihr.pro/eBihr/Pictures/ART-pictures.zip,,Spain Warehouse (Tires)
9004042,,P348 21X7-10 6PR/TL,ART,ART TIRE SLICER 21X7-10,Neumático ART SLICER 21X7-10 30J 6PR TL,57.70,47.69,33.38,ART1201,14,4011900000,0,0,"<html xmlns=""http://www.w3.org/1999/xhtml""> <head> <meta http-equiv=""Content-Type"" content=""text/html; charset=utf-8""><title> </title> <style type=""text/css""> .cs37063928{text-align:left;margin:0pt 0pt 0pt 0pt;list-style-type:disc;color:#000000;background-color:transparent;font-family:Arial;font-size:12pt;font-weight:normal;font-style:normal} .cs63EB74B2{color:#000000;background-color:transparent;font-family:Times New Roman;font-size:12pt;font-weight:normal;font-style:normal;} </style> </head> <body> <ul> <li>Exceptional grip</li><li>Balanced cornering</li><li>Unbeatable clean-out</li></ul> </body> </html>","        Exceptional gripBalanced corneringUnbeatable clean-out  ",TIRES & ACCESSORIES,ATV,ATV TIRE RACING,,,,,44944,5620,530,530,160,,,,,,21,,,7,,,,,ATV Sports/Racing,6PR - clasificación de 6 capas,,,,10,,,X-Ply,Neumáticos ATV/SSV/3 ruedas,Homologado,30,J < 100 km/h,,SLICER,,,,Delantero,TL - Tubeless,,,,,https://api.mybihr.com/medias/9004042-1-800Wx800H?context=bWFzdGVyfHJvb3R8MjAwOTE1OXxpbWFnZS9qcGVnfGFHTTBMMmc1TXk4NE9UQTRNRFkzT1RNd01UUXlMemt3TURRd05ESXRNVjg0TURCWGVEZ3dNRWd8MzY3YWNmMTMxZjJlMWJmY2QyOTY1OGZmZjc4MTYwYWY2N2MzMzg2YzcyMzAxZDY3OTgzZTgwYjg0NTdmOTViYg,,,,,,,,https://static.bihr.pro/eBihr/Pictures/ART-pictures.zip,,Spain Warehouse (Tires)
9004041,,P336 20X11-9 6PR/TL,ART,ART TIRE SLICER 20X11-9,Neumático ART SLICER 20X11-9 43J 6PR TL,81.90,67.69,47.38,ART1101,23,4011900000,0,0,"<html xmlns=""http://www.w3.org/1999/xhtml""> <head> <meta http-equiv=""Content-Type"" content=""text/html; charset=utf-8""><title> </title> <style type=""text/css""> .cs37063928{text-align:left;margin:0pt 0pt 0pt 0pt;list-style-type:disc;color:#000000;background-color:transparent;font-family:Arial;font-size:12pt;font-weight:normal;font-style:normal} .cs63EB74B2{color:#000000;background-color:transparent;font-family:Times New Roman;font-size:12pt;font-weight:normal;font-style:normal;} </style> </head> <body> <ul> <li>Exceptional grip</li><li>Balanced cornering</li><li>Unbeatable clean-out</li></ul> </body> </html>","        Exceptional gripBalanced corneringUnbeatable clean-out  ",TIRES & ACCESSORIES,ATV,ATV TIRE RACING,,,,,75000,7690,500,500,300,,,,,,20,,,11,,,,,ATV Sports/Racing,6PR - clasificación de 6 capas,,,,9,,,X-Ply,Neumáticos ATV/SSV/3 ruedas,Homologado,43,J < 100 km/h,,SLICER,,,,Trasero,TL - Tubeless,,,,,https://api.mybihr.com/medias/9004041-1-800Wx800H?context=bWFzdGVyfHJvb3R8MjE3NDcyNHxpbWFnZS9qcGVnfGFEazBMMmc1WVM4NE9UQTRNRFkzTnpNek5UTTBMemt3TURRd05ERXRNVjg0TURCWGVEZ3dNRWd8YWEwNDYyM2IxMDllMGY0OTdmNTc1OTEzZjdiMzYwNmM5NDU3NzliZjc5MTUzN2E5NzM5MTMyYjY3MDYyOTA0Zg,,,,,,,,https://static.bihr.pro/eBihr/Pictures/ART-pictures.zip,,Spain Warehouse (Tires)
1051987,38140,ASOT-313-BK,ART,ART ADJUSTER FOR SHOCK SPRING PRELOAD,Llave ajuste amortiguadores WP negro,22.99,19.00,11.40,8430525381407,4,8714109090,0,1,,,TOOLING & WS,TOOLING,TOOLING CHASSIS,,,,,798,56,140,190,30,,,,,,,,,,,,,,,,,,,,,,,,,,,,,,,,,,,,,,https://api.mybihr.com/medias/1051987-1-800Wx800H?context=bWFzdGVyfHJvb3R8MTU3NTZ8aW1hZ2UvanBlZ3xhRGt3TDJnMlpTOHhOVFF5TmpFNU16Z3hOell6TUM4eE1EVXhPVGczTFRGZk9EQXdWM2c0TURCSXwyYzI0NmY0ZGIxZTkxMDRmMzc3NjFmNzQwMzkxNmNlMzUzN2VlNDE3MmQ2Y2U0YjE5ZDlhYWFjZTY1MzFlNDli,,,,,,,,https://static.bihr.pro/eBihr/Pictures/ART-pictures.zip,,Spain Warehouse (Parts)
1051988,94352,ASOT-375-BK,ART,ART SET TOOL FOR EXHAUST VALVE KTM/HUSQ,Herramienta para regular válvula de escape KTM Husqvarna,20.00,16.53,13.22,8430525943520,2,8205510000,0,1,"<p>Concebida para ajustar facilmente la precarga de la válvula de escape en los motores 2T de las marcas KTM y Husqvarna. </p><p>Con esta herramienta evitamos dañar el tornillo de reglaje como ocurre al utilizar destornilladores u otros utensilios.</p><p>Muy interesante para llevarla en la riñonera al salir de ruta y ""jugar"" hasta que encontramos el punto de ajuste ideal.</p>","
Concebida para ajustar facilmente la precarga de la válvula de escape en los motores 2T de las marcas KTM y Husqvarna. 
Con esta herramienta evitamos dañar el tornillo de reglaje como ocurre al utilizar destornilladores u otros utensilios.
Muy interesante para llevarla en la riñonera al salir de ruta y ""jugar"" hasta que encontramos el punto de ajuste ideal.",TOOLING & WS,TOOLING,TOOLING CHASSIS,,,,,222,26,120,88,21,,,,,,,,,,,,,,,,,,,,,,,,,,,,,,,,,,,,,,https://api.mybihr.com/medias/1051988-1-800Wx800H?context=bWFzdGVyfHJvb3R8NTM3NDl8aW1hZ2UvanBlZ3xhR1JqTDJoak15OHhOVFF5TmpFNU5ESXhNRGcwTmk4eE1EVXhPVGc0TFRGZk9EQXdWM2c0TURCSXw2M2I0NDRiMTFmYzZiYzcxZTc4NjJiYzgxMTViYmE1Njk5MWI2YTUwNGYyNmYxZjNhYzllOTM5MGE0Njc4MWFl,https://api.mybihr.com/medias/1051988-2-800Wx800H?context=bWFzdGVyfHJvb3R8NDQ1NzJ8aW1hZ2UvanBlZ3xhRFpoTDJoa01TOHhOVFF5TmpFNU5EWXdOREEyTWk4eE1EVXhPVGc0TFRKZk9EQXdWM2c0TURCSXwzMWRlNjU2MDcwZDFmYWFiYmQ2ODZhZTA2NmNkMGQwZGZiZDVkOGIyNTU4OTFhMGU1ZTM2MzA0YjVlZTY1MWU3,,,,,,,https://static.bihr.pro/eBihr/Pictures/ART-pictures.zip,,Spain Warehouse (Parts)
