PartNumber,OldPartNumber,SupplierProductCode,Brand,ProductName,Designation,RetailPriceIncludingTax,RetailPriceExcludingTax,BaseDealerPriceExcludingTax,BarCode,StockValue,CommodityCode,OnDemand,DropShipping,HtmlDescription,Description,Category1,Category2,Category3,V-Cantidad,V-Color,Volume (cm³),Weight (g),Length (mm),Width (mm),Height (mm),Color,Longitud (mm),Picture1,Picture2,Picture3,AllPicturesZIP,DeliveryPlant
1091623,,84V03,TECNOSEL,TECNO STICKERS KAWASAKI OEM 00,Kit adhesivos completo TECNOSEL Team OEM Kawasaki 2000,155.36,128.40,83.46,8057912028402,0,8714999089,0,1,"<html> <head> <meta http-equiv=""Content-Type"" content=""text/html; charset=utf-8""><title> </title> <style type=""text/css"">.cs95E872D0{text-align:left;margin:0pt 0pt 0pt 0pt;}.csA7555675{color:#000;background-color:transparent;font-weight:normal;font-style:normal;}.cs4FC7BF42{text-align:left;margin:0pt 0pt 0pt 0pt;list-style-type:disc;color:#000;background-color:transparent;font-weight:normal;font-style:normal;}</style> </head> <body> <p>The sticker kit includes: tank pair, radiator shrouds pair, airbox pair, number plates, fork protections pair, swing arm pair, front fender and rear fender. </p><p> </p><p>The different pieces of the kit cannot be sold separately. The holes on the tank stickers allow the gasoline vapors to come out. In case of worn out tanks, this is not enough to prevent some slight detachments. </p><p> </p><p>Seat cover to substitute the original one. Produced with non-slip material. Intended to renew the look of the the most popular off-road bikes.</p><p> </p><ul> <li>Quality ''''made in Italy''''</li><li>Precise finishings and shapes</li><li>Designed to ease the assembling</li><li>Captivating design</li><li>Original Replica TECNOSEL</li></ul> </body> </html>","       The sticker kit includes: tank pair, radiator shrouds pair, airbox pair, number plates, fork protections pair, swing arm pair, front fender and rear fender.  The different pieces of the kit cannot be sold separately. The holes on the tank stickers allow the gasoline vapors to come out. In case of worn out tanks, this is not enough to prevent some slight detachments.  Seat cover to substitute the original one. Produced with non-slip material. Intended to renew the look of the the most popular off-road bikes.  Quality ''''made in Italy''''Precise finishings and shapesDesigned to ease the assemblingCaptivating designOriginal Replica TECNOSEL  ",VEHICLE PARTS & ACCESSORIES,ACCESSORIES,ACC. DESIGN PARTS,,,8993,748,601,348,43,,,https://api.mybihr.com/medias/1091623-1-800Wx800H?context=bWFzdGVyfHJvb3R8MTQ5MjQyfGltYWdlL2pwZWd8YUROaUwyZzRNQzg0T1RFek56WTRORFE0TURNd0x6RXdPVEUyTWpNdE1WODRNREJYZURnd01FZ3xjODk4YzgyNWE4N2MwMjg4ZDE5MjQ1YWUxYWZiMzc3YmZkZTUwZjQyOTQzMTM3OTllMjIxOTM0ZTcyZjcwMzM3,https://api.mybihr.com/medias/1091623-2-800Wx800H?context=bWFzdGVyfHJvb3R8MzQ0ODB8aW1hZ2UvanBlZ3xhRFppTDJnM09TODRPVEV6TnpZNE5qUTBOak00THpFd09URTJNak10TWw4NE1EQlhlRGd3TUVnfDVlZGMzZWFjZTE4MmM1OTE1MDRhOGJiNjg4MzQ2MDFhNzRiZDcyYzMwNTMyZWZhMGEyZGVlMzAxZmEzMTNiMmU,https://api.mybihr.com/medias/1091623-3-800Wx800H?context=bWFzdGVyfHJvb3R8Mjc0NDY0fGltYWdlL2pwZWd8YURsaUwyZzNNaTg0T1RFek56WTRPRFF4TWpRMkx6RXdPVEUyTWpNdE0xODRNREJYZURnd01FZ3w1NDc4Y2VmYjRiMmMwODZiYWM3MWU2ZTdkYjE2OTNjNGM1YmY5NTY4YzUwMWZkNzRkNWU5MzUyMDQzNWIzY2Y5,https://static.bihr.pro/eBihr/Pictures/TECNOSEL-pictures.zip,Spain Warehouse (Parts)
1091620,,84V00,TECNOSEL,TECNO STICKERS KAWASAKI TEAM 93,Kit adhesivos completo TECNOSEL Team Kawasaki 1993,155.36,128.40,83.46,60300601,0,8714999089,0,1,"<html> <head> <meta http-equiv=""Content-Type"" content=""text/html; charset=utf-8""><title> </title> <style type=""text/css"">.cs95E872D0{text-align:left;margin:0pt 0pt 0pt 0pt;}.csA7555675{color:#000;background-color:transparent;font-weight:normal;font-style:normal;}.cs4FC7BF42{text-align:left;margin:0pt 0pt 0pt 0pt;list-style-type:disc;color:#000;background-color:transparent;font-weight:normal;font-style:normal;}</style> </head> <body> <p>The sticker kit includes: tank pair, radiator shrouds pair, airbox pair, number plates, fork protections pair, swing arm pair, front fender and rear fender. </p><p> </p><p>The different pieces of the kit cannot be sold separately. The holes on the tank stickers allow the gasoline vapors to come out. In case of worn out tanks, this is not enough to prevent some slight detachments. </p><p> </p><p>Seat cover to substitute the original one. Produced with non-slip material. Intended to renew the look of the the most popular off-road bikes.</p><p> </p><ul> <li>Quality ''''made in Italy''''</li><li>Precise finishings and shapes</li><li>Designed to ease the assembling</li><li>Captivating design</li><li>Original Replica TECNOSEL</li></ul> </body> </html>","       The sticker kit includes: tank pair, radiator shrouds pair, airbox pair, number plates, fork protections pair, swing arm pair, front fender and rear fender.  The different pieces of the kit cannot be sold separately. The holes on the tank stickers allow the gasoline vapors to come out. In case of worn out tanks, this is not enough to prevent some slight detachments.  Seat cover to substitute the original one. Produced with non-slip material. Intended to renew the look of the the most popular off-road bikes.  Quality ''''made in Italy''''Precise finishings and shapesDesigned to ease the assemblingCaptivating designOriginal Replica TECNOSEL  ",VEHICLE PARTS & ACCESSORIES,ACCESSORIES,ACC. DESIGN PARTS,,,2800,277,500,400,14,,,https://api.mybihr.com/medias/1091620-1-800Wx800H?context=bWFzdGVyfHJvb3R8MTcwMjUyfGltYWdlL2pwZWd8YURObUwyaGpaUzg0T1RVMk5EUTVORGc0T1RJMkx6RXdPVEUyTWpBdE1WODRNREJYZURnd01FZ3w4NGI3MGE3ZmUzMGFkM2MwOTFkNzlkMDI1MDAxZDhkNTEyZGRlYjVjM2M5NDA1MjhmYmViZDdjOGVjNjU5YTQy,https://api.mybihr.com/medias/1091620-2-800Wx800H?context=bWFzdGVyfHJvb3R8NDYyODR8aW1hZ2UvanBlZ3xhRFpsTDJoak55ODRPVFUyTkRRNU5qZzFOVE0wTHpFd09URTJNakF0TWw4NE1EQlhlRGd3TUVnfGVmNDBkZmY4YzRiNWExOTUwNjMwOGJhMzJjYWEzMTZjOTEyYzEzMGNjNzdhODZkY2JjODc1NGNiNjIxNmUwOWM,https://api.mybihr.com/medias/1091620-3-800Wx800H?context=bWFzdGVyfHJvb3R8MzIzOTk3fGltYWdlL2pwZWd8YURsbEwyaGpNQzg0T1RVMk5EUTVPRGd5TVRReUx6RXdPVEUyTWpBdE0xODRNREJYZURnd01FZ3xiM2Y3YjNhOTUxMTdjNDM5N2MxMmY5MzU2Y2UzZmIxMGE4MTE1MTY4NjQwMDY4NThkZGUzZjgwZmU5MDgyYmE0,https://static.bihr.pro/eBihr/Pictures/TECNOSEL-pictures.zip,Spain Warehouse (Parts)
1091621,,84V01,TECNOSEL,TECNO STICKERS KAWASAKI TEAM 96,Kit adhesivos completo TECNOSEL Team Kawasaki 1996,155.36,128.40,83.46,60300602,0,8714999089,0,1,"<html> <head> <meta http-equiv=""Content-Type"" content=""text/html; charset=utf-8""><title> </title> <style type=""text/css"">.cs95E872D0{text-align:left;margin:0pt 0pt 0pt 0pt;}.csA7555675{color:#000;background-color:transparent;font-weight:normal;font-style:normal;}.cs4FC7BF42{text-align:left;margin:0pt 0pt 0pt 0pt;list-style-type:disc;color:#000;background-color:transparent;font-weight:normal;font-style:normal;}</style> </head> <body> <p>The sticker kit includes: tank pair, radiator shrouds pair, airbox pair, number plates, fork protections pair, swing arm pair, front fender and rear fender. </p><p> </p><p>The different pieces of the kit cannot be sold separately. The holes on the tank stickers allow the gasoline vapors to come out. In case of worn out tanks, this is not enough to prevent some slight detachments. </p><p> </p><p>Seat cover to substitute the original one. Produced with non-slip material. Intended to renew the look of the the most popular off-road bikes.</p><p> </p><ul> <li>Quality ''''made in Italy''''</li><li>Precise finishings and shapes</li><li>Designed to ease the assembling</li><li>Captivating design</li><li>Original Replica TECNOSEL</li></ul> </body> </html>","       The sticker kit includes: tank pair, radiator shrouds pair, airbox pair, number plates, fork protections pair, swing arm pair, front fender and rear fender.  The different pieces of the kit cannot be sold separately. The holes on the tank stickers allow the gasoline vapors to come out. In case of worn out tanks, this is not enough to prevent some slight detachments.  Seat cover to substitute the original one. Produced with non-slip material. Intended to renew the look of the the most popular off-road bikes.  Quality ''''made in Italy''''Precise finishings and shapesDesigned to ease the assemblingCaptivating designOriginal Replica TECNOSEL  ",VEHICLE PARTS & ACCESSORIES,ACCESSORIES,ACC. DESIGN PARTS,,,1,1,10,10,10,,,https://api.mybihr.com/medias/1091621-1-800Wx800H?context=bWFzdGVyfHJvb3R8MTg5MjU5fGltYWdlL2pwZWd8YURjMEwyZ3lNQzg0T1RRM016UXlNelEwTWpJeUx6RXdPVEUyTWpFdE1WODRNREJYZURnd01FZ3wwZTA4NTE2NDFiZmE0ZjY1YTc5NmIxOTI0OGUwZjNmMDFkOTI3NTNiM2I4ZDYxZDcwN2YwNWMwOTlmOGE1ZGM4,https://api.mybihr.com/medias/1091621-2-800Wx800H?context=bWFzdGVyfHJvb3R8MzMxOTUyfGltYWdlL2pwZWd8YUdFMEwyZ3hPUzg0T1RRM016UXlOVFF3T0RNd0x6RXdPVEUyTWpFdE1sODRNREJYZURnd01FZ3xjNGY1YTVlMzlmOTk3ZDhkN2Q1MThjYzE0MmJhNTg3ZmI2NDkwYjZlYWVmZTQ4MjRkZDVhYjA2ZWIxYzE4NTM5,https://api.mybihr.com/medias/1091621-3-800Wx800H?context=bWFzdGVyfHJvb3R8Mzg2MjF8aW1hZ2UvanBlZ3xhR1UyTDJneE1pODRPVFEzTXpReU56TTNORE00THpFd09URTJNakV0TTE4NE1EQlhlRGd3TUVnfGQzYzgyYjEwZjg0NTBkNDNmNDYzNDllNzBhYWQwZjRhNGVlNDE2MWU1MzdlOThlMzA5MDA3ZTVkNDNmZDg5MjY,https://static.bihr.pro/eBihr/Pictures/TECNOSEL-pictures.zip,Spain Warehouse (Parts)
1091622,,84V02,TECNOSEL,TECNO STICKERS KAWASAKI TEAM 98,Kit adhesivos completo TECNOSEL Team Kawasaki 1998,155.36,128.40,83.46,60300603,0,8714999089,0,1,"<html> <head> <meta http-equiv=""Content-Type"" content=""text/html; charset=utf-8""><title> </title> <style type=""text/css"">.cs95E872D0{text-align:left;margin:0pt 0pt 0pt 0pt;}.csA7555675{color:#000;background-color:transparent;font-weight:normal;font-style:normal;}.cs4FC7BF42{text-align:left;margin:0pt 0pt 0pt 0pt;list-style-type:disc;color:#000;background-color:transparent;font-weight:normal;font-style:normal;}</style> </head> <body> <p>The sticker kit includes: tank pair, radiator shrouds pair, airbox pair, number plates, fork protections pair, swing arm pair, front fender and rear fender. </p><p> </p><p>The different pieces of the kit cannot be sold separately. The holes on the tank stickers allow the gasoline vapors to come out. In case of worn out tanks, this is not enough to prevent some slight detachments. </p><p> </p><p>Seat cover to substitute the original one. Produced with non-slip material. Intended to renew the look of the the most popular off-road bikes.</p><p> </p><ul> <li>Quality ''''made in Italy''''</li><li>Precise finishings and shapes</li><li>Designed to ease the assembling</li><li>Captivating design</li><li>Original Replica TECNOSEL</li></ul> </body> </html>","       The sticker kit includes: tank pair, radiator shrouds pair, airbox pair, number plates, fork protections pair, swing arm pair, front fender and rear fender.  The different pieces of the kit cannot be sold separately. The holes on the tank stickers allow the gasoline vapors to come out. In case of worn out tanks, this is not enough to prevent some slight detachments.  Seat cover to substitute the original one. Produced with non-slip material. Intended to renew the look of the the most popular off-road bikes.  Quality ''''made in Italy''''Precise finishings and shapesDesigned to ease the assemblingCaptivating designOriginal Replica TECNOSEL  ",VEHICLE PARTS & ACCESSORIES,ACCESSORIES,ACC. DESIGN PARTS,,,8835,908,352,502,50,,,https://api.mybihr.com/medias/1091622-1-800Wx800H?context=bWFzdGVyfHJvb3R8MTkxNjIyfGltYWdlL2pwZWd8YURGaUwyZ3pNaTg0T1RJNU5UYzNORFkzT1RNMEx6RXdPVEUyTWpJdE1WODRNREJYZURnd01FZ3w5OWExYzJkYTQ0ODM2YjRkZmVmYWUyYzMxNGJkOGE3OTk5YjE2MzEyMDgyNGFhYzdmYjU3ZjVkYTVjZWFmNzdi,https://api.mybihr.com/medias/1091622-2-800Wx800H?context=bWFzdGVyfHJvb3R8MzMwOTQ5fGltYWdlL2pwZWd8YUdWaUwyZ3pPQzg0T1RJNU5UYzNOalkwTlRReUx6RXdPVEUyTWpJdE1sODRNREJYZURnd01FZ3w5NjZmYTc0YzFlNjY3YmVkMDgxYTFjOTkyMjdmNzkwMTM4NDAwOGNkMGI4YzJkYjQ1YTY1ZWNlNDNjZTIyOTcz,https://api.mybihr.com/medias/1091622-3-800Wx800H?context=bWFzdGVyfHJvb3R8NTc3MzV8aW1hZ2UvanBlZ3xhR0pqTDJnelppODRPVEk1TlRjM09EWXhNVFV3THpFd09URTJNakl0TTE4NE1EQlhlRGd3TUVnfGYyN2FlMTY0MjkzMjZmMjZlYjFhMWYyNWE1NWFiNWQyMmU3OGQzMGQ3MTlkZWNhOGJiNDM2ZWY1ZTc0NDdkMGI,https://static.bihr.pro/eBihr/Pictures/TECNOSEL-pictures.zip,Spain Warehouse (Parts)
1091624,,87V00,TECNOSEL,TECNO STICKERS KIT,Kit adhesivos TECNOSEL Replica Team Husaberg 1990,132.99,109.91,71.44,60300682,1,8714109090,0,1,"<html> <head> <meta http-equiv=""Content-Type"" content=""text/html; charset=utf-8""><title> </title> <style type=""text/css"">.cs95E872D0{text-align:left;margin:0pt 0pt 0pt 0pt;}.csA7555675{color:#000;background-color:transparent;font-weight:normal;font-style:normal;}</style> </head> <body> <p>The sticker kit includes: tank pair, radiator shrouds pair, airbox pair, number plates, fork protections pair, swing arm pair, front fender and rear fender. </p><p> </p><p>The different pieces of the kit cannot be sold separately. The holes on the tank stickers allow the gasoline vapors to come out. In case of worn out tanks, this is not enough to prevent some slight detachments.</p><p> </p></body> </html>","       The sticker kit includes: tank pair, radiator shrouds pair, airbox pair, number plates, fork protections pair, swing arm pair, front fender and rear fender.  The different pieces of the kit cannot be sold separately. The holes on the tank stickers allow the gasoline vapors to come out. In case of worn out tanks, this is not enough to prevent some slight detachments.  ",VEHICLE PARTS & ACCESSORIES,ACCESSORIES,ACC. DESIGN PARTS,,,5189,787,504,355,29,,,https://api.mybihr.com/medias/800Wx800H-1091624-1.jpg?context=bWFzdGVyfHJvb3R8NjA0Mzd8aW1hZ2UvanBlZ3xhR1ppTDJoaU15ODJNVGd6TlRreU9UTTFOREkzTUM4NE1EQlhlRGd3TUVoZk1UQTVNVFl5TkMweExtcHdad3xmMWRhMTk1MjhjODQ2ODNjOWRkZTk3MWZlOTBlYjNkMjlkODc0MzAzZWQ0MTZkMWI1ZTVlNDg4MGI5M2NhOTYw,https://api.mybihr.com/medias/800Wx800H-1091624-2.jpg?context=bWFzdGVyfHJvb3R8MzI1MDV8aW1hZ2UvanBlZ3xhRFpsTDJoaE5pODJNVGd6TlRreU9UYzBOelE0Tmk4NE1EQlhlRGd3TUVoZk1UQTVNVFl5TkMweUxtcHdad3xkMWJmOTM0OWRiMjc2ZjBmNjc5NDJhYzY0MzNjNWE3OWUxNjNlOGRmZmUwODQ2MzRkMWNlZjVmZmRjNDMyNDFj,https://api.mybihr.com/medias/800Wx800H-1091624-3.jpg?context=bWFzdGVyfHJvb3R8MTE3NzZ8aW1hZ2UvanBlZ3xhRFJsTDJoaVpTODJNVGcwTXpNd01qazBNRGN3TWk4NE1EQlhlRGd3TUVoZk1UQTVNVFl5TkMwekxtcHdad3xlZDc4YjU0MjY2MmRmZDZiODI0NmM4ZmFiMmFiZTZjODc5MjhhODEzMGIwZTk5NDhkOTU0MmQ4MWExOTUxMzZk,https://static.bihr.pro/eBihr/Pictures/TECNOSEL-pictures.zip,Spain Warehouse (Parts)
1091600,,50V00/60,TECNOSEL,TECNO BAR PAD HONDA VINTAGE,Protector/Morcilla TECNOSEL para manillar Honda,12.81,10.59,6.88,8057912026972,0,8714999089,0,1,"<html> <head> <meta http-equiv=""Content-Type"" content=""text/html; charset=utf-8""><title> </title> <style type=""text/css"">.cs95E872D0{text-align:left;margin:0pt 0pt 0pt 0pt;}.csA7555675{color:#000;background-color:transparent;font-weight:normal;font-style:normal;}</style> </head> <body> <p>Traditional handlebar pad composed of a back-printed sheath made of crystall material (thickness 0,5 mm) and polyurethane inside. Size: 24,5 cm long and 1,2 cm internal diameter.</p></body> </html>","       Traditional handlebar pad composed of a back-printed sheath made of crystall material (thickness 0,5 mm) and polyurethane inside. Size: 24,5 cm long and 1,2 cm internal diameter. ",VEHICLE PARTS & ACCESSORIES,ACCESSORIES,ACC. DESIGN PARTS,,,1453,111,78,274,68,Honda & Rojo,,https://api.mybihr.com/medias/1091600-1-800Wx800H?context=bWFzdGVyfHJvb3R8NjcyNjV8aW1hZ2UvanBlZ3xhR1ZqTDJoaVl5ODRPVFUyTkRRNE1URXlOamN3THpFd09URTJNREF0TVY4NE1EQlhlRGd3TUVnfGFiMzBlNmM4OGQwNzAzODJjNTRlYjYyOWQ0ZjdiNzA1NTMzZjNkMzRjOWZlYmQyNjJmMTNmMDZkOTkzOTlhMzM,,,https://static.bihr.pro/eBihr/Pictures/TECNOSEL-pictures.zip,Spain Warehouse (Parts)
1091601,,50V00/90,TECNOSEL,TECNO BAR PAD KTM VINTAGE,Protector/Morcilla TECNOSEL para manillar KTM,12.81,10.59,6.88,4140002399,0,8714999089,0,1,"<html> <head> <meta http-equiv=""Content-Type"" content=""text/html; charset=utf-8""><title> </title> <style type=""text/css"">.cs95E872D0{text-align:left;margin:0pt 0pt 0pt 0pt;}.csA7555675{color:#000;background-color:transparent;font-weight:normal;font-style:normal;}</style> </head> <body> <p>Traditional handlebar pad composed of a back-printed sheath made of crystall material (thickness 0,5 mm) and polyurethane inside. Size: 24,5 cm long and 1,2 cm internal diameter.</p></body> </html>","       Traditional handlebar pad composed of a back-printed sheath made of crystall material (thickness 0,5 mm) and polyurethane inside. Size: 24,5 cm long and 1,2 cm internal diameter. ",VEHICLE PARTS & ACCESSORIES,ACCESSORIES,ACC. DESIGN PARTS,,,1044,100,263,63,63,Azul & Blanco & KTM,,https://api.mybihr.com/medias/1091601-1-800Wx800H?context=bWFzdGVyfHJvb3R8NTEwNDR8aW1hZ2UvanBlZ3xhRGszTDJneE5DODRPVEExTVRjek1qQTFNREl5THpFd09URTJNREV0TVY4NE1EQlhlRGd3TUVnfDdiNzFmNDQ3MGVkZDczMDhlMTlmMjEwMDdmNWFkMWM4N2E2NzY4NjA1ZjIyNmNjNGQxZjQ0YzJlMWUyMzMyNjg,,,https://static.bihr.pro/eBihr/Pictures/TECNOSEL-pictures.zip,Spain Warehouse (Parts)
1091602,,50V01,TECNOSEL,TECNO STICKERS FENDER,Ahesivos guardabarros TECNOSEL Vintage Sponsors,15.54,12.84,8.35,60600045,1,8714999089,0,1,"<html> <head> <meta http-equiv=""Content-Type"" content=""text/html; charset=utf-8""><title> </title> <style type=""text/css"">.cs95E872D0{text-align:left;margin:0pt 0pt 0pt 0pt;}.csA7555675{color:#000;background-color:transparent;font-weight:normal;font-style:normal;}</style> </head> <body> <p>The kit is composed of two fender stickers made of crystall material (thickness 0,5 mm), size around 36X15 cm, suitable to be applied on any motorbike model.</p></body> </html>","       The kit is composed of two fender stickers made of crystall material (thickness 0,5 mm), size around 36X15 cm, suitable to be applied on any motorbike model. ",VEHICLE PARTS & ACCESSORIES,ACCESSORIES,ACC. DESIGN PARTS,,,1578,207,352,498,9,,,https://api.mybihr.com/medias/1091602-1-800Wx800H?context=bWFzdGVyfHJvb3R8MTExODIyfGltYWdlL2pwZWd8YURFMkwyaGtOUzg0T1RNMk16STJNelkxTWpFMEx6RXdPVEUyTURJdE1WODRNREJYZURnd01FZ3xkYzY4NTYyYWQ3NWNkYzNlMWRjZGM4YjU2MTRhYjI4YjA0ZDdhM2UxZDI5ZTc3MjE1Y2RmNDM0ODEzMjg0MzU4,,,https://static.bihr.pro/eBihr/Pictures/TECNOSEL-pictures.zip,Spain Warehouse (Parts)
1091603,,51V00,TECNOSEL,TECNO STICKERS HONDA VINTAGE,Adhesivos TECNOSEL Vintage Honda,33.66,27.82,18.08,60600066,0,8714999089,0,1,"<html> <head> <meta http-equiv=""Content-Type"" content=""text/html; charset=utf-8""><title> </title> <style type=""text/css"">.cs95E872D0{text-align:left;margin:0pt 0pt 0pt 0pt;}.csA7555675{color:#000;background-color:transparent;font-weight:normal;font-style:normal;}</style> </head> <body> <p>The kit is composed of a sheet made of back-printed crystall material (thickness 0,5 mm) containing pre-cut stickers of different sizes. Universal application on motorbikes or various surfaces.</p></body> </html>","       The kit is composed of a sheet made of back-printed crystall material (thickness 0,5 mm) containing pre-cut stickers of different sizes. Universal application on motorbikes or various surfaces. ",VEHICLE PARTS & ACCESSORIES,ACCESSORIES,ACC. DESIGN PARTS,,,1232,263,352,500,7,,,https://api.mybihr.com/medias/1091603-1-800Wx800H?context=bWFzdGVyfHJvb3R8MjE5NTc4fGltYWdlL2pwZWd8YUdNeUwyZzVaUzg0T1RJNU5UYzFOVEF4T0RVMEx6RXdPVEUyTURNdE1WODRNREJYZURnd01FZ3xiMWU4YzYyYjc1OTU5NTVhZDQ0MzYxYzBiMWU5NWRiZWY1ZGVlZGI4ZGZlYzdiY2ZmMDg5ZTg0MmE1MWIyMWU3,,,https://static.bihr.pro/eBihr/Pictures/TECNOSEL-pictures.zip,Spain Warehouse (Parts)
1091608,,81V02,TECNOSEL,TECNO STICKERS HONDA TEAM 92,Kit adhesivos completo TECNOSEL Team Honda 1992,155.36,128.40,83.46,8057912028235,0,8714999089,0,1,"<html> <head> <meta http-equiv=""Content-Type"" content=""text/html; charset=utf-8""><title> </title> <style type=""text/css"">.cs95E872D0{text-align:left;margin:0pt 0pt 0pt 0pt;}.csA7555675{color:#000;background-color:transparent;font-weight:normal;font-style:normal;}.cs4FC7BF42{text-align:left;margin:0pt 0pt 0pt 0pt;list-style-type:disc;color:#000;background-color:transparent;font-weight:normal;font-style:normal;}</style> </head> <body> <p>The sticker kit includes: tank pair, radiator shrouds pair, airbox pair, number plates, fork protections pair, swing arm pair, front fender and rear fender. </p><p> </p><p>The different pieces of the kit cannot be sold separately. The holes on the tank stickers allow the gasoline vapors to come out. In case of worn out tanks, this is not enough to prevent some slight detachments. </p><p> </p><p>Seat cover to substitute the original one. Produced with non-slip material. Intended to renew the look of the the most popular off-road bikes.</p><p> </p><ul> <li>Quality ''''made in Italy''''</li><li>Precise finishings and shapes</li><li>Designed to ease the assembling</li><li>Captivating design</li><li>Original Replica TECNOSEL</li></ul> </body> </html>","       The sticker kit includes: tank pair, radiator shrouds pair, airbox pair, number plates, fork protections pair, swing arm pair, front fender and rear fender.  The different pieces of the kit cannot be sold separately. The holes on the tank stickers allow the gasoline vapors to come out. In case of worn out tanks, this is not enough to prevent some slight detachments.  Seat cover to substitute the original one. Produced with non-slip material. Intended to renew the look of the the most popular off-road bikes.  Quality ''''made in Italy''''Precise finishings and shapesDesigned to ease the assemblingCaptivating designOriginal Replica TECNOSEL  ",VEHICLE PARTS & ACCESSORIES,ACCESSORIES,ACC. DESIGN PARTS,,,4716,957,499,350,27,,,https://api.mybihr.com/medias/1091608-1-800Wx800H?context=bWFzdGVyfHJvb3R8MTQyNjMxfGltYWdlL2pwZWd8YUdSaUwyZzVNQzg0T1RRM016UXhNVFkwTlRjMEx6RXdPVEUyTURndE1WODRNREJYZURnd01FZ3xkZjgxNzBlYmNmYWUyYmI5MGFhOTM5MTJiYWJmMDI1OTRlMjM5NmNlMmY4Y2FkMzhiNTcyMjJiMDc0OGQ1NTk2,https://api.mybihr.com/medias/1091608-2-800Wx800H?context=bWFzdGVyfHJvb3R8MzUzMTV8aW1hZ2UvanBlZ3xhREJoTDJnNFlTODRPVFEzTXpReE16WXhNVGd5THpFd09URTJNRGd0TWw4NE1EQlhlRGd3TUVnfGFiMGExMDRjY2E4YzIzMTVlNTAyMmQwY2RhOTI3ZjU1ZjBjODUyNjU1MzYyM2VjMzAyMTA3MTJlZjk1ZGU1MDY,https://api.mybihr.com/medias/1091608-3-800Wx800H?context=bWFzdGVyfHJvb3R8Mjk0MjE0fGltYWdlL2pwZWd8YURSbEwyZzRNeTg0T1RRM016UXhOVFUzTnprd0x6RXdPVEUyTURndE0xODRNREJYZURnd01FZ3xmZTI4ZGQ4NTNkMWRlOThjNWM3OTUyYjQ3ZTI2MTZkYzE4ZjQzMzFkZWFiYzA5YTA1M2ZkYjdkNzFkODhiNjky,https://static.bihr.pro/eBihr/Pictures/TECNOSEL-pictures.zip,Spain Warehouse (Parts)
1091594,,3GV00/000006,TECNOSEL,TECNO STICKERS NUMBER PLATE,Juego adhesivos porta números oval TECNOSEL SWM TF1,30.25,25.00,16.25,8057912023971,0,8714109090,0,1,"<html> <head> <meta http-equiv=""Content-Type"" content=""text/html; charset=utf-8""><title> </title> <style type=""text/css"">.cs95E872D0{text-align:left;margin:0pt 0pt 0pt 0pt;}.csA7555675{color:#000;background-color:transparent;font-weight:normal;font-style:normal;}</style> </head> <body> <p>The sticker kit includes: front plate and side plates. </p><p>The different pieces of the kit cannot be sold separately.</p><p> </p></body> </html>","       The sticker kit includes: front plate and side plates. The different pieces of the kit cannot be sold separately.  ",VEHICLE PARTS & ACCESSORIES,ACCESSORIES,ACC. DESIGN PARTS,,,620,163,253,350,7,,,,,,https://static.bihr.pro/eBihr/Pictures/TECNOSEL-pictures.zip,Spain Warehouse (Parts)
1091599,,50V00/30,TECNOSEL,TECNO BAR PAD KAWASAKI VINTAGE,Protector/MorcillaTECNOSEL para manillar Kawasaki,12.81,10.59,6.88,8057912026965,0,8714999089,0,1,"<html> <head> <meta http-equiv=""Content-Type"" content=""text/html; charset=utf-8""><title> </title> <style type=""text/css"">.cs95E872D0{text-align:left;margin:0pt 0pt 0pt 0pt;}.csA7555675{color:#000;background-color:transparent;font-weight:normal;font-style:normal;}</style> </head> <body> <p>Traditional handlebar pad composed of a back-printed sheath made of crystall material (thickness 0,5 mm) and polyurethane inside. Size: 24,5 cm long and 1,2 cm internal diameter.</p></body> </html>","       Traditional handlebar pad composed of a back-printed sheath made of crystall material (thickness 0,5 mm) and polyurethane inside. Size: 24,5 cm long and 1,2 cm internal diameter. ",VEHICLE PARTS & ACCESSORIES,ACCESSORIES,ACC. DESIGN PARTS,,,1927,118,111,280,62,Kawasaki & Verde,,https://api.mybihr.com/medias/1091599-1-800Wx800H?context=bWFzdGVyfHJvb3R8NjgyNDF8aW1hZ2UvanBlZ3xhRFExTDJoalpTODRPVE0yTXpJMk1UWTROakEyTHpFd09URTFPVGt0TVY4NE1EQlhlRGd3TUVnfDIxMjU0MzI5NjQxNTQ0MzhlZDE2MTI2NjAzN2ViN2FiNmE3Yzg3ZDNiNGEwMTcyY2UxMGIyYTllY2JjMTljNTA,,,https://static.bihr.pro/eBihr/Pictures/TECNOSEL-pictures.zip,Spain Warehouse (Parts)
1091597,,50V00/00,TECNOSEL,TECNO BAR PAD HUSQVARNA VINTAGE,Protector/Morcilla TECNOSEL para manillar Husqvarna,12.81,10.59,6.88,4140001999,0,8714999089,0,1,"<html> <head> <meta http-equiv=""Content-Type"" content=""text/html; charset=utf-8""><title> </title> <style type=""text/css"">.cs95E872D0{text-align:left;margin:0pt 0pt 0pt 0pt;}.csA7555675{color:#000;background-color:transparent;font-weight:normal;font-style:normal;}</style> </head> <body> <p>Traditional handlebar pad composed of a back-printed sheath made of crystall material (thickness 0,5 mm) and polyurethane inside. Size: 24,5 cm long and 1,2 cm internal diameter.</p></body> </html>","       Traditional handlebar pad composed of a back-printed sheath made of crystall material (thickness 0,5 mm) and polyurethane inside. Size: 24,5 cm long and 1,2 cm internal diameter. ",VEHICLE PARTS & ACCESSORIES,ACCESSORIES,ACC. DESIGN PARTS,,,1453,111,78,274,68,Azul & Blanco & Husqvarna,,https://api.mybihr.com/medias/1091597-1-800Wx800H?context=bWFzdGVyfHJvb3R8NjY1OTN8aW1hZ2UvanBlZ3xhRGN4TDJnMlpTODRPVFUyTkRRM09URTJNRFl5THpFd09URTFPVGN0TVY4NE1EQlhlRGd3TUVnfDgwOTQ3Mzk4ZjRkZDEwNzg1NjI1YjI3OWY0YmI4NWEwYzU3MWY2NjA5NGFkNmM5YTQzYmIwOGU4ZjhjZmU4ZWM,,,https://static.bihr.pro/eBihr/Pictures/TECNOSEL-pictures.zip,Spain Warehouse (Parts)
1095883010,,50V02/20/8,TECNOSEL,"TECNO STICKERS BLACK NUMBER SHEET, 8","Número de carrera TECNOSEL ""8"" negro - Pack de 3 uds",5.18,4.28,2.78,8057912027184,0,8714999089,0,1,"<html> <head> <meta http-equiv=""Content-Type"" content=""text/html; charset=utf-8""><title> </title> <style type=""text/css"">.cs4FC7BF42{text-align:left;margin:0pt 0pt 0pt 0pt;list-style-type:disc;color:#000;background-color:transparent;font-weight:normal;font-style:normal;}.csA7555675{color:#000;background-color:transparent;font-weight:normal;font-style:normal;}</style> </head> <body> <ul> <li>Dimensions : 20x13cm</li><li>Pack of 3 pieces</li></ul> </body> </html>","        Dimensions : 20x13cmPack of 3 pieces  ",VEHICLE PARTS & ACCESSORIES,ACCESSORIES,ACC. DESIGN PARTS,Número 8,,1051,123,251,349,12,,,https://api.mybihr.com/medias/1095883010-1-800Wx800H?context=bWFzdGVyfHJvb3R8MzEyNDB8aW1hZ2UvanBlZ3xhRGRoTDJneU1DODRPVE13TkRJMU16Y3lOekF5THpFd09UVTRPRE13TVRBdE1WODRNREJYZURnd01FZ3wyNThkN2VkYzgzZDlkNzBlZDdiMmY5YThlYmFhNmVmYzU3MDQyNWMxZjgzMTNlNTRjYjI1MTc1NmQ1ZTY1MzI4,,,https://static.bihr.pro/eBihr/Pictures/TECNOSEL-pictures.zip,Spain Warehouse (Parts)
1095883004,,50V02/20/2,TECNOSEL,"TECNO STICKERS BLACK NUMBER SHEET, 2","Número de carrera TECNOSEL ""2"" negro - Pack de 3 uds",5.18,4.28,2.78,60600058,0,8714999089,0,1,"<html> <head> <meta http-equiv=""Content-Type"" content=""text/html; charset=utf-8""><title> </title> <style type=""text/css"">.cs4FC7BF42{text-align:left;margin:0pt 0pt 0pt 0pt;list-style-type:disc;color:#000;background-color:transparent;font-weight:normal;font-style:normal;}.csA7555675{color:#000;background-color:transparent;font-weight:normal;font-style:normal;}</style> </head> <body> <ul> <li>Dimensions : 20x13cm</li><li>Pack of 3 pieces</li></ul> </body> </html>","        Dimensions : 20x13cmPack of 3 pieces  ",VEHICLE PARTS & ACCESSORIES,ACCESSORIES,ACC. DESIGN PARTS,Número 2,,613,113,251,349,7,,,https://api.mybihr.com/medias/1095883004-1-800Wx800H?context=bWFzdGVyfHJvb3R8MzEyNDB8aW1hZ2UvanBlZ3xhRFE1TDJnelpTODRPVFEzTmpjeU1UVTBNVFF5THpFd09UVTRPRE13TURRdE1WODRNREJYZURnd01FZ3xjNjQyNDI1YWFiMGIzNmFjMGE0NmFmZDUxMDBlY2NhOTY2NDNkOTlhOTlmNjIxZWYwNmE5MTk5N2ZjODAyYTY1,,,https://static.bihr.pro/eBihr/Pictures/TECNOSEL-pictures.zip,Spain Warehouse (Parts)
1095883002,,50V02/20/9,TECNOSEL,"TECNO STICKERS BLACK NUMBER SHEET, 9","Número de carrera TECNOSEL ""9"" negro - Pack de 3 uds",5.18,4.28,2.78,60600065,0,8714999089,0,1,"<html> <head> <meta http-equiv=""Content-Type"" content=""text/html; charset=utf-8""><title> </title> <style type=""text/css"">.cs4FC7BF42{text-align:left;margin:0pt 0pt 0pt 0pt;list-style-type:disc;color:#000;background-color:transparent;font-weight:normal;font-style:normal;}.csA7555675{color:#000;background-color:transparent;font-weight:normal;font-style:normal;}</style> </head> <body> <ul> <li>Dimensions : 20x13cm</li><li>Pack of 3 pieces</li></ul> </body> </html>","        Dimensions : 20x13cmPack of 3 pieces  ",VEHICLE PARTS & ACCESSORIES,ACCESSORIES,ACC. DESIGN PARTS,Número 9,,613,122,251,349,7,,,https://api.mybihr.com/medias/1095883002-1-800Wx800H?context=bWFzdGVyfHJvb3R8MzEyNDB8aW1hZ2UvanBlZ3xhR1ZsTDJoak5TODRPRGMzTnpVek9ESTNNelU0THpFd09UVTRPRE13TURJdE1WODRNREJYZURnd01FZ3w1MjEzOGJiMzBmZmE3ZTE4NGMwNDYxZDg4ZTEwNjkyNmYwY2RmOTVjYTY1NjQwZDQzOTg4NzMzMjlmYmFhYWQz,,,https://static.bihr.pro/eBihr/Pictures/TECNOSEL-pictures.zip,Spain Warehouse (Parts)
1095883009,,50V02/20/7,TECNOSEL,"TECNO STICKERS BLACK NUMBER SHEET, 7","Número de carrera TECNOSEL ""7"" negro - Pack de 3 uds",5.18,4.28,2.78,8057912027177,0,8714999089,0,1,"<html> <head> <meta http-equiv=""Content-Type"" content=""text/html; charset=utf-8""><title> </title> <style type=""text/css"">.cs4FC7BF42{text-align:left;margin:0pt 0pt 0pt 0pt;list-style-type:disc;color:#000;background-color:transparent;font-weight:normal;font-style:normal;}.csA7555675{color:#000;background-color:transparent;font-weight:normal;font-style:normal;}</style> </head> <body> <ul> <li>Dimensions : 20x13cm</li><li>Pack of 3 pieces</li></ul> </body> </html>","        Dimensions : 20x13cmPack of 3 pieces  ",VEHICLE PARTS & ACCESSORIES,ACCESSORIES,ACC. DESIGN PARTS,Número 7,,613,104,251,349,7,,,https://api.mybihr.com/medias/1095883009-1-800Wx800H?context=bWFzdGVyfHJvb3R8MzEyNDB8aW1hZ2UvanBlZ3xhR0pqTDJnek1DODRPVFEzTmpjeU5UUTNNelU0THpFd09UVTRPRE13TURrdE1WODRNREJYZURnd01FZ3w0NjczMmY1YmRlMDMyZWUwYzFlZWQ0Y2I3NWFlYmZlNDg1NmFlYzc1MGIwNzU2ODBlMTAyZGY4YTU2NmZiMDkw,,,https://static.bihr.pro/eBihr/Pictures/TECNOSEL-pictures.zip,Spain Warehouse (Parts)
1095883008,,50V02/20/6,TECNOSEL,"TECNO STICKERS BLACK NUMBER SHEET, 6","Número de carrera TECNOSEL ""6"" negro - Pack de 3 uds",5.18,4.28,2.78,60600062,0,8714999089,0,1,"<html> <head> <meta http-equiv=""Content-Type"" content=""text/html; charset=utf-8""><title> </title> <style type=""text/css"">.cs4FC7BF42{text-align:left;margin:0pt 0pt 0pt 0pt;list-style-type:disc;color:#000;background-color:transparent;font-weight:normal;font-style:normal;}.csA7555675{color:#000;background-color:transparent;font-weight:normal;font-style:normal;}</style> </head> <body> <ul> <li>Dimensions : 20x13cm</li><li>Pack of 3 pieces</li></ul> </body> </html>","        Dimensions : 20x13cmPack of 3 pieces  ",VEHICLE PARTS & ACCESSORIES,ACCESSORIES,ACC. DESIGN PARTS,Número 6,,1051,121,251,349,12,,,https://api.mybihr.com/medias/1095883008-1-800Wx800H?context=bWFzdGVyfHJvb3R8MzEyNDB8aW1hZ2UvanBlZ3xhR00wTDJnMU55ODRPVEUwTkRjM05URTBOemd5THpFd09UVTRPRE13TURndE1WODRNREJYZURnd01FZ3w3MzgxYjk3NDE4NWVjN2EyZDM3ODA4N2EyNTM4NDkyN2Q2NDUzMmQ0ZmM2N2IyNTEzODQzNTlhZDg0YzRlOWYw,,,https://static.bihr.pro/eBihr/Pictures/TECNOSEL-pictures.zip,Spain Warehouse (Parts)
1095883006,,50V02/20/4,TECNOSEL,"TECNO STICKERS BLACK NUMBER SHEET, 4","Número de carrera TECNOSEL ""4"" negro - Pack de 3 uds",5.18,4.28,2.78,60600060,0,8714999089,0,1,"<html> <head> <meta http-equiv=""Content-Type"" content=""text/html; charset=utf-8""><title> </title> <style type=""text/css"">.cs4FC7BF42{text-align:left;margin:0pt 0pt 0pt 0pt;list-style-type:disc;color:#000;background-color:transparent;font-weight:normal;font-style:normal;}.csA7555675{color:#000;background-color:transparent;font-weight:normal;font-style:normal;}</style> </head> <body> <ul> <li>Dimensions : 20x13cm</li><li>Pack of 3 pieces</li></ul> </body> </html>","        Dimensions : 20x13cmPack of 3 pieces  ",VEHICLE PARTS & ACCESSORIES,ACCESSORIES,ACC. DESIGN PARTS,Número 4,,613,115,251,349,7,,,https://api.mybihr.com/medias/1095883006-1-800Wx800H?context=bWFzdGVyfHJvb3R8MzEyNDB8aW1hZ2UvanBlZ3xhR1U0TDJoaE1pODRPVEExT0RjMk9UWXpNelU0THpFd09UVTRPRE13TURZdE1WODRNREJYZURnd01FZ3w5MDEyZjE4YzZhNGViNmQwMjg1ZjllMDQzYjc0ZmYyM2RmN2EzNjVhODZmNTQxMGM3YjVlMzNjZGZmYzdiMTRk,,,https://static.bihr.pro/eBihr/Pictures/TECNOSEL-pictures.zip,Spain Warehouse (Parts)
1095883007,,50V02/20/5,TECNOSEL,"TECNO STICKERS BLACK NUMBER SHEET, 5","Número de carrera TECNOSEL ""5"" negro - Pack de 3 uds",5.18,4.28,2.78,60600061,0,8714999089,0,1,"<html> <head> <meta http-equiv=""Content-Type"" content=""text/html; charset=utf-8""><title> </title> <style type=""text/css"">.cs4FC7BF42{text-align:left;margin:0pt 0pt 0pt 0pt;list-style-type:disc;color:#000;background-color:transparent;font-weight:normal;font-style:normal;}.csA7555675{color:#000;background-color:transparent;font-weight:normal;font-style:normal;}</style> </head> <body> <ul> <li>Dimensions : 20x13cm</li><li>Pack of 3 pieces</li></ul> </body> </html>","        Dimensions : 20x13cmPack of 3 pieces  ",VEHICLE PARTS & ACCESSORIES,ACCESSORIES,ACC. DESIGN PARTS,Número 5,,618,113,253,349,7,,,https://api.mybihr.com/medias/1095883007-1-800Wx800H?context=bWFzdGVyfHJvb3R8MzEyNDB8aW1hZ2UvanBlZ3xhR0V4TDJnM01DODRPRGMzTnpVME1qSXdOVGMwTHpFd09UVTRPRE13TURjdE1WODRNREJYZURnd01FZ3wzNjQ1ZmVlNDA4NDc4OWE3MTQzZjdhNGQ0MTUzNTI2NTNkMDNjYjVjZDA1OTQxNDNkZDIzMGYxOGU3OTY2ZWIx,,,https://static.bihr.pro/eBihr/Pictures/TECNOSEL-pictures.zip,Spain Warehouse (Parts)
1095883005,,50V02/20/3,TECNOSEL,"TECNO STICKERS BLACK NUMBER SHEET, 3",TECNOSEL Race Number 3 20x13cm Black Set of 3,5.18,4.28,2.78,60600059,0,8714999089,0,1,"<html> <head> <meta http-equiv=""Content-Type"" content=""text/html; charset=utf-8""><title> </title> <style type=""text/css"">.cs4FC7BF42{text-align:left;margin:0pt 0pt 0pt 0pt;list-style-type:disc;color:#000;background-color:transparent;font-weight:normal;font-style:normal;}.csA7555675{color:#000;background-color:transparent;font-weight:normal;font-style:normal;}</style> </head> <body> <ul> <li>Dimensions : 20x13cm</li><li>Pack of 3 pieces</li></ul> </body> </html>","        Dimensions : 20x13cmPack of 3 pieces  ",VEHICLE PARTS & ACCESSORIES,ACCESSORIES,ACC. DESIGN PARTS,Número 3,,613,113,251,349,7,,,https://api.mybihr.com/medias/1095883005-1-800Wx800H?context=bWFzdGVyfHJvb3R8MzEyNDB8aW1hZ2UvanBlZ3xhRGMxTDJoaU1DODRPVEExT0RjMk5UY3dNVFF5THpFd09UVTRPRE13TURVdE1WODRNREJYZURnd01FZ3xhMjIwYzYwMWNlNmRmMzIwOGVjN2RiM2M2YjUzOTk0NjZhMzI1N2QwNDE3ODc4YWI1ODM3MTJiYTBmYmM3YTFh,,,https://static.bihr.pro/eBihr/Pictures/TECNOSEL-pictures.zip,Spain Warehouse (Parts)
1095883003,,50V02/20/1,TECNOSEL,"TECNO STICKERS BLACK NUMBER SHEET, 1",TECNOSEL Race Number 1 20x13cm Black Set of 3,5.18,4.28,2.78,60600057,0,8714999089,0,1,"<html> <head> <meta http-equiv=""Content-Type"" content=""text/html; charset=utf-8""><title> </title> <style type=""text/css"">.cs4FC7BF42{text-align:left;margin:0pt 0pt 0pt 0pt;list-style-type:disc;color:#000;background-color:transparent;font-weight:normal;font-style:normal;}.csA7555675{color:#000;background-color:transparent;font-weight:normal;font-style:normal;}</style> </head> <body> <ul> <li>Dimensions : 20x13cm</li><li>Pack of 3 pieces</li></ul> </body> </html>","        Dimensions : 20x13cmPack of 3 pieces  ",VEHICLE PARTS & ACCESSORIES,ACCESSORIES,ACC. DESIGN PARTS,Número 1,,608,104,251,346,7,,,https://api.mybihr.com/medias/1095883003-1-800Wx800H?context=bWFzdGVyfHJvb3R8MzEyNDB8aW1hZ2UvanBlZ3xhR1ZpTDJneE5TODRPVE13TkRJMU1EUTFNREl5THpFd09UVTRPRE13TURNdE1WODRNREJYZURnd01FZ3wzYjIxNTJhNmQ4YjcxMjllZjExNWUwNzEyNTg0ZDcyNmRmOThkMmE5MmMzMDI4MTNiZGNiZTNlNTdkYzg4ZDQ4,,,https://static.bihr.pro/eBihr/Pictures/TECNOSEL-pictures.zip,Spain Warehouse (Parts)
1095854001,,32V00/000004,TECNOSEL,"TECNO STICKERS NUMBER PLATE, YEL",TECNOSEL Plate Stickers Yellow Yamaha YZ125/250,22.99,19.00,12.35,8057912012159,0,8714999089,0,1,"<html> <head> <meta http-equiv=""Content-Type"" content=""text/html; charset=utf-8""><title> </title> <style type=""text/css"">.cs95E872D0{text-align:left;margin:0pt 0pt 0pt 0pt;}.csA7555675{color:#000;background-color:transparent;font-weight:normal;font-style:normal;}</style> </head> <body> <p>The sticker kit includes: front plate and side plates. </p><p> </p><p>The different pieces of the kit cannot be sold separately.</p></body> </html>","       The sticker kit includes: front plate and side plates.  The different pieces of the kit cannot be sold separately. ",VEHICLE PARTS & ACCESSORIES,ACCESSORIES,ACC. DESIGN PARTS,,Amarillo,2445,282,350,499,14,,,,,,https://static.bihr.pro/eBihr/Pictures/TECNOSEL-pictures.zip,Spain Warehouse (Parts)
1095884008,,50V02/10/6,TECNOSEL,"TECNO STICKERS WHITE NUMBER SHEET, 6","Número de carrera TECNOSEL ""6"" blanco - Pack de 3 uds",5.18,4.28,2.78,60600052,0,8714999089,0,1,"<html> <head> <meta http-equiv=""Content-Type"" content=""text/html; charset=utf-8""><title> </title> <style type=""text/css"">.cs4FC7BF42{text-align:left;margin:0pt 0pt 0pt 0pt;list-style-type:disc;color:#000;background-color:transparent;font-weight:normal;font-style:normal;}.csA7555675{color:#000;background-color:transparent;font-weight:normal;font-style:normal;}</style> </head> <body> <ul> <li>Dimensions : 20x13cm</li><li>Pack of 3 pieces</li></ul> </body> </html>","        Dimensions : 20x13cmPack of 3 pieces  ",VEHICLE PARTS & ACCESSORIES,ACCESSORIES,ACC. DESIGN PARTS,Número 6,,611,107,251,348,7,,,https://api.mybihr.com/medias/1095884008-1-800Wx800H?context=bWFzdGVyfHJvb3R8MzM1NTB8aW1hZ2UvanBlZ3xhREl5TDJnME1DODRPVEExT0RjM056UTVOemt3THpFd09UVTRPRFF3TURndE1WODRNREJYZURnd01FZ3wyNmE2MzBmMDk1MTkzMmEyM2Y2ODM0YTE3ZGVlMGMyYmY5OTg3NDFkOGU0NDZjMTM0ZDA3NzRiNjZmZDM0ODg4,,,https://static.bihr.pro/eBihr/Pictures/TECNOSEL-pictures.zip,Spain Warehouse (Parts)
1095884004,,50V02/10/2,TECNOSEL,"TECNO STICKERS WHITE NUMBER SHEET, 2","Número de carrera TECNOSEL ""2"" blanco - Pack de 3 uds",5.18,4.28,2.78,60600048,0,8714999089,0,1,"<html> <head> <meta http-equiv=""Content-Type"" content=""text/html; charset=utf-8""><title> </title> <style type=""text/css"">.cs4FC7BF42{text-align:left;margin:0pt 0pt 0pt 0pt;list-style-type:disc;color:#000;background-color:transparent;font-weight:normal;font-style:normal;}.csA7555675{color:#000;background-color:transparent;font-weight:normal;font-style:normal;}</style> </head> <body> <ul> <li>Dimensions : 20x13cm</li><li>Pack of 3 pieces</li></ul> </body> </html>","        Dimensions : 20x13cmPack of 3 pieces  ",VEHICLE PARTS & ACCESSORIES,ACCESSORIES,ACC. DESIGN PARTS,Número 2,,795,111,251,352,9,,,https://api.mybihr.com/medias/1095884004-1-800Wx800H?context=bWFzdGVyfHJvb3R8MzM1NTB8aW1hZ2UvanBlZ3xhR05qTDJoall5ODRPVFF5TlRrNE5EZzRNRGswTHpFd09UVTRPRFF3TURRdE1WODRNREJYZURnd01FZ3w5YmM2OGE3ZDVmYjAyNDhiNzBmYzRjNjJlMTQ5NGE3MWMwNDQ5M2RmZGM1MDBlMjZhNGE3MGQwZTY3Y2ZhMTgz,,,https://static.bihr.pro/eBihr/Pictures/TECNOSEL-pictures.zip,Spain Warehouse (Parts)
1095884003,,50V02/10/1,TECNOSEL,"TECNO STICKERS WHITE NUMBER SHEET, 1","Número de carrera TECNOSEL ""1"" blanco - Pack de 3 uds",5.18,4.28,2.78,60600047,0,8714999089,0,1,"<html> <head> <meta http-equiv=""Content-Type"" content=""text/html; charset=utf-8""><title> </title> <style type=""text/css"">.cs4FC7BF42{text-align:left;margin:0pt 0pt 0pt 0pt;list-style-type:disc;color:#000;background-color:transparent;font-weight:normal;font-style:normal;}.csA7555675{color:#000;background-color:transparent;font-weight:normal;font-style:normal;}</style> </head> <body> <ul> <li>Dimensions : 20x13cm</li><li>Pack of 3 pieces</li></ul> </body> </html>","        Dimensions : 20x13cmPack of 3 pieces  ",VEHICLE PARTS & ACCESSORIES,ACCESSORIES,ACC. DESIGN PARTS,Número 1,,793,113,251,351,9,,,https://api.mybihr.com/medias/1095884003-1-800Wx800H?context=bWFzdGVyfHJvb3R8MzM1NTB8aW1hZ2UvanBlZ3xhR0ZtTDJnMFpDODRPVEExT0RjM016VTJOVGMwTHpFd09UVTRPRFF3TURNdE1WODRNREJYZURnd01FZ3wzZjg5MmJjZTBkMTBlMWE4ZmU4YjFjMjVhMWUxY2ExM2MwZjE4MWRmMzVkMjJjNTI3YmUyODZkNjJhNDg4OGYx,,,https://static.bihr.pro/eBihr/Pictures/TECNOSEL-pictures.zip,Spain Warehouse (Parts)
1095884001,,50V02/10/0,TECNOSEL,"TECNO STICKERS WHITE NUMBER SHEET, 0","Número de carrera TECNOSEL ""0"" blanco - Pack de 3 uds",5.18,4.28,2.78,60600046,0,8714999089,0,1,"<html> <head> <meta http-equiv=""Content-Type"" content=""text/html; charset=utf-8""><title> </title> <style type=""text/css"">.cs4FC7BF42{text-align:left;margin:0pt 0pt 0pt 0pt;list-style-type:disc;color:#000;background-color:transparent;font-weight:normal;font-style:normal;}.csA7555675{color:#000;background-color:transparent;font-weight:normal;font-style:normal;}</style> </head> <body> <ul> <li>Dimensions : 20x13cm</li><li>Pack of 3 pieces</li></ul> </body> </html>","        Dimensions : 20x13cmPack of 3 pieces  ",VEHICLE PARTS & ACCESSORIES,ACCESSORIES,ACC. DESIGN PARTS,Número 0,,793,111,251,351,9,,,https://api.mybihr.com/medias/1095884001-1-800Wx800H?context=bWFzdGVyfHJvb3R8MzM1NTB8aW1hZ2UvanBlZ3xhRE00TDJneU55ODRPVE13TkRJMU5UWTVNekV3THpFd09UVTRPRFF3TURFdE1WODRNREJYZURnd01FZ3wxMGU3Mjk1YzQxMzU5ODYwNmRkZGVhMzE0NDg4YzBjOWY1Nzg2MGI3YWUwMWI4YzljY2MyYjk4MGJhOGE3OTVm,,,https://static.bihr.pro/eBihr/Pictures/TECNOSEL-pictures.zip,Spain Warehouse (Parts)
1095884006,,50V02/10/4,TECNOSEL,"TECNO STICKERS WHITE NUMBER SHEET, 4","Número de carrera TECNOSEL ""4"" blanco - Pack de 3 uds",5.18,4.28,2.78,60600050,0,8714999089,0,1,"<html> <head> <meta http-equiv=""Content-Type"" content=""text/html; charset=utf-8""><title> </title> <style type=""text/css"">.cs4FC7BF42{text-align:left;margin:0pt 0pt 0pt 0pt;list-style-type:disc;color:#000;background-color:transparent;font-weight:normal;font-style:normal;}.csA7555675{color:#000;background-color:transparent;font-weight:normal;font-style:normal;}</style> </head> <body> <ul> <li>Dimensions : 20x13cm</li><li>Pack of 3 pieces</li></ul> </body> </html>","        Dimensions : 20x13cmPack of 3 pieces  ",VEHICLE PARTS & ACCESSORIES,ACCESSORIES,ACC. DESIGN PARTS,Número 4,,613,105,251,349,7,,,https://api.mybihr.com/medias/1095884006-1-800Wx800H?context=bWFzdGVyfHJvb3R8MzM1NTB8aW1hZ2UvanBlZ3xhREU1TDJnek1TODRPVE13TkRJMU9ETXhORFUwTHpFd09UVTRPRFF3TURZdE1WODRNREJYZURnd01FZ3xhOTFlZTcwODEyZDc0MTc4YTc4YTFlMGZiOTc5MmY4YmI3MjU4ZjNiZDVjMjJiMTkwYTM3NDdiYTlkNmM1MmUz,,,https://static.bihr.pro/eBihr/Pictures/TECNOSEL-pictures.zip,Spain Warehouse (Parts)
1095884002,,50V02/10/9,TECNOSEL,"TECNO STICKERS WHITE NUMBER SHEET, 9","Número de carrera TECNOSEL ""9"" blanco - Pack de 3 uds",5.18,4.28,2.78,60600055,0,8714999089,0,1,"<html> <head> <meta http-equiv=""Content-Type"" content=""text/html; charset=utf-8""><title> </title> <style type=""text/css"">.cs4FC7BF42{text-align:left;margin:0pt 0pt 0pt 0pt;list-style-type:disc;color:#000;background-color:transparent;font-weight:normal;font-style:normal;}.csA7555675{color:#000;background-color:transparent;font-weight:normal;font-style:normal;}</style> </head> <body> <ul> <li>Dimensions : 20x13cm</li><li>Pack of 3 pieces</li></ul> </body> </html>","        Dimensions : 20x13cmPack of 3 pieces  ",VEHICLE PARTS & ACCESSORIES,ACCESSORIES,ACC. DESIGN PARTS,Número 9,,613,107,251,349,7,,,https://api.mybihr.com/medias/1095884002-1-800Wx800H?context=bWFzdGVyfHJvb3R8MzM1NTB8aW1hZ2UvanBlZ3xhR1JpTDJoak5TODRPVEUwTkRjNE5qazBORE13THpFd09UVTRPRFF3TURJdE1WODRNREJYZURnd01FZ3wzNDU5ZDQwNmJmODM2Y2NlODMyY2I5OThmOTI1ODg2NTU2MWY3ZGYwOGIxZDY5Nzk3YWUzZTEyODJmMmJhZmE4,,,https://static.bihr.pro/eBihr/Pictures/TECNOSEL-pictures.zip,Spain Warehouse (Parts)
1095884009,,50V02/10/7,TECNOSEL,"TECNO STICKERS WHITE NUMBER SHEET, 7",TECNOSEL Race Number 7 20x13cm White Set of 3,5.18,4.28,2.78,60600053,0,8714999089,0,1,"<html> <head> <meta http-equiv=""Content-Type"" content=""text/html; charset=utf-8""><title> </title> <style type=""text/css"">.cs4FC7BF42{text-align:left;margin:0pt 0pt 0pt 0pt;list-style-type:disc;color:#000;background-color:transparent;font-weight:normal;font-style:normal;}.csA7555675{color:#000;background-color:transparent;font-weight:normal;font-style:normal;}</style> </head> <body> <ul> <li>Dimensions : 20x13cm</li><li>Pack of 3 pieces</li></ul> </body> </html>","        Dimensions : 20x13cmPack of 3 pieces  ",VEHICLE PARTS & ACCESSORIES,ACCESSORIES,ACC. DESIGN PARTS,Número 7,,613,107,251,349,7,,,https://api.mybihr.com/medias/1095884009-1-800Wx800H?context=bWFzdGVyfHJvb3R8MzM1NTB8aW1hZ2UvanBlZ3xhREppTDJoaVppODRPVFF5TlRrNE9EZ3hNekV3THpFd09UVTRPRFF3TURrdE1WODRNREJYZURnd01FZ3w3ODg1MDFlODU3ODA0NTIxMDkzNGNjYzVmMzgwOWU0ODgzYmY2OGI5MjdiYzhmYTAzMTFkOGMwNjVmZDVhYmYx,,,https://static.bihr.pro/eBihr/Pictures/TECNOSEL-pictures.zip,Spain Warehouse (Parts)
1095884007,,50V02/10/5,TECNOSEL,"TECNO STICKERS WHITE NUMBER SHEET, 5",TECNOSEL Race Number 5 20x13cm White Set of 3,5.18,4.28,2.78,60600051,0,8714999089,0,1,"<html> <head> <meta http-equiv=""Content-Type"" content=""text/html; charset=utf-8""><title> </title> <style type=""text/css"">.cs4FC7BF42{text-align:left;margin:0pt 0pt 0pt 0pt;list-style-type:disc;color:#000;background-color:transparent;font-weight:normal;font-style:normal;}.csA7555675{color:#000;background-color:transparent;font-weight:normal;font-style:normal;}</style> </head> <body> <ul> <li>Dimensions : 20x13cm</li><li>Pack of 3 pieces</li></ul> </body> </html>","        Dimensions : 20x13cmPack of 3 pieces  ",VEHICLE PARTS & ACCESSORIES,ACCESSORIES,ACC. DESIGN PARTS,Número 5,,613,107,251,349,7,,,https://api.mybihr.com/medias/1095884007-1-800Wx800H?context=bWFzdGVyfHJvb3R8MzM1NTB8aW1hZ2UvanBlZ3xhR000TDJnM1lpODRPVFUzTVRrMk56TXdNems0THpFd09UVTRPRFF3TURjdE1WODRNREJYZURnd01FZ3xlYjFhY2MxNTBjOTNiMTBlMTYzN2M4NzJmZmY3ODQwNTMzMWE5ZjdiMjc2YTZmNzFlOTE1MmQwZjRjYWNjYzgw,,,https://static.bihr.pro/eBihr/Pictures/TECNOSEL-pictures.zip,Spain Warehouse (Parts)
1095884005,,50V02/10/3,TECNOSEL,"TECNO STICKERS WHITE NUMBER SHEET, 3",TECNOSEL Race Number 3 20x13cm White Set of 3,5.18,4.28,2.78,60600049,0,8714999089,0,1,"<html> <head> <meta http-equiv=""Content-Type"" content=""text/html; charset=utf-8""><title> </title> <style type=""text/css"">.cs4FC7BF42{text-align:left;margin:0pt 0pt 0pt 0pt;list-style-type:disc;color:#000;background-color:transparent;font-weight:normal;font-style:normal;}.csA7555675{color:#000;background-color:transparent;font-weight:normal;font-style:normal;}</style> </head> <body> <ul> <li>Dimensions : 20x13cm</li><li>Pack of 3 pieces</li></ul> </body> </html>","        Dimensions : 20x13cmPack of 3 pieces  ",VEHICLE PARTS & ACCESSORIES,ACCESSORIES,ACC. DESIGN PARTS,Número 3,,617,105,251,351,7,,,https://api.mybihr.com/medias/1095884005-1-800Wx800H?context=bWFzdGVyfHJvb3R8MzM1NTB8aW1hZ2UvanBlZ3xhR1ZpTDJobE5DODRPVEUwTkRjNU1EZzNOalEyTHpFd09UVTRPRFF3TURVdE1WODRNREJYZURnd01FZ3wyNWZkMDc0MmM4MjI0YTQ3MjIzMjU4MGFkMjJkZDgwZTM3MTY2OTZhYTg0ZjkxNmM3MWVkMWNlNzZjMmRlYmE3,,,https://static.bihr.pro/eBihr/Pictures/TECNOSEL-pictures.zip,Spain Warehouse (Parts)
1095884010,,50V02/10/8,TECNOSEL,"TECNO STICKERS WHITE NUMBER SHEET, 8",TECNOSEL Race Number 8 20x13cm White Set of 3,5.18,4.28,2.78,60600054,0,8714999089,0,1,"<html> <head> <meta http-equiv=""Content-Type"" content=""text/html; charset=utf-8""><title> </title> <style type=""text/css"">.cs4FC7BF42{text-align:left;margin:0pt 0pt 0pt 0pt;list-style-type:disc;color:#000;background-color:transparent;font-weight:normal;font-style:normal;}.csA7555675{color:#000;background-color:transparent;font-weight:normal;font-style:normal;}</style> </head> <body> <ul> <li>Dimensions : 20x13cm</li><li>Pack of 3 pieces</li></ul> </body> </html>","        Dimensions : 20x13cmPack of 3 pieces  ",VEHICLE PARTS & ACCESSORIES,ACCESSORIES,ACC. DESIGN PARTS,Número 8,,613,105,251,349,7,,,https://api.mybihr.com/medias/1095884010-1-800Wx800H?context=bWFzdGVyfHJvb3R8MzM1NTB8aW1hZ2UvanBlZ3xhRFF4TDJnNE15ODRPVE13TkRJMk1UVTVNVE0wTHpFd09UVTRPRFF3TVRBdE1WODRNREJYZURnd01FZ3xkOGI2OTM3ZGZkZTM1NWIzNjE3Y2JmNmQ2MzA5NzA3Yzg1NWZhYWI0NjU1MDg0YzJlYWMyMDYxMzE3MDg0MDZm,,,https://static.bihr.pro/eBihr/Pictures/TECNOSEL-pictures.zip,Spain Warehouse (Parts)
1091612,,82V00,TECNOSEL,TECNO STICKERS YAMAHA OEM 92,Kit adhesivos completo TECNOSEL OEM Yamaha 1992,155.36,128.40,83.46,60300594,1,8714999089,0,1,"<html> <head> <meta http-equiv=""Content-Type"" content=""text/html; charset=utf-8""><title> </title> <style type=""text/css"">.cs95E872D0{text-align:left;margin:0pt 0pt 0pt 0pt;}.csA7555675{color:#000;background-color:transparent;font-weight:normal;font-style:normal;}.cs4FC7BF42{text-align:left;margin:0pt 0pt 0pt 0pt;list-style-type:disc;color:#000;background-color:transparent;font-weight:normal;font-style:normal;}</style> </head> <body> <p>The sticker kit includes: tank pair, radiator shrouds pair, airbox pair, number plates, fork protections pair, swing arm pair, front fender and rear fender. </p><p> </p><p>The different pieces of the kit cannot be sold separately. The holes on the tank stickers allow the gasoline vapors to come out. In case of worn out tanks, this is not enough to prevent some slight detachments. </p><p> </p><p>Seat cover to substitute the original one. Produced with non-slip material. Intended to renew the look of the the most popular off-road bikes.</p><p> </p><ul> <li>Quality ''''made in Italy''''</li><li>Precise finishings and shapes</li><li>Designed to ease the assembling</li><li>Captivating design</li><li>Original Replica TECNOSEL</li></ul> </body> </html>","       The sticker kit includes: tank pair, radiator shrouds pair, airbox pair, number plates, fork protections pair, swing arm pair, front fender and rear fender.  The different pieces of the kit cannot be sold separately. The holes on the tank stickers allow the gasoline vapors to come out. In case of worn out tanks, this is not enough to prevent some slight detachments.  Seat cover to substitute the original one. Produced with non-slip material. Intended to renew the look of the the most popular off-road bikes.  Quality ''''made in Italy''''Precise finishings and shapesDesigned to ease the assemblingCaptivating designOriginal Replica TECNOSEL  ",VEHICLE PARTS & ACCESSORIES,ACCESSORIES,ACC. DESIGN PARTS,,,7983,976,352,504,45,,,https://api.mybihr.com/medias/1091612-1-800Wx800H?context=bWFzdGVyfHJvb3R8MTE4MDAxfGltYWdlL2pwZWd8YURka0wyZzNZeTg0T1RRM016UXhOelUwTXprNEx6RXdPVEUyTVRJdE1WODRNREJYZURnd01FZ3w3OWI4MzE1YWQ0MTdhODZkZmU4NTJjOWRiYTk0NDJhMmUyZGY4ODczYzE2MzFmYzI1YTliMTk4MmJmNjcwMjcx,https://api.mybihr.com/medias/1091612-2-800Wx800H?context=bWFzdGVyfHJvb3R8MzEwNTM2fGltYWdlL2pwZWd8YUdGakwyZzNOUzg0T1RRM016UXhPVFV4TURBMkx6RXdPVEUyTVRJdE1sODRNREJYZURnd01FZ3xiODYyZWFhMmZmMmU1NmFiNzhiNDBiODIwZGE3MmJhZTkxMjA0ZDdhZTFhZjA5NDY2OTk4ZDk5YmVjNTgxY2Ux,https://api.mybihr.com/medias/1091612-3-800Wx800H?context=bWFzdGVyfHJvb3R8MzMxODR8aW1hZ2UvanBlZ3xhRFEwTDJneU55ODRPVFEzTXpReU1UUTNOakUwTHpFd09URTJNVEl0TTE4NE1EQlhlRGd3TUVnfDIwMWY2YmQ2OWUwNWJkMWU1NDJmNmI3MzlhNjk0YmY1YWNiNWEwYzcwNzQ5NGNmMmEwMDgzNWNlYTZhOThjNTA,https://static.bihr.pro/eBihr/Pictures/TECNOSEL-pictures.zip,Spain Warehouse (Parts)
1091613,,82V01,TECNOSEL,TECNO STICKERS YAMAHA TEAM 93,Kit adhesivos completo TECNOSEL Team Yamaha 1993,155.36,128.40,83.46,60300595,0,8714999089,0,1,"<html> <head> <meta http-equiv=""Content-Type"" content=""text/html; charset=utf-8""><title> </title> <style type=""text/css"">.cs95E872D0{text-align:left;margin:0pt 0pt 0pt 0pt;}.csA7555675{color:#000;background-color:transparent;font-weight:normal;font-style:normal;}.cs4FC7BF42{text-align:left;margin:0pt 0pt 0pt 0pt;list-style-type:disc;color:#000;background-color:transparent;font-weight:normal;font-style:normal;}</style> </head> <body> <p>The sticker kit includes: tank pair, radiator shrouds pair, airbox pair, number plates, fork protections pair, swing arm pair, front fender and rear fender. </p><p> </p><p>The different pieces of the kit cannot be sold separately. The holes on the tank stickers allow the gasoline vapors to come out. In case of worn out tanks, this is not enough to prevent some slight detachments. </p><p> </p><p>Seat cover to substitute the original one. Produced with non-slip material. Intended to renew the look of the the most popular off-road bikes.</p><p> </p><ul> <li>Quality ''''made in Italy''''</li><li>Precise finishings and shapes</li><li>Designed to ease the assembling</li><li>Captivating design</li><li>Original Replica TECNOSEL</li></ul> </body> </html>","       The sticker kit includes: tank pair, radiator shrouds pair, airbox pair, number plates, fork protections pair, swing arm pair, front fender and rear fender.  The different pieces of the kit cannot be sold separately. The holes on the tank stickers allow the gasoline vapors to come out. In case of worn out tanks, this is not enough to prevent some slight detachments.  Seat cover to substitute the original one. Produced with non-slip material. Intended to renew the look of the the most popular off-road bikes.  Quality ''''made in Italy''''Precise finishings and shapesDesigned to ease the assemblingCaptivating designOriginal Replica TECNOSEL  ",VEHICLE PARTS & ACCESSORIES,ACCESSORIES,ACC. DESIGN PARTS,,,7904,871,352,499,45,,,https://api.mybihr.com/medias/1091613-1-800Wx800H?context=bWFzdGVyfHJvb3R8MTQ0OTMxfGltYWdlL2pwZWd8YURRMEwyaGtZeTg0T1RFek56WTNPRFU0TWpBMkx6RXdPVEUyTVRNdE1WODRNREJYZURnd01FZ3wzMzdiNWI3YTQwNjY5M2U0MWM3ZTcxN2UyYjE3ODUwODZkYjEyNTY1ODkyZmIzZjhkNTVlMDNhNzYxMmE4NTA1,https://api.mybihr.com/medias/1091613-2-800Wx800H?context=bWFzdGVyfHJvb3R8Mjg5NTI2fGltYWdlL2pwZWd8YUdNNUwyZzRaQzg0T1RFek56WTRNRFUwT0RFMEx6RXdPVEUyTVRNdE1sODRNREJYZURnd01FZ3wxYmYxZWUyMDJkZTkzN2I3NDc1NmI1MDY5MTVkODkyMTAyYjY5ZTY2ZjZmOGU4NTZiOGMzMjg2ZjhhMjQ4MmFh,https://api.mybihr.com/medias/1091613-3-800Wx800H?context=bWFzdGVyfHJvb3R8MzMxODR8aW1hZ2UvanBlZ3xhR1k0TDJnNE5pODRPVEV6TnpZNE1qVXhOREl5THpFd09URTJNVE10TTE4NE1EQlhlRGd3TUVnfDM1MGM3MmMzYmZiZWZhNDI4YTUwODlhMTA1ODdiYmNjZGExZGM0ZGMxMTcwMmY2ZjdiMjBhYzI2ZWJjNWRmYjc,https://static.bihr.pro/eBihr/Pictures/TECNOSEL-pictures.zip,Spain Warehouse (Parts)
1091558,,14V00,TECNOSEL,TECNO SEAT COVER TEAM KAWASAKI 1993,Funda de asiento TECNOSEL Team Kawasaki 1993,59.56,49.22,31.99,60000189,0,8714999089,0,1,"<html> <head> <meta http-equiv=""Content-Type"" content=""text/html; charset=utf-8""><title> </title> <style type=""text/css"">.cs95E872D0{text-align:left;margin:0pt 0pt 0pt 0pt;}.csA7555675{color:#000;background-color:transparent;font-weight:normal;font-style:normal;}.cs4FC7BF42{text-align:left;margin:0pt 0pt 0pt 0pt;list-style-type:disc;color:#000;background-color:transparent;font-weight:normal;font-style:normal;}</style> </head> <body> <p>Seat cover to substitute the original one. Produced with non-slip material. Intended to renew the look of the the most popular off-road bikes.</p><p> </p><ul> <li>Quality ''''made in Italy''''</li><li>Precise finishings and shapes</li><li>Designed to ease the assembling</li><li>Captivating design</li><li>Original Replica TECNOSEL</li></ul> </body> </html>","       Seat cover to substitute the original one. Produced with non-slip material. Intended to renew the look of the the most popular off-road bikes.  Quality ''''made in Italy''''Precise finishings and shapesDesigned to ease the assemblingCaptivating designOriginal Replica TECNOSEL  ",VEHICLE PARTS & ACCESSORIES,ACCESSORIES,ACC. DESIGN PARTS,,,7014,425,350,501,40,,,https://api.mybihr.com/medias/1091558-1-800Wx800H?context=bWFzdGVyfHJvb3R8NDYyODR8aW1hZ2UvanBlZ3xhREF5TDJoaE1DODRPVFV3TkRrNE16azBNVFF5THpFd09URTFOVGd0TVY4NE1EQlhlRGd3TUVnfDBhMDU1YjgwMTIzYmZlOTEwZTY4MDRkOTVmYzRkM2JmZDVlNzg3MWRiZDViYzM2ZjA2MGUwZDVkZjFkYTBiN2U,https://api.mybihr.com/medias/1091558-2-800Wx800H?context=bWFzdGVyfHJvb3R8MzIzOTk3fGltYWdlL2pwZWd8YURNeUwyZzVPUzg0T1RVd05EazROVGt3TnpVd0x6RXdPVEUxTlRndE1sODRNREJYZURnd01FZ3xjMjNhMGIzMjlmMGY0NzRmNGRkMjYwZmJjNDMwYzIzZTI4NDg4YjE1ZDc5NGYyNGFjMDEwZGEwMzkxNDVmMGU2,,https://static.bihr.pro/eBihr/Pictures/TECNOSEL-pictures.zip,Spain Warehouse (Parts)
1091561,,14V03,TECNOSEL,TECNO SEAT COVER OEM KAWASAKI 2000,Funda de asiento TECNOSEL OEM Kawasaki 2000,59.56,49.22,31.99,8057912002266,0,8714999089,0,1,"<html> <head> <meta http-equiv=""Content-Type"" content=""text/html; charset=utf-8""><title> </title> <style type=""text/css"">.cs95E872D0{text-align:left;margin:0pt 0pt 0pt 0pt;}.csA7555675{color:#000;background-color:transparent;font-weight:normal;font-style:normal;}.cs4FC7BF42{text-align:left;margin:0pt 0pt 0pt 0pt;list-style-type:disc;color:#000;background-color:transparent;font-weight:normal;font-style:normal;}</style> </head> <body> <p>Seat cover to substitute the original one. Produced with non-slip material. Intended to renew the look of the the most popular off-road bikes.</p><p> </p><ul> <li>Quality ''''made in Italy''''</li><li>Precise finishings and shapes</li><li>Designed to ease the assembling</li><li>Captivating design</li><li>Original Replica TECNOSEL</li></ul> </body> </html>","       Seat cover to substitute the original one. Produced with non-slip material. Intended to renew the look of the the most popular off-road bikes.  Quality ''''made in Italy''''Precise finishings and shapesDesigned to ease the assemblingCaptivating designOriginal Replica TECNOSEL  ",VEHICLE PARTS & ACCESSORIES,ACCESSORIES,ACC. DESIGN PARTS,,,7335,342,350,499,42,,,https://api.mybihr.com/medias/1091561-1-800Wx800H?context=bWFzdGVyfHJvb3R8MzQ0ODB8aW1hZ2UvanBlZ3xhR1ZqTDJnME1pODRPVEV6TnpZMU5EazRPVEV3THpFd09URTFOakV0TVY4NE1EQlhlRGd3TUVnfGFlYjA4YmQ3NzcxNzlkMDBkMDdhMTFiNjNiZjI0NzUwODYzOTc1NGE2NjExNjQ0NDkxMzU2NjNhNDFkODFiNGQ,https://api.mybihr.com/medias/1091561-2-800Wx800H?context=bWFzdGVyfHJvb3R8Mjc0NDY0fGltYWdlL2pwZWd8YUdKakwyZzBPUzg0T1RFek56WTFOamsxTlRFNEx6RXdPVEUxTmpFdE1sODRNREJYZURnd01FZ3xlMDUyMDE3N2E3MmU5NzgyZGZkMWE5YTUyYzc3ZmUyOTg4OGYzNjUyMDQxYzVkZjBiOWU4MWRiMTc2MWIzYzUz,,https://static.bihr.pro/eBihr/Pictures/TECNOSEL-pictures.zip,Spain Warehouse (Parts)
1091568,,21V05,TECNOSEL,TECNO STICKERS KIT,Kit adhesivos TECNOSEL Team Honda Enduro 1995,116.52,96.30,62.60,8057912004215,0,8714109090,0,1,"<html> <head> <meta http-equiv=""Content-Type"" content=""text/html; charset=utf-8""><title> </title> <style type=""text/css"">.cs95E872D0{text-align:left;margin:0pt 0pt 0pt 0pt;}.csA7555675{color:#000;background-color:transparent;font-weight:normal;font-style:normal;}</style> </head> <body> <p>The sticker kit includes: tank pair, radiator shrouds pair, airbox pair, number plates, fork protections pair, swing arm pair, front fender and rear fender. </p><p> </p><p>The different pieces of the kit cannot be sold separately. The holes on the tank stickers allow the gasoline vapors to come out. In case of worn out tanks, this is not enough to prevent some slight detachments.</p><p> </p></body> </html>","       The sticker kit includes: tank pair, radiator shrouds pair, airbox pair, number plates, fork protections pair, swing arm pair, front fender and rear fender.  The different pieces of the kit cannot be sold separately. The holes on the tank stickers allow the gasoline vapors to come out. In case of worn out tanks, this is not enough to prevent some slight detachments.  ",VEHICLE PARTS & ACCESSORIES,ACCESSORIES,ACC. DESIGN PARTS,,,2092,464,498,350,12,,,https://api.mybihr.com/medias/800Wx800H-1091568-1.jpg?context=bWFzdGVyfHJvb3R8NTA2NzR8aW1hZ2UvanBlZ3xhRFpsTDJnelpDODBPVEkyTURFMk9UTXpNRGN4T0M4NE1EQlhlRGd3TUVoZk1UQTVNVFUyT0MweExtcHdad3wzYzRmZjk1Zjc1OGI2YzA3M2FiOGNhZjJkOWU1NGFlYmNkZWFjMDcxMmYwZDk3NDdlMzdlNzBjODU2ODczNDY3,https://api.mybihr.com/medias/800Wx800H-1091568-2.jpg?context=bWFzdGVyfHJvb3R8ODgzMjV8aW1hZ2UvanBlZ3xhR1ppTDJnMFlTODBPVEkyTURFMk9UY3lNemt6TkM4NE1EQlhlRGd3TUVoZk1UQTVNVFUyT0MweUxtcHdad3wzNzU1OThiMWExY2U0YjA1NmU3Y2JkMGZhMWY4NThmMDEwNGU4ZTg4MjUzOGU2YjhlMjFhODQ1OTIzODBjNjU3,,https://static.bihr.pro/eBihr/Pictures/TECNOSEL-pictures.zip,Spain Warehouse (Parts)
1091556,,13V03,TECNOSEL,TECNO SEAT COVER TEAM SUZUKI 1999,Funda de asiento TECNOSEL Team Suzuki 1999,59.56,49.22,31.99,60000188,0,8714999089,0,1,"<html> <head> <meta http-equiv=""Content-Type"" content=""text/html; charset=utf-8""><title> </title> <style type=""text/css"">.cs95E872D0{text-align:left;margin:0pt 0pt 0pt 0pt;}.csA7555675{color:#000;background-color:transparent;font-weight:normal;font-style:normal;}.cs4FC7BF42{text-align:left;margin:0pt 0pt 0pt 0pt;list-style-type:disc;color:#000;background-color:transparent;font-weight:normal;font-style:normal;}</style> </head> <body> <p>Seat cover to substitute the original one. Produced with non-slip material. Intended to renew the look of the the most popular off-road bikes.</p><p> </p><ul> <li>Quality ''''made in Italy''''</li><li>Precise finishings and shapes</li><li>Designed to ease the assembling</li><li>Captivating design</li><li>Original Replica TECNOSEL</li></ul> </body> </html>","       Seat cover to substitute the original one. Produced with non-slip material. Intended to renew the look of the the most popular off-road bikes.  Quality ''''made in Italy''''Precise finishings and shapesDesigned to ease the assemblingCaptivating designOriginal Replica TECNOSEL  ",VEHICLE PARTS & ACCESSORIES,ACCESSORIES,ACC. DESIGN PARTS,,,8192,381,350,498,47,,,https://api.mybihr.com/medias/1091556-1-800Wx800H?context=bWFzdGVyfHJvb3R8NDM0MTZ8aW1hZ2UvanBlZ3xhREpsTDJnM1pTODRPVEExTVRjeU1qSXhPVGd5THpFd09URTFOVFl0TVY4NE1EQlhlRGd3TUVnfDNkZWM5ZDJlNTk0MzdjZWQyMGM0NzA4NjdhZDkwNmQ5M2YzOTc2Zjc3ODg0ZGQwZWJjMzQ3ZmM4MGFlZWNhNmI,https://api.mybihr.com/medias/1091556-2-800Wx800H?context=bWFzdGVyfHJvb3R8Mjk2NjAyfGltYWdlL2pwZWd8YURjeEwyZzNOeTg0T1RBMU1UY3lOREU0TlRrd0x6RXdPVEUxTlRZdE1sODRNREJYZURnd01FZ3w3YjNlZGVlZTk5YWE4ZTZjZWE2ZWNmZjAwMGJlMDFmZWIzYzIxYzk2MTc1ZmE4N2JkNTM3ZDQ4NmQ3MzFhZWFi,,https://static.bihr.pro/eBihr/Pictures/TECNOSEL-pictures.zip,Spain Warehouse (Parts)
1091557,,13V04,TECNOSEL,TECNO SEAT COVER,Funda de asiento TECNOSEL Replica Team Suzuki 2001,59.56,49.22,31.99,60000218,0,8714109090,0,1,"<html> <head> <meta http-equiv=""Content-Type"" content=""text/html; charset=utf-8""><title> </title> <style type=""text/css"">.cs95E872D0{text-align:left;margin:0pt 0pt 0pt 0pt;}.csA7555675{color:#000;background-color:transparent;font-weight:normal;font-style:normal;}.cs4FC7BF42{text-align:left;margin:0pt 0pt 0pt 0pt;list-style-type:disc;color:#000;background-color:transparent;font-weight:normal;font-style:normal;}</style> </head> <body> <p>Seat cover to substitute the original one. Produced with non-slip material. Intended to renew the look of the the most popular off-road bikes.</p><p> </p><ul> <li>Made in Italy</li><li>Precise finishings and shapes</li><li>Designed to ease the assembling</li><li>Captivating design</li><li>Original Replica TECNOSEL</li></ul> </body> </html>","       Seat cover to substitute the original one. Produced with non-slip material. Intended to renew the look of the the most popular off-road bikes.  Made in ItalyPrecise finishings and shapesDesigned to ease the assemblingCaptivating designOriginal Replica TECNOSEL  ",VEHICLE PARTS & ACCESSORIES,ACCESSORIES,ACC. DESIGN PARTS,,,8274,391,350,503,47,,,https://api.mybihr.com/medias/800Wx800H-1091557-1.jpg?context=bWFzdGVyfHJvb3R8Njc5MjB8aW1hZ2UvanBlZ3xhR0V3TDJnMll5ODJNVGd6TlRreU1ETXhNRE13TWk4NE1EQlhlRGd3TUVoZk1UQTVNVFUxTnkweExtcHdad3xlNDE3MDRlNzA0YjA2N2ExMGVjNDYyNDczZjRiYzQyY2I0ODY5MjQ0NGNjNDJjYmYyMDc0ZGU2MGRjMDJhNjNj,https://api.mybihr.com/medias/800Wx800H-1091557-2.jpg?context=bWFzdGVyfHJvb3R8MTIzNDZ8aW1hZ2UvanBlZ3xhREV5TDJnMVppODJNVGd6TlRreU1EY3dNelV4T0M4NE1EQlhlRGd3TUVoZk1UQTVNVFUxTnkweUxtcHdad3w0Y2RlNzg1ZWZjNmNlMjRmYWQ3ZDcwZjIwYzI2ZjU4ZDMzZjA2MGU1MzZmZTNlYTBjOTQ0Njc4YTA4ZjRjYjhh,,https://static.bihr.pro/eBihr/Pictures/TECNOSEL-pictures.zip,Spain Warehouse (Parts)
1091559,,14V01,TECNOSEL,TECNO SEAT COVER TEAM KAWASAKI 1996,Funda de asiento TECNOSEL Team Kawasaki 1996,59.56,49.22,31.99,60000190,0,8714999089,0,1,"<html> <head> <meta http-equiv=""Content-Type"" content=""text/html; charset=utf-8""><title> </title> <style type=""text/css"">.cs95E872D0{text-align:left;margin:0pt 0pt 0pt 0pt;}.csA7555675{color:#000;background-color:transparent;font-weight:normal;font-style:normal;}.cs4FC7BF42{text-align:left;margin:0pt 0pt 0pt 0pt;list-style-type:disc;color:#000;background-color:transparent;font-weight:normal;font-style:normal;}</style> </head> <body> <p>Seat cover to substitute the original one. Produced with non-slip material. Intended to renew the look of the the most popular off-road bikes.</p><p> </p><ul> <li>Quality ''''made in Italy''''</li><li>Precise finishings and shapes</li><li>Designed to ease the assembling</li><li>Captivating design</li><li>Original Replica TECNOSEL</li></ul> </body> </html>","       Seat cover to substitute the original one. Produced with non-slip material. Intended to renew the look of the the most popular off-road bikes.  Quality ''''made in Italy''''Precise finishings and shapesDesigned to ease the assemblingCaptivating designOriginal Replica TECNOSEL  ",VEHICLE PARTS & ACCESSORIES,ACCESSORIES,ACC. DESIGN PARTS,,,3344,349,352,500,19,,,https://api.mybihr.com/medias/1091559-1-800Wx800H?context=bWFzdGVyfHJvb3R8Mzg2MjF8aW1hZ2UvanBlZ3xhR0ZsTDJnek55ODRPVEV6TnpZMU1UQTFOamswTHpFd09URTFOVGt0TVY4NE1EQlhlRGd3TUVnfDhhNjQwOTZlMThmMjNjNmIwZjMyM2JmYmMzNWQ5Y2VhOTc3MTRkZjllNWQ0MGZjMjA2ZTg0ZWVlZjVhMjAxN2Y,https://api.mybihr.com/medias/1091559-2-800Wx800H?context=bWFzdGVyfHJvb3R8MzMxOTUyfGltYWdlL2pwZWd8YURkbUwyZ3paUzg0T1RFek56WTFNekF5TXpBeUx6RXdPVEUxTlRrdE1sODRNREJYZURnd01FZ3w3ZTA4ZTMxZTY1OWI4MTFlMjk0ZjY5ZDlmNWM1YzIwMjhiOGMzMjgyMmUyNWUwMTZmZGQ3OWQzODQwZmFjODdh,,https://static.bihr.pro/eBihr/Pictures/TECNOSEL-pictures.zip,Spain Warehouse (Parts)
1091619,,83V03,TECNOSEL,TECNO STICKERS SUZUKI TEAM 99,Kit adhesivos completo TECNOSEL Team Suzuki 1999,155.36,128.40,83.46,60300600,0,8714999089,0,1,"<html> <head> <meta http-equiv=""Content-Type"" content=""text/html; charset=utf-8""><title> </title> <style type=""text/css"">.cs95E872D0{text-align:left;margin:0pt 0pt 0pt 0pt;}.csA7555675{color:#000;background-color:transparent;font-weight:normal;font-style:normal;}.cs4FC7BF42{text-align:left;margin:0pt 0pt 0pt 0pt;list-style-type:disc;color:#000;background-color:transparent;font-weight:normal;font-style:normal;}</style> </head> <body> <p>The sticker kit includes: tank pair, radiator shrouds pair, airbox pair, number plates, fork protections pair, swing arm pair, front fender and rear fender. </p><p> </p><p>The different pieces of the kit cannot be sold separately. The holes on the tank stickers allow the gasoline vapors to come out. In case of worn out tanks, this is not enough to prevent some slight detachments. </p><p> </p><p>Seat cover to substitute the original one. Produced with non-slip material. Intended to renew the look of the the most popular off-road bikes.</p><p> </p><ul> <li>Quality ''''made in Italy''''</li><li>Precise finishings and shapes</li><li>Designed to ease the assembling</li><li>Captivating design</li><li>Original Replica TECNOSEL</li></ul> </body> </html>","       The sticker kit includes: tank pair, radiator shrouds pair, airbox pair, number plates, fork protections pair, swing arm pair, front fender and rear fender.  The different pieces of the kit cannot be sold separately. The holes on the tank stickers allow the gasoline vapors to come out. In case of worn out tanks, this is not enough to prevent some slight detachments.  Seat cover to substitute the original one. Produced with non-slip material. Intended to renew the look of the the most popular off-road bikes.  Quality ''''made in Italy''''Precise finishings and shapesDesigned to ease the assemblingCaptivating designOriginal Replica TECNOSEL  ",VEHICLE PARTS & ACCESSORIES,ACCESSORIES,ACC. DESIGN PARTS,,,8700,1132,500,348,50,,,https://api.mybihr.com/medias/1091619-1-800Wx800H?context=bWFzdGVyfHJvb3R8MjIwNTcwfGltYWdlL2pwZWd8YURFM0wyZ3hZaTg0T1RReE9UUTROams0TmpVMEx6RXdPVEUyTVRrdE1WODRNREJYZURnd01FZ3xhODBhZGY3ZTdlYWYyNTEyOTExY2I4MWZmMTdiYThkODFkNWMxMDRhZmFkOTU5MmVkMmM4NjUxOWRiZmJhMWUy,https://api.mybihr.com/medias/1091619-2-800Wx800H?context=bWFzdGVyfHJvb3R8NDM0MTZ8aW1hZ2UvanBlZ3xhRFEzTDJneE5DODRPVFF4T1RRNE9EazFNall5THpFd09URTJNVGt0TWw4NE1EQlhlRGd3TUVnfDA5NGRlZDZlM2UzY2VkOGYzNDE4MzdiN2ViZDZlZDBiZjNkY2M3MDI3MDc0ZTVkZTdiNzQxMGU5NTljNjZkMDY,https://api.mybihr.com/medias/1091619-3-800Wx800H?context=bWFzdGVyfHJvb3R8Mjk2NjAyfGltYWdlL2pwZWd8YURNMEwyZ3pZUzg0T1RReE9UUTVNRGt4T0Rjd0x6RXdPVEUyTVRrdE0xODRNREJYZURnd01FZ3w1YzYxM2EyYzAyZDI0ZDVjMmI3NWNlN2UyZDIxZTJiNTllYjA2OWRmN2ZlZGU3MjAwMzE2NjE3MDlmOGVjZGI5,https://static.bihr.pro/eBihr/Pictures/TECNOSEL-pictures.zip,Spain Warehouse (Parts)
1091609,,81V03,TECNOSEL,TECNO STICKERS KIT,Kit adhesivos completo TECNOSEL Replica Team Honda 1995 USA,155.36,128.40,83.46,8057912028242,0,8714109090,0,1,"<html> <head> <meta http-equiv=""Content-Type"" content=""text/html; charset=utf-8""><title> </title> <style type=""text/css"">.cs95E872D0{text-align:left;margin:0pt 0pt 0pt 0pt;}.csA7555675{color:#000;background-color:transparent;font-weight:normal;font-style:normal;}.cs4FC7BF42{text-align:left;margin:0pt 0pt 0pt 0pt;list-style-type:disc;color:#000;background-color:transparent;font-weight:normal;font-style:normal;}</style> </head> <body> <p>The sticker kit includes: tank pair, radiator shrouds pair, airbox pair, number plates, fork protections pair, swing arm pair, front fender and rear fender. </p><p> </p><p>The different pieces of the kit cannot be sold separately. The holes on the tank stickers allow the gasoline vapors to come out. In case of worn out tanks, this is not enough to prevent some slight detachments. </p><p> </p><p>Seat cover to substitute the original one. Produced with non-slip material. Intended to renew the look of the the most popular off-road bikes.</p><p> </p><ul> <li>Quality ""made in Italy""</li><li>Precise finishings and shapes</li><li>Designed to ease the assembling</li><li>Captivating design</li><li>Original Replica TECNOSEL</li></ul> <p> </p></body> </html>","       The sticker kit includes: tank pair, radiator shrouds pair, airbox pair, number plates, fork protections pair, swing arm pair, front fender and rear fender.  The different pieces of the kit cannot be sold separately. The holes on the tank stickers allow the gasoline vapors to come out. In case of worn out tanks, this is not enough to prevent some slight detachments.  Seat cover to substitute the original one. Produced with non-slip material. Intended to renew the look of the the most popular off-road bikes.  Quality ""made in Italy""Precise finishings and shapesDesigned to ease the assemblingCaptivating designOriginal Replica TECNOSEL   ",VEHICLE PARTS & ACCESSORIES,ACCESSORIES,ACC. DESIGN PARTS,,,5598,926,497,352,32,,,https://api.mybihr.com/medias/800Wx800H-1091609-1.jpg?context=bWFzdGVyfHJvb3R8NTM4MjZ8aW1hZ2UvanBlZ3xhR1ZsTDJnME15ODBPVEkyTURFM01USTVOamM1T0M4NE1EQlhlRGd3TUVoZk1UQTVNVFl3T1MweExtcHdad3wxZDYwMGU0ZjIwMzBiZjQ2MzAxZjhkNTU5Nzc2ZDZlMmI1NGQwMjYzZTU3MmE5YjgzMWY5ZDExY2M3M2NlNDhh,https://api.mybihr.com/medias/800Wx800H-1091609-2.jpg?context=bWFzdGVyfHJvb3R8MTU5Mjh8aW1hZ2UvanBlZ3xhRFJrTDJnek5pODBPVEkyTURFM01UWTVNREF4TkM4NE1EQlhlRGd3TUVoZk1UQTVNVFl3T1MweUxtcHdad3w1MDg5NTIxNWVlMzgwMWYzNjlkM2YyYTFjYzE4M2UzMDFkZjdiMThiMGEwZGJlOTU2OTYwNDMzMTUyMThiMWMz,https://api.mybihr.com/medias/800Wx800H-1091609-3.jpg?context=bWFzdGVyfHJvb3R8NzI5OTN8aW1hZ2UvanBlZ3xhR1ZpTDJneFpTODBPVEkyTURFM01qQTRNekl6TUM4NE1EQlhlRGd3TUVoZk1UQTVNVFl3T1MwekxtcHdad3xhMTY1ZDk4MGMzZWRlODExYTM1NDUyM2NmMTI1MWI2MmRiMDQyOTExZDdlODEwMTk3MmFhMDc1Y2Q5MWMwNGM5,https://static.bihr.pro/eBihr/Pictures/TECNOSEL-pictures.zip,Spain Warehouse (Parts)
1091614,,82V02,TECNOSEL,TECNO STICKERS YAMAHA TEAM 98,Kit adhesivos completo TECNOSEL Team Yamaha 1998,155.36,128.40,83.46,8057912028303,0,8714999089,0,1,"<html> <head> <meta http-equiv=""Content-Type"" content=""text/html; charset=utf-8""><title> </title> <style type=""text/css"">.cs95E872D0{text-align:left;margin:0pt 0pt 0pt 0pt;}.csA7555675{color:#000;background-color:transparent;font-weight:normal;font-style:normal;}.cs4FC7BF42{text-align:left;margin:0pt 0pt 0pt 0pt;list-style-type:disc;color:#000;background-color:transparent;font-weight:normal;font-style:normal;}</style> </head> <body> <p>The sticker kit includes: tank pair, radiator shrouds pair, airbox pair, number plates, fork protections pair, swing arm pair, front fender and rear fender. </p><p> </p><p>The different pieces of the kit cannot be sold separately. The holes on the tank stickers allow the gasoline vapors to come out. In case of worn out tanks, this is not enough to prevent some slight detachments. </p><p> </p><p>Seat cover to substitute the original one. Produced with non-slip material. Intended to renew the look of the the most popular off-road bikes.</p><p> </p><ul> <li>Quality ''''made in Italy''''</li><li>Precise finishings and shapes</li><li>Designed to ease the assembling</li><li>Captivating design</li><li>Original Replica TECNOSEL</li></ul> </body> </html>","       The sticker kit includes: tank pair, radiator shrouds pair, airbox pair, number plates, fork protections pair, swing arm pair, front fender and rear fender.  The different pieces of the kit cannot be sold separately. The holes on the tank stickers allow the gasoline vapors to come out. In case of worn out tanks, this is not enough to prevent some slight detachments.  Seat cover to substitute the original one. Produced with non-slip material. Intended to renew the look of the the most popular off-road bikes.  Quality ''''made in Italy''''Precise finishings and shapesDesigned to ease the assemblingCaptivating designOriginal Replica TECNOSEL  ",VEHICLE PARTS & ACCESSORIES,ACCESSORIES,ACC. DESIGN PARTS,,,7026,1098,352,499,40,,,https://api.mybihr.com/medias/1091614-1-800Wx800H?context=bWFzdGVyfHJvb3R8MjAxMjEzfGltYWdlL2pwZWd8YUdWa0wyZ3lPUzg0T1RJNU5UYzJPRGM0TVRFd0x6RXdPVEUyTVRRdE1WODRNREJYZURnd01FZ3xkOWMwZmRmZTdhNGMwMzE1NzRhNjNjY2ViNWRhY2U0NjE2MTA0ODAxNGJiZGIyZTk3ZmUxMDVmYjA2MjE3ZTNl,https://api.mybihr.com/medias/1091614-2-800Wx800H?context=bWFzdGVyfHJvb3R8MzU4Nzh8aW1hZ2UvanBlZ3xhRGhrTDJneU5DODRPVEk1TlRjM01EYzBOekU0THpFd09URTJNVFF0TWw4NE1EQlhlRGd3TUVnfDRkZDRlMjMyZGY1MzU0ZDQyOWE0YmI2ZWM2ZjJmZmY3ZjgxYzBiNmE2NzZkNTQyNzJiYjEwZDgwNmE2YTU5NGY,https://api.mybihr.com/medias/1091614-3-800Wx800H?context=bWFzdGVyfHJvb3R8MzMwNDgzfGltYWdlL2pwZWd8YURWbEwyZ3lZaTg0T1RJNU5UYzNNamN4TXpJMkx6RXdPVEUyTVRRdE0xODRNREJYZURnd01FZ3w1NmJhZjk5NGRlNTg0MmY2ZTBjM2JmZjc5YmIwOTg1MTQ1Mzg1MzIxZGZhYTdiN2ZhNzU3MmE1N2FlNDNiMzhm,https://static.bihr.pro/eBihr/Pictures/TECNOSEL-pictures.zip,Spain Warehouse (Parts)
1091616,,83V00,TECNOSEL,TECNO STICKERS SUZUKI OEM 92,Kit adhesivos completo TECNOSEL OEM Suzuki 1992,155.36,128.40,83.46,60300597,0,8714999089,0,1,"<html> <head> <meta http-equiv=""Content-Type"" content=""text/html; charset=utf-8""><title> </title> <style type=""text/css"">.cs95E872D0{text-align:left;margin:0pt 0pt 0pt 0pt;}.csA7555675{color:#000;background-color:transparent;font-weight:normal;font-style:normal;}.cs4FC7BF42{text-align:left;margin:0pt 0pt 0pt 0pt;list-style-type:disc;color:#000;background-color:transparent;font-weight:normal;font-style:normal;}</style> </head> <body> <p>The sticker kit includes: tank pair, radiator shrouds pair, airbox pair, number plates, fork protections pair, swing arm pair, front fender and rear fender. </p><p> </p><p>The different pieces of the kit cannot be sold separately. The holes on the tank stickers allow the gasoline vapors to come out. In case of worn out tanks, this is not enough to prevent some slight detachments. </p><p> </p><p>Seat cover to substitute the original one. Produced with non-slip material. Intended to renew the look of the the most popular off-road bikes.</p><p> </p><ul> <li>Quality ''''made in Italy''''</li><li>Precise finishings and shapes</li><li>Designed to ease the assembling</li><li>Captivating design</li><li>Original Replica TECNOSEL</li></ul> </body> </html>","       The sticker kit includes: tank pair, radiator shrouds pair, airbox pair, number plates, fork protections pair, swing arm pair, front fender and rear fender.  The different pieces of the kit cannot be sold separately. The holes on the tank stickers allow the gasoline vapors to come out. In case of worn out tanks, this is not enough to prevent some slight detachments.  Seat cover to substitute the original one. Produced with non-slip material. Intended to renew the look of the the most popular off-road bikes.  Quality ''''made in Italy''''Precise finishings and shapesDesigned to ease the assemblingCaptivating designOriginal Replica TECNOSEL  ",VEHICLE PARTS & ACCESSORIES,ACCESSORIES,ACC. DESIGN PARTS,,,4733,830,498,352,27,,,https://api.mybihr.com/medias/1091616-1-800Wx800H?context=bWFzdGVyfHJvb3R8MTQxMDg3fGltYWdlL2pwZWd8YURJMUwyaGxNUzg0T0RjM01EVXpPRGN3TVRFd0x6RXdPVEUyTVRZdE1WODRNREJYZURnd01FZ3wwYmRlMzFiNTA3YmM1ZWQ0MDliOGVlNDA0MGRiNjNkNzhiOThlMzAwY2IzNzdmODMyODhkZjM3N2YwNzc4YjEx,https://api.mybihr.com/medias/1091616-2-800Wx800H?context=bWFzdGVyfHJvb3R8MjgyMzM1fGltYWdlL2pwZWd8YUdKa0wyZzVNaTg0T0RjM01EVTBNRFkyTnpFNEx6RXdPVEUyTVRZdE1sODRNREJYZURnd01FZ3w2YjRmNTVkMGZkN2MwNzRiNWIxYmQ3NjIyY2ExYjFlNmJiNzMyYTg1OWNjNDNkZTY0NjEyZDAxMjBkOGNlYzll,https://api.mybihr.com/medias/1091616-3-800Wx800H?context=bWFzdGVyfHJvb3R8NTg1OTl8aW1hZ2UvanBlZ3xhR1ZqTDJnNFlpODRPRGMzTURVME1qWXpNekkyTHpFd09URTJNVFl0TTE4NE1EQlhlRGd3TUVnfDk4M2Y5MGZjMDdiNzdhOGIxZjZlZWNlYjlhMTdlNGY0OWQ0M2U3YzYwYmExNmE2NGQwNjMxYzkwY2RiYTEwNDc,https://static.bihr.pro/eBihr/Pictures/TECNOSEL-pictures.zip,Spain Warehouse (Parts)
1091617,,83V01,TECNOSEL,TECNO STICKERS SUZUKI TEAM 93,Kit adhesivos completo TECNOSEL Team Suzuki 1993,155.36,128.40,83.46,60300598,0,8714999089,0,1,"<html> <head> <meta http-equiv=""Content-Type"" content=""text/html; charset=utf-8""><title> </title> <style type=""text/css"">.cs95E872D0{text-align:left;margin:0pt 0pt 0pt 0pt;}.csA7555675{color:#000;background-color:transparent;font-weight:normal;font-style:normal;}.cs4FC7BF42{text-align:left;margin:0pt 0pt 0pt 0pt;list-style-type:disc;color:#000;background-color:transparent;font-weight:normal;font-style:normal;}</style> </head> <body> <p>The sticker kit includes: tank pair, radiator shrouds pair, airbox pair, number plates, fork protections pair, swing arm pair, front fender and rear fender. </p><p> </p><p>The different pieces of the kit cannot be sold separately. The holes on the tank stickers allow the gasoline vapors to come out. In case of worn out tanks, this is not enough to prevent some slight detachments. </p><p> </p><p>Seat cover to substitute the original one. Produced with non-slip material. Intended to renew the look of the the most popular off-road bikes.</p><p> </p><ul> <li>Quality ''''made in Italy''''</li><li>Precise finishings and shapes</li><li>Designed to ease the assembling</li><li>Captivating design</li><li>Original Replica TECNOSEL</li></ul> </body> </html>","       The sticker kit includes: tank pair, radiator shrouds pair, airbox pair, number plates, fork protections pair, swing arm pair, front fender and rear fender.  The different pieces of the kit cannot be sold separately. The holes on the tank stickers allow the gasoline vapors to come out. In case of worn out tanks, this is not enough to prevent some slight detachments.  Seat cover to substitute the original one. Produced with non-slip material. Intended to renew the look of the the most popular off-road bikes.  Quality ''''made in Italy''''Precise finishings and shapesDesigned to ease the assemblingCaptivating designOriginal Replica TECNOSEL  ",VEHICLE PARTS & ACCESSORIES,ACCESSORIES,ACC. DESIGN PARTS,,,2401,277,490,350,14,,,https://api.mybihr.com/medias/1091617-1-800Wx800H?context=bWFzdGVyfHJvb3R8MTU2NDc0fGltYWdlL2pwZWd8YUdFNUwyaGpNeTg0T1RVMk5EUTRNekE1TWpjNEx6RXdPVEUyTVRjdE1WODRNREJYZURnd01FZ3xlOTU0MmQyNzJkNjZiYjYyNjFkOTVjZTZlNWRhYmZmYjFhZTU0NTc4MTExNjhhODQ5YjM2OGVlN2MxMzRmMTJl,https://api.mybihr.com/medias/1091617-2-800Wx800H?context=bWFzdGVyfHJvb3R8Mjc5NDE5fGltYWdlL2pwZWd8YURjNUwyaGpZUzg0T1RVMk5EUTROVEExT0RnMkx6RXdPVEUyTVRjdE1sODRNREJYZURnd01FZ3wyZDYwZmUwNWFjNWIxNWZjMjg5NDcwMGQzYjI1M2U4NjU1NDU0MWI4MmNlMTFlNTYwNDg3YjllYWE1ZGUzZDc0,https://api.mybihr.com/medias/1091617-3-800Wx800H?context=bWFzdGVyfHJvb3R8NDIyNTN8aW1hZ2UvanBlZ3xhRFJoTDJoa01TODRPVFUyTkRRNE56QXlORGswTHpFd09URTJNVGN0TTE4NE1EQlhlRGd3TUVnfGFhNDUxZWY4YmFlZjEwMGRlOWJiYzcwODhlYzg3MDA1Y2JlNmZkOTA2ZTJhZjUxYmQ0ZjI0OTRmMzI4YzZhYjk,https://static.bihr.pro/eBihr/Pictures/TECNOSEL-pictures.zip,Spain Warehouse (Parts)
1091618,,83V02,TECNOSEL,TECNO STICKERS SUZUKI TEAM 98,Kit adhesivos completo TECNOSEL Team Suzuki 1998,155.36,128.40,83.46,60300599,0,8714999089,0,1,"<html> <head> <meta http-equiv=""Content-Type"" content=""text/html; charset=utf-8""><title> </title> <style type=""text/css"">.cs95E872D0{text-align:left;margin:0pt 0pt 0pt 0pt;}.csA7555675{color:#000;background-color:transparent;font-weight:normal;font-style:normal;}.cs4FC7BF42{text-align:left;margin:0pt 0pt 0pt 0pt;list-style-type:disc;color:#000;background-color:transparent;font-weight:normal;font-style:normal;}</style> </head> <body> <p>The sticker kit includes: tank pair, radiator shrouds pair, airbox pair, number plates, fork protections pair, swing arm pair, front fender and rear fender. </p><p> </p><p>The different pieces of the kit cannot be sold separately. The holes on the tank stickers allow the gasoline vapors to come out. In case of worn out tanks, this is not enough to prevent some slight detachments. </p><p> </p><p>Seat cover to substitute the original one. Produced with non-slip material. Intended to renew the look of the the most popular off-road bikes.</p><p> </p><ul> <li>Quality ''''made in Italy''''</li><li>Precise finishings and shapes</li><li>Designed to ease the assembling</li><li>Captivating design</li><li>Original Replica TECNOSEL</li></ul> </body> </html>","       The sticker kit includes: tank pair, radiator shrouds pair, airbox pair, number plates, fork protections pair, swing arm pair, front fender and rear fender.  The different pieces of the kit cannot be sold separately. The holes on the tank stickers allow the gasoline vapors to come out. In case of worn out tanks, this is not enough to prevent some slight detachments.  Seat cover to substitute the original one. Produced with non-slip material. Intended to renew the look of the the most popular off-road bikes.  Quality ''''made in Italy''''Precise finishings and shapesDesigned to ease the assemblingCaptivating designOriginal Replica TECNOSEL  ",VEHICLE PARTS & ACCESSORIES,ACCESSORIES,ACC. DESIGN PARTS,,,8866,1109,752,393,30,,,https://api.mybihr.com/medias/1091618-1-800Wx800H?context=bWFzdGVyfHJvb3R8MjI2NDk2fGltYWdlL2pwZWd8YUdJNEwyaGtOUzg0T1RVMk5EUTRPRGs1TVRBeUx6RXdPVEUyTVRndE1WODRNREJYZURnd01FZ3wxN2I4MmI0NmU4ODA3MGEzMDY4MDRhYjI0ODUyZDEzODM1YTMyNzRlOTAwODdjODQ1YzFiMWFmNDhkOWU0ZTdm,https://api.mybihr.com/medias/1091618-2-800Wx800H?context=bWFzdGVyfHJvb3R8NDM0MTZ8aW1hZ2UvanBlZ3xhR05qTDJoa1lpODRPVFUyTkRRNU1EazFOekV3THpFd09URTJNVGd0TWw4NE1EQlhlRGd3TUVnfDdmMmU5ODJhMTM5YzdmN2RhNDBlMWNhZDAyNTJmYTE2YjA2MTU3Y2Q5ODYwMzUwZDEwNjg5MjdjMzg5MDc1NDg,https://api.mybihr.com/medias/1091618-3-800Wx800H?context=bWFzdGVyfHJvb3R8MzEzMDgxfGltYWdlL2pwZWd8YUdaaUwyaGtOQzg0T1RVMk5EUTVNamt5TXpFNEx6RXdPVEUyTVRndE0xODRNREJYZURnd01FZ3wzNTU5NDI4ZjVhMzUzMmY3ZGMxOGVjMzRlOWVlNTRkYWJjMGRhZjQyMjIyZmUwOWU3NDZmOGViZTI0MzZiMTJj,https://static.bihr.pro/eBihr/Pictures/TECNOSEL-pictures.zip,Spain Warehouse (Parts)
1091574,,22V02,TECNOSEL,TECNO STICKERS KIT,Kit adhesivos TECNOSEL Team Yamaha 1998,116.52,96.30,62.60,8057912004659,0,8714999089,0,1,"<html> <head> <meta http-equiv=""Content-Type"" content=""text/html; charset=utf-8""><title> </title> <style type=""text/css"">.cs95E872D0{text-align:left;margin:0pt 0pt 0pt 0pt;}.csA7555675{color:#000;background-color:transparent;font-weight:normal;font-style:normal;}</style> </head> <body> <p>The sticker kit includes: tank pair, radiator shrouds pair, airbox pair, number plates, fork protections pair, swing arm pair, front fender and rear fender. </p><p> </p><p>The different pieces of the kit cannot be sold separately. The holes on the tank stickers allow the gasoline vapors to come out. In case of worn out tanks, this is not enough to prevent some slight detachments.</p></body> </html>","       The sticker kit includes: tank pair, radiator shrouds pair, airbox pair, number plates, fork protections pair, swing arm pair, front fender and rear fender.  The different pieces of the kit cannot be sold separately. The holes on the tank stickers allow the gasoline vapors to come out. In case of worn out tanks, this is not enough to prevent some slight detachments. ",VEHICLE PARTS & ACCESSORIES,ACCESSORIES,ACC. DESIGN PARTS,,,1408,633,352,500,8,,,https://api.mybihr.com/medias/1091574-1-800Wx800H?context=bWFzdGVyfHJvb3R8MjAxMjEzfGltYWdlL2pwZWd8YUdVekwyZzJNQzg0T1RVMk5EUTNOVEl5T0RRMkx6RXdPVEUxTnpRdE1WODRNREJYZURnd01FZ3wwZWFmZmVkNzA0MTFkYTZiZmY4OTYxYjUyNzZiNTMyMzcyZjc1MmU5YjkxYmI0ZGI3NDkxNDViNDYzMWNkYjJm,https://api.mybihr.com/medias/1091574-2-800Wx800H?context=bWFzdGVyfHJvb3R8MzMwNDgzfGltYWdlL2pwZWd8YUdFd0wyZzJOeTg0T1RVMk5EUTNOekU1TkRVMEx6RXdPVEUxTnpRdE1sODRNREJYZURnd01FZ3w2MjA3ZGViYTk1MzRiYzRhZmIzZjVlYjc3MmRkNDY3NWU1MTU3OGMyMWFhNDBiYWM4YzBiZjkzNDZhMGJhZjNm,,https://static.bihr.pro/eBihr/Pictures/TECNOSEL-pictures.zip,Spain Warehouse (Parts)
1091569,,21V06,TECNOSEL,TECNO STICKERS KIT,Kit adhesivos TECNOSEL Replica Team Honda Pepsi 1995,116.52,96.30,62.60,8057912004222,0,8714109090,0,1,"<html> <head> <meta http-equiv=""Content-Type"" content=""text/html; charset=utf-8""><title> </title> <style type=""text/css"">.cs95E872D0{text-align:left;margin:0pt 0pt 0pt 0pt;}.csA7555675{color:#000;background-color:transparent;font-weight:normal;font-style:normal;}</style> </head> <body> <p>The sticker kit includes: tank pair, radiator shrouds pair, airbox pair, number plates, fork protections pair, swing arm pair, front fender and rear fender. </p><p> </p><p>The different pieces of the kit cannot be sold separately. The holes on the tank stickers allow the gasoline vapors to come out. In case of worn out tanks, this is not enough to prevent some slight detachments.</p><p> </p></body> </html>","       The sticker kit includes: tank pair, radiator shrouds pair, airbox pair, number plates, fork protections pair, swing arm pair, front fender and rear fender.  The different pieces of the kit cannot be sold separately. The holes on the tank stickers allow the gasoline vapors to come out. In case of worn out tanks, this is not enough to prevent some slight detachments.  ",VEHICLE PARTS & ACCESSORIES,ACCESSORIES,ACC. DESIGN PARTS,,,2945,554,495,350,17,,,https://api.mybihr.com/medias/800Wx800H-1091569-2.jpg?context=bWFzdGVyfHJvb3R8NTI4MTR8aW1hZ2UvanBlZ3xhREk1TDJnd1l5ODJNVGd6TlRreU1UQTVOamN6TkM4NE1EQlhlRGd3TUVoZk1UQTVNVFUyT1MweUxtcHdad3xkNThmZmQ5YmM5ODRhZDYxODdlZWU2MWFjZGJkNDdmMTRlYWFjOTQ5MTJlOGQ3YTQ1MDc5YTc5NjU4ODNlOTVm,,,https://static.bihr.pro/eBihr/Pictures/TECNOSEL-pictures.zip,Spain Warehouse (Parts)
1091554,,13V01,TECNOSEL,TECNO SEAT COVER TEAM SUZUKI 1993,Funda de asiento TECNOSEL Team Suzuki 1993,59.56,49.22,31.99,60000186,0,8714999089,0,1,"<html> <head> <meta http-equiv=""Content-Type"" content=""text/html; charset=utf-8""><title> </title> <style type=""text/css"">.cs95E872D0{text-align:left;margin:0pt 0pt 0pt 0pt;}.csA7555675{color:#000;background-color:transparent;font-weight:normal;font-style:normal;}.cs4FC7BF42{text-align:left;margin:0pt 0pt 0pt 0pt;list-style-type:disc;color:#000;background-color:transparent;font-weight:normal;font-style:normal;}</style> </head> <body> <p>Seat cover to substitute the original one. Produced with non-slip material. Intended to renew the look of the the most popular off-road bikes.</p><p> </p><ul> <li>Quality ''''made in Italy''''</li><li>Precise finishings and shapes</li><li>Designed to ease the assembling</li><li>Captivating design</li><li>Original Replica TECNOSEL</li></ul> </body> </html>","       Seat cover to substitute the original one. Produced with non-slip material. Intended to renew the look of the the most popular off-road bikes.  Quality ''''made in Italy''''Precise finishings and shapesDesigned to ease the assemblingCaptivating designOriginal Replica TECNOSEL  ",VEHICLE PARTS & ACCESSORIES,ACCESSORIES,ACC. DESIGN PARTS,,,3305,356,350,497,19,,,https://api.mybihr.com/medias/1091554-1-800Wx800H?context=bWFzdGVyfHJvb3R8NDIyNTN8aW1hZ2UvanBlZ3xhR1pqTDJnNFpDODRPVEk1TlRjek5UTTFOemMwTHpFd09URTFOVFF0TVY4NE1EQlhlRGd3TUVnfDU0OWYzZDQxNjhkYTkxMWU2ZmYxODdjYjQ5ZmJiNzY5Mjk1M2NhNjYwMjMwMDIyY2I5NGJiNGUwYWJkYmJjODA,https://api.mybihr.com/medias/1091554-2-800Wx800H?context=bWFzdGVyfHJvb3R8Mjc5NDE5fGltYWdlL2pwZWd8YUdOakwyZzVOQzg0T1RJNU5UY3pOek15TXpneUx6RXdPVEUxTlRRdE1sODRNREJYZURnd01FZ3w3MzdhNzI2N2NjZDk0MTgyNWZlMTY1ZWZhZjU3MzZjN2QwY2M5YTRiNWFlOWMxY2U3ZTRlYmJjZjZkYjBlNTFh,,https://static.bihr.pro/eBihr/Pictures/TECNOSEL-pictures.zip,Spain Warehouse (Parts)
1091551,,12V02,TECNOSEL,TECNO SEAT COVER TEAM YAMAHA 1998,Funda de asiento TECNOSEL Team Yamaha 1998,59.56,49.22,31.99,8057912001481,0,8714999089,0,1,"<html> <head> <meta http-equiv=""Content-Type"" content=""text/html; charset=utf-8""><title> </title> <style type=""text/css"">.cs95E872D0{text-align:left;margin:0pt 0pt 0pt 0pt;}.csA7555675{color:#000;background-color:transparent;font-weight:normal;font-style:normal;}.cs4FC7BF42{text-align:left;margin:0pt 0pt 0pt 0pt;list-style-type:disc;color:#000;background-color:transparent;font-weight:normal;font-style:normal;}</style> </head> <body> <p>Seat cover to substitute the original one. Produced with non-slip material. Intended to renew the look of the the most popular off-road bikes.</p><p> </p><ul> <li>Quality ''''made in Italy''''</li><li>Precise finishings and shapes</li><li>Designed to ease the assembling</li><li>Captivating design</li><li>Original Replica TECNOSEL</li></ul> </body> </html>","       Seat cover to substitute the original one. Produced with non-slip material. Intended to renew the look of the the most popular off-road bikes.  Quality ''''made in Italy''''Precise finishings and shapesDesigned to ease the assemblingCaptivating designOriginal Replica TECNOSEL  ",VEHICLE PARTS & ACCESSORIES,ACCESSORIES,ACC. DESIGN PARTS,,,5085,419,350,501,29,,,https://api.mybihr.com/medias/1091551-1-800Wx800H?context=bWFzdGVyfHJvb3R8MzU4Nzh8aW1hZ2UvanBlZ3xhR1kyTDJnd01TODRPVFUyTkRRMk56TTJOREUwTHpFd09URTFOVEV0TVY4NE1EQlhlRGd3TUVnfDNmOTBkMDIwN2QxN2UyN2EzYTRiNGRhYTEzOGU3OGYyY2VkY2YzN2FjMzFlZjFhNTBmYTQwOTIzZWE3MzU1Nzg,https://api.mybihr.com/medias/1091551-2-800Wx800H?context=bWFzdGVyfHJvb3R8MzMwNDgzfGltYWdlL2pwZWd8YUdSaEwyZ3dOQzg0T1RVMk5EUTJPVE16TURJeUx6RXdPVEUxTlRFdE1sODRNREJYZURnd01FZ3wyZDkwYTBlNGE3YTUwMThiNDFlNDYzZTQ4OGQ2ODJlZmZlN2FiNTg0MGQxYmI3YTQxM2I4NWZjYTdkNjg2OGZm,,https://static.bihr.pro/eBihr/Pictures/TECNOSEL-pictures.zip,Spain Warehouse (Parts)
1091553,,13V00,TECNOSEL,TECNO SEAT COVER OEM SUZUKI 1992,Funda de asiento TECNOSEL OEM Suzuki 1992,59.56,49.22,31.99,8057912001788,1,8714999089,0,1,"<html> <head> <meta http-equiv=""Content-Type"" content=""text/html; charset=utf-8""><title> </title> <style type=""text/css"">.cs95E872D0{text-align:left;margin:0pt 0pt 0pt 0pt;}.csA7555675{color:#000;background-color:transparent;font-weight:normal;font-style:normal;}.cs4FC7BF42{text-align:left;margin:0pt 0pt 0pt 0pt;list-style-type:disc;color:#000;background-color:transparent;font-weight:normal;font-style:normal;}</style> </head> <body> <p>Seat cover to substitute the original one. Produced with non-slip material. Intended to renew the look of the the most popular off-road bikes.</p><p> </p><ul> <li>Quality ''''made in Italy''''</li><li>Precise finishings and shapes</li><li>Designed to ease the assembling</li><li>Captivating design</li><li>Original Replica TECNOSEL</li></ul> </body> </html>","       Seat cover to substitute the original one. Produced with non-slip material. Intended to renew the look of the the most popular off-road bikes.  Quality ''''made in Italy''''Precise finishings and shapesDesigned to ease the assemblingCaptivating designOriginal Replica TECNOSEL  ",VEHICLE PARTS & ACCESSORIES,ACCESSORIES,ACC. DESIGN PARTS,,,2948,421,750,393,10,,,https://api.mybihr.com/medias/1091553-1-800Wx800H?context=bWFzdGVyfHJvb3R8NTg1OTl8aW1hZ2UvanBlZ3xhREJqTDJnM09TODRPVE0yTXpJMU56YzFNemt3THpFd09URTFOVE10TVY4NE1EQlhlRGd3TUVnfGVmNDcxZWRkNDA2YTkzNGY4ZmEwYmY5N2M1MTdmMmM0NTg3Mjc1ZTFkNTU4ZTQ2OWE2MDQ3MmEwY2QzYjBlOWQ,https://api.mybihr.com/medias/1091553-2-800Wx800H?context=bWFzdGVyfHJvb3R8MjgyMzM1fGltYWdlL2pwZWd8YUdSakwyZzNaaTg0T1RNMk16STFPVGN4T1RrNEx6RXdPVEUxTlRNdE1sODRNREJYZURnd01FZ3xlOTJmZDEyNGNjMzcxYjhkOTBiNGQyYWEwOGNlMjMxODQ3ZmJhMjM3YWJhNTU4M2QyNzhkYmFiNTJlZjA3NGI0,,https://static.bihr.pro/eBihr/Pictures/TECNOSEL-pictures.zip,Spain Warehouse (Parts)
1091578,,23V02,TECNOSEL,TECNO STICKERS KIT,Kit adhesivos TECNOSEL Team Suzuki 1998,116.52,96.30,62.60,60300537,0,8714999089,0,1,"<html> <head> <meta http-equiv=""Content-Type"" content=""text/html; charset=utf-8""><title> </title> <style type=""text/css"">.cs95E872D0{text-align:left;margin:0pt 0pt 0pt 0pt;}.csA7555675{color:#000;background-color:transparent;font-weight:normal;font-style:normal;}</style> </head> <body> <p>The sticker kit includes: tank pair, radiator shrouds pair, airbox pair, number plates, fork protections pair, swing arm pair, front fender and rear fender. </p><p> </p><p>The different pieces of the kit cannot be sold separately. The holes on the tank stickers allow the gasoline vapors to come out. In case of worn out tanks, this is not enough to prevent some slight detachments.</p></body> </html>","       The sticker kit includes: tank pair, radiator shrouds pair, airbox pair, number plates, fork protections pair, swing arm pair, front fender and rear fender.  The different pieces of the kit cannot be sold separately. The holes on the tank stickers allow the gasoline vapors to come out. In case of worn out tanks, this is not enough to prevent some slight detachments. ",VEHICLE PARTS & ACCESSORIES,ACCESSORIES,ACC. DESIGN PARTS,,,1402,656,352,498,8,,,https://api.mybihr.com/medias/1091578-1-800Wx800H?context=bWFzdGVyfHJvb3R8MjI2NDk2fGltYWdlL2pwZWd8YUdNMkwyaGhOUzg0T1RFek56WTJNamcxTXpReUx6RXdPVEUxTnpndE1WODRNREJYZURnd01FZ3w2YzJhOWVlMTEyYTU2ZmIyYTMzNGM5OTM3NjQyYzg1MDFkZGIzYzM3NjA0Y2QxNGRmMjY2NjM1NmQzZmQ3NjEw,https://api.mybihr.com/medias/1091578-2-800Wx800H?context=bWFzdGVyfHJvb3R8MzEzMDgxfGltYWdlL2pwZWd8YURrMkwyaGhZeTg0T1RFek56WTJORGd4T1RVd0x6RXdPVEUxTnpndE1sODRNREJYZURnd01FZ3xhYmUzZjU0NmQxNDRlM2ZjNDMxMjgzNTJkMDFiYWM0OWQxYjE5ZDUxZmE2Y2NkNzk5ZWRhNmY1ZjJmNDI3M2U0,,https://static.bihr.pro/eBihr/Pictures/TECNOSEL-pictures.zip,Spain Warehouse (Parts)
1091544,,11V02,TECNOSEL,TECNO SEAT COVER TEAM HONDA 1995 USA,Funda de asiento TECNOSEL Team Honda 1995 USA,59.56,49.22,31.99,60000179,3,8714999089,0,1,"<html> <head> <meta http-equiv=""Content-Type"" content=""text/html; charset=utf-8""><title> </title> <style type=""text/css"">.cs95E872D0{text-align:left;margin:0pt 0pt 0pt 0pt;}.csA7555675{color:#000;background-color:transparent;font-weight:normal;font-style:normal;}.cs4FC7BF42{text-align:left;margin:0pt 0pt 0pt 0pt;list-style-type:disc;color:#000;background-color:transparent;font-weight:normal;font-style:normal;}</style> </head> <body> <p>Seat cover to substitute the original one. Produced with non-slip material. Intended to renew the look of the the most popular off-road bikes.</p><p> </p><ul> <li>Quality ''''made in Italy''''</li><li>Precise finishings and shapes</li><li>Designed to ease the assembling</li><li>Captivating design</li><li>Original Replica TECNOSEL</li></ul> </body> </html>","       Seat cover to substitute the original one. Produced with non-slip material. Intended to renew the look of the the most popular off-road bikes.  Quality ''''made in Italy''''Precise finishings and shapesDesigned to ease the assemblingCaptivating designOriginal Replica TECNOSEL  ",VEHICLE PARTS & ACCESSORIES,ACCESSORIES,ACC. DESIGN PARTS,,,5544,378,495,350,32,,,https://api.mybihr.com/medias/1091544-1-800Wx800H?context=bWFzdGVyfHJvb3R8MzUxMTN8aW1hZ2UvanBlZ3xhR1ptTDJnek1DODRPRFV3T1RJME5qQXhNemMwTHpFd09URTFORFF0TVY4NE1EQlhlRGd3TUVnfGU3OGJiODVkNDM5M2VhMTI5MzEyYTI3ODJiMDc2ZTJjMWExZWVlYjFkOWE1MzUyYzUzMDc3ZmM0YzIyYzkyYTk,https://api.mybihr.com/medias/1091544-2-800Wx800H?context=bWFzdGVyfHJvb3R8MjI5ODE2fGltYWdlL2pwZWd8YUdNeEwyZ3lOUzg0T0RVd09USTBPVGswTlRrd0x6RXdPVEUxTkRRdE1sODRNREJYZURnd01FZ3wyMDUxMjNiM2I3N2EwYTE4YmI1MTBjNjIzNDk1ODExM2YxODVkMDE1YzVmNjE4MTVhMzZjYWRlZWMxYjhmZmNm,,https://static.bihr.pro/eBihr/Pictures/TECNOSEL-pictures.zip,Spain Warehouse (Parts)
1091548,,11V06,TECNOSEL,TECNO SEAT COVER,Funda de asiento TECNOSEL Replica OEM Honda 1995,59.56,49.22,31.99,8057912000729,0,8714109090,0,1,"<html> <head> <meta http-equiv=""Content-Type"" content=""text/html; charset=utf-8""><title> </title> <style type=""text/css"">.cs95E872D0{text-align:left;margin:0pt 0pt 0pt 0pt;}.csA7555675{color:#000;background-color:transparent;font-weight:normal;font-style:normal;}.cs4FC7BF42{text-align:left;margin:0pt 0pt 0pt 0pt;list-style-type:disc;color:#000;background-color:transparent;font-weight:normal;font-style:normal;}</style> </head> <body> <p>Seat cover to substitute the original one. Produced with non-slip material. Intended to renew the look of the the most popular off-road bikes.</p><p> </p><ul> <li>Made in Italy</li><li>Precise finishings and shapes</li><li>Designed to ease the assembling</li><li>Captivating design</li><li>Original Replica TECNOSEL</li></ul> </body> </html>","       Seat cover to substitute the original one. Produced with non-slip material. Intended to renew the look of the the most popular off-road bikes.  Made in ItalyPrecise finishings and shapesDesigned to ease the assemblingCaptivating designOriginal Replica TECNOSEL  ",VEHICLE PARTS & ACCESSORIES,ACCESSORIES,ACC. DESIGN PARTS,,,4602,353,500,354,26,,,https://api.mybihr.com/medias/800Wx800H-1091548-1.jpg?context=bWFzdGVyfHJvb3R8NTMxODF8aW1hZ2UvanBlZ3xhRFJrTDJnNU1DODJNVGd6TlRreE9Ua3hOekE0Tmk4NE1EQlhlRGd3TUVoZk1UQTVNVFUwT0MweExtcHdad3xkMmVjMDZhN2FlY2RhM2Q5ZjM2NGY2N2IyN2Y1NmVhYzE1MGExMGZiNTNiM2MwMzE0MTYyNjVmYzViNzMyZDI1,,,https://static.bihr.pro/eBihr/Pictures/TECNOSEL-pictures.zip,Spain Warehouse (Parts)
1091560,,14V02,TECNOSEL,TECNO SEAT COVER TEAM KAWASAKI 1998,Funda de asiento TECNOSEL Team Kawasaki 1998,59.56,49.22,31.99,60000191,0,8714999089,0,1,"<html> <head> <meta http-equiv=""Content-Type"" content=""text/html; charset=utf-8""><title> </title> <style type=""text/css"">.cs95E872D0{text-align:left;margin:0pt 0pt 0pt 0pt;}.csA7555675{color:#000;background-color:transparent;font-weight:normal;font-style:normal;}.cs4FC7BF42{text-align:left;margin:0pt 0pt 0pt 0pt;list-style-type:disc;color:#000;background-color:transparent;font-weight:normal;font-style:normal;}</style> </head> <body> <p>Seat cover to substitute the original one. Produced with non-slip material. Intended to renew the look of the the most popular off-road bikes.</p><p> </p><ul> <li>Quality ''''made in Italy''''</li><li>Precise finishings and shapes</li><li>Designed to ease the assembling</li><li>Captivating design</li><li>Original Replica TECNOSEL</li></ul> </body> </html>","       Seat cover to substitute the original one. Produced with non-slip material. Intended to renew the look of the the most popular off-road bikes.  Quality ''''made in Italy''''Precise finishings and shapesDesigned to ease the assemblingCaptivating designOriginal Replica TECNOSEL  ",VEHICLE PARTS & ACCESSORIES,ACCESSORIES,ACC. DESIGN PARTS,,,3527,483,352,501,20,,,https://api.mybihr.com/medias/1091560-1-800Wx800H?context=bWFzdGVyfHJvb3R8NTc3MzV8aW1hZ2UvanBlZ3xhRFF5TDJnMU15ODRPVFUyTkRRM01USTVOak13THpFd09URTFOakF0TVY4NE1EQlhlRGd3TUVnfDJmNjkzNDk0MGUyNzcxYTE0YWY3N2I0YTU2ZTZlYjY4ZjY4M2IwOWYzNzY4NjdmNmQ5MmNlMzc1ODViNGQ0ZTQ,https://api.mybihr.com/medias/1091560-2-800Wx800H?context=bWFzdGVyfHJvb3R8MzMwOTQ5fGltYWdlL2pwZWd8YURFekwyZzFZUzg0T1RVMk5EUTNNekkyTWpNNEx6RXdPVEUxTmpBdE1sODRNREJYZURnd01FZ3w1ZjAyNWNiNGY1YTFmMmY2MWQ3NDIyMzhmODVhOWQ0OGVkNWYzYTI3ZTAzNjY2ZmUzYWRmMWZlNGE3YmE0MGM3,,https://static.bihr.pro/eBihr/Pictures/TECNOSEL-pictures.zip,Spain Warehouse (Parts)
1091562,,17V00,TECNOSEL,TECNO SEAT COVER,Funda de asiento TECNOSEL Replica Team Husaberg 1990,59.56,49.22,31.99,60000214,0,8714109090,0,1,"<html> <head> <meta http-equiv=""Content-Type"" content=""text/html; charset=utf-8""><title> </title> <style type=""text/css"">.cs95E872D0{text-align:left;margin:0pt 0pt 0pt 0pt;}.csA7555675{color:#000;background-color:transparent;font-weight:normal;font-style:normal;}.cs4FC7BF42{text-align:left;margin:0pt 0pt 0pt 0pt;list-style-type:disc;color:#000;background-color:transparent;font-weight:normal;font-style:normal;}</style> </head> <body> <p>Seat cover to substitute the original one. Produced with non-slip material. Intended to renew the look of the the most popular off-road bikes.</p><p> </p><ul> <li>Made in Italy</li><li>Precise finishings and shapes</li><li>Designed to ease the assembling</li><li>Captivating design</li><li>Original Replica TECNOSEL</li></ul> <p> </p></body> </html>","       Seat cover to substitute the original one. Produced with non-slip material. Intended to renew the look of the the most popular off-road bikes.  Made in ItalyPrecise finishings and shapesDesigned to ease the assemblingCaptivating designOriginal Replica TECNOSEL   ",VEHICLE PARTS & ACCESSORIES,ACCESSORIES,ACC. DESIGN PARTS,,,3337,390,499,352,19,,,https://api.mybihr.com/medias/800Wx800H-1091562-1.jpg?context=bWFzdGVyfHJvb3R8Nzc3MzF8aW1hZ2UvanBlZ3xhR1JrTDJneE55ODBPVEkyTURFMk9Ea3pOelV3TWk4NE1EQlhlRGd3TUVoZk1UQTVNVFUyTWkweExtcHdad3w1ZTUxNGFjZDg5MjdiNWI3ODcxMDQ4MDA2ZTQwOWYwNTM0ODQyMjQyODQ4YjI0YzA5ZDgzOWEzY2E4ODEwZWMy,,,https://static.bihr.pro/eBihr/Pictures/TECNOSEL-pictures.zip,Spain Warehouse (Parts)
1091563,,21V00,TECNOSEL,TECNO STICKERS KIT,Kit adhesivos TECNOSEL Team Honda 1991,116.52,96.30,62.60,8057912004161,0,8714999089,0,1,"<html> <head> <meta http-equiv=""Content-Type"" content=""text/html; charset=utf-8""><title> </title> <style type=""text/css"">.cs95E872D0{text-align:left;margin:0pt 0pt 0pt 0pt;}.csA7555675{color:#000;background-color:transparent;font-weight:normal;font-style:normal;}</style> </head> <body> <p>The sticker kit includes: tank pair, radiator shrouds pair, airbox pair, number plates, fork protections pair, swing arm pair, front fender and rear fender. </p><p> </p><p>The different pieces of the kit cannot be sold separately. The holes on the tank stickers allow the gasoline vapors to come out. In case of worn out tanks, this is not enough to prevent some slight detachments.</p></body> </html>","       The sticker kit includes: tank pair, radiator shrouds pair, airbox pair, number plates, fork protections pair, swing arm pair, front fender and rear fender.  The different pieces of the kit cannot be sold separately. The holes on the tank stickers allow the gasoline vapors to come out. In case of worn out tanks, this is not enough to prevent some slight detachments. ",VEHICLE PARTS & ACCESSORIES,ACCESSORIES,ACC. DESIGN PARTS,,,2120,519,352,502,12,,,https://api.mybihr.com/medias/1091563-1-800Wx800H?context=bWFzdGVyfHJvb3R8MTM0MzQwfGltYWdlL2pwZWd8YURjMUwyZzVNaTg0T1RVd05EazROemczTXpVNEx6RXdPVEUxTmpNdE1WODRNREJYZURnd01FZ3w3NjZmOTdlM2E5YTY2OGYyNDVkOGRlMTNhMGRlY2FiMDY1YmZkZDkyMDU2MmQ5YzEzOWRjYzQxZGNmOWI0ZTll,https://api.mybihr.com/medias/1091563-2-800Wx800H?context=bWFzdGVyfHJvb3R8MzI0NDU4fGltYWdlL2pwZWd8YUdFMUwyZzRZaTg0T1RVd05EazRPVGd6T1RZMkx6RXdPVEUxTmpNdE1sODRNREJYZURnd01FZ3w3ZTUxMWJkNWY2YmJhN2YzYjIwMmVlOTE3NzAxZGNlYzE1NjdiMmRlZDc1NmY4ZmJjNGZkMmViZDg1MzkyYWVm,,https://static.bihr.pro/eBihr/Pictures/TECNOSEL-pictures.zip,Spain Warehouse (Parts)
1091571,,21V08,TECNOSEL,TECNO STICKERS KIT,Kit adhesivos TECNOSEL Team Honda 1988,116.52,96.30,62.60,8057912004246,0,8714109090,0,1,"<html> <head> <meta http-equiv=""Content-Type"" content=""text/html; charset=utf-8""><title> </title> <style type=""text/css"">.cs95E872D0{text-align:left;margin:0pt 0pt 0pt 0pt;}.csA7555675{color:#000;background-color:transparent;font-weight:normal;font-style:normal;}</style> </head> <body> <p>The sticker kit includes: tank pair, radiator shrouds pair, airbox pair, number plates, fork protections pair, swing arm pair, front fender and rear fender. </p><p> </p><p>The different pieces of the kit cannot be sold separately. The holes on the tank stickers allow the gasoline vapors to come out. In case of worn out tanks, this is not enough to prevent some slight detachments.</p><p> </p></body> </html>","       The sticker kit includes: tank pair, radiator shrouds pair, airbox pair, number plates, fork protections pair, swing arm pair, front fender and rear fender.  The different pieces of the kit cannot be sold separately. The holes on the tank stickers allow the gasoline vapors to come out. In case of worn out tanks, this is not enough to prevent some slight detachments.  ",VEHICLE PARTS & ACCESSORIES,ACCESSORIES,ACC. DESIGN PARTS,,,2436,211,500,348,14,,,https://api.mybihr.com/medias/800Wx800H-1091571-1.jpg?context=bWFzdGVyfHJvb3R8MTQxNzI2fGltYWdlL2pwZWd8YURZekwyZ3dNUzgyTVRnek5Ua3lNVFE0T1RrMU1DODRNREJYZURnd01FaGZNVEE1TVRVM01TMHhMbXB3Wnd8MmFlMmNkZWMzMTY2YWU0YmUwZjRiMDViZDg1YjNmODU1OTA4ODQzNzQxOWQ3YTEwMjk4NThiMzM2YTVhZDM4MA,https://api.mybihr.com/medias/800Wx800H-1091571-2.jpg?context=bWFzdGVyfHJvb3R8NzUxMjV8aW1hZ2UvanBlZ3xhREEwTDJnd1ppODJNVGd6TlRreU1UZzRNekUyTmk4NE1EQlhlRGd3TUVoZk1UQTVNVFUzTVMweUxtcHdad3w3OGE2Nzk1NzEyOGYzZDdhNDdlZjEwY2VkYzk3Mzc2Nzk4NWRlNDA1YjljNTU4ZDY4OGI2MjRiZTU2MDkzYTNh,https://api.mybihr.com/medias/800Wx800H-1091571-3.jpg?context=bWFzdGVyfHJvb3R8MTY4NDV8aW1hZ2UvanBlZ3xhRE5rTDJnMk5DODJNVGd6TlRreU1qSTNOak00TWk4NE1EQlhlRGd3TUVoZk1UQTVNVFUzTVMwekxtcHdad3wzZjg1NzI2NzI1ZGJlZTEzZTM5MGNmMzM0MDg4ODMyM2VlZTQ1YmZjYzIzZTY4NDNmMjFmN2E0NjMzNjI0ZTk5,https://static.bihr.pro/eBihr/Pictures/TECNOSEL-pictures.zip,Spain Warehouse (Parts)
1091572,,22V00,TECNOSEL,TECNO STICKERS KIT,Kit adhesivos TECNOSEL Team OEM Yamaha 1992,116.52,96.30,62.60,60300532,0,8714999089,0,1,"<html> <head> <meta http-equiv=""Content-Type"" content=""text/html; charset=utf-8""><title> </title> <style type=""text/css"">.cs95E872D0{text-align:left;margin:0pt 0pt 0pt 0pt;}.csA7555675{color:#000;background-color:transparent;font-weight:normal;font-style:normal;}</style> </head> <body> <p>The sticker kit includes: tank pair, radiator shrouds pair, airbox pair, number plates, fork protections pair, swing arm pair, front fender and rear fender. </p><p> </p><p>The different pieces of the kit cannot be sold separately. The holes on the tank stickers allow the gasoline vapors to come out. In case of worn out tanks, this is not enough to prevent some slight detachments.</p></body> </html>","       The sticker kit includes: tank pair, radiator shrouds pair, airbox pair, number plates, fork protections pair, swing arm pair, front fender and rear fender.  The different pieces of the kit cannot be sold separately. The holes on the tank stickers allow the gasoline vapors to come out. In case of worn out tanks, this is not enough to prevent some slight detachments. ",VEHICLE PARTS & ACCESSORIES,ACCESSORIES,ACC. DESIGN PARTS,,,3030,483,355,502,17,,,https://api.mybihr.com/medias/1091572-1-800Wx800H?context=bWFzdGVyfHJvb3R8MTE4MDAxfGltYWdlL2pwZWd8YUROa0wyZzVaaTg0T0RVd09UTTVNVFV3TXpZMkx6RXdPVEUxTnpJdE1WODRNREJYZURnd01FZ3w3NzUzMDU0YjhkOGU0MjI5OGZmNTQ1M2Q2N2ZlMGI5Y2E3MWNhZTQ0ZGYzYWQxYTA1ZGEzMjlhNGM3MWZiODZm,https://api.mybihr.com/medias/1091572-2-800Wx800H?context=bWFzdGVyfHJvb3R8MzEwNTM2fGltYWdlL2pwZWd8YUdOaEwyaGhZeTg0T0RVd09UTTVOVFF6TlRneUx6RXdPVEUxTnpJdE1sODRNREJYZURnd01FZ3w2MmQxY2FhOTRiMzViY2Y3YWY4YjdjMjQ5Y2Y4MGQxMmE5YTczNTc3YTJjMTI1MTM4YTE3OTUwMzYwZGYwNmVi,,https://static.bihr.pro/eBihr/Pictures/TECNOSEL-pictures.zip,Spain Warehouse (Parts)
1091573,,22V01,TECNOSEL,TECNO STICKERS KIT,Kit adhesivos TECNOSEL Team Yamaha 1993,116.52,96.30,62.60,60300533,0,8714999089,0,1,"<html> <head> <meta http-equiv=""Content-Type"" content=""text/html; charset=utf-8""><title> </title> <style type=""text/css"">.cs95E872D0{text-align:left;margin:0pt 0pt 0pt 0pt;}.csA7555675{color:#000;background-color:transparent;font-weight:normal;font-style:normal;}</style> </head> <body> <p>The sticker kit includes: tank pair, radiator shrouds pair, airbox pair, number plates, fork protections pair, swing arm pair, front fender and rear fender. </p><p> </p><p>The different pieces of the kit cannot be sold separately. The holes on the tank stickers allow the gasoline vapors to come out. In case of worn out tanks, this is not enough to prevent some slight detachments.</p></body> </html>","       The sticker kit includes: tank pair, radiator shrouds pair, airbox pair, number plates, fork protections pair, swing arm pair, front fender and rear fender.  The different pieces of the kit cannot be sold separately. The holes on the tank stickers allow the gasoline vapors to come out. In case of worn out tanks, this is not enough to prevent some slight detachments. ",VEHICLE PARTS & ACCESSORIES,ACCESSORIES,ACC. DESIGN PARTS,,,3344,484,352,500,19,,,https://api.mybihr.com/medias/1091573-1-800Wx800H?context=bWFzdGVyfHJvb3R8MTQ0OTMxfGltYWdlL2pwZWd8YURsaUwyZ3laaTg0T1RVd05EazVOVGN6Tnprd0x6RXdPVEUxTnpNdE1WODRNREJYZURnd01FZ3xhNzY3MmQxYWJkZmY3MDkyMGM1YTAyZDM1NDE2M2E4ZTQwMmFiZWUyNWUyMTZlZjgzYjJlZmI5MTM0ODdkNWY0,https://api.mybihr.com/medias/1091573-2-800Wx800H?context=bWFzdGVyfHJvb3R8Mjg5NTI2fGltYWdlL2pwZWd8YUdOaUwyZ3lPQzg0T1RVd05EazVOemN3TXprNEx6RXdPVEUxTnpNdE1sODRNREJYZURnd01FZ3xlY2U4YTkzOTZkZjJjZDQ4OThhNzIyYWJlNThmMTZlOGM0OWRlZjU1NGQ5OTg1OGEzNmI1OGJiNzlhNTk4MGU0,,https://static.bihr.pro/eBihr/Pictures/TECNOSEL-pictures.zip,Spain Warehouse (Parts)
1091576,,23V00,TECNOSEL,TECNO STICKERS KIT,Kit adhesivos TECNOSEL Team OEM Suzuki 1992,116.52,96.30,62.60,60300535,0,8714999089,0,1,"<html> <head> <meta http-equiv=""Content-Type"" content=""text/html; charset=utf-8""><title> </title> <style type=""text/css"">.cs95E872D0{text-align:left;margin:0pt 0pt 0pt 0pt;}.csA7555675{color:#000;background-color:transparent;font-weight:normal;font-style:normal;}</style> </head> <body> <p>The sticker kit includes: tank pair, radiator shrouds pair, airbox pair, number plates, fork protections pair, swing arm pair, front fender and rear fender. </p><p> </p><p>The different pieces of the kit cannot be sold separately. The holes on the tank stickers allow the gasoline vapors to come out. In case of worn out tanks, this is not enough to prevent some slight detachments.</p></body> </html>","       The sticker kit includes: tank pair, radiator shrouds pair, airbox pair, number plates, fork protections pair, swing arm pair, front fender and rear fender.  The different pieces of the kit cannot be sold separately. The holes on the tank stickers allow the gasoline vapors to come out. In case of worn out tanks, this is not enough to prevent some slight detachments. ",VEHICLE PARTS & ACCESSORIES,ACCESSORIES,ACC. DESIGN PARTS,,,1233,505,355,496,7,,,https://api.mybihr.com/medias/1091576-1-800Wx800H?context=bWFzdGVyfHJvb3R8MTQxMDg3fGltYWdlL2pwZWd8YURFMEwyaGxOaTg0T1RRM016UXdOemN4TXpVNEx6RXdPVEUxTnpZdE1WODRNREJYZURnd01FZ3wxYzg3NmEwNTkxN2NhZmVjMjllM2ViZDc1NGI1YThmNTg0MGMxNzY4MGZmODIzNTM1ZDBiZWEyYzgwZTFkNjk5,https://api.mybihr.com/medias/1091576-2-800Wx800H?context=bWFzdGVyfHJvb3R8MjgyMzM1fGltYWdlL2pwZWd8YURVM0wyaGtaaTg0T1RRM016UXdPVFkzT1RZMkx6RXdPVEUxTnpZdE1sODRNREJYZURnd01FZ3w1MjllY2FhMmIwODE5ZWM4YzE3NDdmNzkyNzczMDQ3MTEwMTY1MjMwNDQ3NTFhNDliY2MzMTBhZTdkMzliYTIy,,https://static.bihr.pro/eBihr/Pictures/TECNOSEL-pictures.zip,Spain Warehouse (Parts)
1091580,,23V04,TECNOSEL,TECNO STICKERS KIT,Kit adhesivos TECNOSEL Replica Team Suzuki 2001,116.52,96.30,62.60,8057912004857,0,8714109090,0,1,"<html> <head> <meta http-equiv=""Content-Type"" content=""text/html; charset=utf-8""><title> </title> <style type=""text/css"">.cs95E872D0{text-align:left;margin:0pt 0pt 0pt 0pt;}.csA7555675{color:#000;background-color:transparent;font-weight:normal;font-style:normal;}</style> </head> <body> <p>The sticker kit includes: tank pair, radiator shrouds pair, airbox pair, number plates, fork protections pair, swing arm pair, front fender and rear fender. </p><p> </p><p>The different pieces of the kit cannot be sold separately. The holes on the tank stickers allow the gasoline vapors to come out. In case of worn out tanks, this is not enough to prevent some slight detachments.</p><p> </p></body> </html>","       The sticker kit includes: tank pair, radiator shrouds pair, airbox pair, number plates, fork protections pair, swing arm pair, front fender and rear fender.  The different pieces of the kit cannot be sold separately. The holes on the tank stickers allow the gasoline vapors to come out. In case of worn out tanks, this is not enough to prevent some slight detachments.  ",VEHICLE PARTS & ACCESSORIES,ACCESSORIES,ACC. DESIGN PARTS,,,2440,595,498,350,14,,,https://api.mybihr.com/medias/800Wx800H-1091580-1.jpg?context=bWFzdGVyfHJvb3R8NjQwOTN8aW1hZ2UvanBlZ3xhRFkwTDJoaE5DODBPVEkyTURFM01EVXhNRE0yTmk4NE1EQlhlRGd3TUVoZk1UQTVNVFU0TUMweExtcHdad3w5YTQ4OTUwZGUwYWUxZmY2MzgxN2NlNzY1ZGMzYWE5N2EyMjFhYmE4NTlkNWEzYThlMmUyMjllODZjM2Q3ZjVm,https://api.mybihr.com/medias/800Wx800H-1091580-2.jpg?context=bWFzdGVyfHJvb3R8MTI5MzE3fGltYWdlL2pwZWd8YUdRM0wyZzVOaTgwT1RJMk1ERTNNRGt3TXpVNE1pODRNREJYZURnd01FaGZNVEE1TVRVNE1DMHlMbXB3Wnd8ZGRhMWM5NGYwMDc1NjAxOGI0MTIxMzU1NWFiNzM3NzE5ODk2MjgxNWU1YmVjNThjNzFiYzY5YmM3YTA4ZTk2Mw,,https://static.bihr.pro/eBihr/Pictures/TECNOSEL-pictures.zip,Spain Warehouse (Parts)
1091598,,50V00/10,TECNOSEL,TECNO BAR PAD MAICO VINTAGE,Protector/Morcilla TECNOSEL para manillar Maico,12.81,10.59,6.88,4140002099,0,8714999089,0,1,"<html> <head> <meta http-equiv=""Content-Type"" content=""text/html; charset=utf-8""><title> </title> <style type=""text/css"">.cs95E872D0{text-align:left;margin:0pt 0pt 0pt 0pt;}.csA7555675{color:#000;background-color:transparent;font-weight:normal;font-style:normal;}</style> </head> <body> <p>Traditional handlebar pad composed of a back-printed sheath made of crystall material (thickness 0,5 mm) and polyurethane inside. Size: 24,5 cm long and 1,2 cm internal diameter.</p></body> </html>","       Traditional handlebar pad composed of a back-printed sheath made of crystall material (thickness 0,5 mm) and polyurethane inside. Size: 24,5 cm long and 1,2 cm internal diameter. ",VEHICLE PARTS & ACCESSORIES,ACCESSORIES,ACC. DESIGN PARTS,,,1636,114,270,101,60,Maïco & Rojo,,https://api.mybihr.com/medias/1091598-1-800Wx800H?context=bWFzdGVyfHJvb3R8Njc3Mzh8aW1hZ2UvanBlZ3xhRFkzTDJneFlpODRPVEExTVRjek1EQTROREUwTHpFd09URTFPVGd0TVY4NE1EQlhlRGd3TUVnfDE5ZTY2ZGY0YzYyZmM2N2QzZGViMGQ4MTFkOGZiMzkwMTI1NDVmMjYzYTg5ODA1MmViNGQ1OWEyZWQ0NTA1Y2U,,,https://static.bihr.pro/eBihr/Pictures/TECNOSEL-pictures.zip,Spain Warehouse (Parts)
1091604,,55V00,TECNOSEL,TECNO STICKERS KTM VINTAGE,Adhesivos TECNOSEL Vintage KTM,33.66,27.82,18.08,55V00,0,8714999089,0,1,"<html> <head> <meta http-equiv=""Content-Type"" content=""text/html; charset=utf-8""><title> </title> <style type=""text/css"">.cs95E872D0{text-align:left;margin:0pt 0pt 0pt 0pt;}.csA7555675{color:#000;background-color:transparent;font-weight:normal;font-style:normal;}</style> </head> <body> <p>The kit is composed of a sheet made of back-printed crystall material (thickness 0,5 mm) containing pre-cut stickers of different sizes. Universal application on motorbikes or various surfaces.</p></body> </html>","       The kit is composed of a sheet made of back-printed crystall material (thickness 0,5 mm) containing pre-cut stickers of different sizes. Universal application on motorbikes or various surfaces. ",VEHICLE PARTS & ACCESSORIES,ACCESSORIES,ACC. DESIGN PARTS,,,2999,268,355,497,17,,,https://api.mybihr.com/medias/1091604-1-800Wx800H?context=bWFzdGVyfHJvb3R8MTg4OTQ3fGltYWdlL2pwZWd8YURCa0wyZ3lNaTg0T1RVd05EazVPVFkzTURBMkx6RXdPVEUyTURRdE1WODRNREJYZURnd01FZ3xhYzZhOTljMjRiNjc3N2E5NmI1OTIyOGJkOGY2NTg5MzYxMTZhY2RhOGYxNzJiMGEyNTA5ZDUzNTUwYjAwNjJi,,,https://static.bihr.pro/eBihr/Pictures/TECNOSEL-pictures.zip,Spain Warehouse (Parts)
1091606,,81V00,TECNOSEL,TECNO STICKERS HONDA TEAM 91,Kit adhesivos completo TECNOSEL Team Honda 1991,155.36,128.40,83.46,60300590,0,8714999089,0,1,"<html> <head> <meta http-equiv=""Content-Type"" content=""text/html; charset=utf-8""><title> </title> <style type=""text/css"">.cs95E872D0{text-align:left;margin:0pt 0pt 0pt 0pt;}.csA7555675{color:#000;background-color:transparent;font-weight:normal;font-style:normal;}.cs4FC7BF42{text-align:left;margin:0pt 0pt 0pt 0pt;list-style-type:disc;color:#000;background-color:transparent;font-weight:normal;font-style:normal;}</style> </head> <body> <p>The sticker kit includes: tank pair, radiator shrouds pair, airbox pair, number plates, fork protections pair, swing arm pair, front fender and rear fender. </p><p> </p><p>The different pieces of the kit cannot be sold separately. The holes on the tank stickers allow the gasoline vapors to come out. In case of worn out tanks, this is not enough to prevent some slight detachments. </p><p> </p><p>Seat cover to substitute the original one. Produced with non-slip material. Intended to renew the look of the the most popular off-road bikes.</p><p> </p><ul> <li>Quality ''''made in Italy''''</li><li>Precise finishings and shapes</li><li>Designed to ease the assembling</li><li>Captivating design</li><li>Original Replica TECNOSEL</li></ul> </body> </html>","       The sticker kit includes: tank pair, radiator shrouds pair, airbox pair, number plates, fork protections pair, swing arm pair, front fender and rear fender.  The different pieces of the kit cannot be sold separately. The holes on the tank stickers allow the gasoline vapors to come out. In case of worn out tanks, this is not enough to prevent some slight detachments.  Seat cover to substitute the original one. Produced with non-slip material. Intended to renew the look of the the most popular off-road bikes.  Quality ''''made in Italy''''Precise finishings and shapesDesigned to ease the assemblingCaptivating designOriginal Replica TECNOSEL  ",VEHICLE PARTS & ACCESSORIES,ACCESSORIES,ACC. DESIGN PARTS,,,5960,1038,498,352,34,,,https://api.mybihr.com/medias/1091606-1-800Wx800H?context=bWFzdGVyfHJvb3R8MTM0MzQwfGltYWdlL2pwZWd8YURVMUwyZzVZUzg0T1RJNU5UYzFOams0TkRZeUx6RXdPVEUyTURZdE1WODRNREJYZURnd01FZ3xlZTNkMDNlZTVhOThiYzVmMDMwN2U2MjJhZGE2MmQ4ZTRlYTc2YWVmMzM1MjQwZDVkZTc4MzMzZjFjMTRhYTkz,https://api.mybihr.com/medias/1091606-2-800Wx800H?context=bWFzdGVyfHJvb3R8MzI0NDU4fGltYWdlL2pwZWd8YURnMEwyZzVNeTg0T1RJNU5UYzFPRGsxTURjd0x6RXdPVEUyTURZdE1sODRNREJYZURnd01FZ3w0MGY1YTcwM2Y5YjlmOTZkOGFlYTFmMzFkMDQ0M2I1NWQ5MTRhZmE2YmE0Mzk3NGIyNjk3YzBkMTFlMjY4OTBi,https://api.mybihr.com/medias/1091606-3-800Wx800H?context=bWFzdGVyfHJvb3R8NTMwMDl8aW1hZ2UvanBlZ3xhREE1TDJnME5TODRPVEk1TlRjMk1Ea3hOamM0THpFd09URTJNRFl0TTE4NE1EQlhlRGd3TUVnfGUxNWUzZGZmZWUzZmQyMmMxYTQ3Nzg0NzA1ZTNiYzViYzA1NDIwZWE2ZDU3N2UwYjNhZWUzZGE1NTgwMWNhNTI,https://static.bihr.pro/eBihr/Pictures/TECNOSEL-pictures.zip,Spain Warehouse (Parts)
1091607,,81V01,TECNOSEL,TECNO STICKERS HONDA TEAM 91 USA,Kit adhesivos completo TECNOSEL Team Honda USA 1991,155.36,128.40,83.46,60300591,0,8714999089,0,1,"<html> <head> <meta http-equiv=""Content-Type"" content=""text/html; charset=utf-8""><title> </title> <style type=""text/css"">.cs95E872D0{text-align:left;margin:0pt 0pt 0pt 0pt;}.csA7555675{color:#000;background-color:transparent;font-weight:normal;font-style:normal;}.cs4FC7BF42{text-align:left;margin:0pt 0pt 0pt 0pt;list-style-type:disc;color:#000;background-color:transparent;font-weight:normal;font-style:normal;}</style> </head> <body> <p>The sticker kit includes: tank pair, radiator shrouds pair, airbox pair, number plates, fork protections pair, swing arm pair, front fender and rear fender. </p><p> </p><p>The different pieces of the kit cannot be sold separately. The holes on the tank stickers allow the gasoline vapors to come out. In case of worn out tanks, this is not enough to prevent some slight detachments. </p><p> </p><p>Seat cover to substitute the original one. Produced with non-slip material. Intended to renew the look of the the most popular off-road bikes.</p><p> </p><ul> <li>Quality ''''made in Italy''''</li><li>Precise finishings and shapes</li><li>Designed to ease the assembling</li><li>Captivating design</li><li>Original Replica TECNOSEL</li></ul> </body> </html>","       The sticker kit includes: tank pair, radiator shrouds pair, airbox pair, number plates, fork protections pair, swing arm pair, front fender and rear fender.  The different pieces of the kit cannot be sold separately. The holes on the tank stickers allow the gasoline vapors to come out. In case of worn out tanks, this is not enough to prevent some slight detachments.  Seat cover to substitute the original one. Produced with non-slip material. Intended to renew the look of the the most popular off-road bikes.  Quality ''''made in Italy''''Precise finishings and shapesDesigned to ease the assemblingCaptivating designOriginal Replica TECNOSEL  ",VEHICLE PARTS & ACCESSORIES,ACCESSORIES,ACC. DESIGN PARTS,,,6986,1033,350,499,40,,,https://api.mybihr.com/medias/1091607-1-800Wx800H?context=bWFzdGVyfHJvb3R8MTI4ODM1fGltYWdlL2pwZWd8YURSaUwyZ3paUzg0T1RJNU5UYzJNamc0TWpnMkx6RXdPVEUyTURjdE1WODRNREJYZURnd01FZ3wzN2Q0MzMxYmQ0YTZhM2QwZjg1NDhiNDZjYWFiYjRlY2YyYTE2NmU1ODBiYzc4YjA5ODcxZGI3Y2JjZjY1YzRi,https://api.mybihr.com/medias/1091607-2-800Wx800H?context=bWFzdGVyfHJvb3R8NTU3MjJ8aW1hZ2UvanBlZ3xhRGRpTDJnek55ODRPVEk1TlRjMk5EZzBPRGswTHpFd09URTJNRGN0TWw4NE1EQlhlRGd3TUVnfDQ5MWEyMjRkMTc5Njk3MTc1ODZiYmI4ZGUwZmIzNDNlNWM3MmVhZGM2MzcyNmMzYzc5NzJlNjVlZGFhYjMwMTI,https://api.mybihr.com/medias/1091607-3-800Wx800H?context=bWFzdGVyfHJvb3R8MjYwMzkwfGltYWdlL2pwZWd8YUdGaUwyZ3pNQzg0T1RJNU5UYzJOamd4TlRBeUx6RXdPVEUyTURjdE0xODRNREJYZURnd01FZ3w1OTEwYmIzODkyYWY4MjU0M2NkOGI0YzFlMDI2ZDEzZGMwYjNhZGU0Y2U3MjVlODMxYTJiMDdjYjZkMjg5MDdm,https://static.bihr.pro/eBihr/Pictures/TECNOSEL-pictures.zip,Spain Warehouse (Parts)
1091610,,81V04,TECNOSEL,TECNO STICKERS HONDA OEM 98,Kit adhesivos completo TECNOSEL OEM Honda 1998,155.36,128.40,83.46,60300593,0,8714999089,0,1,"<html> <head> <meta http-equiv=""Content-Type"" content=""text/html; charset=utf-8""><title> </title> <style type=""text/css"">.cs95E872D0{text-align:left;margin:0pt 0pt 0pt 0pt;}.csA7555675{color:#000;background-color:transparent;font-weight:normal;font-style:normal;}.cs4FC7BF42{text-align:left;margin:0pt 0pt 0pt 0pt;list-style-type:disc;color:#000;background-color:transparent;font-weight:normal;font-style:normal;}</style> </head> <body> <p>The sticker kit includes: tank pair, radiator shrouds pair, airbox pair, number plates, fork protections pair, swing arm pair, front fender and rear fender. </p><p> </p><p>The different pieces of the kit cannot be sold separately. The holes on the tank stickers allow the gasoline vapors to come out. In case of worn out tanks, this is not enough to prevent some slight detachments. </p><p> </p><p>Seat cover to substitute the original one. Produced with non-slip material. Intended to renew the look of the the most popular off-road bikes.</p><p> </p><ul> <li>Quality ''''made in Italy''''</li><li>Precise finishings and shapes</li><li>Designed to ease the assembling</li><li>Captivating design</li><li>Original Replica TECNOSEL</li></ul> </body> </html>","       The sticker kit includes: tank pair, radiator shrouds pair, airbox pair, number plates, fork protections pair, swing arm pair, front fender and rear fender.  The different pieces of the kit cannot be sold separately. The holes on the tank stickers allow the gasoline vapors to come out. In case of worn out tanks, this is not enough to prevent some slight detachments.  Seat cover to substitute the original one. Produced with non-slip material. Intended to renew the look of the the most popular off-road bikes.  Quality ''''made in Italy''''Precise finishings and shapesDesigned to ease the assemblingCaptivating designOriginal Replica TECNOSEL  ",VEHICLE PARTS & ACCESSORIES,ACCESSORIES,ACC. DESIGN PARTS,,,3299,731,499,348,19,,,https://api.mybihr.com/medias/1091610-1-800Wx800H?context=bWFzdGVyfHJvb3R8ODk5NzJ8aW1hZ2UvanBlZ3xhR1JpTDJneFlTODRPVFV3TlRBd01UWXpOakUwTHpFd09URTJNVEF0TVY4NE1EQlhlRGd3TUVnfDMzMjAyMzVjYmZiNzEwNzY0M2UxYTNiOTYxZTZlYWQyNTdiMTlhNTQ1NGJjZTE4OGNiYTZkODZkYzZlY2FjNWQ,https://api.mybihr.com/medias/1091610-2-800Wx800H?context=bWFzdGVyfHJvb3R8MjM1MzkyfGltYWdlL2pwZWd8YURCaEwyZ3hOQzg0T1RVd05UQXdNell3TWpJeUx6RXdPVEUyTVRBdE1sODRNREJYZURnd01FZ3xjODgwYTBkYThmNWQ1ZDYwMWU2YmMwZjM5Zjc2ZWUzZWY3ZjY1NjgyMDk5OTk3ZmQ3YTFmYWVjOTQ4Nzc5OTNl,https://api.mybihr.com/medias/1091610-3-800Wx800H?context=bWFzdGVyfHJvb3R8MzMxNDV8aW1hZ2UvanBlZ3xhRFJrTDJnd1pDODRPVFV3TlRBd05UVTJPRE13THpFd09URTJNVEF0TTE4NE1EQlhlRGd3TUVnfGQ2M2RmYjFjNGExMzEwNzQxOWVjNmJjNmQ4MzFjMTY4YTIyMzJhMzdmOTcxZTZjYjMzOTY3Yjk3ZWQ0MzI0MjE,https://static.bihr.pro/eBihr/Pictures/TECNOSEL-pictures.zip,Spain Warehouse (Parts)
1091587,,25V01/02,TECNOSEL,TECNO STICKERS KIT,Kit adhesivos TECNOSEL OEM KTM GS 74-76 fondo blanco,45.31,37.45,24.34,8057912005496,0,8714109090,0,1,"<html> <head> <meta http-equiv=""Content-Type"" content=""text/html; charset=utf-8""><title> </title> <style type=""text/css"">.cs95E872D0{text-align:left;margin:0pt 0pt 0pt 0pt;}.csA7555675{color:#000;background-color:transparent;font-weight:normal;font-style:normal;}</style> </head> <body> <p>The sticker kit includes: tank pair, radiator shrouds pair, airbox pair, number plates, fork protections pair, swing arm pair, front fender and rear fender. </p><p> </p><p>The different pieces of the kit cannot be sold separately. The holes on the tank stickers allow the gasoline vapors to come out. In case of worn out tanks, this is not enough to prevent some slight detachments.</p><p> </p></body> </html>","       The sticker kit includes: tank pair, radiator shrouds pair, airbox pair, number plates, fork protections pair, swing arm pair, front fender and rear fender.  The different pieces of the kit cannot be sold separately. The holes on the tank stickers allow the gasoline vapors to come out. In case of worn out tanks, this is not enough to prevent some slight detachments.  ",VEHICLE PARTS & ACCESSORIES,ACCESSORIES,ACC. DESIGN PARTS,,,4752,188,352,500,27,,,https://api.mybihr.com/medias/800Wx800H-1091587-1.jpg?context=bWFzdGVyfHJvb3R8NTc2NzN8aW1hZ2UvanBlZ3xhRGd4TDJoak9DODJNVGd6TlRreU5ESTBNalEyTWk4NE1EQlhlRGd3TUVoZk1UQTVNVFU0TnkweExtcHdad3xlYThlMTFmZTRiYTY0ZTRiYjdlYWNhNWNlZDI2MTk1YTI0Mjg5NWM1NDA5NjQ1MmM4M2RiNWQyNjk2NzVmYjc3,https://api.mybihr.com/medias/800Wx800H-1091587-2.jpg?context=bWFzdGVyfHJvb3R8NDU5MzV8aW1hZ2UvanBlZ3xhR1kwTDJoaVlTODJNVGd6TlRreU5EWXpOVFkzT0M4NE1EQlhlRGd3TUVoZk1UQTVNVFU0TnkweUxtcHdad3xjNjI5YTY4ZGVkZGFjZmE5ZWZjYTc5OTRiM2YxMjU0ZTM2OTdkNzc2MDE2MTM4N2I5MWY0MGEwZTEwNzUwYThk,,https://static.bihr.pro/eBihr/Pictures/TECNOSEL-pictures.zip,Spain Warehouse (Parts)
1091588,,26V00,TECNOSEL,TECNO STICKERS KIT,Kit adhesivos TECNOSEL Replica Team CH Racing Husqvarna 1993,116.52,96.30,62.60,60300686,0,8714109090,0,1,"<html> <head> <meta http-equiv=""Content-Type"" content=""text/html; charset=utf-8""><title> </title> <style type=""text/css"">.cs95E872D0{text-align:left;margin:0pt 0pt 0pt 0pt;}.csA7555675{color:#000;background-color:transparent;font-weight:normal;font-style:normal;}</style> </head> <body> <p>The sticker kit includes: tank pair, radiator shrouds pair, airbox pair, number plates, fork protections pair, swing arm pair, front fender and rear fender. </p><p> </p><p>The different pieces of the kit cannot be sold separately. The holes on the tank stickers allow the gasoline vapors to come out. In case of worn out tanks, this is not enough to prevent some slight detachments.</p><p> </p></body> </html>","       The sticker kit includes: tank pair, radiator shrouds pair, airbox pair, number plates, fork protections pair, swing arm pair, front fender and rear fender.  The different pieces of the kit cannot be sold separately. The holes on the tank stickers allow the gasoline vapors to come out. In case of worn out tanks, this is not enough to prevent some slight detachments.  ",VEHICLE PARTS & ACCESSORIES,ACCESSORIES,ACC. DESIGN PARTS,,,2116,389,352,501,12,,,https://api.mybihr.com/medias/800Wx800H-1091588-1.jpg?context=bWFzdGVyfHJvb3R8Njc0MDN8aW1hZ2UvanBlZ3xhR0ppTDJnMk5TODJNVGd6TlRreU5UQXlPRGc1TkM4NE1EQlhlRGd3TUVoZk1UQTVNVFU0T0MweExtcHdad3w3ZGUyNWU5YzdlYjAzNTc2NjA3ZmQxNjVmYjdhMTQ2Zjg4YmEzZDRkNjRiYjU2YzU2NzQ4ZDAzMThlMGQ0YzFj,https://api.mybihr.com/medias/800Wx800H-1091588-2.jpg?context=bWFzdGVyfHJvb3R8MzY3OTN8aW1hZ2UvanBlZ3xhREZoTDJnMU9DODJNVGd6TlRreU5UUXlNakV4TUM4NE1EQlhlRGd3TUVoZk1UQTVNVFU0T0MweUxtcHdad3xjMmExMDM2ZWRjYmU5ZDk4NzNkM2FlMTA1MTE5ZjQwOTZjNmYyNDMwYjY3NDUxYjIyMTE3NTgwOTc0YTRhNzlk,,https://static.bihr.pro/eBihr/Pictures/TECNOSEL-pictures.zip,Spain Warehouse (Parts)
1091589,,27V00,TECNOSEL,TECNO STICKERS KIT,Kit adhesivos TECNOSEL Replica Team Husaberg 1990,116.52,96.30,62.60,60300671,0,8714109090,0,1,"<html> <head> <meta http-equiv=""Content-Type"" content=""text/html; charset=utf-8""><title> </title> <style type=""text/css"">.cs95E872D0{text-align:left;margin:0pt 0pt 0pt 0pt;}.csA7555675{color:#000;background-color:transparent;font-weight:normal;font-style:normal;}</style> </head> <body> <p>The sticker kit includes: tank pair, radiator shrouds pair, airbox pair, number plates, fork protections pair, swing arm pair, front fender and rear fender. </p><p> </p><p>The different pieces of the kit cannot be sold separately. The holes on the tank stickers allow the gasoline vapors to come out. In case of worn out tanks, this is not enough to prevent some slight detachments.</p><p> </p></body> </html>","       The sticker kit includes: tank pair, radiator shrouds pair, airbox pair, number plates, fork protections pair, swing arm pair, front fender and rear fender.  The different pieces of the kit cannot be sold separately. The holes on the tank stickers allow the gasoline vapors to come out. In case of worn out tanks, this is not enough to prevent some slight detachments.  ",VEHICLE PARTS & ACCESSORIES,ACCESSORIES,ACC. DESIGN PARTS,,,4723,386,352,497,27,,,https://api.mybihr.com/medias/800Wx800H-1091589-1.jpg?context=bWFzdGVyfHJvb3R8NjA0Mzd8aW1hZ2UvanBlZ3xhRGhrTDJnMFlTODJNVGd6TlRreU5UZ3hOVE15Tmk4NE1EQlhlRGd3TUVoZk1UQTVNVFU0T1MweExtcHdad3xjYWVkZTYzNzhkOGQ2N2QxOTZkYTUzZmNjNzYwYWIwZmVhOWYxNWI2ZTNkMjEwMzljNGVjYzQ4MjYwMzc0NWZh,https://api.mybihr.com/medias/800Wx800H-1091589-2.jpg?context=bWFzdGVyfHJvb3R8MzI1MDV8aW1hZ2UvanBlZ3xhR0ZpTDJnd1lTODJNVGd6TlRreU5qSXdPRFUwTWk4NE1EQlhlRGd3TUVoZk1UQTVNVFU0T1MweUxtcHdad3wyMTQyYzI5M2EzN2U1MjRjZjVjY2JmYzVhYzJiNDVkNTBlN2RmMzQ1OGZjNGZiOWU3NjllMjc3NmJmZGMxNmVj,https://api.mybihr.com/medias/800Wx800H-1091589-3.jpg?context=bWFzdGVyfHJvb3R8MTE3NzZ8aW1hZ2UvanBlZ3xhRFJqTDJneE9DODJNVGd6TlRreU5qWXdNVGMxT0M4NE1EQlhlRGd3TUVoZk1UQTVNVFU0T1MwekxtcHdad3xhODk3ODAyNTA3MDk3ZWFiZDdkNDg2ZmNiZDNlODE1MGMyOTljMTk0M2UyODYxMmM4YzA4NmZmYzI0ODFmMzYz,https://static.bihr.pro/eBihr/Pictures/TECNOSEL-pictures.zip,Spain Warehouse (Parts)
1091542,,11V00,TECNOSEL,TECNO SEAT COVER TEAM HONDA 1991 USA,Funda de asiento TECNOSEL Team Honda 1991 USA,59.56,49.22,31.99,60000177,0,8714999089,0,1,"<html> <head> <meta http-equiv=""Content-Type"" content=""text/html; charset=utf-8""><title> </title> <style type=""text/css"">.cs95E872D0{text-align:left;margin:0pt 0pt 0pt 0pt;}.csA7555675{color:#000;background-color:transparent;font-weight:normal;font-style:normal;}.cs4FC7BF42{text-align:left;margin:0pt 0pt 0pt 0pt;list-style-type:disc;color:#000;background-color:transparent;font-weight:normal;font-style:normal;}</style> </head> <body> <p>Seat cover to substitute the original one. Produced with non-slip material. Intended to renew the look of the the most popular off-road bikes.</p><p> </p><ul> <li>Quality ''''made in Italy''''</li><li>Precise finishings and shapes</li><li>Designed to ease the assembling</li><li>Captivating design</li><li>Original Replica TECNOSEL</li></ul> </body> </html>","       Seat cover to substitute the original one. Produced with non-slip material. Intended to renew the look of the the most popular off-road bikes.  Quality ''''made in Italy''''Precise finishings and shapesDesigned to ease the assemblingCaptivating designOriginal Replica TECNOSEL  ",VEHICLE PARTS & ACCESSORIES,ACCESSORIES,ACC. DESIGN PARTS,,,5891,510,350,495,34,,,https://api.mybihr.com/medias/1091542-1-800Wx800H?context=bWFzdGVyfHJvb3R8NTMwMDl8aW1hZ2UvanBlZ3xhREl6TDJneVlpODRPVEk1TlRjeU56UTVNelF5THpFd09URTFOREl0TVY4NE1EQlhlRGd3TUVnfDAxOTJmMmEzZjM2MTJhOTczZTc4OWM4OGRjNGFhMGRkMzUyYmQxMmVkNDgxZWJiNWQxYjZkYmZiYzFiM2Q0MjQ,https://api.mybihr.com/medias/1091542-2-800Wx800H?context=bWFzdGVyfHJvb3R8MzI0NDU4fGltYWdlL2pwZWd8YUdZeUwyZ3pNUzg0T1RJNU5UY3lPVFExT1RVd0x6RXdPVEUxTkRJdE1sODRNREJYZURnd01FZ3xmMjRiMTc4NDNkZDU2MThmNTJiYjJmOWFmNDE3MzgyZjQwODhlMjMzMzJkYzVlYTNiMzNkZWE4ZWRmNDYzMzBm,,https://static.bihr.pro/eBihr/Pictures/TECNOSEL-pictures.zip,Spain Warehouse (Parts)
1091543,,11V01,TECNOSEL,TECNO SEAT COVER TEAM HONDA 1992,Funda de asiento TECNOSELTeam Honda 1992,59.56,49.22,31.99,11V01,1,8714999089,0,1,"<html> <head> <meta http-equiv=""Content-Type"" content=""text/html; charset=utf-8""><title> </title> <style type=""text/css"">.cs95E872D0{text-align:left;margin:0pt 0pt 0pt 0pt;}.csA7555675{color:#000;background-color:transparent;font-weight:normal;font-style:normal;}.cs4FC7BF42{text-align:left;margin:0pt 0pt 0pt 0pt;list-style-type:disc;color:#000;background-color:transparent;font-weight:normal;font-style:normal;}</style> </head> <body> <p>Seat cover to substitute the original one. Produced with non-slip material. Intended to renew the look of the the most popular off-road bikes.</p><p> </p><ul> <li>Quality ''''made in Italy''''</li><li>Precise finishings and shapes</li><li>Designed to ease the assembling</li><li>Captivating design</li><li>Original Replica TECNOSEL</li></ul> </body> </html>","       Seat cover to substitute the original one. Produced with non-slip material. Intended to renew the look of the the most popular off-road bikes.  Quality ''''made in Italy''''Precise finishings and shapesDesigned to ease the assemblingCaptivating designOriginal Replica TECNOSEL  ",VEHICLE PARTS & ACCESSORIES,ACCESSORIES,ACC. DESIGN PARTS,,,4200,436,500,350,24,,,https://api.mybihr.com/medias/1091543-1-800Wx800H?context=bWFzdGVyfHJvb3R8MzUzMTV8aW1hZ2UvanBlZ3xhRFF3TDJoaFlpODRPVFV3TkRrNE1EQXdPVEkyTHpFd09URTFORE10TVY4NE1EQlhlRGd3TUVnfGM3MDA1OWIyNzMzMDlhMDQwN2Y1Y2FhYjMwYWRjOTVjZDdjMTE1MGVmMzA3YTcyZDg0M2I4OGY1ZWFjYzA5Mjk,https://api.mybihr.com/medias/1091543-2-800Wx800H?context=bWFzdGVyfHJvb3R8Mjk0MjE0fGltYWdlL2pwZWd8YUdRekwyaGhOaTg0T1RVd05EazRNVGszTlRNMEx6RXdPVEUxTkRNdE1sODRNREJYZURnd01FZ3xkY2M4NDVmMjNkOTRjZmM1ZTg2ZDJlZDdmYTM4NDA0YTY1NDU0ZTMzMzBiZDk4NTdhMWVjNTlmZTUwZDJkMzg0,,https://static.bihr.pro/eBihr/Pictures/TECNOSEL-pictures.zip,Spain Warehouse (Parts)
1091545,,11V03,TECNOSEL,TECNO SEAT COVER TEAM HONDA 1998,Funda de asiento TECNOSEL,59.56,49.22,31.99,60000180,0,8714999089,0,1,"<html> <head> <meta http-equiv=""Content-Type"" content=""text/html; charset=utf-8""><title> </title> <style type=""text/css"">.cs95E872D0{text-align:left;margin:0pt 0pt 0pt 0pt;}.csA7555675{color:#000;background-color:transparent;font-weight:normal;font-style:normal;}.cs4FC7BF42{text-align:left;margin:0pt 0pt 0pt 0pt;list-style-type:disc;color:#000;background-color:transparent;font-weight:normal;font-style:normal;}</style> </head> <body> <p>Seat cover to substitute the original one. Produced with non-slip material. Intended to renew the look of the the most popular off-road bikes.</p><p> </p><ul> <li>Quality ''''made in Italy''''</li><li>Precise finishings and shapes</li><li>Designed to ease the assembling</li><li>Captivating design</li><li>Original Replica TECNOSEL</li></ul> </body> </html>","       Seat cover to substitute the original one. Produced with non-slip material. Intended to renew the look of the the most popular off-road bikes.  Quality ''''made in Italy''''Precise finishings and shapesDesigned to ease the assemblingCaptivating designOriginal Replica TECNOSEL  ",VEHICLE PARTS & ACCESSORIES,ACCESSORIES,ACC. DESIGN PARTS,,,2426,355,350,495,14,,,https://api.mybihr.com/medias/1091545-1-800Wx800H?context=bWFzdGVyfHJvb3R8MzMxNDV8aW1hZ2UvanBlZ3xhRFptTDJnNE1DODRPVEk1TlRjek1UUXlOVFU0THpFd09URTFORFV0TVY4NE1EQlhlRGd3TUVnfGM2NDg0YjVkZTIxYjIxNzJjYzEzNmZiNjc5YjU3NTAzZTJlNTllMjQ1YTliMjM4MDcyZmQyYTQzYTJlNjE1OTk,https://api.mybihr.com/medias/1091545-2-800Wx800H?context=bWFzdGVyfHJvb3R8MjM1MzkyfGltYWdlL2pwZWd8YURKakwyZzROeTg0T1RJNU5UY3pNek01TVRZMkx6RXdPVEUxTkRVdE1sODRNREJYZURnd01FZ3w2ODJiNDM0NTE2ZGFlYzVmNTE4ZWNjY2U0YzlhMzE3MmE1ZGVjZmQ2NmY3N2MzNjM5YzBiY2VmNmJlN2M0NTk1,,https://static.bihr.pro/eBihr/Pictures/TECNOSEL-pictures.zip,Spain Warehouse (Parts)
1091585,,25V00,TECNOSEL,TECNO STICKERS KIT,Kit adhesivos TECNOSEL Replica Team KTM Enduro 1994,116.52,96.30,62.60,60300685,2,8714109090,0,1,"<html> <head> <meta http-equiv=""Content-Type"" content=""text/html; charset=utf-8""><title> </title> <style type=""text/css"">.cs95E872D0{text-align:left;margin:0pt 0pt 0pt 0pt;}.csA7555675{color:#000;background-color:transparent;font-weight:normal;font-style:normal;}</style> </head> <body> <p>The sticker kit includes: tank pair, radiator shrouds pair, airbox pair, number plates, fork protections pair, swing arm pair, front fender and rear fender. </p><p> </p><p>The different pieces of the kit cannot be sold separately. The holes on the tank stickers allow the gasoline vapors to come out. In case of worn out tanks, this is not enough to prevent some slight detachments.</p><p> </p></body> </html>","       The sticker kit includes: tank pair, radiator shrouds pair, airbox pair, number plates, fork protections pair, swing arm pair, front fender and rear fender.  The different pieces of the kit cannot be sold separately. The holes on the tank stickers allow the gasoline vapors to come out. In case of worn out tanks, this is not enough to prevent some slight detachments.  ",VEHICLE PARTS & ACCESSORIES,ACCESSORIES,ACC. DESIGN PARTS,,,1276,379,355,599,6,,,https://api.mybihr.com/medias/800Wx800H-1091585-1.jpg?context=bWFzdGVyfHJvb3R8MzY5MTV8aW1hZ2UvanBlZ3xhR0UwTDJoa05DODJNVGd6TlRreU16UTFOakF6TUM4NE1EQlhlRGd3TUVoZk1UQTVNVFU0TlMweExtcHdad3w0MzhiYzNjNTA0YThiZjFiMGQyYWEzYTZmYzZiNGVkOWQwZjIwNDFiNTg3M2VhODczMDQ3NGJlZGJiMzhiYTgz,,,https://static.bihr.pro/eBihr/Pictures/TECNOSEL-pictures.zip,Spain Warehouse (Parts)
1091547,,11V05,TECNOSEL,TECNO SEAT COVER,Funda de asiento TECNOSEL Replica Team Honda 1988,59.56,49.22,31.99,8057912000712,0,8714109090,0,1,"<html> <head> <meta http-equiv=""Content-Type"" content=""text/html; charset=utf-8""><title> </title> <style type=""text/css"">.cs95E872D0{text-align:left;margin:0pt 0pt 0pt 0pt;}.csA7555675{color:#000;background-color:transparent;font-weight:normal;font-style:normal;}.cs4FC7BF42{text-align:left;margin:0pt 0pt 0pt 0pt;list-style-type:disc;color:#000;background-color:transparent;font-weight:normal;font-style:normal;}</style> </head> <body> <p>Seat cover to substitute the original one. Produced with non-slip material. Intended to renew the look of the the most popular off-road bikes.</p><p> </p><ul> <li>Made in Italy</li><li>Precise finishings and shapes</li><li>Designed to ease the assembling</li><li>Captivating design</li><li>Original Replica TECNOSEL</li></ul> </body> </html>","       Seat cover to substitute the original one. Produced with non-slip material. Intended to renew the look of the the most popular off-road bikes.  Made in ItalyPrecise finishings and shapesDesigned to ease the assemblingCaptivating designOriginal Replica TECNOSEL  ",VEHICLE PARTS & ACCESSORIES,ACCESSORIES,ACC. DESIGN PARTS,,,3473,359,499,348,20,,,https://api.mybihr.com/medias/800Wx800H-1091547-1.jpg?context=bWFzdGVyfHJvb3R8MTQxNzI2fGltYWdlL2pwZWd8YUdVMkwyZ3haaTgyTVRnek5Ua3hPRGN6TnpRek9DODRNREJYZURnd01FaGZNVEE1TVRVME55MHhMbXB3Wnd8MTNiYTMwNDBlYmYyMzU1N2FlNWEwOTIzZTM2OGZjZjY5MTY2MDRjZDM3MTliMGY3NmI1MGM0MGNjMTM4NjYxMg,https://api.mybihr.com/medias/800Wx800H-1091547-2.jpg?context=bWFzdGVyfHJvb3R8NzUxMjV8aW1hZ2UvanBlZ3xhRE15TDJnM05TODJNVGd6TlRreE9URXpNRFkxTkM4NE1EQlhlRGd3TUVoZk1UQTVNVFUwTnkweUxtcHdad3wwNTM4NWMxZjc1ZWQ4ODE1OTI5NmVhYWM2ZTg2NGVjMTRlNWRmNmYyYmFhOWRmOWI1ZjAxM2UwMDJjN2NmYWEy,https://api.mybihr.com/medias/800Wx800H-1091547-3.jpg?context=bWFzdGVyfHJvb3R8MTY4NDV8aW1hZ2UvanBlZ3xhR0ptTDJnNE1pODJNVGd6TlRreE9UVXlNemczTUM4NE1EQlhlRGd3TUVoZk1UQTVNVFUwTnkwekxtcHdad3xmYTc2ZDNmZDlhYjFlNDY4Yzc0MGRhMDgxZjA0YjRjNzRiY2MwZTJiZTMzZjg2YzQzZmFmNmM1YjEwNjAxMmVi,https://static.bihr.pro/eBihr/Pictures/TECNOSEL-pictures.zip,Spain Warehouse (Parts)
1091549,,12V00,TECNOSEL,TECNO SEAT COVER OEM YAMAHA 1992,Funda de asiento TECNOSEL OEM Yamaha 1992,59.56,49.22,31.99,12V00,0,8714999089,0,1,"<html> <head> <meta http-equiv=""Content-Type"" content=""text/html; charset=utf-8""><title> </title> <style type=""text/css"">.cs95E872D0{text-align:left;margin:0pt 0pt 0pt 0pt;}.csA7555675{color:#000;background-color:transparent;font-weight:normal;font-style:normal;}.cs4FC7BF42{text-align:left;margin:0pt 0pt 0pt 0pt;list-style-type:disc;color:#000;background-color:transparent;font-weight:normal;font-style:normal;}</style> </head> <body> <p>Seat cover to substitute the original one. Produced with non-slip material. Intended to renew the look of the the most popular off-road bikes.</p><p> </p><ul> <li>Quality ''''made in Italy''''</li><li>Precise finishings and shapes</li><li>Designed to ease the assembling</li><li>Captivating design</li><li>Original Replica TECNOSEL</li></ul> </body> </html>","       Seat cover to substitute the original one. Produced with non-slip material. Intended to renew the look of the the most popular off-road bikes.  Quality ''''made in Italy''''Precise finishings and shapesDesigned to ease the assemblingCaptivating designOriginal Replica TECNOSEL  ",VEHICLE PARTS & ACCESSORIES,ACCESSORIES,ACC. DESIGN PARTS,,,2599,365,350,495,15,,,https://api.mybihr.com/medias/1091549-1-800Wx800H?context=bWFzdGVyfHJvb3R8MzMxODR8aW1hZ2UvanBlZ3xhRGRtTDJnMllpODRPVE0yTXpJMU16Z3lNVGMwTHpFd09URTFORGt0TVY4NE1EQlhlRGd3TUVnfDc1OGI3MTY3MWVlMzNhNDc5NTMzMTU3ZGRiZTkxNjc4N2NhNzI3ZDAxNThjZDJjZjgxN2I0MThkOGEyMGU3NzE,https://api.mybihr.com/medias/1091549-2-800Wx800H?context=bWFzdGVyfHJvb3R8MzEwNTM2fGltYWdlL2pwZWd8YUROakwyZzNNaTg0T1RNMk16STFOVGM0TnpneUx6RXdPVEUxTkRrdE1sODRNREJYZURnd01FZ3xiMzQ3ZmM5NmNkMmRmZjcyMGY1OTFiNGJhMTY4OGYyMmE3YTk1MDI4OGZhYjJhYjgwMWUwYzRjMTI4MDViNWRj,,https://static.bihr.pro/eBihr/Pictures/TECNOSEL-pictures.zip,Spain Warehouse (Parts)
1091579,,23V03,TECNOSEL,TECNO STICKERS KIT,Kit adhesivos TECNOSEL Team Suzuki 1999,116.52,96.30,62.60,8057912004840,1,8714999089,0,1,"<html> <head> <meta http-equiv=""Content-Type"" content=""text/html; charset=utf-8""><title> </title> <style type=""text/css"">.cs95E872D0{text-align:left;margin:0pt 0pt 0pt 0pt;}.csA7555675{color:#000;background-color:transparent;font-weight:normal;font-style:normal;}</style> </head> <body> <p>The sticker kit includes: tank pair, radiator shrouds pair, airbox pair, number plates, fork protections pair, swing arm pair, front fender and rear fender. </p><p> </p><p>The different pieces of the kit cannot be sold separately. The holes on the tank stickers allow the gasoline vapors to come out. In case of worn out tanks, this is not enough to prevent some slight detachments.</p></body> </html>","       The sticker kit includes: tank pair, radiator shrouds pair, airbox pair, number plates, fork protections pair, swing arm pair, front fender and rear fender.  The different pieces of the kit cannot be sold separately. The holes on the tank stickers allow the gasoline vapors to come out. In case of worn out tanks, this is not enough to prevent some slight detachments. ",VEHICLE PARTS & ACCESSORIES,ACCESSORIES,ACC. DESIGN PARTS,,,1230,691,352,499,7,,,https://api.mybihr.com/medias/1091579-1-800Wx800H?context=bWFzdGVyfHJvb3R8MjIwNTcwfGltYWdlL2pwZWd8YURZekwyaG1aUzg0T1RJNU5UYzBOekUxTkRJeUx6RXdPVEUxTnprdE1WODRNREJYZURnd01FZ3xjNDZhNDM4MzlhZWVhZDhhYmY4ODRmYjU5NmVmMTFjYTBiMWM0YzZkOGQ4MzEwZGRiYzJlNzg2MTJhNmRlM2I2,https://api.mybihr.com/medias/1091579-2-800Wx800H?context=bWFzdGVyfHJvb3R8Mjk2NjAyfGltYWdlL2pwZWd8YUdOaUwyaG1ZUzg0T1RJNU5UYzBPVEV5TURNd0x6RXdPVEUxTnprdE1sODRNREJYZURnd01FZ3xjYTU3MTcxNzE1OTc1OWIxNjMxMzVhMGYxNjM4ZThiMWRjOWI1N2M4N2ZhMmJiY2UwZDY0MDY0ZjhmNzMwY2Q1,,https://static.bihr.pro/eBihr/Pictures/TECNOSEL-pictures.zip,Spain Warehouse (Parts)
1091577,,23V01,TECNOSEL,TECNO STICKERS KIT,Kit adhesivos TECNOSEL Team Suzuki 1993,116.52,96.30,62.60,8057912004826,0,8714999089,0,1,"<html> <head> <meta http-equiv=""Content-Type"" content=""text/html; charset=utf-8""><title> </title> <style type=""text/css"">.cs95E872D0{text-align:left;margin:0pt 0pt 0pt 0pt;}.csA7555675{color:#000;background-color:transparent;font-weight:normal;font-style:normal;}</style> </head> <body> <p>The sticker kit includes: tank pair, radiator shrouds pair, airbox pair, number plates, fork protections pair, swing arm pair, front fender and rear fender. </p><p> </p><p>The different pieces of the kit cannot be sold separately. The holes on the tank stickers allow the gasoline vapors to come out. In case of worn out tanks, this is not enough to prevent some slight detachments.</p></body> </html>","       The sticker kit includes: tank pair, radiator shrouds pair, airbox pair, number plates, fork protections pair, swing arm pair, front fender and rear fender.  The different pieces of the kit cannot be sold separately. The holes on the tank stickers allow the gasoline vapors to come out. In case of worn out tanks, this is not enough to prevent some slight detachments. ",VEHICLE PARTS & ACCESSORIES,ACCESSORIES,ACC. DESIGN PARTS,,,1230,395,350,502,7,,,https://api.mybihr.com/medias/1091577-1-800Wx800H?context=bWFzdGVyfHJvb3R8MTU2NDc0fGltYWdlL2pwZWd8YURWbEwyZzRNaTg0T1RReE9UUTNOekUxTmpFMEx6RXdPVEUxTnpjdE1WODRNREJYZURnd01FZ3wxMzhkOTdhOTI0MTViM2JkM2ZlYzJhN2NmYjdjMmQ2OTViZTY3ZWViMTE1YjIyMDJkNDIxYzc2NDA4ZjFmNTQy,https://api.mybihr.com/medias/1091577-2-800Wx800H?context=bWFzdGVyfHJvb3R8Mjc5NDE5fGltYWdlL2pwZWd8YURobEwyZzNZaTg0T1RReE9UUTNPVEV5TWpJeUx6RXdPVEUxTnpjdE1sODRNREJYZURnd01FZ3xjMGFkMGM1NWFlNDkwZmQ5OTRlYTFmMTRkMjFiMWFkMDU0OTM1OWUxODllZmRjNmM3MDA5MGZhYjVkOGQxNjg2,,https://static.bihr.pro/eBihr/Pictures/TECNOSEL-pictures.zip,Spain Warehouse (Parts)
1091595,,3GV01/000006,TECNOSEL,TECNO STICKERS NUMBER PLATE,Juego adhesivos porta números oval TECNOSEL Kreidler Florett RS-GS,30.25,25.00,16.25,60600118,0,8714109090,0,1,"<html> <head> <meta http-equiv=""Content-Type"" content=""text/html; charset=utf-8""><title> </title> <style type=""text/css"">.cs95E872D0{text-align:left;margin:0pt 0pt 0pt 0pt;}.csA7555675{color:#000;background-color:transparent;font-weight:normal;font-style:normal;}</style> </head> <body> <p>The sticker kit includes: front plate and side plates. </p><p>The different pieces of the kit cannot be sold separately.</p><p> </p></body> </html>","       The sticker kit includes: front plate and side plates. The different pieces of the kit cannot be sold separately.  ",VEHICLE PARTS & ACCESSORIES,ACCESSORIES,ACC. DESIGN PARTS,,,620,163,253,350,7,,,https://api.mybihr.com/medias/800Wx800H-1091595-1.jpg?context=bWFzdGVyfHJvb3R8MTc2MjF8aW1hZ2UvanBlZ3xhR05pTDJobU5pODJNVGd6TlRreU9EazJNVEExTkM4NE1EQlhlRGd3TUVoZk1UQTVNVFU1TlMweExtcHdad3w2MWJiMzI4MGY4OWY1OTRhNTgyMjljNGY0NTdlYjE4OTE0NDE0OWYxZDJjYzEyYWI2NDE3NWQ1NmRiZmRhZGRm,,,https://static.bihr.pro/eBihr/Pictures/TECNOSEL-pictures.zip,Spain Warehouse (Parts)
1091605,,56V00,TECNOSEL,TECNO STICKERS HUSQVARNA VINTAGE,Adhesivos TECNOSEL Vintage Husqvarna,33.66,27.82,18.08,8057912028051,0,8714999089,0,1,"<html> <head> <meta http-equiv=""Content-Type"" content=""text/html; charset=utf-8""><title> </title> <style type=""text/css"">.cs95E872D0{text-align:left;margin:0pt 0pt 0pt 0pt;}.csA7555675{color:#000;background-color:transparent;font-weight:normal;font-style:normal;}</style> </head> <body> <p>The kit is composed of a sheet made of back-printed crystall material (thickness 0,5 mm) containing pre-cut stickers of different sizes. Universal application on motorbikes or various surfaces.</p></body> </html>","       The kit is composed of a sheet made of back-printed crystall material (thickness 0,5 mm) containing pre-cut stickers of different sizes. Universal application on motorbikes or various surfaces. ",VEHICLE PARTS & ACCESSORIES,ACCESSORIES,ACC. DESIGN PARTS,,,1584,264,352,500,9,,,https://api.mybihr.com/medias/1091605-1-800Wx800H?context=bWFzdGVyfHJvb3R8MjAwNzk3fGltYWdlL2pwZWd8YURnMEwyZ3haaTg0T1RReE9UUTROVEF5TURRMkx6RXdPVEUyTURVdE1WODRNREJYZURnd01FZ3wyMWRlYzFkNmQyNWI2Y2ZmYWQ5OWJjZDllMGYyNzI2YjY4YTI3NTQ1ZWM5ODFlMjAzY2RiZGFmNmM4Yzc0ZWU4,,,https://static.bihr.pro/eBihr/Pictures/TECNOSEL-pictures.zip,Spain Warehouse (Parts)
1091583,,24V02,TECNOSEL,TECNO STICKERS KIT,Kit adhesivos TECNOSEL Team Kawasaki 1998,116.52,96.30,62.60,60300541,0,8714999089,0,1,"<html> <head> <meta http-equiv=""Content-Type"" content=""text/html; charset=utf-8""><title> </title> <style type=""text/css"">.cs95E872D0{text-align:left;margin:0pt 0pt 0pt 0pt;}.csA7555675{color:#000;background-color:transparent;font-weight:normal;font-style:normal;}</style> </head> <body> <p>The sticker kit includes: tank pair, radiator shrouds pair, airbox pair, number plates, fork protections pair, swing arm pair, front fender and rear fender. </p><p> </p><p>The different pieces of the kit cannot be sold separately. The holes on the tank stickers allow the gasoline vapors to come out. In case of worn out tanks, this is not enough to prevent some slight detachments.</p></body> </html>","       The sticker kit includes: tank pair, radiator shrouds pair, airbox pair, number plates, fork protections pair, swing arm pair, front fender and rear fender.  The different pieces of the kit cannot be sold separately. The holes on the tank stickers allow the gasoline vapors to come out. In case of worn out tanks, this is not enough to prevent some slight detachments. ",VEHICLE PARTS & ACCESSORIES,ACCESSORIES,ACC. DESIGN PARTS,,,1756,465,499,352,10,,,https://api.mybihr.com/medias/1091583-1-800Wx800H?context=bWFzdGVyfHJvb3R8MTkxNjIyfGltYWdlL2pwZWd8YUdNMkwyaGxaUzg0T0RjM01EVXpORGMyT0RrMEx6RXdPVEUxT0RNdE1WODRNREJYZURnd01FZ3w4OTc1MDU1NGUyYTIzYzZhMDkyZWQxY2UyNWVmZGQ2Mjg0MTAxZmVjOTEzOWYwMjljMDJiZTgyNTE5YjNiYmJh,https://api.mybihr.com/medias/1091583-2-800Wx800H?context=bWFzdGVyfHJvb3R8MzMwOTQ5fGltYWdlL2pwZWd8YUdZMkwyaGxOeTg0T0RjM01EVXpOamN6TlRBeUx6RXdPVEUxT0RNdE1sODRNREJYZURnd01FZ3wxZWE3YjVlNTg0ZmNhYzRmODI5NmVmOTgxMzYxY2Y1OTllZTM5YWZkNDQ3NTg0M2IwOWUxNjIyMjhmMThhODA1,,https://static.bihr.pro/eBihr/Pictures/TECNOSEL-pictures.zip,Spain Warehouse (Parts)
1091590,,2FV00,TECNOSEL,TECNO STICKERS KIT,Kit adhesivos TECNOSEL Replica OEM Kramer 1980,25.89,21.40,13.91,60300678,0,8714109090,0,1,"<html> <head> <meta http-equiv=""Content-Type"" content=""text/html; charset=utf-8""><title> </title> <style type=""text/css"">.cs95E872D0{text-align:left;margin:0pt 0pt 0pt 0pt;}.csA7555675{color:#000;background-color:transparent;font-weight:normal;font-style:normal;}</style> </head> <body> <p>The sticker kit includes: tank pair, radiator shrouds pair, airbox pair, number plates, fork protections pair, swing arm pair, front fender and rear fender. </p><p> </p><p>The different pieces of the kit cannot be sold separately. The holes on the tank stickers allow the gasoline vapors to come out. In case of worn out tanks, this is not enough to prevent some slight detachments.</p><p> </p></body> </html>","       The sticker kit includes: tank pair, radiator shrouds pair, airbox pair, number plates, fork protections pair, swing arm pair, front fender and rear fender.  The different pieces of the kit cannot be sold separately. The holes on the tank stickers allow the gasoline vapors to come out. In case of worn out tanks, this is not enough to prevent some slight detachments.  ",VEHICLE PARTS & ACCESSORIES,ACCESSORIES,ACC. DESIGN PARTS,,,620,100,253,350,7,,,https://api.mybihr.com/medias/800Wx800H-1091590-1.jpg?context=bWFzdGVyfHJvb3R8MTI5NTMxfGltYWdlL2pwZWd8YURnNUwyZ3lNeTgyTVRnek5Ua3lOams1TkRrM05DODRNREJYZURnd01FaGZNVEE1TVRVNU1DMHhMbXB3Wnd8ZjJiZGYxOWJlOTY3ZGFiMDlmYjhhNmU5YjZmNTU4NzY5Y2NhZmJkNjdhNWQ5Yjk3ZTI4NWIyNTFiYTllNjY3MQ,,,https://static.bihr.pro/eBihr/Pictures/TECNOSEL-pictures.zip,Spain Warehouse (Parts)
1091591,,2FV01/01,TECNOSEL,TECNO STICKERS KIT,Kit adhesivos TECNOSEL Replica OEM Kramer 1981 rojo,45.31,37.45,24.34,60300688,0,8714109090,0,1,"<html> <head> <meta http-equiv=""Content-Type"" content=""text/html; charset=utf-8""><title> </title> <style type=""text/css"">.cs95E872D0{text-align:left;margin:0pt 0pt 0pt 0pt;}.csA7555675{color:#000;background-color:transparent;font-weight:normal;font-style:normal;}</style> </head> <body> <p>The sticker kit includes: tank pair, radiator shrouds pair, airbox pair, number plates, fork protections pair, swing arm pair, front fender and rear fender. </p><p> </p><p>The different pieces of the kit cannot be sold separately. The holes on the tank stickers allow the gasoline vapors to come out. In case of worn out tanks, this is not enough to prevent some slight detachments.</p><p> </p></body> </html>","       The sticker kit includes: tank pair, radiator shrouds pair, airbox pair, number plates, fork protections pair, swing arm pair, front fender and rear fender.  The different pieces of the kit cannot be sold separately. The holes on the tank stickers allow the gasoline vapors to come out. In case of worn out tanks, this is not enough to prevent some slight detachments.  ",VEHICLE PARTS & ACCESSORIES,ACCESSORIES,ACC. DESIGN PARTS,,,799,166,253,351,9,,,https://api.mybihr.com/medias/800Wx800H-1091591-1.jpg?context=bWFzdGVyfHJvb3R8NTk2NTN8aW1hZ2UvanBlZ3xhR016TDJnM09DODJNVGd6TlRreU56TTRPREU1TUM4NE1EQlhlRGd3TUVoZk1UQTVNVFU1TVMweExtcHdad3w3ZGZlZTI0OWIwNzExODJkOTZhMjcyZTA1YWM0NTBmMDU4NjIzZDg2MDQ0MjRkZmQ5NDM4MGNmZmFjZDI4MGFi,https://api.mybihr.com/medias/800Wx800H-1091591-2.jpg?context=bWFzdGVyfHJvb3R8ODkxOTd8aW1hZ2UvanBlZ3xhRFl6TDJnNE5pODJNVGd6TlRreU56YzRNVFF3Tmk4NE1EQlhlRGd3TUVoZk1UQTVNVFU1TVMweUxtcHdad3wxZTg0NDYwZGRkZDQ5YzhiNmQ4NWU0NTU0MzU1MDA3ZjA4NDFlYmFkMjE0YjAzZDI1ODgwZDgwODE5YTdlNjgw,,https://static.bihr.pro/eBihr/Pictures/TECNOSEL-pictures.zip,Spain Warehouse (Parts)
1091570,,21V07,TECNOSEL,TECNO STICKERS KIT,Kit adhesivos TECNOSEL Replica Team Honda Maddii 1995,116.52,96.30,62.60,60300679,0,8714109090,0,1,"<html> <head> <meta http-equiv=""Content-Type"" content=""text/html; charset=utf-8""><title> </title> <style type=""text/css"">.cs95E872D0{text-align:left;margin:0pt 0pt 0pt 0pt;}.csA7555675{color:#000;background-color:transparent;font-weight:normal;font-style:normal;}</style> </head> <body> <p>The sticker kit includes: tank pair, radiator shrouds pair, airbox pair, number plates, fork protections pair, swing arm pair, front fender and rear fender. </p><p> </p><p>The different pieces of the kit cannot be sold separately. The holes on the tank stickers allow the gasoline vapors to come out. In case of worn out tanks, this is not enough to prevent some slight detachments.</p><p> </p></body> </html>","       The sticker kit includes: tank pair, radiator shrouds pair, airbox pair, number plates, fork protections pair, swing arm pair, front fender and rear fender.  The different pieces of the kit cannot be sold separately. The holes on the tank stickers allow the gasoline vapors to come out. In case of worn out tanks, this is not enough to prevent some slight detachments.  ",VEHICLE PARTS & ACCESSORIES,ACCESSORIES,ACC. DESIGN PARTS,,,3864,561,352,499,22,,,https://api.mybihr.com/medias/800Wx800H-1091570-1.jpg?context=bWFzdGVyfHJvb3R8MTEwMzQ4fGltYWdlL2pwZWd8YURBMUwyaGlNaTgwT1RJMk1ERTNNREV4TnpFMU1DODRNREJYZURnd01FaGZNVEE1TVRVM01DMHhMbXB3Wnd8NDViZTgyOTRiMWU1NDUxZWJjZTYwYTk4OTc5NjMxYzE2NTc0ZDk2MzM1ODgzZGRkYmNjYzEzM2U2ZmJkN2NlOQ,,,https://static.bihr.pro/eBihr/Pictures/TECNOSEL-pictures.zip,Spain Warehouse (Parts)
1091575,,22V03,TECNOSEL,TECNO STICKERS KIT,Kit adhesivos TECNOSEL Replica Team Yamaha 1993 USA,116.52,96.30,62.60,8057912004666,0,8714109090,0,1,"<html> <head> <meta http-equiv=""Content-Type"" content=""text/html; charset=utf-8""><title> </title> <style type=""text/css"">.cs95E872D0{text-align:left;margin:0pt 0pt 0pt 0pt;}.csA7555675{color:#000;background-color:transparent;font-weight:normal;font-style:normal;}</style> </head> <body> <p>The sticker kit includes: tank pair, radiator shrouds pair, airbox pair, number plates, fork protections pair, swing arm pair, front fender and rear fender. </p><p> </p><p>The different pieces of the kit cannot be sold separately. The holes on the tank stickers allow the gasoline vapors to come out. In case of worn out tanks, this is not enough to prevent some slight detachments.</p><p> </p></body> </html>","       The sticker kit includes: tank pair, radiator shrouds pair, airbox pair, number plates, fork protections pair, swing arm pair, front fender and rear fender.  The different pieces of the kit cannot be sold separately. The holes on the tank stickers allow the gasoline vapors to come out. In case of worn out tanks, this is not enough to prevent some slight detachments.  ",VEHICLE PARTS & ACCESSORIES,ACCESSORIES,ACC. DESIGN PARTS,,,3857,485,352,498,22,,,https://api.mybihr.com/medias/800Wx800H-1091575-1.jpg?context=bWFzdGVyfHJvb3R8MTMzMjk4fGltYWdlL2pwZWd8YUdOaEwyZzNNUzgyTVRnek5Ua3lNalkyT1RVNU9DODRNREJYZURnd01FaGZNVEE1TVRVM05TMHhMbXB3Wnd8OTRjYWZmYzFkMmY3MWJmZGQ5ODA1NWU3NzBlNzU2YjA3YzM5ZjI3MjMwYjY2MzYxMTU4YWZmNzRlZjExOGU2OA,https://api.mybihr.com/medias/800Wx800H-1091575-2.jpg?context=bWFzdGVyfHJvb3R8NDIxNjB8aW1hZ2UvanBlZ3xhREUyTDJoak55ODJNVGd6TlRreU16QTJNamd4TkM4NE1EQlhlRGd3TUVoZk1UQTVNVFUzTlMweUxtcHdad3w1MmUzYTA0OTdiYmJmMWZkZmMzMmU4M2I3Y2ZjMjI2OTQzYzAyYmNhODVlZWUzZDFlNTBhN2Y4OGM1MDY5ZmRi,,https://static.bihr.pro/eBihr/Pictures/TECNOSEL-pictures.zip,Spain Warehouse (Parts)
1091546,,11V04,TECNOSEL,TECNO SEAT COVER OEM Honda 1998,Funda de asiento TECNOSEL Team Honda Maddii 1995,59.56,49.22,31.99,11V04,0,8714999089,0,1,"<p>Seat cover to substitute the original one. Produced with non-slip material. Intended to renew the look of the the most popular off-road bikes.</p>
<ul>
	<li>Quality &quot;made in Italy&quot;</li>
	<li>Precise finishings and shapes</li>
	<li>Designed to ease the assembling</li>
	<li>Captivating design</li>
	<li>Original Replica TECNOSEL</li>
</ul>
","
Seat cover to substitute the original one. Produced with non-slip material. Intended to renew the look of the the most popular off-road bikes.

	Quality ""made in Italy""
	Precise finishings and shapes
	Designed to ease the assembling
	Captivating design
	Original Replica TECNOSEL

",VEHICLE PARTS & ACCESSORIES,ACCESSORIES,ACC. DESIGN PARTS,,,7844,396,350,498,45,,,https://api.mybihr.com/medias/800Wx800H-1091546-1.jpg?context=bWFzdGVyfHJvb3R8MTEwMzQ4fGltYWdlL2pwZWd8YUdGakwyZ3lNUzgwT1RJMk1ERTJPRFkzTlRNMU9DODRNREJYZURnd01FaGZNVEE1TVRVME5pMHhMbXB3Wnd8OTVjODJjY2VmMTc2NmY3NzNkYmM1OWU5OWFkN2UyMzJkYmY2NTFlY2QwMzkwNDI5YzJlYjQwZThkNGY4OTg0OQ,,,https://static.bihr.pro/eBihr/Pictures/TECNOSEL-pictures.zip,Spain Warehouse (Parts)
1091550,,12V01,TECNOSEL,TECNO SEAT COVER TEAM YAMAHA 1993,Funda de asiento TECNOSEL Team Yamaha 1993,59.56,49.22,31.99,8057912001474,0,8714999089,0,1,"<html> <head> <meta http-equiv=""Content-Type"" content=""text/html; charset=utf-8""><title> </title> <style type=""text/css"">.cs95E872D0{text-align:left;margin:0pt 0pt 0pt 0pt;}.csA7555675{color:#000;background-color:transparent;font-weight:normal;font-style:normal;}.cs4FC7BF42{text-align:left;margin:0pt 0pt 0pt 0pt;list-style-type:disc;color:#000;background-color:transparent;font-weight:normal;font-style:normal;}</style> </head> <body> <p>Seat cover to substitute the original one. Produced with non-slip material. Intended to renew the look of the the most popular off-road bikes.</p><p> </p><ul> <li>Quality ''''made in Italy''''</li><li>Precise finishings and shapes</li><li>Designed to ease the assembling</li><li>Captivating design</li><li>Original Replica TECNOSEL</li></ul> </body> </html>","       Seat cover to substitute the original one. Produced with non-slip material. Intended to renew the look of the the most popular off-road bikes.  Quality ''''made in Italy''''Precise finishings and shapesDesigned to ease the assemblingCaptivating designOriginal Replica TECNOSEL  ",VEHICLE PARTS & ACCESSORIES,ACCESSORIES,ACC. DESIGN PARTS,,,3858,376,350,501,22,,,https://api.mybihr.com/medias/1091550-1-800Wx800H?context=bWFzdGVyfHJvb3R8MzMxODR8aW1hZ2UvanBlZ3xhRGd6TDJnd1ppODRPVFUyTkRRMk16UXpNVGs0THpFd09URTFOVEF0TVY4NE1EQlhlRGd3TUVnfDM0MTc4NTE3MjQ3OWFkM2JhOTFkODJhNzFiNzdkYmRhNjRmOWNiNTIyOTI0NDk0YzhmMjkxMGZmMzAzYzQyMWM,https://api.mybihr.com/medias/1091550-2-800Wx800H?context=bWFzdGVyfHJvb3R8Mjg5NTI2fGltYWdlL2pwZWd8YUdNMkwyZ3dPQzg0T1RVMk5EUTJOVE01T0RBMkx6RXdPVEUxTlRBdE1sODRNREJYZURnd01FZ3w4M2M3YzM5ZTIwMjgzMDBhOWYzOWE0ZmU4Mjg0YzA5ODkxNjE2ZmM4YTQwMWNmMjRhMmU0M2E0YjFiZTlkODZk,,https://static.bihr.pro/eBihr/Pictures/TECNOSEL-pictures.zip,Spain Warehouse (Parts)
1091565,,21V02,TECNOSEL,TECNO STICKERS KIT,Kit adhesivos TECNOSEL Team Honda 1992,116.52,96.30,62.60,60300529,0,8714999089,0,1,"<html> <head> <meta http-equiv=""Content-Type"" content=""text/html; charset=utf-8""><title> </title> <style type=""text/css"">.cs95E872D0{text-align:left;margin:0pt 0pt 0pt 0pt;}.csA7555675{color:#000;background-color:transparent;font-weight:normal;font-style:normal;}</style> </head> <body> <p>The sticker kit includes: tank pair, radiator shrouds pair, airbox pair, number plates, fork protections pair, swing arm pair, front fender and rear fender. </p><p> </p><p>The different pieces of the kit cannot be sold separately. The holes on the tank stickers allow the gasoline vapors to come out. In case of worn out tanks, this is not enough to prevent some slight detachments.</p></body> </html>","       The sticker kit includes: tank pair, radiator shrouds pair, airbox pair, number plates, fork protections pair, swing arm pair, front fender and rear fender.  The different pieces of the kit cannot be sold separately. The holes on the tank stickers allow the gasoline vapors to come out. In case of worn out tanks, this is not enough to prevent some slight detachments. ",VEHICLE PARTS & ACCESSORIES,ACCESSORIES,ACC. DESIGN PARTS,,,2986,512,352,499,17,,,https://api.mybihr.com/medias/1091565-1-800Wx800H?context=bWFzdGVyfHJvb3R8MTQyNjMxfGltYWdlL2pwZWd8YURJNUwyZ3paQzg0T1RVd05EazVNVGd3TlRjMEx6RXdPVEUxTmpVdE1WODRNREJYZURnd01FZ3xlZjllYTExNWQ2ZjI5MjljNmIxNmY5NTAxODVmYmVjMmIzYjBmNDVlNjFiMjU0OTdkYTcyYjA2MmU4ZTc3OWIw,https://api.mybihr.com/medias/1091565-2-800Wx800H?context=bWFzdGVyfHJvb3R8Mjk0MjE0fGltYWdlL2pwZWd8YURaaUwyZ3pOaTg0T1RVd05EazVNemMzTVRneUx6RXdPVEUxTmpVdE1sODRNREJYZURnd01FZ3wxNjc3OWMxYTY3ZDkxYjg0NjkwYmRlMDU0MGZkMmY0ZGJkMzY5OWNkYWM5MTNiNDNiODFjYmNiODVhNzliY2M3,,https://static.bihr.pro/eBihr/Pictures/TECNOSEL-pictures.zip,Spain Warehouse (Parts)
1091566,,21V03,TECNOSEL,TECNO STICKERS KIT,Kit adhesivos TECNOSEL Team Honda USA 1992,116.52,96.30,62.60,60300530,0,8714999089,0,1,"<html> <head> <meta http-equiv=""Content-Type"" content=""text/html; charset=utf-8""><title> </title> <style type=""text/css"">.cs95E872D0{text-align:left;margin:0pt 0pt 0pt 0pt;}.csA7555675{color:#000;background-color:transparent;font-weight:normal;font-style:normal;}</style> </head> <body> <p>The sticker kit includes: tank pair, radiator shrouds pair, airbox pair, number plates, fork protections pair, swing arm pair, front fender and rear fender. </p><p> </p><p>The different pieces of the kit cannot be sold separately. The holes on the tank stickers allow the gasoline vapors to come out. In case of worn out tanks, this is not enough to prevent some slight detachments.</p></body> </html>","       The sticker kit includes: tank pair, radiator shrouds pair, airbox pair, number plates, fork protections pair, swing arm pair, front fender and rear fender.  The different pieces of the kit cannot be sold separately. The holes on the tank stickers allow the gasoline vapors to come out. In case of worn out tanks, this is not enough to prevent some slight detachments. ",VEHICLE PARTS & ACCESSORIES,ACCESSORIES,ACC. DESIGN PARTS,,,2495,524,355,502,14,,,https://api.mybihr.com/medias/1091566-1-800Wx800H?context=bWFzdGVyfHJvb3R8MTM3MDQ1fGltYWdlL2pwZWd8YUdRMkwyaG1NQzg0T1RJNU5UYzBNekl5TWpBMkx6RXdPVEUxTmpZdE1WODRNREJYZURnd01FZ3xiMGIzZTg0MDMxNmYwYWM0MjNlMWM2OWUwYWQ4ZjcyZjFkZjFlNWE3NjRjMjFlODhkZmU2NzA1MDg3MGViMDlk,https://api.mybihr.com/medias/1091566-2-800Wx800H?context=bWFzdGVyfHJvb3R8MjI5ODE2fGltYWdlL2pwZWd8YURrekwyaG1OeTg0T1RJNU5UYzBOVEU0T0RFMEx6RXdPVEUxTmpZdE1sODRNREJYZURnd01FZ3xhOWY2NDhmOWQ2YTA1ZDQ3YmNjMDYzNWYyYmQ4M2ZhZmE0ZTcxY2M4Y2IwNDcxOTY0NGJkN2M1M2NjNmY3ZjBh,,https://static.bihr.pro/eBihr/Pictures/TECNOSEL-pictures.zip,Spain Warehouse (Parts)
1091581,,24V00,TECNOSEL,TECNO STICKERS KIT,Kit adhesivos TECNOSEL Team Kawasaki 1993,116.52,96.30,62.60,60300539,0,8714999089,0,1,"<html> <head> <meta http-equiv=""Content-Type"" content=""text/html; charset=utf-8""><title> </title> <style type=""text/css"">.cs95E872D0{text-align:left;margin:0pt 0pt 0pt 0pt;}.csA7555675{color:#000;background-color:transparent;font-weight:normal;font-style:normal;}</style> </head> <body> <p>The sticker kit includes: tank pair, radiator shrouds pair, airbox pair, number plates, fork protections pair, swing arm pair, front fender and rear fender. </p><p> </p><p>The different pieces of the kit cannot be sold separately. The holes on the tank stickers allow the gasoline vapors to come out. In case of worn out tanks, this is not enough to prevent some slight detachments.</p></body> </html>","       The sticker kit includes: tank pair, radiator shrouds pair, airbox pair, number plates, fork protections pair, swing arm pair, front fender and rear fender.  The different pieces of the kit cannot be sold separately. The holes on the tank stickers allow the gasoline vapors to come out. In case of worn out tanks, this is not enough to prevent some slight detachments. ",VEHICLE PARTS & ACCESSORIES,ACCESSORIES,ACC. DESIGN PARTS,,,1815,389,401,503,9,,,https://api.mybihr.com/medias/1091581-1-800Wx800H?context=bWFzdGVyfHJvb3R8MTcwMjUyfGltYWdlL2pwZWd8YUdFd0wyZzNNQzg0T1RBMU1UY3lOakUxTVRrNEx6RXdPVEUxT0RFdE1WODRNREJYZURnd01FZ3xmY2Y3YjRhODJmZTk4YjhkMTE5MGUzY2JlOGE5MmIzYzkwN2FhZWNlYTU1YmYzNTg4NTJhZmVlMGFlMmU0ZmVm,https://api.mybihr.com/medias/1091581-2-800Wx800H?context=bWFzdGVyfHJvb3R8MzIzOTk3fGltYWdlL2pwZWd8YUdRd0wyZzJPUzg0T1RBMU1UY3lPREV4T0RBMkx6RXdPVEUxT0RFdE1sODRNREJYZURnd01FZ3wzNWQ2ZmZiMmJiYjdjMTAzMGI4YzVjZTBkYzY2ODdmNzkxYmYxZWZiZmNlZDZhNTgwNDZiOTQ1YWQyYjY2NDM1,,https://static.bihr.pro/eBihr/Pictures/TECNOSEL-pictures.zip,Spain Warehouse (Parts)
1091582,,24V01,TECNOSEL,TECNO STICKERS KIT,Kit adhesivos TECNOSEL Team Kawasaki 1996,116.52,96.30,62.60,8057912005113,0,8714999089,0,1,"<html> <head> <meta http-equiv=""Content-Type"" content=""text/html; charset=utf-8""><title> </title> <style type=""text/css"">.cs95E872D0{text-align:left;margin:0pt 0pt 0pt 0pt;}.csA7555675{color:#000;background-color:transparent;font-weight:normal;font-style:normal;}</style> </head> <body> <p>The sticker kit includes: tank pair, radiator shrouds pair, airbox pair, number plates, fork protections pair, swing arm pair, front fender and rear fender. </p><p> </p><p>The different pieces of the kit cannot be sold separately. The holes on the tank stickers allow the gasoline vapors to come out. In case of worn out tanks, this is not enough to prevent some slight detachments.</p></body> </html>","       The sticker kit includes: tank pair, radiator shrouds pair, airbox pair, number plates, fork protections pair, swing arm pair, front fender and rear fender.  The different pieces of the kit cannot be sold separately. The holes on the tank stickers allow the gasoline vapors to come out. In case of worn out tanks, this is not enough to prevent some slight detachments. ",VEHICLE PARTS & ACCESSORIES,ACCESSORIES,ACC. DESIGN PARTS,,,1230,477,352,499,7,,,https://api.mybihr.com/medias/1091582-1-800Wx800H?context=bWFzdGVyfHJvb3R8MTg5NDAyfGltYWdlL2pwZWd8YURZekwyaGhZeTg0T1RJNU5UYzFNVEE0TmpNNEx6RXdPVEUxT0RJdE1WODRNREJYZURnd01FZ3w5Yzg5OTdkZjRlMzk1OThmZjVhNzU2ZmE4ZWM4MDdlNzU5ODkzNjBiN2I1OTgwMzg1ZWVjNmQ3MTBjZmI0MzJm,https://api.mybihr.com/medias/1091582-2-800Wx800H?context=bWFzdGVyfHJvb3R8MzMxOTUyfGltYWdlL2pwZWd8YURreUwyaGhOUzg0T1RJNU5UYzFNekExTWpRMkx6RXdPVEUxT0RJdE1sODRNREJYZURnd01FZ3wzOTM5MWM5MjVhZmRjOWMyMjA4NjY3MTViODFhMDE2ZjA5NjhlZmY5OWIyNDFhZjA5MDZjY2U3ZTMzYjU1NDk1,,https://static.bihr.pro/eBihr/Pictures/TECNOSEL-pictures.zip,Spain Warehouse (Parts)
1091584,,24V03,TECNOSEL,TECNO STICKERS KIT,Kit adhesivos TECNOSEL Team OEM Kawasaki 2000,116.52,96.30,62.60,8057912005137,0,8714999089,0,1,"<html> <head> <meta http-equiv=""Content-Type"" content=""text/html; charset=utf-8""><title> </title> <style type=""text/css"">.cs95E872D0{text-align:left;margin:0pt 0pt 0pt 0pt;}.csA7555675{color:#000;background-color:transparent;font-weight:normal;font-style:normal;}</style> </head> <body> <p>The sticker kit includes: tank pair, radiator shrouds pair, airbox pair, number plates, fork protections pair, swing arm pair, front fender and rear fender. </p><p> </p><p>The different pieces of the kit cannot be sold separately. The holes on the tank stickers allow the gasoline vapors to come out. In case of worn out tanks, this is not enough to prevent some slight detachments.</p></body> </html>","       The sticker kit includes: tank pair, radiator shrouds pair, airbox pair, number plates, fork protections pair, swing arm pair, front fender and rear fender.  The different pieces of the kit cannot be sold separately. The holes on the tank stickers allow the gasoline vapors to come out. In case of worn out tanks, this is not enough to prevent some slight detachments. ",VEHICLE PARTS & ACCESSORIES,ACCESSORIES,ACC. DESIGN PARTS,,,1230,442,352,499,7,,,https://api.mybihr.com/medias/1091584-1-800Wx800H?context=bWFzdGVyfHJvb3R8MTQ5MjQyfGltYWdlL2pwZWd8YURJMUwyZ3laQzg0T1RReE9UUTRNVEE0T0RNd0x6RXdPVEUxT0RRdE1WODRNREJYZURnd01FZ3wzMDEzY2JjM2Y4Njc3YWVjNDE5OWM3Njk4ZGIwZjJmNjBmN2Q4ZTZmZWMwZWYxNGM4MzYyM2M4YmVlODEzNGU3,https://api.mybihr.com/medias/1091584-2-800Wx800H?context=bWFzdGVyfHJvb3R8Mjc0NDY0fGltYWdlL2pwZWd8YURVMUwyZ3lOaTg0T1RReE9UUTRNekExTkRNNEx6RXdPVEUxT0RRdE1sODRNREJYZURnd01FZ3wxZGY3Y2EwNDU1YzdlZjk4YmYyOTlhZjNlNDc3ZTZjNWIzYWRhNzY0YWFlOTVlMjdiYTBhYjQxNDVhOGQ0ZTJh,,https://static.bihr.pro/eBihr/Pictures/TECNOSEL-pictures.zip,Spain Warehouse (Parts)
1091586,,25V01/01,TECNOSEL,TECNO STICKERS KIT,Kit adhesivos TECNOSEL OEM KTM GS 74-76 fondo negro,45.31,37.45,24.34,60300683,0,8714109090,0,1,"<html> <head> <meta http-equiv=""Content-Type"" content=""text/html; charset=utf-8""><title> </title> <style type=""text/css"">.cs95E872D0{text-align:left;margin:0pt 0pt 0pt 0pt;}.csA7555675{color:#000;background-color:transparent;font-weight:normal;font-style:normal;}</style> </head> <body> <p>The sticker kit includes: tank pair, radiator shrouds pair, airbox pair, number plates, fork protections pair, swing arm pair, front fender and rear fender. </p><p> </p><p>The different pieces of the kit cannot be sold separately. The holes on the tank stickers allow the gasoline vapors to come out. In case of worn out tanks, this is not enough to prevent some slight detachments.</p><p> </p></body> </html>","       The sticker kit includes: tank pair, radiator shrouds pair, airbox pair, number plates, fork protections pair, swing arm pair, front fender and rear fender.  The different pieces of the kit cannot be sold separately. The holes on the tank stickers allow the gasoline vapors to come out. In case of worn out tanks, this is not enough to prevent some slight detachments.  ",VEHICLE PARTS & ACCESSORIES,ACCESSORIES,ACC. DESIGN PARTS,,,5114,188,352,501,29,,,https://api.mybihr.com/medias/800Wx800H-1091586-1.jpg?context=bWFzdGVyfHJvb3R8NDk2OTh8aW1hZ2UvanBlZ3xhRE15TDJobE1pODJNVGd6TlRreU16ZzBPVEkwTmk4NE1EQlhlRGd3TUVoZk1UQTVNVFU0TmkweExtcHdad3w2MDg0YTkyODcwNzNjZTk2N2EwNmRhOWEzZDJhMTFjOWJlYTY3MTRjMTc2NjY0Y2YwOWJlNGJiZjJlMjdiNGRk,,,https://static.bihr.pro/eBihr/Pictures/TECNOSEL-pictures.zip,Spain Warehouse (Parts)
1091596,,5076V,TECNOSEL,TECNO STICKERS SHEET,Adhesivos varios TECNOSEL vintage PVC,21.76,17.98,11.69,60600044,1,8714999089,0,1,"<html> <head> <meta http-equiv=""Content-Type"" content=""text/html; charset=utf-8""><title> </title> <style type=""text/css"">.cs4FC7BF42{text-align:left;margin:0pt 0pt 0pt 0pt;list-style-type:disc;color:#000;background-color:transparent;font-weight:normal;font-style:normal;}.csA7555675{color:#000;background-color:transparent;font-weight:normal;font-style:normal;}</style> </head> <body> <ul> <li>Pre-cut stickers made of adhesive PVC </li><li>Thickness 0,1 mm. Size around 50X35 cm. </li><li>UV protection varnishing. </li><li>They are ideal to decorate cars, vans, bikes, toolboxes, etc.</li></ul> </body> </html>","        Pre-cut stickers made of adhesive PVC Thickness 0,1 mm. Size around 50X35 cm. UV protection varnishing. They are ideal to decorate cars, vans, bikes, toolboxes, etc.  ",VEHICLE PARTS & ACCESSORIES,ACCESSORIES,ACC. DESIGN PARTS,,,2100,193,350,500,12,,,https://api.mybihr.com/medias/1091596-1-800Wx800H?context=bWFzdGVyfHJvb3R8MjUwNDUyfGltYWdlL2pwZWd8YURZd0wyaG1OeTg0T1RFek56WTNNRGN4TnpjMEx6RXdPVEUxT1RZdE1WODRNREJYZURnd01FZ3wzNWE4ZTU1M2M3ZWZhYjA1MDk5ZjUxZTkwZWY1Zjg0NzY1MWI3NmUwYzcwOTQ1ODc0N2EyYTViODRhOWFhNTY1,,,https://static.bihr.pro/eBihr/Pictures/TECNOSEL-pictures.zip,Spain Warehouse (Parts)
1091592,,2FV01/02,TECNOSEL,TECNO STICKERS KIT,Kit adhesivos TECNOSEL Replica OEM Kramer 1981 naranja,45.31,37.45,24.34,60300673,0,8714109090,0,1,"<html> <head> <meta http-equiv=""Content-Type"" content=""text/html; charset=utf-8""><title> </title> <style type=""text/css"">.cs95E872D0{text-align:left;margin:0pt 0pt 0pt 0pt;}.csA7555675{color:#000;background-color:transparent;font-weight:normal;font-style:normal;}</style> </head> <body> <p>The sticker kit includes: tank pair, radiator shrouds pair, airbox pair, number plates, fork protections pair, swing arm pair, front fender and rear fender. </p><p> </p><p>The different pieces of the kit cannot be sold separately. The holes on the tank stickers allow the gasoline vapors to come out. In case of worn out tanks, this is not enough to prevent some slight detachments.</p><p> </p></body> </html>","       The sticker kit includes: tank pair, radiator shrouds pair, airbox pair, number plates, fork protections pair, swing arm pair, front fender and rear fender.  The different pieces of the kit cannot be sold separately. The holes on the tank stickers allow the gasoline vapors to come out. In case of worn out tanks, this is not enough to prevent some slight detachments.  ",VEHICLE PARTS & ACCESSORIES,ACCESSORIES,ACC. DESIGN PARTS,,,791,171,251,350,9,,,https://api.mybihr.com/medias/800Wx800H-1091592-1.jpg?context=bWFzdGVyfHJvb3R8NTk2NDJ8aW1hZ2UvanBlZ3xhRGxqTDJoa1lpODJNVGd6TlRreU9ERTNORFl5TWk4NE1EQlhlRGd3TUVoZk1UQTVNVFU1TWkweExtcHdad3wyZDhmZmNjOTRiZDZlODc3NDBjMGM0NGMyZGU1NzBmZGViNDNhNGY1ODk1NWUxY2IyOGEwNDI0YjlhZDYyNTdh,https://api.mybihr.com/medias/800Wx800H-1091592-2.jpg?context=bWFzdGVyfHJvb3R8ODk4NzV8aW1hZ2UvanBlZ3xhREpoTDJobE9TODJNVGd6TlRreU9EVTJOemd6T0M4NE1EQlhlRGd3TUVoZk1UQTVNVFU1TWkweUxtcHdad3w2ZDIwNGE0YjAyZWRmNjZjNmE5ZGUxMTAzZDA5M2RjZTcxNTljMjA3MTBhZjQzNzUzYTc4NWVmZTA1MjRkNzcw,,https://static.bihr.pro/eBihr/Pictures/TECNOSEL-pictures.zip,Spain Warehouse (Parts)
1091611,,81V07,TECNOSEL,TECNO STICKERS KIT,Kit adhesivos TECNOSEL Replica Team Honda Maddii 1995,155.36,128.40,83.46,60300680,0,8714109090,0,1,"<html> <head> <meta http-equiv=""Content-Type"" content=""text/html; charset=utf-8""><title> </title> <style type=""text/css"">.cs95E872D0{text-align:left;margin:0pt 0pt 0pt 0pt;}.csA7555675{color:#000;background-color:transparent;font-weight:normal;font-style:normal;}</style> </head> <body> <p>The sticker kit includes: tank pair, radiator shrouds pair, airbox pair, number plates, fork protections pair, swing arm pair, front fender and rear fender. </p><p> </p><p>The different pieces of the kit cannot be sold separately. The holes on the tank stickers allow the gasoline vapors to come out. In case of worn out tanks, this is not enough to prevent some slight detachments.</p><p> </p></body> </html>","       The sticker kit includes: tank pair, radiator shrouds pair, airbox pair, number plates, fork protections pair, swing arm pair, front fender and rear fender.  The different pieces of the kit cannot be sold separately. The holes on the tank stickers allow the gasoline vapors to come out. In case of worn out tanks, this is not enough to prevent some slight detachments.  ",VEHICLE PARTS & ACCESSORIES,ACCESSORIES,ACC. DESIGN PARTS,,,7983,976,352,504,45,,,https://api.mybihr.com/medias/800Wx800H-1091611-1.jpg?context=bWFzdGVyfHJvb3R8MTEwMzQ4fGltYWdlL2pwZWd8YURjNEwyZ3lZeTgwT1RJMk1ERTNNalEzTmpRME5pODRNREJYZURnd01FaGZNVEE1TVRZeE1TMHhMbXB3Wnd8NzdhN2JiNTE1YTQ4ZWIzZmU3ZjYzYTA0MDkyMzk3NDg3OTBhYzk5NmYwOTg4OWRkMDg1ZDk1YzQ2Mjg5NWZmYQ,,,https://static.bihr.pro/eBihr/Pictures/TECNOSEL-pictures.zip,Spain Warehouse (Parts)
1091564,,21V01,TECNOSEL,TECNO STICKERS KIT,Kit adhesivos TECNOSEL Team Honda USA 1991,116.52,96.30,62.60,60300528,1,8714999089,0,1,"<html> <head> <meta http-equiv=""Content-Type"" content=""text/html; charset=utf-8""><title> </title> <style type=""text/css"">.cs95E872D0{text-align:left;margin:0pt 0pt 0pt 0pt;}.csA7555675{color:#000;background-color:transparent;font-weight:normal;font-style:normal;}</style> </head> <body> <p>The sticker kit includes: tank pair, radiator shrouds pair, airbox pair, number plates, fork protections pair, swing arm pair, front fender and rear fender. </p><p> </p><p>The different pieces of the kit cannot be sold separately. The holes on the tank stickers allow the gasoline vapors to come out. In case of worn out tanks, this is not enough to prevent some slight detachments.</p></body> </html>","       The sticker kit includes: tank pair, radiator shrouds pair, airbox pair, number plates, fork protections pair, swing arm pair, front fender and rear fender.  The different pieces of the kit cannot be sold separately. The holes on the tank stickers allow the gasoline vapors to come out. In case of worn out tanks, this is not enough to prevent some slight detachments. ",VEHICLE PARTS & ACCESSORIES,ACCESSORIES,ACC. DESIGN PARTS,,,3864,522,352,499,22,,,https://api.mybihr.com/medias/1091564-1-800Wx800H?context=bWFzdGVyfHJvb3R8MTI4ODM1fGltYWdlL2pwZWd8YURVMEwyaG1ZeTg0T0RjM01EVXpNRGd6TmpjNEx6RXdPVEUxTmpRdE1WODRNREJYZURnd01FZ3w4NThhODQ2MjU0OTVkMmQ4MDhhOTJhZGQ5MGYzYjk3ZTdhNDRlMzkwZjRkNTgxZWY1ZWViZmE4ZDIxNzkyZTIx,https://api.mybihr.com/medias/1091564-2-800Wx800H?context=bWFzdGVyfHJvb3R8MjYwMzkwfGltYWdlL2pwZWd8YURnekwyaG1OUzg0T0RjM01EVXpNamd3TWpnMkx6RXdPVEUxTmpRdE1sODRNREJYZURnd01FZ3xlZDRmMmQzMjdjMmE2NWM1OGI0YTJkNGQwM2M0YTBjYzk0NTEwNmFkYzU5OGMzYjYyNzgxYWQxNDIxMDI2ZmMy,,https://static.bihr.pro/eBihr/Pictures/TECNOSEL-pictures.zip,Spain Warehouse (Parts)
1091567,,21V04,TECNOSEL,TECNO STICKERS KIT,Kit adhesivos TECNOSEL Team OEM Honda 1998,116.52,96.30,62.60,60300531,0,8714999089,0,1,"<html> <head> <meta http-equiv=""Content-Type"" content=""text/html; charset=utf-8""><title> </title> <style type=""text/css"">.cs95E872D0{text-align:left;margin:0pt 0pt 0pt 0pt;}.csA7555675{color:#000;background-color:transparent;font-weight:normal;font-style:normal;}</style> </head> <body> <p>The sticker kit includes: tank pair, radiator shrouds pair, airbox pair, number plates, fork protections pair, swing arm pair, front fender and rear fender. </p><p> </p><p>The different pieces of the kit cannot be sold separately. The holes on the tank stickers allow the gasoline vapors to come out. In case of worn out tanks, this is not enough to prevent some slight detachments.</p></body> </html>","       The sticker kit includes: tank pair, radiator shrouds pair, airbox pair, number plates, fork protections pair, swing arm pair, front fender and rear fender.  The different pieces of the kit cannot be sold separately. The holes on the tank stickers allow the gasoline vapors to come out. In case of worn out tanks, this is not enough to prevent some slight detachments. ",VEHICLE PARTS & ACCESSORIES,ACCESSORIES,ACC. DESIGN PARTS,,,1584,378,352,500,9,,,https://api.mybihr.com/medias/1091567-1-800Wx800H?context=bWFzdGVyfHJvb3R8ODk5NzJ8aW1hZ2UvanBlZ3xhRGhrTDJnMU1DODRPVEV6TnpZMU9Ea3lNVEkyTHpFd09URTFOamN0TVY4NE1EQlhlRGd3TUVnfDgwMjQ4NmRmNzRkMWRmYmJlMThmYWQ2Yzg5MzlhOGY3NjRjYmQ3NWQ4NzYwZTEzNjM0ZGU3OTBiODI3NzMwNWQ,https://api.mybihr.com/medias/1091567-2-800Wx800H?context=bWFzdGVyfHJvb3R8MjM1MzkyfGltYWdlL2pwZWd8YUdZMUwyZzVaUzg0T1RFek56WTJNRGc0TnpNMEx6RXdPVEUxTmpjdE1sODRNREJYZURnd01FZ3xlODFkMTM5ZmFmNWU0NWE1OWI3MzE5NzRkNmI0MmUxZDBiN2U5YWI5ZjhmNGFjNWJmYjE2OGQxMTYxN2U2ZmEx,,https://static.bihr.pro/eBihr/Pictures/TECNOSEL-pictures.zip,Spain Warehouse (Parts)
