PartNumber,OldPartNumber,SupplierProductCode,Brand,ProductName,Designation,RetailPriceIncludingTax,RetailPriceExcludingTax,BaseDealerPriceExcludingTax,BarCode,StockValue,CommodityCode,OnDemand,DropShipping,HtmlDescription,Description,Category1,Category2,Category3,Volume (cm³),Weight (g),Length (mm),Width (mm),Height (mm),Color,Composición,Picture1,Picture2,Picture3,AllPicturesZIP,DeliveryPlant
1011044,124951,H071,HINSON,HINSO CLUTCH INNER HUB,Maza de embrague HINSON - Yamaha WR125 (99-03) / YZ125 (93-10),423.50,350.00,245.00,4000304002010,0,8483608090,0,1,"<p><strong>Maza de embrague Billetproof</strong></p>
<ul>
	<li>Mejora el rendimiento y la vida útil del embrague</li>
	<li>Mejora la disipación del calor</li>
	<li>Mecanizado con precisión a partir de un bloque de aluminio T-6 de calidad aeronáutica con tolerancias aeroespaciales, y con un revestimiento duro que le confiere una resistencia al desgaste cinco veces superior a la de serie* (*con un mantenimiento adecuado)</li>
	<li>Permite que el conjunto del embrague gire con más precisión, generando menos calor cuando el embrague está desembragado</li>
	<li>Cuando se utiliza con la campana de embrague y el plato de presión de Hinson Clutch Components, ayuda a eliminar las vibraciones del embrague</li>
</ul>
","
Maza de embrague Billetproof

	Mejora el rendimiento y la vida útil del embrague
	Mejora la disipación del calor
	Mecanizado con precisión a partir de un bloque de aluminio T-6 de calidad aeronáutica con tolerancias aeroespaciales, y con un revestimiento duro que le confiere una resistencia al desgaste cinco veces superior a la de serie* (*con un mantenimiento adecuado)
	Permite que el conjunto del embrague gire con más precisión, generando menos calor cuando el embrague está desembragado
	Cuando se utiliza con la campana de embrague y el plato de presión de Hinson Clutch Components, ayuda a eliminar las vibraciones del embrague

",VEHICLE PARTS & ACCESSORIES,ENGINE PARTS,ENG. CLUTCH,2752,440,175,185,85,,,https://api.mybihr.com/medias/800Wx800H-1011044-1.jpg?context=bWFzdGVyfHJvb3R8NjM0NzB8aW1hZ2UvanBlZ3xhRFUwTDJobE9TODJNams1T1RVME1ESXdNelUxTUM4NE1EQlhlRGd3TUVoZk1UQXhNVEEwTkMweExtcHdad3w1YThiNTQxMTI1ZTAxNGE0OGRjMGM2N2NiNzE2ZGMzYTkyN2VlYzMyOTA3ZWU5NTA1OGUwMGNjNjI3OTQ0OGJl,,,https://static.bihr.pro/eBihr/Pictures/HINSON-pictures.zip,Spain Warehouse (Parts)
1109509,,SP073-7-001,HINSON,HINSO STEEL PLATE KIT (SET OF 7),Kit de separadores de embrague HINSON,96.80,80.00,56.00,SP073-7-001,0,8483608090,0,1,"<p>Hinson Clutches are championship proven by almost every major factory team and rider in the world, including Eli Tomac, Ken Roczen, Cooper Webb, Tim Gajser, Jeffrey Herlings, Jeremy Seewer, Chase Sexton, &amp; Joey Savatgy.</p>
<ul>
<li>Provide optimum hook up with minimum heat build up</li>
<li>Exceptional production tolerances and flatness</li>
<li>Developed with and recommended to enhance the performance of Hinson Clutch Baskets, Inner Hubs, and Pressure Plates</li>
<li>Manufactured to OE specs using high quality materials</li>
<li>Can be used with OE baskets, inner hubs, &amp; pressure plates* (*some models may vary)</li>
<li>Made in the USA.</li>
</ul>","
Hinson Clutches are championship proven by almost every major factory team and rider in the world, including Eli Tomac, Ken Roczen, Cooper Webb, Tim Gajser, Jeffrey Herlings, Jeremy Seewer, Chase Sexton, & Joey Savatgy.

Provide optimum hook up with minimum heat build up
Exceptional production tolerances and flatness
Developed with and recommended to enhance the performance of Hinson Clutch Baskets, Inner Hubs, and Pressure Plates
Manufactured to OE specs using high quality materials
Can be used with OE baskets, inner hubs, & pressure plates* (*some models may vary)
Made in the USA.
",VEHICLE PARTS & ACCESSORIES,ENGINE PARTS,ENG. CLUTCH,1885,618,208,171,53,,,https://api.mybihr.com/medias/1109509-1-800Wx800H?context=bWFzdGVyfHJvb3R8Njc0MDN8aW1hZ2UvanBlZ3xhR1ZpTDJnNE1TOHhNakUyTlRNek56ZzBNVFk1TkM4eE1UQTVOVEE1TFRGZk9EQXdWM2c0TURCSXxmZTk3NzZiYzExYjBhNjQ1Y2EzM2U2ODYyYjU5MWU4NDc5YzFlMjJmZTJjM2VlMDhmY2RmYWJiNDQ3MjZjZWY5,,,https://static.bihr.pro/eBihr/Pictures/HINSON-pictures.zip,Spain Warehouse (Parts)
1121001,,H616-PP-2301,HINSON,HINSO PLATE PRESSURE,Plato de presión HINSON aluminio,271.40,224.30,157.01,H616-PP-2301,1,8483608090,0,1,"<p>La larga y estrecha colaboración con los mejores pilotos de los equipos más prestigiosos ha permitido a Hinson desarrollar una gama completa de discos de embrague, bujes y juntas.</p>
<p>Cortados a partir de un bloque de aluminio de alta calidad, se someten a un tratamiento térmico seguido de anodización, lo que les confiere una dureza y una resistencia mejor adaptadas a las condiciones extremas del MX y el SX.</p>
<p>Puestos a prueba durante los arranques y la absorción de impactos en los saltos, son mucho más resistentes al desgaste y a las marcas provocadas por el embrague y los discos de fricción.</p>
<ul>
	<li>Mejor sensación de embrague</li>
	<li>Aumenta la vida útil del embrague</li>
	<li>Mejora la disipación del calor</li>
	<li>5 veces más resistente que el original</li>
	<li>Ultraligero</li>
</ul>
","
La larga y estrecha colaboración con los mejores pilotos de los equipos más prestigiosos ha permitido a Hinson desarrollar una gama completa de discos de embrague, bujes y juntas.

Cortados a partir de un bloque de aluminio de alta calidad, se someten a un tratamiento térmico seguido de anodización, lo que les confiere una dureza y una resistencia mejor adaptadas a las condiciones extremas del MX y el SX.

Puestos a prueba durante los arranques y la absorción de impactos en los saltos, son mucho más resistentes al desgaste y a las marcas provocadas por el embrague y los discos de fricción.

	Mejor sensación de embrague
	Aumenta la vida útil del embrague
	Mejora la disipación del calor
	5 veces más resistente que el original
	Ultraligero

",VEHICLE PARTS & ACCESSORIES,ENGINE PARTS,ENG. CLUTCH,2612,363,184,171,83,,,https://api.mybihr.com/medias/800Wx800H-1121001-1.jpg?context=bWFzdGVyfHJvb3R8NzEyOTJ8aW1hZ2UvanBlZ3xhR1V4TDJnMlpTOHpNRFU1TXpjd05UWXdOekU1T0M4NE1EQlhlRGd3TUVoZk1URXlNVEF3TVMweExtcHdad3w2YmM0OGFiMGJkZDdlYTU2OTA4YTA3ZjI3ZjZlMDc5Y2YxN2YzYjcxNmMxYjhiMmM1N2RhYThlNjA3MDExMjVj,,,https://static.bihr.pro/eBihr/Pictures/HINSON-pictures.zip,Spain Warehouse (Parts)
1122743,,FS616-8-2301,HINSON,HINSO CLUTCH PLATE KIT FIBER/STEEL,Juego de discos de embrague HINSON,254.10,210.00,147.00,FS616-8-2301,1,8483608090,0,1,"<ul>
	<li>Se puede utilizar con campanas, bujes interiores y placas de presión de Equipo Original</li>
	<li>Desarrollados y recomendados para mejorar el rendimiento de las campanas, bujes interiores y placas de presión de los embragues Hinson</li>
	<li>Proporcionan un enganche óptimo con una acumulación mínima de calor</li>
	<li>Tolerancias de producción y planitud excepcionales</li>
	<li>Todas los discos de fibra utilizan materiales orgánicos no abrasivos para evitar dañar el resto del motor a medida que los materiales de los discos se descomponen y circulan por el motor mediante aceite fabricado según las especificaciones de Equipo Original utilizando materiales de alta calidad.</li>
</ul>
","
	Se puede utilizar con campanas, bujes interiores y placas de presión de Equipo Original
	Desarrollados y recomendados para mejorar el rendimiento de las campanas, bujes interiores y placas de presión de los embragues Hinson
	Proporcionan un enganche óptimo con una acumulación mínima de calor
	Tolerancias de producción y planitud excepcionales
	Todas los discos de fibra utilizan materiales orgánicos no abrasivos para evitar dañar el resto del motor a medida que los materiales de los discos se descomponen y circulan por el motor mediante aceite fabricado según las especificaciones de Equipo Original utilizando materiales de alta calidad.

",VEHICLE PARTS & ACCESSORIES,ENGINE PARTS,ENG. CLUTCH,1775,1008,203,165,53,,,https://api.mybihr.com/medias/800Wx800H-1122743-1.jpg?context=bWFzdGVyfHJvb3R8Mjk2OTg5fGltYWdlL2pwZWd8YURsaEwyZzBaaTg0TVRVeU1qZ3pNRE14TVRRMU5DODRNREJYZURnd01FaGZNVEV5TWpjME15MHhMbXB3Wnd8ZjU5YmFmNzcyN2YzMzFkNTVhNWY4OTllZmRiNGJhMzhjYTJlODhkMzhhM2IwNDMwMzRiMzhjNmI4ZjQyN2JkMg,,,https://static.bihr.pro/eBihr/Pictures/HINSON-pictures.zip,Spain Warehouse (Parts)
1011048,124956,H198,HINSON,HINSO CLUTCH INNER HUB,Maza de embrague HINSON - Yamaha WR450F (03-10) / YZ450F (03-11),423.50,350.00,245.00,4000304007015,0,8483608090,0,1,"<p><strong>Maza de embrague&nbsp;Billetproof</strong></p>
<ul>
<li>Los embragues Hinson han sido probados en campeonatos por casi todos los grandes equipos de f&aacute;brica y pilotos del mundo, como Eli Tomac, Ken Roczen, Cooper Webb, Tim Gajser, Jeffrey Herlings, Jeremy Seewer, Chase Sexton y Joey Savatgy.</li>
<li>Mejora el rendimiento y la vida &uacute;til del embrague</li>
<li>Mejora la disipaci&oacute;n del calor</li>
<li>Mecanizado con precisi&oacute;n a partir de una pieza de aluminio billet T-6 de calidad aeron&aacute;utica con tolerancias aeroespaciales, y con revestimiento duro para una resistencia al desgaste cinco veces superior a la de serie* (*con el mantenimiento adecuado)</li>
<li>Permite que el conjunto del embrague gire con m&aacute;s precisi&oacute;n, lo que reduce el calor cuando el embrague est&aacute; desembragado</li>
<li>Cuando se utiliza con la campana de embrague y el plato de presi&oacute;n de Hinson Clutch Components, ayuda a eliminar la vibraci&oacute;n del embrague</li>
</ul>","
Maza de embrague Billetproof

Los embragues Hinson han sido probados en campeonatos por casi todos los grandes equipos de fábrica y pilotos del mundo, como Eli Tomac, Ken Roczen, Cooper Webb, Tim Gajser, Jeffrey Herlings, Jeremy Seewer, Chase Sexton y Joey Savatgy.
Mejora el rendimiento y la vida útil del embrague
Mejora la disipación del calor
Mecanizado con precisión a partir de una pieza de aluminio billet T-6 de calidad aeronáutica con tolerancias aeroespaciales, y con revestimiento duro para una resistencia al desgaste cinco veces superior a la de serie* (*con el mantenimiento adecuado)
Permite que el conjunto del embrague gire con más precisión, lo que reduce el calor cuando el embrague está desembragado
Cuando se utiliza con la campana de embrague y el plato de presión de Hinson Clutch Components, ayuda a eliminar la vibración del embrague
",VEHICLE PARTS & ACCESSORIES,ENGINE PARTS,ENG. CLUTCH,2752,585,175,185,85,,,https://api.mybihr.com/medias/800Wx800H-1011048-1.jpg?context=bWFzdGVyfHJvb3R8NzMzMzZ8aW1hZ2UvanBlZ3xhRGhsTDJobU1DODJNekEyTURVeE5EQTNPRGMxTUM4NE1EQlhlRGd3TUVoZk1UQXhNVEEwT0MweExtcHdad3w2YTY2OTUyNTlhNTU2NzhhZGEwY2IyOGVjZTBiYzMyODRkZDE4MDEwZjY4OTBmNTI3ODdkYjlmODVkZmZmNWYz,https://api.mybihr.com/medias/800Wx800H-1011048-2.jpg?context=bWFzdGVyfHJvb3R8NTkwMTh8aW1hZ2UvanBlZ3xhRFptTDJobVlTODJNekEyTURVeE5ETTBNRGc1TkM4NE1EQlhlRGd3TUVoZk1UQXhNVEEwT0MweUxtcHdad3wzMTgwNjM5MWE1NzhlM2RjN2Y2ZTE3MjJjNTFmOTBhM2UzYmZiYjIxYmZlODY5Nzc3MWI5NzE4NGM4YjE5ZTg2,,https://static.bihr.pro/eBihr/Pictures/HINSON-pictures.zip,Spain Warehouse (Parts)
1109502,,FP217-8-001,HINSON,HINSO FIBRE PLATE KIT SET OF 8,Kit de discos de embrague HINSON,145.20,120.00,84.00,FP217-8-001,0,8483608090,0,1,"<p>Hinson Clutches are championship proven by almost every major factory team and rider in the world, including Eli Tomac, Ken Roczen, Cooper Webb, Tim Gajser, Jeffrey Herlings, Jeremy Seewer, Chase Sexton, &amp; Joey Savatgy.</p>
<ul>
<li>Provide optimum hook up with minimum heat build up</li>
<li>Exceptional production tolerances and flatness</li>
<li>Fiber plates use organic non-abrasive materials to avoid damage to rest of motor as plate materials break down and are circulated through engine by oil.</li>
<li>Developed with and recommended to enhance the performance of Hinson Clutch Baskets, Inner Hubs, and Pressure Plates</li>
<li>Manufactured to OE specs using high quality materials</li>
<li>Can be used with OE baskets, inner hubs, &amp; pressure plates* (*some models may vary)</li>
</ul>","
Hinson Clutches are championship proven by almost every major factory team and rider in the world, including Eli Tomac, Ken Roczen, Cooper Webb, Tim Gajser, Jeffrey Herlings, Jeremy Seewer, Chase Sexton, & Joey Savatgy.

Provide optimum hook up with minimum heat build up
Exceptional production tolerances and flatness
Fiber plates use organic non-abrasive materials to avoid damage to rest of motor as plate materials break down and are circulated through engine by oil.
Developed with and recommended to enhance the performance of Hinson Clutch Baskets, Inner Hubs, and Pressure Plates
Manufactured to OE specs using high quality materials
Can be used with OE baskets, inner hubs, & pressure plates* (*some models may vary)
",VEHICLE PARTS & ACCESSORIES,ENGINE PARTS,ENG. CLUTCH,1810,311,207,165,53,,,https://api.mybihr.com/medias/1109502-1-800Wx800H?context=bWFzdGVyfHJvb3R8ODI5OTd8aW1hZ2UvanBlZ3xhR1V6TDJnd015OHhNakUyTlRNek5qSTJPRGd6TUM4eE1UQTVOVEF5TFRGZk9EQXdWM2c0TURCSXxmNThhMDA5NTk0OGUzYWVhMzkzYjZiZWNjZDlmOTQ5NTY2OWM1YTk4YTEyNDVkZjYxYWY1ZTA2YzYwODA0NDcw,,,https://static.bihr.pro/eBihr/Pictures/HINSON-pictures.zip,Spain Warehouse (Parts)
1011045,124950,H073,HINSON,HINSO CLUTCH INNER HUB,Maza de embrague HINSON - Yamaha YZ250X (16-20),423.50,350.00,245.00,H073,1,8483608090,0,1,"<p><strong>Maza de embrague&nbsp;Billetproof</strong></p>
<ul>
<li>Los embragues Hinson han sido probados en campeonatos por casi todos los grandes equipos de f&aacute;brica y pilotos del mundo, como Eli Tomac, Ken Roczen, Cooper Webb, Tim Gajser, Jeffrey Herlings, Jeremy Seewer, Chase Sexton y Joey Savatgy.</li>
<li>Mejora el rendimiento y la vida &uacute;til del embrague</li>
<li>Mejora la disipaci&oacute;n del calor</li>
<li>Mecanizado con precisi&oacute;n a partir de una pieza de aluminio billet T-6 de calidad aeron&aacute;utica con tolerancias aeroespaciales, y con revestimiento duro para una resistencia al desgaste cinco veces superior a la de serie* (*con el mantenimiento adecuado)</li>
<li>Permite que el conjunto del embrague gire con m&aacute;s precisi&oacute;n, lo que reduce el calor cuando el embrague est&aacute; desembragado</li>
<li>Cuando se utiliza con la campana de embrague y el plato de presi&oacute;n de Hinson Clutch Components, ayuda a eliminar la vibraci&oacute;n del embrague</li>
</ul>","
Maza de embrague Billetproof

Los embragues Hinson han sido probados en campeonatos por casi todos los grandes equipos de fábrica y pilotos del mundo, como Eli Tomac, Ken Roczen, Cooper Webb, Tim Gajser, Jeffrey Herlings, Jeremy Seewer, Chase Sexton y Joey Savatgy.
Mejora el rendimiento y la vida útil del embrague
Mejora la disipación del calor
Mecanizado con precisión a partir de una pieza de aluminio billet T-6 de calidad aeronáutica con tolerancias aeroespaciales, y con revestimiento duro para una resistencia al desgaste cinco veces superior a la de serie* (*con el mantenimiento adecuado)
Permite que el conjunto del embrague gire con más precisión, lo que reduce el calor cuando el embrague está desembragado
Cuando se utiliza con la campana de embrague y el plato de presión de Hinson Clutch Components, ayuda a eliminar la vibración del embrague
",VEHICLE PARTS & ACCESSORIES,ENGINE PARTS,ENG. CLUTCH,2628,530,174,182,83,,,https://api.mybihr.com/medias/800Wx800H-1011045-1.jpg?context=bWFzdGVyfHJvb3R8NzMzMzZ8aW1hZ2UvanBlZ3xhRFpsTDJneU5pODJNekEyTURVeE1qTXdPVEkzT0M4NE1EQlhlRGd3TUVoZk1UQXhNVEEwTlMweExtcHdad3w2MmRlZWUyYzRjNGIyNjVmZDdlMmE4Zjg3M2UwYzJkOTEzZTNiNWMyMzZjNzFhNDMwNjFkYWZkYmFhN2I5MjVh,https://api.mybihr.com/medias/800Wx800H-1011045-2.jpg?context=bWFzdGVyfHJvb3R8NTkwMTh8aW1hZ2UvanBlZ3xhR1ptTDJneVpDODJNekEyTURVeE1qVTNNVFF5TWk4NE1EQlhlRGd3TUVoZk1UQXhNVEEwTlMweUxtcHdad3wzMWFhNWU5MDNjMWExY2ZhYjRjNDlmZGM0ODgzYjBkZTNmOGQ4ODBlMmNmZjY4MzMyZGIzYjUyZmU3ZTU2OWNm,,https://static.bihr.pro/eBihr/Pictures/HINSON-pictures.zip,Spain Warehouse (Parts)
1010985,124916,H240,HINSON,HINSO BASKET CLUTCH,Campana de embrague HINSON aluminio - Yamaha YZ125,429.55,355.00,248.50,4000104021013,0,8483608090,0,1,"<html> <head> <meta http-equiv=""Content-Type"" content=""text/html ; charset=utf-8""><title> </title> <style type=""text/css"">.cs95E872D0{text-align:left ; margin:0pt 0pt 0pt 0pt ; }.csA7555675{color:#000 ; background-color:transparent ; font-weight:normal ; font-style:normal ; }.cs4FC7BF42{text-align:left ; margin:0pt 0pt 0pt 0pt ; list-style-type:disc ; color:#000 ; background-color:transparent ; font-weight:normal ; font-style:normal ; }</style> </head> <body> <p>Hinson clutch components are developed and manufactured in the United States and work to improve the performance of your clutch. They offer a better riding feel as well as better resistance during intensive use. </p><p> </p><ul> <li>Clutch gasket </li><li>More resistant than the first set-up </li><li>Delivered as a single unit </li><li>Designed for competition preparation </li><li>Hinson components set a benchmark in terms of clutches, which is why numerous engines are equipped with them in the MX, SX and Enduro fields.</li></ul> </body> </html>","       Hinson clutch components are developed and manufactured in the United States and work to improve the performance of your clutch. They offer a better riding feel as well as better resistance during intensive use.   Clutch gasket More resistant than the first set-up Delivered as a single unit Designed for competition preparation Hinson components set a benchmark in terms of clutches, which is why numerous engines are equipped with them in the MX, SX and Enduro fields.  ",VEHICLE PARTS & ACCESSORIES,ENGINE PARTS,ENG. CLUTCH,2540,595,180,170,83,,,https://api.mybihr.com/medias/800Wx800H-1010985-1.jpg?context=bWFzdGVyfHJvb3R8OTMzOTR8aW1hZ2UvanBlZ3xhRFZrTDJnMFppODRNVGN5TXpRNU5EazRPVGcxTkM4NE1EQlhlRGd3TUVoZk1UQXhNRGs0TlMweExtcHdad3w4ZDg5OTI1ZGU4OGY2NDExYjdkOTJkNjA5NTczODJkZGYwODc4NmRjY2Y4MjRhZDA1MzFkMDAwYTc3NjA0ZWRl,https://api.mybihr.com/medias/800Wx800H-1010985-2.jpg?context=bWFzdGVyfHJvb3R8NzgxOTN8aW1hZ2UvanBlZ3xhREpsTDJnd01pODRNVGN5TXpRNU5USTFNVGs1T0M4NE1EQlhlRGd3TUVoZk1UQXhNRGs0TlMweUxtcHdad3w5NTBlMzIzYjljMzY0OGQ4Y2U4YmQ0MjVlYWFlY2M3Y2VmMDQ2N2RjZjhkNjRjMTllNDZjYTI0MDhjNTlhMGNl,,https://static.bihr.pro/eBihr/Pictures/HINSON-pictures.zip,Spain Warehouse (Parts)
1109508,,SP071-7-001,HINSON,HINSO STEEL PLATE KIT (SET OF 7),Kit de separadores de embrague HINSON,96.80,80.00,56.00,SP071-7-001,0,8483608090,0,1,"<p>Hinson Clutches are championship proven by almost every major factory team and rider in the world, including Eli Tomac, Ken Roczen, Cooper Webb, Tim Gajser, Jeffrey Herlings, Jeremy Seewer, Chase Sexton, &amp; Joey Savatgy.</p>
<ul>
<li>Provide optimum hook up with minimum heat build up</li>
<li>Exceptional production tolerances and flatness</li>
<li>Developed with and recommended to enhance the performance of Hinson Clutch Baskets, Inner Hubs, and Pressure Plates</li>
<li>Manufactured to OE specs using high quality materials</li>
<li>Can be used with OE baskets, inner hubs, &amp; pressure plates* (*some models may vary)</li>
<li>Made in the USA.</li>
</ul>","
Hinson Clutches are championship proven by almost every major factory team and rider in the world, including Eli Tomac, Ken Roczen, Cooper Webb, Tim Gajser, Jeffrey Herlings, Jeremy Seewer, Chase Sexton, & Joey Savatgy.

Provide optimum hook up with minimum heat build up
Exceptional production tolerances and flatness
Developed with and recommended to enhance the performance of Hinson Clutch Baskets, Inner Hubs, and Pressure Plates
Manufactured to OE specs using high quality materials
Can be used with OE baskets, inner hubs, & pressure plates* (*some models may vary)
Made in the USA.
",VEHICLE PARTS & ACCESSORIES,ENGINE PARTS,ENG. CLUTCH,2714,782,189,173,83,,,https://api.mybihr.com/medias/1109508-1-800Wx800H?context=bWFzdGVyfHJvb3R8Njc0MDN8aW1hZ2UvanBlZ3xhREZpTDJnM1lpOHhNakUyTlRNek56WTBOVEE0Tmk4eE1UQTVOVEE0TFRGZk9EQXdWM2c0TURCSXw1ZDBiOTBiMGZiYzczODNmMzExZjU5YmFkMjEwMjg3MjRmZjRhNjg2NTFlMThiNjM3YjNmZjZjN2Y1OTBlNzY0,,,https://static.bihr.pro/eBihr/Pictures/HINSON-pictures.zip,Spain Warehouse (Parts)
1130821,,HB641-1901,HINSON,HINSO CLUTCH COMPLETE,Kit embrague anti-rebote HINSON BTL,1804.11,1491.00,1043.70,HB641-1901,0,8409910090,0,1,"<ul>
<li>Los embragues Hinson son utilizados por casi todos los principales equipos de fábrica del mundo, incluidos Team HRC Honda, Team Monster Kawasaki, Team RedBull KTM, Team JGR Suzuki y Team Wilvo Yamaha.</li>
<li>La tecnología de embrague antirrebote mejora el manejo en terrenos irregulares y reduce los tiempos por vuelta.</li>
<li>Ofrece un agarre máximo y salidas increíbles.</li>
<li>Permite que el conjunto del embrague gire con mayor precisión, reduciendo el calor cuando está desacoplado y proporcionando un acoplamiento más suave.</li>
<li>Mejora la disipación del calor.</li>
<li>Fabricado con precisión en aluminio T-6 de calidad aeronáutica, con tolerancias aeroespaciales y recubierto para una resistencia al desgaste cinco veces mayor que la de serie (con el mantenimiento adecuado).</li>
<li>Ayuda a eliminar las vibraciones del embrague.</li>
<li>Mejora el rendimiento y la durabilidad del embrague.</li>
</ul>","
Los embragues Hinson son utilizados por casi todos los principales equipos de fábrica del mundo, incluidos Team HRC Honda, Team Monster Kawasaki, Team RedBull KTM, Team JGR Suzuki y Team Wilvo Yamaha.
La tecnología de embrague antirrebote mejora el manejo en terrenos irregulares y reduce los tiempos por vuelta.
Ofrece un agarre máximo y salidas increíbles.
Permite que el conjunto del embrague gire con mayor precisión, reduciendo el calor cuando está desacoplado y proporcionando un acoplamiento más suave.
Mejora la disipación del calor.
Fabricado con precisión en aluminio T-6 de calidad aeronáutica, con tolerancias aeroespaciales y recubierto para una resistencia al desgaste cinco veces mayor que la de serie (con el mantenimiento adecuado).
Ayuda a eliminar las vibraciones del embrague.
Mejora el rendimiento y la durabilidad del embrague.
",VEHICLE PARTS & ACCESSORIES,ENGINE PARTS,ENG. CLUTCH,6732,2746,219,212,145,,,https://api.mybihr.com/medias/800Wx800H-1130821-1.jpg?context=bWFzdGVyfHJvb3R8MjM2NzY1fGltYWdlL2pwZWd8YURFekwyZ3haUzg0TURJNE1EZzVNVFV5TXpFd01pODRNREJYZURnd01FaGZNVEV6TURneU1TMHhMbXB3Wnd8M2Q5NjYyZTRhNzhiYWU1OTg2NTVlNDFhMjA1NjZhYWUxMGU1MjU3MTk3ODk1Yjg4M2FkNjhmZDQ3YTZlMDU4YQ,,,https://static.bihr.pro/eBihr/Pictures/HINSON-pictures.zip,Spain Warehouse (Parts)
1119138,,HCS416,HINSON,HINSO COMP BILLETPROOF CONV CLUTCH KIT,Embrague completo HINSON Momentum,1491.65,1232.77,739.66,HCS416,1,8483608090,0,1,"<ul>
	<li>Incluye cesta de acero Momentum, tapa de embrague Billetproof®, cubo interior, placa de presión, placas de fibra y acero y muelles de embrague Hi-Temp.</li>
	<li>Utilizado por la mayoría de los equipos y pilotos de fábrica.</li>
	<li>Mejora el rendimiento y la vida del embrague.</li>
	<li>Mejora la disipación del calor.</li>
	<li>Mecanizado con precisión a partir de aluminio de calidad aeronáutica T-6 con tolerancias aeroespaciales, y con un recubrimiento duro para una resistencia al desgaste cinco veces superior a la de las existencias* (*con el mantenimiento adecuado).</li>
	<li>Permite que el conjunto del embrague gire con mayor precisión, lo que genera menos calor cuando el embrague se desacopla y proporciona un acoplamiento de embrague más positivo y suave.</li>
	<li>Ayuda a eliminar las vibraciones del embrague.</li>
	<li>Los kits de embrague Momentum están equipados con una campana de embrague más pesada que aporta más tracción y un comportamiento más suave de la moto.</li>
</ul>
","
	Incluye cesta de acero Momentum, tapa de embrague Billetproof®, cubo interior, placa de presión, placas de fibra y acero y muelles de embrague Hi-Temp.
	Utilizado por la mayoría de los equipos y pilotos de fábrica.
	Mejora el rendimiento y la vida del embrague.
	Mejora la disipación del calor.
	Mecanizado con precisión a partir de aluminio de calidad aeronáutica T-6 con tolerancias aeroespaciales, y con un recubrimiento duro para una resistencia al desgaste cinco veces superior a la de las existencias* (*con el mantenimiento adecuado).
	Permite que el conjunto del embrague gire con mayor precisión, lo que genera menos calor cuando el embrague se desacopla y proporciona un acoplamiento de embrague más positivo y suave.
	Ayuda a eliminar las vibraciones del embrague.
	Los kits de embrague Momentum están equipados con una campana de embrague más pesada que aporta más tracción y un comportamiento más suave de la moto.

",VEHICLE PARTS & ACCESSORIES,ENGINE PARTS,ENG. CLUTCH,6745,3879,216,211,148,,,https://api.mybihr.com/medias/1119138-1-800Wx800H?context=bWFzdGVyfHJvb3R8MjYzMzM5fGltYWdlL2pwZWd8YUdSbEwyaG1OUzh5T0RBNU9Ea3pNVFU0T1RFMU1DOHhNVEU1TVRNNExURmZPREF3VjNnNE1EQkl8MTZlYjY5OWU5ZWM3N2FmNGEzZGVmY2MyZjMzOTQyN2Q4OTgwNTUzMjY0ZjZhYThjZWIyZTVhYzEyMWQ0MzQ4Zg,,,https://static.bihr.pro/eBihr/Pictures/HINSON-pictures.zip,Spain Warehouse (Parts)
1119140,,HCS597-2101,HINSON,HINSO COMP MOMENTUM CLUTCH KIT,Embrague completo HINSON Momentum,1285.61,1062.49,637.49,HCS597-2101,0,8483608090,0,1,"<ul>
	<li>Incluye cesta de acero Momentum, tapa de embrague Billetproof®, cubo interior, placa de presión, placas de fibra y acero y muelles de embrague Hi-Temp.</li>
	<li>Utilizado por la mayoría de los equipos y pilotos de fábrica.</li>
	<li>Mejora el rendimiento y la vida del embrague.</li>
	<li>Mejora la disipación del calor.</li>
	<li>Mecanizado con precisión a partir de aluminio de calidad aeronáutica T-6 con tolerancias aeroespaciales, y con un recubrimiento duro para una resistencia al desgaste cinco veces superior a la de las existencias* (*con el mantenimiento adecuado).</li>
	<li>Permite que el conjunto del embrague gire con mayor precisión, lo que genera menos calor cuando el embrague se desacopla y proporciona un acoplamiento de embrague más positivo y suave.</li>
	<li>Ayuda a eliminar las vibraciones del embrague.</li>
	<li>Los kits de embrague Momentum están equipados con una campana de embrague más pesada que aporta más tracción y un comportamiento más suave de la moto.</li>
</ul>
","
	Incluye cesta de acero Momentum, tapa de embrague Billetproof®, cubo interior, placa de presión, placas de fibra y acero y muelles de embrague Hi-Temp.
	Utilizado por la mayoría de los equipos y pilotos de fábrica.
	Mejora el rendimiento y la vida del embrague.
	Mejora la disipación del calor.
	Mecanizado con precisión a partir de aluminio de calidad aeronáutica T-6 con tolerancias aeroespaciales, y con un recubrimiento duro para una resistencia al desgaste cinco veces superior a la de las existencias* (*con el mantenimiento adecuado).
	Permite que el conjunto del embrague gire con mayor precisión, lo que genera menos calor cuando el embrague se desacopla y proporciona un acoplamiento de embrague más positivo y suave.
	Ayuda a eliminar las vibraciones del embrague.
	Los kits de embrague Momentum están equipados con una campana de embrague más pesada que aporta más tracción y un comportamiento más suave de la moto.

",VEHICLE PARTS & ACCESSORIES,ENGINE PARTS,ENG. CLUTCH,6841,3258,216,214,148,,,https://api.mybihr.com/medias/1119140-1-800Wx800H?context=bWFzdGVyfHJvb3R8MjYwMTU3fGltYWdlL2pwZWd8YUROa0wyaGxPQzh5T0RBNU9Ea3pNVGs0TWpNMk5pOHhNVEU1TVRRd0xURmZPREF3VjNnNE1EQkl8ZDM3YTUwZmE0NjVlMmYyYTc0ZjRiYzExNGZmODFmZDM2Y2M3MmMzYWYyOGVkYjI2NTIwNjI0NzQ5MWVkOGVmYQ,,,https://static.bihr.pro/eBihr/Pictures/HINSON-pictures.zip,Spain Warehouse (Parts)
1109491,,BP089,HINSON,HINSO BACKING PLATE KIT,Placa de soporte para campana de embrague HINSON con tornillos - KTM 65,65.49,54.12,37.88,BP089,0,8483608090,0,1,"<p>This Hinson replacement part is used when reconditioning the clutch basket.</p>
<ul>
<li>Replacement backing plate and hardware for your Hinson Clutch Basket.</li>
<li>Hinson genuine product to change gear or service cushions on your Billetproof&reg; or Momentum Clutch Basket.</li>
<li>Made In The USA</li>
</ul>","
This Hinson replacement part is used when reconditioning the clutch basket.

Replacement backing plate and hardware for your Hinson Clutch Basket.
Hinson genuine product to change gear or service cushions on your Billetproof® or Momentum Clutch Basket.
Made In The USA
",VEHICLE PARTS & ACCESSORIES,ENGINE PARTS,ENG. CLUTCH,1466,119,195,188,40,,,https://api.mybihr.com/medias/1109491-1-800Wx800H?context=bWFzdGVyfHJvb3R8NDQ0Njd8aW1hZ2UvanBlZ3xhREkwTDJoak5TOHhNakUyTlRNek5EVTVOelkyTWk4eE1UQTVORGt4TFRGZk9EQXdWM2c0TURCSXxiNmZhMmYzNjdiNWY5NjkyZTIzYzlkNGUyYmE3ZjIwYjcxYjVlYTYwZTYxNDhhZmQwMTQwODVjYjRlZmY5YThm,,,https://static.bihr.pro/eBihr/Pictures/HINSON-pictures.zip,Spain Warehouse (Parts)
1109492,,BP230,HINSON,HINSO BACKING PLATE KIT,Placa de soporte para campana de embrague HINSON con tornillos - Suzuki RM-Z450,65.49,54.12,37.88,BP230,0,8483608090,0,1,"<p>This Hinson replacement part is used when reconditioning the clutch basket.</p>
<ul>
<li>Replacement backing plate and hardware for your Hinson Clutch Basket.</li>
<li>Hinson genuine product to change gear or service cushions on your Billetproof&reg; or Momentum Clutch Basket.</li>
<li>Made In The USA</li>
</ul>","
This Hinson replacement part is used when reconditioning the clutch basket.

Replacement backing plate and hardware for your Hinson Clutch Basket.
Hinson genuine product to change gear or service cushions on your Billetproof® or Momentum Clutch Basket.
Made In The USA
",VEHICLE PARTS & ACCESSORIES,ENGINE PARTS,ENG. CLUTCH,1541,155,198,173,45,,,https://api.mybihr.com/medias/1109492-1-800Wx800H?context=bWFzdGVyfHJvb3R8NDQ0Njd8aW1hZ2UvanBlZ3xhRFUwTDJoaVpTOHhNakUyTlRNek5EYzVOREkzTUM4eE1UQTVORGt5TFRGZk9EQXdWM2c0TURCSXxhMjZhZDQ1YTExMGE0MjVlNjc0MTY2OWE0M2YxODFiNjBjNWJiZDBhN2FlZjUzMmIyZDUwYTdhOTQ5MjhlNTQ1,,,https://static.bihr.pro/eBihr/Pictures/HINSON-pictures.zip,Spain Warehouse (Parts)
1109493,,BP789,HINSON,HINSO BACKING PLATE KIT WITH SCREWS,Placa de soporte para campana de embrague HINSON con tornillos - Honda CRF450,65.49,54.12,37.88,BP789,0,8483608090,0,1,"<p>This Hinson replacement part is used when reconditioning the clutch basket.</p>
<ul>
<li>Replacement backing plate and hardware for your Hinson Clutch Basket.</li>
<li>Hinson genuine product to change gear or service cushions on your Billetproof&reg; or Momentum Clutch Basket.</li>
<li>Made In The USA</li>
</ul>","
This Hinson replacement part is used when reconditioning the clutch basket.

Replacement backing plate and hardware for your Hinson Clutch Basket.
Hinson genuine product to change gear or service cushions on your Billetproof® or Momentum Clutch Basket.
Made In The USA
",VEHICLE PARTS & ACCESSORIES,ENGINE PARTS,ENG. CLUTCH,1522,153,200,177,43,,,https://api.mybihr.com/medias/1109493-1-800Wx800H?context=bWFzdGVyfHJvb3R8NDQ0Njd8aW1hZ2UvanBlZ3xhRGcwTDJoaU55OHhNakUyTlRNek5EazVNRGczT0M4eE1UQTVORGt6TFRGZk9EQXdWM2c0TURCSXxlNGVjYjU4ZTAwNDM0MDQ3ZjA4ZWYzMWI1YzYzYjc4YjAyZDg5NjNiNjY5MzRhY2U4MjBjZmI5NzIzMDM2NGMw,,,https://static.bihr.pro/eBihr/Pictures/HINSON-pictures.zip,Spain Warehouse (Parts)
1109490,,BP026,HINSON,HINSO BACKING PLATE KIT WITH SCREWS,Placa de soporte para campana de embrague HINSON con tornillos,65.49,54.12,37.88,BP026,0,8483608090,0,1,"<p>This Hinson replacement part is used when reconditioning the clutch basket.</p>
<ul>
<li>Replacement backing plate and hardware for your Hinson Clutch Basket.</li>
<li>Hinson genuine product to change gear or service cushions on your Billetproof&reg; or Momentum Clutch Basket.</li>
<li>Made In The USA</li>
</ul>","
This Hinson replacement part is used when reconditioning the clutch basket.

Replacement backing plate and hardware for your Hinson Clutch Basket.
Hinson genuine product to change gear or service cushions on your Billetproof® or Momentum Clutch Basket.
Made In The USA
",VEHICLE PARTS & ACCESSORIES,ENGINE PARTS,ENG. CLUTCH,1551,133,196,184,43,,,https://api.mybihr.com/medias/1109490-1-800Wx800H?context=bWFzdGVyfHJvb3R8NDQ0Njd8aW1hZ2UvanBlZ3xhRGt4TDJoak9TOHhNakUyTlRNek5EUXdNVEExTkM4eE1UQTVORGt3TFRGZk9EQXdWM2c0TURCSXwyZGZhYzc4ZTU4NDUxZjA0YmM0YWQ0ZWFmYjViMDdlNTBmMzg5MDE2MTNjZWYyYjJjOGJiMTYzOGE4NDdhMTQw,,,https://static.bihr.pro/eBihr/Pictures/HINSON-pictures.zip,Spain Warehouse (Parts)
1120999,,C616-2301,HINSON,HINSO COVER CLUTCH,Tapa de embrague HINSON aluminio,232.56,192.20,134.54,C616-2301,0,8483608090,0,1,"<p>Una larga y estrecha colaboración con los mejores pilotos de los equipos más prestigiosos ha ayudado a HINSON a desarrollar una gama completa de tapas de embrague, kits, bujes interiores y placas de presión.</p>
<p>Fabricados en aluminio anodizado (alta calidad), son sometidos a un tratamiento térmico que les confiere dureza y resistencia para las condiciones extremas del MX y SX.</p>","
Una larga y estrecha colaboración con los mejores pilotos de los equipos más prestigiosos ha ayudado a HINSON a desarrollar una gama completa de tapas de embrague, kits, bujes interiores y placas de presión.

Fabricados en aluminio anodizado (alta calidad), son sometidos a un tratamiento térmico que les confiere dureza y resistencia para las condiciones extremas del MX y SX.",VEHICLE PARTS & ACCESSORIES,ENGINE PARTS,ENG. CLUTCH,2411,327,246,196,50,,,https://api.mybihr.com/medias/800Wx800H-1120999-1.jpg?context=bWFzdGVyfHJvb3R8NzY3NzJ8aW1hZ2UvanBlZ3xhR1ZpTDJobU1TOHpOREUxT1RRNE5qRTNNekl4TkM4NE1EQlhlRGd3TUVoZk1URXlNRGs1T1MweExtcHdad3w5YTAxYWQzNmE3MTU4MWZkZGZkODE5Y2Y5OTc3NTE4Y2FmZTFkMmNiNmIwMjUxMGM1YmIxZjU0MmVlODk4YmMz,,,https://static.bihr.pro/eBihr/Pictures/HINSON-pictures.zip,Spain Warehouse (Parts)
1109494,,CS189-5-0613,HINSON,HINSO HI-TEMP CLUTCH SPRING KIT (SET 5),Kit de muelles de embrague HINSON Hi-Temp,84.70,70.00,49.00,CS189-5-0613,0,8483608090,0,1,"<p>Hinson Clutches are championship proven by almost every major factory team and rider in the world, including Eli Tomac, Ken Roczen, Cooper Webb, Tim Gajser, Jeffrey Herlings, Jeremy Seewer, Chase Sexton, &amp; Joey Savatgy</p>
<ul>
<li>Provide optimum hook up with minimum heat build up</li>
<li>Exceptional production tolerances</li>
<li>Developed with and recommended to enhance the performance of Hinson Clutch Baskets, Inner Hubs, and Pressure Plates</li>
<li>Manufactured from high temperature steel, highly resistant to losing their strength due to the high heat generated by a clutch</li>
<li>Can be used with OE baskets, inner hubs, &amp; pressure plates* (*some models may vary)</li>
<li>Made in the USA.</li>
</ul>","
Hinson Clutches are championship proven by almost every major factory team and rider in the world, including Eli Tomac, Ken Roczen, Cooper Webb, Tim Gajser, Jeffrey Herlings, Jeremy Seewer, Chase Sexton, & Joey Savatgy

Provide optimum hook up with minimum heat build up
Exceptional production tolerances
Developed with and recommended to enhance the performance of Hinson Clutch Baskets, Inner Hubs, and Pressure Plates
Manufactured from high temperature steel, highly resistant to losing their strength due to the high heat generated by a clutch
Can be used with OE baskets, inner hubs, & pressure plates* (*some models may vary)
Made in the USA.
",VEHICLE PARTS & ACCESSORIES,ENGINE PARTS,ENG. CLUTCH,317,88,103,81,38,,,https://api.mybihr.com/medias/1109494-1-800Wx800H?context=bWFzdGVyfHJvb3R8MTMxNjQ1fGltYWdlL3BuZ3xhR1pqTDJneE9TOHhNakUxTXpFd01EazVNalUwTWk4eE1UQTVORGswTFRGZk9EQXdWM2c0TURCSXw4MjQ5YWY1NjVmM2JlMzFlNjRiYzlhYTIwMjM3ZDdkYjQ1Y2IxZWMxNzE0OTVmOTAzM2Y5YWQ4MGI5ZGJiMzJj,,,https://static.bihr.pro/eBihr/Pictures/HINSON-pictures.zip,Spain Warehouse (Parts)
1109521,,CS130-6-8602,HINSON,HINSO HI-TEMP CLUTCH SPRING KIT,Kit de muelles de embrague HINSON Hi-Temp,96.80,80.00,56.00,CS130-6-8602,0,8483608090,0,1,"<p>Hinson Clutches are championship proven by almost every major factory team and rider in the world, including Eli Tomac, Ken Roczen, Cooper Webb, Tim Gajser, Jeffrey Herlings, Jeremy Seewer, Chase Sexton, &amp; Joey Savatgy</p>
<ul>
<li>Provide optimum hook up with minimum heat build up</li>
<li>Exceptional production tolerances</li>
<li>Developed with and recommended to enhance the performance of Hinson Clutch Baskets, Inner Hubs, and Pressure Plates</li>
<li>Manufactured from high temperature steel, highly resistant to losing their strength due to the high heat generated by a clutch</li>
<li>Can be used with OE baskets, inner hubs, &amp; pressure plates* (*some models may vary)</li>
<li>Made in the USA.</li>
</ul>","
Hinson Clutches are championship proven by almost every major factory team and rider in the world, including Eli Tomac, Ken Roczen, Cooper Webb, Tim Gajser, Jeffrey Herlings, Jeremy Seewer, Chase Sexton, & Joey Savatgy

Provide optimum hook up with minimum heat build up
Exceptional production tolerances
Developed with and recommended to enhance the performance of Hinson Clutch Baskets, Inner Hubs, and Pressure Plates
Manufactured from high temperature steel, highly resistant to losing their strength due to the high heat generated by a clutch
Can be used with OE baskets, inner hubs, & pressure plates* (*some models may vary)
Made in the USA.
",VEHICLE PARTS & ACCESSORIES,ENGINE PARTS,ENG. CLUTCH,388,99,126,81,38,,,https://api.mybihr.com/medias/1109515-1-800Wx800H?context=bWFzdGVyfHJvb3R8MTMxNjQ1fGltYWdlL3BuZ3xhRFkwTDJnd015OHhNakUyTlRNek1UY3hOREEzT0M4eE1UQTVOVEUxTFRGZk9EQXdWM2c0TURCSXw2ZGYwYzBmYTEwOTU5YWY1ZjI1NjNhOTlkYmM0NTAyOWNhYzE3OWJmNGYxOGZlMzQ3MjFiMTgyNTNiMWY1NWY3,,,https://static.bihr.pro/eBihr/Pictures/HINSON-pictures.zip,Spain Warehouse (Parts)
1011019,127201,C654,HINSON,HINSO CLUTCH COVER,"Tapa de embrague HINSON, aluminio, KTM SX-F450 y Husqvarna FC/FE450/501",235.95,195.00,136.50,C654,1,8483608090,0,1,"<p>Hinson Clutches are championship proven by almost every major factory team and rider in the world, including Eli Tomac, Ken Roczen, Cooper Webb, Tim Gajser, Jeffrey Herlings, Jeremy Seewer, Chase Sexton, &amp; Joey Savatgy.</p>
<ul>
<li>Hardcoated for extreme boot wear resistance</li>
<li>Much stronger than stock, protecting from rock damage</li>
<li>Improves heat dissipation</li>
<li>Precision machined from billet T-6 aircraft quality aluminum to aerospace tolerances</li>
</ul>","
Hinson Clutches are championship proven by almost every major factory team and rider in the world, including Eli Tomac, Ken Roczen, Cooper Webb, Tim Gajser, Jeffrey Herlings, Jeremy Seewer, Chase Sexton, & Joey Savatgy.

Hardcoated for extreme boot wear resistance
Much stronger than stock, protecting from rock damage
Improves heat dissipation
Precision machined from billet T-6 aircraft quality aluminum to aerospace tolerances
",VEHICLE PARTS & ACCESSORIES,ENGINE PARTS,ENG. CLUTCH,2409,369,235,205,50,Negro,,https://api.mybihr.com/medias/1011019-1-800Wx800H?context=bWFzdGVyfHJvb3R8Mzk2NTJ8aW1hZ2UvanBlZ3xhR0kzTDJnek1DODRPVEF3T0RnMU56QTRPRE13THpFd01URXdNVGt0TVY4NE1EQlhlRGd3TUVnfDAzMWRhMTFkNzg3MjRiN2ZmOTk5NjA4MjNiNTU0YjE2NDY5Y2NhM2U2ZmUwM2M0ZTBlZWFiMDI3OGUwZDQ0Yzc,,,https://static.bihr.pro/eBihr/Pictures/HINSON-pictures.zip,Spain Warehouse (Parts)
1116474,,HC277,HINSON,HINSO CLUTCH COMPLETE,Embrague completo HINSON Billetproof,1458.36,1205.26,843.68,HC277,0,8483608090,0,1,"<ul>
	<li>El embrague m&aacute;s ganador del mundo, probado en carrera por los mejores equipos del mundo, como el multicampe&oacute;n de ATVMX Chad Wienen y el equipo HRC Honda, el equipo Red Bull KTM, el equipo Monster Kawasaki, el equipo Yoshimura Suzuki y el equipo Wilvo Yamaha.</li>
	<li>Incluye tapa de embrague Billetproof&reg;, cesta, cubo interior, placa de presi&oacute;n, placas de fibra y acero y muelles.</li>
	<li>Utilizado por la mayor&iacute;a de los equipos y pilotos de f&aacute;brica.</li>
	<li>Mejora el rendimiento y la vida &uacute;til del embrague.</li>
	<li>Mejora la disipaci&oacute;n del calor.</li>
	<li>Mecanizado con precisi&oacute;n a partir de un tocho de aluminio de grado aeron&aacute;utico T-6 con tolerancias aeroespaciales, y con un recubrimiento duro para una resistencia al desgaste cinco veces mayor que la de las piezas originales* (*con un mantenimiento adecuado).</li>
	<li>Permite que el conjunto del embrague gire con mayor precisi&oacute;n, reduciendo el calor cuando el embrague se desacopla y permitiendo un acoplamiento m&aacute;s positivo y suave del embrague.</li>
	<li>Ayuda a eliminar las vibraciones del embrague.</li>
</ul>","
	El embrague más ganador del mundo, probado en carrera por los mejores equipos del mundo, como el multicampeón de ATVMX Chad Wienen y el equipo HRC Honda, el equipo Red Bull KTM, el equipo Monster Kawasaki, el equipo Yoshimura Suzuki y el equipo Wilvo Yamaha.
	Incluye tapa de embrague Billetproof®, cesta, cubo interior, placa de presión, placas de fibra y acero y muelles.
	Utilizado por la mayoría de los equipos y pilotos de fábrica.
	Mejora el rendimiento y la vida útil del embrague.
	Mejora la disipación del calor.
	Mecanizado con precisión a partir de un tocho de aluminio de grado aeronáutico T-6 con tolerancias aeroespaciales, y con un recubrimiento duro para una resistencia al desgaste cinco veces mayor que la de las piezas originales* (*con un mantenimiento adecuado).
	Permite que el conjunto del embrague gire con mayor precisión, reduciendo el calor cuando el embrague se desacopla y permitiendo un acoplamiento más positivo y suave del embrague.
	Ayuda a eliminar las vibraciones del embrague.
",VEHICLE PARTS & ACCESSORIES,ENGINE PARTS,ENG. CLUTCH,6870,3082,220,211,148,,,https://api.mybihr.com/medias/1116474-1-800Wx800H?context=bWFzdGVyfHJvb3R8MjM1MDUwfGltYWdlL2pwZWd8YURjMEwyZzNOaTh4TlRRNU5EVXdORFUzT1RFd01pOHhNVEUyTkRjMExURmZPREF3VjNnNE1EQkl8YTA0ZGZlNDI1MDEwMGM4YzQzMTI2ZTMxZjQwMjBjYmI4ZjY4NTg0Nzk2MmJkMGUxNTIzNzJlYzAzYzgzMDM5Yg,,,https://static.bihr.pro/eBihr/Pictures/HINSON-pictures.zip,France Warehouse (Parts)
1125816,,CA405-2401,HINSON,HINSO CLUTCH COVER BILLETPROOF,Tapa de embrague HINSON Billetproof aluminio,235.95,195.00,136.50,CA405-2401,1,8714109090,0,1,"<p>Una larga y estrecha colaboraci&oacute;n con los mejores pilotos de los equipos m&aacute;s prestigiosos ha ayudado a HINSON a desarrollar una gama completa de tapas de embrague, kits, bujes interiores y placas de presi&oacute;n.</p>
<p>Fabricados en aluminio anodizado (alta calidad), son sometidos a un tratamiento t&eacute;rmico que les confiere dureza y resistencia para las condiciones extremas del MX y SX.</p>
<p>Mucho m&aacute;s resistente al desgaste y a las marcas creadas por los discos de embrague y los discos de embrague de fricci&oacute;n.</p>
<ul>
<li>Cubierta de embrague de aluminio</li>
<li>Logotipo "" Hinson "" impreso con l&aacute;ser</li>
<li>M&aacute;s ligera y resistente que la OEM</li>
<li>Para tuning de competici&oacute;n</li>
</ul>","
Una larga y estrecha colaboración con los mejores pilotos de los equipos más prestigiosos ha ayudado a HINSON a desarrollar una gama completa de tapas de embrague, kits, bujes interiores y placas de presión.

Fabricados en aluminio anodizado (alta calidad), son sometidos a un tratamiento térmico que les confiere dureza y resistencia para las condiciones extremas del MX y SX.

Mucho más resistente al desgaste y a las marcas creadas por los discos de embrague y los discos de embrague de fricción.

Cubierta de embrague de aluminio
Logotipo "" Hinson "" impreso con láser
Más ligera y resistente que la OEM
Para tuning de competición
",VEHICLE PARTS & ACCESSORIES,ENGINE PARTS,ENG. CLUTCH,2722,293,253,203,53,,,https://api.mybihr.com/medias/800Wx800H-1125816-1.jpg?context=bWFzdGVyfHJvb3R8MjMxNTM4fGltYWdlL2pwZWd8YURZd0wyZzJOeTgyTWpnd056YzNNamc0T1RFeE9DODRNREJYZURnd01FaGZNVEV5TlRneE5pMHhMbXB3Wnd8Y2I5NWM4NDI2OTc0OGM5YzlhYjRhN2UwZGU3MTY4OTQwYjU3NjFkMDY1NzFhMTNiYTg4YjQ0OTUxY2JlNjkxZA,,,https://static.bihr.pro/eBihr/Pictures/HINSON-pictures.zip,Spain Warehouse (Parts)
1125817,,CA410-2501,HINSON,HINSO CLUTCH COVER BILLETPROOF,Tapa de embrague HINSON Billetproof aluminio,235.95,195.00,136.50,CA410-2501,3,8714109090,0,1,"<p>Una larga y estrecha colaboraci&oacute;n con los mejores pilotos de los equipos m&aacute;s prestigiosos ha ayudado a HINSON a desarrollar una gama completa de tapas de embrague, kits, bujes interiores y placas de presi&oacute;n.</p>
<p>Fabricados en aluminio anodizado (alta calidad), son sometidos a un tratamiento t&eacute;rmico que les confiere dureza y resistencia para las condiciones extremas del MX y SX.</p>
<p>Mucho m&aacute;s resistente al desgaste y a las marcas creadas por los discos de embrague y los discos de embrague de fricci&oacute;n.</p>
<ul>
<li>Cubierta de embrague de aluminio</li>
<li>Logotipo "" Hinson "" impreso con l&aacute;ser</li>
<li>M&aacute;s ligera y resistente que la OEM</li>
<li>Para tuning de competici&oacute;n</li>
</ul>","
Una larga y estrecha colaboración con los mejores pilotos de los equipos más prestigiosos ha ayudado a HINSON a desarrollar una gama completa de tapas de embrague, kits, bujes interiores y placas de presión.

Fabricados en aluminio anodizado (alta calidad), son sometidos a un tratamiento térmico que les confiere dureza y resistencia para las condiciones extremas del MX y SX.

Mucho más resistente al desgaste y a las marcas creadas por los discos de embrague y los discos de embrague de fricción.

Cubierta de embrague de aluminio
Logotipo "" Hinson "" impreso con láser
Más ligera y resistente que la OEM
Para tuning de competición
",VEHICLE PARTS & ACCESSORIES,ENGINE PARTS,ENG. CLUTCH,2805,237,255,200,55,,,https://api.mybihr.com/medias/800Wx800H-1125817-1.jpg?context=bWFzdGVyfHJvb3R8MjMxNTM4fGltYWdlL2pwZWd8YUdGakwyaGlZeTgyTWpnd056YzNNekk0TWpNek5DODRNREJYZURnd01FaGZNVEV5TlRneE55MHhMbXB3Wnd8OGY0NjY2MGMxNmJhZTBiYWNhNmU3ZGQ3Y2M4ZjAzODEyOGI4Y2YwZjg1ZDI1ZDgxODY5ZDdlYTE0MzQxNjFmYg,,,https://static.bihr.pro/eBihr/Pictures/HINSON-pictures.zip,Spain Warehouse (Parts)
1125786,,HC416,HINSON,HINSO COMP BILLETPROOF CONV CLUTCH KIT,Embrague completo HINSON Billetproof,1474.32,1218.45,852.92,HC416,1,8714109090,0,1,"<p>Los embragues Hinson han sido probados en campeonatos por casi todos los principales equipos de f&aacute;brica del mundo, como el Team HRC Honda, el Team Monster Kawasaki, el Team RedBull Ktm, el Team JGR Suzuki y el Team Wilvo Yamaha.</p>
<ul>
<li>Incluye tapa de embrague Billetproof&reg;, campana, maza interior, placa de presi&oacute;n, muelle y placas de fibra y acero.</li>
<li>Utilizado por la mayor&iacute;a de los principales equipos y pilotos de f&aacute;brica.</li>
<li>Mejora el rendimiento y la vida &uacute;til del embrague.</li>
<li>Mejora la disipaci&oacute;n del calor.</li>
<li>Mecanizado con precisi&oacute;n a partir de aluminio billet T-6 de calidad aeron&aacute;utica con tolerancias aeroespaciales, y con revestimiento duro para una resistencia al desgaste cinco veces superior a la original* (*con el mantenimiento adecuado).</li>
<li>Permite que el conjunto del embrague gire con mayor precisi&oacute;n, lo que reduce el calor cuando el embrague est&aacute; desembragado y proporciona un embrague m&aacute;s suave y positivo.</li>
<li>Ayuda a eliminar las vibraciones del embrague.</li>
</ul>","
Los embragues Hinson han sido probados en campeonatos por casi todos los principales equipos de fábrica del mundo, como el Team HRC Honda, el Team Monster Kawasaki, el Team RedBull Ktm, el Team JGR Suzuki y el Team Wilvo Yamaha.

Incluye tapa de embrague Billetproof®, campana, maza interior, placa de presión, muelle y placas de fibra y acero.
Utilizado por la mayoría de los principales equipos y pilotos de fábrica.
Mejora el rendimiento y la vida útil del embrague.
Mejora la disipación del calor.
Mecanizado con precisión a partir de aluminio billet T-6 de calidad aeronáutica con tolerancias aeroespaciales, y con revestimiento duro para una resistencia al desgaste cinco veces superior a la original* (*con el mantenimiento adecuado).
Permite que el conjunto del embrague gire con mayor precisión, lo que reduce el calor cuando el embrague está desembragado y proporciona un embrague más suave y positivo.
Ayuda a eliminar las vibraciones del embrague.
",VEHICLE PARTS & ACCESSORIES,ENGINE PARTS,ENG. CLUTCH,6968,2926,220,214,148,,,https://api.mybihr.com/medias/800Wx800H-1125786-1.jpg?context=bWFzdGVyfHJvb3R8MjMyNjI0fGltYWdlL2pwZWd8YURnMEwyaGpaaTgyTWpnd056YzNORFUyTURJNE5pODRNREJYZURnd01FaGZNVEV5TlRjNE5pMHhMbXB3Wnd8MDVmNjkyNmI5ZWJhMmEzNmQ1ZjE1Mjc0OTE3M2QzOTNhM2MxOGUyMWM3NDIwNWMwYzE1MDJkODNiNTJhOWI3Yg,,,https://static.bihr.pro/eBihr/Pictures/HINSON-pictures.zip,Spain Warehouse (Parts)
1011006,19700019,HC313,HINSON,HINSO BASKET CLUTCH,Embrague completo HINSON Billetproof,1419.95,1173.51,821.46,HC313,0,8483608090,0,1,"<html> <head> <meta http-equiv=""Content-Type"" content=""text/html ; charset=utf-8""><title> </title> <style type=""text/css"">.cs95E872D0{text-align:left ; margin:0pt 0pt 0pt 0pt ; }.csA7555675{color:#000 ; background-color:transparent ; font-weight:normal ; font-style:normal ; }.cs4FC7BF42{text-align:left ; margin:0pt 0pt 0pt 0pt ; list-style-type:disc ; color:#000 ; background-color:transparent ; font-weight:normal ; font-style:normal ; }</style> </head> <body> <p>Hinson clutch components are developed and manufactured in the United States and work to improve the performance of your clutch. They offer a better riding feel as well as better resistance during intensive use. </p><p> </p><ul> <li>Clutch gasket </li><li>More resistant than the first set-up </li><li>Delivered as a single unit </li><li>Designed for competition preparation </li><li>Hinson components set a benchmark in terms of clutches, which is why numerous engines are equipped with them in the MX, SX and Enduro fields.</li></ul> </body> </html>","       Hinson clutch components are developed and manufactured in the United States and work to improve the performance of your clutch. They offer a better riding feel as well as better resistance during intensive use.   Clutch gasket More resistant than the first set-up Delivered as a single unit Designed for competition preparation Hinson components set a benchmark in terms of clutches, which is why numerous engines are equipped with them in the MX, SX and Enduro fields.  ",VEHICLE PARTS & ACCESSORIES,ENGINE PARTS,ENG. CLUTCH,2628,737,174,182,83,,,https://api.mybihr.com/medias/800Wx800H-1011006-1.jpg?context=bWFzdGVyfHJvb3R8MjMyMjk2fGltYWdlL2pwZWd8YUdZNUwyZzBZUzh6TXpReU56UTFNekkwTnpVeE9DODRNREJYZURnd01FaGZNVEF4TVRBd05pMHhMbXB3Wnd8NjNjMTdiZTM0OWNhZTZkZmVkOGNhNDY5NDE3N2I0MTQyMTgzOTk2YWJhYTM5MWFjN2I0YWE3NzUwYzkzZjc4Ng,,,https://static.bihr.pro/eBihr/Pictures/HINSON-pictures.zip,Spain Warehouse (Parts)
1127034,,CS616-2301,HINSON,HINSO HI-TEMP CLUTCH SPRING KIT,Kit de muelles de embrague HINSON Hi-Temp,96.80,80.00,56.00,CS616-1-2301,0,8714109090,0,1,"<ul>
	<li>Hinson Clutches are championship proven by almost every major factory team and rider in the world, including Eli Tomac, Ken Roczen, Cooper Webb, Tim Gajser, Jeffrey Herlings, Jeremy Seewer, Chase Sexton, &amp; Joey Savatgy.</li>
	<li>Springs manufactured from high temperature steel, highly resistant to losing their strength due to the high heat of today's four-strokes.</li>
	<li>Provide optimum hookup with minimum heat build up.</li>
	<li>Exceptional production tolerances.</li>
	<li>Developed to enhance the performance of any Hinson Clutch Component and your stock clutch alike.</li>
	<li>Works with all OE parts unless otherwise indicated.</li>
	<li>Made in the USA.</li>
</ul>

<p>Scope of delivery. 5 pcs</p>","
	Hinson Clutches are championship proven by almost every major factory team and rider in the world, including Eli Tomac, Ken Roczen, Cooper Webb, Tim Gajser, Jeffrey Herlings, Jeremy Seewer, Chase Sexton, & Joey Savatgy.
	Springs manufactured from high temperature steel, highly resistant to losing their strength due to the high heat of today's four-strokes.
	Provide optimum hookup with minimum heat build up.
	Exceptional production tolerances.
	Developed to enhance the performance of any Hinson Clutch Component and your stock clutch alike.
	Works with all OE parts unless otherwise indicated.
	Made in the USA.



Scope of delivery. 5 pcs",VEHICLE PARTS & ACCESSORIES,ENGINE PARTS,ENG. CLUTCH,1827,194,204,169,53,,,https://api.mybihr.com/medias/800Wx800H-1127034-1.jpg?context=bWFzdGVyfHJvb3R8NzQ0NTV8aW1hZ2UvanBlZ3xhREJpTDJnMll5ODJORGswTnpFNU9UazJOekkyTWk4NE1EQlhlRGd3TUVoZk1URXlOekF6TkMweExtcHdad3w3NDcyM2ZjZGZiYTUwMzA1YjA1NWIwMjAyYTkxMmUyNjdhODM5MDNmMzJjZDA1YjEyMjdjNGJkMDliOWQwMWNk,,,https://static.bihr.pro/eBihr/Pictures/HINSON-pictures.zip,Spain Warehouse (Parts)
1109505,,FSC059-8-001,HINSON,HINSO FSC CLUTCH PLATE&SPRING KIT,Kit de embrague HINSON,272.25,225.00,157.50,FSC059-8-001,2,8483608090,0,1,"<p>Hinson Clutches are championship proven by almost every major factory team and rider in the world, including Eli Tomac, Ken Roczen, Cooper Webb, Tim Gajser, Jeffrey Herlings, Jeremy Seewer, Chase Sexton, &amp; Joey Savatgy.</p>
<ul>
<li>Provide optimum hook up with minimum heat build up</li>
<li>Exceptional production tolerances and flatness</li>
<li>Clutch Springs are manufactured from high temperature steel, highly resistant to losing their strength due to the high heat generated by a clutch</li>
<li>Fiber plates use organic non-abrasive materials to avoid damage to rest of motor as plate materials break down and are circulated through engine by oil</li>
<li>Developed with and recommended to enhance the performance of Hinson Clutch Baskets, Inner Hubs, and Pressure Plates</li>
<li>Manufactured to OE specs using high quality materials</li>
<li>Can be used with OE baskets, inner hubs, &amp; pressure plates* (*some models may vary).</li>
</ul>","
Hinson Clutches are championship proven by almost every major factory team and rider in the world, including Eli Tomac, Ken Roczen, Cooper Webb, Tim Gajser, Jeffrey Herlings, Jeremy Seewer, Chase Sexton, & Joey Savatgy.

Provide optimum hook up with minimum heat build up
Exceptional production tolerances and flatness
Clutch Springs are manufactured from high temperature steel, highly resistant to losing their strength due to the high heat generated by a clutch
Fiber plates use organic non-abrasive materials to avoid damage to rest of motor as plate materials break down and are circulated through engine by oil
Developed with and recommended to enhance the performance of Hinson Clutch Baskets, Inner Hubs, and Pressure Plates
Manufactured to OE specs using high quality materials
Can be used with OE baskets, inner hubs, & pressure plates* (*some models may vary).
",VEHICLE PARTS & ACCESSORIES,ENGINE PARTS,ENG. CLUTCH,1754,938,203,163,53,,,https://api.mybihr.com/medias/1109505-1-800Wx800H?context=bWFzdGVyfHJvb3R8MTc1NzU3fGltYWdlL2pwZWd8YURReEwyZ3hPQzh4TWpFMk5UTXpOamcxT0RZMU5DOHhNVEE1TlRBMUxURmZPREF3VjNnNE1EQkl8Yjk5M2FlNmFkN2M1MDY2YmI3ODZiYjJhMTBhYzg3NmVmMzVjNzRkZTU4MjAxY2Q3ODhjYmZhYWU0MjIyNzAxNQ,,,https://static.bihr.pro/eBihr/Pictures/HINSON-pictures.zip,Spain Warehouse (Parts)
1109507,,OC213,HINSON,HINSO OIL FILLER CAP,Tapón HINSON llenado de aceite,36.30,30.00,21.00,OC213,0,8483608090,0,1,"<ul>
<li>Manufactured from T-6 aircraft quality aluminum.</li>
<li>Available for Japanese and KTM dirt bikes and ATVs.</li>
</ul>","
Manufactured from T-6 aircraft quality aluminum.
Available for Japanese and KTM dirt bikes and ATVs.
",VEHICLE PARTS & ACCESSORIES,ENGINE PARTS,ENG. CLUTCH,339,29,116,77,38,,,https://api.mybihr.com/medias/1109507-1-800Wx800H?context=bWFzdGVyfHJvb3R8MTEyMzczfGltYWdlL2pwZWd8YURoa0wyZzJaQzh4TWpFMk5UTXpOekkxTVRnM01DOHhNVEE1TlRBM0xURmZPREF3VjNnNE1EQkl8YmFiYmE1Y2YxNGNmYTQ5ZjcxZWU3Y2YzMWI1NWFiZjU4MmRmYWEwYmVmNWU5YWQ4YTE5ZjkxNmIyYjk4NmE2ZA,https://api.mybihr.com/medias/1109507-2-800Wx800H?context=bWFzdGVyfHJvb3R8MTEyNTA4fGltYWdlL2pwZWd8YURSaEwyZzNOQzh4TWpFMk5UTXpOelEwT0RRM09DOHhNVEE1TlRBM0xUSmZPREF3VjNnNE1EQkl8ZWYxY2EzNzZiMWUzMzZjMjRjOTJkZGNmNjEzM2M3MjY0M2EzYjk0ZWFlOTVlNmJhN2M5NmFjM2E2YzZlYjgyMw,,https://static.bihr.pro/eBihr/Pictures/HINSON-pictures.zip,Spain Warehouse (Parts)
1127965,,C105-2401,HINSON,HINSO CLUTCH COVER,Tapa de embrague HINSON Billetproof aluminio,235.95,195.00,136.50,C105-2401,0,8714109090,0,1,"<p>Una larga y estrecha colaboraci&oacute;n con los mejores pilotos de los equipos m&aacute;s prestigiosos ha ayudado a HINSON a desarrollar una gama completa de tapas de embrague, kits, bujes interiores y placas de presi&oacute;n.</p>
<p>Fabricados en aluminio anodizado (alta calidad), son sometidos a un tratamiento t&eacute;rmico que les confiere dureza y resistencia para las condiciones extremas del MX y SX.</p>
<p>Mucho m&aacute;s resistente al desgaste y a las marcas creadas por los discos de embrague y los discos de embrague de fricci&oacute;n.</p>
<ul>
<li>Cubierta de embrague de aluminio</li>
<li>Logotipo "" Hinson "" impreso con l&aacute;ser</li>
<li>M&aacute;s ligera y resistente que la OEM</li>
<li>Para tuning de competici&oacute;n</li>
</ul>","
Una larga y estrecha colaboración con los mejores pilotos de los equipos más prestigiosos ha ayudado a HINSON a desarrollar una gama completa de tapas de embrague, kits, bujes interiores y placas de presión.

Fabricados en aluminio anodizado (alta calidad), son sometidos a un tratamiento térmico que les confiere dureza y resistencia para las condiciones extremas del MX y SX.

Mucho más resistente al desgaste y a las marcas creadas por los discos de embrague y los discos de embrague de fricción.

Cubierta de embrague de aluminio
Logotipo "" Hinson "" impreso con láser
Más ligera y resistente que la OEM
Para tuning de competición
",VEHICLE PARTS & ACCESSORIES,ENGINE PARTS,ENG. CLUTCH,2417,426,253,199,48,,,,,,https://static.bihr.pro/eBihr/Pictures/HINSON-pictures.zip,Spain Warehouse (Parts)
1011060,19700007,H505-IH-1901,HINSON,HINSO CLUTCH INNER HUB,Maza de embrague HINSON - KTM / Husqvarna,423.50,350.00,221.18,H505-IH-1901,1,8483608090,0,1,"<p>Long and close collaborations with the best riders of the more prestigious teams has enabled Hinson to develop a complete range of clutch plates, hubs and gaskets.</p>
<p>&nbsp;</p>
<p>Cut from high-quality aluminium block, they undergo thermal treatment followed by anodization, giving them a hardness and resistance that is better suited to the extreme conditions of MX and SX.</p>
<p><br>
Put to the test during starts and jump shock absorption, they are much more resistant to wear and marks caused by the clutch and friction plates</p>","
Long and close collaborations with the best riders of the more prestigious teams has enabled Hinson to develop a complete range of clutch plates, hubs and gaskets.

 

Cut from high-quality aluminium block, they undergo thermal treatment followed by anodization, giving them a hardness and resistance that is better suited to the extreme conditions of MX and SX.


Put to the test during starts and jump shock absorption, they are much more resistant to wear and marks caused by the clutch and friction plates",VEHICLE PARTS & ACCESSORIES,ENGINE PARTS,ENG. CLUTCH,2641,359,172,185,83,,,https://api.mybihr.com/medias/1011060-1-800Wx800H?context=bWFzdGVyfHJvb3R8NjAxMjB8aW1hZ2UvanBlZ3xhR1EzTDJneVl5ODVNREV5TkRZME56UTJOVEkyTHpFd01URXdOakF0TVY4NE1EQlhlRGd3TUVnfDNlMWY3Zjg0ZmQyYmU5ZTg0OWVkMzllYzkzMjY1MTUzZWMzNjAwODVjMzFlODk1NmU5MGQzYzM3OTRjYWM2MzI,,,https://static.bihr.pro/eBihr/Pictures/HINSON-pictures.zip,Spain Warehouse (Parts)
1011088,19700009,H505-PP-1901,HINSON,HINSO PLATE PRESSURE,"Plato de presión HINSON, aluminio, KTM/Husqvarna",273.46,226.00,138.24,H505-PP-1901,1,8483608090,0,1,"<p><br>Long and close collaborations with the best riders of the more prestigious teams has enabled Hinson to develop a complete range of clutch plates, hubs and gaskets.</p>
<p>Cut from high-quality aluminium block, they undergo thermal treatment followed by anodization, giving them a hardness and resistance that is better suited to the extreme conditions of MX and SX.</p>
<p>Put to the test during starts and jump shock absorption, they are much more resistant to wear and marks caused by the clutch and friction plates.</p>
<ul>
<li>Better clutch feeling</li>
<li>Increases clutch life</li>
<li>Improves heat dissipation</li>
<li>5 times more resistant than the original</li>
<li>Ultra lightweight</li>
</ul>","
Long and close collaborations with the best riders of the more prestigious teams has enabled Hinson to develop a complete range of clutch plates, hubs and gaskets.

Cut from high-quality aluminium block, they undergo thermal treatment followed by anodization, giving them a hardness and resistance that is better suited to the extreme conditions of MX and SX.

Put to the test during starts and jump shock absorption, they are much more resistant to wear and marks caused by the clutch and friction plates.

Better clutch feeling
Increases clutch life
Improves heat dissipation
5 times more resistant than the original
Ultra lightweight
",VEHICLE PARTS & ACCESSORIES,ENGINE PARTS,ENG. CLUTCH,2702,283,176,185,83,,,https://api.mybihr.com/medias/1011088-1-800Wx800H?context=bWFzdGVyfHJvb3R8NzEwNzV8aW1hZ2UvanBlZ3xhREUzTDJnek15ODRPVEkzTURjMU56WXlNakEyTHpFd01URXdPRGd0TVY4NE1EQlhlRGd3TUVnfDQ0NGRiYTQ0NDgyOTBlMzVkZjA3NzI3MzBlMTVjYzhmYzAzMDc1OWEwYzdkMzMxN2VlMGZkMWMzMzc3MGM0YjU,,,https://static.bihr.pro/eBihr/Pictures/HINSON-pictures.zip,Spain Warehouse (Parts)
1011091,19700001,H641-PP-1901,HINSON,HINSO PLATE PRESSURE,"Plato de presión HINSON, aluminio, Yamaha YZ250F",273.46,226.00,158.20,H641-PP-1901,0,8483608090,0,1,"<p><br>Long and close collaborations with the best riders of the more prestigious teams has enabled Hinson to develop a complete range of clutch plates, hubs and gaskets.</p>
<p>Cut from high-quality aluminium block, they undergo thermal treatment followed by anodization, giving them a hardness and resistance that is better suited to the extreme conditions of MX and SX.</p>
<p>Put to the test during starts and jump shock absorption, they are much more resistant to wear and marks caused by the clutch and friction plates.</p>
<ul>
<li>Better clutch feeling</li>
<li>Increases clutch life</li>
<li>Improves heat dissipation</li>
<li>5 times more resistant than the original</li>
<li>Ultra lightweight</li>
</ul>","
Long and close collaborations with the best riders of the more prestigious teams has enabled Hinson to develop a complete range of clutch plates, hubs and gaskets.

Cut from high-quality aluminium block, they undergo thermal treatment followed by anodization, giving them a hardness and resistance that is better suited to the extreme conditions of MX and SX.

Put to the test during starts and jump shock absorption, they are much more resistant to wear and marks caused by the clutch and friction plates.

Better clutch feeling
Increases clutch life
Improves heat dissipation
5 times more resistant than the original
Ultra lightweight
",VEHICLE PARTS & ACCESSORIES,ENGINE PARTS,ENG. CLUTCH,2672,405,174,185,83,,,https://api.mybihr.com/medias/1011091-1-800Wx800H?context=bWFzdGVyfHJvb3R8NzEwNzV8aW1hZ2UvanBlZ3xhRFJsTDJnd015ODRPVEF4TnpZeU1qVXlPRE13THpFd01URXdPVEV0TVY4NE1EQlhlRGd3TUVnfGZjYmJlMTE3OGNlYTM1OTY1OWE4N2ZmN2MyMGYzOGFkMGQ0NzNhOTU2MDg4NGNlOGU2MjEzNjE3ZjJkZmI2OTI,,,https://static.bihr.pro/eBihr/Pictures/HINSON-pictures.zip,Spain Warehouse (Parts)
1011003,19700004,H641-B-1901,HINSON,HINSO BASKET CLUTCH,Campana de embrague HINSON aluminio - Yamaha YZ250F,411.40,340.00,238.00,H641-B-1901,0,8483608090,0,1,"<html> <head> <meta http-equiv=""Content-Type"" content=""text/html ; charset=utf-8""><title> </title> <style type=""text/css"">.cs95E872D0{text-align:left ; margin:0pt 0pt 0pt 0pt ; }.csA7555675{color:#000 ; background-color:transparent ; font-weight:normal ; font-style:normal ; }.cs4FC7BF42{text-align:left ; margin:0pt 0pt 0pt 0pt ; list-style-type:disc ; color:#000 ; background-color:transparent ; font-weight:normal ; font-style:normal ; }</style> </head> <body> <p>Hinson clutch components are developed and manufactured in the United States and work to improve the performance of your clutch. They offer a better riding feel as well as better resistance during intensive use.</p><p> </p><ul> <li>Clutch gasket</li><li>More resistant than the first set-up</li><li>Delivered as a single unit</li><li>Designed for competition preparation</li><li>Hinson components set a benchmark in terms of clutches, which is why numerous engines are equipped with them in the MX, SX and Enduro fields.</li></ul> </body> </html>","       Hinson clutch components are developed and manufactured in the United States and work to improve the performance of your clutch. They offer a better riding feel as well as better resistance during intensive use.  Clutch gasketMore resistant than the first set-upDelivered as a single unitDesigned for competition preparationHinson components set a benchmark in terms of clutches, which is why numerous engines are equipped with them in the MX, SX and Enduro fields.  ",VEHICLE PARTS & ACCESSORIES,ENGINE PARTS,ENG. CLUTCH,2672,474,174,185,83,,,https://api.mybihr.com/medias/1011003-1-800Wx800H?context=bWFzdGVyfHJvb3R8NTk2OTB8aW1hZ2UvanBlZ3xhR1prTDJnNFl5ODRPVFV5T1RNNU5URXhPRE00THpFd01URXdNRE10TVY4NE1EQlhlRGd3TUVnfGFhZWU0NDk0ZmNlYzkyNjg4MmY0MzBkMTJhMWM4NzZjOTNlZTE2ZDdiODA2ZjBhNDU0ZWE0MjEyNWQzNTkyZGI,,,https://static.bihr.pro/eBihr/Pictures/HINSON-pictures.zip,Spain Warehouse (Parts)
1011079,124982,H099,HINSON,HINSO PLATE PRESSURE,"Plato de presión WRF-YZ426F 00-02/YZF, WR450F 03-06/YZ, WR250 00-11",273.46,226.00,158.20,H099,0,8483608090,0,1,,,VEHICLE PARTS & ACCESSORIES,ENGINE PARTS,ENG. CLUTCH,2752,420,175,185,85,,,https://api.mybihr.com/medias/800Wx800H-1011079-1.jpg?context=bWFzdGVyfHJvb3R8MjA0ODY2fGltYWdlL2pwZWd8YURjNUwyaGxaQzg0TVRjeU16UTVOemt6T0RrM05DODRNREJYZURnd01FaGZNVEF4TVRBM09TMHhMbXB3Wnd8ODgyMzNiMjI1YjNiYWJlNTUwNWNjNTQ2MjJiMjFkNWJhYTE1ZTgxZTcwNzk3NjkwNjFlOGQ5YTE2YTI5NTMzNA,https://api.mybihr.com/medias/800Wx800H-1011079-2.jpg?context=bWFzdGVyfHJvb3R8NjU1NDN8aW1hZ2UvanBlZ3xhREJoTDJoak5DODRNVGN5TXpRNU9ERXpOVFU0TWk4NE1EQlhlRGd3TUVoZk1UQXhNVEEzT1MweUxtcHdad3xmNTY2MDU5OTFhMTY3N2RhNzY5Y2EyY2M3ODNkNzM5OWQ2ZTQyMjNmYzY4ZDQwODE2MzUxY2VjMTJmOGUyYTFm,,https://static.bihr.pro/eBihr/Pictures/HINSON-pictures.zip,Spain Warehouse (Parts)
1119137,,HC641-1901,HINSON,HINSO COMP BILLETPROOF CONV CLUTCH KIT,Embrague completo HINSON Billetproof,1474.32,1218.45,852.92,HC641-1901,1,8483608090,0,1,"<ul>
	<li>Incluye tapa de embrague Billetproof&reg;, campana, cubo interior, placa de presi&oacute;n, placas de fibra y acero y muelles.</li>
	<li>Utilizado por la mayor&iacute;a de los equipos y pilotos de f&aacute;brica.</li>
	<li>Mejora el rendimiento y la vida del embrague</li>
	<li>Mejora la disipaci&oacute;n del calor.</li>
	<li>Mecanizado con precisi&oacute;n a partir de aluminio de calidad aeron&aacute;utica T-6 con tolerancias aeroespaciales, y con un recubrimiento duro para una resistencia al desgaste cinco veces mayor que la de serie* (*con el mantenimiento adecuado)-.</li>
	<li>Permite que el conjunto del embrague gire con m&aacute;s precisi&oacute;n, creando menos calor cuando el embrague est&aacute; desacoplado y proporcionando un acoplamiento de embrague m&aacute;s positivo y suave.</li>
	<li>Ayuda a eliminar las vibraciones del embrague.</li>
	<li>El embrague m&aacute;s ganador del mundo, probado en carrera por los mejores equipos del mundo, incluyendo el Team Muscle Milk Honda, Team Red Bull KTM, Team Monster Kawasaki, Team Yoshimura Suzuki y Team Rinaldi Yamaha</li>
</ul>","
	Incluye tapa de embrague Billetproof®, campana, cubo interior, placa de presión, placas de fibra y acero y muelles.
	Utilizado por la mayoría de los equipos y pilotos de fábrica.
	Mejora el rendimiento y la vida del embrague
	Mejora la disipación del calor.
	Mecanizado con precisión a partir de aluminio de calidad aeronáutica T-6 con tolerancias aeroespaciales, y con un recubrimiento duro para una resistencia al desgaste cinco veces mayor que la de serie* (*con el mantenimiento adecuado)-.
	Permite que el conjunto del embrague gire con más precisión, creando menos calor cuando el embrague está desacoplado y proporcionando un acoplamiento de embrague más positivo y suave.
	Ayuda a eliminar las vibraciones del embrague.
	El embrague más ganador del mundo, probado en carrera por los mejores equipos del mundo, incluyendo el Team Muscle Milk Honda, Team Red Bull KTM, Team Monster Kawasaki, Team Yoshimura Suzuki y Team Rinaldi Yamaha
",VEHICLE PARTS & ACCESSORIES,ENGINE PARTS,ENG. CLUTCH,7163,2337,218,212,155,,,https://api.mybihr.com/medias/1119137-1-800Wx800H?context=bWFzdGVyfHJvb3R8MjMyMzM4fGltYWdlL2pwZWd8YURrMEwyaG1ZeTh5T0RBNU9Ea3pNVEU1TlRrek5DOHhNVEU1TVRNM0xURmZPREF3VjNnNE1EQkl8NjhlZWNkYzI3OGNlNWE3MTQ5NTYyYmQ1YWQ4MzhlMTUwNDFlOTM2YzFjZjIwZDlhYWE0ZTg5ODE2YTFjMGNiNA,,,https://static.bihr.pro/eBihr/Pictures/HINSON-pictures.zip,Spain Warehouse (Parts)
1011083,124987,H212,HINSON,HINSO PLATE PRESSURE,Plato de presión HINSON YFZ450 03-11,273.46,226.00,158.20,4000204006019,0,8483608090,0,1,"HINSON products are forged en masse from highly resistant aluminium alloy. After precise and meticulous machining, they undergo anodization treatment, making them exceptionally tough. They are designed for use with","HINSON products are forged en masse from highly resistant aluminium alloy. After precise and meticulous machining, they undergo anodization treatment, making them exceptionally tough. They are designed for use with",VEHICLE PARTS & ACCESSORIES,ENGINE PARTS,ENG. CLUTCH,2628,475,182,174,83,,,https://api.mybihr.com/medias/1011083-1-800Wx800H?context=bWFzdGVyfHJvb3R8MjA3NjJ8aW1hZ2UvanBlZ3xhR0ppTDJoaU9DODRPVEkwTVRNM01EazFNVGs0THpFd01URXdPRE10TVY4NE1EQlhlRGd3TUVnfDNiM2JkMjZkNDA4MjU5MDRkZTZkZDVhN2UwZTE4MDZiZmNmNmVmMDljMGU4MTRmNmU3ZWRjM2MyOWIwYzBiYmY,,,https://static.bihr.pro/eBihr/Pictures/HINSON-pictures.zip,Spain Warehouse (Parts)
1011029,19700052,FSC213-8-001,HINSON,HINSO CLUTCH STEEL&FRICTION&SPRINGS,Kit de embrague HINSON,272.25,225.00,157.50,FSC213-8-001,2,8483608090,0,1,"<html> <head> <meta http-equiv=""Content-Type"" content=""text/html ; charset=utf-8""><title> </title> <style type=""text/css"">.cs4FC7BF42{text-align:left ; margin:0pt 0pt 0pt 0pt ; list-style-type:disc ; color:#000 ; background-color:transparent ; font-weight:normal ; font-style:normal ; }.csA7555675{color:#000 ; background-color:transparent ; font-weight:normal ; font-style:normal ; }</style> </head> <body> <ul> <li><a id=""_dx_frag_StartFragment""></a>Can be used with OE baskets, inner hubs, & pressure plates</li><li>Developed with and recommended to enhance the performance of Hinson clutch baskets, inner hubs, and pressure plates<a id=""_dx_frag_EndFragment""></a></li><li><a id=""_dx_frag_StartFragment""></a>Provide optimum hook up with minimum heat build up<a id=""_dx_frag_EndFragment""></a></li></ul> </body> </html>","        Can be used with OE baskets, inner hubs, & pressure platesDeveloped with and recommended to enhance the performance of Hinson clutch baskets, inner hubs, and pressure platesProvide optimum hook up with minimum heat build up  ",VEHICLE PARTS & ACCESSORIES,ENGINE PARTS,ENG. CLUTCH,1669,964,206,162,50,,,https://api.mybihr.com/medias/1011029-1-800Wx800H?context=bWFzdGVyfHJvb3R8MTgzMzEzfGltYWdlL2pwZWd8YURjM0wyZzBNaTg0T1RVek1qTTBNelU0TXpBeUx6RXdNVEV3TWprdE1WODRNREJYZURnd01FZ3xiYTA2NjkwMzQ1Yjk5MDlhYzAyYjQ5MjIzMmYzZGE5ZWI5NzBjOGQ1MzljYjhjNWVmNTcwZTkyYmJiZGQ1Mjk1,,,https://static.bihr.pro/eBihr/Pictures/HINSON-pictures.zip,Spain Warehouse (Parts)
1011038,19700062,FSC641-8-1901,HINSON,HINSO CLUTCH STEEL&FRICTION&SPRINGS,Kit de embrague HINSON,272.25,225.00,157.50,FSC641-8-1901,2,8483608090,0,1,"<html> <head> <meta http-equiv=""Content-Type"" content=""text/html ; charset=utf-8""><title> </title> <style type=""text/css"">.cs4FC7BF42{text-align:left ; margin:0pt 0pt 0pt 0pt ; list-style-type:disc ; color:#000 ; background-color:transparent ; font-weight:normal ; font-style:normal ; }.csA7555675{color:#000 ; background-color:transparent ; font-weight:normal ; font-style:normal ; }</style> </head> <body> <ul> <li><a id=""_DX_FRAG_STARTFRAGMENT""></a>Can be used with OE baskets, inner hubs, & pressure plates</li><li>Developed with and recommended to enhance the performance of Hinson clutch baskets, inner hubs, and pressure plates<a id=""_DX_FRAG_ENDFRAGMENT""></a></li><li>Provide optimum hook up with minimum heat build up</li></ul> </body> </html>","        Can be used with OE baskets, inner hubs, & pressure platesDeveloped with and recommended to enhance the performance of Hinson clutch baskets, inner hubs, and pressure platesProvide optimum hook up with minimum heat build up  ",VEHICLE PARTS & ACCESSORIES,ENGINE PARTS,ENG. CLUTCH,1546,882,203,162,47,,,https://api.mybihr.com/medias/1011038-1-800Wx800H?context=bWFzdGVyfHJvb3R8MTgzMzEzfGltYWdlL2pwZWd8YURFNEwyZ3dNaTg0T1RBeE56STFNamt3TlRJMkx6RXdNVEV3TXpndE1WODRNREJYZURnd01FZ3xiYzA3ZGZiYjNhMmFjZjllNWQwNjNmMGQzMDA5ZDFmYzdjMzZhNDg4ZTEyZDY5MzYyNGYxYTA2NTI5OTA1NjIy,,,https://static.bihr.pro/eBihr/Pictures/HINSON-pictures.zip,Spain Warehouse (Parts)
1109501,,FP196-8-001,HINSON,HINSO FIBRE PLATE KIT SET OF 8,Kit de discos de embrague HINSON,145.20,120.00,84.00,FP196-8-001,0,8483608090,0,1,"<p>Hinson Clutches are championship proven by almost every major factory team and rider in the world, including Eli Tomac, Ken Roczen, Cooper Webb, Tim Gajser, Jeffrey Herlings, Jeremy Seewer, Chase Sexton, &amp; Joey Savatgy.</p>
<ul>
<li>Provide optimum hook up with minimum heat build up</li>
<li>Exceptional production tolerances and flatness</li>
<li>Fiber plates use organic non-abrasive materials to avoid damage to rest of motor as plate materials break down and are circulated through engine by oil.</li>
<li>Developed with and recommended to enhance the performance of Hinson Clutch Baskets, Inner Hubs, and Pressure Plates</li>
<li>Manufactured to OE specs using high quality materials</li>
<li>Can be used with OE baskets, inner hubs, &amp; pressure plates* (*some models may vary)</li>
</ul>","
Hinson Clutches are championship proven by almost every major factory team and rider in the world, including Eli Tomac, Ken Roczen, Cooper Webb, Tim Gajser, Jeffrey Herlings, Jeremy Seewer, Chase Sexton, & Joey Savatgy.

Provide optimum hook up with minimum heat build up
Exceptional production tolerances and flatness
Fiber plates use organic non-abrasive materials to avoid damage to rest of motor as plate materials break down and are circulated through engine by oil.
Developed with and recommended to enhance the performance of Hinson Clutch Baskets, Inner Hubs, and Pressure Plates
Manufactured to OE specs using high quality materials
Can be used with OE baskets, inner hubs, & pressure plates* (*some models may vary)
",VEHICLE PARTS & ACCESSORIES,ENGINE PARTS,ENG. CLUTCH,1725,366,205,165,51,,,https://api.mybihr.com/medias/1109501-1-800Wx800H?context=bWFzdGVyfHJvb3R8ODI5OTd8aW1hZ2UvanBlZ3xhR1E1TDJnd01pOHhNakUyTlRNek5qQTNNakl5TWk4eE1UQTVOVEF4TFRGZk9EQXdWM2c0TURCSXw4ODY4ZmJiNDcyZGY1NzlhZGQ0YWUzMjJmM2NiM2EyOTZkYWMzNDcxODU3MzgwMTM0ZjkzNTA1YzNmZDE4MzU0,,,https://static.bihr.pro/eBihr/Pictures/HINSON-pictures.zip,Spain Warehouse (Parts)
1109512,,SP219-7-001,HINSON,HINSO STEEL PLATE KIT (SET OF 7),Kit de separadores de embrague HINSON,96.80,80.00,56.00,SP219-7-001,0,8483608090,0,1,"<p>Hinson Clutches are championship proven by almost every major factory team and rider in the world, including Eli Tomac, Ken Roczen, Cooper Webb, Tim Gajser, Jeffrey Herlings, Jeremy Seewer, Chase Sexton, &amp; Joey Savatgy.</p>
<ul>
<li>Provide optimum hook up with minimum heat build up</li>
<li>Exceptional production tolerances and flatness</li>
<li>Developed with and recommended to enhance the performance of Hinson Clutch Baskets, Inner Hubs, and Pressure Plates</li>
<li>Manufactured to OE specs using high quality materials</li>
<li>Can be used with OE baskets, inner hubs, &amp; pressure plates* (*some models may vary)</li>
<li>Made in the USA.</li>
</ul>","
Hinson Clutches are championship proven by almost every major factory team and rider in the world, including Eli Tomac, Ken Roczen, Cooper Webb, Tim Gajser, Jeffrey Herlings, Jeremy Seewer, Chase Sexton, & Joey Savatgy.

Provide optimum hook up with minimum heat build up
Exceptional production tolerances and flatness
Developed with and recommended to enhance the performance of Hinson Clutch Baskets, Inner Hubs, and Pressure Plates
Manufactured to OE specs using high quality materials
Can be used with OE baskets, inner hubs, & pressure plates* (*some models may vary)
Made in the USA.
",VEHICLE PARTS & ACCESSORIES,ENGINE PARTS,ENG. CLUTCH,1793,615,205,165,53,,,https://api.mybihr.com/medias/1109512-1-800Wx800H?context=bWFzdGVyfHJvb3R8Njc0MDN8aW1hZ2UvanBlZ3xhR1kwTDJoa1pDOHhNakUyTlRNek9EUXpNVFV4T0M4eE1UQTVOVEV5TFRGZk9EQXdWM2c0TURCSXw3NGQ0NmRiN2M0YTYxZDYyYjRhNzVmYmNlMjFlMmY0NzkyN2MwYjNmMTQyYjIxYmY0ODE4YWE1Yjc4YjMyMWYy,,,https://static.bihr.pro/eBihr/Pictures/HINSON-pictures.zip,Spain Warehouse (Parts)
1011063,19700002,H641-IH-1901,HINSON,HINSO CLUTCH INNER HUB,Maza de embrague HINSON - Yamaha YZ250F,423.50,350.00,245.00,H641-IH-1901,0,8483608090,0,1,"<p>Long and close collaborations with the best riders of the more prestigious teams has enabled Hinson to develop a complete range of clutch plates, hubs and gaskets.</p>
<p>&nbsp;</p>
<p>Cut from high-quality aluminium block, they undergo thermal treatment followed by anodization, giving them a hardness and resistance that is better suited to the extreme conditions of MX and SX.</p>
<p><br>
Put to the test during starts and jump shock absorption, they are much more resistant to wear and marks caused by the clutch and friction plates</p>","
Long and close collaborations with the best riders of the more prestigious teams has enabled Hinson to develop a complete range of clutch plates, hubs and gaskets.

 

Cut from high-quality aluminium block, they undergo thermal treatment followed by anodization, giving them a hardness and resistance that is better suited to the extreme conditions of MX and SX.


Put to the test during starts and jump shock absorption, they are much more resistant to wear and marks caused by the clutch and friction plates",VEHICLE PARTS & ACCESSORIES,ENGINE PARTS,ENG. CLUTCH,2702,505,186,175,83,,,https://api.mybihr.com/medias/1011063-1-800Wx800H?context=bWFzdGVyfHJvb3R8NjAxMjB8aW1hZ2UvanBlZ3xhRE15TDJneVppODVNREV5TkRZMU16TTJNelV3THpFd01URXdOak10TVY4NE1EQlhlRGd3TUVnfDJjMThlNTg0ZjNkZTYzMDMzODk0MGU3NjJjNWM4YTExMTg1OWNlYTQ5NTc4MGU1ZTkxNzRhMTE4ZDhkZTM5Yzg,,,https://static.bihr.pro/eBihr/Pictures/HINSON-pictures.zip,Spain Warehouse (Parts)
1109497,,FP053-8-001,HINSON,HINSO FIBRE PLATE KIT SET OF 8,Kit de discos de embrague HINSON,145.20,120.00,84.00,FP053-8-001,0,8483608090,0,1,"<p>Hinson Clutches are championship proven by almost every major factory team and rider in the world, including Eli Tomac, Ken Roczen, Cooper Webb, Tim Gajser, Jeffrey Herlings, Jeremy Seewer, Chase Sexton, &amp; Joey Savatgy.</p>
<ul>
<li>Provide optimum hook up with minimum heat build up</li>
<li>Exceptional production tolerances and flatness</li>
<li>Fiber plates use organic non-abrasive materials to avoid damage to rest of motor as plate materials break down and are circulated through engine by oil.</li>
<li>Developed with and recommended to enhance the performance of Hinson Clutch Baskets, Inner Hubs, and Pressure Plates</li>
<li>Manufactured to OE specs using high quality materials</li>
<li>Can be used with OE baskets, inner hubs, &amp; pressure plates* (*some models may vary)</li>
</ul>","
Hinson Clutches are championship proven by almost every major factory team and rider in the world, including Eli Tomac, Ken Roczen, Cooper Webb, Tim Gajser, Jeffrey Herlings, Jeremy Seewer, Chase Sexton, & Joey Savatgy.

Provide optimum hook up with minimum heat build up
Exceptional production tolerances and flatness
Fiber plates use organic non-abrasive materials to avoid damage to rest of motor as plate materials break down and are circulated through engine by oil.
Developed with and recommended to enhance the performance of Hinson Clutch Baskets, Inner Hubs, and Pressure Plates
Manufactured to OE specs using high quality materials
Can be used with OE baskets, inner hubs, & pressure plates* (*some models may vary)
",VEHICLE PARTS & ACCESSORIES,ENGINE PARTS,ENG. CLUTCH,1806,335,204,167,53,,,https://api.mybihr.com/medias/1109497-1-800Wx800H?context=bWFzdGVyfHJvb3R8ODI5OTd8aW1hZ2UvanBlZ3xhR0l6TDJnMk5TOHhNakUyTlRNek5USTROVGM1TUM4eE1UQTVORGszTFRGZk9EQXdWM2c0TURCSXw2YzVlODhkNTJiZWU5NGRmMjQ3YmFkNTMwOTc2YjcyMGNkZjQ3MmY1YjZkNjJkNzZhZDhjNjE1OTQzZTk0NGYw,,,https://static.bihr.pro/eBihr/Pictures/HINSON-pictures.zip,Spain Warehouse (Parts)
1010967,124902,H054,HINSON,HINSO BASKET CLUTCH,Campana de embrague HINSON aluminio - Yamaha,429.55,355.00,248.50,H054,1,8483608090,0,1,"<p><strong>Campana&nbsp;de embrague Billetproof</strong></p>
<ul>
<li>Los embragues Hinson han sido probados en campeonatos por casi todos los grandes equipos de f&aacute;brica del mundo, como el Team HRC Honda, el Team Monster Kawasaki, el Team RedBull Ktm, el Team JGR Suzuki y el Team Wilvo Yamaha</li>
<li>Mejora el rendimiento y la vida &uacute;til del embrague</li>
<li>Mejora la disipaci&oacute;n del calor</li>
<li>Mecanizado con precisi&oacute;n a partir una pieza de aluminio T-6 de calidad aeron&aacute;utica con tolerancias aeroespaciales, y con un revestimiento duro para una resistencia al desgaste cinco veces superior a la de serie* (*con el mantenimiento adecuado)</li>
<li>Permite que el conjunto del embrague gire con m&aacute;s precisi&oacute;n, generando menos calor cuando el embrague est&aacute; desembragado</li>
<li>Cuando se utiliza con el plato de presi&oacute;n y&nbsp;la maza de Hinson Clutch Components, ayuda a eliminar las vibraciones del embrague</li>
</ul>","
Campana de embrague Billetproof

Los embragues Hinson han sido probados en campeonatos por casi todos los grandes equipos de fábrica del mundo, como el Team HRC Honda, el Team Monster Kawasaki, el Team RedBull Ktm, el Team JGR Suzuki y el Team Wilvo Yamaha
Mejora el rendimiento y la vida útil del embrague
Mejora la disipación del calor
Mecanizado con precisión a partir una pieza de aluminio T-6 de calidad aeronáutica con tolerancias aeroespaciales, y con un revestimiento duro para una resistencia al desgaste cinco veces superior a la de serie* (*con el mantenimiento adecuado)
Permite que el conjunto del embrague gire con más precisión, generando menos calor cuando el embrague está desembragado
Cuando se utiliza con el plato de presión y la maza de Hinson Clutch Components, ayuda a eliminar las vibraciones del embrague
",VEHICLE PARTS & ACCESSORIES,ENGINE PARTS,ENG. CLUTCH,2628,800,182,174,83,,,https://api.mybihr.com/medias/800Wx800H-1010967-1.jpg?context=bWFzdGVyfHJvb3R8MTU1NzIwfGltYWdlL2pwZWd8YUdFd0wyZzBNaTgyTXpBMk1EVXdPVFUxTmpjMk5pODRNREJYZURnd01FaGZNVEF4TURrMk55MHhMbXB3Wnd8MzY4YjBlNTE4M2E0NjMyMTE3YmJlNzQ1MDc0NTE0NTRiMzIyN2I5NzczNjBhMTdhYjkzZmU4MjE5NzgwMjZkMQ,,,https://static.bihr.pro/eBihr/Pictures/HINSON-pictures.zip,Spain Warehouse (Parts)
1121000,,H616-IH-2301,HINSON,HINSO INNER HUB,Maza de embrague HINSON,414.85,342.85,240.00,H616-IH-2301,1,8483608090,0,1,"<p>La larga y estrecha colaboración con los mejores pilotos de los equipos más prestigiosos ha permitido a Hinson desarrollar una gama completa de discos de embrague, bujes y juntas.</p>
<p>Cortados a partir de un bloque de aluminio de alta calidad, se someten a un tratamiento térmico seguido de anodización, lo que les confiere una dureza y una resistencia mejor adaptadas a las condiciones extremas del MX y el SX.</p>
<p>Puestos a prueba durante los arranques y la absorción de impactos en los saltos, son mucho más resistentes al desgaste y a las marcas provocadas por el embrague y los discos de fricción.</p>","
La larga y estrecha colaboración con los mejores pilotos de los equipos más prestigiosos ha permitido a Hinson desarrollar una gama completa de discos de embrague, bujes y juntas.

Cortados a partir de un bloque de aluminio de alta calidad, se someten a un tratamiento térmico seguido de anodización, lo que les confiere una dureza y una resistencia mejor adaptadas a las condiciones extremas del MX y el SX.

Puestos a prueba durante los arranques y la absorción de impactos en los saltos, son mucho más resistentes al desgaste y a las marcas provocadas por el embrague y los discos de fricción.",VEHICLE PARTS & ACCESSORIES,ENGINE PARTS,ENG. CLUTCH,2657,631,184,174,83,,,https://api.mybihr.com/medias/800Wx800H-1121000-1.jpg?context=bWFzdGVyfHJvb3R8NjAzNjV8aW1hZ2UvanBlZ3xhRFptTDJnM1l5OHpNRFU1TXpjd05USXhNems0TWk4NE1EQlhlRGd3TUVoZk1URXlNVEF3TUMweExtcHdad3wxYjE2MjA4OWU5NzkwZDA2MGIxNmMyM2NlMjUzYTVlNDk0MWE1ZDE0YjM5ZTU2Y2YyODZjOTIyZGI4Y2RhMGI3,,,https://static.bihr.pro/eBihr/Pictures/HINSON-pictures.zip,Spain Warehouse (Parts)
1011024,19700066,FSC053-8-001,HINSON,HINSO CLUTCH STEEL&FRICTION&SPRINGS,Kit de embrague HINSON,272.25,225.00,157.50,FSC053-8-001,0,8483608090,0,1,"<html> <head> <meta http-equiv=""Content-Type"" content=""text/html ; charset=utf-8""><title> </title> <style type=""text/css"">.cs4FC7BF42{text-align:left ; margin:0pt 0pt 0pt 0pt ; list-style-type:disc ; color:#000 ; background-color:transparent ; font-weight:normal ; font-style:normal ; }.csA7555675{color:#000 ; background-color:transparent ; font-weight:normal ; font-style:normal ; }</style> </head> <body> <ul> <li><a id=""_DX_FRAG_STARTFRAGMENT""></a>Can be used with OE baskets, inner hubs, & pressure plates</li><li>Developed with and recommended to enhance the performance of Hinson clutch baskets, inner hubs, and pressure plates<a id=""_DX_FRAG_ENDFRAGMENT""></a></li><li>Provide optimum hook up with minimum heat build up</li></ul> </body> </html>","        Can be used with OE baskets, inner hubs, & pressure platesDeveloped with and recommended to enhance the performance of Hinson clutch baskets, inner hubs, and pressure platesProvide optimum hook up with minimum heat build up  ",VEHICLE PARTS & ACCESSORIES,ENGINE PARTS,ENG. CLUTCH,1598,794,201,159,50,,,https://api.mybihr.com/medias/1011024-1-800Wx800H?context=bWFzdGVyfHJvb3R8MTgzMzEzfGltYWdlL2pwZWd8YURneEwyZzVOaTg0T1RBNE1qazRPVFEwTlRReUx6RXdNVEV3TWpRdE1WODRNREJYZURnd01FZ3w0ODE0NGExYmQ1YzYzZjJlNGJkZmJiZjc1YzM3ZDY5MWQ0OTAzYzMxMGEwNjlhMmMwMzEyYzAzNDY1NmRiMGUz,,,https://static.bihr.pro/eBihr/Pictures/HINSON-pictures.zip,Spain Warehouse (Parts)
1011047,121951,H165,HINSON,HINSO CLUTCH INNER HUB,Maza de embrague HINSON - Honda CR250 / CRF450R,423.50,350.00,245.00,H165,1,8483608090,0,1,"<p><strong>Maza de embrague&nbsp;Billetproof</strong></p>
<ul>
<li>Los embragues Hinson han sido probados en campeonatos por casi todos los grandes equipos de f&aacute;brica y pilotos del mundo, como Eli Tomac, Ken Roczen, Cooper Webb, Tim Gajser, Jeffrey Herlings, Jeremy Seewer, Chase Sexton y Joey Savatgy.</li>
<li>Mejora el rendimiento y la vida &uacute;til del embrague</li>
<li>Mejora la disipaci&oacute;n del calor</li>
<li>Mecanizado con precisi&oacute;n a partir de una pieza de aluminio billet T-6 de calidad aeron&aacute;utica con tolerancias aeroespaciales, y con revestimiento duro para una resistencia al desgaste cinco veces superior a la de serie* (*con el mantenimiento adecuado)</li>
<li>Permite que el conjunto del embrague gire con m&aacute;s precisi&oacute;n, lo que reduce el calor cuando el embrague est&aacute; desembragado</li>
<li>Cuando se utiliza con la campana de embrague y el plato de presi&oacute;n de Hinson Clutch Components, ayuda a eliminar la vibraci&oacute;n del embrague</li>
</ul>","
Maza de embrague Billetproof

Los embragues Hinson han sido probados en campeonatos por casi todos los grandes equipos de fábrica y pilotos del mundo, como Eli Tomac, Ken Roczen, Cooper Webb, Tim Gajser, Jeffrey Herlings, Jeremy Seewer, Chase Sexton y Joey Savatgy.
Mejora el rendimiento y la vida útil del embrague
Mejora la disipación del calor
Mecanizado con precisión a partir de una pieza de aluminio billet T-6 de calidad aeronáutica con tolerancias aeroespaciales, y con revestimiento duro para una resistencia al desgaste cinco veces superior a la de serie* (*con el mantenimiento adecuado)
Permite que el conjunto del embrague gire con más precisión, lo que reduce el calor cuando el embrague está desembragado
Cuando se utiliza con la campana de embrague y el plato de presión de Hinson Clutch Components, ayuda a eliminar la vibración del embrague
",VEHICLE PARTS & ACCESSORIES,ENGINE PARTS,ENG. CLUTCH,2654,592,187,171,83,,,https://api.mybihr.com/medias/800Wx800H-1011047-1.jpg?context=bWFzdGVyfHJvb3R8NzMzMzZ8aW1hZ2UvanBlZ3xhRGcxTDJnNU5DODJNekEyTURVeE16UTRPRGt5Tmk4NE1EQlhlRGd3TUVoZk1UQXhNVEEwTnkweExtcHdad3w0NjE0ZmFkZGIyYTIwYWQ3OGI1MjgzN2QzNzFjMWQ1ZjIwNjY1ZjExZTVmZTlhMTYzOTUzN2JlNTI2YWRmN2Q3,https://api.mybihr.com/medias/800Wx800H-1011047-2.jpg?context=bWFzdGVyfHJvb3R8NTkwMTh8aW1hZ2UvanBlZ3xhRFkzTDJnNVpTODJNekEyTURVeE16YzFNVEEzTUM4NE1EQlhlRGd3TUVoZk1UQXhNVEEwTnkweUxtcHdad3wxODkwYTVmMmM4N2RiODk1MDZmNTZhZGNmNjEyNWIzMWIxN2E0YWY5NGUwYWMwNzEwODcxYTAyMjliNWM0OGFk,,https://static.bihr.pro/eBihr/Pictures/HINSON-pictures.zip,Spain Warehouse (Parts)
1011054,19700018,H267-IP-0602,HINSON,HINSO CLUTCH INNER HUB,Maza de embrague + plato de presión HINSON - Kawasaki KX450,689.70,570.00,399.00,H267-IP-0602,0,8483608090,0,1,"<p><br>
Hinson Clutches are championship proven by almost every major factory team and rider in the world, including Eli Tomac, Ken Roczen, Cooper Webb, Tim Gajser, Jeffrey Herlings, Jeremy Seewer, Chase Sexton, &amp; Joey Savatgy.</p>
<ul>
	<li>Improves clutch performance and life</li>
	<li>Improves heat dissipation</li>
	<li>Precision machined from billet T-6 aircraft quality aluminum to aerospace tolerances, and hardcoated for five times the wear resistance to stock* (*with proper maintenance)</li>
	<li>Allows clutch assembly to spin more true creating less heat when clutch is disengaged</li>
	<li>When used with Hinson Clutch Components clutch basket and inner hub helps eliminate clutch chatter</li>
</ul>","

Hinson Clutches are championship proven by almost every major factory team and rider in the world, including Eli Tomac, Ken Roczen, Cooper Webb, Tim Gajser, Jeffrey Herlings, Jeremy Seewer, Chase Sexton, & Joey Savatgy.

	Improves clutch performance and life
	Improves heat dissipation
	Precision machined from billet T-6 aircraft quality aluminum to aerospace tolerances, and hardcoated for five times the wear resistance to stock* (*with proper maintenance)
	Allows clutch assembly to spin more true creating less heat when clutch is disengaged
	When used with Hinson Clutch Components clutch basket and inner hub helps eliminate clutch chatter
",VEHICLE PARTS & ACCESSORIES,ENGINE PARTS,ENG. CLUTCH,2603,880,174,187,80,,,https://api.mybihr.com/medias/1011054-1-800Wx800H?context=bWFzdGVyfHJvb3R8MjMyMDExfGltYWdlL2pwZWd8YURGa0wyZ3hOeTg0T1RJME5EWTFPRFUyTlRReUx6RXdNVEV3TlRRdE1WODRNREJYZURnd01FZ3w2MDY0N2I0YTUyM2M0OWNlYzZiZGE1NDUyOWUxMzM1MWU5YzIxYTcwYjU3ODFiNmI0ZDlmYWMxNTU0NjEzZTJh,https://api.mybihr.com/medias/1011054-2-800Wx800H?context=bWFzdGVyfHJvb3R8NjQ2Mzd8aW1hZ2UvanBlZ3xhRFZsTDJnek55ODRPVEkwTkRZMk1EVXpNVFV3THpFd01URXdOVFF0TWw4NE1EQlhlRGd3TUVnfDg4ZDkwODQ0MDcwNzNiMjgzZmQyYzhjY2I3YjQwNDVjOTQ4OWRmNWZmYzUwNzkxMmVjYjkyMjE1MzlhOTg5NTQ,,https://static.bihr.pro/eBihr/Pictures/HINSON-pictures.zip,Spain Warehouse (Parts)
1011056,124959,H380,HINSON,HINSO CLUTCH INNER HUB,Maza de embrague HINSON - YZ85,423.50,350.00,245.00,4000304008012,0,8483608090,0,1,,,VEHICLE PARTS & ACCESSORIES,ENGINE PARTS,ENG. CLUTCH,2505,465,169,183,81,,,https://api.mybihr.com/medias/800Wx800H-1011056-1.jpg?context=bWFzdGVyfHJvb3R8NjM0NzB8aW1hZ2UvanBlZ3xhRFF5TDJnd1lpODRNVGN5TXpRNU1ETTJPVFUyTmk4NE1EQlhlRGd3TUVoZk1UQXhNVEExTmkweExtcHdad3wzZGE5YmQ1MDZjMzFhZjAxZWIzYWVjZjgzNDIzZmUyOWFlZDQ4MjhiMTlkZDUzODZmNDhkYjk5N2Q5OWIyZDdh,https://api.mybihr.com/medias/800Wx800H-1011056-2.jpg?context=bWFzdGVyfHJvb3R8NjEzOTF8aW1hZ2UvanBlZ3xhRFl4TDJnd01TODRNVGN5TXpRNU1EWXpNVGN4TUM4NE1EQlhlRGd3TUVoZk1UQXhNVEExTmkweUxtcHdad3w1MjliMzM0ZGFiMDNiYTdjZTUzZjMxMDM4NDc0MjY0ODQ0MTc4ZGUyOTYwYmVhZmZhZjA3NTZkYWZhM2JkYzVm,,https://static.bihr.pro/eBihr/Pictures/HINSON-pictures.zip,Spain Warehouse (Parts)
1011059,19700012,H472-IH-1801,HINSON,HINSO CLUTCH INNER HUB,Maza de embrague HINSON - KTM / Husqvarna,423.50,350.00,245.00,H472-IH-1801,0,8483608090,0,1,"<p>Long and close collaborations with the best riders of the more prestigious teams has enabled Hinson to develop a complete range of clutch plates, hubs and gaskets.</p>
<p>&nbsp;</p>
<p>Cut from high-quality aluminium block, they undergo thermal treatment followed by anodization, giving them a hardness and resistance that is better suited to the extreme conditions of MX and SX.</p>
<p><br>
Put to the test during starts and jump shock absorption, they are much more resistant to wear and marks caused by the clutch and friction plates</p>","
Long and close collaborations with the best riders of the more prestigious teams has enabled Hinson to develop a complete range of clutch plates, hubs and gaskets.

 

Cut from high-quality aluminium block, they undergo thermal treatment followed by anodization, giving them a hardness and resistance that is better suited to the extreme conditions of MX and SX.


Put to the test during starts and jump shock absorption, they are much more resistant to wear and marks caused by the clutch and friction plates",VEHICLE PARTS & ACCESSORIES,ENGINE PARTS,ENG. CLUTCH,2532,321,184,172,80,,,https://api.mybihr.com/medias/1011059-1-800Wx800H?context=bWFzdGVyfHJvb3R8NjAxMjB8aW1hZ2UvanBlZ3xhR0UzTDJnek15ODVNREV5TkRZME5UUTVPVEU0THpFd01URXdOVGt0TVY4NE1EQlhlRGd3TUVnfDdlOTIxY2MxMjRjZTY1MmU4MmFhZWE5YjQ3YjFkMWJjNGY3N2JjMGE5N2I0YTBhOTZlZjk1NDAwOGM5NjY3ZDA,,,https://static.bihr.pro/eBihr/Pictures/HINSON-pictures.zip,Spain Warehouse (Parts)
1011114,19700053,CS373-1-0116,HINSON,HINSO SPRINGS CLUTCH,Muelle de embrague de diafragma HINSON Hi-Temp,96.80,80.00,56.00,CS373-1-0116,0,8483608090,0,1,"<html> <head> <meta http-equiv=""Content-Type"" content=""text/html ; charset=utf-8""><title> </title> <style type=""text/css"">.cs4FC7BF42{text-align:left ; margin:0pt 0pt 0pt 0pt ; list-style-type:disc ; color:#000 ; background-color:transparent ; font-weight:normal ; font-style:normal ; }.csA7555675{color:#000 ; background-color:transparent ; font-weight:normal ; font-style:normal ; }</style> </head> <body> <ul> <li><a id=""_dx_frag_StartFragment""></a>Race proven by Team Muscle Milk Honda & Chad Reed’s TwoTwo Motorsports.</li><li>Springs manufactured from high temperature steel, highly resistant to losing their strength due to the high heat of today’s four-strokes.</li><li>Provide optimum hookup with minimum heat build up.</li><li>Exceptional production tolerances.</li><li>Developed to enhance the performance of any Hinson Clutch Component and your stock clutch alike.</li><li>Works with all OE parts unless otherwise indicated.</li><li>Made in the USA.<a id=""_dx_frag_EndFragment""></a></li></ul> </body> </html>","        Race proven by Team Muscle Milk Honda & Chad Reed’s TwoTwo Motorsports.Springs manufactured from high temperature steel, highly resistant to losing their strength due to the high heat of today’s four-strokes.Provide optimum hookup with minimum heat build up.Exceptional production tolerances.Developed to enhance the performance of any Hinson Clutch Component and your stock clutch alike.Works with all OE parts unless otherwise indicated.Made in the USA.  ",VEHICLE PARTS & ACCESSORIES,ENGINE PARTS,ENG. CLUTCH,1873,163,205,203,45,,,https://api.mybihr.com/medias/1011114-1-800Wx800H?context=bWFzdGVyfHJvb3R8MTExMTA0fGltYWdlL2pwZWd8YURnNUwyZzNNeTg0T1RVeU5qazROams1T0RBMkx6RXdNVEV4TVRRdE1WODRNREJYZURnd01FZ3wzNGU0OTc2MTkzM2IzMGNmODMwM2IxMDMzOGI2YmJlZjY4NDI2ODBlNWQ5MTk2MDJhMDgwNjlhNGVlMzQ3ZDVh,,,https://static.bihr.pro/eBihr/Pictures/HINSON-pictures.zip,Spain Warehouse (Parts)
1011089,19700005,H571,HINSON,HINSO PLATE PRESSURE,"Plato de presión HINSON, aluminio, KTM/Husqvarna",273.46,226.00,158.20,H571,0,8483608090,0,1,"<p><br>Long and close collaborations with the best riders of the more prestigious teams has enabled Hinson to develop a complete range of clutch plates, hubs and gaskets.</p>
<p>Cut from high-quality aluminium block, they undergo thermal treatment followed by anodization, giving them a hardness and resistance that is better suited to the extreme conditions of MX and SX.</p>
<p>Put to the test during starts and jump shock absorption, they are much more resistant to wear and marks caused by the clutch and friction plates.</p>
<ul>
<li>Better clutch feeling</li>
<li>Increases clutch life</li>
<li>Improves heat dissipation</li>
<li>5 times more resistant than the original</li>
<li>Ultra lightweight</li>
</ul>","
Long and close collaborations with the best riders of the more prestigious teams has enabled Hinson to develop a complete range of clutch plates, hubs and gaskets.

Cut from high-quality aluminium block, they undergo thermal treatment followed by anodization, giving them a hardness and resistance that is better suited to the extreme conditions of MX and SX.

Put to the test during starts and jump shock absorption, they are much more resistant to wear and marks caused by the clutch and friction plates.

Better clutch feeling
Increases clutch life
Improves heat dissipation
5 times more resistant than the original
Ultra lightweight
",VEHICLE PARTS & ACCESSORIES,ENGINE PARTS,ENG. CLUTCH,2605,316,176,185,80,,,https://api.mybihr.com/medias/1011089-1-800Wx800H?context=bWFzdGVyfHJvb3R8NzEwNzV8aW1hZ2UvanBlZ3xhRFkxTDJnM05TODRPVE00T1Rjek5qa3hPVE0wTHpFd01URXdPRGt0TVY4NE1EQlhlRGd3TUVnfGRhYTE0MjhmZDBjODBiMWVhNzNjMGQ0ZTMyZTM1MmJmZWY3MjFmZjAzNzkxZGYzMDQxN2Q2YjMwZDg4NTkxYjk,,,https://static.bihr.pro/eBihr/Pictures/HINSON-pictures.zip,Spain Warehouse (Parts)
1011082,121983,H164-002,HINSON,HINSO PLATE PRESSURE,Plato de presión CR250 92-07 CRE250/450 03-07 TRX450R 04,273.46,226.00,158.20,4000201006012,0,8483608090,0,1,,,VEHICLE PARTS & ACCESSORIES,ENGINE PARTS,ENG. CLUTCH,2628,430,174,182,83,,,https://api.mybihr.com/medias/800Wx800H-1011082-1.jpg?context=bWFzdGVyfHJvb3R8MjA0ODY2fGltYWdlL2pwZWd8YURJM0wyaGtOUzg0TVRjeU16UTVNekV5TWpBM09DODRNREJYZURnd01FaGZNVEF4TVRBNE1pMHhMbXB3Wnd8YTM3MDAxMmNkOTdkYzQ4NGI1MTk5NGNlZmRhYzczNmE5NTVlNTM4MjFlNjYwNGQ4NzdhOTY0NDk5Mjk1ZmFkZQ,https://api.mybihr.com/medias/800Wx800H-1011082-2.jpg?context=bWFzdGVyfHJvb3R8NjU1NDN8aW1hZ2UvanBlZ3xhR0U1TDJoalpDODRNVGN5TXpRNU16TTROREl5TWk4NE1EQlhlRGd3TUVoZk1UQXhNVEE0TWkweUxtcHdad3xmYTZhZWVkNWUxMDUwNmFkMmNmZWJlYjQ1YzkwNzJhOTJhODZiZWY2YTM2OTY5NWYxNDI2Njk1ZmYwMDNlYmVj,,https://static.bihr.pro/eBihr/Pictures/HINSON-pictures.zip,Spain Warehouse (Parts)
1011076,122971,CU789-1701,HINSON,HINSO DAMPER CLUTCH BASKET,"Kit HINSON de gomas amortiguadoras, Honda CRF450R",83.49,69.00,48.30,122971,0,8483608090,0,1,"<html> <head> <meta http-equiv=""Content-Type"" content=""text/html ; charset=utf-8""><title> </title> <style type=""text/css"">.cs2A0BCC19{text-align:left ; margin:0pt 0pt 0pt 0pt ; list-style-type:disc ; color:#222 ; background-color:transparent ; font-weight:normal ; font-style:normal ; }.cs47BA524{color:#222 ; background-color:#FFF ; font-weight:normal ; font-style:normal ; }.cs4FC7BF42{text-align:left ; margin:0pt 0pt 0pt 0pt ; list-style-type:disc ; color:#000 ; background-color:transparent ; font-weight:normal ; font-style:normal ; }.cs95E872D0{text-align:left ; margin:0pt 0pt 0pt 0pt ; }.csA7555675{color:#000 ; background-color:transparent ; font-weight:normal ; font-style:normal ; }</style> </head> <body> <ul> <li><a id=""_DX_FRAG_STARTFRAGMENT""></a>Replacement cushions for your Hinson Billetproof® or Momentum Clutch Basket.</li><li>Cushions dampen the primary gear from the clutch basket on most OE motorcycles and quads.</li></ul> <p> </p></body> </html>","        Replacement cushions for your Hinson Billetproof® or Momentum Clutch Basket.Cushions dampen the primary gear from the clutch basket on most OE motorcycles and quads.   ",VEHICLE PARTS & ACCESSORIES,ENGINE PARTS,ENG. CLUTCH,235,65,114,86,24,,,https://api.mybihr.com/medias/1011076-1-800Wx800H?context=bWFzdGVyfHJvb3R8MzQ5ODF8aW1hZ2UvanBlZ3xhRE5rTDJobU1DODRPVE00TmpJNE1qZzBORFEyTHpFd01URXdOell0TVY4NE1EQlhlRGd3TUVnfGZhZTAzZTVjODk0NDkxYWMxM2E1MTYzMzg1YjM1NDcyYzQwODFkYjY0Njk1OWQ1MmJjMWMwYTg2ZjQzOGI4ODc,,,https://static.bihr.pro/eBihr/Pictures/HINSON-pictures.zip,Spain Warehouse (Parts)
1011095,127001,04014-02-T,HINSON,HINSO SPAREPARTS SCREW,Tornillos para campana de embrague HINSON cabeza avellanada,1.03,0.85,0.60,04014-02-T,7,8483608090,0,1,"Countersunk head, Ø6mm, Length 15,5mm","Countersunk head, Ø6mm, Length 15,5mm",VEHICLE PARTS & ACCESSORIES,ENGINE PARTS,ENG. CLUTCH,6,2,31,17,12,,,https://api.mybihr.com/medias/800Wx800H-1011095-1.jpg?context=bWFzdGVyfHJvb3R8MTk0NDl8aW1hZ2UvanBlZ3xhR1UyTDJnMU1TOHpNekV6TVRNME9URXhORGt4TUM4NE1EQlhlRGd3TUVoZk1UQXhNVEE1TlMweExtcHdad3wwMGRjNjIzZjRjYjY3ZThmY2ZmNmU2MTY1MDZjOTU5MGQ3MTMwZDVmZGQxOTVkYzIwNzNlYjEwYjJhN2M5MDcx,,,https://static.bihr.pro/eBihr/Pictures/HINSON-pictures.zip,Spain Warehouse (Parts)
1018574,,FSC154-8-001,HINSON,HINSO CLUTCH STEEL&FRICTION&SPRINGS,Kit de embrague HINSON,272.25,225.00,157.50,FSC154-8-001,0,8483608090,0,1,"<html> <head> <meta http-equiv=""Content-Type"" content=""text/html ; charset=utf-8""><title> </title> <style type=""text/css"">.cs4FC7BF42{text-align:left ; margin:0pt 0pt 0pt 0pt ; list-style-type:disc ; color:#000 ; background-color:transparent ; font-weight:normal ; font-style:normal ; }.csA7555675{color:#000 ; background-color:transparent ; font-weight:normal ; font-style:normal ; }</style> </head> <body> <ul> <li><a id=""_DX_FRAG_STARTFRAGMENT""></a>Can be used with OE baskets, inner hubs, & pressure plates</li><li>Developed with and recommended to enhance the performance of Hinson clutch baskets, inner hubs, and pressure plates<a id=""_DX_FRAG_ENDFRAGMENT""></a></li><li>Provide optimum hook up with minimum heat build up</li></ul> </body> </html>","        Can be used with OE baskets, inner hubs, & pressure platesDeveloped with and recommended to enhance the performance of Hinson clutch baskets, inner hubs, and pressure platesProvide optimum hook up with minimum heat build up  ",VEHICLE PARTS & ACCESSORIES,ENGINE PARTS,ENG. CLUTCH,1502,922,201,159,47,,,https://api.mybihr.com/medias/1018574-1-800Wx800H?context=bWFzdGVyfHJvb3R8MTgzMzEzfGltYWdlL2pwZWd8YURBekwyaGpNUzg1TURFeU5URXdOVFUyTVRrd0x6RXdNVGcxTnpRdE1WODRNREJYZURnd01FZ3w1MjFiNTZmNmU2YWI4OGVlOGY0ZTU5ZDgzODhjOGEyOTQ1YzhlYzBmM2E1N2VmMmRlYTAxYTI1YTNiYmQyNWU3,,,https://static.bihr.pro/eBihr/Pictures/HINSON-pictures.zip,Spain Warehouse (Parts)
1011111,127040,OC217,HINSON,HINSO SPAREPARTS CASE COVER CAP,"Tapón de llenado de aceite HINSON, Kawasaki",36.30,30.00,21.00,400130200201,1,8483608090,0,1,"Developed by racers for racers, HINSON clutches have a superior durability specification to that of the original equipment. They have become the vital ally in racing, where this component is subjected to particularly tough testing through race starts and when landing jumps.","Developed by racers for racers, HINSON clutches have a superior durability specification to that of the original equipment. They have become the vital ally in racing, where this component is subjected to particularly tough testing through race starts and when landing jumps.",VEHICLE PARTS & ACCESSORIES,ENGINE PARTS,ENG. CLUTCH,187,24,93,63,32,,,https://api.mybihr.com/medias/1011111-1-800Wx800H?context=bWFzdGVyfHJvb3R8NDE5NDR8aW1hZ2UvanBlZ3xhREk0TDJnMlpTODRPVEkyTkRjMU1ESTJORFl5THpFd01URXhNVEV0TVY4NE1EQlhlRGd3TUVnfDFhNmRjYmM3MDE4MGEwYzNjMzA1ZjU3Y2U5ZWRjZTZjOGJkYzAyNmM0NDQ5ZGI1NWYwNmYxZDE3NDYyMWU1OTg,,,https://static.bihr.pro/eBihr/Pictures/HINSON-pictures.zip,Spain Warehouse (Parts)
1011023,122969,C794-0817,HINSON,HINSO CLUTCH COVER,"Tapa de embrague HINSON, aluminio negro, Honda CRF250R",235.95,195.00,136.50,C794-0817,1,8483608090,0,1,"<p>Hinson Clutches are championship proven by almost every major factory team and rider in the world, including Eli Tomac, Ken Roczen, Cooper Webb, Tim Gajser, Jeffrey Herlings, Jeremy Seewer, Chase Sexton, &amp; Joey Savatgy.</p>
<ul>
<li>Hardcoated for extreme boot wear resistance</li>
<li>Much stronger than stock, protecting from rock damage</li>
<li>Improves heat dissipation</li>
<li>Precision machined from billet T-6 aircraft quality aluminum to aerospace tolerances</li>
</ul>","
Hinson Clutches are championship proven by almost every major factory team and rider in the world, including Eli Tomac, Ken Roczen, Cooper Webb, Tim Gajser, Jeffrey Herlings, Jeremy Seewer, Chase Sexton, & Joey Savatgy.

Hardcoated for extreme boot wear resistance
Much stronger than stock, protecting from rock damage
Improves heat dissipation
Precision machined from billet T-6 aircraft quality aluminum to aerospace tolerances
",VEHICLE PARTS & ACCESSORIES,ENGINE PARTS,ENG. CLUTCH,2436,328,240,203,50,Negro,,https://api.mybihr.com/medias/1011023-1-800Wx800H?context=bWFzdGVyfHJvb3R8NTI5MjV8aW1hZ2UvanBlZ3xhR1F6TDJnd015ODRPVFExTnpJNU56azRNVGMwTHpFd01URXdNak10TVY4NE1EQlhlRGd3TUVnfDM1YTRlYTI4MTI1MTZlMjQ5ZTY1M2RkNDhkOWNiMTVkZjVlZGY2OTNmMDU2Y2Y4YzVlMDNlNTk3MTA3YzE0ODU,,,https://static.bihr.pro/eBihr/Pictures/HINSON-pictures.zip,Spain Warehouse (Parts)
1011080,121982,H109,HINSON,HINSO PLATE PRESSURE,Plato de presión HONDA CR125 00-07-CRF250R 04-09 KTM EXC250 SX-F250 06-12,273.46,226.00,158.20,121982,0,8483608090,0,1,,,VEHICLE PARTS & ACCESSORIES,ENGINE PARTS,ENG. CLUTCH,2628,330,174,182,83,,,https://api.mybihr.com/medias/800Wx800H-1011080-1.jpg?context=bWFzdGVyfHJvb3R8MTI4NjE4fGltYWdlL2pwZWd8YURNNUwyaGlaQzg0TVRjeU16UTVPRE16TWpFNU1DODRNREJYZURnd01FaGZNVEF4TVRBNE1DMHhMbXB3Wnd8NmIwNjUxMTYwNzJkMjUwYWZlNTViN2FkODVlNzdkNDZlODRmZjUzZjU0MTAxZmMyZWM1ZDgyOWU5MWZjOWNmOQ,https://api.mybihr.com/medias/800Wx800H-1011080-2.jpg?context=bWFzdGVyfHJvb3R8NjczOTd8aW1hZ2UvanBlZ3xhR0ppTDJoaU5TODRNVGN5TXpRNU9EVTVORE16TkM4NE1EQlhlRGd3TUVoZk1UQXhNVEE0TUMweUxtcHdad3w2NTExZmZmMDdjODI4ZjExNmY2MmQ0ZGEwYmE4YjdmMTdlMzNkYTQwMTQyZjZhMmViZjE1MmM3ZjI4YWU2ZjA4,,https://static.bihr.pro/eBihr/Pictures/HINSON-pictures.zip,Spain Warehouse (Parts)
1011074,129908,CU286,HINSON,HINSO DAMPER CLUTCH BASKET,Kit de gomas amortiguadoras HINSON SX65 99-11,83.49,69.00,48.30,CU286,0,8483608090,0,1,,,VEHICLE PARTS & ACCESSORIES,ENGINE PARTS,ENG. CLUTCH,517,69,174,198,15,,,https://api.mybihr.com/medias/1011074-1-800Wx800H?context=bWFzdGVyfHJvb3R8MzU3MTl8aW1hZ2UvanBlZ3xhR0V5TDJobVlpODVNREV5TkRZM01UQTFPREl5THpFd01URXdOelF0TVY4NE1EQlhlRGd3TUVnfDBjMzU2Yzk1YzZlZDFkOTRkYjEyMWE2MDk3ZjdiMmIwNjJkODNlNWM4ZTYzYmUwYTgxZTk3MjA5NTY1YWFjMjA,,,https://static.bihr.pro/eBihr/Pictures/HINSON-pictures.zip,Spain Warehouse (Parts)
1011075,121917,CU299,HINSON,HINSO DAMPER CLUTCH BASKET,Gomas amortiguadoras HINSON para buje,83.49,69.00,48.30,4000801002018,1,8483608090,0,1,Complete set for one basket,Complete set for one basket,VEHICLE PARTS & ACCESSORIES,ENGINE PARTS,ENG. CLUTCH,951,70,194,175,28,,,https://api.mybihr.com/medias/800Wx800H-1011075-1.jpg?context=bWFzdGVyfHJvb3R8MTM1NjI3fGltYWdlL2pwZWd8YURGakwyaGtPUzg0TVRjeU16UTVOek0wT1RFMU1DODRNREJYZURnd01FaGZNVEF4TVRBM05TMHhMbXB3Wnd8ZWYxZmZlNTVlYmIxNDkzYjUxMWM1MWQ3ZDM3ZGE1YzMzMTUzNmUzYmM1NGU4NmNlNDIzNTkwYjI2NmE4YjQxMQ,https://api.mybihr.com/medias/800Wx800H-1011075-2.jpg?context=bWFzdGVyfHJvb3R8MjM0MDR8aW1hZ2UvanBlZ3xhR1prTDJobE1pODRNVGN5TXpRNU56WXhNVEk1TkM4NE1EQlhlRGd3TUVoZk1UQXhNVEEzTlMweUxtcHdad3wzZjM2MDhiNjQyYWNlMjQxMTgyNTYxMDdiOTBhODkwYjc3YWM1ZjZkODM4Y2IyMzI0MjVmMTgwM2E4NjhkMDNm,,https://static.bihr.pro/eBihr/Pictures/HINSON-pictures.zip,Spain Warehouse (Parts)
1011069,19700032,HC989-1901,HINSON,HINSO CLUTCH COMPLETE,Embrague completo HINSON Billetproof,1474.32,1218.45,852.92,HC989-1901,0,8483608090,0,1,"<html> <head> <meta http-equiv=""Content-Type"" content=""text/html ; charset=utf-8""><title> </title> <style type=""text/css"">.cs4FC7BF42{text-align:left ; margin:0pt 0pt 0pt 0pt ; list-style-type:disc ; color:#000 ; background-color:transparent ; font-weight:normal ; font-style:normal ; }.csA7555675{color:#000 ; background-color:transparent ; font-weight:normal ; font-style:normal ; }.cs95E872D0{text-align:left ; margin:0pt 0pt 0pt 0pt ; }</style> </head> <body> <ul> <li><a id=""_DX_FRAG_STARTFRAGMENT""></a>The Winningest Clutch in the World, race proven by all the best teams worldwide including Team HRC Honda, Team Red Bull KTM, Team Monster Kawasaki, Team JGR Suzuki and Team Rinaldi Yamaha.</li><li>Includes Billetproof® Clutch Cover, Basket, Inner Hub, Pressure Plate, Fiber & Steel Plates and Springs.</li><li>Used by most major factory teams and riders.</li><li>Improves clutch performance and life.</li><li>Improves heat dissipation.</li><li>Precision machined from billet T-6 aircraft quality aluminum to aerospace tolerances, and hard coated for five times the wear resistance to stock* (*with proper maintenance).</li><li>Allows clutch assembly to spin truer creating less heat when clutch is disengaged and providing a more positive smooth clutch engagement.</li><li>Helps eliminate clutch chatter.</li></ul> <p> </p></body> </html>","        The Winningest Clutch in the World, race proven by all the best teams worldwide including Team HRC Honda, Team Red Bull KTM, Team Monster Kawasaki, Team JGR Suzuki and Team Rinaldi Yamaha.Includes Billetproof® Clutch Cover, Basket, Inner Hub, Pressure Plate, Fiber & Steel Plates and Springs.Used by most major factory teams and riders.Improves clutch performance and life.Improves heat dissipation.Precision machined from billet T-6 aircraft quality aluminum to aerospace tolerances, and hard coated for five times the wear resistance to stock* (*with proper maintenance).Allows clutch assembly to spin truer creating less heat when clutch is disengaged and providing a more positive smooth clutch engagement.Helps eliminate clutch chatter.   ",VEHICLE PARTS & ACCESSORIES,ENGINE PARTS,ENG. CLUTCH,3013,2394,178,182,93,,,https://api.mybihr.com/medias/1011069-1-800Wx800H?context=bWFzdGVyfHJvb3R8ODg3MDJ8aW1hZ2UvanBlZ3xhREkzTDJoaFpDODVNREV5TkRZMk9UQTVNakUwTHpFd01URXdOamt0TVY4NE1EQlhlRGd3TUVnfGUzMGFiZGY3OWZmOTBlNmU1MjNlNDI2OTQ3NWFkOTdjMTYzNGQ4MmIwOWFmNTM1ODdkOWZkMmQxYWRhZGNlNmI,,,https://static.bihr.pro/eBihr/Pictures/HINSON-pictures.zip,Spain Warehouse (Parts)
1011112,127048,OC230,HINSON,HINSO SPAREPARTS COVER CAP,"Tapón de llenado de aceite HINSON, Suzuki RM-Z450",36.30,30.00,21.00,OC230,1,8483608090,0,1,<ul> <li>Hinson spare part</li> <li>Specific for 127030</li></ul>," Hinson spare part Specific for 127030",VEHICLE PARTS & ACCESSORIES,ENGINE PARTS,ENG. CLUTCH,560,91,155,86,42,,,https://api.mybihr.com/medias/1011112-1-800Wx800H?context=bWFzdGVyfHJvb3R8NDE5NDR8aW1hZ2UvanBlZ3xhRGRoTDJnNU15ODRPVE01TURJd01UVTJPVFU0THpFd01URXhNVEl0TVY4NE1EQlhlRGd3TUVnfGIyMjI1ZjNmNDJhYTNkNTIwODVkNjEyYWNlYTIzOGIzYWVkNzZjM2YyNGZiMTk1MDA5N2Q2MDA4ODRhYjdkYWE,,,https://static.bihr.pro/eBihr/Pictures/HINSON-pictures.zip,Spain Warehouse (Parts)
1011113,127043,OC477,HINSON,HINSO SPAREPARTS COVER CAP,Tapón de llenado de aceite para tapa de embrague HINSON (ref. 127033),36.30,30.00,21.00,OC477,1,8483608090,0,1,<li>This Hinson replacement part is for use in reconditioning the case cover.</li><li>Back plate for 124902<br></li>,This Hinson replacement part is for use in reconditioning the case cover.Back plate for 124902,VEHICLE PARTS & ACCESSORIES,ENGINE PARTS,ENG. CLUTCH,134,20,97,63,22,,,https://api.mybihr.com/medias/1011113-1-800Wx800H?context=bWFzdGVyfHJvb3R8NDE5NDR8aW1hZ2UvanBlZ3xhREJrTDJoa09DODRPVEF4TnpRek5UYzFNRGN3THpFd01URXhNVE10TVY4NE1EQlhlRGd3TUVnfDVhMzgyMzEyOTM3YmIzMDc1MDgzMzQzOWQ0ZTAxYWM1NTgzMmJkODU0NWI3NjFmNTcxNGMwODFmZjVhYWZiMTM,,,https://static.bihr.pro/eBihr/Pictures/HINSON-pictures.zip,Spain Warehouse (Parts)
1011021,19700013,C700-1801,HINSON,HINSO CLUTCH COVER,"Tapa de embrague HINSON aluminio, negro, KTM/Husqvarna",235.95,195.00,136.50,C700-1801,1,8483608090,0,1,"<p>Hinson Clutches are championship proven by almost every major factory team and rider in the world, including Eli Tomac, Ken Roczen, Cooper Webb, Tim Gajser, Jeffrey Herlings, Jeremy Seewer, Chase Sexton, &amp; Joey Savatgy.</p>
<ul>
<li>Hardcoated for extreme boot wear resistance</li>
<li>Much stronger than stock, protecting from rock damage</li>
<li>Improves heat dissipation</li>
<li>Precision machined from billet T-6 aircraft quality aluminum to aerospace tolerances</li>
</ul>","
Hinson Clutches are championship proven by almost every major factory team and rider in the world, including Eli Tomac, Ken Roczen, Cooper Webb, Tim Gajser, Jeffrey Herlings, Jeremy Seewer, Chase Sexton, & Joey Savatgy.

Hardcoated for extreme boot wear resistance
Much stronger than stock, protecting from rock damage
Improves heat dissipation
Precision machined from billet T-6 aircraft quality aluminum to aerospace tolerances
",VEHICLE PARTS & ACCESSORIES,ENGINE PARTS,ENG. CLUTCH,2794,388,254,200,55,Negro,,https://api.mybihr.com/medias/1011021-1-800Wx800H?context=bWFzdGVyfHJvb3R8NzA3NzB8aW1hZ2UvanBlZ3xhR0ZoTDJneU1pODRPVFExT0RFNE1UQTNPVE0wTHpFd01URXdNakV0TVY4NE1EQlhlRGd3TUVnfDMxOWU0MTE3NWY0NzQ3ODhhMmRmN2U5MmQzNTE4NjJjNzk1NGNkNGMwYjVjYTg5MTJjMmIxNTRmMmMyNjEyYjQ,,,https://static.bihr.pro/eBihr/Pictures/HINSON-pictures.zip,Spain Warehouse (Parts)
1010968,122903,H058,HINSON,HINSO BASKET CLUTCH,Campana de embrague HINSON aluminio - Kawasaki KX250,356.95,295.00,206.50,H058,0,8483608090,0,1,"<p><strong>Campana&nbsp;de embrague Billetproof</strong></p>
<ul>
<li>Los embragues Hinson han sido probados en campeonatos por casi todos los grandes equipos de f&aacute;brica del mundo, como el Team HRC Honda, el Team Monster Kawasaki, el Team RedBull Ktm, el Team JGR Suzuki y el Team Wilvo Yamaha</li>
<li>Mejora el rendimiento y la vida &uacute;til del embrague</li>
<li>Mejora la disipaci&oacute;n del calor</li>
<li>Mecanizado con precisi&oacute;n a partir una pieza de aluminio T-6 de calidad aeron&aacute;utica con tolerancias aeroespaciales, y con un revestimiento duro para una resistencia al desgaste cinco veces superior a la de serie* (*con el mantenimiento adecuado)</li>
<li>Permite que el conjunto del embrague gire con m&aacute;s precisi&oacute;n, generando menos calor cuando el embrague est&aacute; desembragado</li>
<li>Cuando se utiliza con el plato de presi&oacute;n y&nbsp;la maza de Hinson Clutch Components, ayuda a eliminar las vibraciones del embrague</li>
</ul>","
Campana de embrague Billetproof

Los embragues Hinson han sido probados en campeonatos por casi todos los grandes equipos de fábrica del mundo, como el Team HRC Honda, el Team Monster Kawasaki, el Team RedBull Ktm, el Team JGR Suzuki y el Team Wilvo Yamaha
Mejora el rendimiento y la vida útil del embrague
Mejora la disipación del calor
Mecanizado con precisión a partir una pieza de aluminio T-6 de calidad aeronáutica con tolerancias aeroespaciales, y con un revestimiento duro para una resistencia al desgaste cinco veces superior a la de serie* (*con el mantenimiento adecuado)
Permite que el conjunto del embrague gire con más precisión, generando menos calor cuando el embrague está desembragado
Cuando se utiliza con el plato de presión y la maza de Hinson Clutch Components, ayuda a eliminar las vibraciones del embrague
",VEHICLE PARTS & ACCESSORIES,ENGINE PARTS,ENG. CLUTCH,2628,620,174,182,83,,,https://api.mybihr.com/medias/800Wx800H-1010968-1.jpg?context=bWFzdGVyfHJvb3R8MTU1NzIwfGltYWdlL2pwZWd8YURjeEwyZzBPUzgyTXpBMk1EVXdPVGMxTXpNM05DODRNREJYZURnd01FaGZNVEF4TURrMk9DMHhMbXB3Wnd8NTBmYTM4MzMzMmNkNDhmZTY2YjdjMjk0ZDVhYWEyNzYzOTU1ZGU1NzkwZGQxYjFiYTlkM2I2M2M1MDAxYjRjMA,,,https://static.bihr.pro/eBihr/Pictures/HINSON-pictures.zip,Spain Warehouse (Parts)
1010973,121906,H094,HINSON,HINSO BASKET CLUTCH,Campana de embrague HINSON aluminio,356.95,295.00,206.50,4000101010010,1,8483608090,0,1,"<p><strong>Campana&nbsp;de embrague Billetproof</strong></p>
<ul>
<li>Los embragues Hinson han sido probados en campeonatos por casi todos los grandes equipos de f&aacute;brica del mundo, como el Team HRC Honda, el Team Monster Kawasaki, el Team RedBull Ktm, el Team JGR Suzuki y el Team Wilvo Yamaha</li>
<li>Mejora el rendimiento y la vida &uacute;til del embrague</li>
<li>Mejora la disipaci&oacute;n del calor</li>
<li>Mecanizado con precisi&oacute;n a partir una pieza de aluminio T-6 de calidad aeron&aacute;utica con tolerancias aeroespaciales, y con un revestimiento duro para una resistencia al desgaste cinco veces superior a la de serie* (*con el mantenimiento adecuado)</li>
<li>Permite que el conjunto del embrague gire con m&aacute;s precisi&oacute;n, generando menos calor cuando el embrague est&aacute; desembragado</li>
<li>Cuando se utiliza con el plato de presi&oacute;n y&nbsp;la maza de Hinson Clutch Components, ayuda a eliminar las vibraciones del embrague</li>
</ul>","
Campana de embrague Billetproof

Los embragues Hinson han sido probados en campeonatos por casi todos los grandes equipos de fábrica del mundo, como el Team HRC Honda, el Team Monster Kawasaki, el Team RedBull Ktm, el Team JGR Suzuki y el Team Wilvo Yamaha
Mejora el rendimiento y la vida útil del embrague
Mejora la disipación del calor
Mecanizado con precisión a partir una pieza de aluminio T-6 de calidad aeronáutica con tolerancias aeroespaciales, y con un revestimiento duro para una resistencia al desgaste cinco veces superior a la de serie* (*con el mantenimiento adecuado)
Permite que el conjunto del embrague gire con más precisión, generando menos calor cuando el embrague está desembragado
Cuando se utiliza con el plato de presión y la maza de Hinson Clutch Components, ayuda a eliminar las vibraciones del embrague
",VEHICLE PARTS & ACCESSORIES,ENGINE PARTS,ENG. CLUTCH,2560,500,185,173,80,,,https://api.mybihr.com/medias/800Wx800H-1010973-1.jpg?context=bWFzdGVyfHJvb3R8MTU1NzIwfGltYWdlL2pwZWd8YURBeUwyaGhOaTgyTXpBMk1EVXhNRFV6T1Rnd05pODRNREJYZURnd01FaGZNVEF4TURrM015MHhMbXB3Wnd8NmNiZmQ3MGVjM2NiYzZlZGIzNzFlMDE1NWJjYTU4Y2JhY2I2NzgyZmYyNDllMDIzOTg4MGQzNzU4NzdhMmQwYQ,,,https://static.bihr.pro/eBihr/Pictures/HINSON-pictures.zip,Spain Warehouse (Parts)
1010977,121909,H172,HINSON,HINSO BASKET CLUTCH,Campana de embrague HINSON aluminio - Honda XR650R,356.95,295.00,206.50,400010101601,1,8483608090,0,1,"<html> <head> <meta http-equiv=""Content-Type"" content=""text/html ; charset=utf-8""><title> </title> <style type=""text/css"">.cs95E872D0{text-align:left ; margin:0pt 0pt 0pt 0pt ; }.csA7555675{color:#000 ; background-color:transparent ; font-weight:normal ; font-style:normal ; }.cs4FC7BF42{text-align:left ; margin:0pt 0pt 0pt 0pt ; list-style-type:disc ; color:#000 ; background-color:transparent ; font-weight:normal ; font-style:normal ; }</style> </head> <body> <p>Hinson clutch components are developed and manufactured in the United States and work to improve the performance of your clutch. They offer a better riding feel as well as better resistance during intensive use. </p><p> </p><ul> <li>Clutch gasket </li><li>More resistant than the first set-up </li><li>Delivered as a single unit </li><li>Designed for competition preparation </li><li>Hinson components set a benchmark in terms of clutches, which is why numerous engines are equipped with them in the MX, SX and Enduro fields.</li></ul> </body> </html>","       Hinson clutch components are developed and manufactured in the United States and work to improve the performance of your clutch. They offer a better riding feel as well as better resistance during intensive use.   Clutch gasket More resistant than the first set-up Delivered as a single unit Designed for competition preparation Hinson components set a benchmark in terms of clutches, which is why numerous engines are equipped with them in the MX, SX and Enduro fields.  ",VEHICLE PARTS & ACCESSORIES,ENGINE PARTS,ENG. CLUTCH,2628,680,174,182,83,,,https://api.mybihr.com/medias/800Wx800H-1010977-1.jpg?context=bWFzdGVyfHJvb3R8MTM0NDk1fGltYWdlL2pwZWd8YUdWaUwyZzFZeTg0TVRjeU16UTVORFU1TmpZek9DODRNREJYZURnd01FaGZNVEF4TURrM055MHhMbXB3Wnd8YTA1OGVmNGQxMTFlNmVkODZjYmY5ZTE4NWRhY2UxMGY4YzYzOGVlODZjYjkxMTQxNjQ4NzJmNThhNjRiNDYyYQ,,,https://static.bihr.pro/eBihr/Pictures/HINSON-pictures.zip,Spain Warehouse (Parts)
1010979,123902,H192,HINSON,HINSO BASKET CLUTCH,Campana de embrague HINSON aluminio - Suzuki RM250,356.95,295.00,206.50,400010300801,0,8483608090,0,1,"<html> <head> <meta http-equiv=""Content-Type"" content=""text/html ; charset=utf-8""><title> </title> <style type=""text/css"">.cs95E872D0{text-align:left ; margin:0pt 0pt 0pt 0pt ; }.csA7555675{color:#000 ; background-color:transparent ; font-weight:normal ; font-style:normal ; }.cs4FC7BF42{text-align:left ; margin:0pt 0pt 0pt 0pt ; list-style-type:disc ; color:#000 ; background-color:transparent ; font-weight:normal ; font-style:normal ; }</style> </head> <body> <p>Hinson clutch components are developed and manufactured in the United States and work to improve the performance of your clutch. They offer a better riding feel as well as better resistance during intensive use. </p><p> </p><ul> <li>Clutch gasket </li><li>More resistant than the first set-up </li><li>Delivered as a single unit </li><li>Designed for competition preparation </li><li>Hinson components set a benchmark in terms of clutches, which is why numerous engines are equipped with them in the MX, SX and Enduro fields.</li></ul> </body> </html>","       Hinson clutch components are developed and manufactured in the United States and work to improve the performance of your clutch. They offer a better riding feel as well as better resistance during intensive use.   Clutch gasket More resistant than the first set-up Delivered as a single unit Designed for competition preparation Hinson components set a benchmark in terms of clutches, which is why numerous engines are equipped with them in the MX, SX and Enduro fields.  ",VEHICLE PARTS & ACCESSORIES,ENGINE PARTS,ENG. CLUTCH,2628,615,182,174,83,,,https://api.mybihr.com/medias/800Wx800H-1010979-1.jpg?context=bWFzdGVyfHJvb3R8MTM0NDk1fGltYWdlL2pwZWd8YURGaEwyZzFOaTg0TVRjeU16UTVORGM1TXpJME5pODRNREJYZURnd01FaGZNVEF4TURrM09TMHhMbXB3Wnd8NzY3OGYxNmUyODk4YzU3N2I3MTQ5MDc3MTVjMGU4YjAyMWE0MzIwYTA1MDRiYjE4MThjMDFhOWU1YTE4OWE0Yw,,,https://static.bihr.pro/eBihr/Pictures/HINSON-pictures.zip,Spain Warehouse (Parts)
1010982,124914,H216,HINSON,HINSO BASKET CLUTCH,Campana de embrague HINSON aluminio,356.95,295.00,206.50,4000104020016,1,8483608090,0,1,"<p><strong>Campana&nbsp;de embrague Billetproof</strong></p>
<ul>
<li>Los embragues Hinson han sido probados en campeonatos por casi todos los grandes equipos de f&aacute;brica del mundo, como el Team HRC Honda, el Team Monster Kawasaki, el Team RedBull Ktm, el Team JGR Suzuki y el Team Wilvo Yamaha</li>
<li>Mejora el rendimiento y la vida &uacute;til del embrague</li>
<li>Mejora la disipaci&oacute;n del calor</li>
<li>Mecanizado con precisi&oacute;n a partir una pieza de aluminio T-6 de calidad aeron&aacute;utica con tolerancias aeroespaciales, y con un revestimiento duro para una resistencia al desgaste cinco veces superior a la de serie* (*con el mantenimiento adecuado)</li>
<li>Permite que el conjunto del embrague gire con m&aacute;s precisi&oacute;n, generando menos calor cuando el embrague est&aacute; desembragado</li>
<li>Cuando se utiliza con el plato de presi&oacute;n y&nbsp;la maza de Hinson Clutch Components, ayuda a eliminar las vibraciones del embrague</li>
</ul>","
Campana de embrague Billetproof

Los embragues Hinson han sido probados en campeonatos por casi todos los grandes equipos de fábrica del mundo, como el Team HRC Honda, el Team Monster Kawasaki, el Team RedBull Ktm, el Team JGR Suzuki y el Team Wilvo Yamaha
Mejora el rendimiento y la vida útil del embrague
Mejora la disipación del calor
Mecanizado con precisión a partir una pieza de aluminio T-6 de calidad aeronáutica con tolerancias aeroespaciales, y con un revestimiento duro para una resistencia al desgaste cinco veces superior a la de serie* (*con el mantenimiento adecuado)
Permite que el conjunto del embrague gire con más precisión, generando menos calor cuando el embrague está desembragado
Cuando se utiliza con el plato de presión y la maza de Hinson Clutch Components, ayuda a eliminar las vibraciones del embrague
",VEHICLE PARTS & ACCESSORIES,ENGINE PARTS,ENG. CLUTCH,2628,720,174,182,83,,,https://api.mybihr.com/medias/800Wx800H-1010982-1.jpg?context=bWFzdGVyfHJvb3R8MTU1NzIwfGltYWdlL2pwZWd8YURZeEwyZzVPQzgyTXpBMk1EVXhNRGt6TXpBeU1pODRNREJYZURnd01FaGZNVEF4TURrNE1pMHhMbXB3Wnd8MGI0MmU0YjhhOGZiNzZlMGQ4OTJlNWUwN2I4MmYyMzczNjM0ZjZiM2RjZThkZjIxMmFkN2YwYTJlNzJjYjZkZg,,,https://static.bihr.pro/eBihr/Pictures/HINSON-pictures.zip,Spain Warehouse (Parts)
1011002,121995,H589,HINSON,HINSO BASKET CLUTCH,Campana de embrague HINSON aluminio,411.40,340.00,238.00,4000101026011,0,8483608090,0,1,"<p><strong>Campana&nbsp;de embrague Billetproof</strong></p>
<ul>
<li>Los embragues Hinson han sido probados en campeonatos por casi todos los grandes equipos de f&aacute;brica del mundo, como el Team HRC Honda, el Team Monster Kawasaki, el Team RedBull Ktm, el Team JGR Suzuki y el Team Wilvo Yamaha</li>
<li>Mejora el rendimiento y la vida &uacute;til del embrague</li>
<li>Mejora la disipaci&oacute;n del calor</li>
<li>Mecanizado con precisi&oacute;n a partir una pieza de aluminio T-6 de calidad aeron&aacute;utica con tolerancias aeroespaciales, y con un revestimiento duro para una resistencia al desgaste cinco veces superior a la de serie* (*con el mantenimiento adecuado)</li>
<li>Permite que el conjunto del embrague gire con m&aacute;s precisi&oacute;n, generando menos calor cuando el embrague est&aacute; desembragado</li>
<li>Cuando se utiliza con el plato de presi&oacute;n y&nbsp;la maza de Hinson Clutch Components, ayuda a eliminar las vibraciones del embrague</li>
</ul>","
Campana de embrague Billetproof

Los embragues Hinson han sido probados en campeonatos por casi todos los grandes equipos de fábrica del mundo, como el Team HRC Honda, el Team Monster Kawasaki, el Team RedBull Ktm, el Team JGR Suzuki y el Team Wilvo Yamaha
Mejora el rendimiento y la vida útil del embrague
Mejora la disipación del calor
Mecanizado con precisión a partir una pieza de aluminio T-6 de calidad aeronáutica con tolerancias aeroespaciales, y con un revestimiento duro para una resistencia al desgaste cinco veces superior a la de serie* (*con el mantenimiento adecuado)
Permite que el conjunto del embrague gire con más precisión, generando menos calor cuando el embrague está desembragado
Cuando se utiliza con el plato de presión y la maza de Hinson Clutch Components, ayuda a eliminar las vibraciones del embrague
",VEHICLE PARTS & ACCESSORIES,ENGINE PARTS,ENG. CLUTCH,2656,815,173,185,83,,,https://api.mybihr.com/medias/800Wx800H-1011002-1.jpg?context=bWFzdGVyfHJvb3R8MTU1NzIwfGltYWdlL2pwZWd8YURVNEwyZ3pZeTgyTXpBMk1EVXhNVFV5TWpnME5pODRNREJYZURnd01FaGZNVEF4TVRBd01pMHhMbXB3Wnd8NTZiNTkxZGE2NGI4YTQ1YWM0MjMxOTkyOWIzN2U0YjQ4YmIxNWQxMTFjZDk1ZjFmNjdmYzMzZjA0NDgyNmYzMg,,,https://static.bihr.pro/eBihr/Pictures/HINSON-pictures.zip,Spain Warehouse (Parts)
1011066,19700014,H793-IH-1901,HINSON,HINSO CLUTCH INNER HUB,Maza de embrague HINSON - KTM / Husqvarna,423.50,350.00,245.00,H793-IH-1901,0,8483608090,0,1,"<p>Long and close collaborations with the best riders of the more prestigious teams has enabled Hinson to develop a complete range of clutch plates, hubs and gaskets.</p>
<p>&nbsp;</p>
<p>Cut from high-quality aluminium block, they undergo thermal treatment followed by anodization, giving them a hardness and resistance that is better suited to the extreme conditions of MX and SX.</p>
<p><br>
Put to the test during starts and jump shock absorption, they are much more resistant to wear and marks caused by the clutch and friction plates</p>","
Long and close collaborations with the best riders of the more prestigious teams has enabled Hinson to develop a complete range of clutch plates, hubs and gaskets.

 

Cut from high-quality aluminium block, they undergo thermal treatment followed by anodization, giving them a hardness and resistance that is better suited to the extreme conditions of MX and SX.


Put to the test during starts and jump shock absorption, they are much more resistant to wear and marks caused by the clutch and friction plates",VEHICLE PARTS & ACCESSORIES,ENGINE PARTS,ENG. CLUTCH,2575,470,174,185,80,,,https://api.mybihr.com/medias/1011066-1-800Wx800H?context=bWFzdGVyfHJvb3R8NjAxMjB8aW1hZ2UvanBlZ3xhREJpTDJnNU1pODVNREV5TkRZMk1USXlOemd5THpFd01URXdOall0TVY4NE1EQlhlRGd3TUVnfGMyN2YxYjkwMTVlYzE0NzRiOGE2M2Q4NzU0NjNkZmI4MWM0ODVhOTgxOTdkMjY5ODA5YzdjMWZkMWFkZDhlODA,,,https://static.bihr.pro/eBihr/Pictures/HINSON-pictures.zip,Spain Warehouse (Parts)
1011070,124904,CU017,HINSON,HINSO DAMPER HUB,Goma amortiguadora Yamaha YFZ350 Banshee 1987-2006,83.49,69.00,48.30,124904,0,8483608090,0,1,,,VEHICLE PARTS & ACCESSORIES,ENGINE PARTS,ENG. CLUTCH,293,57,110,76,35,,,https://api.mybihr.com/medias/1011070-1-800Wx800H?context=bWFzdGVyfHJvb3R8MzU3MTl8aW1hZ2UvanBlZ3xhR0ZpTDJneE5DODRPVFV5T1RjMU1EazNPRGcyTHpFd01URXdOekF0TVY4NE1EQlhlRGd3TUVnfDI0MTEwMWFmODU2NTA2ZmRmOWQyZDcwZTUyNGY0ZGYxZDViMTU4MGNhYzE3ZmU0N2ZmZmY5ODQxZDYwYTdkMTM,,,https://static.bihr.pro/eBihr/Pictures/HINSON-pictures.zip,Spain Warehouse (Parts)
1011071,121914,CU199,HINSON,HINSO DAMPER CLUTCH BASKET,Gomas amortiguadoras HINSON para buje,83.49,69.00,48.30,CU199,1,8483608090,0,1,,,VEHICLE PARTS & ACCESSORIES,ENGINE PARTS,ENG. CLUTCH,790,76,203,177,22,,,https://api.mybihr.com/medias/1011071-1-800Wx800H?context=bWFzdGVyfHJvb3R8MjYwMTF8aW1hZ2UvanBlZ3xhRGhrTDJnMllTODRPVFV6TURZME5qSXdNRFl5THpFd01URXdOekV0TVY4NE1EQlhlRGd3TUVnfDEwZGE5N2RmZjg3YzQzYmNmODUxMGY3OGVmMzczNTgxYjQ5NjE4Y2M5OGU0ZGJkNjM5OWRmMzI5NWMyYzQwOWQ,,,https://static.bihr.pro/eBihr/Pictures/HINSON-pictures.zip,Spain Warehouse (Parts)
1010997,124923,H413,HINSON,HINSO BASKET CLUTCH,Campana de embrague HINSON aluminio - Yamaha YZF450R,356.95,295.00,206.50,4000104024014,0,8483608090,0,1,"<html> <head> <meta http-equiv=""Content-Type"" content=""text/html ; charset=utf-8""><title> </title> <style type=""text/css"">.cs95E872D0{text-align:left ; margin:0pt 0pt 0pt 0pt ; }.csA7555675{color:#000 ; background-color:transparent ; font-weight:normal ; font-style:normal ; }.cs4FC7BF42{text-align:left ; margin:0pt 0pt 0pt 0pt ; list-style-type:disc ; color:#000 ; background-color:transparent ; font-weight:normal ; font-style:normal ; }</style> </head> <body> <p>Hinson clutch components are developed and manufactured in the United States and work to improve the performance of your clutch. They offer a better riding feel as well as better resistance during intensive use. </p><p> </p><ul> <li>Clutch gasket </li><li>More resistant than the first set-up </li><li>Delivered as a single unit </li><li>Designed for competition preparation </li><li>Hinson components set a benchmark in terms of clutches, which is why numerous engines are equipped with them in the MX, SX and Enduro fields.</li></ul> </body> </html>","       Hinson clutch components are developed and manufactured in the United States and work to improve the performance of your clutch. They offer a better riding feel as well as better resistance during intensive use.   Clutch gasket More resistant than the first set-up Delivered as a single unit Designed for competition preparation Hinson components set a benchmark in terms of clutches, which is why numerous engines are equipped with them in the MX, SX and Enduro fields.  ",VEHICLE PARTS & ACCESSORIES,ENGINE PARTS,ENG. CLUTCH,2504,738,172,182,80,,,https://api.mybihr.com/medias/800Wx800H-1010997-1.jpg?context=bWFzdGVyfHJvb3R8MjI3Mzc3fGltYWdlL2pwZWd8YURKbEwyaGpNUzg0TVRjeU16UTVNakV6T1RBek9DODRNREJYZURnd01FaGZNVEF4TURrNU55MHhMbXB3Wnd8ZjFhMDY1NjJiOTZhZTViMTViOTg1ZGQwZjQ4YTljMzhkZTc0OTA3NTdmNmQzYmQ3ZmZjZTQyODdhYTNiYzM2Zg,https://api.mybihr.com/medias/800Wx800H-1010997-2.jpg?context=bWFzdGVyfHJvb3R8Mjg3MjQ2fGltYWdlL2pwZWd8YURCbUwyaGpZaTg0TVRjeU16UTVNalF3TVRFNE1pODRNREJYZURnd01FaGZNVEF4TURrNU55MHlMbXB3Wnd8NDQ2YjYxZjA1MDY5M2RhM2M2NTQ2NGEwOTk3YTdlMjhlNTAyODg0NTgxNjFjNzFmNmQ1YmUwMGVkZjgzZmMxOA,https://api.mybihr.com/medias/800Wx800H-1010997-3.jpg?context=bWFzdGVyfHJvb3R8MTYzNDc3fGltYWdlL2pwZWd8YURSa0wyaGtOaTg0TVRjeU16UTVNamM1TkRNNU9DODRNREJYZURnd01FaGZNVEF4TURrNU55MHpMbXB3Wnd8NGJkOGVmZmZiNmM1MjllZTU3ZDM4ZWY4M2ZjODc5OGRjYWM2MzgxMDcyOGU3NTYyZTIyMDMyMWFhMmZjYzc4Nw,https://static.bihr.pro/eBihr/Pictures/HINSON-pictures.zip,Spain Warehouse (Parts)
1010964,122902,H029,HINSON,HINSO BASKET CLUTCH,Campana de embrague HINSON aluminio con gomas amortiguadoras - Kawasaki KX125,411.40,340.00,238.00,4000102001017,0,8483608090,0,1,"<p><strong>Campana&nbsp;de embrague Billetproof</strong></p>
<ul>
<li>Los embragues Hinson han sido probados en campeonatos por casi todos los grandes equipos de f&aacute;brica del mundo, como el Team HRC Honda, el Team Monster Kawasaki, el Team RedBull Ktm, el Team JGR Suzuki y el Team Wilvo Yamaha</li>
<li>Mejora el rendimiento y la vida &uacute;til del embrague</li>
<li>Mejora la disipaci&oacute;n del calor</li>
<li>Mecanizado con precisi&oacute;n a partir una pieza de aluminio T-6 de calidad aeron&aacute;utica con tolerancias aeroespaciales, y con un revestimiento duro para una resistencia al desgaste cinco veces superior a la de serie* (*con el mantenimiento adecuado)</li>
<li>Permite que el conjunto del embrague gire con m&aacute;s precisi&oacute;n, generando menos calor cuando el embrague est&aacute; desembragado</li>
<li>Cuando se utiliza con el plato de presi&oacute;n y&nbsp;la maza de Hinson Clutch Components, ayuda a eliminar las vibraciones del embrague</li>
</ul>","
Campana de embrague Billetproof

Los embragues Hinson han sido probados en campeonatos por casi todos los grandes equipos de fábrica del mundo, como el Team HRC Honda, el Team Monster Kawasaki, el Team RedBull Ktm, el Team JGR Suzuki y el Team Wilvo Yamaha
Mejora el rendimiento y la vida útil del embrague
Mejora la disipación del calor
Mecanizado con precisión a partir una pieza de aluminio T-6 de calidad aeronáutica con tolerancias aeroespaciales, y con un revestimiento duro para una resistencia al desgaste cinco veces superior a la de serie* (*con el mantenimiento adecuado)
Permite que el conjunto del embrague gire con más precisión, generando menos calor cuando el embrague está desembragado
Cuando se utiliza con el plato de presión y la maza de Hinson Clutch Components, ayuda a eliminar las vibraciones del embrague
",VEHICLE PARTS & ACCESSORIES,ENGINE PARTS,ENG. CLUTCH,2567,618,169,183,83,,,https://api.mybihr.com/medias/800Wx800H-1010964-1.jpg?context=bWFzdGVyfHJvb3R8MTU1NzIwfGltYWdlL2pwZWd8YUdVMEwyZ3pZaTgyTXpBMk1EVXdPVE0yTURFMU9DODRNREJYZURnd01FaGZNVEF4TURrMk5DMHhMbXB3Wnd8N2U0MTQ5NWViY2Q2ZTZkOGM5MDczOTc2MTM0ZTBiYTc5YTJhNzQ0YzlhNDgzMzQ4ZTU1OWFmYmEyNGQ1YTIxYQ,,,https://static.bihr.pro/eBihr/Pictures/HINSON-pictures.zip,Spain Warehouse (Parts)
1010969,121904,H059,HINSON,HINSO BASKET CLUTCH,Campana de embrague HINSON aluminio - Honda CR500R,356.95,295.00,206.50,H059,0,8483608090,0,1,"<p><strong>Campana&nbsp;de embrague Billetproof</strong></p>
<ul>
<li>Los embragues Hinson han sido probados en campeonatos por casi todos los grandes equipos de f&aacute;brica del mundo, como el Team HRC Honda, el Team Monster Kawasaki, el Team RedBull Ktm, el Team JGR Suzuki y el Team Wilvo Yamaha</li>
<li>Mejora el rendimiento y la vida &uacute;til del embrague</li>
<li>Mejora la disipaci&oacute;n del calor</li>
<li>Mecanizado con precisi&oacute;n a partir una pieza de aluminio T-6 de calidad aeron&aacute;utica con tolerancias aeroespaciales, y con un revestimiento duro para una resistencia al desgaste cinco veces superior a la de serie* (*con el mantenimiento adecuado)</li>
<li>Permite que el conjunto del embrague gire con m&aacute;s precisi&oacute;n, generando menos calor cuando el embrague est&aacute; desembragado</li>
<li>Cuando se utiliza con el plato de presi&oacute;n y&nbsp;la maza de Hinson Clutch Components, ayuda a eliminar las vibraciones del embrague</li>
</ul>","
Campana de embrague Billetproof

Los embragues Hinson han sido probados en campeonatos por casi todos los grandes equipos de fábrica del mundo, como el Team HRC Honda, el Team Monster Kawasaki, el Team RedBull Ktm, el Team JGR Suzuki y el Team Wilvo Yamaha
Mejora el rendimiento y la vida útil del embrague
Mejora la disipación del calor
Mecanizado con precisión a partir una pieza de aluminio T-6 de calidad aeronáutica con tolerancias aeroespaciales, y con un revestimiento duro para una resistencia al desgaste cinco veces superior a la de serie* (*con el mantenimiento adecuado)
Permite que el conjunto del embrague gire con más precisión, generando menos calor cuando el embrague está desembragado
Cuando se utiliza con el plato de presión y la maza de Hinson Clutch Components, ayuda a eliminar las vibraciones del embrague
",VEHICLE PARTS & ACCESSORIES,ENGINE PARTS,ENG. CLUTCH,2628,620,182,174,83,,,https://api.mybihr.com/medias/800Wx800H-1010969-1.jpg?context=bWFzdGVyfHJvb3R8MTU1NzIwfGltYWdlL2pwZWd8YURKbEwyZzFNQzgyTXpBMk1EVXdPVGswT1RrNE1pODRNREJYZURnd01FaGZNVEF4TURrMk9TMHhMbXB3Wnd8NTQwNzNmNGM2ZjQ3NjBkN2MxZjNiOWIwMWQyNWQ0NjYzN2UzZDBjYjMxNDE2ZDU5NzU1ZGFlYWI0NzM0N2MyOQ,,,https://static.bihr.pro/eBihr/Pictures/HINSON-pictures.zip,Spain Warehouse (Parts)
1011018,19700003,C641-1901,HINSON,HINSO CLUTCH COVER,"Tapa de embrague HINSON, aluminio, negro, para Yamaha YZ250F",235.95,195.00,136.50,C641-1901,1,8483608090,0,1,"<p>Hinson Clutches are championship proven by almost every major factory team and rider in the world, including Eli Tomac, Ken Roczen, Cooper Webb, Tim Gajser, Jeffrey Herlings, Jeremy Seewer, Chase Sexton, &amp; Joey Savatgy.</p>
<ul>
<li>Hardcoated for extreme boot wear resistance</li>
<li>Much stronger than stock, protecting from rock damage</li>
<li>Improves heat dissipation</li>
<li>Precision machined from billet T-6 aircraft quality aluminum to aerospace tolerances</li>
</ul>","
Hinson Clutches are championship proven by almost every major factory team and rider in the world, including Eli Tomac, Ken Roczen, Cooper Webb, Tim Gajser, Jeffrey Herlings, Jeremy Seewer, Chase Sexton, & Joey Savatgy.

Hardcoated for extreme boot wear resistance
Much stronger than stock, protecting from rock damage
Improves heat dissipation
Precision machined from billet T-6 aircraft quality aluminum to aerospace tolerances
",VEHICLE PARTS & ACCESSORIES,ENGINE PARTS,ENG. CLUTCH,2652,315,255,200,52,Negro,,https://api.mybihr.com/medias/1011018-1-800Wx800H?context=bWFzdGVyfHJvb3R8NzA3NzB8aW1hZ2UvanBlZ3xhREV5TDJoa09TODRPVEF4TURrME1UUTJNRGM0THpFd01URXdNVGd0TVY4NE1EQlhlRGd3TUVnfGUxMmUyZWQzMzY0NGYwNTFjYzMwODNhZTg1Zjk1ZTA1Y2VlMWZiNjRjOWYyNzExNjU1NTJkZDY5MWUyYmE1NDc,,,https://static.bihr.pro/eBihr/Pictures/HINSON-pictures.zip,Spain Warehouse (Parts)
1011020,127203,C677,HINSON,HINSO CLUTCH COVER,"Tapa de embrague HINSON, aluminio, KTM SXF250/350 y Husqvarna FC250/350",235.95,195.00,136.50,C677$M,0,8483608090,0,1,"<p>Hinson Clutches are championship proven by almost every major factory team and rider in the world, including Eli Tomac, Ken Roczen, Cooper Webb, Tim Gajser, Jeffrey Herlings, Jeremy Seewer, Chase Sexton, &amp; Joey Savatgy.</p>
<ul>
<li>Hardcoated for extreme boot wear resistance</li>
<li>Much stronger than stock, protecting from rock damage</li>
<li>Improves heat dissipation</li>
<li>Precision machined from billet T-6 aircraft quality aluminum to aerospace tolerances</li>
</ul>","
Hinson Clutches are championship proven by almost every major factory team and rider in the world, including Eli Tomac, Ken Roczen, Cooper Webb, Tim Gajser, Jeffrey Herlings, Jeremy Seewer, Chase Sexton, & Joey Savatgy.

Hardcoated for extreme boot wear resistance
Much stronger than stock, protecting from rock damage
Improves heat dissipation
Precision machined from billet T-6 aircraft quality aluminum to aerospace tolerances
",VEHICLE PARTS & ACCESSORIES,ENGINE PARTS,ENG. CLUTCH,2495,300,252,198,50,Negro,,https://api.mybihr.com/medias/1011020-1-800Wx800H?context=bWFzdGVyfHJvb3R8Mzk2NTJ8aW1hZ2UvanBlZ3xhRGRtTDJoaFlpODRPVEF4TVRJME5EVTJORGM0THpFd01URXdNakF0TVY4NE1EQlhlRGd3TUVnfDIzYmFlNjFhZGIzMjkyOGEwZWYwZTE4MDlmYWYxNTAyY2E5NDk3ZTlhNzg3YjlkZjI2NDM1MDMyZWNiM2FiMjE,,,https://static.bihr.pro/eBihr/Pictures/HINSON-pictures.zip,Spain Warehouse (Parts)
1011022,127500,C789-0816,HINSON,HINSO CLUTCH COVER,"Tapa de embrague HINSON, aluminio, Honda CRF450R/RX",272.25,225.00,157.50,C789-0816,1,8483608090,0,1,"<p>Hinson Clutches are championship proven by almost every major factory team and rider in the world, including Eli Tomac, Ken Roczen, Cooper Webb, Tim Gajser, Jeffrey Herlings, Jeremy Seewer, Chase Sexton, &amp; Joey Savatgy.</p>
<ul>
<li>Hardcoated for extreme boot wear resistance</li>
<li>Much stronger than stock, protecting from rock damage</li>
<li>Improves heat dissipation</li>
<li>Precision machined from billet T-6 aircraft quality aluminum to aerospace tolerances</li>
</ul>","
Hinson Clutches are championship proven by almost every major factory team and rider in the world, including Eli Tomac, Ken Roczen, Cooper Webb, Tim Gajser, Jeffrey Herlings, Jeremy Seewer, Chase Sexton, & Joey Savatgy.

Hardcoated for extreme boot wear resistance
Much stronger than stock, protecting from rock damage
Improves heat dissipation
Precision machined from billet T-6 aircraft quality aluminum to aerospace tolerances
",VEHICLE PARTS & ACCESSORIES,ENGINE PARTS,ENG. CLUTCH,2548,415,239,205,52,,,https://api.mybihr.com/medias/1011022-1-800Wx800H?context=bWFzdGVyfHJvb3R8NTI5MjV8aW1hZ2UvanBlZ3xhR0k1TDJnellpODRPVFV6TWpNME1UWXhOamswTHpFd01URXdNakl0TVY4NE1EQlhlRGd3TUVnfGM0NjRkMDdhYTQyNjJlMzJiM2I0MWNjMjlmODZjZmRmYjNkMTViZDIyNDI1Nzk5MGVhY2Y5MDZiMmY0ZTMwODc,,,https://static.bihr.pro/eBihr/Pictures/HINSON-pictures.zip,Spain Warehouse (Parts)
1011026,19700069,FSC094-7-001,HINSON,HINSO CLUTCH STEEL&FRICTION&SPRINGS,Kit de embrague HINSON,272.25,225.00,157.50,FSC094-7-001,0,8483608090,0,1,"<html> <head> <meta http-equiv=""Content-Type"" content=""text/html ; charset=utf-8""><title> </title> <style type=""text/css"">.cs4FC7BF42{text-align:left ; margin:0pt 0pt 0pt 0pt ; list-style-type:disc ; color:#000 ; background-color:transparent ; font-weight:normal ; font-style:normal ; }.csA7555675{color:#000 ; background-color:transparent ; font-weight:normal ; font-style:normal ; }</style> </head> <body> <ul> <li><a id=""_DX_FRAG_STARTFRAGMENT""></a>Can be used with OE baskets, inner hubs, & pressure plates</li><li>Developed with and recommended to enhance the performance of Hinson clutch baskets, inner hubs, and pressure plates<a id=""_DX_FRAG_ENDFRAGMENT""></a></li><li>Provide optimum hook up with minimum heat build up</li></ul> </body> </html>","        Can be used with OE baskets, inner hubs, & pressure platesDeveloped with and recommended to enhance the performance of Hinson clutch baskets, inner hubs, and pressure platesProvide optimum hook up with minimum heat build up  ",VEHICLE PARTS & ACCESSORIES,ENGINE PARTS,ENG. CLUTCH,1568,673,206,162,47,,,https://api.mybihr.com/medias/1011026-1-800Wx800H?context=bWFzdGVyfHJvb3R8MTgzMzEzfGltYWdlL2pwZWd8YURneEwyZ3dNeTg0T1RBeE56WXlNRFUyTWpJeUx6RXdNVEV3TWpZdE1WODRNREJYZURnd01FZ3w2YzI5YzU5OWIzNjMxODY0YmUwYTViOTk5NmU0YjhkNDMzM2YwOWZiZTJhZjlhMDVkYzdhOTM1YWIyZTVjNmZh,,,https://static.bihr.pro/eBihr/Pictures/HINSON-pictures.zip,Spain Warehouse (Parts)
1011036,19700065,FSC494-8-001,HINSON,HINSO CLUTCH STEEL&FRICTION&SPRINGS,Kit de embrague HINSON,272.25,225.00,157.50,FSC494-8-001,0,8483608090,0,1,"<html> <head> <meta http-equiv=""Content-Type"" content=""text/html ; charset=utf-8""><title> </title> <style type=""text/css"">.cs4FC7BF42{text-align:left ; margin:0pt 0pt 0pt 0pt ; list-style-type:disc ; color:#000 ; background-color:transparent ; font-weight:normal ; font-style:normal ; }.csA7555675{color:#000 ; background-color:transparent ; font-weight:normal ; font-style:normal ; }</style> </head> <body> <ul> <li><a id=""_DX_FRAG_STARTFRAGMENT""></a>Can be used with OE baskets, inner hubs, & pressure plates</li><li>Developed with and recommended to enhance the performance of Hinson clutch baskets, inner hubs, and pressure plates<a id=""_DX_FRAG_ENDFRAGMENT""></a></li><li>Provide optimum hook up with minimum heat build up</li></ul> </body> </html>","        Can be used with OE baskets, inner hubs, & pressure platesDeveloped with and recommended to enhance the performance of Hinson clutch baskets, inner hubs, and pressure platesProvide optimum hook up with minimum heat build up  ",VEHICLE PARTS & ACCESSORIES,ENGINE PARTS,ENG. CLUTCH,1561,789,205,162,47,,,https://api.mybihr.com/medias/1011036-1-800Wx800H?context=bWFzdGVyfHJvb3R8MTgzMzEzfGltYWdlL2pwZWd8YURoakwyZzVaUzg0T1RJek9EYzRNelU1TURjd0x6RXdNVEV3TXpZdE1WODRNREJYZURnd01FZ3w4YzMwNDQyMjJjMGJhYmZlNjZmYTYyNjY5NmIxMWI3ZWQ1YjE1MTk1YWRkODU5YWQzNzE0NjFmMTJjOGRmMjY2,,,https://static.bihr.pro/eBihr/Pictures/HINSON-pictures.zip,Spain Warehouse (Parts)
1010980,122908,H195,HINSON,HINSO BASKET CLUTCH,Campana de embrague HINSON aluminio con gomas amortiguadoras - Kawasaki KX125,411.40,340.00,238.00,4000102009013,0,8483608090,0,1,"<p><strong>Campana&nbsp;de embrague Billetproof</strong></p>
<ul>
<li>Los embragues Hinson han sido probados en campeonatos por casi todos los grandes equipos de f&aacute;brica del mundo, como el Team HRC Honda, el Team Monster Kawasaki, el Team RedBull Ktm, el Team JGR Suzuki y el Team Wilvo Yamaha</li>
<li>Mejora el rendimiento y la vida &uacute;til del embrague</li>
<li>Mejora la disipaci&oacute;n del calor</li>
<li>Mecanizado con precisi&oacute;n a partir una pieza de aluminio T-6 de calidad aeron&aacute;utica con tolerancias aeroespaciales, y con un revestimiento duro para una resistencia al desgaste cinco veces superior a la de serie* (*con el mantenimiento adecuado)</li>
<li>Permite que el conjunto del embrague gire con m&aacute;s precisi&oacute;n, generando menos calor cuando el embrague est&aacute; desembragado</li>
<li>Cuando se utiliza con el plato de presi&oacute;n y&nbsp;la maza de Hinson Clutch Components, ayuda a eliminar las vibraciones del embrague</li>
</ul>","
Campana de embrague Billetproof

Los embragues Hinson han sido probados en campeonatos por casi todos los grandes equipos de fábrica del mundo, como el Team HRC Honda, el Team Monster Kawasaki, el Team RedBull Ktm, el Team JGR Suzuki y el Team Wilvo Yamaha
Mejora el rendimiento y la vida útil del embrague
Mejora la disipación del calor
Mecanizado con precisión a partir una pieza de aluminio T-6 de calidad aeronáutica con tolerancias aeroespaciales, y con un revestimiento duro para una resistencia al desgaste cinco veces superior a la de serie* (*con el mantenimiento adecuado)
Permite que el conjunto del embrague gire con más precisión, generando menos calor cuando el embrague está desembragado
Cuando se utiliza con el plato de presión y la maza de Hinson Clutch Components, ayuda a eliminar las vibraciones del embrague
",VEHICLE PARTS & ACCESSORIES,ENGINE PARTS,ENG. CLUTCH,2628,620,174,182,83,,,https://api.mybihr.com/medias/800Wx800H-1010980-1.jpg?context=bWFzdGVyfHJvb3R8MTU1NzIwfGltYWdlL2pwZWd8YURNeUwyZzVaaTgyTXpBMk1EVXhNRGN6TmpReE5DODRNREJYZURnd01FaGZNVEF4TURrNE1DMHhMbXB3Wnd8YjhlMjNjNTNhNjljMGIwOGQ5OTAzYjk3MDFjYTc0OWNkNzljZDkwYzQyNWEwYWJkMWY1YjMxYzE3ZjY3NzNjOA,,,https://static.bihr.pro/eBihr/Pictures/HINSON-pictures.zip,Spain Warehouse (Parts)
1011011,127453,C191,HINSON,HINSO CLUTCH COVER,"Tapa de embrague HINSON, aluminio, KTM/Husqvarna",235.95,195.00,136.50,C191,0,8483608090,0,1,"<p>Hinson Clutches are championship proven by almost every major factory team and rider in the world, including Eli Tomac, Ken Roczen, Cooper Webb, Tim Gajser, Jeffrey Herlings, Jeremy Seewer, Chase Sexton, &amp; Joey Savatgy.</p>
<ul>
<li>Hardcoated for extreme boot wear resistance</li>
<li>Much stronger than stock, protecting from rock damage</li>
<li>Improves heat dissipation</li>
<li>Precision machined from billet T-6 aircraft quality aluminum to aerospace tolerances</li>
</ul>","
Hinson Clutches are championship proven by almost every major factory team and rider in the world, including Eli Tomac, Ken Roczen, Cooper Webb, Tim Gajser, Jeffrey Herlings, Jeremy Seewer, Chase Sexton, & Joey Savatgy.

Hardcoated for extreme boot wear resistance
Much stronger than stock, protecting from rock damage
Improves heat dissipation
Precision machined from billet T-6 aircraft quality aluminum to aerospace tolerances
",VEHICLE PARTS & ACCESSORIES,ENGINE PARTS,ENG. CLUTCH,2502,337,237,203,52,,,https://api.mybihr.com/medias/1011011-1-800Wx800H?context=bWFzdGVyfHJvb3R8NTI5MjV8aW1hZ2UvanBlZ3xhRFV3TDJnMVpTODRPVFE1TURjMk9ERTVPVGs0THpFd01URXdNVEV0TVY4NE1EQlhlRGd3TUVnfDU5M2E1YmUzNWUwNzFjOTVmMzFlMDdhODY4MjQ0YzVjNDU0NDlhNDVmZWE2MGQ0YTg4YmZiMTQwMTdlZTZjZDQ,,,https://static.bihr.pro/eBihr/Pictures/HINSON-pictures.zip,Spain Warehouse (Parts)
1011013,19700011,C472-1801,HINSON,HINSO CLUTCH COVER,"Tapa de embrague HINSON aluminio, negro, KTM/Husqvarna",235.95,195.00,136.50,C472-1801,1,8483608090,0,1,"<p>Hinson Clutches are championship proven by almost every major factory team and rider in the world, including Eli Tomac, Ken Roczen, Cooper Webb, Tim Gajser, Jeffrey Herlings, Jeremy Seewer, Chase Sexton, &amp; Joey Savatgy.</p>
<ul>
<li>Hardcoated for extreme boot wear resistance</li>
<li>Much stronger than stock, protecting from rock damage</li>
<li>Improves heat dissipation</li>
<li>Precision machined from billet T-6 aircraft quality aluminum to aerospace tolerances</li>
</ul>","
Hinson Clutches are championship proven by almost every major factory team and rider in the world, including Eli Tomac, Ken Roczen, Cooper Webb, Tim Gajser, Jeffrey Herlings, Jeremy Seewer, Chase Sexton, & Joey Savatgy.

Hardcoated for extreme boot wear resistance
Much stronger than stock, protecting from rock damage
Improves heat dissipation
Precision machined from billet T-6 aircraft quality aluminum to aerospace tolerances
",VEHICLE PARTS & ACCESSORIES,ENGINE PARTS,ENG. CLUTCH,2692,250,255,203,52,Negro,,https://api.mybihr.com/medias/1011013-1-800Wx800H?context=bWFzdGVyfHJvb3R8NzA3NzB8aW1hZ2UvanBlZ3xhR0V3TDJoaE9TODRPVFE1TURnMU1EYzNOVE0wTHpFd01URXdNVE10TVY4NE1EQlhlRGd3TUVnfGIyZjUzMjgyNjE0YjE0MzBiNWJhMGQ2ZjYyMDUzYWE5YjBiMmYwZTU3YTQ5M2FhZDAxOGMwYzZmOGEzMmI5NzQ,,,https://static.bihr.pro/eBihr/Pictures/HINSON-pictures.zip,Spain Warehouse (Parts)
1011015,19700008,C505-1901,HINSON,HINSO CLUTCH COVER,"Tapa de embrague HINSON aluminio, negro, KTM/Husqvarna",235.95,195.00,136.50,C505-1901,0,8483608090,0,1,"<p>Hinson Clutches are championship proven by almost every major factory team and rider in the world, including Eli Tomac, Ken Roczen, Cooper Webb, Tim Gajser, Jeffrey Herlings, Jeremy Seewer, Chase Sexton, &amp; Joey Savatgy.</p>
<ul>
<li>Hardcoated for extreme boot wear resistance</li>
<li>Much stronger than stock, protecting from rock damage</li>
<li>Improves heat dissipation</li>
<li>Precision machined from billet T-6 aircraft quality aluminum to aerospace tolerances</li>
</ul>","
Hinson Clutches are championship proven by almost every major factory team and rider in the world, including Eli Tomac, Ken Roczen, Cooper Webb, Tim Gajser, Jeffrey Herlings, Jeremy Seewer, Chase Sexton, & Joey Savatgy.

Hardcoated for extreme boot wear resistance
Much stronger than stock, protecting from rock damage
Improves heat dissipation
Precision machined from billet T-6 aircraft quality aluminum to aerospace tolerances
",VEHICLE PARTS & ACCESSORIES,ENGINE PARTS,ENG. CLUTCH,2772,280,252,200,55,Negro,,https://api.mybihr.com/medias/1011015-1-800Wx800H?context=bWFzdGVyfHJvb3R8NzA3NzB8aW1hZ2UvanBlZ3xhR1ppTDJoa05TODRPVEkwTVRZMk56Z3pNREEyTHpFd01URXdNVFV0TVY4NE1EQlhlRGd3TUVnfGI5ZWFkZjVlYzhkYThjODEzOTNhNGQxNjk2YjM0NGM1NTY3YzU4ZWIyNjYwMjBkODg5NTQ2YjdmMzBjMGUxYmM,,,https://static.bihr.pro/eBihr/Pictures/HINSON-pictures.zip,Spain Warehouse (Parts)
1010990,123908,H268,HINSON,HINSO BASKET CLUTCH,Campana de embrague HINSON aluminio - Suzuki LTR450,356.95,295.00,206.50,4000103010018,0,8483608090,0,1,"<html> <head> <meta http-equiv=""Content-Type"" content=""text/html ; charset=utf-8""><title> </title> <style type=""text/css"">.cs95E872D0{text-align:left ; margin:0pt 0pt 0pt 0pt ; }.csA7555675{color:#000 ; background-color:transparent ; font-weight:normal ; font-style:normal ; }.cs4FC7BF42{text-align:left ; margin:0pt 0pt 0pt 0pt ; list-style-type:disc ; color:#000 ; background-color:transparent ; font-weight:normal ; font-style:normal ; }</style> </head> <body> <p>Hinson clutch components are developed and manufactured in the United States and work to improve the performance of your clutch. They offer a better riding feel as well as better resistance during intensive use. </p><p> </p><ul> <li>Clutch gasket </li><li>More resistant than the first set-up </li><li>Delivered as a single unit </li><li>Designed for competition preparation </li><li>Hinson components set a benchmark in terms of clutches, which is why numerous engines are equipped with them in the MX, SX and Enduro fields.</li></ul> </body> </html>","       Hinson clutch components are developed and manufactured in the United States and work to improve the performance of your clutch. They offer a better riding feel as well as better resistance during intensive use.   Clutch gasket More resistant than the first set-up Delivered as a single unit Designed for competition preparation Hinson components set a benchmark in terms of clutches, which is why numerous engines are equipped with them in the MX, SX and Enduro fields.  ",VEHICLE PARTS & ACCESSORIES,ENGINE PARTS,ENG. CLUTCH,2537,828,182,170,82,,,https://api.mybihr.com/medias/800Wx800H-1010990-1.jpg?context=bWFzdGVyfHJvb3R8MjI3Mzc3fGltYWdlL2pwZWd8YUdJMEwyZzJPQzg0TVRjeU16UTVOakUyT1RVd01pODRNREJYZURnd01FaGZNVEF4TURrNU1DMHhMbXB3Wnd8NTU2NWVkYTA4YTgzY2Y5Y2UwOTQwOWVjZmNlOWNiMjBhY2Y4ZDkwNzY1ZGJiZmE4YzcwOTY5NDU2YzA3ZjVkZA,https://api.mybihr.com/medias/800Wx800H-1010990-2.jpg?context=bWFzdGVyfHJvb3R8NDMzNzQwfGltYWdlL2pwZWd8YURrMkwyZzNNaTg0TVRjeU16UTVOalF6TVRZME5pODRNREJYZURnd01FaGZNVEF4TURrNU1DMHlMbXB3Wnd8YTAyNDEzODI3MzM0NzVjYjJkOWIzNDI5ZjQ0YTA5OGUxZmNjMTljNDAyMzYzYTRmNjRhYTJjM2MwMzlkNThlYw,,https://static.bihr.pro/eBihr/Pictures/HINSON-pictures.zip,Spain Warehouse (Parts)
1010991,129906,H270,HINSON,HINSO BASKET CLUTCH,Campana de embrague HINSON aluminio - KTM,411.40,340.00,238.00,H270,0,8483608090,0,1,"<html> <head> <meta http-equiv=""Content-Type"" content=""text/html ; charset=utf-8""><title> </title> <style type=""text/css"">.cs95E872D0{text-align:left ; margin:0pt 0pt 0pt 0pt ; }.csA7555675{color:#000 ; background-color:transparent ; font-weight:normal ; font-style:normal ; }.cs4FC7BF42{text-align:left ; margin:0pt 0pt 0pt 0pt ; list-style-type:disc ; color:#000 ; background-color:transparent ; font-weight:normal ; font-style:normal ; }</style> </head> <body> <p>Hinson clutch components are developed and manufactured in the United States and work to improve the performance of your clutch. They offer a better riding feel as well as better resistance during intensive use. </p><p> </p><ul> <li>Clutch gasket </li><li>More resistant than the first set-up </li><li>Delivered as a single unit </li><li>Designed for competition preparation </li><li>Hinson components set a benchmark in terms of clutches, which is why numerous engines are equipped with them in the MX, SX and Enduro fields.</li></ul> </body> </html>","       Hinson clutch components are developed and manufactured in the United States and work to improve the performance of your clutch. They offer a better riding feel as well as better resistance during intensive use.   Clutch gasket More resistant than the first set-up Delivered as a single unit Designed for competition preparation Hinson components set a benchmark in terms of clutches, which is why numerous engines are equipped with them in the MX, SX and Enduro fields.  ",VEHICLE PARTS & ACCESSORIES,ENGINE PARTS,ENG. CLUTCH,2585,635,180,173,83,,,https://api.mybihr.com/medias/800Wx800H-1010991-1.jpg?context=bWFzdGVyfHJvb3R8MTM0NDk1fGltYWdlL2pwZWd8YUdKbEwyaG1NUzg0TVRjeU16UTRPVGszTmpNMU1DODRNREJYZURnd01FaGZNVEF4TURrNU1TMHhMbXB3Wnd8ZDhkYTRiZDIxZDMxMmU5NWQ1NTk5ZTVmMGEzZWJiMWYwZTBkY2IxNjQyMWNjYTVlZTU3MzcyZWZmMWVlM2JhMA,,,https://static.bihr.pro/eBihr/Pictures/HINSON-pictures.zip,Spain Warehouse (Parts)
1010993,124918,H313,HINSON,HINSO BASKET CLUTCH,Campana de embrague HINSON aluminio - Yamaha,356.95,295.00,206.50,400010402201,0,8483608090,0,1,"<html> <head> <meta http-equiv=""Content-Type"" content=""text/html ; charset=utf-8""><title> </title> <style type=""text/css"">.cs95E872D0{text-align:left ; margin:0pt 0pt 0pt 0pt ; }.csA7555675{color:#000 ; background-color:transparent ; font-weight:normal ; font-style:normal ; }.cs4FC7BF42{text-align:left ; margin:0pt 0pt 0pt 0pt ; list-style-type:disc ; color:#000 ; background-color:transparent ; font-weight:normal ; font-style:normal ; }</style> </head> <body> <p>Hinson clutch components are developed and manufactured in the United States and work to improve the performance of your clutch. They offer a better riding feel as well as better resistance during intensive use. </p><p> </p><ul> <li>Clutch gasket </li><li>More resistant than the first set-up </li><li>Delivered as a single unit </li><li>Designed for competition preparation </li><li>Hinson components set a benchmark in terms of clutches, which is why numerous engines are equipped with them in the MX, SX and Enduro fields.</li></ul> </body> </html>","       Hinson clutch components are developed and manufactured in the United States and work to improve the performance of your clutch. They offer a better riding feel as well as better resistance during intensive use.   Clutch gasket More resistant than the first set-up Delivered as a single unit Designed for competition preparation Hinson components set a benchmark in terms of clutches, which is why numerous engines are equipped with them in the MX, SX and Enduro fields.  ",VEHICLE PARTS & ACCESSORIES,ENGINE PARTS,ENG. CLUTCH,2628,737,174,182,83,,,https://api.mybihr.com/medias/800Wx800H-1010993-1.jpg?context=bWFzdGVyfHJvb3R8MjI3Mzc3fGltYWdlL2pwZWd8YURFeUwyZzNaQzg0TVRjeU16UTVOamMxT1RNeU5pODRNREJYZURnd01FaGZNVEF4TURrNU15MHhMbXB3Wnd8OTU5OGE4ZWU5NGY1ZThiY2YzNWE4NWNhNGI3NjQ0ZThjNzRiNzQwZDdmZWUyMDhkZTc3ZTZmOTFiOGZlYTE4ZQ,https://api.mybihr.com/medias/800Wx800H-1010993-2.jpg?context=bWFzdGVyfHJvb3R8NDMzNzQwfGltYWdlL2pwZWd8YURsbUwyaGpaUzg0TVRjeU16UTVOekF5TVRRM01DODRNREJYZURnd01FaGZNVEF4TURrNU15MHlMbXB3Wnd8YzBiNzNlNzMzNGRjNDIyYTgwZDJjMGExYjAyM2EyYzc3YzUxODA4YjYxYmNkNGUzMzRjNDEyNzIyODUxZWIzMw,,https://static.bihr.pro/eBihr/Pictures/HINSON-pictures.zip,Spain Warehouse (Parts)
1011096,124990,04014-03-T,HINSON,HINSO SPAREPARTS SCREW,"Tornillos para campana de embrague HINSON (ref. 124914), WRF450/YZF450",1.03,0.85,0.60,04014-03-T,8,8483608090,0,1,Hinson replacement part are used when reconditioning the brand's clutch basket.,Hinson replacement part are used when reconditioning the brand's clutch basket.,VEHICLE PARTS & ACCESSORIES,ENGINE PARTS,ENG. CLUTCH,2,100,20,10,10,,,https://api.mybihr.com/medias/1011096-1-800Wx800H?context=bWFzdGVyfHJvb3R8MTM1MjE2fGltYWdlL2pwZWd8YURFM0wyaGlZeTg0T1RVek1qWTBOalk0TnpBeUx6RXdNVEV3T1RZdE1WODRNREJYZURnd01FZ3wzM2IzNzMyZGZiZTYwZWQ3ZWYxYTcwOGJiZmY3YmZlMjBjOTlmNzVmOTI3ZGUwZTYxZmNhNTZlOTdiMjdiNWYy,,,https://static.bihr.pro/eBihr/Pictures/HINSON-pictures.zip,Spain Warehouse (Parts)
1011097,127163,04069-01,HINSON,HINSO SPAREPARTS SCREW,"Tornillos para campana de embrague HINSON (ref. 124909), Yamaha WR250F - YZ250F",1.38,1.14,0.80,04069-01,0,8483608090,0,1,Hinson replacement part are used when reconditioning the brand's clutch basket.,Hinson replacement part are used when reconditioning the brand's clutch basket.,VEHICLE PARTS & ACCESSORIES,ENGINE PARTS,ENG. CLUTCH,1,100,10,10,10,,,https://api.mybihr.com/medias/1011097-1-800Wx800H?context=bWFzdGVyfHJvb3R8MTM1MjE2fGltYWdlL2pwZWd8YURoakwyaG1aQzg1TURFeU5EWTNNekF5TkRNd0x6RXdNVEV3T1RjdE1WODRNREJYZURnd01FZ3xjNjEzN2VkMWQ1NzczODE4MmJkMzhlMDA3NjZlNWFiNGQ2Yzc2MGJhZDIxZmM4ODk5NmQ2NzUzYzg0NjUxY2I1,,,https://static.bihr.pro/eBihr/Pictures/HINSON-pictures.zip,Spain Warehouse (Parts)
1011098,19700047,04069-02,HINSON,HINSO SPAREPARTS SCREW,"Tornillos para campana de embrague HINSON, Yamaha YFZ450R",1.38,1.14,0.80,04069-02,0,8483608090,0,1,"Technical Part, please contract our After-Sales Service to have the specific reference you need.","Technical Part, please contract our After-Sales Service to have the specific reference you need.",VEHICLE PARTS & ACCESSORIES,ENGINE PARTS,ENG. CLUTCH,1,100,10,10,10,,,https://api.mybihr.com/medias/1011098-1-800Wx800H?context=bWFzdGVyfHJvb3R8ODQ1MjN8aW1hZ2UvanBlZ3xhREZtTDJobU9TODVNREV5TkRZM05EazVNRE00THpFd01URXdPVGd0TVY4NE1EQlhlRGd3TUVnfDFiMDdlZTE0ZTc0YWU1NDE4ODg3YTk5NDBlZjYyOGYwYjVhNWNmNTVmYmNhZjRmODgyNWM1Yjk5YTE4MjcwZGY,,,https://static.bihr.pro/eBihr/Pictures/HINSON-pictures.zip,Spain Warehouse (Parts)
1011101,121833,BP197,HINSON,HINSO SPAREPARTS REAR PLATE,Placa de soporte para campana de embrague HINSON con tornillos - Honda,65.49,54.12,37.88,BP197,0,8483608090,0,1,"<p>This Hinson replacement part is used when reconditioning the clutch basket.</p>
<ul>
<li>Replacement backing plate and hardware for your Hinson Clutch Basket.</li>
<li>Hinson genuine product to change gear or service cushions on your Billetproof&reg; or Momentum Clutch Basket.</li>
<li>Made In The USA</li>
</ul>","
This Hinson replacement part is used when reconditioning the clutch basket.

Replacement backing plate and hardware for your Hinson Clutch Basket.
Hinson genuine product to change gear or service cushions on your Billetproof® or Momentum Clutch Basket.
Made In The USA
",VEHICLE PARTS & ACCESSORIES,ENGINE PARTS,ENG. CLUTCH,365,125,206,197,9,,,https://api.mybihr.com/medias/1011101-1-800Wx800H?context=bWFzdGVyfHJvb3R8NDQ0Njd8aW1hZ2UvanBlZ3xhRFl5TDJoa01DOHhNakUyTlRNek5ESXdORFEwTmk4eE1ERXhNVEF4TFRGZk9EQXdWM2c0TURCSXwxYjFhODdjZGJiN2ZmNjkzNDY2ODU4ZjE0OWU4NTc5ZDI4OTYzYzRlNzJjNjQxNjc4NTdmNzliYzQwNjEyYzVi,,,https://static.bihr.pro/eBihr/Pictures/HINSON-pictures.zip,Spain Warehouse (Parts)
1011102,123988,BP217,HINSON,HINSO SPAREPARTS REAR PLATE,"Kit de disco de refuerzo + tornillos para campana de embrague HINSON (ref. 123907), Kawasaki KX250F",65.49,54.12,37.88,BP217,0,8483608090,0,1,<ul> <li>Hinson Spare part</li> <li>Avalaible only by supplier order</li></ul>," Hinson Spare part Avalaible only by supplier order",VEHICLE PARTS & ACCESSORIES,ENGINE PARTS,ENG. CLUTCH,1,100,10,10,10,,,https://api.mybihr.com/medias/1011102-1-800Wx800H?context=bWFzdGVyfHJvb3R8NDA4MDl8aW1hZ2UvanBlZ3xhREZtTDJnMllpODRPVE00TWpRNU9ERTBNRFEyTHpFd01URXhNREl0TVY4NE1EQlhlRGd3TUVnfDYwYzc3NTI3YmI1NmZjYmYwZjBlMjM2YWM5MTI1OWM0MTBlYjI1YTUzMDc5ZWE1ZmQ2OGVkZTZhMTk4NWJhMWM,,,https://static.bihr.pro/eBihr/Pictures/HINSON-pictures.zip,Spain Warehouse (Parts)
1011087,19700010,H472-PP-1801,HINSON,HINSO PLATE PRESSURE,"Plato de presión HINSON, aluminio, KTM/Husqvarna",273.46,226.00,158.20,H472-PP-1801,1,8483608090,0,1,"<p><br>Long and close collaborations with the best riders of the more prestigious teams has enabled Hinson to develop a complete range of clutch plates, hubs and gaskets.</p>
<p>Cut from high-quality aluminium block, they undergo thermal treatment followed by anodization, giving them a hardness and resistance that is better suited to the extreme conditions of MX and SX.</p>
<p>Put to the test during starts and jump shock absorption, they are much more resistant to wear and marks caused by the clutch and friction plates.</p>
<ul>
<li>Better clutch feeling</li>
<li>Increases clutch life</li>
<li>Improves heat dissipation</li>
<li>5 times more resistant than the original</li>
<li>Ultra lightweight</li>
</ul>","
Long and close collaborations with the best riders of the more prestigious teams has enabled Hinson to develop a complete range of clutch plates, hubs and gaskets.

Cut from high-quality aluminium block, they undergo thermal treatment followed by anodization, giving them a hardness and resistance that is better suited to the extreme conditions of MX and SX.

Put to the test during starts and jump shock absorption, they are much more resistant to wear and marks caused by the clutch and friction plates.

Better clutch feeling
Increases clutch life
Improves heat dissipation
5 times more resistant than the original
Ultra lightweight
",VEHICLE PARTS & ACCESSORIES,ENGINE PARTS,ENG. CLUTCH,2641,272,172,185,83,,,https://api.mybihr.com/medias/1011087-1-800Wx800H?context=bWFzdGVyfHJvb3R8NzEwNzV8aW1hZ2UvanBlZ3xhRFF5TDJobU9TODRPVEkyT1RRek1URTNNelF5THpFd01URXdPRGN0TVY4NE1EQlhlRGd3TUVnfDFjZGE0ODc2YTc2OGJjMzZhM2EwMDBlYzFhZTNlNjJhZTY1ZjczZmZlYWZhMDgzOTk5YjRhNjdmMmVkNzI4OGE,,,https://static.bihr.pro/eBihr/Pictures/HINSON-pictures.zip,Spain Warehouse (Parts)
1010999,121930,H489,HINSON,HINSO BASKET CLUTCH,Campana de embrague HINSON aluminio con gomas amortiguadoras y engranaje de arranque,429.55,355.00,248.50,H489,1,8483608090,0,1,"<html> <head> <meta http-equiv=""Content-Type"" content=""text/html ; charset=utf-8""><title> </title> <style type=""text/css"">.cs95E872D0{text-align:left ; margin:0pt 0pt 0pt 0pt ; }.csA7555675{color:#000 ; background-color:transparent ; font-weight:normal ; font-style:normal ; }.cs4FC7BF42{text-align:left ; margin:0pt 0pt 0pt 0pt ; list-style-type:disc ; color:#000 ; background-color:transparent ; font-weight:normal ; font-style:normal ; }</style> </head> <body> <p>Hinson clutch components are developed and manufactured in the United States and work to improve the performance of your clutch. They offer a better riding feel as well as better resistance during intensive use. </p><p> </p><ul> <li>Clutch gasket </li><li>More resistant than the first set-up </li><li>Delivered as a single unit </li><li>Designed for competition preparation </li><li>Hinson components set a benchmark in terms of clutches, which is why numerous engines are equipped with them in the MX, SX and Enduro fields.</li></ul> </body> </html>","       Hinson clutch components are developed and manufactured in the United States and work to improve the performance of your clutch. They offer a better riding feel as well as better resistance during intensive use.   Clutch gasket More resistant than the first set-up Delivered as a single unit Designed for competition preparation Hinson components set a benchmark in terms of clutches, which is why numerous engines are equipped with them in the MX, SX and Enduro fields.  ",VEHICLE PARTS & ACCESSORIES,ENGINE PARTS,ENG. CLUTCH,2546,791,185,172,80,,,https://api.mybihr.com/medias/1010999-1-800Wx800H?context=bWFzdGVyfHJvb3R8MjcxOTJ8aW1hZ2UvanBlZ3xhR0l5TDJoaVlTODRPVEkyTnpFME9ESXlOamcyTHpFd01UQTVPVGt0TVY4NE1EQlhlRGd3TUVnfDRlZTUzMjgyY2RhZWE5M2IwZjQ0ZTkzMmNjMzFkZTlmZGFjNjMwMjk0MGVhZDFhYzczYzVlYTVhNTkxODRmZGY,,,https://static.bihr.pro/eBihr/Pictures/HINSON-pictures.zip,Spain Warehouse (Parts)
1011001,124993,H541,HINSON,HINSO BASKET CLUTCH,Campana de embrague HINSON aluminio - Yamaha YZ250F,392.62,324.48,227.14,H541,0,8483608090,0,1,"<html> <head> <meta http-equiv=""Content-Type"" content=""text/html ; charset=utf-8""><title> </title> <style type=""text/css"">.cs95E872D0{text-align:left ; margin:0pt 0pt 0pt 0pt ; }.cs1769A51A{color:#000 ; background-color:transparent ; font-weight:normal ; font-style:normal ; }.csAE907B69{text-align:left ; margin:0pt 0pt 0pt 0pt ; list-style-type:disc ; color:#000 ; background-color:transparent ; font-weight:normal ; font-style:normal ; }</style> </head> <body> <p>Hinson clutch components are developed and manufactured in the United States and work to improve the performance of your clutch. They offer a better riding feel as well as better resistance during intensive use. </p><p> </p><ul> <li>Clutch gasket </li><li>More resistant than the first set-up </li><li>Delivered with cushions</li><li>Designed for competition preparation </li><li>Hinson components set a benchmark in terms of clutches, which is why numerous engines are equipped with them in the MX, SX and Enduro fields.</li></ul> </body> </html>","       Hinson clutch components are developed and manufactured in the United States and work to improve the performance of your clutch. They offer a better riding feel as well as better resistance during intensive use.   Clutch gasket More resistant than the first set-up Delivered with cushionsDesigned for competition preparation Hinson components set a benchmark in terms of clutches, which is why numerous engines are equipped with them in the MX, SX and Enduro fields.  ",VEHICLE PARTS & ACCESSORIES,ENGINE PARTS,ENG. CLUTCH,2613,671,173,182,83,,,https://api.mybihr.com/medias/1011001-1-800Wx800H?context=bWFzdGVyfHJvb3R8MzUyNDd8aW1hZ2UvanBlZ3xhREZsTDJnMVppODRPRGN6TkRRME1UYzVPVGs0THpFd01URXdNREV0TVY4NE1EQlhlRGd3TUVnfGU5NGVmZWY2ZDY1ZGZlYjQxYjc4MWUzNzhjNDc2ODYwMDNjZmQwNWM2MDk2ZWQ2OGZhYWY1ZjUyNDYyYTZjMGQ,,,https://static.bihr.pro/eBihr/Pictures/HINSON-pictures.zip,Spain Warehouse (Parts)
1011100,124924,BP016,HINSON,HINSO SPAREPARTS REAR PLATE,"Kit de disco de refuerzo + tornillos para campana de embrague HINSON (ref. 124903), Yamaha YFZ350",65.49,54.12,37.88,BP016,0,8483608090,0,1,<ul> <li>Hinson spare part</li> <li>Avalaible only by supplier order</li></ul>," Hinson spare part Avalaible only by supplier order",VEHICLE PARTS & ACCESSORIES,ENGINE PARTS,ENG. CLUTCH,351,234,163,154,14,,,https://api.mybihr.com/medias/1011100-1-800Wx800H?context=bWFzdGVyfHJvb3R8NDg1MjR8aW1hZ2UvanBlZ3xhR0l4TDJnM1pTODRPVEE0Tmpjek56UTBPVEkyTHpFd01URXhNREF0TVY4NE1EQlhlRGd3TUVnfDQ3ZmZlNjJjZjgzMjNmODdkN2RiNTA0NWJkNmVlNjNiMDcwNzVmMzA5NTY3OTY3ZmYxNGZhOWMzNjAzZmVlMjY,,,https://static.bihr.pro/eBihr/Pictures/HINSON-pictures.zip,Spain Warehouse (Parts)
1011103,122915,BP263,HINSON,HINSO SPAREPARTS REAR PLATE,Placa de soporte para campana de embrague HINSON con tornillos - Kawasaki,65.49,54.12,37.88,400090200201,0,8483608090,0,1,"<p>This Hinson replacement part is used when reconditioning the clutch basket.</p>
<ul>
<li>Replacement backing plate and hardware for your Hinson Clutch Basket.</li>
<li>Hinson genuine product to change gear or service cushions on your Billetproof&reg; or Momentum Clutch Basket.</li>
<li>Made In The USA</li>
</ul>","
This Hinson replacement part is used when reconditioning the clutch basket.

Replacement backing plate and hardware for your Hinson Clutch Basket.
Hinson genuine product to change gear or service cushions on your Billetproof® or Momentum Clutch Basket.
Made In The USA
",VEHICLE PARTS & ACCESSORIES,ENGINE PARTS,ENG. CLUTCH,378,134,210,200,9,,,https://api.mybihr.com/medias/1011103-1-800Wx800H?context=bWFzdGVyfHJvb3R8NDA4MDl8aW1hZ2UvanBlZ3xhRGt4TDJneVppODRPVFV6TVRBeU1UY3lNVGt3THpFd01URXhNRE10TVY4NE1EQlhlRGd3TUVnfDUxODA4MWE5Nzc0NzA5NGU1OTg5NmZmMTRkODUyNGUyY2Q3M2U4MjM4NTE0ZGNiZjYwODMwNGFkMGUzZmVlNWM,,,https://static.bihr.pro/eBihr/Pictures/HINSON-pictures.zip,Spain Warehouse (Parts)
1011104,129911,BP270,HINSON,HINSO SPAREPARTS REAR PLATE,"Kit HINSON disco de refuerzo + tornillos de embrague, KTM EXC450",65.49,54.12,18.88,BP270,3,8483608090,0,1,<ul><li>Hinson spare part</li><li>Back plate and screws</li><li>129906 specific for basket</li></ul>,Hinson spare partBack plate and screws129906 specific for basket,VEHICLE PARTS & ACCESSORIES,ENGINE PARTS,ENG. CLUTCH,518,121,216,200,12,,,https://api.mybihr.com/medias/1011104-1-800Wx800H?context=bWFzdGVyfHJvb3R8NDA4MDl8aW1hZ2UvanBlZ3xhREU0TDJnek5DODRPVEkyTXpZNE56a3lOakEyTHpFd01URXhNRFF0TVY4NE1EQlhlRGd3TUVnfDI5M2EzMTc1ODMzZjJjNDcxZTI1OWExOTU3MGFjZDRiOTNlNzk5MTA1NWRhNjAyMDFkMWZkMmQxZDFkYWMyZWE,,,https://static.bihr.pro/eBihr/Pictures/HINSON-pictures.zip,Spain Warehouse (Parts)
1011105,121999,CS189-6-0515,HINSON,HINSO SPAREPARTS SPRING,Kit de muelles de embrague HINSON Hi-Temp,91.65,75.74,53.02,CS189-6-0515,0,8483608090,0,1,"Hinson replacement clutch springs are intended for use in reconditioning of your assembly, to make it as efficient as possible.","Hinson replacement clutch springs are intended for use in reconditioning of your assembly, to make it as efficient as possible.",VEHICLE PARTS & ACCESSORIES,ENGINE PARTS,ENG. CLUTCH,363,104,114,86,37,,,https://api.mybihr.com/medias/1011105-1-800Wx800H?context=bWFzdGVyfHJvb3R8NTI3ODd8aW1hZ2UvanBlZ3xhRFF5TDJoa01pODRPVEF4TURrME16UXlOamcyTHpFd01URXhNRFV0TVY4NE1EQlhlRGd3TUVnfGY0MTQzYmM3YTBiZmEzYjIwOTg2MDg1ZTU3Nzk3OWFmYTk4ZTU4N2Y3MTFmODVkYjUxNTRiNjZmYmFhYTcxN2Y,,,https://static.bihr.pro/eBihr/Pictures/HINSON-pictures.zip,Spain Warehouse (Parts)
1011106,122999,CS189-6-0613,HINSON,HINSO SPAREPARTS SPRING,Kit de muelles de embrague HINSON Hi-Temp,96.80,80.00,56.00,CS189-6-0613,0,8483608090,0,1,"Hinson replacement clutch springs are intended for use in reconditioning of your assembly, to make it as efficient as possible.","Hinson replacement clutch springs are intended for use in reconditioning of your assembly, to make it as efficient as possible.",VEHICLE PARTS & ACCESSORIES,ENGINE PARTS,ENG. CLUTCH,363,104,114,86,37,,,https://api.mybihr.com/medias/1011106-1-800Wx800H?context=bWFzdGVyfHJvb3R8NTI3ODd8aW1hZ2UvanBlZ3xhR1V6TDJnMk5DODRPVEF3T1Rjd01UZzBOek0wTHpFd01URXhNRFl0TVY4NE1EQlhlRGd3TUVnfDBhMWQwN2M3MTliNmEwMDVlNWI5ZmE1OGZhY2M2MGVhNGRlZDk2YTAwZTVjYTUwN2QxNTYyMTU1NzNhMDk3OGE,,,https://static.bihr.pro/eBihr/Pictures/HINSON-pictures.zip,Spain Warehouse (Parts)
1011107,110646,CS294-5-0109,HINSON,HINSO SPAREPARTS SPRING,Kit de muelles de embrague HINSON Hi-Temp,84.70,70.00,49.00,CS294-5-0109,0,8483608090,0,1,Hinson high-performance heavy-duty clutch springs are used when replacing manufacturer clutch basket components.,Hinson high-performance heavy-duty clutch springs are used when replacing manufacturer clutch basket components.,VEHICLE PARTS & ACCESSORIES,ENGINE PARTS,ENG. CLUTCH,483,86,200,142,17,,,https://api.mybihr.com/medias/1011107-1-800Wx800H?context=bWFzdGVyfHJvb3R8NTI3ODd8aW1hZ2UvanBlZ3xhRFpqTDJoaU55ODRPVFV6TWprek16Y3pORGN3THpFd01URXhNRGN0TVY4NE1EQlhlRGd3TUVnfDc2NGJiMzBlMDUwNTFjMzM1NmE2MjEwZDQyZjM4Yjg5NjYxYjgzY2ZmZDExMmRmNDc3OWJiN2YyNDE3ZWFlNDc,,,https://static.bihr.pro/eBihr/Pictures/HINSON-pictures.zip,Spain Warehouse (Parts)
1011108,124992,CS341-5-0311,HINSON,HINSO SPAREPARTS SPRING CLUTCH BASKET,"Muelles de embrague para campana de embrague HINSON (ref. 124909), Yamaha WR250F/YZ250F",84.70,70.00,49.00,CS341-5-0311,0,8483608090,0,1,"<html xmlns=""http://www.w3.org/1999/xhtml""> <head> <meta http-equiv=""Content-Type"" content=""text/html ; charset=utf-8""><title> </title> <style type=""text/css""> .cs37063928{text-align:left ; margin:0pt 0pt 0pt 0pt ; list-style-type:disc ; color:#000000 ; background-color:transparent ; font-family:Arial ; font-size:12pt ; font-weight:normal ; font-style:normal} .cs63EB74B2{color:#000000 ; background-color:transparent ; font-family:Times New Roman ; font-size:12pt ; font-weight:normal ; font-style:normal ; } </style> </head> <body> <ul> <li>Hinson spare part</li><li>Avalaible only by supplier order</li></ul> </body> </html>","        Hinson spare partAvalaible only by supplier order  ",VEHICLE PARTS & ACCESSORIES,ENGINE PARTS,ENG. CLUTCH,1,100,10,10,10,,,https://api.mybihr.com/medias/1011108-1-800Wx800H?context=bWFzdGVyfHJvb3R8NTI3ODd8aW1hZ2UvanBlZ3xhR0V6TDJnellpODRPVEE1TWpBd01EWTBOVFF5THpFd01URXhNRGd0TVY4NE1EQlhlRGd3TUVnfGE1MmZhYWUxZDcyYzQ0NTJiNWNmYzQ0MThkMDExNjJlNjI3OTQzYmEzNWQyZjgzOTZiYzk2ZTEzOGRmMDM1OGU,,,https://static.bihr.pro/eBihr/Pictures/HINSON-pictures.zip,Spain Warehouse (Parts)
1011109,127044,EPK494,HINSON,HINSO SPAREPARTS COVER CAP,"Kit HINSON de tapón de motor, Honda CRF250R 2004-2017",91.65,75.74,53.02,EPK494,0,8483608090,0,1,<ul><li>Hinson spare part</li><li>For reconditioning the case cover </li><li>Case cover for 127031</li></ul>,Hinson spare partFor reconditioning the case cover Case cover for 127031,VEHICLE PARTS & ACCESSORIES,ENGINE PARTS,ENG. CLUTCH,302,60,115,69,38,,,https://api.mybihr.com/medias/1011109-1-800Wx800H?context=bWFzdGVyfHJvb3R8MjkwMjB8aW1hZ2UvanBlZ3xhRFV5TDJobU5pODRPRGN6TXpVNE16a3pNemMwTHpFd01URXhNRGt0TVY4NE1EQlhlRGd3TUVnfDUxY2ExMmM2ZDM3MWJkZGRjZTI0NmRmYzE1ZGVmODY2Zjk1MWFjM2EzMGU1MDc2NDkzMTZjNWU5NGRmZTgzNTg,,,https://static.bihr.pro/eBihr/Pictures/HINSON-pictures.zip,Spain Warehouse (Parts)
1011110,127026,HSC04014-01,HINSON,HINSO SPAREPARTS COUNTERSUNK SCREW,"Tornillos HINSON cabeza avellanada, Ø6 mm, longitud de 12,5 mm",2.93,2.42,1.69,HSC04014-01,2,8483608090,0,1,Sold as a single unit,Sold as a single unit,VEHICLE PARTS & ACCESSORIES,ENGINE PARTS,ENG. CLUTCH,128,5,150,85,10,,,,,,https://static.bihr.pro/eBihr/Pictures/HINSON-pictures.zip,Spain Warehouse (Parts)
1011042,124952,H025,HINSON,HINSO CLUTCH INNER HUB,Maza de embrague HINSON - Yamaha YFZ350 Banshee (87-09),429.99,355.36,248.75,4000304001013,1,8483608090,0,1,"<p><strong>Maza de embrague&nbsp;Billetproof</strong></p>
<ul>
<li>Los embragues Hinson han sido probados en campeonatos por casi todos los grandes equipos de f&aacute;brica y pilotos del mundo, como Eli Tomac, Ken Roczen, Cooper Webb, Tim Gajser, Jeffrey Herlings, Jeremy Seewer, Chase Sexton y Joey Savatgy.</li>
<li>Mejora el rendimiento y la vida &uacute;til del embrague</li>
<li>Mejora la disipaci&oacute;n del calor</li>
<li>Mecanizado con precisi&oacute;n a partir de una pieza de aluminio billet T-6 de calidad aeron&aacute;utica con tolerancias aeroespaciales, y con revestimiento duro para una resistencia al desgaste cinco veces superior a la de serie* (*con el mantenimiento adecuado)</li>
<li>Permite que el conjunto del embrague gire con m&aacute;s precisi&oacute;n, lo que reduce el calor cuando el embrague est&aacute; desembragado</li>
<li>Cuando se utiliza con la campana de embrague y el plato de presi&oacute;n de Hinson Clutch Components, ayuda a eliminar la vibraci&oacute;n del embrague</li>
</ul>","
Maza de embrague Billetproof

Los embragues Hinson han sido probados en campeonatos por casi todos los grandes equipos de fábrica y pilotos del mundo, como Eli Tomac, Ken Roczen, Cooper Webb, Tim Gajser, Jeffrey Herlings, Jeremy Seewer, Chase Sexton y Joey Savatgy.
Mejora el rendimiento y la vida útil del embrague
Mejora la disipación del calor
Mecanizado con precisión a partir de una pieza de aluminio billet T-6 de calidad aeronáutica con tolerancias aeroespaciales, y con revestimiento duro para una resistencia al desgaste cinco veces superior a la de serie* (*con el mantenimiento adecuado)
Permite que el conjunto del embrague gire con más precisión, lo que reduce el calor cuando el embrague está desembragado
Cuando se utiliza con la campana de embrague y el plato de presión de Hinson Clutch Components, ayuda a eliminar la vibración del embrague
",VEHICLE PARTS & ACCESSORIES,ENGINE PARTS,ENG. CLUTCH,2628,550,182,174,83,,,https://api.mybihr.com/medias/800Wx800H-1011042-1.jpg?context=bWFzdGVyfHJvb3R8NzMzMzZ8aW1hZ2UvanBlZ3xhRGxpTDJnek5TODJNekEyTURVeE1UY3hPVFExTkM4NE1EQlhlRGd3TUVoZk1UQXhNVEEwTWkweExtcHdad3wxODQ1YzU2YzlkMDNmYTlmNTQ1NmMxZTk4OTBhYmMyYTE4Y2QyNmY1ZGNlNDViOTBiZGZmZDQwMTk4M2E5ODRk,https://api.mybihr.com/medias/800Wx800H-1011042-2.jpg?context=bWFzdGVyfHJvb3R8NTkwMTh8aW1hZ2UvanBlZ3xhREE1TDJneVpTODJNekEyTURVeE1UazRNVFU1T0M4NE1EQlhlRGd3TUVoZk1UQXhNVEEwTWkweUxtcHdad3wyZDRiYjkxYmFmZjIyMTdlNGQxN2VmYzdhZjc3ODIyYzVmNmU1ZGIzYzkyZTFhZWRlOTY4ZWM5N2FkMWM0M2E0,,https://static.bihr.pro/eBihr/Pictures/HINSON-pictures.zip,Spain Warehouse (Parts)
1011043,123968,H031,HINSON,HINSO CLUTCH INNER HUB,Maza de embrague + plato de presión HINSON - Kawasaki KX125,689.70,570.00,399.00,H031,0,8483608090,0,1,,,VEHICLE PARTS & ACCESSORIES,ENGINE PARTS,ENG. CLUTCH,2597,855,183,171,83,,,https://api.mybihr.com/medias/1011043-1-800Wx800H?context=bWFzdGVyfHJvb3R8MjE3MjF8aW1hZ2UvanBlZ3xhRFV6TDJnNU55ODRPVEF4TXpneE1qa3lNRFl5THpFd01URXdORE10TVY4NE1EQlhlRGd3TUVnfGU2OTJhZTdhOTNjNjViODk1ODM0Y2UxYmRkODk0MjBhNzg3YTQ4OTQ5MGRlZjQ1YmYwZGJiNWJjNTE0MDk0OTk,,,https://static.bihr.pro/eBihr/Pictures/HINSON-pictures.zip,Spain Warehouse (Parts)
1010961,124903,H016,HINSON,HINSO BASKET CLUTCH,Campana de embrague HINSON con gomas amortiguadoras - Yamaha YFZ350 Banshee,411.40,340.00,238.00,4000104001015,0,8483608090,0,1,"<html> <head> <meta http-equiv=""Content-Type"" content=""text/html ; charset=utf-8""><title> </title> <style type=""text/css"">.cs95E872D0{text-align:left ; margin:0pt 0pt 0pt 0pt ; }.csA7555675{color:#000 ; background-color:transparent ; font-weight:normal ; font-style:normal ; }.cs4FC7BF42{text-align:left ; margin:0pt 0pt 0pt 0pt ; list-style-type:disc ; color:#000 ; background-color:transparent ; font-weight:normal ; font-style:normal ; }</style> </head> <body> <p>Hinson clutch components are developed and manufactured in the United States and work to improve the performance of your clutch. They offer a better riding feel as well as better resistance during intensive use. </p><p> </p><ul> <li>Clutch gasket </li><li>More resistant than the first set-up </li><li>Delivered as a single unit </li><li>Designed for competition preparation </li><li>Hinson components set a benchmark in terms of clutches, which is why numerous engines are equipped with them in the MX, SX and Enduro fields.</li></ul> </body> </html>","       Hinson clutch components are developed and manufactured in the United States and work to improve the performance of your clutch. They offer a better riding feel as well as better resistance during intensive use.   Clutch gasket More resistant than the first set-up Delivered as a single unit Designed for competition preparation Hinson components set a benchmark in terms of clutches, which is why numerous engines are equipped with them in the MX, SX and Enduro fields.  ",VEHICLE PARTS & ACCESSORIES,ENGINE PARTS,ENG. CLUTCH,2628,860,174,182,83,,,https://api.mybihr.com/medias/1010961-1-800Wx800H?context=bWFzdGVyfHJvb3R8MzU1NDd8aW1hZ2UvanBlZ3xhREExTDJneE9DODRPVEF4TWpJNU5URXdOamcyTHpFd01UQTVOakV0TVY4NE1EQlhlRGd3TUVnfGM3MjJkNWIyZmZiMTc5NmU5Nzk2Y2ZkYjBkODY3YzI0NWJhYjI4MWE2NzQ0OTkwNjQ2YzYxMmNlYmRlMDZkODA,,,https://static.bihr.pro/eBihr/Pictures/HINSON-pictures.zip,Spain Warehouse (Parts)
1109498,,FP058-8-001,HINSON,HINSO FIBRE PLATE KIT SET OF 8,Kit de discos de embrague HINSON,157.30,130.00,91.00,FP058-8-001,2,8483608090,0,1,"<p>Hinson Clutches are championship proven by almost every major factory team and rider in the world, including Eli Tomac, Ken Roczen, Cooper Webb, Tim Gajser, Jeffrey Herlings, Jeremy Seewer, Chase Sexton, &amp; Joey Savatgy.</p>
<ul>
<li>Provide optimum hook up with minimum heat build up</li>
<li>Exceptional production tolerances and flatness</li>
<li>Fiber plates use organic non-abrasive materials to avoid damage to rest of motor as plate materials break down and are circulated through engine by oil.</li>
<li>Developed with and recommended to enhance the performance of Hinson Clutch Baskets, Inner Hubs, and Pressure Plates</li>
<li>Manufactured to OE specs using high quality materials</li>
<li>Can be used with OE baskets, inner hubs, &amp; pressure plates* (*some models may vary)</li>
</ul>","
Hinson Clutches are championship proven by almost every major factory team and rider in the world, including Eli Tomac, Ken Roczen, Cooper Webb, Tim Gajser, Jeffrey Herlings, Jeremy Seewer, Chase Sexton, & Joey Savatgy.

Provide optimum hook up with minimum heat build up
Exceptional production tolerances and flatness
Fiber plates use organic non-abrasive materials to avoid damage to rest of motor as plate materials break down and are circulated through engine by oil.
Developed with and recommended to enhance the performance of Hinson Clutch Baskets, Inner Hubs, and Pressure Plates
Manufactured to OE specs using high quality materials
Can be used with OE baskets, inner hubs, & pressure plates* (*some models may vary)
",VEHICLE PARTS & ACCESSORIES,ENGINE PARTS,ENG. CLUTCH,1825,381,205,168,53,,,https://api.mybihr.com/medias/1109498-1-800Wx800H?context=bWFzdGVyfHJvb3R8ODI5OTd8aW1hZ2UvanBlZ3xhR1V5TDJnMVpTOHhNakUyTlRNek5UUTRNak01T0M4eE1UQTVORGs0TFRGZk9EQXdWM2c0TURCSXwzNzkyYWM3NWY2MmMwNTQ5MWE2NzcxZjFkNTYwZGEzMDdjODcwMDVmMGY0M2ViMDgzOGZhOTdmZTA1MTY2NDli,,,https://static.bihr.pro/eBihr/Pictures/HINSON-pictures.zip,Spain Warehouse (Parts)
1120764,,H257-IH-2102,HINSON,HINSO INNER HUB,Maza de embrague HINSON,423.50,350.00,245.00,,4,8483608090,0,1,"<p>Los embragues Hinson han sido probados en campeonatos por casi todos los principales equipos de competición y pilotos del mundo, como Eli Tomac, Ken Roczen, Cooper Webb, Tim Gajser, Jeffrey Herlings, Jeremy Seewer, Chase Sexton y Joey Savatgy.</p>
<ul>
	<li>Mejora el rendimiento y la vida del embrague</li>
	<li>Mejora la disipación del calor</li>
	<li>Mecanizado con precisión a partir de aluminio billet T-6 de calidad aeronáutica con tolerancias aeroespaciales, y con revestimiento duro para una resistencia al desgaste cinco veces superior a la de serie* (*con el mantenimiento adecuado)</li>
	<li>Permite que el conjunto de embrague gire más verdadero creando menos calor cuando el embrague está desembragado</li>
	<li>Cuando se utiliza con la cesta de embrague y el plato de presión de Hinson Clutch Components ayuda a eliminar la vibración del embrague</li>
</ul>
","
Los embragues Hinson han sido probados en campeonatos por casi todos los principales equipos de competición y pilotos del mundo, como Eli Tomac, Ken Roczen, Cooper Webb, Tim Gajser, Jeffrey Herlings, Jeremy Seewer, Chase Sexton y Joey Savatgy.

	Mejora el rendimiento y la vida del embrague
	Mejora la disipación del calor
	Mecanizado con precisión a partir de aluminio billet T-6 de calidad aeronáutica con tolerancias aeroespaciales, y con revestimiento duro para una resistencia al desgaste cinco veces superior a la de serie* (*con el mantenimiento adecuado)
	Permite que el conjunto de embrague gire más verdadero creando menos calor cuando el embrague está desembragado
	Cuando se utiliza con la cesta de embrague y el plato de presión de Hinson Clutch Components ayuda a eliminar la vibración del embrague

",VEHICLE PARTS & ACCESSORIES,ENGINE PARTS,ENG. CLUTCH,2612,494,184,171,83,,,https://api.mybihr.com/medias/800Wx800H-1120764-1.jpg?context=bWFzdGVyfHJvb3R8NjM0NzB8aW1hZ2UvanBlZ3xhRE5pTDJoa01DOHpNRGMwTXpZME9EVXpORFUxT0M4NE1EQlhlRGd3TUVoZk1URXlNRGMyTkMweExtcHdad3w5ZjU0Mzk0ODUyMmM4MzFlOWEzNmQxNjI2MzNjZjU5NTg0NDc1ZjViN2VkZGRjYWUzNjdlOGNjN2E3ODI0NmM5,https://api.mybihr.com/medias/800Wx800H-1120764-2.jpg?context=bWFzdGVyfHJvb3R8NjEzOTF8aW1hZ2UvanBlZ3xhR0ZsTDJoak1pOHpNRGMwTXpZME9Ea3lOemMzTkM4NE1EQlhlRGd3TUVoZk1URXlNRGMyTkMweUxtcHdad3xiNzY2NzA0YjMyYjQxZjBkODk1N2M4MjFlZjU4YzkwODdlNmFmZDczYzJiODJhNDg3YjBkMGEzZDI1YjE3YzMx,,https://static.bihr.pro/eBihr/Pictures/HINSON-pictures.zip,Spain Warehouse (Parts)
1109518,,SP663-7-2101,HINSON,HINSO STEEL PLATE KIT (SET OF 7),Kit de separadores de embrague HINSON,96.80,80.00,56.00,SP663-7-2101,0,8483608090,0,1,"<p>Hinson Clutches are championship proven by almost every major factory team and rider in the world, including Eli Tomac, Ken Roczen, Cooper Webb, Tim Gajser, Jeffrey Herlings, Jeremy Seewer, Chase Sexton, &amp; Joey Savatgy.</p>
<ul>
<li>Provide optimum hook up with minimum heat build up</li>
<li>Exceptional production tolerances and flatness</li>
<li>Developed with and recommended to enhance the performance of Hinson Clutch Baskets, Inner Hubs, and Pressure Plates</li>
<li>Manufactured to OE specs using high quality materials</li>
<li>Can be used with OE baskets, inner hubs, &amp; pressure plates* (*some models may vary)</li>
<li>Made in the USA.</li>
</ul>","
Hinson Clutches are championship proven by almost every major factory team and rider in the world, including Eli Tomac, Ken Roczen, Cooper Webb, Tim Gajser, Jeffrey Herlings, Jeremy Seewer, Chase Sexton, & Joey Savatgy.

Provide optimum hook up with minimum heat build up
Exceptional production tolerances and flatness
Developed with and recommended to enhance the performance of Hinson Clutch Baskets, Inner Hubs, and Pressure Plates
Manufactured to OE specs using high quality materials
Can be used with OE baskets, inner hubs, & pressure plates* (*some models may vary)
Made in the USA.
",VEHICLE PARTS & ACCESSORIES,ENGINE PARTS,ENG. CLUTCH,1852,730,208,168,53,,,https://api.mybihr.com/medias/1109518-1-800Wx800H?context=bWFzdGVyfHJvb3R8Njc0MDN8aW1hZ2UvanBlZ3xhREZrTDJoaU9DOHhNakUyTlRNek9UUTBOek15Tmk4eE1UQTVOVEU0TFRGZk9EQXdWM2c0TURCSXw5YzdjZTRjNzZiNGFiOWU5YWQyOGE1NGY1YzNjMzkxYTI5NDI5YWJiNTNmMjljYzMzZGExMTUwODM3MDk2ZGFm,,,https://static.bihr.pro/eBihr/Pictures/HINSON-pictures.zip,Spain Warehouse (Parts)
1011027,19700055,FSC154-9-1701,HINSON,HINSO CLUTCH STEEL&FRICTION&SPRINGS,Kit de embrague HINSON,272.25,225.00,157.50,FSC154-9-1701,0,8483608090,0,1,"<html> <head> <meta http-equiv=""Content-Type"" content=""text/html ; charset=utf-8""><title> </title> <style type=""text/css"">.cs4FC7BF42{text-align:left ; margin:0pt 0pt 0pt 0pt ; list-style-type:disc ; color:#000 ; background-color:transparent ; font-weight:normal ; font-style:normal ; }.csA7555675{color:#000 ; background-color:transparent ; font-weight:normal ; font-style:normal ; }</style> </head> <body> <ul> <li><a id=""_DX_FRAG_STARTFRAGMENT""></a>Can be used with OE baskets, inner hubs, & pressure plates</li><li>Developed with and recommended to enhance the performance of Hinson clutch baskets, inner hubs, and pressure plates<a id=""_DX_FRAG_ENDFRAGMENT""></a></li><li>Provide optimum hook up with minimum heat build up</li></ul> </body> </html>","        Can be used with OE baskets, inner hubs, & pressure platesDeveloped with and recommended to enhance the performance of Hinson clutch baskets, inner hubs, and pressure platesProvide optimum hook up with minimum heat build up  ",VEHICLE PARTS & ACCESSORIES,ENGINE PARTS,ENG. CLUTCH,1606,944,202,159,50,,,https://api.mybihr.com/medias/1011027-1-800Wx800H?context=bWFzdGVyfHJvb3R8MTgzMzEzfGltYWdlL2pwZWd8YURGbEwyZ3dOQzg0T0Rjek16TXdNakV5T0RrMEx6RXdNVEV3TWpjdE1WODRNREJYZURnd01FZ3wzZmFlZWRhOTQzMGU0NmI3Y2RlMDRhNjBmMGVkOTBiMTE5MzEzNTY2YzhiYmRiNTZiODBkNDBiMzBjMmVmOTFl,,,https://static.bihr.pro/eBihr/Pictures/HINSON-pictures.zip,Spain Warehouse (Parts)
1011037,19700067,FSC563-8-1901,HINSON,HINSO CLUTCH STEEL&FRICTION&SPRINGS,Kit de embrague HINSON,272.25,225.00,157.50,FSC563-8-1901,0,8483608090,0,1,"<html> <head> <meta http-equiv=""Content-Type"" content=""text/html ; charset=utf-8""><title> </title> <style type=""text/css"">.cs4FC7BF42{text-align:left ; margin:0pt 0pt 0pt 0pt ; list-style-type:disc ; color:#000 ; background-color:transparent ; font-weight:normal ; font-style:normal ; }.csA7555675{color:#000 ; background-color:transparent ; font-weight:normal ; font-style:normal ; }</style> </head> <body> <ul> <li><a id=""_DX_FRAG_STARTFRAGMENT""></a>Can be used with OE baskets, inner hubs, & pressure plates</li><li>Developed with and recommended to enhance the performance of Hinson clutch baskets, inner hubs, and pressure plates<a id=""_DX_FRAG_ENDFRAGMENT""></a></li><li>Provide optimum hook up with minimum heat build up</li></ul> </body> </html>","        Can be used with OE baskets, inner hubs, & pressure platesDeveloped with and recommended to enhance the performance of Hinson clutch baskets, inner hubs, and pressure platesProvide optimum hook up with minimum heat build up  ",VEHICLE PARTS & ACCESSORIES,ENGINE PARTS,ENG. CLUTCH,1580,940,205,164,47,,,https://api.mybihr.com/medias/1011037-1-800Wx800H?context=bWFzdGVyfHJvb3R8MTgzMzEzfGltYWdlL2pwZWd8YURFd0wyZ3pNeTg0T1RVeU56RTROVFUzTWpFMEx6RXdNVEV3TXpjdE1WODRNREJYZURnd01FZ3wzYTE4ZjVkODNhNmZiNDAwYzMyZTkwMTNiZTBkMTZkYWQ2MDNmZDYyYTA5YjBhOTdkNjdjNDliZDU4MjA0NjNk,,,https://static.bihr.pro/eBihr/Pictures/HINSON-pictures.zip,Spain Warehouse (Parts)
1011039,19700061,FSC789-7-0616,HINSON,HINSO CLUTCH STEEL&FRICTION&SPRINGS,Kit de embrague HINSON,272.25,225.00,157.50,FSC789-7-0616,0,8483608090,0,1,"<html> <head> <meta http-equiv=""Content-Type"" content=""text/html ; charset=utf-8""><title> </title> <style type=""text/css"">.cs4FC7BF42{text-align:left ; margin:0pt 0pt 0pt 0pt ; list-style-type:disc ; color:#000 ; background-color:transparent ; font-weight:normal ; font-style:normal ; }.csA7555675{color:#000 ; background-color:transparent ; font-weight:normal ; font-style:normal ; }</style> </head> <body> <ul> <li><a id=""_DX_FRAG_STARTFRAGMENT""></a>Can be used with OE baskets, inner hubs, & pressure plates</li><li>Developed with and recommended to enhance the performance of Hinson clutch baskets, inner hubs, and pressure plates<a id=""_DX_FRAG_ENDFRAGMENT""></a></li><li>Provide optimum hook up with minimum heat build up</li></ul> </body> </html>","        Can be used with OE baskets, inner hubs, & pressure platesDeveloped with and recommended to enhance the performance of Hinson clutch baskets, inner hubs, and pressure platesProvide optimum hook up with minimum heat build up  ",VEHICLE PARTS & ACCESSORIES,ENGINE PARTS,ENG. CLUTCH,1524,916,204,159,47,,,https://api.mybihr.com/medias/1011039-1-800Wx800H?context=bWFzdGVyfHJvb3R8MTgzMzEzfGltYWdlL2pwZWd8YURZNUwyaGhaaTg0T1RNNE1qUXdOekEwTlRReUx6RXdNVEV3TXprdE1WODRNREJYZURnd01FZ3xkODhkODhjN2Y3NDMyYzRjOThkMGRkZTg5NzM3NTcyMjk1ZTMwYzI2ZTAzNGQ1Y2U3MzRhMGViNzlkNzA1YTJm,,,https://static.bihr.pro/eBihr/Pictures/HINSON-pictures.zip,Spain Warehouse (Parts)
1011092,19700015,H793-PP-1901,HINSON,HINSO PLATE PRESSURE,"Plato de presión HINSON, aluminio, KTM/Husqvarna",273.46,226.00,158.20,19700015,0,8483608090,0,1,"<p><br>Long and close collaborations with the best riders of the more prestigious teams has enabled Hinson to develop a complete range of clutch plates, hubs and gaskets.</p>
<p>Cut from high-quality aluminium block, they undergo thermal treatment followed by anodization, giving them a hardness and resistance that is better suited to the extreme conditions of MX and SX.</p>
<p>Put to the test during starts and jump shock absorption, they are much more resistant to wear and marks caused by the clutch and friction plates.</p>
<ul>
<li>Better clutch feeling</li>
<li>Increases clutch life</li>
<li>Improves heat dissipation</li>
<li>5 times more resistant than the original</li>
<li>Ultra lightweight</li>
</ul>","
Long and close collaborations with the best riders of the more prestigious teams has enabled Hinson to develop a complete range of clutch plates, hubs and gaskets.

Cut from high-quality aluminium block, they undergo thermal treatment followed by anodization, giving them a hardness and resistance that is better suited to the extreme conditions of MX and SX.

Put to the test during starts and jump shock absorption, they are much more resistant to wear and marks caused by the clutch and friction plates.

Better clutch feeling
Increases clutch life
Improves heat dissipation
5 times more resistant than the original
Ultra lightweight
",VEHICLE PARTS & ACCESSORIES,ENGINE PARTS,ENG. CLUTCH,2673,358,184,175,83,,,https://api.mybihr.com/medias/1011092-1-800Wx800H?context=bWFzdGVyfHJvb3R8NzEwNzV8aW1hZ2UvanBlZ3xhRFV6TDJnellpODRPVEF3T0RrNE5qZzBPVFU0THpFd01URXdPVEl0TVY4NE1EQlhlRGd3TUVnfGIyMjhlMGFhNWFjMjIyZjhhZDdjNDVlYmRmNDg1ODQ4MjRiY2I4ZTA0ZTU5YmFjOTAyZjg2YWFkOGY2ODRlYWM,,,https://static.bihr.pro/eBihr/Pictures/HINSON-pictures.zip,Spain Warehouse (Parts)
1011040,19700051,FSC794-8-0817,HINSON,HINSO CLUTCH STEEL&FRICTION&SPRINGS,Kit de embrague HINSON,272.25,225.00,157.50,FSC794-8-0817,0,8483608090,0,1,"<html> <head> <meta http-equiv=""Content-Type"" content=""text/html ; charset=utf-8""><title> </title> <style type=""text/css"">.cs4FC7BF42{text-align:left ; margin:0pt 0pt 0pt 0pt ; list-style-type:disc ; color:#000 ; background-color:transparent ; font-weight:normal ; font-style:normal ; }.csA7555675{color:#000 ; background-color:transparent ; font-weight:normal ; font-style:normal ; }</style> </head> <body> <ul> <li><a id=""_dx_frag_StartFragment""></a>Can be used with OE baskets, inner hubs, & pressure plates</li><li>Developed with and recommended to enhance the performance of Hinson clutch baskets, inner hubs, and pressure plates<a id=""_dx_frag_EndFragment""></a></li><li><a id=""_dx_frag_StartFragment""></a>Provide optimum hook up with minimum heat build up<a id=""_dx_frag_EndFragment""></a></li></ul> </body> </html>","        Can be used with OE baskets, inner hubs, & pressure platesDeveloped with and recommended to enhance the performance of Hinson clutch baskets, inner hubs, and pressure platesProvide optimum hook up with minimum heat build up  ",VEHICLE PARTS & ACCESSORIES,ENGINE PARTS,ENG. CLUTCH,1561,798,205,162,47,,,https://api.mybihr.com/medias/1011040-1-800Wx800H?context=bWFzdGVyfHJvb3R8MTgzMzEzfGltYWdlL2pwZWd8YURkakwyZzNPQzg0T1RRMU5qWXpNRGd5TlRJMkx6RXdNVEV3TkRBdE1WODRNREJYZURnd01FZ3wwMzEwZWI1MTEwNmJhYmIyNjE0ZGZlYzM0OTc3ZjRlODc5MzlmYjBkYTNiYjhkMmE0MmQzODRlYmZjNWU0Y2Ji,,,https://static.bihr.pro/eBihr/Pictures/HINSON-pictures.zip,Spain Warehouse (Parts)
1011099,127027,04268-ST,HINSON,HINSO SPAREPARTS SCREW,Tornillos para campana de embrague HINSON,0.67,0.55,0.39,04268-ST,0,8483608090,0,1,INDIVIDUALLY,INDIVIDUALLY,VEHICLE PARTS & ACCESSORIES,ENGINE PARTS,ENG. CLUTCH,3,14,18,12,14,,,,,,https://static.bihr.pro/eBihr/Pictures/HINSON-pictures.zip,Spain Warehouse (Parts)
1011005,121938,H889-B-1704,HINSON,HINSO BASKET CLUTCH,Campana de embrague HINSON aluminio - Honda CRF450R / RX,429.55,355.00,248.50,H889-B-1704,0,8483608090,0,1,"<html> <head> <meta http-equiv=""Content-Type"" content=""text/html ; charset=utf-8""><title> </title> <style type=""text/css"">.cs95E872D0{text-align:left ; margin:0pt 0pt 0pt 0pt ; }.csA7555675{color:#000 ; background-color:transparent ; font-weight:normal ; font-style:normal ; }.cs4FC7BF42{text-align:left ; margin:0pt 0pt 0pt 0pt ; list-style-type:disc ; color:#000 ; background-color:transparent ; font-weight:normal ; font-style:normal ; }</style> </head> <body> <p>Hinson clutch components are developed and manufactured in the United States and work to improve the performance of your clutch. They offer a better riding feel as well as better resistance during intensive use. </p><p> </p><ul> <li>Clutch gasket </li><li>More resistant than the first set-up </li><li>Delivered as a single unit </li><li>Designed for competition preparation </li><li>Hinson components set a benchmark in terms of clutches, which is why numerous engines are equipped with them in the MX, SX and Enduro fields.</li></ul> </body> </html>","       Hinson clutch components are developed and manufactured in the United States and work to improve the performance of your clutch. They offer a better riding feel as well as better resistance during intensive use.   Clutch gasket More resistant than the first set-up Delivered as a single unit Designed for competition preparation Hinson components set a benchmark in terms of clutches, which is why numerous engines are equipped with them in the MX, SX and Enduro fields.  ",VEHICLE PARTS & ACCESSORIES,ENGINE PARTS,ENG. CLUTCH,2604,876,186,175,80,,,https://api.mybihr.com/medias/1011005-1-800Wx800H?context=bWFzdGVyfHJvb3R8NzMxNDl8aW1hZ2UvanBlZ3xhR0l4TDJoak15ODRPVFE0T1RVMk5qSTJPVGMwTHpFd01URXdNRFV0TVY4NE1EQlhlRGd3TUVnfDA4MTg3MmM5NTI5ZmMxMjY5YjY5YThlYjAxMWI1MDc2MzZmZjgzY2E4ZmU4YzljOTMzNmJmMDdlODNmNDVmYWM,,,https://static.bihr.pro/eBihr/Pictures/HINSON-pictures.zip,Spain Warehouse (Parts)
1011010,122970,HS889-B-1704,HINSON,HINSO BASKET CLUTCH,Campana de embrague HINSON acero - Honda CRF450R (17-20),516.92,427.21,299.05,HS889-B-1704,0,8483608090,0,1,"<html> <head> <meta http-equiv=""Content-Type"" content=""text/html ; charset=utf-8""><title> </title> <style type=""text/css"">.cs2A0BCC19{text-align:left ; margin:0pt 0pt 0pt 0pt ; list-style-type:disc ; color:#222 ; background-color:transparent ; font-weight:normal ; font-style:normal ; }.csE9D79CB2{color:#222 ; background-color:#FFF ; font-weight:normal ; font-style:normal ; }</style> </head> <body> <ul> <li><a id=""_dx_frag_StartFragment""></a>Heavier basket to create the combined effect of a high performance clutch basket along with the added traction of a flywheel weight, both in one part</li><li>Extremely wear resistant</li><li>Increased oiling to help fight clutch heat and fade</li><li>Improves clutch performance and life</li><li>Precision machined from billet steel to aerospace tolerances</li></ul> </body> </html>","        Heavier basket to create the combined effect of a high performance clutch basket along with the added traction of a flywheel weight, both in one partExtremely wear resistantIncreased oiling to help fight clutch heat and fadeImproves clutch performance and lifePrecision machined from billet steel to aerospace tolerances  ",VEHICLE PARTS & ACCESSORIES,ENGINE PARTS,ENG. CLUTCH,2560,1686,173,185,80,,,https://api.mybihr.com/medias/1011010-1-800Wx800H?context=bWFzdGVyfHJvb3R8NTMwNTR8aW1hZ2UvanBlZ3xhR1V6TDJoa09DODRPVEkyTXpZeE16SXhOVEF5THpFd01URXdNVEF0TVY4NE1EQlhlRGd3TUVnfDkwYzg5YTY4NjIzY2EzZGQ3NWUxZWJkNTA4OWZjMWVhN2EyZTc5NmE2ZmJlMjFmNzM3M2YwZWUxODUyOTMwMTg,,,https://static.bihr.pro/eBihr/Pictures/HINSON-pictures.zip,Spain Warehouse (Parts)
1010992,129900,H286,HINSON,HINSO BASKET CLUTCH,Campana de embrague HINSON aluminio,356.95,295.00,206.50,H286,0,8483608090,0,1,"<p>The Winningest High Perfomance Clutch Basket in the World! Hinson Clutches are championship proven by almost every major factory team and rider, including Eli Tomac, Ken Roczen, Cooper Webb, Tim Gajser, Jeffrey Herlings, Jeremy Seewer, Chase Sexton, &amp; Joey Savatgy.</p>
<ul>
<li>Improves clutch performance and life</li>
<li>Smoother more positive starts</li>
<li>Increased oil dynamics help keep the clutch cool</li>
<li>Improves heat dissipation</li>
<li>Helps eliminate clutch chatter</li>
<li>Allows clutch assembly to spin more true creating less heat when clutch is disengaged and providing a more positive, smooth clutch engagement</li>
<li>Precision machined from billet T-6 aircraft quality aluminum to aerospace tolerances, and hardcoated to provide a high resistance to wear* (*with proper maintenance)</li>
<li>Can be use with all other OEM inner hubs, pressure plates and clutch packs. </li>
<li>Made in the USA</li>
</ul>","
The Winningest High Perfomance Clutch Basket in the World! Hinson Clutches are championship proven by almost every major factory team and rider, including Eli Tomac, Ken Roczen, Cooper Webb, Tim Gajser, Jeffrey Herlings, Jeremy Seewer, Chase Sexton, & Joey Savatgy.

Improves clutch performance and life
Smoother more positive starts
Increased oil dynamics help keep the clutch cool
Improves heat dissipation
Helps eliminate clutch chatter
Allows clutch assembly to spin more true creating less heat when clutch is disengaged and providing a more positive, smooth clutch engagement
Precision machined from billet T-6 aircraft quality aluminum to aerospace tolerances, and hardcoated to provide a high resistance to wear* (*with proper maintenance)
Can be use with all other OEM inner hubs, pressure plates and clutch packs. 
Made in the USA
",VEHICLE PARTS & ACCESSORIES,ENGINE PARTS,ENG. CLUTCH,2657,402,174,184,83,,,https://api.mybihr.com/medias/1010992-1-800Wx800H?context=bWFzdGVyfHJvb3R8MTU1NzIwfGltYWdlL2pwZWd8YURNeUwyaGtOeTh4TWpFMk5UTXpOREF3Tnpnek9DOHhNREV3T1RreUxURmZPREF3VjNnNE1EQkl8MDFmZDc4ZGM1ZDU1YWY4ODlmNTM3OGJhYjEzY2YyMzA0NjgyNzdkOTU1OWI5OWRlZWE1NWU1MGU1OWM0NGU2Yg,,,https://static.bihr.pro/eBihr/Pictures/HINSON-pictures.zip,Spain Warehouse (Parts)
1010994,123910,H330,HINSON,HINSO BASKET CLUTCH,Campana de embrague HINSON aluminio - Suzuki RM-Z450,356.95,295.00,206.50,4000103012012,0,8483608090,0,1,"<html> <head> <meta http-equiv=""Content-Type"" content=""text/html ; charset=utf-8""><title> </title> <style type=""text/css"">.cs95E872D0{text-align:left ; margin:0pt 0pt 0pt 0pt ; }.csA7555675{color:#000 ; background-color:transparent ; font-weight:normal ; font-style:normal ; }.cs4FC7BF42{text-align:left ; margin:0pt 0pt 0pt 0pt ; list-style-type:disc ; color:#000 ; background-color:transparent ; font-weight:normal ; font-style:normal ; }</style> </head> <body> <p>Hinson clutch components are developed and manufactured in the United States and work to improve the performance of your clutch. They offer a better riding feel as well as better resistance during intensive use. </p><p> </p><ul> <li>Clutch gasket </li><li>More resistant than the first set-up </li><li>Delivered as a single unit </li><li>Designed for competition preparation </li><li>Hinson components set a benchmark in terms of clutches, which is why numerous engines are equipped with them in the MX, SX and Enduro fields.</li></ul> </body> </html>","       Hinson clutch components are developed and manufactured in the United States and work to improve the performance of your clutch. They offer a better riding feel as well as better resistance during intensive use.   Clutch gasket More resistant than the first set-up Delivered as a single unit Designed for competition preparation Hinson components set a benchmark in terms of clutches, which is why numerous engines are equipped with them in the MX, SX and Enduro fields.  ",VEHICLE PARTS & ACCESSORIES,ENGINE PARTS,ENG. CLUTCH,2540,721,180,170,83,,,https://api.mybihr.com/medias/1010994-1-800Wx800H?context=bWFzdGVyfHJvb3R8MzUyNDd8aW1hZ2UvanBlZ3xhR013TDJneU1pODRPVE00TkRjMk16TTVNak13THpFd01UQTVPVFF0TVY4NE1EQlhlRGd3TUVnfGVlNTEyMGM0YWM1ZTNiZjZmMzliNjJmZTkzMWMwYTAzMWQ3ZmQwNDI5MDZiN2ViOTgxZGRkMGI1ODg0N2Y0YjI,,,https://static.bihr.pro/eBihr/Pictures/HINSON-pictures.zip,Spain Warehouse (Parts)
1011030,19700056,FSC230-8-001,HINSON,HINSO CLUTCH STEEL&FRICTION&SPRINGS,Kit de embrague HINSON,272.25,225.00,157.50,FSC230-8-001,0,8483608090,0,1,"<html> <head> <meta http-equiv=""Content-Type"" content=""text/html ; charset=utf-8""><title> </title> <style type=""text/css"">.cs4FC7BF42{text-align:left ; margin:0pt 0pt 0pt 0pt ; list-style-type:disc ; color:#000 ; background-color:transparent ; font-weight:normal ; font-style:normal ; }.csA7555675{color:#000 ; background-color:transparent ; font-weight:normal ; font-style:normal ; }</style> </head> <body> <ul> <li><a id=""_DX_FRAG_STARTFRAGMENT""></a>Can be used with OE baskets, inner hubs, & pressure plates</li><li>Developed with and recommended to enhance the performance of Hinson clutch baskets, inner hubs, and pressure plates<a id=""_DX_FRAG_ENDFRAGMENT""></a></li><li>Provide optimum hook up with minimum heat build up</li></ul> </body> </html>","        Can be used with OE baskets, inner hubs, & pressure platesDeveloped with and recommended to enhance the performance of Hinson clutch baskets, inner hubs, and pressure platesProvide optimum hook up with minimum heat build up  ",VEHICLE PARTS & ACCESSORIES,ENGINE PARTS,ENG. CLUTCH,1538,1057,202,162,47,,,https://api.mybihr.com/medias/1011030-1-800Wx800H?context=bWFzdGVyfHJvb3R8MTgzMzEzfGltYWdlL2pwZWd8YURKakwyZzFPQzg0T1RJMk5EZzJNRE0yTlRFd0x6RXdNVEV3TXpBdE1WODRNREJYZURnd01FZ3wzY2JjNTBkMWJlN2U5ZjBkYmY1ZjE5NmJlYThjZDIzYzIyYmI2NDk2ZTFkZDE1ZThlNTAyZTZjMjA3ZTc4ZWQ4,,,https://static.bihr.pro/eBihr/Pictures/HINSON-pictures.zip,Spain Warehouse (Parts)
1011032,19700064,FSC357-8-001,HINSON,HINSO CLUTCH STEEL&FRICTION&SPRINGS,Kit de embrague HINSON,272.25,225.00,157.50,FSC357-8-001,0,8483608090,0,1,"<html> <head> <meta http-equiv=""Content-Type"" content=""text/html ; charset=utf-8""><title> </title> <style type=""text/css"">.cs4FC7BF42{text-align:left ; margin:0pt 0pt 0pt 0pt ; list-style-type:disc ; color:#000 ; background-color:transparent ; font-weight:normal ; font-style:normal ; }.csA7555675{color:#000 ; background-color:transparent ; font-weight:normal ; font-style:normal ; }</style> </head> <body> <ul> <li><a id=""_DX_FRAG_STARTFRAGMENT""></a>Can be used with OE baskets, inner hubs, & pressure plates</li><li>Developed with and recommended to enhance the performance of Hinson clutch baskets, inner hubs, and pressure plates<a id=""_DX_FRAG_ENDFRAGMENT""></a></li><li>Provide optimum hook up with minimum heat build up</li></ul> </body> </html>","        Can be used with OE baskets, inner hubs, & pressure platesDeveloped with and recommended to enhance the performance of Hinson clutch baskets, inner hubs, and pressure platesProvide optimum hook up with minimum heat build up  ",VEHICLE PARTS & ACCESSORIES,ENGINE PARTS,ENG. CLUTCH,1606,872,202,159,50,,,https://api.mybihr.com/medias/1011032-1-800Wx800H?context=bWFzdGVyfHJvb3R8MTgzMzEzfGltYWdlL2pwZWd8YURWakwyZzFNUzg0T1RJMk5EZzJNak16TVRFNEx6RXdNVEV3TXpJdE1WODRNREJYZURnd01FZ3xkNzE3YjRhNDA5N2E0Y2U1N2VjYjAwYjliYTZlMDkyOTRjOGE0YjU2ZTQxNDljM2I0MTBjOGVmZDZlN2Y4NDI4,,,https://static.bihr.pro/eBihr/Pictures/HINSON-pictures.zip,Spain Warehouse (Parts)
1010962,121901,H026,HINSON,HINSO BASKET CLUTCH,Campana de embrague HINSON aluminio - Honda CR125R,356.95,295.00,206.50,H026,0,8483608090,0,1,"<html> <head> <meta http-equiv=""Content-Type"" content=""text/html ; charset=utf-8""><title> </title> <style type=""text/css"">.cs95E872D0{text-align:left ; margin:0pt 0pt 0pt 0pt ; }.csA7555675{color:#000 ; background-color:transparent ; font-weight:normal ; font-style:normal ; }.cs4FC7BF42{text-align:left ; margin:0pt 0pt 0pt 0pt ; list-style-type:disc ; color:#000 ; background-color:transparent ; font-weight:normal ; font-style:normal ; }</style> </head> <body> <p>Hinson clutch components are developed and manufactured in the United States and work to improve the performance of your clutch. They offer a better riding feel as well as better resistance during intensive use. </p><p> </p><ul> <li>Clutch gasket </li><li>More resistant than the first set-up </li><li>Delivered as a single unit </li><li>Designed for competition preparation </li><li>Hinson components set a benchmark in terms of clutches, which is why numerous engines are equipped with them in the MX, SX and Enduro fields.</li></ul> </body> </html>","       Hinson clutch components are developed and manufactured in the United States and work to improve the performance of your clutch. They offer a better riding feel as well as better resistance during intensive use.   Clutch gasket More resistant than the first set-up Delivered as a single unit Designed for competition preparation Hinson components set a benchmark in terms of clutches, which is why numerous engines are equipped with them in the MX, SX and Enduro fields.  ",VEHICLE PARTS & ACCESSORIES,ENGINE PARTS,ENG. CLUTCH,2516,470,185,170,80,,,https://api.mybihr.com/medias/1010962-1-800Wx800H?context=bWFzdGVyfHJvb3R8MzAyMjZ8aW1hZ2UvanBlZ3xhRGRrTDJnMU55ODRPVFV5T0RVeE1UWTVNekV3THpFd01UQTVOakl0TVY4NE1EQlhlRGd3TUVnfGM2NTMzMzJjZTlmNmU1MTY1NmYyNDJlOGJiNzRmYWYyZjM3ZmE4MmQ3OTM0NmUyY2U0Y2FjNjg1Njc5ZGY1MmE,,,https://static.bihr.pro/eBihr/Pictures/HINSON-pictures.zip,Spain Warehouse (Parts)
1010986,129905,H249,HINSON,HINSO BASKET CLUTCH,Campana de embrague HINSON aluminio,356.95,295.00,206.50,H249,0,8483608090,0,1,"<p><strong>Campana&nbsp;de embrague Billetproof</strong></p>
<ul>
<li>Los embragues Hinson han sido probados en campeonatos por casi todos los grandes equipos de f&aacute;brica del mundo, como el Team HRC Honda, el Team Monster Kawasaki, el Team RedBull Ktm, el Team JGR Suzuki y el Team Wilvo Yamaha</li>
<li>Mejora el rendimiento y la vida &uacute;til del embrague</li>
<li>Mejora la disipaci&oacute;n del calor</li>
<li>Mecanizado con precisi&oacute;n a partir una pieza de aluminio T-6 de calidad aeron&aacute;utica con tolerancias aeroespaciales, y con un revestimiento duro para una resistencia al desgaste cinco veces superior a la de serie* (*con el mantenimiento adecuado)</li>
<li>Permite que el conjunto del embrague gire con m&aacute;s precisi&oacute;n, generando menos calor cuando el embrague est&aacute; desembragado</li>
<li>Cuando se utiliza con el plato de presi&oacute;n y&nbsp;la maza de Hinson Clutch Components, ayuda a eliminar las vibraciones del embrague</li>
</ul>","
Campana de embrague Billetproof

Los embragues Hinson han sido probados en campeonatos por casi todos los grandes equipos de fábrica del mundo, como el Team HRC Honda, el Team Monster Kawasaki, el Team RedBull Ktm, el Team JGR Suzuki y el Team Wilvo Yamaha
Mejora el rendimiento y la vida útil del embrague
Mejora la disipación del calor
Mecanizado con precisión a partir una pieza de aluminio T-6 de calidad aeronáutica con tolerancias aeroespaciales, y con un revestimiento duro para una resistencia al desgaste cinco veces superior a la de serie* (*con el mantenimiento adecuado)
Permite que el conjunto del embrague gire con más precisión, generando menos calor cuando el embrague está desembragado
Cuando se utiliza con el plato de presión y la maza de Hinson Clutch Components, ayuda a eliminar las vibraciones del embrague
",VEHICLE PARTS & ACCESSORIES,ENGINE PARTS,ENG. CLUTCH,2537,396,182,170,82,,,https://api.mybihr.com/medias/800Wx800H-1010986-1.jpg?context=bWFzdGVyfHJvb3R8MTU1NzIwfGltYWdlL2pwZWd8YUdZNUwyZzBPUzgyTXpBMk1EVXhNVEV5T1RZek1DODRNREJYZURnd01FaGZNVEF4TURrNE5pMHhMbXB3Wnd8MGRkZjA1MjhiOGFiOGU4MjM1NzA0ZjNjYzM5ZTk3ZmE4OTNjOTdhMTY4N2Y5MTk1YjUxYjM2OGQ5YWU4OTBhOQ,,,https://static.bihr.pro/eBihr/Pictures/HINSON-pictures.zip,Spain Warehouse (Parts)
1010963,123901,H027,HINSON,HINSO BASKET CLUTCH,Campana de embrague HINSON aluminio - Suzuki RM125,356.95,295.00,206.50,H027,0,8483608090,0,1,"<html> <head> <meta http-equiv=""Content-Type"" content=""text/html ; charset=utf-8""><title> </title> <style type=""text/css"">.cs95E872D0{text-align:left ; margin:0pt 0pt 0pt 0pt ; }.csA7555675{color:#000 ; background-color:transparent ; font-weight:normal ; font-style:normal ; }.cs4FC7BF42{text-align:left ; margin:0pt 0pt 0pt 0pt ; list-style-type:disc ; color:#000 ; background-color:transparent ; font-weight:normal ; font-style:normal ; }</style> </head> <body> <p>Hinson clutch components are developed and manufactured in the United States and work to improve the performance of your clutch. They offer a better riding feel as well as better resistance during intensive use. </p><p> </p><ul> <li>Clutch gasket </li><li>More resistant than the first set-up </li><li>Delivered as a single unit </li><li>Designed for competition preparation </li><li>Hinson components set a benchmark in terms of clutches, which is why numerous engines are equipped with them in the MX, SX and Enduro fields.</li></ul> </body> </html>","       Hinson clutch components are developed and manufactured in the United States and work to improve the performance of your clutch. They offer a better riding feel as well as better resistance during intensive use.   Clutch gasket More resistant than the first set-up Delivered as a single unit Designed for competition preparation Hinson components set a benchmark in terms of clutches, which is why numerous engines are equipped with them in the MX, SX and Enduro fields.  ",VEHICLE PARTS & ACCESSORIES,ENGINE PARTS,ENG. CLUTCH,2628,605,182,174,83,,,https://api.mybihr.com/medias/800Wx800H-1010963-1.jpg?context=bWFzdGVyfHJvb3R8MTM0NDk1fGltYWdlL2pwZWd8YURVNEwyZzJNUzg0TVRjeU16UTVORFF3TURBek1DODRNREJYZURnd01FaGZNVEF4TURrMk15MHhMbXB3Wnd8ZGIxMmM5MjVhOTE1MWFmODY3NmFkZTFmYWQ4NGU4ZTMyMDU1MzlmNWQzOWNjZDA3MzAwMzYyZjVjOWQ2ZDQyNQ,,,https://static.bihr.pro/eBihr/Pictures/HINSON-pictures.zip,Spain Warehouse (Parts)
1010971,121907,H079,HINSON,HINSO BASKET CLUTCH,Campana de embrague HINSON aluminio,356.95,295.00,206.50,400010100701,0,8483608090,0,1,"<p><strong>Campana&nbsp;de embrague Billetproof</strong></p>
<ul>
<li>Los embragues Hinson han sido probados en campeonatos por casi todos los grandes equipos de f&aacute;brica del mundo, como el Team HRC Honda, el Team Monster Kawasaki, el Team RedBull Ktm, el Team JGR Suzuki y el Team Wilvo Yamaha</li>
<li>Mejora el rendimiento y la vida &uacute;til del embrague</li>
<li>Mejora la disipaci&oacute;n del calor</li>
<li>Mecanizado con precisi&oacute;n a partir una pieza de aluminio T-6 de calidad aeron&aacute;utica con tolerancias aeroespaciales, y con un revestimiento duro para una resistencia al desgaste cinco veces superior a la de serie* (*con el mantenimiento adecuado)</li>
<li>Permite que el conjunto del embrague gire con m&aacute;s precisi&oacute;n, generando menos calor cuando el embrague est&aacute; desembragado</li>
<li>Cuando se utiliza con el plato de presi&oacute;n y&nbsp;la maza de Hinson Clutch Components, ayuda a eliminar las vibraciones del embrague</li>
</ul>","
Campana de embrague Billetproof

Los embragues Hinson han sido probados en campeonatos por casi todos los grandes equipos de fábrica del mundo, como el Team HRC Honda, el Team Monster Kawasaki, el Team RedBull Ktm, el Team JGR Suzuki y el Team Wilvo Yamaha
Mejora el rendimiento y la vida útil del embrague
Mejora la disipación del calor
Mecanizado con precisión a partir una pieza de aluminio T-6 de calidad aeronáutica con tolerancias aeroespaciales, y con un revestimiento duro para una resistencia al desgaste cinco veces superior a la de serie* (*con el mantenimiento adecuado)
Permite que el conjunto del embrague gire con más precisión, generando menos calor cuando el embrague está desembragado
Cuando se utiliza con el plato de presión y la maza de Hinson Clutch Components, ayuda a eliminar las vibraciones del embrague
",VEHICLE PARTS & ACCESSORIES,ENGINE PARTS,ENG. CLUTCH,2520,659,170,183,81,,,https://api.mybihr.com/medias/800Wx800H-1010971-1.jpg?context=bWFzdGVyfHJvb3R8MTU1NzIwfGltYWdlL2pwZWd8YURobUwyaGlNeTgyTXpBMk1EVXhNREUwTmpVNU1DODRNREJYZURnd01FaGZNVEF4TURrM01TMHhMbXB3Wnd8YjRiMGY2NzExZGYwYzkyODcyNTk5MTFhNDMwNzdhN2NiMzFkMGZkZDNhZjI0MzU1NTY2MjJlNGNhMzg3ZWNhMA,,,https://static.bihr.pro/eBihr/Pictures/HINSON-pictures.zip,Spain Warehouse (Parts)
1011050,121953,H222,HINSON,HINSO CLUTCH INNER HUB,Maza de embrague HINSON - Honda / KTM,423.50,350.00,245.00,400030100501,0,8483608090,0,1,"HINSON products are forged en masse from highly resistant aluminium alloy. After precise and meticulous machining, they undergo anodization treatment, making them exceptionally tough. They are designed for use with","HINSON products are forged en masse from highly resistant aluminium alloy. After precise and meticulous machining, they undergo anodization treatment, making them exceptionally tough. They are designed for use with",VEHICLE PARTS & ACCESSORIES,ENGINE PARTS,ENG. CLUTCH,2613,506,172,183,83,,,https://api.mybihr.com/medias/1011050-1-800Wx800H?context=bWFzdGVyfHJvb3R8Mjg2Njl8aW1hZ2UvanBlZ3xhRFprTDJnek55ODRPVFV5T1RjME9UQXhNamM0THpFd01URXdOVEF0TVY4NE1EQlhlRGd3TUVnfGMzMTJkM2U4N2Q5MzBkZjYwZTAwMzg5ZTIzNTU0M2FlNWI1M2Q2MTNhZDE3NjlmN2M0NzM1ZTQyY2U4MDQ3YjU,,,https://static.bihr.pro/eBihr/Pictures/HINSON-pictures.zip,Spain Warehouse (Parts)
1011057,121972,H422,HINSON,HINSO CLUTCH INNER HUB,Maza de embrague HINSON - Honda CRF250R (10),423.50,350.00,245.00,400030100901,0,8483608090,0,1,"<p>Long and close collaborations with the best riders of the more prestigious teams has enabled Hinson to develop a complete range of clutch plates, hubs and gaskets.</p>
<p>&nbsp;</p>
<p>Cut from high-quality aluminium block, they undergo thermal treatment followed by anodization, giving them a hardness and resistance that is better suited to the extreme conditions of MX and SX.</p>
<p><br>
Put to the test during starts and jump shock absorption, they are much more resistant to wear and marks caused by the clutch and friction plates</p>","
Long and close collaborations with the best riders of the more prestigious teams has enabled Hinson to develop a complete range of clutch plates, hubs and gaskets.

 

Cut from high-quality aluminium block, they undergo thermal treatment followed by anodization, giving them a hardness and resistance that is better suited to the extreme conditions of MX and SX.


Put to the test during starts and jump shock absorption, they are much more resistant to wear and marks caused by the clutch and friction plates",VEHICLE PARTS & ACCESSORIES,ENGINE PARTS,ENG. CLUTCH,2716,497,175,187,83,,,https://api.mybihr.com/medias/1011057-1-800Wx800H?context=bWFzdGVyfHJvb3R8NjAxMjB8aW1hZ2UvanBlZ3xhRFkwTDJnellTODVNREV5TkRZME16VXpNekV3THpFd01URXdOVGN0TVY4NE1EQlhlRGd3TUVnfDkzMTI4ZTk1YmJhMTRjN2NjNDhhOGVlYWE4MDllODA3OTE2OWMzZWQzMzliYTIxMDNjMDZkNTY3YmMyNTQ3MDY,,,https://static.bihr.pro/eBihr/Pictures/HINSON-pictures.zip,Spain Warehouse (Parts)
1011035,19700054,FSC441-9-001,HINSON,HINSO CLUTCH STEEL&FRICTION&SPRINGS,Kit de embrague HINSON,272.25,225.00,157.50,FSC441-9-001,0,8483608090,0,1,"<html> <head> <meta http-equiv=""Content-Type"" content=""text/html ; charset=utf-8""><title> </title> <style type=""text/css"">.cs4FC7BF42{text-align:left ; margin:0pt 0pt 0pt 0pt ; list-style-type:disc ; color:#000 ; background-color:transparent ; font-weight:normal ; font-style:normal ; }.csA7555675{color:#000 ; background-color:transparent ; font-weight:normal ; font-style:normal ; }</style> </head> <body> <ul> <li><a id=""_DX_FRAG_STARTFRAGMENT""></a>Can be used with OE baskets, inner hubs, & pressure plates</li><li>Developed with and recommended to enhance the performance of Hinson clutch baskets, inner hubs, and pressure plates<a id=""_DX_FRAG_ENDFRAGMENT""></a></li><li>Provide optimum hook up with minimum heat build up</li></ul> </body> </html>","        Can be used with OE baskets, inner hubs, & pressure platesDeveloped with and recommended to enhance the performance of Hinson clutch baskets, inner hubs, and pressure platesProvide optimum hook up with minimum heat build up  ",VEHICLE PARTS & ACCESSORIES,ENGINE PARTS,ENG. CLUTCH,1538,790,202,162,47,,,https://api.mybihr.com/medias/1011035-1-800Wx800H?context=bWFzdGVyfHJvb3R8MTgzMzEzfGltYWdlL2pwZWd8YUdZMUwyZ3lNUzg0T1RRMU9EQTFOVEkxTURJeUx6RXdNVEV3TXpVdE1WODRNREJYZURnd01FZ3xiYjc5NzI2MjU4NTdkZGFhODNmODc2NmM3OWUwOWFjN2QxMDU4MmE4OWI3MjMxODhkODUyMGFiY2ZmMDhhYjJl,,,https://static.bihr.pro/eBihr/Pictures/HINSON-pictures.zip,Spain Warehouse (Parts)
1010978,129907,H190,HINSON,HINSO BASKET CLUTCH,Campana de embrague HINSON aluminio - KTM,411.40,340.00,238.00,4000105002011,0,8483608090,0,1,"<html> <head> <meta http-equiv=""Content-Type"" content=""text/html ; charset=utf-8""><title> </title> <style type=""text/css"">.cs95E872D0{text-align:left ; margin:0pt 0pt 0pt 0pt ; }.csA7555675{color:#000 ; background-color:transparent ; font-weight:normal ; font-style:normal ; }.cs4FC7BF42{text-align:left ; margin:0pt 0pt 0pt 0pt ; list-style-type:disc ; color:#000 ; background-color:transparent ; font-weight:normal ; font-style:normal ; }</style> </head> <body> <p>Hinson clutch components are developed and manufactured in the United States and work to improve the performance of your clutch. They offer a better riding feel as well as better resistance during intensive use. </p><p> </p><ul> <li>Clutch gasket </li><li>More resistant than the first set-up </li><li>Delivered as a single unit </li><li>Designed for competition preparation </li><li>Hinson components set a benchmark in terms of clutches, which is why numerous engines are equipped with them in the MX, SX and Enduro fields.</li></ul> </body> </html>","       Hinson clutch components are developed and manufactured in the United States and work to improve the performance of your clutch. They offer a better riding feel as well as better resistance during intensive use.   Clutch gasket More resistant than the first set-up Delivered as a single unit Designed for competition preparation Hinson components set a benchmark in terms of clutches, which is why numerous engines are equipped with them in the MX, SX and Enduro fields.  ",VEHICLE PARTS & ACCESSORIES,ENGINE PARTS,ENG. CLUTCH,2583,549,171,182,83,,,https://api.mybihr.com/medias/1010978-1-800Wx800H?context=bWFzdGVyfHJvb3R8MzUyNDd8aW1hZ2UvanBlZ3xhR1UyTDJobFlpODRPVE00TnpJMU56TTJORGM0THpFd01UQTVOemd0TVY4NE1EQlhlRGd3TUVnfGQxYzMzNzkzMjQwYWQ3NTllZDA5NmMxNzBmZmJlMmE5MmEzNTA4NjE0ODgxNDc2YWQ4ZmYyZGM2YWZhNTc1N2Q,,,https://static.bihr.pro/eBihr/Pictures/HINSON-pictures.zip,Spain Warehouse (Parts)
1010981,129902,H200,HINSON,HINSO BASKET CLUTCH,Campana de embrague HINSON aluminio - KTM,356.95,295.00,206.50,129902,0,8483608090,0,1,"<html> <head> <meta http-equiv=""Content-Type"" content=""text/html ; charset=utf-8""><title> </title> <style type=""text/css"">.cs95E872D0{text-align:left ; margin:0pt 0pt 0pt 0pt ; }.csA7555675{color:#000 ; background-color:transparent ; font-weight:normal ; font-style:normal ; }.cs4FC7BF42{text-align:left ; margin:0pt 0pt 0pt 0pt ; list-style-type:disc ; color:#000 ; background-color:transparent ; font-weight:normal ; font-style:normal ; }</style> </head> <body> <p>Hinson clutch components are developed and manufactured in the United States and work to improve the performance of your clutch. They offer a better riding feel as well as better resistance during intensive use. </p><p> </p><ul> <li>Clutch gasket </li><li>More resistant than the first set-up </li><li>Delivered as a single unit </li><li>Designed for competition preparation </li><li>Hinson components set a benchmark in terms of clutches, which is why numerous engines are equipped with them in the MX, SX and Enduro fields.</li></ul> </body> </html>","       Hinson clutch components are developed and manufactured in the United States and work to improve the performance of your clutch. They offer a better riding feel as well as better resistance during intensive use.   Clutch gasket More resistant than the first set-up Delivered as a single unit Designed for competition preparation Hinson components set a benchmark in terms of clutches, which is why numerous engines are equipped with them in the MX, SX and Enduro fields.  ",VEHICLE PARTS & ACCESSORIES,ENGINE PARTS,ENG. CLUTCH,2655,632,186,172,83,,,https://api.mybihr.com/medias/800Wx800H-1010981-1.jpg?context=bWFzdGVyfHJvb3R8MTU1NzIwfGltYWdlL2pwZWd8YURoakwyZzJPQzg0TVRjeU16UTVNVFkwTnpVeE9DODRNREJYZURnd01FaGZNVEF4TURrNE1TMHhMbXB3Wnd8MWY0OGU2MzhjZmVmY2QzZjYyZDIwODg3MTA3MmQ0MGRmMTU0ZWFkODU3MTkyYTEyYjk5MDk5MTMyNjM0NWJlMA,,,https://static.bihr.pro/eBihr/Pictures/HINSON-pictures.zip,Spain Warehouse (Parts)
1010988,122910,H263,HINSON,HINSO BASKET CLUTCH,Campana de embrague HINSON aluminio - Kawasaki,356.95,295.00,206.50,4000102013010,0,8483608090,0,1,"<html> <head> <meta http-equiv=""Content-Type"" content=""text/html ; charset=utf-8""><title> </title> <style type=""text/css"">.cs95E872D0{text-align:left ; margin:0pt 0pt 0pt 0pt ; }.csA7555675{color:#000 ; background-color:transparent ; font-weight:normal ; font-style:normal ; }.cs4FC7BF42{text-align:left ; margin:0pt 0pt 0pt 0pt ; list-style-type:disc ; color:#000 ; background-color:transparent ; font-weight:normal ; font-style:normal ; }</style> </head> <body> <p>Hinson clutch components are developed and manufactured in the United States and work to improve the performance of your clutch. They offer a better riding feel as well as better resistance during intensive use. </p><p> </p><ul> <li>Clutch gasket </li><li>More resistant than the first set-up </li><li>Delivered as a single unit </li><li>Designed for competition preparation </li><li>Hinson components set a benchmark in terms of clutches, which is why numerous engines are equipped with them in the MX, SX and Enduro fields.</li></ul> </body> </html>","       Hinson clutch components are developed and manufactured in the United States and work to improve the performance of your clutch. They offer a better riding feel as well as better resistance during intensive use.   Clutch gasket More resistant than the first set-up Delivered as a single unit Designed for competition preparation Hinson components set a benchmark in terms of clutches, which is why numerous engines are equipped with them in the MX, SX and Enduro fields.  ",VEHICLE PARTS & ACCESSORIES,ENGINE PARTS,ENG. CLUTCH,2597,714,171,183,83,,,https://api.mybihr.com/medias/800Wx800H-1010988-1.jpg?context=bWFzdGVyfHJvb3R8MjI3Mzc3fGltYWdlL2pwZWd8YUdGaUwyZ3dZeTg0TVRjeU16UTVOVFUzT1RZM09DODRNREJYZURnd01FaGZNVEF4TURrNE9DMHhMbXB3Wnd8ZDEyNDVlZTJmMjJmZGRkODRkMjliYjgyOGVhY2I1YjMyODBkZTIxMDFiMzEyNzkxYmU5ODRiY2VlNTM4YTRhZQ,https://api.mybihr.com/medias/800Wx800H-1010988-2.jpg?context=bWFzdGVyfHJvb3R8NDMzNzQwfGltYWdlL2pwZWd8YURoakwyZ3hOaTg0TVRjeU16UTVOVGcwTVRneU1pODRNREJYZURnd01FaGZNVEF4TURrNE9DMHlMbXB3Wnd8ZjFkZjkyZjhmOTEzM2Q3NTgwYzI2MGExMmVlNjg3NTBkYTA4NDlmNDA3ZTY4NzQyNjE5NmRiMjI4OTlhOWEwZg,,https://static.bihr.pro/eBihr/Pictures/HINSON-pictures.zip,Spain Warehouse (Parts)
1010989,122911,H266,HINSON,HINSO BASKET CLUTCH,Campana de embrague HINSON aluminio - Kawasaki KX250,356.95,295.00,206.50,4000102014017,0,8483608090,0,1,"<html> <head> <meta http-equiv=""Content-Type"" content=""text/html ; charset=utf-8""><title> </title> <style type=""text/css"">.cs95E872D0{text-align:left ; margin:0pt 0pt 0pt 0pt ; }.csA7555675{color:#000 ; background-color:transparent ; font-weight:normal ; font-style:normal ; }.cs4FC7BF42{text-align:left ; margin:0pt 0pt 0pt 0pt ; list-style-type:disc ; color:#000 ; background-color:transparent ; font-weight:normal ; font-style:normal ; }</style> </head> <body> <p>Hinson clutch components are developed and manufactured in the United States and work to improve the performance of your clutch. They offer a better riding feel as well as better resistance during intensive use. </p><p> </p><ul> <li>Clutch gasket </li><li>More resistant than the first set-up </li><li>Delivered as a single unit </li><li>Designed for competition preparation </li><li>Hinson components set a benchmark in terms of clutches, which is why numerous engines are equipped with them in the MX, SX and Enduro fields.</li></ul> </body> </html>","       Hinson clutch components are developed and manufactured in the United States and work to improve the performance of your clutch. They offer a better riding feel as well as better resistance during intensive use.   Clutch gasket More resistant than the first set-up Delivered as a single unit Designed for competition preparation Hinson components set a benchmark in terms of clutches, which is why numerous engines are equipped with them in the MX, SX and Enduro fields.  ",VEHICLE PARTS & ACCESSORIES,ENGINE PARTS,ENG. CLUTCH,2560,580,185,173,80,,,https://api.mybihr.com/medias/800Wx800H-1010989-1.jpg?context=bWFzdGVyfHJvb3R8MTM0NDk1fGltYWdlL2pwZWd8YUdWbEwyaGxZUzg0TVRjeU16UTRPVGMzT1RjME1pODRNREJYZURnd01FaGZNVEF4TURrNE9TMHhMbXB3Wnd8NjRlZmMxYzViZjY0YTMxMDE0YmQ4YmJiYzBjMGJhOGQ1OWE1MTM0YzMwMDA5MjE0YjNhZDYzMGE5YzRiYjM2ZQ,,,https://static.bihr.pro/eBihr/Pictures/HINSON-pictures.zip,Spain Warehouse (Parts)
1010995,123914,H374,HINSON,HINSO BASKET CLUTCH,Campana de embrague HINSON aluminio - Suzuki RM-Z250,411.40,340.00,238.00,400010301301,0,8483608090,0,1,"<html> <head> <meta http-equiv=""Content-Type"" content=""text/html ; charset=utf-8""><title> </title> <style type=""text/css"">.cs95E872D0{text-align:left ; margin:0pt 0pt 0pt 0pt ; }.csA7555675{color:#000 ; background-color:transparent ; font-weight:normal ; font-style:normal ; }.cs4FC7BF42{text-align:left ; margin:0pt 0pt 0pt 0pt ; list-style-type:disc ; color:#000 ; background-color:transparent ; font-weight:normal ; font-style:normal ; }</style> </head> <body> <p>Hinson clutch components are developed and manufactured in the United States and work to improve the performance of your clutch. They offer a better riding feel as well as better resistance during intensive use. </p><p> </p><ul> <li>Clutch gasket </li><li>More resistant than the first set-up </li><li>Delivered as a single unit </li><li>Designed for competition preparation </li><li>Hinson components set a benchmark in terms of clutches, which is why numerous engines are equipped with them in the MX, SX and Enduro fields.</li></ul> </body> </html>","       Hinson clutch components are developed and manufactured in the United States and work to improve the performance of your clutch. They offer a better riding feel as well as better resistance during intensive use.   Clutch gasket More resistant than the first set-up Delivered as a single unit Designed for competition preparation Hinson components set a benchmark in terms of clutches, which is why numerous engines are equipped with them in the MX, SX and Enduro fields.  ",VEHICLE PARTS & ACCESSORIES,ENGINE PARTS,ENG. CLUTCH,2685,747,173,187,83,,,https://api.mybihr.com/medias/800Wx800H-1010995-1.jpg?context=bWFzdGVyfHJvb3R8MTM0NDk1fGltYWdlL2pwZWd8YUdabUwyZ3hNUzg0TVRjeU16UTVNREUzTWprMU9DODRNREJYZURnd01FaGZNVEF4TURrNU5TMHhMbXB3Wnd8ZDZiOGFlMTQ5ZmFjNWIyNGQ5YzhmOWViYmIxZTk5NGMxMTk4MDllM2FlZjc2MjQwMWUwYWU0YjdiNTNhMjc5Mg,,,https://static.bihr.pro/eBihr/Pictures/HINSON-pictures.zip,Spain Warehouse (Parts)
1011017,127454,C600,HINSON,HINSO CLUTCH COVER,"Tapa de embrague HINSON, aluminio, KTM/Husqvarna",235.95,195.00,136.50,C600,0,8483608090,0,1,"<p>Hinson Clutches are championship proven by almost every major factory team and rider in the world, including Eli Tomac, Ken Roczen, Cooper Webb, Tim Gajser, Jeffrey Herlings, Jeremy Seewer, Chase Sexton, &amp; Joey Savatgy.</p>
<ul>
<li>Hardcoated for extreme boot wear resistance</li>
<li>Much stronger than stock, protecting from rock damage</li>
<li>Improves heat dissipation</li>
<li>Precision machined from billet T-6 aircraft quality aluminum to aerospace tolerances</li>
</ul>","
Hinson Clutches are championship proven by almost every major factory team and rider in the world, including Eli Tomac, Ken Roczen, Cooper Webb, Tim Gajser, Jeffrey Herlings, Jeremy Seewer, Chase Sexton, & Joey Savatgy.

Hardcoated for extreme boot wear resistance
Much stronger than stock, protecting from rock damage
Improves heat dissipation
Precision machined from billet T-6 aircraft quality aluminum to aerospace tolerances
",VEHICLE PARTS & ACCESSORIES,ENGINE PARTS,ENG. CLUTCH,2512,443,238,203,52,,,https://api.mybihr.com/medias/1011017-1-800Wx800H?context=bWFzdGVyfHJvb3R8NTI5MjV8aW1hZ2UvanBlZ3xhRGhpTDJnM09DODRPVEE0TkRNM01qVTRNamN3THpFd01URXdNVGN0TVY4NE1EQlhlRGd3TUVnfGRiN2EwOGQ3NGNhNTM2MzdlODUxYTk4YzRkMDM0MGE1NDVjMzNmM2VmMjc5Nzk0NWVlMTE4ODU4YjlhNzJhNzU,,,https://static.bihr.pro/eBihr/Pictures/HINSON-pictures.zip,Spain Warehouse (Parts)
1011000,121929,H494,HINSON,HINSO BASKET CLUTCH,Campana de embrague HINSON aluminio,411.40,340.00,238.00,H494,0,8483608090,0,1,"<p><strong>Campana&nbsp;de embrague Billetproof</strong></p>
<ul>
<li>Los embragues Hinson han sido probados en campeonatos por casi todos los grandes equipos de f&aacute;brica del mundo, como el Team HRC Honda, el Team Monster Kawasaki, el Team RedBull Ktm, el Team JGR Suzuki y el Team Wilvo Yamaha</li>
<li>Mejora el rendimiento y la vida &uacute;til del embrague</li>
<li>Mejora la disipaci&oacute;n del calor</li>
<li>Mecanizado con precisi&oacute;n a partir una pieza de aluminio T-6 de calidad aeron&aacute;utica con tolerancias aeroespaciales, y con un revestimiento duro para una resistencia al desgaste cinco veces superior a la de serie* (*con el mantenimiento adecuado)</li>
<li>Permite que el conjunto del embrague gire con m&aacute;s precisi&oacute;n, generando menos calor cuando el embrague est&aacute; desembragado</li>
<li>Cuando se utiliza con el plato de presi&oacute;n y&nbsp;la maza de Hinson Clutch Components, ayuda a eliminar las vibraciones del embrague</li>
</ul>","
Campana de embrague Billetproof

Los embragues Hinson han sido probados en campeonatos por casi todos los grandes equipos de fábrica del mundo, como el Team HRC Honda, el Team Monster Kawasaki, el Team RedBull Ktm, el Team JGR Suzuki y el Team Wilvo Yamaha
Mejora el rendimiento y la vida útil del embrague
Mejora la disipación del calor
Mecanizado con precisión a partir una pieza de aluminio T-6 de calidad aeronáutica con tolerancias aeroespaciales, y con un revestimiento duro para una resistencia al desgaste cinco veces superior a la de serie* (*con el mantenimiento adecuado)
Permite que el conjunto del embrague gire con más precisión, generando menos calor cuando el embrague está desembragado
Cuando se utiliza con el plato de presión y la maza de Hinson Clutch Components, ayuda a eliminar las vibraciones del embrague
",VEHICLE PARTS & ACCESSORIES,ENGINE PARTS,ENG. CLUTCH,2598,679,182,172,83,,,https://api.mybihr.com/medias/800Wx800H-1011000-1.jpg?context=bWFzdGVyfHJvb3R8MTU1NzIwfGltYWdlL2pwZWd8YURJNEwyZzBNeTgyTXpBMk1EVXhNVE15TmpJek9DODRNREJYZURnd01FaGZNVEF4TVRBd01DMHhMbXB3Wnd8ZmEzYzc1ZGY1ZWM4OTgyMTZjNmE0NWRkN2I1MjEwZDEyMzZmMTc5ZDZlNjYxNjYyYTkxODVmODUwYmM4NmQyMg,,,https://static.bihr.pro/eBihr/Pictures/HINSON-pictures.zip,Spain Warehouse (Parts)
1109496,,CS641-6-1901,HINSON,HINSO HI-TEMP CLUTCH SPRING KIT (SET 6),Kit de muelles de embrague HINSON Hi-Temp,96.80,80.00,56.00,CS341-6-0311,0,8483608090,0,1,"<p>Hinson Clutches are championship proven by almost every major factory team and rider in the world, including Eli Tomac, Ken Roczen, Cooper Webb, Tim Gajser, Jeffrey Herlings, Jeremy Seewer, Chase Sexton, &amp; Joey Savatgy</p>
<ul>
<li>Provide optimum hook up with minimum heat build up</li>
<li>Exceptional production tolerances</li>
<li>Developed with and recommended to enhance the performance of Hinson Clutch Baskets, Inner Hubs, and Pressure Plates</li>
<li>Manufactured from high temperature steel, highly resistant to losing their strength due to the high heat generated by a clutch</li>
<li>Can be used with OE baskets, inner hubs, &amp; pressure plates* (*some models may vary)</li>
<li>Made in the USA.</li>
</ul>","
Hinson Clutches are championship proven by almost every major factory team and rider in the world, including Eli Tomac, Ken Roczen, Cooper Webb, Tim Gajser, Jeffrey Herlings, Jeremy Seewer, Chase Sexton, & Joey Savatgy

Provide optimum hook up with minimum heat build up
Exceptional production tolerances
Developed with and recommended to enhance the performance of Hinson Clutch Baskets, Inner Hubs, and Pressure Plates
Manufactured from high temperature steel, highly resistant to losing their strength due to the high heat generated by a clutch
Can be used with OE baskets, inner hubs, & pressure plates* (*some models may vary)
Made in the USA.
",VEHICLE PARTS & ACCESSORIES,ENGINE PARTS,ENG. CLUTCH,385,111,122,83,38,,,https://api.mybihr.com/medias/1109496-1-800Wx800H?context=bWFzdGVyfHJvb3R8MTMxNjQ1fGltYWdlL3BuZ3xhR001TDJnME9DOHhNakUxTXpFd01UYzNPRGszTkM4eE1UQTVORGsyTFRGZk9EQXdWM2c0TURCSXw4Mjc0ZGI1YTM4MWQ0YjcwMzA1Zjg0Nzk5ZTYyOTRlMzY5MWQwMjc1NTZlOTYxNjZjYzJlOGJhM2M5M2I2ODE3,,,https://static.bihr.pro/eBihr/Pictures/HINSON-pictures.zip,Spain Warehouse (Parts)
1109499,,FP094-8-001,HINSON,HINSO FIBRE PLATE KIT SET OF 8,Kit de discos de embrague HINSON,145.20,120.00,84.00,FP094-8-001,0,8483608090,0,1,"<p>Hinson Clutches are championship proven by almost every major factory team and rider in the world, including Eli Tomac, Ken Roczen, Cooper Webb, Tim Gajser, Jeffrey Herlings, Jeremy Seewer, Chase Sexton, &amp; Joey Savatgy.</p>
<ul>
<li>Provide optimum hook up with minimum heat build up</li>
<li>Exceptional production tolerances and flatness</li>
<li>Fiber plates use organic non-abrasive materials to avoid damage to rest of motor as plate materials break down and are circulated through engine by oil.</li>
<li>Developed with and recommended to enhance the performance of Hinson Clutch Baskets, Inner Hubs, and Pressure Plates</li>
<li>Manufactured to OE specs using high quality materials</li>
<li>Can be used with OE baskets, inner hubs, &amp; pressure plates* (*some models may vary)</li>
</ul>","
Hinson Clutches are championship proven by almost every major factory team and rider in the world, including Eli Tomac, Ken Roczen, Cooper Webb, Tim Gajser, Jeffrey Herlings, Jeremy Seewer, Chase Sexton, & Joey Savatgy.

Provide optimum hook up with minimum heat build up
Exceptional production tolerances and flatness
Fiber plates use organic non-abrasive materials to avoid damage to rest of motor as plate materials break down and are circulated through engine by oil.
Developed with and recommended to enhance the performance of Hinson Clutch Baskets, Inner Hubs, and Pressure Plates
Manufactured to OE specs using high quality materials
Can be used with OE baskets, inner hubs, & pressure plates* (*some models may vary)
",VEHICLE PARTS & ACCESSORIES,ENGINE PARTS,ENG. CLUTCH,1762,339,204,163,53,,,https://api.mybihr.com/medias/1109499-1-800Wx800H?context=bWFzdGVyfHJvb3R8ODI5OTd8aW1hZ2UvanBlZ3xhREkxTDJnMU9DOHhNakUyTlRNek5UWTNPVEF3Tmk4eE1UQTVORGs1TFRGZk9EQXdWM2c0TURCSXw2YzMwNTdlYmYyY2RkNzk4YWMzMmY5MzIwN2EzN2I3YjYzYjIzN2I5OTg0NjU3ZDNlMThhNGE5MjM1Mzc0YzZl,,,https://static.bihr.pro/eBihr/Pictures/HINSON-pictures.zip,Spain Warehouse (Parts)
1109510,,SP129-7-001,HINSON,HINSO STEEL PLATE KIT (SET OF 7),Kit de separadores de embrague HINSON,96.80,80.00,56.00,SP129-7-001,0,8483608090,0,1,"<p>Hinson Clutches are championship proven by almost every major factory team and rider in the world, including Eli Tomac, Ken Roczen, Cooper Webb, Tim Gajser, Jeffrey Herlings, Jeremy Seewer, Chase Sexton, &amp; Joey Savatgy.</p>
<ul>
<li>Provide optimum hook up with minimum heat build up</li>
<li>Exceptional production tolerances and flatness</li>
<li>Developed with and recommended to enhance the performance of Hinson Clutch Baskets, Inner Hubs, and Pressure Plates</li>
<li>Manufactured to OE specs using high quality materials</li>
<li>Can be used with OE baskets, inner hubs, &amp; pressure plates* (*some models may vary)</li>
<li>Made in the USA.</li>
</ul>","
Hinson Clutches are championship proven by almost every major factory team and rider in the world, including Eli Tomac, Ken Roczen, Cooper Webb, Tim Gajser, Jeffrey Herlings, Jeremy Seewer, Chase Sexton, & Joey Savatgy.

Provide optimum hook up with minimum heat build up
Exceptional production tolerances and flatness
Developed with and recommended to enhance the performance of Hinson Clutch Baskets, Inner Hubs, and Pressure Plates
Manufactured to OE specs using high quality materials
Can be used with OE baskets, inner hubs, & pressure plates* (*some models may vary)
Made in the USA.
",VEHICLE PARTS & ACCESSORIES,ENGINE PARTS,ENG. CLUTCH,1823,494,206,167,53,,,https://api.mybihr.com/medias/1109510-1-800Wx800H?context=bWFzdGVyfHJvb3R8Njc0MDN8aW1hZ2UvanBlZ3xhRFUwTDJoa01DOHhNakUyTlRNek9EQXpPRE13TWk4eE1UQTVOVEV3TFRGZk9EQXdWM2c0TURCSXxlOThhYjAyOTM3NWY4ZmVhZTIxM2ZjY2FlYjc5OGNmNjY0MWJkZmM1NGVmNjFkNjQwZDM1NDhhZjEzMzEyYzQ5,,,https://static.bihr.pro/eBihr/Pictures/HINSON-pictures.zip,Spain Warehouse (Parts)
1125194,,HC663-2101,HINSON,HINSO COMP BILLETPROOF CONV CLUTCH KIT,Embrague completo HINSON Billetproof,1474.32,1218.45,852.92,HC663-2101,2,8483608090,0,1,"<p>Los embragues Hinson han sido probados en el campeonato por casi todos los principales equipos de fábrica del mundo, incluyendo el Team HRC Honda, Team Monster Kawasaki, Team RedBull Ktm, Team JGR Suzuki y Team Wilvo Yamaha.</p>
<ul>
	<li>Incluye tapa de embrague Billetproof®, cesta, cubo interior, placa de presión, placas de fibra y acero y muelles.</li>
	<li>Utilizado por la mayoría de los principales equipos y pilotos de fábrica.</li>
	<li>Mejora el rendimiento y la vida del embrague.</li>
	<li>Mejora la disipación del calor.</li>
	<li>Mecanizado con precisión a partir de aluminio de calidad aeronáutica T-6 con tolerancias aeroespaciales, y con un recubrimiento duro para una resistencia al desgaste cinco veces superior a la de las existencias* (*con el mantenimiento adecuado).</li>
	<li>Permite que el conjunto del embrague gire con mayor precisión, lo que genera menos calor cuando el embrague se desacopla y proporciona un acoplamiento suave más positivo.</li>
	<li>Ayuda a eliminar las vibraciones del embrague.</li>
</ul>
","
Los embragues Hinson han sido probados en el campeonato por casi todos los principales equipos de fábrica del mundo, incluyendo el Team HRC Honda, Team Monster Kawasaki, Team RedBull Ktm, Team JGR Suzuki y Team Wilvo Yamaha.

	Incluye tapa de embrague Billetproof®, cesta, cubo interior, placa de presión, placas de fibra y acero y muelles.
	Utilizado por la mayoría de los principales equipos y pilotos de fábrica.
	Mejora el rendimiento y la vida del embrague.
	Mejora la disipación del calor.
	Mecanizado con precisión a partir de aluminio de calidad aeronáutica T-6 con tolerancias aeroespaciales, y con un recubrimiento duro para una resistencia al desgaste cinco veces superior a la de las existencias* (*con el mantenimiento adecuado).
	Permite que el conjunto del embrague gire con mayor precisión, lo que genera menos calor cuando el embrague se desacopla y proporciona un acoplamiento suave más positivo.
	Ayuda a eliminar las vibraciones del embrague.

",VEHICLE PARTS & ACCESSORIES,ENGINE PARTS,ENG. CLUTCH,6702,3128,217,213,145,,,https://api.mybihr.com/medias/800Wx800H-1125194-1.jpg?context=bWFzdGVyfHJvb3R8MjM3ODAyfGltYWdlL2pwZWd8YURnM0wyZ3hPQzgxTVRZeU5UTXpPVEl5TkRBNU5DODRNREJYZURnd01FaGZNVEV5TlRFNU5DMHhMbXB3Wnd8NTExNTJiZGZjNjViYzRmNjc0MjdjZDhmZmI5MmFjOTFhZDVkNGRjNjE2MzExODFiODA5MTgzZjc0YmYyMjU2Yg,,,https://static.bihr.pro/eBihr/Pictures/HINSON-pictures.zip,Spain Warehouse (Parts)
1109500,,FP154-8-001,HINSON,HINSO FIBRE PLATE KIT SET OF 8,Kit de discos de embrague HINSON,145.20,120.00,84.00,FP154-8-001,0,8483608090,0,1,"<p>Hinson Clutches are championship proven by almost every major factory team and rider in the world, including Eli Tomac, Ken Roczen, Cooper Webb, Tim Gajser, Jeffrey Herlings, Jeremy Seewer, Chase Sexton, &amp; Joey Savatgy.</p>
<ul>
<li>Provide optimum hook up with minimum heat build up</li>
<li>Exceptional production tolerances and flatness</li>
<li>Fiber plates use organic non-abrasive materials to avoid damage to rest of motor as plate materials break down and are circulated through engine by oil.</li>
<li>Developed with and recommended to enhance the performance of Hinson Clutch Baskets, Inner Hubs, and Pressure Plates</li>
<li>Manufactured to OE specs using high quality materials</li>
<li>Can be used with OE baskets, inner hubs, &amp; pressure plates* (*some models may vary)</li>
</ul>","
Hinson Clutches are championship proven by almost every major factory team and rider in the world, including Eli Tomac, Ken Roczen, Cooper Webb, Tim Gajser, Jeffrey Herlings, Jeremy Seewer, Chase Sexton, & Joey Savatgy.

Provide optimum hook up with minimum heat build up
Exceptional production tolerances and flatness
Fiber plates use organic non-abrasive materials to avoid damage to rest of motor as plate materials break down and are circulated through engine by oil.
Developed with and recommended to enhance the performance of Hinson Clutch Baskets, Inner Hubs, and Pressure Plates
Manufactured to OE specs using high quality materials
Can be used with OE baskets, inner hubs, & pressure plates* (*some models may vary)
",VEHICLE PARTS & ACCESSORIES,ENGINE PARTS,ENG. CLUTCH,1793,350,205,165,53,,,https://api.mybihr.com/medias/1109500-1-800Wx800H?context=bWFzdGVyfHJvb3R8ODI5OTd8aW1hZ2UvanBlZ3xhRFUxTDJnMU1TOHhNakUyTlRNek5UZzNOVFl4TkM4eE1UQTVOVEF3TFRGZk9EQXdWM2c0TURCSXwyNWUwYzUxYzM2OTY2NDVkODBlNGE2ZjU3ZDMwOTMwNWIwNGFhZmI1ZDE3ZDkxYjk4MzQ3NGM1MWE4ZTI3M2Fl,,,https://static.bihr.pro/eBihr/Pictures/HINSON-pictures.zip,Spain Warehouse (Parts)
1109511,,SP165-7-001,HINSON,HINSO STEEL PLATE KIT (SET OF 7),Kit de separadores de embrague HINSON,96.80,80.00,56.00,SP165-7-001,0,8483608090,0,1,"<p>Hinson Clutches are championship proven by almost every major factory team and rider in the world, including Eli Tomac, Ken Roczen, Cooper Webb, Tim Gajser, Jeffrey Herlings, Jeremy Seewer, Chase Sexton, &amp; Joey Savatgy.</p>
<ul>
<li>Provide optimum hook up with minimum heat build up</li>
<li>Exceptional production tolerances and flatness</li>
<li>Developed with and recommended to enhance the performance of Hinson Clutch Baskets, Inner Hubs, and Pressure Plates</li>
<li>Manufactured to OE specs using high quality materials</li>
<li>Can be used with OE baskets, inner hubs, &amp; pressure plates* (*some models may vary)</li>
<li>Made in the USA.</li>
</ul>","
Hinson Clutches are championship proven by almost every major factory team and rider in the world, including Eli Tomac, Ken Roczen, Cooper Webb, Tim Gajser, Jeffrey Herlings, Jeremy Seewer, Chase Sexton, & Joey Savatgy.

Provide optimum hook up with minimum heat build up
Exceptional production tolerances and flatness
Developed with and recommended to enhance the performance of Hinson Clutch Baskets, Inner Hubs, and Pressure Plates
Manufactured to OE specs using high quality materials
Can be used with OE baskets, inner hubs, & pressure plates* (*some models may vary)
Made in the USA.
",VEHICLE PARTS & ACCESSORIES,ENGINE PARTS,ENG. CLUTCH,1823,600,206,167,53,,,https://api.mybihr.com/medias/1109511-1-800Wx800H?context=bWFzdGVyfHJvb3R8Njc0MDN8aW1hZ2UvanBlZ3xhREkwTDJoa055OHhNakUyTlRNek9ESXpORGt4TUM4eE1UQTVOVEV4TFRGZk9EQXdWM2c0TURCSXxkYjkzMDZhN2I5NjdlYTcyODk4YTU3YWJkZmRiMjkyMTQ3NzY5Mjg3Mjc4NDQ3MjI3YTdhODZlOGI1MWIwOWNk,,,https://static.bihr.pro/eBihr/Pictures/HINSON-pictures.zip,Spain Warehouse (Parts)
1109520,,H597-B-2101,HINSON,HINSO CLUTCH BASKET,Campana de embrague HINSON aluminio - Honda CRF450R,411.40,340.00,238.00,H597-B-2101,0,8483608090,0,1,"<p>The Winningest High Perfomance Clutch Basket in the World! Hinson Clutches are championship proven by almost every major factory team and rider, including Eli Tomac, Ken Roczen, Cooper Webb, Tim Gajser, Jeffrey Herlings, Jeremy Seewer, Chase Sexton, &amp; Joey Savatgy.</p>
<ul>
<li>Improves clutch performance and life</li>
<li>Smoother more positive starts</li>
<li>Increased oil dynamics help keep the clutch cool</li>
<li>Improves heat dissipation</li>
<li>Helps eliminate clutch chatter</li>
<li>Allows clutch assembly to spin more true creating less heat when clutch is disengaged and providing a more positive, smooth clutch engagement</li>
<li>Precision machined from billet T-6 aircraft quality aluminum to aerospace tolerances, and hardcoated to provide a high resistance to wear* (*with proper maintenance)</li>
<li>Can be use with all other OEM inner hubs, pressure plates and clutch packs. </li>
<li>Made in the USA</li>
</ul>","
The Winningest High Perfomance Clutch Basket in the World! Hinson Clutches are championship proven by almost every major factory team and rider, including Eli Tomac, Ken Roczen, Cooper Webb, Tim Gajser, Jeffrey Herlings, Jeremy Seewer, Chase Sexton, & Joey Savatgy.

Improves clutch performance and life
Smoother more positive starts
Increased oil dynamics help keep the clutch cool
Improves heat dissipation
Helps eliminate clutch chatter
Allows clutch assembly to spin more true creating less heat when clutch is disengaged and providing a more positive, smooth clutch engagement
Precision machined from billet T-6 aircraft quality aluminum to aerospace tolerances, and hardcoated to provide a high resistance to wear* (*with proper maintenance)
Can be use with all other OEM inner hubs, pressure plates and clutch packs. 
Made in the USA
",VEHICLE PARTS & ACCESSORIES,ENGINE PARTS,ENG. CLUTCH,2642,629,184,173,83,,,https://api.mybihr.com/medias/1109520-1-800Wx800H?context=bWFzdGVyfHJvb3R8MTM0NDk1fGltYWdlL2pwZWd8YURkakwyaGhZUzh4TWpFMk5UTXpPVGcwTURVME1pOHhNVEE1TlRJd0xURmZPREF3VjNnNE1EQkl8YzkyMmMxMGRhZDNlNTdjOWQ0NTYwOGQwZmNjOWFmMDhiMmUzOWM0YTVlYmRmZGU0YzNjODIxYWI2Zjc1ZTZhYg,,,https://static.bihr.pro/eBihr/Pictures/HINSON-pictures.zip,Spain Warehouse (Parts)
1109516,,H663-B-2101,HINSON,HINSO CLUTCH BASKET,Campana de embrague HINSON aluminio - Kawasaki KX450,411.40,340.00,238.00,H663-B-2101,0,8483608090,0,1,"<p>The Winningest High Perfomance Clutch Basket in the World! Hinson Clutches are championship proven by almost every major factory team and rider, including Eli Tomac, Ken Roczen, Cooper Webb, Tim Gajser, Jeffrey Herlings, Jeremy Seewer, Chase Sexton, &amp; Joey Savatgy.</p>
<ul>
<li>Improves clutch performance and life</li>
<li>Smoother more positive starts</li>
<li>Increased oil dynamics help keep the clutch cool</li>
<li>Improves heat dissipation</li>
<li>Helps eliminate clutch chatter</li>
<li>Allows clutch assembly to spin more true creating less heat when clutch is disengaged and providing a more positive, smooth clutch engagement</li>
<li>Precision machined from billet T-6 aircraft quality aluminum to aerospace tolerances, and hardcoated to provide a high resistance to wear* (*with proper maintenance)</li>
<li>Can be use with all other OEM inner hubs, pressure plates and clutch packs. </li>
<li>Made in the USA</li>
</ul>","
The Winningest High Perfomance Clutch Basket in the World! Hinson Clutches are championship proven by almost every major factory team and rider, including Eli Tomac, Ken Roczen, Cooper Webb, Tim Gajser, Jeffrey Herlings, Jeremy Seewer, Chase Sexton, & Joey Savatgy.

Improves clutch performance and life
Smoother more positive starts
Increased oil dynamics help keep the clutch cool
Improves heat dissipation
Helps eliminate clutch chatter
Allows clutch assembly to spin more true creating less heat when clutch is disengaged and providing a more positive, smooth clutch engagement
Precision machined from billet T-6 aircraft quality aluminum to aerospace tolerances, and hardcoated to provide a high resistance to wear* (*with proper maintenance)
Can be use with all other OEM inner hubs, pressure plates and clutch packs. 
Made in the USA
",VEHICLE PARTS & ACCESSORIES,ENGINE PARTS,ENG. CLUTCH,2701,778,187,174,83,,,https://api.mybihr.com/medias/1109516-1-800Wx800H?context=bWFzdGVyfHJvb3R8MTM0NDk1fGltYWdlL2pwZWd8YUdGaEwyaGpOUzh4TWpFMk5UTXpPVEExTkRFeE1DOHhNVEE1TlRFMkxURmZPREF3VjNnNE1EQkl8YTRjZDk2NDkwYmUwNTlkNWUzNzY0NTk2OGY0NjYyZDE2NmNjOTk4Y2M0NGNmNDE0NGE2MjExOWY5MDMyMjZmMQ,,,https://static.bihr.pro/eBihr/Pictures/HINSON-pictures.zip,Spain Warehouse (Parts)
1109515,,CS641-5-1901,HINSON,HINSO HI-TEMP CLUTCH SPRING KIT,Kit de muelles de embrague HINSON Hi-Temp,84.70,70.00,49.00,CS641-5-1901,0,8483608090,0,1,"<p>Hinson Clutches are championship proven by almost every major factory team and rider in the world, including Eli Tomac, Ken Roczen, Cooper Webb, Tim Gajser, Jeffrey Herlings, Jeremy Seewer, Chase Sexton, &amp; Joey Savatgy</p>
<ul>
<li>Provide optimum hook up with minimum heat build up</li>
<li>Exceptional production tolerances</li>
<li>Developed with and recommended to enhance the performance of Hinson Clutch Baskets, Inner Hubs, and Pressure Plates</li>
<li>Manufactured from high temperature steel, highly resistant to losing their strength due to the high heat generated by a clutch</li>
<li>Can be used with OE baskets, inner hubs, &amp; pressure plates* (*some models may vary)</li>
<li>Made in the USA.</li>
</ul>","
Hinson Clutches are championship proven by almost every major factory team and rider in the world, including Eli Tomac, Ken Roczen, Cooper Webb, Tim Gajser, Jeffrey Herlings, Jeremy Seewer, Chase Sexton, & Joey Savatgy

Provide optimum hook up with minimum heat build up
Exceptional production tolerances
Developed with and recommended to enhance the performance of Hinson Clutch Baskets, Inner Hubs, and Pressure Plates
Manufactured from high temperature steel, highly resistant to losing their strength due to the high heat generated by a clutch
Can be used with OE baskets, inner hubs, & pressure plates* (*some models may vary)
Made in the USA.
",VEHICLE PARTS & ACCESSORIES,ENGINE PARTS,ENG. CLUTCH,346,94,107,85,38,,,https://api.mybihr.com/medias/1109515-1-800Wx800H?context=bWFzdGVyfHJvb3R8MTMxNjQ1fGltYWdlL3BuZ3xhRFkwTDJnd015OHhNakUyTlRNek1UY3hOREEzT0M4eE1UQTVOVEUxTFRGZk9EQXdWM2c0TURCSXw2ZGYwYzBmYTEwOTU5YWY1ZjI1NjNhOTlkYmM0NTAyOWNhYzE3OWJmNGYxOGZlMzQ3MjFiMTgyNTNiMWY1NWY3,,,https://static.bihr.pro/eBihr/Pictures/HINSON-pictures.zip,Spain Warehouse (Parts)
1109495,,CS216-6-0315,HINSON,HINSO HI-TEMP CLUTCH SPRING KIT (SET 6),Kit de muelles de embrague HINSON Hi-Temp,96.80,80.00,56.00,CS216-6-0315,0,8483608090,0,1,"<p>Hinson Clutches are championship proven by almost every major factory team and rider in the world, including Eli Tomac, Ken Roczen, Cooper Webb, Tim Gajser, Jeffrey Herlings, Jeremy Seewer, Chase Sexton, &amp; Joey Savatgy</p>
<ul>
<li>Provide optimum hook up with minimum heat build up</li>
<li>Exceptional production tolerances</li>
<li>Developed with and recommended to enhance the performance of Hinson Clutch Baskets, Inner Hubs, and Pressure Plates</li>
<li>Manufactured from high temperature steel, highly resistant to losing their strength due to the high heat generated by a clutch</li>
<li>Can be used with OE baskets, inner hubs, &amp; pressure plates* (*some models may vary)</li>
<li>Made in the USA.</li>
</ul>","
Hinson Clutches are championship proven by almost every major factory team and rider in the world, including Eli Tomac, Ken Roczen, Cooper Webb, Tim Gajser, Jeffrey Herlings, Jeremy Seewer, Chase Sexton, & Joey Savatgy

Provide optimum hook up with minimum heat build up
Exceptional production tolerances
Developed with and recommended to enhance the performance of Hinson Clutch Baskets, Inner Hubs, and Pressure Plates
Manufactured from high temperature steel, highly resistant to losing their strength due to the high heat generated by a clutch
Can be used with OE baskets, inner hubs, & pressure plates* (*some models may vary)
Made in the USA.
",VEHICLE PARTS & ACCESSORIES,ENGINE PARTS,ENG. CLUTCH,287,100,111,74,35,,,https://api.mybihr.com/medias/1109495-1-800Wx800H?context=bWFzdGVyfHJvb3R8MTMxNjQ1fGltYWdlL3BuZ3xhRE5qTDJnellpOHhNakUxTXpFd01UTTROVGMxT0M4eE1UQTVORGsxTFRGZk9EQXdWM2c0TURCSXwzNmE5ODg3NDIyOGUyNmRlOGNjNjU2MGY1MWZjMzg5NGVlMjVkNTk5Mzk1YTQwNGY0YzJkYjY4NzBhNTkwM2Y0,,,https://static.bihr.pro/eBihr/Pictures/HINSON-pictures.zip,Spain Warehouse (Parts)
1109514,,SP755-8-001,HINSON,HINSO STEEL PLATE KIT (SET OF 8),Kit de separadores de embrague HINSON,108.90,90.00,63.00,SP755-8-001,0,8483608090,0,1,"<p>Hinson Clutches are championship proven by almost every major factory team and rider in the world, including Eli Tomac, Ken Roczen, Cooper Webb, Tim Gajser, Jeffrey Herlings, Jeremy Seewer, Chase Sexton, &amp; Joey Savatgy.</p>
<ul>
<li>Provide optimum hook up with minimum heat build up</li>
<li>Exceptional production tolerances and flatness</li>
<li>Developed with and recommended to enhance the performance of Hinson Clutch Baskets, Inner Hubs, and Pressure Plates</li>
<li>Manufactured to OE specs using high quality materials</li>
<li>Can be used with OE baskets, inner hubs, &amp; pressure plates* (*some models may vary)</li>
<li>Made in the USA.</li>
</ul>","
Hinson Clutches are championship proven by almost every major factory team and rider in the world, including Eli Tomac, Ken Roczen, Cooper Webb, Tim Gajser, Jeffrey Herlings, Jeremy Seewer, Chase Sexton, & Joey Savatgy.

Provide optimum hook up with minimum heat build up
Exceptional production tolerances and flatness
Developed with and recommended to enhance the performance of Hinson Clutch Baskets, Inner Hubs, and Pressure Plates
Manufactured to OE specs using high quality materials
Can be used with OE baskets, inner hubs, & pressure plates* (*some models may vary)
Made in the USA.
",VEHICLE PARTS & ACCESSORIES,ENGINE PARTS,ENG. CLUTCH,1808,584,203,168,53,,,https://api.mybihr.com/medias/1109514-1-800Wx800H?context=bWFzdGVyfHJvb3R8Njc0MDN8aW1hZ2UvanBlZ3xhRGd5TDJobFlpOHhNakUyTlRNek9EZ3lORGN6TkM4eE1UQTVOVEUwTFRGZk9EQXdWM2c0TURCSXw0NjJjM2U0NTQ5MTBhOWFlZWFmMzZiMzVmN2MxOTkwYTUwOGZjZTFhMjg3Mjk5ZDMyNjNmZTljYTMwN2ZlMzcy,,,https://static.bihr.pro/eBihr/Pictures/HINSON-pictures.zip,Spain Warehouse (Parts)
1109513,,SP373-9-001,HINSON,HINSO STEEL PLATE KIT (SET OF 9),Kit de separadores de embrague HINSON,108.90,90.00,63.00,SP373-9-001,0,8483608090,0,1,"<p>Hinson Clutches are championship proven by almost every major factory team and rider in the world, including Eli Tomac, Ken Roczen, Cooper Webb, Tim Gajser, Jeffrey Herlings, Jeremy Seewer, Chase Sexton, &amp; Joey Savatgy.</p>
<ul>
<li>Provide optimum hook up with minimum heat build up</li>
<li>Exceptional production tolerances and flatness</li>
<li>Developed with and recommended to enhance the performance of Hinson Clutch Baskets, Inner Hubs, and Pressure Plates</li>
<li>Manufactured to OE specs using high quality materials</li>
<li>Can be used with OE baskets, inner hubs, &amp; pressure plates* (*some models may vary)</li>
<li>Made in the USA.</li>
</ul>","
Hinson Clutches are championship proven by almost every major factory team and rider in the world, including Eli Tomac, Ken Roczen, Cooper Webb, Tim Gajser, Jeffrey Herlings, Jeremy Seewer, Chase Sexton, & Joey Savatgy.

Provide optimum hook up with minimum heat build up
Exceptional production tolerances and flatness
Developed with and recommended to enhance the performance of Hinson Clutch Baskets, Inner Hubs, and Pressure Plates
Manufactured to OE specs using high quality materials
Can be used with OE baskets, inner hubs, & pressure plates* (*some models may vary)
Made in the USA.
",VEHICLE PARTS & ACCESSORIES,ENGINE PARTS,ENG. CLUTCH,1806,648,204,167,53,,,https://api.mybihr.com/medias/1109513-1-800Wx800H?context=bWFzdGVyfHJvb3R8Njc0MDN8aW1hZ2UvanBlZ3xhR0l5TDJobE5DOHhNakUyTlRNek9EWXlPREV5Tmk4eE1UQTVOVEV6TFRGZk9EQXdWM2c0TURCSXw3ODg2YmJkNzQ5ZjU2NjJlMWY1NWZkMmFlMjhlOWQwNWZlZWJlZWIyOGIwYTBmZWVjOGVmMDQ3Y2Y2ZDRlZDAw,,,https://static.bihr.pro/eBihr/Pictures/HINSON-pictures.zip,Spain Warehouse (Parts)
1109519,,SP557-7-2101,HINSON,HINSO STEEL PLATE KIT (SET OF 7),Kit de separadores de embrague HINSON,96.80,80.00,56.00,SP557-7-2101,0,8483608090,0,1,<p><strong>Advertencia: Estos discos lisos están diseñados para su uso con bujes y platos de presión de resorte único.</strong></p>,"
Advertencia: Estos discos lisos están diseñados para su uso con bujes y platos de presión de resorte único.",VEHICLE PARTS & ACCESSORIES,ENGINE PARTS,ENG. CLUTCH,1885,549,204,168,55,,,https://api.mybihr.com/medias/1109519-1-800Wx800H?context=bWFzdGVyfHJvb3R8Njc0MDN8aW1hZ2UvanBlZ3xhRFJrTDJoaU1TOHhNakUyTlRNek9UWTBNemt6TkM4eE1UQTVOVEU1TFRGZk9EQXdWM2c0TURCSXwyZmRiYWQzZTBkMGIxNWZmNjcyYjdkMmFhY2I5NzcwZGQ3NTQ3YTlhODMzZDYxZTAwYTRlYWZjZGU3ODgzZmI2,,,https://static.bihr.pro/eBihr/Pictures/HINSON-pictures.zip,Spain Warehouse (Parts)
1060538,127008,C141,HINSON,HINSO COVER CLUTCH BLK,"Tapa de embrague HINSON, Yamaha YZ250F",235.95,195.00,98.00,4000504002018,1,8483608090,0,1,"<p>Hinson Clutches are championship proven by almost every major factory team and rider in the world, including Eli Tomac, Ken Roczen, Cooper Webb, Tim Gajser, Jeffrey Herlings, Jeremy Seewer, Chase Sexton, &amp; Joey Savatgy.</p>
<ul>
<li>Hardcoated for extreme boot wear resistance</li>
<li>Much stronger than stock, protecting from rock damage</li>
<li>Improves heat dissipation</li>
<li>Precision machined from billet T-6 aircraft quality aluminum to aerospace tolerances</li>
</ul>","
Hinson Clutches are championship proven by almost every major factory team and rider in the world, including Eli Tomac, Ken Roczen, Cooper Webb, Tim Gajser, Jeffrey Herlings, Jeremy Seewer, Chase Sexton, & Joey Savatgy.

Hardcoated for extreme boot wear resistance
Much stronger than stock, protecting from rock damage
Improves heat dissipation
Precision machined from billet T-6 aircraft quality aluminum to aerospace tolerances
",VEHICLE PARTS & ACCESSORIES,ACCESSORIES,ACC. PLASTIC&PROTECT,1736,220,181,35,274,,,https://api.mybihr.com/medias/800Wx800H-1060538-1.jpg?context=bWFzdGVyfHJvb3R8NzY3NzJ8aW1hZ2UvanBlZ3xhRFF3TDJneE15ODRNVGN5TXpRNE56WXhOekExTkM4NE1EQlhlRGd3TUVoZk1UQTJNRFV6T0MweExtcHdad3xkZGZkMTEzNTMzYzJlZjMzNWE3NDg4ODE5ODU2ZTAzMGZhZDYyZjQ3MDVjN2IxODA4YjAwNDkxN2RmZWQwOGY0,,,https://static.bihr.pro/eBihr/Pictures/HINSON-pictures.zip,Spain Warehouse (Parts)
1060543,127038,C240,HINSON,HINSO COVER CLUTCH BLK,Tapa de embrague HINSON para Yamaha,235.95,195.00,136.50,C240,0,8483608090,0,1,"<p>Hinson Clutches are championship proven by almost every major factory team and rider in the world, including Eli Tomac, Ken Roczen, Cooper Webb, Tim Gajser, Jeffrey Herlings, Jeremy Seewer, Chase Sexton, &amp; Joey Savatgy.</p>
<ul>
<li>Hardcoated for extreme boot wear resistance</li>
<li>Much stronger than stock, protecting from rock damage</li>
<li>Improves heat dissipation</li>
<li>Precision machined from billet T-6 aircraft quality aluminum to aerospace tolerances</li>
</ul>","
Hinson Clutches are championship proven by almost every major factory team and rider in the world, including Eli Tomac, Ken Roczen, Cooper Webb, Tim Gajser, Jeffrey Herlings, Jeremy Seewer, Chase Sexton, & Joey Savatgy.

Hardcoated for extreme boot wear resistance
Much stronger than stock, protecting from rock damage
Improves heat dissipation
Precision machined from billet T-6 aircraft quality aluminum to aerospace tolerances
",VEHICLE PARTS & ACCESSORIES,ACCESSORIES,ACC. PLASTIC&PROTECT,1931,272,261,200,37,,,https://api.mybihr.com/medias/1060543-1-800Wx800H?context=bWFzdGVyfHJvb3R8NzA3NzB8aW1hZ2UvanBlZ3xhRE5pTDJoa1lpODRPVGN5T0Rrd05ETTVOekV3THpFd05qQTFORE10TVY4NE1EQlhlRGd3TUVnfGMyMTBkOGU0ODdiYzlhY2JiNGViY2M3NDE2MzIzYTY3ZDFlMTUwZWQ1ODk1YmUxMWI0ZjBkODBjZGEwZmNmODI,,,https://static.bihr.pro/eBihr/Pictures/HINSON-pictures.zip,Spain Warehouse (Parts)
1060540,127006,C196,HINSON,HINSO COVER CLUTCH BLK,Tapa de embrague HINSON Yamaha,235.95,195.00,136.50,C196,0,8483608090,0,1,"<p><strong>Cubierta de embrague Billetproof</strong></p>
<ul>
<li>Los embragues Hinson han sido probados en campeonatos por casi todos los grandes equipos de f&aacute;brica y pilotos del mundo, como Eli Tomac, Ken Roczen, Cooper Webb, Tim Gajser, Jeffrey Herlings, Jeremy Seewer, Chase Sexton y Joey Savatgy.</li>
<li>Recubrimiento duro para una resistencia extrema al desgaste de la bota</li>
<li>Mucho m&aacute;s resistentes que las originales, protegi&eacute;ndolas de los da&ntilde;os causados por las rocas</li>
<li>Mejora la disipaci&oacute;n del calor</li>
<li>Mecanizado con precisi&oacute;n a partir de aluminio billet T-6 de calidad aeron&aacute;utica con tolerancias aeroespaciales.</li>
</ul>","
Cubierta de embrague Billetproof

Los embragues Hinson han sido probados en campeonatos por casi todos los grandes equipos de fábrica y pilotos del mundo, como Eli Tomac, Ken Roczen, Cooper Webb, Tim Gajser, Jeffrey Herlings, Jeremy Seewer, Chase Sexton y Joey Savatgy.
Recubrimiento duro para una resistencia extrema al desgaste de la bota
Mucho más resistentes que las originales, protegiéndolas de los daños causados por las rocas
Mejora la disipación del calor
Mecanizado con precisión a partir de aluminio billet T-6 de calidad aeronáutica con tolerancias aeroespaciales.
",VEHICLE PARTS & ACCESSORIES,ACCESSORIES,ACC. PLASTIC&PROTECT,2116,402,277,201,38,,,https://api.mybihr.com/medias/800Wx800H-1060540-1.jpg?context=bWFzdGVyfHJvb3R8NzY3NzJ8aW1hZ2UvanBlZ3xhR00wTDJnME1TODJNekEyTURVeE56WXhOelk1TkM4NE1EQlhlRGd3TUVoZk1UQTJNRFUwTUMweExtcHdad3wxNjE0ZTEwMjZkMDBlNDhiMjBjZDE3NDBjYzEyNzI0NjMxY2VlYjU3NGI5MmU5MDJlNzg4ZTZkMGU3Mjk3ZWFi,,,https://static.bihr.pro/eBihr/Pictures/HINSON-pictures.zip,Spain Warehouse (Parts)
1060558,127147,C474,HINSON,HINSO COVER CLUTCH BLK,Tapa de embrague HINSON Suzuki RM-Z250 2007-2019,235.95,195.00,136.50,400050300701,1,8483608090,0,1,"<p>Hinson Clutches are championship proven by almost every major factory team and rider in the world, including Eli Tomac, Ken Roczen, Cooper Webb, Tim Gajser, Jeffrey Herlings, Jeremy Seewer, Chase Sexton, &amp; Joey Savatgy.</p>
<ul>
<li>Hardcoated for extreme boot wear resistance</li>
<li>Much stronger than stock, protecting from rock damage</li>
<li>Improves heat dissipation</li>
<li>Precision machined from billet T-6 aircraft quality aluminum to aerospace tolerances</li>
</ul>","
Hinson Clutches are championship proven by almost every major factory team and rider in the world, including Eli Tomac, Ken Roczen, Cooper Webb, Tim Gajser, Jeffrey Herlings, Jeremy Seewer, Chase Sexton, & Joey Savatgy.

Hardcoated for extreme boot wear resistance
Much stronger than stock, protecting from rock damage
Improves heat dissipation
Precision machined from billet T-6 aircraft quality aluminum to aerospace tolerances
",VEHICLE PARTS & ACCESSORIES,ACCESSORIES,ACC. PLASTIC&PROTECT,2470,357,234,203,52,,,https://api.mybihr.com/medias/1060558-1-800Wx800H?context=bWFzdGVyfHJvb3R8MjMyNDE4fGltYWdlL2pwZWd8YUdJd0wyZzFaQzg1TURFeU9UUTROalkwTXpVd0x6RXdOakExTlRndE1WODRNREJYZURnd01FZ3w0NTExYmRiMWYwOWMyNDk5M2RhZDY0ZTQ4MDRkNGFjNDYxOGExZjUyNjliNTNkMThkOWUyMjVlMGQxZTQyZjgy,,,https://static.bihr.pro/eBihr/Pictures/HINSON-pictures.zip,Spain Warehouse (Parts)
1060557,127037,C454,HINSON,HINSO COVER CLUTCH BLK,"Tapa de embrague HINSON, KTM",235.95,195.00,98.00,127037,3,8483608090,0,1,"<p>Hinson Clutches are championship proven by almost every major factory team and rider in the world, including Eli Tomac, Ken Roczen, Cooper Webb, Tim Gajser, Jeffrey Herlings, Jeremy Seewer, Chase Sexton, &amp; Joey Savatgy.</p>
<ul>
<li>Hardcoated for extreme boot wear resistance</li>
<li>Much stronger than stock, protecting from rock damage</li>
<li>Improves heat dissipation</li>
<li>Precision machined from billet T-6 aircraft quality aluminum to aerospace tolerances</li>
</ul>","
Hinson Clutches are championship proven by almost every major factory team and rider in the world, including Eli Tomac, Ken Roczen, Cooper Webb, Tim Gajser, Jeffrey Herlings, Jeremy Seewer, Chase Sexton, & Joey Savatgy.

Hardcoated for extreme boot wear resistance
Much stronger than stock, protecting from rock damage
Improves heat dissipation
Precision machined from billet T-6 aircraft quality aluminum to aerospace tolerances
",VEHICLE PARTS & ACCESSORIES,ACCESSORIES,ACC. PLASTIC&PROTECT,1924,310,264,197,37,,,https://api.mybihr.com/medias/1060557-1-800Wx800H?context=bWFzdGVyfHJvb3R8NzA3NzB8aW1hZ2UvanBlZ3xhREExTDJnNFlTODRPVFk0TXprMU56ZzBNakl5THpFd05qQTFOVGN0TVY4NE1EQlhlRGd3TUVnfDE5NjA1NTIxNTVkOTQ2NmYwOWRmOGZmMWQxNmE3MjAxMmE3MmFjYTZlM2VhOTc3MWI4YjRiMWVlZjk4NTQ1YmI,,,https://static.bihr.pro/eBihr/Pictures/HINSON-pictures.zip,Spain Warehouse (Parts)
1060533,127009,C028-002,HINSON,HINSO COVER CLUTCH BLK,"Tapa de embrague HINSON, Honda CR250R 2002-2007",272.25,225.00,157.50,4000501003018,0,8483608090,0,1,"<p><strong>Cubierta de embrague Billetproof</strong></p>
<ul>
<li>Los embragues Hinson han sido probados en campeonatos por casi todos los grandes equipos de f&aacute;brica y pilotos del mundo, como Eli Tomac, Ken Roczen, Cooper Webb, Tim Gajser, Jeffrey Herlings, Jeremy Seewer, Chase Sexton y Joey Savatgy.</li>
<li>Recubrimiento duro para una resistencia extrema al desgaste de la bota</li>
<li>Mucho m&aacute;s resistentes que las originales, protegi&eacute;ndolas de los da&ntilde;os causados por las rocas</li>
<li>Mejora la disipaci&oacute;n del calor</li>
<li>Mecanizado con precisi&oacute;n a partir de aluminio billet T-6 de calidad aeron&aacute;utica con tolerancias aeroespaciales.</li>
</ul>","
Cubierta de embrague Billetproof

Los embragues Hinson han sido probados en campeonatos por casi todos los grandes equipos de fábrica y pilotos del mundo, como Eli Tomac, Ken Roczen, Cooper Webb, Tim Gajser, Jeffrey Herlings, Jeremy Seewer, Chase Sexton y Joey Savatgy.
Recubrimiento duro para una resistencia extrema al desgaste de la bota
Mucho más resistentes que las originales, protegiéndolas de los daños causados por las rocas
Mejora la disipación del calor
Mecanizado con precisión a partir de aluminio billet T-6 de calidad aeronáutica con tolerancias aeroespaciales.
",VEHICLE PARTS & ACCESSORIES,ACCESSORIES,ACC. PLASTIC&PROTECT,1740,600,290,200,30,,,https://api.mybihr.com/medias/800Wx800H-1060533-1.jpg?context=bWFzdGVyfHJvb3R8MTc5MTc3fGltYWdlL2pwZWd8YUdGakwyZzRZUzgyTXpBMk1EVXhOVGcwT0RJeU1pODRNREJYZURnd01FaGZNVEEyTURVek15MHhMbXB3Wnd8MzIyMjkwZWM3Y2NkZWFkOTUxNzNjMmU4MWYyNzU3MTQzMDQwMzQ4OTU1MDI5YTQ2M2JlNzIzNGM4ODZkYjVjNg,https://api.mybihr.com/medias/800Wx800H-1060533-2.jpg?context=bWFzdGVyfHJvb3R8MTg4MzU4fGltYWdlL2pwZWd8YURGbUwyZ3pPUzgyTXpBMk1EVXhOakV4TURNMk5pODRNREJYZURnd01FaGZNVEEyTURVek15MHlMbXB3Wnd8NjJiMDdmNmYyZTRhNDcwNzgxZjYxOWVlZmQ1NmNlM2U2YjU0MDMyYmZiYzM2ODJiN2VjZmFlNzk0NjkyNjNmNw,,https://static.bihr.pro/eBihr/Pictures/HINSON-pictures.zip,Spain Warehouse (Parts)
1060544,127452,C249,HINSON,HINSO COVER CLUTCH BLK,"Tapa de embrague HINSON, aluminio, KTM/Husqvarna",235.95,195.00,110.60,C249,2,8483608090,0,1,"<p>Hinson Clutches are championship proven by almost every major factory team and rider in the world, including Eli Tomac, Ken Roczen, Cooper Webb, Tim Gajser, Jeffrey Herlings, Jeremy Seewer, Chase Sexton, &amp; Joey Savatgy.</p>
<ul>
<li>Hardcoated for extreme boot wear resistance</li>
<li>Much stronger than stock, protecting from rock damage</li>
<li>Improves heat dissipation</li>
<li>Precision machined from billet T-6 aircraft quality aluminum to aerospace tolerances</li>
</ul>","
Hinson Clutches are championship proven by almost every major factory team and rider in the world, including Eli Tomac, Ken Roczen, Cooper Webb, Tim Gajser, Jeffrey Herlings, Jeremy Seewer, Chase Sexton, & Joey Savatgy.

Hardcoated for extreme boot wear resistance
Much stronger than stock, protecting from rock damage
Improves heat dissipation
Precision machined from billet T-6 aircraft quality aluminum to aerospace tolerances
",VEHICLE PARTS & ACCESSORIES,ACCESSORIES,ACC. PLASTIC&PROTECT,2460,348,240,205,50,,,https://api.mybihr.com/medias/1060544-1-800Wx800H?context=bWFzdGVyfHJvb3R8NTI5MjV8aW1hZ2UvanBlZ3xhREJpTDJobE1pODRPVGN5T0Rrd05qTTJNekU0THpFd05qQTFORFF0TVY4NE1EQlhlRGd3TUVnfDY4NzMzMjdhZjhjMzQwOGQ1Mjg0ZWY0ZGVlNWRlYTllY2IwMTg4NzU2Mjc1YzlmNTkzMzJhZGI0N2FjYmMyNGE,,,https://static.bihr.pro/eBihr/Pictures/HINSON-pictures.zip,Spain Warehouse (Parts)
1060536,127041,C091,HINSON,HINSO COVER CLUTCH BLK,"Tapa de embrague HINSON, KTM",235.95,195.00,136.50,400050500101,0,8483608090,0,1,"<p><strong>Cubierta de embrague Billetproof</strong></p>
<ul>
<li>Los embragues Hinson han sido probados en campeonatos por casi todos los grandes equipos de f&aacute;brica y pilotos del mundo, como Eli Tomac, Ken Roczen, Cooper Webb, Tim Gajser, Jeffrey Herlings, Jeremy Seewer, Chase Sexton y Joey Savatgy.</li>
<li>Recubrimiento duro para una resistencia extrema al desgaste de la bota</li>
<li>Mucho m&aacute;s resistentes que las originales, protegi&eacute;ndolas de los da&ntilde;os causados por las rocas</li>
<li>Mejora la disipaci&oacute;n del calor</li>
<li>Mecanizado con precisi&oacute;n a partir de aluminio billet T-6 de calidad aeron&aacute;utica con tolerancias aeroespaciales.</li>
</ul>","
Cubierta de embrague Billetproof

Los embragues Hinson han sido probados en campeonatos por casi todos los grandes equipos de fábrica y pilotos del mundo, como Eli Tomac, Ken Roczen, Cooper Webb, Tim Gajser, Jeffrey Herlings, Jeremy Seewer, Chase Sexton y Joey Savatgy.
Recubrimiento duro para una resistencia extrema al desgaste de la bota
Mucho más resistentes que las originales, protegiéndolas de los daños causados por las rocas
Mejora la disipación del calor
Mecanizado con precisión a partir de aluminio billet T-6 de calidad aeronáutica con tolerancias aeroespaciales.
",VEHICLE PARTS & ACCESSORIES,ACCESSORIES,ACC. PLASTIC&PROTECT,2460,348,240,205,50,,,https://api.mybihr.com/medias/800Wx800H-1060536-1.jpg?context=bWFzdGVyfHJvb3R8MjMxNTM4fGltYWdlL2pwZWd8YUdReUwyZ3lOeTgyTXpBMk1EVXhOall6TkRZMU5DODRNREJYZURnd01FaGZNVEEyTURVek5pMHhMbXB3Wnd8N2Y1M2E2Y2RhZjliMmZiMDQzNTg1NDU4N2Y2ODhkMzIwZDE2NGZhNzc3NTMyNTFkMDUwNWJiNDMxMzExNmY3OQ,,,https://static.bihr.pro/eBihr/Pictures/HINSON-pictures.zip,Spain Warehouse (Parts)
1060546,127024,C254,HINSON,HINSO COVER CLUTCH BLK,"Tapa de embrague HINSON, KTM XC450/525 '08-09, Predator 500 '03-04, Outlaw 450/525 '08",235.95,195.00,136.50,C254,1,8483608090,0,1,"<p>Hinson Clutches are championship proven by almost every major factory team and rider in the world, including Eli Tomac, Ken Roczen, Cooper Webb, Tim Gajser, Jeffrey Herlings, Jeremy Seewer, Chase Sexton, &amp; Joey Savatgy.</p>
<ul>
<li>Hardcoated for extreme boot wear resistance</li>
<li>Much stronger than stock, protecting from rock damage</li>
<li>Improves heat dissipation</li>
<li>Precision machined from billet T-6 aircraft quality aluminum to aerospace tolerances</li>
</ul>","
Hinson Clutches are championship proven by almost every major factory team and rider in the world, including Eli Tomac, Ken Roczen, Cooper Webb, Tim Gajser, Jeffrey Herlings, Jeremy Seewer, Chase Sexton, & Joey Savatgy.

Hardcoated for extreme boot wear resistance
Much stronger than stock, protecting from rock damage
Improves heat dissipation
Precision machined from billet T-6 aircraft quality aluminum to aerospace tolerances
",VEHICLE PARTS & ACCESSORIES,ACCESSORIES,ACC. PLASTIC&PROTECT,2575,345,174,185,80,,,https://api.mybihr.com/medias/1060546-1-800Wx800H?context=bWFzdGVyfHJvb3R8NjE0Mjl8aW1hZ2UvanBlZ3xhR0ppTDJoak9DODRPVGN5T0RreE1ESTVOVE0wTHpFd05qQTFORFl0TVY4NE1EQlhlRGd3TUVnfDZmOWI4ZTZkYjRlMGI1NmEyMTliMDkxN2Y3ZjY2ZGY5Y2U3MjM0YWJhN2FlYjBmMjM3OGI1ZWIzZmVkOTZjMjk,https://api.mybihr.com/medias/1060546-2-800Wx800H?context=bWFzdGVyfHJvb3R8Mzg5OTV8aW1hZ2UvanBlZ3xhR1ZoTDJoak1TODRPVGN5T0RreE1qSTJNVFF5THpFd05qQTFORFl0TWw4NE1EQlhlRGd3TUVnfDNlOTcyMDU2MTg3ODMzYWMyYWRlYzUxMjViOWY5ODllNmI2MTI0OGQ1ZWUxNWVkNTk5YzFlYzIyZWE4YTA0NGU,,https://static.bihr.pro/eBihr/Pictures/HINSON-pictures.zip,Spain Warehouse (Parts)
1060550,127030,C330,HINSON,HINSO COVER CLUTCH BLK,"Tapa de embrague HINSON, aluminio negro, Suzuki RM-Z450",235.95,195.00,136.50,400050300501,0,8483608090,0,1,"<p>Hinson Clutches are championship proven by almost every major factory team and rider in the world, including Eli Tomac, Ken Roczen, Cooper Webb, Tim Gajser, Jeffrey Herlings, Jeremy Seewer, Chase Sexton, &amp; Joey Savatgy.</p>
<ul>
<li>Hardcoated for extreme boot wear resistance</li>
<li>Much stronger than stock, protecting from rock damage</li>
<li>Improves heat dissipation</li>
<li>Precision machined from billet T-6 aircraft quality aluminum to aerospace tolerances</li>
</ul>","
Hinson Clutches are championship proven by almost every major factory team and rider in the world, including Eli Tomac, Ken Roczen, Cooper Webb, Tim Gajser, Jeffrey Herlings, Jeremy Seewer, Chase Sexton, & Joey Savatgy.

Hardcoated for extreme boot wear resistance
Much stronger than stock, protecting from rock damage
Improves heat dissipation
Precision machined from billet T-6 aircraft quality aluminum to aerospace tolerances
",VEHICLE PARTS & ACCESSORIES,ACCESSORIES,ACC. PLASTIC&PROTECT,2288,392,266,200,43,Negro,,https://api.mybihr.com/medias/1060550-1-800Wx800H?context=bWFzdGVyfHJvb3R8MjU0OTh8aW1hZ2UvanBlZ3xhREV4TDJnMVppODRPVGN5T0RreU1ERXlOVGMwTHpFd05qQTFOVEF0TVY4NE1EQlhlRGd3TUVnfDIxMGY1MjAxNjEyZjdiYzE5YzU0YWZhZDYyYWY2NDRhN2RmMWZlNzYzN2YxZGI4Y2FkNDYzZWZiMDA2M2UwYzU,,,https://static.bihr.pro/eBihr/Pictures/HINSON-pictures.zip,Spain Warehouse (Parts)
1060535,127039,C054,HINSON,HINSO COVER CLUTCH BLK,Tapa de embrague HINSON para Yamaha,235.95,195.00,136.50,C054,1,8483608090,0,1,"<p>Hinson Clutches are championship proven by almost every major factory team and rider in the world, including Eli Tomac, Ken Roczen, Cooper Webb, Tim Gajser, Jeffrey Herlings, Jeremy Seewer, Chase Sexton, &amp; Joey Savatgy.</p>
<ul>
<li>Hardcoated for extreme boot wear resistance</li>
<li>Much stronger than stock, protecting from rock damage</li>
<li>Improves heat dissipation</li>
<li>Precision machined from billet T-6 aircraft quality aluminum to aerospace tolerances</li>
</ul>","
Hinson Clutches are championship proven by almost every major factory team and rider in the world, including Eli Tomac, Ken Roczen, Cooper Webb, Tim Gajser, Jeffrey Herlings, Jeremy Seewer, Chase Sexton, & Joey Savatgy.

Hardcoated for extreme boot wear resistance
Much stronger than stock, protecting from rock damage
Improves heat dissipation
Precision machined from billet T-6 aircraft quality aluminum to aerospace tolerances
",VEHICLE PARTS & ACCESSORIES,ACCESSORIES,ACC. PLASTIC&PROTECT,1998,296,270,200,37,,,https://api.mybihr.com/medias/1060535-1-800Wx800H?context=bWFzdGVyfHJvb3R8NzA3NzB8aW1hZ2UvanBlZ3xhREpoTDJnNU9DODRPVGN5T0RnNE9EWTJPRFEyTHpFd05qQTFNelV0TVY4NE1EQlhlRGd3TUVnfGEyM2E0MDU5N2JhNWFlZDFhZDEwMjQ2YTM1OGRlMzIyODBhYzc2ZDIxZjM3MTVhMzcwNWJmY2QzMzE2ZGFhMDk,,,https://static.bihr.pro/eBihr/Pictures/HINSON-pictures.zip,Spain Warehouse (Parts)
1060548,127013,C268,HINSON,HINSO COVER CLUTCH BLK,"Tapa de embrague HINSON, Kawasaki LTR450 '06",235.95,195.00,136.50,4000503003016,0,8483608090,0,1,"<p><strong>Cubierta de embrague Billetproof</strong></p>
<ul>
<li>Los embragues Hinson han sido probados en campeonatos por casi todos los grandes equipos de f&aacute;brica y pilotos del mundo, como Eli Tomac, Ken Roczen, Cooper Webb, Tim Gajser, Jeffrey Herlings, Jeremy Seewer, Chase Sexton y Joey Savatgy.</li>
<li>Recubrimiento duro para una resistencia extrema al desgaste de la bota</li>
<li>Mucho m&aacute;s resistentes que las originales, protegi&eacute;ndolas de los da&ntilde;os causados por las rocas</li>
<li>Mejora la disipaci&oacute;n del calor</li>
<li>Mecanizado con precisi&oacute;n a partir de aluminio billet T-6 de calidad aeron&aacute;utica con tolerancias aeroespaciales.</li>
</ul>","
Cubierta de embrague Billetproof

Los embragues Hinson han sido probados en campeonatos por casi todos los grandes equipos de fábrica y pilotos del mundo, como Eli Tomac, Ken Roczen, Cooper Webb, Tim Gajser, Jeffrey Herlings, Jeremy Seewer, Chase Sexton y Joey Savatgy.
Recubrimiento duro para una resistencia extrema al desgaste de la bota
Mucho más resistentes que las originales, protegiéndolas de los daños causados por las rocas
Mejora la disipación del calor
Mecanizado con precisión a partir de aluminio billet T-6 de calidad aeronáutica con tolerancias aeroespaciales.
",VEHICLE PARTS & ACCESSORIES,ACCESSORIES,ACC. PLASTIC&PROTECT,2550,330,255,200,50,,,https://api.mybihr.com/medias/800Wx800H-1060548-1.jpg?context=bWFzdGVyfHJvb3R8NzY3NzJ8aW1hZ2UvanBlZ3xhRGRoTDJobE5pODJNekEyTURVeE9UYzRNRE00TWk4NE1EQlhlRGd3TUVoZk1UQTJNRFUwT0MweExtcHdad3wzZDUzODQ2NDQyMDI1ZGRkNmYyZGEzZDRhYTdlNDZiMDRjYzRjZThmMTFmYTNjNGFiNGRiNmY5YzBlNDdjYmUz,,,https://static.bihr.pro/eBihr/Pictures/HINSON-pictures.zip,Spain Warehouse (Parts)
1060555,127032,C416,HINSON,HINSO COVER CLUTCH BLK,Tapa de embrague HINSON para Yamaha YZ450F '10,235.95,195.00,136.50,C416,1,8483608090,0,1,"<p>Hinson Clutches are championship proven by almost every major factory team and rider in the world, including Eli Tomac, Ken Roczen, Cooper Webb, Tim Gajser, Jeffrey Herlings, Jeremy Seewer, Chase Sexton, &amp; Joey Savatgy.</p>
<ul>
<li>Hardcoated for extreme boot wear resistance</li>
<li>Much stronger than stock, protecting from rock damage</li>
<li>Improves heat dissipation</li>
<li>Precision machined from billet T-6 aircraft quality aluminum to aerospace tolerances</li>
</ul>","
Hinson Clutches are championship proven by almost every major factory team and rider in the world, including Eli Tomac, Ken Roczen, Cooper Webb, Tim Gajser, Jeffrey Herlings, Jeremy Seewer, Chase Sexton, & Joey Savatgy.

Hardcoated for extreme boot wear resistance
Much stronger than stock, protecting from rock damage
Improves heat dissipation
Precision machined from billet T-6 aircraft quality aluminum to aerospace tolerances
",VEHICLE PARTS & ACCESSORIES,ACCESSORIES,ACC. PLASTIC&PROTECT,2142,320,275,205,38,,,https://api.mybihr.com/medias/1060555-1-800Wx800H?context=bWFzdGVyfHJvb3R8NzA3NzB8aW1hZ2UvanBlZ3xhREEyTDJnd1ppODRPVGN5T0Rrek1Ua3lNakl5THpFd05qQTFOVFV0TVY4NE1EQlhlRGd3TUVnfDkwZjVkMjE0YWVkY2Y3MGMyNGM4YjEyMWVhNjU4ZmE3M2Y1ZThiYTc2Zjk3NGQ3MGVjNDJjOThiMTUzMWY0YWQ,,,https://static.bihr.pro/eBihr/Pictures/HINSON-pictures.zip,Spain Warehouse (Parts)
1060561,440835,OC255,HINSON,HINSO SPAREPARTS CASING CAP,"Tapón de llenado de aceite HINSON, KTM 127020",36.30,30.00,21.00,OC255,2,8483608090,0,1,,,VEHICLE PARTS & ACCESSORIES,ACCESSORIES,ACC. PLASTIC&PROTECT,510,45,193,139,19,,,https://api.mybihr.com/medias/1060561-1-800Wx800H?context=bWFzdGVyfHJvb3R8NDE5NDR8aW1hZ2UvanBlZ3xhR1ptTDJnM05DODVNREV5TWprNE16VXdOakl5THpFd05qQTFOakV0TVY4NE1EQlhlRGd3TUVnfGI4MDhmNWE1OWZlMmQ5NTVlMTkxY2U3ZDM1ZjMwYzBmZmExNjZkMzNmNjMyOTMwNzBiYzAyNGI1Nzg5MTUyMzA,,,https://static.bihr.pro/eBihr/Pictures/HINSON-pictures.zip,Spain Warehouse (Parts)
