PartNumber,OldPartNumber,SupplierProductCode,Brand,ProductName,Designation,RetailPriceIncludingTax,RetailPriceExcludingTax,BaseDealerPriceExcludingTax,BarCode,StockValue,CommodityCode,OnDemand,DropShipping,HtmlDescription,Description,Category1,Category2,Category3,V-Color,Volume (cm³),Weight (g),Length (mm),Width (mm),Height (mm),Ancho exterior del manillar (mm),Color,Composición,Diámetro exterior de los extremos del manillar (mm),Diámetro Ø (mm),Embalaje,Montaje de espejo retrovisor,Peso (g),Posición,Rosca,Tipo,Picture1,Picture2,Picture3,Picture4,Picture5,AllPicturesZIP,DeliveryPlant
1090986,42200324,2DGT-02-20-B,GILLES,"GILLE BAR CLAMP ADJUSTABLE, BLK","Alzas de manillar ajustables GILLES, negro",199.00,164.46,74.01,2DGT-02-20-B,2,8714919000,0,1,"<ul><li><p>Las alzas <strong>2DGT</strong> son un complemento revolucionario, que te ofrece un ajuste y un estilo nunca vistos. Mu&eacute;velas hacia arriba y hacia abajo, hacia adelante y hacia atr&aacute;s, hasta que encuentres la posici&oacute;n perfecta para ti en el manillar.&nbsp;</p></li><li><p>Ajuste preciso del alcance dentro de un rango de hasta 50 mm</p></li><li><p>Ajuste de la altura en incrementos de 5 mm</p></li><li><p>Disponible kit de reducci&oacute;n para instalar manillares de 22,2 mm</p></li><li><p>Ajustable hacia adelante y hacia atr&aacute;s en incrementos de 3,6 mm</p></li><li><p>Kit de conversi&oacute;n de 22,2 a 28,6 mm</p></li><li><p>Disponibles en tres colores diferentes</p></li><li><p>Sujeci&oacute;n en manillar sobredimensionado de 28,6 mm.</p><p>&nbsp;</p></li></ul>","Las alzas 2DGT son un complemento revolucionario, que te ofrece un ajuste y un estilo nunca vistos. Muévelas hacia arriba y hacia abajo, hacia adelante y hacia atrás, hasta que encuentres la posición perfecta para ti en el manillar. Ajuste preciso del alcance dentro de un rango de hasta 50 mmAjuste de la altura en incrementos de 5 mmDisponible kit de reducción para instalar manillares de 22,2 mmAjustable hacia adelante y hacia atrás en incrementos de 3,6 mmKit de conversión de 22,2 a 28,6 mmDisponibles en tres colores diferentesSujeción en manillar sobredimensionado de 28,6 mm. ",VEHICLE PARTS & ACCESSORIES,CHASSIS PARTS,CHAS. SERVICE PARTS,,2147,686,129,292,57,,,,,,,,,,,,https://api.mybihr.com/medias/1090986-1-800Wx800H?context=bWFzdGVyfHJvb3R8MTY3ODE2fGltYWdlL2pwZWd8YURrekwyZzVaaTg0T1RJNU5UVTNPREEzTVRNMEx6RXdPVEE1T0RZdE1WODRNREJYZURnd01FZ3wyMDM2NzE5OGQxMjg2OTgyNmM4ZDI0NGQwMzZmYWNhNjQyZWQyNTU2ZGUxZmIwZWRjMzlhMmNlMjAxOTU2NzE3,https://api.mybihr.com/medias/1090986-2-800Wx800H?context=bWFzdGVyfHJvb3R8MTEzODkwfGltYWdlL2pwZWd8YURCbUwyaGxaUzg0T1RJNU5UVTRNREF6TnpReUx6RXdPVEE1T0RZdE1sODRNREJYZURnd01FZ3wwNzhlMTMzZjgwYzM0NTNkY2JiMGYwNGI5MjE0NDQxZTVlMTgzODcwZTQxMGRmYmYwOWFiNDk2YjU5NmJmZWM3,https://api.mybihr.com/medias/1090986-3-800Wx800H?context=bWFzdGVyfHJvb3R8NzI0MzV8aW1hZ2UvanBlZ3xhR1JtTDJobU5DODRPVEk1TlRVNE1qQXdNelV3THpFd09UQTVPRFl0TTE4NE1EQlhlRGd3TUVnfDY4N2U5ZmNlZmFkMWZlZWE1MDg1ZTE4OTlmZTBmZWFkZDJiZTIxY2JlNWFmMWVhN2Q2ZjNmYmYxOGQ3ZjM1NGE,,,https://static.bihr.pro/eBihr/Pictures/GILLES-pictures.zip,Spain Warehouse (Parts)
1090988,42200326,2DGT-03-B,GILLES,"GILLE BAR CLAMP ADJUSTABLE, BLK","Alzas de manillar ajustables GILLES, negro",225.00,185.95,74.38,2DGT-03-B,3,8714919000,0,1,"<ul><li><p>Las alzas <strong>2DGT</strong> son un complemento revolucionario, que te ofrece un ajuste y un estilo nunca vistos. Mu&eacute;velas hacia arriba y hacia abajo, hacia adelante y hacia atr&aacute;s, hasta que encuentres la posici&oacute;n perfecta para ti en el manillar.&nbsp;</p></li><li><p>Ajuste preciso del alcance dentro de un rango de hasta 50 mm</p></li><li><p>Ajuste de la altura en incrementos de 5 mm</p></li><li><p>Disponible kit de reducci&oacute;n para instalar manillares de 22,2 mm</p></li><li><p>Ajustable hacia adelante y hacia atr&aacute;s en incrementos de 3,6 mm</p></li><li><p>Kit de conversi&oacute;n de 22,2 a 28,6 mm</p></li><li><p>Disponibles en tres colores diferentes</p></li><li><p>Sujeci&oacute;n en manillar sobredimensionado de 28,6 mm.</p><p>&nbsp;</p></li></ul>","Las alzas 2DGT son un complemento revolucionario, que te ofrece un ajuste y un estilo nunca vistos. Muévelas hacia arriba y hacia abajo, hacia adelante y hacia atrás, hasta que encuentres la posición perfecta para ti en el manillar. Ajuste preciso del alcance dentro de un rango de hasta 50 mmAjuste de la altura en incrementos de 5 mmDisponible kit de reducción para instalar manillares de 22,2 mmAjustable hacia adelante y hacia atrás en incrementos de 3,6 mmKit de conversión de 22,2 a 28,6 mmDisponibles en tres colores diferentesSujeción en manillar sobredimensionado de 28,6 mm. ",VEHICLE PARTS & ACCESSORIES,CHASSIS PARTS,CHAS. SERVICE PARTS,,2704,894,116,210,111,,,,,,,,,,,,https://api.mybihr.com/medias/1090988-1-800Wx800H?context=bWFzdGVyfHJvb3R8MTY3ODE2fGltYWdlL2pwZWd8YUdZMkwyZzBNeTg0T1RReE9UTTJOekExTlRZMkx6RXdPVEE1T0RndE1WODRNREJYZURnd01FZ3w3NDZjNDJiMWU3M2ZiNzZhZGM0YWJlZWNmOWJlY2YyY2I4N2YwNjZhNTBhNWViYjg1ZjUxZGM5ZTZjYjkyYjk4,https://api.mybihr.com/medias/1090988-2-800Wx800H?context=bWFzdGVyfHJvb3R8NzI0MzV8aW1hZ2UvanBlZ3xhR00yTDJnMFlTODRPVFF4T1RNMk9UQXlNVGMwTHpFd09UQTVPRGd0TWw4NE1EQlhlRGd3TUVnfGM4ZjQ4YzI1NzEzZmMzZDZmMjU2ZDJhZWQzODc2NzFiNTk5ZjNkY2VmZTlmZGRjYmE3YjRmZDQ3ZTliZmE0OGQ,https://api.mybihr.com/medias/1090988-3-800Wx800H?context=bWFzdGVyfHJvb3R8MTEzODkwfGltYWdlL2pwZWd8YUdSbUwyZzVOaTg0T1RReE9UTTNNRGs0TnpneUx6RXdPVEE1T0RndE0xODRNREJYZURnd01FZ3w0MTEwYTdjZmU1MmE0NzA1N2JmYTBlMjJiMGQ3NmEwZTNhNzk2ODk5YTdhY2MwY2Q0YTkyYzc1YmRhZTAyMTM4,https://api.mybihr.com/medias/800Wx800H-1090988-4.jpg?context=bWFzdGVyfHJvb3R8NjA1NzZ8aW1hZ2UvanBlZ3xhRFV5TDJoaU1DODBOVFEzTXpJeE5UZzNNekExTkM4NE1EQlhlRGd3TUVoZk1UQTVNRGs0T0MwMExtcHdad3w2OGNiZTFhYTRhZjY5YzkwZmVhMGY1YmU3MmI4ZDEyNmUzNWRkMjcwOWU1MDIyNTlkZWQ2MzIzOWM4YjhjYWJm,https://api.mybihr.com/medias/800Wx800H-1090988-5.jpg?context=bWFzdGVyfHJvb3R8MjU5MDV8aW1hZ2UvanBlZ3xhREU1TDJnMVlpODBOVFEzTXpJeE5qSTJOakkzTUM4NE1EQlhlRGd3TUVoZk1UQTVNRGs0T0MwMUxtcHdad3w3NzA5YzEwYzM5ZWQ3Mjg3MzQwMGI3MDNiODcwNDk5M2I0Yzk2NmYzYTIxZTNlNDNjYmQ0ZDY1NzlmMGRhMzNm,https://static.bihr.pro/eBihr/Pictures/GILLES-pictures.zip,Spain Warehouse (Parts)
1090990,42200328,2DGT-04-07-B,GILLES,"GILLE BAR CLAMP ADJUSTABLE, BLK","Alzas de manillar ajustables GILLES, negro",199.00,164.46,74.01,2DGT-04-07-B,3,8714919000,0,1,"<ul><li><p>Las alzas <strong>2DGT</strong> son un complemento revolucionario, que te ofrece un ajuste y un estilo nunca vistos. Mu&eacute;velas hacia arriba y hacia abajo, hacia adelante y hacia atr&aacute;s, hasta que encuentres la posici&oacute;n perfecta para ti en el manillar.&nbsp;</p></li><li><p>Ajuste preciso del alcance dentro de un rango de hasta 50 mm</p></li><li><p>Ajuste de la altura en incrementos de 5 mm</p></li><li><p>Disponible kit de reducci&oacute;n para instalar manillares de 22,2 mm</p></li><li><p>Ajustable hacia adelante y hacia atr&aacute;s en incrementos de 3,6 mm</p></li><li><p>Kit de conversi&oacute;n de 22,2 a 28,6 mm</p></li><li><p>Disponibles en tres colores diferentes</p></li><li><p>Sujeci&oacute;n en manillar sobredimensionado de 28,6 mm.</p><p>&nbsp;</p></li></ul>","Las alzas 2DGT son un complemento revolucionario, que te ofrece un ajuste y un estilo nunca vistos. Muévelas hacia arriba y hacia abajo, hacia adelante y hacia atrás, hasta que encuentres la posición perfecta para ti en el manillar. Ajuste preciso del alcance dentro de un rango de hasta 50 mmAjuste de la altura en incrementos de 5 mmDisponible kit de reducción para instalar manillares de 22,2 mmAjustable hacia adelante y hacia atrás en incrementos de 3,6 mmKit de conversión de 22,2 a 28,6 mmDisponibles en tres colores diferentesSujeción en manillar sobredimensionado de 28,6 mm. ",VEHICLE PARTS & ACCESSORIES,CHASSIS PARTS,CHAS. SERVICE PARTS,,2154,935,129,293,57,,,,,,,,,,,,https://api.mybihr.com/medias/1090990-1-800Wx800H?context=bWFzdGVyfHJvb3R8MjY3NTZ8aW1hZ2UvanBlZ3xhR0U0TDJneFlTODRPRGMzTURRM016Z3lNRFEyTHpFd09UQTVPVEF0TVY4NE1EQlhlRGd3TUVnfGI3MTU5Y2Y1MjBlOWIyNTg1ODRhNGI3YjNhMzI5ZjViYjNkOTM5OTc4ZTU1NTdmYTRiZWY5ZDA1YTRiNmQ2YTk,https://api.mybihr.com/medias/1090990-2-800Wx800H?context=bWFzdGVyfHJvb3R8NDIwNzV8aW1hZ2UvanBlZ3xhR1ZpTDJneE15ODRPRGMzTURRM05UYzROalUwTHpFd09UQTVPVEF0TWw4NE1EQlhlRGd3TUVnfDE4YzA5MDJlY2Y5ZTFmNzFiYTc4NDYzYTc4OTcyZTgxYjA2ZTZlZTI1YmU0MGI0ZTJkZTBkYjAyNzBiMzhhNTE,,,,https://static.bihr.pro/eBihr/Pictures/GILLES-pictures.zip,Spain Warehouse (Parts)
1090970,42200308,2DGT-02-11-B,GILLES,"GILLE BAR CLAMP ADJUSTABLE, BLK","Alzas de manillar ajustables GILLES, negro",299.00,247.11,98.84,2DGT-02-11-B,2,8714919000,0,1,"<ul><li><p>Las alzas <strong>2DGT</strong> son un complemento revolucionario, que te ofrece un ajuste y un estilo nunca vistos. Muévelas hacia arriba y hacia abajo, hacia adelante y hacia atrás, hasta que encuentres la posición perfecta para ti en el manillar. </p></li><li><p>Ajuste preciso del alcance dentro de un rango de hasta 50 mm</p></li><li><p>Ajuste de la altura en incrementos de 5 mm</p></li><li><p>Disponible kit de reducción para instalar manillares de 22,2 mm</p></li><li><p>Ajustable hacia adelante y hacia atrás en incrementos de 3,6 mm</p></li><li><p>Kit de conversión de 22,2 a 28,6 mm</p></li><li><p>Disponibles en tres colores diferentes</p></li><li><p>Sujeción en manillar sobredimensionado de 28,6 mm.</p><p> </p></li></ul>""""""","Las alzas 2DGT son un complemento revolucionario, que te ofrece un ajuste y un estilo nunca vistos. Muévelas hacia arriba y hacia abajo, hacia adelante y hacia atrás, hasta que encuentres la posición perfecta para ti en el manillar. Ajuste preciso del alcance dentro de un rango de hasta 50 mmAjuste de la altura en incrementos de 5 mmDisponible kit de reducción para instalar manillares de 22,2 mmAjustable hacia adelante y hacia atrás en incrementos de 3,6 mmKit de conversión de 22,2 a 28,6 mmDisponibles en tres colores diferentesSujeción en manillar sobredimensionado de 28,6 mm. """"""",VEHICLE PARTS & ACCESSORIES,CHASSIS PARTS,CHAS. SERVICE PARTS,,2311,867,131,294,60,,,,,,,,,,,,https://api.mybihr.com/medias/1090970-1-800Wx800H?context=bWFzdGVyfHJvb3R8MTY3ODE2fGltYWdlL2pwZWd8YUdReEwyaGhZUzg0T1RJNU5UVTBORFkwTnprNEx6RXdPVEE1TnpBdE1WODRNREJYZURnd01FZ3w2MTQxMDRhMmE4MmI1MGZiZDFkNjVhM2IwMTZmYjQ3NGIxNzIzZjZiZWQ1YWU3ZmRlMTdmZjAyNzMzMzhmMzkw,https://api.mybihr.com/medias/1090970-2-800Wx800H?context=bWFzdGVyfHJvb3R8MTEzODkwfGltYWdlL2pwZWd8YURBeEwyaGhOQzg0T1RJNU5UVTBOall4TkRBMkx6RXdPVEE1TnpBdE1sODRNREJYZURnd01FZ3w3MWYzOTk3MjU5Mjk0MGEzZjM4NzhmNmNjYTBhZmM4MzY5ZjJlZjEyZTc2ODkyMjgwYWExNjdiYmUxMjBkZTZl,https://api.mybihr.com/medias/1090970-3-800Wx800H?context=bWFzdGVyfHJvb3R8NzI0MzV8aW1hZ2UvanBlZ3xhRFF6TDJnNVpDODRPVEk1TlRVME9EVTRNREUwTHpFd09UQTVOekF0TTE4NE1EQlhlRGd3TUVnfDA1Nzc3MWYzNjlhOTZhMjk1ZDY1MGZkNjkxNzQ0MzUxMTNiZTZlOWU2NmMzZTdkOGUyYWJkZDFlMjhmMWIxZGI,,,https://static.bihr.pro/eBihr/Pictures/GILLES-pictures.zip,Spain Warehouse (Parts)
1090972,42200310,2DGT-02-12-B,GILLES,"GILLE BAR CLAMP ADJUSTABLE, BLK","Alzas de manillar ajustables GILLES, negro",225.00,185.95,74.38,2DGT-02-12-B,1,8714919000,0,1,"<ul><li><p>Las alzas <strong>2DGT</strong> son un complemento revolucionario, que te ofrece un ajuste y un estilo nunca vistos. Muévelas hacia arriba y hacia abajo, hacia adelante y hacia atrás, hasta que encuentres la posición perfecta para ti en el manillar. </p></li><li><p>Ajuste preciso del alcance dentro de un rango de hasta 50 mm</p></li><li><p>Ajuste de la altura en incrementos de 5 mm</p></li><li><p>Disponible kit de reducción para instalar manillares de 22,2 mm</p></li><li><p>Ajustable hacia adelante y hacia atrás en incrementos de 3,6 mm</p></li><li><p>Kit de conversión de 22,2 a 28,6 mm</p></li><li><p>Disponibles en tres colores diferentes</p></li><li><p>Sujeción en manillar sobredimensionado de 28,6 mm.</p><p> </p></li></ul>""""""","Las alzas 2DGT son un complemento revolucionario, que te ofrece un ajuste y un estilo nunca vistos. Muévelas hacia arriba y hacia abajo, hacia adelante y hacia atrás, hasta que encuentres la posición perfecta para ti en el manillar. Ajuste preciso del alcance dentro de un rango de hasta 50 mmAjuste de la altura en incrementos de 5 mmDisponible kit de reducción para instalar manillares de 22,2 mmAjustable hacia adelante y hacia atrás en incrementos de 3,6 mmKit de conversión de 22,2 a 28,6 mmDisponibles en tres colores diferentesSujeción en manillar sobredimensionado de 28,6 mm. """"""",VEHICLE PARTS & ACCESSORIES,CHASSIS PARTS,CHAS. SERVICE PARTS,,2409,855,152,317,50,,,,,,,,,,,,https://api.mybihr.com/medias/1090972-1-800Wx800H?context=bWFzdGVyfHJvb3R8MTY3ODE2fGltYWdlL2pwZWd8YURObEwyaGxNaTg0T1RVMk5ETTJNamd6TkRJeUx6RXdPVEE1TnpJdE1WODRNREJYZURnd01FZ3wyY2Y2YWNmNDNmNWFkYmI3MDg0YjRjNGE0M2EyY2M1MzFkY2NkZDFiYTYxMWU5MGY4ZmNlOGM5ODNlYTM3M2U3,https://api.mybihr.com/medias/1090972-2-800Wx800H?context=bWFzdGVyfHJvb3R8MTEzODkwfGltYWdlL2pwZWd8YURabEwyaGtZaTg0T1RVMk5ETTJORGd3TURNd0x6RXdPVEE1TnpJdE1sODRNREJYZURnd01FZ3w2ODFlZjdkZGUyMjkyZGVhMTUzMThiOGE0YjUxM2IxOWUxNjI0YWNjODgxYWJkNDlkMGMxMjZkNDIzYTc5NTcy,https://api.mybihr.com/medias/1090972-3-800Wx800H?context=bWFzdGVyfHJvb3R8NzI0MzV8aW1hZ2UvanBlZ3xhR0l4TDJoa05DODRPVFUyTkRNMk5qYzJOak00THpFd09UQTVOekl0TTE4NE1EQlhlRGd3TUVnfDE4NjEzYWZhZGNhMWYzNzJiYThkYmRkOWIyMDkxZGZiMzBhYjY0OTY0YjkyNzU2OTc1NzViNmQ5NDEyNGY3MDU,,,https://static.bihr.pro/eBihr/Pictures/GILLES-pictures.zip,Spain Warehouse (Parts)
1090984,42200322,2DGT-02-19-B,GILLES,"GILLE BAR CLAMP ADJUSTABLE, BLK","Alzas de manillar ajustables GILLES, negro",189.99,157.02,70.66,2DGT-02-19-B,3,8714919000,0,1,"<ul><li><p>Las alzas <strong>2DGT</strong> son un complemento revolucionario, que te ofrece un ajuste y un estilo nunca vistos. Mu&eacute;velas hacia arriba y hacia abajo, hacia adelante y hacia atr&aacute;s, hasta que encuentres la posici&oacute;n perfecta para ti en el manillar.&nbsp;</p></li><li><p>Ajuste preciso del alcance dentro de un rango de hasta 50 mm</p></li><li><p>Ajuste de la altura en incrementos de 5 mm</p></li><li><p>Disponible kit de reducci&oacute;n para instalar manillares de 22,2 mm</p></li><li><p>Ajustable hacia adelante y hacia atr&aacute;s en incrementos de 3,6 mm</p></li><li><p>Kit de conversi&oacute;n de 22,2 a 28,6 mm</p></li><li><p>Disponibles en tres colores diferentes</p></li><li><p>Sujeci&oacute;n en manillar sobredimensionado de 28,6 mm.</p><p>&nbsp;</p></li></ul>","Las alzas 2DGT son un complemento revolucionario, que te ofrece un ajuste y un estilo nunca vistos. Muévelas hacia arriba y hacia abajo, hacia adelante y hacia atrás, hasta que encuentres la posición perfecta para ti en el manillar. Ajuste preciso del alcance dentro de un rango de hasta 50 mmAjuste de la altura en incrementos de 5 mmDisponible kit de reducción para instalar manillares de 22,2 mmAjustable hacia adelante y hacia atrás en incrementos de 3,6 mmKit de conversión de 22,2 a 28,6 mmDisponibles en tres colores diferentesSujeción en manillar sobredimensionado de 28,6 mm. ",VEHICLE PARTS & ACCESSORIES,CHASSIS PARTS,CHAS. SERVICE PARTS,,2147,710,129,292,57,,,,,,,,,,,,https://api.mybihr.com/medias/1090984-1-800Wx800H?context=bWFzdGVyfHJvb3R8MTY3ODE2fGltYWdlL2pwZWd8YUdVeEwyaGpaQzg0T1RVMk5ETTJPRGN6TWpRMkx6RXdPVEE1T0RRdE1WODRNREJYZURnd01FZ3xjMDA2YjM3MGU0YWMxMjVhNDljY2U0M2I0ZmM4ZmNmZWI0MDc4MDBiYTU1OTljZjU4YjBjNDVlNjlhNDhkNjA1,https://api.mybihr.com/medias/1090984-2-800Wx800H?context=bWFzdGVyfHJvb3R8MTQ1OTIxfGltYWdlL2pwZWd8YURjNEwyZzNaaTg0T1RVMk5ETTNNRFk1T0RVMEx6RXdPVEE1T0RRdE1sODRNREJYZURnd01FZ3wyMDZmMmRkYzJlNDE0MGM0M2IzOThiYjg5MWUzODZiMmE0NDVmM2Y1OTZhYjQ1MWFhMDg3YTAzNTg3ZGRkZjYw,,,,https://static.bihr.pro/eBihr/Pictures/GILLES-pictures.zip,Spain Warehouse (Parts)
1090974,42200312,2DGT-02-13-B,GILLES,"GILLE BAR CLAMP ADJUSTABLE, BLK","Alzas de manillar ajustables GILLES, negro",189.99,157.02,70.66,4251792700753,3,8714919000,0,1,"<ul><li><p>Las alzas <strong>2DGT</strong> son un complemento revolucionario, que te ofrece un ajuste y un estilo nunca vistos. Muévelas hacia arriba y hacia abajo, hacia adelante y hacia atrás, hasta que encuentres la posición perfecta para ti en el manillar. </p></li><li><p>Ajuste preciso del alcance dentro de un rango de hasta 50 mm</p></li><li><p>Ajuste de la altura en incrementos de 5 mm</p></li><li><p>Disponible kit de reducción para instalar manillares de 22,2 mm</p></li><li><p>Ajustable hacia adelante y hacia atrás en incrementos de 3,6 mm</p></li><li><p>Kit de conversión de 22,2 a 28,6 mm</p></li><li><p>Disponibles en tres colores diferentes</p></li><li><p>Sujeción en manillar sobredimensionado de 28,6 mm.</p><p> </p></li></ul>""""""","Las alzas 2DGT son un complemento revolucionario, que te ofrece un ajuste y un estilo nunca vistos. Muévelas hacia arriba y hacia abajo, hacia adelante y hacia atrás, hasta que encuentres la posición perfecta para ti en el manillar. Ajuste preciso del alcance dentro de un rango de hasta 50 mmAjuste de la altura en incrementos de 5 mmDisponible kit de reducción para instalar manillares de 22,2 mmAjustable hacia adelante y hacia atrás en incrementos de 3,6 mmKit de conversión de 22,2 a 28,6 mmDisponibles en tres colores diferentesSujeción en manillar sobredimensionado de 28,6 mm. """"""",VEHICLE PARTS & ACCESSORIES,CHASSIS PARTS,CHAS. SERVICE PARTS,,2319,834,131,295,60,,,,,,,,,,,,https://api.mybihr.com/medias/1090974-1-800Wx800H?context=bWFzdGVyfHJvb3R8MTY3ODE2fGltYWdlL2pwZWd8YUdNNEwyZzBaUzg0T1RJNU5UVTFNRFUwTmpJeUx6RXdPVEE1TnpRdE1WODRNREJYZURnd01FZ3w5ZWY5ODIzODcxZTU1YmY1ZjUzOTQ4MzQ4NGQ5Y2M2MTEwYTg0MDYxNzdmNGQyZDg0OTkyMGJhNWNiZGI0ZjJl,https://api.mybihr.com/medias/1090974-2-800Wx800H?context=bWFzdGVyfHJvb3R8NzI0MzV8aW1hZ2UvanBlZ3xhR1kzTDJnME55ODRPVEk1TlRVMU1qVXhNak13THpFd09UQTVOelF0TWw4NE1EQlhlRGd3TUVnfDU1YjM4NzAwMzQ3M2U0NzU1ZjdjMTI1ODdhY2FhNjgxMDI0YzRkMzE2ODg0OGQxM2NkODdlYjU3NDc4OWVjZDU,https://api.mybihr.com/medias/1090974-3-800Wx800H?context=bWFzdGVyfHJvb3R8MTEzODkwfGltYWdlL2pwZWd8YUROaEwyZzBNUzg0T1RJNU5UVTFORFEzT0RNNEx6RXdPVEE1TnpRdE0xODRNREJYZURnd01FZ3xlNTU0N2U2ZjcyOGNhMzhmODkwYzM4OTY4MGY1YWY4YzY5OWVhNDY3YmZlYjkzMWNjZmE3YWY0NWRiNzlmNDAy,,,https://static.bihr.pro/eBihr/Pictures/GILLES-pictures.zip,Spain Warehouse (Parts)
1090995,42200333,2DGT-09-B,GILLES,"GILLE BAR CLAMP ADJUSTABLE, BLK","Alzas de manillar ajustables GILLES, negro",170.01,140.50,63.22,2DGT-09-B,3,8714919000,0,1,"<ul><li><p>Las alzas <strong>2DGT</strong> son un complemento revolucionario, que te ofrece un ajuste y un estilo nunca vistos. Mu&eacute;velas hacia arriba y hacia abajo, hacia adelante y hacia atr&aacute;s, hasta que encuentres la posici&oacute;n perfecta para ti en el manillar.&nbsp;</p></li><li><p>Ajuste preciso del alcance dentro de un rango de hasta 50 mm</p></li><li><p>Ajuste de la altura en incrementos de 5 mm</p></li><li><p>Disponible kit de reducci&oacute;n para instalar manillares de 22,2 mm</p></li><li><p>Ajustable hacia adelante y hacia atr&aacute;s en incrementos de 3,6 mm</p></li><li><p>Kit de conversi&oacute;n de 22,2 a 28,6 mm</p></li><li><p>Disponibles en tres colores diferentes</p></li><li><p>Sujeci&oacute;n en manillar sobredimensionado de 28,6 mm.</p><p>&nbsp;</p></li></ul>","Las alzas 2DGT son un complemento revolucionario, que te ofrece un ajuste y un estilo nunca vistos. Muévelas hacia arriba y hacia abajo, hacia adelante y hacia atrás, hasta que encuentres la posición perfecta para ti en el manillar. Ajuste preciso del alcance dentro de un rango de hasta 50 mmAjuste de la altura en incrementos de 5 mmDisponible kit de reducción para instalar manillares de 22,2 mmAjustable hacia adelante y hacia atrás en incrementos de 3,6 mmKit de conversión de 22,2 a 28,6 mmDisponibles en tres colores diferentesSujeción en manillar sobredimensionado de 28,6 mm. ",VEHICLE PARTS & ACCESSORIES,CHASSIS PARTS,CHAS. SERVICE PARTS,,2147,564,129,292,57,,,,,,,,,,,,https://api.mybihr.com/medias/1090995-1-800Wx800H?context=bWFzdGVyfHJvb3R8MTY3ODE2fGltYWdlL2pwZWd8YUdFNEwyZzNPQzg0T1RVMk5ETTNNalkyTkRZeUx6RXdPVEE1T1RVdE1WODRNREJYZURnd01FZ3xmYzMxZjE3MzBhZmJmZDA4MzY4Nzc1MGM3ZDdjNGJhOWU5Nzg5ZjYyNjVhZDFlMGJhMDgwNWMzYWU0ZDkzZDk4,https://api.mybihr.com/medias/1090995-2-800Wx800H?context=bWFzdGVyfHJvb3R8NzI0MzV8aW1hZ2UvanBlZ3xhR1EzTDJnM01TODRPVFUyTkRNM05EWXpNRGN3THpFd09UQTVPVFV0TWw4NE1EQlhlRGd3TUVnfDhmZTM2YjM2ZmI4ZjBiZWRhNDMyYTA2YzcwNmZjMWEwZTQxYTFjNzE4OWYwODIxZDNlNDdkMTllNDQ1NmY0MmY,https://api.mybihr.com/medias/1090995-3-800Wx800H?context=bWFzdGVyfHJvb3R8MTEzODkwfGltYWdlL2pwZWd8YURGaEwyZzJZaTg0T1RVMk5ETTNOalU1TmpjNEx6RXdPVEE1T1RVdE0xODRNREJYZURnd01FZ3wyYjMyOWE0YjJkNGY3YWJmYTYzZmQyNWZhNTJlMTMxYTdkYzYwZjhiYmQxM2JiZjMyZDY4NmE5ZGJjODM3Yjcz,,,https://static.bihr.pro/eBihr/Pictures/GILLES-pictures.zip,Spain Warehouse (Parts)
1090956,42200294,2DGT-02-04-B,GILLES,"GILLE BAR CLAMP ADJUSTABLE, BLK","Alzas de manillar ajustables GILLES, negro",199.00,164.46,74.01,2DGT-02-04-B,2,8714919000,0,1,"<ul><li><p>Las alzas <strong>2DGT</strong> son un complemento revolucionario, que te ofrece un ajuste y un estilo nunca vistos. Muévelas hacia arriba y hacia abajo, hacia adelante y hacia atrás, hasta que encuentres la posición perfecta para ti en el manillar. </p></li><li><p>Ajuste preciso del alcance dentro de un rango de hasta 50 mm</p></li><li><p>Ajuste de la altura en incrementos de 5 mm</p></li><li><p>Disponible kit de reducción para instalar manillares de 22,2 mm</p></li><li><p>Ajustable hacia adelante y hacia atrás en incrementos de 3,6 mm</p></li><li><p>Kit de conversión de 22,2 a 28,6 mm</p></li><li><p>Disponibles en tres colores diferentes</p></li><li><p>Sujeción en manillar sobredimensionado de 28,6 mm.</p><p> </p></li></ul>""""""","Las alzas 2DGT son un complemento revolucionario, que te ofrece un ajuste y un estilo nunca vistos. Muévelas hacia arriba y hacia abajo, hacia adelante y hacia atrás, hasta que encuentres la posición perfecta para ti en el manillar. Ajuste preciso del alcance dentro de un rango de hasta 50 mmAjuste de la altura en incrementos de 5 mmDisponible kit de reducción para instalar manillares de 22,2 mmAjustable hacia adelante y hacia atrás en incrementos de 3,6 mmKit de conversión de 22,2 a 28,6 mmDisponibles en tres colores diferentesSujeción en manillar sobredimensionado de 28,6 mm. """"""",VEHICLE PARTS & ACCESSORIES,CHASSIS PARTS,CHAS. SERVICE PARTS,,2289,723,126,293,62,,,,,,,,,,,,https://api.mybihr.com/medias/1090956-1-800Wx800H?context=bWFzdGVyfHJvb3R8MTY3ODE2fGltYWdlL2pwZWd8YUdWa0wyZzRNUzg0T1RJNU5UVXlORGs0TnpFNEx6RXdPVEE1TlRZdE1WODRNREJYZURnd01FZ3xhN2E3M2UwNzJlOTkzODY5NjVlOGMwN2VjM2I5NGViNDE4NGY1YjVjM2RjMjIyNmJhMWUxNmNjYzdhMWM2MDMy,https://api.mybihr.com/medias/1090956-2-800Wx800H?context=bWFzdGVyfHJvb3R8NzI0MzV8aW1hZ2UvanBlZ3xhR0prTDJnNE9DODRPVEk1TlRVeU5qazFNekkyTHpFd09UQTVOVFl0TWw4NE1EQlhlRGd3TUVnfGY2YjZmOThlOTRlMGYxZjYzNDNhNGQ0Y2E3NWQxMTg1Y2ZjYWM4NzdjYThjYjUxNzlkNDg3ZWUyYWZhZmVkNWM,https://api.mybihr.com/medias/1090956-3-800Wx800H?context=bWFzdGVyfHJvb3R8MTEzODkwfGltYWdlL2pwZWd8YURoa0wyZzRaaTg0T1RJNU5UVXlPRGt4T1RNMEx6RXdPVEE1TlRZdE0xODRNREJYZURnd01FZ3wzMGY5YmNjMzg5MTM4NjdhMDgwNjM0ZGUyYTEwNGI5ZjYwMTNjYjcxNTViNzk0NWQ1YzgyZDBjNGNjNTE5Nzgx,,,https://static.bihr.pro/eBihr/Pictures/GILLES-pictures.zip,Spain Warehouse (Parts)
1090976,42200314,2DGT-02-14-B,GILLES,"GILLE BAR CLAMP ADJUSTABLE, BLK","Alzas de manillar ajustables GILLES, negro",199.00,164.46,74.01,4251792700777,3,8714919000,0,1,"<ul><li><p>Las alzas <strong>2DGT</strong> son un complemento revolucionario, que te ofrece un ajuste y un estilo nunca vistos. Mu&eacute;velas hacia arriba y hacia abajo, hacia adelante y hacia atr&aacute;s, hasta que encuentres la posici&oacute;n perfecta para ti en el manillar.&nbsp;</p></li><li><p>Ajuste preciso del alcance dentro de un rango de hasta 50 mm</p></li><li><p>Ajuste de la altura en incrementos de 5 mm</p></li><li><p>Disponible kit de reducci&oacute;n para instalar manillares de 22,2 mm</p></li><li><p>Ajustable hacia adelante y hacia atr&aacute;s en incrementos de 3,6 mm</p></li><li><p>Kit de conversi&oacute;n de 22,2 a 28,6 mm</p></li><li><p>Disponibles en tres colores diferentes</p></li><li><p>Sujeci&oacute;n en manillar sobredimensionado de 28,6 mm.</p><p>&nbsp;</p></li></ul>","Las alzas 2DGT son un complemento revolucionario, que te ofrece un ajuste y un estilo nunca vistos. Muévelas hacia arriba y hacia abajo, hacia adelante y hacia atrás, hasta que encuentres la posición perfecta para ti en el manillar. Ajuste preciso del alcance dentro de un rango de hasta 50 mmAjuste de la altura en incrementos de 5 mmDisponible kit de reducción para instalar manillares de 22,2 mmAjustable hacia adelante y hacia atrás en incrementos de 3,6 mmKit de conversión de 22,2 a 28,6 mmDisponibles en tres colores diferentesSujeción en manillar sobredimensionado de 28,6 mm. ",VEHICLE PARTS & ACCESSORIES,CHASSIS PARTS,CHAS. SERVICE PARTS,,2303,702,131,293,60,,,,,,,,,,,,https://api.mybihr.com/medias/1090976-1-800Wx800H?context=bWFzdGVyfHJvb3R8MTY3ODE2fGltYWdlL2pwZWd8YURrNEwyZ3laaTg0T1RReE9UTTJNVEUxTnpReUx6RXdPVEE1TnpZdE1WODRNREJYZURnd01FZ3wyZWJjYjVhNzdmOTk2NTMxNzRkMzI2OTQwMjI1NzUwYTJjZTlhZWI0MzY5ZDM1M2ZhODhjM2RhMDllMWMyOThh,https://api.mybihr.com/medias/1090976-2-800Wx800H?context=bWFzdGVyfHJvb3R8NzI0MzV8aW1hZ2UvanBlZ3xhRFk1TDJnek5pODRPVFF4T1RNMk16RXlNelV3THpFd09UQTVOell0TWw4NE1EQlhlRGd3TUVnfDM4M2I3MGY1YTM1MGJkZWRlMGJjYmE5ZWFlMWU2YjEwOTQzODQ4MzE4OTllZmVjM2QyOGEwOWI0ZmU0OWQ1MDM,https://api.mybihr.com/medias/1090976-3-800Wx800H?context=bWFzdGVyfHJvb3R8MTEzODkwfGltYWdlL2pwZWd8YURJMUwyZ3paQzg0T1RReE9UTTJOVEE0T1RVNEx6RXdPVEE1TnpZdE0xODRNREJYZURnd01FZ3w0MWYyYzhjYzJhNzU3NGVmMzEwOTVmODQ0ODg2ZDVmNzc0ZTA5Zjk3NmU0YWZjMzlhYjRmMzk0MDFmZDU5YjQ0,,,https://static.bihr.pro/eBihr/Pictures/GILLES-pictures.zip,Spain Warehouse (Parts)
1090991,42200329,2DGT-06-B,GILLES,"GILLE BAR CLAMP ADJUSTABLE, BLK","Alzas de manillar ajustables GILLES, negro",234.99,194.21,77.69,2DGT-06-B,2,8714919000,0,1,"<ul><li><p>Las alzas <strong>2DGT</strong> son un complemento revolucionario, que te ofrece un ajuste y un estilo nunca vistos. Mu&eacute;velas hacia arriba y hacia abajo, hacia adelante y hacia atr&aacute;s, hasta que encuentres la posici&oacute;n perfecta para ti en el manillar.&nbsp;</p></li><li><p>Ajuste preciso del alcance dentro de un rango de hasta 50 mm</p></li><li><p>Ajuste de la altura en incrementos de 5 mm</p></li><li><p>Disponible kit de reducci&oacute;n para instalar manillares de 22,2 mm</p></li><li><p>Ajustable hacia adelante y hacia atr&aacute;s en incrementos de 3,6 mm</p></li><li><p>Kit de conversi&oacute;n de 22,2 a 28,6 mm</p></li><li><p>Disponibles en tres colores diferentes</p></li><li><p>Sujeci&oacute;n en manillar sobredimensionado de 28,6 mm.</p><p>&nbsp;</p></li></ul>","Las alzas 2DGT son un complemento revolucionario, que te ofrece un ajuste y un estilo nunca vistos. Muévelas hacia arriba y hacia abajo, hacia adelante y hacia atrás, hasta que encuentres la posición perfecta para ti en el manillar. Ajuste preciso del alcance dentro de un rango de hasta 50 mmAjuste de la altura en incrementos de 5 mmDisponible kit de reducción para instalar manillares de 22,2 mmAjustable hacia adelante y hacia atrás en incrementos de 3,6 mmKit de conversión de 22,2 a 28,6 mmDisponibles en tres colores diferentesSujeción en manillar sobredimensionado de 28,6 mm. ",VEHICLE PARTS & ACCESSORIES,CHASSIS PARTS,CHAS. SERVICE PARTS,,2140,971,129,291,57,,,,,,,,,,,,https://api.mybihr.com/medias/1090991-1-800Wx800H?context=bWFzdGVyfHJvb3R8MTg3MzIyMnxpbWFnZS9qcGVnfGFERXlMMmhtT1M4NE9USTVOVFU0Tnprd01UYzBMekV3T1RBNU9URXRNVjg0TURCWGVEZ3dNRWd8MTE0NzU2YmM4N2RhN2Q3MjgwNWE3ODVkODQ3NThkODZhMGEyMTE1YWQ3YjQzMTZiZGYxNzA2ZDM0MDgxYTk0OQ,https://api.mybihr.com/medias/1090991-2-800Wx800H?context=bWFzdGVyfHJvb3R8NTQ2Nzh8aW1hZ2UvanBlZ3xhRFUxTDJobU1pODRPVEk1TlRVNE9UZzJOemd5THpFd09UQTVPVEV0TWw4NE1EQlhlRGd3TUVnfGFkZTQ2MWQwNWU1YzJkZmVmZTFiYTQ0ZWNiMTg3MzJhMWI2NzZlOTEyYjI1NjU0M2FiY2FkMDAwOWRiYjE2ODM,https://api.mybihr.com/medias/1090991-3-800Wx800H?context=bWFzdGVyfHJvb3R8Mjk0Mjk2fGltYWdlL2pwZWd8YUdRNUwyaGhNeTg0T1RJNU5UVTVNVGd6TXprd0x6RXdPVEE1T1RFdE0xODRNREJYZURnd01FZ3xlODhlMDUyZGI1NzZlNWY0MTgyMzYwNDE0NmJkNjk1MDZmN2JjMDQwMDA5MDc4NmJiMTFkNWQ3YWY5MjM0MDIw,,,https://static.bihr.pro/eBihr/Pictures/GILLES-pictures.zip,Spain Warehouse (Parts)
1090952,42200290,2DGT-02-01-B,GILLES,"GILLE BAR CLAMP ADJUSTABLE, BLK","Alzas de manillar ajustables GILLES, negro",199.00,164.46,74.01,2DGT-02-01-B,3,8714919000,0,1,"<ul><li><p>Las alzas <strong>2DGT</strong> son un complemento revolucionario, que te ofrece un ajuste y un estilo nunca vistos. Muévelas hacia arriba y hacia abajo, hacia adelante y hacia atrás, hasta que encuentres la posición perfecta para ti en el manillar. </p></li><li><p>Ajuste preciso del alcance dentro de un rango de hasta 50 mm</p></li><li><p>Ajuste de la altura en incrementos de 5 mm</p></li><li><p>Disponible kit de reducción para instalar manillares de 22,2 mm</p></li><li><p>Ajustable hacia adelante y hacia atrás en incrementos de 3,6 mm</p></li><li><p>Kit de conversión de 22,2 a 28,6 mm</p></li><li><p>Disponibles en tres colores diferentes</p></li><li><p>Sujeción en manillar sobredimensionado de 28,6 mm.</p><p> </p></li></ul>""""""","Las alzas 2DGT son un complemento revolucionario, que te ofrece un ajuste y un estilo nunca vistos. Muévelas hacia arriba y hacia abajo, hacia adelante y hacia atrás, hasta que encuentres la posición perfecta para ti en el manillar. Ajuste preciso del alcance dentro de un rango de hasta 50 mmAjuste de la altura en incrementos de 5 mmDisponible kit de reducción para instalar manillares de 22,2 mmAjustable hacia adelante y hacia atrás en incrementos de 3,6 mmKit de conversión de 22,2 a 28,6 mmDisponibles en tres colores diferentesSujeción en manillar sobredimensionado de 28,6 mm. """"""",VEHICLE PARTS & ACCESSORIES,CHASSIS PARTS,CHAS. SERVICE PARTS,,2208,677,126,292,60,,,,,,,,,,,,https://api.mybihr.com/medias/1090952-1-800Wx800H?context=bWFzdGVyfHJvb3R8MTY3ODE2fGltYWdlL2pwZWd8YURZNEwyZ3dPQzg0T1RVMk5ETXpPVEkwTVRJMkx6RXdPVEE1TlRJdE1WODRNREJYZURnd01FZ3wwMWNkNmRlNzI3ODhiZDM1ZTk0NzFiZmExYWJhYzVhMGM1OTFiNmJmOTFhMjBlNDQ1ZWQ5MDk0ZjJmYjE1NDNj,https://api.mybihr.com/medias/1090952-2-800Wx800H?context=bWFzdGVyfHJvb3R8NzI0MzV8aW1hZ2UvanBlZ3xhREV5TDJnME5pODRPVFUyTkRNME1USXdOek0wTHpFd09UQTVOVEl0TWw4NE1EQlhlRGd3TUVnfGU2NjExMjMxZGYwNGY2NWQ2YWMxNzJiYzMwZGQyMzI2MDA3MmRlY2EzNTM4M2Y3ODE0MDdkYzlmMTQwMDE2Zjg,,,,https://static.bihr.pro/eBihr/Pictures/GILLES-pictures.zip,Spain Warehouse (Parts)
1090950,42200288,2DGT-01-B,GILLES,"GILLE BAR CLAMP ADJUSTABLE, BLK","Alzas de manillar ajustables GILLES, negro",199.00,164.46,74.01,2DGT-01-B,2,8714919000,0,1,"<ul><li><p>Las alzas <strong>2DGT</strong> son un complemento revolucionario, que te ofrece un ajuste y un estilo nunca vistos. Muévelas hacia arriba y hacia abajo, hacia adelante y hacia atrás, hasta que encuentres la posición perfecta para ti en el manillar. </p></li><li><p>Ajuste preciso del alcance dentro de un rango de hasta 50 mm</p></li><li><p>Ajuste de la altura en incrementos de 5 mm</p></li><li><p>Disponible kit de reducción para instalar manillares de 22,2 mm</p></li><li><p>Ajustable hacia adelante y hacia atrás en incrementos de 3,6 mm</p></li><li><p>Kit de conversión de 22,2 a 28,6 mm</p></li><li><p>Disponibles en tres colores diferentes</p></li><li><p>Sujeción en manillar sobredimensionado de 28,6 mm.</p><p> </p></li></ul>""""""","Las alzas 2DGT son un complemento revolucionario, que te ofrece un ajuste y un estilo nunca vistos. Muévelas hacia arriba y hacia abajo, hacia adelante y hacia atrás, hasta que encuentres la posición perfecta para ti en el manillar. Ajuste preciso del alcance dentro de un rango de hasta 50 mmAjuste de la altura en incrementos de 5 mmDisponible kit de reducción para instalar manillares de 22,2 mmAjustable hacia adelante y hacia atrás en incrementos de 3,6 mmKit de conversión de 22,2 a 28,6 mmDisponibles en tres colores diferentesSujeción en manillar sobredimensionado de 28,6 mm. """"""",VEHICLE PARTS & ACCESSORIES,CHASSIS PARTS,CHAS. SERVICE PARTS,,2019,700,127,289,55,,,,,,,,,,,,https://api.mybihr.com/medias/1090950-1-800Wx800H?context=bWFzdGVyfHJvb3R8MTY3ODE2fGltYWdlL2pwZWd8YURNeUwyZzBPQzg0T1RJNU5UVXdOekk1TWpRMkx6RXdPVEE1TlRBdE1WODRNREJYZURnd01FZ3w3MzQxMTFlMDU3YThmYzVmMzVkNTA3OTg5NzBlNzQ3NGQ4NzNmY2YzMTViODc3ODAwOGY1NzRhYWZhZTRhMzBj,https://api.mybihr.com/medias/1090950-2-800Wx800H?context=bWFzdGVyfHJvb3R8NzI0MzV8aW1hZ2UvanBlZ3xhRFl6TDJnME1TODRPVEk1TlRVd09USTFPRFUwTHpFd09UQTVOVEF0TWw4NE1EQlhlRGd3TUVnfDBmODBhYzNmN2U3Mzg5MWRiMWQ1MzIyZGM4OGVlMTVhMDc3MjY2YzJlMWMyNzNjODYwMmQ1Y2RjZDI0ZTc5MWQ,https://api.mybihr.com/medias/1090950-3-800Wx800H?context=bWFzdGVyfHJvb3R8MTEzODkwfGltYWdlL2pwZWd8YURFNUwyZ3daQzg0T1RJNU5UVXhNVEl5TkRZeUx6RXdPVEE1TlRBdE0xODRNREJYZURnd01FZ3xmOTFlM2Q2ZDk4NzI3OTIwZmM4NWYwODlhYjhmOGRkNTNhNzg0Y2UxYWQwOWQzOTExMjM0Y2I4MjA2Nzc0NmUx,,,https://static.bihr.pro/eBihr/Pictures/GILLES-pictures.zip,Spain Warehouse (Parts)
1090966,42200304,2DGT-02-09-B,GILLES,"GILLE BAR CLAMP ADJUSTABLE, BLK","Alzas de manillar ajustables GILLES, negro",199.00,164.46,74.01,2DGT-02-09-B,2,8714919000,0,1,"<ul><li><p>Las alzas <strong>2DGT</strong> son un complemento revolucionario, que te ofrece un ajuste y un estilo nunca vistos. Muévelas hacia arriba y hacia abajo, hacia adelante y hacia atrás, hasta que encuentres la posición perfecta para ti en el manillar. </p></li><li><p>Ajuste preciso del alcance dentro de un rango de hasta 50 mm</p></li><li><p>Ajuste de la altura en incrementos de 5 mm</p></li><li><p>Disponible kit de reducción para instalar manillares de 22,2 mm</p></li><li><p>Ajustable hacia adelante y hacia atrás en incrementos de 3,6 mm</p></li><li><p>Kit de conversión de 22,2 a 28,6 mm</p></li><li><p>Disponibles en tres colores diferentes</p></li><li><p>Sujeción en manillar sobredimensionado de 28,6 mm.</p><p> </p></li></ul>""""""","Las alzas 2DGT son un complemento revolucionario, que te ofrece un ajuste y un estilo nunca vistos. Muévelas hacia arriba y hacia abajo, hacia adelante y hacia atrás, hasta que encuentres la posición perfecta para ti en el manillar. Ajuste preciso del alcance dentro de un rango de hasta 50 mmAjuste de la altura en incrementos de 5 mmDisponible kit de reducción para instalar manillares de 22,2 mmAjustable hacia adelante y hacia atrás en incrementos de 3,6 mmKit de conversión de 22,2 a 28,6 mmDisponibles en tres colores diferentesSujeción en manillar sobredimensionado de 28,6 mm. """"""",VEHICLE PARTS & ACCESSORIES,CHASSIS PARTS,CHAS. SERVICE PARTS,,2283,678,129,295,60,,,,,,,,,,,,https://api.mybihr.com/medias/1090966-1-800Wx800H?context=bWFzdGVyfHJvb3R8MTY3ODE2fGltYWdlL2pwZWd8YUdFNUwyaGhaaTg0T1RVMk5ETTFNVEF6TnpjMEx6RXdPVEE1TmpZdE1WODRNREJYZURnd01FZ3w1NzcxMzc5ODc1NWJkNWJiZmJkOWMzMGFjYTE3YjAzM2YwMTk4MTVlZjM0ZjMxZDkyZTk5NzJlYzliMjIwM2Iz,https://api.mybihr.com/medias/1090966-2-800Wx800H?context=bWFzdGVyfHJvb3R8MTEzODkwfGltYWdlL2pwZWd8YURkaEwyaGlOaTg0T1RVMk5ETTFNekF3TXpneUx6RXdPVEE1TmpZdE1sODRNREJYZURnd01FZ3wxNTliNjVkMTg4ZThlNmRjMTc0YWZjZWYzZmIwMTBjMmI2NDUwNjY0MjAzMWYzMDYwZmI4MGU5OGU1Mzk4NTA0,https://api.mybihr.com/medias/1090966-3-800Wx800H?context=bWFzdGVyfHJvb3R8NzI0MzV8aW1hZ2UvanBlZ3xhR1UzTDJoaVlTODRPVFUyTkRNMU5EazJPVGt3THpFd09UQTVOall0TTE4NE1EQlhlRGd3TUVnfGE2MWE3M2FjMzkwOGRlNzhhNTJjMzVhZjgwMDE4MjlmNDE3ZTc2MWJmM2YxODAyOWZlNWVlMjAyNTQxOGI1MTQ,,,https://static.bihr.pro/eBihr/Pictures/GILLES-pictures.zip,Spain Warehouse (Parts)
1090980,42200318,2DGT-02-16-B,GILLES,"GILLE BAR CLAMP ADJUSTABLE, BLK","Alzas de manillar ajustables GILLES, negro",199.00,164.46,74.01,2DGT-02-16-B,2,8714919000,0,1,"<ul><li><p>Las alzas <strong>2DGT</strong> son un complemento revolucionario, que te ofrece un ajuste y un estilo nunca vistos. Mu&eacute;velas hacia arriba y hacia abajo, hacia adelante y hacia atr&aacute;s, hasta que encuentres la posici&oacute;n perfecta para ti en el manillar.&nbsp;</p></li><li><p>Ajuste preciso del alcance dentro de un rango de hasta 50 mm</p></li><li><p>Ajuste de la altura en incrementos de 5 mm</p></li><li><p>Disponible kit de reducci&oacute;n para instalar manillares de 22,2 mm</p></li><li><p>Ajustable hacia adelante y hacia atr&aacute;s en incrementos de 3,6 mm</p></li><li><p>Kit de conversi&oacute;n de 22,2 a 28,6 mm</p></li><li><p>Disponibles en tres colores diferentes</p></li><li><p>Sujeci&oacute;n en manillar sobredimensionado de 28,6 mm.</p><p>&nbsp;</p></li></ul>","Las alzas 2DGT son un complemento revolucionario, que te ofrece un ajuste y un estilo nunca vistos. Muévelas hacia arriba y hacia abajo, hacia adelante y hacia atrás, hasta que encuentres la posición perfecta para ti en el manillar. Ajuste preciso del alcance dentro de un rango de hasta 50 mmAjuste de la altura en incrementos de 5 mmDisponible kit de reducción para instalar manillares de 22,2 mmAjustable hacia adelante y hacia atrás en incrementos de 3,6 mmKit de conversión de 22,2 a 28,6 mmDisponibles en tres colores diferentesSujeción en manillar sobredimensionado de 28,6 mm. ",VEHICLE PARTS & ACCESSORIES,CHASSIS PARTS,CHAS. SERVICE PARTS,,2154,650,129,293,57,,,,,,,,,,,,https://api.mybihr.com/medias/1090980-1-800Wx800H?context=bWFzdGVyfHJvb3R8MTY3ODE2fGltYWdlL2pwZWd8YURJd0wyZ3dZeTg0T1RBMU1UVTNNamM1TnpjMEx6RXdPVEE1T0RBdE1WODRNREJYZURnd01FZ3wzMzY5MzQ3NWU1ZDcxZjYwZTljMmQ1ODI5ZjIwNzZiM2RhNmFhNTdjNDc4M2NiY2RhOTEyMWI5OTdmMGE2N2Vj,https://api.mybihr.com/medias/1090980-2-800Wx800H?context=bWFzdGVyfHJvb3R8MTEzODkwfGltYWdlL2pwZWd8YURVd0wyZ3dOUzg0T1RBMU1UVTNORGMyTXpneUx6RXdPVEE1T0RBdE1sODRNREJYZURnd01FZ3xjZTNlNWY0NDNmOTIwZGJlMmY5MmRhZWJkNzdkNGY2OTA0MDFmNjQwNDg1NGQ2NTljYzgwZTc4M2MwNzg0ZDg2,https://api.mybihr.com/medias/1090980-3-800Wx800H?context=bWFzdGVyfHJvb3R8NzI0MzV8aW1hZ2UvanBlZ3xhRGRtTDJnd01TODRPVEExTVRVM05qY3lPVGt3THpFd09UQTVPREF0TTE4NE1EQlhlRGd3TUVnfDBhZTMwNzFkNjBmMjFiZTNlYmMwMjBiOGFlMGY3MTQ1ZTRhNWZiZjkwMDJiNmM3YTg0N2Y2N2Q5YzcwNjhmYmM,,,https://static.bihr.pro/eBihr/Pictures/GILLES-pictures.zip,Spain Warehouse (Parts)
1090968,42200306,2DGT-02-10-B,GILLES,"GILLE BAR CLAMP ADJUSTABLE, BLK","Alzas de manillar ajustables GILLES, negro",199.00,164.46,74.01,2DGT-02-10-B,3,8714919000,0,1,"<ul><li><p>Las alzas <strong>2DGT</strong> son un complemento revolucionario, que te ofrece un ajuste y un estilo nunca vistos. Muévelas hacia arriba y hacia abajo, hacia adelante y hacia atrás, hasta que encuentres la posición perfecta para ti en el manillar. </p></li><li><p>Ajuste preciso del alcance dentro de un rango de hasta 50 mm</p></li><li><p>Ajuste de la altura en incrementos de 5 mm</p></li><li><p>Disponible kit de reducción para instalar manillares de 22,2 mm</p></li><li><p>Ajustable hacia adelante y hacia atrás en incrementos de 3,6 mm</p></li><li><p>Kit de conversión de 22,2 a 28,6 mm</p></li><li><p>Disponibles en tres colores diferentes</p></li><li><p>Sujeción en manillar sobredimensionado de 28,6 mm.</p><p> </p></li></ul>""""""","Las alzas 2DGT son un complemento revolucionario, que te ofrece un ajuste y un estilo nunca vistos. Muévelas hacia arriba y hacia abajo, hacia adelante y hacia atrás, hasta que encuentres la posición perfecta para ti en el manillar. Ajuste preciso del alcance dentro de un rango de hasta 50 mmAjuste de la altura en incrementos de 5 mmDisponible kit de reducción para instalar manillares de 22,2 mmAjustable hacia adelante y hacia atrás en incrementos de 3,6 mmKit de conversión de 22,2 a 28,6 mmDisponibles en tres colores diferentesSujeción en manillar sobredimensionado de 28,6 mm. """"""",VEHICLE PARTS & ACCESSORIES,CHASSIS PARTS,CHAS. SERVICE PARTS,,2260,725,129,292,60,,,,,,,,,,,,https://api.mybihr.com/medias/1090968-1-800Wx800H?context=bWFzdGVyfHJvb3R8MTY3ODE2fGltYWdlL2pwZWd8YUdJM0wyaGpNUzg0T1RVMk5ETTFOamt6TlRrNEx6RXdPVEE1TmpndE1WODRNREJYZURnd01FZ3w0YWQ1NzAzZjVmNDNkZmQxZjYyMmZkMDY0ZDdkMjhmNWYzYWQwZWM2YzZkNWYzZWY3YmRkMjhkNGY3N2IyYTY1,https://api.mybihr.com/medias/1090968-2-800Wx800H?context=bWFzdGVyfHJvb3R8MTEzODkwfGltYWdlL2pwZWd8YURnNEwyaGpPQzg0T1RVMk5ETTFPRGt3TWpBMkx6RXdPVEE1TmpndE1sODRNREJYZURnd01FZ3xhMjM3NGVkNzUwZWQ5OGQ2MTNlMDNhODRlYjFhNDMwOTJlODkwM2QzODU3YzMxY2M0MzhmNDU4NTU0MWZiOGI3,https://api.mybihr.com/medias/1090968-3-800Wx800H?context=bWFzdGVyfHJvb3R8NzI0MzV8aW1hZ2UvanBlZ3xhREJtTDJobE9TODRPVFUyTkRNMk1EZzJPREUwTHpFd09UQTVOamd0TTE4NE1EQlhlRGd3TUVnfDQ2YjViM2M5OGI3NDEzY2E4M2NhNWJlZGVlOWE0MTg3MDA4Y2FiNzNiMTFjNjIzZDgzOWQ3MGQ3YzU3MDcwZWM,,,https://static.bihr.pro/eBihr/Pictures/GILLES-pictures.zip,Spain Warehouse (Parts)
1090964,42200302,2DGT-02-08-B,GILLES,"GILLE BAR CLAMP ADJUSTABLE, BLK","Alzas de manillar ajustables GILLES, negro",199.00,164.46,74.01,2DGT-02-08-B,1,8714919000,0,1,"<ul><li><p>Las alzas <strong>2DGT</strong> son un complemento revolucionario, que te ofrece un ajuste y un estilo nunca vistos. Muévelas hacia arriba y hacia abajo, hacia adelante y hacia atrás, hasta que encuentres la posición perfecta para ti en el manillar. </p></li><li><p>Ajuste preciso del alcance dentro de un rango de hasta 50 mm</p></li><li><p>Ajuste de la altura en incrementos de 5 mm</p></li><li><p>Disponible kit de reducción para instalar manillares de 22,2 mm</p></li><li><p>Ajustable hacia adelante y hacia atrás en incrementos de 3,6 mm</p></li><li><p>Kit de conversión de 22,2 a 28,6 mm</p></li><li><p>Disponibles en tres colores diferentes</p></li><li><p>Sujeción en manillar sobredimensionado de 28,6 mm.</p><p> </p></li></ul>""""""","Las alzas 2DGT son un complemento revolucionario, que te ofrece un ajuste y un estilo nunca vistos. Muévelas hacia arriba y hacia abajo, hacia adelante y hacia atrás, hasta que encuentres la posición perfecta para ti en el manillar. Ajuste preciso del alcance dentro de un rango de hasta 50 mmAjuste de la altura en incrementos de 5 mmDisponible kit de reducción para instalar manillares de 22,2 mmAjustable hacia adelante y hacia atrás en incrementos de 3,6 mmKit de conversión de 22,2 a 28,6 mmDisponibles en tres colores diferentesSujeción en manillar sobredimensionado de 28,6 mm. """"""",VEHICLE PARTS & ACCESSORIES,CHASSIS PARTS,CHAS. SERVICE PARTS,,2147,670,129,292,57,,,,,,,,,,,,https://api.mybihr.com/medias/1090964-1-800Wx800H?context=bWFzdGVyfHJvb3R8MTY3ODE2fGltYWdlL2pwZWd8YURFd0wyaGhOaTg0T1RFek56VXpOalk1TmpZeUx6RXdPVEE1TmpRdE1WODRNREJYZURnd01FZ3w3ZDUxNmIyNGJlN2JhMzkxZmEyZjI0ZDM1ZDllNWIyOTkzMGNiMWFjOGFhMjQ5ODdmNTAyN2QyYmY4NTI0MzMx,https://api.mybihr.com/medias/1090964-2-800Wx800H?context=bWFzdGVyfHJvb3R8NzI0MzV8aW1hZ2UvanBlZ3xhR1V4TDJoaFl5ODRPVEV6TnpVek9EWTJNamN3THpFd09UQTVOalF0TWw4NE1EQlhlRGd3TUVnfGVhOWM3OTQ2MTVkZjk4YjdmZjM4MTE4ZDcyNGQzMjIwMmQ2ZDk1OTAwMjRlOTNkYjUyODY5MDQyNWVmMjc5MTA,https://api.mybihr.com/medias/1090964-3-800Wx800H?context=bWFzdGVyfHJvb3R8MTEzODkwfGltYWdlL2pwZWd8YURWakwyaG1ZaTg0T1RFek56VTBNRFl5T0RjNEx6RXdPVEE1TmpRdE0xODRNREJYZURnd01FZ3wxMmQ5N2Q5NmFiMWQ3ZDQ3NmU2YWY2MGNlMjEyN2ZlZGViY2MyY2FmMzFmZjRmMzdhNWYzOTVlYzY5MDBjM2E0,,,https://static.bihr.pro/eBihr/Pictures/GILLES-pictures.zip,Spain Warehouse (Parts)
1090997,42200335,2DGT-12-B,GILLES,"GILLE BAR CLAMP ADJUSTABLE, BLK","Alzas de manillar ajustables GILLES, negro",234.99,194.21,77.69,2DGT-12-B,2,8714919000,0,1,"<ul><li><p>Las alzas <strong>2DGT</strong> son un complemento revolucionario, que te ofrece un ajuste y un estilo nunca vistos. Mu&eacute;velas hacia arriba y hacia abajo, hacia adelante y hacia atr&aacute;s, hasta que encuentres la posici&oacute;n perfecta para ti en el manillar.&nbsp;</p></li><li><p>Ajuste preciso del alcance dentro de un rango de hasta 50 mm</p></li><li><p>Ajuste de la altura en incrementos de 5 mm</p></li><li><p>Disponible kit de reducci&oacute;n para instalar manillares de 22,2 mm</p></li><li><p>Ajustable hacia adelante y hacia atr&aacute;s en incrementos de 3,6 mm</p></li><li><p>Kit de conversi&oacute;n de 22,2 a 28,6 mm</p></li><li><p>Disponibles en tres colores diferentes</p></li><li><p>Sujeci&oacute;n en manillar sobredimensionado de 28,6 mm.</p><p>&nbsp;</p></li></ul>","Las alzas 2DGT son un complemento revolucionario, que te ofrece un ajuste y un estilo nunca vistos. Muévelas hacia arriba y hacia abajo, hacia adelante y hacia atrás, hasta que encuentres la posición perfecta para ti en el manillar. Ajuste preciso del alcance dentro de un rango de hasta 50 mmAjuste de la altura en incrementos de 5 mmDisponible kit de reducción para instalar manillares de 22,2 mmAjustable hacia adelante y hacia atrás en incrementos de 3,6 mmKit de conversión de 22,2 a 28,6 mmDisponibles en tres colores diferentesSujeción en manillar sobredimensionado de 28,6 mm. ",VEHICLE PARTS & ACCESSORIES,CHASSIS PARTS,CHAS. SERVICE PARTS,,2064,660,128,288,56,,,,,,,,,,,,https://api.mybihr.com/medias/1090997-1-800Wx800H?context=bWFzdGVyfHJvb3R8MTY3ODE2fGltYWdlL2pwZWd8YUdZd0wyaGpaQzg0T1RBMU1UVTVORFF5TkRZeUx6RXdPVEE1T1RjdE1WODRNREJYZURnd01FZ3xiOTVlN2VmYWI2N2ZlNTAxMTg1MzIxZTI4MGZmY2ViMmI1ZmM5ZGZiMWEwOGVkY2Q0MDg1NzIxNmE4YmRkZTdj,https://api.mybihr.com/medias/1090997-2-800Wx800H?context=bWFzdGVyfHJvb3R8MTEzODkwfGltYWdlL2pwZWd8YUdGa0wyaGtOQzg0T1RBMU1UVTVOak01TURjd0x6RXdPVEE1T1RjdE1sODRNREJYZURnd01FZ3w1Y2IzODU0YWE5NmYzZTk4ZTFhNDM5MzJkYjUzZjNkYjFiMjZkOWQ2Y2JmZGIyNjkzNDUwYWQ5MDhlMGNhYjlj,https://api.mybihr.com/medias/1090997-3-800Wx800H?context=bWFzdGVyfHJvb3R8NzI0MzV8aW1hZ2UvanBlZ3xhRGRrTDJoa1lpODRPVEExTVRVNU9ETTFOamM0THpFd09UQTVPVGN0TTE4NE1EQlhlRGd3TUVnfDQ0ODAzMTQwNjRiODQ0ZDA2N2VlZjE0NjM1NGJhM2ZhMDIyNTNlNzYwODNlYTJhMWJiNzc0ODY4ZTg3MzZiNjU,,,https://static.bihr.pro/eBihr/Pictures/GILLES-pictures.zip,Spain Warehouse (Parts)
1090982,42200320,2DGT-02-17-B,GILLES,"GILLE BAR CLAMP ADJUSTABLE, BLK","Alzas de manillar ajustables GILLES, negro",199.00,164.46,74.01,2DGT-02-17-B,1,8714919000,0,1,"<ul><li><p>Las alzas <strong>2DGT</strong> son un complemento revolucionario, que te ofrece un ajuste y un estilo nunca vistos. Mu&eacute;velas hacia arriba y hacia abajo, hacia adelante y hacia atr&aacute;s, hasta que encuentres la posici&oacute;n perfecta para ti en el manillar.&nbsp;</p></li><li><p>Ajuste preciso del alcance dentro de un rango de hasta 50 mm</p></li><li><p>Ajuste de la altura en incrementos de 5 mm</p></li><li><p>Disponible kit de reducci&oacute;n para instalar manillares de 22,2 mm</p></li><li><p>Ajustable hacia adelante y hacia atr&aacute;s en incrementos de 3,6 mm</p></li><li><p>Kit de conversi&oacute;n de 22,2 a 28,6 mm</p></li><li><p>Disponibles en tres colores diferentes</p></li><li><p>Sujeci&oacute;n en manillar sobredimensionado de 28,6 mm.</p><p>&nbsp;</p></li></ul>","Las alzas 2DGT son un complemento revolucionario, que te ofrece un ajuste y un estilo nunca vistos. Muévelas hacia arriba y hacia abajo, hacia adelante y hacia atrás, hasta que encuentres la posición perfecta para ti en el manillar. Ajuste preciso del alcance dentro de un rango de hasta 50 mmAjuste de la altura en incrementos de 5 mmDisponible kit de reducción para instalar manillares de 22,2 mmAjustable hacia adelante y hacia atrás en incrementos de 3,6 mmKit de conversión de 22,2 a 28,6 mmDisponibles en tres colores diferentesSujeción en manillar sobredimensionado de 28,6 mm. ",VEHICLE PARTS & ACCESSORIES,CHASSIS PARTS,CHAS. SERVICE PARTS,,2132,648,129,290,57,,,,,,,,,,,,https://api.mybihr.com/medias/1090982-1-800Wx800H?context=bWFzdGVyfHJvb3R8MTY3ODE2fGltYWdlL2pwZWd8YURabEwyZ3lPQzg0T1RJNU5UVTJORE13T0RjNEx6RXdPVEE1T0RJdE1WODRNREJYZURnd01FZ3w5YWI5NTI3OGM5OGI1NmQ5ODkyZDkwZTE0MzY3YTFiYjQxZDUzMzUzNGJmMTg3OGY0NmIyNWE1YzE2NmEwODhk,https://api.mybihr.com/medias/1090982-2-800Wx800H?context=bWFzdGVyfHJvb3R8MTEzODkwfGltYWdlL2pwZWd8YURKakwyZ3laaTg0T1RJNU5UVTJOakkzTkRnMkx6RXdPVEE1T0RJdE1sODRNREJYZURnd01FZ3w5ODcwMzE1NTljN2E2YTg0NGNlMzdkYjcyNGE5MjhjNGE0ZDEwYWQ2YjQ5NWQ0YTIyY2Y4ZDI3ZDk2OWQ0MDIw,https://api.mybihr.com/medias/1090982-3-800Wx800H?context=bWFzdGVyfHJvb3R8NzI0MzV8aW1hZ2UvanBlZ3xhR1pqTDJnek5TODRPVEk1TlRVMk9ESTBNRGswTHpFd09UQTVPREl0TTE4NE1EQlhlRGd3TUVnfDIyMGUyOGVmMmE4YmQ1ZTdiMzY3YmQ1MGZlNGQ0ODhhN2JkYjAxMWM3OTY3ZjgxMTgxMWI0NGVmZmFkMzMxZWM,,,https://static.bihr.pro/eBihr/Pictures/GILLES-pictures.zip,Spain Warehouse (Parts)
1090962,42200300,2DGT-02-07-B,GILLES,"GILLE BAR CLAMP ADJUSTABLE, BLK","Alzas de manillar ajustables GILLES, negro",180.00,148.76,66.94,2DGT-02-07-B,3,8714919000,0,1,"<ul><li><p>Las alzas <strong>2DGT</strong> son un complemento revolucionario, que te ofrece un ajuste y un estilo nunca vistos. Muévelas hacia arriba y hacia abajo, hacia adelante y hacia atrás, hasta que encuentres la posición perfecta para ti en el manillar. </p></li><li><p>Ajuste preciso del alcance dentro de un rango de hasta 50 mm</p></li><li><p>Ajuste de la altura en incrementos de 5 mm</p></li><li><p>Disponible kit de reducción para instalar manillares de 22,2 mm</p></li><li><p>Ajustable hacia adelante y hacia atrás en incrementos de 3,6 mm</p></li><li><p>Kit de conversión de 22,2 a 28,6 mm</p></li><li><p>Disponibles en tres colores diferentes</p></li><li><p>Sujeción en manillar sobredimensionado de 28,6 mm.</p><p> </p></li></ul>""""""","Las alzas 2DGT son un complemento revolucionario, que te ofrece un ajuste y un estilo nunca vistos. Muévelas hacia arriba y hacia abajo, hacia adelante y hacia atrás, hasta que encuentres la posición perfecta para ti en el manillar. Ajuste preciso del alcance dentro de un rango de hasta 50 mmAjuste de la altura en incrementos de 5 mmDisponible kit de reducción para instalar manillares de 22,2 mmAjustable hacia adelante y hacia atrás en incrementos de 3,6 mmKit de conversión de 22,2 a 28,6 mmDisponibles en tres colores diferentesSujeción en manillar sobredimensionado de 28,6 mm. """"""",VEHICLE PARTS & ACCESSORIES,CHASSIS PARTS,CHAS. SERVICE PARTS,,2154,706,129,293,57,,,,,,,,,,,,https://api.mybihr.com/medias/1090962-1-800Wx800H?context=bWFzdGVyfHJvb3R8MTY3ODE2fGltYWdlL2pwZWd8YURObUwyZ3pNeTg0T0RNNE16TTRNVFV3TkRNd0x6RXdPVEE1TmpJdE1WODRNREJYZURnd01FZ3wyNTliNDM2MDE1MTIwNzBjMzI4YjA5ZDA2MGVmNDE4YjlkM2U1YTUxOWVkMGJmNTllNzBjNmNmYmE2OWJhM2Ew,https://api.mybihr.com/medias/1090962-2-800Wx800H?context=bWFzdGVyfHJvb3R8MTA0MzA0fGltYWdlL2pwZWd8YUdOa0wyZzBNQzg0T0RNNE16TTROVFF6TmpRMkx6RXdPVEE1TmpJdE1sODRNREJYZURnd01FZ3xmNjU2NTRhM2UxMjk0MGFkNGI0ODY0NGM3OGU4MmFmODg4ZmY2Y2Y0MzBkZTg1YTM2MDZlMzFiOGI3YTllZDUw,https://api.mybihr.com/medias/1090962-3-800Wx800H?context=bWFzdGVyfHJvb3R8NzI0MzV8aW1hZ2UvanBlZ3xhRFZoTDJnMFpTODRPRE00TXpNNE9UTTJPRFl5THpFd09UQTVOakl0TTE4NE1EQlhlRGd3TUVnfDNhMjVlM2Q0NDU2OTNiOTk5MDhhYWI0ODA5NDQzZDM1ZTJkMjk1NjRlOGUyZTBhOGI2ZDcwODE2NWY3MTdlOTk,,,https://static.bihr.pro/eBihr/Pictures/GILLES-pictures.zip,Spain Warehouse (Parts)
1090958,42200296,2DGT-02-05-B,GILLES,"GILLE BAR CLAMP ADJUSTABLE, BLK","Alzas de manillar ajustables GILLES, negro",199.00,164.46,74.01,2DGT-02-05-B,2,8714919000,0,1,"<ul><li><p>Las alzas <strong>2DGT</strong> son un complemento revolucionario, que te ofrece un ajuste y un estilo nunca vistos. Muévelas hacia arriba y hacia abajo, hacia adelante y hacia atrás, hasta que encuentres la posición perfecta para ti en el manillar. </p></li><li><p>Ajuste preciso del alcance dentro de un rango de hasta 50 mm</p></li><li><p>Ajuste de la altura en incrementos de 5 mm</p></li><li><p>Disponible kit de reducción para instalar manillares de 22,2 mm</p></li><li><p>Ajustable hacia adelante y hacia atrás en incrementos de 3,6 mm</p></li><li><p>Kit de conversión de 22,2 a 28,6 mm</p></li><li><p>Disponibles en tres colores diferentes</p></li><li><p>Sujeción en manillar sobredimensionado de 28,6 mm.</p><p> </p></li></ul>""""""","Las alzas 2DGT son un complemento revolucionario, que te ofrece un ajuste y un estilo nunca vistos. Muévelas hacia arriba y hacia abajo, hacia adelante y hacia atrás, hasta que encuentres la posición perfecta para ti en el manillar. Ajuste preciso del alcance dentro de un rango de hasta 50 mmAjuste de la altura en incrementos de 5 mmDisponible kit de reducción para instalar manillares de 22,2 mmAjustable hacia adelante y hacia atrás en incrementos de 3,6 mmKit de conversión de 22,2 a 28,6 mmDisponibles en tres colores diferentesSujeción en manillar sobredimensionado de 28,6 mm. """"""",VEHICLE PARTS & ACCESSORIES,CHASSIS PARTS,CHAS. SERVICE PARTS,,2188,714,131,293,57,,,,,,,,,,,,https://api.mybihr.com/medias/1090958-1-800Wx800H?context=bWFzdGVyfHJvb3R8MTY3ODE2fGltYWdlL2pwZWd8YUdZMkwyaGtaQzg0T1RJNU5UVXpNRGc0TlRReUx6RXdPVEE1TlRndE1WODRNREJYZURnd01FZ3w4ZmM4ZWYyOGQ4YjRiMmEyMWI1NDIzZmVlZDBlOThjZWFjYzVmMjZlZjlhYWQzZDhkNGMyOGFhYzY3YTZmYWI2,https://api.mybihr.com/medias/1090958-2-800Wx800H?context=bWFzdGVyfHJvb3R8NzI0MzV8aW1hZ2UvanBlZ3xhR00zTDJobE5DODRPVEk1TlRVek1qZzFNVFV3THpFd09UQTVOVGd0TWw4NE1EQlhlRGd3TUVnfDMwODE1MDc2MzEzMzcxMTE4MTBlNmFlOTFhZDFlMmU3ZGZhNjM5MGE5MGFkZDA1MGE5NmVhMjFlOGZhMjYzNGE,https://api.mybihr.com/medias/1090958-3-800Wx800H?context=bWFzdGVyfHJvb3R8MTEzODkwfGltYWdlL2pwZWd8YURrM0wyaGxZaTg0T1RJNU5UVXpORGd4TnpVNEx6RXdPVEE1TlRndE0xODRNREJYZURnd01FZ3w1YjljZmE4ZTQ5YTEzOTlkYTQ3YTRhYjBiZDRlZGU3ZGIzODE1YTFhNDc0ZTNmOTZmNGMzNmUyMWVhN2E2MDM5,,,https://static.bihr.pro/eBihr/Pictures/GILLES-pictures.zip,Spain Warehouse (Parts)
1090954,42200292,2DGT-02-03-B,GILLES,"GILLE BAR CLAMP ADJUSTABLE, BLK","Alzas de manillar ajustables GILLES, negro",199.00,164.46,74.01,2DGT-02-03-B,3,8714919000,0,1,"<ul><li><p>Las alzas <strong>2DGT</strong> son un complemento revolucionario, que te ofrece un ajuste y un estilo nunca vistos. Muévelas hacia arriba y hacia abajo, hacia adelante y hacia atrás, hasta que encuentres la posición perfecta para ti en el manillar. </p></li><li><p>Ajuste preciso del alcance dentro de un rango de hasta 50 mm</p></li><li><p>Ajuste de la altura en incrementos de 5 mm</p></li><li><p>Disponible kit de reducción para instalar manillares de 22,2 mm</p></li><li><p>Ajustable hacia adelante y hacia atrás en incrementos de 3,6 mm</p></li><li><p>Kit de conversión de 22,2 a 28,6 mm</p></li><li><p>Disponibles en tres colores diferentes</p></li><li><p>Sujeción en manillar sobredimensionado de 28,6 mm.</p><p> </p></li></ul>""""""","Las alzas 2DGT son un complemento revolucionario, que te ofrece un ajuste y un estilo nunca vistos. Muévelas hacia arriba y hacia abajo, hacia adelante y hacia atrás, hasta que encuentres la posición perfecta para ti en el manillar. Ajuste preciso del alcance dentro de un rango de hasta 50 mmAjuste de la altura en incrementos de 5 mmDisponible kit de reducción para instalar manillares de 22,2 mmAjustable hacia adelante y hacia atrás en incrementos de 3,6 mmKit de conversión de 22,2 a 28,6 mmDisponibles en tres colores diferentesSujeción en manillar sobredimensionado de 28,6 mm. """"""",VEHICLE PARTS & ACCESSORIES,CHASSIS PARTS,CHAS. SERVICE PARTS,,2195,689,131,294,57,,,,,,,,,,,,https://api.mybihr.com/medias/1090954-1-800Wx800H?context=bWFzdGVyfHJvb3R8MTY3ODE2fGltYWdlL2pwZWd8YUdRMkwyZ3hNeTg0T1RJNU5UVXhNekU1TURjd0x6RXdPVEE1TlRRdE1WODRNREJYZURnd01FZ3w1ZTU3OTk4YzY0NDU2ZDEyODBlZWNlNmM3OGY2OWI5YTM5ZmNmN2UyOTY2OTA1MGIyOWM3MTMwNzEzZjIyNmM0,https://api.mybihr.com/medias/1090954-2-800Wx800H?context=bWFzdGVyfHJvb3R8NDE2ODF8aW1hZ2UvanBlZ3xhR0UyTDJneFlTODRPVEk1TlRVeE5URTFOamM0THpFd09UQTVOVFF0TWw4NE1EQlhlRGd3TUVnfDYwZDdmZWNmMjJhZjYyMTc3OGQ3MjYyYTI0YjhjZTdhNzkyZDBlMzA2NmMxOWZhNjFlOWFmZGE5NDBlZGUyMjI,,,,https://static.bihr.pro/eBihr/Pictures/GILLES-pictures.zip,Spain Warehouse (Parts)
1090960,42200298,2DGT-02-06-B,GILLES,"GILLE BAR CLAMP ADJUSTABLE, BLK","Alzas de manillar ajustables GILLES, negro",180.00,148.76,66.94,2DGT-02-06-B,2,8714919000,0,1,"<ul><li><p>Las alzas <strong>2DGT</strong> son un complemento revolucionario, que te ofrece un ajuste y un estilo nunca vistos. Muévelas hacia arriba y hacia abajo, hacia adelante y hacia atrás, hasta que encuentres la posición perfecta para ti en el manillar. </p></li><li><p>Ajuste preciso del alcance dentro de un rango de hasta 50 mm</p></li><li><p>Ajuste de la altura en incrementos de 5 mm</p></li><li><p>Disponible kit de reducción para instalar manillares de 22,2 mm</p></li><li><p>Ajustable hacia adelante y hacia atrás en incrementos de 3,6 mm</p></li><li><p>Kit de conversión de 22,2 a 28,6 mm</p></li><li><p>Disponibles en tres colores diferentes</p></li><li><p>Sujeción en manillar sobredimensionado de 28,6 mm.</p><p> </p></li></ul>""""""","Las alzas 2DGT son un complemento revolucionario, que te ofrece un ajuste y un estilo nunca vistos. Muévelas hacia arriba y hacia abajo, hacia adelante y hacia atrás, hasta que encuentres la posición perfecta para ti en el manillar. Ajuste preciso del alcance dentro de un rango de hasta 50 mmAjuste de la altura en incrementos de 5 mmDisponible kit de reducción para instalar manillares de 22,2 mmAjustable hacia adelante y hacia atrás en incrementos de 3,6 mmKit de conversión de 22,2 a 28,6 mmDisponibles en tres colores diferentesSujeción en manillar sobredimensionado de 28,6 mm. """"""",VEHICLE PARTS & ACCESSORIES,CHASSIS PARTS,CHAS. SERVICE PARTS,,2140,656,129,291,57,,,,,,,,,,,,https://api.mybihr.com/medias/1090960-1-800Wx800H?context=bWFzdGVyfHJvb3R8MTY3ODE2fGltYWdlL2pwZWd8YURrd0wyZzRaaTg0T0RjM01EUTJNREExTnprd0x6RXdPVEE1TmpBdE1WODRNREJYZURnd01FZ3w2YWRkMTY1ZjlkZjc5NzliYzNmMjA3OWM4YTdkZWUxMGNlZmE5YjQ2Njc2YmU1ZmFiZmYyZGQwYTBjMTNiYWJi,https://api.mybihr.com/medias/1090960-2-800Wx800H?context=bWFzdGVyfHJvb3R8NzI0MzV8aW1hZ2UvanBlZ3xhR013TDJnNE9DODRPRGMzTURRMk1qQXlNems0THpFd09UQTVOakF0TWw4NE1EQlhlRGd3TUVnfGYwMTc0Y2ZmN2Y4YWI3MTIxYTkwODU1ZGI4NTNjOGQ0MTk2MmMyOGY0NmE0MmVjODAwMjVmOWM4M2U0YzY2NDk,https://api.mybihr.com/medias/1090960-3-800Wx800H?context=bWFzdGVyfHJvb3R8MTI3NzU2fGltYWdlL2pwZWd8YURVeUwyZzROQzg0T0RjM01EUTJNems1TURBMkx6RXdPVEE1TmpBdE0xODRNREJYZURnd01FZ3w2ODcyZDg1ZTA0ZWEzYzM0YmFkOWM2YmUzOGE5OWY3MjRmN2NmYjRhMWNjNzMzYTcxODQ4NTQ0NTkxYmYxYjlk,,,https://static.bihr.pro/eBihr/Pictures/GILLES-pictures.zip,Spain Warehouse (Parts)
1096127002,41900111,RGK-370-UF16-SET-S,GILLES,"GILLE FOOT PEGS SPORT, SIL","Estriberas deportivas Gilles Tooling para pasajero, plata",98.00,80.99,36.45,41900111,4,8714919000,0,1,"<ul><li>Ajuste fácil, elegancia y comodidad </li><li>La manera más fácil de modificar la posición original de la estribera</li><li>Juntas articuladas para piloto y pasajero</li><li>Combínala con la gama de estriberas disponible</li><li>Escoge entre 24 posiciones distintas</li><li>Ajuste de 360°.</li></ul><p> </p>""""""","Ajuste fácil, elegancia y comodidad La manera más fácil de modificar la posición original de la estriberaJuntas articuladas para piloto y pasajeroCombínala con la gama de estriberas disponibleEscoge entre 24 posiciones distintasAjuste de 360°.
 """"""",VEHICLE PARTS & ACCESSORIES,ACCESSORIES,ACC. DESIGN PARTS,Plata,1081,242,129,147,57,,,,,,,,,,,,https://api.mybihr.com/medias/1096127002-1-800Wx800H?context=bWFzdGVyfHJvb3R8MjA4NDd8aW1hZ2UvanBlZ3xhRFl4TDJnM1lTODRPVFUzTWpNek5qa3lOekF5THpFd09UWXhNamN3TURJdE1WODRNREJYZURnd01FZ3xkZGYzYzI1MDEyMmE2ODdkNjQwMGUxNzc0NThiZWVlMmNkYThiZDA3NGFiNDJhMzA3NmMyOGQzYTAzNGRlMzEx,https://api.mybihr.com/medias/1096127002-2-800Wx800H?context=bWFzdGVyfHJvb3R8Mjc0NDh8aW1hZ2UvanBlZ3xhREk0TDJneU5TODRPVFUzTWpNME1EZzFPVEU0THpFd09UWXhNamN3TURJdE1sODRNREJYZURnd01FZ3xmMTU0ZTUzZTdhZjI0ZTYyYjRhYWE5NTExM2U0YmFjYWRjODkyOThjZjU4YzIwNzFiODQyZGNhMjBlM2MwZTFi,,,,https://static.bihr.pro/eBihr/Pictures/GILLES-pictures.zip,Spain Warehouse (Parts)
1096130001,41900115,RGK-380-UF16-SET-B,GILLES,"GILLE FOOT PEGS SPORT, BLK","Estriberas deportivas Gilles Tooling para piloto, negro",70.00,57.85,23.14,4251792711865,7,8714919000,0,1,"<ul><li>Ajuste fácil, elegancia y comodidad </li><li>La manera más fácil de modificar la posición original de la estribera</li><li>Juntas articuladas para piloto y pasajero</li><li>Combínala con la gama de estriberas disponible</li><li>Escoge entre 24 posiciones distintas</li><li>Ajuste de 360°.</li></ul><p> </p>""""""","Ajuste fácil, elegancia y comodidad La manera más fácil de modificar la posición original de la estriberaJuntas articuladas para piloto y pasajeroCombínala con la gama de estriberas disponibleEscoge entre 24 posiciones distintasAjuste de 360°.
 """"""",VEHICLE PARTS & ACCESSORIES,ACCESSORIES,ACC. DESIGN PARTS,Negro,1088,279,129,148,57,,,,,,,,,,,,https://api.mybihr.com/medias/1096130001-1-800Wx800H?context=bWFzdGVyfHJvb3R8Mjc3MzR8aW1hZ2UvanBlZ3xhRGt5TDJoaE15ODRPVE13TkRVMU9URXlORGM0THpFd09UWXhNekF3TURFdE1WODRNREJYZURnd01FZ3w2ZjEyOWQ1NGRjMmEwYzQxNzhlOWU1NzAxMWExMGQxODg1NWU2ZjJiYTg4Mjc2ZWQzNDcyYjllN2M4ZDRkMjdi,https://api.mybihr.com/medias/1096130001-2-800Wx800H?context=bWFzdGVyfHJvb3R8Mjc0NDh8aW1hZ2UvanBlZ3xhR05pTDJobU9DODRPVE13TkRVMk16QTFOamswTHpFd09UWXhNekF3TURFdE1sODRNREJYZURnd01FZ3wyZDE2ZWNkYjM2MzZkMzU3ZTlhMzkyODkzMGNkMTEzNDllMjNmYmI2Y2Q0MDgwYmQxNTA2ZGU4ZjcwYmJkNGQy,,,,https://static.bihr.pro/eBihr/Pictures/GILLES-pictures.zip,Spain Warehouse (Parts)
1096130002,41900116,RGK-380-UF16-SET-S,GILLES,"GILLE FOOT PEGS SPORT, SIL","Estriberas deportivas Gilles Tooling para piloto, plata",98.00,80.99,36.45,4251792711872,5,8714919000,0,1,"<ul><li>Ajuste fácil, elegancia y comodidad </li><li>La manera más fácil de modificar la posición original de la estribera</li><li>Juntas articuladas para piloto y pasajero</li><li>Combínala con la gama de estriberas disponible</li><li>Escoge entre 24 posiciones distintas</li><li>Ajuste de 360°.</li></ul><p> </p>""""""","Ajuste fácil, elegancia y comodidad La manera más fácil de modificar la posición original de la estriberaJuntas articuladas para piloto y pasajeroCombínala con la gama de estriberas disponibleEscoge entre 24 posiciones distintasAjuste de 360°.
 """"""",VEHICLE PARTS & ACCESSORIES,ACCESSORIES,ACC. DESIGN PARTS,Plata,1088,281,129,148,57,,,,,,,,,,,,https://api.mybihr.com/medias/1096130002-1-800Wx800H?context=bWFzdGVyfHJvb3R8MjA4NDd8aW1hZ2UvanBlZ3xhR0UwTDJobVl5ODRPVE13TkRVMk5qTXpNemMwTHpFd09UWXhNekF3TURJdE1WODRNREJYZURnd01FZ3xhYmU3OGMxNWI1OTQ5OTQ4OTZhZDRlMzc1YWNlZTM2NzM4NWYwNWJiZjNhZTMyMmNlOWIzZGVmNzUzMjBlMmQ0,https://api.mybihr.com/medias/1096130002-2-800Wx800H?context=bWFzdGVyfHJvb3R8Mjc0NDh8aW1hZ2UvanBlZ3xhR1UzTDJobU5TODRPVE13TkRVMk9ESTVPVGd5THpFd09UWXhNekF3TURJdE1sODRNREJYZURnd01FZ3w4ZjA2ZDZhNzVlMDVkZWQ4Yzg0ODliMjFkYjUxMmY0MTQ4MWQ2NzY3ZTExYjRkMDcyMzNiNzlmNWZkMTJlYzBh,,,,https://static.bihr.pro/eBihr/Pictures/GILLES-pictures.zip,Spain Warehouse (Parts)
1096132002,41900122,RGK-390-UF16-SET-S,GILLES,"GILLE FOOT PEGS SPORT, SIL","Estriberas deportivas Gilles Tooling para piloto, plata",70.00,57.85,23.14,4251792711957,7,8714919000,0,1,"<ul><li>Ajuste fácil, elegancia y comodidad </li><li>La manera más fácil de modificar la posición original de la estribera</li><li>Juntas articuladas para piloto y pasajero</li><li>Combínala con la gama de estriberas disponible</li><li>Escoge entre 24 posiciones distintas</li><li>Ajuste de 360°.</li></ul><p> </p>""""""","Ajuste fácil, elegancia y comodidad La manera más fácil de modificar la posición original de la estriberaJuntas articuladas para piloto y pasajeroCombínala con la gama de estriberas disponibleEscoge entre 24 posiciones distintasAjuste de 360°.
 """"""",VEHICLE PARTS & ACCESSORIES,ACCESSORIES,ACC. DESIGN PARTS,Plata,475,30,80,135,44,,Plata,Aluminio,,,,,,,,,https://api.mybihr.com/medias/1096132002-1-800Wx800H?context=bWFzdGVyfHJvb3R8MjA4NDd8aW1hZ2UvanBlZ3xhR1k1TDJnek1DODRPVFF5TmpNME1qY3dOelV3THpFd09UWXhNekl3TURJdE1WODRNREJYZURnd01FZ3xjNTU4MzUyZWUyZDg0NGM2NDAxZTRmZTkzM2Y1NGEyODYxMmNjZjcwNGRhYzZmNGViN2MxNGM2NGM4YjQzZTlm,https://api.mybihr.com/medias/1096132002-2-800Wx800H?context=bWFzdGVyfHJvb3R8Mjc0NDh8aW1hZ2UvanBlZ3xhRFpqTDJneU15ODRPVFF5TmpNME5qWXpPVFkyTHpFd09UWXhNekl3TURJdE1sODRNREJYZURnd01FZ3xjMjM5YmQ1YTRjZDk0ZDUwZGYxNDhhOGZkMTI1MDBmMDcyY2RhOWIyYTEyMDVkNmI3NTEwZDdhMjc3NWUxMTEz,,,,https://static.bihr.pro/eBihr/Pictures/GILLES-pictures.zip,Spain Warehouse (Parts)
1096132001,41900121,RGK-390-UF16-SET-B,GILLES,"GILLE FOOT PEGS SPORT, BLK","Estriberas deportivas Gilles Tooling para piloto, negro",70.00,57.85,23.14,41900121,6,8714919000,0,1,"<ul><li>Ajuste fácil, elegancia y comodidad </li><li>La manera más fácil de modificar la posición original de la estribera</li><li>Juntas articuladas para piloto y pasajero</li><li>Combínala con la gama de estriberas disponible</li><li>Escoge entre 24 posiciones distintas</li><li>Ajuste de 360°.</li></ul><p> </p>""""""","Ajuste fácil, elegancia y comodidad La manera más fácil de modificar la posición original de la estriberaJuntas articuladas para piloto y pasajeroCombínala con la gama de estriberas disponibleEscoge entre 24 posiciones distintasAjuste de 360°.
 """"""",VEHICLE PARTS & ACCESSORIES,ACCESSORIES,ACC. DESIGN PARTS,Negro,1088,299,129,148,57,,Negro,Aluminio,,,,,,,,,https://api.mybihr.com/medias/1096132001-1-800Wx800H?context=bWFzdGVyfHJvb3R8Mjc3MzR8aW1hZ2UvanBlZ3xhREUyTDJnMVpDODRPVFV3T0RRME9EZ3lPVGMwTHpFd09UWXhNekl3TURFdE1WODRNREJYZURnd01FZ3w5NjI0ZjM1ZDc1ZTM1YjE5YmRiNTU4OWQ2YjYwODgwZjVkZjE5OGRiYWE4MzUwMTI2MTJiZWVjMGJmMzc1ZWNj,https://api.mybihr.com/medias/1096132001-2-800Wx800H?context=bWFzdGVyfHJvb3R8Mjc0NDh8aW1hZ2UvanBlZ3xhRFJtTDJoaU1pODRPVFV3T0RRMU1qYzJNVGt3THpFd09UWXhNekl3TURFdE1sODRNREJYZURnd01FZ3wxMmVmMDUzNjc1OGM5ZGZlNzBmNzllOGIyNjE5MDg0ZDcxZWE5NTIxY2ZmNGRmZDVhMmU1YWZkNGVmYWE2Y2Vh,,,,https://static.bihr.pro/eBihr/Pictures/GILLES-pictures.zip,Spain Warehouse (Parts)
1096138002,41900138,RGK-430-UF16-SET-S,GILLES,"GILLE FOOT PEGS SPORT, SIL","Estriberas deportivas Gilles Tooling para piloto, plata",70.00,57.85,23.14,4251792712176,7,8714919000,0,1,"<ul><li>Ajuste fácil, elegancia y comodidad </li><li>La manera más fácil de modificar la posición original de la estribera</li><li>Juntas articuladas para piloto y pasajero</li><li>Combínala con la gama de estriberas disponible</li><li>Escoge entre 24 posiciones distintas</li><li>Ajuste de 360°.</li></ul><p> </p>""""""","Ajuste fácil, elegancia y comodidad La manera más fácil de modificar la posición original de la estriberaJuntas articuladas para piloto y pasajeroCombínala con la gama de estriberas disponibleEscoge entre 24 posiciones distintasAjuste de 360°.
 """"""",VEHICLE PARTS & ACCESSORIES,ACCESSORIES,ACC. DESIGN PARTS,Plata,475,30,80,135,44,,,,,,,,,,,,https://api.mybihr.com/medias/1096138002-1-800Wx800H?context=bWFzdGVyfHJvb3R8MjA4NDd8aW1hZ2UvanBlZ3xhREl3TDJneU9DODRPVFEzTmpneE1UazRNVEV3THpFd09UWXhNemd3TURJdE1WODRNREJYZURnd01FZ3w3MTc4NDQ4ZDlhMDczN2NiNTRkN2I2NWExZDc4ZDNiNGU1ZTAxY2RmZmEwYzVlMDI5YmZmYWM0NDQ3ZGE1Yjdh,https://api.mybihr.com/medias/1096138002-2-800Wx800H?context=bWFzdGVyfHJvb3R8Mjc0NDh8aW1hZ2UvanBlZ3xhR014TDJnek5TODRPVFEzTmpneE5Ua3hNekkyTHpFd09UWXhNemd3TURJdE1sODRNREJYZURnd01FZ3wyMDkxMTliNTc4ZWM1ZjM4NzZlMDNjZDJiNjcwMjFkMWFmMDU5Y2M0YjE5YjY3ZTRlM2IwNDc0MDQ4ODg3MjBk,,,,https://static.bihr.pro/eBihr/Pictures/GILLES-pictures.zip,Spain Warehouse (Parts)
1096138001,41900137,RGK-430-UF16-SET-B,GILLES,"GILLE FOOT PEGS SPORT, BLK","Estriberas deportivas Gilles Tooling para piloto, negro",98.00,80.99,32.40,4251792712169,7,8714919000,0,1,"<ul><li>Ajuste fácil, elegancia y comodidad </li><li>La manera más fácil de modificar la posición original de la estribera</li><li>Juntas articuladas para piloto y pasajero</li><li>Combínala con la gama de estriberas disponible</li><li>Escoge entre 24 posiciones distintas</li><li>Ajuste de 360°.</li></ul><p> </p>""""""","Ajuste fácil, elegancia y comodidad La manera más fácil de modificar la posición original de la estriberaJuntas articuladas para piloto y pasajeroCombínala con la gama de estriberas disponibleEscoge entre 24 posiciones distintasAjuste de 360°.
 """"""",VEHICLE PARTS & ACCESSORIES,ACCESSORIES,ACC. DESIGN PARTS,Negro,1063,259,126,148,57,,,,,,,,,,,,https://api.mybihr.com/medias/1096138001-1-800Wx800H?context=bWFzdGVyfHJvb3R8Mjc3MzR8aW1hZ2UvanBlZ3xhRGt3TDJoaU1TODRPVE13TkRZd016WTRPVEkyTHpFd09UWXhNemd3TURFdE1WODRNREJYZURnd01FZ3w4NTI4NjAzOGM4NGJmMDdkNTRiZTBhZmY1OTgyMWM0OWFkYWM4ZGFlMjFhNWZjNzRjMzc3OWI2MzQyOTE0NWYz,https://api.mybihr.com/medias/1096138001-2-800Wx800H?context=bWFzdGVyfHJvb3R8Mjc0NDh8aW1hZ2UvanBlZ3xhR013TDJoaFlTODRPVE13TkRZd05UWTFOVE0wTHpFd09UWXhNemd3TURFdE1sODRNREJYZURnd01FZ3w0ZmUyOWEyYzFlYjNjODY5ODBkZGUxNGI2ZmY1M2FiMjMyNDczMzU5MjE3NTY0OTlkMWFjOWY4ZTk1Y2ExYTY3,,,,https://static.bihr.pro/eBihr/Pictures/GILLES-pictures.zip,Spain Warehouse (Parts)
1096141002,41900143,RGK-440-UF16-SET-S,GILLES,"GILLE FOOT PEGS SPORT, SIL","Estriberas deportivas GILLES TOOLING para pasajero, plata",98.00,80.99,32.40,41900143,6,8714919000,0,1,"<ul><li>Ajuste f&aacute;cil, elegancia y comodidad&nbsp;</li><li>La manera m&aacute;s f&aacute;cil de modificar la posici&oacute;n original de la estribera</li><li>Juntas articuladas para piloto y pasajero</li><li>Comb&iacute;nala con la gama de estriberas disponible</li><li>Escoge entre 24 posiciones distintas</li><li>Ajuste de 360&deg;.</li></ul><p>&nbsp;</p>","Ajuste fácil, elegancia y comodidad La manera más fácil de modificar la posición original de la estriberaJuntas articuladas para piloto y pasajeroCombínala con la gama de estriberas disponibleEscoge entre 24 posiciones distintasAjuste de 360°.
 ",VEHICLE PARTS & ACCESSORIES,ACCESSORIES,ACC. DESIGN PARTS,Plata,1088,248,129,148,57,,,,,,,,,,,,https://api.mybihr.com/medias/1096141002-1-800Wx800H?context=bWFzdGVyfHJvb3R8MjA4NDd8aW1hZ2UvanBlZ3xhRFl6TDJnMk5DODRPVE0yTmpZNE5ETXdNelkyTHpFd09UWXhOREV3TURJdE1WODRNREJYZURnd01FZ3w4ZTM0YjNiMWQxMjc4NjAzZTkzYTU0NTlkZGRjNjMxMzUwNjZlMDU5MzhkYmQzMTAwYzhmZGY3MWNmZjQyNjFm,https://api.mybihr.com/medias/1096141002-2-800Wx800H?context=bWFzdGVyfHJvb3R8Mjc0NDh8aW1hZ2UvanBlZ3xhR1l4TDJnM01TODRPVE0yTmpZNE9ESXpOVGd5THpFd09UWXhOREV3TURJdE1sODRNREJYZURnd01FZ3w3NTc0MTg0NzkxMTE2NjE0OTc4N2VlYmZhZDMxYjhkZmYwYTNjMTJmYzY1ZWViM2ZhM2I4NDU2M2YwZWMzMGZk,,,,https://static.bihr.pro/eBihr/Pictures/GILLES-pictures.zip,Spain Warehouse (Parts)
1096141001,41900142,RGK-440-UF16-SET-B,GILLES,"GILLE FOOT PEGS SPORT, BLK","Estriberas deportivas GILLES TOOLING para pasajero, negro",98.00,80.99,36.45,4251792712237,5,8714919000,0,1,"<ul><li>Ajuste f&aacute;cil, elegancia y comodidad&nbsp;</li><li>La manera m&aacute;s f&aacute;cil de modificar la posici&oacute;n original de la estribera</li><li>Juntas articuladas para piloto y pasajero</li><li>Comb&iacute;nala con la gama de estriberas disponible</li><li>Escoge entre 24 posiciones distintas</li><li>Ajuste de 360&deg;.</li></ul><p>&nbsp;</p>","Ajuste fácil, elegancia y comodidad La manera más fácil de modificar la posición original de la estriberaJuntas articuladas para piloto y pasajeroCombínala con la gama de estriberas disponibleEscoge entre 24 posiciones distintasAjuste de 360°.
 ",VEHICLE PARTS & ACCESSORIES,ACCESSORIES,ACC. DESIGN PARTS,Negro,1070,246,126,149,57,,,,,,,,,,,,https://api.mybihr.com/medias/1096141001-1-800Wx800H?context=bWFzdGVyfHJvb3R8Mjc3MzR8aW1hZ2UvanBlZ3xhRGMxTDJobU1pODRPVFUzTWpRd016YzNNemMwTHpFd09UWXhOREV3TURFdE1WODRNREJYZURnd01FZ3xhYTFkZGY4YjdlY2FkNWQwYTU3MjY3ODY2NGVlNGY5OWM1YmFjZDQ0NjlkNWVkZjljZmMyNDAwZmViNTQ4MzJk,https://api.mybihr.com/medias/1096141001-2-800Wx800H?context=bWFzdGVyfHJvb3R8Mjc0NDh8aW1hZ2UvanBlZ3xhR1EwTDJobE5DODRPVFUzTWpRd056Y3dOVGt3THpFd09UWXhOREV3TURFdE1sODRNREJYZURnd01FZ3xkNTBmOGY0NGQ2MGI1MmQ3NTg2NGFhNjMxNzAwMjZiODc0ZTA1ZGNmNjRkYmYyN2Y5OTc2ZjczZjRiZmNmNmM5,,,,https://static.bihr.pro/eBihr/Pictures/GILLES-pictures.zip,Spain Warehouse (Parts)
1096145002,41900151,RGK-460-UF16-SET-S,GILLES,"GILLE FOOT PEGS SPORT, SIL","Estriberas deportivas GILLES TOOLING para piloto, plata",98.00,80.99,32.40,4251792712343,9,8714919000,0,1,"<ul><li>Ajuste f&aacute;cil, elegancia y comodidad&nbsp;</li><li>La manera m&aacute;s f&aacute;cil de modificar la posici&oacute;n original de la estribera</li><li>Juntas articuladas para piloto y pasajero</li><li>Comb&iacute;nala con la gama de estriberas disponible</li><li>Escoge entre 24 posiciones distintas</li><li>Ajuste de 360&deg;.</li></ul><p>&nbsp;</p>","Ajuste fácil, elegancia y comodidad La manera más fácil de modificar la posición original de la estriberaJuntas articuladas para piloto y pasajeroCombínala con la gama de estriberas disponibleEscoge entre 24 posiciones distintasAjuste de 360°.
 ",VEHICLE PARTS & ACCESSORIES,ACCESSORIES,ACC. DESIGN PARTS,Plata,1024,240,127,144,56,,,,,,,,,,,,https://api.mybihr.com/medias/1096145002-1-800Wx800H?context=bWFzdGVyfHJvb3R8MjA4NDd8aW1hZ2UvanBlZ3xhRGt4TDJnME15ODRPVFUzTWpRek1USTVPRGcyTHpFd09UWXhORFV3TURJdE1WODRNREJYZURnd01FZ3w0ZDFkMDdkYmEzYzlmMTI1ODcwN2ZjZjg3MzRiOGVjMGI0MDBhZjhjN2UzMzNkNmU1M2M1OTAwMzVkMGMyZGNl,https://api.mybihr.com/medias/1096145002-2-800Wx800H?context=bWFzdGVyfHJvb3R8Mjc0NDh8aW1hZ2UvanBlZ3xhRE16TDJnMU1TODRPVFUzTWpRek5USXpNVEF5THpFd09UWXhORFV3TURJdE1sODRNREJYZURnd01FZ3wwYjRlY2M0ODc2N2JmNDU5ZGJiZWNjODNiYTgzNzRhMmE4YTkzOWQ2NmY5OGZiMDY4YzJjMWU4NTUzZTBmODA2,,,,https://static.bihr.pro/eBihr/Pictures/GILLES-pictures.zip,Spain Warehouse (Parts)
1096145001,41900150,RGK-460-UF16-SET-B,GILLES,"GILLE FOOT PEGS SPORT, BLK","Estriberas deportivas GILLES TOOLING para piloto, negro",98.00,80.99,32.40,4251792712336,8,8714919000,0,1,"<ul><li>Ajuste f&aacute;cil, elegancia y comodidad&nbsp;</li><li>La manera m&aacute;s f&aacute;cil de modificar la posici&oacute;n original de la estribera</li><li>Juntas articuladas para piloto y pasajero</li><li>Comb&iacute;nala con la gama de estriberas disponible</li><li>Escoge entre 24 posiciones distintas</li><li>Ajuste de 360&deg;.</li></ul><p>&nbsp;</p>","Ajuste fácil, elegancia y comodidad La manera más fácil de modificar la posición original de la estriberaJuntas articuladas para piloto y pasajeroCombínala con la gama de estriberas disponibleEscoge entre 24 posiciones distintasAjuste de 360°.
 ",VEHICLE PARTS & ACCESSORIES,ACCESSORIES,ACC. DESIGN PARTS,Negro,1096,244,129,149,57,,,,,,,,,,,,https://api.mybihr.com/medias/1096145001-1-800Wx800H?context=bWFzdGVyfHJvb3R8Mjc3MzR8aW1hZ2UvanBlZ3xhRGt5TDJnMlpDODRPVEExT1RBek56QXlNRFEyTHpFd09UWXhORFV3TURFdE1WODRNREJYZURnd01FZ3w4MWI5MTYwZTNhZTQzYThiNGFiMTAwZWNlN2FmZTIwNzczNGM5MzA0NzcyNjE2ZTI0NjgyMzg5NDU1MzMwOTI2,https://api.mybihr.com/medias/1096145001-2-800Wx800H?context=bWFzdGVyfHJvb3R8Mjc0NDh8aW1hZ2UvanBlZ3xhR0U1TDJneFlTODRPVEExT1RBME1EazFNall5THpFd09UWXhORFV3TURFdE1sODRNREJYZURnd01FZ3xlZDMyOTIzODNkZDZlMjhmNmI1ZTc3NzIwMGU1MTIzYjRiMGEzZGYwNGM5NjI0M2RhMWY3YTEzNWQ5ZDRhNGE4,,,,https://static.bihr.pro/eBihr/Pictures/GILLES-pictures.zip,Spain Warehouse (Parts)
1096224001,6190036101,AXB-RN22-B,GILLES,"GILLE TENSIONER CHAIN AXB, BLK","Tensores de cadena GILLES TOOLING AXB, negro",119.00,98.35,44.26,AXB-RN22-B,3,8714919000,0,1,<ul><li><p>M&aacute;s que un tensor de cadena&nbsp;</p></li><li><p>Ajuste preciso de la tensi&oacute;n de la cadena</p></li><li><p>Un tornillo especial permite el ajuste del eje en ambas direcciones</p></li><li><p>Ajuste perfecto mediante una escala precisa</p></li><li><p>Mediante la escala puedes compensar las tolerancias de serie</p></li><li><p>Facilita el cambio de la rueda trasera</p></li><li><p>Sostiene el eje contra la carga provocada por la compresi&oacute;n y la tracci&oacute;n.</p><p>&nbsp;</p></li></ul>,Más que un tensor de cadena Ajuste preciso de la tensión de la cadenaUn tornillo especial permite el ajuste del eje en ambas direccionesAjuste perfecto mediante una escala precisaMediante la escala puedes compensar las tolerancias de serieFacilita el cambio de la rueda traseraSostiene el eje contra la carga provocada por la compresión y la tracción. ,VEHICLE PARTS & ACCESSORIES,ACCESSORIES,ACC. DESIGN PARTS,Negro,1024,260,127,144,56,,Negro,,,,,,,,,,https://api.mybihr.com/medias/1096224001-1-800Wx800H?context=bWFzdGVyfHJvb3R8MTg2Njk3MHxpbWFnZS9qcGVnfGFHWTNMMmd6TUM4NE9UTXdORGsxTXprM09URTRMekV3T1RZeU1qUXdNREV0TVY4NE1EQlhlRGd3TUVnfDRkZmQ1NDA5MTc5M2I1Y2Q4ZTcwOGM4YTA2ZmZlOGRjMTYyOGM3ZTg3ZDZjZTU5YTE3NThjODVhY2U1ZjAxYTE,https://api.mybihr.com/medias/1096224001-2-800Wx800H?context=bWFzdGVyfHJvb3R8ODc5OTJ8aW1hZ2UvanBlZ3xhREkzTDJneVlTODRPVE13TkRrMU5UazBOVEkyTHpFd09UWXlNalF3TURFdE1sODRNREJYZURnd01FZ3xkZTc3N2JhMjFkNjdkZDZkZjk2YjAzM2VhMWQ3ZTdjMWIwNzQwZjZkNjFjZDJiYjlkMDRmNWM1ZDBjYzQwOWQ2,,,,https://static.bihr.pro/eBihr/Pictures/GILLES-pictures.zip,Spain Warehouse (Parts)
1096226001,6190036301,AXB-RN32-B,GILLES,"GILLE TENSIONER CHAIN AXB, BLK","Tensores de cadena GILLES TOOLING AXB, negro",119.00,98.35,44.26,AXB-RN32-B,2,8714919000,0,1,<ul><li><p>M&aacute;s que un tensor de cadena&nbsp;</p></li><li><p>Ajuste preciso de la tensi&oacute;n de la cadena</p></li><li><p>Un tornillo especial permite el ajuste del eje en ambas direcciones</p></li><li><p>Ajuste perfecto mediante una escala precisa</p></li><li><p>Mediante la escala puedes compensar las tolerancias de serie</p></li><li><p>Facilita el cambio de la rueda trasera</p></li><li><p>Sostiene el eje contra la carga provocada por la compresi&oacute;n y la tracci&oacute;n.</p><p>&nbsp;</p></li></ul>,Más que un tensor de cadena Ajuste preciso de la tensión de la cadenaUn tornillo especial permite el ajuste del eje en ambas direccionesAjuste perfecto mediante una escala precisaMediante la escala puedes compensar las tolerancias de serieFacilita el cambio de la rueda traseraSostiene el eje contra la carga provocada por la compresión y la tracción. ,VEHICLE PARTS & ACCESSORIES,ACCESSORIES,ACC. DESIGN PARTS,Negro,1006,240,127,144,55,,Negro,,,,,,,,,,https://api.mybihr.com/medias/1096226001-1-800Wx800H?context=bWFzdGVyfHJvb3R8MTg2Njk3MHxpbWFnZS9qcGVnfGFEbGhMMmhtTkM4NE9UUXlOall4TlRrNU1qWXlMekV3T1RZeU1qWXdNREV0TVY4NE1EQlhlRGd3TUVnfGM5ODUyNjk3OTcxZjI4ZmViMTZmM2M3MGQxNjAyNWE1OTcyMmIwMjQ1MmRiYmY3MWE2ZmNlYWRkMzY3YzJkYzY,https://api.mybihr.com/medias/1096226001-2-800Wx800H?context=bWFzdGVyfHJvb3R8ODc5OTJ8aW1hZ2UvanBlZ3xhR1poTDJobE5pODRPVFF5TmpZeE9Ua3lORGM0THpFd09UWXlNall3TURFdE1sODRNREJYZURnd01FZ3wxNzExMDE2Mzk1ZjQxNDkwNTdlNTgwNDhjNWJjYjU3ZGUxODQyMDkyMzAxMTY0NGMwYTNkZTMxMzBlNGQ4MjQ0,,,,https://static.bihr.pro/eBihr/Pictures/GILLES-pictures.zip,Spain Warehouse (Parts)
1096134001,41900126,RGK-400-UF16-SET-B,GILLES,"GILLE FOOT PEGS SPORT, BLK","Estriberas deportivas Gilles Tooling para pasajero, negro",98.00,80.99,32.40,41900126,6,8714919000,0,1,"<ul><li>Ajuste fácil, elegancia y comodidad </li><li>La manera más fácil de modificar la posición original de la estribera</li><li>Juntas articuladas para piloto y pasajero</li><li>Combínala con la gama de estriberas disponible</li><li>Escoge entre 24 posiciones distintas</li><li>Ajuste de 360°.</li></ul><p> </p>""""""","Ajuste fácil, elegancia y comodidad La manera más fácil de modificar la posición original de la estriberaJuntas articuladas para piloto y pasajeroCombínala con la gama de estriberas disponibleEscoge entre 24 posiciones distintasAjuste de 360°.
 """"""",VEHICLE PARTS & ACCESSORIES,ACCESSORIES,ACC. DESIGN PARTS,Negro,1135,260,131,152,57,,,,,,,,,,,,https://api.mybihr.com/medias/1096134001-1-800Wx800H?context=bWFzdGVyfHJvb3R8Mjc3MzR8aW1hZ2UvanBlZ3xhR0k1TDJnM1pTODRPVFUzTWpNNE1ERTRNRGM0THpFd09UWXhNelF3TURFdE1WODRNREJYZURnd01FZ3w3NTNlNTljOTc5NmIzYmEwZTNmN2ZmOTY4NWRjN2FiZWUxMzMzMmNkMzg3NTc5NzViNzYzNGZlMjFkNjE0YzQ0,https://api.mybihr.com/medias/1096134001-2-800Wx800H?context=bWFzdGVyfHJvb3R8Mjc0NDh8aW1hZ2UvanBlZ3xhREU0TDJnM01TODRPVFUzTWpNNE5ERXhNamswTHpFd09UWXhNelF3TURFdE1sODRNREJYZURnd01FZ3wzNWRlMjNjZmE4ZGZkMzNhZWE3NmM2ZjhiMzdiMTBkZDRlNTZhMDgxMGJlN2VjZWQzYWRkMjc3MmRiZjk1MzE2,,,,https://static.bihr.pro/eBihr/Pictures/GILLES-pictures.zip,Spain Warehouse (Parts)
1096134002,41900127,RGK-400-UF16-SET-S,GILLES,"GILLE FOOT PEGS SPORT, SIL","Estriberas deportivas Gilles Tooling para pasajero, plata",98.00,80.99,32.40,41900127,5,8714919000,0,1,"<ul><li>Ajuste fácil, elegancia y comodidad </li><li>La manera más fácil de modificar la posición original de la estribera</li><li>Juntas articuladas para piloto y pasajero</li><li>Combínala con la gama de estriberas disponible</li><li>Escoge entre 24 posiciones distintas</li><li>Ajuste de 360°.</li></ul><p> </p>""""""","Ajuste fácil, elegancia y comodidad La manera más fácil de modificar la posición original de la estriberaJuntas articuladas para piloto y pasajeroCombínala con la gama de estriberas disponibleEscoge entre 24 posiciones distintasAjuste de 360°.
 """"""",VEHICLE PARTS & ACCESSORIES,ACCESSORIES,ACC. DESIGN PARTS,Plata,475,30,80,135,44,,,,,,,,,,,,https://api.mybihr.com/medias/1096134002-1-800Wx800H?context=bWFzdGVyfHJvb3R8MjA4NDd8aW1hZ2UvanBlZ3xhRGc1TDJnd01TODRPVE0yTmpZM05qUXpPVE0wTHpFd09UWXhNelF3TURJdE1WODRNREJYZURnd01FZ3w3YTdiY2ZlYWE1MTkzNWI1ZTQ2YjIyNDc2ZjRhZGE1YWZmMGVhZDI2Y2M1YTI4MjFmZWI5NDg3N2MxMzBlOTA0,https://api.mybihr.com/medias/1096134002-2-800Wx800H?context=bWFzdGVyfHJvb3R8Mjc0NDh8aW1hZ2UvanBlZ3xhR016TDJnMU5pODRPVE0yTmpZNE1ETTNNVFV3THpFd09UWXhNelF3TURJdE1sODRNREJYZURnd01FZ3wzNDUzOWVmNTQyMGI3OWE5NjVlMmIwMDc5MDk1ZmEwMjAxZjc5MjE0N2MwNjA3ODhhYTVmMTdkODQxNTRkYWQ0,,,,https://static.bihr.pro/eBihr/Pictures/GILLES-pictures.zip,Spain Warehouse (Parts)
1096136001,41900131,RGK-420-UF16-SET-B,GILLES,"GILLE FOOT PEGS SPORT, BLK","Estriberas deportivas Gilles Tooling para piloto, negro",98.00,80.99,32.40,41900131,7,8714919000,0,1,"<ul><li>Ajuste fácil, elegancia y comodidad </li><li>La manera más fácil de modificar la posición original de la estribera</li><li>Juntas articuladas para piloto y pasajero</li><li>Combínala con la gama de estriberas disponible</li><li>Escoge entre 24 posiciones distintas</li><li>Ajuste de 360°.</li></ul><p> </p>""""""","Ajuste fácil, elegancia y comodidad La manera más fácil de modificar la posición original de la estriberaJuntas articuladas para piloto y pasajeroCombínala con la gama de estriberas disponibleEscoge entre 24 posiciones distintasAjuste de 360°.
 """"""",VEHICLE PARTS & ACCESSORIES,ACCESSORIES,ACC. DESIGN PARTS,Negro,1088,237,129,148,57,,,,,,,,,,,,https://api.mybihr.com/medias/1096136001-1-800Wx800H?context=bWFzdGVyfHJvb3R8Mjc3MzR8aW1hZ2UvanBlZ3xhR1kyTDJneU5DODRPVE13TkRVNE56azJNRFl5THpFd09UWXhNell3TURFdE1WODRNREJYZURnd01FZ3w1OTA3YmI2OTk1YmE3ODUzOTQzM2E1NGY5YmY1NTkyYTAzMzdiZGVlNzcwMWQ4ZWNlNDViOTVmOTQyNTU1NmZl,https://api.mybihr.com/medias/1096136001-2-800Wx800H?context=bWFzdGVyfHJvb3R8Mjc0NDh8aW1hZ2UvanBlZ3xhREkyTDJneFpTODRPVE13TkRVNE9Ua3lOamN3THpFd09UWXhNell3TURFdE1sODRNREJYZURnd01FZ3w1NWI5N2RlOWFhOWQwNDViMWUzYjk5MGFlNDk2YjdkNWM0ZWM5MDBiYjc2MDkxYzM5ZWQ5NjYxMjZjMzhmNjc1,,,,https://static.bihr.pro/eBihr/Pictures/GILLES-pictures.zip,Spain Warehouse (Parts)
1096136002,41900132,RGK-420-UF16-SET-S,GILLES,"GILLE FOOT PEGS SPORT, SIL","Estriberas deportivas Gilles Tooling para piloto, plata",98.00,80.99,32.40,4251792712091,6,8714919000,0,1,"<ul><li>Ajuste fácil, elegancia y comodidad </li><li>La manera más fácil de modificar la posición original de la estribera</li><li>Juntas articuladas para piloto y pasajero</li><li>Combínala con la gama de estriberas disponible</li><li>Escoge entre 24 posiciones distintas</li><li>Ajuste de 360°.</li></ul><p> </p>""""""","Ajuste fácil, elegancia y comodidad La manera más fácil de modificar la posición original de la estriberaJuntas articuladas para piloto y pasajeroCombínala con la gama de estriberas disponibleEscoge entre 24 posiciones distintasAjuste de 360°.
 """"""",VEHICLE PARTS & ACCESSORIES,ACCESSORIES,ACC. DESIGN PARTS,Plata,475,20,80,135,44,,,,,,,,,,,,https://api.mybihr.com/medias/1096136002-1-800Wx800H?context=bWFzdGVyfHJvb3R8MjA4NDd8aW1hZ2UvanBlZ3xhRFF5TDJnek1DODRPVE13TkRVNU1UZzVNamM0THpFd09UWXhNell3TURJdE1WODRNREJYZURnd01FZ3xlOTkxZDRiNzUxMWJmNTZiYmQwOTg2OGI1ZGRhNTBkY2ZiYTM2MDgyOGUwNzAzY2IyOTA4MjBlNjdmMzRiNTNj,https://api.mybihr.com/medias/1096136002-2-800Wx800H?context=bWFzdGVyfHJvb3R8Mjc0NDh8aW1hZ2UvanBlZ3xhREV5TDJnek55ODRPVE13TkRVNU16ZzFPRGcyTHpFd09UWXhNell3TURJdE1sODRNREJYZURnd01FZ3w2NGE1YzBiNmQ1MjIzZjY0ODM1ZGE2M2JiOTY2OTNiNjBmNjU0ZDU1NDU2YzlmYmQ1MWMwYTBhYTZlNDU2ZmZh,,,,https://static.bihr.pro/eBihr/Pictures/GILLES-pictures.zip,Spain Warehouse (Parts)
1096143002,41900147,RGK-450-UF16-SET-S,GILLES,"GILLE FOOT PEGS SPORT, SIL","Estriberas deportivas GILLES TOOLING para pasajero, plata",70.00,57.85,23.14,4251792712305,7,8714919000,0,1,"<ul><li>Ajuste f&aacute;cil, elegancia y comodidad&nbsp;</li><li>La manera m&aacute;s f&aacute;cil de modificar la posici&oacute;n original de la estribera</li><li>Juntas articuladas para piloto y pasajero</li><li>Comb&iacute;nala con la gama de estriberas disponible</li><li>Escoge entre 24 posiciones distintas</li><li>Ajuste de 360&deg;.</li></ul><p>&nbsp;</p>","Ajuste fácil, elegancia y comodidad La manera más fácil de modificar la posición original de la estriberaJuntas articuladas para piloto y pasajeroCombínala con la gama de estriberas disponibleEscoge entre 24 posiciones distintasAjuste de 360°.
 ",VEHICLE PARTS & ACCESSORIES,ACCESSORIES,ACC. DESIGN PARTS,Plata,475,15,80,135,44,,,,,,,,,,,,https://api.mybihr.com/medias/1096143002-1-800Wx800H?context=bWFzdGVyfHJvb3R8MjA4NDd8aW1hZ2UvanBlZ3xhRFpqTDJoa01DODRPVEExT1RBeU9URTFOakUwTHpFd09UWXhORE13TURJdE1WODRNREJYZURnd01FZ3xiYThhMTRhNTZhZWJjNDg3OTFlOTgxODQ3Mzk2MjRiNWYzNjA5Y2FmM2E4NDAxYjA2YzEzOGFmNDc5MDg1ZmZh,https://api.mybihr.com/medias/1096143002-2-800Wx800H?context=bWFzdGVyfHJvb3R8Mjc0NDh8aW1hZ2UvanBlZ3xhRE0wTDJnM1lpODRPVEExT1RBek16QTRPRE13THpFd09UWXhORE13TURJdE1sODRNREJYZURnd01FZ3wxZGI2ZjYyMmFkODViYjY3MmEwODY0MjM2MDg4ZDI1ZDU3YmJjMDA1YzA4MjQ4MTFhN2JhZDk2ZjEzYzlkMGY3,,,,https://static.bihr.pro/eBihr/Pictures/GILLES-pictures.zip,Spain Warehouse (Parts)
1096143001,41900146,RGK-450-UF16-SET-B,GILLES,"GILLE FOOT PEGS SPORT, BLK","Estriberas deportivas GILLES TOOLING para pasajero, negro",98.00,80.99,32.40,41900146,6,8714919000,0,1,"<ul><li>Ajuste f&aacute;cil, elegancia y comodidad&nbsp;</li><li>La manera m&aacute;s f&aacute;cil de modificar la posici&oacute;n original de la estribera</li><li>Juntas articuladas para piloto y pasajero</li><li>Comb&iacute;nala con la gama de estriberas disponible</li><li>Escoge entre 24 posiciones distintas</li><li>Ajuste de 360&deg;.</li></ul><p>&nbsp;</p>","Ajuste fácil, elegancia y comodidad La manera más fácil de modificar la posición original de la estriberaJuntas articuladas para piloto y pasajeroCombínala con la gama de estriberas disponibleEscoge entre 24 posiciones distintasAjuste de 360°.
 ",VEHICLE PARTS & ACCESSORIES,ACCESSORIES,ACC. DESIGN PARTS,Negro,1120,273,131,150,57,,,,,,,,,,,,https://api.mybihr.com/medias/1096143001-1-800Wx800H?context=bWFzdGVyfHJvb3R8Mjc3MzR8aW1hZ2UvanBlZ3xhR0l3TDJneU1TODRPVE13TkRZeU16TTFNREEyTHpFd09UWXhORE13TURFdE1WODRNREJYZURnd01FZ3xjMjA3MTM2ZmIzZTljZWYwZmZlNjYzYjNjMTE2OWRlZDNkMDBjMjZlOGEzOWRmMWQ4NmUyMjBiYTI0Njg3ODQ0,https://api.mybihr.com/medias/1096143001-2-800Wx800H?context=bWFzdGVyfHJvb3R8Mjc0NDh8aW1hZ2UvanBlZ3xhRGd3TDJneU9DODRPVE13TkRZeU5UTXhOakUwTHpFd09UWXhORE13TURFdE1sODRNREJYZURnd01FZ3xkNTc3NDk3MDU1YjMwODdjMmIzOTQ5NmIzMjdkMmIzMGE4MjhkNzU0N2FlYjVkZTYxMjA1YTQzYTdjNjFiNGEx,,,,https://static.bihr.pro/eBihr/Pictures/GILLES-pictures.zip,Spain Warehouse (Parts)
1096152002,41900167,RGK-510-UF16-SET-S,GILLES,"GILLE FOOT PEGS SPORT, SIL","Estriberas deportivas Gilles Tooling para piloto, plata",98.00,80.99,36.45,41900167,1,8714919000,0,1,"<ul><li>Ajuste fácil, elegancia y comodidad </li><li>La manera más fácil de modificar la posición original de la estribera</li><li>Juntas articuladas para piloto y pasajero</li><li>Combínala con la gama de estriberas disponible</li><li>Escoge entre 24 posiciones distintas</li><li>Ajuste de 360°.</li></ul><p> </p>""""""","Ajuste fácil, elegancia y comodidad La manera más fácil de modificar la posición original de la estriberaJuntas articuladas para piloto y pasajeroCombínala con la gama de estriberas disponibleEscoge entre 24 posiciones distintasAjuste de 360°.
 """"""",VEHICLE PARTS & ACCESSORIES,ACCESSORIES,ACC. DESIGN PARTS,Plata,1024,240,127,144,56,,,,,,,,,,,,https://api.mybihr.com/medias/1096152002-1-800Wx800H?context=bWFzdGVyfHJvb3R8MjA4NDd8aW1hZ2UvanBlZ3xhRGxtTDJobU5TODRPVE13TkRZME16WTJOakl5THpFd09UWXhOVEl3TURJdE1WODRNREJYZURnd01FZ3w2OTM0OTUwZTliOTk3OTRhMjljMGI3YzAwNGFjZTdkYjk2NjZiNjVkODZmNTZhMzhiZDI0NTlmZmRiZGY2YjQ1,https://api.mybihr.com/medias/1096152002-2-800Wx800H?context=bWFzdGVyfHJvb3R8Mjc0NDh8aW1hZ2UvanBlZ3xhR1F6TDJobVl5ODRPVE13TkRZME56VTVPRE00THpFd09UWXhOVEl3TURJdE1sODRNREJYZURnd01FZ3xmMzcwNDI0MzJjM2JiOTRiMzE1ZTMwNDhhOWY3MTZkZDcwMDJlNWZlM2E3YWFiM2QwZDIzNmI4Zjg4YTAwOWQw,,,,https://static.bihr.pro/eBihr/Pictures/GILLES-pictures.zip,Spain Warehouse (Parts)
1096156002,41900176,RGK-560-UF16-SET-S,GILLES,"GILLE FOOT PEGS SPORT, SIL","Estriberas deportivas Gilles Tooling para piloto, plata",98.00,80.99,32.40,41900176,6,8714919000,0,1,"<ul><li>Ajuste fácil, elegancia y comodidad </li><li>La manera más fácil de modificar la posición original de la estribera</li><li>Juntas articuladas para piloto y pasajero</li><li>Combínala con la gama de estriberas disponible</li><li>Escoge entre 24 posiciones distintas</li><li>Ajuste de 360°.</li></ul><p> </p>""""""","Ajuste fácil, elegancia y comodidad La manera más fácil de modificar la posición original de la estriberaJuntas articuladas para piloto y pasajeroCombínala con la gama de estriberas disponibleEscoge entre 24 posiciones distintasAjuste de 360°.
 """"""",VEHICLE PARTS & ACCESSORIES,ACCESSORIES,ACC. DESIGN PARTS,Plata,1195,272,131,152,60,,,,,,,,,,,,https://api.mybihr.com/medias/1096156002-1-800Wx800H?context=bWFzdGVyfHJvb3R8MjA4NDd8aW1hZ2UvanBlZ3xhRGs1TDJoak1TODRPVFUzTWpRME56QXlOelV3THpFd09UWXhOVFl3TURJdE1WODRNREJYZURnd01FZ3wzNWQxMGIyOGJiNGNmODY3MmRhMmJlNDhiMjFkNTk2ZjdmYzg4NzViM2ZmODU3ZTYwMzZmMjFjNDRlY2Q3MWIx,https://api.mybihr.com/medias/1096156002-2-800Wx800H?context=bWFzdGVyfHJvb3R8Mjc0NDh8aW1hZ2UvanBlZ3xhRGRrTDJobFlpODRPVFUzTWpRMU1EazFPVFkyTHpFd09UWXhOVFl3TURJdE1sODRNREJYZURnd01FZ3w3MGQ1MjM5YzkzNDZhNDNkOTg3ODIyNjE2MTlkYWFjMzRjNzRjOTI1ZTJhNDE3YmE4ZmMwOGQ4MTg2NDg0Yjgz,,,,https://static.bihr.pro/eBihr/Pictures/GILLES-pictures.zip,Spain Warehouse (Parts)
1096156001,41900175,RGK-560-UF16-SET-B,GILLES,"GILLE FOOT PEGS SPORT, BLK","Estriberas deportivas Gilles Tooling para piloto, negro",98.00,80.99,32.40,41900175,6,8714919000,0,1,"<ul><li>Ajuste fácil, elegancia y comodidad </li><li>La manera más fácil de modificar la posición original de la estribera</li><li>Juntas articuladas para piloto y pasajero</li><li>Combínala con la gama de estriberas disponible</li><li>Escoge entre 24 posiciones distintas</li><li>Ajuste de 360°.</li></ul><p> </p>""""""","Ajuste fácil, elegancia y comodidad La manera más fácil de modificar la posición original de la estriberaJuntas articuladas para piloto y pasajeroCombínala con la gama de estriberas disponibleEscoge entre 24 posiciones distintasAjuste de 360°.
 """"""",VEHICLE PARTS & ACCESSORIES,ACCESSORIES,ACC. DESIGN PARTS,Negro,1103,284,129,150,57,,,,,,,,,,,,https://api.mybihr.com/medias/1096156001-1-800Wx800H?context=bWFzdGVyfHJvb3R8Mjc3MzR8aW1hZ2UvanBlZ3xhRGszTDJnMU1pODRPRGMzTnpjMU9EUTNORFUwTHpFd09UWXhOVFl3TURFdE1WODRNREJYZURnd01FZ3wyNDUwMjM0ZjAxZDY3ZjYyM2E0NzBmNTQ4MDQxMmQxZTQyZDA0Zjg3NWFkY2NhMTkwZGYwMjE1NGQ5N2Q5ODVl,https://api.mybihr.com/medias/1096156001-2-800Wx800H?context=bWFzdGVyfHJvb3R8Mjc0NDh8aW1hZ2UvanBlZ3xhR0kwTDJnd01pODRPRGMzTnpjMk1qUXdOamN3THpFd09UWXhOVFl3TURFdE1sODRNREJYZURnd01FZ3xhMjdiMmRiZDM1MTdhZWMyYzY2NTNhNThkNmNjZmViNTI2NDQ1YTg3MzE3MDc3ZWIzZDIwYzlkZGJkNWNlYmI1,,,,https://static.bihr.pro/eBihr/Pictures/GILLES-pictures.zip,Spain Warehouse (Parts)
1096163002,41900190,RGK-650-UF16-SET-S,GILLES,"GILLE FOOT PEGS SPORT, SIL","Estriberas deportivas Gilles Tooling para piloto, plata",70.00,57.85,23.14,4251792712893,7,8714919000,0,1,"<ul><li>Ajuste fácil, elegancia y comodidad </li><li>La manera más fácil de modificar la posición original de la estribera</li><li>Juntas articuladas para piloto y pasajero</li><li>Combínala con la gama de estriberas disponible</li><li>Escoge entre 24 posiciones distintas</li><li>Ajuste de 360°.</li></ul><p> </p>""""""","Ajuste fácil, elegancia y comodidad La manera más fácil de modificar la posición original de la estriberaJuntas articuladas para piloto y pasajeroCombínala con la gama de estriberas disponibleEscoge entre 24 posiciones distintasAjuste de 360°.
 """"""",VEHICLE PARTS & ACCESSORIES,ACCESSORIES,ACC. DESIGN PARTS,Plata,1195,263,131,152,60,,,,,,,,,,,,https://api.mybihr.com/medias/1096163002-1-800Wx800H?context=bWFzdGVyfHJvb3R8MjA4NDd8aW1hZ2UvanBlZ3xhRFEyTDJobVpTODRPVFF5TmpRd05UWXlNakEyTHpFd09UWXhOak13TURJdE1WODRNREJYZURnd01FZ3xlNjViYTUxNWFlMDU0ZGY5NmRjZDRhZTFjMjY1NGM5MTk4YzM1ZjBmNmJhMzM3NWVmY2IyNThmYzNlNzdmMDJl,https://api.mybihr.com/medias/1096163002-2-800Wx800H?context=bWFzdGVyfHJvb3R8Mjc0NDh8aW1hZ2UvanBlZ3xhR0k1TDJobU1DODRPVFF5TmpRd09UVTFOREl5THpFd09UWXhOak13TURJdE1sODRNREJYZURnd01FZ3xmOGViMTM2ZDQ2ZmMzYmJjNjUzNmM4OWMzZGQ2YzNjYmM3OWY1OThhZTlkNzIxMzRhMjk5YzIyZTFlYTAxZDMx,,,,https://static.bihr.pro/eBihr/Pictures/GILLES-pictures.zip,Spain Warehouse (Parts)
1096163001,41900189,RGK-650-UF16-SET-B,GILLES,"GILLE FOOT PEGS SPORT, BLK","Estriberas deportivas Gilles Tooling para piloto, negro",98.00,80.99,32.40,41900189,7,8714919000,0,1,"<ul><li>Ajuste fácil, elegancia y comodidad </li><li>La manera más fácil de modificar la posición original de la estribera</li><li>Juntas articuladas para piloto y pasajero</li><li>Combínala con la gama de estriberas disponible</li><li>Escoge entre 24 posiciones distintas</li><li>Ajuste de 360°.</li></ul><p> </p>""""""","Ajuste fácil, elegancia y comodidad La manera más fácil de modificar la posición original de la estriberaJuntas articuladas para piloto y pasajeroCombínala con la gama de estriberas disponibleEscoge entre 24 posiciones distintasAjuste de 360°.
 """"""",VEHICLE PARTS & ACCESSORIES,ACCESSORIES,ACC. DESIGN PARTS,Negro,1135,234,131,152,57,,,,,,,,,,,,https://api.mybihr.com/medias/1096163001-1-800Wx800H?context=bWFzdGVyfHJvb3R8Mjc3MzR8aW1hZ2UvanBlZ3xhRFV3TDJoa09TODRPVE0yTmpjek5UUXlNVGMwTHpFd09UWXhOak13TURFdE1WODRNREJYZURnd01FZ3xhMWI3YzczZGNiN2U5M2NhMTBkODk4OTMwYWFmODFiYjZiYWMwYTI1MWI3NDU1MDQwY2MwN2FhMWNmNGViNjA4,https://api.mybihr.com/medias/1096163001-2-800Wx800H?context=bWFzdGVyfHJvb3R8Mjc0NDh8aW1hZ2UvanBlZ3xhR016TDJoallpODRPVE0yTmpjek9UTTFNemt3THpFd09UWXhOak13TURFdE1sODRNREJYZURnd01FZ3w2ZWY4MWQ0OWRiOGM3MmVjYzljMmFjNzg2MDhkNjRhZmE5YTljZTBhOTExODRmMGNiMmNhNjA1MDE5MTk5OTIz,,,,https://static.bihr.pro/eBihr/Pictures/GILLES-pictures.zip,Spain Warehouse (Parts)
1096165002,41900195,RGK-660-UF16-SET-S,GILLES,"GILLE FOOT PEGS SPORT, SIL","Estriberas deportivas Gilles Tooling para pasajero, plata",70.00,57.85,23.14,4251792712961,7,8714919000,0,1,"<ul><li>Ajuste fácil, elegancia y comodidad </li><li>La manera más fácil de modificar la posición original de la estribera</li><li>Juntas articuladas para piloto y pasajero</li><li>Combínala con la gama de estriberas disponible</li><li>Escoge entre 24 posiciones distintas</li><li>Ajuste de 360°.</li></ul><p> </p>""""""","Ajuste fácil, elegancia y comodidad La manera más fácil de modificar la posición original de la estriberaJuntas articuladas para piloto y pasajeroCombínala con la gama de estriberas disponibleEscoge entre 24 posiciones distintasAjuste de 360°.
 """"""",VEHICLE PARTS & ACCESSORIES,ACCESSORIES,ACC. DESIGN PARTS,Plata,1103,266,129,150,57,,,,,,,,,,,,https://api.mybihr.com/medias/1096165002-1-800Wx800H?context=bWFzdGVyfHJvb3R8MjA4NDd8aW1hZ2UvanBlZ3xhRGd3TDJnNVlpODRPVFF5TmpReE16UTROak00THpFd09UWXhOalV3TURJdE1WODRNREJYZURnd01FZ3wzNWFhM2I2Y2NhY2RjNWIyNTgxMzJkNDQzNGQ5MjZlZGUxODg5MmZjYjQ4MDJmZDM4N2UxZGJhZmFmN2Y1NDhi,https://api.mybihr.com/medias/1096165002-2-800Wx800H?context=bWFzdGVyfHJvb3R8Mjc0NDh8aW1hZ2UvanBlZ3xhR1V3TDJnNFpDODRPVFF5TmpReE56UXhPRFUwTHpFd09UWXhOalV3TURJdE1sODRNREJYZURnd01FZ3xiYmJiNWY5M2YzMzYwODgyNTA1NmNhMzI5NjIzMGJhZDIxNGYzMzEwMTZhZjVlNzE3M2M1NTc1ZjgzYjllMDg1,,,,https://static.bihr.pro/eBihr/Pictures/GILLES-pictures.zip,Spain Warehouse (Parts)
1096165001,41900194,RGK-660-UF16-SET-B,GILLES,"GILLE FOOT PEGS SPORT, BLK","Estriberas deportivas Gilles Tooling para pasajero, negro",98.00,80.99,32.40,4251792712954,6,8714919000,0,1,"<ul><li>Ajuste fácil, elegancia y comodidad </li><li>La manera más fácil de modificar la posición original de la estribera</li><li>Juntas articuladas para piloto y pasajero</li><li>Combínala con la gama de estriberas disponible</li><li>Escoge entre 24 posiciones distintas</li><li>Ajuste de 360°.</li></ul><p> </p>""""""","Ajuste fácil, elegancia y comodidad La manera más fácil de modificar la posición original de la estriberaJuntas articuladas para piloto y pasajeroCombínala con la gama de estriberas disponibleEscoge entre 24 posiciones distintasAjuste de 360°.
 """"""",VEHICLE PARTS & ACCESSORIES,ACCESSORIES,ACC. DESIGN PARTS,Negro,1081,285,129,147,57,,,,,,,,,,,,https://api.mybihr.com/medias/1096165001-1-800Wx800H?context=bWFzdGVyfHJvb3R8Mjc3MzR8aW1hZ2UvanBlZ3xhREEwTDJnME1DODRPVE13TkRZM056QTRPVFU0THpFd09UWXhOalV3TURFdE1WODRNREJYZURnd01FZ3xhOThkNmZhMTg2YWMzOWI1MWE2MGU1NjBhODUwOWNlZTNmM2U3ODZiM2IwY2NjNWY4YzAyNDQ3YWU3Mjk4MDcy,https://api.mybihr.com/medias/1096165001-2-800Wx800H?context=bWFzdGVyfHJvb3R8Mjc0NDh8aW1hZ2UvanBlZ3xhRFV3TDJnNU5TODRPVE13TkRZNE1UQXlNVGMwTHpFd09UWXhOalV3TURFdE1sODRNREJYZURnd01FZ3xiNGExMmI3ZTVkYjk5MDhjYTI5ZWE2ZTQ2YjlmNDA2ZjA4MTQ0N2I0ODZiNTYxNmEyMjg5NjY0ZmJmZTAyMTYx,,,,https://static.bihr.pro/eBihr/Pictures/GILLES-pictures.zip,Spain Warehouse (Parts)
1096167002,41900200,RGK-670-UF16-SET-S,GILLES,"GILLE FOOT PEGS SPORT, SIL","Estriberas deportivas Gilles Tooling para piloto, plata",98.00,80.99,32.40,4251792713036,7,8714919000,0,1,"<ul><li>Ajuste fácil, elegancia y comodidad </li><li>La manera más fácil de modificar la posición original de la estribera</li><li>Juntas articuladas para piloto y pasajero</li><li>Combínala con la gama de estriberas disponible</li><li>Escoge entre 24 posiciones distintas</li><li>Ajuste de 360°.</li></ul><p> </p>""""""","Ajuste fácil, elegancia y comodidad La manera más fácil de modificar la posición original de la estriberaJuntas articuladas para piloto y pasajeroCombínala con la gama de estriberas disponibleEscoge entre 24 posiciones distintasAjuste de 360°.
 """"""",VEHICLE PARTS & ACCESSORIES,ACCESSORIES,ACC. DESIGN PARTS,Plata,1110,310,129,151,57,,,,,,,,,,,,https://api.mybihr.com/medias/1096167002-1-800Wx800H?context=bWFzdGVyfHJvb3R8MjA4NDd8aW1hZ2UvanBlZ3xhRGxoTDJnNVlTODRPVFF5TmpRME1UQXhNVFV3THpFd09UWXhOamN3TURJdE1WODRNREJYZURnd01FZ3w1M2U3YzY0YTM0OWI3YTUwNjljMzEyMmE1MjM3ZDE2NTM3YTU1YzI4Njg0YTlhMWVmZGY1Mjk3ZjFmOTExNjQw,https://api.mybihr.com/medias/1096167002-2-800Wx800H?context=bWFzdGVyfHJvb3R8Mjc0NDh8aW1hZ2UvanBlZ3xhR1EzTDJoaE5TODRPVFF5TmpRME5EazBNelkyTHpFd09UWXhOamN3TURJdE1sODRNREJYZURnd01FZ3w3YmU3ODAxNGVkYzNmYWRhNGE0YTZhMzMxMjJhZGRiNWE1NzU1YjVjZDA1ODQ1N2IwNTFhZjE4ODNmMWY5OWI0,,,,https://static.bihr.pro/eBihr/Pictures/GILLES-pictures.zip,Spain Warehouse (Parts)
1096167001,41900199,RGK-670-UF16-SET-B,GILLES,"GILLE FOOT PEGS SPORT, BLK","Estriberas deportivas Gilles Tooling para piloto, negro",98.00,80.99,32.40,4251792713029,6,8714919000,0,1,"<ul><li>Ajuste fácil, elegancia y comodidad </li><li>La manera más fácil de modificar la posición original de la estribera</li><li>Juntas articuladas para piloto y pasajero</li><li>Combínala con la gama de estriberas disponible</li><li>Escoge entre 24 posiciones distintas</li><li>Ajuste de 360°.</li></ul><p> </p>""""""","Ajuste fácil, elegancia y comodidad La manera más fácil de modificar la posición original de la estriberaJuntas articuladas para piloto y pasajeroCombínala con la gama de estriberas disponibleEscoge entre 24 posiciones distintasAjuste de 360°.
 """"""",VEHICLE PARTS & ACCESSORIES,ACCESSORIES,ACC. DESIGN PARTS,Negro,1153,280,129,149,60,,,,,,,,,,,,https://api.mybihr.com/medias/1096167001-1-800Wx800H?context=bWFzdGVyfHJvb3R8Mjc3MzR8aW1hZ2UvanBlZ3xhR05qTDJnNVppODRPVE13TkRZNE5ESTVPRFUwTHpFd09UWXhOamN3TURFdE1WODRNREJYZURnd01FZ3xmNjk3NzJhNGUzNTlkMGI5NDM4ODBmMTljN2MzYjI3MDFmY2QzZDEyNWZlNGNiZjAyMzAyZjZiMWY1NzkyNDU3,https://api.mybihr.com/medias/1096167001-2-800Wx800H?context=bWFzdGVyfHJvb3R8Mjc0NDh8aW1hZ2UvanBlZ3xhRGxrTDJoaE5pODRPVE13TkRZNE5qSTJORFl5THpFd09UWXhOamN3TURFdE1sODRNREJYZURnd01FZ3w3YWFlNjRjMGE3M2IwNTJlM2M0YmMyMWIxYzdhNWMzODY3ZWE5OWE4NWJlOWRhYmExMzI4Y2YzZmY2ZjY5OGQ4,,,,https://static.bihr.pro/eBihr/Pictures/GILLES-pictures.zip,Spain Warehouse (Parts)
1096171002,41900211,RGK-690-UF16-SET-S,GILLES,"GILLE FOOT PEGS SPORT, SIL","Estriberas deportivas GILLES TOOLING para pasajero, plata",70.00,57.85,23.14,4251792713180,7,8714919000,0,1,"<ul><li><p>Ajuste f&aacute;cil, elegancia y comodidad&nbsp;</p></li><li><p>La manera m&aacute;s f&aacute;cil de modificar la posici&oacute;n original de la estribera</p></li><li><p>Juntas articuladas para piloto y pasajero</p></li><li><p>Comb&iacute;nala con la gama de estriberas disponible</p></li><li><p>Escoge entre 24 posiciones distintas</p></li><li><p>Ajuste de 360&deg;.</p><p>&nbsp;</p></li></ul>","Ajuste fácil, elegancia y comodidad La manera más fácil de modificar la posición original de la estriberaJuntas articuladas para piloto y pasajeroCombínala con la gama de estriberas disponibleEscoge entre 24 posiciones distintasAjuste de 360°. ",VEHICLE PARTS & ACCESSORIES,ACCESSORIES,ACC. DESIGN PARTS,Plata,1088,277,129,148,57,,,,,,,,,,,,https://api.mybihr.com/medias/1096171002-1-800Wx800H?context=bWFzdGVyfHJvb3R8MjA4NDd8aW1hZ2UvanBlZ3xhRGhoTDJnM05pODRPVE0yTmpjME16STROakEyTHpFd09UWXhOekV3TURJdE1WODRNREJYZURnd01FZ3w4MDJhNGI2OGJiMzcxYzU0MmZiOWQzYjIyMTdiY2VkOTU4NTE0ODMzYjk5MDcyZGZhNDMwNTU2Y2MzNjdkMDgz,https://api.mybihr.com/medias/1096171002-2-800Wx800H?context=bWFzdGVyfHJvb3R8Mjc0NDh8aW1hZ2UvanBlZ3xhR1U1TDJnMk9DODRPVE0yTmpjME56SXhPREl5THpFd09UWXhOekV3TURJdE1sODRNREJYZURnd01FZ3wxMWNhZjYwZDhiYzEwZGJkOGU5OTE3YTliNzg3NzJmOTA3ODViOTc2YzIyNmFiMTk5ZTY4MmE4M2QwZGUwZjhj,,,,https://static.bihr.pro/eBihr/Pictures/GILLES-pictures.zip,Spain Warehouse (Parts)
1096171001,41900210,RGK-690-UF16-SET-B,GILLES,"GILLE FOOT PEGS SPORT, BLK","Estriberas deportivas GILLES TOOLING para pasajero, negro",98.00,80.99,32.40,4251792713173,6,8714919000,0,1,"<ul><li><p>Ajuste f&aacute;cil, elegancia y comodidad&nbsp;</p></li><li><p>La manera m&aacute;s f&aacute;cil de modificar la posici&oacute;n original de la estribera</p></li><li><p>Juntas articuladas para piloto y pasajero</p></li><li><p>Comb&iacute;nala con la gama de estriberas disponible</p></li><li><p>Escoge entre 24 posiciones distintas</p></li><li><p>Ajuste de 360&deg;.</p><p>&nbsp;</p></li></ul>","Ajuste fácil, elegancia y comodidad La manera más fácil de modificar la posición original de la estriberaJuntas articuladas para piloto y pasajeroCombínala con la gama de estriberas disponibleEscoge entre 24 posiciones distintasAjuste de 360°. ",VEHICLE PARTS & ACCESSORIES,ACCESSORIES,ACC. DESIGN PARTS,Negro,1096,299,129,149,57,,,,,,,,,,,,https://api.mybihr.com/medias/1096171001-1-800Wx800H?context=bWFzdGVyfHJvb3R8Mjc3MzR8aW1hZ2UvanBlZ3xhR013TDJobE9TODRPVFF5TmpRMU5qYzBNREUwTHpFd09UWXhOekV3TURFdE1WODRNREJYZURnd01FZ3xmNzM5MTIyODQ4YjczNmY0YTllZGI1MTQ3OGE4ZTA1NzFiNmQwM2MzNzQ0M2YwZWZiNzBlMGYxODdhNDFiYmYz,https://api.mybihr.com/medias/1096171001-2-800Wx800H?context=bWFzdGVyfHJvb3R8Mjc0NDh8aW1hZ2UvanBlZ3xhRGczTDJnNU5DODRPVFF5TmpRMk1EWTNNak13THpFd09UWXhOekV3TURFdE1sODRNREJYZURnd01FZ3wxODk0MjcwNWRhYTAwOTViMmViY2MyMjUxMzI5NDhkZDc3NTEzNzdlMjQzNDY0OWMyNjU0OGFhOTZhZmZlOTJk,,,,https://static.bihr.pro/eBihr/Pictures/GILLES-pictures.zip,Spain Warehouse (Parts)
1091853,4150010845,RCT-D02-SB-KIT-T,GILLES,"GILLE LEVER KIT, TIT",Kit de pedales GILLES (freno y cambio),180.00,148.76,66.94,4251792711131,1,8714919000,0,1,"<ul><li><p>Un kit de pedales de freno y de cambio totalmente ajustables, para que encuentres la posición perfecta para tus necesidades de conducción.</p></li><li><p>Las ventajas de este kit son la holgura de los pedales y la parte mecanizado en aluminio CNC, con anodizado sólido.</p></li><li><p>Su color combina perfectamente con el de otros recambios y/o accesorios para moto.</p></li><li><p>El pedal de cambio viene con goma en la puntera, para darte comodidad"""" por otro lado, el pedal de freno te da más rendimiento, gracias a la anchura de la puntera.</p><p> </p></li></ul>""""""""""""""""""","Un kit de pedales de freno y de cambio totalmente ajustables, para que encuentres la posición perfecta para tus necesidades de conducción.Las ventajas de este kit son la holgura de los pedales y la parte mecanizado en aluminio CNC, con anodizado sólido.Su color combina perfectamente con el de otros recambios y/o accesorios para moto.El pedal de cambio viene con goma en la puntera, para darte comodidad"""" por otro lado, el pedal de freno te da más rendimiento, gracias a la anchura de la puntera. """"""""""""""""""",VEHICLE PARTS & ACCESSORIES,ACCESSORIES,ACC. DESIGN PARTS,,2900,454,154,214,88,,Titanio,,,,,,,,,,https://api.mybihr.com/medias/1091853-1-800Wx800H?context=bWFzdGVyfHJvb3R8MzIwMTN8aW1hZ2UvanBlZ3xhREk0TDJnMlpDODRPVEExTVRnM05UVTNOREEyTHpFd09URTROVE10TVY4NE1EQlhlRGd3TUVnfDJhNTdmMGZhYzM0MzgxN2NmYTcwMzMxNzRkZmE0NjRiN2I3Y2Y1OTcyNzUyYmViNmJlNWVhOWQ3MGJkYWEzOGQ,https://api.mybihr.com/medias/1091853-2-800Wx800H?context=bWFzdGVyfHJvb3R8MTAxMDE5fGltYWdlL2pwZWd8YUdZNUwyZzNNeTg0T1RBMU1UZzNOelUwTURFMEx6RXdPVEU0TlRNdE1sODRNREJYZURnd01FZ3xhYzliMjY0MWQ2M2Y2NDUzNGQ1MTZiODM0ZmU0NDRiNmUyMGIyYjUzNTgzNmNlM2MxNzVhZWQ3YTI4YTI1NGY5,,,,https://static.bihr.pro/eBihr/Pictures/GILLES-pictures.zip,Spain Warehouse (Parts)
1096220001,6190035501,AXB-RC75-B,GILLES,"GILLE TENSIONER CHAIN AXB, BLK","Tensores de cadena GILLES TOOLING AXB, negro",119.00,98.35,44.26,AXB-RC75-B,3,8714919000,0,1,<ul><li><p>M&aacute;s que un tensor de cadena&nbsp;</p></li><li><p>Ajuste preciso de la tensi&oacute;n de la cadena</p></li><li><p>Un tornillo especial permite el ajuste del eje en ambas direcciones</p></li><li><p>Ajuste perfecto mediante una escala precisa</p></li><li><p>Mediante la escala puedes compensar las tolerancias de serie</p></li><li><p>Facilita el cambio de la rueda trasera</p></li><li><p>Sostiene el eje contra la carga provocada por la compresi&oacute;n y la tracci&oacute;n.</p><p>&nbsp;</p></li></ul>,Más que un tensor de cadena Ajuste preciso de la tensión de la cadenaUn tornillo especial permite el ajuste del eje en ambas direccionesAjuste perfecto mediante una escala precisaMediante la escala puedes compensar las tolerancias de serieFacilita el cambio de la rueda traseraSostiene el eje contra la carga provocada por la compresión y la tracción. ,VEHICLE PARTS & ACCESSORIES,ACCESSORIES,ACC. DESIGN PARTS,Negro,753,180,83,193,47,,Negro,,,,,,,,,,https://api.mybihr.com/medias/1096220001-1-800Wx800H?context=bWFzdGVyfHJvb3R8MTg2Njk3MHxpbWFnZS9qcGVnfGFERXpMMmhpTmk4NE9EYzNOemczTmpRek9UTTBMekV3T1RZeU1qQXdNREV0TVY4NE1EQlhlRGd3TUVnfDNlMzhkOTAxNjYyMDM3MzgyNThjYTM5MGIyZjM4NDUwNjFjYTkzODVhNTI1NWI4NDk5ZjE2ZjcyYjg5NDFjZTk,https://api.mybihr.com/medias/1096220001-2-800Wx800H?context=bWFzdGVyfHJvb3R8ODc5OTJ8aW1hZ2UvanBlZ3xhR1JoTDJnMk1DODRPRGMzTnpnNE1ETTNNVFV3THpFd09UWXlNakF3TURFdE1sODRNREJYZURnd01FZ3wyM2EzNDE5MTUwZDgxYmViOTNjMzY0ODRhZjYwZTZlZTkxOWFlNmMzZWNkYjc2OGRlOTdmZDc1OWI1MTFlYjY4,,,,https://static.bihr.pro/eBihr/Pictures/GILLES-pictures.zip,Spain Warehouse (Parts)
1096178001,41900222,RGK-840-UF16-SET-B,GILLES,"GILLE FOOT PEGS SPORT, BLK","Estriberas deportivas Gilles Tooling para pasajero, negro",98.00,80.99,32.40,4251792713357,7,8714919000,0,1,"<ul><li><p>Ajuste fácil, elegancia y comodidad </p></li><li><p>La manera más fácil de modificar la posición original de la estribera</p></li><li><p>Juntas articuladas para piloto y pasajero</p></li><li><p>Combínala con la gama de estriberas disponible</p></li><li><p>Escoge entre 24 posiciones distintas</p></li><li><p>Ajuste de 360°.</p><p> </p></li></ul>""""""","Ajuste fácil, elegancia y comodidad La manera más fácil de modificar la posición original de la estriberaJuntas articuladas para piloto y pasajeroCombínala con la gama de estriberas disponibleEscoge entre 24 posiciones distintasAjuste de 360°. """"""",VEHICLE PARTS & ACCESSORIES,ACCESSORIES,ACC. DESIGN PARTS,Negro,1103,276,129,150,57,,,,,,,,,,,,https://api.mybihr.com/medias/1096178001-1-800Wx800H?context=bWFzdGVyfHJvb3R8Mjc3MzR8aW1hZ2UvanBlZ3xhRE01TDJoa09DODRPRGMzTnpneU1UTTRPVEV3THpFd09UWXhOemd3TURFdE1WODRNREJYZURnd01FZ3xmMjVlYzk2OTJiODA4NzdmOTgwM2E2NGEyMzFkNjYzYjNiNTdkODdiNmY2NmEyY2JlMWZjMDc5ZDQ1YmYxNTk1,https://api.mybihr.com/medias/1096178001-2-800Wx800H?context=bWFzdGVyfHJvb3R8Mjc0NDh8aW1hZ2UvanBlZ3xhRGs0TDJoallTODRPRGMzTnpneU5UTXlNVEkyTHpFd09UWXhOemd3TURFdE1sODRNREJYZURnd01FZ3xlZDA1MWRhZWRjYzRmYmVkNGYzMzFjZTczODg0MzU1MDRkNjVlZGM0MjY5OTdiMzk4MmNmNWIxNjk0MmE4ODE3,,,,https://static.bihr.pro/eBihr/Pictures/GILLES-pictures.zip,Spain Warehouse (Parts)
1096178002,41900223,RGK-840-UF16-SET-S,GILLES,"GILLE FOOT PEGS SPORT, SIL","Estriberas deportivas Gilles Tooling para pasajero, plata",70.00,57.85,23.14,4251792713364,7,8714919000,0,1,"<ul><li><p>Ajuste fácil, elegancia y comodidad </p></li><li><p>La manera más fácil de modificar la posición original de la estribera</p></li><li><p>Juntas articuladas para piloto y pasajero</p></li><li><p>Combínala con la gama de estriberas disponible</p></li><li><p>Escoge entre 24 posiciones distintas</p></li><li><p>Ajuste de 360°.</p><p> </p></li></ul>""""""","Ajuste fácil, elegancia y comodidad La manera más fácil de modificar la posición original de la estriberaJuntas articuladas para piloto y pasajeroCombínala con la gama de estriberas disponibleEscoge entre 24 posiciones distintasAjuste de 360°. """"""",VEHICLE PARTS & ACCESSORIES,ACCESSORIES,ACC. DESIGN PARTS,Plata,1088,250,129,148,57,,,,,,,,,,,,https://api.mybihr.com/medias/1096178002-1-800Wx800H?context=bWFzdGVyfHJvb3R8MjA4NDd8aW1hZ2UvanBlZ3xhR05pTDJobFppODRPVE13TkRZNU5qQTVOVEF5THpFd09UWXhOemd3TURJdE1WODRNREJYZURnd01FZ3w0YzZkNDkxOTM1NDBjN2IwZTEwNGI3ZDRhODQ2ZDg5YzM2YTdmMWU5Yzk1NDZkZDI0OWJhNDcwZmM0ZTNiZDBj,https://api.mybihr.com/medias/1096178002-2-800Wx800H?context=bWFzdGVyfHJvb3R8Mjc0NDh8aW1hZ2UvanBlZ3xhR1ppTDJobE9DODRPVE13TkRZNU9EQTJNVEV3THpFd09UWXhOemd3TURJdE1sODRNREJYZURnd01FZ3w3YzgyMDk4MGIxMDQyNGZmNDFhZDUzZWU5ZDM5M2NmYWI2MTU2ODk2ZDQ2YmYzZmFiOWQ0Y2I1MDVhZmYyYzJi,,,,https://static.bihr.pro/eBihr/Pictures/GILLES-pictures.zip,Spain Warehouse (Parts)
1096114002,41900082,RGK-300-UF16-SET-S,GILLES,"GILLE FOOT PEGS SPORT, SIL","Estriberas deportivas GILLES TOOLING para piloto, plata",98.00,80.99,36.45,41900082,1,8714919000,0,1,"<ul><li>Ajuste f&aacute;cil, elegancia y comodidad&nbsp;</li><li>La manera m&aacute;s f&aacute;cil de modificar la posici&oacute;n original de la estribera</li><li>Juntas articuladas para piloto y pasajero</li><li>Comb&iacute;nala con la gama de estriberas disponible</li><li>Escoge entre 24 posiciones distintas</li><li>Ajuste de 360&deg;.</li></ul><p>&nbsp;</p>","Ajuste fácil, elegancia y comodidad La manera más fácil de modificar la posición original de la estriberaJuntas articuladas para piloto y pasajeroCombínala con la gama de estriberas disponibleEscoge entre 24 posiciones distintasAjuste de 360°.
 ",VEHICLE PARTS & ACCESSORIES,ACCESSORIES,ACC. DESIGN PARTS,Plata,1103,245,129,150,57,,,,,,,,,,,,https://api.mybihr.com/medias/1096114002-1-800Wx800H?context=bWFzdGVyfHJvb3R8MjA4NDd8aW1hZ2UvanBlZ3xhRFpoTDJnM1l5ODRPVE0yTmpZMk1EY3hNRGN3THpFd09UWXhNVFF3TURJdE1WODRNREJYZURnd01FZ3wzZGVmMTVlMzRjMWMzZTI5ZGZiNjAxN2Y5NTA5M2ZmYmE4YmQ3OWEyOTVjN2U1NGIyYzM4OTg3YTI2ZmU5ZTIw,https://api.mybihr.com/medias/1096114002-2-800Wx800H?context=bWFzdGVyfHJvb3R8Mjc0NDh8aW1hZ2UvanBlZ3xhR1JrTDJnMlpTODRPVE0yTmpZMk5EWTBNamcyTHpFd09UWXhNVFF3TURJdE1sODRNREJYZURnd01FZ3xiNGFjM2ZiOTBhNGVkMjI1M2MyZTM3M2U0MmYwZDcyOGNlNTYzMzA4ZjQxMGM5ZTI5NjI2MzhkMjAzZDk0YWQy,,,,https://static.bihr.pro/eBihr/Pictures/GILLES-pictures.zip,Spain Warehouse (Parts)
1096121002,41900096,RGK-330-UF16-SET-S,GILLES,"GILLE FOOT PEGS SPORT, SIL","Estriberas deportivas Gilles Tooling para piloto, plata",70.00,57.85,23.14,4251792711599,6,8714919000,0,1,"<ul><li>Ajuste fácil, elegancia y comodidad </li><li>La manera más fácil de modificar la posición original de la estribera</li><li>Juntas articuladas para piloto y pasajero</li><li>Combínala con la gama de estriberas disponible</li><li>Escoge entre 24 posiciones distintas</li><li>Ajuste de 360°.</li></ul><p> </p>""""""","Ajuste fácil, elegancia y comodidad La manera más fácil de modificar la posición original de la estriberaJuntas articuladas para piloto y pasajeroCombínala con la gama de estriberas disponibleEscoge entre 24 posiciones distintasAjuste de 360°.
 """"""",VEHICLE PARTS & ACCESSORIES,ACCESSORIES,ACC. DESIGN PARTS,Plata,1088,233,129,148,57,,,,,,,,,,,,https://api.mybihr.com/medias/1096121002-1-800Wx800H?context=bWFzdGVyfHJvb3R8MjA4NDd8aW1hZ2UvanBlZ3xhRE0zTDJnME1TODRPVEExT1RBd01UWXpNVEF5THpFd09UWXhNakV3TURJdE1WODRNREJYZURnd01FZ3xlOGVhZDYyOWM3M2YxYmJiODJiM2M2ZDIyYTg3ZGU3OTNjOGMyNDYyM2M1NGVjYzUzZGVkYjk5Mjk5OTQxMjVh,https://api.mybihr.com/medias/1096121002-2-800Wx800H?context=bWFzdGVyfHJvb3R8Mjc0NDh8aW1hZ2UvanBlZ3xhR00wTDJnMFpTODRPVEExT1RBd05UVTJNekU0THpFd09UWXhNakV3TURJdE1sODRNREJYZURnd01FZ3w3Y2ZhNTU2Y2Y0N2I1N2QwYjc4N2RkNzNiNzVlOTI5ZDcxMWM0Mjc2OGFjY2RmOWYzYzk3N2RkNDhlODk4MWNi,,,,https://static.bihr.pro/eBihr/Pictures/GILLES-pictures.zip,Spain Warehouse (Parts)
1096121001,41900095,RGK-330-UF16-SET-B,GILLES,"GILLE FOOT PEGS SPORT, BLK","Estriberas deportivas Gilles Tooling para piloto, negro",98.00,80.99,36.45,4251792711582,1,8714919000,0,1,"<ul><li>Ajuste fácil, elegancia y comodidad </li><li>La manera más fácil de modificar la posición original de la estribera</li><li>Juntas articuladas para piloto y pasajero</li><li>Combínala con la gama de estriberas disponible</li><li>Escoge entre 24 posiciones distintas</li><li>Ajuste de 360°.</li></ul><p> </p>""""""","Ajuste fácil, elegancia y comodidad La manera más fácil de modificar la posición original de la estriberaJuntas articuladas para piloto y pasajeroCombínala con la gama de estriberas disponibleEscoge entre 24 posiciones distintasAjuste de 360°.
 """"""",VEHICLE PARTS & ACCESSORIES,ACCESSORIES,ACC. DESIGN PARTS,Negro,76,252,129,148,4,,,,,,,,,,,,https://api.mybihr.com/medias/1096121001-1-800Wx800H?context=bWFzdGVyfHJvb3R8Mjc3MzR8aW1hZ2UvanBlZ3xhRFZrTDJneU9TODRPVE13TkRVME5EY3dOamcyTHpFd09UWXhNakV3TURFdE1WODRNREJYZURnd01FZ3w2MThjOWZkMzZmZTc5ZGU3NDEzYmZhNjE2MGFkZTczNTQyMjI4MzAyZWEwZDZiOGE1OTdhZWUyNTcwYjk4ZjRh,https://api.mybihr.com/medias/1096121001-2-800Wx800H?context=bWFzdGVyfHJvb3R8Mjc0NDh8aW1hZ2UvanBlZ3xhREZoTDJnek1DODRPVE13TkRVME5qWTNNamswTHpFd09UWXhNakV3TURFdE1sODRNREJYZURnd01FZ3xlOTJlMjIxOGU1ZmFmNjI4MDVmODQ0Mzg5ZGNkMmFkYjJkYWYzYjM1YTA2ZTk3OTYxNzY4YzcyNDIwMWNmMGFk,,,,https://static.bihr.pro/eBihr/Pictures/GILLES-pictures.zip,Spain Warehouse (Parts)
1091817,4150010101,MPCL-03-B,GILLES,"GILLE LEVER CLUTCH MPL, BLK","Maneta de embrague GILLES MPL, negro",199.00,164.46,74.01,MPCL-03-B,2,8714919000,0,1,"<ul><li><p>Manejo excelente</p></li><li><p>Con una holgura fuera de lo común, gracias a sus rodamientos dobles, es la maneta más famosa en el mundo</p></li><li><p>Se puede ajustar el ratio entre la maneta y la respuesta de los embragues con cable tipo <strong>Bowden</strong></p></li><li><p>Maneta plegable</p></li><li><p>Diseño limpio, con forma y longitud óptimas para el manejo</p></li><li><p>Con las mejores prestaciones en cuanto a precisión y respuesta</p></li><li><p>La longitud de la maneta es fácil de ajustar.</p><p> </p></li></ul>""""""","Manejo excelenteCon una holgura fuera de lo común, gracias a sus rodamientos dobles, es la maneta más famosa en el mundoSe puede ajustar el ratio entre la maneta y la respuesta de los embragues con cable tipo BowdenManeta plegableDiseño limpio, con forma y longitud óptimas para el manejoCon las mejores prestaciones en cuanto a precisión y respuestaLa longitud de la maneta es fácil de ajustar. """"""",VEHICLE PARTS & ACCESSORIES,ACCESSORIES,ACC. DESIGN PARTS,,2097,336,287,126,58,,Negro,,,,,,,,,,https://api.mybihr.com/medias/1091817-1-800Wx800H?context=bWFzdGVyfHJvb3R8MTEyMDY3fGltYWdlL2pwZWd8YURSa0wyZzRaUzg0T1RReE9UWXhNVFV3TkRrMEx6RXdPVEU0TVRjdE1WODRNREJYZURnd01FZ3xiYTgzMjAxZDU2MDQ3MzllZWY3YTUwOTI4YjFmNWYyMjhjYzJlN2RiNThjMWZkNTlhYWZjOTE2ZDdmMTAxNmJi,https://api.mybihr.com/medias/1091817-2-800Wx800H?context=bWFzdGVyfHJvb3R8MTg3MDMwOXxpbWFnZS9qcGVnfGFEQmhMMmc1TlM4NE9UUXhPVFl4TXpRM01UQXlMekV3T1RFNE1UY3RNbDg0TURCWGVEZ3dNRWd8YTc4OGMxZjg5YzJjZDQ0MjZlNzIzNzJkMzQyZmE0Zjg4M2IzNjljZmI1MGVhMTBkNjFiZDkyN2IxMzRlMGUzNQ,,,,https://static.bihr.pro/eBihr/Pictures/GILLES-pictures.zip,Spain Warehouse (Parts)
1096176002,41900219,RGK-830-UF16-SET-S,GILLES,"GILLE FOOT PEGS SPORT, SIL","Estriberas deportivas Gilles Tooling para pasajero, plata",70.00,57.85,23.14,41900219,7,8714919000,0,1,"<ul><li><p>Ajuste fácil, elegancia y comodidad </p></li><li><p>La manera más fácil de modificar la posición original de la estribera</p></li><li><p>Juntas articuladas para piloto y pasajero</p></li><li><p>Combínala con la gama de estriberas disponible</p></li><li><p>Escoge entre 24 posiciones distintas</p></li><li><p>Ajuste de 360°.</p><p> </p></li></ul>""""""","Ajuste fácil, elegancia y comodidad La manera más fácil de modificar la posición original de la estriberaJuntas articuladas para piloto y pasajeroCombínala con la gama de estriberas disponibleEscoge entre 24 posiciones distintasAjuste de 360°. """"""",VEHICLE PARTS & ACCESSORIES,ACCESSORIES,ACC. DESIGN PARTS,Plata,1088,286,129,148,57,,,,,,,,,,,,https://api.mybihr.com/medias/1096176002-1-800Wx800H?context=bWFzdGVyfHJvb3R8MjA4NDd8aW1hZ2UvanBlZ3xhRGMyTDJoaVpTODRPVEExT1RFME16RTRPRGM0THpFd09UWXhOell3TURJdE1WODRNREJYZURnd01FZ3xiOTE3NmZmMjVjOTMzNWYwYzk1MjIzYzBiMmZkY2IxZGRkMDQxYmFlZTBkOTliNjgzNTM1YTMyODNhYTZhODNk,https://api.mybihr.com/medias/1096176002-2-800Wx800H?context=bWFzdGVyfHJvb3R8Mjc0NDh8aW1hZ2UvanBlZ3xhREU0TDJoall5ODRPVEExT1RFME56RXlNRGswTHpFd09UWXhOell3TURJdE1sODRNREJYZURnd01FZ3w4MTJiNDlhNzI4YWY4MzZjNGJlMGQxNzk1ZTlkMzI2YmExN2I5OWYwOWQxYzU4Y2VmM2Q4NmRhMmI3ZTFmNGM2,,,,https://static.bihr.pro/eBihr/Pictures/GILLES-pictures.zip,Spain Warehouse (Parts)
1096176001,41900218,RGK-830-UF16-SET-B,GILLES,"GILLE FOOT PEGS SPORT, BLK","Estriberas deportivas Gilles Tooling para pasajero, negro",98.00,80.99,36.45,41900218,5,8714919000,0,1,"<ul><li><p>Ajuste fácil, elegancia y comodidad </p></li><li><p>La manera más fácil de modificar la posición original de la estribera</p></li><li><p>Juntas articuladas para piloto y pasajero</p></li><li><p>Combínala con la gama de estriberas disponible</p></li><li><p>Escoge entre 24 posiciones distintas</p></li><li><p>Ajuste de 360°.</p><p> </p></li></ul>""""""","Ajuste fácil, elegancia y comodidad La manera más fácil de modificar la posición original de la estriberaJuntas articuladas para piloto y pasajeroCombínala con la gama de estriberas disponibleEscoge entre 24 posiciones distintasAjuste de 360°. """"""",VEHICLE PARTS & ACCESSORIES,ACCESSORIES,ACC. DESIGN PARTS,Negro,1096,305,129,149,57,,,,,,,,,,,,https://api.mybihr.com/medias/1096176001-1-800Wx800H?context=bWFzdGVyfHJvb3R8Mjc3MzR8aW1hZ2UvanBlZ3xhRGRrTDJnd055ODRPVE0yTmpjMU9UQXhORGN3THpFd09UWXhOell3TURFdE1WODRNREJYZURnd01FZ3xjNDA1NTM2MmNmOWIwOWIwZDBhZmFlYzJjOWNjMTI2N2NiNzI2ZDQxZDc1YzdkNjhkMTE0ZDhmZjgyMjQwODYx,https://api.mybihr.com/medias/1096176001-2-800Wx800H?context=bWFzdGVyfHJvb3R8Mjc0NDh8aW1hZ2UvanBlZ3xhRFkyTDJnMVlTODRPVE0yTmpjMk1qazBOamcyTHpFd09UWXhOell3TURFdE1sODRNREJYZURnd01FZ3w1YThkZTBhMDAzNWUzODViZmJmZDI1M2FhMTQ1NDFjOTYxYzQ1MjRmNmJlOGQwNWQxZTA0NjA0YmVmZTQzM2U0,,,,https://static.bihr.pro/eBihr/Pictures/GILLES-pictures.zip,Spain Warehouse (Parts)
1091826,4460118201,OFC-25-15-B,GILLES,"GILLE CAP OIL FILLER M25X1,5, BLK","Tapón de llenado de aceite GILLES, M25x1,5, negro",43.00,35.54,14.21,4251792710615,6,8714919000,0,1,"<ul><li>La alternativa más práctica, de fácil apertura y cierre </li><li>Montaje rápido</li><li>Apertura y cierre fáciles mediante vaso hexagonal</li><li>Aluminio 7075 de grado aeronáutico</li><li>Logotipo grabado a láser</li><li>Arandelas anodizadas en color rojo, azul, plateado y dorado.</li></ul><p> </p>""""""","La alternativa más práctica, de fácil apertura y cierre Montaje rápidoApertura y cierre fáciles mediante vaso hexagonalAluminio 7075 de grado aeronáuticoLogotipo grabado a láserArandelas anodizadas en color rojo, azul, plateado y dorado.
 """"""",VEHICLE PARTS & ACCESSORIES,ACCESSORIES,ACC. DESIGN PARTS,,475,10,80,135,44,,Negro,,,,,,,,,,https://api.mybihr.com/medias/1091826-1-800Wx800H?context=bWFzdGVyfHJvb3R8NTE4NTR8aW1hZ2UvanBlZ3xhREE1TDJoa1lpODRPVE0yTXpNME5qSXlOelV3THpFd09URTRNall0TVY4NE1EQlhlRGd3TUVnfGE5ZTI4YzZmOTNiMzAwOWQ1Njg2ODEzYjliZjNhMDVjN2ExZjM1YWQ4MTcwMmRkYjRkNzgzOTQxMjQyZmFlMTU,https://api.mybihr.com/medias/1091826-2-800Wx800H?context=bWFzdGVyfHJvb3R8MjEzMTd8aW1hZ2UvanBlZ3xhR00yTDJobE1TODRPVE0yTXpNME9ERTVNelU0THpFd09URTRNall0TWw4NE1EQlhlRGd3TUVnfGYzMDFmMzUwNzFkZjA3NjgwYTAzYjhjZTY4MmQxZmY3MWQzYmYxOWU3NjEzNzA5NTZlMzE3NmRkNzUwNmQ0NTQ,,,,https://static.bihr.pro/eBihr/Pictures/GILLES-pictures.zip,Spain Warehouse (Parts)
1091691,6190035401,AXB-NC51-B,GILLES,"GILLE TENSIONER CHAIN AXB, BLK","Tensores de cadena GILLES AXB, negro",119.00,98.35,44.26,AXB-NC51-B,4,8714919000,0,1,<ul><li><p>M&aacute;s que un tensor de cadena&nbsp;</p></li><li><p>Ajuste preciso de la tensi&oacute;n de la cadena</p></li><li><p>Un tornillo especial permite el ajuste del eje en ambas direcciones</p></li><li><p>Ajuste perfecto mediante una escala precisa</p></li><li><p>Mediante la escala puedes compensar las tolerancias de serie</p></li><li><p>Facilita el cambio de la rueda trasera</p></li><li><p>Sostiene el eje contra la carga provocada por la compresi&oacute;n y la tracci&oacute;n.</p><p>&nbsp;</p></li></ul>,Más que un tensor de cadena Ajuste preciso de la tensión de la cadenaUn tornillo especial permite el ajuste del eje en ambas direccionesAjuste perfecto mediante una escala precisaMediante la escala puedes compensar las tolerancias de serieFacilita el cambio de la rueda traseraSostiene el eje contra la carga provocada por la compresión y la tracción. ,VEHICLE PARTS & ACCESSORIES,ACCESSORIES,ACC. DESIGN PARTS,,1039,220,85,235,52,,Negro,,,,,,,,,,https://api.mybihr.com/medias/1091691-1-800Wx800H?context=bWFzdGVyfHJvb3R8Mjk2MjF8aW1hZ2UvanBlZ3xhRGszTDJoaU9TODRPVFUyTkRVeE5qVXhOakUwTHpFd09URTJPVEV0TVY4NE1EQlhlRGd3TUVnfGMzMGQ5ZWUzMDM5Y2U0ZDlmYjZhZDU1YmY0MmM5YjU1YjkwMTlhM2JjMmQ3ZTVjZThkZGQ1NmRiNDM0ZDRmNjE,https://api.mybihr.com/medias/1091691-2-800Wx800H?context=bWFzdGVyfHJvb3R8OTYzMTZ8aW1hZ2UvanBlZ3xhRFUxTDJoak1DODRPVFUyTkRVeE9EUTRNakl5THpFd09URTJPVEV0TWw4NE1EQlhlRGd3TUVnfGViYTJhNjA1MDg0M2U4NmMyODM5MTQxYjllOGYwMzljZTljMWYxNmE1Y2NkNWFjZDQ3YTcxMmZhYTk4MGEzZDM,,,,https://static.bihr.pro/eBihr/Pictures/GILLES-pictures.zip,Spain Warehouse (Parts)
1096211001,6190039701,RCK-08-B,GILLES,"GILLE COVER SET RACE KIT, BLK","Kit de tapas para circuito GILLES TOOLING (retrovisores + guardabarros), negro",34.00,28.10,11.24,4251792711100,8,8714919000,0,1,"<ul><li><p>Los elegantes recambios de Gilles conjugan la apariencia y el estilo con la utilidad</p></li><li><p>Adem&aacute;s, estas tapas sirven tambi&eacute;n como puntos de montaje para estriberas, espejos o soportes de matr&iacute;cula</p></li><li><p>La utilidad siempre es un detalle importante, y con estas tapas los puntos de montaje abiertos estar&aacute;n protegidos contra la suciedad y la humedad.</p></li></ul>","Los elegantes recambios de Gilles conjugan la apariencia y el estilo con la utilidadAdemás, estas tapas sirven también como puntos de montaje para estriberas, espejos o soportes de matrículaLa utilidad siempre es un detalle importante, y con estas tapas los puntos de montaje abiertos estarán protegidos contra la suciedad y la humedad.",VEHICLE PARTS & ACCESSORIES,ACCESSORIES,ACC. DESIGN PARTS,Negro,1034,160,126,144,57,,Negro,,,,,,,,,,https://api.mybihr.com/medias/1096211001-1-800Wx800H?context=bWFzdGVyfHJvb3R8NjI0NDN8aW1hZ2UvanBlZ3xhREl3TDJnek9DODRPVE13TkRreE9ESTJNakEyTHpFd09UWXlNVEV3TURFdE1WODRNREJYZURnd01FZ3w2MTIyMWU0YWJlODZlMWFiZDZlMTJlMjUwYTBlMGY1ZmE0M2MzOWRmNDRjNzEyYTg5MWYxY2Q0MGUwODAwYTM4,https://api.mybihr.com/medias/1096211001-2-800Wx800H?context=bWFzdGVyfHJvb3R8MjM5Njc2fGltYWdlL2pwZWd8YURsaUwyZzROaTg0T1RNd05Ea3lNREl5T0RFMEx6RXdPVFl5TVRFd01ERXRNbDg0TURCWGVEZ3dNRWd8YzcxNjFkMTdhOGUwOGI0M2RiY2I5ZGFhYjYyMmM4ZjA3ZTc3NWM3MzBmZTkyMDUwMTgyZDA3M2ExZTkxMWNlMg,,,,https://static.bihr.pro/eBihr/Pictures/GILLES-pictures.zip,Spain Warehouse (Parts)
1096217001,6190035201,AXB-C4-B,GILLES,"GILLE TENSIONER CHAIN AXB, BLK","Tensores de cadena GILLES TOOLING AXB, negro",90.00,74.38,33.47,AXB-C4-B,4,8714919000,0,1,<ul><li><p>M&aacute;s que un tensor de cadena&nbsp;</p></li><li><p>Ajuste preciso de la tensi&oacute;n de la cadena</p></li><li><p>Un tornillo especial permite el ajuste del eje en ambas direcciones</p></li><li><p>Ajuste perfecto mediante una escala precisa</p></li><li><p>Mediante la escala puedes compensar las tolerancias de serie</p></li><li><p>Facilita el cambio de la rueda trasera</p></li><li><p>Sostiene el eje contra la carga provocada por la compresi&oacute;n y la tracci&oacute;n.</p><p>&nbsp;</p></li></ul>,Más que un tensor de cadena Ajuste preciso de la tensión de la cadenaUn tornillo especial permite el ajuste del eje en ambas direccionesAjuste perfecto mediante una escala precisaMediante la escala puedes compensar las tolerancias de serieFacilita el cambio de la rueda traseraSostiene el eje contra la carga provocada por la compresión y la tracción. ,VEHICLE PARTS & ACCESSORIES,ACCESSORIES,ACC. DESIGN PARTS,Negro,1039,240,85,235,52,,Negro,,,,,,,,,,https://api.mybihr.com/medias/1096217001-1-800Wx800H?context=bWFzdGVyfHJvb3R8MTg2Njk3MHxpbWFnZS9qcGVnfGFETmxMMmc1Tnk4NE9UUXlOall3TWpnNE5UUXlMekV3T1RZeU1UY3dNREV0TVY4NE1EQlhlRGd3TUVnfDEzNTQ1NWI5NDg1ZDk3ZjI3Nzc1ODhlZmQ4ODhlNGRmNmQyNzFmMTM1ZWFkNDljNGI1YzJmNGFmNGFiYjhlODQ,https://api.mybihr.com/medias/1096217001-2-800Wx800H?context=bWFzdGVyfHJvb3R8ODc5OTJ8aW1hZ2UvanBlZ3xhR1JtTDJoaE5DODRPVFF5TmpZd05qZ3hOelU0THpFd09UWXlNVGN3TURFdE1sODRNREJYZURnd01FZ3w5YmY5OWFmMzRkY2E2YTZkNDE4YWUxNGVmZDVlNDVhNGI0Mjc0MjNjZmMzZjQ4MzJjNzVjYjdlMDQwZDVhMGRj,,,,https://static.bihr.pro/eBihr/Pictures/GILLES-pictures.zip,Spain Warehouse (Parts)
1091814,4150009801,MPBL-04-B,GILLES,"GILLE LEVER BRAKE MPL, BLK","Maneta de freno GILLES MPL, negro",199.00,164.46,74.01,4251792710394,2,8714919000,0,1,"<ul><li><p>Manejo excelente</p></li><li><p>Con una holgura fuera de lo común, gracias a sus rodamientos dobles, es la maneta más famosa en el mundo</p></li><li><p>Se puede ajustar el ratio entre la maneta y la respuesta de los embragues con cable tipo <strong>Bowden</strong></p></li><li><p>Maneta plegable</p></li><li><p>Diseño limpio, con forma y longitud óptimas para el manejo</p></li><li><p>Con las mejores prestaciones en cuanto a precisión y respuesta</p></li><li><p>La longitud de la maneta es fácil de ajustar.</p><p> </p></li></ul>""""""","Manejo excelenteCon una holgura fuera de lo común, gracias a sus rodamientos dobles, es la maneta más famosa en el mundoSe puede ajustar el ratio entre la maneta y la respuesta de los embragues con cable tipo BowdenManeta plegableDiseño limpio, con forma y longitud óptimas para el manejoCon las mejores prestaciones en cuanto a precisión y respuestaLa longitud de la maneta es fácil de ajustar. """"""",VEHICLE PARTS & ACCESSORIES,ACCESSORIES,ACC. DESIGN PARTS,,1079,260,85,235,54,,Negro,,,,,,,,,,https://api.mybihr.com/medias/1091814-1-800Wx800H?context=bWFzdGVyfHJvb3R8MTMyMDYxfGltYWdlL2pwZWd8YUdZeUwyaG1NUzg0T1RFek56Z3pOREl6TURBMkx6RXdPVEU0TVRRdE1WODRNREJYZURnd01FZ3w5OGFiNjAzMDdhMjVmNmJiNzczMWRjNjcwYTU1ODIxZGIwY2ZlN2JjM2Q2NTNlMWQ3MjJhNGM0ZWE0MTA1NGQw,https://api.mybihr.com/medias/1091814-2-800Wx800H?context=bWFzdGVyfHJvb3R8MjUyMDcwfGltYWdlL2pwZWd8YURNMUwyaGxZaTg0T1RFek56Z3pOakU1TmpFMEx6RXdPVEU0TVRRdE1sODRNREJYZURnd01FZ3w2NDJhN2JiYjNiM2Y4NTdiMmY2MTM2YjRmNDA2MDExNGU3YzEzMTlhYjU4ZTJmYzEyMmQyN2E2MmQxYzBiYWJi,https://api.mybihr.com/medias/1091814-3-800Wx800H?context=bWFzdGVyfHJvb3R8MTg3MDMwOXxpbWFnZS9qcGVnfGFEWTBMMmhsTkM4NE9URXpOemd6T0RFMk1qSXlMekV3T1RFNE1UUXRNMTg0TURCWGVEZ3dNRWd8OWJmYTkwZWJkZmNmMmZmYTA1ZTZkNTEzMTM4OWUzYzQ1YzljMWQ5OGQxMzM2MjViYmU0MzIzNWMwMGY0MGYyNg,,,https://static.bihr.pro/eBihr/Pictures/GILLES-pictures.zip,Spain Warehouse (Parts)
1091909,4150011545,US-37-K50-T,GILLES,"GILLE LEVER SHIFT, BLK","Maneta de freno trasero GILLES, titanio",160.00,132.23,59.50,4251792700258,2,8714919000,0,1,<ul><li>Titanio</li></ul>,Titanio,VEHICLE PARTS & ACCESSORIES,ACCESSORIES,ACC. DESIGN PARTS,,1039,280,85,235,52,,Titanio,,,,,,,,,,,,,,,https://static.bihr.pro/eBihr/Pictures/GILLES-pictures.zip,Spain Warehouse (Parts)
1091692,6190035901,AXB-S01-B,GILLES,"GILLE TENSIONER CHAIN AXB, BLK","Tensores de cadena GILLES AXB, negro",99.00,81.82,36.82,AXB-S01-B,4,8714919000,0,1,<ul><li><p>M&aacute;s que un tensor de cadena&nbsp;</p></li><li><p>Ajuste preciso de la tensi&oacute;n de la cadena</p></li><li><p>Un tornillo especial permite el ajuste del eje en ambas direcciones</p></li><li><p>Ajuste perfecto mediante una escala precisa</p></li><li><p>Mediante la escala puedes compensar las tolerancias de serie</p></li><li><p>Facilita el cambio de la rueda trasera</p></li><li><p>Sostiene el eje contra la carga provocada por la compresi&oacute;n y la tracci&oacute;n.</p><p>&nbsp;</p></li></ul>,Más que un tensor de cadena Ajuste preciso de la tensión de la cadenaUn tornillo especial permite el ajuste del eje en ambas direccionesAjuste perfecto mediante una escala precisaMediante la escala puedes compensar las tolerancias de serieFacilita el cambio de la rueda traseraSostiene el eje contra la carga provocada por la compresión y la tracción. ,VEHICLE PARTS & ACCESSORIES,ACCESSORIES,ACC. DESIGN PARTS,,1136,240,114,188,53,,Negro,,,,,,,,,,https://api.mybihr.com/medias/1091692-1-800Wx800H?context=bWFzdGVyfHJvb3R8MTg2Njk3MHxpbWFnZS9qcGVnfGFHTXpMMmcxTmk4NE9UUTNNelF6TnpJd05EYzRMekV3T1RFMk9USXRNVjg0TURCWGVEZ3dNRWd8MmJmODMzYjkzMTlmZTI3YmIzMGE4MDUwODgyMTNkMmJmNjNmMDIzNjI5ZTIxMDk1MzYwM2FkMjNjNDkyYzJiOQ,https://api.mybihr.com/medias/1091692-2-800Wx800H?context=bWFzdGVyfHJvb3R8ODc5OTJ8aW1hZ2UvanBlZ3xhRGd3TDJnMVpDODRPVFEzTXpRek9URTNNRGcyTHpFd09URTJPVEl0TWw4NE1EQlhlRGd3TUVnfDVmMmUwOWRjM2NjNjdlNDFhNzI1NDY1ZWFhYWY4ZjQ5MzI1NDMzNjhmNWU5NGRiOTc0NmFiZjE3MDAwODI3YTA,,,,https://static.bihr.pro/eBihr/Pictures/GILLES-pictures.zip,Spain Warehouse (Parts)
1096160002,41900185,RGK-580-UF16-SET-S,GILLES,"GILLE FOOT PEGS SPORT, SIL","Estriberas deportivas Gilles Tooling para piloto / pasajero, plata",98.00,80.99,32.40,4251792712824,6,8714919000,0,1,"<ul><li>Ajuste fácil, elegancia y comodidad </li><li>La manera más fácil de modificar la posición original de la estribera</li><li>Juntas articuladas para piloto y pasajero</li><li>Combínala con la gama de estriberas disponible</li><li>Escoge entre 24 posiciones distintas</li><li>Ajuste de 360°.</li></ul><p> </p>""""""","Ajuste fácil, elegancia y comodidad La manera más fácil de modificar la posición original de la estriberaJuntas articuladas para piloto y pasajeroCombínala con la gama de estriberas disponibleEscoge entre 24 posiciones distintasAjuste de 360°.
 """"""",VEHICLE PARTS & ACCESSORIES,ACCESSORIES,ACC. DESIGN PARTS,Plata,1024,240,127,144,56,,,,,,,,,,,,https://api.mybihr.com/medias/1096160002-1-800Wx800H?context=bWFzdGVyfHJvb3R8MjA4NDd8aW1hZ2UvanBlZ3xhR013TDJnNU5DODRPVEUwTlRBNU1ETTNOVGs0THpFd09UWXhOakF3TURJdE1WODRNREJYZURnd01FZ3w0ZDBlY2VmMTZjM2YxOWVmYzk3NWRmMWM5ZDc2YmUyYzBiMzBkMGVjYzEwYmVlMjIxYzI4YmZkYTdlYmVlNGNi,https://api.mybihr.com/medias/1096160002-2-800Wx800H?context=bWFzdGVyfHJvb3R8Mjc0NDh8aW1hZ2UvanBlZ3xhRFl3TDJoaE1pODRPVEUwTlRBNU5ETXdPREUwTHpFd09UWXhOakF3TURJdE1sODRNREJYZURnd01FZ3wyOTNkYmEyMTJiYzYzZmE2OGUwNzljYTIxNjJiYWIwYTZkNzlhZDFmYjg2NDJjZjNjYjNiYmMzNmVjMjY5MmM3,,,,https://static.bihr.pro/eBihr/Pictures/GILLES-pictures.zip,Spain Warehouse (Parts)
1096214001,6190034701,AXB-675LC-B,GILLES,"GILLE TENSIONER CHAIN AXB, BLK","Tensores de cadena GILLES TOOLING AXB, negro",119.00,98.35,44.26,AXB-675LC-B,4,8714919000,0,1,<ul><li><p>M&aacute;s que un tensor de cadena&nbsp;</p></li><li><p>Ajuste preciso de la tensi&oacute;n de la cadena</p></li><li><p>Un tornillo especial permite el ajuste del eje en ambas direcciones</p></li><li><p>Ajuste perfecto mediante una escala precisa</p></li><li><p>Mediante la escala puedes compensar las tolerancias de serie</p></li><li><p>Facilita el cambio de la rueda trasera</p></li><li><p>Sostiene el eje contra la carga provocada por la compresi&oacute;n y la tracci&oacute;n.</p><p>&nbsp;</p></li></ul>,Más que un tensor de cadena Ajuste preciso de la tensión de la cadenaUn tornillo especial permite el ajuste del eje en ambas direccionesAjuste perfecto mediante una escala precisaMediante la escala puedes compensar las tolerancias de serieFacilita el cambio de la rueda traseraSostiene el eje contra la carga provocada por la compresión y la tracción. ,VEHICLE PARTS & ACCESSORIES,ACCESSORIES,ACC. DESIGN PARTS,Negro,1006,220,127,144,55,,Negro,,,,,,,,,,https://api.mybihr.com/medias/1096214001-1-800Wx800H?context=bWFzdGVyfHJvb3R8MTg2Njk3MHxpbWFnZS9qcGVnfGFHUTFMMmhrWXk4NE9UUXlOalU0TmpVd01UUXlMekV3T1RZeU1UUXdNREV0TVY4NE1EQlhlRGd3TUVnfGUxZDRkMDk2NjlmMDQwMGY0N2M0MmVmYjFhYzI1ZDU0NDcyMjllMjdmYzk2MDM2N2Q1MzQ1NjhkYjljY2MzNmQ,https://api.mybihr.com/medias/1096214001-2-800Wx800H?context=bWFzdGVyfHJvb3R8ODc5OTJ8aW1hZ2UvanBlZ3xhRGxqTDJnNE55ODRPVFF5TmpVNU1EUXpNelU0THpFd09UWXlNVFF3TURFdE1sODRNREJYZURnd01FZ3w0NjU5ZTBiYmQzOTg3NjQxNzgyMmRkYzkwZjYzN2E4NTk2MDU1OGNlNTAwMTFlNmI5YWQxOTAwYWY1NjI2ZmQy,,,,https://static.bihr.pro/eBihr/Pictures/GILLES-pictures.zip,Spain Warehouse (Parts)
1091812,4150009601,MPBL-02-B,GILLES,"GILLE LEVER BRAKE MPL, BLK","Maneta de freno GILLES MPL, negro",199.00,164.46,74.01,MPBL-02-B,2,8714919000,0,1,"<ul><li><p>Manejo excelente</p></li><li><p>Con una holgura fuera de lo común, gracias a sus rodamientos dobles, es la maneta más famosa en el mundo</p></li><li><p>Se puede ajustar el ratio entre la maneta y la respuesta de los embragues con cable tipo <strong>Bowden</strong></p></li><li><p>Maneta plegable</p></li><li><p>Diseño limpio, con forma y longitud óptimas para el manejo</p></li><li><p>Con las mejores prestaciones en cuanto a precisión y respuesta</p></li><li><p>La longitud de la maneta es fácil de ajustar.</p><p> </p></li></ul>""""""","Manejo excelenteCon una holgura fuera de lo común, gracias a sus rodamientos dobles, es la maneta más famosa en el mundoSe puede ajustar el ratio entre la maneta y la respuesta de los embragues con cable tipo BowdenManeta plegableDiseño limpio, con forma y longitud óptimas para el manejoCon las mejores prestaciones en cuanto a precisión y respuestaLa longitud de la maneta es fácil de ajustar. """"""",VEHICLE PARTS & ACCESSORIES,ACCESSORIES,ACC. DESIGN PARTS,,2048,340,127,288,56,,Negro,,,,,,,,,,https://api.mybihr.com/medias/1091812-1-800Wx800H?context=bWFzdGVyfHJvb3R8MTMyMDYxfGltYWdlL2pwZWd8YURobUwyaGpaUzg0T1RJNU5qQXdOalkzTmpjNEx6RXdPVEU0TVRJdE1WODRNREJYZURnd01FZ3xhMmU0NWE5ZTZmYjBmY2UwNTNjZTlkNzc5ZDlmZDA2NWI2MzZjN2ZlOWUwOTBhMGVmM2ViNGM2MWUxOGMwZTUz,,,,,https://static.bihr.pro/eBihr/Pictures/GILLES-pictures.zip,Spain Warehouse (Parts)
1091907,4150011301,US-21-K46-B,GILLES,"GILLE LEVER SHIFT, BLK","Pedal de cambio GILLES, negro",160.00,132.23,59.50,US-21-K46-B,3,8714919000,0,1,<ul><li>Black</li></ul>,Black,VEHICLE PARTS & ACCESSORIES,ACCESSORIES,ACC. DESIGN PARTS,,2048,380,127,288,56,,Negro,,,,,,,,,,https://api.mybihr.com/medias/1091907-1-800Wx800H?context=bWFzdGVyfHJvb3R8MTEzMDk0fGltYWdlL2pwZWd8YUdWbUwyZzFOUzg0T0RVeE1qazFNek00TlRJMkx6RXdPVEU1TURjdE1WODRNREJYZURnd01FZ3xlNzkzOTFlYWY2OWQ4MTk3MTk2YWI1N2YyNjBlYTFmZjBhMzYyNzc1ZTgzYzMwNTk0NjQ1ODk4YTY4YzU0NGNh,,,,,https://static.bihr.pro/eBihr/Pictures/GILLES-pictures.zip,Spain Warehouse (Parts)
1091778,6230016601,FXR-S02-B,GILLES,"GILLE REARSET FXR, BLK","Estriberas retrasadas GILLES FXR, negro",460.01,380.17,152.07,FXR-S02-B,1,8714919000,0,1,"<ul><li><p>M&aacute;ximo rendimiento, m&iacute;nimo peso&nbsp;</p></li><li><p>Equilibrio perfecto entre estabilidad y poco peso</p></li><li><p>Rodamientos dobles en pedales de cambio y freno</p></li><li><p>Posibilidad de cambio normal o invertido</p></li><li><p>Protecci&oacute;n de aluminio para el tal&oacute;n</p></li><li><p>Detalles complementarios: protectores de carbono, estriberas Factory Racing, anodizado en negro.</p><p>&nbsp;</p></li></ul>","Máximo rendimiento, mínimo peso Equilibrio perfecto entre estabilidad y poco pesoRodamientos dobles en pedales de cambio y frenoPosibilidad de cambio normal o invertidoProtección de aluminio para el talónDetalles complementarios: protectores de carbono, estriberas Factory Racing, anodizado en negro. ",VEHICLE PARTS & ACCESSORIES,ACCESSORIES,ACC. DESIGN PARTS,,4577,1260,298,320,48,,,,,,,,,,,,https://api.mybihr.com/medias/1091778-1-800Wx800H?context=bWFzdGVyfHJvb3R8MTkwMzY3MnxpbWFnZS9qcGVnfGFEQXhMMmd3TVM4NE9EVXhNVEEzTVRnME5qY3dMekV3T1RFM056Z3RNVjg0TURCWGVEZ3dNRWd8NjA2MTllMzNjMDZlZWMxZTg1NTljZTc1MGZiMTY3NWZkNzVmZjg1MTFiYTEwNjEyNWNjZTc0YmMxYzg1ODg0NA,https://api.mybihr.com/medias/1091778-2-800Wx800H?context=bWFzdGVyfHJvb3R8Mzk2NTd8aW1hZ2UvanBlZ3xhRGhsTDJnd1pTODRPRFV4TVRBM05UYzNPRGcyTHpFd09URTNOemd0TWw4NE1EQlhlRGd3TUVnfGI2YzJiMTMwYjE1NTkxODY1MDZiYzgxMjNlYTBiMDdlNmI1Y2ZkYzY2MjFiY2ExYWRhMTAwZDIwMWI1YjYxZjQ,,,,https://static.bihr.pro/eBihr/Pictures/GILLES-pictures.zip,Spain Warehouse (Parts)
1096107003,6200019246,LG-0-G,GILLES,"GILLE BAR ENDS LG, GLD","Contrapesos roscados de manillar GILLES TOOLING dorado M18x1,5 mm",20.00,16.53,6.61,4251792709046,7,8714919000,0,1,"<ul>  <li>Estilo, practicidad y amortiguación de las vibraciones&nbsp;  <li>Accesorios adicionales para manillar Variobar,<strong> GT   </strong>y<strong> GP Light</strong>  <li>Para el <strong>GT</strong> hay 2 versiones disponibles  <li>Cuatro diseños diferentes en cinco anodizados de colores (<strong>negro,   plata, dorado, rojo y azul</strong>)  <li>Te ayudarán a reducir la molestia de la vibración del manillar</li></ul><p>&nbsp;</p>","  Estilo, practicidad y amortiguación de las vibraciones   Accesorios adicionales para manillar Variobar, GT   y GP Light  Para el GT hay 2 versiones disponibles  Cuatro diseños diferentes en cinco anodizados de colores (negro,   plata, dorado, rojo y azul)  Te ayudarán a reducir la molestia de la vibración del manillar
 ",VEHICLE PARTS & ACCESSORIES,ACCESSORIES,ACC. DESIGN PARTS,Dorado,475,10,80,135,44,,Oro,,,,,,,,,,https://api.mybihr.com/medias/1096107003-1-800Wx800H?context=bWFzdGVyfHJvb3R8NzY1MTh8aW1hZ2UvanBlZ3xhRGt5TDJobU5TODRPVE13TkRVeE56RTRNVGMwTHpFd09UWXhNRGN3TURNdE1WODRNREJYZURnd01FZ3w4ODNlNzhiZjRlNWIzMDJiNDI3OGY4YmQ4MzRiN2EzY2U2NTVkYzI0Y2U1MDUzNmM5NmMzZjZmZWQ4OTMwOGM2,,,,,https://static.bihr.pro/eBihr/Pictures/GILLES-pictures.zip,Spain Warehouse (Parts)
1096107005,6200019244,LG-0-S,GILLES,"GILLE BAR ENDS LG, SIL","Contrapesos roscados de manillar GILLES TOOLING, plata M18x1,5 mm",20.00,16.53,6.61,4251792709077,5,8714919000,0,1,"<ul>  <li>Estilo, practicidad y amortiguación de las vibraciones&nbsp;  <li>Accesorios adicionales para manillar Variobar,<strong> GT   </strong>y<strong> GP Light</strong>  <li>Para el <strong>GT</strong> hay 2 versiones disponibles  <li>Cuatro diseños diferentes en cinco anodizados de colores (<strong>negro,   plata, dorado, rojo y azul</strong>)  <li>Te ayudarán a reducir la molestia de la vibración del manillar</li></ul><p>&nbsp;</p>","  Estilo, practicidad y amortiguación de las vibraciones   Accesorios adicionales para manillar Variobar, GT   y GP Light  Para el GT hay 2 versiones disponibles  Cuatro diseños diferentes en cinco anodizados de colores (negro,   plata, dorado, rojo y azul)  Te ayudarán a reducir la molestia de la vibración del manillar
 ",VEHICLE PARTS & ACCESSORIES,ACCESSORIES,ACC. DESIGN PARTS,Plata,1024,120,127,144,56,,Plata,,,,,,,,,,https://api.mybihr.com/medias/1096107005-1-800Wx800H?context=bWFzdGVyfHJvb3R8NTY1MDR8aW1hZ2UvanBlZ3xhREJoTDJoaU55ODRPVFEzTmpjNU5qSTFNalEyTHpFd09UWXhNRGN3TURVdE1WODRNREJYZURnd01FZ3xiMmIzMmY4ODJjYmU3OTkyMGNhNmZkNzYwNzc5ZDk1OTllMDAwNjljNjU1ZmNlMzA4YzI3MDE3NmI0ZGZhYzQ4,,,,,https://static.bihr.pro/eBihr/Pictures/GILLES-pictures.zip,Spain Warehouse (Parts)
1096107004,6200019203,LG-0-R,GILLES,"GILLE BAR ENDS LG, RED","Contrapesos roscados de manillar GILLES TOOLING, rojo M18x1,5 mm",20.00,16.53,6.61,4251792709060,8,8714919000,0,1,"<ul>  <li>Estilo, practicidad y amortiguación de las vibraciones&nbsp;  <li>Accesorios adicionales para manillar Variobar,<strong> GT   </strong>y<strong> GP Light</strong>  <li>Para el <strong>GT</strong> hay 2 versiones disponibles  <li>Cuatro diseños diferentes en cinco anodizados de colores (<strong>negro,   plata, dorado, rojo y azul</strong>)  <li>Te ayudarán a reducir la molestia de la vibración del manillar</li></ul><p>&nbsp;</p>","  Estilo, practicidad y amortiguación de las vibraciones   Accesorios adicionales para manillar Variobar, GT   y GP Light  Para el GT hay 2 versiones disponibles  Cuatro diseños diferentes en cinco anodizados de colores (negro,   plata, dorado, rojo y azul)  Te ayudarán a reducir la molestia de la vibración del manillar
 ",VEHICLE PARTS & ACCESSORIES,ACCESSORIES,ACC. DESIGN PARTS,Rojo,475,10,80,135,44,,Rojo,,,,,,,,,,https://api.mybihr.com/medias/1096107004-1-800Wx800H?context=bWFzdGVyfHJvb3R8NTcyMTJ8aW1hZ2UvanBlZ3xhRFl5TDJobVl5ODRPVE13TkRVeE9URTBOemd5THpFd09UWXhNRGN3TURRdE1WODRNREJYZURnd01FZ3w5MDBhYzJiNjNiN2U1NmU1OTY0MDYyMTQ3ZjhiMTM2ZDEwOWViYjRmNzQ3MjZkOGQ2Y2YzNWI3YTMzY2NmNmU2,,,,,https://static.bihr.pro/eBihr/Pictures/GILLES-pictures.zip,Spain Warehouse (Parts)
1096107002,6200019207,LG-0-BL,GILLES,"GILLE BAR ENDS LG, BLU","Contrapesos roscados de manillar GILLES TOOLING azul M18X1,5 mm",20.00,16.53,7.44,4251792709053,1,8714919000,0,1,"<ul>  <li>Estilo, practicidad y amortiguación de las vibraciones&nbsp;   <li>Accesorios adicionales para manillar Variobar,<strong> GT   </strong>y<strong> GP Light</strong>   <li>Para el <strong>GT</strong> hay 2 versiones disponibles   <li>Cuatro diseños diferentes en cinco anodizados de colores (<strong>negro,   plata, dorado, rojo y azul</strong>)   <li>Te ayudarán a reducir la molestia de la vibración del manillar</li></ul><p>&nbsp;</p>","  Estilo, practicidad y amortiguación de las vibraciones    Accesorios adicionales para manillar Variobar, GT   y GP Light   Para el GT hay 2 versiones disponibles   Cuatro diseños diferentes en cinco anodizados de colores (negro,   plata, dorado, rojo y azul)   Te ayudarán a reducir la molestia de la vibración del manillar
 ",VEHICLE PARTS & ACCESSORIES,ACCESSORIES,ACC. DESIGN PARTS,Azul,475,10,80,135,44,,Azul,,,,,,,,,,https://api.mybihr.com/medias/800Wx800H-1096107002-1.jpg?context=bWFzdGVyfHJvb3R8MjIwNzY3fGltYWdlL2pwZWd8YURNMEwyZ3pPUzh6TXpFek5Ea3pPVFF3TmpNMk5pODRNREJYZURnd01FaGZNVEE1TmpFd056QXdNaTB4TG1wd1p3fDU1NDA5Yjk5NzVkNWI3OThjZjBlNWRhNGFmOWI5NDBjZjBlZTczYmYxYjI2NmNkMDM2YzJmYTE5MzQ3NTg0ZTI,,,,,https://static.bihr.pro/eBihr/Pictures/GILLES-pictures.zip,Spain Warehouse (Parts)
1091944,6230021201,VCR-K07-B,GILLES,"GILLE REARSET VCR38GT, BLK","Estriberas retrasadas GILLES VCR38, negro",690.00,570.25,228.10,VCR-K07-B,1,8714919000,0,1,"<ul><li><p>Infinitas posibilidades de posición </p></li><li><p>Estriberas de ajuste continuo</p></li><li><p>Posibilidad de cambio normal o invertido</p></li><li><p>Ajuste completo a través del perno central</p></li><li><p>Pedal de freno fácil de ajustar</p></li><li><p>Protector de talón de carbono</p></li><li><p>Disponible en varios colores</p></li><li><p>Micro Intermitente de luz de freno integrado.</p><p> </p></li></ul>""""""","Infinitas posibilidades de posición Estriberas de ajuste continuoPosibilidad de cambio normal o invertidoAjuste completo a través del perno centralPedal de freno fácil de ajustarProtector de talón de carbonoDisponible en varios coloresMicro Intermitente de luz de freno integrado. """"""",VEHICLE PARTS & ACCESSORIES,ACCESSORIES,ACC. DESIGN PARTS,,17507,1996,291,235,256,,,,,,,,,,,,https://api.mybihr.com/medias/1091944-1-800Wx800H?context=bWFzdGVyfHJvb3R8MTM2NzEzfGltYWdlL2pwZWd8YUdGaEwyaGxaaTg0T1RJNU5qRTROekl5T0RRMkx6RXdPVEU1TkRRdE1WODRNREJYZURnd01FZ3w5NGQ3Yzk4MzU3MmQ1ZjJiODQ1MTY3ODY4ODhhMDg1NzA0MzRmOTE3ZWMwNTBkZTZmODg0MTFmMDc5YjYwMTMy,https://api.mybihr.com/medias/1091944-2-800Wx800H?context=bWFzdGVyfHJvb3R8ODYzNjh8aW1hZ2UvanBlZ3xhRFkzTDJobU5pODRPVEk1TmpFNE9URTVORFUwTHpFd09URTVORFF0TWw4NE1EQlhlRGd3TUVnfDI2NTVlNjI3MWY3ZjBhYWU1ZmY0YzI3ZDgwNzg2NTY1NWYxZTUxNGIyNWYwOWE1YWVlOTQzOTY4MWY5MDdiOGU,https://api.mybihr.com/medias/1091944-3-800Wx800H?context=bWFzdGVyfHJvb3R8MzgwMDgwfGltYWdlL2pwZWd8YURGakwyaGlZaTg0T1RJNU5qRTVNVEUyTURZeUx6RXdPVEU1TkRRdE0xODRNREJYZURnd01FZ3xlNzM3Y2FmYjMzZTQwYjMyOGJkNTE2MDM3NjkwODU1OWUxN2U1MTVkNjYwYWIwZGI3YjQ3NjFhNDQyZGYzNDFm,https://api.mybihr.com/medias/1091944-4-800Wx800H?context=bWFzdGVyfHJvb3R8NDA5ODQzfGltYWdlL2pwZWd8YURSakwyaGlOQzg0T1RJNU5qRTVNekV5Tmpjd0x6RXdPVEU1TkRRdE5GODRNREJYZURnd01FZ3wwNzliOGNmMDdiZTAzYWNhZjgyMjU1ZTAzYzUxYTdkN2RlMGI4OGJhYjA0ZmFhZTU3ZDI5Mzg0MTIzYTVjMzRm,,https://static.bihr.pro/eBihr/Pictures/GILLES-pictures.zip,Spain Warehouse (Parts)
1091637,6230009701,AS31-D03-B,GILLES,"GILLE REARSET AS31, BLACK","Estriberas retrasadas GILLES AS31, negro",599.00,495.04,198.02,AS31-D03-B,1,8714919000,0,1,"<ul><li><p>Estriberas multiposición </p></li><li><p>Múltiples posibilidades de ajuste: estribera, recorrido del cambio, recorrido del pie</p></li><li><p>Protecciones de carbono para el talón, individuales o dobles</p></li><li><p>Los pedales de cambio y freno quedan holgados y libres gracias a los rodamientos dobles</p></li><li><p>Anodizado sólido en negro</p></li><li><p>Posibilidad de cambio normal o invertido.</p><p> </p></li></ul>""""""","Estriberas multiposición Múltiples posibilidades de ajuste: estribera, recorrido del cambio, recorrido del pieProtecciones de carbono para el talón, individuales o doblesLos pedales de cambio y freno quedan holgados y libres gracias a los rodamientos doblesAnodizado sólido en negroPosibilidad de cambio normal o invertido. """"""",VEHICLE PARTS & ACCESSORIES,ACCESSORIES,ACC. DESIGN PARTS,,17353,1596,295,258,228,,,,,,,,,,,,https://api.mybihr.com/medias/1091637-1-800Wx800H?context=bWFzdGVyfHJvb3R8NDk0OTd8aW1hZ2UvanBlZ3xhRFptTDJoaFpTODRPVFF4T1RVd01EYzBPVEV3THpFd09URTJNemN0TVY4NE1EQlhlRGd3TUVnfDhjMGUyYjY0Y2I2ZTJkNmE5YzY3NzFhYjZjMDY0OGZmODA2NzQ1NzIwOTRjNzEzYTRlNzk2NTE3ZGY3MDIyZDI,,,,,https://static.bihr.pro/eBihr/Pictures/GILLES-pictures.zip,Spain Warehouse (Parts)
1091628,4460117245,ACM-25-15,GILLES,"GILLE NUT REAR WHEEL, TIT","Tuerca de bloqueo trasera GILLES, titanio",95.00,78.51,35.33,ACM-25-15,3,8714919000,0,1,"<ul><li><p>Producto<strong> <em>Patentado </em></strong></p></li><li><p>Innovador sistema de seguridad mediante pasador de bloqueo</p></li><li><p>Fresada a partir de titanio sólido</p></li><li><p>El bloqueo de seguridad muy útil al encajar y hacer fuerza</p></li><li><p>Montaje fácil con una llave normal.</p><p> </p></li></ul>""""""","Producto Patentado Innovador sistema de seguridad mediante pasador de bloqueoFresada a partir de titanio sólidoEl bloqueo de seguridad muy útil al encajar y hacer fuerzaMontaje fácil con una llave normal. """"""",VEHICLE PARTS & ACCESSORIES,ACCESSORIES,ACC. DESIGN PARTS,,1024,120,127,144,56,,Titanio,,,,,,,,,,https://api.mybihr.com/medias/1091628-1-800Wx800H?context=bWFzdGVyfHJvb3R8Mjg4Njd8aW1hZ2UvanBlZ3xhR1UyTDJoa1lpODRPVE0yTXpJMk5UWXhPREl5THpFd09URTJNamd0TVY4NE1EQlhlRGd3TUVnfDdiNjdmZjQ0NGExMjY5Y2M4MWVkZTlkZGM0NDdmYzg5MjY1ZWQ0ZWNmODg3NWExYWRkODc3ZDY5OGU5MDIxMDE,https://api.mybihr.com/medias/1091628-2-800Wx800H?context=bWFzdGVyfHJvb3R8MTUyNTY1fGltYWdlL2pwZWd8YUdFekwyaGxNaTg0T1RNMk16STJOelU0TkRNd0x6RXdPVEUyTWpndE1sODRNREJYZURnd01FZ3wwMGFiMGVlNzllMmQwYzllNTJhNDdiNWYzODhmN2I2ZDdjOGJkNzU1ZjUzMWJlZmJkNGUxNWM5ZTMzMjhjMGI4,https://api.mybihr.com/medias/1091628-3-800Wx800H?context=bWFzdGVyfHJvb3R8OTQxNzB8aW1hZ2UvanBlZ3xhRGMwTDJobE9TODRPVE0yTXpJMk9UVTFNRE00THpFd09URTJNamd0TTE4NE1EQlhlRGd3TUVnfDA2YzZlZWE3N2MwMGJiZjNhMmJmOTJhODI4NzFjM2VkMmQ0MWU5MTdlN2E5NjM2MWRmMDQ1MGJjMDdiM2E5YTU,https://api.mybihr.com/medias/1091628-4-800Wx800H?context=bWFzdGVyfHJvb3R8OTQxODJ8aW1hZ2UvanBlZ3xhREV3TDJoak9DODRPVE0yTXpJM01UVXhOalEyTHpFd09URTJNamd0TkY4NE1EQlhlRGd3TUVnfDQ5NzU2MWYwMzNlZDg0NzRlY2U3M2UyZjMzYWUyNzA0ZGVjZDI1YWI3ZjdhNDJjMjEwM2MxYWI3ZmJjYmI4NDc,,https://static.bihr.pro/eBihr/Pictures/GILLES-pictures.zip,Spain Warehouse (Parts)
1096213001,6190036901,BRC-02-KIT-B,GILLES,"GILLE COVER FR BRAKE TANK, BLK","Tapa depósito líquido de frenos GILLES TOOLING, delantera, negro",40.00,33.06,13.22,4251792704263,7,8714919000,0,1,"<ul><li><p>Recambio f&aacute;cil y r&aacute;pido de la tapa del dep&oacute;sito original, que adem&aacute;s mejorar&aacute; el look de tu moto.&nbsp;</p></li><li><p>Incluye arandelas anodizadas</p></li><li><p>Colores de las arandelas: rojo, azul, plateado, dorado</p></li><li><p>Montaje f&aacute;cil y r&aacute;pido</p></li><li><p>Elaborada mediante mecanizado CNC</p></li><li><p>Apariencia discreta de la superficie, anodizada en color negro</p></li><li><p>Logotipo grabado a l&aacute;ser.</p><p>&nbsp;</p></li></ul>","Recambio fácil y rápido de la tapa del depósito original, que además mejorará el look de tu moto. Incluye arandelas anodizadasColores de las arandelas: rojo, azul, plateado, doradoMontaje fácil y rápidoElaborada mediante mecanizado CNCApariencia discreta de la superficie, anodizada en color negroLogotipo grabado a láser. ",VEHICLE PARTS & ACCESSORIES,ACCESSORIES,ACC. DESIGN PARTS,Negro,475,10,80,135,44,,Negro,,,,,,,,,,https://api.mybihr.com/medias/1096213001-1-800Wx800H?context=bWFzdGVyfHJvb3R8NjM4ODd8aW1hZ2UvanBlZ3xhREZtTDJnMU55ODRPVFUzTWpZME5ESTVNRGcyTHpFd09UWXlNVE13TURFdE1WODRNREJYZURnd01FZ3xkMDI1YTJiNzA4NGVhMmU1ZjY5OGRhMWFiOTYwZGUyOTJlNDc1MGE5MzNiMDg0ZTg0NzEwMTc1ZmZlMjRlZTk3,,,,,https://static.bihr.pro/eBihr/Pictures/GILLES-pictures.zip,Spain Warehouse (Parts)
1096213002,6190036907,BRC-02-KIT-BL,GILLES,"GILLE COVER FR BRAKE TANK, BLU","Tapa depósito líquido de frenos GILLES TOOLING, delantera azul",40.00,33.06,13.22,4251792704270,8,8714919000,0,1,"<ul><li><p>Recambio f&aacute;cil y r&aacute;pido de la tapa del dep&oacute;sito original, que adem&aacute;s mejorar&aacute; el look de tu moto.&nbsp;</p></li><li><p>Incluye arandelas anodizadas</p></li><li><p>Colores de las arandelas: rojo, azul, plateado, dorado</p></li><li><p>Montaje f&aacute;cil y r&aacute;pido</p></li><li><p>Elaborada mediante mecanizado CNC</p></li><li><p>Apariencia discreta de la superficie, anodizada en color negro</p></li><li><p>Logotipo grabado a l&aacute;ser.</p><p>&nbsp;</p></li></ul>","Recambio fácil y rápido de la tapa del depósito original, que además mejorará el look de tu moto. Incluye arandelas anodizadasColores de las arandelas: rojo, azul, plateado, doradoMontaje fácil y rápidoElaborada mediante mecanizado CNCApariencia discreta de la superficie, anodizada en color negroLogotipo grabado a láser. ",VEHICLE PARTS & ACCESSORIES,ACCESSORIES,ACC. DESIGN PARTS,Azul,475,10,80,135,44,,Azul,,,,,,,,,,https://api.mybihr.com/medias/1096213002-1-800Wx800H?context=bWFzdGVyfHJvb3R8Nzk4NDh8aW1hZ2UvanBlZ3xhR1JpTDJnME55ODRPVFV3T0RVeU16VTBNRGM0THpFd09UWXlNVE13TURJdE1WODRNREJYZURnd01FZ3wyNmVlOGZiNmMxYTE3YjcwZjNhZTlmOGMyMGFhNWY5OGZjMmI2ZTdmMTBiMzk1ODU2YjMyNjAzMjUzMjdlN2Iz,https://api.mybihr.com/medias/1096213002-2-800Wx800H?context=bWFzdGVyfHJvb3R8MTIxNTQ4fGltYWdlL2pwZWd8YURZNUwyZzFOUzg0T1RVd09EVXlOelEzTWprMEx6RXdPVFl5TVRNd01ESXRNbDg0TURCWGVEZ3dNRWd8N2VjYThmMzNmMzZmYmI1MzdlMjhjMTM4MmJmMjZhNWNjNWRjYWQwMWU3ZDAzZWRkMzJiNmI4MzFiNDc5ZmY3ZA,,,,https://static.bihr.pro/eBihr/Pictures/GILLES-pictures.zip,Spain Warehouse (Parts)
1096216001,6190035101,AXB-BD-B,GILLES,"GILLE TENSIONER CHAIN AXB, BLK","Tensores de cadena GILLES TOOLING AXB, negro",119.00,98.35,44.26,AXB-BD-B,2,8714919000,0,1,<ul><li><p>M&aacute;s que un tensor de cadena&nbsp;</p></li><li><p>Ajuste preciso de la tensi&oacute;n de la cadena</p></li><li><p>Un tornillo especial permite el ajuste del eje en ambas direcciones</p></li><li><p>Ajuste perfecto mediante una escala precisa</p></li><li><p>Mediante la escala puedes compensar las tolerancias de serie</p></li><li><p>Facilita el cambio de la rueda trasera</p></li><li><p>Sostiene el eje contra la carga provocada por la compresi&oacute;n y la tracci&oacute;n.</p><p>&nbsp;</p></li></ul>,Más que un tensor de cadena Ajuste preciso de la tensión de la cadenaUn tornillo especial permite el ajuste del eje en ambas direccionesAjuste perfecto mediante una escala precisaMediante la escala puedes compensar las tolerancias de serieFacilita el cambio de la rueda traseraSostiene el eje contra la carga provocada por la compresión y la tracción. ,VEHICLE PARTS & ACCESSORIES,ACCESSORIES,ACC. DESIGN PARTS,Negro,1024,260,127,144,56,,Negro,,,,,,,,,,https://api.mybihr.com/medias/1096216001-1-800Wx800H?context=bWFzdGVyfHJvb3R8MTg2Njk3MHxpbWFnZS9qcGVnfGFHSTFMMmhoWVM4NE9UVXdPRFV6TVRRd05URXdMekV3T1RZeU1UWXdNREV0TVY4NE1EQlhlRGd3TUVnfGJiMzIzOTM2NjdjZjVmZWQwNDQxOTBlNjBmM2RkOTY1M2U3NDc1Mzk4ZGUxNDEwNWFkZjEzZDVmNzAwNTgyNDE,https://api.mybihr.com/medias/1096216001-2-800Wx800H?context=bWFzdGVyfHJvb3R8ODc5OTJ8aW1hZ2UvanBlZ3xhRFF5TDJoaU9DODRPVFV3T0RVek5UTXpOekkyTHpFd09UWXlNVFl3TURFdE1sODRNREJYZURnd01FZ3wzYmZhNjlhZDE0Y2ZmNWIwNDg0MTdiZWQzZjUzYWE2YWFhZGJmMTg1NGMxNzZiNDdhMWI2OTRiMTRlZGNjZjc4,,,,https://static.bihr.pro/eBihr/Pictures/GILLES-pictures.zip,Spain Warehouse (Parts)
1096221001,6190035601,AXB-RJ27-B,GILLES,"GILLE TENSIONER CHAIN AXB, BLK","Tensores de cadena GILLES TOOLING AXB, negro",119.00,98.35,44.26,AXB-RJ27-B,2,8714919000,0,1,<ul><li><p>M&aacute;s que un tensor de cadena&nbsp;</p></li><li><p>Ajuste preciso de la tensi&oacute;n de la cadena</p></li><li><p>Un tornillo especial permite el ajuste del eje en ambas direcciones</p></li><li><p>Ajuste perfecto mediante una escala precisa</p></li><li><p>Mediante la escala puedes compensar las tolerancias de serie</p></li><li><p>Facilita el cambio de la rueda trasera</p></li><li><p>Sostiene el eje contra la carga provocada por la compresi&oacute;n y la tracci&oacute;n.</p><p>&nbsp;</p></li></ul>,Más que un tensor de cadena Ajuste preciso de la tensión de la cadenaUn tornillo especial permite el ajuste del eje en ambas direccionesAjuste perfecto mediante una escala precisaMediante la escala puedes compensar las tolerancias de serieFacilita el cambio de la rueda traseraSostiene el eje contra la carga provocada por la compresión y la tracción. ,VEHICLE PARTS & ACCESSORIES,ACCESSORIES,ACC. DESIGN PARTS,Negro,2085,260,127,288,57,,Negro,,,,,,,,,,https://api.mybihr.com/medias/1096221001-1-800Wx800H?context=bWFzdGVyfHJvb3R8MTg2Njk3MHxpbWFnZS9qcGVnfGFHUmtMMmczTnk4NE9UTTJOamc1TnpJNU5UWTJMekV3T1RZeU1qRXdNREV0TVY4NE1EQlhlRGd3TUVnfGJiMDllY2UwNjUxNTU3MGM2MGRjMWFkNWViMzdkZDYxMGY5OGNlZGNlODhhNzIwMWMwMjg3ZWQ3ZWY4MGI4Mjc,https://api.mybihr.com/medias/1096221001-2-800Wx800H?context=bWFzdGVyfHJvb3R8ODc5OTJ8aW1hZ2UvanBlZ3xhREV3TDJnNE5TODRPVE0yTmprd01USXlOemd5THpFd09UWXlNakV3TURFdE1sODRNREJYZURnd01FZ3wxZDk0YTRmNWJjNmMxZjgyYjIzNWY4MmJkN2U2M2NiYzUyMjYwZGJmMmM0OGZiNmI3NzczYWIyZDA3YjNlOGRi,,,,https://static.bihr.pro/eBihr/Pictures/GILLES-pictures.zip,Spain Warehouse (Parts)
1096125001,41900106,RGK-360-UF16-SET-B,GILLES,"GILLE FOOT PEGS SPORT, BLK","Estriberas deportivas Gilles Tooling para pasajero, negro",98.00,80.99,36.45,41900106,4,8714919000,0,1,"<ul><li>Ajuste fácil, elegancia y comodidad </li><li>La manera más fácil de modificar la posición original de la estribera</li><li>Juntas articuladas para piloto y pasajero</li><li>Combínala con la gama de estriberas disponible</li><li>Escoge entre 24 posiciones distintas</li><li>Ajuste de 360°.</li></ul><p> </p>""""""","Ajuste fácil, elegancia y comodidad La manera más fácil de modificar la posición original de la estriberaJuntas articuladas para piloto y pasajeroCombínala con la gama de estriberas disponibleEscoge entre 24 posiciones distintasAjuste de 360°.
 """"""",VEHICLE PARTS & ACCESSORIES,ACCESSORIES,ACC. DESIGN PARTS,Negro,1071,275,129,151,55,,,,,,,,,,,,https://api.mybihr.com/medias/1096125001-1-800Wx800H?context=bWFzdGVyfHJvb3R8Mjc3MzR8aW1hZ2UvanBlZ3xhR1JqTDJoaE9DODRPVFF5TmpNeE9URXhORFUwTHpFd09UWXhNalV3TURFdE1WODRNREJYZURnd01FZ3w5ZGQyZTc0Mzk3MjNmZmU2YTc3YTg2ZjUwYjc3MDc0YWQwNzVlZGE3Nzk5ZWM4ZjkzYzZlNWFjYTI4YmIxYmVk,https://api.mybihr.com/medias/1096125001-2-800Wx800H?context=bWFzdGVyfHJvb3R8Mjc0NDh8aW1hZ2UvanBlZ3xhREUxTDJobVpTODRPVFF5TmpNeU16QTBOamN3THpFd09UWXhNalV3TURFdE1sODRNREJYZURnd01FZ3w0YTBjNjFiOGYzN2NiYTQxNzY0ZjVjODQ1NGYwOTljNDg1MjBiOWViMzczOTM3ZDQ5Mjc3NjNmYjFjYWI1Yjdl,,,,https://static.bihr.pro/eBihr/Pictures/GILLES-pictures.zip,Spain Warehouse (Parts)
1096125002,41900107,RGK-360-UF16-SET-S,GILLES,"GILLE FOOT PEGS SPORT, SIL","Estriberas deportivas Gilles Tooling para pasajero, plata",98.00,80.99,32.40,41900107,7,8714919000,0,1,"<ul><li>Ajuste fácil, elegancia y comodidad </li><li>La manera más fácil de modificar la posición original de la estribera</li><li>Juntas articuladas para piloto y pasajero</li><li>Combínala con la gama de estriberas disponible</li><li>Escoge entre 24 posiciones distintas</li><li>Ajuste de 360°.</li></ul><p> </p>""""""","Ajuste fácil, elegancia y comodidad La manera más fácil de modificar la posición original de la estriberaJuntas articuladas para piloto y pasajeroCombínala con la gama de estriberas disponibleEscoge entre 24 posiciones distintasAjuste de 360°.
 """"""",VEHICLE PARTS & ACCESSORIES,ACCESSORIES,ACC. DESIGN PARTS,Plata,1096,251,129,149,57,,,,,,,,,,,,https://api.mybihr.com/medias/1096125002-1-800Wx800H?context=bWFzdGVyfHJvb3R8MjA4NDd8aW1hZ2UvanBlZ3xhRFJtTDJnMk1TODRPVE0yTmpZMk9EVTNOVEF5THpFd09UWXhNalV3TURJdE1WODRNREJYZURnd01FZ3xjMzUxYmNjYjVjNDJlZjA3NzRmMDk4MjA0OGFmYWUxOGYyMmVmZGZkN2UzMDI0YzkzMTNlYTU1MjkwNGY1ZWQ3,https://api.mybihr.com/medias/1096125002-2-800Wx800H?context=bWFzdGVyfHJvb3R8Mjc0NDh8aW1hZ2UvanBlZ3xhREF6TDJnd1l5ODRPVE0yTmpZM01qVXdOekU0THpFd09UWXhNalV3TURJdE1sODRNREJYZURnd01FZ3xkMjRmMzhlYjhlODQ1YWRlNDZkNWYyZGMwODMwNjA1ODA0ZDQxY2Y0MDBlNWQyYjhmZmUyNTAwNDNhMTE5ODU4,,,,https://static.bihr.pro/eBihr/Pictures/GILLES-pictures.zip,Spain Warehouse (Parts)
1096112002,41900078,RGK-290-UF16-SET-S,GILLES,"GILLE FOOT PEGS SPORT, SIL","Estriberas deportivas GILLES TOOLING para pasajero, plata",98.00,80.99,36.45,4251792711339,4,8714919000,0,1,"<ul><li>Ajuste f&aacute;cil, elegancia y comodidad&nbsp;</li><li>La manera m&aacute;s f&aacute;cil de modificar la posici&oacute;n original de la estribera</li><li>Juntas articuladas para piloto y pasajero</li><li>Comb&iacute;nala con la gama de estriberas disponible</li><li>Escoge entre 24 posiciones distintas</li><li>Ajuste de 360&deg;.</li></ul><p>&nbsp;</p>","Ajuste fácil, elegancia y comodidad La manera más fácil de modificar la posición original de la estriberaJuntas articuladas para piloto y pasajeroCombínala con la gama de estriberas disponibleEscoge entre 24 posiciones distintasAjuste de 360°.
 ",VEHICLE PARTS & ACCESSORIES,ACCESSORIES,ACC. DESIGN PARTS,Plata,1056,263,126,147,57,,,,,,,,,,,,https://api.mybihr.com/medias/1096112002-1-800Wx800H?context=bWFzdGVyfHJvb3R8MjA4NDd8aW1hZ2UvanBlZ3xhRGRqTDJnek9TODRPVE13TkRVek5qZzBNalUwTHpFd09UWXhNVEl3TURJdE1WODRNREJYZURnd01FZ3w2YmNkOWM1NzNkNDg5NzY0ZWNlYjVmMWFiZmFiNWExNThiZDE3MTkzZDlhNjhhZTY1YjZhNDBkNzVhNmM5YmY2,https://api.mybihr.com/medias/1096112002-2-800Wx800H?context=bWFzdGVyfHJvb3R8Mjc0NDh8aW1hZ2UvanBlZ3xhR0ZqTDJnek1pODRPVE13TkRVek9EZ3dPRFl5THpFd09UWXhNVEl3TURJdE1sODRNREJYZURnd01FZ3xiNjczZGYwZDFjNzM2ZTM4NDQzNGJhYTRlZDc0NDZiMjcxMzQ2YmQ1NjM1YzY5MzNkYTQxNTdkYjViNDBlOTRm,,,,https://static.bihr.pro/eBihr/Pictures/GILLES-pictures.zip,Spain Warehouse (Parts)
1096174001,41900214,RGK-770-UF16-SET-B,GILLES,"GILLE FOOT PEGS SPORT, BLK","Estriberas deportivas Gilles Tooling para pasajero, negro",98.00,80.99,32.40,41900214,6,8714919000,0,1,"<ul><li><p>Ajuste fácil, elegancia y comodidad </p></li><li><p>La manera más fácil de modificar la posición original de la estribera</p></li><li><p>Juntas articuladas para piloto y pasajero</p></li><li><p>Combínala con la gama de estriberas disponible</p></li><li><p>Escoge entre 24 posiciones distintas</p></li><li><p>Ajuste de 360°.</p><p> </p></li></ul>""""""","Ajuste fácil, elegancia y comodidad La manera más fácil de modificar la posición original de la estriberaJuntas articuladas para piloto y pasajeroCombínala con la gama de estriberas disponibleEscoge entre 24 posiciones distintasAjuste de 360°. """"""",VEHICLE PARTS & ACCESSORIES,ACCESSORIES,ACC. DESIGN PARTS,Negro,1081,271,129,147,57,,,,,,,,,,,,https://api.mybihr.com/medias/1096174001-1-800Wx800H?context=bWFzdGVyfHJvb3R8Mjc3MzR8aW1hZ2UvanBlZ3xhR0l3TDJneE15ODRPVE0yTmpjMU1URTFNRE00THpFd09UWXhOelF3TURFdE1WODRNREJYZURnd01FZ3wyYTc3OWFjYzE0NzVmOTUxMjhhOWQ1ZGY3ZGNjZTdmMWJmZWI2ZDYzOGI1MTg5N2U2OGY0NWY4MWY5Y2M1YzFl,https://api.mybihr.com/medias/1096174001-2-800Wx800H?context=bWFzdGVyfHJvb3R8Mjc0NDh8aW1hZ2UvanBlZ3xhREl5TDJnd05pODRPVE0yTmpjMU5UQTRNalUwTHpFd09UWXhOelF3TURFdE1sODRNREJYZURnd01FZ3w0YzZjYmJjNDRjNzViNDY0MWZiYjQ4YzMwM2QwYmRlYjY2YmRmN2I5OTU1NjlhMjFkNzU4MDEyYjQ0YWE0NDY1,,,,https://static.bihr.pro/eBihr/Pictures/GILLES-pictures.zip,Spain Warehouse (Parts)
1096174002,41900215,RGK-770-UF16-SET-S,GILLES,"GILLE FOOT PEGS SPORT, SIL","Estriberas deportivas Gilles Tooling para pasajero, plata",98.00,80.99,36.45,4251792713241,4,8714919000,0,1,"<ul><li><p>Ajuste fácil, elegancia y comodidad </p></li><li><p>La manera más fácil de modificar la posición original de la estribera</p></li><li><p>Juntas articuladas para piloto y pasajero</p></li><li><p>Combínala con la gama de estriberas disponible</p></li><li><p>Escoge entre 24 posiciones distintas</p></li><li><p>Ajuste de 360°.</p><p> </p></li></ul>""""""","Ajuste fácil, elegancia y comodidad La manera más fácil de modificar la posición original de la estriberaJuntas articuladas para piloto y pasajeroCombínala con la gama de estriberas disponibleEscoge entre 24 posiciones distintasAjuste de 360°. """"""",VEHICLE PARTS & ACCESSORIES,ACCESSORIES,ACC. DESIGN PARTS,Plata,1103,253,129,150,57,,,,,,,,,,,,https://api.mybihr.com/medias/1096174002-1-800Wx800H?context=bWFzdGVyfHJvb3R8MjA4NDd8aW1hZ2UvanBlZ3xhR0prTDJnMU9DODRPVFV3T0RRNU1qQTRNelV3THpFd09UWXhOelF3TURJdE1WODRNREJYZURnd01FZ3wwNjVlOTY5Yjg0N2UyNWJlN2ExOGIxNGU3YjAzMzNlMjdmMWQ1M2MyODViN2VmNDNhOWZhYmNiMzg0ZWY0ZWFl,https://api.mybihr.com/medias/1096174002-2-800Wx800H?context=bWFzdGVyfHJvb3R8Mjc0NDh8aW1hZ2UvanBlZ3xhRFZsTDJnMk5pODRPVFV3T0RRNU5qQXhOVFkyTHpFd09UWXhOelF3TURJdE1sODRNREJYZURnd01FZ3w3MGI1ZjU3NjczZjNiMjU2MGViMmEwYzU0MzgyYmVhOWQ3NTY1YmY2MDU4ZmVkYzJhNjgxNDI2NWI0ODU2MTg2,,,,https://static.bihr.pro/eBihr/Pictures/GILLES-pictures.zip,Spain Warehouse (Parts)
1091831,6190038346,PC-MT07-G,GILLES,"GILLE COVER SWINGARM PIVOT, GLD","Tapones del pivote del basculante GILLES, dorado",50.00,41.32,18.60,4251792700203,5,8714919000,0,1,"<ul><li><p> Estas tapas de aluminio anodizado CNC substituyen a las tapas de plástico de origen en el basculante.</p><p> </p></li></ul>"""""""," Estas tapas de aluminio anodizado CNC substituyen a las tapas de plástico de origen en el basculante. """"""",VEHICLE PARTS & ACCESSORIES,ACCESSORIES,ACC. DESIGN PARTS,,477,120,84,129,44,,Oro,,,,,,,,,,https://api.mybihr.com/medias/1091831-1-800Wx800H?context=bWFzdGVyfHJvb3R8MTQ5NzY3fGltYWdlL2pwZWd8YURWbUwyZzFNaTg0T0RjM01USTVPREkyTXpNMEx6RXdPVEU0TXpFdE1WODRNREJYZURnd01FZ3xhN2ZlMzhhMmFiZTljMGI2NTU1NGFmYmYyODVkYmZiZDcwOGVhOWNiNWQ2YjVmOWVkNDMyNTEwMWM5NzBmZTk3,,,,,https://static.bihr.pro/eBihr/Pictures/GILLES-pictures.zip,Spain Warehouse (Parts)
1096192002,6190034907,KC-01-BL,GILLES,"GILLE PROTECTION RADIATOR GUARD, BLU","Tapas de radiador GILLES TOOLING, azul",46.00,38.02,15.21,4251792708902,7,8714919000,0,1,"<ul><li><p>Estos protectores de radiador hacen juego con otros elegantes recambios de Gilles, y se pueden montar r&aacute;pidamente</p></li><li><p>Protecci&oacute;n y estilo en un mismo producto</p></li><li><p>Se suministra con un protector para el lado derecho y otro para el izquierdo.</p><p>&nbsp;</p></li></ul>","Estos protectores de radiador hacen juego con otros elegantes recambios de Gilles, y se pueden montar rápidamenteProtección y estilo en un mismo productoSe suministra con un protector para el lado derecho y otro para el izquierdo. ",VEHICLE PARTS & ACCESSORIES,ACCESSORIES,ACC. DESIGN PARTS,Azul,1079,200,85,235,54,,Azul,,,,,,,,,,https://api.mybihr.com/medias/1096192002-1-800Wx800H?context=bWFzdGVyfHJvb3R8Njk0OTB8aW1hZ2UvanBlZ3xhREF6TDJoa01TODRPVFUzTWpVNE5EWTFNekV3THpFd09UWXhPVEl3TURJdE1WODRNREJYZURnd01FZ3xkOTExYzdlNjFkZmE1N2FhYTNhNDIwYmE0M2RmY2YwNDBlYmI2MTk3ODUwZTQyMGI2YzlmYWZmYmJmNjc2NjZi,https://api.mybihr.com/medias/1096192002-2-800Wx800H?context=bWFzdGVyfHJvb3R8MTQ1ODU3fGltYWdlL2pwZWd8YURjMkwyaGpNeTg0T1RVM01qVTRPRFU0TlRJMkx6RXdPVFl4T1RJd01ESXRNbDg0TURCWGVEZ3dNRWd8N2ZmZTAyZGRjNDdlZmJmZDUzN2U5M2EwYjc0ZjNmZjlmMDE5OWNjNDBkMGE5MDkxNDcxZmI2ZjU0NWQzYWRlNA,,,,https://static.bihr.pro/eBihr/Pictures/GILLES-pictures.zip,Spain Warehouse (Parts)
1096192001,6190034901,KC-01-B,GILLES,"GILLE PROTECTION RADIATOR GUARD, BLK",Tapas de radiador GILLES TOOLING negro,46.00,38.02,15.21,KC-01-B,8,8714919000,0,1,"<ul><li><p>Estos protectores de radiador hacen juego con otros elegantes recambios de Gilles, y se pueden montar r&aacute;pidamente</p></li><li><p>Protecci&oacute;n y estilo en un mismo producto</p></li><li><p>Se suministra con un protector para el lado derecho y otro para el izquierdo.</p><p>&nbsp;</p></li></ul>","Estos protectores de radiador hacen juego con otros elegantes recambios de Gilles, y se pueden montar rápidamenteProtección y estilo en un mismo productoSe suministra con un protector para el lado derecho y otro para el izquierdo. ",VEHICLE PARTS & ACCESSORIES,ACCESSORIES,ACC. DESIGN PARTS,Negro,1079,180,85,235,54,,Negro,,,,,,,,,,https://api.mybihr.com/medias/1096192001-1-800Wx800H?context=bWFzdGVyfHJvb3R8MTA4OTk0fGltYWdlL2pwZWd8YUdZNEwyaGpZaTg0T0RjM056ZzJNRGN4TURjd0x6RXdPVFl4T1RJd01ERXRNVjg0TURCWGVEZ3dNRWd8Mzg5NWRhOTVmYThjYWJjZWE0MTMyZDYxNjE2MGI0N2JjMDYyNzUxZWZkMzc1NzkxZmRkOTFlYjYxY2YzZTJhOA,,,,,https://static.bihr.pro/eBihr/Pictures/GILLES-pictures.zip,Spain Warehouse (Parts)
1096108005,6200019344,LG-20-S,GILLES,"GILLE BAR ENDS LG-2, SIL","Contrapesos roscados de manillar GILLES TOOLING-2, plata",25.00,20.66,8.26,LG-20-S,8,8714919000,0,1,"<ul><li>Estilo, practicidad y amortiguaci&oacute;n de las vibraciones&nbsp;</li><li>Accesorios adicionales para manillar Variobar,<strong> GT </strong>y<strong> GP Light</strong></li><li>Para el <strong>GT</strong> hay 2 versiones disponibles</li><li>Cuatro dise&ntilde;os diferentes en cinco anodizados de colores (<strong>negro, plata, dorado, rojo y azul</strong>)</li><li>Te ayudar&aacute;n a reducir la molestia de la vibraci&oacute;n del manillar</li><li>Para cualquier tipo de manillar con di&aacute;metro interior de 12 hasta 22 mm.</li></ul><p>&nbsp;</p>","Estilo, practicidad y amortiguación de las vibraciones Accesorios adicionales para manillar Variobar, GT y GP LightPara el GT hay 2 versiones disponiblesCuatro diseños diferentes en cinco anodizados de colores (negro, plata, dorado, rojo y azul)Te ayudarán a reducir la molestia de la vibración del manillarPara cualquier tipo de manillar con diámetro interior de 12 hasta 22 mm.
 ",VEHICLE PARTS & ACCESSORIES,ACCESSORIES,ACC. DESIGN PARTS,Plata,475,140,80,135,44,,Plata,,,,,,,,,,https://api.mybihr.com/medias/1096108005-1-800Wx800H?context=bWFzdGVyfHJvb3R8NjA2NjF8aW1hZ2UvanBlZ3xhR1prTDJnNE5DODRPVFUzTWpJd056RTJOVGMwTHpFd09UWXhNRGd3TURVdE1WODRNREJYZURnd01FZ3wwNTZjNGRkMzdjNDRhMGVkNzZlMWQ3MDVhYTFmY2IzNjMwYTZkNGU3ZWQ0YjY3YmFkYjYwNTA0NTFiZmE2YTRh,,,,,https://static.bihr.pro/eBihr/Pictures/GILLES-pictures.zip,Spain Warehouse (Parts)
1096108003,6200019346,LG-20-G,GILLES,"GILLE BAR ENDS LG-2, GLD",Contrapesos roscados de manillar Gilles Tooling-2 dorado,25.00,20.66,8.26,4251792709091,7,8714919000,0,1,"<ul><li>Estilo, practicidad y amortiguaci&oacute;n de las vibraciones&nbsp;</li><li>Accesorios adicionales para manillar Variobar,<strong> GT </strong>y<strong> GP Light</strong></li><li>Para el <strong>GT</strong> hay 2 versiones disponibles</li><li>Cuatro dise&ntilde;os diferentes en cinco anodizados de colores (<strong>negro, plata, dorado, rojo y azul</strong>)</li><li>Te ayudar&aacute;n a reducir la molestia de la vibraci&oacute;n del manillar</li><li>Para cualquier tipo de manillar con di&aacute;metro interior de 12 hasta 22 mm.</li></ul><p>&nbsp;</p>","Estilo, practicidad y amortiguación de las vibraciones Accesorios adicionales para manillar Variobar, GT y GP LightPara el GT hay 2 versiones disponiblesCuatro diseños diferentes en cinco anodizados de colores (negro, plata, dorado, rojo y azul)Te ayudarán a reducir la molestia de la vibración del manillarPara cualquier tipo de manillar con diámetro interior de 12 hasta 22 mm.
 ",VEHICLE PARTS & ACCESSORIES,ACCESSORIES,ACC. DESIGN PARTS,Dorado,475,140,80,135,44,,Oro,,,,,,,,,,https://api.mybihr.com/medias/1096108003-1-800Wx800H?context=bWFzdGVyfHJvb3R8NjIzMDl8aW1hZ2UvanBlZ3xhREl4TDJoaU5TODRPVE13TkRVeU1URXhNemt3THpFd09UWXhNRGd3TURNdE1WODRNREJYZURnd01FZ3wzZjQwYTE1NWEyMjVhZDA2ZTExN2VkOWZmZGM4ZjA4YTA5MzU2OWUxMjNiZmVmMDgxYjYyYjBmNjZlN2ZjOWMy,,,,,https://static.bihr.pro/eBihr/Pictures/GILLES-pictures.zip,Spain Warehouse (Parts)
1096108004,6200019303,LG-20-R,GILLES,"GILLE BAR ENDS LG-2, RED","Contrapesos roscados de manillar Gilles Tooling-2, rojo",25.00,20.66,9.30,4251792709114,5,8714919000,0,1,"<ul><li>Estilo, practicidad y amortiguaci&oacute;n de las vibraciones&nbsp;</li><li>Accesorios adicionales para manillar Variobar,<strong> GT </strong>y<strong> GP Light</strong></li><li>Para el <strong>GT</strong> hay 2 versiones disponibles</li><li>Cuatro dise&ntilde;os diferentes en cinco anodizados de colores (<strong>negro, plata, dorado, rojo y azul</strong>)</li><li>Te ayudar&aacute;n a reducir la molestia de la vibraci&oacute;n del manillar</li><li>Para cualquier tipo de manillar con di&aacute;metro interior de 12 hasta 22 mm.</li></ul><p>&nbsp;</p>","Estilo, practicidad y amortiguación de las vibraciones Accesorios adicionales para manillar Variobar, GT y GP LightPara el GT hay 2 versiones disponiblesCuatro diseños diferentes en cinco anodizados de colores (negro, plata, dorado, rojo y azul)Te ayudarán a reducir la molestia de la vibración del manillarPara cualquier tipo de manillar con diámetro interior de 12 hasta 22 mm.
 ",VEHICLE PARTS & ACCESSORIES,ACCESSORIES,ACC. DESIGN PARTS,Rojo,475,140,80,135,44,,Rojo,,,,,,,,,,,,,,,https://static.bihr.pro/eBihr/Pictures/GILLES-pictures.zip,Spain Warehouse (Parts)
1096108002,6200019307,LG-20-BL,GILLES,"GILLE BAR ENDS LG-2, BLU",Contrapesos roscados de manillar Gilles Tooling-2 azul,25.00,20.66,9.30,LG-20-BL,1,8714919000,0,1,"<ul><li>Estilo, practicidad y amortiguaci&oacute;n de las vibraciones&nbsp;</li><li>Accesorios adicionales para manillar Variobar,<strong> GT </strong>y<strong> GP Light</strong></li><li>Para el <strong>GT</strong> hay 2 versiones disponibles</li><li>Cuatro dise&ntilde;os diferentes en cinco anodizados de colores (<strong>negro, plata, dorado, rojo y azul</strong>)</li><li>Te ayudar&aacute;n a reducir la molestia de la vibraci&oacute;n del manillar</li><li>Para cualquier tipo de manillar con di&aacute;metro interior de 12 hasta 22 mm.</li></ul><p>&nbsp;</p>","Estilo, practicidad y amortiguación de las vibraciones Accesorios adicionales para manillar Variobar, GT y GP LightPara el GT hay 2 versiones disponiblesCuatro diseños diferentes en cinco anodizados de colores (negro, plata, dorado, rojo y azul)Te ayudarán a reducir la molestia de la vibración del manillarPara cualquier tipo de manillar con diámetro interior de 12 hasta 22 mm.
 ",VEHICLE PARTS & ACCESSORIES,ACCESSORIES,ACC. DESIGN PARTS,Azul,475,140,80,135,44,,Azul,,,,,,,,,,,,,,,https://static.bihr.pro/eBihr/Pictures/GILLES-pictures.zip,Spain Warehouse (Parts)
1096147001,41900156,RGK-470-UF16-SET-B,GILLES,"GILLE FOOT PEGS SPORT, BLK","Estriberas deportivas GILLES TOOLING para pasajero, negro",70.00,57.85,23.14,4251792712411,6,8714919000,0,1,"<ul><li>Ajuste f&aacute;cil, elegancia y comodidad&nbsp;</li><li>La manera m&aacute;s f&aacute;cil de modificar la posici&oacute;n original de la estribera</li><li>Juntas articuladas para piloto y pasajero</li><li>Comb&iacute;nala con la gama de estriberas disponible</li><li>Escoge entre 24 posiciones distintas</li><li>Ajuste de 360&deg;.</li></ul><p>&nbsp;</p>","Ajuste fácil, elegancia y comodidad La manera más fácil de modificar la posición original de la estriberaJuntas articuladas para piloto y pasajeroCombínala con la gama de estriberas disponibleEscoge entre 24 posiciones distintasAjuste de 360°.
 ",VEHICLE PARTS & ACCESSORIES,ACCESSORIES,ACC. DESIGN PARTS,Negro,1120,245,131,150,57,,,,,,,,,,,,https://api.mybihr.com/medias/1096147001-1-800Wx800H?context=bWFzdGVyfHJvb3R8Mjc3MzR8aW1hZ2UvanBlZ3xhREZqTDJnd1pDODRPVEExT1RBME5EZzRORGM0THpFd09UWXhORGN3TURFdE1WODRNREJYZURnd01FZ3w0NDZlNzM5ZGZlYWYwNGNkMDQ5MDA1NTFiNGIwMmY3OTFiZDFmM2QyYTVjNjZiNTBhMjNkNDA2ZTIyOWYyNmRi,https://api.mybihr.com/medias/1096147001-2-800Wx800H?context=bWFzdGVyfHJvb3R8Mjc0NDh8aW1hZ2UvanBlZ3xhRGd6TDJnd01DODRPVEExT1RBME9EZ3hOamswTHpFd09UWXhORGN3TURFdE1sODRNREJYZURnd01FZ3w1YzFhYjYyZjJjYTc3YzY1NjRlOGI1ODY3MTY2NGQ1ZmFhOWZkMGNiYTVlMTM4NTUzNjBjYWEyOWY2MzY4MGQ1,,,,https://static.bihr.pro/eBihr/Pictures/GILLES-pictures.zip,Spain Warehouse (Parts)
1096147002,41900157,RGK-470-UF16-SET-S,GILLES,"GILLE FOOT PEGS SPORT, SIL","Estriberas deportivas GILLES TOOLING para pasajero, plata",98.00,80.99,36.45,4251792712428,5,8714919000,0,1,"<ul><li>Ajuste f&aacute;cil, elegancia y comodidad&nbsp;</li><li>La manera m&aacute;s f&aacute;cil de modificar la posici&oacute;n original de la estribera</li><li>Juntas articuladas para piloto y pasajero</li><li>Comb&iacute;nala con la gama de estriberas disponible</li><li>Escoge entre 24 posiciones distintas</li><li>Ajuste de 360&deg;.</li></ul><p>&nbsp;</p>","Ajuste fácil, elegancia y comodidad La manera más fácil de modificar la posición original de la estriberaJuntas articuladas para piloto y pasajeroCombínala con la gama de estriberas disponibleEscoge entre 24 posiciones distintasAjuste de 360°.
 ",VEHICLE PARTS & ACCESSORIES,ACCESSORIES,ACC. DESIGN PARTS,Plata,1024,240,127,144,56,,,,,,,,,,,,https://api.mybihr.com/medias/1096147002-1-800Wx800H?context=bWFzdGVyfHJvb3R8MjA4NDd8aW1hZ2UvanBlZ3xhREUzTDJnNU1pODRPVE13TkRZek5URTBOalUwTHpFd09UWXhORGN3TURJdE1WODRNREJYZURnd01FZ3xkNDA3Y2RiMTZlNGE3OGM3M2YxYzIwODgyM2JmNjQ1YTlmYzEyMTk3M2ZjYWEyNmIwNzk4N2FmNjIwODA5NjRk,https://api.mybihr.com/medias/1096147002-2-800Wx800H?context=bWFzdGVyfHJvb3R8Mjc0NDh8aW1hZ2UvanBlZ3xhR1UzTDJnNU9DODRPVE13TkRZek56RXhNall5THpFd09UWXhORGN3TURJdE1sODRNREJYZURnd01FZ3xlMTRlM2U0YzI0NTQxYjcwN2I0MDU2NDM0YmM3NmRhNjJkNGY3ZGU1MmUzNWQ2ZTUzYjM0NGVkZmNjZTQyYmQ3,,,,https://static.bihr.pro/eBihr/Pictures/GILLES-pictures.zip,Spain Warehouse (Parts)
1096158002,41900181,RGK-570-UF16-SET-S,GILLES,"GILLE FOOT PEGS SPORT, SIL","Estriberas deportivas Gilles Tooling para pasajero, plata",70.00,57.85,23.14,4251792712763,7,8714919000,0,1,"<ul><li>Ajuste fácil, elegancia y comodidad </li><li>La manera más fácil de modificar la posición original de la estribera</li><li>Juntas articuladas para piloto y pasajero</li><li>Combínala con la gama de estriberas disponible</li><li>Escoge entre 24 posiciones distintas</li><li>Ajuste de 360°.</li></ul><p> </p>""""""","Ajuste fácil, elegancia y comodidad La manera más fácil de modificar la posición original de la estriberaJuntas articuladas para piloto y pasajeroCombínala con la gama de estriberas disponibleEscoge entre 24 posiciones distintasAjuste de 360°.
 """"""",VEHICLE PARTS & ACCESSORIES,ACCESSORIES,ACC. DESIGN PARTS,Plata,1161,291,129,150,60,,,,,,,,,,,,https://api.mybihr.com/medias/1096158002-1-800Wx800H?context=bWFzdGVyfHJvb3R8MjA4NDd8aW1hZ2UvanBlZ3xhR05qTDJnd09TODRPVEExT1RBNU5qQXdNamcyTHpFd09UWXhOVGd3TURJdE1WODRNREJYZURnd01FZ3wyYmY5NGQ3ZDc5OGE2NjhlNDg5YzM5MzY4OWU1NGExMmU4ZTlmODA1MjQ5ZTg3NmRhZTUxNDhlZTk3YTNiNTg0,https://api.mybihr.com/medias/1096158002-2-800Wx800H?context=bWFzdGVyfHJvb3R8Mjc0NDh8aW1hZ2UvanBlZ3xhREE1TDJneE5TODRPVEExT1RBNU9Ua3pOVEF5THpFd09UWXhOVGd3TURJdE1sODRNREJYZURnd01FZ3w1MGJlNTRhNmE1YjEwNDQwMjc5N2Y2NWU4MWEyMTEyY2Q5ZTg5M2MwZDljMDhjNzcwOTYxNDE3ZjI2ZmU3NGU4,,,,https://static.bihr.pro/eBihr/Pictures/GILLES-pictures.zip,Spain Warehouse (Parts)
1096158001,41900180,RGK-570-UF16-SET-B,GILLES,"GILLE FOOT PEGS SPORT, BLK","Estriberas deportivas Gilles Tooling para pasajero, negro",98.00,80.99,32.40,41900180,6,8714919000,0,1,"<ul><li>Ajuste fácil, elegancia y comodidad </li><li>La manera más fácil de modificar la posición original de la estribera</li><li>Juntas articuladas para piloto y pasajero</li><li>Combínala con la gama de estriberas disponible</li><li>Escoge entre 24 posiciones distintas</li><li>Ajuste de 360°.</li></ul><p> </p>""""""","Ajuste fácil, elegancia y comodidad La manera más fácil de modificar la posición original de la estriberaJuntas articuladas para piloto y pasajeroCombínala con la gama de estriberas disponibleEscoge entre 24 posiciones distintasAjuste de 360°.
 """"""",VEHICLE PARTS & ACCESSORIES,ACCESSORIES,ACC. DESIGN PARTS,Negro,1096,267,129,149,57,,,,,,,,,,,,https://api.mybihr.com/medias/1096158001-1-800Wx800H?context=bWFzdGVyfHJvb3R8Mjc3MzR8aW1hZ2UvanBlZ3xhR1ZtTDJoa1pDODRPVFUzTWpRMU5EZzVNVGd5THpFd09UWXhOVGd3TURFdE1WODRNREJYZURnd01FZ3w4MDQ0OTlhYWU0NzJiNDhiOTFiMmExYTlkNTZhY2Q4NTFhZTBjODEyZGY5M2ZiNGVlMDFmN2M0NTA5MDUxMjc2,https://api.mybihr.com/medias/1096158001-2-800Wx800H?context=bWFzdGVyfHJvb3R8Mjc0NDh8aW1hZ2UvanBlZ3xhRFJsTDJoa01DODRPVFUzTWpRMU9EZ3lNems0THpFd09UWXhOVGd3TURFdE1sODRNREJYZURnd01FZ3w1MjU1ZWJlZmUxNTUyYTBhYjk0OTk1YTAxZDY4YzBiZjM2OGUwNTczZDkzMmJlNTI1MmVjNWU3ODJkZDNlYTNm,,,,https://static.bihr.pro/eBihr/Pictures/GILLES-pictures.zip,Spain Warehouse (Parts)
1096169001,41900205,RGK-680-UF16-SET-B,GILLES,"GILLE FOOT PEGS SPORT, BLK","Estriberas deportivas Gilles Tooling para piloto, negro",98.00,80.99,32.40,4251792713104,7,8714919000,0,1,"<ul><li><p>Ajuste fácil, elegancia y comodidad </p></li><li><p>La manera más fácil de modificar la posición original de la estribera</p></li><li><p>Juntas articuladas para piloto y pasajero</p></li><li><p>Combínala con la gama de estriberas disponible</p></li><li><p>Escoge entre 24 posiciones distintas</p></li><li><p>Ajuste de 360°.</p><p> </p></li></ul>""""""","Ajuste fácil, elegancia y comodidad La manera más fácil de modificar la posición original de la estriberaJuntas articuladas para piloto y pasajeroCombínala con la gama de estriberas disponibleEscoge entre 24 posiciones distintasAjuste de 360°. """"""",VEHICLE PARTS & ACCESSORIES,ACCESSORIES,ACC. DESIGN PARTS,Negro,1135,256,131,152,57,,,,,,,,,,,,https://api.mybihr.com/medias/1096169001-1-800Wx800H?context=bWFzdGVyfHJvb3R8Mjc3MzR8aW1hZ2UvanBlZ3xhREV4TDJobU55ODRPVFEzTmpnek5UVTNOREEyTHpFd09UWXhOamt3TURFdE1WODRNREJYZURnd01FZ3xhYTU3NDZiMzJhM2RkNDEwYjA3ZDk3NTI4MzRjYTU1YzQ0ZDdkMzA3Yzc1MjJiNGM1ZTA1MmI3OGQ2Y2UxYzZh,https://api.mybihr.com/medias/1096169001-2-800Wx800H?context=bWFzdGVyfHJvb3R8Mjc0NDh8aW1hZ2UvanBlZ3xhRGN3TDJobE9TODRPVFEzTmpnek9UVXdOakl5THpFd09UWXhOamt3TURFdE1sODRNREJYZURnd01FZ3xlZTczNTA2Njk1OWU4NjQ3MjA2ZmRmZjExNWE0NTA5NmM1MjE0MjQ4YWEwNjgxNDg4MDhmMDI0MjY2MzQyODYx,,,,https://static.bihr.pro/eBihr/Pictures/GILLES-pictures.zip,Spain Warehouse (Parts)
1096180001,41900226,RGK-930-UF16-SET-B,GILLES,"GILLE FOOT PEGS SPORT, BLK","Estriberas deportivas Gilles Tooling para piloto / pasajero, negro",98.00,80.99,36.45,4251792713418,4,8714919000,0,1,"<ul><li><p>Ajuste fácil, elegancia y comodidad </p></li><li><p>La manera más fácil de modificar la posición original de la estribera</p></li><li><p>Juntas articuladas para piloto y pasajero</p></li><li><p>Combínala con la gama de estriberas disponible</p></li><li><p>Escoge entre 24 posiciones distintas</p></li><li><p>Ajuste de 360°.</p><p> </p></li></ul>""""""","Ajuste fácil, elegancia y comodidad La manera más fácil de modificar la posición original de la estriberaJuntas articuladas para piloto y pasajeroCombínala con la gama de estriberas disponibleEscoge entre 24 posiciones distintasAjuste de 360°. """"""",VEHICLE PARTS & ACCESSORIES,ACCESSORIES,ACC. DESIGN PARTS,Negro,1210,279,131,154,60,,,,,,,,,,,,https://api.mybihr.com/medias/1096180001-1-800Wx800H?context=bWFzdGVyfHJvb3R8Mjc3MzR8aW1hZ2UvanBlZ3xhR1UzTDJnNE5pODRPVFF5TmpRMk5EWXdORFEyTHpFd09UWXhPREF3TURFdE1WODRNREJYZURnd01FZ3wyNjk0ZTk3MTZkMWIzZGJmZDQwMGY0ODNjZGY3ZTc2MTE5MGM0MzE1MWY2YjdmMjM5Y2E0ZGViNDAyZjBhNDc5,https://api.mybihr.com/medias/1096180001-2-800Wx800H?context=bWFzdGVyfHJvb3R8Mjc0NDh8aW1hZ2UvanBlZ3xhRFZoTDJnM09TODRPVFF5TmpRMk9EVXpOall5THpFd09UWXhPREF3TURFdE1sODRNREJYZURnd01FZ3w1OTVjZWM4YTA0NmZiNjYzMmQ1MjE0NGY5ZTc2ZjgxMzU1MmJhNGUyYWYyNDlmZDlhMzk1ZWU0MzU2M2IzZTU1,,,,https://static.bihr.pro/eBihr/Pictures/GILLES-pictures.zip,Spain Warehouse (Parts)
1096180002,41900227,RGK-930-UF16-SET-S,GILLES,"GILLE FOOT PEGS SPORT, SIL","Estriberas deportivas Gilles Tooling para piloto / pasajero, plata",98.00,80.99,36.45,4251792713425,4,8714919000,0,1,"<ul><li><p>Ajuste fácil, elegancia y comodidad </p></li><li><p>La manera más fácil de modificar la posición original de la estribera</p></li><li><p>Juntas articuladas para piloto y pasajero</p></li><li><p>Combínala con la gama de estriberas disponible</p></li><li><p>Escoge entre 24 posiciones distintas</p></li><li><p>Ajuste de 360°.</p><p> </p></li></ul>""""""","Ajuste fácil, elegancia y comodidad La manera más fácil de modificar la posición original de la estriberaJuntas articuladas para piloto y pasajeroCombínala con la gama de estriberas disponibleEscoge entre 24 posiciones distintasAjuste de 360°. """"""",VEHICLE PARTS & ACCESSORIES,ACCESSORIES,ACC. DESIGN PARTS,Plata,1096,264,129,149,57,,,,,,,,,,,,https://api.mybihr.com/medias/1096180002-1-800Wx800H?context=bWFzdGVyfHJvb3R8MjA4NDd8aW1hZ2UvanBlZ3xhR0psTDJnd1pDODRPVEExT1RFM01EY3hNemt3THpFd09UWXhPREF3TURJdE1WODRNREJYZURnd01FZ3wzYTk3MDkxNDA0MzQ5MmU5NmIyZDIzY2EzZjY5N2RmN2M5NmQ5OTZjMzliMjM4NGIyYTg2MTcwNDNkNDkxNjM2,https://api.mybihr.com/medias/1096180002-2-800Wx800H?context=bWFzdGVyfHJvb3R8Mjc0NDh8aW1hZ2UvanBlZ3xhRE13TDJnd01DODRPVEExT1RFM05EWTBOakEyTHpFd09UWXhPREF3TURJdE1sODRNREJYZURnd01FZ3wyODA0OGJlYTAzNzliN2FkMTk2ODc5MTRkNTRiYzE2OGI1NmYzZmZjYjI3NDk2NDYyZGRlMDNkNzQyYWQzNTA3,,,,https://static.bihr.pro/eBihr/Pictures/GILLES-pictures.zip,Spain Warehouse (Parts)
1106487,,RCT-BM11-B-KIT-B,GILLES,"GILLE BRAKE PEDAL KIT, BLK",Pedal de freno GILLES,99.00,81.82,36.82,4251792700425,1,8714109090,0,1,<p>This set allows to find a perfect postion for all needs.&nbsp;</p>,"
This set allows to find a perfect postion for all needs. ",VEHICLE PARTS & ACCESSORIES,ACCESSORIES,ACC. DESIGN PARTS,,2134,393,287,126,59,,,,,,,,,,,,https://api.mybihr.com/medias/1106487-1-800Wx800H?context=bWFzdGVyfHJvb3R8NTEzNjF8aW1hZ2UvanBlZ3xhRFZsTDJneU1DOHhNakUwTVRreE56Z3pNVEU1T0M4eE1UQTJORGczTFRGZk9EQXdWM2c0TURCSXw2NzJiODlhZDI2MjQ4ZTJmMzA4NGU5N2FjODYxOTMxMWYyZDhlNmNiMzIxN2VkNzQxZTlhNTczYmViMDQ5MzJm,https://api.mybihr.com/medias/1106487-2-800Wx800H?context=bWFzdGVyfHJvb3R8MjcyNDcyfGltYWdlL2pwZWd8YUdSaEwyZ3pOQzh4TWpFME1Ua3hPREl5TkRReE5DOHhNVEEyTkRnM0xUSmZPREF3VjNnNE1EQkl8ZjQ3NWJiNzY3M2FiNmQ1OGVkYWM2OTVlYTAxMmJmYzg4NzM5ZTVjZGEzZDMwOTc0ZDVhMDA2ZWIxM2FiNGJjMw,,,,https://static.bihr.pro/eBihr/Pictures/GILLES-pictures.zip,Spain Warehouse (Parts)
1096206001,6190039301,RCK-04-B,GILLES,"GILLE COVER SET RACE KIT, BLK","Kit de tapas para circuito Gilles Tooling (retrovisores + guardabarros), negro",130.00,107.44,48.35,RCK-04-B,3,8714919000,0,1,"<ul><li><p>Los elegantes recambios de Gilles conjugan la apariencia y el estilo con la utilidad</p></li><li><p>Además, estas tapas sirven también como puntos de montaje para estriberas, espejos o soportes de matrícula</p></li><li><p>La utilidad siempre es un detalle importante, y con estas tapas los puntos de montaje abiertos estarán protegidos contra la suciedad y la humedad.</p></li></ul>""""""","Los elegantes recambios de Gilles conjugan la apariencia y el estilo con la utilidadAdemás, estas tapas sirven también como puntos de montaje para estriberas, espejos o soportes de matrículaLa utilidad siempre es un detalle importante, y con estas tapas los puntos de montaje abiertos estarán protegidos contra la suciedad y la humedad.""""""",VEHICLE PARTS & ACCESSORIES,ACCESSORIES,ACC. DESIGN PARTS,Negro,1079,240,85,235,54,,Negro,,,,,,,,,,https://api.mybihr.com/medias/1096206001-1-800Wx800H?context=bWFzdGVyfHJvb3R8ODc1NDI2fGltYWdlL2pwZWd8YURnNUwyZzJPQzg0T1RBMU9USTJOVEE0TlRjMEx6RXdPVFl5TURZd01ERXRNVjg0TURCWGVEZ3dNRWd8YjdhZDc5M2ZkZmE0YjZiODBiMTY1ODgyNTM3YmMzMDRiNzk2OTJmODEyMmUyMzNhZmM3OTM0MDJhYWI5MzQ2NQ,https://api.mybihr.com/medias/1096206001-2-800Wx800H?context=bWFzdGVyfHJvb3R8ODYxMTh8aW1hZ2UvanBlZ3xhREk1TDJnM05pODRPVEExT1RJMk9UQXhOemt3THpFd09UWXlNRFl3TURFdE1sODRNREJYZURnd01FZ3xiMDkxY2Y1ZjJjMDQwODkwNmJlY2U4MzA2YTYxMDM5YTgyNDQzZDhkODlmOTg0NmI4ZmIyMWMyNzM3NTAxMDMw,https://api.mybihr.com/medias/1096206001-3-800Wx800H?context=bWFzdGVyfHJvb3R8MTI4NTkwfGltYWdlL2pwZWd8YURFekwyaGpPUzg0T1RBMU9USTNNamsxTURBMkx6RXdPVFl5TURZd01ERXRNMTg0TURCWGVEZ3dNRWd8MWNlMGY5NTVmYTI3MDVlMjE0OThkYTAyYWE4ZDJkNzAzM2MzOGZlZmE1Njc3MTYwMjg4MTU1NzNmMDhhZGE3Mg,https://api.mybihr.com/medias/1096206001-4-800Wx800H?context=bWFzdGVyfHJvb3R8ODc2OTN8aW1hZ2UvanBlZ3xhR0V3TDJoa05pODRPVEExT1RJM05qZzRNakl5THpFd09UWXlNRFl3TURFdE5GODRNREJYZURnd01FZ3xlYjIxNjU2NjA0ZDg3NjZlODJkZmIwMmY4Mzc0NDc2Y2NlZmJlZTY4NTY2NWE0ZmQ5Y2E0Yjc5NTIyNDg0MDFj,,https://static.bihr.pro/eBihr/Pictures/GILLES-pictures.zip,Spain Warehouse (Parts)
1096212001,6190036844,BRC-01-KIT-S,GILLES,"GILLE COVER RR BRAKE TANK, SIL, SIL","Tapa depósito líquido de frenos GILLES TOOLING, trasera, plata",50.00,41.32,18.60,4251792700111,5,8714919000,0,1,"<ul><li><p>Recambio f&aacute;cil y r&aacute;pido de la tapa del dep&oacute;sito original, que adem&aacute;s mejorar&aacute; el look de tu moto.&nbsp;</p></li><li><p>Incluye arandelas anodizadas</p></li><li><p>Colores de las arandelas: rojo, azul, plateado, dorado</p></li><li><p>Montaje f&aacute;cil y r&aacute;pido</p></li><li><p>Elaborada mediante mecanizado CNC</p></li><li><p>Apariencia discreta de la superficie, anodizada en color negro</p></li><li><p>Logotipo grabado a l&aacute;ser.</p><p>&nbsp;</p></li></ul>","Recambio fácil y rápido de la tapa del depósito original, que además mejorará el look de tu moto. Incluye arandelas anodizadasColores de las arandelas: rojo, azul, plateado, doradoMontaje fácil y rápidoElaborada mediante mecanizado CNCApariencia discreta de la superficie, anodizada en color negroLogotipo grabado a láser. ",VEHICLE PARTS & ACCESSORIES,ACCESSORIES,ACC. DESIGN PARTS,Plata,475,10,80,135,44,,Plata,,,,,,,,,,https://api.mybihr.com/medias/1096212001-1-800Wx800H?context=bWFzdGVyfHJvb3R8MTc5NTQ0fGltYWdlL2pwZWd8YURjMkwyaGxZUzg0T1RReU5qVTRNalUyT1RJMkx6RXdPVFl5TVRJd01ERXRNVjg0TURCWGVEZ3dNRWd8MzA2MTMxY2NlOGZjOWYwYWM0Y2JhZDg0NGZiOWYyZGMxMGFkYzZhMGMxNDFiM2E2Nzc1ZmFiYjM5MzBiZWVlNA,,,,,https://static.bihr.pro/eBihr/Pictures/GILLES-pictures.zip,Spain Warehouse (Parts)
1096209001,6190039501,RCK-06-B,GILLES,"GILLE COVER SET RACE KIT, BLK","Kit de tapas para circuito GILLES TOOLING (retrovisores + guardabarros), negro",140.00,115.70,52.07,RCK-06-B,1,8714919000,0,1,"<ul><li><p>Los elegantes recambios de Gilles conjugan la apariencia y el estilo con la utilidad</p></li><li><p>Adem&aacute;s, estas tapas sirven tambi&eacute;n como puntos de montaje para estriberas, espejos o soportes de matr&iacute;cula</p></li><li><p>La utilidad siempre es un detalle importante, y con estas tapas los puntos de montaje abiertos estar&aacute;n protegidos contra la suciedad y la humedad.</p></li></ul>","Los elegantes recambios de Gilles conjugan la apariencia y el estilo con la utilidadAdemás, estas tapas sirven también como puntos de montaje para estriberas, espejos o soportes de matrículaLa utilidad siempre es un detalle importante, y con estas tapas los puntos de montaje abiertos estarán protegidos contra la suciedad y la humedad.",VEHICLE PARTS & ACCESSORIES,ACCESSORIES,ACC. DESIGN PARTS,Negro,1034,360,126,144,57,,Negro,,,,,,,,,,https://api.mybihr.com/medias/1096209001-2-800Wx800H?context=bWFzdGVyfHJvb3R8MzEyODEyfGltYWdlL2pwZWd8YUdSa0wyZzJPQzg0T1RNMk5qZzNNemN3TWpjd0x6RXdPVFl5TURrd01ERXRNbDg0TURCWGVEZ3dNRWd8NjkwZDYyODk0MzZkZTIyNjZjOTk0ZTNhZjhmYWUyNGQyMDRmYjc5ODJkZGZmNzQ1ZTI2Y2NhMDBiYjhjOWNkYw,https://api.mybihr.com/medias/1096209001-3-800Wx800H?context=bWFzdGVyfHJvb3R8MTkyMDQ3fGltYWdlL2pwZWd8YURSbUwyZzFZaTg0T1RNMk5qZzNOell6TkRnMkx6RXdPVFl5TURrd01ERXRNMTg0TURCWGVEZ3dNRWd8OGIxZDE2OTFjNDllODNkYmIwNTg3MTQzNGFkYjY1NDVkNDZmNTJiOTUwMDk0ZWVmYmI4YjhmZGVlNDA4NDcxMg,https://api.mybihr.com/medias/1096209001-4-800Wx800H?context=bWFzdGVyfHJvb3R8MzQxMDY0fGltYWdlL2pwZWd8YURFMkwyZ3dOaTg0T1RNMk5qZzRNVFUyTnpBeUx6RXdPVFl5TURrd01ERXRORjg0TURCWGVEZ3dNRWd8MDQ5MmQyNDZjNDdlMzQ4NDIxZmEwOTgwOWM5NmM5MDY0MzZiMGRhMjEyZDkyNTYwZDY5NDkxNWMwNjU2MmE1YQ,,,https://static.bihr.pro/eBihr/Pictures/GILLES-pictures.zip,Spain Warehouse (Parts)
1096208001,6190039401,RCK-05-B,GILLES,"GILLE COVER SET RACE KIT, BLK","Kit de tapas para circuito GILLES TOOLING (retrovisores + guardabarros), negro",130.00,107.44,48.35,RCK-05-B,1,8714919000,0,1,"<ul><li><p>Los elegantes recambios de Gilles conjugan la apariencia y el estilo con la utilidad</p></li><li><p>Adem&aacute;s, estas tapas sirven tambi&eacute;n como puntos de montaje para estriberas, espejos o soportes de matr&iacute;cula</p></li><li><p>La utilidad siempre es un detalle importante, y con estas tapas los puntos de montaje abiertos estar&aacute;n protegidos contra la suciedad y la humedad.</p></li></ul>","Los elegantes recambios de Gilles conjugan la apariencia y el estilo con la utilidadAdemás, estas tapas sirven también como puntos de montaje para estriberas, espejos o soportes de matrículaLa utilidad siempre es un detalle importante, y con estas tapas los puntos de montaje abiertos estarán protegidos contra la suciedad y la humedad.",VEHICLE PARTS & ACCESSORIES,ACCESSORIES,ACC. DESIGN PARTS,Negro,1634,240,128,228,56,,Negro,,,,,,,,,,https://api.mybihr.com/medias/800Wx800H-1096208001-1.jpg?context=bWFzdGVyfHJvb3R8MTUxODB8aW1hZ2UvanBlZ3xhR0ZqTDJoak9DOHpORFkyT0RBNU5qazBOakl3Tmk4NE1EQlhlRGd3TUVoZk1UQTVOakl3T0RBd01TMHhMbXB3Wnd8YmMwNmZjOWFiZWFhYWNhNDlkOTM2YzZhYjMzMjViZGNjOTJlZjQwZmZhMzQ0NWI1YTRjMzA5OWQ1Yjg2YzMxNQ,https://api.mybihr.com/medias/800Wx800H-1096208001-2.jpg?context=bWFzdGVyfHJvb3R8NjM5MzN8aW1hZ2UvanBlZ3xhR1EzTDJobE9DOHpORFkyT0RBNU56RTBNamd4TkM4NE1EQlhlRGd3TUVoZk1UQTVOakl3T0RBd01TMHlMbXB3Wnd8YmUyMjYzZTI2YzI3Yzk0OGZjMjcyZWY5ZjQ5MThkY2ExM2I2MDRjMjI2OGVjY2FiNzg2YmYwNDExZTA0N2UzOA,https://api.mybihr.com/medias/800Wx800H-1096208001-3.jpg?context=bWFzdGVyfHJvb3R8NDQwMTV8aW1hZ2UvanBlZ3xhREZoTDJobE1pOHpORFkyT0RBNU56TXpPVFF5TWk4NE1EQlhlRGd3TUVoZk1UQTVOakl3T0RBd01TMHpMbXB3Wnd8NDJjOGE0NTc5NDFlMjQ0NTU5NjA0M2ZhNWQ5ODg0MzRjYTM3NDgwZDc0OGZiODExMTg1NTA2NTgwOGY5NTFmZA,,,https://static.bihr.pro/eBihr/Pictures/GILLES-pictures.zip,Spain Warehouse (Parts)
1096191002,6230021606,VCR-RT-KIT-O,GILLES,"GILLE SPAREPARTS ROTOR, ORG","Embellecedores estriberas GILLES TOOLING VCR38, naranja",40.00,33.06,13.22,4251792714750,7,8714919000,0,1,<ul><li><p>Gracias a este kit puedes darle un toque de color a tus estriberas <strong>Gilles VCR38GT</strong></p></li><li><p>Incluye las cuatro piezas necesarias para el cambio del rotor central en ambos lados.</p><p>&nbsp;</p></li></ul>,Gracias a este kit puedes darle un toque de color a tus estriberas Gilles VCR38GTIncluye las cuatro piezas necesarias para el cambio del rotor central en ambos lados. ,VEHICLE PARTS & ACCESSORIES,ACCESSORIES,ACC. DESIGN PARTS,Naranja,1088,99,129,148,57,,,,,,,,,,,,https://api.mybihr.com/medias/1096191002-1-800Wx800H?context=bWFzdGVyfHJvb3R8MjIxNDJ8aW1hZ2UvanBlZ3xhRE0yTDJobVppODRPVE13TkRnd09EZ3hOamswTHpFd09UWXhPVEV3TURJdE1WODRNREJYZURnd01FZ3wwNGViZGFiZGYzNmRiMzBmYThiMWIyNmVmMjBmYzE4M2QwZWJlMDUwZTcwMTBmMDU4NTA0ZWM2MWJjYmQ4MjBl,https://api.mybihr.com/medias/1096191002-2-800Wx800H?context=bWFzdGVyfHJvb3R8MTMwNTEwMnxpbWFnZS9qcGVnfGFEa3dMMmhoWWk4NE9UTXdORGd4TWpjME9URXdMekV3T1RZeE9URXdNREl0TWw4NE1EQlhlRGd3TUVnfDllNmUyMGZlNzJhYmE3MmFlYmZhMTBmYmVkNTE0MDUzZTE0ZGZjNDFkZGIwZTFkMTQ1N2JmODI5NGVkYjkxMmM,,,,https://static.bihr.pro/eBihr/Pictures/GILLES-pictures.zip,Spain Warehouse (Parts)
1096191003,6230021603,VCR-RT-KIT-R,GILLES,"GILLE SPAREPARTS ROTOR, RED","Embellecedores estriberas GILLES TOOLING VCR38, rojo",40.00,33.06,13.22,VCR-RT-KIT-R,7,8714919000,0,1,<ul><li><p>Gracias a este kit puedes darle un toque de color a tus estriberas <strong>Gilles VCR38GT</strong></p></li><li><p>Incluye las cuatro piezas necesarias para el cambio del rotor central en ambos lados.</p><p>&nbsp;</p></li></ul>,Gracias a este kit puedes darle un toque de color a tus estriberas Gilles VCR38GTIncluye las cuatro piezas necesarias para el cambio del rotor central en ambos lados. ,VEHICLE PARTS & ACCESSORIES,ACCESSORIES,ACC. DESIGN PARTS,Rojo,1096,98,129,149,57,,,,,,,,,,,,https://api.mybihr.com/medias/1096191003-1-800Wx800H?context=bWFzdGVyfHJvb3R8MjEwODd8aW1hZ2UvanBlZ3xhREF5TDJnNVpTODRPVE13TkRneE5qWTRNVEkyTHpFd09UWXhPVEV3TURNdE1WODRNREJYZURnd01FZ3xkY2M4MWM3YzRjODc2NTg5NTE2Y2M1OTcwYWYzZjdjZTVjYTY3NThkMzZhMWY3ZjA3ZjIzMzQ1N2YwYjliOTRi,https://api.mybihr.com/medias/1096191003-2-800Wx800H?context=bWFzdGVyfHJvb3R8MTMwNTEwMnxpbWFnZS9qcGVnfGFHSTJMMmcwT0M4NE9UTXdORGd5TURZeE16UXlMekV3T1RZeE9URXdNRE10TWw4NE1EQlhlRGd3TUVnfDViNTI3YmMxODdmMmM0NmFkMzVmZWVkZmJmNTQ1YWI1YzhiZmMzMWQ0M2I0NjZiZGFkNWZmYTRhNmExOTQ5MmU,,,,https://static.bihr.pro/eBihr/Pictures/GILLES-pictures.zip,Spain Warehouse (Parts)
1096191001,6230021646,VCR-RT-KIT-G,GILLES,"GILLE SPAREPARTS ROTOR, GLD",Embellecedores estriberas GILLES TOOLING VCR38 dorado,40.00,33.06,13.22,VCR-RT-KIT-G,6,8714919000,0,1,<ul><li><p>Gracias a este kit puedes darle un toque de color a tus estriberas <strong>Gilles VCR38GT</strong></p></li><li><p>Incluye las cuatro piezas necesarias para el cambio del rotor central en ambos lados.</p><p>&nbsp;</p></li></ul>,Gracias a este kit puedes darle un toque de color a tus estriberas Gilles VCR38GTIncluye las cuatro piezas necesarias para el cambio del rotor central en ambos lados. ,VEHICLE PARTS & ACCESSORIES,ACCESSORIES,ACC. DESIGN PARTS,Dorado,475,10,80,135,44,,,,,,,,,,,,https://api.mybihr.com/medias/1096191001-1-800Wx800H?context=bWFzdGVyfHJvb3R8MjA1MDV8aW1hZ2UvanBlZ3xhREE0TDJobE5DODRPVE13TkRnd01EazFNall5THpFd09UWXhPVEV3TURFdE1WODRNREJYZURnd01FZ3w5ZmI2YmU5ZTUzZmY3N2QxMTAzYTI5ZWQwOTE4M2RjNTJiMDE5NGRhYmIzNDUwNDQ3YzFiOGZkYjlkMjhjNTFm,https://api.mybihr.com/medias/1096191001-2-800Wx800H?context=bWFzdGVyfHJvb3R8MTMwNTEwMnxpbWFnZS9qcGVnfGFEazFMMmhtTVM4NE9UTXdORGd3TkRnNE5EYzRMekV3T1RZeE9URXdNREV0TWw4NE1EQlhlRGd3TUVnfGFmMjU0MWMyMDUxOWYzZGE4OGIxNTFmZmQ1ZDAyYzJkMDVhZWJkM2Q5MDM5MmQzNDZlNWEyNzU4ODI4YTc4MmI,,,,https://static.bihr.pro/eBihr/Pictures/GILLES-pictures.zip,Spain Warehouse (Parts)
1096191004,6230021644,VCR-RT-KIT-S,GILLES,"GILLE SPAREPARTS ROTOR, SIL","Embellecedores estriberas GILLES TOOLING VCR38, plata",40.00,33.06,13.22,4251792714743,7,8714919000,0,1,<ul><li><p>Gracias a este kit puedes darle un toque de color a tus estriberas <strong>Gilles VCR38GT</strong></p></li><li><p>Incluye las cuatro piezas necesarias para el cambio del rotor central en ambos lados.</p><p>&nbsp;</p></li></ul>,Gracias a este kit puedes darle un toque de color a tus estriberas Gilles VCR38GTIncluye las cuatro piezas necesarias para el cambio del rotor central en ambos lados. ,VEHICLE PARTS & ACCESSORIES,ACCESSORIES,ACC. DESIGN PARTS,Plata,475,10,80,135,44,,,,,,,,,,,,https://api.mybihr.com/medias/1096191004-1-800Wx800H?context=bWFzdGVyfHJvb3R8MTYzODd8aW1hZ2UvanBlZ3xhRE5oTDJnelpTODRPVE13TkRneU16ZzVNREl5THpFd09UWXhPVEV3TURRdE1WODRNREJYZURnd01FZ3wwZjg3ZTZmODcyN2I1ZmE2NmVjYzNmNmJkMjY1M2RkZDVjYjBmNWUyMzE5YjYwNWUzNGI5MThhODFiZjIzNzg3,https://api.mybihr.com/medias/1096191004-2-800Wx800H?context=bWFzdGVyfHJvb3R8MTMwNTEwMnxpbWFnZS9qcGVnfGFEWmhMMmd6Tnk4NE9UTXdORGd5TlRnMU5qTXdMekV3T1RZeE9URXdNRFF0TWw4NE1EQlhlRGd3TUVnfDE1M2IyZWQwZTcyODQyNjA3NTZkNWJhNTFlYzBlODNkODJkMTMyYjE4YWM0ZWI5ZTUyZGY3NzNjNDRlYWM2MjU,,,,https://static.bihr.pro/eBihr/Pictures/GILLES-pictures.zip,Spain Warehouse (Parts)
1091904,4150011001,US-03-RK-B,GILLES,"GILLE LEVER SHIFT, BLK","Pedal de cambio GILLES, negro",130.00,107.44,48.35,4251792700234,2,8714919000,0,1,<ul><li>Black</li></ul>,Black,VEHICLE PARTS & ACCESSORIES,ACCESSORIES,ACC. DESIGN PARTS,,1048,280,85,237,52,,Negro,,,,,,,,,,https://api.mybihr.com/medias/1091904-1-800Wx800H?context=bWFzdGVyfHJvb3R8MTEzMDk0fGltYWdlL2pwZWd8YURVMEwyZ3paQzg0T0RjM01UTXlPREE0TWpJeUx6RXdPVEU1TURRdE1WODRNREJYZURnd01FZ3xkNmJmZTY1OWIzY2YxMjViZmNkMzI1NjkzNDAwYzBlNzg4ZDc1MjdhZTE4YmNhYzE2M2ZlMzM5MDU0ZDBhOWEy,,,,,https://static.bihr.pro/eBihr/Pictures/GILLES-pictures.zip,Spain Warehouse (Parts)
1091889,41800071,SHIHO-SC50-KIT-T,GILLES,"GILLE SHIFT HOLDER KIT, TIT","Kit estabilización caja de cambios GILLES, titanio",99.99,82.64,37.19,SHIHO-SC50-KIT-T,3,8714919000,0,1,"<ul><li>Innovador kit de estabilización de la caja de cambios </li><li>Te permite cambiar de marcha de manera directa, fácil y rápida</li><li>Válido también para cambio de marchas inverso</li><li>Completamente innovador</li><li>Acabado anodizado sólido, en color titanio.</li></ul><p> </p>""""""","Innovador kit de estabilización de la caja de cambios Te permite cambiar de marcha de manera directa, fácil y rápidaVálido también para cambio de marchas inversoCompletamente innovadorAcabado anodizado sólido, en color titanio.
 """"""",VEHICLE PARTS & ACCESSORIES,ACCESSORIES,ACC. DESIGN PARTS,,1110,194,129,151,57,,Titanio,,,,,,,,,,https://api.mybihr.com/medias/1091889-1-800Wx800H?context=bWFzdGVyfHJvb3R8NDYyNDh8aW1hZ2UvanBlZ3xhRGRoTDJnM01TODRPVEk1TmpFeU5qSTNPVGs0THpFd09URTRPRGt0TVY4NE1EQlhlRGd3TUVnfDc3MzFjOTRhMDEzZWQyMTk0YjdkODJhNzRjNWRiMzRmNjdjN2I5YzQyNGJkZjViMGYyMWIzNzAzZDMzNzQ1M2Y,https://api.mybihr.com/medias/1091889-2-800Wx800H?context=bWFzdGVyfHJvb3R8MTIwNTAwfGltYWdlL2pwZWd8YURSaEwyZzNPQzg0T1RJNU5qRXlPREkwTmpBMkx6RXdPVEU0T0RrdE1sODRNREJYZURnd01FZ3wzOThmZTkxZjVlMzAzOTQyZjJiOGVhMjNiNzE5MzhkMGY5ZmU4ZmQ4MGQ4ZjczMDUyYzQyOTE2N2Q4ZGJmYjlh,,,,https://static.bihr.pro/eBihr/Pictures/GILLES-pictures.zip,Spain Warehouse (Parts)
1091816,4150010001,MPCL-02-B,GILLES,"GILLE LEVER CLUTCH MPL, BLK","Maneta de embrague GILLES MPL, negro",199.00,164.46,74.01,MPCL-02-B,1,8714919000,0,1,"<ul><li><p>Manejo excelente</p></li><li><p>Con una holgura fuera de lo común, gracias a sus rodamientos dobles, es la maneta más famosa en el mundo</p></li><li><p>Se puede ajustar el ratio entre la maneta y la respuesta de los embragues con cable tipo <strong>Bowden</strong></p></li><li><p>Maneta plegable</p></li><li><p>Diseño limpio, con forma y longitud óptimas para el manejo</p></li><li><p>Con las mejores prestaciones en cuanto a precisión y respuesta</p></li><li><p>La longitud de la maneta es fácil de ajustar.</p><p> </p></li></ul>""""""","Manejo excelenteCon una holgura fuera de lo común, gracias a sus rodamientos dobles, es la maneta más famosa en el mundoSe puede ajustar el ratio entre la maneta y la respuesta de los embragues con cable tipo BowdenManeta plegableDiseño limpio, con forma y longitud óptimas para el manejoCon las mejores prestaciones en cuanto a precisión y respuestaLa longitud de la maneta es fácil de ajustar. """"""",VEHICLE PARTS & ACCESSORIES,ACCESSORIES,ACC. DESIGN PARTS,,2064,280,128,288,56,,Negro,,,,,,,,,,https://api.mybihr.com/medias/1091816-1-800Wx800H?context=bWFzdGVyfHJvb3R8MTEyMDY3fGltYWdlL2pwZWd8YURobEwyaGpOaTg0T1RBMU1UZzBPREEwT0RrMEx6RXdPVEU0TVRZdE1WODRNREJYZURnd01FZ3xkNjQxMjExNjlhMzNhMzkxYWFkYTJhMDlhOTc2M2U0ZmI1OTMzZWFiYmJiOThiNzQ2M2Q2MmRmYmEyODI4ODEx,https://api.mybihr.com/medias/1091816-2-800Wx800H?context=bWFzdGVyfHJvb3R8MTE3NDg4fGltYWdlL2pwZWd8YURFeUwyZzNPQzg0T1RBMU1UZzFNREF4TlRBeUx6RXdPVEU0TVRZdE1sODRNREJYZURnd01FZ3w4NDMyZmJiN2YzMTVlZTgyMWRmODJkYTQ3MGRlOTJkMzIxNzNmNjUzMGNjZWJjNjEyZDBkYWY4OWJhYzRmYWI1,,,,https://static.bihr.pro/eBihr/Pictures/GILLES-pictures.zip,Spain Warehouse (Parts)
1096205001,6190039201,RCK-02-B,GILLES,"GILLE COVER SET RACE KIT, BLK","Kit de tapas para circuito Gilles Tooling (retrovisores + guardabarros), negro",82.00,67.77,27.11,RCK-02-B,7,8714919000,0,1,"<ul><li><p>Los elegantes recambios de Gilles conjugan la apariencia y el estilo con la utilidad</p></li><li><p>Además, estas tapas sirven también como puntos de montaje para estriberas, espejos o soportes de matrícula</p></li><li><p>La utilidad siempre es un detalle importante, y con estas tapas los puntos de montaje abiertos estarán protegidos contra la suciedad y la humedad.</p></li></ul>""""""","Los elegantes recambios de Gilles conjugan la apariencia y el estilo con la utilidadAdemás, estas tapas sirven también como puntos de montaje para estriberas, espejos o soportes de matrículaLa utilidad siempre es un detalle importante, y con estas tapas los puntos de montaje abiertos estarán protegidos contra la suciedad y la humedad.""""""",VEHICLE PARTS & ACCESSORIES,ACCESSORIES,ACC. DESIGN PARTS,Negro,1214,154,142,150,57,,Negro,,,,,,,,,,https://api.mybihr.com/medias/1096205001-1-800Wx800H?context=bWFzdGVyfHJvb3R8NjM2NjZ8aW1hZ2UvanBlZ3xhREExTDJoa1lTODRPVE0yTmpnMk1USTFNRGcyTHpFd09UWXlNRFV3TURFdE1WODRNREJYZURnd01FZ3xlYmRlZDYzZmI2OWZiNWY0ZGUwYTg3Zjc0NjhiMjUwNDA1MWU2YmRiOWRjMWJmZTUxYWU1MTBiZjdmZTFjZjYx,https://api.mybihr.com/medias/1096205001-2-800Wx800H?context=bWFzdGVyfHJvb3R8MjE4NjUxfGltYWdlL2pwZWd8YURjM0wyaGpZeTg0T1RNMk5qZzJOVEU0TXpBeUx6RXdPVFl5TURVd01ERXRNbDg0TURCWGVEZ3dNRWd8M2ExMmQ2NTA0ZTRmMTA0ODVjZTQwNWE2YjMwMmIwZmYzMmFkNDgxYTA1NmIzNTAzZDljN2IyOTViY2RkMTc5Nw,https://api.mybihr.com/medias/1096205001-3-800Wx800H?context=bWFzdGVyfHJvb3R8MjQ5NzgxfGltYWdlL2pwZWd8YUdRM0wyaGlaUzg0T1RNMk5qZzJPVEV4TlRFNEx6RXdPVFl5TURVd01ERXRNMTg0TURCWGVEZ3dNRWd8YjYwNDVhOGQwYWNjZWFkOTczMjMwNzc4NmRlNmY3NmM4Yzc3MDZjMjQ1YTdiMzAwMjY1MTUzMjU5MzliYWZkOA,,,https://static.bihr.pro/eBihr/Pictures/GILLES-pictures.zip,Spain Warehouse (Parts)
1091705,4150004101,FXBL-01-B,GILLES,"GILLE LEVER BRAKE FXL, BLK","Maneta de freno GILLES FXL, negro",118.00,97.52,43.88,FXBL-01-B,1,8714919000,0,1,"<ul><li><p>Maneta elegante, de ajuste preciso </p></li><li><p>Forma óptima para todo tipo de frenos</p></li><li><p>Longitud ideal para un control perfecto</p></li><li><p>Homologación TÜV</p></li><li><p>Ajuste hasta en 35 posiciones</p></li><li><p>La longitud de la maneta se puede ajustar con precisión</p></li><li><p>Articulación del freno más allá de los simples dos dedos</p></li><li><p>Ajuste cómodo al manillar</p><p> </p></li></ul>""""""","Maneta elegante, de ajuste preciso Forma óptima para todo tipo de frenosLongitud ideal para un control perfectoHomologación TÜVAjuste hasta en 35 posicionesLa longitud de la maneta se puede ajustar con precisiónArticulación del freno más allá de los simples dos dedosAjuste cómodo al manillar """"""",VEHICLE PARTS & ACCESSORIES,ACCESSORIES,ACC. DESIGN PARTS,,1851,293,51,131,277,,Negro,,,,,,,,,,https://api.mybihr.com/medias/1091705-1-800Wx800H?context=bWFzdGVyfHJvb3R8MTE5MDk3fGltYWdlL2pwZWd8YUdWakwyZzFNQzg0T1RNMk16STROVEkzT1RBeUx6RXdPVEUzTURVdE1WODRNREJYZURnd01FZ3wyNmVjNDM4OTA0NzMxOWM2YTFjYWI0Y2ZhNTRlZmQ3YWNkZDgwMWRjZDg1MTdkNWMyMDBiMTZmMzM2NmQxMjQy,https://api.mybihr.com/medias/1091705-2-800Wx800H?context=bWFzdGVyfHJvb3R8NTYyNjJ8aW1hZ2UvanBlZ3xhREZpTDJnMFlTODRPVE0yTXpJNE56STBOVEV3THpFd09URTNNRFV0TWw4NE1EQlhlRGd3TUVnfGJiMjMxMDcyNWU0YmFjYmM3ZDA3YTg3ODE5ZGQ0NGM4ZWY4NzQ2MGM1NzNkMTgxNzIwYzg1YWNhNTU4ZTdmNjk,https://api.mybihr.com/medias/1091705-3-800Wx800H?context=bWFzdGVyfHJvb3R8OTMzMTN8aW1hZ2UvanBlZ3xhRFJpTDJnME15ODRPVE0yTXpJNE9USXhNVEU0THpFd09URTNNRFV0TTE4NE1EQlhlRGd3TUVnfDAxYzAxMTBlYjU4ZmM0MGYzOWJhZDhjNjhjOTUyM2NhZDhlNWEzNmM4MDhhNzNjODc0MThlMTJlODk5OGZjNjk,https://api.mybihr.com/medias/1091705-4-800Wx800H?context=bWFzdGVyfHJvb3R8NzUyMDJ8aW1hZ2UvanBlZ3xhREZrTDJnd1lpODRPVE0yTXpJNU1URTNOekkyTHpFd09URTNNRFV0TkY4NE1EQlhlRGd3TUVnfDEwYTFiYTlkMWNjMzkwOWU4NmY3MTg3YTNhZmUzN2RhZDcxNGZlMGIyYjVlMDc3NWIwMTMwYWM5NTI1ZWIyYzM,,https://static.bihr.pro/eBihr/Pictures/GILLES-pictures.zip,Spain Warehouse (Parts)
1091825,4460118101,OFC-24-20-B,GILLES,"GILLE CAP OIL FILLER M24X2,0, BLK","Tapón de llenado de aceite GILLES, M24x2, negro",50.00,41.32,18.60,OFC-24-20-B,3,8714919000,0,1,"<ul><li>La alternativa más práctica, de fácil apertura y cierre </li><li>Montaje rápido</li><li>Apertura y cierre fáciles mediante vaso hexagonal</li><li>Aluminio 7075 de grado aeronáutico</li><li>Logotipo grabado a láser</li><li>Arandelas anodizadas en color rojo, azul, plateado y dorado.</li></ul><p> </p>""""""","La alternativa más práctica, de fácil apertura y cierre Montaje rápidoApertura y cierre fáciles mediante vaso hexagonalAluminio 7075 de grado aeronáuticoLogotipo grabado a láserArandelas anodizadas en color rojo, azul, plateado y dorado.
 """"""",VEHICLE PARTS & ACCESSORIES,ACCESSORIES,ACC. DESIGN PARTS,,1034,140,126,144,57,,Negro,,,,,,,,,,https://api.mybihr.com/medias/1091825-1-800Wx800H?context=bWFzdGVyfHJvb3R8NTE4NTR8aW1hZ2UvanBlZ3xhR0V6TDJneE55ODRPVFUyTkRZeU16QXhNakUwTHpFd09URTRNalV0TVY4NE1EQlhlRGd3TUVnfDgxYjRlYjY2YmFhZDE0NjIzZGMwYWFhZWFkM2E4MjNhYzhjZWIyZDlhZTRlN2E1OTJhOWZkZWQ2ZGQ3YjQxOTc,https://api.mybihr.com/medias/1091825-2-800Wx800H?context=bWFzdGVyfHJvb3R8MjEzMTd8aW1hZ2UvanBlZ3xhRE0yTDJneE15ODRPVFUyTkRZeU5EazNPREl5THpFd09URTRNalV0TWw4NE1EQlhlRGd3TUVnfDY5ZDY1NDA5MjI4YjhjYTkxYjYxYzJmMzAxZmJkNjMwZjZhMDMzNGFlNDcyNmY1YzhjOTNjYmE0NTliYWRkNWM,,,,https://static.bihr.pro/eBihr/Pictures/GILLES-pictures.zip,Spain Warehouse (Parts)
1091626,4460117045,ACM-22-15,GILLES,"GILLE NUT REAR WHEEL, TIT","Tuerca de bloqueo trasera GILLES, titanio",95.00,78.51,35.33,ACM-22-15,2,8714919000,0,1,"<ul><li><p>Producto<strong> <em>Patentado </em></strong></p></li><li><p>Innovador sistema de seguridad mediante pasador de bloqueo</p></li><li><p>Fresada a partir de titanio sólido</p></li><li><p>El bloqueo de seguridad muy útil al encajar y hacer fuerza</p></li><li><p>Montaje fácil con una llave normal.</p><p> </p></li></ul>""""""","Producto Patentado Innovador sistema de seguridad mediante pasador de bloqueoFresada a partir de titanio sólidoEl bloqueo de seguridad muy útil al encajar y hacer fuerzaMontaje fácil con una llave normal. """"""",VEHICLE PARTS & ACCESSORIES,ACCESSORIES,ACC. DESIGN PARTS,,1032,120,128,144,56,,Titanio,,,,,,,,,,https://api.mybihr.com/medias/1091626-1-800Wx800H?context=bWFzdGVyfHJvb3R8Mjg4Njd8aW1hZ2UvanBlZ3xhRE15TDJneU5DODRPVEV6TnpZNU1ETTNPRFUwTHpFd09URTJNall0TVY4NE1EQlhlRGd3TUVnfDFiYTM0MTYzNjRmOTg2YjU3YjBjOWYxMzk5MDg3NWM1MDA5MzlkZDk3MDg1ZjBjMDBkYzAyM2VhMDM5OWQ5MTQ,https://api.mybihr.com/medias/1091626-2-800Wx800H?context=bWFzdGVyfHJvb3R8MTUyNTY1fGltYWdlL2pwZWd8YURZeUwyZ3haQzg0T1RFek56WTVNak0wTkRZeUx6RXdPVEUyTWpZdE1sODRNREJYZURnd01FZ3wwODEyMmQ4YjI5MDQ1ZmRhYTY5MTdkYTdmYWE2MmEzN2MzNTNlNTdhMmE4MGJlNDI2YmI0OGI1MjA2NTFmMWMy,https://api.mybihr.com/medias/1091626-3-800Wx800H?context=bWFzdGVyfHJvb3R8OTQxODJ8aW1hZ2UvanBlZ3xhRGt4TDJneE5pODRPVEV6TnpZNU5ETXhNRGN3THpFd09URTJNall0TTE4NE1EQlhlRGd3TUVnfGRmYjUyZTk1NGRkZjVmNWVmODczYTllNTAwOWZkMTFkMWUxMzU4OGY1YWY3MGZhMjdiY2UyNjk4MWVmYTAxZWQ,https://api.mybihr.com/medias/1091626-4-800Wx800H?context=bWFzdGVyfHJvb3R8OTQxNzB8aW1hZ2UvanBlZ3xhR1EwTDJnd1ppODRPVEV6TnpZNU5qSTNOamM0THpFd09URTJNall0TkY4NE1EQlhlRGd3TUVnfDllOWQyNThhYjY4YWJlOGVkNDU5ZjgzZTkwMWQxOTAwZWQxZjMzOGI1MzM1YTdkYmZlOGU1OWQwZmNkNGRhMzk,,https://static.bihr.pro/eBihr/Pictures/GILLES-pictures.zip,Spain Warehouse (Parts)
1091787,4010009501,GPL2-460-B,GILLES,"GILLE HANDLEBAR CLIP ON BAR FIXED, BLK",Semimanillar GILLES GPL2 - 46mm negro,199.00,164.46,74.01,GPL2-460-B,2,8714919000,0,1,"<ul>  <li>  <p>Manillar muy ligero</p>  <li>  <p>Fabricación sólida y sofisticada</p>  <li>  <p>Duradero y sumamente ligero (246 g)</p>  <li>  <p>Ángulo de inclinación fijo a 6°, ideal para cualquiera de tus   necesidades</p>  <li>  <p>Tubos intercambiables fácilmente</p>  <li>  <p>Contrapesos manillar disponibles para extender los tubos.</p>  <p>&nbsp;</p></li></ul>","    Manillar muy ligero    Fabricación sólida y sofisticada    Duradero y sumamente ligero (246 g)    Ángulo de inclinación fijo a 6°, ideal para cualquiera de tus   necesidades    Tubos intercambiables fácilmente    Contrapesos manillar disponibles para extender los tubos.   ",VEHICLE PARTS & ACCESSORIES,ACCESSORIES,ACC. DESIGN PARTS,,2221,780,150,315,47,,Negro,,,,,,,,,,https://api.mybihr.com/medias/1091787-1-800Wx800H?context=bWFzdGVyfHJvb3R8ODEzMDd8aW1hZ2UvanBlZ3xhREUxTDJnME1DODRPVFF4T1RVM016UTVOREEyTHpFd09URTNPRGN0TVY4NE1EQlhlRGd3TUVnfDVlOTQyNWYxMWExNDY4MzVlNTQ5MzlhZjc3MzJjNzI0NDNkNmQwNTQzZDEzYWU2ZDkzOThiNTM5ZDk5YjNmYTI,,,,,https://static.bihr.pro/eBihr/Pictures/GILLES-pictures.zip,Spain Warehouse (Parts)
1091886,41800068,SHIHO-CY-KIT-T,GILLES,"GILLE SHIFT HOLDER KIT, TIT","Kit estabilización caja de cambios GILLES, titanio",99.99,82.64,37.19,4251792713746,2,8714919000,0,1,"<ul><li>Innovador kit de estabilización de la caja de cambios </li><li>Te permite cambiar de marcha de manera directa, fácil y rápida</li><li>Válido también para cambio de marchas inverso</li><li>Completamente innovador</li><li>Acabado anodizado sólido, en color titanio.</li></ul><p> </p>""""""","Innovador kit de estabilización de la caja de cambios Te permite cambiar de marcha de manera directa, fácil y rápidaVálido también para cambio de marchas inversoCompletamente innovadorAcabado anodizado sólido, en color titanio.
 """"""",VEHICLE PARTS & ACCESSORIES,ACCESSORIES,ACC. DESIGN PARTS,,1103,129,129,150,57,,Titanio,,,,,,,,,,https://api.mybihr.com/medias/1091886-2-800Wx800H?context=bWFzdGVyfHJvb3R8ODQwNzV8aW1hZ2UvanBlZ3xhRGsyTDJnek5pODRPRGMzTVRNeU5qRXhOakUwTHpFd09URTRPRFl0TWw4NE1EQlhlRGd3TUVnfGE4ZGY0Njc1OTcwNDU2MzEwNWMyNzNkODUwZjhiMTQ2ODJlNmFmZjc0M2FiMWVmYmMyOTM4ZDliOTBmNjQ4YTc,,,,,https://static.bihr.pro/eBihr/Pictures/GILLES-pictures.zip,Spain Warehouse (Parts)
1091884,41800066,SHIHO-B6-KIT-T,GILLES,"GILLE SHIFT HOLDER KIT, TIT","Kit estabilización caja de cambios GILLES, titanio",99.99,82.64,37.19,SHIHO-B6-KIT-T,1,8714919000,0,1,"<ul><li>Innovador kit de estabilización de la caja de cambios </li><li>Te permite cambiar de marcha de manera directa, fácil y rápida</li><li>Válido también para cambio de marchas inverso</li><li>Completamente innovador</li><li>Acabado anodizado sólido, en color titanio.</li></ul><p> </p>""""""","Innovador kit de estabilización de la caja de cambios Te permite cambiar de marcha de manera directa, fácil y rápidaVálido también para cambio de marchas inversoCompletamente innovadorAcabado anodizado sólido, en color titanio.
 """"""",VEHICLE PARTS & ACCESSORIES,ACCESSORIES,ACC. DESIGN PARTS,,1034,140,126,144,57,,Titanio,,,,,,,,,,https://api.mybihr.com/medias/1091884-1-800Wx800H?context=bWFzdGVyfHJvb3R8MTIzMTE5fGltYWdlL2pwZWd8YUdWakwyZ3dNeTg0T0RVeE1qYzFNVFV6TkRNNEx6RXdPVEU0T0RRdE1WODRNREJYZURnd01FZ3w5NjE4NjJkZDE4Y2NmNjczOGE2MzU4YmM0N2RmODIyNGRkM2ZkY2MwMGMzODc1MGYzZWZkM2Y0NjQ5NTRmM2Y4,https://api.mybihr.com/medias/1091884-2-800Wx800H?context=bWFzdGVyfHJvb3R8MTA1MTE2fGltYWdlL2pwZWd8YURjNUwyZ3hNUzg0T0RVeE1qYzFOVFEyTmpVMEx6RXdPVEU0T0RRdE1sODRNREJYZURnd01FZ3wxNDNhNmNkYjAzYTI3NDM2YTlkM2M5NGUxNDFmZGFhODBiNTEyNzExNDliZjViZWRlMjVjNDFlOTk3NzY0MDIx,,,,https://static.bihr.pro/eBihr/Pictures/GILLES-pictures.zip,Spain Warehouse (Parts)
1091892,41800074,SHIHO-WDMO-KIT-T,GILLES,"GILLE SHIFT HOLDER KIT, TIT","Kit estabilización caja de cambios GILLES, titanio",99.99,82.64,37.19,4251792713807,2,8714919000,0,1,"<ul><li>Innovador kit de estabilización de la caja de cambios </li><li>Te permite cambiar de marcha de manera directa, fácil y rápida</li><li>Válido también para cambio de marchas inverso</li><li>Completamente innovador</li><li>Acabado anodizado sólido, en color titanio.</li></ul><p> </p>""""""","Innovador kit de estabilización de la caja de cambios Te permite cambiar de marcha de manera directa, fácil y rápidaVálido también para cambio de marchas inversoCompletamente innovadorAcabado anodizado sólido, en color titanio.
 """"""",VEHICLE PARTS & ACCESSORIES,ACCESSORIES,ACC. DESIGN PARTS,,1088,115,129,148,57,,Titanio,,,,,,,,,,https://api.mybihr.com/medias/800Wx800H-1091892-1.jpg?context=bWFzdGVyfHJvb3R8MTgzMTV8aW1hZ2UvanBlZ3xhRGhoTDJobU55OHpNekV6TkRjNU1ESTNPVEU1T0M4NE1EQlhlRGd3TUVoZk1UQTVNVGc1TWkweExtcHdad3w4N2JlZDZmYjAxNDU5NDI1OTllZWNlYmE2M2M0ODA1ZjBkOTYxZjhkNmViY2ViYWU0NDBlYmRkYTAzMTIwNDVj,,,,,https://static.bihr.pro/eBihr/Pictures/GILLES-pictures.zip,Spain Warehouse (Parts)
1096119001,41900091,RGK-321-UF16-SET-B,GILLES,"GILLE FOOT PEGS SPORT, BLK","Estriberas deportivas Gilles Tooling para pasajero, negro",98.00,80.99,36.45,4251792711520,1,8714919000,0,1,"<ul><li>Ajuste fácil, elegancia y comodidad </li><li>La manera más fácil de modificar la posición original de la estribera</li><li>Juntas articuladas para piloto y pasajero</li><li>Combínala con la gama de estriberas disponible</li><li>Escoge entre 24 posiciones distintas</li><li>Ajuste de 360°.</li></ul><p> </p>""""""","Ajuste fácil, elegancia y comodidad La manera más fácil de modificar la posición original de la estriberaJuntas articuladas para piloto y pasajeroCombínala con la gama de estriberas disponibleEscoge entre 24 posiciones distintasAjuste de 360°.
 """"""",VEHICLE PARTS & ACCESSORIES,ACCESSORIES,ACC. DESIGN PARTS,Negro,1172,272,131,157,57,,,,,,,,,,,,https://api.mybihr.com/medias/1096119001-1-800Wx800H?context=bWFzdGVyfHJvb3R8Mjc3MzR8aW1hZ2UvanBlZ3xhREZtTDJnelpDODRPVEExT0RrNE5Ua3dNak00THpFd09UWXhNVGt3TURFdE1WODRNREJYZURnd01FZ3wyZmZiN2I3ZGQyZmRhMGQ4OTgzNWVkMWVmZTY4OTVhNTAyZDEwNTY2MWUzYmQxM2QwOWRlNWQwMjJkNDVlYzY3,https://api.mybihr.com/medias/1096119001-2-800Wx800H?context=bWFzdGVyfHJvb3R8Mjc0NDh8aW1hZ2UvanBlZ3xhRGt5TDJneVppODRPVEExT0RrNE9UZ3pORFUwTHpFd09UWXhNVGt3TURFdE1sODRNREJYZURnd01FZ3w0NDgyNThkMjgwNThmNmE5MWE3ZDNmNjk3MjVmYTE0N2Y2YTJlOTVhOGVkMTA4Mzc3M2Y2Nzc3Y2Y0MmIyM2E4,,,,https://static.bihr.pro/eBihr/Pictures/GILLES-pictures.zip,Spain Warehouse (Parts)
1096119002,41900092,RGK-321-UF16-SET-S,GILLES,"GILLE FOOT PEGS SPORT, SIL","Estriberas deportivas Gilles Tooling para pasajero, plata",70.00,57.85,23.14,4251792711537,5,8714919000,0,1,"<ul><li>Ajuste fácil, elegancia y comodidad </li><li>La manera más fácil de modificar la posición original de la estribera</li><li>Juntas articuladas para piloto y pasajero</li><li>Combínala con la gama de estriberas disponible</li><li>Escoge entre 24 posiciones distintas</li><li>Ajuste de 360°.</li></ul><p> </p>""""""","Ajuste fácil, elegancia y comodidad La manera más fácil de modificar la posición original de la estriberaJuntas articuladas para piloto y pasajeroCombínala con la gama de estriberas disponibleEscoge entre 24 posiciones distintasAjuste de 360°.
 """"""",VEHICLE PARTS & ACCESSORIES,ACCESSORIES,ACC. DESIGN PARTS,Plata,1081,274,129,147,57,,,,,,,,,,,,https://api.mybihr.com/medias/1096119002-1-800Wx800H?context=bWFzdGVyfHJvb3R8MjA4NDd8aW1hZ2UvanBlZ3xhR0UyTDJneU5TODRPVEExT0RrNU16YzJOamN3THpFd09UWXhNVGt3TURJdE1WODRNREJYZURnd01FZ3xmYjEwNzFkNDRjY2ZkN2ExODIxMmNjZWViYmQyNjA5N2QzYTA5YjQxNzU0NThlMGM0MTMzMDM1ZWUxYzM4Mjdm,https://api.mybihr.com/medias/1096119002-2-800Wx800H?context=bWFzdGVyfHJvb3R8Mjc0NDh8aW1hZ2UvanBlZ3xhRE16TDJnek15ODRPVEExT0RrNU56WTVPRGcyTHpFd09UWXhNVGt3TURJdE1sODRNREJYZURnd01FZ3xhYjdmNjdmOTc1Y2YxODI0MmIyMTUwYTA3NDdjM2NkYTgyZTk4ZjY1NzZmOWNiMjM2NGJiZmQ2NDMzNGIxYWQ5,,,,https://static.bihr.pro/eBihr/Pictures/GILLES-pictures.zip,Spain Warehouse (Parts)
1091888,41800070,SHIHO-RK-KIT-T,GILLES,"GILLE SHIFT HOLDER KIT, TIT","Kit estabilización caja de cambios GILLES, titanio",99.99,82.64,37.19,SHIHO-RK-KIT-T,1,8714919000,0,1,"<ul><li>Innovador kit de estabilización de la caja de cambios </li><li>Te permite cambiar de marcha de manera directa, fácil y rápida</li><li>Válido también para cambio de marchas inverso</li><li>Completamente innovador</li><li>Acabado anodizado sólido, en color titanio.</li></ul><p> </p>""""""","Innovador kit de estabilización de la caja de cambios Te permite cambiar de marcha de manera directa, fácil y rápidaVálido también para cambio de marchas inversoCompletamente innovadorAcabado anodizado sólido, en color titanio.
 """"""",VEHICLE PARTS & ACCESSORIES,ACCESSORIES,ACC. DESIGN PARTS,,1034,140,126,144,57,,Titanio,,,,,,,,,,https://api.mybihr.com/medias/1091888-1-800Wx800H?context=bWFzdGVyfHJvb3R8NDQyNjd8aW1hZ2UvanBlZ3xhRGhsTDJoalppODRPVFUyTkRZMU5qUXpOVFV3THpFd09URTRPRGd0TVY4NE1EQlhlRGd3TUVnfDk3M2U3ZGNkYzg1YTJmY2E3NmRlNzMyMzU2MzQ0NDk5YTk3YjE0OThlY2QyOWM5M2U4YmMwY2JkYzk3YTVhNWU,https://api.mybihr.com/medias/1091888-2-800Wx800H?context=bWFzdGVyfHJvb3R8MTg2NjU1fGltYWdlL2pwZWd8YUdKa0wyaGpPQzg0T1RVMk5EWTFPRFF3TVRVNEx6RXdPVEU0T0RndE1sODRNREJYZURnd01FZ3wxNTdmNDQ0N2JkMzZkOTFlYTUyN2E1OTAzY2E2ZWJkMjZiMmY5NTUyNzE5Y2Q0NWM0ZTZkYTM5MmQ4OGYzMTgx,,,,https://static.bihr.pro/eBihr/Pictures/GILLES-pictures.zip,Spain Warehouse (Parts)
1091905,4150011101,US-08-RJ11-B,GILLES,"GILLE LEVER SHIFT, BLK","Pedal de cambio GILLES, negro",130.00,107.44,48.35,US-08$1,2,8714919000,0,1,<ul><li>Black</li></ul>,Black,VEHICLE PARTS & ACCESSORIES,ACCESSORIES,ACC. DESIGN PARTS,,2260,369,129,292,60,,Negro,,,,,,,,,,https://api.mybihr.com/medias/1091905-1-800Wx800H?context=bWFzdGVyfHJvb3R8MTEzMDk0fGltYWdlL2pwZWd8YURoaUwyZzJNUzg0T1RJNU5qRTFNVGd6T1RBeUx6RXdPVEU1TURVdE1WODRNREJYZURnd01FZ3w4M2JiZjc5ZjM5NTliNmY5NGJmMWFlODlhNmE4M2JjMzc2Y2MwZmNiZWU5YTAyZDI0YzM4M2Q3YjhmODUyOWNi,,,,,https://static.bihr.pro/eBihr/Pictures/GILLES-pictures.zip,Spain Warehouse (Parts)
1092799,6110003901,KHP-08-B,GILLES,"GILLE GUARD CLUTCH LEVER, BLK","Protector de maneta de embrague GILLES, negro",118.00,97.52,43.88,KHP-08-B,3,8714919000,0,1,"<ul><li>Un plus en seguridad, para la pista y las calles. </li><li>Imprescindible para la pista de carreras</li><li>Estructura en dos partes para proteger perfectamente el soporte básico</li><li>El diseño curvada hacia abajo deja espacio suficiente para que puedas colocar la mano sin que el protector te moleste</li><li>Para el lado del freno o del embrague</li><li>El cuerpo principal está mecanizado con aluminio de alta calidad, mientras que la pieza protectora está hecha de plástico resistente, gracias a esta mezcla de materiales, el protector te da las mejores prestaciones en cuanto a estabilidad y ?exibilidad cuando más lo necesitas.</li></ul><p> </p>""""""","Un plus en seguridad, para la pista y las calles. Imprescindible para la pista de carrerasEstructura en dos partes para proteger perfectamente el soporte básicoEl diseño curvada hacia abajo deja espacio suficiente para que puedas colocar la mano sin que el protector te molestePara el lado del freno o del embragueEl cuerpo principal está mecanizado con aluminio de alta calidad, mientras que la pieza protectora está hecha de plástico resistente, gracias a esta mezcla de materiales, el protector te da las mejores prestaciones en cuanto a estabilidad y ?exibilidad cuando más lo necesitas.
 """"""",VEHICLE PARTS & ACCESSORIES,ACCESSORIES,ACC. PLASTIC&PROTECT,,1079,10,85,235,54,,Negro,,,,,,,,,,https://api.mybihr.com/medias/1092799-1-800Wx800H?context=bWFzdGVyfHJvb3R8MjMyMTd8aW1hZ2UvanBlZ3xhR0l6TDJoa1ppODRPVEV6T0RZNU9EazNOelU0THpFd09USTNPVGt0TVY4NE1EQlhlRGd3TUVnfDk0MzU2MzVkMDczMmJjYTcxOGQ5ZGQ3NjJjODAyOGMzZjQ4NTRlZmRkMGFiOWNkNTZjMDM5MmFiNWRjODE5YzE,https://api.mybihr.com/medias/1092799-2-800Wx800H?context=bWFzdGVyfHJvb3R8ODU0NzJ8aW1hZ2UvanBlZ3xhRGhsTDJneFl5ODRPVEV6T0Rjd01EazBNelkyTHpFd09USTNPVGt0TWw4NE1EQlhlRGd3TUVnfDJhNDYzMDgzMWNlNWY3MjAzMmExZDAyNTYzOTY3YjkwOWEzZjBlZjMxOWYxNjZhZWU2YWJmZTdkYWNlNDFmZDE,https://api.mybihr.com/medias/1092799-3-800Wx800H?context=bWFzdGVyfHJvb3R8MTQ4NjI4fGltYWdlL2pwZWd8YURWbEwyZ3lNeTg0T1RFek9EY3dNamt3T1RjMEx6RXdPVEkzT1RrdE0xODRNREJYZURnd01FZ3wzZDMyYjAwZmRiN2RhNTllZDA2N2M2MGFiYWZkYjM4ODBhYzE4ZTkzMzE2ZTkxYzgwOGE2MWIzNGNmMjZiMzdm,,,https://static.bihr.pro/eBihr/Pictures/GILLES-pictures.zip,Spain Warehouse (Parts)
1092755,6120009401,GTA-F-BM04-B,GILLES,"GILLE PROTECTION WHEEL AXL, BLK","Protectores del eje delantero GILLES, negro",80.01,66.12,29.75,GTA-F-BM04-B,3,8714919000,0,1,"<ul><li>Protectores multifunci&oacute;n&nbsp;</li><li>Cuerpo de impacto fabricado con un pl&aacute;stico especial para un deslizamiento perfecto</li><li>Resistente a los golpes y a la abrasi&oacute;n</li><li>Montaje f&aacute;cil y r&aacute;pido</li><li>Reduce los da&ntilde;os por impacto alrededor del basculante, la horquilla o los ejes de rueda</li><li>Disponible para eje delantero o trasero.</li></ul><p>&nbsp;</p>","Protectores multifunción Cuerpo de impacto fabricado con un plástico especial para un deslizamiento perfectoResistente a los golpes y a la abrasiónMontaje fácil y rápidoReduce los daños por impacto alrededor del basculante, la horquilla o los ejes de ruedaDisponible para eje delantero o trasero.
 ",VEHICLE PARTS & ACCESSORIES,ACCESSORIES,ACC. PLASTIC&PROTECT,,2104,320,63,530,63,,Negro,,,,,,,,,,https://api.mybihr.com/medias/1092755-1-800Wx800H?context=bWFzdGVyfHJvb3R8NTQ5MzJ8aW1hZ2UvanBlZ3xhR0V6TDJnMU1DODRPVEk1TmpneE5EUXdOems0THpFd09USTNOVFV0TVY4NE1EQlhlRGd3TUVnfDNmYTYyY2FiYzBhZGUxY2RkYjQ1N2RhOTlmMjU5YmMxNDg2YzM3OGUxOWJiNWFjMmJmYjQ2NjMwYmVkMjA1ZjU,https://api.mybihr.com/medias/1092755-2-800Wx800H?context=bWFzdGVyfHJvb3R8MTY0MzkyfGltYWdlL2pwZWd8YUdVMUwyZzBPUzg0T1RJNU5qZ3hOak0zTkRBMkx6RXdPVEkzTlRVdE1sODRNREJYZURnd01FZ3xmZjA2MDdhNjlhYzIwNjk0NTZjZTYxMzA4OGQ3Njk0YWMxYTQ4NTdkNmQ2NzZjMzEzMGU5NDgyZDcwMWM0M2Zh,,,,https://static.bihr.pro/eBihr/Pictures/GILLES-pictures.zip,Spain Warehouse (Parts)
1092758,6120009701,GTA-F-IN01-B,GILLES,"GILLE PROTECTION WHEEL AXL, BLK","Protectores del eje delantero GILLES, negro",90.00,74.38,33.47,GTA-F-IN01-B,5,8714919000,0,1,"<ul><li>Protectores multifunci&oacute;n&nbsp;</li><li>Cuerpo de impacto fabricado con un pl&aacute;stico especial para un deslizamiento perfecto</li><li>Resistente a los golpes y a la abrasi&oacute;n</li><li>Montaje f&aacute;cil y r&aacute;pido</li><li>Reduce los da&ntilde;os por impacto alrededor del basculante, la horquilla o los ejes de rueda</li><li>Disponible para eje delantero o trasero.</li></ul><p>&nbsp;</p>","Protectores multifunción Cuerpo de impacto fabricado con un plástico especial para un deslizamiento perfectoResistente a los golpes y a la abrasiónMontaje fácil y rápidoReduce los daños por impacto alrededor del basculante, la horquilla o los ejes de ruedaDisponible para eje delantero o trasero.
 ",VEHICLE PARTS & ACCESSORIES,ACCESSORIES,ACC. PLASTIC&PROTECT,,1980,300,61,532,61,,Negro,,,,,,,,,,https://api.mybihr.com/medias/1092758-1-800Wx800H?context=bWFzdGVyfHJvb3R8MjIwNTZ8aW1hZ2UvanBlZ3xhRFF3TDJnNE1TODRPVFF5TURBME9EazFOemMwTHpFd09USTNOVGd0TVY4NE1EQlhlRGd3TUVnfGM4NTQ2MWQ2ODVhNmIxNWMyMmMzOWRhYTE4MmJhN2JmYjZjOWRlZjQwNWFmMDhmYmIxMzEyZDRhYzRlMmNmYTg,https://api.mybihr.com/medias/1092758-2-800Wx800H?context=bWFzdGVyfHJvb3R8MzMwNjAzfGltYWdlL2pwZWd8YUdKakwyaGpaaTg0T1RReU1EQTFNRGt5TXpneUx6RXdPVEkzTlRndE1sODRNREJYZURnd01FZ3wzNTkwYmQ0MjI4MmNjM2U3NjNiZDczYTZmNWRhZTY3NTY2MWJmM2Q0MmU0ZTBhYmE2NTE1NmUwYzg4ZmFhNDIw,,,,https://static.bihr.pro/eBihr/Pictures/GILLES-pictures.zip,Spain Warehouse (Parts)
1092776,6120011701,GTA-R-BM01-BR,GILLES,"GILLE PROTECTION WHEEL AXL, BLK/RED","Protectores del eje delantero GILLES, negro / rojo",82.00,67.77,30.50,GTA-R-BM01-BR,1,8714919000,0,1,"<ul><li>Protectores multifunci&oacute;n&nbsp;</li><li>Cuerpo de impacto fabricado con un pl&aacute;stico especial para un deslizamiento perfecto</li><li>Resistente a los golpes y a la abrasi&oacute;n</li><li>Montaje f&aacute;cil y r&aacute;pido</li><li>Reduce los da&ntilde;os por impacto alrededor del basculante, la horquilla o los ejes de rueda</li><li>Disponible para eje delantero o trasero.</li></ul><p>&nbsp;</p>","Protectores multifunción Cuerpo de impacto fabricado con un plástico especial para un deslizamiento perfectoResistente a los golpes y a la abrasiónMontaje fácil y rápidoReduce los daños por impacto alrededor del basculante, la horquilla o los ejes de ruedaDisponible para eje delantero o trasero.
 ",VEHICLE PARTS & ACCESSORIES,ACCESSORIES,ACC. PLASTIC&PROTECT,,1024,200,127,144,56,,Negro,,,,,,,,,,https://api.mybihr.com/medias/1092776-1-800Wx800H?context=bWFzdGVyfHJvb3R8MTg1OTc5MnxpbWFnZS9qcGVnfGFEUmpMMmhtTXk4NE9EYzNNVFUxTkRFNE1UUXlMekV3T1RJM056WXRNVjg0TURCWGVEZ3dNRWd8N2U1ZGNkZmRiYTkzYzVmN2FlMmJlYTViNTRiZTE1MDY1YjQwMzQ3ODA0NjIzNWIxZWVkZDllNjNkOGVjMmU3Nw,https://api.mybihr.com/medias/1092776-2-800Wx800H?context=bWFzdGVyfHJvb3R8MTIzOTA3fGltYWdlL2pwZWd8YURkakwyaGxZeTg0T0RjM01UVTFOakUwTnpVd0x6RXdPVEkzTnpZdE1sODRNREJYZURnd01FZ3w2OWY0YmYwYTdiNTQyYTMzMzUwNTk5Njk4NmViMTc3NTAzODNmZjcwYWM4MWFmZDM2NTVjZmM5YjBkNDllNzU0,,,,https://static.bihr.pro/eBihr/Pictures/GILLES-pictures.zip,Spain Warehouse (Parts)
1092774,6120011501,GTA-F-Y10-B,GILLES,"GILLE PROTECTION WHEEL AXL, BLK","Protectores del eje delantero GILLES, negro",70.00,57.85,26.03,GTA-F-Y10-B,3,8714919000,0,1,"<ul><li>Protectores multifunci&oacute;n&nbsp;</li><li>Cuerpo de impacto fabricado con un pl&aacute;stico especial para un deslizamiento perfecto</li><li>Resistente a los golpes y a la abrasi&oacute;n</li><li>Montaje f&aacute;cil y r&aacute;pido</li><li>Reduce los da&ntilde;os por impacto alrededor del basculante, la horquilla o los ejes de rueda</li><li>Disponible para eje delantero o trasero.</li></ul><p>&nbsp;</p>","Protectores multifunción Cuerpo de impacto fabricado con un plástico especial para un deslizamiento perfectoResistente a los golpes y a la abrasiónMontaje fácil y rápidoReduce los daños por impacto alrededor del basculante, la horquilla o los ejes de ruedaDisponible para eje delantero o trasero.
 ",VEHICLE PARTS & ACCESSORIES,ACCESSORIES,ACC. PLASTIC&PROTECT,,1024,180,127,144,56,,Negro,,,,,,,,,,https://api.mybihr.com/medias/1092774-1-800Wx800H?context=bWFzdGVyfHJvb3R8MjM4NTV8aW1hZ2UvanBlZ3xhRGM1TDJoa05pODRPVFF5TURBMU1qZzRPVGt3THpFd09USTNOelF0TVY4NE1EQlhlRGd3TUVnfGEyNTA5ZmU4N2I0MmUzNmU0ZmRkMGFiOTJhZTFhMWFkOWU1NDQ1OGY4YjJmYzhiNzM1NTYwNGE1YTU5ZDMwYzU,,,,,https://static.bihr.pro/eBihr/Pictures/GILLES-pictures.zip,Spain Warehouse (Parts)
1092775,6120011601,GTA-R-A01-BR,GILLES,"GILLE PROTECTION WHEEL AXL, BLK/RED","Protectores del eje delantero GILLES, negro / rojo",82.00,67.77,27.11,GTA-R-A01-BR,7,8714919000,0,1,"<ul><li>Protectores multifunci&oacute;n&nbsp;</li><li>Cuerpo de impacto fabricado con un pl&aacute;stico especial para un deslizamiento perfecto</li><li>Resistente a los golpes y a la abrasi&oacute;n</li><li>Montaje f&aacute;cil y r&aacute;pido</li><li>Reduce los da&ntilde;os por impacto alrededor del basculante, la horquilla o los ejes de rueda</li><li>Disponible para eje delantero o trasero.</li></ul><p>&nbsp;</p>","Protectores multifunción Cuerpo de impacto fabricado con un plástico especial para un deslizamiento perfectoResistente a los golpes y a la abrasiónMontaje fácil y rápidoReduce los daños por impacto alrededor del basculante, la horquilla o los ejes de ruedaDisponible para eje delantero o trasero.
 ",VEHICLE PARTS & ACCESSORIES,ACCESSORIES,ACC. PLASTIC&PROTECT,,1024,240,127,144,56,,Negro,,,,,,,,,,https://api.mybihr.com/medias/1092775-1-800Wx800H?context=bWFzdGVyfHJvb3R8MzgwOTF8aW1hZ2UvanBlZ3xhRFk1TDJoaVppODRPVE0yTXpVeE56STNOalEyTHpFd09USTNOelV0TVY4NE1EQlhlRGd3TUVnfDk1OWQzNjNiNzNjZTI5NzhkNmZlODQ4YjdlODg1NTg4MzFmZDFiY2E4NTQ1MjAzZDFkZDUzMjhkYTUyYTgyYzA,https://api.mybihr.com/medias/1092775-2-800Wx800H?context=bWFzdGVyfHJvb3R8MzAzNjV8aW1hZ2UvanBlZ3xhRGs0TDJoaU9DODRPVE0yTXpVeE9USTBNalUwTHpFd09USTNOelV0TWw4NE1EQlhlRGd3TUVnfGI2ZDY4MjA1NGMyYjBjMzJhYjAwYTMxMmI1NGI5ZDNhOTRmMjVhMGYxNjZlZDBmNTZhNzRkYWY1YjI5N2Q0NjY,,,,https://static.bihr.pro/eBihr/Pictures/GILLES-pictures.zip,Spain Warehouse (Parts)
1092750,61000114,EC-01-KIT-B,GILLES,"GILLE COVER ENGINE, BLK","Tapas del motor GILLES, negro",118.00,97.52,43.88,EC-01-KIT-B,2,8714919000,0,1,"<ul><li>Los elegantes recambios de Gilles conjugan la apariencia y el estilo con la utilidad</li><li>Un ejemplo es este atractivo protector de tapa de encendido para la Yamaha TMAX</li><li>Su diseño exclusivo va a juego tanto con el look de otros productos de Gilles como con el de la propia TMAX</li><li>Se vende por unidad</li><li>Se puede montar tanto en el lado derecho como en el izquierdo.</li></ul><p> </p>""""""","Los elegantes recambios de Gilles conjugan la apariencia y el estilo con la utilidadUn ejemplo es este atractivo protector de tapa de encendido para la Yamaha TMAXSu diseño exclusivo va a juego tanto con el look de otros productos de Gilles como con el de la propia TMAXSe vende por unidadSe puede montar tanto en el lado derecho como en el izquierdo.
 """"""",VEHICLE PARTS & ACCESSORIES,ACCESSORIES,ACC. PLASTIC&PROTECT,,1113,176,131,149,57,,Negro,,,,,,,,,,https://api.mybihr.com/medias/1092750-1-800Wx800H?context=bWFzdGVyfHJvb3R8NTg0NjZ8aW1hZ2UvanBlZ3xhR001TDJoa01pODRPVFEzTXpZMk5UVTVOemMwTHpFd09USTNOVEF0TVY4NE1EQlhlRGd3TUVnfGQ3YmZjYjBjZjljODVhZDQ3NjQwYzRjYmE2ZGQ0YTY1ZjBjZTFhYjY3MWJmOGRiODg1YzcyYjdiNTQxMDEwYjg,,,,,https://static.bihr.pro/eBihr/Pictures/GILLES-pictures.zip,Spain Warehouse (Parts)
1092751,61000115,EC-02-KIT-BG,GILLES,"GILLE COVER ENGINE, BLK/GLD","Tapas del motor GILLES, negro / dorado",150.00,123.97,55.79,EC-02-KIT-BG,1,8714919000,0,1,"<ul><li>Los elegantes recambios de Gilles conjugan la apariencia y el estilo con la utilidad</li><li>Un ejemplo es este atractivo protector de tapa de encendido para la Yamaha TMAX</li><li>Su diseño exclusivo va a juego tanto con el look de otros productos de Gilles como con el de la propia TMAX</li><li>Se vende por unidad</li><li>Se puede montar tanto en el lado derecho como en el izquierdo.</li></ul><p> </p>""""""","Los elegantes recambios de Gilles conjugan la apariencia y el estilo con la utilidadUn ejemplo es este atractivo protector de tapa de encendido para la Yamaha TMAXSu diseño exclusivo va a juego tanto con el look de otros productos de Gilles como con el de la propia TMAXSe vende por unidadSe puede montar tanto en el lado derecho como en el izquierdo.
 """"""",VEHICLE PARTS & ACCESSORIES,ACCESSORIES,ACC. PLASTIC&PROTECT,,1103,172,129,150,57,,Negro,,,,,,,,,,https://api.mybihr.com/medias/1092751-1-800Wx800H?context=bWFzdGVyfHJvb3R8MTYxMzkzfGltYWdlL2pwZWd8YURaa0wyZzRaQzg0T1RBMU1qSTBNekl6TVRBeUx6RXdPVEkzTlRFdE1WODRNREJYZURnd01FZ3wzYmJkMDM4YTk2YzU2OWUzN2YzYzdjNmEwNzllYjg1NjYyMDc5MDI1MWRiMGI0NDYyMGU1MDY4ZmYxY2QxZDMz,https://api.mybihr.com/medias/1092751-2-800Wx800H?context=bWFzdGVyfHJvb3R8MjMyMzc3fGltYWdlL2pwZWd8YUdJd0wyZzROaTg0T1RBMU1qSTBOVEU1TnpFd0x6RXdPVEkzTlRFdE1sODRNREJYZURnd01FZ3xlNTdiMWY4ZDZiZmY1ODZlMzQ0ZjViNDZiN2YxYmRhMTE2MDlhNTNhZjNlZTM3ZDg1NzNkODAyODllNDQ2NDc0,,,,https://static.bihr.pro/eBihr/Pictures/GILLES-pictures.zip,Spain Warehouse (Parts)
1092805,61000120,MP-L-Y02-B,GILLES,"GILLE PROTECTION ENGINE, LEFT, BLK","Protector de la tapa del motor GILLES (lado izquierdo), negro",99.99,82.64,37.19,MP-L-Y02-B,1,8714919000,0,1,"<ul><li><p>Combinación perfecta de diseño y protección. </p></li><li><p>Protección total para las tapas de motor y embrague</p></li><li><p>Resistente a la abrasión y muy estable</p></li><li><p>Adaptación precisa a la carcasa de la tapa</p></li><li><p>Realizado en 3 dimensiones</p></li><li><p>Aluminio 7075 de grado aeronáutico, acompañado de polioximetileno (<strong>POM</strong>) -<strong>un material muy duradero</strong>- en la parte superior.</p><p> </p></li></ul>""""""","Combinación perfecta de diseño y protección. Protección total para las tapas de motor y embragueResistente a la abrasión y muy estableAdaptación precisa a la carcasa de la tapaRealizado en 3 dimensionesAluminio 7075 de grado aeronáutico, acompañado de polioximetileno (POM) -un material muy duradero- en la parte superior. """"""",VEHICLE PARTS & ACCESSORIES,ACCESSORIES,ACC. PLASTIC&PROTECT,,1024,220,127,144,56,,Negro,,,,,,,,,,https://api.mybihr.com/medias/1092805-1-800Wx800H?context=bWFzdGVyfHJvb3R8MjEyNDY2fGltYWdlL2pwZWd8YURjd0wyZzBNeTg0T1RBMU1qSTJNamc1TVRneUx6RXdPVEk0TURVdE1WODRNREJYZURnd01FZ3w2MTQ3MTc5Nzg3ZjhmMWVjYzgxNjFkMmFiN2RhMGVlYzk5MjNkYWM3YzRlMGY2MGIzNjAwYzUwZjhkNTA2NjU2,https://api.mybihr.com/medias/1092805-2-800Wx800H?context=bWFzdGVyfHJvb3R8MTg1NTk4MXxpbWFnZS9qcGVnfGFEUXdMMmcwWVM4NE9UQTFNakkyTkRnMU56a3dMekV3T1RJNE1EVXRNbDg0TURCWGVEZ3dNRWd8OWU5Mzg2YjMxZWMxMjI5ODBiZTFhYzBiMzAwYTExNDc0ZTQzMGU4NGE0YTVmNWY5N2UwNjJlNzAxMzZjYWY4OA,,,,https://static.bihr.pro/eBihr/Pictures/GILLES-pictures.zip,Spain Warehouse (Parts)
1092781,6120012201,GTA-R-IN01-B,GILLES,"GILLE PROTECTION WHEEL AXL, BLK","Protectores del eje delantero GILLES, negro",70.00,57.85,23.14,6120012201,8,8714919000,0,1,"<ul><li>Protectores multifunci&oacute;n&nbsp;</li><li>Cuerpo de impacto fabricado con un pl&aacute;stico especial para un deslizamiento perfecto</li><li>Resistente a los golpes y a la abrasi&oacute;n</li><li>Montaje f&aacute;cil y r&aacute;pido</li><li>Reduce los da&ntilde;os por impacto alrededor del basculante, la horquilla o los ejes de rueda</li><li>Disponible para eje delantero o trasero.</li></ul><p>&nbsp;</p>","Protectores multifunción Cuerpo de impacto fabricado con un plástico especial para un deslizamiento perfectoResistente a los golpes y a la abrasiónMontaje fácil y rápidoReduce los daños por impacto alrededor del basculante, la horquilla o los ejes de ruedaDisponible para eje delantero o trasero.
 ",VEHICLE PARTS & ACCESSORIES,ACCESSORIES,ACC. PLASTIC&PROTECT,,2115,300,63,533,63,,Negro,,,,,,,,,,https://api.mybihr.com/medias/1092781-1-800Wx800H?context=bWFzdGVyfHJvb3R8MjIwNTZ8aW1hZ2UvanBlZ3xhR1l4TDJoa1ppODRPVFF5TURBMU5URTRNelkyTHpFd09USTNPREV0TVY4NE1EQlhlRGd3TUVnfDczN2Y2ZjFiMzhkZWJhOTE4NDI0NjI1ZTc0ZjgxY2I0MmMzOGM5MjkyMjdmMDQ5M2Q3MDEyZmQwZGFlYTVlMDY,https://api.mybihr.com/medias/1092781-2-800Wx800H?context=bWFzdGVyfHJvb3R8MzcyMjAwfGltYWdlL2pwZWd8YUdNeEwyaGxOaTg0T1RReU1EQTFOekUwT1RjMEx6RXdPVEkzT0RFdE1sODRNREJYZURnd01FZ3w0MWVkYzIyOGMxMmNlN2Y3ZDNjZDJmZjJlNGZjZWMyMmJkMWYwYmExOWY0MGRiNGFiNGYxZDYxNTA5ODQxMDUw,,,,https://static.bihr.pro/eBihr/Pictures/GILLES-pictures.zip,Spain Warehouse (Parts)
1092785,6120012601,GTA-R-S04-BR,GILLES,"GILLE PROTECTION WHEEL AXL, BLK/RED","Protectores del eje delantero GILLES, negro / rojo",70.00,57.85,26.03,GTA-R-S04-BR,5,8714919000,0,1,"<ul><li>Protectores multifunci&oacute;n&nbsp;</li><li>Cuerpo de impacto fabricado con un pl&aacute;stico especial para un deslizamiento perfecto</li><li>Resistente a los golpes y a la abrasi&oacute;n</li><li>Montaje f&aacute;cil y r&aacute;pido</li><li>Reduce los da&ntilde;os por impacto alrededor del basculante, la horquilla o los ejes de rueda</li><li>Disponible para eje delantero o trasero.</li></ul><p>&nbsp;</p>","Protectores multifunción Cuerpo de impacto fabricado con un plástico especial para un deslizamiento perfectoResistente a los golpes y a la abrasiónMontaje fácil y rápidoReduce los daños por impacto alrededor del basculante, la horquilla o los ejes de ruedaDisponible para eje delantero o trasero.
 ",VEHICLE PARTS & ACCESSORIES,ACCESSORIES,ACC. PLASTIC&PROTECT,,475,220,80,135,44,,Negro,,,,,,,,,,https://api.mybihr.com/medias/1092785-1-800Wx800H?context=bWFzdGVyfHJvb3R8MzgwOTF8aW1hZ2UvanBlZ3xhR1ZsTDJnNU5DODRPRFV4T0RjMk5EUTJNak00THpFd09USTNPRFV0TVY4NE1EQlhlRGd3TUVnfGYzZjUyYTg0ODZlYWY3YTNlZDFkZWJlZDA5MTA2NmUzN2ZjMDI2NzQ0MjYxYWMwNTZmM2JlYzZhNmM2MGEzNTY,https://api.mybihr.com/medias/1092785-2-800Wx800H?context=bWFzdGVyfHJvb3R8MzAzNjV8aW1hZ2UvanBlZ3xhRFl4TDJnNE55ODRPRFV4T0RjMk9ETTVORFUwTHpFd09USTNPRFV0TWw4NE1EQlhlRGd3TUVnfGJlMDUyMzBlMzcyOTNhNjcyNTc0ZmNhZTlmNDZhNTJkNDlmOTUzYTU2ZGM5YzBkNDI5ZDdmODIzZGEyZGUxY2I,,,,https://static.bihr.pro/eBihr/Pictures/GILLES-pictures.zip,Spain Warehouse (Parts)
1092786,6120012701,GTA-R-Y01-BR,GILLES,"GILLE PROTECTION WHEEL AXL, BLK/RED","Protectores del eje delantero GILLES, negro / rojo",82.00,67.77,30.50,GTA-R-Y01-BR,3,8714919000,0,1,"<ul><li>Protectores multifunci&oacute;n&nbsp;</li><li>Cuerpo de impacto fabricado con un pl&aacute;stico especial para un deslizamiento perfecto</li><li>Resistente a los golpes y a la abrasi&oacute;n</li><li>Montaje f&aacute;cil y r&aacute;pido</li><li>Reduce los da&ntilde;os por impacto alrededor del basculante, la horquilla o los ejes de rueda</li><li>Disponible para eje delantero o trasero.</li></ul><p>&nbsp;</p>","Protectores multifunción Cuerpo de impacto fabricado con un plástico especial para un deslizamiento perfectoResistente a los golpes y a la abrasiónMontaje fácil y rápidoReduce los daños por impacto alrededor del basculante, la horquilla o los ejes de ruedaDisponible para eje delantero o trasero.
 ",VEHICLE PARTS & ACCESSORIES,ACCESSORIES,ACC. PLASTIC&PROTECT,,1024,140,127,144,56,,Negro,,,,,,,,,,https://api.mybihr.com/medias/1092786-1-800Wx800H?context=bWFzdGVyfHJvb3R8MzgwOTF8aW1hZ2UvanBlZ3xhRE0xTDJnNE5TODRPRGMzTVRVMk5UazNOemt3THpFd09USTNPRFl0TVY4NE1EQlhlRGd3TUVnfDQyNWEzZjBkMjFlNDBiYWQ1YzFiY2YyNTFkMWI2OWIyODBkMDRhN2Q5Yjg5NzdhMzUxZWE0YTYxMzYxNTk3NzY,https://api.mybihr.com/medias/1092786-2-800Wx800H?context=bWFzdGVyfHJvb3R8MzAzNjV8aW1hZ2UvanBlZ3xhRFkwTDJnM1pTODRPRGMzTVRVMk56azBNems0THpFd09USTNPRFl0TWw4NE1EQlhlRGd3TUVnfGFjM2ZkNjg1ZTk0YjQ1ZTY4ZmM0ZDg2MjQ2NTZlZTQ5YjRkNDhjMzljZmM2ZmNiMTQyMDNjMDdhMjUyZjUzNmU,,,,https://static.bihr.pro/eBihr/Pictures/GILLES-pictures.zip,Spain Warehouse (Parts)
1092787,6120012801,GTA-R-Y02-BR,GILLES,"GILLE PROTECTION WHEEL AXL, BLK/RED","Protectores del eje trasero GILLES, negro / rojo",70.00,57.85,23.14,GTA-R-Y02-BR,7,8714919000,0,1,"<ul><li>Protectores multifunci&oacute;n&nbsp;</li><li>Cuerpo de impacto fabricado con un pl&aacute;stico especial para un deslizamiento perfecto</li><li>Resistente a los golpes y a la abrasi&oacute;n</li><li>Montaje f&aacute;cil y r&aacute;pido</li><li>Reduce los da&ntilde;os por impacto alrededor del basculante, la horquilla o los ejes de rueda</li><li>Disponible para eje delantero o trasero.</li></ul><p>&nbsp;</p>","Protectores multifunción Cuerpo de impacto fabricado con un plástico especial para un deslizamiento perfectoResistente a los golpes y a la abrasiónMontaje fácil y rápidoReduce los daños por impacto alrededor del basculante, la horquilla o los ejes de ruedaDisponible para eje delantero o trasero.
 ",VEHICLE PARTS & ACCESSORIES,ACCESSORIES,ACC. PLASTIC&PROTECT,,1908,381,60,530,60,,Negro & Rojo,,,,por pareja,,,Trasero,,,https://api.mybihr.com/medias/1092787-1-800Wx800H?context=bWFzdGVyfHJvb3R8MzgwOTF8aW1hZ2UvanBlZ3xhR1k0TDJoallpODRPVFEzTXpZMk56VTJNemd5THpFd09USTNPRGN0TVY4NE1EQlhlRGd3TUVnfGQyMDQyZDc3NTlhOWYyNDFmYmQzYjQyNWMwNzA5MGYyYmZlY2RhYWY4ZTViNWU5MDZmZDUxOGViMjQxNjIyYWI,https://api.mybihr.com/medias/1092787-2-800Wx800H?context=bWFzdGVyfHJvb3R8MzAzNjV8aW1hZ2UvanBlZ3xhREk0TDJoak5TODRPVFEzTXpZMk9UVXlPVGt3THpFd09USTNPRGN0TWw4NE1EQlhlRGd3TUVnfGU2YmEwMzRkMjA0ODVhMTNmYWZlNmI0YTkwMDIxNWI0YjBiNzlmNmQzNDZmN2Y2OGM2MzI0MjZiZDlhOTZkMDg,,,,https://static.bihr.pro/eBihr/Pictures/GILLES-pictures.zip,Spain Warehouse (Parts)
1092814,61000129,MP-R-Y03-B,GILLES,"GILLE PROTECTION ENGINE, RIGHT, BLK","Protector de la tapa del motor GILLES (lado derecho), negro",118.00,97.52,43.88,MP-R-Y03-B,2,8714919000,0,1,"<ul><li><p>Combinación perfecta de diseño y protección. </p></li><li><p>Protección total para las tapas de motor y embrague</p></li><li><p>Resistente a la abrasión y muy estable</p></li><li><p>Adaptación precisa a la carcasa de la tapa</p></li><li><p>Realizado en 3 dimensiones</p></li><li><p>Aluminio 7075 de grado aeronáutico, acompañado de polioximetileno (<strong>POM</strong>) -<strong>un material muy duradero</strong>- en la parte superior.</p><p> </p></li></ul>""""""","Combinación perfecta de diseño y protección. Protección total para las tapas de motor y embragueResistente a la abrasión y muy estableAdaptación precisa a la carcasa de la tapaRealizado en 3 dimensionesAluminio 7075 de grado aeronáutico, acompañado de polioximetileno (POM) -un material muy duradero- en la parte superior. """"""",VEHICLE PARTS & ACCESSORIES,ACCESSORIES,ACC. PLASTIC&PROTECT,,1009,140,126,143,56,,Negro,,,,,,,,,,https://api.mybihr.com/medias/1092814-1-800Wx800H?context=bWFzdGVyfHJvb3R8MTAwMTE2fGltYWdlL2pwZWd8YURWaUwyZ3lNaTg0T0RjM01UVTNNemcwTWpJeUx6RXdPVEk0TVRRdE1WODRNREJYZURnd01FZ3xlNmMyMzI1NTE1ZDU1ZjQ5YmVjM2JhYWNhODU0OWJiYjZlMjI5OTg5YTBhNjJiOGM3ZmY1ODFlNTIyYjYxNTY4,https://api.mybihr.com/medias/1092814-2-800Wx800H?context=bWFzdGVyfHJvb3R8MTYyNjU3fGltYWdlL2pwZWd8YURoaUwyZ3hZaTg0T0RjM01UVTNOVGd3T0RNd0x6RXdPVEk0TVRRdE1sODRNREJYZURnd01FZ3wwMDZiN2NhYjQyNDFmMWIyZjdhZWM5MWNkZDVmZjhhZmZkNjljY2Y5YzZlZjdhYzU4YTY5NDhjMDBlMjhhZTc2,,,,https://static.bihr.pro/eBihr/Pictures/GILLES-pictures.zip,Spain Warehouse (Parts)
1092791,6120013201,GTA-R-Y07-B,GILLES,"GILLE PROTECTION WHEEL AXL, BLK","Protectores del eje delantero GILLES, negro",90.00,74.38,33.47,GTA-R-Y07-B,1,8714919000,0,1,"<ul><li>Protectores multifunción </li><li>Cuerpo de impacto fabricado con un plástico especial para un deslizamiento perfecto</li><li>Resistente a los golpes y a la abrasión</li><li>Montaje fácil y rápido</li><li>Reduce los daños por impacto alrededor del basculante, la horquilla o los ejes de rueda</li><li>Disponible para eje delantero o trasero.</li></ul><p> </p>""""""","Protectores multifunción Cuerpo de impacto fabricado con un plástico especial para un deslizamiento perfectoResistente a los golpes y a la abrasiónMontaje fácil y rápidoReduce los daños por impacto alrededor del basculante, la horquilla o los ejes de ruedaDisponible para eje delantero o trasero.
 """"""",VEHICLE PARTS & ACCESSORIES,ACCESSORIES,ACC. PLASTIC&PROTECT,,2167,300,64,529,64,,Negro,,,,,,,,,,https://api.mybihr.com/medias/1092791-1-800Wx800H?context=bWFzdGVyfHJvb3R8Njk3ODZ8aW1hZ2UvanBlZ3xhREUwTDJobE15ODRPVEk1TmpnME1Ua3pNekV3THpFd09USTNPVEV0TVY4NE1EQlhlRGd3TUVnfDI0NTNlMTVhNjFjMDRlNzhiNWIyMGU2Nzk1NjU1ZDk4NzQ0MmIzMmZmNzdlYjBlNjhiMzRmMjE0MjFhNzg4ZTM,,,,,https://static.bihr.pro/eBihr/Pictures/GILLES-pictures.zip,Spain Warehouse (Parts)
1092801,61000116,MP-L-H01-B,GILLES,"GILLE PROTECTION ENGINE, LEFT, BLK","Protector de la tapa del motor GILLES (lado izquierdo), negro",118.00,97.52,43.88,MP-L-H01-B,2,8714919000,0,1,"<ul><li><p>Combinación perfecta de diseño y protección. </p></li><li><p>Protección total para las tapas de motor y embrague</p></li><li><p>Resistente a la abrasión y muy estable</p></li><li><p>Adaptación precisa a la carcasa de la tapa</p></li><li><p>Realizado en 3 dimensiones</p></li><li><p>Aluminio 7075 de grado aeronáutico, acompañado de polioximetileno (<strong>POM</strong>) -<strong>un material muy duradero</strong>- en la parte superior.</p><p> </p></li></ul>""""""","Combinación perfecta de diseño y protección. Protección total para las tapas de motor y embragueResistente a la abrasión y muy estableAdaptación precisa a la carcasa de la tapaRealizado en 3 dimensionesAluminio 7075 de grado aeronáutico, acompañado de polioximetileno (POM) -un material muy duradero- en la parte superior. """"""",VEHICLE PARTS & ACCESSORIES,ACCESSORIES,ACC. PLASTIC&PROTECT,,1024,220,127,144,56,,Negro,,,,,,,,,,https://api.mybihr.com/medias/1092801-1-800Wx800H?context=bWFzdGVyfHJvb3R8MjkyMzh8aW1hZ2UvanBlZ3xhRGswTDJnM055ODRPRGMzTVRVMk9Ua3hNREEyTHpFd09USTRNREV0TVY4NE1EQlhlRGd3TUVnfDcyZjhiNWRhMjBmYTBkMGE4NzEyOGRhOTZlOWExNmIwZjQ1OTQ3OGJlMjE2NDZkNTYxMzAzOGE4NjhlN2NiYTk,https://api.mybihr.com/medias/1092801-2-800Wx800H?context=bWFzdGVyfHJvb3R8MTkxOTIwfGltYWdlL2pwZWd8YURKakwyZ3lPUzg0T0RjM01UVTNNVGczTmpFMEx6RXdPVEk0TURFdE1sODRNREJYZURnd01FZ3wxYzJkY2UxNzY1YjQyNGYwZjQxNDJmZDQ2MTZhM2EyYmM5MWE1ZDUxODIyOGViMTEyY2VjNzRlYWIwYjc0MjE3,,,,https://static.bihr.pro/eBihr/Pictures/GILLES-pictures.zip,Spain Warehouse (Parts)
1092780,6120012101,GTA-R-H01-BR,GILLES,"GILLE PROTECTION WHEEL AXL, BLK/RED","Protectores del eje delantero GILLES, negro / rojo",82.00,67.77,30.50,GTA-R-H01-BR,5,8714919000,0,1,"<ul><li>Protectores multifunci&oacute;n&nbsp;</li><li>Cuerpo de impacto fabricado con un pl&aacute;stico especial para un deslizamiento perfecto</li><li>Resistente a los golpes y a la abrasi&oacute;n</li><li>Montaje f&aacute;cil y r&aacute;pido</li><li>Reduce los da&ntilde;os por impacto alrededor del basculante, la horquilla o los ejes de rueda</li><li>Disponible para eje delantero o trasero.</li></ul><p>&nbsp;</p>","Protectores multifunción Cuerpo de impacto fabricado con un plástico especial para un deslizamiento perfectoResistente a los golpes y a la abrasiónMontaje fácil y rápidoReduce los daños por impacto alrededor del basculante, la horquilla o los ejes de ruedaDisponible para eje delantero o trasero.
 ",VEHICLE PARTS & ACCESSORIES,ACCESSORIES,ACC. PLASTIC&PROTECT,,475,200,80,135,44,,Negro,,,,,,,,,,https://api.mybihr.com/medias/1092780-1-800Wx800H?context=bWFzdGVyfHJvb3R8MzgwOTF8aW1hZ2UvanBlZ3xhRGhoTDJnNE1pODRPVEk1Tmpnek5EQTJPRGM0THpFd09USTNPREF0TVY4NE1EQlhlRGd3TUVnfDBmNWM1Njg3YzQ4YWQxYmMyMjRhYWNkNDdkYjk3OTZlNmJhOGMwMGZjYTJlMzVlNGM1YjBmZTUxZmVhNzkxMmU,https://api.mybihr.com/medias/1092780-2-800Wx800H?context=bWFzdGVyfHJvb3R8MzAzNjV8aW1hZ2UvanBlZ3xhRFZoTDJnNE9TODRPVEk1Tmpnek5qQXpORGcyTHpFd09USTNPREF0TWw4NE1EQlhlRGd3TUVnfGZkZjVlNWJiYzkzNWQ3OTkxY2RlOWUxYjQyOGNkMTJjNWIyMWQ3ZTJiZWNmZGM0MTdmYTI1MjIzNzk2Mzc5Yjk,,,,https://static.bihr.pro/eBihr/Pictures/GILLES-pictures.zip,Spain Warehouse (Parts)
1092765,6120010401,GTA-F-S02-B,GILLES,"GILLE PROTECTION WHEEL AXL, BLK","Protectores del eje delantero GILLES, negro",82.00,67.77,30.50,GTA-F-S02-B,2,8714919000,0,1,"<ul><li>Protectores multifunción </li><li>Cuerpo de impacto fabricado con un plástico especial para un deslizamiento perfecto</li><li>Resistente a los golpes y a la abrasión</li><li>Montaje fácil y rápido</li><li>Reduce los daños por impacto alrededor del basculante, la horquilla o los ejes de rueda</li><li>Disponible para eje delantero o trasero.</li></ul><p> </p>""""""","Protectores multifunción Cuerpo de impacto fabricado con un plástico especial para un deslizamiento perfectoResistente a los golpes y a la abrasiónMontaje fácil y rápidoReduce los daños por impacto alrededor del basculante, la horquilla o los ejes de ruedaDisponible para eje delantero o trasero.
 """"""",VEHICLE PARTS & ACCESSORIES,ACCESSORIES,ACC. PLASTIC&PROTECT,,1024,200,127,144,56,,Negro,,,,,,,,,,https://api.mybihr.com/medias/1092765-1-800Wx800H?context=bWFzdGVyfHJvb3R8MTg1NjY1MnxpbWFnZS9qcGVnfGFHUmpMMmd3Tnk4NE9UVTJORGsyTVRFM056a3dMekV3T1RJM05qVXRNVjg0TURCWGVEZ3dNRWd8NGM5NjBhMWM5OGJjMWUxOGYyYmM1ZjdkNjE2ZTgxOGQ4M2Q5ZWFjYmUxMTYzNTM3MWI2MjVkYWU1NmIwZjUyYQ,https://api.mybihr.com/medias/1092765-2-800Wx800H?context=bWFzdGVyfHJvb3R8MTk4Njc0fGltYWdlL2pwZWd8YURCaUwyZ3dNUzg0T1RVMk5EazJNekUwTXprNEx6RXdPVEkzTmpVdE1sODRNREJYZURnd01FZ3w0YmJiYmNlMzAxMmVhYTljY2VkYTAyYjgxYmZmMzhiMTkyZDUyNzZjMTlhZTcxODA2YWI2YTc2NDEzMDBiZjgx,,,,https://static.bihr.pro/eBihr/Pictures/GILLES-pictures.zip,Spain Warehouse (Parts)
1092807,61000122,MP-L-Y04-B,GILLES,"GILLE PROTECTION ENGINE, LEFT, BLK","Protector de la tapa del motor GILLES (lado izquierdo), negro",105.00,86.78,39.05,MP-L-Y04-B,2,8714919000,0,1,"<ul><li><p>Combinación perfecta de diseño y protección. </p></li><li><p>Protección total para las tapas de motor y embrague</p></li><li><p>Resistente a la abrasión y muy estable</p></li><li><p>Adaptación precisa a la carcasa de la tapa</p></li><li><p>Realizado en 3 dimensiones</p></li><li><p>Aluminio 7075 de grado aeronáutico, acompañado de polioximetileno (<strong>POM</strong>) -<strong>un material muy duradero</strong>- en la parte superior.</p><p> </p></li></ul>""""""","Combinación perfecta de diseño y protección. Protección total para las tapas de motor y embragueResistente a la abrasión y muy estableAdaptación precisa a la carcasa de la tapaRealizado en 3 dimensionesAluminio 7075 de grado aeronáutico, acompañado de polioximetileno (POM) -un material muy duradero- en la parte superior. """"""",VEHICLE PARTS & ACCESSORIES,ACCESSORIES,ACC. PLASTIC&PROTECT,,1024,220,127,144,56,,Negro,,,,,,,,,,https://api.mybihr.com/medias/1092807-1-800Wx800H?context=bWFzdGVyfHJvb3R8NDQyODZ8aW1hZ2UvanBlZ3xhR1ppTDJnNFpTODRPRFV4T0RnME56QXpOemMwTHpFd09USTRNRGN0TVY4NE1EQlhlRGd3TUVnfDk5YzI3NjZjYjE2ZjBhYmUzYWVhNjFlMzFjZDVlNmQxMzBlYmVjNmRmNDEyOGFhMWUxMGU2NzFlYmQ3Zjk0YmQ,https://api.mybihr.com/medias/1092807-2-800Wx800H?context=bWFzdGVyfHJvb3R8Nzg4MTB8aW1hZ2UvanBlZ3xhREV5TDJnell5ODRPRFV4T0RnMU1EazJPVGt3THpFd09USTRNRGN0TWw4NE1EQlhlRGd3TUVnfDA2Njk4NTJkOGYwNWRhOTM0NDI4NjZkNzNlOWM4Y2Y2ZmNkOGVjYTA1YmNlMjJhNmZjZjJlMDNmZGU2NTBkMmY,,,,https://static.bihr.pro/eBihr/Pictures/GILLES-pictures.zip,Spain Warehouse (Parts)
1092770,6120010901,GTA-F-Y02-BR,GILLES,"GILLE PROTECTION WHEEL AXL, BLK/RED","Protectores del eje delantero GILLES, negro / rojo",82.00,67.77,27.11,GTA-F-Y02-BR,6,8714919000,0,1,"<ul><li>Protectores multifunci&oacute;n&nbsp;</li><li>Cuerpo de impacto fabricado con un pl&aacute;stico especial para un deslizamiento perfecto</li><li>Resistente a los golpes y a la abrasi&oacute;n</li><li>Montaje f&aacute;cil y r&aacute;pido</li><li>Reduce los da&ntilde;os por impacto alrededor del basculante, la horquilla o los ejes de rueda</li><li>Disponible para eje delantero o trasero.</li></ul><p>&nbsp;</p>","Protectores multifunción Cuerpo de impacto fabricado con un plástico especial para un deslizamiento perfectoResistente a los golpes y a la abrasiónMontaje fácil y rápidoReduce los daños por impacto alrededor del basculante, la horquilla o los ejes de ruedaDisponible para eje delantero o trasero.
 ",VEHICLE PARTS & ACCESSORIES,ACCESSORIES,ACC. PLASTIC&PROTECT,,1024,160,127,144,56,,Negro & Rojo,,,,por pareja,,,Delantero,,,https://api.mybihr.com/medias/1092770-1-800Wx800H?context=bWFzdGVyfHJvb3R8MzgwOTF8aW1hZ2UvanBlZ3xhRFpsTDJnMFppODRPVEV6T0RZM09UTXhOamM0THpFd09USTNOekF0TVY4NE1EQlhlRGd3TUVnfDNkYjRhNzJhZWI3MjIwZjlmNWY1NGU5YWI0ZjVmNDY5MTA1YTA2ZjcwMDgzZmUzZDlhN2UwZWM2OTcwZGU4NzQ,https://api.mybihr.com/medias/1092770-2-800Wx800H?context=bWFzdGVyfHJvb3R8MzAzNjV8aW1hZ2UvanBlZ3xhR1EzTDJnNVpDODRPVEV6T0RZNE1USTRNamcyTHpFd09USTNOekF0TWw4NE1EQlhlRGd3TUVnfDkzZWE3ODZiZGE0ZGMyMThjZjU2YjM1ZDM5Y2FiYTUwNTRkNzNmZjZmZjg4N2QzYjU5NGM3OTQ5OGZmMjBlYjI,,,,https://static.bihr.pro/eBihr/Pictures/GILLES-pictures.zip,Spain Warehouse (Parts)
1092761,6120010006,GTA-F-KT01-BO,GILLES,"GILLE PROTECTION WHEEL AXL, BLK/ORG","Protectores del eje delantero GILLES, negro / naranja",70.00,57.85,26.03,4251792705970,4,8714919000,0,1,"<ul><li>Protectores multifunci&oacute;n&nbsp;</li><li>Cuerpo de impacto fabricado con un pl&aacute;stico especial para un deslizamiento perfecto</li><li>Resistente a los golpes y a la abrasi&oacute;n</li><li>Montaje f&aacute;cil y r&aacute;pido</li><li>Reduce los da&ntilde;os por impacto alrededor del basculante, la horquilla o los ejes de rueda</li><li>Disponible para eje delantero o trasero.</li></ul><p>&nbsp;</p>","Protectores multifunción Cuerpo de impacto fabricado con un plástico especial para un deslizamiento perfectoResistente a los golpes y a la abrasiónMontaje fácil y rápidoReduce los daños por impacto alrededor del basculante, la horquilla o los ejes de ruedaDisponible para eje delantero o trasero.
 ",VEHICLE PARTS & ACCESSORIES,ACCESSORIES,ACC. PLASTIC&PROTECT,,1096,275,129,149,57,,Naranja,,,,,,,,,,https://api.mybihr.com/medias/1092761-1-800Wx800H?context=bWFzdGVyfHJvb3R8NTM1NjN8aW1hZ2UvanBlZ3xhRE5oTDJneFlTODRPVEV6T0RZMk9UUTROak00THpFd09USTNOakV0TVY4NE1EQlhlRGd3TUVnfDYyZDBiNmFkMjM3Yjg2YzU1ZmNjZTA2NjNiNjNmOGUyZGM1NjRiNjU3ZmZjYjU5ZmU2ZDg3YWUyNzUzOGU0ZmY,https://api.mybihr.com/medias/1092761-2-800Wx800H?context=bWFzdGVyfHJvb3R8MTE0MzM3fGltYWdlL2pwZWd8YURReEwyZ3pOQzg0T1RFek9EWTNNVFExTWpRMkx6RXdPVEkzTmpFdE1sODRNREJYZURnd01FZ3w4YjU5NzIzYTNjN2Y1Y2JkOGE4YmVlOGJlYTk2M2Q4MTAxZWVjOWMzYWZlZjFmY2U4NGVhN2Y1YzFiMzExYTUw,,,,https://static.bihr.pro/eBihr/Pictures/GILLES-pictures.zip,Spain Warehouse (Parts)
1092815,61000130,MP-R-Y04-B,GILLES,"GILLE PROTECTION ENGINE, RIGHT, BLK","Protector de la tapa del motor GILLES (lado derecho), negro",82.00,67.77,30.50,4251792710356,1,8714919000,0,1,"<ul><li><p>Combinación perfecta de diseño y protección. </p></li><li><p>Protección total para las tapas de motor y embrague</p></li><li><p>Resistente a la abrasión y muy estable</p></li><li><p>Adaptación precisa a la carcasa de la tapa</p></li><li><p>Realizado en 3 dimensiones</p></li><li><p>Aluminio 7075 de grado aeronáutico, acompañado de polioximetileno (<strong>POM</strong>) -<strong>un material muy duradero</strong>- en la parte superior.</p><p> </p></li></ul>""""""","Combinación perfecta de diseño y protección. Protección total para las tapas de motor y embragueResistente a la abrasión y muy estableAdaptación precisa a la carcasa de la tapaRealizado en 3 dimensionesAluminio 7075 de grado aeronáutico, acompañado de polioximetileno (POM) -un material muy duradero- en la parte superior. """"""",VEHICLE PARTS & ACCESSORIES,ACCESSORIES,ACC. PLASTIC&PROTECT,,475,10,80,135,44,,Negro,,,,,,,,,,https://api.mybihr.com/medias/1092815-1-800Wx800H?context=bWFzdGVyfHJvb3R8NTcwNjl8aW1hZ2UvanBlZ3xhREZrTDJnMllTODRPVE0yTXpVeU1USXdPRFl5THpFd09USTRNVFV0TVY4NE1EQlhlRGd3TUVnfGQ4NTUzMDJiM2I0N2YxY2MyYzBkOWM0ZjZhM2UzOWE0ZjVlYzE0YWRhMWNiYWVjZWY4YTgwMDViZjEwM2E3OTk,https://api.mybihr.com/medias/1092815-2-800Wx800H?context=bWFzdGVyfHJvb3R8ODUxNzN8aW1hZ2UvanBlZ3xhRFZtTDJnMk15ODRPVE0yTXpVeU16RTNORGN3THpFd09USTRNVFV0TWw4NE1EQlhlRGd3TUVnfDExNGMwOTYxYTZlYzBjZTY3MzY1MzNlNmQ2YWE1NzgyN2VjZDJmNjA2Zjc1YTNkYjgzMjQ2NDA0NWUzNmNjN2Q,,,,https://static.bihr.pro/eBihr/Pictures/GILLES-pictures.zip,Spain Warehouse (Parts)
1092760,6120009901,GTA-F-K02-B,GILLES,"GILLE PROTECTION WHEEL AXL, BLK","Protectores del eje delantero GILLES, negro",70.00,57.85,26.03,4251792705963,5,8714919000,0,1,"<ul><li>Protectores multifunci&oacute;n&nbsp;</li><li>Cuerpo de impacto fabricado con un pl&aacute;stico especial para un deslizamiento perfecto</li><li>Resistente a los golpes y a la abrasi&oacute;n</li><li>Montaje f&aacute;cil y r&aacute;pido</li><li>Reduce los da&ntilde;os por impacto alrededor del basculante, la horquilla o los ejes de rueda</li><li>Disponible para eje delantero o trasero.</li></ul><p>&nbsp;</p>","Protectores multifunción Cuerpo de impacto fabricado con un plástico especial para un deslizamiento perfectoResistente a los golpes y a la abrasiónMontaje fácil y rápidoReduce los daños por impacto alrededor del basculante, la horquilla o los ejes de ruedaDisponible para eje delantero o trasero.
 ",VEHICLE PARTS & ACCESSORIES,ACCESSORIES,ACC. PLASTIC&PROTECT,,961,260,53,342,53,,Negro,,,,,,,,,,https://api.mybihr.com/medias/1092760-1-800Wx800H?context=bWFzdGVyfHJvb3R8NTQ5MzJ8aW1hZ2UvanBlZ3xhR0UzTDJneVlTODRPVEExTWpJMU1UQTVOVE0wTHpFd09USTNOakF0TVY4NE1EQlhlRGd3TUVnfGVhOGU3OGI0YzM3MWVkYWE2YTBjMTBjNzU3NjE2MjYwZjQ2MWU4ZDYxZDkwNDhlNmM3ODc5YjNhZWVlN2RlZWY,https://api.mybihr.com/medias/1092760-2-800Wx800H?context=bWFzdGVyfHJvb3R8MjE5NDEyfGltYWdlL2pwZWd8YUdRMkwyZ3lNeTg0T1RBMU1qSTFNekEyTVRReUx6RXdPVEkzTmpBdE1sODRNREJYZURnd01FZ3xhMWNkOGIyZWM5NWQ3ZTMzYmZkMzQ0ZTQ0Yjg3ZmFhOTI5ZjhiZTc0NGVmN2EzYTliYTkyZTlkYmIxNTQ3MWUy,,,,https://static.bihr.pro/eBihr/Pictures/GILLES-pictures.zip,Spain Warehouse (Parts)
1092752,6120009101,GTA-F-A01-BR,GILLES,"GILLE PROTECTION WHEEL AXL, BLK/RED","Protectores del eje delantero GILLES, negro / rojo",82.00,67.77,30.50,GTA-F-A01-BR,5,8714919000,0,1,"<ul><li>Protectores multifunción </li><li>Cuerpo de impacto fabricado con un plástico especial para un deslizamiento perfecto</li><li>Resistente a los golpes y a la abrasión</li><li>Montaje fácil y rápido</li><li>Reduce los daños por impacto alrededor del basculante, la horquilla o los ejes de rueda</li><li>Disponible para eje delantero o trasero.</li></ul><p> </p>""""""","Protectores multifunción Cuerpo de impacto fabricado con un plástico especial para un deslizamiento perfectoResistente a los golpes y a la abrasiónMontaje fácil y rápidoReduce los daños por impacto alrededor del basculante, la horquilla o los ejes de ruedaDisponible para eje delantero o trasero.
 """"""",VEHICLE PARTS & ACCESSORIES,ACCESSORIES,ACC. PLASTIC&PROTECT,,1024,280,127,144,56,,Negro,,,,,,,,,,https://api.mybihr.com/medias/1092752-1-800Wx800H?context=bWFzdGVyfHJvb3R8MzgwOTF8aW1hZ2UvanBlZ3xhREptTDJoa01DODRPVE0yTXpVd05UUTNPVGs0THpFd09USTNOVEl0TVY4NE1EQlhlRGd3TUVnfDdmOTNhZmRhYWNhYzdhZWYxNzM4NDBjMTdjYzI2YWJiMzY5ZTA1ZmRlZTIwNjQ2MDlkNDkyYTQzMmI1NjVmYmI,https://api.mybihr.com/medias/1092752-2-800Wx800H?context=bWFzdGVyfHJvb3R8MzAzNjV8aW1hZ2UvanBlZ3xhR1ptTDJoa05pODRPVE0yTXpVd056UTBOakEyTHpFd09USTNOVEl0TWw4NE1EQlhlRGd3TUVnfGIyYWFiYzFmMzEyYTQ3NzhiZjdmNWRiYTQ5NWE5Nzk0MDViZGYxZmI3ZGNlMzIwNTA5NjhkMzdmMjk5OTg4ZmM,,,,https://static.bihr.pro/eBihr/Pictures/GILLES-pictures.zip,Spain Warehouse (Parts)
1092802,61000117,MP-L-K01-B,GILLES,"GILLE PROTECTION ENGINE, LEFT, BLK","Protector de la tapa del motor GILLES (lado izquierdo), negro",105.00,86.78,39.05,MP-L-K01-B,4,8714919000,0,1,"<ul><li><p>Combinación perfecta de diseño y protección. </p></li><li><p>Protección total para las tapas de motor y embrague</p></li><li><p>Resistente a la abrasión y muy estable</p></li><li><p>Adaptación precisa a la carcasa de la tapa</p></li><li><p>Realizado en 3 dimensiones</p></li><li><p>Aluminio 7075 de grado aeronáutico, acompañado de polioximetileno (<strong>POM</strong>) -<strong>un material muy duradero</strong>- en la parte superior.</p><p> </p></li></ul>""""""","Combinación perfecta de diseño y protección. Protección total para las tapas de motor y embragueResistente a la abrasión y muy estableAdaptación precisa a la carcasa de la tapaRealizado en 3 dimensionesAluminio 7075 de grado aeronáutico, acompañado de polioximetileno (POM) -un material muy duradero- en la parte superior. """"""",VEHICLE PARTS & ACCESSORIES,ACCESSORIES,ACC. PLASTIC&PROTECT,,8605,432,271,281,113,,Negro,,,,,,,,,,https://api.mybihr.com/medias/1092802-1-800Wx800H?context=bWFzdGVyfHJvb3R8NjIxOTB8aW1hZ2UvanBlZ3xhRGt4TDJobFpDODRPVFF5TURBMU9URXhOVGd5THpFd09USTRNREl0TVY4NE1EQlhlRGd3TUVnfGIyYTVkZjgxNWY4Mjg2OGFiOGNkZmQwYjg3M2UxNGI5YzEyMjBiNjg1OTRmNzdmOWE5NDdhZDk1YTRmNmU5OTk,https://api.mybihr.com/medias/1092802-2-800Wx800H?context=bWFzdGVyfHJvb3R8MTI1NzM1fGltYWdlL2pwZWd8YURBMUwyaGpOQzg0T1RReU1EQTJNVEE0TVRrd0x6RXdPVEk0TURJdE1sODRNREJYZURnd01FZ3wzMTlmMjkwMWI0YzNkYTM4MTFlNzgzZjUyYmMyNzY4NzhhYTAwMDY0YTAyOTI2NDIyMjNjNjZjNWQ5OTZkNzlm,,,,https://static.bihr.pro/eBihr/Pictures/GILLES-pictures.zip,Spain Warehouse (Parts)
1092803,61000118,MP-L-MV01-B,GILLES,"GILLE PROTECTION ENGINE, RIGHT, BLK","Protector de la tapa del motor GILLES (lado derecho), negro",150.00,123.97,55.79,MP-L-MV01-B,3,8714919000,0,1,"<ul><li><p>Combinación perfecta de diseño y protección. </p></li><li><p>Protección total para las tapas de motor y embrague</p></li><li><p>Resistente a la abrasión y muy estable</p></li><li><p>Adaptación precisa a la carcasa de la tapa</p></li><li><p>Realizado en 3 dimensiones</p></li><li><p>Aluminio 7075 de grado aeronáutico, acompañado de polioximetileno (<strong>POM</strong>) -<strong>un material muy duradero</strong>- en la parte superior.</p><p> </p></li></ul>""""""","Combinación perfecta de diseño y protección. Protección total para las tapas de motor y embragueResistente a la abrasión y muy estableAdaptación precisa a la carcasa de la tapaRealizado en 3 dimensionesAluminio 7075 de grado aeronáutico, acompañado de polioximetileno (POM) -un material muy duradero- en la parte superior. """"""",VEHICLE PARTS & ACCESSORIES,ACCESSORIES,ACC. PLASTIC&PROTECT,,475,160,80,135,44,,Negro,,,,,,,,,,https://api.mybihr.com/medias/1092803-1-800Wx800H?context=bWFzdGVyfHJvb3R8NjUzNDR8aW1hZ2UvanBlZ3xhR0ptTDJnM05pODRPVFEzTXpZM01UUTVOVGs0THpFd09USTRNRE10TVY4NE1EQlhlRGd3TUVnfDAxNWFkNzdiZTcxNjA5OGY4ZTE3MWQyYzk3OWIzMzc4NDAyMDgyNmYxNTEwZWZlZGJkNzlkMGFiYjczZjI4YzQ,https://api.mybihr.com/medias/1092803-2-800Wx800H?context=bWFzdGVyfHJvb3R8MTIzNjQ0fGltYWdlL2pwZWd8YUdWbUwyZzJaaTg0T1RRM016WTNNelEyTWpBMkx6RXdPVEk0TURNdE1sODRNREJYZURnd01FZ3xhNTJhMmM3YWZjMTMwMzY5MmQ3NmZlZDgwZjk4NzViZjA2NjlmM2QxODMzNjhkZjYyYTk0NWU5NTkyYjBiNmFk,,,,https://static.bihr.pro/eBihr/Pictures/GILLES-pictures.zip,Spain Warehouse (Parts)
1092796,6110003601,KHP-03-B,GILLES,"GILLE GUARD CLUTCH LEVER, BLK","Protector de maneta de embrague GILLES, negro",118.00,97.52,43.88,KHP-03-B,1,8714919000,0,1,"<ul><li>Un plus en seguridad, para la pista y las calles. </li><li>Imprescindible para la pista de carreras</li><li>Estructura en dos partes para proteger perfectamente el soporte básico</li><li>El diseño curvada hacia abajo deja espacio suficiente para que puedas colocar la mano sin que el protector te moleste</li><li>Para el lado del freno o del embrague</li><li>El cuerpo principal está mecanizado con aluminio de alta calidad, mientras que la pieza protectora está hecha de plástico resistente, gracias a esta mezcla de materiales, el protector te da las mejores prestaciones en cuanto a estabilidad y ?exibilidad cuando más lo necesitas.</li></ul><p> </p>""""""","Un plus en seguridad, para la pista y las calles. Imprescindible para la pista de carrerasEstructura en dos partes para proteger perfectamente el soporte básicoEl diseño curvada hacia abajo deja espacio suficiente para que puedas colocar la mano sin que el protector te molestePara el lado del freno o del embragueEl cuerpo principal está mecanizado con aluminio de alta calidad, mientras que la pieza protectora está hecha de plástico resistente, gracias a esta mezcla de materiales, el protector te da las mejores prestaciones en cuanto a estabilidad y ?exibilidad cuando más lo necesitas.
 """"""",VEHICLE PARTS & ACCESSORIES,ACCESSORIES,ACC. PLASTIC&PROTECT,,1634,300,128,228,56,,Negro,,,,,,,,,,https://api.mybihr.com/medias/1092796-1-800Wx800H?context=bWFzdGVyfHJvb3R8MTQ4NjI4fGltYWdlL2pwZWd8YURneEwyZ3dZeTg0T1RVMk5EazJOekEzTmpFMEx6RXdPVEkzT1RZdE1WODRNREJYZURnd01FZ3wzNGIyNzhiYTIxNDgyMzkzM2JlODM5Zjg4ZmJmODQzMDhlYmI1NTcxNmE5MTMyZTBhN2ExNjY4YmU0MGRkOTlh,https://api.mybihr.com/medias/1092796-2-800Wx800H?context=bWFzdGVyfHJvb3R8ODU0NzJ8aW1hZ2UvanBlZ3xhRFV5TDJneE15ODRPVFUyTkRrMk9UQTBNakl5THpFd09USTNPVFl0TWw4NE1EQlhlRGd3TUVnfDEyZGQyZmExYjM1NzBmMTljMjkzMzJkZWQ2ODJhMzZmNGMyYWZmNmFhMzg5MzAwMzU2OWFhM2JlNGNiYWNlY2M,,,,https://static.bihr.pro/eBihr/Pictures/GILLES-pictures.zip,Spain Warehouse (Parts)
1092766,6120010501,GTA-F-S04-BR,GILLES,"GILLE PROTECTION WHEEL AXL, BLK/RED","Protectores del eje delantero GILLES, negro / rojo",80.01,66.12,29.75,GTA-F-S04-BR,4,8714919000,0,1,"<ul><li>Protectores multifunción </li><li>Cuerpo de impacto fabricado con un plástico especial para un deslizamiento perfecto</li><li>Resistente a los golpes y a la abrasión</li><li>Montaje fácil y rápido</li><li>Reduce los daños por impacto alrededor del basculante, la horquilla o los ejes de rueda</li><li>Disponible para eje delantero o trasero.</li></ul><p> </p>""""""","Protectores multifunción Cuerpo de impacto fabricado con un plástico especial para un deslizamiento perfectoResistente a los golpes y a la abrasiónMontaje fácil y rápidoReduce los daños por impacto alrededor del basculante, la horquilla o los ejes de ruedaDisponible para eje delantero o trasero.
 """"""",VEHICLE PARTS & ACCESSORIES,ACCESSORIES,ACC. PLASTIC&PROTECT,,475,180,80,135,44,,Negro,,,,,,,,,,https://api.mybihr.com/medias/1092766-1-800Wx800H?context=bWFzdGVyfHJvb3R8MzgwOTF8aW1hZ2UvanBlZ3xhR05sTDJnME1TODRPVEV6T0RZM05UTTRORFl5THpFd09USTNOall0TVY4NE1EQlhlRGd3TUVnfDE3MWQwNTliOTY4OWZhZGE1YWVlNjg0ZmUyNWExZmJkN2ViOTYwN2FhYWE0Mjk0YzkzZjZiMWU0NjcxM2Y2MjY,https://api.mybihr.com/medias/1092766-2-800Wx800H?context=bWFzdGVyfHJvb3R8MzAzNjV8aW1hZ2UvanBlZ3xhRGxtTDJnME9DODRPVEV6T0RZM056TTFNRGN3THpFd09USTNOall0TWw4NE1EQlhlRGd3TUVnfGYyMTlhOTMyYTE1NmIzZTRkNjYyN2U3MzAwZmZhYjM1OWFiNDJiOTg5NmVhZWM4ZmY5ZWY0NjVhYjQ3NDM2NTA,,,,https://static.bihr.pro/eBihr/Pictures/GILLES-pictures.zip,Spain Warehouse (Parts)
1092757,6120009601,GTA-F-D02-B,GILLES,"GILLE PROTECTION WHEEL AXL, BLK","Protectores del eje delantero GILLES, negro",80.01,66.12,29.75,GTA-F-D02-B,3,8714919000,0,1,"<ul><li>Protectores multifunci&oacute;n&nbsp;</li><li>Cuerpo de impacto fabricado con un pl&aacute;stico especial para un deslizamiento perfecto</li><li>Resistente a los golpes y a la abrasi&oacute;n</li><li>Montaje f&aacute;cil y r&aacute;pido</li><li>Reduce los da&ntilde;os por impacto alrededor del basculante, la horquilla o los ejes de rueda</li><li>Disponible para eje delantero o trasero.</li></ul><p>&nbsp;</p>","Protectores multifunción Cuerpo de impacto fabricado con un plástico especial para un deslizamiento perfectoResistente a los golpes y a la abrasiónMontaje fácil y rápidoReduce los daños por impacto alrededor del basculante, la horquilla o los ejes de ruedaDisponible para eje delantero o trasero.
 ",VEHICLE PARTS & ACCESSORIES,ACCESSORIES,ACC. PLASTIC&PROTECT,,961,240,53,342,53,,Negro,,,,,,,,,,https://api.mybihr.com/medias/1092757-1-800Wx800H?context=bWFzdGVyfHJvb3R8MjIwNTZ8aW1hZ2UvanBlZ3xhREUxTDJnMVpDODRPVFUyTkRrMU56STBOVGMwTHpFd09USTNOVGN0TVY4NE1EQlhlRGd3TUVnfDM1OTA1YmEwMTNiM2UxNThjY2IwNjdmYzRhODA5MTcwNTU1YmMwMTE0MjM2YmVjMjkwMWNhMzdiYTZlZTczYzA,https://api.mybihr.com/medias/1092757-2-800Wx800H?context=bWFzdGVyfHJvb3R8MTY0MzkyfGltYWdlL2pwZWd8YURRMEwyZzFOaTg0T1RVMk5EazFPVEl4TVRneUx6RXdPVEkzTlRjdE1sODRNREJYZURnd01FZ3xjMTMzZGMzMGNiNzRjNDE1YjgzNDk4MjliNDVkNzNhYWU5YzY2MjMwNGEwNzU1NWU1MGRiNjM4NTMwNzExODg1,,,,https://static.bihr.pro/eBihr/Pictures/GILLES-pictures.zip,Spain Warehouse (Parts)
1092819,61400125,SC-04-B,GILLES,"GILLE PROTECTION FR SPROCKET, BLK","Protector de piñón GILLES, negro",105.00,86.78,34.71,SC-04-B,6,8714919000,0,1,"<ul><li><p>Los elegantes recambios de Gilles conjugan la apariencia y el estilo con la utilidad</p></li><li><p>Un ejemplo es este atractivo protector de piñón</p></li><li><p>Su diseño exclusivo va a juego con el look de otros productos de Gilles.</p><p> </p></li></ul>""""""","Los elegantes recambios de Gilles conjugan la apariencia y el estilo con la utilidadUn ejemplo es este atractivo protector de piñónSu diseño exclusivo va a juego con el look de otros productos de Gilles. """"""",VEHICLE PARTS & ACCESSORIES,ACCESSORIES,ACC. PLASTIC&PROTECT,,1126,153,152,130,57,,,,,,,,,,,,https://api.mybihr.com/medias/1092819-1-800Wx800H?context=bWFzdGVyfHJvb3R8MzY4MTJ8aW1hZ2UvanBlZ3xhREZtTDJnMk9TODRPVFEzTXpZM05UUXlPREUwTHpFd09USTRNVGt0TVY4NE1EQlhlRGd3TUVnfDcxNjIxZTU0NWY5NzYzZmZhYWI0YTI4ZGRhZWI1ZjVmOGE1ZDMxOTY5ZWUxZDJkNTMwNzg3ZmJiZmI5NTk2M2I,https://api.mybihr.com/medias/1092819-2-800Wx800H?context=bWFzdGVyfHJvb3R8MTY0MTc2fGltYWdlL2pwZWd8YURZeEwyZzJNaTg0T1RRM016WTNOek01TkRJeUx6RXdPVEk0TVRrdE1sODRNREJYZURnd01FZ3wxODk2YjZhNDNiYTVjYzk5NWUwYWI3N2JjNjQ2ZmY4NjNlZTdkNDE1NGExZTAxZjI2MjdhZTIzOWJjMGYyNGMz,,,,https://static.bihr.pro/eBihr/Pictures/GILLES-pictures.zip,Spain Warehouse (Parts)
1092778,6120011901,GTA-R-D02-B,GILLES,"GILLE PROTECTION WHEEL AXL, BLK/RED","Protectores del eje trasero GILLES, negro",80.01,66.12,29.75,GTA-R-D02-B,1,8714919000,0,1,"<ul><li>Protectores multifunci&oacute;n&nbsp;</li><li>Cuerpo de impacto fabricado con un pl&aacute;stico especial para un deslizamiento perfecto</li><li>Resistente a los golpes y a la abrasi&oacute;n</li><li>Montaje f&aacute;cil y r&aacute;pido</li><li>Reduce los da&ntilde;os por impacto alrededor del basculante, la horquilla o los ejes de rueda</li><li>Disponible para eje delantero o trasero.</li></ul><p>&nbsp;</p>","Protectores multifunción Cuerpo de impacto fabricado con un plástico especial para un deslizamiento perfectoResistente a los golpes y a la abrasiónMontaje fácil y rápidoReduce los daños por impacto alrededor del basculante, la horquilla o los ejes de ruedaDisponible para eje delantero o trasero.
 ",VEHICLE PARTS & ACCESSORIES,ACCESSORIES,ACC. PLASTIC&PROTECT,,2831,300,670,65,65,,Negro,,,,,,,,,,https://api.mybihr.com/medias/800Wx800H-1092778-1.jpg?context=bWFzdGVyfHJvb3R8NDc1OTF8aW1hZ2UvanBlZ3xhR0l4TDJnNU5DOHpNekV6TkRjNU1UQTJOVFl6TUM4NE1EQlhlRGd3TUVoZk1UQTVNamMzT0MweExtcHdad3xjYWM2OTA0ZTk3MTY0ZTk2YzhjNjJmMDVlZTZkZThkNGRkZTVmZTVjZjhkNGZiNTE2YWNmNGJkODMxZmE1NGQz,,,,,https://static.bihr.pro/eBihr/Pictures/GILLES-pictures.zip,Spain Warehouse (Parts)
1092808,61000123,MP-R-D01-B,GILLES,"GILLE PROTECTION ENGINE, RIGHT, BLK","Protector de la tapa del motor GILLES (lado derecho), negro",160.00,132.23,59.50,MP-R-D01-B,2,8714919000,0,1,"<ul><li><p>Combinación perfecta de diseño y protección. </p></li><li><p>Protección total para las tapas de motor y embrague</p></li><li><p>Resistente a la abrasión y muy estable</p></li><li><p>Adaptación precisa a la carcasa de la tapa</p></li><li><p>Realizado en 3 dimensiones</p></li><li><p>Aluminio 7075 de grado aeronáutico, acompañado de polioximetileno (<strong>POM</strong>) -<strong>un material muy duradero</strong>- en la parte superior.</p><p> </p></li></ul>""""""","Combinación perfecta de diseño y protección. Protección total para las tapas de motor y embragueResistente a la abrasión y muy estableAdaptación precisa a la carcasa de la tapaRealizado en 3 dimensionesAluminio 7075 de grado aeronáutico, acompañado de polioximetileno (POM) -un material muy duradero- en la parte superior. """"""",VEHICLE PARTS & ACCESSORIES,ACCESSORIES,ACC. PLASTIC&PROTECT,,1079,240,85,235,54,,Negro,,,,,,,,,,https://api.mybihr.com/medias/1092808-1-800Wx800H?context=bWFzdGVyfHJvb3R8OTA0NzJ8aW1hZ2UvanBlZ3xhR1ZrTDJnME1pODRPVEk1TmpnMk16VTFPVGs0THpFd09USTRNRGd0TVY4NE1EQlhlRGd3TUVnfGUzMTM1OTFiNjFjZjMxYTkzZGY4NmFmMjk1NTQwYmU5OTFkODY1NjgyMDgzNWJiNmQwYjg5ZjU1ZTE1Nzk0NzI,https://api.mybihr.com/medias/1092808-2-800Wx800H?context=bWFzdGVyfHJvb3R8MTcyMjM5fGltYWdlL2pwZWd8YURGa0wyZ3pZeTg0T1RJNU5qZzJOVFV5TmpBMkx6RXdPVEk0TURndE1sODRNREJYZURnd01FZ3w3MGFiNmZmODYwMTE1MDQyMTVhOGM2NDM2NDEwYWY1ZWQyM2Y1NjgwZjJkNGJmMDU5NDJmYzE3M2FmMzI3NTJh,,,,https://static.bihr.pro/eBihr/Pictures/GILLES-pictures.zip,Spain Warehouse (Parts)
1092806,61000121,MP-L-Y03-B,GILLES,"GILLE PROTECTION ENGINE, LEFT, BLK","Protector de la tapa del motor GILLES (lado izquierdo), negro",105.00,86.78,39.05,MP-L-Y03-B,1,8714919000,0,1,"<ul><li><p>Combinación perfecta de diseño y protección. </p></li><li><p>Protección total para las tapas de motor y embrague</p></li><li><p>Resistente a la abrasión y muy estable</p></li><li><p>Adaptación precisa a la carcasa de la tapa</p></li><li><p>Realizado en 3 dimensiones</p></li><li><p>Aluminio 7075 de grado aeronáutico, acompañado de polioximetileno (<strong>POM</strong>) -<strong>un material muy duradero</strong>- en la parte superior.</p><p> </p></li></ul>""""""","Combinación perfecta de diseño y protección. Protección total para las tapas de motor y embragueResistente a la abrasión y muy estableAdaptación precisa a la carcasa de la tapaRealizado en 3 dimensionesAluminio 7075 de grado aeronáutico, acompañado de polioximetileno (POM) -un material muy duradero- en la parte superior. """"""",VEHICLE PARTS & ACCESSORIES,ACCESSORIES,ACC. PLASTIC&PROTECT,,1024,200,127,144,56,,Negro,,,,,,,,,,https://api.mybihr.com/medias/1092806-1-800Wx800H?context=bWFzdGVyfHJvb3R8NTgxNzZ8aW1hZ2UvanBlZ3xhRE0xTDJoaVpDODRPVFF5TURBMk16QTBOems0THpFd09USTRNRFl0TVY4NE1EQlhlRGd3TUVnfGFiNTE5ZWU2ZTBkZTY0NmRiNjMzNzJkODhkNDViOTljMWQ4YjlkMTkxMDFmYjIyNzMyZGYwNmRlMWQzMmYzOTE,https://api.mybihr.com/medias/1092806-2-800Wx800H?context=bWFzdGVyfHJvb3R8MTU3NDA5fGltYWdlL2pwZWd8YURZMEwyaGlOaTg0T1RReU1EQTJOVEF4TkRBMkx6RXdPVEk0TURZdE1sODRNREJYZURnd01FZ3wwNWVkZGQ1YWZiNGNjMjZjOTFjMTc5ZjUwMzI2NmQ4ZDM4M2Q2Y2UyOTVlMGVlMTlkZjNmZTVjYWYzYzA1YTIx,,,,https://static.bihr.pro/eBihr/Pictures/GILLES-pictures.zip,Spain Warehouse (Parts)
1092820,61400126,SC-05-B,GILLES,"GILLE PROTECTION FR SPROCKET, BLK","Protector de piñón GILLES, negro",175.00,144.63,65.08,61400126,1,8714919000,0,1,"<ul><li><p>Los elegantes recambios de Gilles conjugan la apariencia y el estilo con la utilidad</p></li><li><p>Un ejemplo es este atractivo protector de piñón</p></li><li><p>Su diseño exclusivo va a juego con el look de otros productos de Gilles.</p><p> </p></li></ul>""""""","Los elegantes recambios de Gilles conjugan la apariencia y el estilo con la utilidadUn ejemplo es este atractivo protector de piñónSu diseño exclusivo va a juego con el look de otros productos de Gilles. """"""",VEHICLE PARTS & ACCESSORIES,ACCESSORIES,ACC. PLASTIC&PROTECT,,2638,293,157,210,80,,,,,,,,,,,,https://api.mybihr.com/medias/1092820-1-800Wx800H?context=bWFzdGVyfHJvb3R8NTk3ODJ8aW1hZ2UvanBlZ3xhR05sTDJneE5DODRPRGMzTVRVM056YzNORE00THpFd09USTRNakF0TVY4NE1EQlhlRGd3TUVnfGYwMjRlYmQyZWQyZTczMDExMjM4Y2JkNWJmYjJkMzk4Zjg4YzkzMzNjMDYzZDVjZDdmMjVmYTVjNmY2ZTNjNmU,https://api.mybihr.com/medias/1092820-2-800Wx800H?context=bWFzdGVyfHJvb3R8MTQxNTA1fGltYWdlL2pwZWd8YUdaa0wyZ3daQzg0T0RjM01UVTNPVGMwTURRMkx6RXdPVEk0TWpBdE1sODRNREJYZURnd01FZ3xlMzc0NTIwYzQ2NDVlMWYzZDVhZTJkNjE1Nzk2YWI4YTEwNmZjZTViYTczNjA5NDk0OWNjMDYwYjk5MGIxOTIy,,,,https://static.bihr.pro/eBihr/Pictures/GILLES-pictures.zip,Spain Warehouse (Parts)
1092769,6120010801,GTA-F-Y01-BR,GILLES,"GILLE PROTECTION WHEEL AXL, BLK/RED","Protectores del eje delantero GILLES, negro / rojo",82.00,67.77,30.50,GTA-F-Y01-BR,4,8714919000,0,1,"<ul><li>Protectores multifunci&oacute;n&nbsp;</li><li>Cuerpo de impacto fabricado con un pl&aacute;stico especial para un deslizamiento perfecto</li><li>Resistente a los golpes y a la abrasi&oacute;n</li><li>Montaje f&aacute;cil y r&aacute;pido</li><li>Reduce los da&ntilde;os por impacto alrededor del basculante, la horquilla o los ejes de rueda</li><li>Disponible para eje delantero o trasero.</li></ul><p>&nbsp;</p>","Protectores multifunción Cuerpo de impacto fabricado con un plástico especial para un deslizamiento perfectoResistente a los golpes y a la abrasiónMontaje fácil y rápidoReduce los daños por impacto alrededor del basculante, la horquilla o los ejes de ruedaDisponible para eje delantero o trasero.
 ",VEHICLE PARTS & ACCESSORIES,ACCESSORIES,ACC. PLASTIC&PROTECT,,1024,200,127,144,56,,Negro,,,,,,,,,,https://api.mybihr.com/medias/1092769-1-800Wx800H?context=bWFzdGVyfHJvb3R8MzgwOTF8aW1hZ2UvanBlZ3xhREkxTDJobVppODRPRGMzTVRVMU1ESTBPVEkyTHpFd09USTNOamt0TVY4NE1EQlhlRGd3TUVnfDQ4YzAyNjc1YWExMDg3NTJmZmIzMDljY2NhMzU4ODU4YzhkNjA3YjNhMjRhNzZmNDU0NjIxOTQ3MjQyOGIwMWE,https://api.mybihr.com/medias/1092769-2-800Wx800H?context=bWFzdGVyfHJvb3R8MzAzNjV8aW1hZ2UvanBlZ3xhREE1TDJobVlTODRPRGMzTVRVMU1qSXhOVE0wTHpFd09USTNOamt0TWw4NE1EQlhlRGd3TUVnfGI2NDA0NmYzMDk2OWM0MmVhZmI5MzE4Y2RkOWY1YTQ2MmVkZTI3NzQyZjMwZDRhMjgzZTU3YjVlYjc1NDZhMDA,,,,https://static.bihr.pro/eBihr/Pictures/GILLES-pictures.zip,Spain Warehouse (Parts)
1092798,6110003801,KHP-07-B,GILLES,"GILLE GUARD CLUTCH LEVER, BLK","Protector de maneta de embrague GILLES, negro",118.00,97.52,43.88,KHP-07-B,1,8714919000,0,1,"<ul><li>Un plus en seguridad, para la pista y las calles. </li><li>Imprescindible para la pista de carreras</li><li>Estructura en dos partes para proteger perfectamente el soporte básico</li><li>El diseño curvada hacia abajo deja espacio suficiente para que puedas colocar la mano sin que el protector te moleste</li><li>Para el lado del freno o del embrague</li><li>El cuerpo principal está mecanizado con aluminio de alta calidad, mientras que la pieza protectora está hecha de plástico resistente, gracias a esta mezcla de materiales, el protector te da las mejores prestaciones en cuanto a estabilidad y ?exibilidad cuando más lo necesitas.</li></ul><p> </p>""""""","Un plus en seguridad, para la pista y las calles. Imprescindible para la pista de carrerasEstructura en dos partes para proteger perfectamente el soporte básicoEl diseño curvada hacia abajo deja espacio suficiente para que puedas colocar la mano sin que el protector te molestePara el lado del freno o del embragueEl cuerpo principal está mecanizado con aluminio de alta calidad, mientras que la pieza protectora está hecha de plástico resistente, gracias a esta mezcla de materiales, el protector te da las mejores prestaciones en cuanto a estabilidad y ?exibilidad cuando más lo necesitas.
 """"""",VEHICLE PARTS & ACCESSORIES,ACCESSORIES,ACC. PLASTIC&PROTECT,,2208,246,126,292,60,,Negro,,,,,,,,,,https://api.mybihr.com/medias/1092798-1-800Wx800H?context=bWFzdGVyfHJvb3R8MjMyMTd8aW1hZ2UvanBlZ3xhRGN5TDJobU55ODRPVEk1TmpnME56Z3pNVE0wTHpFd09USTNPVGd0TVY4NE1EQlhlRGd3TUVnfDNiNTMzYTMxYmZlZjA3OGFkNmVjNmVmODdhYWU3MmE1MjhiMTJhZGI1OWY4OTIyNWJhYjNlODRlMjUwODE4OGQ,https://api.mybihr.com/medias/1092798-2-800Wx800H?context=bWFzdGVyfHJvb3R8ODU0NzJ8aW1hZ2UvanBlZ3xhREptTDJobVpTODRPVEk1TmpnME9UYzVOelF5THpFd09USTNPVGd0TWw4NE1EQlhlRGd3TUVnfDRjN2E2MTYzMThiZTg0ODBmZjA4MjZjZjAyYTIzYmIzOTcxNDlmNjAyMjczYmRlY2Q4MzM5ZTMwYTM2NzA2MmM,https://api.mybihr.com/medias/1092798-3-800Wx800H?context=bWFzdGVyfHJvb3R8MTQ4NjI4fGltYWdlL2pwZWd8YURVMEwyaGlNeTg0T1RJNU5qZzFNVGMyTXpVd0x6RXdPVEkzT1RndE0xODRNREJYZURnd01FZ3w1NWIwMmNhZGJjZWJmMjBkZGQxZDU1N2RlMmNlMjJmMDQyMzc2YWJiMmQ0ZGFjNzA0ZGFiM2QzMGUxNGZjMTM2,,,https://static.bihr.pro/eBihr/Pictures/GILLES-pictures.zip,Spain Warehouse (Parts)
1092767,6120010601,GTA-F-S05-BR,GILLES,"GILLE PROTECTION WHEEL AXL, BLK/RED","Protectores del eje delantero GILLES, negro / rojo",70.00,57.85,26.03,GTA-F-S05-BR,5,8714919000,0,1,"<ul><li>Protectores multifunción </li><li>Cuerpo de impacto fabricado con un plástico especial para un deslizamiento perfecto</li><li>Resistente a los golpes y a la abrasión</li><li>Montaje fácil y rápido</li><li>Reduce los daños por impacto alrededor del basculante, la horquilla o los ejes de rueda</li><li>Disponible para eje delantero o trasero.</li></ul><p> </p>""""""","Protectores multifunción Cuerpo de impacto fabricado con un plástico especial para un deslizamiento perfectoResistente a los golpes y a la abrasiónMontaje fácil y rápidoReduce los daños por impacto alrededor del basculante, la horquilla o los ejes de ruedaDisponible para eje delantero o trasero.
 """"""",VEHICLE PARTS & ACCESSORIES,ACCESSORIES,ACC. PLASTIC&PROTECT,,475,180,80,135,44,,Negro,,,,,,,,,,https://api.mybihr.com/medias/1092767-1-800Wx800H?context=bWFzdGVyfHJvb3R8MzgwOTF8aW1hZ2UvanBlZ3xhREEyTDJneFpDODRPVEExTWpJMU5UQXlOelV3THpFd09USTNOamN0TVY4NE1EQlhlRGd3TUVnfGMyNjc4MjVmOGMyNGYzZTQ2YjdmMGQ3ODExMGFkYTczZWEzM2I0NTE0N2VlMTc4MjlmYTRlYTBkYTMxOGJmN2E,https://api.mybihr.com/medias/1092767-2-800Wx800H?context=bWFzdGVyfHJvb3R8MzAzNjV8aW1hZ2UvanBlZ3xhRGs0TDJneE9DODRPVEExTWpJMU5qazVNelU0THpFd09USTNOamN0TWw4NE1EQlhlRGd3TUVnfGY0NWI4Y2M3NmQyMWViNGMxNDcyNTIwZDY4ZDUzZGVlZTllODQwMjM3YTQ3ZWU4ZTg2ODdjZDc4N2JmMzYyNTc,,,,https://static.bihr.pro/eBihr/Pictures/GILLES-pictures.zip,Spain Warehouse (Parts)
1092811,61000126,MP-R-MV01-B,GILLES,"GILLE PROTECTION ENGINE, RIGHT, BLK","Protector de la tapa del motor GILLES (lado derecho), negro",189.99,157.02,70.66,MP-R-MV01-B,3,8714919000,0,1,"<ul><li><p>Combinación perfecta de diseño y protección. </p></li><li><p>Protección total para las tapas de motor y embrague</p></li><li><p>Resistente a la abrasión y muy estable</p></li><li><p>Adaptación precisa a la carcasa de la tapa</p></li><li><p>Realizado en 3 dimensiones</p></li><li><p>Aluminio 7075 de grado aeronáutico, acompañado de polioximetileno (<strong>POM</strong>) -<strong>un material muy duradero</strong>- en la parte superior.</p><p> </p></li></ul>""""""","Combinación perfecta de diseño y protección. Protección total para las tapas de motor y embragueResistente a la abrasión y muy estableAdaptación precisa a la carcasa de la tapaRealizado en 3 dimensionesAluminio 7075 de grado aeronáutico, acompañado de polioximetileno (POM) -un material muy duradero- en la parte superior. """"""",VEHICLE PARTS & ACCESSORIES,ACCESSORIES,ACC. PLASTIC&PROTECT,,1079,220,85,235,54,,Negro,,,,,,,,,,https://api.mybihr.com/medias/1092811-1-800Wx800H?context=bWFzdGVyfHJvb3R8NjY5ODl8aW1hZ2UvanBlZ3xhR1kzTDJoaU1TODRPVFF5TURBMk5qazRNREUwTHpFd09USTRNVEV0TVY4NE1EQlhlRGd3TUVnfDMwMWEzNWI4MTc1OGEwY2FiYTY2ZTk2YjJiYzBlMzg5NmI1ZDc4ZTU2ZGJmNThiZDE4ZTYwNjQ1ZGQ4YTYzNzg,,,,,https://static.bihr.pro/eBihr/Pictures/GILLES-pictures.zip,Spain Warehouse (Parts)
1092804,61000119,MP-L-S01-B,GILLES,"GILLE PROTECTION ENGINE, LEFT, BLK","Protector de la tapa del motor GILLES (lado izquierdo), negro",140.00,115.70,52.07,MP-L-S01-B,3,8714919000,0,1,"<ul><li><p>Combinación perfecta de diseño y protección. </p></li><li><p>Protección total para las tapas de motor y embrague</p></li><li><p>Resistente a la abrasión y muy estable</p></li><li><p>Adaptación precisa a la carcasa de la tapa</p></li><li><p>Realizado en 3 dimensiones</p></li><li><p>Aluminio 7075 de grado aeronáutico, acompañado de polioximetileno (<strong>POM</strong>) -<strong>un material muy duradero</strong>- en la parte superior.</p><p> </p></li></ul>""""""","Combinación perfecta de diseño y protección. Protección total para las tapas de motor y embragueResistente a la abrasión y muy estableAdaptación precisa a la carcasa de la tapaRealizado en 3 dimensionesAluminio 7075 de grado aeronáutico, acompañado de polioximetileno (POM) -un material muy duradero- en la parte superior. """"""",VEHICLE PARTS & ACCESSORIES,ACCESSORIES,ACC. PLASTIC&PROTECT,,1024,220,127,144,56,,Negro,,,,,,,,,,https://api.mybihr.com/medias/1092804-1-800Wx800H?context=bWFzdGVyfHJvb3R8MjA3OTR8aW1hZ2UvanBlZ3xhREkyTDJnNU9DODRPVEk1TmpnMU9UWXlOemd5THpFd09USTRNRFF0TVY4NE1EQlhlRGd3TUVnfGE0MjcwZjhlODk3YTdhYjE4MWI3YmFhMDMxZWVjZmI1ZGI3MDYxM2M4NjhjNDY0YTlhMzg2Njg2MTU2YTRhMTM,https://api.mybihr.com/medias/1092804-2-800Wx800H?context=bWFzdGVyfHJvb3R8MTAyMjY3fGltYWdlL2pwZWd8YUdKa0wyZzBPUzg0T1RJNU5qZzJNVFU1TXprd0x6RXdPVEk0TURRdE1sODRNREJYZURnd01FZ3xmNDBkOTUzMGQ1MWY3ZmE1ZDJlNmY1MjIwZDhmZGRjMzIxZTNlODg3ODk0OWM2N2ZlYTI3MTI0ZmEyMzIwN2Fh,,,,https://static.bihr.pro/eBihr/Pictures/GILLES-pictures.zip,Spain Warehouse (Parts)
1092821,61400127,TG-01-KIT-B,GILLES,"GILLE PROTECTION RR SPROCKET, BLK","Protector de corona GILLES, negro",58.00,47.93,21.57,TG-01-KIT-B,2,8714919000,0,1,"<ul><li><p>Este protector se monta por debajo del basculante. </p></li><li><p>Combinación perfecta con otros productos Gilles</p></li><li><p>Arandelas de colores para acentuar el estilo</p></li><li><p>Diseño sofisticado, repleto de detalles elaborados</p></li><li><p>Ajuste preciso.</p><p> </p></li></ul>""""""","Este protector se monta por debajo del basculante. Combinación perfecta con otros productos GillesArandelas de colores para acentuar el estiloDiseño sofisticado, repleto de detalles elaboradosAjuste preciso. """"""",VEHICLE PARTS & ACCESSORIES,ACCESSORIES,ACC. PLASTIC&PROTECT,,1079,10,85,235,54,,,,,,,,,,,,https://api.mybihr.com/medias/1092821-1-800Wx800H?context=bWFzdGVyfHJvb3R8MjQ4ODd8aW1hZ2UvanBlZ3xhRFE0TDJnellTODRPRFV4T0RrME5UTTBNVGMwTHpFd09USTRNakV0TVY4NE1EQlhlRGd3TUVnfGU2OGFlOGU4NWNlYWEwNmJjM2VkODk3MzE1MmNiNGY0MGM0NzdhODM5YzAwYTU1NDNiZDVlZDQ1OWRlNzIyMzU,https://api.mybihr.com/medias/1092821-2-800Wx800H?context=bWFzdGVyfHJvb3R8MTY0NjgxfGltYWdlL2pwZWd8YUdRMkwyZzBOeTg0T0RVeE9EazBPVEkzTXprd0x6RXdPVEk0TWpFdE1sODRNREJYZURnd01FZ3xjMmY0NzZmYzE3OTJkNjhhY2RiMjI2NDdiMDY4YjFmMTZhN2NkZjhmOTRjZWMyNzZjNTdlMTlmMzVhMTM3Nzk0,,,,https://static.bihr.pro/eBihr/Pictures/GILLES-pictures.zip,Spain Warehouse (Parts)
1092823,61400129,TG-03-KIT-B,GILLES,"GILLE PROTECTION RR SPROCKET, BLK","Protector de corona GILLES, negro",58.00,47.93,21.57,TG-03-KIT-B,3,8714919000,0,1,"<ul><li><p>Este protector se monta por debajo del basculante. </p></li><li><p>Combinación perfecta con otros productos Gilles</p></li><li><p>Arandelas de colores para acentuar el estilo</p></li><li><p>Diseño sofisticado, repleto de detalles elaborados</p></li><li><p>Ajuste preciso.</p><p> </p></li></ul>""""""","Este protector se monta por debajo del basculante. Combinación perfecta con otros productos GillesArandelas de colores para acentuar el estiloDiseño sofisticado, repleto de detalles elaboradosAjuste preciso. """"""",VEHICLE PARTS & ACCESSORIES,ACCESSORIES,ACC. PLASTIC&PROTECT,,1669,140,159,164,64,,,,,,,,,,,,https://api.mybihr.com/medias/1092823-1-800Wx800H?context=bWFzdGVyfHJvb3R8MjQ4ODd8aW1hZ2UvanBlZ3xhRFE1TDJoaE5pODRPVEExTWpJM01EYzFOakUwTHpFd09USTRNak10TVY4NE1EQlhlRGd3TUVnfDNmMThmOThkNzExMjFmMzdmMjZlNjNjODQyYTIwMzFjZGY3ZmE2MzgwNTFlY2Y2NDg3ZDQ0OWUzNzYxNTQ5MjE,,,,,https://static.bihr.pro/eBihr/Pictures/GILLES-pictures.zip,Spain Warehouse (Parts)
1092813,61000128,MP-R-Y02-B,GILLES,"GILLE PROTECTION ENGINE, RIGHT, BLK","Protector de la tapa del motor GILLES (lado derecho), negro",99.99,82.64,37.19,MP-R-Y02-B,2,8714919000,0,1,"<ul><li><p>Combinación perfecta de diseño y protección. </p></li><li><p>Protección total para las tapas de motor y embrague</p></li><li><p>Resistente a la abrasión y muy estable</p></li><li><p>Adaptación precisa a la carcasa de la tapa</p></li><li><p>Realizado en 3 dimensiones</p></li><li><p>Aluminio 7075 de grado aeronáutico, acompañado de polioximetileno (<strong>POM</strong>) -<strong>un material muy duradero</strong>- en la parte superior.</p><p> </p></li></ul>""""""","Combinación perfecta de diseño y protección. Protección total para las tapas de motor y embragueResistente a la abrasión y muy estableAdaptación precisa a la carcasa de la tapaRealizado en 3 dimensionesAluminio 7075 de grado aeronáutico, acompañado de polioximetileno (POM) -un material muy duradero- en la parte superior. """"""",VEHICLE PARTS & ACCESSORIES,ACCESSORIES,ACC. PLASTIC&PROTECT,,475,180,80,135,44,,Negro,,,,,,,,,,https://api.mybihr.com/medias/1092813-1-800Wx800H?context=bWFzdGVyfHJvb3R8MjUyMTAyfGltYWdlL2pwZWd8YUdSaEwyaGpaaTg0T1RVd05USTRNRGd4T1RVd0x6RXdPVEk0TVRNdE1WODRNREJYZURnd01FZ3wxNGU1MjRmYmEwYmI0YjNkNDhlMWU0MzdkM2U2YWRhZGI5NjRjZTA1MWU3YWQ3Yzc5ZTg5NzVmYjRlNDU3NGFi,https://api.mybihr.com/medias/1092813-2-800Wx800H?context=bWFzdGVyfHJvb3R8MTAyMDI5fGltYWdlL2pwZWd8YURrM0wyaGtOaTg0T1RVd05USTRNamM0TlRVNEx6RXdPVEk0TVRNdE1sODRNREJYZURnd01FZ3xhYjljN2IxMjg0NTkwNDJhYzdiMDc3ZjE1ZDUzZDlmZTY4YWIxNWZmOTU0MDYyYzJkNTNhODlkMjYzMmM3OTI2,,,,https://static.bihr.pro/eBihr/Pictures/GILLES-pictures.zip,Spain Warehouse (Parts)
1092810,61000125,MP-R-K01-B,GILLES,"GILLE PROTECTION ENGINE, RIGHT, BLK","Protector de la tapa del motor GILLES (lado derecho), negro",105.00,86.78,39.05,MP-R-K01-B,4,8714919000,0,1,"<ul><li><p>Combinación perfecta de diseño y protección. </p></li><li><p>Protección total para las tapas de motor y embrague</p></li><li><p>Resistente a la abrasión y muy estable</p></li><li><p>Adaptación precisa a la carcasa de la tapa</p></li><li><p>Realizado en 3 dimensiones</p></li><li><p>Aluminio 7075 de grado aeronáutico, acompañado de polioximetileno (<strong>POM</strong>) -<strong>un material muy duradero</strong>- en la parte superior.</p><p> </p></li></ul>""""""","Combinación perfecta de diseño y protección. Protección total para las tapas de motor y embragueResistente a la abrasión y muy estableAdaptación precisa a la carcasa de la tapaRealizado en 3 dimensionesAluminio 7075 de grado aeronáutico, acompañado de polioximetileno (POM) -un material muy duradero- en la parte superior. """"""",VEHICLE PARTS & ACCESSORIES,ACCESSORIES,ACC. PLASTIC&PROTECT,,475,160,80,135,44,,Negro,,,,,,,,,,https://api.mybihr.com/medias/1092810-1-800Wx800H?context=bWFzdGVyfHJvb3R8NjQ4MjB8aW1hZ2UvanBlZ3xhRFZtTDJnek5TODRPVEk1TmpnMk56UTVNakUwTHpFd09USTRNVEF0TVY4NE1EQlhlRGd3TUVnfGVhZGViNmIwYmQ5YWNkYzhkMGFmN2ZiYWJiMjViYzliY2MwYTFiNmVkODkxMzVhYTI2ODMwOGVmNjM2Nzc3NTI,https://api.mybihr.com/medias/1092810-2-800Wx800H?context=bWFzdGVyfHJvb3R8MTI0Mjg5fGltYWdlL2pwZWd8YURobUwyZ3laUzg0T1RJNU5qZzJPVFExT0RJeUx6RXdPVEk0TVRBdE1sODRNREJYZURnd01FZ3w2MDhhYThiNDM0M2NiNWYxZDcxN2RkODQ4NWY4MWM4NTY2YTExYTlkNTBmNDVhZjYzYmY3NWRkN2MxOTg4Mjc3,,,,https://static.bihr.pro/eBihr/Pictures/GILLES-pictures.zip,Spain Warehouse (Parts)
1092790,6120013144,GTA-R-Y05-S,GILLES,"GILLE PROTECTION WHEEL AXL, SIL","Protectores del eje delantero GILLES, plata",80.01,66.12,29.75,GTA-R-Y05-S,4,8714919000,0,1,"<ul><li>Protectores multifunción </li><li>Cuerpo de impacto fabricado con un plástico especial para un deslizamiento perfecto</li><li>Resistente a los golpes y a la abrasión</li><li>Montaje fácil y rápido</li><li>Reduce los daños por impacto alrededor del basculante, la horquilla o los ejes de rueda</li><li>Disponible para eje delantero o trasero.</li></ul><p> </p>""""""","Protectores multifunción Cuerpo de impacto fabricado con un plástico especial para un deslizamiento perfectoResistente a los golpes y a la abrasiónMontaje fácil y rápidoReduce los daños por impacto alrededor del basculante, la horquilla o los ejes de ruedaDisponible para eje delantero o trasero.
 """"""",VEHICLE PARTS & ACCESSORIES,ACCESSORIES,ACC. PLASTIC&PROTECT,,2179,300,64,532,64,,Plata,,,,,,,,,,https://api.mybihr.com/medias/1092790-1-800Wx800H?context=bWFzdGVyfHJvb3R8MjIxOTd8aW1hZ2UvanBlZ3xhR00wTDJnd05TODRPVFUyTkRrMk5URXhNREEyTHpFd09USTNPVEF0TVY4NE1EQlhlRGd3TUVnfGE5YzA0ZjIzMTRmMWEwOTM2NDBjZTA3N2RiMDYzMDBkYjAzZGJlODJhNTBlNzkxOGQ0NGI3ZDEzY2QyZWE5Y2Y,,,,,https://static.bihr.pro/eBihr/Pictures/GILLES-pictures.zip,Spain Warehouse (Parts)
1092782,6120012301,GTA-R-S01-BR,GILLES,"GILLE PROTECTION WHEEL AXL, BLK/RED","Protectores del eje delantero GILLES, negro / rojo",70.00,57.85,26.03,4251792706205,5,8714919000,0,1,"<ul><li>Protectores multifunci&oacute;n&nbsp;</li><li>Cuerpo de impacto fabricado con un pl&aacute;stico especial para un deslizamiento perfecto</li><li>Resistente a los golpes y a la abrasi&oacute;n</li><li>Montaje f&aacute;cil y r&aacute;pido</li><li>Reduce los da&ntilde;os por impacto alrededor del basculante, la horquilla o los ejes de rueda</li><li>Disponible para eje delantero o trasero.</li></ul><p>&nbsp;</p>","Protectores multifunción Cuerpo de impacto fabricado con un plástico especial para un deslizamiento perfectoResistente a los golpes y a la abrasiónMontaje fácil y rápidoReduce los daños por impacto alrededor del basculante, la horquilla o los ejes de ruedaDisponible para eje delantero o trasero.
 ",VEHICLE PARTS & ACCESSORIES,ACCESSORIES,ACC. PLASTIC&PROTECT,,475,20,80,135,44,,Negro,,,,,,,,,,https://api.mybihr.com/medias/1092782-2-800Wx800H?context=bWFzdGVyfHJvb3R8MzAzNjV8aW1hZ2UvanBlZ3xhREF3TDJnMlpDODRPVFV3TlRJM01qazFOVEU0THpFd09USTNPREl0TWw4NE1EQlhlRGd3TUVnfGQ1ZDMyNjY2NjYwZjJjODZhNmQ3NTYzZTI3NDE2ZTA2MGE3Y2Y4ODk3YzVlNmRlNTVjMDA1ZjM4YzExN2YwNzI,https://api.mybihr.com/medias/1092782-3-800Wx800H?context=bWFzdGVyfHJvb3R8MzgwOTF8aW1hZ2UvanBlZ3xhR1F4TDJnM015ODRPVFV3TlRJM05Ea3lNVEkyTHpFd09USTNPREl0TTE4NE1EQlhlRGd3TUVnfDBjNTM4YTUzYzYwYTlhMDUzZjA5MjhmN2IzMDQ4ZDQ0NzNhNDg4YzU2ZjZhOWZlYjA3MGFmYzk4ZjFlY2ZjNmQ,,,,https://static.bihr.pro/eBihr/Pictures/GILLES-pictures.zip,Spain Warehouse (Parts)
1092809,61000124,MP-R-H01-B,GILLES,"GILLE PROTECTION ENGINE, RIGHT, BLK","Protector de la tapa del motor GILLES (lado derecho), negro",90.00,74.38,33.47,MP-R-H01-B,4,8714919000,0,1,"<ul><li><p>Combinación perfecta de diseño y protección. </p></li><li><p>Protección total para las tapas de motor y embrague</p></li><li><p>Resistente a la abrasión y muy estable</p></li><li><p>Adaptación precisa a la carcasa de la tapa</p></li><li><p>Realizado en 3 dimensiones</p></li><li><p>Aluminio 7075 de grado aeronáutico, acompañado de polioximetileno (<strong>POM</strong>) -<strong>un material muy duradero</strong>- en la parte superior.</p><p> </p></li></ul>""""""","Combinación perfecta de diseño y protección. Protección total para las tapas de motor y embragueResistente a la abrasión y muy estableAdaptación precisa a la carcasa de la tapaRealizado en 3 dimensionesAluminio 7075 de grado aeronáutico, acompañado de polioximetileno (POM) -un material muy duradero- en la parte superior. """"""",VEHICLE PARTS & ACCESSORIES,ACCESSORIES,ACC. PLASTIC&PROTECT,,1024,220,127,144,56,,Negro,,,,,,,,,,https://api.mybihr.com/medias/1092809-1-800Wx800H?context=bWFzdGVyfHJvb3R8MjYwOTZ8aW1hZ2UvanBlZ3xhR05rTDJnMk1TODRPVFUyTkRrM01UQXdPRE13THpFd09USTRNRGt0TVY4NE1EQlhlRGd3TUVnfDhiYmE2NGZkMWEzZTFiNTczYWNiZDg3MmUwMmNiYjlkMjI4N2YwOWY0MDA5YWE5NTEwNWM4Y2I3YjA1YTE5YTA,https://api.mybihr.com/medias/1092809-2-800Wx800H?context=bWFzdGVyfHJvb3R8MjIzMjk0fGltYWdlL2pwZWd8YUROaUwyZzJOaTg0T1RVMk5EazNNamszTkRNNEx6RXdPVEk0TURrdE1sODRNREJYZURnd01FZ3w0N2UxYWFlYzI2YWEwMTJmYWQxMTFjYmE2ZjQ2YWNhZTgyM2Q5ZTczNjMzNGUyMjU5OWUyNzYyZDExMWYwNzdk,,,,https://static.bihr.pro/eBihr/Pictures/GILLES-pictures.zip,Spain Warehouse (Parts)
1092812,61000127,MP-R-S01-B,GILLES,"GILLE PROTECTION ENGINE, RIGHT, BLK","Protector de la tapa del motor GILLES (lado derecho), negro",140.00,115.70,52.07,MP-R-S01-B,3,8714919000,0,1,"<ul><li><p>Combinación perfecta de diseño y protección. </p></li><li><p>Protección total para las tapas de motor y embrague</p></li><li><p>Resistente a la abrasión y muy estable</p></li><li><p>Adaptación precisa a la carcasa de la tapa</p></li><li><p>Realizado en 3 dimensiones</p></li><li><p>Aluminio 7075 de grado aeronáutico, acompañado de polioximetileno (<strong>POM</strong>) -<strong>un material muy duradero</strong>- en la parte superior.</p><p> </p></li></ul>""""""","Combinación perfecta de diseño y protección. Protección total para las tapas de motor y embragueResistente a la abrasión y muy estableAdaptación precisa a la carcasa de la tapaRealizado en 3 dimensionesAluminio 7075 de grado aeronáutico, acompañado de polioximetileno (POM) -un material muy duradero- en la parte superior. """"""",VEHICLE PARTS & ACCESSORIES,ACCESSORIES,ACC. PLASTIC&PROTECT,,2064,240,128,288,56,,Negro,,,,,,,,,,https://api.mybihr.com/medias/1092812-1-800Wx800H?context=bWFzdGVyfHJvb3R8MjA2MTB8aW1hZ2UvanBlZ3xhREJpTDJnMlpDODRPVFUyTkRrM05EazBNRFEyTHpFd09USTRNVEl0TVY4NE1EQlhlRGd3TUVnfDU4NjI4OTY1ZDc2ZWMxZjhmZDBlYzYzNzc4OTk2N2Y2ZTVmMjk3NzE3OWI1YjNmM2RiNjJjNWRmY2YzYmE4Nzk,https://api.mybihr.com/medias/1092812-2-800Wx800H?context=bWFzdGVyfHJvb3R8MTE2NTQ0fGltYWdlL2pwZWd8YUdSaUwyZzNNeTg0T1RVMk5EazNOamt3TmpVMEx6RXdPVEk0TVRJdE1sODRNREJYZURnd01FZ3w1OWZjYzNlMDMzOGU5YTdhNmE3YjljMDNlNzhlOTllMDA3NjAwZmVkZDBjNWQ2MmM4YTA2OTMwMzcxY2VjZDA2,,,,https://static.bihr.pro/eBihr/Pictures/GILLES-pictures.zip,Spain Warehouse (Parts)
