PartNumber,OldPartNumber,SupplierProductCode,Brand,ProductName,Designation,RetailPriceIncludingTax,RetailPriceExcludingTax,BaseDealerPriceExcludingTax,BarCode,StockValue,CommodityCode,OnDemand,DropShipping,HtmlDescription,Description,Category1,Category2,Category3,Volume (cm³),Weight (g),Length (mm),Width (mm),Height (mm),Composición,Composición del kit,Diámetro int/ext (mm/mm),Embalaje,Espesor (mm),Picture1,Picture2,Picture3,AllPicturesZIP,DeliveryPlant
1018273,,F1616A,NEWFREN,NEWFR PLATE FRICTION,Kit de discos de embrague NEWFREN Standard,120.27,99.40,64.61,8025832165606,0,8714105000,0,1,"<p><strong>OE-STANDARD LINE</strong></p>
<p>Est&aacute;n dise&ntilde;ados para sustituir al embrague OE, manteniendo las mismas prestaciones y durabilidad. Los juegos de discos de embrague OE-Standard se fabrican con materiales de primera calidad. Son productos extremadamente fiables. El material de fricci&oacute;n de los discos es org&aacute;nico. El compuesto del material org&aacute;nico se elige en funci&oacute;n del tipo y la utilizaci&oacute;n de la motocicleta, optimizando as&iacute; el rendimiento, aunque dentro de las directrices del fabricante.</p>","
OE-STANDARD LINE

Están diseñados para sustituir al embrague OE, manteniendo las mismas prestaciones y durabilidad. Los juegos de discos de embrague OE-Standard se fabrican con materiales de primera calidad. Son productos extremadamente fiables. El material de fricción de los discos es orgánico. El compuesto del material orgánico se elige en función del tipo y la utilización de la motocicleta, optimizando así el rendimiento, aunque dentro de las directrices del fabricante.",VEHICLE PARTS & ACCESSORIES,ENGINE PARTS,ENG. CLUTCH,1318,438,181,182,40,Orgánica,,,por unidad,,https://api.mybihr.com/medias/800Wx800H-1018273-1.jpg?context=bWFzdGVyfHJvb3R8Mjk5NTcyfGltYWdlL2pwZWd8YUdFMkwyZ3haQzg0TVRRMk56UXdPRGN4TVRjeE1DODRNREJYZURnd01FaGZNVEF4T0RJM015MHhMbXB3Wnd8M2Y2MGVjMTRkODRmMzFhMmFiZjY1YTUyYmI2ODNlZDk5YWMwM2QyZGNkMjM0ZjgzOTY2ZWVkZjA1MTRkNmFmNQ,,,https://static.bihr.pro/eBihr/Pictures/NEWFREN-pictures.zip,Spain Warehouse (Parts)
1018335,,F1971A,NEWFREN,NEWFR PLATE FRICTION,Kit de discos de embrague NEWFREN Standard,81.68,67.50,43.88,8025832037538,1,8714105000,0,1,"<p><strong>OE-STANDARD LINE</strong></p>
<p>Est&aacute;n dise&ntilde;ados para sustituir al embrague OE, manteniendo las mismas prestaciones y durabilidad. Los juegos de discos de embrague OE-Standard se fabrican con materiales de primera calidad. Son productos extremadamente fiables. El material de fricci&oacute;n de los discos es org&aacute;nico. El compuesto del material org&aacute;nico se elige en funci&oacute;n del tipo y la utilizaci&oacute;n de la motocicleta, optimizando as&iacute; el rendimiento, aunque dentro de las directrices del fabricante.</p>","
OE-STANDARD LINE

Están diseñados para sustituir al embrague OE, manteniendo las mismas prestaciones y durabilidad. Los juegos de discos de embrague OE-Standard se fabrican con materiales de primera calidad. Son productos extremadamente fiables. El material de fricción de los discos es orgánico. El compuesto del material orgánico se elige en función del tipo y la utilización de la motocicleta, optimizando así el rendimiento, aunque dentro de las directrices del fabricante.",VEHICLE PARTS & ACCESSORIES,ENGINE PARTS,ENG. CLUTCH,914,275,164,164,34,Orgánica,,,por unidad,,https://api.mybihr.com/medias/800Wx800H-1018335-1.jpg?context=bWFzdGVyfHJvb3R8Mjk5NTcyfGltYWdlL2pwZWd8YURReEwyZzVOeTg0TVRRMk9UWTRNRFV4TnpFMU1DODRNREJYZURnd01FaGZNVEF4T0RNek5TMHhMbXB3Wnd8NTU3NmJlOTFlMGY3MjNmNWM0ZTNlYzNlM2Q2MjlkOTQ4M2YxZmZkOTU0MmE3OTk2YzE0NmNmYmYyNDZmNDE3Zg,,,https://static.bihr.pro/eBihr/Pictures/NEWFREN-pictures.zip,Spain Warehouse (Parts)
1018143,,G0718,NEWFREN,NEWFR BASKET CLUTCH,Campana de embrague NEWFREN,162.14,134.00,87.10,8025832232247,0,8714105000,0,1,"<html> <head> <meta http-equiv=""Content-Type"" content=""text/html ; charset=utf-8""><title> </title> <style type=""text/css"">.cs95E872D0{text-align:left ; margin:0pt 0pt 0pt 0pt ; }.csC235ED31{color:#000 ; background-color:transparent ; font-weight:normal ; font-style:normal ; }</style> </head> <body> <p>Newfren clutches offer long life, performance and excellent reliability under all conditions. Centrifugal clutches are available for all the popular scooters. We offer replacement housings for all popular scooters, which are completely interchangeable with OE. Given the critical nature of scooter clutch assemblies, we recommend that you change the clutch housing when you change the clutch mechanism</p></body> </html>","       Newfren clutches offer long life, performance and excellent reliability under all conditions. Centrifugal clutches are available for all the popular scooters. We offer replacement housings for all popular scooters, which are completely interchangeable with OE. Given the critical nature of scooter clutch assemblies, we recommend that you change the clutch housing when you change the clutch mechanism ",VEHICLE PARTS & ACCESSORIES,ENGINE PARTS,ENG. CLUTCH,2367,2040,180,173,76,Acero,,,por unidad,,https://api.mybihr.com/medias/1018143-1-800Wx800H?context=bWFzdGVyfHJvb3R8NTc0MjZ8aW1hZ2UvanBlZ3xhR05rTDJoak5DODRPVE00TnpBMU1qSXpOekV3THpFd01UZ3hORE10TVY4NE1EQlhlRGd3TUVnfGNlMjdlZjIyYzdkMTNmMWZmNTBmOTAwN2M3YjQ2NjM2ZDI3YjhlMzU4MTE1ZDNjN2MzNGMxODE2ZmZmZTAzYTQ,,,https://static.bihr.pro/eBihr/Pictures/NEWFREN-pictures.zip,Spain Warehouse (Parts)
1018155,,FC1383,NEWFREN,NEWFR CLUTCH CENTRIFUGAL,Embrague NEWFREN Malaguti,81.55,67.40,43.81,8025832198314,2,8714105000,0,1,,,VEHICLE PARTS & ACCESSORIES,ENGINE PARTS,ENG. CLUTCH,411,354,119,119,29,,,,por unidad,,https://api.mybihr.com/medias/800Wx800H-1018155-1.jpg?context=bWFzdGVyfHJvb3R8MTE5MDg3fGltYWdlL2pwZWd8YURreUwyZ3dNeTg0TWpJME5UTXdNakExT1RBek9DODRNREJYZURnd01FaGZNVEF4T0RFMU5TMHhMbXB3Wnd8YTMwODljY2YxNTE2ODdhYjA1ZTQwYWZmMDViMGU4ZTk0YjhhN2Y3NmM0NGU4MTM1NTlmN2Q1NTI5ZjljNGZmMQ,,,https://static.bihr.pro/eBihr/Pictures/NEWFREN-pictures.zip,Spain Warehouse (Parts)
1018189,,F1411AC,NEWFREN,NEWFR PLATE STEEL&FRICTIONS,Kit de discos + separadores de embrague NEWFREN Standard,74.78,61.80,40.17,8025832031611,0,8714105000,0,1,"<p><strong>OE-STANDARD LINE</strong></p>
<p>Est&aacute;n dise&ntilde;ados para sustituir al embrague OE, manteniendo las mismas prestaciones y durabilidad. Los juegos de discos de embrague OE-Standard se fabrican con materiales de primera calidad. Son productos extremadamente fiables. El material de fricci&oacute;n de los discos es org&aacute;nico. El compuesto del material org&aacute;nico se elige en funci&oacute;n del tipo y la utilizaci&oacute;n de la motocicleta, optimizando as&iacute; el rendimiento, aunque dentro de las directrices del fabricante.</p>","
OE-STANDARD LINE

Están diseñados para sustituir al embrague OE, manteniendo las mismas prestaciones y durabilidad. Los juegos de discos de embrague OE-Standard se fabrican con materiales de primera calidad. Son productos extremadamente fiables. El material de fricción de los discos es orgánico. El compuesto del material orgánico se elige en función del tipo y la utilización de la motocicleta, optimizando así el rendimiento, aunque dentro de las directrices del fabricante.",VEHICLE PARTS & ACCESSORIES,ENGINE PARTS,ENG. CLUTCH,697,374,153,157,29,,,,por unidad,,https://api.mybihr.com/medias/1018189-1-800Wx800H?context=bWFzdGVyfHJvb3R8NjA4NTZ8aW1hZ2UvanBlZ3xhRE13TDJnME5DODRPVFV5T1RZMk5EUTNNVE0wTHpFd01UZ3hPRGt0TVY4NE1EQlhlRGd3TUVnfGVmYTFlMzQwOTAzYTI2ZjdmMDdhMjY5YjIzY2NmNzIyODYzNDZhYzJjZjRmOTkxYjNjZGRhYjEwNDY5YTE3ZjY,,,https://static.bihr.pro/eBihr/Pictures/NEWFREN-pictures.zip,Spain Warehouse (Parts)
1018201,,F1450R,NEWFREN,NEWFR PLATE FRICTION,Kit de discos de embrague NEWFREN Performance,166.13,137.30,89.25,8025832280569,1,8714105000,0,1,"<p><strong>PERFORMANCE LINE</strong></p>
<p>V&aacute;lidos tambi&eacute;n para el uso deportivo. La gama Performance ha sido pensada para un uso en carretera intensivo, pero tambi&eacute;n para uso deportivo para soportar las altas exigencias y para dar prestaciones de alto nivel. Los materiales de fricci&oacute;n, utilizados en los discos conductores del embrague en ba&ntilde;o de aceite, es el Paper Carbon. Los discos conducidos (separadores) est&aacute;n fabricados en un acero especial que asegura la m&aacute;xima resistencia y ausencias de deformaciones.</p>","
PERFORMANCE LINE

Válidos también para el uso deportivo. La gama Performance ha sido pensada para un uso en carretera intensivo, pero también para uso deportivo para soportar las altas exigencias y para dar prestaciones de alto nivel. Los materiales de fricción, utilizados en los discos conductores del embrague en baño de aceite, es el Paper Carbon. Los discos conducidos (separadores) están fabricados en un acero especial que asegura la máxima resistencia y ausencias de deformaciones.",VEHICLE PARTS & ACCESSORIES,ENGINE PARTS,ENG. CLUTCH,983,316,162,164,37,Orgánica,,,por unidad,,https://api.mybihr.com/medias/800Wx800H-1018201-1.jpg?context=bWFzdGVyfHJvb3R8Mjk5NTcyfGltYWdlL2pwZWd8YURNNUwyaGhPUzg0TVRRMk56TTVPVFl3TWpJd05pODRNREJYZURnd01FaGZNVEF4T0RJd01TMHhMbXB3Wnd8MzZhMzY3MWQwZmE0ZDFlMDBkOWIxNTAyMzM5YjNhM2FlYmQ1YjUwN2I5YjFiMjA3ZDgyZjRkMjY2ZGUxOTZkMg,,,https://static.bihr.pro/eBihr/Pictures/NEWFREN-pictures.zip,Spain Warehouse (Parts)
1018203,,F1451R,NEWFREN,NEWFR PLATE FRICTION,Kit de discos de embrague NEWFREN Performance,166.50,137.60,89.44,8025832280583,2,8714105000,0,1,"<p><strong>PERFORMANCE LINE</strong></p>
<p>V&aacute;lidos tambi&eacute;n para el uso deportivo. La gama Performance ha sido pensada para un uso en carretera intensivo, pero tambi&eacute;n para uso deportivo para soportar las altas exigencias y para dar prestaciones de alto nivel. Los materiales de fricci&oacute;n, utilizados en los discos conductores del embrague en ba&ntilde;o de aceite, es el Paper Carbon. Los discos conducidos (separadores) est&aacute;n fabricados en un acero especial que asegura la m&aacute;xima resistencia y ausencias de deformaciones.</p>","
PERFORMANCE LINE

Válidos también para el uso deportivo. La gama Performance ha sido pensada para un uso en carretera intensivo, pero también para uso deportivo para soportar las altas exigencias y para dar prestaciones de alto nivel. Los materiales de fricción, utilizados en los discos conductores del embrague en baño de aceite, es el Paper Carbon. Los discos conducidos (separadores) están fabricados en un acero especial que asegura la máxima resistencia y ausencias de deformaciones.",VEHICLE PARTS & ACCESSORIES,ENGINE PARTS,ENG. CLUTCH,1088,276,161,169,40,Orgánica,,,por unidad,,https://api.mybihr.com/medias/800Wx800H-1018203-1.jpg?context=bWFzdGVyfHJvb3R8Mjk5NTcyfGltYWdlL2pwZWd8YUdFMkwyaGhaQzg0TVRRMk56TTVPVGM1T0RneE5DODRNREJYZURnd01FaGZNVEF4T0RJd015MHhMbXB3Wnd8NDEwMjlhMzRhNDhjMmQyYzA2MjBkN2IwZDAzNmFjNTA3Y2IwODliMTA3M2JlY2RkNDNkNTFlNDVjMDYyN2VmZg,,,https://static.bihr.pro/eBihr/Pictures/NEWFREN-pictures.zip,Spain Warehouse (Parts)
1018211,,F1468SR,NEWFREN,NEWFR PLATE STEEL&FRICTIONS,Kit de discos + separadores de embrague NEWFREN Performance,285.08,235.60,153.14,8025832292906,2,8714105000,0,1,"<p><strong>PERFORMANCE LINE</strong></p>
<p>V&aacute;lidos tambi&eacute;n para el uso deportivo. La gama Performance ha sido pensada para un uso en carretera intensivo, pero tambi&eacute;n para uso deportivo para soportar las altas exigencias y para dar prestaciones de alto nivel. Los materiales de fricci&oacute;n, utilizados en los discos conductores del embrague en ba&ntilde;o de aceite, es el Paper Carbon. Los discos conducidos (separadores) est&aacute;n fabricados en un acero especial que asegura la m&aacute;xima resistencia y ausencias de deformaciones.</p>","
PERFORMANCE LINE

Válidos también para el uso deportivo. La gama Performance ha sido pensada para un uso en carretera intensivo, pero también para uso deportivo para soportar las altas exigencias y para dar prestaciones de alto nivel. Los materiales de fricción, utilizados en los discos conductores del embrague en baño de aceite, es el Paper Carbon. Los discos conducidos (separadores) están fabricados en un acero especial que asegura la máxima resistencia y ausencias de deformaciones.",VEHICLE PARTS & ACCESSORIES,ENGINE PARTS,ENG. CLUTCH,2768,1135,185,187,80,,,,por unidad,,https://api.mybihr.com/medias/1018211-1-800Wx800H?context=bWFzdGVyfHJvb3R8MjEwMTQyM3xpbWFnZS9qcGVnfGFETXdMMmc0TXk4NE9UTTROVGt6T1RjMk16VXdMekV3TVRneU1URXRNVjg0TURCWGVEZ3dNRWd8MDI5MGVlMDE2ODY3ZDUxZWRmZmZlYmM1MTQzZjc2NjNhYzFhY2JkOGE2MDU3YWFkZDQxYmEyOGVmMzg2YjYxNg,,,https://static.bihr.pro/eBihr/Pictures/NEWFREN-pictures.zip,Spain Warehouse (Parts)
1018354,,F2704AC,NEWFREN,NEWFR PLATE FRICTION,Kit de discos + separadores de embrague NEWFREN Standard,203.40,168.10,109.27,8025832275800,0,8714105000,0,1,"<p><strong>OE-STANDARD LINE</strong></p>
<p>Est&aacute;n dise&ntilde;ados para sustituir al embrague OE, manteniendo las mismas prestaciones y durabilidad. Los juegos de discos de embrague OE-Standard se fabrican con materiales de primera calidad. Son productos extremadamente fiables. El material de fricci&oacute;n de los discos es org&aacute;nico. El compuesto del material org&aacute;nico se elige en funci&oacute;n del tipo y la utilizaci&oacute;n de la motocicleta, optimizando as&iacute; el rendimiento, aunque dentro de las directrices del fabricante.</p>","
OE-STANDARD LINE

Están diseñados para sustituir al embrague OE, manteniendo las mismas prestaciones y durabilidad. Los juegos de discos de embrague OE-Standard se fabrican con materiales de primera calidad. Son productos extremadamente fiables. El material de fricción de los discos es orgánico. El compuesto del material orgánico se elige en función del tipo y la utilización de la motocicleta, optimizando así el rendimiento, aunque dentro de las directrices del fabricante.",VEHICLE PARTS & ACCESSORIES,ENGINE PARTS,ENG. CLUTCH,2933,1561,189,187,83,,,,por unidad,,https://api.mybihr.com/medias/1018354-1-800Wx800H?context=bWFzdGVyfHJvb3R8NDE3MzZ8aW1hZ2UvanBlZ3xhRFJrTDJoak1pODRPVFV5T1RZd016VXlNamcyTHpFd01UZ3pOVFF0TVY4NE1EQlhlRGd3TUVnfGVhMGZhZGJhZDEzN2EwNTU1YTU1OWFkYzQxY2M5MzNiMTdmMTVkYTM5N2ZhYjc0ZTVkN2NhYjhlYjg5NzU0ODA,,,https://static.bihr.pro/eBihr/Pictures/NEWFREN-pictures.zip,Spain Warehouse (Parts)
1018357,,F2715A,NEWFREN,NEWFR PLATE FRICTION,Kit de discos de embrague NEWFREN Standard,79.86,66.00,42.90,8025832276180,1,8714105000,0,1,"<p><strong>OE-STANDARD LINE</strong></p>
<p>Est&aacute;n dise&ntilde;ados para sustituir al embrague OE, manteniendo las mismas prestaciones y durabilidad. Los juegos de discos de embrague OE-Standard se fabrican con materiales de primera calidad. Son productos extremadamente fiables. El material de fricci&oacute;n de los discos es org&aacute;nico. El compuesto del material org&aacute;nico se elige en funci&oacute;n del tipo y la utilizaci&oacute;n de la motocicleta, optimizando as&iacute; el rendimiento, aunque dentro de las directrices del fabricante.</p>","
OE-STANDARD LINE

Están diseñados para sustituir al embrague OE, manteniendo las mismas prestaciones y durabilidad. Los juegos de discos de embrague OE-Standard se fabrican con materiales de primera calidad. Son productos extremadamente fiables. El material de fricción de los discos es orgánico. El compuesto del material orgánico se elige en función del tipo y la utilización de la motocicleta, optimizando así el rendimiento, aunque dentro de las directrices del fabricante.",VEHICLE PARTS & ACCESSORIES,ENGINE PARTS,ENG. CLUTCH,770,299,164,162,29,Orgánica,,,por unidad,,https://api.mybihr.com/medias/800Wx800H-1018357-1.jpg?context=bWFzdGVyfHJvb3R8Mjk5NTcyfGltYWdlL2pwZWd8YURFMkwyaGhZUzg0TVRRMk9UWTRNelkyTWpnM09DODRNREJYZURnd01FaGZNVEF4T0RNMU55MHhMbXB3Wnd8NjYzZjFmYmFlOTJiYWNmYmEwYzY3NDc5NjQxYjQ4ODE1MDI3MWJlY2ZiY2FlZjA3MDZlOTMzMmE5MzA0MjJmYg,,,https://static.bihr.pro/eBihr/Pictures/NEWFREN-pictures.zip,Spain Warehouse (Parts)
1018358,,F2715AC,NEWFREN,NEWFR PLATE FRICTION,Kit de discos + separadores de embrague NEWFREN Standard,138.30,114.30,74.30,8025832276197,0,8714105000,0,1,"<p><strong>OE-STANDARD LINE</strong></p>
<p>Est&aacute;n dise&ntilde;ados para sustituir al embrague OE, manteniendo las mismas prestaciones y durabilidad. Los juegos de discos de embrague OE-Standard se fabrican con materiales de primera calidad. Son productos extremadamente fiables. El material de fricci&oacute;n de los discos es org&aacute;nico. El compuesto del material org&aacute;nico se elige en funci&oacute;n del tipo y la utilizaci&oacute;n de la motocicleta, optimizando as&iacute; el rendimiento, aunque dentro de las directrices del fabricante.</p>","
OE-STANDARD LINE

Están diseñados para sustituir al embrague OE, manteniendo las mismas prestaciones y durabilidad. Los juegos de discos de embrague OE-Standard se fabrican con materiales de primera calidad. Son productos extremadamente fiables. El material de fricción de los discos es orgánico. El compuesto del material orgánico se elige en función del tipo y la utilización de la motocicleta, optimizando así el rendimiento, aunque dentro de las directrices del fabricante.",VEHICLE PARTS & ACCESSORIES,ENGINE PARTS,ENG. CLUTCH,1406,921,184,182,42,,,,por unidad,,https://api.mybihr.com/medias/1018358-1-800Wx800H?context=bWFzdGVyfHJvb3R8NDUwMzl8aW1hZ2UvanBlZ3xhRGcyTDJoa09TODRPVE00TXpZME9Ua3pOVFkyTHpFd01UZ3pOVGd0TVY4NE1EQlhlRGd3TUVnfDhkNjA2M2E4NzllMGQ2ZTcwODlhNmY2YWUwNjI5NzM5NWQxZjJiZDFkMmQ5YWEyNTAyYTdkZmMzNTE5NDc3MDg,,,https://static.bihr.pro/eBihr/Pictures/NEWFREN-pictures.zip,Spain Warehouse (Parts)
1018359,,F2716A,NEWFREN,NEWFR PLATE FRICTION,Kit de discos de embrague NEWFREN Standard,90.63,74.90,48.69,8025832276234,1,8714105000,0,1,"<p><strong>OE-STANDARD LINE</strong></p>
<p>Est&aacute;n dise&ntilde;ados para sustituir al embrague OE, manteniendo las mismas prestaciones y durabilidad. Los juegos de discos de embrague OE-Standard se fabrican con materiales de primera calidad. Son productos extremadamente fiables. El material de fricci&oacute;n de los discos es org&aacute;nico. El compuesto del material org&aacute;nico se elige en funci&oacute;n del tipo y la utilizaci&oacute;n de la motocicleta, optimizando as&iacute; el rendimiento, aunque dentro de las directrices del fabricante.</p>","
OE-STANDARD LINE

Están diseñados para sustituir al embrague OE, manteniendo las mismas prestaciones y durabilidad. Los juegos de discos de embrague OE-Standard se fabrican con materiales de primera calidad. Son productos extremadamente fiables. El material de fricción de los discos es orgánico. El compuesto del material orgánico se elige en función del tipo y la utilización de la motocicleta, optimizando así el rendimiento, aunque dentro de las directrices del fabricante.",VEHICLE PARTS & ACCESSORIES,ENGINE PARTS,ENG. CLUTCH,780,337,164,164,29,Orgánica,,,por unidad,,https://api.mybihr.com/medias/800Wx800H-1018359-1.jpg?context=bWFzdGVyfHJvb3R8Mjk5NTcyfGltYWdlL2pwZWd8YUdRekwyaGlNQzg0TVRRMk9UWTRNemcxT1RRNE5pODRNREJYZURnd01FaGZNVEF4T0RNMU9TMHhMbXB3Wnd8OGM1YzAxMGY5ZmNjODc1ZTZkNjQ0ZjQ4ZmZiMTJhZWQxMzI0YWIxZTI3ZjRhYTMxMzUyZmEyZTEyZWEzZGZjNw,,,https://static.bihr.pro/eBihr/Pictures/NEWFREN-pictures.zip,Spain Warehouse (Parts)
1018361,,F2720A,NEWFREN,NEWFR PLATE FRICTION,Kit de discos de embrague NEWFREN Standard,90.63,74.90,48.69,8025832276418,1,8714105000,0,1,"<p><strong>OE-STANDARD LINE</strong></p>
<p>Est&aacute;n dise&ntilde;ados para sustituir al embrague OE, manteniendo las mismas prestaciones y durabilidad. Los juegos de discos de embrague OE-Standard se fabrican con materiales de primera calidad. Son productos extremadamente fiables. El material de fricci&oacute;n de los discos es org&aacute;nico. El compuesto del material org&aacute;nico se elige en funci&oacute;n del tipo y la utilizaci&oacute;n de la motocicleta, optimizando as&iacute; el rendimiento, aunque dentro de las directrices del fabricante.</p>","
OE-STANDARD LINE

Están diseñados para sustituir al embrague OE, manteniendo las mismas prestaciones y durabilidad. Los juegos de discos de embrague OE-Standard se fabrican con materiales de primera calidad. Son productos extremadamente fiables. El material de fricción de los discos es orgánico. El compuesto del material orgánico se elige en función del tipo y la utilización de la motocicleta, optimizando así el rendimiento, aunque dentro de las directrices del fabricante.",VEHICLE PARTS & ACCESSORIES,ENGINE PARTS,ENG. CLUTCH,726,336,164,164,27,Orgánica,,,por unidad,,https://api.mybihr.com/medias/800Wx800H-1018361-1.jpg?context=bWFzdGVyfHJvb3R8Mjk5NTcyfGltYWdlL2pwZWd8YURSbUwyaG1aaTg0TVRRMk9UWTROREExTmpBNU5DODRNREJYZURnd01FaGZNVEF4T0RNMk1TMHhMbXB3Wnd8NmY4OTY3NTA4MWM2ZDE0YjkwMTYxZDdmY2M3ZTI1ODA4MDcxOWU1OGNlNzY1Yjk3MDhjMGI1NTU0MWQ4NjA0Yg,,,https://static.bihr.pro/eBihr/Pictures/NEWFREN-pictures.zip,Spain Warehouse (Parts)
1018364,,F2811A,NEWFREN,NEWFR PLATE FRICTION,Kit de discos de embrague NEWFREN Standard,47.80,39.50,25.68,8025832038542,0,8714105000,0,1,"<p><strong>OE-STANDARD LINE</strong></p>
<p>Est&aacute;n dise&ntilde;ados para sustituir al embrague OE, manteniendo las mismas prestaciones y durabilidad. Los juegos de discos de embrague OE-Standard se fabrican con materiales de primera calidad. Son productos extremadamente fiables. El material de fricci&oacute;n de los discos es org&aacute;nico. El compuesto del material org&aacute;nico se elige en funci&oacute;n del tipo y la utilizaci&oacute;n de la motocicleta, optimizando as&iacute; el rendimiento, aunque dentro de las directrices del fabricante.</p>","
OE-STANDARD LINE

Están diseñados para sustituir al embrague OE, manteniendo las mismas prestaciones y durabilidad. Los juegos de discos de embrague OE-Standard se fabrican con materiales de primera calidad. Son productos extremadamente fiables. El material de fricción de los discos es orgánico. El compuesto del material orgánico se elige en función del tipo y la utilización de la motocicleta, optimizando así el rendimiento, aunque dentro de las directrices del fabricante.",VEHICLE PARTS & ACCESSORIES,ENGINE PARTS,ENG. CLUTCH,474,179,134,131,27,Orgánica,,,por unidad,,https://api.mybihr.com/medias/800Wx800H-1018364-1.jpg?context=bWFzdGVyfHJvb3R8Mjk5NTcyfGltYWdlL2pwZWd8YURJeUwyaG1NeTg0TVRRMk9UWTRORFEwT1RNeE1DODRNREJYZURnd01FaGZNVEF4T0RNMk5DMHhMbXB3Wnd8NjVhYzllOWRkM2Q4YjA0MDUxYzRhNjYwYjc2MzUyZTFkMTc3NjE5NjM0NjIwOGYzZmZiNDAxODRhYjc5YzkwYg,,,https://static.bihr.pro/eBihr/Pictures/NEWFREN-pictures.zip,Spain Warehouse (Parts)
1018367,,F2815A,NEWFREN,NEWFR PLATE FRICTION,Kit de discos de embrague NEWFREN Standard,57.96,47.90,31.14,8025832038641,1,8714105000,0,1,"<p><strong>OE-STANDARD LINE</strong></p>
<p>Est&aacute;n dise&ntilde;ados para sustituir al embrague OE, manteniendo las mismas prestaciones y durabilidad. Los juegos de discos de embrague OE-Standard se fabrican con materiales de primera calidad. Son productos extremadamente fiables. El material de fricci&oacute;n de los discos es org&aacute;nico. El compuesto del material org&aacute;nico se elige en funci&oacute;n del tipo y la utilizaci&oacute;n de la motocicleta, optimizando as&iacute; el rendimiento, aunque dentro de las directrices del fabricante.</p>","
OE-STANDARD LINE

Están diseñados para sustituir al embrague OE, manteniendo las mismas prestaciones y durabilidad. Los juegos de discos de embrague OE-Standard se fabrican con materiales de primera calidad. Son productos extremadamente fiables. El material de fricción de los discos es orgánico. El compuesto del material orgánico se elige en función del tipo y la utilización de la motocicleta, optimizando así el rendimiento, aunque dentro de las directrices del fabricante.",VEHICLE PARTS & ACCESSORIES,ENGINE PARTS,ENG. CLUTCH,691,223,147,147,32,Orgánica,,,por unidad,,https://api.mybihr.com/medias/800Wx800H-1018367-1.jpg?context=bWFzdGVyfHJvb3R8Mjk5NTcyfGltYWdlL2pwZWd8YURneUwyaGxOUzg0TVRRMk9UWTRORGcwTWpVeU5pODRNREJYZURnd01FaGZNVEF4T0RNMk55MHhMbXB3Wnd8ODBmNzdlYjU5MDVmMmVhYzVlY2I4MTZkNTNiYjY5ZDU1ZjQ4NGU5MjYwNTVmYTFiN2U1NmUyOGVjMGZiNjQ5Mg,,,https://static.bihr.pro/eBihr/Pictures/NEWFREN-pictures.zip,Spain Warehouse (Parts)
1018369,,F2830A,NEWFREN,NEWFR PLATE FRICTION,Kit de discos de embrague NEWFREN Standard,84.46,69.80,45.37,8025832038856,0,8714105000,0,1,"<p><strong>OE-STANDARD LINE</strong></p>
<p>Est&aacute;n dise&ntilde;ados para sustituir al embrague OE, manteniendo las mismas prestaciones y durabilidad. Los juegos de discos de embrague OE-Standard se fabrican con materiales de primera calidad. Son productos extremadamente fiables. El material de fricci&oacute;n de los discos es org&aacute;nico. El compuesto del material org&aacute;nico se elige en funci&oacute;n del tipo y la utilizaci&oacute;n de la motocicleta, optimizando as&iacute; el rendimiento, aunque dentro de las directrices del fabricante.</p>","
OE-STANDARD LINE

Están diseñados para sustituir al embrague OE, manteniendo las mismas prestaciones y durabilidad. Los juegos de discos de embrague OE-Standard se fabrican con materiales de primera calidad. Son productos extremadamente fiables. El material de fricción de los discos es orgánico. El compuesto del material orgánico se elige en función del tipo y la utilización de la motocicleta, optimizando así el rendimiento, aunque dentro de las directrices del fabricante.",VEHICLE PARTS & ACCESSORIES,ENGINE PARTS,ENG. CLUTCH,687,289,146,147,32,Orgánica,,,por unidad,,https://api.mybihr.com/medias/800Wx800H-1018369-1.jpg?context=bWFzdGVyfHJvb3R8Mjk5NTcyfGltYWdlL2pwZWd8YURRNUwyZzVNQzg0TVRRMk9UWTROVEl6TlRjME1pODRNREJYZURnd01FaGZNVEF4T0RNMk9TMHhMbXB3Wnd8MjViYWY0Yzc4N2U1NjhlYmJiYTEyNzhhOWRjMTE2MjU3YjNlZDk2NjU2ZDkxMTA1YTI1YzM4OTlmZTlhNjJlYw,,,https://static.bihr.pro/eBihr/Pictures/NEWFREN-pictures.zip,Spain Warehouse (Parts)
1018373,,F2845A,NEWFREN,NEWFR PLATE FRICTION,Kit de discos de embrague NEWFREN Standard,98.86,81.70,53.11,8025832159469,0,8714105000,0,1,"<p><strong>OE-STANDARD LINE</strong></p>
<p>Est&aacute;n dise&ntilde;ados para sustituir al embrague OE, manteniendo las mismas prestaciones y durabilidad. Los juegos de discos de embrague OE-Standard se fabrican con materiales de primera calidad. Son productos extremadamente fiables. El material de fricci&oacute;n de los discos es org&aacute;nico. El compuesto del material org&aacute;nico se elige en funci&oacute;n del tipo y la utilizaci&oacute;n de la motocicleta, optimizando as&iacute; el rendimiento, aunque dentro de las directrices del fabricante.</p>","
OE-STANDARD LINE

Están diseñados para sustituir al embrague OE, manteniendo las mismas prestaciones y durabilidad. Los juegos de discos de embrague OE-Standard se fabrican con materiales de primera calidad. Son productos extremadamente fiables. El material de fricción de los discos es orgánico. El compuesto del material orgánico se elige en función del tipo y la utilización de la motocicleta, optimizando así el rendimiento, aunque dentro de las directrices del fabricante.",VEHICLE PARTS & ACCESSORIES,ENGINE PARTS,ENG. CLUTCH,866,325,165,164,32,Orgánica,,,por unidad,,https://api.mybihr.com/medias/800Wx800H-1018373-1.jpg?context=bWFzdGVyfHJvb3R8Mjk5NTcyfGltYWdlL2pwZWd8YUdWaUwyZzNZaTg0TVRRMk9UWTROVGd5TlRVMk5pODRNREJYZURnd01FaGZNVEF4T0RNM015MHhMbXB3Wnd8NDFhZDQ2NWM2NjkwMDVjMDg2NTBhYjZlNjhjNTFlMmEwNzUxNTMwOTcwODkxZjlmZDM5ZjYzYTJhZmJiZTkyNw,,,https://static.bihr.pro/eBihr/Pictures/NEWFREN-pictures.zip,Spain Warehouse (Parts)
1018380,,F2926A,NEWFREN,NEWFR PLATE FRICTION,Kit de discos de embrague NEWFREN Standard,89.66,74.10,48.17,8025832221951,1,8714105000,0,1,"<p><strong>OE-STANDARD LINE</strong></p>
<p>Est&aacute;n dise&ntilde;ados para sustituir al embrague OE, manteniendo las mismas prestaciones y durabilidad. Los juegos de discos de embrague OE-Standard se fabrican con materiales de primera calidad. Son productos extremadamente fiables. El material de fricci&oacute;n de los discos es org&aacute;nico. El compuesto del material org&aacute;nico se elige en funci&oacute;n del tipo y la utilizaci&oacute;n de la motocicleta, optimizando as&iacute; el rendimiento, aunque dentro de las directrices del fabricante.</p>","
OE-STANDARD LINE

Están diseñados para sustituir al embrague OE, manteniendo las mismas prestaciones y durabilidad. Los juegos de discos de embrague OE-Standard se fabrican con materiales de primera calidad. Son productos extremadamente fiables. El material de fricción de los discos es orgánico. El compuesto del material orgánico se elige en función del tipo y la utilización de la motocicleta, optimizando así el rendimiento, aunque dentro de las directrices del fabricante.",VEHICLE PARTS & ACCESSORIES,ENGINE PARTS,ENG. CLUTCH,691,301,147,147,32,Orgánica,,,"por unidad & ",,https://api.mybihr.com/medias/800Wx800H-1018380-1.jpg?context=bWFzdGVyfHJvb3R8Mjk5NTcyfGltYWdlL2pwZWd8YURVMEwyZ3hNaTg0TVRRMk9UWTROamd3T0RZd05pODRNREJYZURnd01FaGZNVEF4T0RNNE1DMHhMbXB3Wnd8OTI1M2E5YTdlYTMwZGRkYWYyMWM3ZGQwOGRhNGZhYjBlNTBkN2U5OTkwNDZkNjQ2ZTIyYzU0ZmE5ZGZlOWJjNA,https://api.mybihr.com/medias/800Wx800H-1018380-2.jpg?context=bWFzdGVyfHJvb3R8MTkyNTQzfGltYWdlL2pwZWd8YURNd0wyaGpNeTh6TXpJMk5UZzNNekF5TnpFd01pODRNREJYZURnd01FaGZNVEF4T0RNNE1DMHlMbXB3Wnd8NGM0YjBiMTE3YjNjNDUyZTZjM2ZjN2E0NzE0ZjYzMTg2YjUxODU0ODY0MDYxMzlmNzc1NmM4MGIxYWE0YmYzMA,,https://static.bihr.pro/eBihr/Pictures/NEWFREN-pictures.zip,Spain Warehouse (Parts)
1018382,,F2933A,NEWFREN,NEWFR PLATE FRICTION,Kit de discos de embrague NEWFREN Standard,70.06,57.90,37.64,8025832277958,3,8714105000,0,1,"<p><strong>OE-STANDARD LINE</strong></p>
<p>Est&aacute;n dise&ntilde;ados para sustituir al embrague OE, manteniendo las mismas prestaciones y durabilidad. Los juegos de discos de embrague OE-Standard se fabrican con materiales de primera calidad. Son productos extremadamente fiables. El material de fricci&oacute;n de los discos es org&aacute;nico. El compuesto del material org&aacute;nico se elige en funci&oacute;n del tipo y la utilizaci&oacute;n de la motocicleta, optimizando as&iacute; el rendimiento, aunque dentro de las directrices del fabricante.</p>","
OE-STANDARD LINE

Están diseñados para sustituir al embrague OE, manteniendo las mismas prestaciones y durabilidad. Los juegos de discos de embrague OE-Standard se fabrican con materiales de primera calidad. Son productos extremadamente fiables. El material de fricción de los discos es orgánico. El compuesto del material orgánico se elige en función del tipo y la utilización de la motocicleta, optimizando así el rendimiento, aunque dentro de las directrices del fabricante.",VEHICLE PARTS & ACCESSORIES,ENGINE PARTS,ENG. CLUTCH,722,250,163,164,27,Orgánica,,,por unidad,,https://api.mybihr.com/medias/800Wx800H-1018382-1.jpg?context=bWFzdGVyfHJvb3R8Mjk5NTcyfGltYWdlL2pwZWd8YUdZM0wyZzBNaTg0TVRRMk9UWTROekl3TVRneU1pODRNREJYZURnd01FaGZNVEF4T0RNNE1pMHhMbXB3Wnd8ZTg1NDU1M2ZjZGM4MTAzOTQzNDQ3ODUwY2Q1ZDVmYjcyNjFhNDJiMTg4NmVlNzViM2EzY2M4ODFiNjAyYWYwYQ,,,https://static.bihr.pro/eBihr/Pictures/NEWFREN-pictures.zip,Spain Warehouse (Parts)
1018383,,F2933AC,NEWFREN,NEWFR PLATE STEEL&FRICTIONS,Kit de discos + separadores de embrague NEWFREN Standard,110.96,91.70,59.61,8025832277965,4,8714105000,0,1,"<p><strong>OE-STANDARD LINE</strong></p>
<p>Est&aacute;n dise&ntilde;ados para sustituir al embrague OE, manteniendo las mismas prestaciones y durabilidad. Los juegos de discos de embrague OE-Standard se fabrican con materiales de primera calidad. Son productos extremadamente fiables. El material de fricci&oacute;n de los discos es org&aacute;nico. El compuesto del material org&aacute;nico se elige en funci&oacute;n del tipo y la utilizaci&oacute;n de la motocicleta, optimizando as&iacute; el rendimiento, aunque dentro de las directrices del fabricante.</p>","
OE-STANDARD LINE

Están diseñados para sustituir al embrague OE, manteniendo las mismas prestaciones y durabilidad. Los juegos de discos de embrague OE-Standard se fabrican con materiales de primera calidad. Son productos extremadamente fiables. El material de fricción de los discos es orgánico. El compuesto del material orgánico se elige en función del tipo y la utilización de la motocicleta, optimizando así el rendimiento, aunque dentro de las directrices del fabricante.",VEHICLE PARTS & ACCESSORIES,ENGINE PARTS,ENG. CLUTCH,903,622,164,162,34,,,,por unidad,,https://api.mybihr.com/medias/1018383-1-800Wx800H?context=bWFzdGVyfHJvb3R8NjA4NTZ8aW1hZ2UvanBlZ3xhRFkwTDJneE55ODRPVEF3T0RRNE1ESTFOak13THpFd01UZ3pPRE10TVY4NE1EQlhlRGd3TUVnfDJjOWYwNTU0ODcxNWM3NTI1ODY5MjgyNjY5MjU5NTczN2FkODMwMWRjY2EzN2E1NmIyMTA2M2RjNTdlN2RiNmQ,,,https://static.bihr.pro/eBihr/Pictures/NEWFREN-pictures.zip,Spain Warehouse (Parts)
1018346,,F2647A,NEWFREN,NEWFR PLATE FRICTION,Kit de discos de embrague NEWFREN Standard,80.59,66.60,43.29,8025832038153,1,8714105000,0,1,"<p><strong>OE-STANDARD LINE</strong></p>
<p>Est&aacute;n dise&ntilde;ados para sustituir al embrague OE, manteniendo las mismas prestaciones y durabilidad. Los juegos de discos de embrague OE-Standard se fabrican con materiales de primera calidad. Son productos extremadamente fiables. El material de fricci&oacute;n de los discos es org&aacute;nico. El compuesto del material org&aacute;nico se elige en funci&oacute;n del tipo y la utilizaci&oacute;n de la motocicleta, optimizando as&iacute; el rendimiento, aunque dentro de las directrices del fabricante.</p>","
OE-STANDARD LINE

Están diseñados para sustituir al embrague OE, manteniendo las mismas prestaciones y durabilidad. Los juegos de discos de embrague OE-Standard se fabrican con materiales de primera calidad. Son productos extremadamente fiables. El material de fricción de los discos es orgánico. El compuesto del material orgánico se elige en función del tipo y la utilización de la motocicleta, optimizando así el rendimiento, aunque dentro de las directrices del fabricante.",VEHICLE PARTS & ACCESSORIES,ENGINE PARTS,ENG. CLUTCH,914,316,164,164,34,Orgánica,,,por unidad,,https://api.mybihr.com/medias/800Wx800H-1018346-1.jpg?context=bWFzdGVyfHJvb3R8Mjk5NTcyfGltYWdlL2pwZWd8YUdSbEwyZ3pNaTg0TVRRMk9UWTRNakk0TmpZeU1pODRNREJYZURnd01FaGZNVEF4T0RNME5pMHhMbXB3Wnd8NGNhYTE4YzIyNzc0ZGIwYjQwZjA2MjA5MWQwOTg5ZDhhMmZkYmE3NjY5OTkyZTA2ODlhZTg0M2U0MTIxYjQ0Yw,,,https://static.bihr.pro/eBihr/Pictures/NEWFREN-pictures.zip,Spain Warehouse (Parts)
1018347,,F2654A,NEWFREN,NEWFR PLATE FRICTION,Kit de discos de embrague NEWFREN Standard,103.70,85.70,55.71,8025832038207,1,8714105000,0,1,"<p><strong>OE-STANDARD LINE</strong></p>
<p>Est&aacute;n dise&ntilde;ados para sustituir al embrague OE, manteniendo las mismas prestaciones y durabilidad. Los juegos de discos de embrague OE-Standard se fabrican con materiales de primera calidad. Son productos extremadamente fiables. El material de fricci&oacute;n de los discos es org&aacute;nico. El compuesto del material org&aacute;nico se elige en funci&oacute;n del tipo y la utilizaci&oacute;n de la motocicleta, optimizando as&iacute; el rendimiento, aunque dentro de las directrices del fabricante.</p>","
OE-STANDARD LINE

Están diseñados para sustituir al embrague OE, manteniendo las mismas prestaciones y durabilidad. Los juegos de discos de embrague OE-Standard se fabrican con materiales de primera calidad. Son productos extremadamente fiables. El material de fricción de los discos es orgánico. El compuesto del material orgánico se elige en función del tipo y la utilización de la motocicleta, optimizando así el rendimiento, aunque dentro de las directrices del fabricante.",VEHICLE PARTS & ACCESSORIES,ENGINE PARTS,ENG. CLUTCH,1325,429,182,182,40,Orgánica,,,por unidad,,https://api.mybihr.com/medias/800Wx800H-1018347-1.jpg?context=bWFzdGVyfHJvb3R8Mjk5NTcyfGltYWdlL2pwZWd8YUdGbUwyZ3pPUzg0TVRRMk9UWTRNalE0TXpJek1DODRNREJYZURnd01FaGZNVEF4T0RNME55MHhMbXB3Wnd8ZjcwYmZkODcyMzYxMDM4NThkYWIxNzZmMmJhZGNiNGY5NmFmY2JhZWE5YWJiYTI4YzIyYjgwNzExZGNhOGM2ZQ,,,https://static.bihr.pro/eBihr/Pictures/NEWFREN-pictures.zip,Spain Warehouse (Parts)
1018349,,F2687A,NEWFREN,NEWFR PLATE FRICTION,Kit de discos de embrague NEWFREN Standard,70.06,57.90,37.64,8025832275022,0,8714105000,0,1,"<p><strong>OE-STANDARD LINE</strong></p>
<p>Est&aacute;n dise&ntilde;ados para sustituir al embrague OE, manteniendo las mismas prestaciones y durabilidad. Los juegos de discos de embrague OE-Standard se fabrican con materiales de primera calidad. Son productos extremadamente fiables. El material de fricci&oacute;n de los discos es org&aacute;nico. El compuesto del material org&aacute;nico se elige en funci&oacute;n del tipo y la utilizaci&oacute;n de la motocicleta, optimizando as&iacute; el rendimiento, aunque dentro de las directrices del fabricante.</p>","
OE-STANDARD LINE

Están diseñados para sustituir al embrague OE, manteniendo las mismas prestaciones y durabilidad. Los juegos de discos de embrague OE-Standard se fabrican con materiales de primera calidad. Son productos extremadamente fiables. El material de fricción de los discos es orgánico. El compuesto del material orgánico se elige en función del tipo y la utilización de la motocicleta, optimizando así el rendimiento, aunque dentro de las directrices del fabricante.",VEHICLE PARTS & ACCESSORIES,ENGINE PARTS,ENG. CLUTCH,914,264,164,164,34,Orgánica,,,por unidad,,https://api.mybihr.com/medias/800Wx800H-1018349-1.jpg?context=bWFzdGVyfHJvb3R8Mjk5NTcyfGltYWdlL2pwZWd8YUROakwyZzBOeTg0TVRRMk9UWTRNamczTmpRME5pODRNREJYZURnd01FaGZNVEF4T0RNME9TMHhMbXB3Wnd8ODA2OThkYzY5M2M2NzM0YjIyMjdkOTU5NGZhYjcxOGY4ZmY2MjE2N2JhOTM5MGE0ZjQ0NGY4ZGE4OGMyNWU3MQ,,,https://static.bihr.pro/eBihr/Pictures/NEWFREN-pictures.zip,Spain Warehouse (Parts)
1018352,,F2703R,NEWFREN,NEWFR PLATE FRICTION,Kit de discos de embrague NEWFREN Performance,183.07,151.30,98.35,8025832275770,1,8714105000,0,1,"<p><strong>PERFORMANCE LINE</strong></p>
<p>V&aacute;lidos tambi&eacute;n para el uso deportivo. La gama Performance ha sido pensada para un uso en carretera intensivo, pero tambi&eacute;n para uso deportivo para soportar las altas exigencias y para dar prestaciones de alto nivel. Los materiales de fricci&oacute;n, utilizados en los discos conductores del embrague en ba&ntilde;o de aceite, es el Paper Carbon. Los discos conducidos (separadores) est&aacute;n fabricados en un acero especial que asegura la m&aacute;xima resistencia y ausencias de deformaciones.</p>","
PERFORMANCE LINE

Válidos también para el uso deportivo. La gama Performance ha sido pensada para un uso en carretera intensivo, pero también para uso deportivo para soportar las altas exigencias y para dar prestaciones de alto nivel. Los materiales de fricción, utilizados en los discos conductores del embrague en baño de aceite, es el Paper Carbon. Los discos conducidos (separadores) están fabricados en un acero especial que asegura la máxima resistencia y ausencias de deformaciones.",VEHICLE PARTS & ACCESSORIES,ENGINE PARTS,ENG. CLUTCH,1056,323,163,162,40,Orgánica,,,"por unidad & ",,https://api.mybihr.com/medias/800Wx800H-1018352-1.jpg?context=bWFzdGVyfHJvb3R8Mjk5NTcyfGltYWdlL2pwZWd8YURjMUwyZzVZeTg0TVRRMk9UWTRNekkyT1RZMk1pODRNREJYZURnd01FaGZNVEF4T0RNMU1pMHhMbXB3Wnd8N2EzZTY0YzM4MTAwNmQ1MDJhZDg4MmViNGMyNDFiZTRlYTMxMDMwNjllNjNjN2Q1ZTI5NTlkZDI4ZmFiMjM5NQ,https://api.mybihr.com/medias/800Wx800H-1018352-2.jpg?context=bWFzdGVyfHJvb3R8MTkyNTQzfGltYWdlL2pwZWd8YURaa0wyZzFZeTh6TXpJNU56TTBOalkxT0RNek5DODRNREJYZURnd01FaGZNVEF4T0RNMU1pMHlMbXB3Wnd8ZTI4MjM0YzQxZTExNTAwMzJkOTkxYTNmMWRhY2FhOWI1NzI0YjMyN2U0NTc3MGU5OTY5ZjkxZjg3OTU1NDNlMA,,https://static.bihr.pro/eBihr/Pictures/NEWFREN-pictures.zip,Spain Warehouse (Parts)
1018296,,F1704A,NEWFREN,NEWFR PLATE FRICTION,Kit de discos de embrague NEWFREN Standard,130.08,107.50,69.88,8025832165859,1,8714105000,0,1,"<p><strong>OE-STANDARD LINE</strong></p>
<p>Est&aacute;n dise&ntilde;ados para sustituir al embrague OE, manteniendo las mismas prestaciones y durabilidad. Los juegos de discos de embrague OE-Standard se fabrican con materiales de primera calidad. Son productos extremadamente fiables. El material de fricci&oacute;n de los discos es org&aacute;nico. El compuesto del material org&aacute;nico se elige en funci&oacute;n del tipo y la utilizaci&oacute;n de la motocicleta, optimizando as&iacute; el rendimiento, aunque dentro de las directrices del fabricante.</p>","
OE-STANDARD LINE

Están diseñados para sustituir al embrague OE, manteniendo las mismas prestaciones y durabilidad. Los juegos de discos de embrague OE-Standard se fabrican con materiales de primera calidad. Son productos extremadamente fiables. El material de fricción de los discos es orgánico. El compuesto del material orgánico se elige en función del tipo y la utilización de la motocicleta, optimizando así el rendimiento, aunque dentro de las directrices del fabricante.",VEHICLE PARTS & ACCESSORIES,ENGINE PARTS,ENG. CLUTCH,1532,486,184,185,45,Orgánica,,,por unidad,,https://api.mybihr.com/medias/800Wx800H-1018296-1.jpg?context=bWFzdGVyfHJvb3R8Mjk5NTcyfGltYWdlL2pwZWd8YURoaEwyZzJaaTg0TVRRMk56UXhNalkwTXpnM01DODRNREJYZURnd01FaGZNVEF4T0RJNU5pMHhMbXB3Wnd8ZjMzMzczZjJiNmZkMzEyMDkwOWM5ZmMwNWY1ODZmODZiNTEyYjkxZWQ3MjNiMTcwMGIzMTJlOWEwNmM4ZjNjZg,,,https://static.bihr.pro/eBihr/Pictures/NEWFREN-pictures.zip,Spain Warehouse (Parts)
1018297,,F1736A,NEWFREN,NEWFR PLATE FRICTION,Kit de discos de embrague NEWFREN Standard,140.60,116.20,75.53,8025832035008,0,8714105000,0,1,"<p><strong>OE-STANDARD LINE</strong></p>
<p>Est&aacute;n dise&ntilde;ados para sustituir al embrague OE, manteniendo las mismas prestaciones y durabilidad. Los juegos de discos de embrague OE-Standard se fabrican con materiales de primera calidad. Son productos extremadamente fiables. El material de fricci&oacute;n de los discos es org&aacute;nico. El compuesto del material org&aacute;nico se elige en funci&oacute;n del tipo y la utilizaci&oacute;n de la motocicleta, optimizando as&iacute; el rendimiento, aunque dentro de las directrices del fabricante.</p>","
OE-STANDARD LINE

Están diseñados para sustituir al embrague OE, manteniendo las mismas prestaciones y durabilidad. Los juegos de discos de embrague OE-Standard se fabrican con materiales de primera calidad. Son productos extremadamente fiables. El material de fricción de los discos es orgánico. El compuesto del material orgánico se elige en función del tipo y la utilización de la motocicleta, optimizando así el rendimiento, aunque dentro de las directrices del fabricante.",VEHICLE PARTS & ACCESSORIES,ENGINE PARTS,ENG. CLUTCH,1259,496,184,185,37,Orgánica,,,por unidad,,https://api.mybihr.com/medias/800Wx800H-1018297-1.jpg?context=bWFzdGVyfHJvb3R8Mjk5NTcyfGltYWdlL2pwZWd8YURWaEwyZzNOaTg0TVRRMk56UXhNamcwTURRM09DODRNREJYZURnd01FaGZNVEF4T0RJNU55MHhMbXB3Wnd8ZWJlOWI2MmNjOWI5NTVkMzYzYTg5NzI2YTE0MDg0MjUyOGE2NjQ3MzEwZWM1NjA2NjA5NGRmYzBlODljZjM1Yg,,,https://static.bihr.pro/eBihr/Pictures/NEWFREN-pictures.zip,Spain Warehouse (Parts)
1018298,,F1751A,NEWFREN,NEWFR PLATE FRICTION,Kit de discos de embrague NEWFREN Standard,101.40,83.80,54.47,8025832035275,4,8714105000,0,1,"<p><strong>OE-STANDARD LINE</strong></p>
<p>Est&aacute;n dise&ntilde;ados para sustituir al embrague OE, manteniendo las mismas prestaciones y durabilidad. Los juegos de discos de embrague OE-Standard se fabrican con materiales de primera calidad. Son productos extremadamente fiables. El material de fricci&oacute;n de los discos es org&aacute;nico. El compuesto del material org&aacute;nico se elige en funci&oacute;n del tipo y la utilizaci&oacute;n de la motocicleta, optimizando as&iacute; el rendimiento, aunque dentro de las directrices del fabricante.</p>","
OE-STANDARD LINE

Están diseñados para sustituir al embrague OE, manteniendo las mismas prestaciones y durabilidad. Los juegos de discos de embrague OE-Standard se fabrican con materiales de primera calidad. Son productos extremadamente fiables. El material de fricción de los discos es orgánico. El compuesto del material orgánico se elige en función del tipo y la utilización de la motocicleta, optimizando así el rendimiento, aunque dentro de las directrices del fabricante.",VEHICLE PARTS & ACCESSORIES,ENGINE PARTS,ENG. CLUTCH,861,371,164,164,32,Orgánica,,,"por unidad & ",,https://api.mybihr.com/medias/800Wx800H-1018298-1.jpg?context=bWFzdGVyfHJvb3R8Mjk5NTcyfGltYWdlL2pwZWd8YUdNekwyaGpOQzg0TVRRMk56UXhNekF6TnpBNE5pODRNREJYZURnd01FaGZNVEF4T0RJNU9DMHhMbXB3Wnd8MTM1ZTA5MmJkMGM4NjM4NWNmZjBlZWExYmZkMGNjYjgyOGE5ODA0NDU0Zjg5NzcyNGM2Yjg5NDIyMjhmMGYwYg,,,https://static.bihr.pro/eBihr/Pictures/NEWFREN-pictures.zip,Spain Warehouse (Parts)
1018299,,F1752A,NEWFREN,NEWFR PLATE FRICTION,Kit de discos de embrague NEWFREN Standard,79.86,66.00,42.90,8025832035299,0,8714105000,0,1,"<p><strong>OE-STANDARD LINE</strong></p>
<p>Est&aacute;n dise&ntilde;ados para sustituir al embrague OE, manteniendo las mismas prestaciones y durabilidad. Los juegos de discos de embrague OE-Standard se fabrican con materiales de primera calidad. Son productos extremadamente fiables. El material de fricci&oacute;n de los discos es org&aacute;nico. El compuesto del material org&aacute;nico se elige en funci&oacute;n del tipo y la utilizaci&oacute;n de la motocicleta, optimizando as&iacute; el rendimiento, aunque dentro de las directrices del fabricante.</p>","
OE-STANDARD LINE

Están diseñados para sustituir al embrague OE, manteniendo las mismas prestaciones y durabilidad. Los juegos de discos de embrague OE-Standard se fabrican con materiales de primera calidad. Son productos extremadamente fiables. El material de fricción de los discos es orgánico. El compuesto del material orgánico se elige en función del tipo y la utilización de la motocicleta, optimizando así el rendimiento, aunque dentro de las directrices del fabricante.",VEHICLE PARTS & ACCESSORIES,ENGINE PARTS,ENG. CLUTCH,775,296,163,164,29,Orgánica,,,"por unidad & ",,https://api.mybihr.com/medias/800Wx800H-1018299-1.jpg?context=bWFzdGVyfHJvb3R8Mjk5NTcyfGltYWdlL2pwZWd8YURrekwyaGpZaTg0TVRRMk56UXhNekl6TXpZNU5DODRNREJYZURnd01FaGZNVEF4T0RJNU9TMHhMbXB3Wnd8OTAwMzBjZDA5MmU5NTVjNTQ4Yzg5MjA2NzEwMTczZTEyZWRmOGM0M2Q4OTdjZWU5YWQzZmEwMTIxMWI4MzA3OQ,,,https://static.bihr.pro/eBihr/Pictures/NEWFREN-pictures.zip,Spain Warehouse (Parts)
1018300,,F1752AC,NEWFREN,NEWFR PLATE STEEL&FRICTIONS,Kit de discos + separadores de embrague NEWFREN Standard,100.07,82.70,53.76,8025832165897,0,8714105000,0,1,"<p><strong>OE-STANDARD LINE</strong></p>
<p>Est&aacute;n dise&ntilde;ados para sustituir al embrague OE, manteniendo las mismas prestaciones y durabilidad. Los juegos de discos de embrague OE-Standard se fabrican con materiales de primera calidad. Son productos extremadamente fiables. El material de fricci&oacute;n de los discos es org&aacute;nico. El compuesto del material org&aacute;nico se elige en funci&oacute;n del tipo y la utilizaci&oacute;n de la motocicleta, optimizando as&iacute; el rendimiento, aunque dentro de las directrices del fabricante.</p>","
OE-STANDARD LINE

Están diseñados para sustituir al embrague OE, manteniendo las mismas prestaciones y durabilidad. Los juegos de discos de embrague OE-Standard se fabrican con materiales de primera calidad. Son productos extremadamente fiables. El material de fricción de los discos es orgánico. El compuesto del material orgánico se elige en función del tipo y la utilización de la motocicleta, optimizando así el rendimiento, aunque dentro de las directrices del fabricante.",VEHICLE PARTS & ACCESSORIES,ENGINE PARTS,ENG. CLUTCH,1362,843,184,185,40,,,,por unidad,,https://api.mybihr.com/medias/1018300-1-800Wx800H?context=bWFzdGVyfHJvb3R8NjA4NTZ8aW1hZ2UvanBlZ3xhR1UzTDJoaU1pODRPVEkzTURJNU1ETTFNRE00THpFd01UZ3pNREF0TVY4NE1EQlhlRGd3TUVnfDMwZGQ4YmZlZTMyY2FmOGNkNjA0NzA4M2JmZDMxYjhkYmNmNWYwMGQ2NzQ2NTlmZWE2Mzc4ODFkZDBhOTYxNGI,,,https://static.bihr.pro/eBihr/Pictures/NEWFREN-pictures.zip,Spain Warehouse (Parts)
1018301,,F1761A,NEWFREN,NEWFR PLATE FRICTION,Kit de discos de embrague NEWFREN Standard,44.17,36.50,23.73,8025832035442,1,8714105000,0,1,"<p><strong>OE-STANDARD LINE</strong></p>
<p>Est&aacute;n dise&ntilde;ados para sustituir al embrague OE, manteniendo las mismas prestaciones y durabilidad. Los juegos de discos de embrague OE-Standard se fabrican con materiales de primera calidad. Son productos extremadamente fiables. El material de fricci&oacute;n de los discos es org&aacute;nico. El compuesto del material org&aacute;nico se elige en funci&oacute;n del tipo y la utilizaci&oacute;n de la motocicleta, optimizando as&iacute; el rendimiento, aunque dentro de las directrices del fabricante.</p>","
OE-STANDARD LINE

Están diseñados para sustituir al embrague OE, manteniendo las mismas prestaciones y durabilidad. Los juegos de discos de embrague OE-Standard se fabrican con materiales de primera calidad. Son productos extremadamente fiables. El material de fricción de los discos es orgánico. El compuesto del material orgánico se elige en función del tipo y la utilización de la motocicleta, optimizando así el rendimiento, aunque dentro de las directrices del fabricante.",VEHICLE PARTS & ACCESSORIES,ENGINE PARTS,ENG. CLUTCH,379,167,118,119,27,Orgánica,,,por unidad,,https://api.mybihr.com/medias/800Wx800H-1018301-1.jpg?context=bWFzdGVyfHJvb3R8Mjk5NTcyfGltYWdlL2pwZWd8YURZMEwyaGtNaTg0TVRRMk56UXhNelF6TURNd01pODRNREJYZURnd01FaGZNVEF4T0RNd01TMHhMbXB3Wnd8YzdmM2YyZjI4MjFkOGUyMjU0MjQ3Njc2ZDBmMzkyYjg3ZDlhZTE2Y2MxMGJhYzk5NWU4OWI0Yjg1OTU1NzkwOA,,,https://static.bihr.pro/eBihr/Pictures/NEWFREN-pictures.zip,Spain Warehouse (Parts)
1018302,,F1772A,NEWFREN,NEWFR PLATE FRICTION,Kit de discos de embrague NEWFREN Standard,90.63,74.90,48.69,8025832035589,1,8714105000,0,1,"<p><strong>OE-STANDARD LINE</strong></p>
<p>Est&aacute;n dise&ntilde;ados para sustituir al embrague OE, manteniendo las mismas prestaciones y durabilidad. Los juegos de discos de embrague OE-Standard se fabrican con materiales de primera calidad. Son productos extremadamente fiables. El material de fricci&oacute;n de los discos es org&aacute;nico. El compuesto del material org&aacute;nico se elige en funci&oacute;n del tipo y la utilizaci&oacute;n de la motocicleta, optimizando as&iacute; el rendimiento, aunque dentro de las directrices del fabricante.</p>","
OE-STANDARD LINE

Están diseñados para sustituir al embrague OE, manteniendo las mismas prestaciones y durabilidad. Los juegos de discos de embrague OE-Standard se fabrican con materiales de primera calidad. Son productos extremadamente fiables. El material de fricción de los discos es orgánico. El compuesto del material orgánico se elige en función del tipo y la utilización de la motocicleta, optimizando así el rendimiento, aunque dentro de las directrices del fabricante.",VEHICLE PARTS & ACCESSORIES,ENGINE PARTS,ENG. CLUTCH,1253,349,183,185,37,Orgánica,,,por unidad,,https://api.mybihr.com/medias/800Wx800H-1018302-1.jpg?context=bWFzdGVyfHJvb3R8Mjk5NTcyfGltYWdlL2pwZWd8YURJeEwyaGtPUzg0TVRRMk56UXhNell5TmpreE1DODRNREJYZURnd01FaGZNVEF4T0RNd01pMHhMbXB3Wnd8MjU3ZmVjN2IzODJkZmQ3MTE3MDc2Y2Y2NTNlMDNkMDRkYTdlNGVhZmM1ZGQzMTNmMjc3ZjkwMzQyMWMyNmMwOQ,,,https://static.bihr.pro/eBihr/Pictures/NEWFREN-pictures.zip,Spain Warehouse (Parts)
1018199,,F1448SR,NEWFREN,NEWFR PLATE STEEL&FRICTIONS,Kit de discos + separadores de embrague NEWFREN Performance,284.11,234.80,152.62,8025832280002,1,8714105000,0,1,"<p><strong>PERFORMANCE LINE</strong></p>
<p>V&aacute;lidos tambi&eacute;n para el uso deportivo. La gama Performance ha sido pensada para un uso en carretera intensivo, pero tambi&eacute;n para uso deportivo para soportar las altas exigencias y para dar prestaciones de alto nivel. Los materiales de fricci&oacute;n, utilizados en los discos conductores del embrague en ba&ntilde;o de aceite, es el Paper Carbon. Los discos conducidos (separadores) est&aacute;n fabricados en un acero especial que asegura la m&aacute;xima resistencia y ausencias de deformaciones.</p>","
PERFORMANCE LINE

Válidos también para el uso deportivo. La gama Performance ha sido pensada para un uso en carretera intensivo, pero también para uso deportivo para soportar las altas exigencias y para dar prestaciones de alto nivel. Los materiales de fricción, utilizados en los discos conductores del embrague en baño de aceite, es el Paper Carbon. Los discos conducidos (separadores) están fabricados en un acero especial que asegura la máxima resistencia y ausencias de deformaciones.",VEHICLE PARTS & ACCESSORIES,ENGINE PARTS,ENG. CLUTCH,2768,1136,185,187,80,,,,por unidad,,https://api.mybihr.com/medias/1018199-1-800Wx800H?context=bWFzdGVyfHJvb3R8MjEwMTQyM3xpbWFnZS9qcGVnfGFEa3lMMmczTWk4NE9USTBNRGc1TURrd01EYzRMekV3TVRneE9Ua3RNVjg0TURCWGVEZ3dNRWd8MjE3Y2Y2NjVmYThmM2FiZGY0MGU0Mjk1MzBlN2YwY2E5NTUyNTI5NjMyN2M4OWUwODRhM2ZiYTc5MGM0NjYwOQ,,,https://static.bihr.pro/eBihr/Pictures/NEWFREN-pictures.zip,Spain Warehouse (Parts)
1018200,,F1449A,NEWFREN,NEWFR PLATE FRICTION,Kit de discos de embrague NEWFREN Standard,79.62,65.80,42.77,8025832280019,0,8714105000,0,1,"<p><strong>OE-STANDARD LINE</strong></p>
<p>Est&aacute;n dise&ntilde;ados para sustituir al embrague OE, manteniendo las mismas prestaciones y durabilidad. Los juegos de discos de embrague OE-Standard se fabrican con materiales de primera calidad. Son productos extremadamente fiables. El material de fricci&oacute;n de los discos es org&aacute;nico. El compuesto del material org&aacute;nico se elige en funci&oacute;n del tipo y la utilizaci&oacute;n de la motocicleta, optimizando as&iacute; el rendimiento, aunque dentro de las directrices del fabricante.</p>","
OE-STANDARD LINE

Están diseñados para sustituir al embrague OE, manteniendo las mismas prestaciones y durabilidad. Los juegos de discos de embrague OE-Standard se fabrican con materiales de primera calidad. Son productos extremadamente fiables. El material de fricción de los discos es orgánico. El compuesto del material orgánico se elige en función del tipo y la utilización de la motocicleta, optimizando así el rendimiento, aunque dentro de las directrices del fabricante.",VEHICLE PARTS & ACCESSORIES,ENGINE PARTS,ENG. CLUTCH,717,287,162,164,27,Orgánica,,,por unidad,,https://api.mybihr.com/medias/800Wx800H-1018200-1.jpg?context=bWFzdGVyfHJvb3R8Mjk5NTcyfGltYWdlL2pwZWd8YURZNUwyaGhNaTg0TVRRMk56TTVPVFF3TlRVNU9DODRNREJYZURnd01FaGZNVEF4T0RJd01DMHhMbXB3Wnd8OWM2MmU3NTZlYWJjYmQxZmYxNWRmMDExNTE3ZWJlZjJhNjBhNzM0NzFlNjBhOTMxMGI3ZDFlODhlYTFmNGRhZg,,,https://static.bihr.pro/eBihr/Pictures/NEWFREN-pictures.zip,Spain Warehouse (Parts)
1018206,,F1455R,NEWFREN,NEWFR PLATE FRICTION,Kit de discos de embrague NEWFREN Performance,175.69,145.20,94.38,8025832282037,2,8714105000,0,1,"<p><strong>PERFORMANCE LINE</strong></p>
<p>V&aacute;lidos tambi&eacute;n para el uso deportivo. La gama Performance ha sido pensada para un uso en carretera intensivo, pero tambi&eacute;n para uso deportivo para soportar las altas exigencias y para dar prestaciones de alto nivel. Los materiales de fricci&oacute;n, utilizados en los discos conductores del embrague en ba&ntilde;o de aceite, es el Paper Carbon. Los discos conducidos (separadores) est&aacute;n fabricados en un acero especial que asegura la m&aacute;xima resistencia y ausencias de deformaciones.</p>","
PERFORMANCE LINE

Válidos también para el uso deportivo. La gama Performance ha sido pensada para un uso en carretera intensivo, pero también para uso deportivo para soportar las altas exigencias y para dar prestaciones de alto nivel. Los materiales de fricción, utilizados en los discos conductores del embrague en baño de aceite, es el Paper Carbon. Los discos conducidos (separadores) están fabricados en un acero especial que asegura la máxima resistencia y ausencias de deformaciones.",VEHICLE PARTS & ACCESSORIES,ENGINE PARTS,ENG. CLUTCH,1076,352,164,164,40,Orgánica,,,por unidad,,https://api.mybihr.com/medias/800Wx800H-1018206-1.jpg?context=bWFzdGVyfHJvb3R8Mjk5NTcyfGltYWdlL2pwZWd8YURZM0wyaGpNaTg0TVRRMk56UXdNRE00T0RZek9DODRNREJYZURnd01FaGZNVEF4T0RJd05pMHhMbXB3Wnd8OWYxZjFiNGJhNGYyZGMxODgwMGQzODA1MGQxMGQxMDRiYWYzN2MxZWFjODhiM2QwZDE3Y2VhNGI4NTA1YzcyYg,,,https://static.bihr.pro/eBihr/Pictures/NEWFREN-pictures.zip,Spain Warehouse (Parts)
1018394,,MO084F,NEWFREN,NEWFR SPRINGS CLUTCH,Kit de muelles de embrague NEWFREN,13.19,10.90,7.09,8025832378570,0,8714105000,0,1,,,VEHICLE PARTS & ACCESSORIES,ENGINE PARTS,ENG. CLUTCH,389,99,111,103,34,,,,,,https://api.mybihr.com/medias/1018394-1-800Wx800H?context=bWFzdGVyfHJvb3R8NDIzMTB8aW1hZ2UvanBlZ3xhR1V3TDJoalppODRPRFU0T1RnM05qVTVNamswTHpFd01UZ3pPVFF0TVY4NE1EQlhlRGd3TUVnfGMwZTBlYzQ5YzhjMGQwNTQyMzBmMGM0NjQzNzliYWVmMzc5NjM1NzA2MzEyY2YzZjEyNTI3OGExYjYwZTA2MWY,,,https://static.bihr.pro/eBihr/Pictures/NEWFREN-pictures.zip,Spain Warehouse (Parts)
1018395,,MO635F,NEWFREN,NEWFR SPRINGS CLUTCH,Kit de muelles de embrague NEWFREN,14.64,12.10,7.87,8025832379034,1,8714105000,0,1,"<p>La serie de Muelles de Embrague reforzados están disponibles para la mayor parte de los embragues presentes en el catalogo. En el caso de maza de embrague, la confección de los muelles tiene 4 series con tarado diferente, reconocibles por el color del tratamiento térmico según el diámetro del hilo.</p>","
La serie de Muelles de Embrague reforzados están disponibles para la mayor parte de los embragues presentes en el catalogo. En el caso de maza de embrague, la confección de los muelles tiene 4 series con tarado diferente, reconocibles por el color del tratamiento térmico según el diámetro del hilo.",VEHICLE PARTS & ACCESSORIES,ENGINE PARTS,ENG. CLUTCH,274,134,95,90,32,Acero,,,por unidad,,https://api.mybihr.com/medias/800Wx800H-1018395-1.jpg?context=bWFzdGVyfHJvb3R8MzI3OTgyfGltYWdlL2pwZWd8YUdVNEwyaGtNeTh6TXpJNU56TXpOalkyTkRBNU5DODRNREJYZURnd01FaGZNVEF4T0RNNU5TMHhMbXB3Wnd8MWVkNThhZGQ0YTJmMmVkZmQwYzU4ZmQwNTgzNWM5YmU1YzNhZjdiMzMxYjEzNDEyMjIxMmY1Zjg3YzA1NzNkZg,,,https://static.bihr.pro/eBihr/Pictures/NEWFREN-pictures.zip,Spain Warehouse (Parts)
1018125,,G0685,NEWFREN,NEWFR BASKET CLUTCH,Campana de embrague NEWFREN - Motor Piaggio,26.38,21.80,14.17,8025832043751,0,8714105000,0,1,"<html> <head> <meta http-equiv=""Content-Type"" content=""text/html ; charset=utf-8""><title> </title> <style type=""text/css"">.cs95E872D0{text-align:left ; margin:0pt 0pt 0pt 0pt ; }.csC235ED31{color:#000 ; background-color:transparent ; font-weight:normal ; font-style:normal ; }</style> </head> <body> <p>Newfren clutches offer long life, performance and excellent reliability under all conditions. Centrifugal clutches are available for all the popular scooters. We offer replacement housings for all popular scooters, which are completely interchangeable with OE. Given the critical nature of scooter clutch assemblies, we recommend that you change the clutch housing when you change the clutch mechanism</p></body> </html>","       Newfren clutches offer long life, performance and excellent reliability under all conditions. Centrifugal clutches are available for all the popular scooters. We offer replacement housings for all popular scooters, which are completely interchangeable with OE. Given the critical nature of scooter clutch assemblies, we recommend that you change the clutch housing when you change the clutch mechanism ",VEHICLE PARTS & ACCESSORIES,ENGINE PARTS,ENG. CLUTCH,980,540,140,140,50,Acero,,,por unidad,,https://api.mybihr.com/medias/1018125-1-800Wx800H?context=bWFzdGVyfHJvb3R8NTEyNDN8aW1hZ2UvanBlZ3xhREppTDJoa09TODRPVFE0T1RZNE5EVTJNakl5THpFd01UZ3hNalV0TVY4NE1EQlhlRGd3TUVnfDg1ZDZkNDk1YTcwOWZiNTZlOWVhM2FhYzNhZmNmNTA0NmY1YTI1ZDdkZDEzYzg3MWViMWUxMzMwYTIwMTE3ZjM,,,https://static.bihr.pro/eBihr/Pictures/NEWFREN-pictures.zip,Spain Warehouse (Parts)
1018130,,G0699,NEWFREN,NEWFR BASKET CLUTCH,Campana de embrague NEWFREN,46.83,38.70,25.16,8025832043898,0,8714105000,0,1,"<html> <head> <meta http-equiv=""Content-Type"" content=""text/html ; charset=utf-8""><title> </title> <style type=""text/css"">.cs95E872D0{text-align:left ; margin:0pt 0pt 0pt 0pt ; }.csC235ED31{color:#000 ; background-color:transparent ; font-weight:normal ; font-style:normal ; }</style> </head> <body> <p>Newfren clutches offer long life, performance and excellent reliability under all conditions. Centrifugal clutches are available for all the popular scooters. We offer replacement housings for all popular scooters, which are completely interchangeable with OE. Given the critical nature of scooter clutch assemblies, we recommend that you change the clutch housing when you change the clutch mechanism</p></body> </html>","       Newfren clutches offer long life, performance and excellent reliability under all conditions. Centrifugal clutches are available for all the popular scooters. We offer replacement housings for all popular scooters, which are completely interchangeable with OE. Given the critical nature of scooter clutch assemblies, we recommend that you change the clutch housing when you change the clutch mechanism ",VEHICLE PARTS & ACCESSORIES,ENGINE PARTS,ENG. CLUTCH,1140,890,145,143,55,Acero,,,por unidad,,https://api.mybihr.com/medias/1018130-1-800Wx800H?context=bWFzdGVyfHJvb3R8MTcyNjgyfGltYWdlL2pwZWd8YUdJekwyZzVZaTg0T1RRNU1URTRNVFF3TkRRMkx6RXdNVGd4TXpBdE1WODRNREJYZURnd01FZ3w1YTgzYjczM2E4MTAwNjViODk4ZTkyNGJkNjJhNzUyYTNjOGI0M2NlMWI3ZjE5NDI4OTUzNGNjZGYwNTkzZDQz,,,https://static.bihr.pro/eBihr/Pictures/NEWFREN-pictures.zip,Spain Warehouse (Parts)
1018158,,FK1327YC,NEWFREN,NEWFR CLUTCH CONVERSION KIT-48 TEETH,Kit de discos + separadores de embrague NEWFREN Pro Race,726.00,600.00,390.00,8025832260394,3,8714105000,0,1,"<p><strong>PRO RACE - DUCATI LINE</strong></p>
<p>Primer equipo elegido por Ducati con el grupo embragues STM para equipar la Panigale V4R y socio de Ducati Corse en Team SBK. La Linea Newfren con aplicaciones Ducati, hoy es la gama m&aacute;s extensa y la m&aacute;s avanzada tecnol&oacute;gicamente. La gama incluye discos org&aacute;nicos y discos sinterizados. Set para ba&ntilde;o en aceite y set para seco. El producto garantiza un recambio de altas prestaciones. Sea la gama sinterizada, sea la gama org&aacute;nica. Los embragues Newfren han sido seleccionados como primer equipo en modelos de serie.</p>","
PRO RACE - DUCATI LINE

Primer equipo elegido por Ducati con el grupo embragues STM para equipar la Panigale V4R y socio de Ducati Corse en Team SBK. La Linea Newfren con aplicaciones Ducati, hoy es la gama más extensa y la más avanzada tecnológicamente. La gama incluye discos orgánicos y discos sinterizados. Set para baño en aceite y set para seco. El producto garantiza un recambio de altas prestaciones. Sea la gama sinterizada, sea la gama orgánica. Los embragues Newfren han sido seleccionados como primer equipo en modelos de serie.",VEHICLE PARTS & ACCESSORIES,ENGINE PARTS,ENG. CLUTCH,2996,2041,190,190,83,,,,por unidad,,https://api.mybihr.com/medias/1018158-1-800Wx800H?context=bWFzdGVyfHJvb3R8NDU3NTJ8aW1hZ2UvanBlZ3xhREkwTDJnMVppODRPRFU0T0RrME9EWXdNekU0THpFd01UZ3hOVGd0TVY4NE1EQlhlRGd3TUVnfDA0ZjZlZDgwNzRmNmZhNDNkMmQwZDRmMTAxODA5ZDEyYWMyMjRiZGVjNGQzMDQ1ZDcyNmQ1MTA1M2JlYjcxNTc,,,https://static.bihr.pro/eBihr/Pictures/NEWFREN-pictures.zip,France Warehouse (Parts)
1018159,,FK1328YC,NEWFREN,NEWFR CLUTCH CONVERSION KIT-48 TEETH,Kit de discos + separadores de embrague NEWFREN Pro Race - 48 dientes,726.00,600.00,390.00,8025832260400,1,8714105000,0,1,"<p><strong>PRO RACE - DUCATI LINE</strong></p>
<p>Primer equipo elegido por Ducati con el grupo embragues STM para equipar la Panigale V4R y socio de Ducati Corse en Team SBK. La Linea Newfren con aplicaciones Ducati, hoy es la gama m&aacute;s extensa y la m&aacute;s avanzada tecnol&oacute;gicamente. La gama incluye discos org&aacute;nicos y discos sinterizados. Set para ba&ntilde;o en aceite y set para seco. El producto garantiza un recambio de altas prestaciones. Sea la gama sinterizada, sea la gama org&aacute;nica. Los embragues Newfren han sido seleccionados como primer equipo en modelos de serie.</p>","
PRO RACE - DUCATI LINE

Primer equipo elegido por Ducati con el grupo embragues STM para equipar la Panigale V4R y socio de Ducati Corse en Team SBK. La Linea Newfren con aplicaciones Ducati, hoy es la gama más extensa y la más avanzada tecnológicamente. La gama incluye discos orgánicos y discos sinterizados. Set para baño en aceite y set para seco. El producto garantiza un recambio de altas prestaciones. Sea la gama sinterizada, sea la gama orgánica. Los embragues Newfren han sido seleccionados como primer equipo en modelos de serie.",VEHICLE PARTS & ACCESSORIES,ENGINE PARTS,ENG. CLUTCH,2965,2105,188,190,83,,,,por unidad,,https://api.mybihr.com/medias/1018159-1-800Wx800H?context=bWFzdGVyfHJvb3R8NDU3NTJ8aW1hZ2UvanBlZ3xhR00yTDJnd1lTODRPVEkyTnpFM056Y3hPREEyTHpFd01UZ3hOVGt0TVY4NE1EQlhlRGd3TUVnfDdmNzY5MGE0M2IwMzFjMzBlN2ZkNzRiMjVkYzM1MmM0MzBhZDg2NDUxZjFiZWNmMDYwYmZmODE2MmJiNjg1ZDY,,,https://static.bihr.pro/eBihr/Pictures/NEWFREN-pictures.zip,France Warehouse (Parts)
1018160,,FK1329YC,NEWFREN,NEWFR CLUTCH CONVERSION KIT-48 TEETH,Kit de discos + separadores de embrague NEWFREN Pro Race,701.80,580.00,377.00,8025832185734,0,8714105000,0,1,"<p><strong>PRO RACE - DUCATI LINE</strong></p>
<p>Primer equipo elegido por Ducati con el grupo embragues STM para equipar la Panigale V4R y socio de Ducati Corse en Team SBK. La Linea Newfren con aplicaciones Ducati, hoy es la gama m&aacute;s extensa y la m&aacute;s avanzada tecnol&oacute;gicamente. La gama incluye discos org&aacute;nicos y discos sinterizados. Set para ba&ntilde;o en aceite y set para seco. El producto garantiza un recambio de altas prestaciones. Sea la gama sinterizada, sea la gama org&aacute;nica. Los embragues Newfren han sido seleccionados como primer equipo en modelos de serie.</p>","
PRO RACE - DUCATI LINE

Primer equipo elegido por Ducati con el grupo embragues STM para equipar la Panigale V4R y socio de Ducati Corse en Team SBK. La Linea Newfren con aplicaciones Ducati, hoy es la gama más extensa y la más avanzada tecnológicamente. La gama incluye discos orgánicos y discos sinterizados. Set para baño en aceite y set para seco. El producto garantiza un recambio de altas prestaciones. Sea la gama sinterizada, sea la gama orgánica. Los embragues Newfren han sido seleccionados como primer equipo en modelos de serie.",VEHICLE PARTS & ACCESSORIES,ENGINE PARTS,ENG. CLUTCH,2933,2057,186,190,83,,,,por unidad,,https://api.mybihr.com/medias/1018160-1-800Wx800H?context=bWFzdGVyfHJvb3R8NDU3NTJ8aW1hZ2UvanBlZ3xhRFJoTDJnM1ppODRPVEF4TURrM09URTBNems0THpFd01UZ3hOakF0TVY4NE1EQlhlRGd3TUVnfGZiZWQzOGIzZTQ5ZWQwYzBlMjAwNjRjYjI1YWRkYzgwNGE4N2MwMTc2N2I3YWQyODQyNzZjNGEwNmI4YjFiODU,,,https://static.bihr.pro/eBihr/Pictures/NEWFREN-pictures.zip,France Warehouse (Parts)
1018174,,F1335YC,NEWFREN,NEWFR PLATE STEEL&FRICTION,Kit de discos + separadores de embrague NEWFREN Pro Race,316.05,261.20,169.78,8025832032984,2,8714105000,0,1,"<p><strong>PRO RACE - DUCATI LINE</strong></p>
<p>Primer equipo elegido por Ducati con el grupo embragues STM para equipar la Panigale V4R y socio de Ducati Corse en Team SBK. La Linea Newfren con aplicaciones Ducati, hoy es la gama m&aacute;s extensa y la m&aacute;s avanzada tecnol&oacute;gicamente. La gama incluye discos org&aacute;nicos y discos sinterizados. Set para ba&ntilde;o en aceite y set para seco. El producto garantiza un recambio de altas prestaciones. Sea la gama sinterizada, sea la gama org&aacute;nica. Los embragues Newfren han sido seleccionados como primer equipo en modelos de serie.</p>","
PRO RACE - DUCATI LINE

Primer equipo elegido por Ducati con el grupo embragues STM para equipar la Panigale V4R y socio de Ducati Corse en Team SBK. La Linea Newfren con aplicaciones Ducati, hoy es la gama más extensa y la más avanzada tecnológicamente. La gama incluye discos orgánicos y discos sinterizados. Set para baño en aceite y set para seco. El producto garantiza un recambio de altas prestaciones. Sea la gama sinterizada, sea la gama orgánica. Los embragues Newfren han sido seleccionados como primer equipo en modelos de serie.",VEHICLE PARTS & ACCESSORIES,ENGINE PARTS,ENG. CLUTCH,3028,1661,192,190,83,,,,por unidad,,https://api.mybihr.com/medias/1018174-1-800Wx800H?context=bWFzdGVyfHJvb3R8NjU1MjV8aW1hZ2UvanBlZ3xhR00xTDJneE55ODRPVEkwTURNek1ESTBNRE13THpFd01UZ3hOelF0TVY4NE1EQlhlRGd3TUVnfDAyNzA3MjZmZTk1YmJiNmY2MjkyODUzY2NkNjJiZTEzMTY2YjYxN2Q0OWEzZjZiMDNlZGExNjQyZDJiNTZhOWE,,,https://static.bihr.pro/eBihr/Pictures/NEWFREN-pictures.zip,Spain Warehouse (Parts)
1018163,,G0684,NEWFREN,NEWFR CLUTCH BASKET,Campana de embrague NEWFREN - Motor Minarelli,44.04,36.40,23.66,8025832043744,0,8714105000,0,1,,,VEHICLE PARTS & ACCESSORIES,ENGINE PARTS,ENG. CLUTCH,980,480,140,140,50,,,,,,https://api.mybihr.com/medias/1018163-1-800Wx800H?context=bWFzdGVyfHJvb3R8NDI5ODJ8aW1hZ2UvanBlZ3xhREJsTDJnM1ppODRPRGN6TXpRME16WTROamN3THpFd01UZ3hOak10TVY4NE1EQlhlRGd3TUVnfDYyYzUzYWE3ZTQ1OWZhZjNmMzliOTlhMmEwNTEwN2UzNjY5ZGE4MzdkYWM2YWQ3MDJlY2ZlOTAzNjY0MmFiNTU,,,https://static.bihr.pro/eBihr/Pictures/NEWFREN-pictures.zip,Spain Warehouse (Parts)
1018169,,F1333A,NEWFREN,NEWFR PLATE FRICTION,Kit de discos de embrague NEWFREN Standard,134.79,111.40,72.41,8025832280668,1,8714105000,0,1,"<p><strong>OE-STANDARD LINE</strong></p>
<p>Est&aacute;n dise&ntilde;ados para sustituir al embrague OE, manteniendo las mismas prestaciones y durabilidad. Los juegos de discos de embrague OE-Standard se fabrican con materiales de primera calidad. Son productos extremadamente fiables. El material de fricci&oacute;n de los discos es org&aacute;nico. El compuesto del material org&aacute;nico se elige en funci&oacute;n del tipo y la utilizaci&oacute;n de la motocicleta, optimizando as&iacute; el rendimiento, aunque dentro de las directrices del fabricante.</p>","
OE-STANDARD LINE

Están diseñados para sustituir al embrague OE, manteniendo las mismas prestaciones y durabilidad. Los juegos de discos de embrague OE-Standard se fabrican con materiales de primera calidad. Son productos extremadamente fiables. El material de fricción de los discos es orgánico. El compuesto del material orgánico se elige en función del tipo y la utilización de la motocicleta, optimizando así el rendimiento, aunque dentro de las directrices del fabricante.",VEHICLE PARTS & ACCESSORIES,ENGINE PARTS,ENG. CLUTCH,920,725,165,164,34,Orgánica,,,por unidad,,https://api.mybihr.com/medias/800Wx800H-1018169-1.jpg?context=bWFzdGVyfHJvb3R8Mjk5NTcyfGltYWdlL2pwZWd8YURjM0wyaG1OaTg0TVRRMk56TTVOVGcyTmpZMU5DODRNREJYZURnd01FaGZNVEF4T0RFMk9TMHhMbXB3Wnd8N2YwMTBlYjk4NDNkODAzZDI5NzRjNjEwZWZjYzlkMjUzOTJjNzI5OTQxMGMxYWQxN2EyNDlkZTYzODBiMTljZg,,,https://static.bihr.pro/eBihr/Pictures/NEWFREN-pictures.zip,Spain Warehouse (Parts)
1018164,,G0686,NEWFREN,NEWFR CLUTCH BASKET,Campana de embrague NEWFREN,30.49,25.20,16.38,8025832043768,0,8714105000,0,1,,,VEHICLE PARTS & ACCESSORIES,ENGINE PARTS,ENG. CLUTCH,980,520,140,140,50,,,,,,https://api.mybihr.com/medias/1018164-1-800Wx800H?context=bWFzdGVyfHJvb3R8MzA5MjF8aW1hZ2UvanBlZ3xhR05rTDJneVl5ODRPVEE0TnpVeE5EY3dOakl5THpFd01UZ3hOalF0TVY4NE1EQlhlRGd3TUVnfGMzMzRkMjE5NzFhNTc5ODEwZDZmMzg1M2MwNWU4OTcyYWRjYzgxOTdkNmUzMmEyYzA4NmIwM2U2MTdkMTEyNGU,,,https://static.bihr.pro/eBihr/Pictures/NEWFREN-pictures.zip,Spain Warehouse (Parts)
1018173,,F1335Y,NEWFREN,NEWFR PLATE FRICTION,Kit de discos de embrague NEWFREN Pro Race,208.48,172.30,112.00,8025832032977,0,8714105000,0,1,"<p><strong>PRO RACE - DUCATI LINE</strong></p>
<p>Primer equipo elegido por Ducati con el grupo embragues STM para equipar la Panigale V4R y socio de Ducati Corse en Team SBK. La Linea Newfren con aplicaciones Ducati, hoy es la gama m&aacute;s extensa y la m&aacute;s avanzada tecnol&oacute;gicamente. La gama incluye discos org&aacute;nicos y discos sinterizados. Set para ba&ntilde;o en aceite y set para seco. El producto garantiza un recambio de altas prestaciones. Sea la gama sinterizada, sea la gama org&aacute;nica. Los embragues Newfren han sido seleccionados como primer equipo en modelos de serie.</p>","
PRO RACE - DUCATI LINE

Primer equipo elegido por Ducati con el grupo embragues STM para equipar la Panigale V4R y socio de Ducati Corse en Team SBK. La Linea Newfren con aplicaciones Ducati, hoy es la gama más extensa y la más avanzada tecnológicamente. La gama incluye discos orgánicos y discos sinterizados. Set para baño en aceite y set para seco. El producto garantiza un recambio de altas prestaciones. Sea la gama sinterizada, sea la gama orgánica. Los embragues Newfren han sido seleccionados como primer equipo en modelos de serie.",VEHICLE PARTS & ACCESSORIES,ENGINE PARTS,ENG. CLUTCH,1063,673,164,162,40,Sinterizado,,,"por unidad & ",,https://api.mybihr.com/medias/800Wx800H-1018173-1.jpg?context=bWFzdGVyfHJvb3R8Mjk5NTcyfGltYWdlL2pwZWd8YURObUwyaGhNUzg0TVRRMk56TTVOakkxT1RnM01DODRNREJYZURnd01FaGZNVEF4T0RFM015MHhMbXB3Wnd8Y2UwNWIxYzk3MGFiZmYyMzBhZjdiNWZmMjc0MzhhY2I1NjRmODYwYTFhYzNjYjE3MmQ0ZDY5ZjZhNjgwYmYxMQ,https://api.mybihr.com/medias/800Wx800H-1018173-2.jpg?context=bWFzdGVyfHJvb3R8MjY3Njc5fGltYWdlL2pwZWd8YUdFMkwyZ3hZaTh6TXpJNU56TXpPVGszTXpZMk1pODRNREJYZURnd01FaGZNVEF4T0RFM015MHlMbXB3Wnd8NmRkMjNjOGZkNGJhZTIyMjAyMTQ0MzY1ZGNjZTA5YWIxYjRhZTY2MThiNzZmMmExODA2OWY2ZDkwOWIzNTdhMg,,https://static.bihr.pro/eBihr/Pictures/NEWFREN-pictures.zip,Spain Warehouse (Parts)
1018187,,F1409A,NEWFREN,NEWFR PLATE FRICTION,Kit de discos de embrague NEWFREN Standard,50.46,41.70,27.11,8025832031536,0,8714105000,0,1,"<p><strong>OE-STANDARD LINE</strong></p>
<p>Est&aacute;n dise&ntilde;ados para sustituir al embrague OE, manteniendo las mismas prestaciones y durabilidad. Los juegos de discos de embrague OE-Standard se fabrican con materiales de primera calidad. Son productos extremadamente fiables. El material de fricci&oacute;n de los discos es org&aacute;nico. El compuesto del material org&aacute;nico se elige en funci&oacute;n del tipo y la utilizaci&oacute;n de la motocicleta, optimizando as&iacute; el rendimiento, aunque dentro de las directrices del fabricante.</p>","
OE-STANDARD LINE

Están diseñados para sustituir al embrague OE, manteniendo las mismas prestaciones y durabilidad. Los juegos de discos de embrague OE-Standard se fabrican con materiales de primera calidad. Son productos extremadamente fiables. El material de fricción de los discos es orgánico. El compuesto del material orgánico se elige en función del tipo y la utilización de la motocicleta, optimizando así el rendimiento, aunque dentro de las directrices del fabricante.",VEHICLE PARTS & ACCESSORIES,ENGINE PARTS,ENG. CLUTCH,437,206,136,134,24,Orgánica,,,por unidad,,https://api.mybihr.com/medias/800Wx800H-1018187-1.jpg?context=bWFzdGVyfHJvb3R8Mjk5NTcyfGltYWdlL2pwZWd8YUdRM0wyZ3pNQzg0TVRRMk56TTVOelF6T1RVeE9DODRNREJYZURnd01FaGZNVEF4T0RFNE55MHhMbXB3Wnd8OThmNGI5YjE4NDkwZTU3ZmRlOGM4MmIxNmQ4ZWRiNWQ1Mzc2YTkyMDZiNDFkYmQwZjk2ZGMyYThlZGY2NzhiYg,,,https://static.bihr.pro/eBihr/Pictures/NEWFREN-pictures.zip,Spain Warehouse (Parts)
1018128,,G0697,NEWFREN,NEWFR BASKET CLUTCH,Campana de embrague NEWFREN,89.78,74.20,48.23,8025832043874,1,8714105000,0,1,"<html> <head> <meta http-equiv=""Content-Type"" content=""text/html ; charset=utf-8""><title> </title> <style type=""text/css"">.cs95E872D0{text-align:left ; margin:0pt 0pt 0pt 0pt ; }.csC235ED31{color:#000 ; background-color:transparent ; font-weight:normal ; font-style:normal ; }</style> </head> <body> <p>Newfren clutches offer long life, performance and excellent reliability under all conditions. Centrifugal clutches are available for all the popular scooters. We offer replacement housings for all popular scooters, which are completely interchangeable with OE. Given the critical nature of scooter clutch assemblies, we recommend that you change the clutch housing when you change the clutch mechanism</p></body> </html>","       Newfren clutches offer long life, performance and excellent reliability under all conditions. Centrifugal clutches are available for all the popular scooters. We offer replacement housings for all popular scooters, which are completely interchangeable with OE. Given the critical nature of scooter clutch assemblies, we recommend that you change the clutch housing when you change the clutch mechanism ",VEHICLE PARTS & ACCESSORIES,ENGINE PARTS,ENG. CLUTCH,2367,1080,180,173,76,Acero,,,por unidad,,https://api.mybihr.com/medias/1018128-1-800Wx800H?context=bWFzdGVyfHJvb3R8MTUwNzA3fGltYWdlL2pwZWd8YUdRekwyaGlaQzg0T1RBNE5USTVOVE15T1RVNEx6RXdNVGd4TWpndE1WODRNREJYZURnd01FZ3xmN2IxOGU2M2U5NGNjODY2YjJiNzJiZTMxOTEwYWEzZjBjOWIzMzNmOGQzZmIxYzc4OWJiYmViNjEyMGU0YTI0,,,https://static.bihr.pro/eBihr/Pictures/NEWFREN-pictures.zip,Spain Warehouse (Parts)
1018179,,F1339R,NEWFREN,NEWFR PLATE FRICTION,Kit de discos de embrague NEWFREN Performance,233.41,192.90,125.39,8025832376545,4,8714105000,0,1,"<p><strong>PERFORMANCE LINE</strong></p>
<p>V&aacute;lidos tambi&eacute;n para el uso deportivo. La gama Performance ha sido pensada para un uso en carretera intensivo, pero tambi&eacute;n para uso deportivo para soportar las altas exigencias y para dar prestaciones de alto nivel. Los materiales de fricci&oacute;n, utilizados en los discos conductores del embrague en ba&ntilde;o de aceite, es el Paper Carbon. Los discos conducidos (separadores) est&aacute;n fabricados en un acero especial que asegura la m&aacute;xima resistencia y ausencias de deformaciones.</p>","
PERFORMANCE LINE

Válidos también para el uso deportivo. La gama Performance ha sido pensada para un uso en carretera intensivo, pero también para uso deportivo para soportar las altas exigencias y para dar prestaciones de alto nivel. Los materiales de fricción, utilizados en los discos conductores del embrague en baño de aceite, es el Paper Carbon. Los discos conducidos (separadores) están fabricados en un acero especial que asegura la máxima resistencia y ausencias de deformaciones.",VEHICLE PARTS & ACCESSORIES,ENGINE PARTS,ENG. CLUTCH,1069,323,163,164,40,Orgánica,,,por unidad,,https://api.mybihr.com/medias/800Wx800H-1018179-1.jpg?context=bWFzdGVyfHJvb3R8Mjk5NTcyfGltYWdlL2pwZWd8YUdVeEwyZzRZeTg0TVRRMk56TTVOamcwT1RZNU5DODRNREJYZURnd01FaGZNVEF4T0RFM09TMHhMbXB3Wnd8YmJkMGMyNDFkNmI4MjRjMGI0ZjdjNmU5ZWZiMTgzNjA1ODBlYzM2ZTAyMTg3NGEwMWExYzRiODI3ODhjNTEwZQ,,,https://static.bihr.pro/eBihr/Pictures/NEWFREN-pictures.zip,Spain Warehouse (Parts)
1018182,,F1340SR,NEWFREN,NEWFR PLATE STEEL&FRICTION,Kit de discos + separadores de embrague NEWFREN Performance (FCC),290.88,240.40,156.26,8025832376613,2,8714105000,0,1,"<p><strong>IMPORTANTE:</strong></p>
<ul>
	<li>Para embrague <strong>FCC</strong></li>
	<li>Espesor total del paquete de discos <strong>51,1mm</strong></li>
</ul>

<p><strong>PERFORMANCE LINE</strong></p>

<p>Válidos también para el uso deportivo. La gama Performance ha sido pensada para un uso en carretera intensivo, pero también para uso deportivo para soportar las altas exigencias y para dar prestaciones de alto nivel. Los materiales de fricción, utilizados en los discos conductores del embrague en baño de aceite, es el Paper Carbon. Los discos conducidos (separadores) están fabricados en un acero especial que asegura la máxima resistencia y ausencias de deformaciones.</p>","
IMPORTANTE:

	Para embrague FCC
	Espesor total del paquete de discos 51,1mm



PERFORMANCE LINE


Válidos también para el uso deportivo. La gama Performance ha sido pensada para un uso en carretera intensivo, pero también para uso deportivo para soportar las altas exigencias y para dar prestaciones de alto nivel. Los materiales de fricción, utilizados en los discos conductores del embrague en baño de aceite, es el Paper Carbon. Los discos conducidos (separadores) están fabricados en un acero especial que asegura la máxima resistencia y ausencias de deformaciones.",VEHICLE PARTS & ACCESSORIES,ENGINE PARTS,ENG. CLUTCH,1634,1256,165,165,60,,,,por unidad,,https://api.mybihr.com/medias/800Wx800H-1018182-1.jpg?context=bWFzdGVyfHJvb3R8MjI5MDYxfGltYWdlL2pwZWd8YUdVMUwyZzVaQzgzT1RrNE1URXpPRFkzTXpZNU5DODRNREJYZURnd01FaGZNVEF4T0RFNE1pMHhMbXB3Wnd8ZjcxODcyYjFmM2VmNjQ3OWNhOTBlZTdiNTkwYzdlZWZjNDM3NTViMjZiMzM5ZjM2NWY4NmI0MjU0NmIxY2I0Mg,https://api.mybihr.com/medias/800Wx800H-1018182-2.jpg?context=bWFzdGVyfHJvb3R8MjgzMjE5fGltYWdlL2pwZWd8YURFM0wyZzVOQzgzT1RrNE1URXpPRGt6TlRnek9DODRNREJYZURnd01FaGZNVEF4T0RFNE1pMHlMbXB3Wnd8NTE2NzZhZTRlOWM5MmFjNzYyMzFlMTM4ZDljOGVkZmI5YzBmODE0MmQyNDY2YjZkZGE0ZWZiMWUyODY4M2RmMw,https://api.mybihr.com/medias/800Wx800H-1018182-3.jpg?context=bWFzdGVyfHJvb3R8MTIwNzM0fGltYWdlL2pwZWd8YUdSa0wyZ3paUzgzT1RrNE1URXpPVE15T1RBMU5DODRNREJYZURnd01FaGZNVEF4T0RFNE1pMHpMbXB3Wnd8MmM1NWQzOGMwNGJjZDc5M2JjMGZjYzIyZTJlYTU3YjAwMmI3ODI5Zjc1ZmQzODQ0YzZiNDkwOTljY2I4NGYzNA,https://static.bihr.pro/eBihr/Pictures/NEWFREN-pictures.zip,Spain Warehouse (Parts)
1018184,,F1341AC,NEWFREN,NEWFR PLATE STEEL&FRICTIONS,Kit de discos + separadores de embrague NEWFREN Standard (APTC),235.71,194.80,126.62,8025832376637,4,8714105000,0,1,"<p><strong>IMPORTANTE:</strong></p>
<ul>
	<li>Para embrague <strong>APTC</strong></li>
	<li>Espesor total del paquete de discos <strong>53,5mm</strong></li>
</ul>

<p><strong>OE-STANDARD LINE</strong></p>

<p>Están diseñados para sustituir al embrague OE, manteniendo las mismas prestaciones y durabilidad. Los juegos de discos de embrague OE-Standard se fabrican con materiales de primera calidad. Son productos extremadamente fiables. El material de fricción de los discos es orgánico. El compuesto del material orgánico se elige en función del tipo y la utilización de la motocicleta, optimizando así el rendimiento, aunque dentro de las directrices del fabricante.</p>","
IMPORTANTE:

	Para embrague APTC
	Espesor total del paquete de discos 53,5mm



OE-STANDARD LINE


Están diseñados para sustituir al embrague OE, manteniendo las mismas prestaciones y durabilidad. Los juegos de discos de embrague OE-Standard se fabrican con materiales de primera calidad. Son productos extremadamente fiables. El material de fricción de los discos es orgánico. El compuesto del material orgánico se elige en función del tipo y la utilización de la motocicleta, optimizando así el rendimiento, aunque dentro de las directrices del fabricante.",VEHICLE PARTS & ACCESSORIES,ENGINE PARTS,ENG. CLUTCH,1802,1018,164,169,65,Orgánica,,,"por unidad & ",,https://api.mybihr.com/medias/800Wx800H-1018184-1.jpg?context=bWFzdGVyfHJvb3R8MjI2NjY4fGltYWdlL2pwZWd8YURBNEwyaGxNaTh6TXpJNU56TTBNRE13TVRNME1pODRNREJYZURnd01FaGZNVEF4T0RFNE5DMHhMbXB3Wnd8ODRhMzAwZTY0OGJmZmFiMDJjMzAwZTAzOGU4NmY2MTcwZWJkOGRkMjNkMTMxZDhlZjc4NWNiNzQyMDM3ZjAyZA,https://api.mybihr.com/medias/800Wx800H-1018184-2.jpg?context=bWFzdGVyfHJvb3R8Mjk5Mjg0fGltYWdlL2pwZWd8YUdJMkwyZ3dNQzh6TXpJMk5UZzNNREF4TWpRME5pODRNREJYZURnd01FaGZNVEF4T0RFNE5DMHlMbXB3Wnd8YTE2ZmNhYmQ5ZDliMDcwNWY1ZjAyOTllZTA3MzBmZjBlMTBkNDI0MTQ5ODRlMGZmMWI3NzNkMjZhZGJmMGNmZg,https://api.mybihr.com/medias/1018184-3-800Wx800H?context=bWFzdGVyfHJvb3R8MTI0Njk1fGltYWdlL2pwZWd8YURnNEwyZ3hZUzg0T0RVNE9UQTFPRGN3TXpZMkx6RXdNVGd4T0RRdE0xODRNREJYZURnd01FZ3w1NzgzMTU4MThjMjNkNjk0ZTdhYzA4YmRiZTExNDUyYmYzMGI4OTY1OTE2MzE3MDNjNzIzZmQ4NThlMTA1NGU1,https://static.bihr.pro/eBihr/Pictures/NEWFREN-pictures.zip,Spain Warehouse (Parts)
1018185,,F1401K,NEWFREN,NEWFR PLATE FRICTION,Disco de embrague NEWFREN Dry - 29 dientes,148.35,122.60,79.69,8025832031314,1,8714105000,0,1,"<p><strong>DRY CUTCH LINE</strong></p>
<p>La gama de embragues mono disco en seco, cubre aplicaciones para BMW desde los a&ntilde;os 70 hasta hoy, tambi&eacute;n para Moto Guzzi; proponiendo un recambio de altas prestaciones. La primera gama creada es la l&iacute;nea K, disponible para todas las aplicaciones, es un recambio de alta calidad. La segunda creada es la l&iacute;nea KW, que incorpora un nuevo material de fricci&oacute;n compuesto de fibras sint&eacute;ticas aramidicas. Estas poseen una elevada resistencia mec&aacute;nica a la tracci&oacute;n y al calor. En caso de sobrecalentamiento, el material tiene la propiedad de no vitrificar y retomar sus caracter&iacute;sticas originales cuando la temperatura baja. Otra propiedad importante es que no pierde propiedades de fricci&oacute;n en contacto con el aceite. L&iacute;nea &ldquo;Recambios de alta calidad&rdquo; Made in Italy.</p>","
DRY CUTCH LINE

La gama de embragues mono disco en seco, cubre aplicaciones para BMW desde los años 70 hasta hoy, también para Moto Guzzi; proponiendo un recambio de altas prestaciones. La primera gama creada es la línea K, disponible para todas las aplicaciones, es un recambio de alta calidad. La segunda creada es la línea KW, que incorpora un nuevo material de fricción compuesto de fibras sintéticas aramidicas. Estas poseen una elevada resistencia mecánica a la tracción y al calor. En caso de sobrecalentamiento, el material tiene la propiedad de no vitrificar y retomar sus características originales cuando la temperatura baja. Otra propiedad importante es que no pierde propiedades de fricción en contacto con el aceite. Línea “Recambios de alta calidad” Made in Italy.",VEHICLE PARTS & ACCESSORIES,ENGINE PARTS,ENG. CLUTCH,1491,765,182,182,45,,,,"por unidad & ",,https://api.mybihr.com/medias/800Wx800H-1018185-1.jpg?context=bWFzdGVyfHJvb3R8MTg2NDAyfGltYWdlL2pwZWd8YURaa0wyZzNNeTgwTmprek56QTFNekF6TmpVM05DODRNREJYZURnd01FaGZNVEF4T0RFNE5TMHhMbXB3Wnd8M2Q0ZmZmNWFkYmMyYjJiMTIwN2NiODZkZGVjOWU2MjZmMjQwMWM0M2NjMzJlYWU1NzUxOTRmMDQ1MDEzZWZlOQ,,,https://static.bihr.pro/eBihr/Pictures/NEWFREN-pictures.zip,Spain Warehouse (Parts)
1089802,,F1472CC,NEWFREN,NEWFR CLUT. DISC CC STANDARD STEEL DISCS,Kit de separadores de embrague NEWFREN Standard,61.95,51.20,33.28,8025832384403,1,8714105000,0,1,"<p><strong>OE-STANDARD LINE</strong></p>
<p>Est&aacute;n dise&ntilde;ados para sustituir al embrague OE, manteniendo las mismas prestaciones y durabilidad. Los juegos de discos de embrague OE-Standard se fabrican con materiales de primera calidad. Son productos extremadamente fiables. El material de fricci&oacute;n de los discos es org&aacute;nico. El compuesto del material org&aacute;nico se elige en funci&oacute;n del tipo y la utilizaci&oacute;n de la motocicleta, optimizando as&iacute; el rendimiento, aunque dentro de las directrices del fabricante.</p>","
OE-STANDARD LINE

Están diseñados para sustituir al embrague OE, manteniendo las mismas prestaciones y durabilidad. Los juegos de discos de embrague OE-Standard se fabrican con materiales de primera calidad. Son productos extremadamente fiables. El material de fricción de los discos es orgánico. El compuesto del material orgánico se elige en función del tipo y la utilización de la motocicleta, optimizando así el rendimiento, aunque dentro de las directrices del fabricante.",VEHICLE PARTS & ACCESSORIES,ENGINE PARTS,ENG. CLUTCH,1013,606,167,164,37,Acero,,,,,https://api.mybihr.com/medias/800Wx800H-1089802-1.jpg?context=bWFzdGVyfHJvb3R8MTgxNTMyfGltYWdlL2pwZWd8YURRMkwyZzFNUzg0TVRRMk9UWTROelkyTURVM05DODRNREJYZURnd01FaGZNVEE0T1Rnd01pMHhMbXB3Wnd8M2ZmNmMwYjM4YjYzYmI2NTM3OWU5ZWY1ZTQ5NTE0MGI3NzM5NDRiMzk5YTU0OTQyMzBhZjI3MWZmOThkYjhiYg,,,https://static.bihr.pro/eBihr/Pictures/NEWFREN-pictures.zip,Spain Warehouse (Parts)
1089803,,F2726AC,NEWFREN,NEWFR CLUT. DISC OE STD FRICTION / STEEL,Kit de discos + separadores de embrague NEWFREN Standard,126.57,104.60,67.99,8025832381198,0,8714105000,0,1,"<p><strong>OE-STANDARD LINE</strong></p>
<p>Est&aacute;n dise&ntilde;ados para sustituir al embrague OE, manteniendo las mismas prestaciones y durabilidad. Los juegos de discos de embrague OE-Standard se fabrican con materiales de primera calidad. Son productos extremadamente fiables. El material de fricci&oacute;n de los discos es org&aacute;nico. El compuesto del material org&aacute;nico se elige en funci&oacute;n del tipo y la utilizaci&oacute;n de la motocicleta, optimizando as&iacute; el rendimiento, aunque dentro de las directrices del fabricante.</p>","
OE-STANDARD LINE

Están diseñados para sustituir al embrague OE, manteniendo las mismas prestaciones y durabilidad. Los juegos de discos de embrague OE-Standard se fabrican con materiales de primera calidad. Son productos extremadamente fiables. El material de fricción de los discos es orgánico. El compuesto del material orgánico se elige en función del tipo y la utilización de la motocicleta, optimizando así el rendimiento, aunque dentro de las directrices del fabricante.",VEHICLE PARTS & ACCESSORIES,ENGINE PARTS,ENG. CLUTCH,1082,770,164,165,40,Orgánica,,,"por unidad & ",,https://api.mybihr.com/medias/800Wx800H-1089803-1.jpg?context=bWFzdGVyfHJvb3R8MjI2NjY4fGltYWdlL2pwZWd8YURZeUwyZ3dNeTh6TXpJNU56TTBOekU0TWpZeU1pODRNREJYZURnd01FaGZNVEE0T1Rnd015MHhMbXB3Wnd8NDgyZmYzNTExMmY1ZWFiYjFiZDMwZTU2NDM1ZWU5NzgyYzA1NDM3Yzk4MWExM2Y5YWZkYTdmM2ViMzRmNjg4Mw,https://api.mybihr.com/medias/800Wx800H-1089803-2.jpg?context=bWFzdGVyfHJvb3R8MTkyNTQzfGltYWdlL2pwZWd8YURrd0wyaGlOUzh6TXpJMk5UZzNNelF5TURNeE9DODRNREJYZURnd01FaGZNVEE0T1Rnd015MHlMbXB3Wnd8NTk1ZTZlMzIyZTlmYzNkNjliYzkxZjcxYjYyMDQ3YTVhZWI0NGJjYTk4ODE1YjQxZGRmMDcyNzY0YWUyYmU5OA,,https://static.bihr.pro/eBihr/Pictures/NEWFREN-pictures.zip,Spain Warehouse (Parts)
1018264,,F1565AC,NEWFREN,NEWFR PLATE STEEL&FRICTION,Kit de discos + separadores de embrague NEWFREN Standard,187.43,154.90,100.69,8025832165569,1,8714105000,0,1,"<p><strong>OE-STANDARD LINE</strong></p>
<p>Est&aacute;n dise&ntilde;ados para sustituir al embrague OE, manteniendo las mismas prestaciones y durabilidad. Los juegos de discos de embrague OE-Standard se fabrican con materiales de primera calidad. Son productos extremadamente fiables. El material de fricci&oacute;n de los discos es org&aacute;nico. El compuesto del material org&aacute;nico se elige en funci&oacute;n del tipo y la utilizaci&oacute;n de la motocicleta, optimizando as&iacute; el rendimiento, aunque dentro de las directrices del fabricante.</p>","
OE-STANDARD LINE

Están diseñados para sustituir al embrague OE, manteniendo las mismas prestaciones y durabilidad. Los juegos de discos de embrague OE-Standard se fabrican con materiales de primera calidad. Son productos extremadamente fiables. El material de fricción de los discos es orgánico. El compuesto del material orgánico se elige en función del tipo y la utilización de la motocicleta, optimizando así el rendimiento, aunque dentro de las directrices del fabricante.",VEHICLE PARTS & ACCESSORIES,ENGINE PARTS,ENG. CLUTCH,1450,926,170,164,52,Orgánica,,,"por unidad & ",,https://api.mybihr.com/medias/800Wx800H-1018264-1.jpg?context=bWFzdGVyfHJvb3R8MjI2NjY4fGltYWdlL2pwZWd8YUdFekwyaGpaaTh6TXpJNU56TTBORFl5TmpjeE9DODRNREJYZURnd01FaGZNVEF4T0RJMk5DMHhMbXB3Wnd8NDExZmJhMDU0ODllNzExNDQwYmIzODNlMGQ0ODEzNjI4ZTI3MjlmMWY2YWY2MmQxMjZkMjU5NTJiODVkYmY2ZA,https://api.mybihr.com/medias/800Wx800H-1018264-2.jpg?context=bWFzdGVyfHJvb3R8MjY4OTM5fGltYWdlL2pwZWd8YURBNEwyaGtZUzh6TXpJMk5UZzNNakkwTURZM01DODRNREJYZURnd01FaGZNVEF4T0RJMk5DMHlMbXB3Wnd8ZDJkMGZiNjBlODNmNWE3YjkwMmQ4NzYyYTkzNzA3MDExNmQ1ZTI5MzUxNTlmOWU2NWZkZWNhYzY4MDNlNDVkMw,,https://static.bihr.pro/eBihr/Pictures/NEWFREN-pictures.zip,Spain Warehouse (Parts)
1018277,,F1623AC,NEWFREN,NEWFR PLATE STEEL&FRICTIONS,Kit de discos + separadores de embrague NEWFREN Standard,52.76,43.60,28.34,8025832033653,0,8714105000,0,1,"<p><strong>OE-STANDARD LINE</strong></p>
<p>Est&aacute;n dise&ntilde;ados para sustituir al embrague OE, manteniendo las mismas prestaciones y durabilidad. Los juegos de discos de embrague OE-Standard se fabrican con materiales de primera calidad. Son productos extremadamente fiables. El material de fricci&oacute;n de los discos es org&aacute;nico. El compuesto del material org&aacute;nico se elige en funci&oacute;n del tipo y la utilizaci&oacute;n de la motocicleta, optimizando as&iacute; el rendimiento, aunque dentro de las directrices del fabricante.</p>","
OE-STANDARD LINE

Están diseñados para sustituir al embrague OE, manteniendo las mismas prestaciones y durabilidad. Los juegos de discos de embrague OE-Standard se fabrican con materiales de primera calidad. Son productos extremadamente fiables. El material de fricción de los discos es orgánico. El compuesto del material orgánico se elige en función del tipo y la utilización de la motocicleta, optimizando así el rendimiento, aunque dentro de las directrices del fabricante.",VEHICLE PARTS & ACCESSORIES,ENGINE PARTS,ENG. CLUTCH,474,308,134,131,27,,,,por unidad,,https://api.mybihr.com/medias/1018277-1-800Wx800H?context=bWFzdGVyfHJvb3R8NjA4NTZ8aW1hZ2UvanBlZ3xhRGd5TDJoaFppODRPVEkyTkRBd01EZzJNRFEyTHpFd01UZ3lOemN0TVY4NE1EQlhlRGd3TUVnfGRlZWM2MGYyZWIzY2VlMTg1ZmNiYzBlMWE4OTgwZjA5YjJhODEzNGVjMTNiNTBhODFjN2Y0Y2MyNGVkMTIxZDk,,,https://static.bihr.pro/eBihr/Pictures/NEWFREN-pictures.zip,Spain Warehouse (Parts)
1018279,,F1638A,NEWFREN,NEWFR PLATE FRICTION,Kit de discos de embrague NEWFREN Standard,61.59,50.90,33.09,8025832034087,2,8714105000,0,1,"<p><strong>OE-STANDARD LINE</strong></p>
<p>Est&aacute;n dise&ntilde;ados para sustituir al embrague OE, manteniendo las mismas prestaciones y durabilidad. Los juegos de discos de embrague OE-Standard se fabrican con materiales de primera calidad. Son productos extremadamente fiables. El material de fricci&oacute;n de los discos es org&aacute;nico. El compuesto del material org&aacute;nico se elige en funci&oacute;n del tipo y la utilizaci&oacute;n de la motocicleta, optimizando as&iacute; el rendimiento, aunque dentro de las directrices del fabricante.</p>","
OE-STANDARD LINE

Están diseñados para sustituir al embrague OE, manteniendo las mismas prestaciones y durabilidad. Los juegos de discos de embrague OE-Standard se fabrican con materiales de primera calidad. Son productos extremadamente fiables. El material de fricción de los discos es orgánico. El compuesto del material orgánico se elige en función del tipo y la utilización de la motocicleta, optimizando así el rendimiento, aunque dentro de las directrices del fabricante.",VEHICLE PARTS & ACCESSORIES,ENGINE PARTS,ENG. CLUTCH,710,208,149,149,32,Orgánica,,,por unidad,,https://api.mybihr.com/medias/800Wx800H-1018279-1.jpg?context=bWFzdGVyfHJvb3R8Mjk5NTcyfGltYWdlL2pwZWd8YUdWa0wyZzROQzg0TVRRMk56UXdPVFk1TkRjMU1DODRNREJYZURnd01FaGZNVEF4T0RJM09TMHhMbXB3Wnd8ZTAxNWEyYmQ5YWFiNGY3MTA1MmQyMTExOWVlMDk0N2E4ZDEyNjEyNzY2MTJjN2RhMWUyZDZkMTFhMzA5OTgwMw,,,https://static.bihr.pro/eBihr/Pictures/NEWFREN-pictures.zip,Spain Warehouse (Parts)
1018209,,F1467R,NEWFREN,NEWFR PLATE FRICTION,Kit de discos de embrague NEWFREN Performance,147.62,122.00,79.30,8025832289692,0,8714105000,0,1,"<p><strong>PERFORMANCE LINE</strong></p>
<p>V&aacute;lidos tambi&eacute;n para el uso deportivo. La gama Performance ha sido pensada para un uso en carretera intensivo, pero tambi&eacute;n para uso deportivo para soportar las altas exigencias y para dar prestaciones de alto nivel. Los materiales de fricci&oacute;n, utilizados en los discos conductores del embrague en ba&ntilde;o de aceite, es el Paper Carbon. Los discos conducidos (separadores) est&aacute;n fabricados en un acero especial que asegura la m&aacute;xima resistencia y ausencias de deformaciones.</p>","
PERFORMANCE LINE

Válidos también para el uso deportivo. La gama Performance ha sido pensada para un uso en carretera intensivo, pero también para uso deportivo para soportar las altas exigencias y para dar prestaciones de alto nivel. Los materiales de fricción, utilizados en los discos conductores del embrague en baño de aceite, es el Paper Carbon. Los discos conducidos (separadores) están fabricados en un acero especial que asegura la máxima resistencia y ausencias de deformaciones.",VEHICLE PARTS & ACCESSORIES,ENGINE PARTS,ENG. CLUTCH,1001,322,165,164,37,Orgánica,,,por unidad,,https://api.mybihr.com/medias/800Wx800H-1018209-1.jpg?context=bWFzdGVyfHJvb3R8Mjk5NTcyfGltYWdlL2pwZWd8YURBM0wyaGtNQzg0TVRRMk56UXdNRGM0TVRnMU5DODRNREJYZURnd01FaGZNVEF4T0RJd09TMHhMbXB3Wnd8YTBkZTc2MDZlMzYwMzczMjUwZjVjNTUwMWNlMDU1OTYzYzgwMWExNWE3ZDBjYWZkMTRmNWNmYTA3ZWViMzE1NA,,,https://static.bihr.pro/eBihr/Pictures/NEWFREN-pictures.zip,Spain Warehouse (Parts)
1018213,,F1472A,NEWFREN,NEWFR PLATE FRICTION,Kit de discos de embrague NEWFREN Standard,75.87,62.70,40.76,8025832269007,1,8714105000,0,1,"<p><strong>OE-STANDARD LINE</strong></p>
<p>Est&aacute;n dise&ntilde;ados para sustituir al embrague OE, manteniendo las mismas prestaciones y durabilidad. Los juegos de discos de embrague OE-Standard se fabrican con materiales de primera calidad. Son productos extremadamente fiables. El material de fricci&oacute;n de los discos es org&aacute;nico. El compuesto del material org&aacute;nico se elige en funci&oacute;n del tipo y la utilizaci&oacute;n de la motocicleta, optimizando as&iacute; el rendimiento, aunque dentro de las directrices del fabricante.</p>","
OE-STANDARD LINE

Están diseñados para sustituir al embrague OE, manteniendo las mismas prestaciones y durabilidad. Los juegos de discos de embrague OE-Standard se fabrican con materiales de primera calidad. Son productos extremadamente fiables. El material de fricción de los discos es orgánico. El compuesto del material orgánico se elige en función del tipo y la utilización de la motocicleta, optimizando así el rendimiento, aunque dentro de las directrices del fabricante.",VEHICLE PARTS & ACCESSORIES,ENGINE PARTS,ENG. CLUTCH,850,319,162,164,32,Orgánica,,,por unidad,,https://api.mybihr.com/medias/800Wx800H-1018213-1.jpg?context=bWFzdGVyfHJvb3R8Mjk5NTcyfGltYWdlL2pwZWd8YUdWbEwyaGtNeTg0TVRRMk56UXdNVE0zTVRZM09DODRNREJYZURnd01FaGZNVEF4T0RJeE15MHhMbXB3Wnd8YmEyODgzMTBkZDViZjUyOTE2MWY3ZDA2MDk4ZTIyODIzODJlZDRhNGQyYWZmOTQ4Yzk4Y2NlZTkwODhlYmFmNg,,,https://static.bihr.pro/eBihr/Pictures/NEWFREN-pictures.zip,Spain Warehouse (Parts)
1018194,,F1419A,NEWFREN,NEWFR PLATE FRICTION,Kit de discos de embrague NEWFREN Standard,55.18,45.60,29.64,8025832211136,1,8714105000,0,1,"<p><strong>OE-STANDARD LINE</strong></p>
<p>Est&aacute;n dise&ntilde;ados para sustituir al embrague OE, manteniendo las mismas prestaciones y durabilidad. Los juegos de discos de embrague OE-Standard se fabrican con materiales de primera calidad. Son productos extremadamente fiables. El material de fricci&oacute;n de los discos es org&aacute;nico. El compuesto del material org&aacute;nico se elige en funci&oacute;n del tipo y la utilizaci&oacute;n de la motocicleta, optimizando as&iacute; el rendimiento, aunque dentro de las directrices del fabricante.</p>","
OE-STANDARD LINE

Están diseñados para sustituir al embrague OE, manteniendo las mismas prestaciones y durabilidad. Los juegos de discos de embrague OE-Standard se fabrican con materiales de primera calidad. Son productos extremadamente fiables. El material de fricción de los discos es orgánico. El compuesto del material orgánico se elige en función del tipo y la utilización de la motocicleta, optimizando así el rendimiento, aunque dentro de las directrices del fabricante.",VEHICLE PARTS & ACCESSORIES,ENGINE PARTS,ENG. CLUTCH,682,199,145,147,32,Orgánica,,,por unidad,,https://api.mybihr.com/medias/800Wx800H-1018194-1.jpg?context=bWFzdGVyfHJvb3R8Mjk5NTcyfGltYWdlL2pwZWd8YURVd0wyZzBNQzg0TVRRMk56TTVPRFk0TkRjd01pODRNREJYZURnd01FaGZNVEF4T0RFNU5DMHhMbXB3Wnd8YjJkNjQ4Y2ViMTY1YTgzYjMxMmU4NzMyNDI3NTU3ZTVkNDkzOWU2ZGM1OTg1Mzc1NDEyNDA5ZWE2NzY3Yzk4Zg,,,https://static.bihr.pro/eBihr/Pictures/NEWFREN-pictures.zip,Spain Warehouse (Parts)
1018236,,F1498A,NEWFREN,NEWFR PLATE FRICTION,Kit de discos de embrague NEWFREN Standard,122.69,101.40,65.91,8025832167044,1,8714105000,0,1,"<p><strong>OE-STANDARD LINE</strong></p>
<p>Est&aacute;n dise&ntilde;ados para sustituir al embrague OE, manteniendo las mismas prestaciones y durabilidad. Los juegos de discos de embrague OE-Standard se fabrican con materiales de primera calidad. Son productos extremadamente fiables. El material de fricci&oacute;n de los discos es org&aacute;nico. El compuesto del material org&aacute;nico se elige en funci&oacute;n del tipo y la utilizaci&oacute;n de la motocicleta, optimizando as&iacute; el rendimiento, aunque dentro de las directrices del fabricante.</p>","
OE-STANDARD LINE

Están diseñados para sustituir al embrague OE, manteniendo las mismas prestaciones y durabilidad. Los juegos de discos de embrague OE-Standard se fabrican con materiales de primera calidad. Son productos extremadamente fiables. El material de fricción de los discos es orgánico. El compuesto del material orgánico se elige en función del tipo y la utilización de la motocicleta, optimizando así el rendimiento, aunque dentro de las directrices del fabricante.",VEHICLE PARTS & ACCESSORIES,ENGINE PARTS,ENG. CLUTCH,1232,442,183,182,37,Orgánica,,,por unidad,,https://api.mybihr.com/medias/800Wx800H-1018236-1.jpg?context=bWFzdGVyfHJvb3R8Mjk5NTcyfGltYWdlL2pwZWd8YUdNeEwyZ3dNQzg0TVRRMk56UXdNek16TnpjMU9DODRNREJYZURnd01FaGZNVEF4T0RJek5pMHhMbXB3Wnd8MTQ5MjZkOTA4YWQ4NTEwNTVjMjQ3NjhlYWM1NzVmZjUxNmQwNDFmYWFjM2U4MzI4MTBhZTY3YWEwZDM5ZTQ0Mg,,,https://static.bihr.pro/eBihr/Pictures/NEWFREN-pictures.zip,Spain Warehouse (Parts)
1018237,,F1498SR,NEWFREN,NEWFR PLATE STEEL&FRICTIONS,Kit de discos + separadores de embrague NEWFREN Performance,203.64,168.30,109.40,8025832159308,1,8714105000,0,1,"<p><strong>PERFORMANCE LINE</strong></p>
<p>V&aacute;lidos tambi&eacute;n para el uso deportivo. La gama Performance ha sido pensada para un uso en carretera intensivo, pero tambi&eacute;n para uso deportivo para soportar las altas exigencias y para dar prestaciones de alto nivel. Los materiales de fricci&oacute;n, utilizados en los discos conductores del embrague en ba&ntilde;o de aceite, es el Paper Carbon. Los discos conducidos (separadores) est&aacute;n fabricados en un acero especial que asegura la m&aacute;xima resistencia y ausencias de deformaciones.</p>","
PERFORMANCE LINE

Válidos también para el uso deportivo. La gama Performance ha sido pensada para un uso en carretera intensivo, pero también para uso deportivo para soportar las altas exigencias y para dar prestaciones de alto nivel. Los materiales de fricción, utilizados en los discos conductores del embrague en baño de aceite, es el Paper Carbon. Los discos conducidos (separadores) están fabricados en un acero especial que asegura la máxima resistencia y ausencias de deformaciones.",VEHICLE PARTS & ACCESSORIES,ENGINE PARTS,ENG. CLUTCH,2840,1183,183,187,83,,,,por unidad,,https://api.mybihr.com/medias/1018237-1-800Wx800H?context=bWFzdGVyfHJvb3R8NjA4NTZ8aW1hZ2UvanBlZ3xhRFE0TDJoaE1DODRPVEF4TWpReU5EZzJPREUwTHpFd01UZ3lNemN0TVY4NE1EQlhlRGd3TUVnfDkxNzk4ZjlhY2EzOWJiYmM4OTA4NDZiMzc3ODQ2ZDdmN2JlOWU0ZGQ2YmRiODA4NjUxOWJiZjNjNjhiYzExMDk,,,https://static.bihr.pro/eBihr/Pictures/NEWFREN-pictures.zip,Spain Warehouse (Parts)
1018238,,F1499A,NEWFREN,NEWFR PLATE FRICTION,Kit de discos de embrague NEWFREN Standard,109.63,90.60,58.89,8025832244325,1,8714105000,0,1,"<p><strong>OE-STANDARD LINE</strong></p>
<p>Est&aacute;n dise&ntilde;ados para sustituir al embrague OE, manteniendo las mismas prestaciones y durabilidad. Los juegos de discos de embrague OE-Standard se fabrican con materiales de primera calidad. Son productos extremadamente fiables. El material de fricci&oacute;n de los discos es org&aacute;nico. El compuesto del material org&aacute;nico se elige en funci&oacute;n del tipo y la utilizaci&oacute;n de la motocicleta, optimizando as&iacute; el rendimiento, aunque dentro de las directrices del fabricante.</p>","
OE-STANDARD LINE

Están diseñados para sustituir al embrague OE, manteniendo las mismas prestaciones y durabilidad. Los juegos de discos de embrague OE-Standard se fabrican con materiales de primera calidad. Son productos extremadamente fiables. El material de fricción de los discos es orgánico. El compuesto del material orgánico se elige en función del tipo y la utilización de la motocicleta, optimizando así el rendimiento, aunque dentro de las directrices del fabricante.",VEHICLE PARTS & ACCESSORIES,ENGINE PARTS,ENG. CLUTCH,850,382,162,164,32,Orgánica,,,por unidad,,https://api.mybihr.com/medias/800Wx800H-1018238-1.jpg?context=bWFzdGVyfHJvb3R8Mjk5NTcyfGltYWdlL2pwZWd8YURCbUwyZ3dOaTg0TVRRMk56UXdNelV6TkRNMk5pODRNREJYZURnd01FaGZNVEF4T0RJek9DMHhMbXB3Wnd8YTFlYmY1YTJjM2Y4MTkwNzM3NDkyOWMyZmQwYjljZjc4OTI3ZjY3MGYxMmNjN2U4YjI5NDU2MmFjMWM2ZDlmNw,,,https://static.bihr.pro/eBihr/Pictures/NEWFREN-pictures.zip,Spain Warehouse (Parts)
1018310,,F1811A,NEWFREN,NEWFR PLATE FRICTION,Kit de discos de embrague NEWFREN Standard,93.65,77.40,50.31,8025832167150,1,8714105000,0,1,"<p><strong>OE-STANDARD LINE</strong></p>
<p>Est&aacute;n dise&ntilde;ados para sustituir al embrague OE, manteniendo las mismas prestaciones y durabilidad. Los juegos de discos de embrague OE-Standard se fabrican con materiales de primera calidad. Son productos extremadamente fiables. El material de fricci&oacute;n de los discos es org&aacute;nico. El compuesto del material org&aacute;nico se elige en funci&oacute;n del tipo y la utilizaci&oacute;n de la motocicleta, optimizando as&iacute; el rendimiento, aunque dentro de las directrices del fabricante.</p>","
OE-STANDARD LINE

Están diseñados para sustituir al embrague OE, manteniendo las mismas prestaciones y durabilidad. Los juegos de discos de embrague OE-Standard se fabrican con materiales de primera calidad. Son productos extremadamente fiables. El material de fricción de los discos es orgánico. El compuesto del material orgánico se elige en función del tipo y la utilización de la motocicleta, optimizando así el rendimiento, aunque dentro de las directrices del fabricante.",VEHICLE PARTS & ACCESSORIES,ENGINE PARTS,ENG. CLUTCH,861,314,164,164,32,Orgánica,,,por unidad,,https://api.mybihr.com/medias/800Wx800H-1018310-1.jpg?context=bWFzdGVyfHJvb3R8Mjk5NTcyfGltYWdlL2pwZWd8YUdaaUwyZzJOeTg0TVRRMk56UXhOVEF3TXpFMk5pODRNREJYZURnd01FaGZNVEF4T0RNeE1DMHhMbXB3Wnd8Mzc1ZmViNmU2YzVjZWQ2ZjAxYmQ0YmM0ZjIwOGI5NjgzNWNjN2FhZDU1OGM2OWM1ZGQwZmUxNjA2ZjdjZjY0Ng,,,https://static.bihr.pro/eBihr/Pictures/NEWFREN-pictures.zip,Spain Warehouse (Parts)
1018231,,F1494K,NEWFREN,NEWFR PLATE FRICTION,Disco de embrague NEWFREN Dry,89.42,73.90,48.04,8025832032229,1,8714105000,0,1,"<p><strong>DRY CUTCH LINE</strong></p>
<p>La gama de embragues mono disco en seco, cubre aplicaciones para BMW desde los a&ntilde;os 70 hasta hoy, tambi&eacute;n para Moto Guzzi; proponiendo un recambio de altas prestaciones. La primera gama creada es la l&iacute;nea K, disponible para todas las aplicaciones, es un recambio de alta calidad. La segunda creada es la l&iacute;nea KW, que incorpora un nuevo material de fricci&oacute;n compuesto de fibras sint&eacute;ticas aramidicas. Estas poseen una elevada resistencia mec&aacute;nica a la tracci&oacute;n y al calor. En caso de sobrecalentamiento, el material tiene la propiedad de no vitrificar y retomar sus caracter&iacute;sticas originales cuando la temperatura baja. Otra propiedad importante es que no pierde propiedades de fricci&oacute;n en contacto con el aceite. L&iacute;nea &ldquo;Recambios de alta calidad&rdquo; Made in Italy.</p>","
DRY CUTCH LINE

La gama de embragues mono disco en seco, cubre aplicaciones para BMW desde los años 70 hasta hoy, también para Moto Guzzi; proponiendo un recambio de altas prestaciones. La primera gama creada es la línea K, disponible para todas las aplicaciones, es un recambio de alta calidad. La segunda creada es la línea KW, que incorpora un nuevo material de fricción compuesto de fibras sintéticas aramidicas. Estas poseen una elevada resistencia mecánica a la tracción y al calor. En caso de sobrecalentamiento, el material tiene la propiedad de no vitrificar y retomar sus características originales cuando la temperatura baja. Otra propiedad importante es que no pierde propiedades de fricción en contacto con el aceite. Línea “Recambios de alta calidad” Made in Italy.",VEHICLE PARTS & ACCESSORIES,ENGINE PARTS,ENG. CLUTCH,1362,398,184,185,40,,,,"por unidad & ",,https://api.mybihr.com/medias/800Wx800H-1018231-1.jpg?context=bWFzdGVyfHJvb3R8MTg1NDcyfGltYWdlL2pwZWd8YURFeUwyaGhNeTgwTlRNME56STJNemt3TlRneU1pODRNREJYZURnd01FaGZNVEF4T0RJek1TMHhMbXB3Wnd8ZWQyNjBlNDZkMjcwNWUyYzM4YTdkOGMyMDI3ODE5MjI4ODBiNzg3MTg2Zjg0YjJhOTEyNDliYzUwMzc1ZTNiMA,,,https://static.bihr.pro/eBihr/Pictures/NEWFREN-pictures.zip,Spain Warehouse (Parts)
1018303,,F1775A,NEWFREN,NEWFR PLATE FRICTION,Kit de discos de embrague NEWFREN Standard,105.75,87.40,56.81,8025832035633,1,8714105000,0,1,"<p><strong>OE-STANDARD LINE</strong></p>
<p>Est&aacute;n dise&ntilde;ados para sustituir al embrague OE, manteniendo las mismas prestaciones y durabilidad. Los juegos de discos de embrague OE-Standard se fabrican con materiales de primera calidad. Son productos extremadamente fiables. El material de fricci&oacute;n de los discos es org&aacute;nico. El compuesto del material org&aacute;nico se elige en funci&oacute;n del tipo y la utilizaci&oacute;n de la motocicleta, optimizando as&iacute; el rendimiento, aunque dentro de las directrices del fabricante.</p>","
OE-STANDARD LINE

Están diseñados para sustituir al embrague OE, manteniendo las mismas prestaciones y durabilidad. Los juegos de discos de embrague OE-Standard se fabrican con materiales de primera calidad. Son productos extremadamente fiables. El material de fricción de los discos es orgánico. El compuesto del material orgánico se elige en función del tipo y la utilización de la motocicleta, optimizando así el rendimiento, aunque dentro de las directrices del fabricante.",VEHICLE PARTS & ACCESSORIES,ENGINE PARTS,ENG. CLUTCH,855,334,163,164,32,Orgánica,,,por unidad,,https://api.mybihr.com/medias/800Wx800H-1018303-1.jpg?context=bWFzdGVyfHJvb3R8Mjk5NTcyfGltYWdlL2pwZWd8YUdZeEwyaGtaaTg0TVRRMk56UXhNemd5TXpVeE9DODRNREJYZURnd01FaGZNVEF4T0RNd015MHhMbXB3Wnd8YzY5MDUwM2IxOGYwMDBmMDA4MTZiNGY4ZDUwZGFhNGQ4MTI3M2VlZWE0ZDA0NjA3OTIyNDhjMjI2OWI5MDJlOA,,,https://static.bihr.pro/eBihr/Pictures/NEWFREN-pictures.zip,Spain Warehouse (Parts)
1018331,,F1938A,NEWFREN,NEWFR PLATE FRICTION,Kit de discos de embrague NEWFREN Standard,72.12,59.60,38.74,8025832037057,1,8714105000,0,1,"<p><strong>OE-STANDARD LINE</strong></p>
<p>Est&aacute;n dise&ntilde;ados para sustituir al embrague OE, manteniendo las mismas prestaciones y durabilidad. Los juegos de discos de embrague OE-Standard se fabrican con materiales de primera calidad. Son productos extremadamente fiables. El material de fricci&oacute;n de los discos es org&aacute;nico. El compuesto del material org&aacute;nico se elige en funci&oacute;n del tipo y la utilizaci&oacute;n de la motocicleta, optimizando as&iacute; el rendimiento, aunque dentro de las directrices del fabricante.</p>","
OE-STANDARD LINE

Están diseñados para sustituir al embrague OE, manteniendo las mismas prestaciones y durabilidad. Los juegos de discos de embrague OE-Standard se fabrican con materiales de primera calidad. Son productos extremadamente fiables. El material de fricción de los discos es orgánico. El compuesto del material orgánico se elige en función del tipo y la utilización de la motocicleta, optimizando así el rendimiento, aunque dentro de las directrices del fabricante.",VEHICLE PARTS & ACCESSORIES,ENGINE PARTS,ENG. CLUTCH,726,250,164,164,27,Orgánica,,,por unidad,,https://api.mybihr.com/medias/800Wx800H-1018331-1.jpg?context=bWFzdGVyfHJvb3R8Mjk5NTcyfGltYWdlL2pwZWd8YURNeEwyZzFPQzg0TVRRMk9UWTNPVGN6TURjeE9DODRNREJYZURnd01FaGZNVEF4T0RNek1TMHhMbXB3Wnd8MGJkMWRmOWY4MDM0NTQ4MzcxNTYzMWE2ZDMxNDgyYjM2M2MwMDMxNWRjYWM3ZjE4NTliOTIwNDI5ZmQ1ZmFkMg,,,https://static.bihr.pro/eBihr/Pictures/NEWFREN-pictures.zip,Spain Warehouse (Parts)
1018207,,F1455SR,NEWFREN,NEWFR PLATE STEEL&FRICTIONS,Kit de discos + separadores de embrague NEWFREN Performance,267.17,220.80,143.52,8025832282044,0,8714105000,0,1,"<p><strong>PERFORMANCE LINE</strong></p>
<p>V&aacute;lidos tambi&eacute;n para el uso deportivo. La gama Performance ha sido pensada para un uso en carretera intensivo, pero tambi&eacute;n para uso deportivo para soportar las altas exigencias y para dar prestaciones de alto nivel. Los materiales de fricci&oacute;n, utilizados en los discos conductores del embrague en ba&ntilde;o de aceite, es el Paper Carbon. Los discos conducidos (separadores) est&aacute;n fabricados en un acero especial que asegura la m&aacute;xima resistencia y ausencias de deformaciones.</p>","
PERFORMANCE LINE

Válidos también para el uso deportivo. La gama Performance ha sido pensada para un uso en carretera intensivo, pero también para uso deportivo para soportar las altas exigencias y para dar prestaciones de alto nivel. Los materiales de fricción, utilizados en los discos conductores del embrague en baño de aceite, es el Paper Carbon. Los discos conducidos (separadores) están fabricados en un acero especial que asegura la máxima resistencia y ausencias de deformaciones.",VEHICLE PARTS & ACCESSORIES,ENGINE PARTS,ENG. CLUTCH,2918,1287,188,187,83,,,,por unidad,,https://api.mybihr.com/medias/1018207-1-800Wx800H?context=bWFzdGVyfHJvb3R8NjA4NTZ8aW1hZ2UvanBlZ3xhRE0zTDJneE9TODRPVEkyTnpNNE1EZzNPVFkyTHpFd01UZ3lNRGN0TVY4NE1EQlhlRGd3TUVnfGU3NzZkNzU3MTEwYzcyNzU0MThkNjE2MmE2YWY5Yzk4NzkwZjJmOGM3M2M4Njc4MTFkYTBiZDAyOTNjMzNmMzc,,,https://static.bihr.pro/eBihr/Pictures/NEWFREN-pictures.zip,Spain Warehouse (Parts)
1018212,,F1469A,NEWFREN,NEWFR PLATE FRICTION,Kit de discos de embrague NEWFREN Standard,77.92,64.40,41.86,8025832292913,46,8714105000,0,1,"<p><strong>OE-STANDARD LINE</strong></p>
<p>Est&aacute;n dise&ntilde;ados para sustituir al embrague OE, manteniendo las mismas prestaciones y durabilidad. Los juegos de discos de embrague OE-Standard se fabrican con materiales de primera calidad. Son productos extremadamente fiables. El material de fricci&oacute;n de los discos es org&aacute;nico. El compuesto del material org&aacute;nico se elige en funci&oacute;n del tipo y la utilizaci&oacute;n de la motocicleta, optimizando as&iacute; el rendimiento, aunque dentro de las directrices del fabricante.</p>","
OE-STANDARD LINE

Están diseñados para sustituir al embrague OE, manteniendo las mismas prestaciones y durabilidad. Los juegos de discos de embrague OE-Standard se fabrican con materiales de primera calidad. Son productos extremadamente fiables. El material de fricción de los discos es orgánico. El compuesto del material orgánico se elige en función del tipo y la utilización de la motocicleta, optimizando así el rendimiento, aunque dentro de las directrices del fabricante.",VEHICLE PARTS & ACCESSORIES,ENGINE PARTS,ENG. CLUTCH,855,275,163,164,32,Orgánica,,,por unidad,,https://api.mybihr.com/medias/800Wx800H-1018212-1.jpg?context=bWFzdGVyfHJvb3R8Mjk5NTcyfGltYWdlL2pwZWd8YUdKbEwyaGtZUzg0TVRRMk56UXdNVEUzTlRBM01DODRNREJYZURnd01FaGZNVEF4T0RJeE1pMHhMbXB3Wnd8YTMyNjg2MjMzM2RjYWEwNzY2OTFiOGNjMDZiYjQ5NTlmZjE0MjhjZWMyOGY4Zjk1MzZmN2JhYTRmYTFkMWEzYg,,,https://static.bihr.pro/eBihr/Pictures/NEWFREN-pictures.zip,Spain Warehouse (Parts)
1018216,,F1475AC,NEWFREN,NEWFR PLATE STEEL&FRICTIONS,Kit de discos + separadores de embrague NEWFREN Standard,51.55,42.60,27.69,8025832088653,3,8714105000,0,1,"<p><strong>OE-STANDARD LINE</strong></p>
<p>Est&aacute;n dise&ntilde;ados para sustituir al embrague OE, manteniendo las mismas prestaciones y durabilidad. Los juegos de discos de embrague OE-Standard se fabrican con materiales de primera calidad. Son productos extremadamente fiables. El material de fricci&oacute;n de los discos es org&aacute;nico. El compuesto del material org&aacute;nico se elige en funci&oacute;n del tipo y la utilizaci&oacute;n de la motocicleta, optimizando as&iacute; el rendimiento, aunque dentro de las directrices del fabricante.</p>","
OE-STANDARD LINE

Están diseñados para sustituir al embrague OE, manteniendo las mismas prestaciones y durabilidad. Los juegos de discos de embrague OE-Standard se fabrican con materiales de primera calidad. Son productos extremadamente fiables. El material de fricción de los discos es orgánico. El compuesto del material orgánico se elige en función del tipo y la utilización de la motocicleta, optimizando así el rendimiento, aunque dentro de las directrices del fabricante.",VEHICLE PARTS & ACCESSORIES,ENGINE PARTS,ENG. CLUTCH,348,315,132,132,20,,,,por unidad,,https://api.mybihr.com/medias/1018216-1-800Wx800H?context=bWFzdGVyfHJvb3R8NTEzMjR8aW1hZ2UvanBlZ3xhRFkwTDJnNU5pODRPVEE0TnpVeU5EVXpOall5THpFd01UZ3lNVFl0TVY4NE1EQlhlRGd3TUVnfGFhOTMzNzRiYmMzMjJiMDM3NjRhNmM4ZTg1MDhjNDRlMmVlMTRmNDlkYzc3NzM1MDM5NmVhNWM0NDlhMmU1MTU,,,https://static.bihr.pro/eBihr/Pictures/NEWFREN-pictures.zip,Spain Warehouse (Parts)
1018334,,F1969A,NEWFREN,NEWFR PLATE FRICTION,Kit de discos de embrague NEWFREN Standard,98.49,81.40,52.91,8025832037514,0,8714105000,0,1,"<p><strong>OE-STANDARD LINE</strong></p>
<p>Est&aacute;n dise&ntilde;ados para sustituir al embrague OE, manteniendo las mismas prestaciones y durabilidad. Los juegos de discos de embrague OE-Standard se fabrican con materiales de primera calidad. Son productos extremadamente fiables. El material de fricci&oacute;n de los discos es org&aacute;nico. El compuesto del material org&aacute;nico se elige en funci&oacute;n del tipo y la utilizaci&oacute;n de la motocicleta, optimizando as&iacute; el rendimiento, aunque dentro de las directrices del fabricante.</p>","
OE-STANDARD LINE

Están diseñados para sustituir al embrague OE, manteniendo las mismas prestaciones y durabilidad. Los juegos de discos de embrague OE-Standard se fabrican con materiales de primera calidad. Son productos extremadamente fiables. El material de fricción de los discos es orgánico. El compuesto del material orgánico se elige en función del tipo y la utilización de la motocicleta, optimizando así el rendimiento, aunque dentro de las directrices del fabricante.",VEHICLE PARTS & ACCESSORIES,ENGINE PARTS,ENG. CLUTCH,722,374,163,164,27,Orgánica,,,por unidad,,https://api.mybihr.com/medias/800Wx800H-1018334-1.jpg?context=bWFzdGVyfHJvb3R8Mjk5NTcyfGltYWdlL2pwZWd8YUdabEwyZzVaQzg0TVRRMk9UWTRNRE15TURVME1pODRNREJYZURnd01FaGZNVEF4T0RNek5DMHhMbXB3Wnd8ZjI5ZTc5NzEwMGVkMjI3YmU1ZTU0ZDQ0MGM4NTAyNDQyYzY3NTA4NmQ3NDYzOWIyYzk3NDM2ZTVjODkzNDRkNQ,,,https://static.bihr.pro/eBihr/Pictures/NEWFREN-pictures.zip,Spain Warehouse (Parts)
1018348,,F2655A,NEWFREN,NEWFR PLATE FRICTION,Kit de discos de embrague NEWFREN Standard,75.38,62.30,40.50,8025832038221,1,8714105000,0,1,"<p><strong>OE-STANDARD LINE</strong></p>
<p>Est&aacute;n dise&ntilde;ados para sustituir al embrague OE, manteniendo las mismas prestaciones y durabilidad. Los juegos de discos de embrague OE-Standard se fabrican con materiales de primera calidad. Son productos extremadamente fiables. El material de fricci&oacute;n de los discos es org&aacute;nico. El compuesto del material org&aacute;nico se elige en funci&oacute;n del tipo y la utilizaci&oacute;n de la motocicleta, optimizando as&iacute; el rendimiento, aunque dentro de las directrices del fabricante.</p>","
OE-STANDARD LINE

Están diseñados para sustituir al embrague OE, manteniendo las mismas prestaciones y durabilidad. Los juegos de discos de embrague OE-Standard se fabrican con materiales de primera calidad. Son productos extremadamente fiables. El material de fricción de los discos es orgánico. El compuesto del material orgánico se elige en función del tipo y la utilización de la motocicleta, optimizando así el rendimiento, aunque dentro de las directrices del fabricante.",VEHICLE PARTS & ACCESSORIES,ENGINE PARTS,ENG. CLUTCH,770,297,162,164,29,Orgánica,,,por unidad,,https://api.mybihr.com/medias/800Wx800H-1018348-1.jpg?context=bWFzdGVyfHJvb3R8Mjk5NTcyfGltYWdlL2pwZWd8YURaakwyZzBNQzg0TVRRMk9UWTRNalkzT1Rnek9DODRNREJYZURnd01FaGZNVEF4T0RNME9DMHhMbXB3Wnd8YjE5ZWFlNDRkODMyZWNlNjE0ZDQ3N2JhNDY4YjRmZTkxOWM1MWY2YjRiZDFiNjIxZDgxMmIwZTA0MmRlOGY1Mg,,,https://static.bihr.pro/eBihr/Pictures/NEWFREN-pictures.zip,Spain Warehouse (Parts)
1018221,,F1484SR,NEWFREN,NEWFR PLATE STEEL&FRICTIONS,Kit de discos + separadores de embrague NEWFREN Performance,299.72,247.70,161.01,8025832269106,1,8714105000,0,1,"<p><strong>PERFORMANCE LINE</strong></p>
<p>V&aacute;lidos tambi&eacute;n para el uso deportivo. La gama Performance ha sido pensada para un uso en carretera intensivo, pero tambi&eacute;n para uso deportivo para soportar las altas exigencias y para dar prestaciones de alto nivel. Los materiales de fricci&oacute;n, utilizados en los discos conductores del embrague en ba&ntilde;o de aceite, es el Paper Carbon. Los discos conducidos (separadores) est&aacute;n fabricados en un acero especial que asegura la m&aacute;xima resistencia y ausencias de deformaciones.</p>","
PERFORMANCE LINE

Válidos también para el uso deportivo. La gama Performance ha sido pensada para un uso en carretera intensivo, pero también para uso deportivo para soportar las altas exigencias y para dar prestaciones de alto nivel. Los materiales de fricción, utilizados en los discos conductores del embrague en baño de aceite, es el Paper Carbon. Los discos conducidos (separadores) están fabricados en un acero especial que asegura la máxima resistencia y ausencias de deformaciones.",VEHICLE PARTS & ACCESSORIES,ENGINE PARTS,ENG. CLUTCH,2902,1299,187,187,83,Orgánica,,,"por unidad & ",,https://api.mybihr.com/medias/800Wx800H-1018221-1.jpg?context=bWFzdGVyfHJvb3R8MTc3MjA1fGltYWdlL2pwZWd8YUdNekwyZzNOeTh6TXpJNU56TTBNVE0wT1RreE9DODRNREJYZURnd01FaGZNVEF4T0RJeU1TMHhMbXB3Wnd8YWNlOTU5MmU5ZDAwODVjOTNhOWVmM2FhNTgxMzI3N2QyN2UxNmM5NmUyZDQzYzQ4N2RjNTc1YjIxZDFmMzkzZA,https://api.mybihr.com/medias/800Wx800H-1018221-2.jpg?context=bWFzdGVyfHJvb3R8MzAxNTQxfGltYWdlL2pwZWd8YURVMEwyZ3hOQzh6TXpJMk5UZzNNRFkyTnpnd05pODRNREJYZURnd01FaGZNVEF4T0RJeU1TMHlMbXB3Wnd8ODRlYmIxZDUzMTk5ZTQ2ZDYxNjE2ZTVhYThiYjZkZDVhYjJjMjU5MGVhNWFkYWRlN2M3Yjk4NDgyZDI3NzJiNQ,,https://static.bihr.pro/eBihr/Pictures/NEWFREN-pictures.zip,Spain Warehouse (Parts)
1018225,,F1489A,NEWFREN,NEWFR PLATE FRICTION,Kit de discos de embrague NEWFREN Standard,140.60,116.20,75.53,8025832262558,0,8714105000,0,1,"<p><strong>OE-STANDARD LINE</strong></p>
<p>Est&aacute;n dise&ntilde;ados para sustituir al embrague OE, manteniendo las mismas prestaciones y durabilidad. Los juegos de discos de embrague OE-Standard se fabrican con materiales de primera calidad. Son productos extremadamente fiables. El material de fricci&oacute;n de los discos es org&aacute;nico. El compuesto del material org&aacute;nico se elige en funci&oacute;n del tipo y la utilizaci&oacute;n de la motocicleta, optimizando as&iacute; el rendimiento, aunque dentro de las directrices del fabricante.</p>","
OE-STANDARD LINE

Están diseñados para sustituir al embrague OE, manteniendo las mismas prestaciones y durabilidad. Los juegos de discos de embrague OE-Standard se fabrican con materiales de primera calidad. Son productos extremadamente fiables. El material de fricción de los discos es orgánico. El compuesto del material orgánico se elige en función del tipo y la utilización de la motocicleta, optimizando así el rendimiento, aunque dentro de las directrices del fabricante.",VEHICLE PARTS & ACCESSORIES,ENGINE PARTS,ENG. CLUTCH,1491,408,182,182,45,Orgánica,,,por unidad,,https://api.mybihr.com/medias/800Wx800H-1018225-1.jpg?context=bWFzdGVyfHJvb3R8Mjk5NTcyfGltYWdlL2pwZWd8YUdaaEwyZzFOUzg0TVRRMk56UXdNamswTkRVME1pODRNREJYZURnd01FaGZNVEF4T0RJeU5TMHhMbXB3Wnd8ZWU2OTU0NDhhY2RlNzZlYzBmYjBhMDEyMzVjMDk4MjAyZDIyYjY4YzQ2M2E1MjEwYzBjYTA5ZmJkYjc0MWM2Mw,,,https://static.bihr.pro/eBihr/Pictures/NEWFREN-pictures.zip,Spain Warehouse (Parts)
1018226,,F1489AC,NEWFREN,NEWFR PLATE STEEL&FRICTION,Kit de discos + separadores de embrague NEWFREN Standard,231.96,191.70,124.61,8025832262565,10,8714105000,0,1,"<p><strong>OE-STANDARD LINE</strong></p>
<p>Est&aacute;n dise&ntilde;ados para sustituir al embrague OE, manteniendo las mismas prestaciones y durabilidad. Los juegos de discos de embrague OE-Standard se fabrican con materiales de primera calidad. Son productos extremadamente fiables. El material de fricci&oacute;n de los discos es org&aacute;nico. El compuesto del material org&aacute;nico se elige en funci&oacute;n del tipo y la utilizaci&oacute;n de la motocicleta, optimizando as&iacute; el rendimiento, aunque dentro de las directrices del fabricante.</p>","
OE-STANDARD LINE

Están diseñados para sustituir al embrague OE, manteniendo las mismas prestaciones y durabilidad. Los juegos de discos de embrague OE-Standard se fabrican con materiales de primera calidad. Son productos extremadamente fiables. El material de fricción de los discos es orgánico. El compuesto del material orgánico se elige en función del tipo y la utilización de la motocicleta, optimizando así el rendimiento, aunque dentro de las directrices del fabricante.",VEHICLE PARTS & ACCESSORIES,ENGINE PARTS,ENG. CLUTCH,1759,1030,165,164,65,,,,por unidad,,https://api.mybihr.com/medias/1018226-1-800Wx800H?context=bWFzdGVyfHJvb3R8NDk3OTh8aW1hZ2UvanBlZ3xhRE0wTDJnNVpDODRPVEE0TnpVeU5qVXdNamN3THpFd01UZ3lNall0TVY4NE1EQlhlRGd3TUVnfGVkMzkyMzEzOTBkYjZjMTE5YmQxZDBjNWE4MzZjZWJlNWNkYjY1Mjc0NjI0MWUxYTQ5MWE1YmUxMTMwMTVmYjQ,,,https://static.bihr.pro/eBihr/Pictures/NEWFREN-pictures.zip,Spain Warehouse (Parts)
1018195,,F1419AC,NEWFREN,NEWFR PLATE STEEL&FRICTIONS,Kit de discos + separadores de embrague NEWFREN Standard,70.91,58.60,38.09,8025832211143,2,8714105000,0,1,"<p><strong>OE-STANDARD LINE</strong></p>
<p>Est&aacute;n dise&ntilde;ados para sustituir al embrague OE, manteniendo las mismas prestaciones y durabilidad. Los juegos de discos de embrague OE-Standard se fabrican con materiales de primera calidad. Son productos extremadamente fiables. El material de fricci&oacute;n de los discos es org&aacute;nico. El compuesto del material org&aacute;nico se elige en funci&oacute;n del tipo y la utilizaci&oacute;n de la motocicleta, optimizando as&iacute; el rendimiento, aunque dentro de las directrices del fabricante.</p>","
OE-STANDARD LINE

Están diseñados para sustituir al embrague OE, manteniendo las mismas prestaciones y durabilidad. Los juegos de discos de embrague OE-Standard se fabrican con materiales de primera calidad. Son productos extremadamente fiables. El material de fricción de los discos es orgánico. El compuesto del material orgánico se elige en función del tipo y la utilización de la motocicleta, optimizando así el rendimiento, aunque dentro de las directrices del fabricante.",VEHICLE PARTS & ACCESSORIES,ENGINE PARTS,ENG. CLUTCH,627,344,147,147,29,,,,por unidad,,https://api.mybihr.com/medias/1018195-1-800Wx800H?context=bWFzdGVyfHJvb3R8NjA4NTZ8aW1hZ2UvanBlZ3xhR0UyTDJoaU15ODRPVFE0T1RnMU9UVTBNek0wTHpFd01UZ3hPVFV0TVY4NE1EQlhlRGd3TUVnfDNhYWU2YWRjODM0OWFiZTk4NDMzOTFlZGZkNzk0M2E4NjVhYjgyNWJmNDdmZTFmYmU0ZjI1NDcwM2Y3YTMzMjU,,,https://static.bihr.pro/eBihr/Pictures/NEWFREN-pictures.zip,Spain Warehouse (Parts)
1018198,,F1448R,NEWFREN,NEWFR PLATE FRICTION,Kit de discos de embrague NEWFREN Performance,183.68,151.80,98.67,8025832279990,1,8714105000,0,1,"<p><strong>PERFORMANCE LINE</strong></p>
<p>V&aacute;lidos tambi&eacute;n para el uso deportivo. La gama Performance ha sido pensada para un uso en carretera intensivo, pero tambi&eacute;n para uso deportivo para soportar las altas exigencias y para dar prestaciones de alto nivel. Los materiales de fricci&oacute;n, utilizados en los discos conductores del embrague en ba&ntilde;o de aceite, es el Paper Carbon. Los discos conducidos (separadores) est&aacute;n fabricados en un acero especial que asegura la m&aacute;xima resistencia y ausencias de deformaciones.</p>","
PERFORMANCE LINE

Válidos también para el uso deportivo. La gama Performance ha sido pensada para un uso en carretera intensivo, pero también para uso deportivo para soportar las altas exigencias y para dar prestaciones de alto nivel. Los materiales de fricción, utilizados en los discos conductores del embrague en baño de aceite, es el Paper Carbon. Los discos conducidos (separadores) están fabricados en un acero especial que asegura la máxima resistencia y ausencias de deformaciones.",VEHICLE PARTS & ACCESSORIES,ENGINE PARTS,ENG. CLUTCH,977,343,161,164,37,Orgánica,,,por unidad,,https://api.mybihr.com/medias/800Wx800H-1018198-1.jpg?context=bWFzdGVyfHJvb3R8Mjk5NTcyfGltYWdlL2pwZWd8YURrNEwyZzVZaTg0TVRRMk56TTVPVEl3T0RrNU1DODRNREJYZURnd01FaGZNVEF4T0RFNU9DMHhMbXB3Wnd8YjhhYTQ2YzE2ZTBiOWQ2MDU2NmYxMzYxYjk4ZWY5MzE5OTA3MWU1YTA5NDFlMmI2ODE0MDQyYjE0MjI5NGY3Nw,,,https://static.bihr.pro/eBihr/Pictures/NEWFREN-pictures.zip,Spain Warehouse (Parts)
1018249,,F1529AC,NEWFREN,NEWFR PLATE STEEL&FRICTIONS,Kit de discos + separadores de embrague NEWFREN Standard,40.66,33.60,21.84,8025832032441,1,8714105000,0,1,"<p><strong>OE-STANDARD LINE</strong></p>
<p>Est&aacute;n dise&ntilde;ados para sustituir al embrague OE, manteniendo las mismas prestaciones y durabilidad. Los juegos de discos de embrague OE-Standard se fabrican con materiales de primera calidad. Son productos extremadamente fiables. El material de fricci&oacute;n de los discos es org&aacute;nico. El compuesto del material org&aacute;nico se elige en funci&oacute;n del tipo y la utilizaci&oacute;n de la motocicleta, optimizando as&iacute; el rendimiento, aunque dentro de las directrices del fabricante.</p>","
OE-STANDARD LINE

Están diseñados para sustituir al embrague OE, manteniendo las mismas prestaciones y durabilidad. Los juegos de discos de embrague OE-Standard se fabrican con materiales de primera calidad. Son productos extremadamente fiables. El material de fricción de los discos es orgánico. El compuesto del material orgánico se elige en función del tipo y la utilización de la motocicleta, optimizando así el rendimiento, aunque dentro de las directrices del fabricante.",VEHICLE PARTS & ACCESSORIES,ENGINE PARTS,ENG. CLUTCH,325,270,114,114,25,,,,por unidad,,https://api.mybihr.com/medias/1018249-1-800Wx800H?context=bWFzdGVyfHJvb3R8NTEzMjR8aW1hZ2UvanBlZ3xhR0UxTDJnNU15ODRPVFV6TWpFeE5UVXhOemMwTHpFd01UZ3lORGt0TVY4NE1EQlhlRGd3TUVnfDMxNDM5ZDJjZWFkMWJlMTZkZTRmMWIwNDE2ODM1NDY1YzQ5YTBiOWVmOWM2MjNhY2Y0ZjdmOTBjMTMxNWFlYTY,,,https://static.bihr.pro/eBihr/Pictures/NEWFREN-pictures.zip,Spain Warehouse (Parts)
1018250,,F1531A,NEWFREN,NEWFR PLATE FRICTION,Kit de discos de embrague NEWFREN Standard,78.29,64.70,42.06,8025832032526,0,8714105000,0,1,"<p><strong>OE-STANDARD LINE</strong></p>
<p>Est&aacute;n dise&ntilde;ados para sustituir al embrague OE, manteniendo las mismas prestaciones y durabilidad. Los juegos de discos de embrague OE-Standard se fabrican con materiales de primera calidad. Son productos extremadamente fiables. El material de fricci&oacute;n de los discos es org&aacute;nico. El compuesto del material org&aacute;nico se elige en funci&oacute;n del tipo y la utilizaci&oacute;n de la motocicleta, optimizando as&iacute; el rendimiento, aunque dentro de las directrices del fabricante.</p>","
OE-STANDARD LINE

Están diseñados para sustituir al embrague OE, manteniendo las mismas prestaciones y durabilidad. Los juegos de discos de embrague OE-Standard se fabrican con materiales de primera calidad. Son productos extremadamente fiables. El material de fricción de los discos es orgánico. El compuesto del material orgánico se elige en función del tipo y la utilización de la motocicleta, optimizando así el rendimiento, aunque dentro de las directrices del fabricante.",VEHICLE PARTS & ACCESSORIES,ENGINE PARTS,ENG. CLUTCH,696,268,146,149,32,Orgánica,,,por unidad,,https://api.mybihr.com/medias/800Wx800H-1018250-1.jpg?context=bWFzdGVyfHJvb3R8Mjk5NTcyfGltYWdlL2pwZWd8YUdObEwyaGxNQzg0TVRRMk56UXdOVGMyTWpVNU1DODRNREJYZURnd01FaGZNVEF4T0RJMU1DMHhMbXB3Wnd8ZjUxY2Y1YmU3NzhkZTk5NTBkNWFmODQ1NzEzMTNkYjg4OGYyNDNiZDg0YTYxYTdkYmI5Yzg3MmVjODFhZWFjYQ,,,https://static.bihr.pro/eBihr/Pictures/NEWFREN-pictures.zip,Spain Warehouse (Parts)
1018251,,F1534A,NEWFREN,NEWFR PLATE FRICTION,Kit de discos de embrague NEWFREN Standard,94.99,78.50,51.03,8025832257356,0,8714105000,0,1,"<p><strong>OE-STANDARD LINE</strong></p>
<p>Est&aacute;n dise&ntilde;ados para sustituir al embrague OE, manteniendo las mismas prestaciones y durabilidad. Los juegos de discos de embrague OE-Standard se fabrican con materiales de primera calidad. Son productos extremadamente fiables. El material de fricci&oacute;n de los discos es org&aacute;nico. El compuesto del material org&aacute;nico se elige en funci&oacute;n del tipo y la utilizaci&oacute;n de la motocicleta, optimizando as&iacute; el rendimiento, aunque dentro de las directrices del fabricante.</p>","
OE-STANDARD LINE

Están diseñados para sustituir al embrague OE, manteniendo las mismas prestaciones y durabilidad. Los juegos de discos de embrague OE-Standard se fabrican con materiales de primera calidad. Son productos extremadamente fiables. El material de fricción de los discos es orgánico. El compuesto del material orgánico se elige en función del tipo y la utilización de la motocicleta, optimizando así el rendimiento, aunque dentro de las directrices del fabricante.",VEHICLE PARTS & ACCESSORIES,ENGINE PARTS,ENG. CLUTCH,920,330,165,164,34,Orgánica,,,por unidad,,https://api.mybihr.com/medias/800Wx800H-1018251-1.jpg?context=bWFzdGVyfHJvb3R8Mjk5NTcyfGltYWdlL2pwZWd8YURoaUwyaGxOeTg0TVRRMk56UXdOVGsxT1RFNU9DODRNREJYZURnd01FaGZNVEF4T0RJMU1TMHhMbXB3Wnd8ZTM5MmVmZTM5YmE5YmY0ZWYwMzU3NDgxMDg0MTg4YjYzOWM4NGQxNjIxMjU0NjUyYTU0YWU3ZmMwYjg3NjYwNA,,,https://static.bihr.pro/eBihr/Pictures/NEWFREN-pictures.zip,Spain Warehouse (Parts)
1018252,,F1534AC,NEWFREN,NEWFR PLATE STEEL&FRICTION,Kit de discos + separadores de embrague NEWFREN Standard,212.36,175.50,114.08,8025832257363,2,8714105000,0,1,"<p><strong>OE-STANDARD LINE</strong></p>
<p>Est&aacute;n dise&ntilde;ados para sustituir al embrague OE, manteniendo las mismas prestaciones y durabilidad. Los juegos de discos de embrague OE-Standard se fabrican con materiales de primera calidad. Son productos extremadamente fiables. El material de fricci&oacute;n de los discos es org&aacute;nico. El compuesto del material org&aacute;nico se elige en funci&oacute;n del tipo y la utilizaci&oacute;n de la motocicleta, optimizando as&iacute; el rendimiento, aunque dentro de las directrices del fabricante.</p>","
OE-STANDARD LINE

Están diseñados para sustituir al embrague OE, manteniendo las mismas prestaciones y durabilidad. Los juegos de discos de embrague OE-Standard se fabrican con materiales de primera calidad. Son productos extremadamente fiables. El material de fricción de los discos es orgánico. El compuesto del material orgánico se elige en función del tipo y la utilización de la motocicleta, optimizando así el rendimiento, aunque dentro de las directrices del fabricante.",VEHICLE PARTS & ACCESSORIES,ENGINE PARTS,ENG. CLUTCH,2858,1040,188,190,80,,,,por unidad,,https://api.mybihr.com/medias/1018252-1-800Wx800H?context=bWFzdGVyfHJvb3R8NjU1MjV8aW1hZ2UvanBlZ3xhR1k0TDJneFpDODRPVE0wT0RjME9UTTVOREl5THpFd01UZ3lOVEl0TVY4NE1EQlhlRGd3TUVnfGRkOGE0YTI1MTM3YTgyNDZkNGU2MjkzYTE3ZmUzMjY2OTgyYmVkNDM5ODZlNjI1ODU2MzRlNmVjYWE1MTBjZDE,,,https://static.bihr.pro/eBihr/Pictures/NEWFREN-pictures.zip,Spain Warehouse (Parts)
1018253,,F1535A,NEWFREN,NEWFR PLATE FRICTION,Kit de discos de embrague NEWFREN Standard,94.99,78.50,51.03,8025832257370,2,8714105000,0,1,"<p><strong>OE-STANDARD LINE</strong></p>
<p>Est&aacute;n dise&ntilde;ados para sustituir al embrague OE, manteniendo las mismas prestaciones y durabilidad. Los juegos de discos de embrague OE-Standard se fabrican con materiales de primera calidad. Son productos extremadamente fiables. El material de fricci&oacute;n de los discos es org&aacute;nico. El compuesto del material org&aacute;nico se elige en funci&oacute;n del tipo y la utilizaci&oacute;n de la motocicleta, optimizando as&iacute; el rendimiento, aunque dentro de las directrices del fabricante.</p>","
OE-STANDARD LINE

Están diseñados para sustituir al embrague OE, manteniendo las mismas prestaciones y durabilidad. Los juegos de discos de embrague OE-Standard se fabrican con materiales de primera calidad. Son productos extremadamente fiables. El material de fricción de los discos es orgánico. El compuesto del material orgánico se elige en función del tipo y la utilización de la motocicleta, optimizando así el rendimiento, aunque dentro de las directrices del fabricante.",VEHICLE PARTS & ACCESSORIES,ENGINE PARTS,ENG. CLUTCH,898,330,166,169,32,Orgánica,,,"por unidad & ",,https://api.mybihr.com/medias/800Wx800H-1018253-1.jpg?context=bWFzdGVyfHJvb3R8Mjk5NTcyfGltYWdlL2pwZWd8YUdZNEwyaGpPUzg0TVRRMk56UXdOakUxTlRnd05pODRNREJYZURnd01FaGZNVEF4T0RJMU15MHhMbXB3Wnd8ODIwNzA0ZjgyY2ZjNjA3MTYwYzk1MDkwNTViOGE5NWEyNDE4MTY0NGJjNGEzYjY5M2IxOGYxYThmNjgwOTg1Zg,https://api.mybihr.com/medias/800Wx800H-1018253-2.jpg?context=bWFzdGVyfHJvb3R8MjgxMzc2fGltYWdlL2pwZWd8YURSa0wyZzJNaTh6TXpJNU56TTBNelV4TWpZd05pODRNREJYZURnd01FaGZNVEF4T0RJMU15MHlMbXB3Wnd8YWI5ZjI3ZGJhNzEwZDk3OWRhNDNjMTdmNjQxZTU1ZTFmZmRkMjM1YTJhM2I2NWRjMGQwZGYwY2Y1NTViODkxNw,,https://static.bihr.pro/eBihr/Pictures/NEWFREN-pictures.zip,Spain Warehouse (Parts)
1018254,,F1535AC,NEWFREN,NEWFR PLATE STEEL&FRICTION,Kit de discos + separadores de embrague NEWFREN Standard,208.97,172.70,112.26,8025832257387,0,8714105000,0,1,"<p><strong>OE-STANDARD LINE</strong></p>
<p>Est&aacute;n dise&ntilde;ados para sustituir al embrague OE, manteniendo las mismas prestaciones y durabilidad. Los juegos de discos de embrague OE-Standard se fabrican con materiales de primera calidad. Son productos extremadamente fiables. El material de fricci&oacute;n de los discos es org&aacute;nico. El compuesto del material org&aacute;nico se elige en funci&oacute;n del tipo y la utilizaci&oacute;n de la motocicleta, optimizando as&iacute; el rendimiento, aunque dentro de las directrices del fabricante.</p>","
OE-STANDARD LINE

Están diseñados para sustituir al embrague OE, manteniendo las mismas prestaciones y durabilidad. Los juegos de discos de embrague OE-Standard se fabrican con materiales de primera calidad. Son productos extremadamente fiables. El material de fricción de los discos es orgánico. El compuesto del material orgánico se elige en función del tipo y la utilización de la motocicleta, optimizando así el rendimiento, aunque dentro de las directrices del fabricante.",VEHICLE PARTS & ACCESSORIES,ENGINE PARTS,ENG. CLUTCH,3012,985,191,190,83,,,,por unidad,,https://api.mybihr.com/medias/1018254-1-800Wx800H?context=bWFzdGVyfHJvb3R8NjU1MjV8aW1hZ2UvanBlZ3xhRGMyTDJnNU1DODRPVFk1TURZek1qTTFOakUwTHpFd01UZ3lOVFF0TVY4NE1EQlhlRGd3TUVnfDNmNjRlMTQ1OTFlMzgzNzA1M2QzNTU4MDU0YjdlMGM2N2VkOGRhYjNlZjUwY2RmNTBhNWZiMTQ2MzVkMjJkMGM,,,https://static.bihr.pro/eBihr/Pictures/NEWFREN-pictures.zip,Spain Warehouse (Parts)
1018255,,F1540A,NEWFREN,NEWFR PLATE FRICTION,Kit de discos de embrague NEWFREN Standard,38.96,32.20,20.93,8025832032618,0,8714105000,0,1,"<p><strong>OE-STANDARD LINE</strong></p>
<p>Est&aacute;n dise&ntilde;ados para sustituir al embrague OE, manteniendo las mismas prestaciones y durabilidad. Los juegos de discos de embrague OE-Standard se fabrican con materiales de primera calidad. Son productos extremadamente fiables. El material de fricci&oacute;n de los discos es org&aacute;nico. El compuesto del material org&aacute;nico se elige en funci&oacute;n del tipo y la utilizaci&oacute;n de la motocicleta, optimizando as&iacute; el rendimiento, aunque dentro de las directrices del fabricante.</p>","
OE-STANDARD LINE

Están diseñados para sustituir al embrague OE, manteniendo las mismas prestaciones y durabilidad. Los juegos de discos de embrague OE-Standard se fabrican con materiales de primera calidad. Son productos extremadamente fiables. El material de fricción de los discos es orgánico. El compuesto del material orgánico se elige en función del tipo y la utilización de la motocicleta, optimizando así el rendimiento, aunque dentro de las directrices del fabricante.",VEHICLE PARTS & ACCESSORIES,ENGINE PARTS,ENG. CLUTCH,348,100,132,132,20,Orgánica,,,por unidad,,https://api.mybihr.com/medias/800Wx800H-1018255-1.jpg?context=bWFzdGVyfHJvb3R8Mjk5NTcyfGltYWdlL2pwZWd8YURJNEwyaGpNeTg0TVRRMk56UXdOak0xTWpReE5DODRNREJYZURnd01FaGZNVEF4T0RJMU5TMHhMbXB3Wnd8MmMwOGRmMTg2YWFhNzBmNzlmNWU2YmI2YTAyOTIxNDAwZTRiYjgyYzgzZjAyNDk2Mzg1Y2RlMTUwMTYwNGRiOA,,,https://static.bihr.pro/eBihr/Pictures/NEWFREN-pictures.zip,Spain Warehouse (Parts)
1018260,,F1553A,NEWFREN,NEWFR PLATE FRICTION,Kit de discos de embrague NEWFREN Standard,66.91,55.30,35.95,8025832032809,1,8714105000,0,1,"<p><strong>OE-STANDARD LINE</strong></p>
<p>Est&aacute;n dise&ntilde;ados para sustituir al embrague OE, manteniendo las mismas prestaciones y durabilidad. Los juegos de discos de embrague OE-Standard se fabrican con materiales de primera calidad. Son productos extremadamente fiables. El material de fricci&oacute;n de los discos es org&aacute;nico. El compuesto del material org&aacute;nico se elige en funci&oacute;n del tipo y la utilizaci&oacute;n de la motocicleta, optimizando as&iacute; el rendimiento, aunque dentro de las directrices del fabricante.</p>","
OE-STANDARD LINE

Están diseñados para sustituir al embrague OE, manteniendo las mismas prestaciones y durabilidad. Los juegos de discos de embrague OE-Standard se fabrican con materiales de primera calidad. Son productos extremadamente fiables. El material de fricción de los discos es orgánico. El compuesto del material orgánico se elige en función del tipo y la utilización de la motocicleta, optimizando así el rendimiento, aunque dentro de las directrices del fabricante.",VEHICLE PARTS & ACCESSORIES,ENGINE PARTS,ENG. CLUTCH,735,319,147,147,34,Orgánica,,,por unidad,,https://api.mybihr.com/medias/800Wx800H-1018260-1.jpg?context=bWFzdGVyfHJvb3R8Mjk5NTcyfGltYWdlL2pwZWd8YUdOaEwyaGhaUzg0TVRRMk56UXdOamswTWpJek9DODRNREJYZURnd01FaGZNVEF4T0RJMk1DMHhMbXB3Wnd8OTA2ZTI0ZGU2MjU5MzJjYmUxYTg0NDkwMTJjZDY1ODNjMWE5M2QyODE5OGI4ZTA1ZDhhZGM2NmRlMjg1MDU3Mg,,,https://static.bihr.pro/eBihr/Pictures/NEWFREN-pictures.zip,Spain Warehouse (Parts)
1018239,,F1502A,NEWFREN,NEWFR PLATE FRICTION,Kit de discos de embrague NEWFREN Standard,61.59,50.90,33.09,8025832280118,1,8714105000,0,1,"<p><strong>OE-STANDARD LINE</strong></p>
<p>Est&aacute;n dise&ntilde;ados para sustituir al embrague OE, manteniendo las mismas prestaciones y durabilidad. Los juegos de discos de embrague OE-Standard se fabrican con materiales de primera calidad. Son productos extremadamente fiables. El material de fricci&oacute;n de los discos es org&aacute;nico. El compuesto del material org&aacute;nico se elige en funci&oacute;n del tipo y la utilizaci&oacute;n de la motocicleta, optimizando as&iacute; el rendimiento, aunque dentro de las directrices del fabricante.</p>","
OE-STANDARD LINE

Están diseñados para sustituir al embrague OE, manteniendo las mismas prestaciones y durabilidad. Los juegos de discos de embrague OE-Standard se fabrican con materiales de primera calidad. Son productos extremadamente fiables. El material de fricción de los discos es orgánico. El compuesto del material orgánico se elige en función del tipo y la utilización de la motocicleta, optimizando así el rendimiento, aunque dentro de las directrices del fabricante.",VEHICLE PARTS & ACCESSORIES,ENGINE PARTS,ENG. CLUTCH,348,218,132,132,20,Orgánica,,,por unidad,,https://api.mybihr.com/medias/800Wx800H-1018239-1.jpg?context=bWFzdGVyfHJvb3R8Mjk5NTcyfGltYWdlL2pwZWd8YUdSbUwyZ3dZeTg0TVRRMk56UXdNemN6TURrM05DODRNREJYZURnd01FaGZNVEF4T0RJek9TMHhMbXB3Wnd8YmMzNjhiY2YwOTZkYzIxMTgyOTcxNWVmY2UyZjRhN2MyZTM4NjU4YjE3YzU5ZjcyMzEwZDE1ZDE2OTYyNTllMQ,,,https://static.bihr.pro/eBihr/Pictures/NEWFREN-pictures.zip,Spain Warehouse (Parts)
1018240,,F1505R,NEWFREN,NEWFR PLATE FRICTION,Kit de discos de embrague NEWFREN Performance,161.78,133.70,86.91,8025832163213,1,8714105000,0,1,"<p><strong>PERFORMANCE LINE</strong></p>
<p>V&aacute;lidos tambi&eacute;n para el uso deportivo. La gama Performance ha sido pensada para un uso en carretera intensivo, pero tambi&eacute;n para uso deportivo para soportar las altas exigencias y para dar prestaciones de alto nivel. Los materiales de fricci&oacute;n, utilizados en los discos conductores del embrague en ba&ntilde;o de aceite, es el Paper Carbon. Los discos conducidos (separadores) est&aacute;n fabricados en un acero especial que asegura la m&aacute;xima resistencia y ausencias de deformaciones.</p>","
PERFORMANCE LINE

Válidos también para el uso deportivo. La gama Performance ha sido pensada para un uso en carretera intensivo, pero también para uso deportivo para soportar las altas exigencias y para dar prestaciones de alto nivel. Los materiales de fricción, utilizados en los discos conductores del embrague en baño de aceite, es el Paper Carbon. Los discos conducidos (separadores) están fabricados en un acero especial que asegura la máxima resistencia y ausencias de deformaciones.",VEHICLE PARTS & ACCESSORIES,ENGINE PARTS,ENG. CLUTCH,1025,305,169,164,37,Orgánica,,,por unidad,,https://api.mybihr.com/medias/800Wx800H-1018240-1.jpg?context=bWFzdGVyfHJvb3R8Mjk5NTcyfGltYWdlL2pwZWd8YURsakwyZ3hNeTg0TVRRMk56UXdNemt5TnpVNE1pODRNREJYZURnd01FaGZNVEF4T0RJME1DMHhMbXB3Wnd8OGJjZmM5ZGVjNzhjZjc3NDExMWMxNTkxMjFiZTk2ODNiZTA5Y2M2MWNlY2VjYjRjMDIwYWUyMTUyOWVmY2Y5Mw,,,https://static.bihr.pro/eBihr/Pictures/NEWFREN-pictures.zip,Spain Warehouse (Parts)
1018242,,F1511A,NEWFREN,NEWFR PLATE FRICTION,Kit de discos de embrague NEWFREN Standard,52.27,43.20,28.08,8025832230953,2,8714105000,0,1,"<p><strong>OE-STANDARD LINE</strong></p>
<p>Est&aacute;n dise&ntilde;ados para sustituir al embrague OE, manteniendo las mismas prestaciones y durabilidad. Los juegos de discos de embrague OE-Standard se fabrican con materiales de primera calidad. Son productos extremadamente fiables. El material de fricci&oacute;n de los discos es org&aacute;nico. El compuesto del material org&aacute;nico se elige en funci&oacute;n del tipo y la utilizaci&oacute;n de la motocicleta, optimizando as&iacute; el rendimiento, aunque dentro de las directrices del fabricante.</p>","
OE-STANDARD LINE

Están diseñados para sustituir al embrague OE, manteniendo las mismas prestaciones y durabilidad. Los juegos de discos de embrague OE-Standard se fabrican con materiales de primera calidad. Son productos extremadamente fiables. El material de fricción de los discos es orgánico. El compuesto del material orgánico se elige en función del tipo y la utilización de la motocicleta, optimizando así el rendimiento, aunque dentro de las directrices del fabricante.",VEHICLE PARTS & ACCESSORIES,ENGINE PARTS,ENG. CLUTCH,740,201,148,147,34,Orgánica,,,por unidad,,https://api.mybihr.com/medias/800Wx800H-1018242-1.jpg?context=bWFzdGVyfHJvb3R8Mjk5NTcyfGltYWdlL2pwZWd8YUdVNEwyZzJPQzg0TVRRMk56UXdORE15TURjNU9DODRNREJYZURnd01FaGZNVEF4T0RJME1pMHhMbXB3Wnd8NTljNTRlNjAxMDZlZjc2NTY2MzIzNDMxMzQwYzE4YjgyMmEzNjFjYTU1NTY5OTFmZmNhMjMzMDIwMDUxMTgxOA,,,https://static.bihr.pro/eBihr/Pictures/NEWFREN-pictures.zip,Spain Warehouse (Parts)
1018244,,F1514R,NEWFREN,NEWFR PLATE FRICTION,Kit de discos de embrague NEWFREN Performance,159.36,131.70,85.61,8025832228035,3,8714105000,0,1,"<p><strong>PERFORMANCE LINE</strong></p>
<p>V&aacute;lidos tambi&eacute;n para el uso deportivo. La gama Performance ha sido pensada para un uso en carretera intensivo, pero tambi&eacute;n para uso deportivo para soportar las altas exigencias y para dar prestaciones de alto nivel. Los materiales de fricci&oacute;n, utilizados en los discos conductores del embrague en ba&ntilde;o de aceite, es el Paper Carbon. Los discos conducidos (separadores) est&aacute;n fabricados en un acero especial que asegura la m&aacute;xima resistencia y ausencias de deformaciones.</p>","
PERFORMANCE LINE

Válidos también para el uso deportivo. La gama Performance ha sido pensada para un uso en carretera intensivo, pero también para uso deportivo para soportar las altas exigencias y para dar prestaciones de alto nivel. Los materiales de fricción, utilizados en los discos conductores del embrague en baño de aceite, es el Paper Carbon. Los discos conducidos (separadores) están fabricados en un acero especial que asegura la máxima resistencia y ausencias de deformaciones.",VEHICLE PARTS & ACCESSORIES,ENGINE PARTS,ENG. CLUTCH,983,269,164,162,37,Orgánica,,,por unidad,,https://api.mybihr.com/medias/800Wx800H-1018244-1.jpg?context=bWFzdGVyfHJvb3R8Mjk5NTcyfGltYWdlL2pwZWd8YURjMkwyZzNOaTg0TVRRMk56UXdORGN4TkRBeE5DODRNREJYZURnd01FaGZNVEF4T0RJME5DMHhMbXB3Wnd8ZDIwNmRlNGYxMThiNDFlYjg2YmFmYjlkNzEyN2JjMjdmZDcwOTBkMmRlZWI0ZjcxMjk2MWU0NDk4ZWJmZjRiYw,,,https://static.bihr.pro/eBihr/Pictures/NEWFREN-pictures.zip,Spain Warehouse (Parts)
1018245,,F1515R,NEWFREN,NEWFR PLATE FRICTION,Kit de discos de embrague NEWFREN Performance,160.33,132.50,86.13,8025832228059,1,8714105000,0,1,"<p><strong>PERFORMANCE LINE</strong></p>
<p>V&aacute;lidos tambi&eacute;n para el uso deportivo. La gama Performance ha sido pensada para un uso en carretera intensivo, pero tambi&eacute;n para uso deportivo para soportar las altas exigencias y para dar prestaciones de alto nivel. Los materiales de fricci&oacute;n, utilizados en los discos conductores del embrague en ba&ntilde;o de aceite, es el Paper Carbon. Los discos conducidos (separadores) est&aacute;n fabricados en un acero especial que asegura la m&aacute;xima resistencia y ausencias de deformaciones.</p>","
PERFORMANCE LINE

Válidos también para el uso deportivo. La gama Performance ha sido pensada para un uso en carretera intensivo, pero también para uso deportivo para soportar las altas exigencias y para dar prestaciones de alto nivel. Los materiales de fricción, utilizados en los discos conductores del embrague en baño de aceite, es el Paper Carbon. Los discos conducidos (separadores) están fabricados en un acero especial que asegura la máxima resistencia y ausencias de deformaciones.",VEHICLE PARTS & ACCESSORIES,ENGINE PARTS,ENG. CLUTCH,1003,325,165,160,38,Orgánica,,,por unidad,,https://api.mybihr.com/medias/800Wx800H-1018245-1.jpg?context=bWFzdGVyfHJvb3R8Mjk5NTcyfGltYWdlL2pwZWd8YUdZMUwyZzNaQzg0TVRRMk56UXdORGszTmpFMU9DODRNREJYZURnd01FaGZNVEF4T0RJME5TMHhMbXB3Wnd8MDcyODZkYTcxZmM4Nzk0ZmE3OTA0MDQzNzJmMTkxNmU5MzBhZTJkMzQ3YjM4MjBkNTliN2I0NTE2MDNlNGEyMg,,,https://static.bihr.pro/eBihr/Pictures/NEWFREN-pictures.zip,Spain Warehouse (Parts)
1018246,,F1517R,NEWFREN,NEWFR PLATE FRICTION,Kit de discos de embrague NEWFREN Performance,118.82,98.20,63.83,8025832230977,1,8714105000,0,1,"<p><strong>PERFORMANCE LINE</strong></p>
<p>V&aacute;lidos tambi&eacute;n para el uso deportivo. La gama Performance ha sido pensada para un uso en carretera intensivo, pero tambi&eacute;n para uso deportivo para soportar las altas exigencias y para dar prestaciones de alto nivel. Los materiales de fricci&oacute;n, utilizados en los discos conductores del embrague en ba&ntilde;o de aceite, es el Paper Carbon. Los discos conducidos (separadores) est&aacute;n fabricados en un acero especial que asegura la m&aacute;xima resistencia y ausencias de deformaciones.</p>","
PERFORMANCE LINE

Válidos también para el uso deportivo. La gama Performance ha sido pensada para un uso en carretera intensivo, pero también para uso deportivo para soportar las altas exigencias y para dar prestaciones de alto nivel. Los materiales de fricción, utilizados en los discos conductores del embrague en baño de aceite, es el Paper Carbon. Los discos conducidos (separadores) están fabricados en un acero especial que asegura la máxima resistencia y ausencias de deformaciones.",VEHICLE PARTS & ACCESSORIES,ENGINE PARTS,ENG. CLUTCH,348,90,132,132,20,Orgánica,,,por unidad,,https://api.mybihr.com/medias/800Wx800H-1018246-1.jpg?context=bWFzdGVyfHJvb3R8Mjk5NTcyfGltYWdlL2pwZWd8YURjd0wyaGpZeTg0TVRRMk56UXdOVEUzTWpjMk5pODRNREJYZURnd01FaGZNVEF4T0RJME5pMHhMbXB3Wnd8YjMxNmM4NzVjYTRmNTEzNjkxYWRkYWJlNTEyZjJjMjEyYzNhZGM1YTczNWQyNDZkNDM3NTY3NjUxNDM4MTBiMA,,,https://static.bihr.pro/eBihr/Pictures/NEWFREN-pictures.zip,Spain Warehouse (Parts)
1018247,,F1518A,NEWFREN,NEWFR PLATE FRICTION,Kit de discos de embrague NEWFREN Standard,75.14,62.10,40.37,8025832257332,0,8714105000,0,1,"<p><strong>OE-STANDARD LINE</strong></p>
<p>Est&aacute;n dise&ntilde;ados para sustituir al embrague OE, manteniendo las mismas prestaciones y durabilidad. Los juegos de discos de embrague OE-Standard se fabrican con materiales de primera calidad. Son productos extremadamente fiables. El material de fricci&oacute;n de los discos es org&aacute;nico. El compuesto del material org&aacute;nico se elige en funci&oacute;n del tipo y la utilizaci&oacute;n de la motocicleta, optimizando as&iacute; el rendimiento, aunque dentro de las directrices del fabricante.</p>","
OE-STANDARD LINE

Están diseñados para sustituir al embrague OE, manteniendo las mismas prestaciones y durabilidad. Los juegos de discos de embrague OE-Standard se fabrican con materiales de primera calidad. Son productos extremadamente fiables. El material de fricción de los discos es orgánico. El compuesto del material orgánico se elige en función del tipo y la utilización de la motocicleta, optimizando así el rendimiento, aunque dentro de las directrices del fabricante.",VEHICLE PARTS & ACCESSORIES,ENGINE PARTS,ENG. CLUTCH,850,329,162,164,32,Orgánica,,,por unidad,,https://api.mybihr.com/medias/800Wx800H-1018247-1.jpg?context=bWFzdGVyfHJvb3R8Mjk5NTcyfGltYWdlL2pwZWd8YURKa0wyaGtNeTg0TVRRMk56UXdOVE0yT1RNM05DODRNREJYZURnd01FaGZNVEF4T0RJME55MHhMbXB3Wnd8MGViZmY2NTE1NjJmNDY4MDEzNzJiZWIwYWVkMzZhNmY3NThiZjdmZDg5OGYxYmNlZDEwOTVhMTE0ZTQyZDhlMA,,,https://static.bihr.pro/eBihr/Pictures/NEWFREN-pictures.zip,Spain Warehouse (Parts)
1018278,,F1631A,NEWFREN,NEWFR PLATE FRICTION,Kit de discos de embrague NEWFREN Standard,70.06,57.90,37.64,8025832033837,1,8714105000,0,1,"<p><strong>OE-STANDARD LINE</strong></p>
<p>Est&aacute;n dise&ntilde;ados para sustituir al embrague OE, manteniendo las mismas prestaciones y durabilidad. Los juegos de discos de embrague OE-Standard se fabrican con materiales de primera calidad. Son productos extremadamente fiables. El material de fricci&oacute;n de los discos es org&aacute;nico. El compuesto del material org&aacute;nico se elige en funci&oacute;n del tipo y la utilizaci&oacute;n de la motocicleta, optimizando as&iacute; el rendimiento, aunque dentro de las directrices del fabricante.</p>","
OE-STANDARD LINE

Están diseñados para sustituir al embrague OE, manteniendo las mismas prestaciones y durabilidad. Los juegos de discos de embrague OE-Standard se fabrican con materiales de primera calidad. Son productos extremadamente fiables. El material de fricción de los discos es orgánico. El compuesto del material orgánico se elige en función del tipo y la utilización de la motocicleta, optimizando así el rendimiento, aunque dentro de las directrices del fabricante.",VEHICLE PARTS & ACCESSORIES,ENGINE PARTS,ENG. CLUTCH,780,252,164,164,29,Orgánica,,,por unidad,,https://api.mybihr.com/medias/800Wx800H-1018278-1.jpg?context=bWFzdGVyfHJvb3R8Mjk5NTcyfGltYWdlL2pwZWd8YURGa0wyZzNaUzg0TVRRMk56UXdPVFE1T0RFME1pODRNREJYZURnd01FaGZNVEF4T0RJM09DMHhMbXB3Wnd8OWE5MWEzMTliODI1M2FjMzQyNDNkZDRiY2NjZjdjYThjMWNhZTlmMmIyYTM2MTMxM2I5Y2FjZjA2NDYxNzk0MA,,,https://static.bihr.pro/eBihr/Pictures/NEWFREN-pictures.zip,Spain Warehouse (Parts)
1018281,,F1644A,NEWFREN,NEWFR PLATE FRICTION,Kit de discos de embrague NEWFREN Standard,29.16,24.10,15.67,8025832034179,1,8714105000,0,1,"<p><strong>OE-STANDARD LINE</strong></p>
<p>Est&aacute;n dise&ntilde;ados para sustituir al embrague OE, manteniendo las mismas prestaciones y durabilidad. Los juegos de discos de embrague OE-Standard se fabrican con materiales de primera calidad. Son productos extremadamente fiables. El material de fricci&oacute;n de los discos es org&aacute;nico. El compuesto del material org&aacute;nico se elige en funci&oacute;n del tipo y la utilizaci&oacute;n de la motocicleta, optimizando as&iacute; el rendimiento, aunque dentro de las directrices del fabricante.</p>","
OE-STANDARD LINE

Están diseñados para sustituir al embrague OE, manteniendo las mismas prestaciones y durabilidad. Los juegos de discos de embrague OE-Standard se fabrican con materiales de primera calidad. Son productos extremadamente fiables. El material de fricción de los discos es orgánico. El compuesto del material orgánico se elige en función del tipo y la utilización de la motocicleta, optimizando así el rendimiento, aunque dentro de las directrices del fabricante.",VEHICLE PARTS & ACCESSORIES,ENGINE PARTS,ENG. CLUTCH,382,100,119,119,27,Orgánica,,,por unidad,,https://api.mybihr.com/medias/800Wx800H-1018281-1.jpg?context=bWFzdGVyfHJvb3R8Mjk5NTcyfGltYWdlL2pwZWd8YURFMEwyZzNPQzg0TVRRMk56UXhNREE0TnprMk5pODRNREJYZURnd01FaGZNVEF4T0RJNE1TMHhMbXB3Wnd8NGYyMGFjMmE1NWQ0ZjM1YjQ1MWM1MDcyZGIxZjBkOTUwMjhhMjBkODI0NGU4Yzc5YzMyOWMwODQzZmE0NzM0ZA,,,https://static.bihr.pro/eBihr/Pictures/NEWFREN-pictures.zip,Spain Warehouse (Parts)
1018329,,F1907A,NEWFREN,NEWFR PLATE FRICTION,Kit de discos de embrague NEWFREN Standard,99.95,82.60,53.69,8025832269441,0,8714105000,0,1,"<p><strong>OE-STANDARD LINE</strong></p>
<p>Est&aacute;n dise&ntilde;ados para sustituir al embrague OE, manteniendo las mismas prestaciones y durabilidad. Los juegos de discos de embrague OE-Standard se fabrican con materiales de primera calidad. Son productos extremadamente fiables. El material de fricci&oacute;n de los discos es org&aacute;nico. El compuesto del material org&aacute;nico se elige en funci&oacute;n del tipo y la utilizaci&oacute;n de la motocicleta, optimizando as&iacute; el rendimiento, aunque dentro de las directrices del fabricante.</p>","
OE-STANDARD LINE

Están diseñados para sustituir al embrague OE, manteniendo las mismas prestaciones y durabilidad. Los juegos de discos de embrague OE-Standard se fabrican con materiales de primera calidad. Son productos extremadamente fiables. El material de fricción de los discos es orgánico. El compuesto del material orgánico se elige en función del tipo y la utilización de la motocicleta, optimizando así el rendimiento, aunque dentro de las directrices del fabricante.",VEHICLE PARTS & ACCESSORIES,ENGINE PARTS,ENG. CLUTCH,898,353,161,164,34,Orgánica,,,por unidad,,https://api.mybihr.com/medias/800Wx800H-1018329-1.jpg?context=bWFzdGVyfHJvb3R8Mjk5NTcyfGltYWdlL2pwZWd8YURreEwyZzBZUzg0TVRRMk9UWTNPVE16TnpVd01pODRNREJYZURnd01FaGZNVEF4T0RNeU9TMHhMbXB3Wnd8MTk1NTJiZTY5ZmIwNDBlZWRjZThjOWY1Y2NlMDM1MjM4NDI4ZDBkMzhjYzVlMjU0ZjNlZTZjZTA3NWMzYmJjMw,,,https://static.bihr.pro/eBihr/Pictures/NEWFREN-pictures.zip,Spain Warehouse (Parts)
1018259,,F1545AC,NEWFREN,NEWFR PLATE STEEL&FRICTION,Kit de discos + separadores de embrague NEWFREN Standard,195.17,161.30,104.85,8025832165422,2,8714105000,0,1,"<p><strong>OE-STANDARD LINE</strong></p>
<p>Est&aacute;n dise&ntilde;ados para sustituir al embrague OE, manteniendo las mismas prestaciones y durabilidad. Los juegos de discos de embrague OE-Standard se fabrican con materiales de primera calidad. Son productos extremadamente fiables. El material de fricci&oacute;n de los discos es org&aacute;nico. El compuesto del material org&aacute;nico se elige en funci&oacute;n del tipo y la utilizaci&oacute;n de la motocicleta, optimizando as&iacute; el rendimiento, aunque dentro de las directrices del fabricante.</p>","
OE-STANDARD LINE

Están diseñados para sustituir al embrague OE, manteniendo las mismas prestaciones y durabilidad. Los juegos de discos de embrague OE-Standard se fabrican con materiales de primera calidad. Son productos extremadamente fiables. El material de fricción de los discos es orgánico. El compuesto del material orgánico se elige en función del tipo y la utilización de la motocicleta, optimizando así el rendimiento, aunque dentro de las directrices del fabricante.",VEHICLE PARTS & ACCESSORIES,ENGINE PARTS,ENG. CLUTCH,2949,1034,187,190,83,,,,por unidad,,https://api.mybihr.com/medias/1018259-1-800Wx800H?context=bWFzdGVyfHJvb3R8NjU1MjV8aW1hZ2UvanBlZ3xhR05qTDJoaFpDODRPVEF4TnpZMU56a3hOemMwTHpFd01UZ3lOVGt0TVY4NE1EQlhlRGd3TUVnfDU1MzkxNDAxNjE4MGRiZDM4Yzc4YTRjMTdmODc1YjQ2NDRiYzk4NDg4MGM5OTJiN2EwYmQxOTkxMWI1NWQ5MGY,,,https://static.bihr.pro/eBihr/Pictures/NEWFREN-pictures.zip,Spain Warehouse (Parts)
1018261,,F1560A,NEWFREN,NEWFR PLATE FRICTION,Kit de discos de embrague NEWFREN Standard,32.31,26.70,17.36,8025832032885,1,8714105000,0,1,"<p><strong>OE-STANDARD LINE</strong></p>
<p>Est&aacute;n dise&ntilde;ados para sustituir al embrague OE, manteniendo las mismas prestaciones y durabilidad. Los juegos de discos de embrague OE-Standard se fabrican con materiales de primera calidad. Son productos extremadamente fiables. El material de fricci&oacute;n de los discos es org&aacute;nico. El compuesto del material org&aacute;nico se elige en funci&oacute;n del tipo y la utilizaci&oacute;n de la motocicleta, optimizando as&iacute; el rendimiento, aunque dentro de las directrices del fabricante.</p>","
OE-STANDARD LINE

Están diseñados para sustituir al embrague OE, manteniendo las mismas prestaciones y durabilidad. Los juegos de discos de embrague OE-Standard se fabrican con materiales de primera calidad. Son productos extremadamente fiables. El material de fricción de los discos es orgánico. El compuesto del material orgánico se elige en función del tipo y la utilización de la motocicleta, optimizando así el rendimiento, aunque dentro de las directrices del fabricante.",VEHICLE PARTS & ACCESSORIES,ENGINE PARTS,ENG. CLUTCH,229,144,116,116,17,Orgánica,,,por unidad,,https://api.mybihr.com/medias/800Wx800H-1018261-1.jpg?context=bWFzdGVyfHJvb3R8Mjk5NTcyfGltYWdlL2pwZWd8YURZeEwyZzJNQzg0TVRRMk56UXdOekV6T0RnME5pODRNREJYZURnd01FaGZNVEF4T0RJMk1TMHhMbXB3Wnd8NjRlOGQ5NDQ4ZWM4ZGQxMjIyZDgxMDFkODdmNjIyMThkNjM1ZDIxMDYwYzlkNzAwNWFiZWI3YWI4NjYzYWQxNw,,,https://static.bihr.pro/eBihr/Pictures/NEWFREN-pictures.zip,Spain Warehouse (Parts)
1018263,,F1565A,NEWFREN,NEWFR PLATE FRICTION,Kit de discos de embrague NEWFREN Standard,102.12,84.40,54.86,8025832165552,2,8714105000,0,1,"<p><strong>OE-STANDARD LINE</strong></p>
<p>Est&aacute;n dise&ntilde;ados para sustituir al embrague OE, manteniendo las mismas prestaciones y durabilidad. Los juegos de discos de embrague OE-Standard se fabrican con materiales de primera calidad. Son productos extremadamente fiables. El material de fricci&oacute;n de los discos es org&aacute;nico. El compuesto del material org&aacute;nico se elige en funci&oacute;n del tipo y la utilizaci&oacute;n de la motocicleta, optimizando as&iacute; el rendimiento, aunque dentro de las directrices del fabricante.</p>","
OE-STANDARD LINE

Están diseñados para sustituir al embrague OE, manteniendo las mismas prestaciones y durabilidad. Los juegos de discos de embrague OE-Standard se fabrican con materiales de primera calidad. Son productos extremadamente fiables. El material de fricción de los discos es orgánico. El compuesto del material orgánico se elige en función del tipo y la utilización de la motocicleta, optimizando así el rendimiento, aunque dentro de las directrices del fabricante.",VEHICLE PARTS & ACCESSORIES,ENGINE PARTS,ENG. CLUTCH,1025,397,169,164,37,Orgánica,,,"por unidad & ",,https://api.mybihr.com/medias/800Wx800H-1018263-1.jpg?context=bWFzdGVyfHJvb3R8Mjk5NTcyfGltYWdlL2pwZWd8YUdNd0wyZzFNaTg0TVRRMk56UXdOelV6TWpBMk1pODRNREJYZURnd01FaGZNVEF4T0RJMk15MHhMbXB3Wnd8MjZlNTIyZWM3ZTJmZjQ3ZTYzNTc1Nzc1ZTk1MzlmZjZhZjFhNzJlODkzZTM4ZDU3ZTE5Nzg1MmVhNjQ1NzNjOA,https://api.mybihr.com/medias/800Wx800H-1018263-2.jpg?context=bWFzdGVyfHJvb3R8MjY4OTM5fGltYWdlL2pwZWd8YUdKakwyZzROQzh6TXpJMk5UZzNNVGcwTnpRMU5DODRNREJYZURnd01FaGZNVEF4T0RJMk15MHlMbXB3Wnd8YmRhYzA4ODZmZjM5YmQyZjQ1OGMwZDBjNmIzNjkwNWI2N2Q4OTNlYTY5NDAzN2QzMTcxNmQzNDcwN2FjYTg5ZA,,https://static.bihr.pro/eBihr/Pictures/NEWFREN-pictures.zip,Spain Warehouse (Parts)
1018266,,F1575/5A,NEWFREN,NEWFR PLATE FRICTION,Kit de discos de embrague NEWFREN Standard,29.89,24.70,16.06,8025832033080,1,8714105000,0,1,"<p><strong>OE-STANDARD LINE</strong></p>
<p>Est&aacute;n dise&ntilde;ados para sustituir al embrague OE, manteniendo las mismas prestaciones y durabilidad. Los juegos de discos de embrague OE-Standard se fabrican con materiales de primera calidad. Son productos extremadamente fiables. El material de fricci&oacute;n de los discos es org&aacute;nico. El compuesto del material org&aacute;nico se elige en funci&oacute;n del tipo y la utilizaci&oacute;n de la motocicleta, optimizando as&iacute; el rendimiento, aunque dentro de las directrices del fabricante.</p>","
OE-STANDARD LINE

Están diseñados para sustituir al embrague OE, manteniendo las mismas prestaciones y durabilidad. Los juegos de discos de embrague OE-Standard se fabrican con materiales de primera calidad. Son productos extremadamente fiables. El material de fricción de los discos es orgánico. El compuesto del material orgánico se elige en función del tipo y la utilización de la motocicleta, optimizando así el rendimiento, aunque dentro de las directrices del fabricante.",VEHICLE PARTS & ACCESSORIES,ENGINE PARTS,ENG. CLUTCH,258,256,117,116,19,Orgánica,,,por unidad,,https://api.mybihr.com/medias/800Wx800H-1018266-1.jpg?context=bWFzdGVyfHJvb3R8Mjk5NTcyfGltYWdlL2pwZWd8YURBekwyZzBZeTg0TVRRMk56UXdOemN5T0RZM01DODRNREJYZURnd01FaGZNVEF4T0RJMk5pMHhMbXB3Wnd8ZTBmMTg3ZTliZmI3MjBjMTkxZWYzN2JlMTM4OTk5YTY4ODIwNDNjY2UwODdjMGJjZjc5ZGFlMDk2NTU3NWQzYQ,,,https://static.bihr.pro/eBihr/Pictures/NEWFREN-pictures.zip,Spain Warehouse (Parts)
1018282,,F1645A,NEWFREN,NEWFR PLATE FRICTION,Kit de discos de embrague NEWFREN Standard,47.07,38.90,25.29,8025832165644,1,8714105000,0,1,"<p><strong>OE-STANDARD LINE</strong></p>
<p>Est&aacute;n dise&ntilde;ados para sustituir al embrague OE, manteniendo las mismas prestaciones y durabilidad. Los juegos de discos de embrague OE-Standard se fabrican con materiales de primera calidad. Son productos extremadamente fiables. El material de fricci&oacute;n de los discos es org&aacute;nico. El compuesto del material org&aacute;nico se elige en funci&oacute;n del tipo y la utilizaci&oacute;n de la motocicleta, optimizando as&iacute; el rendimiento, aunque dentro de las directrices del fabricante.</p>","
OE-STANDARD LINE

Están diseñados para sustituir al embrague OE, manteniendo las mismas prestaciones y durabilidad. Los juegos de discos de embrague OE-Standard se fabrican con materiales de primera calidad. Son productos extremadamente fiables. El material de fricción de los discos es orgánico. El compuesto del material orgánico se elige en función del tipo y la utilización de la motocicleta, optimizando así el rendimiento, aunque dentro de las directrices del fabricante.",VEHICLE PARTS & ACCESSORIES,ENGINE PARTS,ENG. CLUTCH,740,168,148,147,34,Orgánica,,,por unidad,,https://api.mybihr.com/medias/800Wx800H-1018282-1.jpg?context=bWFzdGVyfHJvb3R8Mjk5NTcyfGltYWdlL2pwZWd8YURRekwyZzNNUzg0TVRRMk56UXhNREk0TkRVM05DODRNREJYZURnd01FaGZNVEF4T0RJNE1pMHhMbXB3Wnd8ZDdjY2Y5NzU3ODljYzU0MDk2ZDI1NDAyZWVmMGZhYzBlYTg2MTc1Zjg4ODczZDdiZWUzYzJkNzY1NWM4Mjg4MQ,,,https://static.bihr.pro/eBihr/Pictures/NEWFREN-pictures.zip,Spain Warehouse (Parts)
1124845,,F1540SRS,NEWFREN,NEWFR PLATE STEEL&FRICTION,Kit de embrague NEWFREN Performance,69.33,57.30,37.25,8025832088738,33,8714105000,0,1,"<p><strong>PERFORMANCE LINE</strong></p>
<p>V&aacute;lidos tambi&eacute;n para el uso deportivo. La gama Performance ha sido pensada para un uso en carretera intensivo, pero tambi&eacute;n para uso deportivo para soportar las altas exigencias y para dar prestaciones de alto nivel. Los materiales de fricci&oacute;n, utilizados en los discos conductores del embrague en ba&ntilde;o de aceite, es el Paper Carbon. Los discos conducidos (separadores) est&aacute;n fabricados en un acero especial que asegura la m&aacute;xima resistencia y ausencias de deformaciones.</p>","
PERFORMANCE LINE

Válidos también para el uso deportivo. La gama Performance ha sido pensada para un uso en carretera intensivo, pero también para uso deportivo para soportar las altas exigencias y para dar prestaciones de alto nivel. Los materiales de fricción, utilizados en los discos conductores del embrague en baño de aceite, es el Paper Carbon. Los discos conducidos (separadores) están fabricados en un acero especial que asegura la máxima resistencia y ausencias de deformaciones.",VEHICLE PARTS & ACCESSORIES,ENGINE PARTS,ENG. CLUTCH,698,254,148,143,33,,,,por unidad,,https://api.mybihr.com/medias/800Wx800H-1124845-1.jpg?context=bWFzdGVyfHJvb3R8MTQ1MjIxfGltYWdlL2pwZWd8YUdZMEwyZ3paaTgxTURRM01EWTVNekl3T0RBNU5DODRNREJYZURnd01FaGZNVEV5TkRnME5TMHhMbXB3Wnd8ZDU0ZTViZmJiNjQ2YTFlNWQ5OTg0MzU1NDExZThiN2VmNzM1MTQyNzlmMzNhYThmNjc3ZWM4OTU1ODE4Njg3Yw,,,https://static.bihr.pro/eBihr/Pictures/NEWFREN-pictures.zip,Spain Warehouse (Parts)
1118422,,F2889SR,NEWFREN,NEWFR COMPLETE CLUTCH KIT,Kit de discos + separadores de embrague NEWFREN Performance,249.02,205.80,133.77,8025832371014,2,8714105000,0,1,"<p><strong>PERFORMANCE LINE</strong></p>
<p>V&aacute;lidos tambi&eacute;n para el uso deportivo. La gama Performance ha sido pensada para un uso en carretera intensivo, pero tambi&eacute;n para uso deportivo para soportar las altas exigencias y para dar prestaciones de alto nivel. Los materiales de fricci&oacute;n, utilizados en los discos conductores del embrague en ba&ntilde;o de aceite, es el Paper Carbon. Los discos conducidos (separadores) est&aacute;n fabricados en un acero especial que asegura la m&aacute;xima resistencia y ausencias de deformaciones.</p>","
PERFORMANCE LINE

Válidos también para el uso deportivo. La gama Performance ha sido pensada para un uso en carretera intensivo, pero también para uso deportivo para soportar las altas exigencias y para dar prestaciones de alto nivel. Los materiales de fricción, utilizados en los discos conductores del embrague en baño de aceite, es el Paper Carbon. Los discos conducidos (separadores) están fabricados en un acero especial que asegura la máxima resistencia y ausencias de deformaciones.",VEHICLE PARTS & ACCESSORIES,ENGINE PARTS,ENG. CLUTCH,1757,1097,168,166,63,,,,por unidad,,https://api.mybihr.com/medias/1118422-1-800Wx800H?context=bWFzdGVyfHJvb3R8NjU1MzV8aW1hZ2UvanBlZ3xhREl6TDJnNE15OHlOams0TXpVek5qQXpNemd5TWk4eE1URTROREl5TFRGZk9EQXdWM2c0TURCSXwzMDVkMjRjM2RiNGQ5NzczMmE1M2JkNmIzYTIxY2M2MDAwYTVjMDA5MGNkNmVjOTdjMWE5ODhkMWE2ODcyMzM3,,,https://static.bihr.pro/eBihr/Pictures/NEWFREN-pictures.zip,Spain Warehouse (Parts)
1018269,,F1591AC,NEWFREN,NEWFR PLATE STEEL&FRICTION,Kit de discos + separadores de embrague NEWFREN Standard,87.12,72.00,46.80,8025832033271,2,8714105000,0,1,"<p><strong>OE-STANDARD LINE</strong></p>
<p>Est&aacute;n dise&ntilde;ados para sustituir al embrague OE, manteniendo las mismas prestaciones y durabilidad. Los juegos de discos de embrague OE-Standard se fabrican con materiales de primera calidad. Son productos extremadamente fiables. El material de fricci&oacute;n de los discos es org&aacute;nico. El compuesto del material org&aacute;nico se elige en funci&oacute;n del tipo y la utilizaci&oacute;n de la motocicleta, optimizando as&iacute; el rendimiento, aunque dentro de las directrices del fabricante.</p>","
OE-STANDARD LINE

Están diseñados para sustituir al embrague OE, manteniendo las mismas prestaciones y durabilidad. Los juegos de discos de embrague OE-Standard se fabrican con materiales de primera calidad. Son productos extremadamente fiables. El material de fricción de los discos es orgánico. El compuesto del material orgánico se elige en función del tipo y la utilización de la motocicleta, optimizando así el rendimiento, aunque dentro de las directrices del fabricante.",VEHICLE PARTS & ACCESSORIES,ENGINE PARTS,ENG. CLUTCH,2949,1726,187,190,83,,,,por unidad,,https://api.mybihr.com/medias/1018269-1-800Wx800H?context=bWFzdGVyfHJvb3R8NjU1MjV8aW1hZ2UvanBlZ3xhREV5TDJnM1ppODRPVEF3T1RFM056VTFPVE0wTHpFd01UZ3lOamt0TVY4NE1EQlhlRGd3TUVnfDE1NTkwZjZmZjM1YTU5NzVjYTZjMjAyMDUzZGMwM2Q1ZDgwMDAzMmQ5NWVmNGJhZTU1ZTIxMGU1MDg0YjNhMWI,,,https://static.bihr.pro/eBihr/Pictures/NEWFREN-pictures.zip,Spain Warehouse (Parts)
1118407,,F1337YC,NEWFREN,NEWFR COMPLETE CLUTCH KIT,Kit de discos + separadores de embrague NEWFREN Pro Race,376.43,311.10,202.22,8025832033028,1,8714105000,0,1,"<p><strong>PRO RACE - DUCATI LINE</strong></p>
<p>Primer equipo elegido por Ducati con el grupo embragues STM para equipar la Panigale V4R y socio de Ducati Corse en Team SBK. La Linea Newfren con aplicaciones Ducati, hoy es la gama m&aacute;s extensa y la m&aacute;s avanzada tecnol&oacute;gicamente. La gama incluye discos org&aacute;nicos y discos sinterizados. Set para ba&ntilde;o en aceite y set para seco. El producto garantiza un recambio de altas prestaciones. Sea la gama sinterizada, sea la gama org&aacute;nica. Los embragues Newfren han sido seleccionados como primer equipo en modelos de serie.</p>","
PRO RACE - DUCATI LINE

Primer equipo elegido por Ducati con el grupo embragues STM para equipar la Panigale V4R y socio de Ducati Corse en Team SBK. La Linea Newfren con aplicaciones Ducati, hoy es la gama más extensa y la más avanzada tecnológicamente. La gama incluye discos orgánicos y discos sinterizados. Set para baño en aceite y set para seco. El producto garantiza un recambio de altas prestaciones. Sea la gama sinterizada, sea la gama orgánica. Los embragues Newfren han sido seleccionados como primer equipo en modelos de serie.",VEHICLE PARTS & ACCESSORIES,ENGINE PARTS,ENG. CLUTCH,3195,1502,204,178,88,,,,por unidad,,https://api.mybihr.com/medias/1118407-1-800Wx800H?context=bWFzdGVyfHJvb3R8NjU1MzV8aW1hZ2UvanBlZ3xhR00wTDJnd1lpOHlOams0TXpVek1ERXpOVFU0TWk4eE1URTROREEzTFRGZk9EQXdWM2c0TURCSXw4MDI2MTI2M2E2N2E2ZjRkZjUwNDU1MDc0Y2NjYjdmZmM1MmU3NDIzYmY2YTc2NDBiNWY2NDVmOGE3YmRiMDUw,,,https://static.bihr.pro/eBihr/Pictures/NEWFREN-pictures.zip,Spain Warehouse (Parts)
1118429,,F2726A,NEWFREN,NEWFR PLATE FRICTION,Kit de discos de embrague NEWFREN Standard,73.69,60.90,39.59,8025832381181,1,8714105000,0,1,"<p><strong>OE-STANDARD LINE</strong></p>
<p>Est&aacute;n dise&ntilde;ados para sustituir al embrague OE, manteniendo las mismas prestaciones y durabilidad. Los juegos de discos de embrague OE-Standard se fabrican con materiales de primera calidad. Son productos extremadamente fiables. El material de fricci&oacute;n de los discos es org&aacute;nico. El compuesto del material org&aacute;nico se elige en funci&oacute;n del tipo y la utilizaci&oacute;n de la motocicleta, optimizando as&iacute; el rendimiento, aunque dentro de las directrices del fabricante.</p>","
OE-STANDARD LINE

Están diseñados para sustituir al embrague OE, manteniendo las mismas prestaciones y durabilidad. Los juegos de discos de embrague OE-Standard se fabrican con materiales de primera calidad. Son productos extremadamente fiables. El material de fricción de los discos es orgánico. El compuesto del material orgánico se elige en función del tipo y la utilización de la motocicleta, optimizando así el rendimiento, aunque dentro de las directrices del fabricante.",VEHICLE PARTS & ACCESSORIES,ENGINE PARTS,ENG. CLUTCH,953,238,168,162,35,Orgánica,,,por unidad,,https://api.mybihr.com/medias/800Wx800H-1118429-1.jpg?context=bWFzdGVyfHJvb3R8Mjk5NTcyfGltYWdlL2pwZWd8YUdGa0wyaGpNUzg0TVRRMk9UWTRPRGcwTURJeU1pODRNREJYZURnd01FaGZNVEV4T0RReU9TMHhMbXB3Wnd8MzgzYTZiOTE2ODQ4NWE2YWUwNjMyYWIyNjNhMzY0MjUzN2ZjOTI1ZTk5NTU2ZGI5MDIwODZhZjliOWNmMmM2NA,,,https://static.bihr.pro/eBihr/Pictures/NEWFREN-pictures.zip,Spain Warehouse (Parts)
1118413,,F2685AC,NEWFREN,NEWFR COMPLETE CLUTCH KIT,Kit de discos + separadores de embrague NEWFREN Standard,56.99,47.10,30.62,8025832274964,2,8714105000,0,1,"<p><strong>OE-STANDARD LINE</strong></p>
<p>Est&aacute;n dise&ntilde;ados para sustituir al embrague OE, manteniendo las mismas prestaciones y durabilidad. Los juegos de discos de embrague OE-Standard se fabrican con materiales de primera calidad. Son productos extremadamente fiables. El material de fricci&oacute;n de los discos es org&aacute;nico. El compuesto del material org&aacute;nico se elige en funci&oacute;n del tipo y la utilizaci&oacute;n de la motocicleta, optimizando as&iacute; el rendimiento, aunque dentro de las directrices del fabricante.</p>","
OE-STANDARD LINE

Están diseñados para sustituir al embrague OE, manteniendo las mismas prestaciones y durabilidad. Los juegos de discos de embrague OE-Standard se fabrican con materiales de primera calidad. Son productos extremadamente fiables. El material de fricción de los discos es orgánico. El compuesto del material orgánico se elige en función del tipo y la utilización de la motocicleta, optimizando así el rendimiento, aunque dentro de las directrices del fabricante.",VEHICLE PARTS & ACCESSORIES,ENGINE PARTS,ENG. CLUTCH,723,333,150,146,33,,,,por unidad,,https://api.mybihr.com/medias/1118413-1-800Wx800H?context=bWFzdGVyfHJvb3R8NjU1MzV8aW1hZ2UvanBlZ3xhRFF5TDJobFlTOHlOams0TXpVek1qUTVORGczT0M4eE1URTROREV6TFRGZk9EQXdWM2c0TURCSXxlYjY0ODExYjIxNGE1MWJiMjRiNDE2ZmU3ZjNmMzNhODBkYmExYTc2MWIxYTVkYjU0NDhmNWNlMDAyYzA3MGE1,,,https://static.bihr.pro/eBihr/Pictures/NEWFREN-pictures.zip,Spain Warehouse (Parts)
1118436,,F2888A,NEWFREN,NEWFR PLATE FRICTION,Kit de discos de embrague NEWFREN Standard,106.00,87.60,56.94,8025832370956,1,8714105000,0,1,"<p><strong>OE-STANDARD LINE</strong></p>
<p>Est&aacute;n dise&ntilde;ados para sustituir al embrague OE, manteniendo las mismas prestaciones y durabilidad. Los juegos de discos de embrague OE-Standard se fabrican con materiales de primera calidad. Son productos extremadamente fiables. El material de fricci&oacute;n de los discos es org&aacute;nico. El compuesto del material org&aacute;nico se elige en funci&oacute;n del tipo y la utilizaci&oacute;n de la motocicleta, optimizando as&iacute; el rendimiento, aunque dentro de las directrices del fabricante.</p>","
OE-STANDARD LINE

Están diseñados para sustituir al embrague OE, manteniendo las mismas prestaciones y durabilidad. Los juegos de discos de embrague OE-Standard se fabrican con materiales de primera calidad. Son productos extremadamente fiables. El material de fricción de los discos es orgánico. El compuesto del material orgánico se elige en función del tipo y la utilización de la motocicleta, optimizando así el rendimiento, aunque dentro de las directrices del fabricante.",VEHICLE PARTS & ACCESSORIES,ENGINE PARTS,ENG. CLUTCH,915,298,168,165,33,Orgánica,,,por unidad,,https://api.mybihr.com/medias/800Wx800H-1118436-1.jpg?context=bWFzdGVyfHJvb3R8Mjk5NTcyfGltYWdlL2pwZWd8YURBMEwyZ3laaTg0TVRRMk9UWTVNREk0TWpBeE5DODRNREJYZURnd01FaGZNVEV4T0RRek5pMHhMbXB3Wnd8YTY3MWQ4Y2RmZmEyZjgwYzQ0YmUzNDIzOWJlMzA2NmExMWIzMmM0MzRjYWZiNmJjNThiOTJkMzdiYTg3YTA1Yg,,,https://static.bihr.pro/eBihr/Pictures/NEWFREN-pictures.zip,Spain Warehouse (Parts)
1118430,,F2731A,NEWFREN,NEWFR PLATE FRICTION,Kit de discos de embrague NEWFREN Standard,110.35,91.20,59.28,8025832385103,2,8714105000,0,1,"<p><strong>OE-STANDARD LINE</strong></p>
<p>Est&aacute;n dise&ntilde;ados para sustituir al embrague OE, manteniendo las mismas prestaciones y durabilidad. Los juegos de discos de embrague OE-Standard se fabrican con materiales de primera calidad. Son productos extremadamente fiables. El material de fricci&oacute;n de los discos es org&aacute;nico. El compuesto del material org&aacute;nico se elige en funci&oacute;n del tipo y la utilizaci&oacute;n de la motocicleta, optimizando as&iacute; el rendimiento, aunque dentro de las directrices del fabricante.</p>","
OE-STANDARD LINE

Están diseñados para sustituir al embrague OE, manteniendo las mismas prestaciones y durabilidad. Los juegos de discos de embrague OE-Standard se fabrican con materiales de primera calidad. Son productos extremadamente fiables. El material de fricción de los discos es orgánico. El compuesto del material orgánico se elige en función del tipo y la utilización de la motocicleta, optimizando así el rendimiento, aunque dentro de las directrices del fabricante.",VEHICLE PARTS & ACCESSORIES,ENGINE PARTS,ENG. CLUTCH,728,273,151,146,33,Orgánica,,,"por unidad & ",,https://api.mybihr.com/medias/800Wx800H-1118430-1.jpg?context=bWFzdGVyfHJvb3R8Mjk5NTcyfGltYWdlL2pwZWd8YUdWaEwyaGxaaTg0TVRRMk9UWTRPVEF6Tmpnek1DODRNREJYZURnd01FaGZNVEV4T0RRek1DMHhMbXB3Wnd8M2YxNmJmMzRlZjMxMWJiMzYxY2NjZDc1NzBmYTNjOWMxOTBkYWMxYmQ4YmZiZTAyYTc1YTQ1ZWM0NGU5NWU5Mw,https://api.mybihr.com/medias/800Wx800H-1118430-2.jpg?context=bWFzdGVyfHJvb3R8MTkyNTQzfGltYWdlL2pwZWd8YURBekwyaGhPQzh6TXpJMk5UZzNNemd4TXpVek5DODRNREJYZURnd01FaGZNVEV4T0RRek1DMHlMbXB3Wnd8OGM2NDNmNTY3ZTBkYmY3ODQ0OWFiM2UzMjIxZGZjODA0Nzc5MjllZTAxYmRiNWY1YzJjMjgzMGVlMWU2Y2U5YQ,,https://static.bihr.pro/eBihr/Pictures/NEWFREN-pictures.zip,Spain Warehouse (Parts)
1122346,,F2703CC,NEWFREN,NEWFR PLATE STEEL,Kit de separadores de embrague NEWFREN Standard,82.04,67.80,44.07,8025832353751,1,8714105000,0,1,"<p><strong>OE-STANDARD LINE</strong></p>
<p>Est&aacute;n dise&ntilde;ados para sustituir al embrague OE, manteniendo las mismas prestaciones y durabilidad. Los juegos de discos de embrague OE-Standard se fabrican con materiales de primera calidad. Son productos extremadamente fiables. El material de fricci&oacute;n de los discos es org&aacute;nico. El compuesto del material org&aacute;nico se elige en funci&oacute;n del tipo y la utilizaci&oacute;n de la motocicleta, optimizando as&iacute; el rendimiento, aunque dentro de las directrices del fabricante.</p>","
OE-STANDARD LINE

Están diseñados para sustituir al embrague OE, manteniendo las mismas prestaciones y durabilidad. Los juegos de discos de embrague OE-Standard se fabrican con materiales de primera calidad. Son productos extremadamente fiables. El material de fricción de los discos es orgánico. El compuesto del material orgánico se elige en función del tipo y la utilización de la motocicleta, optimizando así el rendimiento, aunque dentro de las directrices del fabricante.",VEHICLE PARTS & ACCESSORIES,ENGINE PARTS,ENG. CLUTCH,981,986,178,167,33,Acero,,,,,https://api.mybihr.com/medias/800Wx800H-1122346-1.jpg?context=bWFzdGVyfHJvb3R8MTgxNTMyfGltYWdlL2pwZWd8YURjMEwyaG1ZaTg0TVRRMk9UWTVNakExTVRRNE5pODRNREJYZURnd01FaGZNVEV5TWpNME5pMHhMbXB3Wnd8MTRkNDM3ZThmNGJmYzJiYTY4Nzc2MGNjNzE2YTRjMTJhNzYwNDk4MzI2YzM5NjZjNjQyYWJkMWY3ZTQ5N2I4NA,,,https://static.bihr.pro/eBihr/Pictures/NEWFREN-pictures.zip,Spain Warehouse (Parts)
1118415,,F2890AC,NEWFREN,NEWFR COMPLETE CLUTCH KIT,Kit de discos + separadores de embrague NEWFREN Standard,133.95,110.70,71.96,8025832371038,6,8714105000,0,1,"<p><strong>OE-STANDARD LINE</strong></p>
<p>Est&aacute;n dise&ntilde;ados para sustituir al embrague OE, manteniendo las mismas prestaciones y durabilidad. Los juegos de discos de embrague OE-Standard se fabrican con materiales de primera calidad. Son productos extremadamente fiables. El material de fricci&oacute;n de los discos es org&aacute;nico. El compuesto del material org&aacute;nico se elige en funci&oacute;n del tipo y la utilizaci&oacute;n de la motocicleta, optimizando as&iacute; el rendimiento, aunque dentro de las directrices del fabricante.</p>","
OE-STANDARD LINE

Están diseñados para sustituir al embrague OE, manteniendo las mismas prestaciones y durabilidad. Los juegos de discos de embrague OE-Standard se fabrican con materiales de primera calidad. Son productos extremadamente fiables. El material de fricción de los discos es orgánico. El compuesto del material orgánico se elige en función del tipo y la utilización de la motocicleta, optimizando así el rendimiento, aunque dentro de las directrices del fabricante.",VEHICLE PARTS & ACCESSORIES,ENGINE PARTS,ENG. CLUTCH,1354,849,186,182,40,,,,por unidad,,https://api.mybihr.com/medias/1118415-1-800Wx800H?context=bWFzdGVyfHJvb3R8NjU1MzV8aW1hZ2UvanBlZ3xhR1V6TDJoaU1pOHlOams0TXpVek16STRNVE14TUM4eE1URTROREUxTFRGZk9EQXdWM2c0TURCSXw4YWFkYjI0NzI4ODhhNDEyZWVjODZlOGJhMDA0NmE4ODUwYWI0MTdlNDA4OTc2NTRhYmU1M2NiZmM0OTYwYzU4,,,https://static.bihr.pro/eBihr/Pictures/NEWFREN-pictures.zip,Spain Warehouse (Parts)
1118434,,F2890A,NEWFREN,NEWFR PLATE FRICTION,Kit de discos de embrague NEWFREN Standard,84.82,70.10,45.57,8025832371021,0,8714105000,0,1,"<p><strong>OE-STANDARD LINE</strong></p>
<p>Est&aacute;n dise&ntilde;ados para sustituir al embrague OE, manteniendo las mismas prestaciones y durabilidad. Los juegos de discos de embrague OE-Standard se fabrican con materiales de primera calidad. Son productos extremadamente fiables. El material de fricci&oacute;n de los discos es org&aacute;nico. El compuesto del material org&aacute;nico se elige en funci&oacute;n del tipo y la utilizaci&oacute;n de la motocicleta, optimizando as&iacute; el rendimiento, aunque dentro de las directrices del fabricante.</p>","
OE-STANDARD LINE

Están diseñados para sustituir al embrague OE, manteniendo las mismas prestaciones y durabilidad. Los juegos de discos de embrague OE-Standard se fabrican con materiales de primera calidad. Son productos extremadamente fiables. El material de fricción de los discos es orgánico. El compuesto del material orgánico se elige en función del tipo y la utilización de la motocicleta, optimizando así el rendimiento, aunque dentro de las directrices del fabricante.",VEHICLE PARTS & ACCESSORIES,ENGINE PARTS,ENG. CLUTCH,877,255,163,163,33,Orgánica,,,por unidad,,https://api.mybihr.com/medias/800Wx800H-1118434-1.jpg?context=bWFzdGVyfHJvb3R8Mjk5NTcyfGltYWdlL2pwZWd8YURCa0wyaGtOQzg0TVRRMk9UWTRPVGc0T0RjNU9DODRNREJYZURnd01FaGZNVEV4T0RRek5DMHhMbXB3Wnd8YjY0NGQ0ZjRiMmNlNWEyNTg1MmY5MTY3NmFlZjRiMzRkZjljMmJlMmU0ODUxYzY3NTkzZjE4ZGVkZTVkMGY2Nw,,,https://static.bihr.pro/eBihr/Pictures/NEWFREN-pictures.zip,Spain Warehouse (Parts)
1122342,,F1353CC,NEWFREN,NEWFR PLATE STEEL,Kit de separadores de embrague NEWFREN Standard,81.80,67.60,43.94,8025832410935,0,8714105000,0,1,"<p><strong>OE-STANDARD LINE</strong></p>
<p>Est&aacute;n dise&ntilde;ados para sustituir al embrague OE, manteniendo las mismas prestaciones y durabilidad. Los juegos de discos de embrague OE-Standard se fabrican con materiales de primera calidad. Son productos extremadamente fiables. El material de fricci&oacute;n de los discos es org&aacute;nico. El compuesto del material org&aacute;nico se elige en funci&oacute;n del tipo y la utilizaci&oacute;n de la motocicleta, optimizando as&iacute; el rendimiento, aunque dentro de las directrices del fabricante.</p>","
OE-STANDARD LINE

Están diseñados para sustituir al embrague OE, manteniendo las mismas prestaciones y durabilidad. Los juegos de discos de embrague OE-Standard se fabrican con materiales de primera calidad. Son productos extremadamente fiables. El material de fricción de los discos es orgánico. El compuesto del material orgánico se elige en función del tipo y la utilización de la motocicleta, optimizando así el rendimiento, aunque dentro de las directrices del fabricante.",VEHICLE PARTS & ACCESSORIES,ENGINE PARTS,ENG. CLUTCH,728,524,151,146,33,Acero,,,,,https://api.mybihr.com/medias/800Wx800H-1122342-1.jpg?context=bWFzdGVyfHJvb3R8MTgxNTMyfGltYWdlL2pwZWd8YURaaUwyZzVaaTg0TVRRMk9UWTVNVFEyTVRZMk1pODRNREJYZURnd01FaGZNVEV5TWpNME1pMHhMbXB3Wnd8YmM0OTYzYWUyZGU0ZmI3NDg2MzkzOTk4YTc4NzMxNTI2MGRhNWVkZDA3MGQwMDFjN2ZkNmVlNmY3ZTFkYWNmOQ,,,https://static.bihr.pro/eBihr/Pictures/NEWFREN-pictures.zip,Spain Warehouse (Parts)
1122344,,F1907CC,NEWFREN,NEWFR PLATE STEEL,Kit de separadores de embrague NEWFREN Standard,85.91,71.00,46.15,8025832353287,2,8714105000,0,1,"<p><strong>OE-STANDARD LINE</strong></p>
<p>Est&aacute;n dise&ntilde;ados para sustituir al embrague OE, manteniendo las mismas prestaciones y durabilidad. Los juegos de discos de embrague OE-Standard se fabrican con materiales de primera calidad. Son productos extremadamente fiables. El material de fricci&oacute;n de los discos es org&aacute;nico. El compuesto del material org&aacute;nico se elige en funci&oacute;n del tipo y la utilizaci&oacute;n de la motocicleta, optimizando as&iacute; el rendimiento, aunque dentro de las directrices del fabricante.</p>","
OE-STANDARD LINE

Están diseñados para sustituir al embrague OE, manteniendo las mismas prestaciones y durabilidad. Los juegos de discos de embrague OE-Standard se fabrican con materiales de primera calidad. Son productos extremadamente fiables. El material de fricción de los discos es orgánico. El compuesto del material orgánico se elige en función del tipo y la utilización de la motocicleta, optimizando así el rendimiento, aunque dentro de las directrices del fabricante.",VEHICLE PARTS & ACCESSORIES,ENGINE PARTS,ENG. CLUTCH,924,907,165,160,35,Acero,,,,,https://api.mybihr.com/medias/800Wx800H-1122344-1.jpg?context=bWFzdGVyfHJvb3R8MTgxNTMyfGltYWdlL2pwZWd8YURJNEwyaGhOaTg0TVRRMk9UWTVNVFkxT0RJM01DODRNREJYZURnd01FaGZNVEV5TWpNME5DMHhMbXB3Wnd8YzA3ZGE1NTIyNGQ5ZDYxNWE1MWVkMjBmMzA5Y2I1ZWViYmVmZjRkZTlmZjNjZDQ2NjAxNjZhMDA2ZTQ4YjJhNg,,,https://static.bihr.pro/eBihr/Pictures/NEWFREN-pictures.zip,Spain Warehouse (Parts)
1018286,,F1665A,NEWFREN,NEWFR PLATE FRICTION,Kit de discos de embrague NEWFREN Standard,78.65,65.00,42.25,8025832034414,0,8714105000,0,1,"<p><strong>OE-STANDARD LINE</strong></p>
<p>Est&aacute;n dise&ntilde;ados para sustituir al embrague OE, manteniendo las mismas prestaciones y durabilidad. Los juegos de discos de embrague OE-Standard se fabrican con materiales de primera calidad. Son productos extremadamente fiables. El material de fricci&oacute;n de los discos es org&aacute;nico. El compuesto del material org&aacute;nico se elige en funci&oacute;n del tipo y la utilizaci&oacute;n de la motocicleta, optimizando as&iacute; el rendimiento, aunque dentro de las directrices del fabricante.</p>","
OE-STANDARD LINE

Están diseñados para sustituir al embrague OE, manteniendo las mismas prestaciones y durabilidad. Los juegos de discos de embrague OE-Standard se fabrican con materiales de primera calidad. Son productos extremadamente fiables. El material de fricción de los discos es orgánico. El compuesto del material orgánico se elige en función del tipo y la utilización de la motocicleta, optimizando así el rendimiento, aunque dentro de las directrices del fabricante.",VEHICLE PARTS & ACCESSORIES,ENGINE PARTS,ENG. CLUTCH,696,258,148,147,32,Orgánica,,,por unidad,,https://api.mybihr.com/medias/800Wx800H-1018286-1.jpg?context=bWFzdGVyfHJvb3R8Mjk5NTcyfGltYWdlL2pwZWd8YURZNUwyZ3daUzg0TVRRMk56UXhNVEEzTVRBd05pODRNREJYZURnd01FaGZNVEF4T0RJNE5pMHhMbXB3Wnd8ZTc3NmU0ZmYyMmNkMWNkOGFjMjc1NDMyNGZmY2IwNGQ5ZjI0MjRhYmU4YWE5N2Q3NjNhYzk0ODdiNGUwYjEyMg,,,https://static.bihr.pro/eBihr/Pictures/NEWFREN-pictures.zip,Spain Warehouse (Parts)
1018292,,F1685A,NEWFREN,NEWFR PLATE FRICTION,Kit de discos de embrague NEWFREN Standard,70.66,58.40,37.96,8025832034728,0,8714105000,0,1,"<p><strong>OE-STANDARD LINE</strong></p>
<p>Est&aacute;n dise&ntilde;ados para sustituir al embrague OE, manteniendo las mismas prestaciones y durabilidad. Los juegos de discos de embrague OE-Standard se fabrican con materiales de primera calidad. Son productos extremadamente fiables. El material de fricci&oacute;n de los discos es org&aacute;nico. El compuesto del material org&aacute;nico se elige en funci&oacute;n del tipo y la utilizaci&oacute;n de la motocicleta, optimizando as&iacute; el rendimiento, aunque dentro de las directrices del fabricante.</p>","
OE-STANDARD LINE

Están diseñados para sustituir al embrague OE, manteniendo las mismas prestaciones y durabilidad. Los juegos de discos de embrague OE-Standard se fabrican con materiales de primera calidad. Son productos extremadamente fiables. El material de fricción de los discos es orgánico. El compuesto del material orgánico se elige en función del tipo y la utilización de la motocicleta, optimizando así el rendimiento, aunque dentro de las directrices del fabricante.",VEHICLE PARTS & ACCESSORIES,ENGINE PARTS,ENG. CLUTCH,348,240,132,132,20,Orgánica,,,por unidad,,https://api.mybihr.com/medias/800Wx800H-1018292-1.jpg?context=bWFzdGVyfHJvb3R8Mjk5NTcyfGltYWdlL2pwZWd8YUdJd0wyZ3dZeTg0TVRRMk56UXhNVGcxTnpRek9DODRNREJYZURnd01FaGZNVEF4T0RJNU1pMHhMbXB3Wnd8NjEzNjIzMjI3MmMyN2IxZjNlYmFhNTJjYTY5YmJkYmI2NWQ3NTk3ZDgzYzk5OWFjOTdhODJhZGM5ZWQ1MDFkZQ,,,https://static.bihr.pro/eBihr/Pictures/NEWFREN-pictures.zip,Spain Warehouse (Parts)
1018363,,F2810A,NEWFREN,NEWFR PLATE FRICTION,Kit de discos de embrague NEWFREN Standard,52.76,43.60,28.34,8025832038528,1,8714105000,0,1,"<p><strong>OE-STANDARD LINE</strong></p>
<p>Est&aacute;n dise&ntilde;ados para sustituir al embrague OE, manteniendo las mismas prestaciones y durabilidad. Los juegos de discos de embrague OE-Standard se fabrican con materiales de primera calidad. Son productos extremadamente fiables. El material de fricci&oacute;n de los discos es org&aacute;nico. El compuesto del material org&aacute;nico se elige en funci&oacute;n del tipo y la utilizaci&oacute;n de la motocicleta, optimizando as&iacute; el rendimiento, aunque dentro de las directrices del fabricante.</p>","
OE-STANDARD LINE

Están diseñados para sustituir al embrague OE, manteniendo las mismas prestaciones y durabilidad. Los juegos de discos de embrague OE-Standard se fabrican con materiales de primera calidad. Son productos extremadamente fiables. El material de fricción de los discos es orgánico. El compuesto del material orgánico se elige en función del tipo y la utilización de la motocicleta, optimizando así el rendimiento, aunque dentro de las directrices del fabricante.",VEHICLE PARTS & ACCESSORIES,ENGINE PARTS,ENG. CLUTCH,780,174,164,164,29,Orgánica,,,por unidad,,https://api.mybihr.com/medias/800Wx800H-1018363-1.jpg?context=bWFzdGVyfHJvb3R8Mjk5NTcyfGltYWdlL2pwZWd8YUdVd0wyaG1PUzg0TVRRMk9UWTROREkxTWpjd01pODRNREJYZURnd01FaGZNVEF4T0RNMk15MHhMbXB3Wnd8YjcyZTQzMDZjOTg5MDlhN2JhNGRhMDJiMDNiY2U3ODNmYmRkZGY4YmQzMTc5YjJmOTBmYzI0NGVkNjZlZjM1MA,,,https://static.bihr.pro/eBihr/Pictures/NEWFREN-pictures.zip,Spain Warehouse (Parts)
1018365,,F2811AC,NEWFREN,NEWFR PLATE STEEL&FRICTIONS,Kit de discos + separadores de embrague NEWFREN Standard,71.27,58.90,38.29,8025832276579,3,8714105000,0,1,"<p><strong>OE-STANDARD LINE</strong></p>
<p>Est&aacute;n dise&ntilde;ados para sustituir al embrague OE, manteniendo las mismas prestaciones y durabilidad. Los juegos de discos de embrague OE-Standard se fabrican con materiales de primera calidad. Son productos extremadamente fiables. El material de fricci&oacute;n de los discos es org&aacute;nico. El compuesto del material org&aacute;nico se elige en funci&oacute;n del tipo y la utilizaci&oacute;n de la motocicleta, optimizando as&iacute; el rendimiento, aunque dentro de las directrices del fabricante.</p>","
OE-STANDARD LINE

Están diseñados para sustituir al embrague OE, manteniendo las mismas prestaciones y durabilidad. Los juegos de discos de embrague OE-Standard se fabrican con materiales de primera calidad. Son productos extremadamente fiables. El material de fricción de los discos es orgánico. El compuesto del material orgánico se elige en función del tipo y la utilización de la motocicleta, optimizando así el rendimiento, aunque dentro de las directrices del fabricante.",VEHICLE PARTS & ACCESSORIES,ENGINE PARTS,ENG. CLUTCH,696,394,148,147,32,,,,por unidad,,https://api.mybihr.com/medias/1018365-1-800Wx800H?context=bWFzdGVyfHJvb3R8NjA4NTZ8aW1hZ2UvanBlZ3xhREUzTDJoaFl5ODRPVEkzTURJNU1qTXhOalEyTHpFd01UZ3pOalV0TVY4NE1EQlhlRGd3TUVnfDJjOTg5MjE2OTY0ZWQyMGJjNDVjZjZiNWJhMDAxMDQxM2JmNDg0MjFiYmIyMjg5NjkyZDMyMzk0ZDRlNTIyN2Q,,,https://static.bihr.pro/eBihr/Pictures/NEWFREN-pictures.zip,Spain Warehouse (Parts)
1018370,,F2830AC,NEWFREN,NEWFR PLATE STEEL&FRICTIONS,Kit de discos + separadores de embrague NEWFREN Standard,131.65,108.80,70.72,8025832197775,1,8714105000,0,1,"<p><strong>OE-STANDARD LINE</strong></p>
<p>Est&aacute;n dise&ntilde;ados para sustituir al embrague OE, manteniendo las mismas prestaciones y durabilidad. Los juegos de discos de embrague OE-Standard se fabrican con materiales de primera calidad. Son productos extremadamente fiables. El material de fricci&oacute;n de los discos es org&aacute;nico. El compuesto del material org&aacute;nico se elige en funci&oacute;n del tipo y la utilizaci&oacute;n de la motocicleta, optimizando as&iacute; el rendimiento, aunque dentro de las directrices del fabricante.</p>","
OE-STANDARD LINE

Están diseñados para sustituir al embrague OE, manteniendo las mismas prestaciones y durabilidad. Los juegos de discos de embrague OE-Standard se fabrican con materiales de primera calidad. Son productos extremadamente fiables. El material de fricción de los discos es orgánico. El compuesto del material orgánico se elige en función del tipo y la utilización de la motocicleta, optimizando así el rendimiento, aunque dentro de las directrices del fabricante.",VEHICLE PARTS & ACCESSORIES,ENGINE PARTS,ENG. CLUTCH,1574,828,184,182,47,,,,por unidad,,https://api.mybihr.com/medias/1018370-1-800Wx800H?context=bWFzdGVyfHJvb3R8NjA4NTZ8aW1hZ2UvanBlZ3xhREk0TDJoaVl5ODRPRFU0T1RjNE1qSXlNVEV3THpFd01UZ3pOekF0TVY4NE1EQlhlRGd3TUVnfDM1N2ViZTEzZWJkN2U5YjZjZWU1YzQ2NWE3YmQyZTkzYWQxN2QyZWMxZGM1YzA0NjI5ZjU2MGU5NTQ1NTQzNmY,,,https://static.bihr.pro/eBihr/Pictures/NEWFREN-pictures.zip,Spain Warehouse (Parts)
1018222,,F1485R,NEWFREN,NEWFR PLATE FRICTION,Kit de discos de embrague NEWFREN Performance,135.28,111.80,72.67,8025832269137,6,8714105000,0,1,"<p><strong>PERFORMANCE LINE</strong></p>
<p>V&aacute;lidos tambi&eacute;n para el uso deportivo. La gama Performance ha sido pensada para un uso en carretera intensivo, pero tambi&eacute;n para uso deportivo para soportar las altas exigencias y para dar prestaciones de alto nivel. Los materiales de fricci&oacute;n, utilizados en los discos conductores del embrague en ba&ntilde;o de aceite, es el Paper Carbon. Los discos conducidos (separadores) est&aacute;n fabricados en un acero especial que asegura la m&aacute;xima resistencia y ausencias de deformaciones.</p>","
PERFORMANCE LINE

Válidos también para el uso deportivo. La gama Performance ha sido pensada para un uso en carretera intensivo, pero también para uso deportivo para soportar las altas exigencias y para dar prestaciones de alto nivel. Los materiales de fricción, utilizados en los discos conductores del embrague en baño de aceite, es el Paper Carbon. Los discos conducidos (separadores) están fabricados en un acero especial que asegura la máxima resistencia y ausencias de deformaciones.",VEHICLE PARTS & ACCESSORIES,ENGINE PARTS,ENG. CLUTCH,631,434,145,145,30,Orgánica,,,por unidad,,https://api.mybihr.com/medias/800Wx800H-1018222-1.jpg?context=bWFzdGVyfHJvb3R8Mjk5NTcyfGltYWdlL2pwZWd8YURnM0wyZzJNeTg0TVRRMk56UXdNalUxTVRNeU5pODRNREJYZURnd01FaGZNVEF4T0RJeU1pMHhMbXB3Wnd8ZDRhZjcxMGNmZTRlMWFhMjg4NjUyZTUxODFkYmZiYTAxM2YwOTliYjQ4MDI0OWRkZDdjMmFkMGI2ZWVkNzdmOA,,,https://static.bihr.pro/eBihr/Pictures/NEWFREN-pictures.zip,Spain Warehouse (Parts)
1018224,,F1488K,NEWFREN,NEWFR PLATE FRICTION,Disco de embrague NEWFREN Dry,95.83,79.20,51.48,8025832269182,0,8714105000,0,1,"<p><strong>DRY CUTCH LINE</strong></p>
<p>La gama de embragues mono disco en seco, cubre aplicaciones para BMW desde los a&ntilde;os 70 hasta hoy, tambi&eacute;n para Moto Guzzi; proponiendo un recambio de altas prestaciones. La primera gama creada es la l&iacute;nea K, disponible para todas las aplicaciones, es un recambio de alta calidad. La segunda creada es la l&iacute;nea KW, que incorpora un nuevo material de fricci&oacute;n compuesto de fibras sint&eacute;ticas aramidicas. Estas poseen una elevada resistencia mec&aacute;nica a la tracci&oacute;n y al calor. En caso de sobrecalentamiento, el material tiene la propiedad de no vitrificar y retomar sus caracter&iacute;sticas originales cuando la temperatura baja. Otra propiedad importante es que no pierde propiedades de fricci&oacute;n en contacto con el aceite. L&iacute;nea &ldquo;Recambios de alta calidad&rdquo; Made in Italy.</p>","
DRY CUTCH LINE

La gama de embragues mono disco en seco, cubre aplicaciones para BMW desde los años 70 hasta hoy, también para Moto Guzzi; proponiendo un recambio de altas prestaciones. La primera gama creada es la línea K, disponible para todas las aplicaciones, es un recambio de alta calidad. La segunda creada es la línea KW, que incorpora un nuevo material de fricción compuesto de fibras sintéticas aramidicas. Estas poseen una elevada resistencia mecánica a la tracción y al calor. En caso de sobrecalentamiento, el material tiene la propiedad de no vitrificar y retomar sus características originales cuando la temperatura baja. Otra propiedad importante es que no pierde propiedades de fricción en contacto con el aceite. Línea “Recambios de alta calidad” Made in Italy.",VEHICLE PARTS & ACCESSORIES,ENGINE PARTS,ENG. CLUTCH,1232,396,183,182,37,Orgánica,,,"por unidad & ",,https://api.mybihr.com/medias/800Wx800H-1018224-1.jpg?context=bWFzdGVyfHJvb3R8Mjg1NzQyfGltYWdlL2pwZWd8YURNMEwyZzJaQzh6TXpJNU56TTBNVFkzTnpVNU9DODRNREJYZURnd01FaGZNVEF4T0RJeU5DMHhMbXB3Wnd8ZTFhZTQ5ZjI1YTM1M2MzMWM0ZTFkODcwOTQ0Mjg5YzY1NWNhOGRjNTgxM2JlOGFiNmQ1NTRiYTQ0ZTRkZGVhZQ,,,https://static.bihr.pro/eBihr/Pictures/NEWFREN-pictures.zip,Spain Warehouse (Parts)
1018235,,F1497K,NEWFREN,NEWFR PLATE FRICTION,Disco de embrague NEWFREN Dry,87.97,72.70,47.26,8025832088646,1,8714105000,0,1,"<p><strong>DRY CUTCH LINE</strong></p>
<p>La gama de embragues mono disco en seco, cubre aplicaciones para BMW desde los a&ntilde;os 70 hasta hoy, tambi&eacute;n para Moto Guzzi; proponiendo un recambio de altas prestaciones. La primera gama creada es la l&iacute;nea K, disponible para todas las aplicaciones, es un recambio de alta calidad. La segunda creada es la l&iacute;nea KW, que incorpora un nuevo material de fricci&oacute;n compuesto de fibras sint&eacute;ticas aramidicas. Estas poseen una elevada resistencia mec&aacute;nica a la tracci&oacute;n y al calor. En caso de sobrecalentamiento, el material tiene la propiedad de no vitrificar y retomar sus caracter&iacute;sticas originales cuando la temperatura baja. Otra propiedad importante es que no pierde propiedades de fricci&oacute;n en contacto con el aceite. L&iacute;nea &ldquo;Recambios de alta calidad&rdquo; Made in Italy.</p>","
DRY CUTCH LINE

La gama de embragues mono disco en seco, cubre aplicaciones para BMW desde los años 70 hasta hoy, también para Moto Guzzi; proponiendo un recambio de altas prestaciones. La primera gama creada es la línea K, disponible para todas las aplicaciones, es un recambio de alta calidad. La segunda creada es la línea KW, que incorpora un nuevo material de fricción compuesto de fibras sintéticas aramidicas. Estas poseen una elevada resistencia mecánica a la tracción y al calor. En caso de sobrecalentamiento, el material tiene la propiedad de no vitrificar y retomar sus características originales cuando la temperatura baja. Otra propiedad importante es que no pierde propiedades de fricción en contacto con el aceite. Línea “Recambios de alta calidad” Made in Italy.",VEHICLE PARTS & ACCESSORIES,ENGINE PARTS,ENG. CLUTCH,1354,406,185,183,40,Orgánica,,,"por unidad & ",,https://api.mybihr.com/medias/800Wx800H-1018235-1.jpg?context=bWFzdGVyfHJvb3R8Mjg1NzQyfGltYWdlL2pwZWd8YURWaEwyZ3dZUzh6TXpJNU56TTBNalEyTkRBek1DODRNREJYZURnd01FaGZNVEF4T0RJek5TMHhMbXB3Wnd8YTMzOGJhZDVmNGJjNzU1ZGU5MWIyYjBhZjc1ZmJhYWZkY2JjZTkzMDYyNDg5ZGJmMzcxZmFlODRkNzJlYjNjOA,,,https://static.bihr.pro/eBihr/Pictures/NEWFREN-pictures.zip,Spain Warehouse (Parts)
1018170,,F1333YC,NEWFREN,NEWFR PLATE STEEL&FRICTIONS,Kit de discos + separadores de embrague NEWFREN Pro Race,384.54,317.80,206.57,8025832032946,2,8714105000,0,1,"<p><strong>PRO RACE - DUCATI LINE</strong></p>
<p>Primer equipo elegido por Ducati con el grupo embragues STM para equipar la Panigale V4R y socio de Ducati Corse en Team SBK. La Linea Newfren con aplicaciones Ducati, hoy es la gama m&aacute;s extensa y la m&aacute;s avanzada tecnol&oacute;gicamente. La gama incluye discos org&aacute;nicos y discos sinterizados. Set para ba&ntilde;o en aceite y set para seco. El producto garantiza un recambio de altas prestaciones. Sea la gama sinterizada, sea la gama org&aacute;nica. Los embragues Newfren han sido seleccionados como primer equipo en modelos de serie.</p>","
PRO RACE - DUCATI LINE

Primer equipo elegido por Ducati con el grupo embragues STM para equipar la Panigale V4R y socio de Ducati Corse en Team SBK. La Linea Newfren con aplicaciones Ducati, hoy es la gama más extensa y la más avanzada tecnológicamente. La gama incluye discos orgánicos y discos sinterizados. Set para baño en aceite y set para seco. El producto garantiza un recambio de altas prestaciones. Sea la gama sinterizada, sea la gama orgánica. Los embragues Newfren han sido seleccionados como primer equipo en modelos de serie.",VEHICLE PARTS & ACCESSORIES,ENGINE PARTS,ENG. CLUTCH,2965,1583,188,190,83,,,,por unidad,,https://api.mybihr.com/medias/1018170-1-800Wx800H?context=bWFzdGVyfHJvb3R8NjU1MjV8aW1hZ2UvanBlZ3xhRE15TDJnd05TODRPVEF4TnpFM01qSTVOVGs0THpFd01UZ3hOekF0TVY4NE1EQlhlRGd3TUVnfDI0NTA1YTRlY2M3NDJmYWNkNzFjOTNjNjkyZjViZDhmNzAwZWMyODQ3M2ZjZmVlODgyNWRiYmY1OTMzZjc2ZDM,,,https://static.bihr.pro/eBihr/Pictures/NEWFREN-pictures.zip,Spain Warehouse (Parts)
1018312,,F1817A,NEWFREN,NEWFR PLATE FRICTION,Kit de discos de embrague NEWFREN Standard,134.79,111.40,72.41,8025832035909,1,8714105000,0,1,"<p><strong>OE-STANDARD LINE</strong></p>
<p>Est&aacute;n dise&ntilde;ados para sustituir al embrague OE, manteniendo las mismas prestaciones y durabilidad. Los juegos de discos de embrague OE-Standard se fabrican con materiales de primera calidad. Son productos extremadamente fiables. El material de fricci&oacute;n de los discos es org&aacute;nico. El compuesto del material org&aacute;nico se elige en funci&oacute;n del tipo y la utilizaci&oacute;n de la motocicleta, optimizando as&iacute; el rendimiento, aunque dentro de las directrices del fabricante.</p>","
OE-STANDARD LINE

Están diseñados para sustituir al embrague OE, manteniendo las mismas prestaciones y durabilidad. Los juegos de discos de embrague OE-Standard se fabrican con materiales de primera calidad. Son productos extremadamente fiables. El material de fricción de los discos es orgánico. El compuesto del material orgánico se elige en función del tipo y la utilización de la motocicleta, optimizando así el rendimiento, aunque dentro de las directrices del fabricante.",VEHICLE PARTS & ACCESSORIES,ENGINE PARTS,ENG. CLUTCH,1226,384,182,182,37,Orgánica,,,por unidad,,https://api.mybihr.com/medias/800Wx800H-1018312-1.jpg?context=bWFzdGVyfHJvb3R8Mjk5NTcyfGltYWdlL2pwZWd8YUdKa0wyZzFZeTg0TVRRMk56UXhOVE01TmpNNE1pODRNREJYZURnd01FaGZNVEF4T0RNeE1pMHhMbXB3Wnd8MTZmOWI2YzViNWEzODQ3OTk4MmRmMWY5MTI3ZmMwYjkyZDFjMTIwMzZkYmI3NmFjMTE1MzkzNmRiYWJkNjFlYQ,,,https://static.bihr.pro/eBihr/Pictures/NEWFREN-pictures.zip,Spain Warehouse (Parts)
1018319,,F1838AC,NEWFREN,NEWFR PLATE STEEL&FRICTIONS,Kit de discos + separadores de embrague NEWFREN Standard,103.09,85.20,55.38,8025832036203,1,8714105000,0,1,"<p><strong>OE-STANDARD LINE</strong></p>
<p>Est&aacute;n dise&ntilde;ados para sustituir al embrague OE, manteniendo las mismas prestaciones y durabilidad. Los juegos de discos de embrague OE-Standard se fabrican con materiales de primera calidad. Son productos extremadamente fiables. El material de fricci&oacute;n de los discos es org&aacute;nico. El compuesto del material org&aacute;nico se elige en funci&oacute;n del tipo y la utilizaci&oacute;n de la motocicleta, optimizando as&iacute; el rendimiento, aunque dentro de las directrices del fabricante.</p>","
OE-STANDARD LINE

Están diseñados para sustituir al embrague OE, manteniendo las mismas prestaciones y durabilidad. Los juegos de discos de embrague OE-Standard se fabrican con materiales de primera calidad. Son productos extremadamente fiables. El material de fricción de los discos es orgánico. El compuesto del material orgánico se elige en función del tipo y la utilización de la motocicleta, optimizando así el rendimiento, aunque dentro de las directrices del fabricante.",VEHICLE PARTS & ACCESSORIES,ENGINE PARTS,ENG. CLUTCH,995,612,164,164,37,,,,por unidad,,https://api.mybihr.com/medias/1018319-1-800Wx800H?context=bWFzdGVyfHJvb3R8NjA4NTZ8aW1hZ2UvanBlZ3xhR1kyTDJoaE1pODRPVEF4TmpnM09UTTFNREEyTHpFd01UZ3pNVGt0TVY4NE1EQlhlRGd3TUVnfGVlZDkwMGU2NzRmOWQzNTRjMDM1OTRiMDFlMmQyMWI3YTNiZjkwY2I3ZWFiZmU0ZmQwNmZhYmE1YmVmMzliOTI,,,https://static.bihr.pro/eBihr/Pictures/NEWFREN-pictures.zip,Spain Warehouse (Parts)
1018362,,F2720AC,NEWFREN,NEWFR PLATE STEEL&FRICTIONS,Kit de discos + separadores de embrague NEWFREN Standard,158.75,131.20,85.28,8025832276425,2,8714105000,0,1,"<p><strong>OE-STANDARD LINE</strong></p>
<p>Est&aacute;n dise&ntilde;ados para sustituir al embrague OE, manteniendo las mismas prestaciones y durabilidad. Los juegos de discos de embrague OE-Standard se fabrican con materiales de primera calidad. Son productos extremadamente fiables. El material de fricci&oacute;n de los discos es org&aacute;nico. El compuesto del material org&aacute;nico se elige en funci&oacute;n del tipo y la utilizaci&oacute;n de la motocicleta, optimizando as&iacute; el rendimiento, aunque dentro de las directrices del fabricante.</p>","
OE-STANDARD LINE

Están diseñados para sustituir al embrague OE, manteniendo las mismas prestaciones y durabilidad. Los juegos de discos de embrague OE-Standard se fabrican con materiales de primera calidad. Son productos extremadamente fiables. El material de fricción de los discos es orgánico. El compuesto del material orgánico se elige en función del tipo y la utilización de la motocicleta, optimizando así el rendimiento, aunque dentro de las directrices del fabricante.",VEHICLE PARTS & ACCESSORIES,ENGINE PARTS,ENG. CLUTCH,1574,1061,184,182,47,,,,por unidad,,https://api.mybihr.com/medias/1018362-1-800Wx800H?context=bWFzdGVyfHJvb3R8NjA4NTZ8aW1hZ2UvanBlZ3xhR1kzTDJnek9TODRPVEkwTkRBNE5EUTNNREEyTHpFd01UZ3pOakl0TVY4NE1EQlhlRGd3TUVnfDFhNTVjZjk4OTg1N2I1Yzg5YjBlNDVmMmEyNWUyYjNmOTliZWRiOGVmOTZkMjU0OGQwYTBmY2I5YTJkMWMxY2E,,,https://static.bihr.pro/eBihr/Pictures/NEWFREN-pictures.zip,Spain Warehouse (Parts)
1018376,,F2879AC,NEWFREN,NEWFR PLATE STEEL&FRICTIONS,Kit de discos + separadores de embrague NEWFREN Standard,158.39,130.90,85.09,8025832277453,1,8714105000,0,1,"<p><strong>OE-STANDARD LINE</strong></p>
<p>Est&aacute;n dise&ntilde;ados para sustituir al embrague OE, manteniendo las mismas prestaciones y durabilidad. Los juegos de discos de embrague OE-Standard se fabrican con materiales de primera calidad. Son productos extremadamente fiables. El material de fricci&oacute;n de los discos es org&aacute;nico. El compuesto del material org&aacute;nico se elige en funci&oacute;n del tipo y la utilizaci&oacute;n de la motocicleta, optimizando as&iacute; el rendimiento, aunque dentro de las directrices del fabricante.</p>","
OE-STANDARD LINE

Están diseñados para sustituir al embrague OE, manteniendo las mismas prestaciones y durabilidad. Los juegos de discos de embrague OE-Standard se fabrican con materiales de primera calidad. Son productos extremadamente fiables. El material de fricción de los discos es orgánico. El compuesto del material orgánico se elige en función del tipo y la utilización de la motocicleta, optimizando así el rendimiento, aunque dentro de las directrices del fabricante.",VEHICLE PARTS & ACCESSORIES,ENGINE PARTS,ENG. CLUTCH,1665,1093,183,182,50,,,,por unidad,,https://api.mybihr.com/medias/1018376-1-800Wx800H?context=bWFzdGVyfHJvb3R8NjA4NTZ8aW1hZ2UvanBlZ3xhR1JsTDJnNE55ODRPVEF4TXpnek5qVXhNelU0THpFd01UZ3pOell0TVY4NE1EQlhlRGd3TUVnfDdiZTU3NmJlMDBlYTJlM2IxNTkxM2YzZTNjNzAyMTZlYTA0MTgwYmY1NmJmYWJkZWVhMTI5ZjZkNWZjNzJlMDU,,,https://static.bihr.pro/eBihr/Pictures/NEWFREN-pictures.zip,Spain Warehouse (Parts)
1089805,,F2730AC,NEWFREN,NEWFR CLUT. DISC FRICTION/STEEL DISCS,Kit de discos + separadores de embrague NEWFREN Standard,161.54,133.50,86.78,8025832381730,7,8714105000,0,1,"<p><strong>OE-STANDARD LINE</strong></p>
<p>Est&aacute;n dise&ntilde;ados para sustituir al embrague OE, manteniendo las mismas prestaciones y durabilidad. Los juegos de discos de embrague OE-Standard se fabrican con materiales de primera calidad. Son productos extremadamente fiables. El material de fricci&oacute;n de los discos es org&aacute;nico. El compuesto del material org&aacute;nico se elige en funci&oacute;n del tipo y la utilizaci&oacute;n de la motocicleta, optimizando as&iacute; el rendimiento, aunque dentro de las directrices del fabricante.</p>","
OE-STANDARD LINE

Están diseñados para sustituir al embrague OE, manteniendo las mismas prestaciones y durabilidad. Los juegos de discos de embrague OE-Standard se fabrican con materiales de primera calidad. Son productos extremadamente fiables. El material de fricción de los discos es orgánico. El compuesto del material orgánico se elige en función del tipo y la utilización de la motocicleta, optimizando así el rendimiento, aunque dentro de las directrices del fabricante.",VEHICLE PARTS & ACCESSORIES,ENGINE PARTS,ENG. CLUTCH,1185,888,182,186,35,,,,por unidad,,https://api.mybihr.com/medias/1089805-1-800Wx800H?context=bWFzdGVyfHJvb3R8MTA3ODM0fGltYWdlL2pwZWd8YUdOaUwyZ3pNUzg0T1RReE9UQXlPRGc0T1Rrd0x6RXdPRGs0TURVdE1WODRNREJYZURnd01FZ3w2MTQzYmVhNzVlODk0OGY2M2NhYWE4Yjc3ZDg5ZjE0YjAwOTNmNDA5MzQ0YjBmYzZiMTk4MThkMTExMTdkNTdh,,,https://static.bihr.pro/eBihr/Pictures/NEWFREN-pictures.zip,Spain Warehouse (Parts)
1018311,,F1816A,NEWFREN,NEWFR PLATE FRICTION,Kit de discos de embrague NEWFREN Standard,41.38,34.20,22.23,8025832035893,1,8714105000,0,1,"<p><strong>OE-STANDARD LINE</strong></p>
<p>Est&aacute;n dise&ntilde;ados para sustituir al embrague OE, manteniendo las mismas prestaciones y durabilidad. Los juegos de discos de embrague OE-Standard se fabrican con materiales de primera calidad. Son productos extremadamente fiables. El material de fricci&oacute;n de los discos es org&aacute;nico. El compuesto del material org&aacute;nico se elige en funci&oacute;n del tipo y la utilizaci&oacute;n de la motocicleta, optimizando as&iacute; el rendimiento, aunque dentro de las directrices del fabricante.</p>","
OE-STANDARD LINE

Están diseñados para sustituir al embrague OE, manteniendo las mismas prestaciones y durabilidad. Los juegos de discos de embrague OE-Standard se fabrican con materiales de primera calidad. Son productos extremadamente fiables. El material de fricción de los discos es orgánico. El compuesto del material orgánico se elige en función del tipo y la utilización de la motocicleta, optimizando así el rendimiento, aunque dentro de las directrices del fabricante.",VEHICLE PARTS & ACCESSORIES,ENGINE PARTS,ENG. CLUTCH,366,173,117,116,27,Orgánica,,,por unidad,,https://api.mybihr.com/medias/800Wx800H-1018311-1.jpg?context=bWFzdGVyfHJvb3R8Mjk5NTcyfGltYWdlL2pwZWd8YURobEwyZzJNeTg0TVRRMk56UXhOVEU1T1RjM05DODRNREJYZURnd01FaGZNVEF4T0RNeE1TMHhMbXB3Wnd8YWMzZWE0NGUwNGUyMTU5YmI1ZjhjOWY1MDgyYzBkNzAyYmFkMDY0YjE0NjVkMTZmZDkyNDc1MGQ2MmRhOGI5Mg,,,https://static.bihr.pro/eBihr/Pictures/NEWFREN-pictures.zip,Spain Warehouse (Parts)
1018315,,F1836A,NEWFREN,NEWFR PLATE FRICTION,Kit de discos de embrague NEWFREN Standard,81.68,67.50,43.88,8025832036135,8,8714105000,0,1,"<p><strong>OE-STANDARD LINE</strong></p>
<p>Est&aacute;n dise&ntilde;ados para sustituir al embrague OE, manteniendo las mismas prestaciones y durabilidad. Los juegos de discos de embrague OE-Standard se fabrican con materiales de primera calidad. Son productos extremadamente fiables. El material de fricci&oacute;n de los discos es org&aacute;nico. El compuesto del material org&aacute;nico se elige en funci&oacute;n del tipo y la utilizaci&oacute;n de la motocicleta, optimizando as&iacute; el rendimiento, aunque dentro de las directrices del fabricante.</p>","
OE-STANDARD LINE

Están diseñados para sustituir al embrague OE, manteniendo las mismas prestaciones y durabilidad. Los juegos de discos de embrague OE-Standard se fabrican con materiales de primera calidad. Son productos extremadamente fiables. El material de fricción de los discos es orgánico. El compuesto del material orgánico se elige en función del tipo y la utilización de la motocicleta, optimizando así el rendimiento, aunque dentro de las directrices del fabricante.",VEHICLE PARTS & ACCESSORIES,ENGINE PARTS,ENG. CLUTCH,731,272,165,164,27,Orgánica,,,por unidad,,https://api.mybihr.com/medias/800Wx800H-1018315-1.jpg?context=bWFzdGVyfHJvb3R8Mjk5NTcyfGltYWdlL2pwZWd8YURWbUwyZzBPQzg0TVRRMk56UXhOVGs0TmpJd05pODRNREJYZURnd01FaGZNVEF4T0RNeE5TMHhMbXB3Wnd8NjdjNjVmYWNjMmExNDExYTQwZmJjNDE5Y2UxNTE1MWM5YjJhNzBkNTA1ZDMyODliNzJiNzNiYTdlYzA1NDdmNA,,,https://static.bihr.pro/eBihr/Pictures/NEWFREN-pictures.zip,Spain Warehouse (Parts)
1018276,,F1623A,NEWFREN,NEWFR PLATE FRICTION,Kit de discos de embrague NEWFREN Standard,34.97,28.90,18.79,8025832033646,1,8714105000,0,1,"<p><strong>OE-STANDARD LINE</strong></p>
<p>Est&aacute;n dise&ntilde;ados para sustituir al embrague OE, manteniendo las mismas prestaciones y durabilidad. Los juegos de discos de embrague OE-Standard se fabrican con materiales de primera calidad. Son productos extremadamente fiables. El material de fricci&oacute;n de los discos es org&aacute;nico. El compuesto del material org&aacute;nico se elige en funci&oacute;n del tipo y la utilizaci&oacute;n de la motocicleta, optimizando as&iacute; el rendimiento, aunque dentro de las directrices del fabricante.</p>","
OE-STANDARD LINE

Están diseñados para sustituir al embrague OE, manteniendo las mismas prestaciones y durabilidad. Los juegos de discos de embrague OE-Standard se fabrican con materiales de primera calidad. Son productos extremadamente fiables. El material de fricción de los discos es orgánico. El compuesto del material orgánico se elige en función del tipo y la utilización de la motocicleta, optimizando así el rendimiento, aunque dentro de las directrices del fabricante.",VEHICLE PARTS & ACCESSORIES,ENGINE PARTS,ENG. CLUTCH,398,132,135,134,22,Orgánica,,,"por unidad & ",,https://api.mybihr.com/medias/800Wx800H-1018276-1.jpg?context=bWFzdGVyfHJvb3R8Mjk5NTcyfGltYWdlL2pwZWd8YUdGbUwyZzNPUzg0TVRRMk56UXdPVE13TVRVek5DODRNREJYZURnd01FaGZNVEF4T0RJM05pMHhMbXB3Wnd8MmMzNzMzOTk2NTNiMzNjMTRlZmMyOWNjMTFjNTIzNDE4ZTgxNzQ3YTlhMmY5N2EyNDUyYjMyMDE3NTgzNGZlOQ,https://api.mybihr.com/medias/800Wx800H-1018276-2.jpg?context=bWFzdGVyfHJvb3R8MTkyNTQzfGltYWdlL2pwZWd8YURZeEwyaGtZUzh6TXpJNU56TTBOVEE0TlRRM01DODRNREJYZURnd01FaGZNVEF4T0RJM05pMHlMbXB3Wnd8YmYxNTc4NmU4ZWVhMDQ1ZWExNjY1NjhhNGMxZTBiMGQyZDM5NTA2YzY0NGFiNzQ4ODhmMWM0NDUwYTAyNmFkYg,,https://static.bihr.pro/eBihr/Pictures/NEWFREN-pictures.zip,Spain Warehouse (Parts)
1122804,,F1317A,NEWFREN,NEWFR PLATE FRICTION,Kit de discos de embrague NEWFREN Standard,103.33,85.40,55.51,8025832379553,13,8714105000,0,1,"<p><strong>OE-STANDARD LINE</strong></p>
<p>Est&aacute;n dise&ntilde;ados para sustituir al embrague OE, manteniendo las mismas prestaciones y durabilidad. Los juegos de discos de embrague OE-Standard se fabrican con materiales de primera calidad. Son productos extremadamente fiables. El material de fricci&oacute;n de los discos es org&aacute;nico. El compuesto del material org&aacute;nico se elige en funci&oacute;n del tipo y la utilizaci&oacute;n de la motocicleta, optimizando as&iacute; el rendimiento, aunque dentro de las directrices del fabricante.</p>","
OE-STANDARD LINE

Están diseñados para sustituir al embrague OE, manteniendo las mismas prestaciones y durabilidad. Los juegos de discos de embrague OE-Standard se fabrican con materiales de primera calidad. Son productos extremadamente fiables. El material de fricción de los discos es orgánico. El compuesto del material orgánico se elige en función del tipo y la utilización de la motocicleta, optimizando así el rendimiento, aunque dentro de las directrices del fabricante.",VEHICLE PARTS & ACCESSORIES,ENGINE PARTS,ENG. CLUTCH,1266,428,183,182,38,Orgánica,,,por unidad,,https://api.mybihr.com/medias/800Wx800H-1122804-1.jpg?context=bWFzdGVyfHJvb3R8Mjk5NTcyfGltYWdlL2pwZWd8YUdOa0wyaG1aQzg0TVRRMk9UWTVNakkwT0RBNU5DODRNREJYZURnd01FaGZNVEV5TWpnd05DMHhMbXB3Wnd8ODk5Zjk5YjY0OGM4MWM2NzAzYmJiYjRiOTVjZmJhYzJhMTQxNjM2ZTY0MzhlYzE1MmFlYTE3YmE2YWI2OTViYg,https://api.mybihr.com/medias/800Wx800H-1122804-2.jpg?context=bWFzdGVyfHJvb3R8NDkwMzJ8aW1hZ2UvanBlZ3xhR0ZtTDJobU5DODBORE0zT1RnMU5USTVNRE01T0M4NE1EQlhlRGd3TUVoZk1URXlNamd3TkMweUxtcHdad3w0ZmU3YjljZjg4MTJkMmNiYWY1ZmVlM2EyZWUzNTU0NDQxYjdmMzU0MDU5ZDMwMmY0NmYzNzdlMzExOTBjMDIx,,https://static.bihr.pro/eBihr/Pictures/NEWFREN-pictures.zip,Spain Warehouse (Parts)
1124846,,F1475ACM,NEWFREN,NEWFR PLATE STEEL&FRICTION,Kit de embrague NEWFREN Standard,52.88,43.70,28.41,8025832174035,3,8714105000,0,1,"<p><strong>OE-STANDARD LINE</strong></p>
<p>Est&aacute;n dise&ntilde;ados para sustituir al embrague OE, manteniendo las mismas prestaciones y durabilidad. Los juegos de discos de embrague OE-Standard se fabrican con materiales de primera calidad. Son productos extremadamente fiables. El material de fricci&oacute;n de los discos es org&aacute;nico. El compuesto del material org&aacute;nico se elige en funci&oacute;n del tipo y la utilizaci&oacute;n de la motocicleta, optimizando as&iacute; el rendimiento, aunque dentro de las directrices del fabricante.</p>","
OE-STANDARD LINE

Están diseñados para sustituir al embrague OE, manteniendo las mismas prestaciones y durabilidad. Los juegos de discos de embrague OE-Standard se fabrican con materiales de primera calidad. Son productos extremadamente fiables. El material de fricción de los discos es orgánico. El compuesto del material orgánico se elige en función del tipo y la utilización de la motocicleta, optimizando así el rendimiento, aunque dentro de las directrices del fabricante.",VEHICLE PARTS & ACCESSORIES,ENGINE PARTS,ENG. CLUTCH,446,346,134,133,25,,,,por unidad,,https://api.mybihr.com/medias/800Wx800H-1124846-1.jpg?context=bWFzdGVyfHJvb3R8MTQ1MjIxfGltYWdlL2pwZWd8YUdNMEwyZzBOaTgxTURRM01EWTVNelF3TkRjd01pODRNREJYZURnd01FaGZNVEV5TkRnME5pMHhMbXB3Wnd8OTEzODRlYjE2NGZjNTRkYjA3MTk4NjFjMjhmYjY1ZGRmNjFjNmNiZWU0YzRkYzRkMTAxZWE5MWFjZjJlN2IwZA,,,https://static.bihr.pro/eBihr/Pictures/NEWFREN-pictures.zip,Spain Warehouse (Parts)
1118406,,F1340AC,NEWFREN,NEWFR COMPLETE CLUTCH KIT,Kit de discos + separadores de embrague NEWFREN Standard (FCC),203.64,168.30,109.40,8025832376576,4,8714105000,0,1,"<p><strong>IMPORTANTE:</strong></p>
<ul>
	<li>Para embrague <strong>FCC</strong></li>
	<li>Espesor total del paquete de discos <strong>51,1mm</strong></li>
</ul>

<p><strong>OE-STANDARD LINE</strong></p>

<p>Están diseñados para sustituir al embrague OE, manteniendo las mismas prestaciones y durabilidad. Los juegos de discos de embrague OE-Standard se fabrican con materiales de primera calidad. Son productos extremadamente fiables. El material de fricción de los discos es orgánico. El compuesto del material orgánico se elige en función del tipo y la utilización de la motocicleta, optimizando así el rendimiento, aunque dentro de las directrices del fabricante.</p>","
IMPORTANTE:

	Para embrague FCC
	Espesor total del paquete de discos 51,1mm



OE-STANDARD LINE


Están diseñados para sustituir al embrague OE, manteniendo las mismas prestaciones y durabilidad. Los juegos de discos de embrague OE-Standard se fabrican con materiales de primera calidad. Son productos extremadamente fiables. El material de fricción de los discos es orgánico. El compuesto del material orgánico se elige en función del tipo y la utilización de la motocicleta, optimizando así el rendimiento, aunque dentro de las directrices del fabricante.",VEHICLE PARTS & ACCESSORIES,ENGINE PARTS,ENG. CLUTCH,1822,1279,172,163,65,,,,por unidad,,https://api.mybihr.com/medias/1118406-1-800Wx800H?context=bWFzdGVyfHJvb3R8NjU1MzV8aW1hZ2UvanBlZ3xhRE5oTDJobU55OHlOams0TXpVeU9UYzBNak0yTmk4eE1URTROREEyTFRGZk9EQXdWM2c0TURCSXxmY2M3ZGZjYzI5MjIxOWM4MjQxZjRlYTIyMGJhNzkzMzJmZjhhMWM0MmRlMTk1YzQ1YzEyOWI0NzAzMzljMmE3,https://api.mybihr.com/medias/800Wx800H-1118406-2.jpg?context=bWFzdGVyfHJvb3R8MjgzMjE5fGltYWdlL2pwZWd8YURJekwyaGxOeTgzT1RrNE1URXpOekUyTmpNMk5pODRNREJYZURnd01FaGZNVEV4T0RRd05pMHlMbXB3Wnd8ZWU3NmY2NGI2YTI3YzBiMWY1ZmQwMDVkMzQ4YWViZmQzYTc3Njg2NDI1ZGQ2MTg1YjMzYzZlM2IwY2YxMGEyNQ,https://api.mybihr.com/medias/800Wx800H-1118406-3.jpg?context=bWFzdGVyfHJvb3R8MTIwNzM0fGltYWdlL2pwZWd8YUdJeEwyaG1OQzgzT1RrNE1URXpOelUxT1RVNE1pODRNREJYZURnd01FaGZNVEV4T0RRd05pMHpMbXB3Wnd8MGI4ZjA5YTFlZWUzMjMxMzdiM2M5ZDNhMGI1Y2I2YzVkYmNmZmQxNWY0ODdhMGY4YmM1ZGRhNjVmMDZkNDFhYw,https://static.bihr.pro/eBihr/Pictures/NEWFREN-pictures.zip,Spain Warehouse (Parts)
1124844,,F1540ACM,NEWFREN,NEWFR PLATE STEEL&FRICTION,Kit de embrague NEWFREN Standard,48.28,39.90,25.94,8025832174134,2,8714105000,0,1,"<p><strong>OE-STANDARD LINE</strong></p>
<p>Est&aacute;n dise&ntilde;ados para sustituir al embrague OE, manteniendo las mismas prestaciones y durabilidad. Los juegos de discos de embrague OE-Standard se fabrican con materiales de primera calidad. Son productos extremadamente fiables. El material de fricci&oacute;n de los discos es org&aacute;nico. El compuesto del material org&aacute;nico se elige en funci&oacute;n del tipo y la utilizaci&oacute;n de la motocicleta, optimizando as&iacute; el rendimiento, aunque dentro de las directrices del fabricante.</p>","
OE-STANDARD LINE

Están diseñados para sustituir al embrague OE, manteniendo las mismas prestaciones y durabilidad. Los juegos de discos de embrague OE-Standard se fabrican con materiales de primera calidad. Son productos extremadamente fiables. El material de fricción de los discos es orgánico. El compuesto del material orgánico se elige en función del tipo y la utilización de la motocicleta, optimizando así el rendimiento, aunque dentro de las directrices del fabricante.",VEHICLE PARTS & ACCESSORIES,ENGINE PARTS,ENG. CLUTCH,432,235,137,137,23,,,,por unidad,,https://api.mybihr.com/medias/800Wx800H-1124844-1.jpg?context=bWFzdGVyfHJvb3R8MTQ1MjIxfGltYWdlL2pwZWd8YURNM0wyZ3pPUzgxTURRM01EWTVNekF4TVRRNE5pODRNREJYZURnd01FaGZNVEV5TkRnME5DMHhMbXB3Wnd8N2RkYjBkMDM1MWQwZjM2M2RiNjM4NTkxMjM0ZmZmMzU4ZWQxN2ZmNDNhNjExOWRjMzBiODdkODc4ZDRiYjAyNg,,,https://static.bihr.pro/eBihr/Pictures/NEWFREN-pictures.zip,Spain Warehouse (Parts)
1124847,,F1475SRS  ,NEWFREN,NEWFR PLATE STEEL&FRICTION,Kit de embrague NEWFREN Performance,88.27,72.95,47.42,8025832087984,2,8714105000,0,1,"<p><strong>PERFORMANCE LINE</strong></p>
<p>V&aacute;lidos tambi&eacute;n para el uso deportivo. La gama Performance ha sido pensada para un uso en carretera intensivo, pero tambi&eacute;n para uso deportivo para soportar las altas exigencias y para dar prestaciones de alto nivel. Los materiales de fricci&oacute;n, utilizados en los discos conductores del embrague en ba&ntilde;o de aceite, es el Paper Carbon. Los discos conducidos (separadores) est&aacute;n fabricados en un acero especial que asegura la m&aacute;xima resistencia y ausencias de deformaciones.</p>","
PERFORMANCE LINE

Válidos también para el uso deportivo. La gama Performance ha sido pensada para un uso en carretera intensivo, pero también para uso deportivo para soportar las altas exigencias y para dar prestaciones de alto nivel. Los materiales de fricción, utilizados en los discos conductores del embrague en baño de aceite, es el Paper Carbon. Los discos conducidos (separadores) están fabricados en un acero especial que asegura la máxima resistencia y ausencias de deformaciones.",VEHICLE PARTS & ACCESSORIES,ENGINE PARTS,ENG. CLUTCH,689,366,145,144,33,,,,por unidad,,https://api.mybihr.com/medias/800Wx800H-1124847-1.jpg?context=bWFzdGVyfHJvb3R8NjI1MjZ8aW1hZ2UvanBlZ3xhREZpTDJnME9DODRNRFUzTVRBMU5ERTJNVGsxTUM4NE1EQlhlRGd3TUVoZk1URXlORGcwTnkweExtcHdad3wxNzdkYmE1MjFiY2I3NTJjNDc2YjgwNWM1NGRkNDYzMTk5N2NmNmFmNWMyNGYwNGM5NjljOTY5MGRmYjljYmQx,,,https://static.bihr.pro/eBihr/Pictures/NEWFREN-pictures.zip,Spain Warehouse (Parts)
1118426,,F3611A,NEWFREN,NEWFR PLATE FRICTION,Kit de discos de embrague NEWFREN Standard,68.00,56.20,36.53,8025832383697,1,8714105000,0,1,"<p><strong>OE-STANDARD LINE</strong></p>
<p>Est&aacute;n dise&ntilde;ados para sustituir al embrague OE, manteniendo las mismas prestaciones y durabilidad. Los juegos de discos de embrague OE-Standard se fabrican con materiales de primera calidad. Son productos extremadamente fiables. El material de fricci&oacute;n de los discos es org&aacute;nico. El compuesto del material org&aacute;nico se elige en funci&oacute;n del tipo y la utilizaci&oacute;n de la motocicleta, optimizando as&iacute; el rendimiento, aunque dentro de las directrices del fabricante.</p>","
OE-STANDARD LINE

Están diseñados para sustituir al embrague OE, manteniendo las mismas prestaciones y durabilidad. Los juegos de discos de embrague OE-Standard se fabrican con materiales de primera calidad. Son productos extremadamente fiables. El material de fricción de los discos es orgánico. El compuesto del material orgánico se elige en función del tipo y la utilización de la motocicleta, optimizando así el rendimiento, aunque dentro de las directrices del fabricante.",VEHICLE PARTS & ACCESSORIES,ENGINE PARTS,ENG. CLUTCH,747,227,153,148,33,Orgánica,,,por unidad,,https://api.mybihr.com/medias/800Wx800H-1118426-1.jpg?context=bWFzdGVyfHJvb3R8Mjk5NTcyfGltYWdlL2pwZWd8YURSbUwyaGhaQzg0TVRRMk9UWTRPREkxTURNNU9DODRNREJYZURnd01FaGZNVEV4T0RReU5pMHhMbXB3Wnd8ZDhkMTMzMWE0NjJlZWEzMmZhNjc2ZDAwMjNhNDNkMzBhN2UwMGZkMzY3M2UwNWIxMmFhZDdmNzZlM2IwYjM2YQ,,,https://static.bihr.pro/eBihr/Pictures/NEWFREN-pictures.zip,Spain Warehouse (Parts)
1018285,,F1657A,NEWFREN,NEWFR PLATE FRICTION,Kit de discos de embrague NEWFREN Standard,50.22,41.50,26.98,8025832269205,2,8714105000,0,1,"<p><strong>OE-STANDARD LINE</strong></p>
<p>Est&aacute;n dise&ntilde;ados para sustituir al embrague OE, manteniendo las mismas prestaciones y durabilidad. Los juegos de discos de embrague OE-Standard se fabrican con materiales de primera calidad. Son productos extremadamente fiables. El material de fricci&oacute;n de los discos es org&aacute;nico. El compuesto del material org&aacute;nico se elige en funci&oacute;n del tipo y la utilizaci&oacute;n de la motocicleta, optimizando as&iacute; el rendimiento, aunque dentro de las directrices del fabricante.</p>","
OE-STANDARD LINE

Están diseñados para sustituir al embrague OE, manteniendo las mismas prestaciones y durabilidad. Los juegos de discos de embrague OE-Standard se fabrican con materiales de primera calidad. Son productos extremadamente fiables. El material de fricción de los discos es orgánico. El compuesto del material orgánico se elige en función del tipo y la utilización de la motocicleta, optimizando así el rendimiento, aunque dentro de las directrices del fabricante.",VEHICLE PARTS & ACCESSORIES,ENGINE PARTS,ENG. CLUTCH,701,341,147,149,32,Orgánica,,,por unidad,,https://api.mybihr.com/medias/800Wx800H-1018285-1.jpg?context=bWFzdGVyfHJvb3R8Mjk5NTcyfGltYWdlL2pwZWd8YUdVMUwyZzFZeTg0TVRRMk56UXhNRGczTkRNNU9DODRNREJYZURnd01FaGZNVEF4T0RJNE5TMHhMbXB3Wnd8YzQ2ZDEyY2EwNmNhZWQ1NGVkOTZiZjI4MTkwZjNiMzNlNTllMzdhNDg4ZTY0NjgzNGZlMGY2MDc1OGViYjgyNQ,,,https://static.bihr.pro/eBihr/Pictures/NEWFREN-pictures.zip,Spain Warehouse (Parts)
1018288,,F1665R,NEWFREN,NEWFR PLATE FRICTION,Kit de discos de embrague NEWFREN Performance,123.78,102.30,66.50,8025832034421,2,8714105000,0,1,"<p><strong>PERFORMANCE LINE</strong></p>
<p>V&aacute;lidos tambi&eacute;n para el uso deportivo. La gama Performance ha sido pensada para un uso en carretera intensivo, pero tambi&eacute;n para uso deportivo para soportar las altas exigencias y para dar prestaciones de alto nivel. Los materiales de fricci&oacute;n, utilizados en los discos conductores del embrague en ba&ntilde;o de aceite, es el Paper Carbon. Los discos conducidos (separadores) est&aacute;n fabricados en un acero especial que asegura la m&aacute;xima resistencia y ausencias de deformaciones.</p>","
PERFORMANCE LINE

Válidos también para el uso deportivo. La gama Performance ha sido pensada para un uso en carretera intensivo, pero también para uso deportivo para soportar las altas exigencias y para dar prestaciones de alto nivel. Los materiales de fricción, utilizados en los discos conductores del embrague en baño de aceite, es el Paper Carbon. Los discos conducidos (separadores) están fabricados en un acero especial que asegura la máxima resistencia y ausencias de deformaciones.",VEHICLE PARTS & ACCESSORIES,ENGINE PARTS,ENG. CLUTCH,691,261,147,147,32,Orgánica,,,por unidad,,https://api.mybihr.com/medias/800Wx800H-1018288-1.jpg?context=bWFzdGVyfHJvb3R8Mjk5NTcyfGltYWdlL2pwZWd8YUdGakwyZ3dOeTg0TVRRMk56UXhNVEkyTnpZeE5DODRNREJYZURnd01FaGZNVEF4T0RJNE9DMHhMbXB3Wnd8ZGExOTg5OTVhOTc5ZmM0ZTAzMDdiNGFhOGQ3M2ZlM2U3MzEwOWJkNTU2NzM3NzVkMGE2MTg0MDZiNjNhYjlmNQ,,,https://static.bihr.pro/eBihr/Pictures/NEWFREN-pictures.zip,Spain Warehouse (Parts)
1018290,,F1676A,NEWFREN,NEWFR PLATE FRICTION,Kit de discos de embrague NEWFREN Standard,70.18,58.00,37.70,8025832034544,3,8714105000,0,1,"<p><strong>OE-STANDARD LINE</strong></p>
<p>Est&aacute;n dise&ntilde;ados para sustituir al embrague OE, manteniendo las mismas prestaciones y durabilidad. Los juegos de discos de embrague OE-Standard se fabrican con materiales de primera calidad. Son productos extremadamente fiables. El material de fricci&oacute;n de los discos es org&aacute;nico. El compuesto del material org&aacute;nico se elige en funci&oacute;n del tipo y la utilizaci&oacute;n de la motocicleta, optimizando as&iacute; el rendimiento, aunque dentro de las directrices del fabricante.</p>","
OE-STANDARD LINE

Están diseñados para sustituir al embrague OE, manteniendo las mismas prestaciones y durabilidad. Los juegos de discos de embrague OE-Standard se fabrican con materiales de primera calidad. Son productos extremadamente fiables. El material de fricción de los discos es orgánico. El compuesto del material orgánico se elige en función del tipo y la utilización de la motocicleta, optimizando así el rendimiento, aunque dentro de las directrices del fabricante.",VEHICLE PARTS & ACCESSORIES,ENGINE PARTS,ENG. CLUTCH,696,236,148,147,32,Orgánica,,,por unidad,,https://api.mybihr.com/medias/800Wx800H-1018290-1.jpg?context=bWFzdGVyfHJvb3R8Mjk5NTcyfGltYWdlL2pwZWd8YUdZekwyZ3dOUzg0TVRRMk56UXhNVFkyTURnek1DODRNREJYZURnd01FaGZNVEF4T0RJNU1DMHhMbXB3Wnd8YmMzNzIyNGUzMmViNDU3YTc5NGRjZjZjMzc3Njk4NGIzNDNmOTQ2NGE4MDdmMzY5MWY2YmYxODgyM2Q2NWUwNw,,,https://static.bihr.pro/eBihr/Pictures/NEWFREN-pictures.zip,Spain Warehouse (Parts)
1018291,,F1676AC,NEWFREN,NEWFR PLATE STEEL&FRICTIONS,Kit de discos + separadores de embrague NEWFREN Standard,128.74,106.40,69.16,8025832273561,11,8714105000,0,1,"<p><strong>OE-STANDARD LINE</strong></p>
<p>Est&aacute;n dise&ntilde;ados para sustituir al embrague OE, manteniendo las mismas prestaciones y durabilidad. Los juegos de discos de embrague OE-Standard se fabrican con materiales de primera calidad. Son productos extremadamente fiables. El material de fricci&oacute;n de los discos es org&aacute;nico. El compuesto del material org&aacute;nico se elige en funci&oacute;n del tipo y la utilizaci&oacute;n de la motocicleta, optimizando as&iacute; el rendimiento, aunque dentro de las directrices del fabricante.</p>","
OE-STANDARD LINE

Están diseñados para sustituir al embrague OE, manteniendo las mismas prestaciones y durabilidad. Los juegos de discos de embrague OE-Standard se fabrican con materiales de primera calidad. Son productos extremadamente fiables. El material de fricción de los discos es orgánico. El compuesto del material orgánico se elige en función del tipo y la utilización de la motocicleta, optimizando así el rendimiento, aunque dentro de las directrices del fabricante.",VEHICLE PARTS & ACCESSORIES,ENGINE PARTS,ENG. CLUTCH,1574,937,184,182,47,,,,por unidad,,https://api.mybihr.com/medias/1018291-1-800Wx800H?context=bWFzdGVyfHJvb3R8NjA4NTZ8aW1hZ2UvanBlZ3xhRFV4TDJnME5pODRPVE00TlRjME9UQTFNemMwTHpFd01UZ3lPVEV0TVY4NE1EQlhlRGd3TUVnfDFhZmU2NjYyNzg0YWZhZTkxM2ZhMGIwNDgwZDFmZDcyODg0NjdkNGYxM2JhMTBkNmM2Y2RmMzNkMGJjZjE2YzM,,,https://static.bihr.pro/eBihr/Pictures/NEWFREN-pictures.zip,Spain Warehouse (Parts)
1018356,,F2704SR,NEWFREN,NEWFR PLATE STEEL&FRICTIONS,Kit de discos + separadores de embrague NEWFREN Performance,280.48,231.80,150.67,8025832275831,0,8714105000,0,1,"<p><strong>PERFORMANCE LINE</strong></p>
<p>V&aacute;lidos tambi&eacute;n para el uso deportivo. La gama Performance ha sido pensada para un uso en carretera intensivo, pero tambi&eacute;n para uso deportivo para soportar las altas exigencias y para dar prestaciones de alto nivel. Los materiales de fricci&oacute;n, utilizados en los discos conductores del embrague en ba&ntilde;o de aceite, es el Paper Carbon. Los discos conducidos (separadores) est&aacute;n fabricados en un acero especial que asegura la m&aacute;xima resistencia y ausencias de deformaciones.</p>","
PERFORMANCE LINE

Válidos también para el uso deportivo. La gama Performance ha sido pensada para un uso en carretera intensivo, pero también para uso deportivo para soportar las altas exigencias y para dar prestaciones de alto nivel. Los materiales de fricción, utilizados en los discos conductores del embrague en baño de aceite, es el Paper Carbon. Los discos conducidos (separadores) están fabricados en un acero especial que asegura la máxima resistencia y ausencias de deformaciones.",VEHICLE PARTS & ACCESSORIES,ENGINE PARTS,ENG. CLUTCH,3084,1562,189,192,85,,,,por unidad,,https://api.mybihr.com/medias/1018356-1-800Wx800H?context=bWFzdGVyfHJvb3R8NjA4NTZ8aW1hZ2UvanBlZ3xhR1pqTDJnMk1pODRPVE00T1RnME1URXlNVFU0THpFd01UZ3pOVFl0TVY4NE1EQlhlRGd3TUVnfGUzODliY2NlMGNjNDg0NDc2NjljNTNhMjhlYTdkZWFmZmE1NTg3ZjVkM2M3NThlNTBkODA0NTU1NDE2M2I1MTA,,,https://static.bihr.pro/eBihr/Pictures/NEWFREN-pictures.zip,Spain Warehouse (Parts)
1018360,,F2716AC,NEWFREN,NEWFR PLATE STEEL&FRICTIONS,Kit de discos + separadores de embrague NEWFREN Standard,140.72,116.30,75.60,8025832276241,0,8714105000,0,1,"<p><strong>OE-STANDARD LINE</strong></p>
<p>Est&aacute;n dise&ntilde;ados para sustituir al embrague OE, manteniendo las mismas prestaciones y durabilidad. Los juegos de discos de embrague OE-Standard se fabrican con materiales de primera calidad. Son productos extremadamente fiables. El material de fricci&oacute;n de los discos es org&aacute;nico. El compuesto del material org&aacute;nico se elige en funci&oacute;n del tipo y la utilizaci&oacute;n de la motocicleta, optimizando as&iacute; el rendimiento, aunque dentro de las directrices del fabricante.</p>","
OE-STANDARD LINE

Están diseñados para sustituir al embrague OE, manteniendo las mismas prestaciones y durabilidad. Los juegos de discos de embrague OE-Standard se fabrican con materiales de primera calidad. Son productos extremadamente fiables. El material de fricción de los discos es orgánico. El compuesto del material orgánico se elige en función del tipo y la utilización de la motocicleta, optimizando así el rendimiento, aunque dentro de las directrices del fabricante.",VEHICLE PARTS & ACCESSORIES,ENGINE PARTS,ENG. CLUTCH,1414,847,185,182,42,,,,por unidad,,https://api.mybihr.com/medias/1018360-1-800Wx800H?context=bWFzdGVyfHJvb3R8NjA4NTZ8aW1hZ2UvanBlZ3xhREUyTDJnek55ODRPVEF3T0RRM09ESTVNREl5THpFd01UZ3pOakF0TVY4NE1EQlhlRGd3TUVnfDM0ZjA4OWU5YmM3NWY0ZDc1M2I5OTcyMmIyNzNjYTBmZDgzMWZjZmJhOTBhNjllYjcyNzcxMzM5OTJjZTk1ZGU,,,https://static.bihr.pro/eBihr/Pictures/NEWFREN-pictures.zip,Spain Warehouse (Parts)
1018280,,F1639A,NEWFREN,NEWFR PLATE FRICTION,Kit de discos de embrague NEWFREN Standard,16.70,13.80,8.97,8025832034100,0,8714105000,0,1,"<p><strong>OE-STANDARD LINE</strong></p>
<p>Est&aacute;n dise&ntilde;ados para sustituir al embrague OE, manteniendo las mismas prestaciones y durabilidad. Los juegos de discos de embrague OE-Standard se fabrican con materiales de primera calidad. Son productos extremadamente fiables. El material de fricci&oacute;n de los discos es org&aacute;nico. El compuesto del material org&aacute;nico se elige en funci&oacute;n del tipo y la utilizaci&oacute;n de la motocicleta, optimizando as&iacute; el rendimiento, aunque dentro de las directrices del fabricante.</p>","
OE-STANDARD LINE

Están diseñados para sustituir al embrague OE, manteniendo las mismas prestaciones y durabilidad. Los juegos de discos de embrague OE-Standard se fabrican con materiales de primera calidad. Son productos extremadamente fiables. El material de fricción de los discos es orgánico. El compuesto del material orgánico se elige en función del tipo y la utilización de la motocicleta, optimizando así el rendimiento, aunque dentro de las directrices del fabricante.",VEHICLE PARTS & ACCESSORIES,ENGINE PARTS,ENG. CLUTCH,239,220,118,119,17,Orgánica,,,por unidad,,https://api.mybihr.com/medias/800Wx800H-1018280-1.jpg?context=bWFzdGVyfHJvb3R8Mjk5NTcyfGltYWdlL2pwZWd8YUdKa0wyZzRZaTg0TVRRMk56UXdPVGc1TVRNMU9DODRNREJYZURnd01FaGZNVEF4T0RJNE1DMHhMbXB3Wnd8YTI1MjJkMGM4MjUyYTA0N2E5YmI2ZjExMjY2NGMyNTJkNTNhMjI4MDRiNjA3YjYyMDY0MThkMzM2Zjc3MzViOQ,,,https://static.bihr.pro/eBihr/Pictures/NEWFREN-pictures.zip,Spain Warehouse (Parts)
1018287,,F1665AC,NEWFREN,NEWFR PLATE STEEL&FRICTIONS,Kit de discos + separadores de embrague NEWFREN Standard,132.62,109.60,71.24,8025832273486,4,8714105000,0,1,"<p><strong>OE-STANDARD LINE</strong></p>
<p>Est&aacute;n dise&ntilde;ados para sustituir al embrague OE, manteniendo las mismas prestaciones y durabilidad. Los juegos de discos de embrague OE-Standard se fabrican con materiales de primera calidad. Son productos extremadamente fiables. El material de fricci&oacute;n de los discos es org&aacute;nico. El compuesto del material org&aacute;nico se elige en funci&oacute;n del tipo y la utilizaci&oacute;n de la motocicleta, optimizando as&iacute; el rendimiento, aunque dentro de las directrices del fabricante.</p>","
OE-STANDARD LINE

Están diseñados para sustituir al embrague OE, manteniendo las mismas prestaciones y durabilidad. Los juegos de discos de embrague OE-Standard se fabrican con materiales de primera calidad. Son productos extremadamente fiables. El material de fricción de los discos es orgánico. El compuesto del material orgánico se elige en función del tipo y la utilización de la motocicleta, optimizando así el rendimiento, aunque dentro de las directrices del fabricante.",VEHICLE PARTS & ACCESSORIES,ENGINE PARTS,ENG. CLUTCH,1795,872,194,185,50,,,,por unidad,,https://api.mybihr.com/medias/1018287-1-800Wx800H?context=bWFzdGVyfHJvb3R8NjA4NTZ8aW1hZ2UvanBlZ3xhRFl6TDJoa01TODRPVFExTmpjME5URTROVFU0THpFd01UZ3lPRGN0TVY4NE1EQlhlRGd3TUVnfGYxNDExMWRjYzZhODUxZDM2NjA2Yjk3ZjY5NjBjMDRjMTk2ZTYwNWUwM2NkZTY4MzMwOTdmMTVkOWZmOTFkNzk,,,https://static.bihr.pro/eBihr/Pictures/NEWFREN-pictures.zip,Spain Warehouse (Parts)
1018289,,F1668A,NEWFREN,NEWFR PLATE FRICTION,Kit de discos de embrague NEWFREN Standard,69.33,57.30,37.25,8025832034469,1,8714105000,0,1,"<p><strong>OE-STANDARD LINE</strong></p>
<p>Est&aacute;n dise&ntilde;ados para sustituir al embrague OE, manteniendo las mismas prestaciones y durabilidad. Los juegos de discos de embrague OE-Standard se fabrican con materiales de primera calidad. Son productos extremadamente fiables. El material de fricci&oacute;n de los discos es org&aacute;nico. El compuesto del material org&aacute;nico se elige en funci&oacute;n del tipo y la utilizaci&oacute;n de la motocicleta, optimizando as&iacute; el rendimiento, aunque dentro de las directrices del fabricante.</p>","
OE-STANDARD LINE

Están diseñados para sustituir al embrague OE, manteniendo las mismas prestaciones y durabilidad. Los juegos de discos de embrague OE-Standard se fabrican con materiales de primera calidad. Son productos extremadamente fiables. El material de fricción de los discos es orgánico. El compuesto del material orgánico se elige en función del tipo y la utilización de la motocicleta, optimizando así el rendimiento, aunque dentro de las directrices del fabricante.",VEHICLE PARTS & ACCESSORIES,ENGINE PARTS,ENG. CLUTCH,755,233,149,149,34,Orgánica,,,por unidad,,https://api.mybihr.com/medias/800Wx800H-1018289-1.jpg?context=bWFzdGVyfHJvb3R8Mjk5NTcyfGltYWdlL2pwZWd8YUdSakwyZ3dNQzg0TVRRMk56UXhNVFEyTkRJeU1pODRNREJYZURnd01FaGZNVEF4T0RJNE9TMHhMbXB3Wnd8NDhmZDllNGQyMGVmNDhkNzZjYjI2MWExNTczNzFhNmJkMTc4ZjAzM2UzMmJjNzVkNjY5NzYyZDY2YTY0MmVhMw,,,https://static.bihr.pro/eBihr/Pictures/NEWFREN-pictures.zip,Spain Warehouse (Parts)
1018293,,F1693A,NEWFREN,NEWFR PLATE FRICTION,Kit de discos de embrague NEWFREN Standard,37.63,31.10,20.22,8025832034780,1,8714105000,0,1,"<p><strong>OE-STANDARD LINE</strong></p>
<p>Est&aacute;n dise&ntilde;ados para sustituir al embrague OE, manteniendo las mismas prestaciones y durabilidad. Los juegos de discos de embrague OE-Standard se fabrican con materiales de primera calidad. Son productos extremadamente fiables. El material de fricci&oacute;n de los discos es org&aacute;nico. El compuesto del material org&aacute;nico se elige en funci&oacute;n del tipo y la utilizaci&oacute;n de la motocicleta, optimizando as&iacute; el rendimiento, aunque dentro de las directrices del fabricante.</p>","
OE-STANDARD LINE

Están diseñados para sustituir al embrague OE, manteniendo las mismas prestaciones y durabilidad. Los juegos de discos de embrague OE-Standard se fabrican con materiales de primera calidad. Son productos extremadamente fiables. El material de fricción de los discos es orgánico. El compuesto del material orgánico se elige en función del tipo y la utilización de la motocicleta, optimizando así el rendimiento, aunque dentro de las directrices del fabricante.",VEHICLE PARTS & ACCESSORIES,ENGINE PARTS,ENG. CLUTCH,398,123,135,134,22,Orgánica,,,por unidad,,https://api.mybihr.com/medias/800Wx800H-1018293-1.jpg?context=bWFzdGVyfHJvb3R8Mjk5NTcyfGltYWdlL2pwZWd8YURKa0wyZzFZaTg0TVRRMk56UXhNakExTkRBME5pODRNREJYZURnd01FaGZNVEF4T0RJNU15MHhMbXB3Wnd8NTRhZDc2M2QxNjBmNGZiMTgxNGIyNjUzMzA3ODBhYTljN2MwNGRkMDJkZjZmNGNmYzllOTUwNjU4ZjAxZTI2YQ,,,https://static.bihr.pro/eBihr/Pictures/NEWFREN-pictures.zip,Spain Warehouse (Parts)
1018294,,F1701A,NEWFREN,NEWFR PLATE FRICTION,Kit de discos de embrague NEWFREN Standard,107.33,88.70,57.66,8025832165767,1,8714105000,0,1,"<p><strong>OE-STANDARD LINE</strong></p>
<p>Est&aacute;n dise&ntilde;ados para sustituir al embrague OE, manteniendo las mismas prestaciones y durabilidad. Los juegos de discos de embrague OE-Standard se fabrican con materiales de primera calidad. Son productos extremadamente fiables. El material de fricci&oacute;n de los discos es org&aacute;nico. El compuesto del material org&aacute;nico se elige en funci&oacute;n del tipo y la utilizaci&oacute;n de la motocicleta, optimizando as&iacute; el rendimiento, aunque dentro de las directrices del fabricante.</p>","
OE-STANDARD LINE

Están diseñados para sustituir al embrague OE, manteniendo las mismas prestaciones y durabilidad. Los juegos de discos de embrague OE-Standard se fabrican con materiales de primera calidad. Son productos extremadamente fiables. El material de fricción de los discos es orgánico. El compuesto del material orgánico se elige en función del tipo y la utilización de la motocicleta, optimizando así el rendimiento, aunque dentro de las directrices del fabricante.",VEHICLE PARTS & ACCESSORIES,ENGINE PARTS,ENG. CLUTCH,866,318,165,164,32,Orgánica,,,por unidad,,https://api.mybihr.com/medias/800Wx800H-1018294-1.jpg?context=bWFzdGVyfHJvb3R8Mjk5NTcyfGltYWdlL2pwZWd8YUdaakwyZzJNUzg0TVRRMk56UXhNakkxTURZMU5DODRNREJYZURnd01FaGZNVEF4T0RJNU5DMHhMbXB3Wnd8N2U1MTNhNTAwNDQwMDEyYTY5MTY1ODkyMjA1NWRlNWRlY2YxMjM5ZTUyNjc2NDdmYjMwNzAyMTFhYTRhNzgxZA,,,https://static.bihr.pro/eBihr/Pictures/NEWFREN-pictures.zip,Spain Warehouse (Parts)
1018305,,F1781A,NEWFREN,NEWFR PLATE FRICTION,Kit de discos de embrague NEWFREN Standard,83.13,68.70,44.66,8025832035664,1,8714105000,0,1,"<p><strong>OE-STANDARD LINE</strong></p>
<p>Est&aacute;n dise&ntilde;ados para sustituir al embrague OE, manteniendo las mismas prestaciones y durabilidad. Los juegos de discos de embrague OE-Standard se fabrican con materiales de primera calidad. Son productos extremadamente fiables. El material de fricci&oacute;n de los discos es org&aacute;nico. El compuesto del material org&aacute;nico se elige en funci&oacute;n del tipo y la utilizaci&oacute;n de la motocicleta, optimizando as&iacute; el rendimiento, aunque dentro de las directrices del fabricante.</p>","
OE-STANDARD LINE

Están diseñados para sustituir al embrague OE, manteniendo las mismas prestaciones y durabilidad. Los juegos de discos de embrague OE-Standard se fabrican con materiales de primera calidad. Son productos extremadamente fiables. El material de fricción de los discos es orgánico. El compuesto del material orgánico se elige en función del tipo y la utilización de la motocicleta, optimizando así el rendimiento, aunque dentro de las directrices del fabricante.",VEHICLE PARTS & ACCESSORIES,ENGINE PARTS,ENG. CLUTCH,855,268,163,164,32,Orgánica,,,por unidad,,https://api.mybihr.com/medias/800Wx800H-1018305-1.jpg?context=bWFzdGVyfHJvb3R8Mjk5NTcyfGltYWdlL2pwZWd8YUdRMUwyaGpZUzg0TVRRMk56UXhOREl4Tmpjek5DODRNREJYZURnd01FaGZNVEF4T0RNd05TMHhMbXB3Wnd8NjI3ZmIxYTRmMWFjZjQ1N2Q1NjU2MjlkNjlkYjA4MTgzOTRlZTI4ZWY5NzM5NmIwYmVlNDBhYmM0MjA4YmI4Yw,,,https://static.bihr.pro/eBihr/Pictures/NEWFREN-pictures.zip,Spain Warehouse (Parts)
1018268,,F1587SR,NEWFREN,NEWFR PLATE STEEL&FRICTIONS,Kit de discos + separadores de embrague NEWFREN Performance,217.56,179.80,116.87,8025832231004,1,8714105000,0,1,"<p><strong>PERFORMANCE LINE</strong></p>
<p>V&aacute;lidos tambi&eacute;n para el uso deportivo. La gama Performance ha sido pensada para un uso en carretera intensivo, pero tambi&eacute;n para uso deportivo para soportar las altas exigencias y para dar prestaciones de alto nivel. Los materiales de fricci&oacute;n, utilizados en los discos conductores del embrague en ba&ntilde;o de aceite, es el Paper Carbon. Los discos conducidos (separadores) est&aacute;n fabricados en un acero especial que asegura la m&aacute;xima resistencia y ausencias de deformaciones.</p>","
PERFORMANCE LINE

Válidos también para el uso deportivo. La gama Performance ha sido pensada para un uso en carretera intensivo, pero también para uso deportivo para soportar las altas exigencias y para dar prestaciones de alto nivel. Los materiales de fricción, utilizados en los discos conductores del embrague en baño de aceite, es el Paper Carbon. Los discos conducidos (separadores) están fabricados en un acero especial que asegura la máxima resistencia y ausencias de deformaciones.",VEHICLE PARTS & ACCESSORIES,ENGINE PARTS,ENG. CLUTCH,2933,1017,186,190,83,,,,por unidad,,https://api.mybihr.com/medias/1018268-1-800Wx800H?context=bWFzdGVyfHJvb3R8NjU1MjV8aW1hZ2UvanBlZ3xhRFU0TDJobVlTODRPVE00T0RjM09EUTFOVE0wTHpFd01UZ3lOamd0TVY4NE1EQlhlRGd3TUVnfDE3YTFjYWFhMmMxNTc0YzNjNTAwYmVhY2MwZjZhNWU1YjY0NDFlMjdlZDY4ZjJmOTAwYTM5MTk5YWMyNTQwOWY,,,https://static.bihr.pro/eBihr/Pictures/NEWFREN-pictures.zip,Spain Warehouse (Parts)
1018271,,F1604A,NEWFREN,NEWFR PLATE FRICTION,Kit de discos de embrague NEWFREN Standard,72.96,60.30,39.20,8025832165576,1,8714105000,0,1,"<p><strong>OE-STANDARD LINE</strong></p>
<p>Est&aacute;n dise&ntilde;ados para sustituir al embrague OE, manteniendo las mismas prestaciones y durabilidad. Los juegos de discos de embrague OE-Standard se fabrican con materiales de primera calidad. Son productos extremadamente fiables. El material de fricci&oacute;n de los discos es org&aacute;nico. El compuesto del material org&aacute;nico se elige en funci&oacute;n del tipo y la utilizaci&oacute;n de la motocicleta, optimizando as&iacute; el rendimiento, aunque dentro de las directrices del fabricante.</p>","
OE-STANDARD LINE

Están diseñados para sustituir al embrague OE, manteniendo las mismas prestaciones y durabilidad. Los juegos de discos de embrague OE-Standard se fabrican con materiales de primera calidad. Son productos extremadamente fiables. El material de fricción de los discos es orgánico. El compuesto del material orgánico se elige en función del tipo y la utilización de la motocicleta, optimizando así el rendimiento, aunque dentro de las directrices del fabricante.",VEHICLE PARTS & ACCESSORIES,ENGINE PARTS,ENG. CLUTCH,691,245,147,147,32,Orgánica,,,por unidad,,https://api.mybihr.com/medias/800Wx800H-1018271-1.jpg?context=bWFzdGVyfHJvb3R8Mjk5NTcyfGltYWdlL2pwZWd8YURBMUwyZ3hNQzg0TVRRMk56UXdPRE14T0RRNU5DODRNREJYZURnd01FaGZNVEF4T0RJM01TMHhMbXB3Wnd8MTM5YTU4MmRkZmEzNmNmZWE5N2VjMTE3Y2Y0NzAzNzlmZjRkNjMwM2FmMDY3NjA4ZGIzYjRhZTU2M2Y0Zjk1Yw,,,https://static.bihr.pro/eBihr/Pictures/NEWFREN-pictures.zip,Spain Warehouse (Parts)
1018272,,F1606A,NEWFREN,NEWFR PLATE FRICTION,Kit de discos de embrague NEWFREN Standard,52.39,43.30,28.15,8025832033493,1,8714105000,0,1,"<p><strong>OE-STANDARD LINE</strong></p>
<p>Est&aacute;n dise&ntilde;ados para sustituir al embrague OE, manteniendo las mismas prestaciones y durabilidad. Los juegos de discos de embrague OE-Standard se fabrican con materiales de primera calidad. Son productos extremadamente fiables. El material de fricci&oacute;n de los discos es org&aacute;nico. El compuesto del material org&aacute;nico se elige en funci&oacute;n del tipo y la utilizaci&oacute;n de la motocicleta, optimizando as&iacute; el rendimiento, aunque dentro de las directrices del fabricante.</p>","
OE-STANDARD LINE

Están diseñados para sustituir al embrague OE, manteniendo las mismas prestaciones y durabilidad. Los juegos de discos de embrague OE-Standard se fabrican con materiales de primera calidad. Son productos extremadamente fiables. El material de fricción de los discos es orgánico. El compuesto del material orgánico se elige en función del tipo y la utilización de la motocicleta, optimizando así el rendimiento, aunque dentro de las directrices del fabricante.",VEHICLE PARTS & ACCESSORIES,ENGINE PARTS,ENG. CLUTCH,750,178,148,149,34,Orgánica,,,por unidad,,https://api.mybihr.com/medias/800Wx800H-1018272-1.jpg?context=bWFzdGVyfHJvb3R8Mjk5NTcyfGltYWdlL2pwZWd8YUdRMkwyZ3hOaTg0TVRRMk56UXdPRFV4TlRFd01pODRNREJYZURnd01FaGZNVEF4T0RJM01pMHhMbXB3Wnd8ZGI4MDVhZTZlNjMyMjc3NjNhNjIzOWU4YmI2NGUwMGY1OGU2ZmUyNzE1MjM5YTNlNmNlMGY4OWU4N2MzMDBjYQ,,,https://static.bihr.pro/eBihr/Pictures/NEWFREN-pictures.zip,Spain Warehouse (Parts)
1018275,,F1622A,NEWFREN,NEWFR PLATE FRICTION,Kit de discos de embrague NEWFREN Standard,94.50,78.10,50.77,8025832033622,1,8714105000,0,1,"<p><strong>OE-STANDARD LINE</strong></p>
<p>Est&aacute;n dise&ntilde;ados para sustituir al embrague OE, manteniendo las mismas prestaciones y durabilidad. Los juegos de discos de embrague OE-Standard se fabrican con materiales de primera calidad. Son productos extremadamente fiables. El material de fricci&oacute;n de los discos es org&aacute;nico. El compuesto del material org&aacute;nico se elige en funci&oacute;n del tipo y la utilizaci&oacute;n de la motocicleta, optimizando as&iacute; el rendimiento, aunque dentro de las directrices del fabricante.</p>","
OE-STANDARD LINE

Están diseñados para sustituir al embrague OE, manteniendo las mismas prestaciones y durabilidad. Los juegos de discos de embrague OE-Standard se fabrican con materiales de primera calidad. Son productos extremadamente fiables. El material de fricción de los discos es orgánico. El compuesto del material orgánico se elige en función del tipo y la utilización de la motocicleta, optimizando así el rendimiento, aunque dentro de las directrices del fabricante.",VEHICLE PARTS & ACCESSORIES,ENGINE PARTS,ENG. CLUTCH,1325,393,182,182,40,Orgánica,,,por unidad,,https://api.mybihr.com/medias/800Wx800H-1018275-1.jpg?context=bWFzdGVyfHJvb3R8Mjk5NTcyfGltYWdlL2pwZWd8YUdSbEwyZzNNaTg0TVRRMk56UXdPVEV3TkRreU5pODRNREJYZURnd01FaGZNVEF4T0RJM05TMHhMbXB3Wnd8MjAyOGJlOGE4YTg0ODYwNzkxYzI5MTkzZmFmNmQzZTE3NGZkYjU2ZDFhYTY2MGZjODljNDM0NDA1ZWQ1YjhmNg,,,https://static.bihr.pro/eBihr/Pictures/NEWFREN-pictures.zip,Spain Warehouse (Parts)
1018320,,F1856A,NEWFREN,NEWFR PLATE FRICTION,Kit de discos de embrague NEWFREN Standard,77.92,64.40,41.86,8025832036449,0,8714105000,0,1,"<p><strong>OE-STANDARD LINE</strong></p>
<p>Est&aacute;n dise&ntilde;ados para sustituir al embrague OE, manteniendo las mismas prestaciones y durabilidad. Los juegos de discos de embrague OE-Standard se fabrican con materiales de primera calidad. Son productos extremadamente fiables. El material de fricci&oacute;n de los discos es org&aacute;nico. El compuesto del material org&aacute;nico se elige en funci&oacute;n del tipo y la utilizaci&oacute;n de la motocicleta, optimizando as&iacute; el rendimiento, aunque dentro de las directrices del fabricante.</p>","
OE-STANDARD LINE

Están diseñados para sustituir al embrague OE, manteniendo las mismas prestaciones y durabilidad. Los juegos de discos de embrague OE-Standard se fabrican con materiales de primera calidad. Son productos extremadamente fiables. El material de fricción de los discos es orgánico. El compuesto del material orgánico se elige en función del tipo y la utilización de la motocicleta, optimizando así el rendimiento, aunque dentro de las directrices del fabricante.",VEHICLE PARTS & ACCESSORIES,ENGINE PARTS,ENG. CLUTCH,722,261,163,164,27,Orgánica,,,por unidad,,https://api.mybihr.com/medias/800Wx800H-1018320-1.jpg?context=bWFzdGVyfHJvb3R8Mjk5NTcyfGltYWdlL2pwZWd8YUdFNUwyZ3hNeTg0TVRRMk56UXhOalUzTmpBek1DODRNREJYZURnd01FaGZNVEF4T0RNeU1DMHhMbXB3Wnd8NGJjNzA3Nzk5YWFiNWU4NDRhOWQ5OWE2MmZmNmNmMDE1YjM4OGJiZTY2Zjg4ZDMxMGM0ZTRjNjg4YjhhOTMzNA,,,https://static.bihr.pro/eBihr/Pictures/NEWFREN-pictures.zip,Spain Warehouse (Parts)
1018322,,F1873A,NEWFREN,NEWFR PLATE FRICTION,Kit de discos de embrague NEWFREN Standard,81.68,67.50,43.88,8025832036753,0,8714105000,0,1,"<p><strong>OE-STANDARD LINE</strong></p>
<p>Est&aacute;n dise&ntilde;ados para sustituir al embrague OE, manteniendo las mismas prestaciones y durabilidad. Los juegos de discos de embrague OE-Standard se fabrican con materiales de primera calidad. Son productos extremadamente fiables. El material de fricci&oacute;n de los discos es org&aacute;nico. El compuesto del material org&aacute;nico se elige en funci&oacute;n del tipo y la utilizaci&oacute;n de la motocicleta, optimizando as&iacute; el rendimiento, aunque dentro de las directrices del fabricante.</p>","
OE-STANDARD LINE

Están diseñados para sustituir al embrague OE, manteniendo las mismas prestaciones y durabilidad. Los juegos de discos de embrague OE-Standard se fabrican con materiales de primera calidad. Son productos extremadamente fiables. El material de fricción de los discos es orgánico. El compuesto del material orgánico se elige en función del tipo y la utilización de la motocicleta, optimizando así el rendimiento, aunque dentro de las directrices del fabricante.",VEHICLE PARTS & ACCESSORIES,ENGINE PARTS,ENG. CLUTCH,766,270,161,164,29,Orgánica,,,por unidad,,https://api.mybihr.com/medias/800Wx800H-1018322-1.jpg?context=bWFzdGVyfHJvb3R8Mjk5NTcyfGltYWdlL2pwZWd8YURNMkwyZ3lNUzg0TVRRMk56UXhOamsyT1RJME5pODRNREJYZURnd01FaGZNVEF4T0RNeU1pMHhMbXB3Wnd8ZWJkNDE4ZTE0MGM0ZmM2YTMxMjQwNDMyYzE2YjUwYmY0MTJmY2UyNmM3NjMzMDQ0NjhiNDIxOGU4MjBhYWJhZQ,,,https://static.bihr.pro/eBihr/Pictures/NEWFREN-pictures.zip,Spain Warehouse (Parts)
1018323,,F1875A,NEWFREN,NEWFR PLATE FRICTION,Kit de discos de embrague NEWFREN Standard,98.25,81.20,52.78,8025832036777,1,8714105000,0,1,"<p><strong>OE-STANDARD LINE</strong></p>
<p>Est&aacute;n dise&ntilde;ados para sustituir al embrague OE, manteniendo las mismas prestaciones y durabilidad. Los juegos de discos de embrague OE-Standard se fabrican con materiales de primera calidad. Son productos extremadamente fiables. El material de fricci&oacute;n de los discos es org&aacute;nico. El compuesto del material org&aacute;nico se elige en funci&oacute;n del tipo y la utilizaci&oacute;n de la motocicleta, optimizando as&iacute; el rendimiento, aunque dentro de las directrices del fabricante.</p>","
OE-STANDARD LINE

Están diseñados para sustituir al embrague OE, manteniendo las mismas prestaciones y durabilidad. Los juegos de discos de embrague OE-Standard se fabrican con materiales de primera calidad. Son productos extremadamente fiables. El material de fricción de los discos es orgánico. El compuesto del material orgánico se elige en función del tipo y la utilización de la motocicleta, optimizando así el rendimiento, aunque dentro de las directrices del fabricante.",VEHICLE PARTS & ACCESSORIES,ENGINE PARTS,ENG. CLUTCH,1332,376,183,182,40,Orgánica,,,por unidad,,https://api.mybihr.com/medias/800Wx800H-1018323-1.jpg?context=bWFzdGVyfHJvb3R8Mjk5NTcyfGltYWdlL2pwZWd8YUdJeUwyZzJaaTg0TVRRMk56UXhOekUyTlRnMU5DODRNREJYZURnd01FaGZNVEF4T0RNeU15MHhMbXB3Wnd8ZmQ2NjY0NzRhNTY2ZDJlNDM1MmVlZTAwNzAyMzkxNjBlZWYxOWQ5ODc2YzJiZWRmNzYyNmRkM2Y1ZDA4OWU0Zg,,,https://static.bihr.pro/eBihr/Pictures/NEWFREN-pictures.zip,Spain Warehouse (Parts)
1018325,,F1898A,NEWFREN,NEWFR PLATE FRICTION,Kit de discos de embrague NEWFREN Standard,22.26,18.40,11.96,8025832036869,0,8714105000,0,1,"<p><strong>OE-STANDARD LINE</strong></p>
<p>Est&aacute;n dise&ntilde;ados para sustituir al embrague OE, manteniendo las mismas prestaciones y durabilidad. Los juegos de discos de embrague OE-Standard se fabrican con materiales de primera calidad. Son productos extremadamente fiables. El material de fricci&oacute;n de los discos es org&aacute;nico. El compuesto del material org&aacute;nico se elige en funci&oacute;n del tipo y la utilizaci&oacute;n de la motocicleta, optimizando as&iacute; el rendimiento, aunque dentro de las directrices del fabricante.</p>","
OE-STANDARD LINE

Están diseñados para sustituir al embrague OE, manteniendo las mismas prestaciones y durabilidad. Los juegos de discos de embrague OE-Standard se fabrican con materiales de primera calidad. Son productos extremadamente fiables. El material de fricción de los discos es orgánico. El compuesto del material orgánico se elige en función del tipo y la utilización de la motocicleta, optimizando así el rendimiento, aunque dentro de las directrices del fabricante.",VEHICLE PARTS & ACCESSORIES,ENGINE PARTS,ENG. CLUTCH,258,109,117,116,19,Orgánica,,,por unidad,,https://api.mybihr.com/medias/800Wx800H-1018325-1.jpg?context=bWFzdGVyfHJvb3R8Mjk5NTcyfGltYWdlL2pwZWd8YURRd0wyZzNaQzg0TVRRMk56UXhOelUxT1RBM01DODRNREJYZURnd01FaGZNVEF4T0RNeU5TMHhMbXB3Wnd8NmRkNzY2YTMwOGY3YzZjOTE2NGMyZWFmZGQ5OTljOGFlZjIwMDkyNDc2OWZjNjk0ZmJkOGRhNTdkY2I3NmVjYQ,,,https://static.bihr.pro/eBihr/Pictures/NEWFREN-pictures.zip,Spain Warehouse (Parts)
1018366,,F2813A,NEWFREN,NEWFR PLATE FRICTION,Kit de discos de embrague NEWFREN Standard,91.36,75.50,49.08,8025832038580,1,8714105000,0,1,"<p><strong>OE-STANDARD LINE</strong></p>
<p>Est&aacute;n dise&ntilde;ados para sustituir al embrague OE, manteniendo las mismas prestaciones y durabilidad. Los juegos de discos de embrague OE-Standard se fabrican con materiales de primera calidad. Son productos extremadamente fiables. El material de fricci&oacute;n de los discos es org&aacute;nico. El compuesto del material org&aacute;nico se elige en funci&oacute;n del tipo y la utilizaci&oacute;n de la motocicleta, optimizando as&iacute; el rendimiento, aunque dentro de las directrices del fabricante.</p>","
OE-STANDARD LINE

Están diseñados para sustituir al embrague OE, manteniendo las mismas prestaciones y durabilidad. Los juegos de discos de embrague OE-Standard se fabrican con materiales de primera calidad. Son productos extremadamente fiables. El material de fricción de los discos es orgánico. El compuesto del material orgánico se elige en función del tipo y la utilización de la motocicleta, optimizando así el rendimiento, aunque dentro de las directrices del fabricante.",VEHICLE PARTS & ACCESSORIES,ENGINE PARTS,ENG. CLUTCH,861,309,164,164,32,Orgánica,,,por unidad,,https://api.mybihr.com/medias/800Wx800H-1018366-1.jpg?context=bWFzdGVyfHJvb3R8Mjk5NTcyfGltYWdlL2pwZWd8YURVeUwyaGxZeTg0TVRRMk9UWTRORFkwTlRreE9DODRNREJYZURnd01FaGZNVEF4T0RNMk5pMHhMbXB3Wnd8YWZlMDIyNGQyZTVhZGY1Y2M3MDEyYmViMWJmZTE1ZjAwOTE4ZWRlNTI5NTc1Yzk5ZDVjZmRjMzAxYzI0ZjAxNw,,,https://static.bihr.pro/eBihr/Pictures/NEWFREN-pictures.zip,Spain Warehouse (Parts)
1018368,,F2823A,NEWFREN,NEWFR PLATE FRICTION,Kit de discos de embrague NEWFREN Standard,94.38,78.00,50.70,8025832038788,0,8714105000,0,1,"<p><strong>OE-STANDARD LINE</strong></p>
<p>Est&aacute;n dise&ntilde;ados para sustituir al embrague OE, manteniendo las mismas prestaciones y durabilidad. Los juegos de discos de embrague OE-Standard se fabrican con materiales de primera calidad. Son productos extremadamente fiables. El material de fricci&oacute;n de los discos es org&aacute;nico. El compuesto del material org&aacute;nico se elige en funci&oacute;n del tipo y la utilizaci&oacute;n de la motocicleta, optimizando as&iacute; el rendimiento, aunque dentro de las directrices del fabricante.</p>","
OE-STANDARD LINE

Están diseñados para sustituir al embrague OE, manteniendo las mismas prestaciones y durabilidad. Los juegos de discos de embrague OE-Standard se fabrican con materiales de primera calidad. Son productos extremadamente fiables. El material de fricción de los discos es orgánico. El compuesto del material orgánico se elige en función del tipo y la utilización de la motocicleta, optimizando así el rendimiento, aunque dentro de las directrices del fabricante.",VEHICLE PARTS & ACCESSORIES,ENGINE PARTS,ENG. CLUTCH,871,317,166,164,32,Orgánica,,,por unidad,,https://api.mybihr.com/medias/800Wx800H-1018368-1.jpg?context=bWFzdGVyfHJvb3R8Mjk5NTcyfGltYWdlL2pwZWd8YURFNUwyZzVOeTg0TVRRMk9UWTROVEF6T1RFek5DODRNREJYZURnd01FaGZNVEF4T0RNMk9DMHhMbXB3Wnd8NDI0NWUxMmI1Yjg2YTc1NmFiZDk0OTQwNWMzNjIyNzRiYjZkOTRmOTUyOTJhMzFmYjA1NTA4M2RhNTFhZmI0Zg,,,https://static.bihr.pro/eBihr/Pictures/NEWFREN-pictures.zip,Spain Warehouse (Parts)
1018379,,F2914A,NEWFREN,NEWFR PLATE FRICTION,Kit de discos de embrague NEWFREN Standard,87.36,72.20,46.93,8025832039068,0,8714105000,0,1,"<p><strong>OE-STANDARD LINE</strong></p>
<p>Est&aacute;n dise&ntilde;ados para sustituir al embrague OE, manteniendo las mismas prestaciones y durabilidad. Los juegos de discos de embrague OE-Standard se fabrican con materiales de primera calidad. Son productos extremadamente fiables. El material de fricci&oacute;n de los discos es org&aacute;nico. El compuesto del material org&aacute;nico se elige en funci&oacute;n del tipo y la utilizaci&oacute;n de la motocicleta, optimizando as&iacute; el rendimiento, aunque dentro de las directrices del fabricante.</p>","
OE-STANDARD LINE

Están diseñados para sustituir al embrague OE, manteniendo las mismas prestaciones y durabilidad. Los juegos de discos de embrague OE-Standard se fabrican con materiales de primera calidad. Son productos extremadamente fiables. El material de fricción de los discos es orgánico. El compuesto del material orgánico se elige en función del tipo y la utilización de la motocicleta, optimizando así el rendimiento, aunque dentro de las directrices del fabricante.",VEHICLE PARTS & ACCESSORIES,ENGINE PARTS,ENG. CLUTCH,677,290,144,147,32,Orgánica,,,por unidad,,https://api.mybihr.com/medias/800Wx800H-1018379-1.jpg?context=bWFzdGVyfHJvb3R8Mjk5NTcyfGltYWdlL2pwZWd8YURFeUwyZ3hPUzg0TVRRMk9UWTROall4TVRrNU9DODRNREJYZURnd01FaGZNVEF4T0RNM09TMHhMbXB3Wnd8NzA2ZTM2MTZjY2RhMWNmODkxZGNmNTkwNWNlMzk2OWQzZmYwMGRlY2IyOTczOWZmZDNjYzRlODQ1NjNiZDg3Yw,,,https://static.bihr.pro/eBihr/Pictures/NEWFREN-pictures.zip,Spain Warehouse (Parts)
1018381,,F2927A,NEWFREN,NEWFR PLATE FRICTION,Kit de discos de embrague NEWFREN Standard,83.49,69.00,44.85,8025832251859,0,8714105000,0,1,"<p><strong>OE-STANDARD LINE</strong></p>
<p>Est&aacute;n dise&ntilde;ados para sustituir al embrague OE, manteniendo las mismas prestaciones y durabilidad. Los juegos de discos de embrague OE-Standard se fabrican con materiales de primera calidad. Son productos extremadamente fiables. El material de fricci&oacute;n de los discos es org&aacute;nico. El compuesto del material org&aacute;nico se elige en funci&oacute;n del tipo y la utilizaci&oacute;n de la motocicleta, optimizando as&iacute; el rendimiento, aunque dentro de las directrices del fabricante.</p>","
OE-STANDARD LINE

Están diseñados para sustituir al embrague OE, manteniendo las mismas prestaciones y durabilidad. Los juegos de discos de embrague OE-Standard se fabrican con materiales de primera calidad. Son productos extremadamente fiables. El material de fricción de los discos es orgánico. El compuesto del material orgánico se elige en función del tipo y la utilización de la motocicleta, optimizando así el rendimiento, aunque dentro de las directrices del fabricante.",VEHICLE PARTS & ACCESSORIES,ENGINE PARTS,ENG. CLUTCH,687,273,146,147,32,Orgánica,,,por unidad,,https://api.mybihr.com/medias/800Wx800H-1018381-1.jpg?context=bWFzdGVyfHJvb3R8Mjk5NTcyfGltYWdlL2pwZWd8YURJM0wyZ3pZeTg0TVRRMk9UWTROekF3TlRJeE5DODRNREJYZURnd01FaGZNVEF4T0RNNE1TMHhMbXB3Wnd8NzhkYzQzNjMyMmFhODU4YWM4Y2UzZjAwOGNiMWQyMGI2MjQ2NThjN2RkZmM3NDc4ODVhYzUxMDgwNjhhZmI1YQ,,,https://static.bihr.pro/eBihr/Pictures/NEWFREN-pictures.zip,Spain Warehouse (Parts)
1018384,,F2941A,NEWFREN,NEWFR PLATE FRICTION,Kit de discos de embrague NEWFREN Standard,81.68,67.50,43.88,8025832278177,2,8714105000,0,1,"<p><strong>OE-STANDARD LINE</strong></p>
<p>Est&aacute;n dise&ntilde;ados para sustituir al embrague OE, manteniendo las mismas prestaciones y durabilidad. Los juegos de discos de embrague OE-Standard se fabrican con materiales de primera calidad. Son productos extremadamente fiables. El material de fricci&oacute;n de los discos es org&aacute;nico. El compuesto del material org&aacute;nico se elige en funci&oacute;n del tipo y la utilizaci&oacute;n de la motocicleta, optimizando as&iacute; el rendimiento, aunque dentro de las directrices del fabricante.</p>","
OE-STANDARD LINE

Están diseñados para sustituir al embrague OE, manteniendo las mismas prestaciones y durabilidad. Los juegos de discos de embrague OE-Standard se fabrican con materiales de primera calidad. Son productos extremadamente fiables. El material de fricción de los discos es orgánico. El compuesto del material orgánico se elige en función del tipo y la utilización de la motocicleta, optimizando así el rendimiento, aunque dentro de las directrices del fabricante.",VEHICLE PARTS & ACCESSORIES,ENGINE PARTS,ENG. CLUTCH,995,280,164,164,37,Orgánica,,,por unidad,,https://api.mybihr.com/medias/800Wx800H-1018384-1.jpg?context=bWFzdGVyfHJvb3R8Mjk5NTcyfGltYWdlL2pwZWd8YURjMUwyZzBZUzg0TVRRMk9UWTROelEyTXprMk5pODRNREJYZURnd01FaGZNVEF4T0RNNE5DMHhMbXB3Wnd8OTBkOWY4ZjZhOWY3OWJmNmVmZmU0NTMwZmQxY2M3OGRkZjMxOTYzZDFlNTNiZmUzMDQ4N2RkZGExMzQ2YTlkMg,,,https://static.bihr.pro/eBihr/Pictures/NEWFREN-pictures.zip,Spain Warehouse (Parts)
1018256,,F1540AC,NEWFREN,NEWFR PLATE STEEL&FRICTIONS,Kit de discos + separadores de embrague NEWFREN Standard,47.07,38.90,25.29,8025832032625,2,8714105000,0,1,"<p><strong>OE-STANDARD LINE</strong></p>
<p>Est&aacute;n dise&ntilde;ados para sustituir al embrague OE, manteniendo las mismas prestaciones y durabilidad. Los juegos de discos de embrague OE-Standard se fabrican con materiales de primera calidad. Son productos extremadamente fiables. El material de fricci&oacute;n de los discos es org&aacute;nico. El compuesto del material org&aacute;nico se elige en funci&oacute;n del tipo y la utilizaci&oacute;n de la motocicleta, optimizando as&iacute; el rendimiento, aunque dentro de las directrices del fabricante.</p>","
OE-STANDARD LINE

Están diseñados para sustituir al embrague OE, manteniendo las mismas prestaciones y durabilidad. Los juegos de discos de embrague OE-Standard se fabrican con materiales de primera calidad. Son productos extremadamente fiables. El material de fricción de los discos es orgánico. El compuesto del material orgánico se elige en función del tipo y la utilización de la motocicleta, optimizando así el rendimiento, aunque dentro de las directrices del fabricante.",VEHICLE PARTS & ACCESSORIES,ENGINE PARTS,ENG. CLUTCH,348,205,132,132,20,,,,por unidad,,https://api.mybihr.com/medias/1018256-1-800Wx800H?context=bWFzdGVyfHJvb3R8NTEzMjR8aW1hZ2UvanBlZ3xhR1ExTDJoa09TODRPVEkyTkRRM01qY3hPVFkyTHpFd01UZ3lOVFl0TVY4NE1EQlhlRGd3TUVnfGEyNmU5NmExYzdiYTUzZTEyMDAyMzhjM2YyMDM1ZmE4NzQ5M2JlZThjYWEzZmZhMDEwYWZhYzIwY2I3Mjc0YmI,,,https://static.bihr.pro/eBihr/Pictures/NEWFREN-pictures.zip,Spain Warehouse (Parts)
1018257,,F1541A,NEWFREN,NEWFR PLATE FRICTION,Kit de discos de embrague NEWFREN Standard,69.09,57.10,37.12,8025832032656,2,8714105000,0,1,"<p><strong>OE-STANDARD LINE</strong></p>
<p>Est&aacute;n dise&ntilde;ados para sustituir al embrague OE, manteniendo las mismas prestaciones y durabilidad. Los juegos de discos de embrague OE-Standard se fabrican con materiales de primera calidad. Son productos extremadamente fiables. El material de fricci&oacute;n de los discos es org&aacute;nico. El compuesto del material org&aacute;nico se elige en funci&oacute;n del tipo y la utilizaci&oacute;n de la motocicleta, optimizando as&iacute; el rendimiento, aunque dentro de las directrices del fabricante.</p>","
OE-STANDARD LINE

Están diseñados para sustituir al embrague OE, manteniendo las mismas prestaciones y durabilidad. Los juegos de discos de embrague OE-Standard se fabrican con materiales de primera calidad. Son productos extremadamente fiables. El material de fricción de los discos es orgánico. El compuesto del material orgánico se elige en función del tipo y la utilización de la motocicleta, optimizando así el rendimiento, aunque dentro de las directrices del fabricante.",VEHICLE PARTS & ACCESSORIES,ENGINE PARTS,ENG. CLUTCH,395,217,132,136,22,Orgánica,,,por unidad,,https://api.mybihr.com/medias/800Wx800H-1018257-1.jpg?context=bWFzdGVyfHJvb3R8Mjk5NTcyfGltYWdlL2pwZWd8YURaaEwyaGlZeTg0TVRRMk56UXdOalUwT1RBeU1pODRNREJYZURnd01FaGZNVEF4T0RJMU55MHhMbXB3Wnd8YWNiNjAwYzg4N2VkNWI0NzQ4ZmY0ODQ3YTU0MDU0NjlkODJkODAwM2I3MGJmMDdhYmNmNTI3OTRkMTU0ZGIxZg,,,https://static.bihr.pro/eBihr/Pictures/NEWFREN-pictures.zip,Spain Warehouse (Parts)
1018258,,F1545A,NEWFREN,NEWFR PLATE FRICTION,Kit de discos de embrague NEWFREN Standard,83.49,69.00,44.85,8025832165415,1,8714105000,0,1,"<p><strong>OE-STANDARD LINE</strong></p>
<p>Est&aacute;n dise&ntilde;ados para sustituir al embrague OE, manteniendo las mismas prestaciones y durabilidad. Los juegos de discos de embrague OE-Standard se fabrican con materiales de primera calidad. Son productos extremadamente fiables. El material de fricci&oacute;n de los discos es org&aacute;nico. El compuesto del material org&aacute;nico se elige en funci&oacute;n del tipo y la utilizaci&oacute;n de la motocicleta, optimizando as&iacute; el rendimiento, aunque dentro de las directrices del fabricante.</p>","
OE-STANDARD LINE

Están diseñados para sustituir al embrague OE, manteniendo las mismas prestaciones y durabilidad. Los juegos de discos de embrague OE-Standard se fabrican con materiales de primera calidad. Son productos extremadamente fiables. El material de fricción de los discos es orgánico. El compuesto del material orgánico se elige en función del tipo y la utilización de la motocicleta, optimizando así el rendimiento, aunque dentro de las directrices del fabricante.",VEHICLE PARTS & ACCESSORIES,ENGINE PARTS,ENG. CLUTCH,1069,294,165,162,40,Orgánica,,,"por unidad & ",,https://api.mybihr.com/medias/800Wx800H-1018258-1.jpg?context=bWFzdGVyfHJvb3R8Mjk5NTcyfGltYWdlL2pwZWd8YURsaEwyaGlOUzg0TVRRMk56UXdOamMwTlRZek1DODRNREJYZURnd01FaGZNVEF4T0RJMU9DMHhMbXB3Wnd8YTQxZGQwNmZlYzJhZDIwMGIxM2ExYTAyNGI4YTFmYmJkMjMxNGY2NzdkMDMxNjJkODUwNGJiYzRjZGUyMDMyNA,https://api.mybihr.com/medias/800Wx800H-1018258-2.jpg?context=bWFzdGVyfHJvb3R8MjY0NzY3fGltYWdlL2pwZWd8YURVM0wyaGlaUzh6TXpJNU56TTBOREV3TWpRek1DODRNREJYZURnd01FaGZNVEF4T0RJMU9DMHlMbXB3Wnd8NDk0OTBmYTY0Y2Y5NzAzNjFhZjVlY2ZlMDFjOTNiMTBjNWU2MmZhZjNiZjhiODBhNmVjNWI5OTg5ZTliZGI5Yg,,https://static.bihr.pro/eBihr/Pictures/NEWFREN-pictures.zip,Spain Warehouse (Parts)
1018313,,F1826A,NEWFREN,NEWFR PLATE FRICTION,Kit de discos de embrague NEWFREN Standard,42.11,34.80,22.62,8025832036005,3,8714105000,0,1,"<p><strong>OE-STANDARD LINE</strong></p>
<p>Est&aacute;n dise&ntilde;ados para sustituir al embrague OE, manteniendo las mismas prestaciones y durabilidad. Los juegos de discos de embrague OE-Standard se fabrican con materiales de primera calidad. Son productos extremadamente fiables. El material de fricci&oacute;n de los discos es org&aacute;nico. El compuesto del material org&aacute;nico se elige en funci&oacute;n del tipo y la utilizaci&oacute;n de la motocicleta, optimizando as&iacute; el rendimiento, aunque dentro de las directrices del fabricante.</p>","
OE-STANDARD LINE

Están diseñados para sustituir al embrague OE, manteniendo las mismas prestaciones y durabilidad. Los juegos de discos de embrague OE-Standard se fabrican con materiales de primera calidad. Son productos extremadamente fiables. El material de fricción de los discos es orgánico. El compuesto del material orgánico se elige en función del tipo y la utilización de la motocicleta, optimizando así el rendimiento, aunque dentro de las directrices del fabricante.",VEHICLE PARTS & ACCESSORIES,ENGINE PARTS,ENG. CLUTCH,696,170,146,149,32,Orgánica,,,por unidad,,https://api.mybihr.com/medias/800Wx800H-1018313-1.jpg?context=bWFzdGVyfHJvb3R8Mjk5NTcyfGltYWdlL2pwZWd8YUdWa0wyZzFOUzg0TVRRMk56UXhOVFU1TWprNU1DODRNREJYZURnd01FaGZNVEF4T0RNeE15MHhMbXB3Wnd8NjAxOWZmMDdkYTFkNGQ3ZjczMGY5MGFhN2NhZDkxMzMzZDg1MWU1OWM4MjFmNWE0YmM3MTkxYzFkMjYxNjQxMg,,,https://static.bihr.pro/eBihr/Pictures/NEWFREN-pictures.zip,Spain Warehouse (Parts)
1018316,,F1836AC,NEWFREN,NEWFR PLATE STEEL&FRICTIONS,Kit de discos + separadores de embrague NEWFREN Standard,114.95,95.00,61.75,8025832166085,3,8714105000,0,1,"<p><strong>OE-STANDARD LINE</strong></p>
<p>Est&aacute;n dise&ntilde;ados para sustituir al embrague OE, manteniendo las mismas prestaciones y durabilidad. Los juegos de discos de embrague OE-Standard se fabrican con materiales de primera calidad. Son productos extremadamente fiables. El material de fricci&oacute;n de los discos es org&aacute;nico. El compuesto del material org&aacute;nico se elige en funci&oacute;n del tipo y la utilizaci&oacute;n de la motocicleta, optimizando as&iacute; el rendimiento, aunque dentro de las directrices del fabricante.</p>","
OE-STANDARD LINE

Están diseñados para sustituir al embrague OE, manteniendo las mismas prestaciones y durabilidad. Los juegos de discos de embrague OE-Standard se fabrican con materiales de primera calidad. Son productos extremadamente fiables. El material de fricción de los discos es orgánico. El compuesto del material orgánico se elige en función del tipo y la utilización de la motocicleta, optimizando así el rendimiento, aunque dentro de las directrices del fabricante.",VEHICLE PARTS & ACCESSORIES,ENGINE PARTS,ENG. CLUTCH,1574,953,184,182,47,,,,por unidad,,https://api.mybihr.com/medias/1018316-1-800Wx800H?context=bWFzdGVyfHJvb3R8NjA4NTZ8aW1hZ2UvanBlZ3xhRGxqTDJnMk1TODRPRFU0T1RVMk9UZzRORFEyTHpFd01UZ3pNVFl0TVY4NE1EQlhlRGd3TUVnfDVkYmQ4YjM2OGNiMGY2NWI3MDQzNjJkMWIzYzA3OGE5YTMwYWRhMDI3NDA2MmRjZGY0N2UxZTIyOWY2YTRmZjE,,,https://static.bihr.pro/eBihr/Pictures/NEWFREN-pictures.zip,Spain Warehouse (Parts)
1018317,,F1837A,NEWFREN,NEWFR PLATE FRICTION,Kit de discos de embrague NEWFREN Standard,125.84,104.00,67.60,8025832036159,2,8714105000,0,1,"<p><strong>OE-STANDARD LINE</strong></p>
<p>Est&aacute;n dise&ntilde;ados para sustituir al embrague OE, manteniendo las mismas prestaciones y durabilidad. Los juegos de discos de embrague OE-Standard se fabrican con materiales de primera calidad. Son productos extremadamente fiables. El material de fricci&oacute;n de los discos es org&aacute;nico. El compuesto del material org&aacute;nico se elige en funci&oacute;n del tipo y la utilizaci&oacute;n de la motocicleta, optimizando as&iacute; el rendimiento, aunque dentro de las directrices del fabricante.</p>","
OE-STANDARD LINE

Están diseñados para sustituir al embrague OE, manteniendo las mismas prestaciones y durabilidad. Los juegos de discos de embrague OE-Standard se fabrican con materiales de primera calidad. Son productos extremadamente fiables. El material de fricción de los discos es orgánico. El compuesto del material orgánico se elige en función del tipo y la utilización de la motocicleta, optimizando así el rendimiento, aunque dentro de las directrices del fabricante.",VEHICLE PARTS & ACCESSORIES,ENGINE PARTS,ENG. CLUTCH,866,325,165,164,32,Orgánica,,,"por unidad & ",,https://api.mybihr.com/medias/800Wx800H-1018317-1.jpg?context=bWFzdGVyfHJvb3R8Mjk5NTcyfGltYWdlL2pwZWd8YURGaUwyZ3dOaTg0TVRRMk56UXhOakU0TWpneE5DODRNREJYZURnd01FaGZNVEF4T0RNeE55MHhMbXB3Wnd8NWJjMjZkZGEzOTRiN2MwNjYyODRkYTk2OTFhZGZmMmFmOThlYzMyZGQyZDVmZWI5NzE0ZWU4ODNiODkyZWEzOQ,https://api.mybihr.com/medias/800Wx800H-1018317-2.jpg?context=bWFzdGVyfHJvb3R8MTkyNTQzfGltYWdlL2pwZWd8YURrMUwyaGxOeTh6TXpJMk5UZzNNall6TXpnNE5pODRNREJYZURnd01FaGZNVEF4T0RNeE55MHlMbXB3Wnd8YmM3MDA3YzgwYWVmMjljOTI5YWUyNDg1MmQ2MzliZGYxZWQyM2JjYTdiOGJiNjc2YTk0NDc0M2I5OWZmNzZmNQ,,https://static.bihr.pro/eBihr/Pictures/NEWFREN-pictures.zip,Spain Warehouse (Parts)
1018388,,NEU3F1213,NEWFREN,NEWFR PLATE FRICTION,Disco de embrague NEWFREN Standard,5.84,4.83,3.14,8025832356066,0,8714105000,0,1,"<p><strong>OE-STANDARD LINE</strong></p>
<p>Est&aacute;n dise&ntilde;ados para sustituir al embrague OE, manteniendo las mismas prestaciones y durabilidad. Los juegos de discos de embrague OE-Standard se fabrican con materiales de primera calidad. Son productos extremadamente fiables. El material de fricci&oacute;n de los discos es org&aacute;nico. El compuesto del material org&aacute;nico se elige en funci&oacute;n del tipo y la utilizaci&oacute;n de la motocicleta, optimizando as&iacute; el rendimiento, aunque dentro de las directrices del fabricante.</p>","
OE-STANDARD LINE

Están diseñados para sustituir al embrague OE, manteniendo las mismas prestaciones y durabilidad. Los juegos de discos de embrague OE-Standard se fabrican con materiales de primera calidad. Son productos extremadamente fiables. El material de fricción de los discos es orgánico. El compuesto del material orgánico se elige en función del tipo y la utilización de la motocicleta, optimizando así el rendimiento, aunque dentro de las directrices del fabricante.",VEHICLE PARTS & ACCESSORIES,ENGINE PARTS,ENG. CLUTCH,46,31,107,107,4,,,,"por unidad & ",,https://api.mybihr.com/medias/1018388-1-800Wx800H?context=bWFzdGVyfHJvb3R8NDA3OTR8aW1hZ2UvanBlZ3xhR1prTDJoaFlpODRPVEkwTURjNE9EWTJORFl5THpFd01UZ3pPRGd0TVY4NE1EQlhlRGd3TUVnfDBmNDgyNTBjODdmMjY3YjYyNjJmNzVhOGNlYzY1NTFmMThlZGZhMDk4NWY1NTU0NTcxNmM4NWI1ZGQ4NDU4MWE,,,https://static.bihr.pro/eBihr/Pictures/NEWFREN-pictures.zip,Spain Warehouse (Parts)
1018371,,F2843A,NEWFREN,NEWFR PLATE FRICTION,Kit de discos de embrague NEWFREN Standard,97.28,80.40,52.26,8025832163329,1,8714105000,0,1,"<p><strong>OE-STANDARD LINE</strong></p>
<p>Est&aacute;n dise&ntilde;ados para sustituir al embrague OE, manteniendo las mismas prestaciones y durabilidad. Los juegos de discos de embrague OE-Standard se fabrican con materiales de primera calidad. Son productos extremadamente fiables. El material de fricci&oacute;n de los discos es org&aacute;nico. El compuesto del material org&aacute;nico se elige en funci&oacute;n del tipo y la utilizaci&oacute;n de la motocicleta, optimizando as&iacute; el rendimiento, aunque dentro de las directrices del fabricante.</p>","
OE-STANDARD LINE

Están diseñados para sustituir al embrague OE, manteniendo las mismas prestaciones y durabilidad. Los juegos de discos de embrague OE-Standard se fabrican con materiales de primera calidad. Son productos extremadamente fiables. El material de fricción de los discos es orgánico. El compuesto del material orgánico se elige en función del tipo y la utilización de la motocicleta, optimizando así el rendimiento, aunque dentro de las directrices del fabricante.",VEHICLE PARTS & ACCESSORIES,ENGINE PARTS,ENG. CLUTCH,1332,391,183,182,40,Orgánica,,,por unidad,,https://api.mybihr.com/medias/800Wx800H-1018371-1.jpg?context=bWFzdGVyfHJvb3R8Mjk5NTcyfGltYWdlL2pwZWd8YURjNEwyZzRPUzg0TVRRMk9UWTROVFF6TWpNMU1DODRNREJYZURnd01FaGZNVEF4T0RNM01TMHhMbXB3Wnd8MDMzNWQyMjM1NjU1NjYxMDZkNzFmZWNhYjliMjg4ZDgxYTE1ZTFhMDAwMTI3NjI4ZWRiOGYyMTAwM2ZlZDYyYw,,,https://static.bihr.pro/eBihr/Pictures/NEWFREN-pictures.zip,Spain Warehouse (Parts)
1018372,,F2844A,NEWFREN,NEWFR PLATE FRICTION,Kit de discos de embrague NEWFREN Standard,98.86,81.70,53.11,8025832159438,1,8714105000,0,1,"<p><strong>OE-STANDARD LINE</strong></p>
<p>Est&aacute;n dise&ntilde;ados para sustituir al embrague OE, manteniendo las mismas prestaciones y durabilidad. Los juegos de discos de embrague OE-Standard se fabrican con materiales de primera calidad. Son productos extremadamente fiables. El material de fricci&oacute;n de los discos es org&aacute;nico. El compuesto del material org&aacute;nico se elige en funci&oacute;n del tipo y la utilizaci&oacute;n de la motocicleta, optimizando as&iacute; el rendimiento, aunque dentro de las directrices del fabricante.</p>","
OE-STANDARD LINE

Están diseñados para sustituir al embrague OE, manteniendo las mismas prestaciones y durabilidad. Los juegos de discos de embrague OE-Standard se fabrican con materiales de primera calidad. Son productos extremadamente fiables. El material de fricción de los discos es orgánico. El compuesto del material orgánico se elige en función del tipo y la utilización de la motocicleta, optimizando así el rendimiento, aunque dentro de las directrices del fabricante.",VEHICLE PARTS & ACCESSORIES,ENGINE PARTS,ENG. CLUTCH,855,317,163,164,32,Orgánica,,,por unidad,,https://api.mybihr.com/medias/800Wx800H-1018372-1.jpg?context=bWFzdGVyfHJvb3R8Mjk5NTcyfGltYWdlL2pwZWd8YUdKakwyZzRNaTg0TVRRMk9UWTROVFl5T0RrMU9DODRNREJYZURnd01FaGZNVEF4T0RNM01pMHhMbXB3Wnd8MWI0ZDczMmZlN2YxMjRiYmRlOTE5Y2U0OWI3MzlhOTQ3YzlkMzAxM2M5ZjFmNGI1M2Y3YzMwZTEzMWJlYjg2Zg,,,https://static.bihr.pro/eBihr/Pictures/NEWFREN-pictures.zip,Spain Warehouse (Parts)
1018374,,F2877R,NEWFREN,NEWFR PLATE FRICTION,Kit de discos de embrague NEWFREN Performance,172.18,142.30,92.50,8025832277378,1,8714105000,0,1,"<p><strong>PERFORMANCE LINE</strong></p>
<p>V&aacute;lidos tambi&eacute;n para el uso deportivo. La gama Performance ha sido pensada para un uso en carretera intensivo, pero tambi&eacute;n para uso deportivo para soportar las altas exigencias y para dar prestaciones de alto nivel. Los materiales de fricci&oacute;n, utilizados en los discos conductores del embrague en ba&ntilde;o de aceite, es el Paper Carbon. Los discos conducidos (separadores) est&aacute;n fabricados en un acero especial que asegura la m&aacute;xima resistencia y ausencias de deformaciones.</p>","
PERFORMANCE LINE

Válidos también para el uso deportivo. La gama Performance ha sido pensada para un uso en carretera intensivo, pero también para uso deportivo para soportar las altas exigencias y para dar prestaciones de alto nivel. Los materiales de fricción, utilizados en los discos conductores del embrague en baño de aceite, es el Paper Carbon. Los discos conducidos (separadores) están fabricados en un acero especial que asegura la máxima resistencia y ausencias de deformaciones.",VEHICLE PARTS & ACCESSORIES,ENGINE PARTS,ENG. CLUTCH,1038,300,171,164,37,Orgánica,,,por unidad,,https://api.mybihr.com/medias/800Wx800H-1018374-1.jpg?context=bWFzdGVyfHJvb3R8Mjk5NTcyfGltYWdlL2pwZWd8YURabUwyZ3laQzg0TVRRMk9UWTROakF5TWpFM05DODRNREJYZURnd01FaGZNVEF4T0RNM05DMHhMbXB3Wnd8ZmY0MzZiYzQxMDFmMGVkMDRmMDcwNTQ4NWQ3MTVmMTYyYWRjNTIxOTc0OWI0ZGY3NjdiNzc5YmIyYzY5NjJkZA,,,https://static.bihr.pro/eBihr/Pictures/NEWFREN-pictures.zip,Spain Warehouse (Parts)
1018375,,F2879A,NEWFREN,NEWFR PLATE FRICTION,Kit de discos de embrague NEWFREN Standard,98.86,81.70,53.11,8025832277446,0,8714105000,0,1,"<p><strong>OE-STANDARD LINE</strong></p>
<p>Est&aacute;n dise&ntilde;ados para sustituir al embrague OE, manteniendo las mismas prestaciones y durabilidad. Los juegos de discos de embrague OE-Standard se fabrican con materiales de primera calidad. Son productos extremadamente fiables. El material de fricci&oacute;n de los discos es org&aacute;nico. El compuesto del material org&aacute;nico se elige en funci&oacute;n del tipo y la utilizaci&oacute;n de la motocicleta, optimizando as&iacute; el rendimiento, aunque dentro de las directrices del fabricante.</p>","
OE-STANDARD LINE

Están diseñados para sustituir al embrague OE, manteniendo las mismas prestaciones y durabilidad. Los juegos de discos de embrague OE-Standard se fabrican con materiales de primera calidad. Son productos extremadamente fiables. El material de fricción de los discos es orgánico. El compuesto del material orgánico se elige en función del tipo y la utilización de la motocicleta, optimizando así el rendimiento, aunque dentro de las directrices del fabricante.",VEHICLE PARTS & ACCESSORIES,ENGINE PARTS,ENG. CLUTCH,920,329,165,164,34,Orgánica,,,por unidad,,https://api.mybihr.com/medias/800Wx800H-1018375-1.jpg?context=bWFzdGVyfHJvb3R8Mjk5NTcyfGltYWdlL2pwZWd8YUdJeUwyZ3lOaTg0TVRRMk9UWTROakl4T0RjNE1pODRNREJYZURnd01FaGZNVEF4T0RNM05TMHhMbXB3Wnd8OTUzMTc0NDg4Mzc3YzMxOWJjY2ZiMzBjNGVlYWI1NDY5MTJhN2UxYmYzZjcxMDc2MWZhZTRhNzlkZTNhOGFhYQ,,,https://static.bihr.pro/eBihr/Pictures/NEWFREN-pictures.zip,Spain Warehouse (Parts)
1018377,,F2879R,NEWFREN,NEWFR PLATE FRICTION,Kit de discos de embrague NEWFREN Performance,172.79,142.80,92.82,8025832277491,4,8714105000,0,1,"<p><strong>PERFORMANCE LINE</strong></p>
<p>V&aacute;lidos tambi&eacute;n para el uso deportivo. La gama Performance ha sido pensada para un uso en carretera intensivo, pero tambi&eacute;n para uso deportivo para soportar las altas exigencias y para dar prestaciones de alto nivel. Los materiales de fricci&oacute;n, utilizados en los discos conductores del embrague en ba&ntilde;o de aceite, es el Paper Carbon. Los discos conducidos (separadores) est&aacute;n fabricados en un acero especial que asegura la m&aacute;xima resistencia y ausencias de deformaciones.</p>","
PERFORMANCE LINE

Válidos también para el uso deportivo. La gama Performance ha sido pensada para un uso en carretera intensivo, pero también para uso deportivo para soportar las altas exigencias y para dar prestaciones de alto nivel. Los materiales de fricción, utilizados en los discos conductores del embrague en baño de aceite, es el Paper Carbon. Los discos conducidos (separadores) están fabricados en un acero especial que asegura la máxima resistencia y ausencias de deformaciones.",VEHICLE PARTS & ACCESSORIES,ENGINE PARTS,ENG. CLUTCH,1063,323,164,162,40,Orgánica,,,por unidad,,https://api.mybihr.com/medias/800Wx800H-1018377-1.jpg?context=bWFzdGVyfHJvb3R8Mjk5NTcyfGltYWdlL2pwZWd8YUdVeUwyZ3haaTg0TVRRMk9UWTROalF4TlRNNU1DODRNREJYZURnd01FaGZNVEF4T0RNM055MHhMbXB3Wnd8ZjJiZjMzZDgwMGI5MDg4MjJlMTBjZDAwODBkNzM2M2MwZWI2ZjY3OTcwZDJjNmVkNGNkYjk2NTZkNGQ0Mjg4Yg,,,https://static.bihr.pro/eBihr/Pictures/NEWFREN-pictures.zip,Spain Warehouse (Parts)
1018332,,F1952A,NEWFREN,NEWFR PLATE FRICTION,Kit de discos de embrague NEWFREN Standard,35.45,29.30,19.05,8025832037286,0,8714105000,0,1,"<p><strong>OE-STANDARD LINE</strong></p>
<p>Est&aacute;n dise&ntilde;ados para sustituir al embrague OE, manteniendo las mismas prestaciones y durabilidad. Los juegos de discos de embrague OE-Standard se fabrican con materiales de primera calidad. Son productos extremadamente fiables. El material de fricci&oacute;n de los discos es org&aacute;nico. El compuesto del material org&aacute;nico se elige en funci&oacute;n del tipo y la utilizaci&oacute;n de la motocicleta, optimizando as&iacute; el rendimiento, aunque dentro de las directrices del fabricante.</p>","
OE-STANDARD LINE

Están diseñados para sustituir al embrague OE, manteniendo las mismas prestaciones y durabilidad. Los juegos de discos de embrague OE-Standard se fabrican con materiales de primera calidad. Son productos extremadamente fiables. El material de fricción de los discos es orgánico. El compuesto del material orgánico se elige en función del tipo y la utilización de la motocicleta, optimizando así el rendimiento, aunque dentro de las directrices del fabricante.",VEHICLE PARTS & ACCESSORIES,ENGINE PARTS,ENG. CLUTCH,401,121,136,134,22,Orgánica,,,por unidad,,https://api.mybihr.com/medias/800Wx800H-1018332-1.jpg?context=bWFzdGVyfHJvb3R8Mjk5NTcyfGltYWdlL2pwZWd8YUdWbUwyZzFaUzg0TVRRMk9UWTNPVGt5TnpNeU5pODRNREJYZURnd01FaGZNVEF4T0RNek1pMHhMbXB3Wnd8ODFhYzQyM2NiODkzMmIwMTMwZWYwMDRjZjc1MzM2ZGJhNWRhOTc2ZDVmMDNhMmVjNjk0NjAwMjMzYzVjMzVjMg,,,https://static.bihr.pro/eBihr/Pictures/NEWFREN-pictures.zip,Spain Warehouse (Parts)
1018351,,F2696A,NEWFREN,NEWFR PLATE FRICTION,Kit de discos de embrague NEWFREN Standard,64.25,53.10,34.52,8025832275459,1,8714105000,0,1,"<p><strong>OE-STANDARD LINE</strong></p>
<p>Est&aacute;n dise&ntilde;ados para sustituir al embrague OE, manteniendo las mismas prestaciones y durabilidad. Los juegos de discos de embrague OE-Standard se fabrican con materiales de primera calidad. Son productos extremadamente fiables. El material de fricci&oacute;n de los discos es org&aacute;nico. El compuesto del material org&aacute;nico se elige en funci&oacute;n del tipo y la utilizaci&oacute;n de la motocicleta, optimizando as&iacute; el rendimiento, aunque dentro de las directrices del fabricante.</p>","
OE-STANDARD LINE

Están diseñados para sustituir al embrague OE, manteniendo las mismas prestaciones y durabilidad. Los juegos de discos de embrague OE-Standard se fabrican con materiales de primera calidad. Son productos extremadamente fiables. El material de fricción de los discos es orgánico. El compuesto del material orgánico se elige en función del tipo y la utilización de la motocicleta, optimizando así el rendimiento, aunque dentro de las directrices del fabricante.",VEHICLE PARTS & ACCESSORIES,ENGINE PARTS,ENG. CLUTCH,696,220,148,147,32,Orgánica,,,"por unidad & ",,https://api.mybihr.com/medias/800Wx800H-1018351-1.jpg?context=bWFzdGVyfHJvb3R8Mjk5NTcyfGltYWdlL2pwZWd8YUdJNEwyZzVOUzg0TVRRMk9UWTRNekEzTXpBMU5DODRNREJYZURnd01FaGZNVEF4T0RNMU1TMHhMbXB3Wnd8ZWIyZTJhNTZlYTM3ZjRhM2Y5ZGRhMjkzMjg2Nzc4NmVhOWVkOGI2NzdiMDUyODBiZjBiMzdkNzJhNWRiMTc4Yw,https://api.mybihr.com/medias/800Wx800H-1018351-2.jpg?context=bWFzdGVyfHJvb3R8MTkyNTQzfGltYWdlL2pwZWd8YUdOaUwyZzNNQzh6TXpJNU56TTBOakEyT0RVeE1DODRNREJYZURnd01FaGZNVEF4T0RNMU1TMHlMbXB3Wnd8ODkwMzU0MzdhNTc0NGQ4NTY0NGYzOTNkYzVlOTRiM2JiMWQ4NzY1NzVkYWEwNTkzODA5MzQyNjA0NjIzOWI3ZA,,https://static.bihr.pro/eBihr/Pictures/NEWFREN-pictures.zip,Spain Warehouse (Parts)
1018385,,MO613F,NEWFREN,NEWFR PLATE FRICTION,Kit de muelles de embrague NEWFREN,7.38,6.10,3.97,8025832050650,4,8714105000,0,1,,,VEHICLE PARTS & ACCESSORIES,ENGINE PARTS,ENG. CLUTCH,211,43,86,91,27,Acero,,,por unidad,,https://api.mybihr.com/medias/1018385-1-800Wx800H?context=bWFzdGVyfHJvb3R8MzkzNTF8aW1hZ2UvanBlZ3xhR1U0TDJnNE5pODVNREV5TkRFMk1qUTVPRGcyTHpFd01UZ3pPRFV0TVY4NE1EQlhlRGd3TUVnfGMxZDMwMjFmYzg5ZWI5ODIyMTZlMDk2YzA3ODBlM2ZkYmZjN2RkOTU1NTcyYTJkYjUxYjU1NzBhODA3M2Y4ODM,,,https://static.bihr.pro/eBihr/Pictures/NEWFREN-pictures.zip,Spain Warehouse (Parts)
1018386,,MO632F,NEWFREN,NEWFR PLATE FRICTION,Kit de muelles de embrague NEWFREN,11.01,9.10,5.92,8025832379706,2,8714105000,0,1,,,VEHICLE PARTS & ACCESSORIES,ENGINE PARTS,ENG. CLUTCH,121,40,84,60,24,Acero,,,por unidad,,https://api.mybihr.com/medias/1018386-1-800Wx800H?context=bWFzdGVyfHJvb3R8MzkzNTF8aW1hZ2UvanBlZ3xhR0k1TDJnNFpDODVNREV5TkRFMk5EUTJORGswTHpFd01UZ3pPRFl0TVY4NE1EQlhlRGd3TUVnfGQ4OTNlNjViODQ3OGJlYmIxOTcyN2JhMzA4ZWUzMWY3OTRhMjE2ZGZmNjM5YmFlMjk4Yjk1MGQ2ZDQ0MDBhZTg,,,https://static.bihr.pro/eBihr/Pictures/NEWFREN-pictures.zip,Spain Warehouse (Parts)
1018387,,NEU3F1062,NEWFREN,NEWFR PLATE FRICTION,Disco de embrague NEWFREN Standard,11.77,9.73,6.32,8025832354956,0,8714105000,0,1,"<p><strong>OE-STANDARD LINE</strong></p>
<p>Est&aacute;n dise&ntilde;ados para sustituir al embrague OE, manteniendo las mismas prestaciones y durabilidad. Los juegos de discos de embrague OE-Standard se fabrican con materiales de primera calidad. Son productos extremadamente fiables. El material de fricci&oacute;n de los discos es org&aacute;nico. El compuesto del material org&aacute;nico se elige en funci&oacute;n del tipo y la utilizaci&oacute;n de la motocicleta, optimizando as&iacute; el rendimiento, aunque dentro de las directrices del fabricante.</p>","
OE-STANDARD LINE

Están diseñados para sustituir al embrague OE, manteniendo las mismas prestaciones y durabilidad. Los juegos de discos de embrague OE-Standard se fabrican con materiales de primera calidad. Son productos extremadamente fiables. El material de fricción de los discos es orgánico. El compuesto del material orgánico se elige en función del tipo y la utilización de la motocicleta, optimizando así el rendimiento, aunque dentro de las directrices del fabricante.",VEHICLE PARTS & ACCESSORIES,ENGINE PARTS,ENG. CLUTCH,90,50,150,150,4,,,,"por unidad & ",,https://api.mybihr.com/medias/1018387-1-800Wx800H?context=bWFzdGVyfHJvb3R8NDA3ODd8aW1hZ2UvanBlZ3xhRGsxTDJobU1TODRPVFk1TURZME9EQTRORGM0THpFd01UZ3pPRGN0TVY4NE1EQlhlRGd3TUVnfDk2NmNjYTNhOTE3MTk3MzZiNGE0ZTNkYjBkMjlmZGQ1ZmZmMTdhOTJlM2FmNDUzOTBlYjc4ZWI0ZGUzM2QzZTU,,,https://static.bihr.pro/eBihr/Pictures/NEWFREN-pictures.zip,Spain Warehouse (Parts)
1018389,,NEU3F1663SRG,NEWFREN,NEWFR PLATE FRICTION,Disco de embrague NEWFREN Performance,30.25,25.00,16.25,8025832358039,0,8714105000,0,1,"<p><strong>PERFORMANCE LINE</strong></p>
<p>V&aacute;lidos tambi&eacute;n para el uso deportivo. La gama Performance ha sido pensada para un uso en carretera intensivo, pero tambi&eacute;n para uso deportivo para soportar las altas exigencias y para dar prestaciones de alto nivel. Los materiales de fricci&oacute;n, utilizados en los discos conductores del embrague en ba&ntilde;o de aceite, es el Paper Carbon. Los discos conducidos (separadores) est&aacute;n fabricados en un acero especial que asegura la m&aacute;xima resistencia y ausencias de deformaciones.</p>","
PERFORMANCE LINE

Válidos también para el uso deportivo. La gama Performance ha sido pensada para un uso en carretera intensivo, pero también para uso deportivo para soportar las altas exigencias y para dar prestaciones de alto nivel. Los materiales de fricción, utilizados en los discos conductores del embrague en baño de aceite, es el Paper Carbon. Los discos conducidos (separadores) están fabricados en un acero especial que asegura la máxima resistencia y ausencias de deformaciones.",VEHICLE PARTS & ACCESSORIES,ENGINE PARTS,ENG. CLUTCH,93,34,148,157,4,,,,"por unidad & ",,https://api.mybihr.com/medias/1018389-1-800Wx800H?context=bWFzdGVyfHJvb3R8NTE4NzZ8aW1hZ2UvanBlZ3xhRGc1TDJnNU5DODVNREV5TkRFMk5qUXpNVEF5THpFd01UZ3pPRGt0TVY4NE1EQlhlRGd3TUVnfDdmNDRhODNhODFhNzIyNGIwNjBiZGFlMmE4NzA0MTJmYjE5N2I5ZjlmNjU4NjNjZjM3YTkyZjlmMzEyYzNiNmY,,,https://static.bihr.pro/eBihr/Pictures/NEWFREN-pictures.zip,Spain Warehouse (Parts)
1018391,,NEU3F5203,NEWFREN,NEWFR PLATE STEEL,Separador de embrague NEWFREN Standard,4.03,3.33,2.16,8025832360018,9,8714105000,0,1,"<p><strong>OE-STANDARD LINE</strong></p>
<p>Est&aacute;n dise&ntilde;ados para sustituir al embrague OE, manteniendo las mismas prestaciones y durabilidad. Los juegos de discos de embrague OE-Standard se fabrican con materiales de primera calidad. Son productos extremadamente fiables. El material de fricci&oacute;n de los discos es org&aacute;nico. El compuesto del material org&aacute;nico se elige en funci&oacute;n del tipo y la utilizaci&oacute;n de la motocicleta, optimizando as&iacute; el rendimiento, aunque dentro de las directrices del fabricante.</p>","
OE-STANDARD LINE

Están diseñados para sustituir al embrague OE, manteniendo las mismas prestaciones y durabilidad. Los juegos de discos de embrague OE-Standard se fabrican con materiales de primera calidad. Son productos extremadamente fiables. El material de fricción de los discos es orgánico. El compuesto del material orgánico se elige en función del tipo y la utilización de la motocicleta, optimizando así el rendimiento, aunque dentro de las directrices del fabricante.",VEHICLE PARTS & ACCESSORIES,ENGINE PARTS,ENG. CLUTCH,82,74,144,142,4,Acero,,,"por unidad & ",,https://api.mybihr.com/medias/1018391-1-800Wx800H?context=bWFzdGVyfHJvb3R8Mjc5ODR8aW1hZ2UvanBlZ3xhRFEyTDJnNVlpODVNREV5TkRFMk9ETTVOekV3THpFd01UZ3pPVEV0TVY4NE1EQlhlRGd3TUVnfDBlMzhmNzdiOGQ1Yjg5YzJmOTEyNzZhYjlhNjRiZTkxOGQ5MTg0M2ZkNGU3ZWM0Njk1YWMwMmNmZGY3NGJjMDI,,,https://static.bihr.pro/eBihr/Pictures/NEWFREN-pictures.zip,Spain Warehouse (Parts)
1018392,,NEU3F5286,NEWFREN,NEWFR PLATE STEEL,Separador de embrague NEWFREN Standard,7.93,6.55,4.26,8025832360636,1,8714105000,0,1,"<p><strong>OE-STANDARD LINE</strong></p>
<p>Est&aacute;n dise&ntilde;ados para sustituir al embrague OE, manteniendo las mismas prestaciones y durabilidad. Los juegos de discos de embrague OE-Standard se fabrican con materiales de primera calidad. Son productos extremadamente fiables. El material de fricci&oacute;n de los discos es org&aacute;nico. El compuesto del material org&aacute;nico se elige en funci&oacute;n del tipo y la utilizaci&oacute;n de la motocicleta, optimizando as&iacute; el rendimiento, aunque dentro de las directrices del fabricante.</p>","
OE-STANDARD LINE

Están diseñados para sustituir al embrague OE, manteniendo las mismas prestaciones y durabilidad. Los juegos de discos de embrague OE-Standard se fabrican con materiales de primera calidad. Son productos extremadamente fiables. El material de fricción de los discos es orgánico. El compuesto del material orgánico se elige en función del tipo y la utilización de la motocicleta, optimizando así el rendimiento, aunque dentro de las directrices del fabricante.",VEHICLE PARTS & ACCESSORIES,ENGINE PARTS,ENG. CLUTCH,78,100,138,142,4,Acero,,,"por unidad & ",,https://api.mybihr.com/medias/1018392-1-800Wx800H?context=bWFzdGVyfHJvb3R8MTYzNjR8aW1hZ2UvanBlZ3xhR015TDJobE9TODVNREV5TkRFM01ETTJNekU0THpFd01UZ3pPVEl0TVY4NE1EQlhlRGd3TUVnfDZhN2U0MWQzY2FhYmI2ZmEwNzQyYmIyNjA1NjM1MTFmNDZkNDZiYjdmY2JlZWEwNjQ5MjQ1MzExNjRkYmVkZTE,,,https://static.bihr.pro/eBihr/Pictures/NEWFREN-pictures.zip,Spain Warehouse (Parts)
1018390,,NEU3F5004,NEWFREN,NEWFR PLATE STEEL,Separador de embrague NEWFREN Standard,4.94,4.08,2.65,8025832359371,0,8714105000,0,1,"<p><strong>OE-STANDARD LINE</strong></p>
<p>Est&aacute;n dise&ntilde;ados para sustituir al embrague OE, manteniendo las mismas prestaciones y durabilidad. Los juegos de discos de embrague OE-Standard se fabrican con materiales de primera calidad. Son productos extremadamente fiables. El material de fricci&oacute;n de los discos es org&aacute;nico. El compuesto del material org&aacute;nico se elige en funci&oacute;n del tipo y la utilizaci&oacute;n de la motocicleta, optimizando as&iacute; el rendimiento, aunque dentro de las directrices del fabricante.</p>","
OE-STANDARD LINE

Están diseñados para sustituir al embrague OE, manteniendo las mismas prestaciones y durabilidad. Los juegos de discos de embrague OE-Standard se fabrican con materiales de primera calidad. Son productos extremadamente fiables. El material de fricción de los discos es orgánico. El compuesto del material orgánico se elige en función del tipo y la utilización de la motocicleta, optimizando así el rendimiento, aunque dentro de las directrices del fabricante.",VEHICLE PARTS & ACCESSORIES,ENGINE PARTS,ENG. CLUTCH,73,59,135,135,4,Acero,,,"por unidad & ",,https://api.mybihr.com/medias/800Wx800H-1018390-1.jpeg?context=bWFzdGVyfHJvb3R8MjUxMTR8aW1hZ2UvanBlZ3xhR05rTDJnMU5pOHhNREF6TURJMk56azFOekkxTVRBdk9EQXdWM2c0TURCSVh6RXdNVGd6T1RBdE1TNXFjR1ZufGEzZTEyNzM1Y2I2YWE4ZmI4ZTQyNTEwZmUzYTdjNzczYTM0ZDhjMTdhZTY0ZDRiZWI4OTk1NmE1Njg1MTBkODY,,,https://static.bihr.pro/eBihr/Pictures/NEWFREN-pictures.zip,Spain Warehouse (Parts)
1153302,,F1339Q,NEWFREN,NEWFR PLATE FRICTION,Kit de discos de embrague NEWFREN Pro Race,233.41,192.90,125.39,,0,8714105000,0,1,"<p><strong>PRO RACE LINE</strong></p>
<p>Los embragues Pro Race son lo más alto de la gama. Son el resultado de la investigación en nuevas tecnologías combinadas con nuevos materiales desarrollados en colaboración con importantes equipos de Superbike, Moto3 y MXGP. El material de fricción está compuesto principalmente de celulosa, resinas, carbono y otros elementos que garantizan un coeficiente de fricción extremadamente alto y son menos compresibles. El particular diseño de ""muescas separadas"" mejora el flujo de aceite, permitiendo que las placas funcionen con mayor eficacia. La combinación de este diseño con el nuevo material de fricción aumenta la resistencia a la fatiga y garantiza la máxima estabilidad de funcionamiento, incluso en uso extremo, lo que convierte al embrague Pro Race en un producto de competición de muy alta calidad.</p>
<p>&nbsp;</p>
<p>Cantidad <strong>11</strong></p>
<p>Espesor <strong>2,8</strong></p>
<p>Número de bordes <strong>12</strong></p>
<p>Diámetro externo <strong>132,5</strong></p>
<p>Diámetro interno <strong>111,5</strong></p>","
PRO RACE LINE

Los embragues Pro Race son lo más alto de la gama. Son el resultado de la investigación en nuevas tecnologías combinadas con nuevos materiales desarrollados en colaboración con importantes equipos de Superbike, Moto3 y MXGP. El material de fricción está compuesto principalmente de celulosa, resinas, carbono y otros elementos que garantizan un coeficiente de fricción extremadamente alto y son menos compresibles. El particular diseño de ""muescas separadas"" mejora el flujo de aceite, permitiendo que las placas funcionen con mayor eficacia. La combinación de este diseño con el nuevo material de fricción aumenta la resistencia a la fatiga y garantiza la máxima estabilidad de funcionamiento, incluso en uso extremo, lo que convierte al embrague Pro Race en un producto de competición de muy alta calidad.

 

Cantidad 11

Espesor 2,8

Número de bordes 12

Diámetro externo 132,5

Diámetro interno 111,5",VEHICLE PARTS & ACCESSORIES,ENGINE PARTS,ENG. CLUTCH,1,1,10,10,10,,,,"por unidad & ",,https://api.mybihr.com/medias/800Wx800H-1153302-1.jpg?context=bWFzdGVyfHJvb3R8NDA3ODd8aW1hZ2UvanBlZ3xhREV4TDJneFppOHhNREE0TVRFMU1ESXlOVFl4TlRndk9EQXdWM2c0TURCSVh6RXhOVE16TURJdE1TNXFjR2N8NDYyNGU5YjY1YjY0YzAxMDZhZmE2YmNkMDE1NzkwZmUzMDY0Nzg0YjA3NjJjZDRmYzQ0ODk4ZmY0ZTVlZGE1Mw,,,https://static.bihr.pro/eBihr/Pictures/NEWFREN-pictures.zip,Spain Warehouse (Parts)
1153314,,F2704Q,NEWFREN,NEWFR PLATE FRICTION,Kit de discos de embrague NEWFREN  Pro Race Line,183.07,151.30,98.35,,0,8714105000,0,1,"<strong>LÍNEA PRO RACE</strong>
Los embragues Pro Race son los mejores de la gama. Son el resultado de la investigación en nuevas tecnologías combinadas con nuevos materiales desarrollados en colaboración con importantes equipos de Superbike, Moto3 y MXGP. El material de fricción está compuesto principalmente por celulosa, resinas, carbono y otros elementos que garantizan un coeficiente de fricción extremadamente alto y son menos compresibles. El diseño particular de «muescas separadas» mejora el flujo de aceite, lo que permite que las placas funcionen de manera más eficiente. La combinación de este diseño con el nuevo material de fricción aumenta la resistencia a la fatiga y garantiza la máxima estabilidad del rendimiento, incluso en condiciones de uso extremo, lo que convierte al embrague Pro Race en un producto de competición de muy alta calidad. 
&nbsp;

<h3>Características técnicas</h3>
<h4>Placas de fricción</h4>
<p>Cantidad <strong>10</strong></p>
<p>Espesor <strong>2,8</strong></p>
<p>N.º de bordes <strong>12</strong></p>
<p>Diámetro externo <strong>132,5</strong></p>
<p>Diámetro interno <strong>111,5</strong></p>
","LÍNEA PRO RACE
Los embragues Pro Race son los mejores de la gama. Son el resultado de la investigación en nuevas tecnologías combinadas con nuevos materiales desarrollados en colaboración con importantes equipos de Superbike, Moto3 y MXGP. El material de fricción está compuesto principalmente por celulosa, resinas, carbono y otros elementos que garantizan un coeficiente de fricción extremadamente alto y son menos compresibles. El diseño particular de «muescas separadas» mejora el flujo de aceite, lo que permite que las placas funcionen de manera más eficiente. La combinación de este diseño con el nuevo material de fricción aumenta la resistencia a la fatiga y garantiza la máxima estabilidad del rendimiento, incluso en condiciones de uso extremo, lo que convierte al embrague Pro Race en un producto de competición de muy alta calidad. 
 

Características técnicas
Placas de fricción

Cantidad 10

Espesor 2,8

N.º de bordes 12

Diámetro externo 132,5

Diámetro interno 111,5
",VEHICLE PARTS & ACCESSORIES,ENGINE PARTS,ENG. CLUTCH,1,1,10,10,10,Orgánica,,,"por unidad & ",,https://api.mybihr.com/medias/800Wx800H-1153314-1.jpg?context=bWFzdGVyfHJvb3R8NDA3OTB8aW1hZ2UvanBlZ3xhREkzTDJnd01pOHhNREE1TURVeU5ERXlNVFV3TURZdk9EQXdWM2c0TURCSVh6RXhOVE16TVRRdE1TNXFjR2N8M2U0YTMyNzBhNWUwNmExNDU2OGJjYmYxOWRiM2QwNGIzNzM5ZWNmMmNiOTFkZGVlZTE4ZWNiZTc3NzQxY2U5Yg,,,https://static.bihr.pro/eBihr/Pictures/NEWFREN-pictures.zip,Spain Warehouse (Parts)
1153311,,F1485Q,NEWFREN,NEWFR PLATE FRICTION,Kit de discos de embrague NEWFREN  Pro Race Line,135.28,111.80,72.67,,0,8714105000,0,1,"<strong>LÍNEA PRO RACE</strong>
Los embragues Pro Race son los mejores de la gama. Son el resultado de la investigación en nuevas tecnologías combinadas con nuevos materiales desarrollados en colaboración con importantes equipos de Superbike, Moto3 y MXGP. El material de fricción está compuesto principalmente por celulosa, resinas, carbono y otros elementos que garantizan un coeficiente de fricción extremadamente alto y son menos compresibles. El diseño particular de «muescas separadas» mejora el flujo de aceite, lo que permite que las placas funcionen de manera más eficiente. La combinación de este diseño con el nuevo material de fricción aumenta la resistencia a la fatiga y garantiza la máxima estabilidad de rendimiento, incluso en condiciones de uso extremo, lo que convierte al embrague Pro Race en un producto de competición de muy alta calidad. 
&nbsp;

<h4>Placas de fricción</h4>
<p>Cantidad <strong>8</strong></p>
<p>Espesor <strong>2</strong></p>
<p>N.º de bordes <strong>12</strong></p>
<p>Diámetro externo <strong>134</strong></p>
<p>Diámetro interno <strong>112</strong></p>
","LÍNEA PRO RACE
Los embragues Pro Race son los mejores de la gama. Son el resultado de la investigación en nuevas tecnologías combinadas con nuevos materiales desarrollados en colaboración con importantes equipos de Superbike, Moto3 y MXGP. El material de fricción está compuesto principalmente por celulosa, resinas, carbono y otros elementos que garantizan un coeficiente de fricción extremadamente alto y son menos compresibles. El diseño particular de «muescas separadas» mejora el flujo de aceite, lo que permite que las placas funcionen de manera más eficiente. La combinación de este diseño con el nuevo material de fricción aumenta la resistencia a la fatiga y garantiza la máxima estabilidad de rendimiento, incluso en condiciones de uso extremo, lo que convierte al embrague Pro Race en un producto de competición de muy alta calidad. 
 

Placas de fricción

Cantidad 8

Espesor 2

N.º de bordes 12

Diámetro externo 134

Diámetro interno 112
",VEHICLE PARTS & ACCESSORIES,ENGINE PARTS,ENG. CLUTCH,1022,431,165,163,38,Orgánica,,,"por unidad & ",,https://api.mybihr.com/medias/800Wx800H-1153311-1.jpg?context=bWFzdGVyfHJvb3R8NDA3OTB8aW1hZ2UvanBlZ3xhREV4TDJnMU15OHhNREE1TURVeU5EQTRNakUzT1RBdk9EQXdWM2c0TURCSVh6RXhOVE16TVRFdE1TNXFjR2N8MzhjNDk3OTI3MTZhMDdhYzU2YWFlYzI2ZjcxMTBkNDQwYmVjYzY3NDg2ZGUxMGQ0NjM3NzIyYTk1MjgyN2IwMQ,,,https://static.bihr.pro/eBihr/Pictures/NEWFREN-pictures.zip,Spain Warehouse (Parts)
1153312,,F1513Q,NEWFREN,NEWFR PLATE FRICTION,Kit de discos de embrague NEWFREN  Pro Race Line,147.02,121.50,78.98,,0,8714105000,0,1,"<p><strong>PRO RACE LINE</strong></p>
<p>Los embragues Pro Race son lo más alto de la gama. Son el resultado de la investigación en nuevas tecnologías combinadas con nuevos materiales desarrollados en colaboración con importantes equipos de Superbike, Moto3 y MXGP. El material de fricción está compuesto principalmente de celulosa, resinas, carbono y otros elementos que garantizan un coeficiente de fricción extremadamente alto y son menos compresibles. El particular diseño de ""muescas separadas"" mejora el flujo de aceite, permitiendo que las placas funcionen con mayor eficacia. La combinación de este diseño con el nuevo material de fricción aumenta la resistencia a la fatiga y garantiza la máxima estabilidad de funcionamiento, incluso en uso extremo, lo que convierte al embrague Pro Race en un producto de competición de muy alta calidad.</p>","
PRO RACE LINE

Los embragues Pro Race son lo más alto de la gama. Son el resultado de la investigación en nuevas tecnologías combinadas con nuevos materiales desarrollados en colaboración con importantes equipos de Superbike, Moto3 y MXGP. El material de fricción está compuesto principalmente de celulosa, resinas, carbono y otros elementos que garantizan un coeficiente de fricción extremadamente alto y son menos compresibles. El particular diseño de ""muescas separadas"" mejora el flujo de aceite, permitiendo que las placas funcionen con mayor eficacia. La combinación de este diseño con el nuevo material de fricción aumenta la resistencia a la fatiga y garantiza la máxima estabilidad de funcionamiento, incluso en uso extremo, lo que convierte al embrague Pro Race en un producto de competición de muy alta calidad.",VEHICLE PARTS & ACCESSORIES,ENGINE PARTS,ENG. CLUTCH,1,1,10,10,10,Orgánica,,,por unidad,,https://api.mybihr.com/medias/800Wx800H-1153312-1.jpg?context=bWFzdGVyfHJvb3R8NDA3ODd8aW1hZ2UvanBlZ3xhREEyTDJnNVpDOHhNREE0TVRFMU1ETTRNamt3TWpJdk9EQXdWM2c0TURCSVh6RXhOVE16TVRJdE1TNXFjR2N8NDUwYzUwZTExODA4NmZmZDE3MGQxYjY1M2UyMjc4ZDE3OTU3ODgzOTRmNDMwZTA2NzY5YjI2MWEwZjQ3MjZhYQ,,,https://static.bihr.pro/eBihr/Pictures/NEWFREN-pictures.zip,Spain Warehouse (Parts)
1153331,,F1347Q,NEWFREN,NEWFR PLATE FRICTION,Kit de discos de embrague NEWFREN  Pro Race Line,116.04,95.90,62.34,,0,8714105000,0,1,"<p><strong>PRO RACE LINE</strong></p>
<p>Los embragues Pro Race son lo más alto de la gama. Son el resultado de la investigación en nuevas tecnologías combinadas con nuevos materiales desarrollados en colaboración con importantes equipos de Superbike, Moto3 y MXGP. El material de fricción está compuesto principalmente de celulosa, resinas, carbono y otros elementos que garantizan un coeficiente de fricción extremadamente alto y son menos compresibles. El particular diseño de ""muescas separadas"" mejora el flujo de aceite, permitiendo que las placas funcionen con mayor eficacia. La combinación de este diseño con el nuevo material de fricción aumenta la resistencia a la fatiga y garantiza la máxima estabilidad de funcionamiento, incluso en uso extremo, lo que convierte al embrague Pro Race en un producto de competición de muy alta calidad.</p>","
PRO RACE LINE

Los embragues Pro Race son lo más alto de la gama. Son el resultado de la investigación en nuevas tecnologías combinadas con nuevos materiales desarrollados en colaboración con importantes equipos de Superbike, Moto3 y MXGP. El material de fricción está compuesto principalmente de celulosa, resinas, carbono y otros elementos que garantizan un coeficiente de fricción extremadamente alto y son menos compresibles. El particular diseño de ""muescas separadas"" mejora el flujo de aceite, permitiendo que las placas funcionen con mayor eficacia. La combinación de este diseño con el nuevo material de fricción aumenta la resistencia a la fatiga y garantiza la máxima estabilidad de funcionamiento, incluso en uso extremo, lo que convierte al embrague Pro Race en un producto de competición de muy alta calidad.",VEHICLE PARTS & ACCESSORIES,ENGINE PARTS,ENG. CLUTCH,425,266,139,133,23,Orgánica,,,por unidad,,https://api.mybihr.com/medias/800Wx800H-1153331-1.jpg?context=bWFzdGVyfHJvb3R8NDA3OTB8aW1hZ2UvanBlZ3xhREF4TDJnMk5TOHhNREE1TURVeU5ESXdNREUwTXpndk9EQXdWM2c0TURCSVh6RXhOVE16TXpFdE1TNXFjR2N8N2RmNTg0NzgzNWZmNjYzMDBiZjVlMjVhOTAwMDA3MWZhMWY1YTI4Yjk4YjQ4YjMzMjg2NWU2MDY1ODNhODYyYQ,,,https://static.bihr.pro/eBihr/Pictures/NEWFREN-pictures.zip,Spain Warehouse (Parts)
1153321,,F2891Q,NEWFREN,NEWFR PLATE FRICTION,Kit de discos de embrague NEWFREN  Pro Race Line,187.67,155.10,100.82,8025832383376,0,8714105000,0,1,"<p><strong>PRO RACE LINE</strong></p>
<p>Los embragues Pro Race son lo más alto de la gama. Son el resultado de la investigación en nuevas tecnologías combinadas con nuevos materiales desarrollados en colaboración con importantes equipos de Superbike, Moto3 y MXGP. El material de fricción está compuesto principalmente de celulosa, resinas, carbono y otros elementos que garantizan un coeficiente de fricción extremadamente alto y son menos compresibles. El particular diseño de ""muescas separadas"" mejora el flujo de aceite, permitiendo que las placas funcionen con mayor eficacia. La combinación de este diseño con el nuevo material de fricción aumenta la resistencia a la fatiga y garantiza la máxima estabilidad de funcionamiento, incluso en uso extremo, lo que convierte al embrague Pro Race en un producto de competición de muy alta calidad.</p>","
PRO RACE LINE

Los embragues Pro Race son lo más alto de la gama. Son el resultado de la investigación en nuevas tecnologías combinadas con nuevos materiales desarrollados en colaboración con importantes equipos de Superbike, Moto3 y MXGP. El material de fricción está compuesto principalmente de celulosa, resinas, carbono y otros elementos que garantizan un coeficiente de fricción extremadamente alto y son menos compresibles. El particular diseño de ""muescas separadas"" mejora el flujo de aceite, permitiendo que las placas funcionen con mayor eficacia. La combinación de este diseño con el nuevo material de fricción aumenta la resistencia a la fatiga y garantiza la máxima estabilidad de funcionamiento, incluso en uso extremo, lo que convierte al embrague Pro Race en un producto de competición de muy alta calidad.",VEHICLE PARTS & ACCESSORIES,ENGINE PARTS,ENG. CLUTCH,1035,282,165,165,38,Orgánica,,,por unidad,,https://api.mybihr.com/medias/800Wx800H-1153321-1.jpg?context=bWFzdGVyfHJvb3R8NDA3OTB8aW1hZ2UvanBlZ3xhR0kxTDJnd1ppOHhNREE1TURVeU5ERTJNRGd5TWpJdk9EQXdWM2c0TURCSVh6RXhOVE16TWpFdE1TNXFjR2N8YzExYzY1Y2EyYTcwMzdlMjEwMmNjODAxNjkxNDA1MGFhYjliNTBmZGM4Yjc4YTA1NWQ5OTQ0NzBkNWMwNDFjOA,,,https://static.bihr.pro/eBihr/Pictures/NEWFREN-pictures.zip,Spain Warehouse (Parts)
1153337,,F1363Q,NEWFREN,NEWFR PLATE FRICTION,Kit de discos de embrague NEWFREN  Pro Race Line,129.47,107.00,69.55,,0,8714105000,0,1,"<strong>LÍNEA PRO RACE</strong>
Los embragues Pro Race son los mejores de la gama. Son el resultado de la investigación en nuevas tecnologías combinadas con nuevos materiales desarrollados en colaboración con importantes equipos de Superbike, Moto3 y MXGP. El material de fricción está compuesto principalmente por celulosa, resinas, carbono y otros elementos que garantizan un coeficiente de fricción extremadamente alto y son menos compresibles. El diseño particular de «muescas separadas» mejora el flujo de aceite, lo que permite que las placas funcionen de manera más eficiente. La combinación de este diseño con el nuevo material de fricción aumenta la resistencia a la fatiga y garantiza la máxima estabilidad del rendimiento, incluso en condiciones de uso extremo, lo que convierte al embrague Pro Race en un producto de competición de muy alta calidad. 
&nbsp;

<h3>Características técnicas</h3>
<h4>Placas de fricción</h4>
<p>Cantidad <strong>8</strong></p>
<p>Espesor <strong>2,8</strong></p>
<p>Número de bordes <strong>12</strong></p>
<p>Diámetro externo <strong>132,5</strong></p>
<p>Diámetro interno <strong>111,5</strong></p>
<h4>Placas de fricción</h4>
<p>Cantidad <strong>7</strong></p>
<p>Espesor <strong>1,4</strong></p>
<p>N.º de dientes <strong>12</strong></p>
<p>Diámetro externo <strong>134,4</strong></p>
<p>Diámetro interno de los dientes inferiores (mm) <strong>109,8</strong></p>
<p>Diámetro interno de los dientes superiores (mm) <strong>109</strong></p>
","LÍNEA PRO RACE
Los embragues Pro Race son los mejores de la gama. Son el resultado de la investigación en nuevas tecnologías combinadas con nuevos materiales desarrollados en colaboración con importantes equipos de Superbike, Moto3 y MXGP. El material de fricción está compuesto principalmente por celulosa, resinas, carbono y otros elementos que garantizan un coeficiente de fricción extremadamente alto y son menos compresibles. El diseño particular de «muescas separadas» mejora el flujo de aceite, lo que permite que las placas funcionen de manera más eficiente. La combinación de este diseño con el nuevo material de fricción aumenta la resistencia a la fatiga y garantiza la máxima estabilidad del rendimiento, incluso en condiciones de uso extremo, lo que convierte al embrague Pro Race en un producto de competición de muy alta calidad. 
 

Características técnicas
Placas de fricción

Cantidad 8

Espesor 2,8

Número de bordes 12

Diámetro externo 132,5

Diámetro interno 111,5
Placas de fricción

Cantidad 7

Espesor 1,4

N.º de dientes 12

Diámetro externo 134,4

Diámetro interno de los dientes inferiores (mm) 109,8

Diámetro interno de los dientes superiores (mm) 109
",VEHICLE PARTS & ACCESSORIES,ENGINE PARTS,ENG. CLUTCH,1076,237,165,163,40,Orgánica,,,"por unidad & ",,https://api.mybihr.com/medias/800Wx800H-1153337-1.jpg?context=bWFzdGVyfHJvb3R8NDA3OTB8aW1hZ2UvanBlZ3xhR05qTDJnM1pDOHhNREE1TURVeU5ESTNPRGM0TnpBdk9EQXdWM2c0TURCSVh6RXhOVE16TXpjdE1TNXFjR2N8ZWI4ZjZlZmFmOTE5MDAyZDI4MTczZmI1M2NhODdiNGYzNDZkYzg3Zjc1MzhhMDY3MjAxYzk1ZDgxZWZjNzllZg,,,https://static.bihr.pro/eBihr/Pictures/NEWFREN-pictures.zip,Spain Warehouse (Parts)
1153307,,F1468Q,NEWFREN,NEWFR PLATE FRICTION,Kit de discos de embrague NEWFREN  Pro Race Line,191.54,158.30,102.90,,0,8714105000,0,1,"<strong>LÍNEA PRO RACE</strong>
Los embragues Pro Race son los mejores de la gama. Son el resultado de la investigación en nuevas tecnologías combinadas con nuevos materiales desarrollados en colaboración con importantes equipos de Superbike, Moto3 y MXGP. El material de fricción está compuesto principalmente por celulosa, resinas, carbono y otros elementos que garantizan un coeficiente de fricción extremadamente alto y son menos compresibles. El diseño particular de «muescas separadas» mejora el flujo de aceite, lo que permite que las placas funcionen de manera más eficiente. La combinación de este diseño con el nuevo material de fricción aumenta la resistencia a la fatiga y garantiza la máxima estabilidad de rendimiento, incluso en condiciones de uso extremo, lo que convierte al embrague Pro Race en un producto de competición de muy alta calidad. 
&nbsp;

<h3>Características técnicas</h3>
<h4>Placas de fricción</h4>
<p>Cantidad <strong>9</strong></p>
<p>Espesor <strong>2,8</strong></p>
<p>N.º de bordes <strong>12</strong></p>
<p>Diámetro externo <strong>132,5</strong></p>
<p>Diámetro interno <strong>111,5</strong></p>
<p>&nbsp;</p>
<h4>Placa de fricción</h4>
<p>Cantidad <strong>1</strong></p>
<p>Espesor <strong>2,8</strong></p>
<p>N.º de bordes <strong>12</strong></p>
<p>Diámetro externo <strong>132</strong></p>
<p>Diámetro interno <strong>118,4</strong></p>
<p>&nbsp;</p>
","LÍNEA PRO RACE
Los embragues Pro Race son los mejores de la gama. Son el resultado de la investigación en nuevas tecnologías combinadas con nuevos materiales desarrollados en colaboración con importantes equipos de Superbike, Moto3 y MXGP. El material de fricción está compuesto principalmente por celulosa, resinas, carbono y otros elementos que garantizan un coeficiente de fricción extremadamente alto y son menos compresibles. El diseño particular de «muescas separadas» mejora el flujo de aceite, lo que permite que las placas funcionen de manera más eficiente. La combinación de este diseño con el nuevo material de fricción aumenta la resistencia a la fatiga y garantiza la máxima estabilidad de rendimiento, incluso en condiciones de uso extremo, lo que convierte al embrague Pro Race en un producto de competición de muy alta calidad. 
 

Características técnicas
Placas de fricción

Cantidad 9

Espesor 2,8

N.º de bordes 12

Diámetro externo 132,5

Diámetro interno 111,5

 
Placa de fricción

Cantidad 1

Espesor 2,8

N.º de bordes 12

Diámetro externo 132

Diámetro interno 118,4

 
",VEHICLE PARTS & ACCESSORIES,ENGINE PARTS,ENG. CLUTCH,1,1,10,10,10,Orgánica,,,"por unidad & ",,https://api.mybihr.com/medias/800Wx800H-1153307-1.jpg?context=bWFzdGVyfHJvb3R8NDA3OTB8aW1hZ2UvanBlZ3xhR0l5TDJnMk1DOHhNREE1TURVeU5EQTBNamcxTnpRdk9EQXdWM2c0TURCSVh6RXhOVE16TURjdE1TNXFjR2N8ODY4MDM4MDNjNzJhYjVkMTY0YTNmMmZkZmYyYWZhN2RiN2M5OTdiYTE4MzBiNzYzOGE3YjIyNmY5MDQ0ZDg0Yw,,,https://static.bihr.pro/eBihr/Pictures/NEWFREN-pictures.zip,Spain Warehouse (Parts)
1152830,,F1362R,NEWFREN,NEWFR PLATE FRICTION,Kit de discos de embrague NEWFREN Performance,119.55,98.80,64.22,8025832431466,1,8714109090,0,1,"<p><strong>LÍNEA PERFORMANCE</strong></p>
<p>Los embragues Performance también son adecuados para uso deportivo. La gama está diseñada para un uso no competitivo de alto rendimiento, pero también para un uso deportivo no extremo, y por lo tanto está diseñada para soportar altas tensiones, garantizando un buen rendimiento. El material de fricción utilizado para los discos de embrague de los embragues húmedos es papel de carbono. Los discos accionados están fabricados en acero especial para garantizar la máxima resistencia y la mínima deformabilidad. 
<h3>Características técnicas</h3>
<h4>Discos de fricción</h4>
<p>Cantidad <strong>7</strong></p>
<p>Espesor <strong>3</strong></p>
<p>N.º de bordes <strong>12</strong></p>
<p>Diámetro externo <strong>125</strong></p>
<p>Diámetro interno <strong>101,5</strong></p>
<p>&nbsp;</p>","
LÍNEA PERFORMANCE

Los embragues Performance también son adecuados para uso deportivo. La gama está diseñada para un uso no competitivo de alto rendimiento, pero también para un uso deportivo no extremo, y por lo tanto está diseñada para soportar altas tensiones, garantizando un buen rendimiento. El material de fricción utilizado para los discos de embrague de los embragues húmedos es papel de carbono. Los discos accionados están fabricados en acero especial para garantizar la máxima resistencia y la mínima deformabilidad. 
Características técnicas
Discos de fricción

Cantidad 7

Espesor 3

N.º de bordes 12

Diámetro externo 125

Diámetro interno 101,5

 ",VEHICLE PARTS & ACCESSORIES,ENGINE PARTS,ENG. CLUTCH,1028,245,167,162,38,Orgánica,,,"por unidad & ",,https://api.mybihr.com/medias/800Wx800H-1152830-1.jpg?context=bWFzdGVyfHJvb3R8NDA3OTB8aW1hZ2UvanBlZ3xhR1JoTDJobE9DOHhNREE1TXpVMk5qazBPREUxTURJdk9EQXdWM2c0TURCSVh6RXhOVEk0TXpBdE1TNXFjR2N8NzRjM2MxMTNkNjkwOWZiOGJlNmFiODRkNjkyY2RmMTlkZTJlMDA2Y2RkYWJmMTFiMjlhZTZjYTE3OTE2NGQ2Ng,,,https://static.bihr.pro/eBihr/Pictures/NEWFREN-pictures.zip,Spain Warehouse (Parts)
1152829,,F1362AC,NEWFREN,NEWFR COMPLETE CLUTCH KIT,Kit de discos + separadores de embrague NEWFREN Standard,123.42,102.00,66.30,8025832431459,2,8714109090,0,1,"<strong>LÍNEA ESTÁNDAR OE</strong>
Desarrollado como recambio para los embragues originales, con el objetivo de garantizar el mismo rendimiento, dosificación y durabilidad que los embragues OE. Los discos de embrague están fabricados con materiales de alta calidad y son un producto extremadamente fiable. La composición de los discos de fricción es de material orgánico y se adapta específicamente a cada ámbito de aplicación. Este procedimiento permite optimizar el rendimiento de cada producto.
<h3>Características técnicas</h3>
<h4>Discos de fricción</h4>
<p>Cantidad <strong>7</strong></p>
<p>Espesor <strong>3</strong></p>
<p>Número de bordes <strong>12</strong></p>
<p>Diámetro externo <strong>125</strong></p>
<p>Diámetro interno <strong>101,5</strong></p>
<p>&nbsp;</p>
<h4>Placas de acero</h4>
<p>Cantidad <strong>6</strong></p>
<p>Espesor <strong>1,6</strong></p>
<p>N.º de dientes <strong>24</strong></p>
<p>Diámetro externo <strong>124,5</strong></p>
<p>Diámetro interno de los dientes inferiores (mm) <strong>97</strong></p>
<p>Diámetro interno de los dientes superiores (mm) <strong>90</strong></p>
","LÍNEA ESTÁNDAR OE
Desarrollado como recambio para los embragues originales, con el objetivo de garantizar el mismo rendimiento, dosificación y durabilidad que los embragues OE. Los discos de embrague están fabricados con materiales de alta calidad y son un producto extremadamente fiable. La composición de los discos de fricción es de material orgánico y se adapta específicamente a cada ámbito de aplicación. Este procedimiento permite optimizar el rendimiento de cada producto.
Características técnicas
Discos de fricción

Cantidad 7

Espesor 3

Número de bordes 12

Diámetro externo 125

Diámetro interno 101,5

 
Placas de acero

Cantidad 6

Espesor 1,6

N.º de dientes 24

Diámetro externo 124,5

Diámetro interno de los dientes inferiores (mm) 97

Diámetro interno de los dientes superiores (mm) 90
",VEHICLE PARTS & ACCESSORIES,ENGINE PARTS,ENG. CLUTCH,810,625,146,146,38,Orgánica,,,"por unidad & ",,https://api.mybihr.com/medias/800Wx800H-1152829-1.jpg?context=bWFzdGVyfHJvb3R8NjU1Mzd8aW1hZ2UvanBlZ3xhRFJpTDJoaU5DOHhNREE1TXpVMk5qZzJPVFV3TnpBdk9EQXdWM2c0TURCSVh6RXhOVEk0TWprdE1TNXFjR2N8NGRkNThjNjI4OTI3NDNlYjMxNzg5Y2QzZjcwNzRlZWMyMjhjMTlhOWIxNGEyYWM0MTA2MmZmODU4ZWEzMmU4MQ,,,https://static.bihr.pro/eBihr/Pictures/NEWFREN-pictures.zip,Spain Warehouse (Parts)
1152831,,F1363AC,NEWFREN,NEWFR COMPLETE CLUTCH KIT PERFORMANCE,Kit de discos + separadores de embrague NEWFREN Standard,148.83,123.00,79.95,8025832433903,0,8714109090,0,1,"<h3>Características técnicas</h3>
<p>&nbsp;</p>
<h4>Placas de fricción</h4>
<p>Cantidad <strong>8</strong></p>
<p>Espesor <strong>2,8</strong></p>
<p>Número de bordes <strong>12</strong></p>
<p>Diámetro externo <strong>132,5</strong></p>
<p>Diámetro interno <strong>111,5</strong></p>
<p>&nbsp;</p>
<h4>Placas de acero</h4>
<p>Cantidad <strong>7</strong></p>
<p>Espesor <strong>1,4</strong></p>
<p>N.º de dientes <strong>12</strong></p>
<p>Diámetro externo <strong>134,4</strong></p>
<p>Diámetro interno de los dientes inferiores (mm) <strong>109,8</strong></p>
<p>Diámetro interno de los dientes superiores (mm) <strong>109</strong></p>
","Características técnicas

 
Placas de fricción

Cantidad 8

Espesor 2,8

Número de bordes 12

Diámetro externo 132,5

Diámetro interno 111,5

 
Placas de acero

Cantidad 7

Espesor 1,4

N.º de dientes 12

Diámetro externo 134,4

Diámetro interno de los dientes inferiores (mm) 109,8

Diámetro interno de los dientes superiores (mm) 109
",VEHICLE PARTS & ACCESSORIES,ENGINE PARTS,ENG. CLUTCH,3094,711,189,186,88,Orgánica,,,"por unidad & ",,https://api.mybihr.com/medias/800Wx800H-1152831-1.jpg?context=bWFzdGVyfHJvb3R8NjU1NDR8aW1hZ2UvanBlZ3xhR0V6TDJnd1lpOHhNREE1TXpVMk56azROamc1TlRndk9EQXdWM2c0TURCSVh6RXhOVEk0TXpFdE1TNXFjR2N8N2I3MGI4Y2M1NGMyNjE0MjkyM2FkNmQ5YzdiMjcwOTc5OGNiN2Q3NDQ2NThhY2M2NTkwNDIzMjJiZmFiYTNkNw,,,https://static.bihr.pro/eBihr/Pictures/NEWFREN-pictures.zip,Spain Warehouse (Parts)
1152834,,F1364AC,NEWFREN,NEWFR COMPLETE CLUTCH KIT,Kit de discos + separadores de embrague NEWFREN Standard,148.83,123.00,79.95,8025832433941,4,8714109090,0,1,"<strong>LÍNEA ESTÁNDAR OE</strong>
Desarrollado como recambio para los embragues originales, con el objetivo de garantizar el mismo rendimiento, dosificación y durabilidad que los embragues OE. Los discos de embrague están fabricados con materiales de alta calidad y son un producto extremadamente fiable. La composición de los discos de fricción es de material orgánico y se adapta específicamente a cada ámbito de aplicación. Este procedimiento permite optimizar el rendimiento de cada producto.","LÍNEA ESTÁNDAR OE
Desarrollado como recambio para los embragues originales, con el objetivo de garantizar el mismo rendimiento, dosificación y durabilidad que los embragues OE. Los discos de embrague están fabricados con materiales de alta calidad y son un producto extremadamente fiable. La composición de los discos de fricción es de material orgánico y se adapta específicamente a cada ámbito de aplicación. Este procedimiento permite optimizar el rendimiento de cada producto.",VEHICLE PARTS & ACCESSORIES,ENGINE PARTS,ENG. CLUTCH,1758,740,169,160,65,Orgánica,,,por unidad,,https://api.mybihr.com/medias/800Wx800H-1152834-1.jpg?context=bWFzdGVyfHJvb3R8NjU1Mzd8aW1hZ2UvanBlZ3xhRGRpTDJobU5pOHhNREE1TXpVMk5qa3dPRGd5T0RZdk9EQXdWM2c0TURCSVh6RXhOVEk0TXpRdE1TNXFjR2N8NWI5ODc1MzQ0NzkzNjhmZjM2MDU5ZGJiYzYzODkwNjk3M2Q4ZTY4NDNhYTFmMGM5MjkxZDJiNzMyM2YzYjVjYw,,,https://static.bihr.pro/eBihr/Pictures/NEWFREN-pictures.zip,Spain Warehouse (Parts)
1153326,,F2639Q,NEWFREN,NEWFR PLATE FRICTION PERFORMANCE,Kit de discos de embrague NEWFREN  Pro Race Line,164.32,135.80,88.27,,0,8714105000,0,1,"<p><strong>SERIE PRO RACE Discos de acero + discos de fricción</strong></p>
Los embragues Pro Race son el modelo estrella de Newfren y combinan nuevas tecnologías y nuevos materiales. Han sido desarrollados en colaboración con equipos de renombre y éxito de los campeonatos mundiales de Superbike, Moto 3 y MXGP. Se trata de una gama especial de productos en la que se utiliza un material de fricción compuesto principalmente por celulosa, resinas, carbono y algunos otros componentes, lo que garantiza un coeficiente de fricción muy alto y lo hace menos compresible. Su diseño especial mejora el flujo de aceite y permite un funcionamiento más eficiente y, por lo tanto, más eficaz de los discos. La combinación de este nuevo material con el diseño especial aumenta la estabilidad de los revestimientos y garantiza la máxima estabilidad de rendimiento incluso en las condiciones de funcionamiento más duras. Los embragues Pro Race son un producto de competición de alta calidad.
Contenido:

<h3>Datos técnicos</h3>
<h4>Discos de fricción</h4>
<p>Número <strong>1</strong></p>
<p>Espesor <strong>3,8</strong></p>
<p>Número de bordes <strong>12</strong></p>
<p>Diámetro exterior <strong>139,5</strong></p>
<p>Diámetro interior <strong>119,5</strong></p>
<h4>Discos de fricción</h4>
<p>Número <strong>8</strong></p>
<p>Espesor <strong>3,3</strong></p>
<p>Número de bordes <strong>12</strong></p>
<p>Diámetro exterior <strong>138,5</strong></p>
<p>Diámetro interior <strong>112,5</strong></p>

","
SERIE PRO RACE Discos de acero + discos de fricción
Los embragues Pro Race son el modelo estrella de Newfren y combinan nuevas tecnologías y nuevos materiales. Han sido desarrollados en colaboración con equipos de renombre y éxito de los campeonatos mundiales de Superbike, Moto 3 y MXGP. Se trata de una gama especial de productos en la que se utiliza un material de fricción compuesto principalmente por celulosa, resinas, carbono y algunos otros componentes, lo que garantiza un coeficiente de fricción muy alto y lo hace menos compresible. Su diseño especial mejora el flujo de aceite y permite un funcionamiento más eficiente y, por lo tanto, más eficaz de los discos. La combinación de este nuevo material con el diseño especial aumenta la estabilidad de los revestimientos y garantiza la máxima estabilidad de rendimiento incluso en las condiciones de funcionamiento más duras. Los embragues Pro Race son un producto de competición de alta calidad.
Contenido:

Datos técnicos
Discos de fricción

Número 1

Espesor 3,8

Número de bordes 12

Diámetro exterior 139,5

Diámetro interior 119,5
Discos de fricción

Número 8

Espesor 3,3

Número de bordes 12

Diámetro exterior 138,5

Diámetro interior 112,5

",VEHICLE PARTS & ACCESSORIES,ENGINE PARTS,ENG. CLUTCH,1,1,10,10,10,Orgánica,,,"por unidad & ",,https://api.mybihr.com/medias/800Wx800H-1153326-1.jpg?context=bWFzdGVyfHJvb3R8NDA3OTh8aW1hZ2UvanBlZ3xhREJpTDJoak9TOHhNREE1TlRVeE5EYzNOak0zTkRJdk9EQXdWM2c0TURCSVh6RXhOVE16TWpZdE1TNXFjR2N8YjRjZWFkY2RlZDVkNDRhY2MwNGFhYTVhNzk3OTAwM2QxMGM1ODViZWI2ZjE5YzUxNTM0ZmEyNWZhZjQxYjM1NA,,,https://static.bihr.pro/eBihr/Pictures/NEWFREN-pictures.zip,Spain Warehouse (Parts)
1153329,,F2874Q,NEWFREN,NEWFR PLATE FRICTION PERFORMANCE,Kit de discos de embrague NEWFREN  Pro Race Line,152.82,126.30,82.10,8025832321743,1,8714105000,0,1,"<p><strong>SERIE PRO RACE Discos de acero + discos de fricción</strong></p>
Los embragues Pro Race son el modelo estrella de Newfren y combinan nuevas tecnologías y nuevos materiales. Han sido desarrollados en colaboración con equipos de renombre y éxito de los campeonatos mundiales de Superbike, Moto 3 y MXGP. Se trata de una gama especial de productos en la que se utiliza un material de fricción compuesto principalmente por celulosa, resinas, carbono y algunos otros componentes, lo que garantiza un coeficiente de fricción muy alto y lo hace menos compresible. Su diseño especial mejora el flujo de aceite y permite un funcionamiento más eficiente y, por lo tanto, más eficaz de los discos. La combinación de este nuevo material con el diseño especial aumenta la estabilidad de los revestimientos y garantiza la máxima estabilidad de rendimiento incluso en las condiciones de funcionamiento más duras. Los embragues Pro Race son un producto de competición de alta calidad.
Contenido:


<h3>Especificaciones técnicas</h3>

<h4>Discos de fricción</h4>

<p>Número <strong>9</strong></p>

<p>Espesor <strong>3</strong></p>

<p>Número de bordes <strong>12</strong></p>

<p>Diámetro exterior <strong>134</strong></p>

<p>Diámetro interior <strong>112,5</strong></p>

<h4>&nbsp;</h4>

<h3>&nbsp;</h3>

","
SERIE PRO RACE Discos de acero + discos de fricción
Los embragues Pro Race son el modelo estrella de Newfren y combinan nuevas tecnologías y nuevos materiales. Han sido desarrollados en colaboración con equipos de renombre y éxito de los campeonatos mundiales de Superbike, Moto 3 y MXGP. Se trata de una gama especial de productos en la que se utiliza un material de fricción compuesto principalmente por celulosa, resinas, carbono y algunos otros componentes, lo que garantiza un coeficiente de fricción muy alto y lo hace menos compresible. Su diseño especial mejora el flujo de aceite y permite un funcionamiento más eficiente y, por lo tanto, más eficaz de los discos. La combinación de este nuevo material con el diseño especial aumenta la estabilidad de los revestimientos y garantiza la máxima estabilidad de rendimiento incluso en las condiciones de funcionamiento más duras. Los embragues Pro Race son un producto de competición de alta calidad.
Contenido:


Especificaciones técnicas

Discos de fricción


Número 9


Espesor 3


Número de bordes 12


Diámetro exterior 134


Diámetro interior 112,5

 

 

",VEHICLE PARTS & ACCESSORIES,ENGINE PARTS,ENG. CLUTCH,1022,283,164,164,38,Orgánica,,,"por unidad & ",,https://api.mybihr.com/medias/800Wx800H-1153329-1.jpg?context=bWFzdGVyfHJvb3R8NDA3OTh8aW1hZ2UvanBlZ3xhR1F5TDJnM015OHhNREE1TlRVeE5EZ3hOVFk1TlRndk9EQXdWM2c0TURCSVh6RXhOVE16TWprdE1TNXFjR2N8Y2Q5MDYzY2YyZmRjODEwODJjNmQ4NWM5ZGY1YTM2ZTE2MmZkNjhjODU5MWU5NjIxNzNhYmVmMDMyNjcxMTVlYw,,,https://static.bihr.pro/eBihr/Pictures/NEWFREN-pictures.zip,Spain Warehouse (Parts)
1152535,,F1470A,NEWFREN,NEWFR PLATE FRICTION,Kit de discos de embrague NEWFREN Standard,91.23,75.40,49.01,8025832337713,2,8714105000,0,1,"<p><strong>OE-STANDARD LINE</strong></p>
<p>Est&aacute;n dise&ntilde;ados para sustituir al embrague OE, manteniendo las mismas prestaciones y durabilidad. Los juegos de discos de embrague OE-Standard se fabrican con materiales de primera calidad. Son productos extremadamente fiables. El material de fricci&oacute;n de los discos es org&aacute;nico. El compuesto del material org&aacute;nico se elige en funci&oacute;n del tipo y la utilizaci&oacute;n de la motocicleta, optimizando as&iacute; el rendimiento, aunque dentro de las directrices del fabricante.</p>","
OE-STANDARD LINE

Están diseñados para sustituir al embrague OE, manteniendo las mismas prestaciones y durabilidad. Los juegos de discos de embrague OE-Standard se fabrican con materiales de primera calidad. Son productos extremadamente fiables. El material de fricción de los discos es orgánico. El compuesto del material orgánico se elige en función del tipo y la utilización de la motocicleta, optimizando así el rendimiento, aunque dentro de las directrices del fabricante.",VEHICLE PARTS & ACCESSORIES,ENGINE PARTS,ENG. CLUTCH,761,330,149,146,35,,,,,,https://api.mybihr.com/medias/800Wx800H-1152535-1.jpg?context=bWFzdGVyfHJvb3R8MzAyMDMzfGltYWdlL2pwZWd8YURGbEwyZ3dPQzh4TURFek5EUXhPVE14TVRneU16Z3ZPREF3VjNnNE1EQklYekV4TlRJMU16VXRNUzVxY0djfDU2NzRkOWE1NTdmZDhhZDhhMDI5OGNlOGVhNTMxODZiMjYzNzViZWY1M2FiMTc3NTk0NDBjODVhYTM5ZjU0ODU,,,https://static.bihr.pro/eBihr/Pictures/NEWFREN-pictures.zip,Spain Warehouse (Parts)
1155015,,F2703Q,NEWFREN,NEWFR PLATE FRICTION,Kit de discos de embrague NEWFREN  Pro Race Line,183.07,151.30,98.35,,0,8714105000,0,1,"<p><strong>PRO RACE LINE</strong></p>
<p>Los embragues Pro Race son lo más alto de la gama. Son el resultado de la investigación en nuevas tecnologías combinadas con nuevos materiales desarrollados en colaboración con importantes equipos de Superbike, Moto3 y MXGP. El material de fricción está compuesto principalmente de celulosa, resinas, carbono y otros elementos que garantizan un coeficiente de fricción extremadamente alto y son menos compresibles. El particular diseño de ""muescas separadas"" mejora el flujo de aceite, permitiendo que las placas funcionen con mayor eficacia. La combinación de este diseño con el nuevo material de fricción aumenta la resistencia a la fatiga y garantiza la máxima estabilidad de funcionamiento, incluso en uso extremo, lo que convierte al embrague Pro Race en un producto de competición de muy alta calidad.</p>","
PRO RACE LINE

Los embragues Pro Race son lo más alto de la gama. Son el resultado de la investigación en nuevas tecnologías combinadas con nuevos materiales desarrollados en colaboración con importantes equipos de Superbike, Moto3 y MXGP. El material de fricción está compuesto principalmente de celulosa, resinas, carbono y otros elementos que garantizan un coeficiente de fricción extremadamente alto y son menos compresibles. El particular diseño de ""muescas separadas"" mejora el flujo de aceite, permitiendo que las placas funcionen con mayor eficacia. La combinación de este diseño con el nuevo material de fricción aumenta la resistencia a la fatiga y garantiza la máxima estabilidad de funcionamiento, incluso en uso extremo, lo que convierte al embrague Pro Race en un producto de competición de muy alta calidad.",VEHICLE PARTS & ACCESSORIES,ENGINE PARTS,ENG. CLUTCH,1,1,10,10,10,Orgánica,,,,,https://api.mybihr.com/medias/800Wx800H-1155015-1.jpg?context=bWFzdGVyfHJvb3R8NDA3OTB8aW1hZ2UvanBlZ3xhREU1TDJobU1TOHhNREUzTkRrNE16Z3hOVEUzTVRBdk9EQXdWM2c0TURCSVh6RXhOVFV3TVRVdE1TNXFjR2N8MmE4N2Q5MTdlOWZmNjJjZDc1YjVhMjQ2MjhkOTliZTM1NTFiZmFlMTZlMTE0MjY4NDlkZTJiODE1ZTYzYTgwZg,,,https://static.bihr.pro/eBihr/Pictures/NEWFREN-pictures.zip,Spain Warehouse (Parts)
1152547,,F2734A,NEWFREN,NEWFR PLATE FRICTION,Kit de discos de embrague NEWFREN Standard,92.57,76.50,49.73,8025832408246,1,8714105000,0,1,"<p><strong>OE-STANDARD LINE</strong></p>
<p>Est&aacute;n dise&ntilde;ados para sustituir al embrague OE, manteniendo las mismas prestaciones y durabilidad. Los juegos de discos de embrague OE-Standard se fabrican con materiales de primera calidad. Son productos extremadamente fiables. El material de fricci&oacute;n de los discos es org&aacute;nico. El compuesto del material org&aacute;nico se elige en funci&oacute;n del tipo y la utilizaci&oacute;n de la motocicleta, optimizando as&iacute; el rendimiento, aunque dentro de las directrices del fabricante.</p>","
OE-STANDARD LINE

Están diseñados para sustituir al embrague OE, manteniendo las mismas prestaciones y durabilidad. Los juegos de discos de embrague OE-Standard se fabrican con materiales de primera calidad. Son productos extremadamente fiables. El material de fricción de los discos es orgánico. El compuesto del material orgánico se elige en función del tipo y la utilización de la motocicleta, optimizando así el rendimiento, aunque dentro de las directrices del fabricante.",VEHICLE PARTS & ACCESSORIES,ENGINE PARTS,ENG. CLUTCH,703,247,146,146,33,,,,,,https://api.mybihr.com/medias/800Wx800H-1152547-1.jpg?context=bWFzdGVyfHJvb3R8MzAyMDMzfGltYWdlL2pwZWd8YURWbUwyaGtOaTh4TURFek5EUXhPVFUwTnpjMU16UXZPREF3VjNnNE1EQklYekV4TlRJMU5EY3RNUzVxY0djfGFjOTM2NGVhZGU4NTE5NDEzOGI4ZTBlMzkzMGZlNDkwN2ZkN2M2NWI3NGE0NWUzMWQwZTlmZmI2ODdkNzNkM2I,,,https://static.bihr.pro/eBihr/Pictures/NEWFREN-pictures.zip,Spain Warehouse (Parts)
1152541,,F2666A,NEWFREN,NEWFR PLATE FRICTION,Kit de discos de embrague NEWFREN Standard,79.62,65.80,42.77,8025832271505,0,8714105000,0,1,"<p><strong>OE-STANDARD LINE</strong></p>
<p>Est&aacute;n dise&ntilde;ados para sustituir al embrague OE, manteniendo las mismas prestaciones y durabilidad. Los juegos de discos de embrague OE-Standard se fabrican con materiales de primera calidad. Son productos extremadamente fiables. El material de fricci&oacute;n de los discos es org&aacute;nico. El compuesto del material org&aacute;nico se elige en funci&oacute;n del tipo y la utilizaci&oacute;n de la motocicleta, optimizando as&iacute; el rendimiento, aunque dentro de las directrices del fabricante.</p>","
OE-STANDARD LINE

Están diseñados para sustituir al embrague OE, manteniendo las mismas prestaciones y durabilidad. Los juegos de discos de embrague OE-Standard se fabrican con materiales de primera calidad. Son productos extremadamente fiables. El material de fricción de los discos es orgánico. El compuesto del material orgánico se elige en función del tipo y la utilización de la motocicleta, optimizando así el rendimiento, aunque dentro de las directrices del fabricante.",VEHICLE PARTS & ACCESSORIES,ENGINE PARTS,ENG. CLUTCH,871,284,165,160,33,,,,,,https://api.mybihr.com/medias/800Wx800H-1152541-1.jpg?context=bWFzdGVyfHJvb3R8MzAyMDMzfGltYWdlL2pwZWd8YURCbUwyZ3hNeTh4TURFek5EUXhPVE01TURRMk56QXZPREF3VjNnNE1EQklYekV4TlRJMU5ERXRNUzVxY0djfDk3NTEzZGIxYmIwODUwMWI2Njc1ZjE0MWIyM2ZkNWYyM2NiYzg5YTY0MmI5MmJlYWRmMWNkZDRkMDE0NjFlOTU,,,https://static.bihr.pro/eBihr/Pictures/NEWFREN-pictures.zip,Spain Warehouse (Parts)
1152531,,F1347R,NEWFREN,NEWFR PLATE FRICTION,Kit de discos de embrague NEWFREN Performance,116.04,95.90,62.34,8025832382669,1,8714105000,0,1,"<p><strong>PERFORMANCE LINE</strong></p>
<p>V&aacute;lidos tambi&eacute;n para el uso deportivo. La gama Performance ha sido pensada para un uso en carretera intensivo, pero tambi&eacute;n para uso deportivo para soportar las altas exigencias y para dar prestaciones de alto nivel. Los materiales de fricci&oacute;n, utilizados en los discos conductores del embrague en ba&ntilde;o de aceite, es el Paper Carbon. Los discos conducidos (separadores) est&aacute;n fabricados en un acero especial que asegura la m&aacute;xima resistencia y ausencias de deformaciones.</p>","
PERFORMANCE LINE

Válidos también para el uso deportivo. La gama Performance ha sido pensada para un uso en carretera intensivo, pero también para uso deportivo para soportar las altas exigencias y para dar prestaciones de alto nivel. Los materiales de fricción, utilizados en los discos conductores del embrague en baño de aceite, es el Paper Carbon. Los discos conducidos (separadores) están fabricados en un acero especial que asegura la máxima resistencia y ausencias de deformaciones.",VEHICLE PARTS & ACCESSORIES,ENGINE PARTS,ENG. CLUTCH,342,265,118,116,25,,,,por unidad,,https://api.mybihr.com/medias/800Wx800H-1152531-1.jpg?context=bWFzdGVyfHJvb3R8NDA3OTB8aW1hZ2UvanBlZ3xhRGxtTDJoa015OHhNREV6TlRJeE1EVXdPREk1TVRBdk9EQXdWM2c0TURCSVh6RXhOVEkxTXpFdE1TNXFjR2N8MGU2MzViOTUzYjVjNWUzOTg1NzkzNmU4MzQyOGMwYzM3ZWNiMzc4MzU5ZGM2MGJiMjQxOGFhYmU3YWUzNGRkYQ,,,https://static.bihr.pro/eBihr/Pictures/NEWFREN-pictures.zip,Spain Warehouse (Parts)
1152546,,F2821A,NEWFREN,NEWFR PLATE FRICTION,Kit de discos de embrague NEWFREN Standard,65.58,54.20,35.23,8025832038740,6,8714105000,0,1,"<p><strong>OE-STANDARD LINE</strong></p>
<p>Est&aacute;n dise&ntilde;ados para sustituir al embrague OE, manteniendo las mismas prestaciones y durabilidad. Los juegos de discos de embrague OE-Standard se fabrican con materiales de primera calidad. Son productos extremadamente fiables. El material de fricci&oacute;n de los discos es org&aacute;nico. El compuesto del material org&aacute;nico se elige en funci&oacute;n del tipo y la utilizaci&oacute;n de la motocicleta, optimizando as&iacute; el rendimiento, aunque dentro de las directrices del fabricante.</p>","
OE-STANDARD LINE

Están diseñados para sustituir al embrague OE, manteniendo las mismas prestaciones y durabilidad. Los juegos de discos de embrague OE-Standard se fabrican con materiales de primera calidad. Son productos extremadamente fiables. El material de fricción de los discos es orgánico. El compuesto del material orgánico se elige en función del tipo y la utilización de la motocicleta, optimizando así el rendimiento, aunque dentro de las directrices del fabricante.",VEHICLE PARTS & ACCESSORIES,ENGINE PARTS,ENG. CLUTCH,708,244,147,146,33,,,,,,https://api.mybihr.com/medias/800Wx800H-1152546-1.jpg?context=bWFzdGVyfHJvb3R8MzAyMDMzfGltYWdlL2pwZWd8YUdReUwyaGpPQzh4TURFek5EUXhPVFV3T0RRek1UZ3ZPREF3VjNnNE1EQklYekV4TlRJMU5EWXRNUzVxY0djfDNjOWNjNjg2YWJhYzVmMTI1ZTVhZWFiNzFiMTExY2M1ODY5MzYzYTdiYjEwNmNmMmUxZmFmYTBjYWFjNTk3YWQ,,,https://static.bihr.pro/eBihr/Pictures/NEWFREN-pictures.zip,Spain Warehouse (Parts)
1152544,,F3614A,NEWFREN,NEWFR PLATE FRICTION,Kit de discos de embrague NEWFREN Standard,92.57,76.50,49.73,8025832406822,1,8714105000,0,1,"<p><strong>OE-STANDARD LINE</strong></p>
<p>Est&aacute;n dise&ntilde;ados para sustituir al embrague OE, manteniendo las mismas prestaciones y durabilidad. Los juegos de discos de embrague OE-Standard se fabrican con materiales de primera calidad. Son productos extremadamente fiables. El material de fricci&oacute;n de los discos es org&aacute;nico. El compuesto del material org&aacute;nico se elige en funci&oacute;n del tipo y la utilizaci&oacute;n de la motocicleta, optimizando as&iacute; el rendimiento, aunque dentro de las directrices del fabricante.</p>","
OE-STANDARD LINE

Están diseñados para sustituir al embrague OE, manteniendo las mismas prestaciones y durabilidad. Los juegos de discos de embrague OE-Standard se fabrican con materiales de primera calidad. Son productos extremadamente fiables. El material de fricción de los discos es orgánico. El compuesto del material orgánico se elige en función del tipo y la utilización de la motocicleta, optimizando así el rendimiento, aunque dentro de las directrices del fabricante.",VEHICLE PARTS & ACCESSORIES,ENGINE PARTS,ENG. CLUTCH,708,290,147,146,33,,,,,,https://api.mybihr.com/medias/800Wx800H-1152544-1.jpg?context=bWFzdGVyfHJvb3R8MzAyMDMzfGltYWdlL2pwZWd8YUdZNEwyZzJOUzh4TURFek5EUXhPVFF5T1RjNE9EWXZPREF3VjNnNE1EQklYekV4TlRJMU5EUXRNUzVxY0djfDg3ZTlkM2Y0ZDhkMTYzNDYwZjFjZThlOGE1ZDBhMTI1MDNmMGMzMThmYzNiZWVhNDJmYzViZTYxOTkxZTU5MmY,,,https://static.bihr.pro/eBihr/Pictures/NEWFREN-pictures.zip,Spain Warehouse (Parts)
1155014,,F1515Q,NEWFREN,NEWFR PLATE FRICTION,Kit de discos de embrague NEWFREN  Pro Race Line,160.33,132.50,86.13,,0,8714105000,0,1,"<p><strong>PRO RACE LINE</strong></p>
<p>Los embragues Pro Race son lo más alto de la gama. Son el resultado de la investigación en nuevas tecnologías combinadas con nuevos materiales desarrollados en colaboración con importantes equipos de Superbike, Moto3 y MXGP. El material de fricción está compuesto principalmente de celulosa, resinas, carbono y otros elementos que garantizan un coeficiente de fricción extremadamente alto y son menos compresibles. El particular diseño de ""muescas separadas"" mejora el flujo de aceite, permitiendo que las placas funcionen con mayor eficacia. La combinación de este diseño con el nuevo material de fricción aumenta la resistencia a la fatiga y garantiza la máxima estabilidad de funcionamiento, incluso en uso extremo, lo que convierte al embrague Pro Race en un producto de competición de muy alta calidad.</p>","
PRO RACE LINE

Los embragues Pro Race son lo más alto de la gama. Son el resultado de la investigación en nuevas tecnologías combinadas con nuevos materiales desarrollados en colaboración con importantes equipos de Superbike, Moto3 y MXGP. El material de fricción está compuesto principalmente de celulosa, resinas, carbono y otros elementos que garantizan un coeficiente de fricción extremadamente alto y son menos compresibles. El particular diseño de ""muescas separadas"" mejora el flujo de aceite, permitiendo que las placas funcionen con mayor eficacia. La combinación de este diseño con el nuevo material de fricción aumenta la resistencia a la fatiga y garantiza la máxima estabilidad de funcionamiento, incluso en uso extremo, lo que convierte al embrague Pro Race en un producto de competición de muy alta calidad.",VEHICLE PARTS & ACCESSORIES,ENGINE PARTS,ENG. CLUTCH,1,1,10,10,10,Orgánica,,,,,https://api.mybihr.com/medias/800Wx800H-1155014-1.jpg?context=bWFzdGVyfHJvb3R8NDA3OTB8aW1hZ2UvanBlZ3xhRGxoTDJoaU9TOHhNREUzTkRrNE16YzNOVGcwT1RRdk9EQXdWM2c0TURCSVh6RXhOVFV3TVRRdE1TNXFjR2N8MmI4Y2ZkOTcxMWFmYmIyM2M2ZjI0NmJlNzIzNTZiYTYzNTJkZjg0N2U2ZTliYWRlNGNiYmFkZjU4MzZhYzJjZA,,,https://static.bihr.pro/eBihr/Pictures/NEWFREN-pictures.zip,Spain Warehouse (Parts)
1152545,,F2728A,NEWFREN,NEWFR PLATE FRICTION,Kit de discos de embrague NEWFREN Standard,86.64,71.60,46.54,8025832381600,0,8714105000,0,1,"<p><strong>OE-STANDARD LINE</strong></p>
<p>Est&aacute;n dise&ntilde;ados para sustituir al embrague OE, manteniendo las mismas prestaciones y durabilidad. Los juegos de discos de embrague OE-Standard se fabrican con materiales de primera calidad. Son productos extremadamente fiables. El material de fricci&oacute;n de los discos es org&aacute;nico. El compuesto del material org&aacute;nico se elige en funci&oacute;n del tipo y la utilizaci&oacute;n de la motocicleta, optimizando as&iacute; el rendimiento, aunque dentro de las directrices del fabricante.</p>","
OE-STANDARD LINE

Están diseñados para sustituir al embrague OE, manteniendo las mismas prestaciones y durabilidad. Los juegos de discos de embrague OE-Standard se fabrican con materiales de primera calidad. Son productos extremadamente fiables. El material de fricción de los discos es orgánico. El compuesto del material orgánico se elige en función del tipo y la utilización de la motocicleta, optimizando así el rendimiento, aunque dentro de las directrices del fabricante.",VEHICLE PARTS & ACCESSORIES,ENGINE PARTS,ENG. CLUTCH,703,269,149,143,33,,,,,,https://api.mybihr.com/medias/800Wx800H-1152545-1.jpg?context=bWFzdGVyfHJvb3R8MzAyMDMzfGltYWdlL2pwZWd8YURrNUwyZzNNeTh4TURFek5EUXhPVFEyT1RFeE1ESXZPREF3VjNnNE1EQklYekV4TlRJMU5EVXRNUzVxY0djfDEyMjBjNTEyODcxMTUwNWVlMjQ3N2JkMmUzY2ZlNzQyNDc0YjI3OTc3ZjNiMmQ2YjY4OTQyNmEwY2Q4MTU5MDA,,,https://static.bihr.pro/eBihr/Pictures/NEWFREN-pictures.zip,Spain Warehouse (Parts)
1152551,,F2821AC,NEWFREN,NEWFR COMPLETE CLUTCH KIT,Kit de discos + separadores de embrague NEWFREN Standard,104.18,86.10,55.97,8025832038757,3,8714105000,0,1,"<p><strong>OE-STANDARD LINE</strong></p>
<p>Est&aacute;n dise&ntilde;ados para sustituir al embrague OE, manteniendo las mismas prestaciones y durabilidad. Los juegos de discos de embrague OE-Standard se fabrican con materiales de primera calidad. Son productos extremadamente fiables. El material de fricci&oacute;n de los discos es org&aacute;nico. El compuesto del material org&aacute;nico se elige en funci&oacute;n del tipo y la utilizaci&oacute;n de la motocicleta, optimizando as&iacute; el rendimiento, aunque dentro de las directrices del fabricante.</p>","
OE-STANDARD LINE

Están diseñados para sustituir al embrague OE, manteniendo las mismas prestaciones y durabilidad. Los juegos de discos de embrague OE-Standard se fabrican con materiales de primera calidad. Son productos extremadamente fiables. El material de fricción de los discos es orgánico. El compuesto del material orgánico se elige en función del tipo y la utilización de la motocicleta, optimizando así el rendimiento, aunque dentro de las directrices del fabricante.",VEHICLE PARTS & ACCESSORIES,ENGINE PARTS,ENG. CLUTCH,1376,680,190,181,40,Orgánica,,,por unidad,,https://api.mybihr.com/medias/800Wx800H-1152551-1.jpg?context=bWFzdGVyfHJvb3R8NjU1Mzd8aW1hZ2UvanBlZ3xhRFUwTDJoalppOHhNREV6TWpreU5UTTRNalkxT1RBdk9EQXdWM2c0TURCSVh6RXhOVEkxTlRFdE1TNXFjR2N8MWM0ZjM3OWI0ZGZjZWI1MjU1YThhMzgzNDlhMDZlYjI4NDc0MDg2Y2VlZWMyNDExYzFkYmIzZjJkYmQxNGVmZA,,,https://static.bihr.pro/eBihr/Pictures/NEWFREN-pictures.zip,Spain Warehouse (Parts)
1152530,,F1480AC,NEWFREN,NEWFR COMPLETE CLUTCH KIT,Kit de discos + separadores de embrague NEWFREN Standard,68.12,56.30,36.60,8025832269069,0,8714105000,0,1,"<p><strong>OE-STANDARD LINE</strong></p>
<p>Est&aacute;n dise&ntilde;ados para sustituir al embrague OE, manteniendo las mismas prestaciones y durabilidad. Los juegos de discos de embrague OE-Standard se fabrican con materiales de primera calidad. Son productos extremadamente fiables. El material de fricci&oacute;n de los discos es org&aacute;nico. El compuesto del material org&aacute;nico se elige en funci&oacute;n del tipo y la utilizaci&oacute;n de la motocicleta, optimizando as&iacute; el rendimiento, aunque dentro de las directrices del fabricante.</p>","
OE-STANDARD LINE

Están diseñados para sustituir al embrague OE, manteniendo las mismas prestaciones y durabilidad. Los juegos de discos de embrague OE-Standard se fabrican con materiales de primera calidad. Son productos extremadamente fiables. El material de fricción de los discos es orgánico. El compuesto del material orgánico se elige en función del tipo y la utilización de la motocicleta, optimizando así el rendimiento, aunque dentro de las directrices del fabricante.",VEHICLE PARTS & ACCESSORIES,ENGINE PARTS,ENG. CLUTCH,383,317,118,116,28,Orgánica,,,por unidad,,https://api.mybihr.com/medias/800Wx800H-1152530-1.jpg?context=bWFzdGVyfHJvb3R8NjU1Mzd8aW1hZ2UvanBlZ3xhR1U1TDJneE1pOHhNREV6TWpreU5UQTJPREE0TmpJdk9EQXdWM2c0TURCSVh6RXhOVEkxTXpBdE1TNXFjR2N8NzBhNWY5MzNiNjk3NmIzMGJjMmE4OGYzYjVmNzA0Yjc1NmU1YWFmMmRkNjE1YmQ4NWY2YWI0YjUyMGRhMmMyNw,,,https://static.bihr.pro/eBihr/Pictures/NEWFREN-pictures.zip,Spain Warehouse (Parts)
1155012,,F1338QC,NEWFREN,NEWFR PLATE STEEL&FRICTION,Kit de discos + separadores de embrague NEWFREN Pro Race,319.92,264.40,171.86,,0,8714105000,0,1,"<p><strong>PRO RACE - DUCATI LINE</strong></p>
<p>Primer equipo elegido por Ducati con el grupo embragues STM para equipar la Panigale V4R y socio de Ducati Corse en Team SBK. La Linea Newfren con aplicaciones Ducati, hoy es la gama m&aacute;s extensa y la m&aacute;s avanzada tecnol&oacute;gicamente. La gama incluye discos org&aacute;nicos y discos sinterizados. Set para ba&ntilde;o en aceite y set para seco. El producto garantiza un recambio de altas prestaciones. Sea la gama sinterizada, sea la gama org&aacute;nica. Los embragues Newfren han sido seleccionados como primer equipo en modelos de serie.</p>","
PRO RACE - DUCATI LINE

Primer equipo elegido por Ducati con el grupo embragues STM para equipar la Panigale V4R y socio de Ducati Corse en Team SBK. La Linea Newfren con aplicaciones Ducati, hoy es la gama más extensa y la más avanzada tecnológicamente. La gama incluye discos orgánicos y discos sinterizados. Set para baño en aceite y set para seco. El producto garantiza un recambio de altas prestaciones. Sea la gama sinterizada, sea la gama orgánica. Los embragues Newfren han sido seleccionados como primer equipo en modelos de serie.",VEHICLE PARTS & ACCESSORIES,ENGINE PARTS,ENG. CLUTCH,1,1,10,10,10,Orgánica,,,por unidad,,https://api.mybihr.com/medias/800Wx800H-1155012-1.jpg?context=bWFzdGVyfHJvb3R8MzE3OTI2fGltYWdlL2pwZWd8YUdWaUwyZzRZUzh4TURFM05EazRNemt3TXpZME5EWXZPREF3VjNnNE1EQklYekV4TlRVd01USXRNUzVxY0djfDg4OTlhNzJjNjgyZGI1OWY0N2VmYjRiNmQ2MDNmY2VmMzg3YTAzZmIyODA5Y2ZjM2I5MjJiNjc4MGI2NTE0N2Q,https://api.mybihr.com/medias/800Wx800H-1155012-2.jpg?context=bWFzdGVyfHJvb3R8MzM4Nzl8aW1hZ2UvanBlZ3xhRFZrTDJnM1pDOHhNREUzTkRrNE16azBNamsyTmpJdk9EQXdWM2c0TURCSVh6RXhOVFV3TVRJdE1pNXFjR2N8MTZhNTJhMDI4MDJiZjg2MzYxNjY0NTQ0NWY4MzI5ZjZlOWRlZTBmOGIxMjRiMzA3OTk1ZTFiYmQ2YWZiZDFjYg,https://api.mybihr.com/medias/800Wx800H-1155012-3.jpg?context=bWFzdGVyfHJvb3R8NjYwMzR8aW1hZ2UvanBlZ3xhR0prTDJnMlppOHhNREUzTkRrNE16azRNakk0Tnpndk9EQXdWM2c0TURCSVh6RXhOVFV3TVRJdE15NXFjR2N8MGFhYjdjZTcwYTY2NThjMmMyOTY0NWNlMzliNzgzMzcwYjY3OWQ3ODAzMWYxZmJiZTJhNGQzZDViNTY0NzIzOA,https://static.bihr.pro/eBihr/Pictures/NEWFREN-pictures.zip,Spain Warehouse (Parts)
1152539,,F1485AC,NEWFREN,NEWFR COMPLETE CLUTCH KIT,Kit de discos + separadores de embrague NEWFREN Standard,186.82,154.40,100.36,8025832364801,7,8714105000,0,1,"<p><strong>OE-STANDARD LINE</strong></p>
<p>Est&aacute;n dise&ntilde;ados para sustituir al embrague OE, manteniendo las mismas prestaciones y durabilidad. Los juegos de discos de embrague OE-Standard se fabrican con materiales de primera calidad. Son productos extremadamente fiables. El material de fricci&oacute;n de los discos es org&aacute;nico. El compuesto del material org&aacute;nico se elige en funci&oacute;n del tipo y la utilizaci&oacute;n de la motocicleta, optimizando as&iacute; el rendimiento, aunque dentro de las directrices del fabricante.</p>","
OE-STANDARD LINE

Están diseñados para sustituir al embrague OE, manteniendo las mismas prestaciones y durabilidad. Los juegos de discos de embrague OE-Standard se fabrican con materiales de primera calidad. Son productos extremadamente fiables. El material de fricción de los discos es orgánico. El compuesto del material orgánico se elige en función del tipo y la utilización de la motocicleta, optimizando así el rendimiento, aunque dentro de las directrices del fabricante.",VEHICLE PARTS & ACCESSORIES,ENGINE PARTS,ENG. CLUTCH,898,917,165,165,33,Orgánica,,,por unidad,,https://api.mybihr.com/medias/800Wx800H-1152539-1.jpg?context=bWFzdGVyfHJvb3R8NjU1Mzd8aW1hZ2UvanBlZ3xhR1JqTDJnMFppOHhNREV6TWpreU5URTBOamN5T1RRdk9EQXdWM2c0TURCSVh6RXhOVEkxTXprdE1TNXFjR2N8NzhkMTU3ZGM1ZTEyZmM2MmM1Mzg1ZTE2ZWFjMDUwYTgxMDczZDhiNzBkODQ0YTc0Mzk4Y2QyZmZiMWRjNmJmNw,,,https://static.bihr.pro/eBihr/Pictures/NEWFREN-pictures.zip,Spain Warehouse (Parts)
1152536,,F1470AC,NEWFREN,NEWFR COMPLETE CLUTCH KIT,Kit de discos + separadores de embrague NEWFREN Standard,156.45,129.30,84.05,8025832337720,2,8714105000,0,1,"<p><strong>OE-STANDARD LINE</strong></p>
<p>Est&aacute;n dise&ntilde;ados para sustituir al embrague OE, manteniendo las mismas prestaciones y durabilidad. Los juegos de discos de embrague OE-Standard se fabrican con materiales de primera calidad. Son productos extremadamente fiables. El material de fricci&oacute;n de los discos es org&aacute;nico. El compuesto del material org&aacute;nico se elige en funci&oacute;n del tipo y la utilizaci&oacute;n de la motocicleta, optimizando as&iacute; el rendimiento, aunque dentro de las directrices del fabricante.</p>","
OE-STANDARD LINE

Están diseñados para sustituir al embrague OE, manteniendo las mismas prestaciones y durabilidad. Los juegos de discos de embrague OE-Standard se fabrican con materiales de primera calidad. Son productos extremadamente fiables. El material de fricción de los discos es orgánico. El compuesto del material orgánico se elige en función del tipo y la utilización de la motocicleta, optimizando así el rendimiento, aunque dentro de las directrices del fabricante.",VEHICLE PARTS & ACCESSORIES,ENGINE PARTS,ENG. CLUTCH,802,797,158,145,35,Orgánica,,,por unidad,,https://api.mybihr.com/medias/800Wx800H-1152536-1.jpg?context=bWFzdGVyfHJvb3R8NjU1Mzd8aW1hZ2UvanBlZ3xhRFJtTDJnME1pOHhNREV6TWpreU5URXdOelF3Tnpndk9EQXdWM2c0TURCSVh6RXhOVEkxTXpZdE1TNXFjR2N8YzY5ZWRlNGQ5MTgyNzZlMmRmMmJiNDFjYWIwYTBhNzhhZTIxOWY0MGEwNzJjZGFlOTQ1OTg2Nzg0MmQxODlhZg,,,https://static.bihr.pro/eBihr/Pictures/NEWFREN-pictures.zip,Spain Warehouse (Parts)
1152542,,F2666AC,NEWFREN,NEWFR COMPLETE CLUTCH KIT,Kit de discos + separadores de embrague NEWFREN Standard,127.05,105.00,68.25,8025832271512,1,8714105000,0,1,"<p><strong>OE-STANDARD LINE</strong></p>
<p>Est&aacute;n dise&ntilde;ados para sustituir al embrague OE, manteniendo las mismas prestaciones y durabilidad. Los juegos de discos de embrague OE-Standard se fabrican con materiales de primera calidad. Son productos extremadamente fiables. El material de fricci&oacute;n de los discos es org&aacute;nico. El compuesto del material org&aacute;nico se elige en funci&oacute;n del tipo y la utilizaci&oacute;n de la motocicleta, optimizando as&iacute; el rendimiento, aunque dentro de las directrices del fabricante.</p>","
OE-STANDARD LINE

Están diseñados para sustituir al embrague OE, manteniendo las mismas prestaciones y durabilidad. Los juegos de discos de embrague OE-Standard se fabrican con materiales de primera calidad. Son productos extremadamente fiables. El material de fricción de los discos es orgánico. El compuesto del material orgánico se elige en función del tipo y la utilización de la motocicleta, optimizando así el rendimiento, aunque dentro de las directrices del fabricante.",VEHICLE PARTS & ACCESSORIES,ENGINE PARTS,ENG. CLUTCH,1325,785,184,180,40,Orgánica,,,por unidad,,https://api.mybihr.com/medias/800Wx800H-1152542-1.jpg?context=bWFzdGVyfHJvb3R8NjU1Mzd8aW1hZ2UvanBlZ3xhRGRrTDJnMVpDOHhNREV6TWpreU5URTROakExTVRBdk9EQXdWM2c0TURCSVh6RXhOVEkxTkRJdE1TNXFjR2N8YTI0OWM4MWFkZmMwN2JjNmIyNTYyOWM0YjhhMzc5NmE5MTY1ZTgwODJjNTczNzIwZjk3NDJjMjdkYjZkMWI3NQ,,,https://static.bihr.pro/eBihr/Pictures/NEWFREN-pictures.zip,Spain Warehouse (Parts)
1152548,,F1864AC,NEWFREN,NEWFR COMPLETE CLUTCH KIT,Kit de discos + separadores de embrague NEWFREN Standard,136.97,113.20,73.58,8025832036623,1,8714105000,0,1,"<p><strong>OE-STANDARD LINE</strong></p>
<p>Est&aacute;n dise&ntilde;ados para sustituir al embrague OE, manteniendo las mismas prestaciones y durabilidad. Los juegos de discos de embrague OE-Standard se fabrican con materiales de primera calidad. Son productos extremadamente fiables. El material de fricci&oacute;n de los discos es org&aacute;nico. El compuesto del material org&aacute;nico se elige en funci&oacute;n del tipo y la utilizaci&oacute;n de la motocicleta, optimizando as&iacute; el rendimiento, aunque dentro de las directrices del fabricante.</p>","
OE-STANDARD LINE

Están diseñados para sustituir al embrague OE, manteniendo las mismas prestaciones y durabilidad. Los juegos de discos de embrague OE-Standard se fabrican con materiales de primera calidad. Son productos extremadamente fiables. El material de fricción de los discos es orgánico. El compuesto del material orgánico se elige en función del tipo y la utilización de la motocicleta, optimizando así el rendimiento, aunque dentro de las directrices del fabricante.",VEHICLE PARTS & ACCESSORIES,ENGINE PARTS,ENG. CLUTCH,708,246,147,146,33,Orgánica,,,por unidad,,https://api.mybihr.com/medias/800Wx800H-1152548-1.jpg?context=bWFzdGVyfHJvb3R8NjU1Mzd8aW1hZ2UvanBlZ3xhRFF6TDJoak1DOHhNREV6TWpreU5USTJORFk1TkRJdk9EQXdWM2c0TURCSVh6RXhOVEkxTkRndE1TNXFjR2N8ZDNmYWY1MGYwY2QyNjdkYzE1NzNiZTY4ZWVjMzMwN2YxYTFmZjI5ZmNhODE0YTEzMmIyYTk1NDczY2FmOTJlOQ,,,https://static.bihr.pro/eBihr/Pictures/NEWFREN-pictures.zip,Spain Warehouse (Parts)
1152543,,F2693AC,NEWFREN,NEWFR COMPLETE CLUTCH KIT,Kit de discos + separadores de embrague NEWFREN Standard,68.37,56.50,36.73,8025832275312,1,8714105000,0,1,"<p><strong>OE-STANDARD LINE</strong></p>
<p>Est&aacute;n dise&ntilde;ados para sustituir al embrague OE, manteniendo las mismas prestaciones y durabilidad. Los juegos de discos de embrague OE-Standard se fabrican con materiales de primera calidad. Son productos extremadamente fiables. El material de fricci&oacute;n de los discos es org&aacute;nico. El compuesto del material org&aacute;nico se elige en funci&oacute;n del tipo y la utilizaci&oacute;n de la motocicleta, optimizando as&iacute; el rendimiento, aunque dentro de las directrices del fabricante.</p>","
OE-STANDARD LINE

Están diseñados para sustituir al embrague OE, manteniendo las mismas prestaciones y durabilidad. Los juegos de discos de embrague OE-Standard se fabrican con materiales de primera calidad. Son productos extremadamente fiables. El material de fricción de los discos es orgánico. El compuesto del material orgánico se elige en función del tipo y la utilización de la motocicleta, optimizando así el rendimiento, aunque dentro de las directrices del fabricante.",VEHICLE PARTS & ACCESSORIES,ENGINE PARTS,ENG. CLUTCH,751,413,147,146,35,Orgánica,,,por unidad,,https://api.mybihr.com/medias/800Wx800H-1152543-1.jpg?context=bWFzdGVyfHJvb3R8NjU1Mzd8aW1hZ2UvanBlZ3xhR0kyTDJoaU1pOHhNREV6TWpreU5USXlOVE0zTWpZdk9EQXdWM2c0TURCSVh6RXhOVEkxTkRNdE1TNXFjR2N8YzIwOTJkMDZjMWZkMWZlOWY0ODA3ZjEzM2M2ZWM4NzU5ZDYyMDJkMzE4ZWMzMGFhMjdlZDBmNjQwNmY4ZTQ4OA,,,https://static.bihr.pro/eBihr/Pictures/NEWFREN-pictures.zip,Spain Warehouse (Parts)
1110078,,F1344AC,NEWFREN,NEWFR CLUTCH F1344AC,Kit de discos + separadores de embrague NEWFREN Standard,115.07,95.10,61.82,8025832380979,0,8714105000,0,1,"<p><strong>OE-STANDARD LINE</strong></p>
<p>Est&aacute;n dise&ntilde;ados para sustituir al embrague OE, manteniendo las mismas prestaciones y durabilidad. Los juegos de discos de embrague OE-Standard se fabrican con materiales de primera calidad. Son productos extremadamente fiables. El material de fricci&oacute;n de los discos es org&aacute;nico. El compuesto del material org&aacute;nico se elige en funci&oacute;n del tipo y la utilizaci&oacute;n de la motocicleta, optimizando as&iacute; el rendimiento, aunque dentro de las directrices del fabricante.</p>","
OE-STANDARD LINE

Están diseñados para sustituir al embrague OE, manteniendo las mismas prestaciones y durabilidad. Los juegos de discos de embrague OE-Standard se fabrican con materiales de primera calidad. Son productos extremadamente fiables. El material de fricción de los discos es orgánico. El compuesto del material orgánico se elige en función del tipo y la utilización de la motocicleta, optimizando así el rendimiento, aunque dentro de las directrices del fabricante.",VEHICLE PARTS & ACCESSORIES,ENGINE PARTS,ENG. CLUTCH,832,638,151,145,38,,,,por unidad,,https://api.mybihr.com/medias/1110078-1-800Wx800H?context=bWFzdGVyfHJvb3R8NjA5MTV8aW1hZ2UvanBlZ3xhRFZqTDJoa055OHhNalUzT1RNME9UWTVNalEwTmk4eE1URXdNRGM0TFRGZk9EQXdWM2c0TURCSXxiZDZjMWViZGJkMTYxMGZiNTdiNmZhYjRmNWQ2NjM1MjliN2Y2YTRhMDdhN2VkZDRmNWZjMzUyM2ZmM2EzYjlj,,,https://static.bihr.pro/eBihr/Pictures/NEWFREN-pictures.zip,Spain Warehouse (Parts)
1122345,,F2947CC,NEWFREN,NEWFR PLATE STEEL,Kit de separadores de embrague NEWFREN Standard,79.86,66.00,42.90,8025832383642,2,8714105000,0,1,"<p><strong>OE-STANDARD LINE</strong></p>
<p>Est&aacute;n dise&ntilde;ados para sustituir al embrague OE, manteniendo las mismas prestaciones y durabilidad. Los juegos de discos de embrague OE-Standard se fabrican con materiales de primera calidad. Son productos extremadamente fiables. El material de fricci&oacute;n de los discos es org&aacute;nico. El compuesto del material org&aacute;nico se elige en funci&oacute;n del tipo y la utilizaci&oacute;n de la motocicleta, optimizando as&iacute; el rendimiento, aunque dentro de las directrices del fabricante.</p>","
OE-STANDARD LINE

Están diseñados para sustituir al embrague OE, manteniendo las mismas prestaciones y durabilidad. Los juegos de discos de embrague OE-Standard se fabrican con materiales de primera calidad. Son productos extremadamente fiables. El material de fricción de los discos es orgánico. El compuesto del material orgánico se elige en función del tipo y la utilización de la motocicleta, optimizando así el rendimiento, aunque dentro de las directrices del fabricante.",VEHICLE PARTS & ACCESSORIES,ENGINE PARTS,ENG. CLUTCH,930,883,163,163,35,Acero,,,,,https://api.mybihr.com/medias/800Wx800H-1122345-1.jpg?context=bWFzdGVyfHJvb3R8MTgxNTMyfGltYWdlL2pwZWd8YUdZNEwyaGhZeTg0TVRRMk9UWTVNVGcxTkRnM09DODRNREJYZURnd01FaGZNVEV5TWpNME5TMHhMbXB3Wnd8ZjliZDU0YWIzMGU0ZTJmNGQ5M2I4OWFlYTRhMWUxZjQ0ZmRjNzUwNjEyNjEyNWRlMWVkODkzNjQ4NmRmZjg2Nw,,,https://static.bihr.pro/eBihr/Pictures/NEWFREN-pictures.zip,Spain Warehouse (Parts)
1118416,,F2889AC,NEWFREN,NEWFR COMPLETE CLUTCH KIT,Kit de discos + separadores de embrague NEWFREN Standard,175.93,145.40,94.51,8025832370987,3,8714105000,0,1,"<p><strong>OE-STANDARD LINE</strong></p>
<p>Est&aacute;n dise&ntilde;ados para sustituir al embrague OE, manteniendo las mismas prestaciones y durabilidad. Los juegos de discos de embrague OE-Standard se fabrican con materiales de primera calidad. Son productos extremadamente fiables. El material de fricci&oacute;n de los discos es org&aacute;nico. El compuesto del material org&aacute;nico se elige en funci&oacute;n del tipo y la utilizaci&oacute;n de la motocicleta, optimizando as&iacute; el rendimiento, aunque dentro de las directrices del fabricante.</p>","
OE-STANDARD LINE

Están diseñados para sustituir al embrague OE, manteniendo las mismas prestaciones y durabilidad. Los juegos de discos de embrague OE-Standard se fabrican con materiales de primera calidad. Son productos extremadamente fiables. El material de fricción de los discos es orgánico. El compuesto del material orgánico se elige en función del tipo y la utilización de la motocicleta, optimizando así el rendimiento, aunque dentro de las directrices del fabricante.",VEHICLE PARTS & ACCESSORIES,ENGINE PARTS,ENG. CLUTCH,1900,1114,185,163,63,,,,por unidad,,https://api.mybihr.com/medias/1118416-1-800Wx800H?context=bWFzdGVyfHJvb3R8NjU1MzV8aW1hZ2UvanBlZ3xhRFUxTDJoaE5TOHlOams0TXpVek16WTNORFV5Tmk4eE1URTROREUyTFRGZk9EQXdWM2c0TURCSXw5ZTRmY2Y0MjYwODA5MGU1ODA4MzMwYjBkZWM1ODM0ZjgyYTcxNDA3ZjlhYWE5NDg5NDkxMzQ4NDU5ZWVmMTM0,,,https://static.bihr.pro/eBihr/Pictures/NEWFREN-pictures.zip,Spain Warehouse (Parts)
1118419,,F2926SR,NEWFREN,NEWFR COMPLETE CLUTCH KIT,Kit de discos + separadores de embrague NEWFREN Performance,229.42,189.60,123.24,8025832277682,1,8714105000,0,1,"<p><strong>PERFORMANCE LINE</strong></p>
<p>V&aacute;lidos tambi&eacute;n para el uso deportivo. La gama Performance ha sido pensada para un uso en carretera intensivo, pero tambi&eacute;n para uso deportivo para soportar las altas exigencias y para dar prestaciones de alto nivel. Los materiales de fricci&oacute;n, utilizados en los discos conductores del embrague en ba&ntilde;o de aceite, es el Paper Carbon. Los discos conducidos (separadores) est&aacute;n fabricados en un acero especial que asegura la m&aacute;xima resistencia y ausencias de deformaciones.</p>","
PERFORMANCE LINE

Válidos también para el uso deportivo. La gama Performance ha sido pensada para un uso en carretera intensivo, pero también para uso deportivo para soportar las altas exigencias y para dar prestaciones de alto nivel. Los materiales de fricción, utilizados en los discos conductores del embrague en baño de aceite, es el Paper Carbon. Los discos conducidos (separadores) están fabricados en un acero especial que asegura la máxima resistencia y ausencias de deformaciones.",VEHICLE PARTS & ACCESSORIES,ENGINE PARTS,ENG. CLUTCH,1833,1063,173,163,65,,,,por unidad,,https://api.mybihr.com/medias/1118419-1-800Wx800H?context=bWFzdGVyfHJvb3R8NjU1MzV8aW1hZ2UvanBlZ3xhR1ZsTDJnek5DOHlOams0TXpVek5EZzFOREUzTkM4eE1URTROREU1TFRGZk9EQXdWM2c0TURCSXw1Y2JmNGVlMGRjYzE5NGM4YTM5NzVmNmY3ODUwOTc5OGM0ODE5MjhhYThmMGVhM2IxNGM1ZDZlZjQ2ZDUxMzU1,,,https://static.bihr.pro/eBihr/Pictures/NEWFREN-pictures.zip,Spain Warehouse (Parts)
1118714,,F2888AC,NEWFREN,NEWFR COMPLETE CLUTCH KIT,Kit de discos + separadores de embrague NEWFREN Standard,196.50,162.40,105.56,8025832387725,2,8714105000,0,1,"<p><strong>OE-STANDARD LINE</strong></p>
<p>Est&aacute;n dise&ntilde;ados para sustituir al embrague OE, manteniendo las mismas prestaciones y durabilidad. Los juegos de discos de embrague OE-Standard se fabrican con materiales de primera calidad. Son productos extremadamente fiables. El material de fricci&oacute;n de los discos es org&aacute;nico. El compuesto del material org&aacute;nico se elige en funci&oacute;n del tipo y la utilizaci&oacute;n de la motocicleta, optimizando as&iacute; el rendimiento, aunque dentro de las directrices del fabricante.</p>","
OE-STANDARD LINE

Están diseñados para sustituir al embrague OE, manteniendo las mismas prestaciones y durabilidad. Los juegos de discos de embrague OE-Standard se fabrican con materiales de primera calidad. Son productos extremadamente fiables. El material de fricción de los discos es orgánico. El compuesto del material orgánico se elige en función del tipo y la utilización de la motocicleta, optimizando así el rendimiento, aunque dentro de las directrices del fabricante.",VEHICLE PARTS & ACCESSORIES,ENGINE PARTS,ENG. CLUTCH,1855,1080,173,165,65,,,,por unidad,,https://api.mybihr.com/medias/1118714-1-800Wx800H?context=bWFzdGVyfHJvb3R8NjU1MzV8aW1hZ2UvanBlZ3xhR0U1TDJobU15OHlOams0TXpVek56azVPVGt3TWk4eE1URTROekUwTFRGZk9EQXdWM2c0TURCSXw0NjBmMzU4ODRjOGI5Mjc5NGFiZDlmYWNmNWI5NGRlNTAzN2E2MzM3MDA1MTlhNDYxOTQwN2IxYWEyYTU3ZWY1,,,https://static.bihr.pro/eBihr/Pictures/NEWFREN-pictures.zip,Spain Warehouse (Parts)
1118717,,F2888SR,NEWFREN,NEWFR COMPLETE CLUTCH KIT,Kit de discos + separadores de embrague NEWFREN Performance,269.10,222.40,144.56,8025832387749,1,8714105000,0,1,"<p><strong>PERFORMANCE LINE</strong></p>
<p>V&aacute;lidos tambi&eacute;n para el uso deportivo. La gama Performance ha sido pensada para un uso en carretera intensivo, pero tambi&eacute;n para uso deportivo para soportar las altas exigencias y para dar prestaciones de alto nivel. Los materiales de fricci&oacute;n, utilizados en los discos conductores del embrague en ba&ntilde;o de aceite, es el Paper Carbon. Los discos conducidos (separadores) est&aacute;n fabricados en un acero especial que asegura la m&aacute;xima resistencia y ausencias de deformaciones.</p>","
PERFORMANCE LINE

Válidos también para el uso deportivo. La gama Performance ha sido pensada para un uso en carretera intensivo, pero también para uso deportivo para soportar las altas exigencias y para dar prestaciones de alto nivel. Los materiales de fricción, utilizados en los discos conductores del embrague en baño de aceite, es el Paper Carbon. Los discos conducidos (separadores) están fabricados en un acero especial que asegura la máxima resistencia y ausencias de deformaciones.",VEHICLE PARTS & ACCESSORIES,ENGINE PARTS,ENG. CLUTCH,1822,1279,172,163,65,,,,por unidad,,https://api.mybihr.com/medias/1118717-1-800Wx800H?context=bWFzdGVyfHJvb3R8NjU1MzV8aW1hZ2UvanBlZ3xhRGsyTDJnellpOHlOams0TXpVek9URTNPVFUxTUM4eE1URTROekUzTFRGZk9EQXdWM2c0TURCSXw0ZTI4NzMyMDQ1NGFmZjdjMGI2NDhmOWJmNTJlMDBmODgyMjI0YWMyYjExMzRjNTU5N2VhMDgyMDc5ODE1NWE0,,,https://static.bihr.pro/eBihr/Pictures/NEWFREN-pictures.zip,Spain Warehouse (Parts)
1118441,,F2891R,NEWFREN,NEWFR PLATE FRICTION,Kit de discos de embrague NEWFREN Performance,187.67,155.10,100.82,8025832375739,1,8714105000,0,1,"<p><strong>PERFORMANCE LINE</strong></p>
<p>V&aacute;lidos tambi&eacute;n para el uso deportivo. La gama Performance ha sido pensada para un uso en carretera intensivo, pero tambi&eacute;n para uso deportivo para soportar las altas exigencias y para dar prestaciones de alto nivel. Los materiales de fricci&oacute;n, utilizados en los discos conductores del embrague en ba&ntilde;o de aceite, es el Paper Carbon. Los discos conducidos (separadores) est&aacute;n fabricados en un acero especial que asegura la m&aacute;xima resistencia y ausencias de deformaciones.</p>","
PERFORMANCE LINE

Válidos también para el uso deportivo. La gama Performance ha sido pensada para un uso en carretera intensivo, pero también para uso deportivo para soportar las altas exigencias y para dar prestaciones de alto nivel. Los materiales de fricción, utilizados en los discos conductores del embrague en baño de aceite, es el Paper Carbon. Los discos conducidos (separadores) están fabricados en un acero especial que asegura la máxima resistencia y ausencias de deformaciones.",VEHICLE PARTS & ACCESSORIES,ENGINE PARTS,ENG. CLUTCH,1705,1070,166,163,63,Orgánica,,,por unidad,,https://api.mybihr.com/medias/800Wx800H-1118441-1.jpg?context=bWFzdGVyfHJvb3R8Mjk5NTcyfGltYWdlL2pwZWd8YURsaUwyZzVPQzg0TVRRMk9UWTVNVEkyTlRBMU5DODRNREJYZURnd01FaGZNVEV4T0RRME1TMHhMbXB3Wnd8ZWQ2OGIzMzFhZmZmODNjOWM4MzAwZjc5OTEwMjAwZjMyZjIxMGE1ZmJhY2YxMTNjMDQzNzkzMWE1ZjE3NDY3MA,,,https://static.bihr.pro/eBihr/Pictures/NEWFREN-pictures.zip,Spain Warehouse (Parts)
1124848,,FC1349,NEWFREN,NEWFR CLUTCH CENTRIFUGAL,Embrague centrífugo NEWFREN,33.28,27.50,17.88,8025832039549,0,8714105000,0,1,"<p>Los embragues Newfren ofrecen larga duraci&oacute;n, rendimiento y excelente fiabilidad en todas las condiciones. Los embragues centr&iacute;fugos est&aacute;n disponibles para todos los scooters actuales. La versi&oacute;n est&aacute;ndar est&aacute; equipada con muelles totalmente intercambiables con los muelles originales. Estos muelles suelen resolver un problema comunicado por los clientes, para el que Newfren ha encontrado una soluci&oacute;n y la ha incorporado a la especificaci&oacute;n revisada del muelle.</p>","
Los embragues Newfren ofrecen larga duración, rendimiento y excelente fiabilidad en todas las condiciones. Los embragues centrífugos están disponibles para todos los scooters actuales. La versión estándar está equipada con muelles totalmente intercambiables con los muelles originales. Estos muelles suelen resolver un problema comunicado por los clientes, para el que Newfren ha encontrado una solución y la ha incorporado a la especificación revisada del muelle.",VEHICLE PARTS & ACCESSORIES,ENGINE PARTS,ENG. CLUTCH,436,495,117,113,33,,,,por unidad,,https://api.mybihr.com/medias/800Wx800H-1124848-1.jpg?context=bWFzdGVyfHJvb3R8MTIwOTI5fGltYWdlL2pwZWd8YURBeUwyZzFNaTgxTURRM01EWTVNemM1TnpreE9DODRNREJYZURnd01FaGZNVEV5TkRnME9DMHhMbXB3Wnd8MjA1MmYxMGRiYmU1MDk4YTk1NWUzZWI1YTIxOTVjYThiNTQyMTMxNzdiMmQwYzgyYjY0MDMwNmFkNTliNzAxNg,,,https://static.bihr.pro/eBihr/Pictures/NEWFREN-pictures.zip,Spain Warehouse (Parts)
1118716,,F2733SR,NEWFREN,NEWFR COMPLETE CLUTCH KIT,Kit de discos + separadores de embrague NEWFREN Performance,261.84,216.40,140.66,8025832386643,1,8714105000,0,1,"<p><strong>PERFORMANCE LINE</strong></p>
<p>V&aacute;lidos tambi&eacute;n para el uso deportivo. La gama Performance ha sido pensada para un uso en carretera intensivo, pero tambi&eacute;n para uso deportivo para soportar las altas exigencias y para dar prestaciones de alto nivel. Los materiales de fricci&oacute;n, utilizados en los discos conductores del embrague en ba&ntilde;o de aceite, es el Paper Carbon. Los discos conducidos (separadores) est&aacute;n fabricados en un acero especial que asegura la m&aacute;xima resistencia y ausencias de deformaciones.</p>","
PERFORMANCE LINE

Válidos también para el uso deportivo. La gama Performance ha sido pensada para un uso en carretera intensivo, pero también para uso deportivo para soportar las altas exigencias y para dar prestaciones de alto nivel. Los materiales de fricción, utilizados en los discos conductores del embrague en baño de aceite, es el Paper Carbon. Los discos conducidos (separadores) están fabricados en un acero especial que asegura la máxima resistencia y ausencias de deformaciones.",VEHICLE PARTS & ACCESSORIES,ENGINE PARTS,ENG. CLUTCH,1810,1316,172,167,63,,,,por unidad,,https://api.mybihr.com/medias/1118716-1-800Wx800H?context=bWFzdGVyfHJvb3R8NjU1MzV8aW1hZ2UvanBlZ3xhR05tTDJnNU1DOHlOams0TXpVek9EYzROak16TkM4eE1URTROekUyTFRGZk9EQXdWM2c0TURCSXwzNTg1MDQ3ZjJjOWEwMTJkNDU1MDA0ZmRiNTg3NDc1ZDNkZThlNzBkZmM0MjljODk0NGQ1MWE4MzJjZDY1YjA1,,,https://static.bihr.pro/eBihr/Pictures/NEWFREN-pictures.zip,Spain Warehouse (Parts)
1118439,,F2884R,NEWFREN,NEWFR PLATE FRICTION,Kit de discos de embrague NEWFREN Performance,138.06,114.10,74.17,8025832294955,1,8714105000,0,1,"<p><strong>PERFORMANCE LINE</strong></p>
<p>V&aacute;lidos tambi&eacute;n para el uso deportivo. La gama Performance ha sido pensada para un uso en carretera intensivo, pero tambi&eacute;n para uso deportivo para soportar las altas exigencias y para dar prestaciones de alto nivel. Los materiales de fricci&oacute;n, utilizados en los discos conductores del embrague en ba&ntilde;o de aceite, es el Paper Carbon. Los discos conducidos (separadores) est&aacute;n fabricados en un acero especial que asegura la m&aacute;xima resistencia y ausencias de deformaciones.</p>","
PERFORMANCE LINE

Válidos también para el uso deportivo. La gama Performance ha sido pensada para un uso en carretera intensivo, pero también para uso deportivo para soportar las altas exigencias y para dar prestaciones de alto nivel. Los materiales de fricción, utilizados en los discos conductores del embrague en baño de aceite, es el Paper Carbon. Los discos conducidos (separadores) están fabricados en un acero especial que asegura la máxima resistencia y ausencias de deformaciones.",VEHICLE PARTS & ACCESSORIES,ENGINE PARTS,ENG. CLUTCH,1078,381,172,165,38,Orgánica,,,por unidad,,https://api.mybihr.com/medias/800Wx800H-1118439-1.jpg?context=bWFzdGVyfHJvb3R8Mjk5NTcyfGltYWdlL2pwZWd8YURZeEwyZzBNeTg0TVRRMk9UWTVNRGczTVRnek9DODRNREJYZURnd01FaGZNVEV4T0RRek9TMHhMbXB3Wnd8NTQ3MTdjNTJiMzE3Y2M5YzRhZTdlYjI5ZGVlZDgwYjk4YWI2MjFiYjU2NDBkYTBjYjhkMjdiNzlkYzU0NDA2ZA,,,https://static.bihr.pro/eBihr/Pictures/NEWFREN-pictures.zip,Spain Warehouse (Parts)
1118713,,F2948AC,NEWFREN,NEWFR COMPLETE CLUTCH KIT,Kit de discos + separadores de embrague NEWFREN Standard,258.94,214.00,139.10,8025832387688,1,8714105000,0,1,"<p><strong>OE-STANDARD LINE</strong></p>
<p>Est&aacute;n dise&ntilde;ados para sustituir al embrague OE, manteniendo las mismas prestaciones y durabilidad. Los juegos de discos de embrague OE-Standard se fabrican con materiales de primera calidad. Son productos extremadamente fiables. El material de fricci&oacute;n de los discos es org&aacute;nico. El compuesto del material org&aacute;nico se elige en funci&oacute;n del tipo y la utilizaci&oacute;n de la motocicleta, optimizando as&iacute; el rendimiento, aunque dentro de las directrices del fabricante.</p>","
OE-STANDARD LINE

Están diseñados para sustituir al embrague OE, manteniendo las mismas prestaciones y durabilidad. Los juegos de discos de embrague OE-Standard se fabrican con materiales de primera calidad. Son productos extremadamente fiables. El material de fricción de los discos es orgánico. El compuesto del material orgánico se elige en función del tipo y la utilización de la motocicleta, optimizando así el rendimiento, aunque dentro de las directrices del fabricante.",VEHICLE PARTS & ACCESSORIES,ENGINE PARTS,ENG. CLUTCH,1653,1205,168,164,60,,,,por unidad,,https://api.mybihr.com/medias/1118713-1-800Wx800H?context=bWFzdGVyfHJvb3R8NjU1MzV8aW1hZ2UvanBlZ3xhR1UzTDJobVpTOHlOams0TXpVek56WXdOalk0Tmk4eE1URTROekV6TFRGZk9EQXdWM2c0TURCSXwzMWUyZDhkMDQxMjgyODk5MGUzMDg4ZGM2NzY3MTlkYjg4NmQwZmEyMDhjZTJmMjJkZjE4MjhkZTcyMTgwZDlm,,,https://static.bihr.pro/eBihr/Pictures/NEWFREN-pictures.zip,Spain Warehouse (Parts)
1118412,,F2926AC,NEWFREN,NEWFR COMPLETE CLUTCH KIT,Kit de discos + separadores de embrague NEWFREN Standard,169.64,140.20,91.13,8025832277668,1,8714105000,0,1,"<p><strong>OE-STANDARD LINE</strong></p>
<p>Est&aacute;n dise&ntilde;ados para sustituir al embrague OE, manteniendo las mismas prestaciones y durabilidad. Los juegos de discos de embrague OE-Standard se fabrican con materiales de primera calidad. Son productos extremadamente fiables. El material de fricci&oacute;n de los discos es org&aacute;nico. El compuesto del material org&aacute;nico se elige en funci&oacute;n del tipo y la utilizaci&oacute;n de la motocicleta, optimizando as&iacute; el rendimiento, aunque dentro de las directrices del fabricante.</p>","
OE-STANDARD LINE

Están diseñados para sustituir al embrague OE, manteniendo las mismas prestaciones y durabilidad. Los juegos de discos de embrague OE-Standard se fabrican con materiales de primera calidad. Son productos extremadamente fiables. El material de fricción de los discos es orgánico. El compuesto del material orgánico se elige en función del tipo y la utilización de la motocicleta, optimizando así el rendimiento, aunque dentro de las directrices del fabricante.",VEHICLE PARTS & ACCESSORIES,ENGINE PARTS,ENG. CLUTCH,1787,1073,174,163,63,,,,por unidad,,https://api.mybihr.com/medias/1118412-1-800Wx800H?context=bWFzdGVyfHJvb3R8NjU1MzV8aW1hZ2UvanBlZ3xhREExTDJoa1ppOHlOams0TXpVek1qRXdNVFkyTWk4eE1URTROREV5TFRGZk9EQXdWM2c0TURCSXw5MGVmZjRkMWE4YzRkOWE2N2M4NTZiNTRhYzcyYTIxYjlkYWJhNzFhMDRjYzYwNWU1YWU4OTQ5MGY3N2Y4YzA4,,,https://static.bihr.pro/eBihr/Pictures/NEWFREN-pictures.zip,Spain Warehouse (Parts)
1118414,,F2887AC,NEWFREN,NEWFR COMPLETE CLUTCH KIT,Kit de discos + separadores de embrague NEWFREN Standard,112.05,92.60,60.19,8025832365112,0,8714105000,0,1,"<p><strong>OE-STANDARD LINE</strong></p>
<p>Est&aacute;n dise&ntilde;ados para sustituir al embrague OE, manteniendo las mismas prestaciones y durabilidad. Los juegos de discos de embrague OE-Standard se fabrican con materiales de primera calidad. Son productos extremadamente fiables. El material de fricci&oacute;n de los discos es org&aacute;nico. El compuesto del material org&aacute;nico se elige en funci&oacute;n del tipo y la utilizaci&oacute;n de la motocicleta, optimizando as&iacute; el rendimiento, aunque dentro de las directrices del fabricante.</p>","
OE-STANDARD LINE

Están diseñados para sustituir al embrague OE, manteniendo las mismas prestaciones y durabilidad. Los juegos de discos de embrague OE-Standard se fabrican con materiales de primera calidad. Son productos extremadamente fiables. El material de fricción de los discos es orgánico. El compuesto del material orgánico se elige en función del tipo y la utilización de la motocicleta, optimizando así el rendimiento, aunque dentro de las directrices del fabricante.",VEHICLE PARTS & ACCESSORIES,ENGINE PARTS,ENG. CLUTCH,761,600,149,146,35,,,,por unidad,,https://api.mybihr.com/medias/1118414-1-800Wx800H?context=bWFzdGVyfHJvb3R8NjU1MzV8aW1hZ2UvanBlZ3xhR1F3TDJobU55OHlOams0TXpVek1qZzRPREE1TkM4eE1URTROREUwTFRGZk9EQXdWM2c0TURCSXw5ZjJkNTViZDQ0ZTU3ODIyYmY5YzM4YTI4YTM4ZGU1YzYwYmZlZDNhM2M4ZjM3MWRjMjExY2RlMzRmYTAyY2Zj,,,https://static.bihr.pro/eBihr/Pictures/NEWFREN-pictures.zip,Spain Warehouse (Parts)
1118424,,F2877SR,NEWFREN,NEWFR COMPLETE CLUTCH KIT,Kit de discos + separadores de embrague NEWFREN Performance,226.88,187.50,121.88,8025832277385,1,8714105000,0,1,"<p><strong>PERFORMANCE LINE</strong></p>
<p>V&aacute;lidos tambi&eacute;n para el uso deportivo. La gama Performance ha sido pensada para un uso en carretera intensivo, pero tambi&eacute;n para uso deportivo para soportar las altas exigencias y para dar prestaciones de alto nivel. Los materiales de fricci&oacute;n, utilizados en los discos conductores del embrague en ba&ntilde;o de aceite, es el Paper Carbon. Los discos conducidos (separadores) est&aacute;n fabricados en un acero especial que asegura la m&aacute;xima resistencia y ausencias de deformaciones.</p>","
PERFORMANCE LINE

Válidos también para el uso deportivo. La gama Performance ha sido pensada para un uso en carretera intensivo, pero también para uso deportivo para soportar las altas exigencias y para dar prestaciones de alto nivel. Los materiales de fricción, utilizados en los discos conductores del embrague en baño de aceite, es el Paper Carbon. Los discos conducidos (separadores) están fabricados en un acero especial que asegura la máxima resistencia y ausencias de deformaciones.",VEHICLE PARTS & ACCESSORIES,ENGINE PARTS,ENG. CLUTCH,1734,1190,171,161,63,,,,por unidad,,https://api.mybihr.com/medias/1118424-1-800Wx800H?context=bWFzdGVyfHJvb3R8NjU1MzV8aW1hZ2UvanBlZ3xhRFV5TDJnNVpTOHlOams0TXpVek5qZ3lNREkxTkM4eE1URTROREkwTFRGZk9EQXdWM2c0TURCSXwzOGJhNmM3ZGExZDc4YWNlNWFlNjRjMWU1MjdiZTcwMzYxMjVmOGJhZWU0OGYyNDkxNDlkYzQ2MTY4NzRiMDM5,,,https://static.bihr.pro/eBihr/Pictures/NEWFREN-pictures.zip,Spain Warehouse (Parts)
1118431,,F2733A,NEWFREN,NEWFR PLATE FRICTION,Kit de discos de embrague NEWFREN Standard,113.14,93.50,60.78,8025832385202,2,8714105000,0,1,"<p><strong>OE-STANDARD LINE</strong></p>
<p>Est&aacute;n dise&ntilde;ados para sustituir al embrague OE, manteniendo las mismas prestaciones y durabilidad. Los juegos de discos de embrague OE-Standard se fabrican con materiales de primera calidad. Son productos extremadamente fiables. El material de fricci&oacute;n de los discos es org&aacute;nico. El compuesto del material org&aacute;nico se elige en funci&oacute;n del tipo y la utilizaci&oacute;n de la motocicleta, optimizando as&iacute; el rendimiento, aunque dentro de las directrices del fabricante.</p>","
OE-STANDARD LINE

Están diseñados para sustituir al embrague OE, manteniendo las mismas prestaciones y durabilidad. Los juegos de discos de embrague OE-Standard se fabrican con materiales de primera calidad. Son productos extremadamente fiables. El material de fricción de los discos es orgánico. El compuesto del material orgánico se elige en función del tipo y la utilización de la motocicleta, optimizando así el rendimiento, aunque dentro de las directrices del fabricante.",VEHICLE PARTS & ACCESSORIES,ENGINE PARTS,ENG. CLUTCH,882,345,164,163,33,Orgánica,,,por unidad,,https://api.mybihr.com/medias/800Wx800H-1118431-1.jpg?context=bWFzdGVyfHJvb3R8Mjk5NTcyfGltYWdlL2pwZWd8YURFNUwyaGxPUzg0TVRRMk9UWTRPVEl6TXpRek9DODRNREJYZURnd01FaGZNVEV4T0RRek1TMHhMbXB3Wnd8MTBlMjY4MWQyNWI1MWNiMGQ5MWI1NDNlYTUwMzk4MWZmMTZlY2IyNTg4YTQ5MzMxODUzYTMwZmNjN2JjODY0YQ,,,https://static.bihr.pro/eBihr/Pictures/NEWFREN-pictures.zip,Spain Warehouse (Parts)
1118418,,F2884SR,NEWFREN,NEWFR COMPLETE CLUTCH KIT,Kit de discos + separadores de embrague NEWFREN Performance,207.03,171.10,111.22,8025832294962,2,8714105000,0,1,"<p><strong>PERFORMANCE LINE</strong></p>
<p>V&aacute;lidos tambi&eacute;n para el uso deportivo. La gama Performance ha sido pensada para un uso en carretera intensivo, pero tambi&eacute;n para uso deportivo para soportar las altas exigencias y para dar prestaciones de alto nivel. Los materiales de fricci&oacute;n, utilizados en los discos conductores del embrague en ba&ntilde;o de aceite, es el Paper Carbon. Los discos conducidos (separadores) est&aacute;n fabricados en un acero especial que asegura la m&aacute;xima resistencia y ausencias de deformaciones.</p>","
PERFORMANCE LINE

Válidos también para el uso deportivo. La gama Performance ha sido pensada para un uso en carretera intensivo, pero también para uso deportivo para soportar las altas exigencias y para dar prestaciones de alto nivel. Los materiales de fricción, utilizados en los discos conductores del embrague en baño de aceite, es el Paper Carbon. Los discos conducidos (separadores) están fabricados en un acero especial que asegura la máxima resistencia y ausencias de deformaciones.",VEHICLE PARTS & ACCESSORIES,ENGINE PARTS,ENG. CLUTCH,1224,706,190,161,40,,,,por unidad,,https://api.mybihr.com/medias/1118418-1-800Wx800H?context=bWFzdGVyfHJvb3R8NjU1MzV8aW1hZ2UvanBlZ3xhRGRqTDJnME1pOHlOams0TXpVek5EUTJNRGsxT0M4eE1URTROREU0TFRGZk9EQXdWM2c0TURCSXwwYmEwYmU4NTZiYzNiZmUwN2IwYjZhNjJmMjdkOWU1Yzk1NjAxYjgxNDM3Yzc4ZjBlYzA0ZDJhYTFhOGE2ZTBm,,,https://static.bihr.pro/eBihr/Pictures/NEWFREN-pictures.zip,Spain Warehouse (Parts)
1118440,,F2850R,NEWFREN,NEWFR PLATE FRICTION,Kit de discos de embrague NEWFREN Performance,120.88,99.90,64.94,8025832265528,0,8714105000,0,1,"<p><strong>PERFORMANCE LINE</strong></p>
<p>V&aacute;lidos tambi&eacute;n para el uso deportivo. La gama Performance ha sido pensada para un uso en carretera intensivo, pero tambi&eacute;n para uso deportivo para soportar las altas exigencias y para dar prestaciones de alto nivel. Los materiales de fricci&oacute;n, utilizados en los discos conductores del embrague en ba&ntilde;o de aceite, es el Paper Carbon. Los discos conducidos (separadores) est&aacute;n fabricados en un acero especial que asegura la m&aacute;xima resistencia y ausencias de deformaciones.</p>","
PERFORMANCE LINE

Válidos también para el uso deportivo. La gama Performance ha sido pensada para un uso en carretera intensivo, pero también para uso deportivo para soportar las altas exigencias y para dar prestaciones de alto nivel. Los materiales de fricción, utilizados en los discos conductores del embrague en baño de aceite, es el Paper Carbon. Los discos conducidos (separadores) están fabricados en un acero especial que asegura la máxima resistencia y ausencias de deformaciones.",VEHICLE PARTS & ACCESSORIES,ENGINE PARTS,ENG. CLUTCH,1041,612,166,165,38,Orgánica,,,por unidad,,https://api.mybihr.com/medias/800Wx800H-1118440-1.jpg?context=bWFzdGVyfHJvb3R8Mjk5NTcyfGltYWdlL2pwZWd8YUdOaEwyZzVNUzg0TVRRMk9UWTVNVEEyT0RRME5pODRNREJYZURnd01FaGZNVEV4T0RRME1DMHhMbXB3Wnd8ZDlmOGUzNTA0MzgyNTRkM2JkNzVkNzA3NjQ1ZDFlODM1MzQwOWUyYzk4ZTE1ODNlZTVmMjlmMzAwODJmZWZhNQ,,,https://static.bihr.pro/eBihr/Pictures/NEWFREN-pictures.zip,Spain Warehouse (Parts)
1018227,,F1490K,NEWFREN,NEWFR PLATE FRICTION,Disco de embrague NEWFREN Dry,80.10,66.20,43.03,8025832165361,2,8714105000,0,1,"<p><strong>DRY CUTCH LINE</strong></p>
<p>La gama de embragues mono disco en seco, cubre aplicaciones para BMW desde los a&ntilde;os 70 hasta hoy, tambi&eacute;n para Moto Guzzi; proponiendo un recambio de altas prestaciones. La primera gama creada es la l&iacute;nea K, disponible para todas las aplicaciones, es un recambio de alta calidad. La segunda creada es la l&iacute;nea KW, que incorpora un nuevo material de fricci&oacute;n compuesto de fibras sint&eacute;ticas aramidicas. Estas poseen una elevada resistencia mec&aacute;nica a la tracci&oacute;n y al calor. En caso de sobrecalentamiento, el material tiene la propiedad de no vitrificar y retomar sus caracter&iacute;sticas originales cuando la temperatura baja. Otra propiedad importante es que no pierde propiedades de fricci&oacute;n en contacto con el aceite. L&iacute;nea &ldquo;Recambios de alta calidad&rdquo; Made in Italy.</p>","
DRY CUTCH LINE

La gama de embragues mono disco en seco, cubre aplicaciones para BMW desde los años 70 hasta hoy, también para Moto Guzzi; proponiendo un recambio de altas prestaciones. La primera gama creada es la línea K, disponible para todas las aplicaciones, es un recambio de alta calidad. La segunda creada es la línea KW, que incorpora un nuevo material de fricción compuesto de fibras sintéticas aramidicas. Estas poseen una elevada resistencia mecánica a la tracción y al calor. En caso de sobrecalentamiento, el material tiene la propiedad de no vitrificar y retomar sus características originales cuando la temperatura baja. Otra propiedad importante es que no pierde propiedades de fricción en contacto con el aceite. Línea “Recambios de alta calidad” Made in Italy.",VEHICLE PARTS & ACCESSORIES,ENGINE PARTS,ENG. CLUTCH,1391,486,182,182,42,Orgánica,,,"por unidad & ",,https://api.mybihr.com/medias/800Wx800H-1018227-1.jpg?context=bWFzdGVyfHJvb3R8Mjg1NzQyfGltYWdlL2pwZWd8YURZekwyZzJOaTh6TXpJNU56TTBNVGczTkRJd05pODRNREJYZURnd01FaGZNVEF4T0RJeU55MHhMbXB3Wnd8ZmQ4MjIxMDQ3OTMzZjMzYjFmZjVjNDFlZjVmZmJkOTc0ZTUzMmJhNDlkOGVmMzdhNmFhNDEwNmNjYWFmYzJiYQ,,,https://static.bihr.pro/eBihr/Pictures/NEWFREN-pictures.zip,Spain Warehouse (Parts)
1152549,,F3614AC,NEWFREN,NEWFR COMPLETE CLUTCH KIT,Kit de discos + separadores de embrague NEWFREN Standard,156.33,129.20,83.98,,0,8714105000,0,1,"<p><strong>OE-STANDARD LINE</strong></p>
<p>Est&aacute;n dise&ntilde;ados para sustituir al embrague OE, manteniendo las mismas prestaciones y durabilidad. Los juegos de discos de embrague OE-Standard se fabrican con materiales de primera calidad. Son productos extremadamente fiables. El material de fricci&oacute;n de los discos es org&aacute;nico. El compuesto del material org&aacute;nico se elige en funci&oacute;n del tipo y la utilizaci&oacute;n de la motocicleta, optimizando as&iacute; el rendimiento, aunque dentro de las directrices del fabricante.</p>","
OE-STANDARD LINE

Están diseñados para sustituir al embrague OE, manteniendo las mismas prestaciones y durabilidad. Los juegos de discos de embrague OE-Standard se fabrican con materiales de primera calidad. Son productos extremadamente fiables. El material de fricción de los discos es orgánico. El compuesto del material orgánico se elige en función del tipo y la utilización de la motocicleta, optimizando así el rendimiento, aunque dentro de las directrices del fabricante.",VEHICLE PARTS & ACCESSORIES,ENGINE PARTS,ENG. CLUTCH,843,737,142,138,43,Orgánica,,,por unidad,,https://api.mybihr.com/medias/800Wx800H-1152549-1.jpg?context=bWFzdGVyfHJvb3R8NjU1Mzd8aW1hZ2UvanBlZ3xhRFptTDJobFlTOHhNREV6TWpreU5UTXdOREF4TlRndk9EQXdWM2c0TURCSVh6RXhOVEkxTkRrdE1TNXFjR2N8M2FmZjZjNjk0OTlkMzlmNzc5MmIxMDhlYzIwNmM5YThlYWRiZTNjMDYyYWFhMWQ1OGY0OGQxMTZiMmEwNTg3YQ,,,https://static.bihr.pro/eBihr/Pictures/NEWFREN-pictures.zip,Spain Warehouse (Parts)
1152550,,F2728AC,NEWFREN,NEWFR COMPLETE CLUTCH KIT,Kit de discos + separadores de embrague NEWFREN Standard,140.00,115.70,75.21,8025832381617,1,8714105000,0,1,"<p><strong>OE-STANDARD LINE</strong></p>
<p>Est&aacute;n dise&ntilde;ados para sustituir al embrague OE, manteniendo las mismas prestaciones y durabilidad. Los juegos de discos de embrague OE-Standard se fabrican con materiales de primera calidad. Son productos extremadamente fiables. El material de fricci&oacute;n de los discos es org&aacute;nico. El compuesto del material org&aacute;nico se elige en funci&oacute;n del tipo y la utilizaci&oacute;n de la motocicleta, optimizando as&iacute; el rendimiento, aunque dentro de las directrices del fabricante.</p>","
OE-STANDARD LINE

Están diseñados para sustituir al embrague OE, manteniendo las mismas prestaciones y durabilidad. Los juegos de discos de embrague OE-Standard se fabrican con materiales de primera calidad. Son productos extremadamente fiables. El material de fricción de los discos es orgánico. El compuesto del material orgánico se elige en función del tipo y la utilización de la motocicleta, optimizando así el rendimiento, aunque dentro de las directrices del fabricante.",VEHICLE PARTS & ACCESSORIES,ENGINE PARTS,ENG. CLUTCH,1069,784,164,163,40,Orgánica,,,por unidad,,https://api.mybihr.com/medias/800Wx800H-1152550-1.jpg?context=bWFzdGVyfHJvb3R8NjU1Mzd8aW1hZ2UvanBlZ3xhR1V5TDJoa1l5OHhNREV6TWpreU5UTTBNek16TnpRdk9EQXdWM2c0TURCSVh6RXhOVEkxTlRBdE1TNXFjR2N8MGE3MmM1NTRjZjgzZmViZmY5YzczNzkzZWYzZDJjZWQyMDU2MGQ0MDRjYzBmZmEyNGIzODNlYmJhYWVjZTJjZg,,,https://static.bihr.pro/eBihr/Pictures/NEWFREN-pictures.zip,Spain Warehouse (Parts)
1155013,,F1339QC,NEWFREN,NEWFR PLATE STEEL&FRICTION,Kit de discos + separadores de embrague NEWFREN Pro Race,290.88,240.40,156.26,,0,8714105000,0,1,"<p><strong>PRO RACE - DUCATI LINE</strong></p>
<p>Primer equipo elegido por Ducati con el grupo embragues STM para equipar la Panigale V4R y socio de Ducati Corse en Team SBK. La Linea Newfren con aplicaciones Ducati, hoy es la gama m&aacute;s extensa y la m&aacute;s avanzada tecnol&oacute;gicamente. La gama incluye discos org&aacute;nicos y discos sinterizados. Set para ba&ntilde;o en aceite y set para seco. El producto garantiza un recambio de altas prestaciones. Sea la gama sinterizada, sea la gama org&aacute;nica. Los embragues Newfren han sido seleccionados como primer equipo en modelos de serie.</p>","
PRO RACE - DUCATI LINE

Primer equipo elegido por Ducati con el grupo embragues STM para equipar la Panigale V4R y socio de Ducati Corse en Team SBK. La Linea Newfren con aplicaciones Ducati, hoy es la gama más extensa y la más avanzada tecnológicamente. La gama incluye discos orgánicos y discos sinterizados. Set para baño en aceite y set para seco. El producto garantiza un recambio de altas prestaciones. Sea la gama sinterizada, sea la gama orgánica. Los embragues Newfren han sido seleccionados como primer equipo en modelos de serie.",VEHICLE PARTS & ACCESSORIES,ENGINE PARTS,ENG. CLUTCH,1,1,10,10,10,,,,,,https://api.mybihr.com/medias/800Wx800H-1155013-1.jpg?context=bWFzdGVyfHJvb3R8MzE3OTI2fGltYWdlL2pwZWd8YURReUwyZzVNeTh4TURFM05EazROREF5TVRZd09UUXZPREF3VjNnNE1EQklYekV4TlRVd01UTXRNUzVxY0djfDAzYzc5NTJkNjE5NTgyNDAxNjBmYmU0M2JiMDlkZTA1YzUyMzkyMGQ5NmQzNTFjNTY3NGJlMGE0ODM1ZmIxZTY,https://api.mybihr.com/medias/800Wx800H-1155013-2.jpg?context=bWFzdGVyfHJvb3R8MzM4Nzl8aW1hZ2UvanBlZ3xhR05tTDJoaE1DOHhNREUzTkRrNE5EQTJNRGt6TVRBdk9EQXdWM2c0TURCSVh6RXhOVFV3TVRNdE1pNXFjR2N8NTQzZDFjOWFmNjljNjJlMDEyODgyMDQxNGUzNmIyYmIwNTUxMzkyN2QwOWM4OGZjZWI5ODQxMzRiZTliN2Q3ZQ,https://api.mybihr.com/medias/800Wx800H-1155013-3.jpg?context=bWFzdGVyfHJvb3R8NjYwMzR8aW1hZ2UvanBlZ3xhREZpTDJobU5pOHhNREUzTkRrNE5ERXdNREkxTWpZdk9EQXdWM2c0TURCSVh6RXhOVFV3TVRNdE15NXFjR2N8OGQxYzVlOGZjZTYxMDg1YjMxNjI0ZmNlNGY3YWM5MmU2ZjU0NDRhMzZhZTk4MTI5NzIwOGNkZGQ2NDVlZTgzYg,https://static.bihr.pro/eBihr/Pictures/NEWFREN-pictures.zip,Spain Warehouse (Parts)
1155011,,F1338Q,NEWFREN,NEWFR PLATE FRICTION,Kit de discos de embrague NEWFREN Standard,261.72,216.30,140.60,,0,8714105000,0,1,"<p><strong>PRO RACE LINE</strong></p>
<p>Los embragues Pro Race son lo más alto de la gama. Son el resultado de la investigación en nuevas tecnologías combinadas con nuevos materiales desarrollados en colaboración con importantes equipos de Superbike, Moto3 y MXGP. El material de fricción está compuesto principalmente de celulosa, resinas, carbono y otros elementos que garantizan un coeficiente de fricción extremadamente alto y son menos compresibles. El particular diseño de ""muescas separadas"" mejora el flujo de aceite, permitiendo que las placas funcionen con mayor eficacia. La combinación de este diseño con el nuevo material de fricción aumenta la resistencia a la fatiga y garantiza la máxima estabilidad de funcionamiento, incluso en uso extremo, lo que convierte al embrague Pro Race en un producto de competición de muy alta calidad.</p>
<p>&nbsp;</p>
<p>Cantidad <strong>11</strong></p>
<p>Espesor <strong>2,8</strong></p>
<p>Número de bordes <strong>12</strong></p>
<p>Diámetro externo <strong>132,5</strong></p>
<p>Diámetro interno <strong>111,5</strong></p>","
PRO RACE LINE

Los embragues Pro Race son lo más alto de la gama. Son el resultado de la investigación en nuevas tecnologías combinadas con nuevos materiales desarrollados en colaboración con importantes equipos de Superbike, Moto3 y MXGP. El material de fricción está compuesto principalmente de celulosa, resinas, carbono y otros elementos que garantizan un coeficiente de fricción extremadamente alto y son menos compresibles. El particular diseño de ""muescas separadas"" mejora el flujo de aceite, permitiendo que las placas funcionen con mayor eficacia. La combinación de este diseño con el nuevo material de fricción aumenta la resistencia a la fatiga y garantiza la máxima estabilidad de funcionamiento, incluso en uso extremo, lo que convierte al embrague Pro Race en un producto de competición de muy alta calidad.

 

Cantidad 11

Espesor 2,8

Número de bordes 12

Diámetro externo 132,5

Diámetro interno 111,5",VEHICLE PARTS & ACCESSORIES,ENGINE PARTS,ENG. CLUTCH,1,1,10,10,10,Orgánica,,,"por 6 & ",,https://api.mybihr.com/medias/800Wx800H-1155011-1.jpg?context=bWFzdGVyfHJvb3R8NDA3OTB8aW1hZ2UvanBlZ3xhREJqTDJoaFl5OHhNREUzTkRrNE16Y3pOalV5Tnpndk9EQXdWM2c0TURCSVh6RXhOVFV3TVRFdE1TNXFjR2N8M2E1ODdjYjA1MzZkOTJhODBlNDA4YWI1MzczMzFlMzA5Yzk4ZWIyZWZhN2ZiZTVmMDc0NjFjNmM1ZjhmYTBlOA,,,https://static.bihr.pro/eBihr/Pictures/NEWFREN-pictures.zip,Spain Warehouse (Parts)
1152552,,F2734AC,NEWFREN,NEWFR COMPLETE CLUTCH KIT,Kit de discos + separadores de embrague NEWFREN Standard,137.21,113.40,73.71,8025832430469,1,8714105000,0,1,"<p><strong>OE-STANDARD LINE</strong></p>
<p>Est&aacute;n dise&ntilde;ados para sustituir al embrague OE, manteniendo las mismas prestaciones y durabilidad. Los juegos de discos de embrague OE-Standard se fabrican con materiales de primera calidad. Son productos extremadamente fiables. El material de fricci&oacute;n de los discos es org&aacute;nico. El compuesto del material org&aacute;nico se elige en funci&oacute;n del tipo y la utilizaci&oacute;n de la motocicleta, optimizando as&iacute; el rendimiento, aunque dentro de las directrices del fabricante.</p>","
OE-STANDARD LINE

Están diseñados para sustituir al embrague OE, manteniendo las mismas prestaciones y durabilidad. Los juegos de discos de embrague OE-Standard se fabrican con materiales de primera calidad. Son productos extremadamente fiables. El material de fricción de los discos es orgánico. El compuesto del material orgánico se elige en función del tipo y la utilización de la motocicleta, optimizando así el rendimiento, aunque dentro de las directrices del fabricante.",VEHICLE PARTS & ACCESSORIES,ENGINE PARTS,ENG. CLUTCH,1010,728,163,163,38,Orgánica,,,por unidad,,https://api.mybihr.com/medias/800Wx800H-1152552-1.jpg?context=bWFzdGVyfHJvb3R8NjU1Mzd8aW1hZ2UvanBlZ3xhREZpTDJnM1lTOHhNREV6TWpreU5UUXlNVGs0TURZdk9EQXdWM2c0TURCSVh6RXhOVEkxTlRJdE1TNXFjR2N8MjljZTc3MTUwZmVkNGJlMTA2MjFiOGVkZjQ2MmNmYjg5NGJlZTRkZDRhZjI5Y2NkYzlhY2U5ZjUwNzllOThlMg,,,https://static.bihr.pro/eBihr/Pictures/NEWFREN-pictures.zip,Spain Warehouse (Parts)
1155016,,F2703QC,NEWFREN,NEWFR PLATE STEEL&FRICTIONS,Kit de discos + separadores de embrague NEWFREN Pro Race,257.97,213.20,138.58,8025832436355,0,8714105000,0,1,"<p><strong>OE-STANDARD LINE</strong></p>
<p>Est&aacute;n dise&ntilde;ados para sustituir al embrague OE, manteniendo las mismas prestaciones y durabilidad. Los juegos de discos de embrague OE-Standard se fabrican con materiales de primera calidad. Son productos extremadamente fiables. El material de fricci&oacute;n de los discos es org&aacute;nico. El compuesto del material org&aacute;nico se elige en funci&oacute;n del tipo y la utilizaci&oacute;n de la motocicleta, optimizando as&iacute; el rendimiento, aunque dentro de las directrices del fabricante.</p>","
OE-STANDARD LINE

Están diseñados para sustituir al embrague OE, manteniendo las mismas prestaciones y durabilidad. Los juegos de discos de embrague OE-Standard se fabrican con materiales de primera calidad. Son productos extremadamente fiables. El material de fricción de los discos es orgánico. El compuesto del material orgánico se elige en función del tipo y la utilización de la motocicleta, optimizando así el rendimiento, aunque dentro de las directrices del fabricante.",VEHICLE PARTS & ACCESSORIES,ENGINE PARTS,ENG. CLUTCH,3151,1389,201,201,78,,,,,,https://api.mybihr.com/medias/800Wx800H-1155016-1.jpg?context=bWFzdGVyfHJvb3R8MzE3OTI2fGltYWdlL2pwZWd8YUdFM0wyaG1aUzh4TURFM05EazROREV6T1RVM05ESXZPREF3VjNnNE1EQklYekV4TlRVd01UWXRNUzVxY0djfGM2MzdkMGU0YWU5NDEyZjAwZGQ2NzU0NWViOGRiZDYzMWRmMDcyZmRkMGYyNzU5ZmZhMjg3MGNiZThkMjJmYjY,https://api.mybihr.com/medias/800Wx800H-1155016-2.jpg?context=bWFzdGVyfHJvb3R8MzM4Nzl8aW1hZ2UvanBlZ3xhR1ZoTDJobE5DOHhNREUzTlRZMU9URTVPVFk1TlRndk9EQXdWM2c0TURCSVh6RXhOVFV3TVRZdE1pNXFjR2N8OWI5Njc5ZGRhYTE5YWQ3YzgzYTNhZTQxNTZmOTYzMGVmM2UxYWVhMzZkMmQzMmY3ZjYyZWNlOTM1NWUwYjg5Mg,https://api.mybihr.com/medias/800Wx800H-1155016-3.jpg?context=bWFzdGVyfHJvb3R8NjYwMzR8aW1hZ2UvanBlZ3xhRGxrTDJnNFppOHhNREUzTlRZMU9USXpPVEF4TnpRdk9EQXdWM2c0TURCSVh6RXhOVFV3TVRZdE15NXFjR2N8YTNiNmQxNzY5OTJiZDBhYzY1ODk3MWE5YWVmOWViZDdlYjkwMzdiZDY0ZDJmOWIzZDNhYjAyNDM0NTBmNDFjMw,https://static.bihr.pro/eBihr/Pictures/NEWFREN-pictures.zip,Spain Warehouse (Parts)
1155017,,F2704QC,NEWFREN,NEWFR PLATE STEEL&FRICTIONS,Kit de discos + separadores de embrague NEWFREN Pro Race,280.48,231.80,150.67,,0,8714105000,0,1,"<p><strong>OE-STANDARD LINE</strong></p>
<p>Est&aacute;n dise&ntilde;ados para sustituir al embrague OE, manteniendo las mismas prestaciones y durabilidad. Los juegos de discos de embrague OE-Standard se fabrican con materiales de primera calidad. Son productos extremadamente fiables. El material de fricci&oacute;n de los discos es org&aacute;nico. El compuesto del material org&aacute;nico se elige en funci&oacute;n del tipo y la utilizaci&oacute;n de la motocicleta, optimizando as&iacute; el rendimiento, aunque dentro de las directrices del fabricante.</p>","
OE-STANDARD LINE

Están diseñados para sustituir al embrague OE, manteniendo las mismas prestaciones y durabilidad. Los juegos de discos de embrague OE-Standard se fabrican con materiales de primera calidad. Son productos extremadamente fiables. El material de fricción de los discos es orgánico. El compuesto del material orgánico se elige en función del tipo y la utilización de la motocicleta, optimizando así el rendimiento, aunque dentro de las directrices del fabricante.",VEHICLE PARTS & ACCESSORIES,ENGINE PARTS,ENG. CLUTCH,3662,1646,204,204,88,,,,,,https://api.mybihr.com/medias/800Wx800H-1155017-1.jpg?context=bWFzdGVyfHJvb3R8MzE3OTI2fGltYWdlL2pwZWd8YURFd0wyZzRNaTh4TURFM05UWTFPVEkzT0RNek9UQXZPREF3VjNnNE1EQklYekV4TlRVd01UY3RNUzVxY0djfDMxNzg5MGQwZjdiZGYxMGNkNGI3MWE1OTA0NjA0YjgxMzgzZDcwNzkxNTJiMjg0OTg4MzNiMmJlNjJjYzMyMGM,https://api.mybihr.com/medias/800Wx800H-1155017-2.jpg?context=bWFzdGVyfHJvb3R8MzM4Nzl8aW1hZ2UvanBlZ3xhR1EzTDJneVl5OHhNREUzTlRZMU9UTXhOelkyTURZdk9EQXdWM2c0TURCSVh6RXhOVFV3TVRjdE1pNXFjR2N8MzM0Y2UxNDk5ODQ5YTc2YWE0YjZmNWFlNzAwZjlmZjFkMmExMDkzMzE0M2YzN2UxMzI4MGU0Y2FjYzM0NmRjMQ,https://api.mybihr.com/medias/800Wx800H-1155017-3.jpg?context=bWFzdGVyfHJvb3R8NjYwMzR8aW1hZ2UvanBlZ3xhRFE1TDJneFppOHhNREUzTlRZMU9UTTFOams0TWpJdk9EQXdWM2c0TURCSVh6RXhOVFV3TVRjdE15NXFjR2N8NDM5NzAwMTQ5Mzg3YWRlYjQzYjgwNGNjZGI0ZDk5YTgxMjUxNTJjOTI0MmRhYTIyNDBiZGY2NDgxOTY5MzcyZA,https://static.bihr.pro/eBihr/Pictures/NEWFREN-pictures.zip,Spain Warehouse (Parts)
1152533,,F1348R,NEWFREN,NEWFR COMPLETE CLUTCH KIT,Kit de discos de embrague NEWFREN Performance,134.43,111.10,72.22,8025832382713,1,8714105000,0,1,"<p><strong>PERFORMANCE LINE</strong></p>
<p>V&aacute;lidos tambi&eacute;n para el uso deportivo. La gama Performance ha sido pensada para un uso en carretera intensivo, pero tambi&eacute;n para uso deportivo para soportar las altas exigencias y para dar prestaciones de alto nivel. Los materiales de fricci&oacute;n, utilizados en los discos conductores del embrague en ba&ntilde;o de aceite, es el Paper Carbon. Los discos conducidos (separadores) est&aacute;n fabricados en un acero especial que asegura la m&aacute;xima resistencia y ausencias de deformaciones.</p>","
PERFORMANCE LINE

Válidos también para el uso deportivo. La gama Performance ha sido pensada para un uso en carretera intensivo, pero también para uso deportivo para soportar las altas exigencias y para dar prestaciones de alto nivel. Los materiales de fricción, utilizados en los discos conductores del embrague en baño de aceite, es el Paper Carbon. Los discos conducidos (separadores) están fabricados en un acero especial que asegura la máxima resistencia y ausencias de deformaciones.",VEHICLE PARTS & ACCESSORIES,ENGINE PARTS,ENG. CLUTCH,708,287,147,146,33,Orgánica,,,por unidad,,https://api.mybihr.com/medias/800Wx800H-1152533-1.jpg?context=bWFzdGVyfHJvb3R8NDA3OTB8aW1hZ2UvanBlZ3xhREprTDJobE1TOHhNREV6TlRJeE1EVTBOell4TWpZdk9EQXdWM2c0TURCSVh6RXhOVEkxTXpNdE1TNXFjR2N8N2IzYzVmMWJiZjE2MmI5OGJiMGNlMzc4ZGFiYmVhNjcxNDA3MmYwMjkyZTdkMjViZjAxNzg5ZjI0MjU3MDY4Zg,,,https://static.bihr.pro/eBihr/Pictures/NEWFREN-pictures.zip,Spain Warehouse (Parts)
1152553,,F2821QC,NEWFREN,NEWFR COMPLETE CLUTCH KIT,Kit de discos + separadores de embrague NEWFREN Pro Race,197.84,163.50,106.28,,0,8714105000,0,1,"<p><strong>L&Iacute;NEA PRO RACE Discos de acero + discos de fricci&oacute;n</strong></p>
Los embragues Pro Race representan la gama m&aacute;s alta de embragues Newfren y combinan nuevas tecnolog&iacute;as y nuevos materiales. Desarrollados en colaboraci&oacute;n con equipos de renombre y &eacute;xito de los campeonatos mundiales de Superbike, Moto 3 y MXGP. Se trata de una l&iacute;nea especial que utiliza un material de fricci&oacute;n compuesto principalmente por celulosa, resinas, carbono y algunos otros componentes, lo que garantiza un coeficiente de fricci&oacute;n muy alto y lo hace menos compresible. El dise&ntilde;o especial mejora el flujo de aceite y permite que los discos funcionen de forma m&aacute;s eficiente y, por lo tanto, m&aacute;s eficaz. La combinaci&oacute;n de este nuevo material con el dise&ntilde;o especial aumenta la estabilidad de las pastillas y garantiza la m&aacute;xima estabilidad de rendimiento, incluso en las condiciones de funcionamiento m&aacute;s duras. Los embragues Pro Race son un producto de competici&oacute;n de alta calidad.
Contenido:

<h3>Caracter&iacute;sticas t&eacute;cnicas</h3>
<h4>Placas de fricci&oacute;n</h4>
Cantidad <strong>8</strong>
Espesor <strong>3</strong>
N&uacute;mero de bordes <strong>12</strong>
Di&aacute;metro externo <strong>123,5</strong>
Di&aacute;metro interno <strong>105,5</strong>

<h4>Placas de acero</h4>
Cantidad <strong>7</strong>
Espesor <strong>1,6</strong>
N.&ordm; de dientes <strong>30</strong>
Di&aacute;metro externo <strong>124</strong>
Di&aacute;metro interno de los dientes inferiores (mm) <strong>99</strong>
Di&aacute;metro interno de los dientes superiores (mm) <strong>92</strong>
&nbsp;
","
LÍNEA PRO RACE Discos de acero + discos de fricción
Los embragues Pro Race representan la gama más alta de embragues Newfren y combinan nuevas tecnologías y nuevos materiales. Desarrollados en colaboración con equipos de renombre y éxito de los campeonatos mundiales de Superbike, Moto 3 y MXGP. Se trata de una línea especial que utiliza un material de fricción compuesto principalmente por celulosa, resinas, carbono y algunos otros componentes, lo que garantiza un coeficiente de fricción muy alto y lo hace menos compresible. El diseño especial mejora el flujo de aceite y permite que los discos funcionen de forma más eficiente y, por lo tanto, más eficaz. La combinación de este nuevo material con el diseño especial aumenta la estabilidad de las pastillas y garantiza la máxima estabilidad de rendimiento, incluso en las condiciones de funcionamiento más duras. Los embragues Pro Race son un producto de competición de alta calidad.
Contenido:

Características técnicas
Placas de fricción
Cantidad 8
Espesor 3
Número de bordes 12
Diámetro externo 123,5
Diámetro interno 105,5

Placas de acero
Cantidad 7
Espesor 1,6
N.º de dientes 30
Diámetro externo 124
Diámetro interno de los dientes inferiores (mm) 99
Diámetro interno de los dientes superiores (mm) 92
 
",VEHICLE PARTS & ACCESSORIES,ENGINE PARTS,ENG. CLUTCH,1,1000,10,10,10,,,,por unidad,,https://api.mybihr.com/medias/800Wx800H-1152553-1.jpg?context=bWFzdGVyfHJvb3R8NzA3NTh8aW1hZ2UvanBlZ3xhR1ExTDJnM05pOHhNREV6TlRJeE1EUTBNamMxTlRBdk9EQXdWM2c0TURCSVh6RXhOVEkxTlRNdE1TNXFjR2N8MDY2NjAyOWFmM2EwMWJhMmMyMTVjNDMxNjMwZmUyMzA1M2U0YTJmY2VlYTEwMDYxNjZmNDQ5ZDAzMDkwNmUzOA,,,https://static.bihr.pro/eBihr/Pictures/NEWFREN-pictures.zip,Spain Warehouse (Parts)
1118425,,F3612A,NEWFREN,NEWFR PLATE FRICTION,Kit de discos de embrague NEWFREN Standard,98.98,81.80,53.17,8025832383741,2,8714105000,0,1,"<p><strong>OE-STANDARD LINE</strong></p>
<p>Est&aacute;n dise&ntilde;ados para sustituir al embrague OE, manteniendo las mismas prestaciones y durabilidad. Los juegos de discos de embrague OE-Standard se fabrican con materiales de primera calidad. Son productos extremadamente fiables. El material de fricci&oacute;n de los discos es org&aacute;nico. El compuesto del material org&aacute;nico se elige en funci&oacute;n del tipo y la utilizaci&oacute;n de la motocicleta, optimizando as&iacute; el rendimiento, aunque dentro de las directrices del fabricante.</p>","
OE-STANDARD LINE

Están diseñados para sustituir al embrague OE, manteniendo las mismas prestaciones y durabilidad. Los juegos de discos de embrague OE-Standard se fabrican con materiales de primera calidad. Son productos extremadamente fiables. El material de fricción de los discos es orgánico. El compuesto del material orgánico se elige en función del tipo y la utilización de la motocicleta, optimizando así el rendimiento, aunque dentro de las directrices del fabricante.",VEHICLE PARTS & ACCESSORIES,ENGINE PARTS,ENG. CLUTCH,737,423,153,146,33,Orgánica,,,por unidad,,https://api.mybihr.com/medias/800Wx800H-1118425-1.jpg?context=bWFzdGVyfHJvb3R8Mjk5NTcyfGltYWdlL2pwZWd8YURkbUwyaGhOaTg0TVRRMk9UWTRPREExTXpjNU1DODRNREJYZURnd01FaGZNVEV4T0RReU5TMHhMbXB3Wnd8YThhZGY0M2Y2NjlkY2MxMjMxZjU4ODhhOTUzYTg5MjAwZmQ0ZTEwYWYxOGY1ZDlkM2M5MTQ2ZjA3NGYxYjEzMQ,,,https://static.bihr.pro/eBihr/Pictures/NEWFREN-pictures.zip,Spain Warehouse (Parts)
1118411,,F2949AC,NEWFREN,NEWFR COMPLETE CLUTCH KIT,Kit de discos + separadores de embrague NEWFREN Standard,65.58,54.20,35.23,F2949AC,3,8714105000,0,1,"<p><strong>OE-STANDARD LINE</strong></p>
<p>Est&aacute;n dise&ntilde;ados para sustituir al embrague OE, manteniendo las mismas prestaciones y durabilidad. Los juegos de discos de embrague OE-Standard se fabrican con materiales de primera calidad. Son productos extremadamente fiables. El material de fricci&oacute;n de los discos es org&aacute;nico. El compuesto del material org&aacute;nico se elige en funci&oacute;n del tipo y la utilizaci&oacute;n de la motocicleta, optimizando as&iacute; el rendimiento, aunque dentro de las directrices del fabricante.</p>","
OE-STANDARD LINE

Están diseñados para sustituir al embrague OE, manteniendo las mismas prestaciones y durabilidad. Los juegos de discos de embrague OE-Standard se fabrican con materiales de primera calidad. Son productos extremadamente fiables. El material de fricción de los discos es orgánico. El compuesto del material orgánico se elige en función del tipo y la utilización de la motocicleta, optimizando así el rendimiento, aunque dentro de las directrices del fabricante.",VEHICLE PARTS & ACCESSORIES,ENGINE PARTS,ENG. CLUTCH,456,321,136,134,25,,,,por unidad,,https://api.mybihr.com/medias/1118411-1-800Wx800H?context=bWFzdGVyfHJvb3R8NjU1MzV8aW1hZ2UvanBlZ3xhR0k1TDJnNE9TOHlOams0TXpVek1UY3dPRFEwTmk4eE1URTROREV4TFRGZk9EQXdWM2c0TURCSXxjZTMwMWRmZGNhNDNiN2FhNWE2ZjcyYWVkMGM0ODBjNDdhZTliODE1ZjExOGEzMDdiNjBkYzhhMzYyZmQzZmQ1,,,https://static.bihr.pro/eBihr/Pictures/NEWFREN-pictures.zip,Spain Warehouse (Parts)
1118428,,F1461A,NEWFREN,NEWFR PLATE FRICTION,Kit de discos de embrague NEWFREN Standard,76.47,63.20,41.08,8025832381105,0,8714105000,0,1,"<p><strong>OE-STANDARD LINE</strong></p>
<p>Est&aacute;n dise&ntilde;ados para sustituir al embrague OE, manteniendo las mismas prestaciones y durabilidad. Los juegos de discos de embrague OE-Standard se fabrican con materiales de primera calidad. Son productos extremadamente fiables. El material de fricci&oacute;n de los discos es org&aacute;nico. El compuesto del material org&aacute;nico se elige en funci&oacute;n del tipo y la utilizaci&oacute;n de la motocicleta, optimizando as&iacute; el rendimiento, aunque dentro de las directrices del fabricante.</p>","
OE-STANDARD LINE

Están diseñados para sustituir al embrague OE, manteniendo las mismas prestaciones y durabilidad. Los juegos de discos de embrague OE-Standard se fabrican con materiales de primera calidad. Son productos extremadamente fiables. El material de fricción de los discos es orgánico. El compuesto del material orgánico se elige en función del tipo y la utilización de la motocicleta, optimizando así el rendimiento, aunque dentro de las directrices del fabricante.",VEHICLE PARTS & ACCESSORIES,ENGINE PARTS,ENG. CLUTCH,708,246,147,146,33,Orgánica,,,por unidad,,https://api.mybihr.com/medias/800Wx800H-1118428-1.jpg?context=bWFzdGVyfHJvb3R8Mjk5NTcyfGltYWdlL2pwZWd8YUdSakwyaGlZUzg0TVRRMk9UWTRPRFkwTXpZeE5DODRNREJYZURnd01FaGZNVEV4T0RReU9DMHhMbXB3Wnd8YmI3MGM4OGNmYTNmODU5YjI2NjE2ZjQ1ZTMwNjllNjdlOWFhNmJiNTZhMDg3ZTBhNThlMDMyOWM5Y2ExZmIzNg,,,https://static.bihr.pro/eBihr/Pictures/NEWFREN-pictures.zip,Spain Warehouse (Parts)
1118409,,F2701AC,NEWFREN,NEWFR COMPLETE CLUTCH KIT,Kit de discos + separadores de embrague NEWFREN Standard,55.30,45.70,29.71,8025832275657,2,8714105000,0,1,"<p><strong>OE-STANDARD LINE</strong></p>
<p>Est&aacute;n dise&ntilde;ados para sustituir al embrague OE, manteniendo las mismas prestaciones y durabilidad. Los juegos de discos de embrague OE-Standard se fabrican con materiales de primera calidad. Son productos extremadamente fiables. El material de fricci&oacute;n de los discos es org&aacute;nico. El compuesto del material org&aacute;nico se elige en funci&oacute;n del tipo y la utilizaci&oacute;n de la motocicleta, optimizando as&iacute; el rendimiento, aunque dentro de las directrices del fabricante.</p>","
OE-STANDARD LINE

Están diseñados para sustituir al embrague OE, manteniendo las mismas prestaciones y durabilidad. Los juegos de discos de embrague OE-Standard se fabrican con materiales de primera calidad. Son productos extremadamente fiables. El material de fricción de los discos es orgánico. El compuesto del material orgánico se elige en función del tipo y la utilización de la motocicleta, optimizando así el rendimiento, aunque dentro de las directrices del fabricante.",VEHICLE PARTS & ACCESSORIES,ENGINE PARTS,ENG. CLUTCH,144,33,150,80,12,,,,por unidad,,https://api.mybihr.com/medias/1118409-1-800Wx800H?context=bWFzdGVyfHJvb3R8NjU1MzV8aW1hZ2UvanBlZ3xhR1l6TDJneU5pOHlOams0TXpVek1Ea3lNakF4TkM4eE1URTROREE1TFRGZk9EQXdWM2c0TURCSXw4NDdmNjQzOTMzMmVhNzhmZGExYmQwNzk0YWZjYTdlMTE3ZWU0YTM0NmU4ZGRmZDc1M2MwOGViZDI4OGZlOTI4,,,https://static.bihr.pro/eBihr/Pictures/NEWFREN-pictures.zip,Spain Warehouse (Parts)
1118410,,F2731AC,NEWFREN,NEWFR COMPLETE CLUTCH KIT,Kit de discos + separadores de embrague NEWFREN Standard,170.25,140.70,91.46,8025832385110,9,8714105000,0,1,"<p><strong>OE-STANDARD LINE</strong></p>
<p>Est&aacute;n dise&ntilde;ados para sustituir al embrague OE, manteniendo las mismas prestaciones y durabilidad. Los juegos de discos de embrague OE-Standard se fabrican con materiales de primera calidad. Son productos extremadamente fiables. El material de fricci&oacute;n de los discos es org&aacute;nico. El compuesto del material org&aacute;nico se elige en funci&oacute;n del tipo y la utilizaci&oacute;n de la motocicleta, optimizando as&iacute; el rendimiento, aunque dentro de las directrices del fabricante.</p>","
OE-STANDARD LINE

Están diseñados para sustituir al embrague OE, manteniendo las mismas prestaciones y durabilidad. Los juegos de discos de embrague OE-Standard se fabrican con materiales de primera calidad. Son productos extremadamente fiables. El material de fricción de los discos es orgánico. El compuesto del material orgánico se elige en función del tipo y la utilización de la motocicleta, optimizando así el rendimiento, aunque dentro de las directrices del fabricante.",VEHICLE PARTS & ACCESSORIES,ENGINE PARTS,ENG. CLUTCH,1499,1007,184,181,45,,,,por unidad,,https://api.mybihr.com/medias/1118410-1-800Wx800H?context=bWFzdGVyfHJvb3R8NjU1MzV8aW1hZ2UvanBlZ3xhREppTDJnM1l5OHlOams0TXpVek1UTXhOVEl6TUM4eE1URTROREV3TFRGZk9EQXdWM2c0TURCSXxjODkwMDNjOTBkY2FlNWVjODM0MTc5MTA2ODVhMjcwNTU4MTZiNTdkZTk3NTQwODUyNzcwZTdjMGNiMTg2ZGM5,,,https://static.bihr.pro/eBihr/Pictures/NEWFREN-pictures.zip,Spain Warehouse (Parts)
1118427,,F2701A,NEWFREN,NEWFR PLATE FRICTION,Kit de discos de embrague NEWFREN Standard,36.78,30.40,19.76,8025832269724,0,8714105000,0,1,"<p><strong>OE-STANDARD LINE</strong></p>
<p>Est&aacute;n dise&ntilde;ados para sustituir al embrague OE, manteniendo las mismas prestaciones y durabilidad. Los juegos de discos de embrague OE-Standard se fabrican con materiales de primera calidad. Son productos extremadamente fiables. El material de fricci&oacute;n de los discos es org&aacute;nico. El compuesto del material org&aacute;nico se elige en funci&oacute;n del tipo y la utilizaci&oacute;n de la motocicleta, optimizando as&iacute; el rendimiento, aunque dentro de las directrices del fabricante.</p>","
OE-STANDARD LINE

Están diseñados para sustituir al embrague OE, manteniendo las mismas prestaciones y durabilidad. Los juegos de discos de embrague OE-Standard se fabrican con materiales de primera calidad. Son productos extremadamente fiables. El material de fricción de los discos es orgánico. El compuesto del material orgánico se elige en función del tipo y la utilización de la motocicleta, optimizando así el rendimiento, aunque dentro de las directrices del fabricante.",VEHICLE PARTS & ACCESSORIES,ENGINE PARTS,ENG. CLUTCH,452,150,136,133,25,Orgánica,,,por unidad,,https://api.mybihr.com/medias/800Wx800H-1118427-1.jpg?context=bWFzdGVyfHJvb3R8Mjk5NTcyfGltYWdlL2pwZWd8YURCa0wyaGlOQzg0TVRRMk9UWTRPRFEwTnpBd05pODRNREJYZURnd01FaGZNVEV4T0RReU55MHhMbXB3Wnd8NTYxYzcyODRiZjZmNWJlYTgwMjMzMmMxYjQ0ZmNiYjkxMTcxOTY4YmRlNmQ1OWM2YjMzZDdiYzA2Njg4ZWFjNQ,,,https://static.bihr.pro/eBihr/Pictures/NEWFREN-pictures.zip,Spain Warehouse (Parts)
1118420,,F2850SR,NEWFREN,NEWFR COMPLETE CLUTCH KIT,Kit de discos + separadores de embrague NEWFREN Performance,161.90,133.80,86.97,8025832265535,2,8714105000,0,1,"<p><strong>PERFORMANCE LINE</strong></p>
<p>V&aacute;lidos tambi&eacute;n para el uso deportivo. La gama Performance ha sido pensada para un uso en carretera intensivo, pero tambi&eacute;n para uso deportivo para soportar las altas exigencias y para dar prestaciones de alto nivel. Los materiales de fricci&oacute;n, utilizados en los discos conductores del embrague en ba&ntilde;o de aceite, es el Paper Carbon. Los discos conducidos (separadores) est&aacute;n fabricados en un acero especial que asegura la m&aacute;xima resistencia y ausencias de deformaciones.</p>","
PERFORMANCE LINE

Válidos también para el uso deportivo. La gama Performance ha sido pensada para un uso en carretera intensivo, pero también para uso deportivo para soportar las altas exigencias y para dar prestaciones de alto nivel. Los materiales de fricción, utilizados en los discos conductores del embrague en baño de aceite, es el Paper Carbon. Los discos conducidos (separadores) están fabricados en un acero especial que asegura la máxima resistencia y ausencias de deformaciones.",VEHICLE PARTS & ACCESSORIES,ENGINE PARTS,ENG. CLUTCH,1056,602,163,162,40,,,,por unidad,,https://api.mybihr.com/medias/1118420-1-800Wx800H?context=bWFzdGVyfHJvb3R8NjU1MzV8aW1hZ2UvanBlZ3xhRFJoTDJneU1DOHlOams0TXpVek5USTBOek01TUM4eE1URTROREl3TFRGZk9EQXdWM2c0TURCSXxlYzlmZWQzZDExNWU0ZjU1YTI2ZDU4ZGI3ZGFmNjBmYTJjMzViN2I4M2JhNmI0MDNmMmY5MzhhNWI1YmI5ZWRm,,,https://static.bihr.pro/eBihr/Pictures/NEWFREN-pictures.zip,Spain Warehouse (Parts)
1118408,,F3611AC,NEWFREN,NEWFR COMPLETE CLUTCH KIT,Kit de discos + separadores de embrague NEWFREN Standard,120.88,99.90,64.94,8025832383703,1,8714105000,0,1,"<p><strong>OE-STANDARD LINE</strong></p>
<p>Est&aacute;n dise&ntilde;ados para sustituir al embrague OE, manteniendo las mismas prestaciones y durabilidad. Los juegos de discos de embrague OE-Standard se fabrican con materiales de primera calidad. Son productos extremadamente fiables. El material de fricci&oacute;n de los discos es org&aacute;nico. El compuesto del material org&aacute;nico se elige en funci&oacute;n del tipo y la utilizaci&oacute;n de la motocicleta, optimizando as&iacute; el rendimiento, aunque dentro de las directrices del fabricante.</p>","
OE-STANDARD LINE

Están diseñados para sustituir al embrague OE, manteniendo las mismas prestaciones y durabilidad. Los juegos de discos de embrague OE-Standard se fabrican con materiales de primera calidad. Son productos extremadamente fiables. El material de fricción de los discos es orgánico. El compuesto del material orgánico se elige en función del tipo y la utilización de la motocicleta, optimizando así el rendimiento, aunque dentro de las directrices del fabricante.",VEHICLE PARTS & ACCESSORIES,ENGINE PARTS,ENG. CLUTCH,997,680,163,161,38,,,,por unidad,,https://api.mybihr.com/medias/1118408-1-800Wx800H?context=bWFzdGVyfHJvb3R8NjU1MzV8aW1hZ2UvanBlZ3xhRFV4TDJneE9TOHlOams0TXpVek1EVXlPRGM1T0M4eE1URTROREE0TFRGZk9EQXdWM2c0TURCSXwyNTZhZWJhMGM0NGMyMWVhNGE3NTUwZTFmNDIyOWZiNjQxZTExMGUzOGVmMGJlMjQzODMzYmQ3YTE0MTcyODk4,,,https://static.bihr.pro/eBihr/Pictures/NEWFREN-pictures.zip,Spain Warehouse (Parts)
1110079,,F2704QC,NEWFREN,NEWFR PRORACE KIT F2704QC,Kit de discos + separadores de embrague NEWFREN Pro Race,316.05,261.20,169.78,8025832321651,0,8714105000,0,1,"<p><strong>PRO RACE LINE</strong></p>
<p>Los embragues Pro Race son lo m&aacute;s alto de la gama. Son el resultado de la investigaci&oacute;n en nuevas tecnolog&iacute;as combinadas con nuevos materiales desarrollados en colaboraci&oacute;n con importantes equipos de Superbike, Moto3 y MXGP. El material de fricci&oacute;n est&aacute; compuesto principalmente de celulosa, resinas, carbono y otros elementos que garantizan un coeficiente de fricci&oacute;n extremadamente alto y son menos compresibles. El particular dise&ntilde;o de ""muescas separadas"" mejora el flujo de aceite, permitiendo que las placas funcionen con mayor eficacia. La combinaci&oacute;n de este dise&ntilde;o con el nuevo material de fricci&oacute;n aumenta la resistencia a la fatiga y garantiza la m&aacute;xima estabilidad de funcionamiento, incluso en uso extremo, lo que convierte al embrague Pro Race en un producto de competici&oacute;n de muy alta calidad.</p>","
PRO RACE LINE

Los embragues Pro Race son lo más alto de la gama. Son el resultado de la investigación en nuevas tecnologías combinadas con nuevos materiales desarrollados en colaboración con importantes equipos de Superbike, Moto3 y MXGP. El material de fricción está compuesto principalmente de celulosa, resinas, carbono y otros elementos que garantizan un coeficiente de fricción extremadamente alto y son menos compresibles. El particular diseño de ""muescas separadas"" mejora el flujo de aceite, permitiendo que las placas funcionen con mayor eficacia. La combinación de este diseño con el nuevo material de fricción aumenta la resistencia a la fatiga y garantiza la máxima estabilidad de funcionamiento, incluso en uso extremo, lo que convierte al embrague Pro Race en un producto de competición de muy alta calidad.",VEHICLE PARTS & ACCESSORIES,ENGINE PARTS,ENG. CLUTCH,3123,1615,196,192,83,,,,por unidad,,https://api.mybihr.com/medias/1110079-1-800Wx800H?context=bWFzdGVyfHJvb3R8NjA5MTV8aW1hZ2UvanBlZ3xhR1JoTDJoak9DOHhNalUzT1RNME9EazNNVFUxTUM4eE1URXdNRGM1TFRGZk9EQXdWM2c0TURCSXwxMTIxMGM5NGRlZWRhYWJkZjkyNjkyZmI4NGU4YmQzYTIzZjE1NTY5NzdjMjE3NGUxNTE3NzQyMjA3Y2YxNTI0,,,https://static.bihr.pro/eBihr/Pictures/NEWFREN-pictures.zip,Spain Warehouse (Parts)
1118432,,F1342A,NEWFREN,NEWFR PLATE FRICTION,Kit de discos de embrague NEWFREN Standard,144.35,119.30,77.55,8025832380870,2,8714105000,0,1,"<p><strong>OE-STANDARD LINE</strong></p>
<p>Est&aacute;n dise&ntilde;ados para sustituir al embrague OE, manteniendo las mismas prestaciones y durabilidad. Los juegos de discos de embrague OE-Standard se fabrican con materiales de primera calidad. Son productos extremadamente fiables. El material de fricci&oacute;n de los discos es org&aacute;nico. El compuesto del material org&aacute;nico se elige en funci&oacute;n del tipo y la utilizaci&oacute;n de la motocicleta, optimizando as&iacute; el rendimiento, aunque dentro de las directrices del fabricante.</p>","
OE-STANDARD LINE

Están diseñados para sustituir al embrague OE, manteniendo las mismas prestaciones y durabilidad. Los juegos de discos de embrague OE-Standard se fabrican con materiales de primera calidad. Son productos extremadamente fiables. El material de fricción de los discos es orgánico. El compuesto del material orgánico se elige en función del tipo y la utilización de la motocicleta, optimizando así el rendimiento, aunque dentro de las directrices del fabricante.",VEHICLE PARTS & ACCESSORIES,ENGINE PARTS,ENG. CLUTCH,1279,387,186,181,38,Orgánica,,,por unidad,,https://api.mybihr.com/medias/800Wx800H-1118432-1.jpg?context=bWFzdGVyfHJvb3R8Mjk5NTcyfGltYWdlL2pwZWd8YURsaUwyaGxNUzg0TVRRMk9UWTRPVFE1TlRVNE1pODRNREJYZURnd01FaGZNVEV4T0RRek1pMHhMbXB3Wnd8Yzk5MmYzYTg1MTI4ZDgyOWRjNzEyNzExNzhlMDE3NDRmYzE5YzYwMjIwMWEyYzE2ZTY1YzFiNDNlYWY1NGIwOQ,,,https://static.bihr.pro/eBihr/Pictures/NEWFREN-pictures.zip,Spain Warehouse (Parts)
1118712,,F2733AC,NEWFREN,NEWFR COMPLETE CLUTCH KIT,Kit de discos + separadores de embrague NEWFREN Standard,218.16,180.30,117.20,8025832386629,3,8714105000,0,1,"<p><strong>OE-STANDARD LINE</strong></p>
<p>Est&aacute;n dise&ntilde;ados para sustituir al embrague OE, manteniendo las mismas prestaciones y durabilidad. Los juegos de discos de embrague OE-Standard se fabrican con materiales de primera calidad. Son productos extremadamente fiables. El material de fricci&oacute;n de los discos es org&aacute;nico. El compuesto del material org&aacute;nico se elige en funci&oacute;n del tipo y la utilizaci&oacute;n de la motocicleta, optimizando as&iacute; el rendimiento, aunque dentro de las directrices del fabricante.</p>","
OE-STANDARD LINE

Están diseñados para sustituir al embrague OE, manteniendo las mismas prestaciones y durabilidad. Los juegos de discos de embrague OE-Standard se fabrican con materiales de primera calidad. Son productos extremadamente fiables. El material de fricción de los discos es orgánico. El compuesto del material orgánico se elige en función del tipo y la utilización de la motocicleta, optimizando así el rendimiento, aunque dentro de las directrices del fabricante.",VEHICLE PARTS & ACCESSORIES,ENGINE PARTS,ENG. CLUTCH,1725,1332,168,163,63,,,,por unidad,,https://api.mybihr.com/medias/1118712-1-800Wx800H?context=bWFzdGVyfHJvb3R8NjU1MzV8aW1hZ2UvanBlZ3xhRGhpTDJobU15OHlOams0TXpVek56SXhNelEzTUM4eE1URTROekV5TFRGZk9EQXdWM2c0TURCSXw2ZjVkZTU2NGZjNDg3YWZmYzQ5YTY1YjY4MTk2NTI2NmMzYjE1YTVlNDNiMmQwNWIyYmVhNzljMTEyYjhhNzE5,,,https://static.bihr.pro/eBihr/Pictures/NEWFREN-pictures.zip,Spain Warehouse (Parts)
1018228,,F1491K,NEWFREN,NEWFR PLATE FRICTION,Disco de embrague NEWFREN Dry,78.65,65.00,42.25,8025832032199,1,8714105000,0,1,"<p><strong>DRY CUTCH LINE</strong></p>
<p>La gama de embragues mono disco en seco, cubre aplicaciones para BMW desde los a&ntilde;os 70 hasta hoy, tambi&eacute;n para Moto Guzzi; proponiendo un recambio de altas prestaciones. La primera gama creada es la l&iacute;nea K, disponible para todas las aplicaciones, es un recambio de alta calidad. La segunda creada es la l&iacute;nea KW, que incorpora un nuevo material de fricci&oacute;n compuesto de fibras sint&eacute;ticas aramidicas. Estas poseen una elevada resistencia mec&aacute;nica a la tracci&oacute;n y al calor. En caso de sobrecalentamiento, el material tiene la propiedad de no vitrificar y retomar sus caracter&iacute;sticas originales cuando la temperatura baja. Otra propiedad importante es que no pierde propiedades de fricci&oacute;n en contacto con el aceite. L&iacute;nea &ldquo;Recambios de alta calidad&rdquo; Made in Italy.</p>","
DRY CUTCH LINE

La gama de embragues mono disco en seco, cubre aplicaciones para BMW desde los años 70 hasta hoy, también para Moto Guzzi; proponiendo un recambio de altas prestaciones. La primera gama creada es la línea K, disponible para todas las aplicaciones, es un recambio de alta calidad. La segunda creada es la línea KW, que incorpora un nuevo material de fricción compuesto de fibras sintéticas aramidicas. Estas poseen una elevada resistencia mecánica a la tracción y al calor. En caso de sobrecalentamiento, el material tiene la propiedad de no vitrificar y retomar sus características originales cuando la temperatura baja. Otra propiedad importante es que no pierde propiedades de fricción en contacto con el aceite. Línea “Recambios de alta calidad” Made in Italy.",VEHICLE PARTS & ACCESSORIES,ENGINE PARTS,ENG. CLUTCH,1422,339,186,42,182,Orgánica,,,"por unidad & ",,https://api.mybihr.com/medias/800Wx800H-1018228-1.jpg?context=bWFzdGVyfHJvb3R8Mjg1NzQyfGltYWdlL2pwZWd8YUdVNEwyZ3hOeTh6TXpJNU56TTBNakEzTURneE5DODRNREJYZURnd01FaGZNVEF4T0RJeU9DMHhMbXB3Wnd8NGJiNmE2NTRkOGE0YWVhYjJiNGUxMzQzYmJjMWRiZTA4ZTYyMDg5MjUxN2UwMzA0NWFhOGEyNzRlOTRlNTNhNw,,,https://static.bihr.pro/eBihr/Pictures/NEWFREN-pictures.zip,Spain Warehouse (Parts)
1018230,,F1493K,NEWFREN,NEWFR PLATE FRICTION,Disco de embrague NEWFREN Dry,105.88,87.50,56.88,8025832032212,3,8714105000,0,1,"<p><strong>DRY CUTCH LINE</strong></p>
<p>La gama de embragues mono disco en seco, cubre aplicaciones para BMW desde los a&ntilde;os 70 hasta hoy, tambi&eacute;n para Moto Guzzi; proponiendo un recambio de altas prestaciones. La primera gama creada es la l&iacute;nea K, disponible para todas las aplicaciones, es un recambio de alta calidad. La segunda creada es la l&iacute;nea KW, que incorpora un nuevo material de fricci&oacute;n compuesto de fibras sint&eacute;ticas aramidicas. Estas poseen una elevada resistencia mec&aacute;nica a la tracci&oacute;n y al calor. En caso de sobrecalentamiento, el material tiene la propiedad de no vitrificar y retomar sus caracter&iacute;sticas originales cuando la temperatura baja. Otra propiedad importante es que no pierde propiedades de fricci&oacute;n en contacto con el aceite. L&iacute;nea &ldquo;Recambios de alta calidad&rdquo; Made in Italy.</p>","
DRY CUTCH LINE

La gama de embragues mono disco en seco, cubre aplicaciones para BMW desde los años 70 hasta hoy, también para Moto Guzzi; proponiendo un recambio de altas prestaciones. La primera gama creada es la línea K, disponible para todas las aplicaciones, es un recambio de alta calidad. La segunda creada es la línea KW, que incorpora un nuevo material de fricción compuesto de fibras sintéticas aramidicas. Estas poseen una elevada resistencia mecánica a la tracción y al calor. En caso de sobrecalentamiento, el material tiene la propiedad de no vitrificar y retomar sus características originales cuando la temperatura baja. Otra propiedad importante es que no pierde propiedades de fricción en contacto con el aceite. Línea “Recambios de alta calidad” Made in Italy.",VEHICLE PARTS & ACCESSORIES,ENGINE PARTS,ENG. CLUTCH,1532,583,184,185,45,,,,"por unidad & ",,https://api.mybihr.com/medias/1018230-1-800Wx800H?context=bWFzdGVyfHJvb3R8NDA3OTR8aW1hZ2UvanBlZ3xhRGMwTDJnNE5TODRPVEkyTkRrMk5EVTJOek0wTHpFd01UZ3lNekF0TVY4NE1EQlhlRGd3TUVnfDZjNjQ4MzZjN2MxZmYwMzNmYTgzNTVkYWUxYjk1MjRlODNhOGJiMjYzNDBiYzg2MjdiYTY5ODFjNzE5OWJiMDc,,,https://static.bihr.pro/eBihr/Pictures/NEWFREN-pictures.zip,Spain Warehouse (Parts)
1018232,,F1495K,NEWFREN,NEWFR PLATE FRICTION,Disco de embrague NEWFREN Dry,76.71,63.40,41.21,8025832032236,1,8714105000,0,1,"<p><strong>DRY CUTCH LINE</strong></p>
<p>La gama de embragues mono disco en seco, cubre aplicaciones para BMW desde los a&ntilde;os 70 hasta hoy, tambi&eacute;n para Moto Guzzi; proponiendo un recambio de altas prestaciones. La primera gama creada es la l&iacute;nea K, disponible para todas las aplicaciones, es un recambio de alta calidad. La segunda creada es la l&iacute;nea KW, que incorpora un nuevo material de fricci&oacute;n compuesto de fibras sint&eacute;ticas aramidicas. Estas poseen una elevada resistencia mec&aacute;nica a la tracci&oacute;n y al calor. En caso de sobrecalentamiento, el material tiene la propiedad de no vitrificar y retomar sus caracter&iacute;sticas originales cuando la temperatura baja. Otra propiedad importante es que no pierde propiedades de fricci&oacute;n en contacto con el aceite. L&iacute;nea &ldquo;Recambios de alta calidad&rdquo; Made in Italy.</p>","
DRY CUTCH LINE

La gama de embragues mono disco en seco, cubre aplicaciones para BMW desde los años 70 hasta hoy, también para Moto Guzzi; proponiendo un recambio de altas prestaciones. La primera gama creada es la línea K, disponible para todas las aplicaciones, es un recambio de alta calidad. La segunda creada es la línea KW, que incorpora un nuevo material de fricción compuesto de fibras sintéticas aramidicas. Estas poseen una elevada resistencia mecánica a la tracción y al calor. En caso de sobrecalentamiento, el material tiene la propiedad de no vitrificar y retomar sus características originales cuando la temperatura baja. Otra propiedad importante es que no pierde propiedades de fricción en contacto con el aceite. Línea “Recambios de alta calidad” Made in Italy.",VEHICLE PARTS & ACCESSORIES,ENGINE PARTS,ENG. CLUTCH,1253,356,186,182,37,,,,"por unidad & ",,https://api.mybihr.com/medias/1018232-1-800Wx800H?context=bWFzdGVyfHJvb3R8NDA3OTR8aW1hZ2UvanBlZ3xhRGxpTDJoaU5DODRPRFU0T1RJek9UVTRNekF5THpFd01UZ3lNekl0TVY4NE1EQlhlRGd3TUVnfDEwOTA3YWY5YjhiN2MyOGI5MTEzYmVmMzAzYTNjNmRiZTk5YTQyOGY5ZTg4YzRiZWJmY2MwZjA5OWEwMmI3MTA,,,https://static.bihr.pro/eBihr/Pictures/NEWFREN-pictures.zip,Spain Warehouse (Parts)
1127309,,F3602A,NEWFREN,NEWFR PLATE FRICTION,Kit de discos de embrague NEWFREN Standard,70.18,58.00,37.70,8025832278511,2,8714105000,0,1,"<p><strong>OE-STANDARD LINE</strong></p>
<p>Est&aacute;n dise&ntilde;ados para sustituir al embrague OE, manteniendo las mismas prestaciones y durabilidad. Los juegos de discos de embrague OE-Standard se fabrican con materiales de primera calidad. Son productos extremadamente fiables. El material de fricci&oacute;n de los discos es org&aacute;nico. El compuesto del material org&aacute;nico se elige en funci&oacute;n del tipo y la utilizaci&oacute;n de la motocicleta, optimizando as&iacute; el rendimiento, aunque dentro de las directrices del fabricante.</p>","
OE-STANDARD LINE

Están diseñados para sustituir al embrague OE, manteniendo las mismas prestaciones y durabilidad. Los juegos de discos de embrague OE-Standard se fabrican con materiales de primera calidad. Son productos extremadamente fiables. El material de fricción de los discos es orgánico. El compuesto del material orgánico se elige en función del tipo y la utilización de la motocicleta, optimizando así el rendimiento, aunque dentro de las directrices del fabricante.",VEHICLE PARTS & ACCESSORIES,ENGINE PARTS,ENG. CLUTCH,723,256,150,146,33,Orgánica,,,por unidad,,https://api.mybihr.com/medias/800Wx800H-1127309-1.jpg?context=bWFzdGVyfHJvb3R8Mjk5NTcyfGltYWdlL2pwZWd8YURrd0wyaGlZUzgyTmpBNU56QTJNek0yTWpVNU1DODRNREJYZURnd01FaGZNVEV5TnpNd09TMHhMbXB3Wnd8ZDE5OTA0YWIxNGFjMDQ2Y2EyNmY2Y2M3YmNhNTc1ZGRkOGU4NDRiZjg5Y2MyZjZhOTg1NDA4MzMyMmVlZDRlNg,,,https://static.bihr.pro/eBihr/Pictures/NEWFREN-pictures.zip,Spain Warehouse (Parts)
1127308,,F3615A,NEWFREN,NEWFR PLATE FRICTION,Kit de discos de embrague NEWFREN Standard,37.63,31.10,20.22,8025832418429,0,8714105000,0,1,"<p><strong>OE-STANDARD LINE</strong></p>
<p>Est&aacute;n dise&ntilde;ados para sustituir al embrague OE, manteniendo las mismas prestaciones y durabilidad. Los juegos de discos de embrague OE-Standard se fabrican con materiales de primera calidad. Son productos extremadamente fiables. El material de fricci&oacute;n de los discos es org&aacute;nico. El compuesto del material org&aacute;nico se elige en funci&oacute;n del tipo y la utilizaci&oacute;n de la motocicleta, optimizando as&iacute; el rendimiento, aunque dentro de las directrices del fabricante.</p>","
OE-STANDARD LINE

Están diseñados para sustituir al embrague OE, manteniendo las mismas prestaciones y durabilidad. Los juegos de discos de embrague OE-Standard se fabrican con materiales de primera calidad. Son productos extremadamente fiables. El material de fricción de los discos es orgánico. El compuesto del material orgánico se elige en función del tipo y la utilización de la motocicleta, optimizando así el rendimiento, aunque dentro de las directrices del fabricante.",VEHICLE PARTS & ACCESSORIES,ENGINE PARTS,ENG. CLUTCH,723,182,150,146,33,Orgánica,,,por unidad,,https://api.mybihr.com/medias/800Wx800H-1127308-1.jpg?context=bWFzdGVyfHJvb3R8Mjk5NTcyfGltYWdlL2pwZWd8YURJekwyaG1NQzgyTmpBNU56QTJNamsyT1RNM05DODRNREJYZURnd01FaGZNVEV5TnpNd09DMHhMbXB3Wnd8Y2M5YjA1NWRhMzYzYjI4ODMwNzRmYjVmMTBlOGE4MWYwYTlhODQ5ZDY3YmE3ZWRhOGM3YzkxMWJjYTAwNjFlMw,,,https://static.bihr.pro/eBihr/Pictures/NEWFREN-pictures.zip,Spain Warehouse (Parts)
1127311,,F2639R,NEWFREN,NEWFR PLATE FRICTION PERFORMANCE,Kit de discos de embrague NEWFREN Performance,164.32,135.80,88.27,8025832274704,4,8714105000,0,1,"<p><strong>PERFORMANCE LINE</strong></p>
<p>V&aacute;lidos tambi&eacute;n para el uso deportivo. La gama Performance ha sido pensada para un uso en carretera intensivo, pero tambi&eacute;n para uso deportivo para soportar las altas exigencias y para dar prestaciones de alto nivel. Los materiales de fricci&oacute;n, utilizados en los discos conductores del embrague en ba&ntilde;o de aceite, es el Paper Carbon. Los discos conducidos (separadores) est&aacute;n fabricados en un acero especial que asegura la m&aacute;xima resistencia y ausencias de deformaciones.</p>","
PERFORMANCE LINE

Válidos también para el uso deportivo. La gama Performance ha sido pensada para un uso en carretera intensivo, pero también para uso deportivo para soportar las altas exigencias y para dar prestaciones de alto nivel. Los materiales de fricción, utilizados en los discos conductores del embrague en baño de aceite, es el Paper Carbon. Los discos conducidos (separadores) están fabricados en un acero especial que asegura la máxima resistencia y ausencias de deformaciones.",VEHICLE PARTS & ACCESSORIES,ENGINE PARTS,ENG. CLUTCH,1363,365,187,162,45,Orgánica,,,por unidad,,https://api.mybihr.com/medias/800Wx800H-1127311-1.jpg?context=bWFzdGVyfHJvb3R8Mjk5NTcyfGltYWdlL2pwZWd8YUdNNUwyZzFOeTgyTmpBNU56QTJOREUwT1RBeU1pODRNREJYZURnd01FaGZNVEV5TnpNeE1TMHhMbXB3Wnd8ZjRmNDhmMjYwMmIyMzg4MzJiMDFiM2JlYzAxOTAwYzFmZmJjMzhjNWZlN2I4NTc2NzcyODUzNGIzNDIwM2RhYw,,,https://static.bihr.pro/eBihr/Pictures/NEWFREN-pictures.zip,Spain Warehouse (Parts)
1127316,,F2874R,NEWFREN,NEWFR PLATE FRICTION PERFORMANCE,Kit de discos de embrague NEWFREN Performance,152.82,126.30,82.10,8025832277279,6,8714105000,0,1,"<p><strong>PERFORMANCE LINE</strong></p>
<p>V&aacute;lidos tambi&eacute;n para el uso deportivo. La gama Performance ha sido pensada para un uso en carretera intensivo, pero tambi&eacute;n para uso deportivo para soportar las altas exigencias y para dar prestaciones de alto nivel. Los materiales de fricci&oacute;n, utilizados en los discos conductores del embrague en ba&ntilde;o de aceite, es el Paper Carbon. Los discos conducidos (separadores) est&aacute;n fabricados en un acero especial que asegura la m&aacute;xima resistencia y ausencias de deformaciones.</p>","
PERFORMANCE LINE

Válidos también para el uso deportivo. La gama Performance ha sido pensada para un uso en carretera intensivo, pero también para uso deportivo para soportar las altas exigencias y para dar prestaciones de alto nivel. Los materiales de fricción, utilizados en los discos conductores del embrague en baño de aceite, es el Paper Carbon. Los discos conducidos (separadores) están fabricados en un acero especial que asegura la máxima resistencia y ausencias de deformaciones.",VEHICLE PARTS & ACCESSORIES,ENGINE PARTS,ENG. CLUTCH,1098,288,173,167,38,Orgánica,,,por unidad,,https://api.mybihr.com/medias/800Wx800H-1127316-1.jpg?context=bWFzdGVyfHJvb3R8Mjk5NTcyfGltYWdlL2pwZWd8YURjM0wyZzNZaTgyTmpBNU56QTJOakV4TlRFd01pODRNREJYZURnd01FaGZNVEV5TnpNeE5pMHhMbXB3Wnd8ZTRjZjkwYzc3N2M4OWFiOWI2NjEwMTRjMWYyZjMwODYwYjFmYTRmNWE4ZWQwNjU1NGY3OTM1NjNlYjRlYzQ1Yw,,,https://static.bihr.pro/eBihr/Pictures/NEWFREN-pictures.zip,Spain Warehouse (Parts)
1127317,,F2951A,NEWFREN,NEWFR PLATE FRICTION,Kit de discos de embrague NEWFREN Standard,79.38,65.60,42.64,8025832430575,8,8714105000,0,1,"<p><strong>OE-STANDARD LINE</strong></p>
<p>Est&aacute;n dise&ntilde;ados para sustituir al embrague OE, manteniendo las mismas prestaciones y durabilidad. Los juegos de discos de embrague OE-Standard se fabrican con materiales de primera calidad. Son productos extremadamente fiables. El material de fricci&oacute;n de los discos es org&aacute;nico. El compuesto del material org&aacute;nico se elige en funci&oacute;n del tipo y la utilizaci&oacute;n de la motocicleta, optimizando as&iacute; el rendimiento, aunque dentro de las directrices del fabricante.</p>","
OE-STANDARD LINE

Están diseñados para sustituir al embrague OE, manteniendo las mismas prestaciones y durabilidad. Los juegos de discos de embrague OE-Standard se fabrican con materiales de primera calidad. Son productos extremadamente fiables. El material de fricción de los discos es orgánico. El compuesto del material orgánico se elige en función del tipo y la utilización de la motocicleta, optimizando así el rendimiento, aunque dentro de las directrices del fabricante.",VEHICLE PARTS & ACCESSORIES,ENGINE PARTS,ENG. CLUTCH,708,226,147,146,33,Orgánica,,,por unidad,,https://api.mybihr.com/medias/800Wx800H-1127317-1.jpg?context=bWFzdGVyfHJvb3R8Mjk5NTcyfGltYWdlL2pwZWd8YURBMEwyZzRPUzgyTmpBNU56QTJOalV3T0RNeE9DODRNREJYZURnd01FaGZNVEV5TnpNeE55MHhMbXB3Wnd8MzE1ODE4ZWE0NGE0ZTI1ZjAyZTM0Yjg0MmM5MTg0NzM5ZTJmMTVlNjNlOTM4OGY2NjY1MDMwZWUyNDdmMGQzYg,,,https://static.bihr.pro/eBihr/Pictures/NEWFREN-pictures.zip,Spain Warehouse (Parts)
1127306,,F1350SR,NEWFREN,NEWFR COMPLETE CLUTCH KIT PERFORMANCE,Kit de discos + separadores de embrague NEWFREN Performance,315.33,260.60,169.39,8025832430704,2,8714105000,0,1,"<p><strong>PERFORMANCE LINE</strong></p>
<p>V&aacute;lidos tambi&eacute;n para el uso deportivo. La gama Performance ha sido pensada para un uso en carretera intensivo, pero tambi&eacute;n para uso deportivo para soportar las altas exigencias y para dar prestaciones de alto nivel. Los materiales de fricci&oacute;n, utilizados en los discos conductores del embrague en ba&ntilde;o de aceite, es el Paper Carbon. Los discos conducidos (separadores) est&aacute;n fabricados en un acero especial que asegura la m&aacute;xima resistencia y ausencias de deformaciones.</p>","
PERFORMANCE LINE

Válidos también para el uso deportivo. La gama Performance ha sido pensada para un uso en carretera intensivo, pero también para uso deportivo para soportar las altas exigencias y para dar prestaciones de alto nivel. Los materiales de fricción, utilizados en los discos conductores del embrague en baño de aceite, es el Paper Carbon. Los discos conducidos (separadores) están fabricados en un acero especial que asegura la máxima resistencia y ausencias de deformaciones.",VEHICLE PARTS & ACCESSORIES,ENGINE PARTS,ENG. CLUTCH,1844,1014,174,163,65,,,,por unidad,,https://api.mybihr.com/medias/800Wx800H-1127306-1.jpg?context=bWFzdGVyfHJvb3R8MzM1Mzc1fGltYWdlL2pwZWd8YURBNEwyaGtOUzgyTmpBNU56QTJNakU0TWprME1pODRNREJYZURnd01FaGZNVEV5TnpNd05pMHhMbXB3Wnd8YzllNzAxMTg0NjVkZmY5ZDkyYzczMTAzZGUzMWZmZjkyZWNjNDM5Mjk2NjNhNTM3YzA4NmMyNDc2ZTc5NDQxYQ,,,https://static.bihr.pro/eBihr/Pictures/NEWFREN-pictures.zip,Spain Warehouse (Parts)
1127314,,F1477AC,NEWFREN,NEWFR COMPLETE CLUTCH KIT,Kit de discos + separadores de embrague NEWFREN Standard,184.77,152.70,99.26,8025832384434,1,8714105000,0,1,"<p><strong>OE-STANDARD LINE</strong></p>
<p>Est&aacute;n dise&ntilde;ados para sustituir al embrague OE, manteniendo las mismas prestaciones y durabilidad. Los juegos de discos de embrague OE-Standard se fabrican con materiales de primera calidad. Son productos extremadamente fiables. El material de fricci&oacute;n de los discos es org&aacute;nico. El compuesto del material org&aacute;nico se elige en funci&oacute;n del tipo y la utilizaci&oacute;n de la motocicleta, optimizando as&iacute; el rendimiento, aunque dentro de las directrices del fabricante.</p>","
OE-STANDARD LINE

Están diseñados para sustituir al embrague OE, manteniendo las mismas prestaciones y durabilidad. Los juegos de discos de embrague OE-Standard se fabrican con materiales de primera calidad. Son productos extremadamente fiables. El material de fricción de los discos es orgánico. El compuesto del material orgánico se elige en función del tipo y la utilización de la motocicleta, optimizando así el rendimiento, aunque dentro de las directrices del fabricante.",VEHICLE PARTS & ACCESSORIES,ENGINE PARTS,ENG. CLUTCH,1724,1174,170,161,63,,,,por unidad,,https://api.mybihr.com/medias/800Wx800H-1127314-1.jpg?context=bWFzdGVyfHJvb3R8MzM1Mzc1fGltYWdlL2pwZWd8YURsa0wyZ3hPQzgyTmpBNU56QTJOVE15T0RZM01DODRNREJYZURnd01FaGZNVEV5TnpNeE5DMHhMbXB3Wnd8NTUwNmQ4NTZhZDEyNDY2NGU2NDJhNWMzZmYwZDRjZTFlMmI2NTE2NDQ3ODM2OWIzZDY4Yjc1MzE3NmUxNTAzOA,,,https://static.bihr.pro/eBihr/Pictures/NEWFREN-pictures.zip,Spain Warehouse (Parts)
1127313,,F2723SR,NEWFREN,NEWFR COMPLETE CLUTCH KIT PERFORMANCE,Kit de discos + separadores de embrague NEWFREN Performance,201.83,166.80,108.42,8025832294887,3,8714105000,0,1,"<p><strong>PERFORMANCE LINE</strong></p>
<p>V&aacute;lidos tambi&eacute;n para el uso deportivo. La gama Performance ha sido pensada para un uso en carretera intensivo, pero tambi&eacute;n para uso deportivo para soportar las altas exigencias y para dar prestaciones de alto nivel. Los materiales de fricci&oacute;n, utilizados en los discos conductores del embrague en ba&ntilde;o de aceite, es el Paper Carbon. Los discos conducidos (separadores) est&aacute;n fabricados en un acero especial que asegura la m&aacute;xima resistencia y ausencias de deformaciones.</p>","
PERFORMANCE LINE

Válidos también para el uso deportivo. La gama Performance ha sido pensada para un uso en carretera intensivo, pero también para uso deportivo para soportar las altas exigencias y para dar prestaciones de alto nivel. Los materiales de fricción, utilizados en los discos conductores del embrague en baño de aceite, es el Paper Carbon. Los discos conducidos (separadores) están fabricados en un acero especial que asegura la máxima resistencia y ausencias de deformaciones.",VEHICLE PARTS & ACCESSORIES,ENGINE PARTS,ENG. CLUTCH,1778,992,170,166,63,,,,por unidad,,https://api.mybihr.com/medias/800Wx800H-1127313-1.jpg?context=bWFzdGVyfHJvb3R8MzM1Mzc1fGltYWdlL2pwZWd8YURsaUwyZ3pZeTgyTmpBNU56QTJORGt6TlRRMU5DODRNREJYZURnd01FaGZNVEV5TnpNeE15MHhMbXB3Wnd8NDE4MzY4YzFhMTVjOGQ2NzhjM2Q4MzBlODAyMTc3ZThjYjhlZGM3Yjc1YWI5ZGQyZTNkNmM0YjhmNDhiMWY3OA,,,https://static.bihr.pro/eBihr/Pictures/NEWFREN-pictures.zip,Spain Warehouse (Parts)
1127310,,F2639SR,NEWFREN,NEWFR COMPLETE CLUTCH KIT PERFORMANCE,Kit de discos + separadores de embrague NEWFREN Performance,239.94,198.30,128.90,8025832274711,1,8714105000,0,1,"<p><strong>PERFORMANCE LINE</strong></p>
<p>V&aacute;lidos tambi&eacute;n para el uso deportivo. La gama Performance ha sido pensada para un uso en carretera intensivo, pero tambi&eacute;n para uso deportivo para soportar las altas exigencias y para dar prestaciones de alto nivel. Los materiales de fricci&oacute;n, utilizados en los discos conductores del embrague en ba&ntilde;o de aceite, es el Paper Carbon. Los discos conducidos (separadores) est&aacute;n fabricados en un acero especial que asegura la m&aacute;xima resistencia y ausencias de deformaciones.</p>","
PERFORMANCE LINE

Válidos también para el uso deportivo. La gama Performance ha sido pensada para un uso en carretera intensivo, pero también para uso deportivo para soportar las altas exigencias y para dar prestaciones de alto nivel. Los materiales de fricción, utilizados en los discos conductores del embrague en baño de aceite, es el Paper Carbon. Los discos conducidos (separadores) están fabricados en un acero especial que asegura la máxima resistencia y ausencias de deformaciones.",VEHICLE PARTS & ACCESSORIES,ENGINE PARTS,ENG. CLUTCH,1778,1205,169,167,63,,,,por unidad,,https://api.mybihr.com/medias/800Wx800H-1127310-1.jpg?context=bWFzdGVyfHJvb3R8MzM1Mzc1fGltYWdlL2pwZWd8YURBekwyaGhaQzgyTmpBNU56QTJNemMxTlRnd05pODRNREJYZURnd01FaGZNVEV5TnpNeE1DMHhMbXB3Wnd8MjRlZGE0OGI4N2VmYjBiYjc1NDk5NmRhY2Y4YmUzOGU4YTFlZTUyMzMwOWI1MzYwODIwMDI2OGJiNmY0Yzc2Mg,,,https://static.bihr.pro/eBihr/Pictures/NEWFREN-pictures.zip,Spain Warehouse (Parts)
1127304,,F1515SR,NEWFREN,NEWFR COMPLETE CLUTCH KIT PERFORMANCE,Kit de discos + separadores de embrague NEWFREN Performance,242.00,200.00,130.00,8025832228066,3,8714105000,0,1,"<p><strong>PERFORMANCE LINE</strong></p>
<p>V&aacute;lidos tambi&eacute;n para el uso deportivo. La gama Performance ha sido pensada para un uso en carretera intensivo, pero tambi&eacute;n para uso deportivo para soportar las altas exigencias y para dar prestaciones de alto nivel. Los materiales de fricci&oacute;n, utilizados en los discos conductores del embrague en ba&ntilde;o de aceite, es el Paper Carbon. Los discos conducidos (separadores) est&aacute;n fabricados en un acero especial que asegura la m&aacute;xima resistencia y ausencias de deformaciones.</p>","
PERFORMANCE LINE

Válidos también para el uso deportivo. La gama Performance ha sido pensada para un uso en carretera intensivo, pero también para uso deportivo para soportar las altas exigencias y para dar prestaciones de alto nivel. Los materiales de fricción, utilizados en los discos conductores del embrague en baño de aceite, es el Paper Carbon. Los discos conducidos (separadores) están fabricados en un acero especial que asegura la máxima resistencia y ausencias de deformaciones.",VEHICLE PARTS & ACCESSORIES,ENGINE PARTS,ENG. CLUTCH,1812,1057,171,163,65,,,,por unidad,,https://api.mybihr.com/medias/800Wx800H-1127304-1.jpg?context=bWFzdGVyfHJvb3R8MzM1Mzc1fGltYWdlL2pwZWd8YURKbEwyZzNNaTgyTmpBNU56QTJNVE01TmpVeE1DODRNREJYZURnd01FaGZNVEV5TnpNd05DMHhMbXB3Wnd8OGQxNzFjNmZhNzExNDM2ZGQyZmJmY2YwM2MxNzJlZDI5OWFlYjIxMGM5MDZiZjlkN2JmYmQ1YWUwMjVkNGE2MQ,,,https://static.bihr.pro/eBihr/Pictures/NEWFREN-pictures.zip,Spain Warehouse (Parts)
1127318,,F2950AC,NEWFREN,NEWFR COMPLETE CLUTCH KIT,Kit de discos + separadores de embrague NEWFREN Standard,217.07,179.40,116.61,8025832430513,4,8714105000,0,1,"<p><strong>OE-STANDARD LINE</strong></p>
<p>Est&aacute;n dise&ntilde;ados para sustituir al embrague OE, manteniendo las mismas prestaciones y durabilidad. Los juegos de discos de embrague OE-Standard se fabrican con materiales de primera calidad. Son productos extremadamente fiables. El material de fricci&oacute;n de los discos es org&aacute;nico. El compuesto del material org&aacute;nico se elige en funci&oacute;n del tipo y la utilizaci&oacute;n de la motocicleta, optimizando as&iacute; el rendimiento, aunque dentro de las directrices del fabricante.</p>","
OE-STANDARD LINE

Están diseñados para sustituir al embrague OE, manteniendo las mismas prestaciones y durabilidad. Los juegos de discos de embrague OE-Standard se fabrican con materiales de primera calidad. Son productos extremadamente fiables. El material de fricción de los discos es orgánico. El compuesto del material orgánico se elige en función del tipo y la utilización de la motocicleta, optimizando así el rendimiento, aunque dentro de las directrices del fabricante.",VEHICLE PARTS & ACCESSORIES,ENGINE PARTS,ENG. CLUTCH,1799,1236,171,167,63,,,,por unidad,,https://api.mybihr.com/medias/800Wx800H-1127318-1.jpg?context=bWFzdGVyfHJvb3R8MzM1Mzc1fGltYWdlL2pwZWd8YUdFMUwyZzVOaTgyTmpBNU56QTJOamt3TVRVek5DODRNREJYZURnd01FaGZNVEV5TnpNeE9DMHhMbXB3Wnd8MTliN2JmOWUxNjE4NDk4NjJjNGEzMjI5ZTYwZWNjZWM3ZjA0YjZkNjgwZWQ3MmIyMmRkYjQyMzkxNzExNTFkZg,,,https://static.bihr.pro/eBihr/Pictures/NEWFREN-pictures.zip,Spain Warehouse (Parts)
1127312,,F1708SR,NEWFREN,NEWFR COMPLETE CLUTCH KIT PERFORMANCE,Kit de discos + separadores de embrague NEWFREN Performance,212.84,175.90,114.34,8025832279372,1,8714105000,0,1,"<p><strong>PERFORMANCE LINE</strong></p>
<p>V&aacute;lidos tambi&eacute;n para el uso deportivo. La gama Performance ha sido pensada para un uso en carretera intensivo, pero tambi&eacute;n para uso deportivo para soportar las altas exigencias y para dar prestaciones de alto nivel. Los materiales de fricci&oacute;n, utilizados en los discos conductores del embrague en ba&ntilde;o de aceite, es el Paper Carbon. Los discos conducidos (separadores) est&aacute;n fabricados en un acero especial que asegura la m&aacute;xima resistencia y ausencias de deformaciones.</p>","
PERFORMANCE LINE

Válidos también para el uso deportivo. La gama Performance ha sido pensada para un uso en carretera intensivo, pero también para uso deportivo para soportar las altas exigencias y para dar prestaciones de alto nivel. Los materiales de fricción, utilizados en los discos conductores del embrague en baño de aceite, es el Paper Carbon. Los discos conducidos (separadores) están fabricados en un acero especial que asegura la máxima resistencia y ausencias de deformaciones.",VEHICLE PARTS & ACCESSORIES,ENGINE PARTS,ENG. CLUTCH,1856,1087,170,168,65,,,,por unidad,,https://api.mybihr.com/medias/800Wx800H-1127312-1.jpg?context=bWFzdGVyfHJvb3R8MzM1Mzc1fGltYWdlL2pwZWd8YURJNUwyZzBZUzgyTmpBNU56QTJORFUwTWpJek9DODRNREJYZURnd01FaGZNVEV5TnpNeE1pMHhMbXB3Wnd8NjhiZWI5NjM3YWI1Y2M1N2NjMTcyNmM2NDdhZDJlM2MwNmU0ZTFkMjQxZmE0ZWVmZTM1YzIwYmM1NjVkNzQ0NA,,,https://static.bihr.pro/eBihr/Pictures/NEWFREN-pictures.zip,Spain Warehouse (Parts)
1127307,,F3615AC,NEWFREN,NEWFR COMPLETE CLUTCH KIT,Kit de discos + separadores de embrague NEWFREN Standard,71.39,59.00,38.35,8025832418436,0,8714105000,0,1,"<p><strong>OE-STANDARD LINE</strong></p>
<p>Est&aacute;n dise&ntilde;ados para sustituir al embrague OE, manteniendo las mismas prestaciones y durabilidad. Los juegos de discos de embrague OE-Standard se fabrican con materiales de primera calidad. Son productos extremadamente fiables. El material de fricci&oacute;n de los discos es org&aacute;nico. El compuesto del material org&aacute;nico se elige en funci&oacute;n del tipo y la utilizaci&oacute;n de la motocicleta, optimizando as&iacute; el rendimiento, aunque dentro de las directrices del fabricante.</p>","
OE-STANDARD LINE

Están diseñados para sustituir al embrague OE, manteniendo las mismas prestaciones y durabilidad. Los juegos de discos de embrague OE-Standard se fabrican con materiales de primera calidad. Son productos extremadamente fiables. El material de fricción de los discos es orgánico. El compuesto del material orgánico se elige en función del tipo y la utilización de la motocicleta, optimizando así el rendimiento, aunque dentro de las directrices del fabricante.",VEHICLE PARTS & ACCESSORIES,ENGINE PARTS,ENG. CLUTCH,718,583,151,144,33,,,,por unidad,,https://api.mybihr.com/medias/800Wx800H-1127307-1.jpg?context=bWFzdGVyfHJvb3R8MzM1Mzc1fGltYWdlL2pwZWd8YURrMkwyaGxNaTgyTmpBNU56QTJNalUzTmpFMU9DODRNREJYZURnd01FaGZNVEV5TnpNd055MHhMbXB3Wnd8NzhiNTI1NmIzZGM1ODVmNmQ3NjU4ODk4Yzg0MjYzMjQ4NmI4MDU4Mjc5NTQ5NjhhNjgwNDIxYWNmMTViNzlhOQ,,,https://static.bihr.pro/eBihr/Pictures/NEWFREN-pictures.zip,Spain Warehouse (Parts)
1127303,,F1515AC,NEWFREN,NEWFR COMPLETE CLUTCH KIT,Kit de discos + separadores de embrague NEWFREN Standard,189.37,156.50,101.73,8025832373155,3,8714105000,0,1,"<p><strong>OE-STANDARD LINE</strong></p>
<p>Est&aacute;n dise&ntilde;ados para sustituir al embrague OE, manteniendo las mismas prestaciones y durabilidad. Los juegos de discos de embrague OE-Standard se fabrican con materiales de primera calidad. Son productos extremadamente fiables. El material de fricci&oacute;n de los discos es org&aacute;nico. El compuesto del material org&aacute;nico se elige en funci&oacute;n del tipo y la utilizaci&oacute;n de la motocicleta, optimizando as&iacute; el rendimiento, aunque dentro de las directrices del fabricante.</p>","
OE-STANDARD LINE

Están diseñados para sustituir al embrague OE, manteniendo las mismas prestaciones y durabilidad. Los juegos de discos de embrague OE-Standard se fabrican con materiales de primera calidad. Son productos extremadamente fiables. El material de fricción de los discos es orgánico. El compuesto del material orgánico se elige en función del tipo y la utilización de la motocicleta, optimizando así el rendimiento, aunque dentro de las directrices del fabricante.",VEHICLE PARTS & ACCESSORIES,ENGINE PARTS,ENG. CLUTCH,1736,1071,168,164,63,,,,por unidad,,https://api.mybihr.com/medias/800Wx800H-1127303-1.jpg?context=bWFzdGVyfHJvb3R8MzM1Mzc1fGltYWdlL2pwZWd8YUdZeEwyZzJOaTgyTmpBNU56QTJNVEF3TXpJNU5DODRNREJYZURnd01FaGZNVEV5TnpNd015MHhMbXB3Wnd8OTk3Y2FkNjhiMzcwN2RmYWQ2MDE2ZjI0ZmI2OWQzMmU1N2RmYzAwNDg5Mzg4ZmRhZGY1ZTliYWFlMGNkOTk3ZQ,,,https://static.bihr.pro/eBihr/Pictures/NEWFREN-pictures.zip,Spain Warehouse (Parts)
1127315,,F2874AC,NEWFREN,NEWFR COMPLETE CLUTCH KIT,Kit de discos + separadores de embrague NEWFREN Standard,149.56,123.60,80.34,8025832277248,3,8714105000,0,1,"<p><strong>OE-STANDARD LINE</strong></p>
<p>Est&aacute;n dise&ntilde;ados para sustituir al embrague OE, manteniendo las mismas prestaciones y durabilidad. Los juegos de discos de embrague OE-Standard se fabrican con materiales de primera calidad. Son productos extremadamente fiables. El material de fricci&oacute;n de los discos es org&aacute;nico. El compuesto del material org&aacute;nico se elige en funci&oacute;n del tipo y la utilizaci&oacute;n de la motocicleta, optimizando as&iacute; el rendimiento, aunque dentro de las directrices del fabricante.</p>","
OE-STANDARD LINE

Están diseñados para sustituir al embrague OE, manteniendo las mismas prestaciones y durabilidad. Los juegos de discos de embrague OE-Standard se fabrican con materiales de primera calidad. Son productos extremadamente fiables. El material de fricción de los discos es orgánico. El compuesto del material orgánico se elige en función del tipo y la utilización de la motocicleta, optimizando así el rendimiento, aunque dentro de las directrices del fabricante.",VEHICLE PARTS & ACCESSORIES,ENGINE PARTS,ENG. CLUTCH,1790,972,171,161,65,,,,por unidad,,https://api.mybihr.com/medias/800Wx800H-1127315-1.jpg?context=bWFzdGVyfHJvb3R8MzM1Mzc1fGltYWdlL2pwZWd8YUROa0wyZ3lOaTgyTmpBNU56QTJOVGN5TVRnNE5pODRNREJYZURnd01FaGZNVEV5TnpNeE5TMHhMbXB3Wnd8MWM0MDAyNjYwZjdhN2YxNzgzNzlmOGUzZjkyYTUyNzQ5ZGY0ZDI3MGU3YTYzYjRhYmM3YWE5MThmMDQwOGEwMw,,,https://static.bihr.pro/eBihr/Pictures/NEWFREN-pictures.zip,Spain Warehouse (Parts)
1127305,,F1351SR,NEWFREN,NEWFR COMPLETE CLUTCH KIT PERFORMANCE,Kit de discos + separadores de embrague NEWFREN Performance,244.66,202.20,131.43,8025832406488,1,8714105000,0,1,"<p><strong>PERFORMANCE LINE</strong></p>
<p>V&aacute;lidos tambi&eacute;n para el uso deportivo. La gama Performance ha sido pensada para un uso en carretera intensivo, pero tambi&eacute;n para uso deportivo para soportar las altas exigencias y para dar prestaciones de alto nivel. Los materiales de fricci&oacute;n, utilizados en los discos conductores del embrague en ba&ntilde;o de aceite, es el Paper Carbon. Los discos conducidos (separadores) est&aacute;n fabricados en un acero especial que asegura la m&aacute;xima resistencia y ausencias de deformaciones.</p>","
PERFORMANCE LINE

Válidos también para el uso deportivo. La gama Performance ha sido pensada para un uso en carretera intensivo, pero también para uso deportivo para soportar las altas exigencias y para dar prestaciones de alto nivel. Los materiales de fricción, utilizados en los discos conductores del embrague en baño de aceite, es el Paper Carbon. Los discos conducidos (separadores) están fabricados en un acero especial que asegura la máxima resistencia y ausencias de deformaciones.",VEHICLE PARTS & ACCESSORIES,ENGINE PARTS,ENG. CLUTCH,1142,687,165,161,43,,,,por unidad,,https://api.mybihr.com/medias/800Wx800H-1127305-1.jpg?context=bWFzdGVyfHJvb3R8MzM1Mzc1fGltYWdlL2pwZWd8YUdKakwyZzNaaTgyTmpBNU56QTJNVGM0T1RjeU5pODRNREJYZURnd01FaGZNVEV5TnpNd05TMHhMbXB3Wnd8NDI4YThlZmQ2Y2JhMTVkZjg0NzkxMWZhM2FlNmEzZTUzNmE1NjM0OTI3ZjBiNjhhNmRkYzg4MzkwNjExMzcwMQ,,,https://static.bihr.pro/eBihr/Pictures/NEWFREN-pictures.zip,Spain Warehouse (Parts)
1127963,,F3612AC,NEWFREN,NEWFR COMPLETE CLUTCH KIT,Kit de discos + separadores de embrague NEWFREN Standard,151.86,125.50,81.58,8025832430636,0,8714105000,0,1,"<p><strong>OE-STANDARD LINE</strong></p>
<p>Están diseñados para sustituir al embrague OE, manteniendo las mismas prestaciones y durabilidad. Los juegos de discos de embrague OE-Standard se fabrican con materiales de primera calidad. Son productos extremadamente fiables. El material de fricción de los discos es orgánico. El compuesto del material orgánico se elige en función del tipo y la utilización de la motocicleta, optimizando así el rendimiento, aunque dentro de las directrices del fabricante.</p>","
OE-STANDARD LINE

Están diseñados para sustituir al embrague OE, manteniendo las mismas prestaciones y durabilidad. Los juegos de discos de embrague OE-Standard se fabrican con materiales de primera calidad. Son productos extremadamente fiables. El material de fricción de los discos es orgánico. El compuesto del material orgánico se elige en función del tipo y la utilización de la motocicleta, optimizando así el rendimiento, aunque dentro de las directrices del fabricante.",VEHICLE PARTS & ACCESSORIES,ENGINE PARTS,ENG. CLUTCH,793,908,146,143,38,,,,por unidad,,https://api.mybihr.com/medias/800Wx800H-1127963-1.png?context=bWFzdGVyfHJvb3R8MjQyMzk4fGltYWdlL3BuZ3xhR1F6TDJobFppODJOamMyTWpnek1qSXhOakE1TkM4NE1EQlhlRGd3TUVoZk1URXlOemsyTXkweExuQnVad3w5YThhOWE3OTU4ZTIxMDcwMGMyNjA1ZTlhZDE2MzQ5NGQ3MGU4ZmNhYzZmYmVkZDA5MzQxMTRiZTkxMGM5NjJk,,,https://static.bihr.pro/eBihr/Pictures/NEWFREN-pictures.zip,Spain Warehouse (Parts)
1128080,,MO347F,NEWFREN,NEWFR SPRINGS CLUTCH,Kit de muelles de embrague NEWFREN,16.34,13.50,8.78,8025832430810,1,8714105000,0,1,,,VEHICLE PARTS & ACCESSORIES,ENGINE PARTS,ENG. CLUTCH,218,87,81,56,48,Acero,,,por unidad,,https://api.mybihr.com/medias/800Wx800H-1128080-1.jpg?context=bWFzdGVyfHJvb3R8MzAyMzk0fGltYWdlL2pwZWd8YURaaUwyZ3hOUzgyTmpjMk1qZ3pORFF4TVRVMU1DODRNREJYZURnd01FaGZNVEV5T0RBNE1DMHhMbXB3Wnd8ZWNhZDg2NGM2YmJiNzg5OGM1NDUwNDY3MjZiYmRjOTNhNWU5MTMyZmNkZjUzN2ZlNjllMGFkNDMyZjM5ODY0OA,,,https://static.bihr.pro/eBihr/Pictures/NEWFREN-pictures.zip,Spain Warehouse (Parts)
1129985,,F1359QC,NEWFREN,NEWFR COMPLETE CLUTCH KIT,Kit de discos + separadores de embrague NEWFREN Pro Race,373.77,308.90,200.79,8025832430674,0,8714105000,0,1,"<p><strong>PRO RACE LINE</strong></p>
<p>Los embragues Pro Race son lo más alto de la gama. Son el resultado de la investigación en nuevas tecnologías combinadas con nuevos materiales desarrollados en colaboración con importantes equipos de Superbike, Moto3 y MXGP. El material de fricción está compuesto principalmente de celulosa, resinas, carbono y otros elementos que garantizan un coeficiente de fricción extremadamente alto y son menos compresibles. El particular diseño de ""muescas separadas"" mejora el flujo de aceite, permitiendo que las placas funcionen con mayor eficacia. La combinación de este diseño con el nuevo material de fricción aumenta la resistencia a la fatiga y garantiza la máxima estabilidad de funcionamiento, incluso en uso extremo, lo que convierte al embrague Pro Race en un producto de competición de muy alta calidad.</p>","
PRO RACE LINE

Los embragues Pro Race son lo más alto de la gama. Son el resultado de la investigación en nuevas tecnologías combinadas con nuevos materiales desarrollados en colaboración con importantes equipos de Superbike, Moto3 y MXGP. El material de fricción está compuesto principalmente de celulosa, resinas, carbono y otros elementos que garantizan un coeficiente de fricción extremadamente alto y son menos compresibles. El particular diseño de ""muescas separadas"" mejora el flujo de aceite, permitiendo que las placas funcionen con mayor eficacia. La combinación de este diseño con el nuevo material de fricción aumenta la resistencia a la fatiga y garantiza la máxima estabilidad de funcionamiento, incluso en uso extremo, lo que convierte al embrague Pro Race en un producto de competición de muy alta calidad.",VEHICLE PARTS & ACCESSORIES,ENGINE PARTS,ENG. CLUTCH,2638,1171,190,178,78,Orgánica,,,por unidad,,https://api.mybihr.com/medias/800Wx800H-1129985-1.jpg?context=bWFzdGVyfHJvb3R8MzE3MzYwfGltYWdlL2pwZWd8YUdGaEwyaGhOUzg0TURVNU1UazVOamt4TVRZME5pODRNREJYZURnd01FaGZNVEV5T1RrNE5TMHhMbXB3Wnd8OWMwMTc2MDIxYjU5ZDQyZTU4YTMxNGFjOWEyOTAwYWI1OWZkNThhZDUwMjIyNWE2ZmNmZWUxMjQ4ZDNlNmM3Mw,https://api.mybihr.com/medias/800Wx800H-1129985-2.jpg?context=bWFzdGVyfHJvb3R8MzM4MTJ8aW1hZ2UvanBlZ3xhR0V5TDJnMVpDODNPVEkzTVRNME1EYzJPVE14TUM4NE1EQlhlRGd3TUVoZk1URXlPVGs0TlMweUxtcHdad3w2MjY4YjMyNjk0MjdjOGFiMzBkMmU5MjM2ZGY4ZTk4NjQyNTIyYTI5OWE1M2E5NTkxMDg0NDMwNjYwODczMDdl,https://api.mybihr.com/medias/800Wx800H-1129985-3.jpg?context=bWFzdGVyfHJvb3R8NjYwODR8aW1hZ2UvanBlZ3xhRFUyTDJnd09DODNPVEkzTVRNME1URTJNalV5Tmk4NE1EQlhlRGd3TUVoZk1URXlPVGs0TlMwekxtcHdad3xmMTBkMTg0NTU4ZjZkNjlmOGZiNTVkZTgwYTQ0NzVmZWQ1NWMzNjdlYWQwNDMxNjU1NTUyYjhiNmQzMDE0Yjk5,https://static.bihr.pro/eBihr/Pictures/NEWFREN-pictures.zip,Spain Warehouse (Parts)
1129936,,F2724AC,NEWFREN,NEWFR COMPLETE CLUTCH KIT,Kit de discos + separadores de embrague NEWFREN Standard,75.87,62.70,40.76,8025832379447,0,8714109090,0,1,"<p><strong>OE-STANDARD LINE</strong></p>
<p>Están diseñados para sustituir al embrague OE, manteniendo las mismas prestaciones y durabilidad. Los juegos de discos de embrague OE-Standard se fabrican con materiales de primera calidad. Son productos extremadamente fiables. El material de fricción de los discos es orgánico. El compuesto del material orgánico se elige en función del tipo y la utilización de la motocicleta, optimizando así el rendimiento, aunque dentro de las directrices del fabricante.</p>","
OE-STANDARD LINE

Están diseñados para sustituir al embrague OE, manteniendo las mismas prestaciones y durabilidad. Los juegos de discos de embrague OE-Standard se fabrican con materiales de primera calidad. Son productos extremadamente fiables. El material de fricción de los discos es orgánico. El compuesto del material orgánico se elige en función del tipo y la utilización de la motocicleta, optimizando así el rendimiento, aunque dentro de las directrices del fabricante.",VEHICLE PARTS & ACCESSORIES,ENGINE PARTS,ENG. CLUTCH,877,444,165,161,33,Orgánica,,,por unidad,,https://api.mybihr.com/medias/800Wx800H-1129936-1.jpg?context=bWFzdGVyfHJvb3R8MTA3OTM1fGltYWdlL2pwZWd8YURFNEwyZzNOQzg0TURNM05qQTROalV5T0RBek1DODRNREJYZURnd01FaGZNVEV5T1Rrek5pMHhMbXB3Wnd8OTVmMDFhZDViZjhhNGIwNTU0MzRkOWVhODgzNmU2MzY5ZmY5NzE4MWNmMDAwNDc0N2NjYTdhMTBkNmU0NzZlYQ,https://api.mybihr.com/medias/800Wx800H-1129936-2.jpg?context=bWFzdGVyfHJvb3R8MzMyMjV8aW1hZ2UvanBlZ3xhRE5tTDJobFlpODNPVEkyTXpJeE1UVTFNamM1T0M4NE1EQlhlRGd3TUVoZk1URXlPVGt6TmkweUxtcHdad3w3YjU4YjQ2MTM4ZTQyZDExZmY5M2VlZGJmMjRjZGY3NTEyMmQwYTc3ZTlkMmMyOGFjODc5NDIzYjEyNTlhM2M2,https://api.mybihr.com/medias/800Wx800H-1129936-3.jpg?context=bWFzdGVyfHJvb3R8NDA2MTN8aW1hZ2UvanBlZ3xhR0l4TDJoa1pDODNPVEkyTXpJeE1UazBOakF4TkM4NE1EQlhlRGd3TUVoZk1URXlPVGt6TmkwekxtcHdad3w1YWEzMmI4NDE3MTQ1ZDkzZWQ4YTg4ZGUzMjg4Mzc5MGMyYzVkOTFiYTk0NGIxZDVmNDliZmViNzBlZjYxYzk2,https://static.bihr.pro/eBihr/Pictures/NEWFREN-pictures.zip,Spain Warehouse (Parts)
1129983,,F1342CC,NEWFREN,NEWFR PLATE STEEL,Kit de separadores de embrague NEWFREN Standard,75.50,62.40,40.56,8025832430858,0,8714105000,0,1,"<p><strong>OE-STANDARD LINE</strong></p>
<p>Están diseñados para sustituir al embrague OE, manteniendo las mismas prestaciones y durabilidad. Los juegos de discos de embrague OE-Standard se fabrican con materiales de primera calidad. Son productos extremadamente fiables. El material de fricción de los discos es orgánico. El compuesto del material orgánico se elige en función del tipo y la utilización de la motocicleta, optimizando así el rendimiento, aunque dentro de las directrices del fabricante.</p>","
OE-STANDARD LINE

Están diseñados para sustituir al embrague OE, manteniendo las mismas prestaciones y durabilidad. Los juegos de discos de embrague OE-Standard se fabrican con materiales de primera calidad. Son productos extremadamente fiables. El material de fricción de los discos es orgánico. El compuesto del material orgánico se elige en función del tipo y la utilización de la motocicleta, optimizando así el rendimiento, aunque dentro de las directrices del fabricante.",VEHICLE PARTS & ACCESSORIES,ENGINE PARTS,ENG. CLUTCH,877,739,165,161,33,,,,por unidad,,https://api.mybihr.com/medias/800Wx800H-1129983-1.jpg?context=bWFzdGVyfHJvb3R8MTc5MDEyfGltYWdlL2pwZWd8YURVM0wyZzNNQzg0TURVNU1qQXdPREkwT1RNM05DODRNREJYZURnd01FaGZNVEV5T1RrNE15MHhMbXB3Wnd8NTg4Njc5ZGRlM2U3N2VjYmM2ODliNDJmYzM5YWIzYTY5NTNiNmRjN2Y4YWI1NjZiYTE1NDA3NmY3NjZjNzZiOQ,,,https://static.bihr.pro/eBihr/Pictures/NEWFREN-pictures.zip,Spain Warehouse (Parts)
1129984,,F1350Q,NEWFREN,NEWFR PLATE FRICTION,Kit de discos de embrague NEWFREN Pro Race,251.08,207.50,134.88,8025832398158,0,8714105000,0,1,"<p><strong>PRO RACE LINE</strong></p>
<p>Los embragues Pro Race son lo más alto de la gama. Son el resultado de la investigación en nuevas tecnologías combinadas con nuevos materiales desarrollados en colaboración con importantes equipos de Superbike, Moto3 y MXGP. El material de fricción está compuesto principalmente de celulosa, resinas, carbono y otros elementos que garantizan un coeficiente de fricción extremadamente alto y son menos compresibles. El particular diseño de ""muescas separadas"" mejora el flujo de aceite, permitiendo que las placas funcionen con mayor eficacia. La combinación de este diseño con el nuevo material de fricción aumenta la resistencia a la fatiga y garantiza la máxima estabilidad de funcionamiento, incluso en uso extremo, lo que convierte al embrague Pro Race en un producto de competición de muy alta calidad.</p>","
PRO RACE LINE

Los embragues Pro Race son lo más alto de la gama. Son el resultado de la investigación en nuevas tecnologías combinadas con nuevos materiales desarrollados en colaboración con importantes equipos de Superbike, Moto3 y MXGP. El material de fricción está compuesto principalmente de celulosa, resinas, carbono y otros elementos que garantizan un coeficiente de fricción extremadamente alto y son menos compresibles. El particular diseño de ""muescas separadas"" mejora el flujo de aceite, permitiendo que las placas funcionen con mayor eficacia. La combinación de este diseño con el nuevo material de fricción aumenta la resistencia a la fatiga y garantiza la máxima estabilidad de funcionamiento, incluso en uso extremo, lo que convierte al embrague Pro Race en un producto de competición de muy alta calidad.",VEHICLE PARTS & ACCESSORIES,ENGINE PARTS,ENG. CLUTCH,1076,266,164,164,40,Orgánica,,,por unidad,,https://api.mybihr.com/medias/800Wx800H-1129984-1.jpg?context=bWFzdGVyfHJvb3R8MzE3MzYwfGltYWdlL2pwZWd8YUdSaEwyZzVaUzg0TURVNU1UazVOamN4TlRBek9DODRNREJYZURnd01FaGZNVEV5T1RrNE5DMHhMbXB3Wnd8MmMwZjA2ZDQ3M2RhOGIxYWM0MTVhYzA1MWZmNTlmNDdmN2I5NmRhOWUwNTc5OTIxOGQxNjg2N2QwMTRmOWNkZg,https://api.mybihr.com/medias/800Wx800H-1129984-3.jpg?context=bWFzdGVyfHJvb3R8MjQxMzR8aW1hZ2UvanBlZ3xhR1F3TDJnNU1TODNPVEkzTVRNek9UazRNamczT0M4NE1EQlhlRGd3TUVoZk1URXlPVGs0TkMwekxtcHdad3xhNDc4MGQ0YzUyZGQ5ZmY4ZmY4OWZjNjlhNTU2MGU4NGIxOGZmNjU1ZTIwNDBjMzc1ZjE5OGQ2N2Q1N2UxZDAy,,https://static.bihr.pro/eBihr/Pictures/NEWFREN-pictures.zip,Spain Warehouse (Parts)
1138502,,F3617A,NEWFREN,NEWFR PLATE FRICTION,Kit de discos de embrague NEWFREN Standard,50.34,41.60,27.04,8025832430711,0,8714109090,0,1,"<p><strong>OE-STANDARD LINE</strong></p>
<p>Est&aacute;n dise&ntilde;ados para sustituir al embrague OE, manteniendo las mismas prestaciones y durabilidad. Los juegos de discos de embrague OE-Standard se fabrican con materiales de primera calidad. Son productos extremadamente fiables. El material de fricci&oacute;n de los discos es org&aacute;nico. El compuesto del material org&aacute;nico se elige en funci&oacute;n del tipo y la utilizaci&oacute;n de la motocicleta, optimizando as&iacute; el rendimiento, aunque dentro de las directrices del fabricante.</p>","
OE-STANDARD LINE

Están diseñados para sustituir al embrague OE, manteniendo las mismas prestaciones y durabilidad. Los juegos de discos de embrague OE-Standard se fabrican con materiales de primera calidad. Son productos extremadamente fiables. El material de fricción de los discos es orgánico. El compuesto del material orgánico se elige en función del tipo y la utilización de la motocicleta, optimizando así el rendimiento, aunque dentro de las directrices del fabricante.",VEHICLE PARTS & ACCESSORIES,ENGINE PARTS,ENG. CLUTCH,653,260,150,145,30,,,,por unidad,,https://api.mybihr.com/medias/800Wx800H-1138502-1.jpg?context=bWFzdGVyfHJvb3R8NDA3OTN8aW1hZ2UvanBlZ3xhR1kyTDJobFpTODRNRGMzTVRBek5qTXhOVFkzT0M4NE1EQlhlRGd3TUVoZk1URXpPRFV3TWkweExtcHdad3xhYTAxYmRjMDIwMmVlZDE3ZjcxYTBlNmM3N2FhNmIxYzhiMTIzNzQ2NDk5ZDI2NDAyNGI0NWMyMDljN2IyNjRl,,,https://static.bihr.pro/eBihr/Pictures/NEWFREN-pictures.zip,Spain Warehouse (Parts)
1138500,,F1358A,NEWFREN,NEWFR PLATE FRICTION,Kit de discos de embrague NEWFREN Standard,46.59,38.50,25.03,8025832430889,0,8714109090,0,1,"<p><strong>OE-STANDARD LINE</strong></p>
<p>Est&aacute;n dise&ntilde;ados para sustituir al embrague OE, manteniendo las mismas prestaciones y durabilidad. Los juegos de discos de embrague OE-Standard se fabrican con materiales de primera calidad. Son productos extremadamente fiables. El material de fricci&oacute;n de los discos es org&aacute;nico. El compuesto del material org&aacute;nico se elige en funci&oacute;n del tipo y la utilizaci&oacute;n de la motocicleta, optimizando as&iacute; el rendimiento, aunque dentro de las directrices del fabricante.</p>","
OE-STANDARD LINE

Están diseñados para sustituir al embrague OE, manteniendo las mismas prestaciones y durabilidad. Los juegos de discos de embrague OE-Standard se fabrican con materiales de primera calidad. Son productos extremadamente fiables. El material de fricción de los discos es orgánico. El compuesto del material orgánico se elige en función del tipo y la utilización de la motocicleta, optimizando así el rendimiento, aunque dentro de las directrices del fabricante.",VEHICLE PARTS & ACCESSORIES,ENGINE PARTS,ENG. CLUTCH,365,180,135,135,20,,,,por unidad,,https://api.mybihr.com/medias/800Wx800H-1138500-1.jpg?context=bWFzdGVyfHJvb3R8NDA3ODd8aW1hZ2UvanBlZ3xhRFk0TDJnek1pOHhNREE0TVRFMU1ERTVPVFF3TVRRdk9EQXdWM2c0TURCSVh6RXhNemcxTURBdE1TNXFjR2N8MWVhZjQxNjVjMzAxNjI0ZWVmY2NlNGExMzk5M2M1MTAxMThiMjZmNTU5NWEyNTAxMDE0ZTkwOGJmY2JmOTQ5MA,,,https://static.bihr.pro/eBihr/Pictures/NEWFREN-pictures.zip,Spain Warehouse (Parts)
1138530,,MO348F,NEWFREN,NEWFR SPRINGS CLUTCH,Set muelles de embrague NEWFREN,18.88,15.60,10.14,8025832431367,0,8714105000,0,1,,,VEHICLE PARTS & ACCESSORIES,ENGINE PARTS,ENG. CLUTCH,205,10,90,65,35,Acero,,,por unidad,,https://api.mybihr.com/medias/800Wx800H-1138530-1.jpg?context=bWFzdGVyfHJvb3R8MzA1NDIyfGltYWdlL2pwZWd8YURZNUwyaGxNUzg0TURjM01UQXpOamN3T0RnNU5DODRNREJYZURnd01FaGZNVEV6T0RVek1DMHhMbXB3Wnd8ZDFmNWU1NDMzZWEwZTE2YTcwZjM1NGM3NjQxMTdiNzBiMTMyMDAyMDNjOTkyMTVhYjZlYWI2N2VmZmZhZjA4MA,,,https://static.bihr.pro/eBihr/Pictures/NEWFREN-pictures.zip,Spain Warehouse (Parts)
1138501,,F3617AC,NEWFREN,NEWFR COMPLETE CLUTCH KIT,Kit de discos + separadores de embrague NEWFREN Standard,81.80,67.60,43.94,8025832430728,0,8714109090,0,1,"<h4>Friction</h4>

<p>Qty <strong>5</strong><br>
Thickness <strong>2,4</strong><br>
Nr. of edges <strong>24</strong><br>
External Diameter <strong>109,9</strong><br>
Internal Diameter <strong>90,8</strong></p>

<p>&nbsp;</p>

<h4>Steel</h4>

<p>Qty <strong>4</strong><br>
Thickness <strong>1,4</strong><br>
Nr. of teeth <strong>30</strong><br>
External Diameter <strong>110</strong><br>
Int diam. bottom teeth (mm) <strong>90</strong><br>
Int diam. top teeth (mm) <strong>83,6</strong></p>","Friction


Qty 5
Thickness 2,4
Nr. of edges 24
External Diameter 109,9
Internal Diameter 90,8


 

Steel


Qty 4
Thickness 1,4
Nr. of teeth 30
External Diameter 110
Int diam. bottom teeth (mm) 90
Int diam. top teeth (mm) 83,6",VEHICLE PARTS & ACCESSORIES,ENGINE PARTS,ENG. CLUTCH,365,460,135,135,20,,,,por unidad,,https://api.mybihr.com/medias/800Wx800H-1138501-1.jpg?context=bWFzdGVyfHJvb3R8NDIxOTF8aW1hZ2UvanBlZ3xhREpqTDJneE55ODRNakk1TmpVeE1EWXhNVFE0Tmk4NE1EQlhlRGd3TUVoZk1URXpPRFV3TVMweExtcHdad3w2NWNlNTgyZjZlZThhZWYzYWRkN2JkZDE2NjU4ZjhmYTdmMTIyYzhmMDEzOTdkNzEwOTNiYjk1NWJmYTUzOTU4,,,https://static.bihr.pro/eBihr/Pictures/NEWFREN-pictures.zip,Spain Warehouse (Parts)
1138499,,F1358AC,NEWFREN,NEWFR COMPLETE CLUTCH KIT,Kit de discos + separadores de embrague NEWFREN Standard,69.94,57.80,37.57,8025832430896,2,8714109090,0,1,"<p><strong>OE-STANDARD LINE</strong></p>
<p>Designed to be used as replacements for the original discs, maintaining the same performance and durability characteristics. OE-Standard clutch disc sets are made from the highest quality materials. They are an extremely reliable product. The friction material of the discs is organic. The composition of the organic material is selected according to the type of use and motorcycle: this allows performance to be optimised while also complying with the manufacturer's specifications.</p>
<p>&nbsp;</p>","
OE-STANDARD LINE

Designed to be used as replacements for the original discs, maintaining the same performance and durability characteristics. OE-Standard clutch disc sets are made from the highest quality materials. They are an extremely reliable product. The friction material of the discs is organic. The composition of the organic material is selected according to the type of use and motorcycle: this allows performance to be optimised while also complying with the manufacturer's specifications.

 ",VEHICLE PARTS & ACCESSORIES,ENGINE PARTS,ENG. CLUTCH,631,380,145,145,30,,,,por unidad,,https://api.mybihr.com/medias/800Wx800H-1138499-1.jpg?context=bWFzdGVyfHJvb3R8NDIxOTF8aW1hZ2UvanBlZ3xhRFZqTDJneE1DODRNakk1TmpVeE1EUXhORGczT0M4NE1EQlhlRGd3TUVoZk1URXpPRFE1T1MweExtcHdad3xlYzdjNzkxOTFmNjBmYmFjMTRkNWYyYTVlNDNlNjQ4MzIxY2Q0NDE2OWFiM2FjZjZiZjAzMTVhZTg2ZWFhYzA4,,,https://static.bihr.pro/eBihr/Pictures/NEWFREN-pictures.zip,Spain Warehouse (Parts)
1147072,,F2947A,NEWFREN,NEWFR PLATE FRICTION,Kit de discos de embrague NEWFREN Standard,98.98,81.80,53.17,8025832383628,1,8714105000,0,1,"<p><strong>PERFORMANCE LINE</strong></p>
<p>Válidos también para el uso deportivo. La gama Performance ha sido pensada para un uso en carretera intensivo, pero también para uso deportivo para soportar las altas exigencias y para dar prestaciones de alto nivel. Los materiales de fricción, utilizados en los discos conductores del embrague en baño de aceite, es el Paper Carbon. Los discos conducidos (separadores) están fabricados en un acero especial que asegura la máxima resistencia y ausencias de deformaciones.</p>","
PERFORMANCE LINE

Válidos también para el uso deportivo. La gama Performance ha sido pensada para un uso en carretera intensivo, pero también para uso deportivo para soportar las altas exigencias y para dar prestaciones de alto nivel. Los materiales de fricción, utilizados en los discos conductores del embrague en baño de aceite, es el Paper Carbon. Los discos conducidos (separadores) están fabricados en un acero especial que asegura la máxima resistencia y ausencias de deformaciones.",VEHICLE PARTS & ACCESSORIES,ENGINE PARTS,ENG. CLUTCH,941,340,165,163,35,Orgánica,,,por unidad,,https://api.mybihr.com/medias/800Wx800H-1147072-1.jpg?context=bWFzdGVyfHJvb3R8Mjk5NTcyfGltYWdlL2pwZWd8YURnMEwyaGlPQzg0TWpJNU5qVXhNekkyTlRZNU5DODRNREJYZURnd01FaGZNVEUwTnpBM01pMHhMbXB3Wnd8ZDI3YjQyY2IzOGE4OTk2YTQ4MzZkZWM1YzNmOGVmZWYxZjE1NTE3MDVlNWQ0ZjE5ZGI2NmFkZGMwY2FkNzQzYQ,,,https://static.bihr.pro/eBihr/Pictures/NEWFREN-pictures.zip,Spain Warehouse (Parts)
1147638,,F1461CC,NEWFREN,NEWFR PLATE STEEL,Kit de separadores de embrague NEWFREN Standard,71.75,59.30,38.55,8025832423089,1,8714105000,0,1,"<p><strong>OE-STANDARD LINE</strong></p>
<p>Est&aacute;n dise&ntilde;ados para sustituir al embrague OE, manteniendo las mismas prestaciones y durabilidad. Los juegos de discos de embrague OE-Standard se fabrican con materiales de primera calidad. Son productos extremadamente fiables. El material de fricci&oacute;n de los discos es org&aacute;nico. El compuesto del material org&aacute;nico se elige en funci&oacute;n del tipo y la utilizaci&oacute;n de la motocicleta, optimizando as&iacute; el rendimiento, aunque dentro de las directrices del fabricante.</p>","
OE-STANDARD LINE

Están diseñados para sustituir al embrague OE, manteniendo las mismas prestaciones y durabilidad. Los juegos de discos de embrague OE-Standard se fabrican con materiales de primera calidad. Son productos extremadamente fiables. El material de fricción de los discos es orgánico. El compuesto del material orgánico se elige en función del tipo y la utilización de la motocicleta, optimizando así el rendimiento, aunque dentro de las directrices del fabricante.",VEHICLE PARTS & ACCESSORIES,ENGINE PARTS,ENG. CLUTCH,631,456,145,145,30,Acero,,,,,https://api.mybihr.com/medias/800Wx800H-1147638-1.jpg?context=bWFzdGVyfHJvb3R8MzA0NzB8aW1hZ2UvanBlZ3xhR0V5TDJobE5DODRNakk1TmpVeE1qUTNPVEkyTWk4NE1EQlhlRGd3TUVoZk1URTBOell6T0MweExtcHdad3xjZDI0YjRmZWY5MzllYWUzNjhkZTcwNWQ4YWNlZDdmNzY2ZTViNDU0NmJhZmFjNDI4NTNkNzRjNzI5Y2YwODRm,https://api.mybihr.com/medias/800Wx800H-1147638-2.jpg?context=bWFzdGVyfHJvb3R8MTkyNTQzfGltYWdlL2pwZWd8YURReUwyaG1NaTg0TWpJNU5qVXhNamczTWpRM09DODRNREJYZURnd01FaGZNVEUwTnpZek9DMHlMbXB3Wnd8YTBmNGM5MTA0OWM1M2NmNjg1MTBmZThjYWNiYzQ2YmNiM2M1ZmFiYTRhYjM0ZTdiYmZkYTVlNTg3ZTVjNTJiMQ,,https://static.bihr.pro/eBihr/Pictures/NEWFREN-pictures.zip,Spain Warehouse (Parts)
1147639,,F1461AC,NEWFREN,NEWFR COMPLETE CLUTCH KIT,Kit de discos + separadores de embrague NEWFREN Standard,148.10,122.40,79.56,8025832423072,0,8714105000,0,1,"<h4>Friction</h4>

<p>Qty <strong>5</strong><br>
Thickness <strong>2,4</strong><br>
Nr. of edges <strong>24</strong><br>
External Diameter <strong>109,9</strong><br>
Internal Diameter <strong>90,8</strong></p>

<p>&nbsp;</p>

<h4>Steel</h4>

<p>Qty <strong>4</strong><br>
Thickness <strong>1,4</strong><br>
Nr. of teeth <strong>30</strong><br>
External Diameter <strong>110</strong><br>
Int diam. bottom teeth (mm) <strong>90</strong><br>
Int diam. top teeth (mm) <strong>83,6</strong></p>","Friction


Qty 5
Thickness 2,4
Nr. of edges 24
External Diameter 109,9
Internal Diameter 90,8


 

Steel


Qty 4
Thickness 1,4
Nr. of teeth 30
External Diameter 110
Int diam. bottom teeth (mm) 90
Int diam. top teeth (mm) 83,6",VEHICLE PARTS & ACCESSORIES,ENGINE PARTS,ENG. CLUTCH,788,700,138,136,42,,,,por unidad,,https://api.mybihr.com/medias/800Wx800H-1147639-1.jpg?context=bWFzdGVyfHJvb3R8NDIxOTF8aW1hZ2UvanBlZ3xhR1V6TDJnM015ODRNakk1TmpVeE1USTJOamcwTmk4NE1EQlhlRGd3TUVoZk1URTBOell6T1MweExtcHdad3wxYTJmYWRjZTM3YjBjYjEwMTAyNmY3MDRjZTRmMjg4NmJiNzlhNTNiOTM1NDkwMzFiODI5NjdhYjgyOTg5MjMx,,,https://static.bihr.pro/eBihr/Pictures/NEWFREN-pictures.zip,Spain Warehouse (Parts)
1147070,,F2947AC,NEWFREN,NEWFR COMPLETE CLUTCH KIT,Kit de discos + separadores de embrague NEWFREN Standard,174.60,144.30,93.80,8025832383635,2,8714105000,0,1,"<h4>Friction</h4>

<p>Qty <strong>5</strong><br>
Thickness <strong>2,4</strong><br>
Nr. of edges <strong>24</strong><br>
External Diameter <strong>109,9</strong><br>
Internal Diameter <strong>90,8</strong></p>

<p>&nbsp;</p>

<h4>Steel</h4>

<p>Qty <strong>4</strong><br>
Thickness <strong>1,4</strong><br>
Nr. of teeth <strong>30</strong><br>
External Diameter <strong>110</strong><br>
Int diam. bottom teeth (mm) <strong>90</strong><br>
Int diam. top teeth (mm) <strong>83,6</strong></p>","Friction


Qty 5
Thickness 2,4
Nr. of edges 24
External Diameter 109,9
Internal Diameter 90,8


 

Steel


Qty 4
Thickness 1,4
Nr. of teeth 30
External Diameter 110
Int diam. bottom teeth (mm) 90
Int diam. top teeth (mm) 83,6",VEHICLE PARTS & ACCESSORIES,ENGINE PARTS,ENG. CLUTCH,1650,1128,161,61,168,,,,por unidad,,https://api.mybihr.com/medias/800Wx800H-1147070-1.jpg?context=bWFzdGVyfHJvb3R8NDIxOTF8aW1hZ2UvanBlZ3xhR0ZoTDJneFpTODRNakk1TmpVeE1EZzNNell6TUM4NE1EQlhlRGd3TUVoZk1URTBOekEzTUMweExtcHdad3xhMTFhMjQ3Y2E5YTU0YTdlNDJiM2YyMGQzZDQ0YWYxNDM1YzA0NzNkMmZmZmVlOWQxMjBiMmU0ZTA4NGJhOTZj,,,https://static.bihr.pro/eBihr/Pictures/NEWFREN-pictures.zip,Spain Warehouse (Parts)
1147071,,F2947QC,NEWFREN,NEWFR COMPLETE CLUTCH KIT PRO,Kit de discos + separadores de embrague NEWFREN Pro Race,295.36,244.10,158.67,8025832383666,2,8714105000,0,1,"<strong>PRO RACE LINE</strong>
Los discos y separadores de embrague Pro Race representan la gama más alta en componentes para competición. Son fruto de la investigación en nuevas tecnologías y materiales, desarrollados en colaboración con equipos punteros de Superbike, Moto3 y MXGP. El material de fricción está compuesto principalmente por celulosa, resinas, carbono y otros elementos que proporcionan un coeficiente de fricción extremadamente alto y una menor compresibilidad. El diseño específico con ranuras separadas mejora el flujo del aceite, permitiendo que los discos trabajen con mayor eficiencia. Esta combinación de diseño y materiales incrementa la resistencia a la fatiga y garantiza una estabilidad de rendimiento máxima, incluso bajo un uso extremo, lo que convierte a los Pro Race en un conjunto de discos y separadores de altísima calidad para uso racing.<h4>Separadores</h4>

<p>Cantidad: <strong>5</strong><br>
Espesor: <strong>2,4</strong><br>
Número de estrías: <strong>24</strong><br>
Diámetro exterior: <strong>109,9</strong><br>
Diámetro interior: <strong>90,8</strong></p>

<p>&nbsp;</p>

<h4>Discos</h4>

<p>Cantidad: <strong>4</strong><br>
Espesor: <strong>1,4</strong><br>
Cantidad de dientes: <strong>30</strong><br>
Diámetro exterior <strong>110</strong><br>
Diámetro interior (base de los dientes): <strong>90</strong><br>
Diámetro interior (punta de los dientes): (mm) <strong>83,6</strong></p>","PRO RACE LINE
Los discos y separadores de embrague Pro Race representan la gama más alta en componentes para competición. Son fruto de la investigación en nuevas tecnologías y materiales, desarrollados en colaboración con equipos punteros de Superbike, Moto3 y MXGP. El material de fricción está compuesto principalmente por celulosa, resinas, carbono y otros elementos que proporcionan un coeficiente de fricción extremadamente alto y una menor compresibilidad. El diseño específico con ranuras separadas mejora el flujo del aceite, permitiendo que los discos trabajen con mayor eficiencia. Esta combinación de diseño y materiales incrementa la resistencia a la fatiga y garantiza una estabilidad de rendimiento máxima, incluso bajo un uso extremo, lo que convierte a los Pro Race en un conjunto de discos y separadores de altísima calidad para uso racing.Separadores


Cantidad: 5
Espesor: 2,4
Número de estrías: 24
Diámetro exterior: 109,9
Diámetro interior: 90,8


 

Discos


Cantidad: 4
Espesor: 1,4
Cantidad de dientes: 30
Diámetro exterior 110
Diámetro interior (base de los dientes): 90
Diámetro interior (punta de los dientes): (mm) 83,6",VEHICLE PARTS & ACCESSORIES,ENGINE PARTS,ENG. CLUTCH,2592,1320,180,180,80,,,,"por unidad & ",,https://api.mybihr.com/medias/800Wx800H-1147071-1.jpg?context=bWFzdGVyfHJvb3R8NjA5MTV8aW1hZ2UvanBlZ3xhRGRqTDJoa1lTODRNakk1TmpVeE1qRTRORE0xTUM4NE1EQlhlRGd3TUVoZk1URTBOekEzTVMweExtcHdad3xkMjcyNDgxNzBlZTFjMmIyNDAzYjExNDVhZjc2Yjg0NjAzM2ZjNGFkMjgxYmYyMzE2MmVlZTJmM2RiZWJhODYw,,,https://static.bihr.pro/eBihr/Pictures/NEWFREN-pictures.zip,Spain Warehouse (Parts)
1147781,,F3604A,NEWFREN,NEWFR PLATE FRICTION,Kit de discos de embrague NEWFREN Standard,55.78,46.10,29.97,8025832278580,1,8714105000,0,1,"<p><strong>OE-STANDARD LINE</strong></p>
<p>Están diseñados para sustituir al embrague OE, manteniendo las mismas prestaciones y durabilidad. Los juegos de discos de embrague OE-Standard se fabrican con materiales de primera calidad. Son productos extremadamente fiables. El material de fricción de los discos es orgánico. El compuesto del material orgánico se elige en función del tipo y la utilización de la motocicleta, optimizando así el rendimiento, aunque dentro de las directrices del fabricante.</p>","
OE-STANDARD LINE

Están diseñados para sustituir al embrague OE, manteniendo las mismas prestaciones y durabilidad. Los juegos de discos de embrague OE-Standard se fabrican con materiales de primera calidad. Son productos extremadamente fiables. El material de fricción de los discos es orgánico. El compuesto del material orgánico se elige en función del tipo y la utilización de la motocicleta, optimizando así el rendimiento, aunque dentro de las directrices del fabricante.",VEHICLE PARTS & ACCESSORIES,ENGINE PARTS,ENG. CLUTCH,631,194,145,145,30,,,,"por unidad & ",,https://api.mybihr.com/medias/800Wx800H-1147781-1.jpg?context=bWFzdGVyfHJvb3R8NDA3OTN8aW1hZ2UvanBlZ3xhRGczTDJoa1ppODRNemcwTlRBMU1qWTJNVGM1TUM4NE1EQlhlRGd3TUVoZk1URTBOemM0TVMweExtcHdad3w1Y2VhYjgyNGQ0ZjZhNjc0MGQ2ODZiMTE1ZmU3ZWM1NWY1Mzg1YmE2MmM5YWY0MTk3NjljNzI2NTI0ZDA2NDc1,,,https://static.bihr.pro/eBihr/Pictures/NEWFREN-pictures.zip,Spain Warehouse (Parts)
1148087,,F1367SR,NEWFREN,NEWFR COMPLETE CLUTCH KIT PERFORMANCE,Kit de embrague NEWFREN Performance,199.65,165.00,107.25,8025832434436,1,8714105000,0,1,"<p><strong>PERFORMANCE LINE</strong></p>
<p>Válidos también para el uso deportivo. La gama Performance ha sido pensada para un uso en carretera intensivo, pero también para uso deportivo para soportar las altas exigencias y para dar prestaciones de alto nivel. Los materiales de fricción, utilizados en los discos conductores del embrague en baño de aceite, es el Paper Carbon. Los discos conducidos (separadores) están fabricados en un acero especial que asegura la máxima resistencia y ausencias de deformaciones.</p>","
PERFORMANCE LINE

Válidos también para el uso deportivo. La gama Performance ha sido pensada para un uso en carretera intensivo, pero también para uso deportivo para soportar las altas exigencias y para dar prestaciones de alto nivel. Los materiales de fricción, utilizados en los discos conductores del embrague en baño de aceite, es el Paper Carbon. Los discos conducidos (separadores) están fabricados en un acero especial que asegura la máxima resistencia y ausencias de deformaciones.",VEHICLE PARTS & ACCESSORIES,ENGINE PARTS,ENG. CLUTCH,992,660,151,146,45,,,,por unidad,,https://api.mybihr.com/medias/800Wx800H-1148087-1.jpg?context=bWFzdGVyfHJvb3R8NjA5MTV8aW1hZ2UvanBlZ3xhRGcyTDJneE1pODRNemt6TXpBek5qSXhOak0xTUM4NE1EQlhlRGd3TUVoZk1URTBPREE0TnkweExtcHdad3xhZGNlYmFjYmRjNjdjZTBjOTg5MTZhZTZkMzU5NjhjZDQ5YmYxM2Q1YWVhNThkOGUyNmRjZjRiYjgwMzNmMzY4,,,https://static.bihr.pro/eBihr/Pictures/NEWFREN-pictures.zip,Spain Warehouse (Parts)
1148086,,F1367AC,NEWFREN,NEWFR COMPLETE CLUTCH KIT,Kit de discos + separadores de embrague NEWFREN Standard,163.35,135.00,87.75,8025832434382,1,8714105000,0,1,"<p><strong>OE-STANDARD LINE</strong></p>
<p>Est&aacute;n dise&ntilde;ados para sustituir al embrague OE, manteniendo las mismas prestaciones y durabilidad. Los juegos de discos de embrague OE-Standard se fabrican con materiales de primera calidad. Son productos extremadamente fiables. El material de fricci&oacute;n de los discos es org&aacute;nico. El compuesto del material org&aacute;nico se elige en funci&oacute;n del tipo y la utilizaci&oacute;n de la motocicleta, optimizando as&iacute; el rendimiento, aunque dentro de las directrices del fabricante.</p>","
OE-STANDARD LINE

Están diseñados para sustituir al embrague OE, manteniendo las mismas prestaciones y durabilidad. Los juegos de discos de embrague OE-Standard se fabrican con materiales de primera calidad. Son productos extremadamente fiables. El material de fricción de los discos es orgánico. El compuesto del material orgánico se elige en función del tipo y la utilización de la motocicleta, optimizando así el rendimiento, aunque dentro de las directrices del fabricante.",VEHICLE PARTS & ACCESSORIES,ENGINE PARTS,ENG. CLUTCH,1171,672,167,163,43,,,,por unidad,,https://api.mybihr.com/medias/800Wx800H-1148086-1.jpg?context=bWFzdGVyfHJvb3R8NjA5MTV8aW1hZ2UvanBlZ3xhR0ptTDJnMk55ODRNemt6TXpBek5UZ3lNekV6TkM4NE1EQlhlRGd3TUVoZk1URTBPREE0TmkweExtcHdad3wxYTJkMTI2Nzg2NzZmNmNjNGYxOTM3ODQwZDVjYjYwOGI0NjA2YmU2ZTJhMWUxMWU1MzFiNGUxNzcxMjllMjk3,,,https://static.bihr.pro/eBihr/Pictures/NEWFREN-pictures.zip,Spain Warehouse (Parts)
1151352,,F3619A,NEWFREN,NEWFR PLATE FRICTION,Kit de discos de embrague NEWFREN Standard,89.54,74.00,48.10,8025832434221,4,8714105000,0,1,"<p><strong>OE-STANDARD LINE</strong></p>
<p>Est&aacute;n dise&ntilde;ados para sustituir al embrague OE, manteniendo las mismas prestaciones y durabilidad. Los juegos de discos de embrague OE-Standard se fabrican con materiales de primera calidad. Son productos extremadamente fiables. El material de fricci&oacute;n de los discos es org&aacute;nico. El compuesto del material org&aacute;nico se elige en funci&oacute;n del tipo y la utilizaci&oacute;n de la motocicleta, optimizando as&iacute; el rendimiento, aunque dentro de las directrices del fabricante.</p>","
OE-STANDARD LINE

Están diseñados para sustituir al embrague OE, manteniendo las mismas prestaciones y durabilidad. Los juegos de discos de embrague OE-Standard se fabrican con materiales de primera calidad. Son productos extremadamente fiables. El material de fricción de los discos es orgánico. El compuesto del material orgánico se elige en función del tipo y la utilización de la motocicleta, optimizando así el rendimiento, aunque dentro de las directrices del fabricante.",VEHICLE PARTS & ACCESSORIES,ENGINE PARTS,ENG. CLUTCH,898,281,165,165,33,Orgánica,,,por unidad,,https://api.mybihr.com/medias/800Wx800H-1151352-1.jpg?context=bWFzdGVyfHJvb3R8MzAyMDMzfGltYWdlL2pwZWd8YURKbEwyaG1PQzg1TnpreE1qZzFPVEU1TnpRM01DODRNREJYZURnd01FaGZNVEUxTVRNMU1pMHhMbXB3Wnd8ZDI5YmU2MjczZTdmZGZjZjY4YjIxNjM4OTBkNDEwNTE3NDVkOWRhZGJiNDUzNWEzZGIzYTczZjFmNmEwNTZlOA,,,https://static.bihr.pro/eBihr/Pictures/NEWFREN-pictures.zip,Spain Warehouse (Parts)
1151354,,F2952A,NEWFREN,NEWFR PLATE FRICTION,Kit de discos de embrague NEWFREN Standard,100.67,83.20,54.08,8025832430605,5,8714105000,0,1,"<p><strong>OE-STANDARD LINE</strong></p>
<p>Est&aacute;n dise&ntilde;ados para sustituir al embrague OE, manteniendo las mismas prestaciones y durabilidad. Los juegos de discos de embrague OE-Standard se fabrican con materiales de primera calidad. Son productos extremadamente fiables. El material de fricci&oacute;n de los discos es org&aacute;nico. El compuesto del material org&aacute;nico se elige en funci&oacute;n del tipo y la utilizaci&oacute;n de la motocicleta, optimizando as&iacute; el rendimiento, aunque dentro de las directrices del fabricante.</p>","
OE-STANDARD LINE

Están diseñados para sustituir al embrague OE, manteniendo las mismas prestaciones y durabilidad. Los juegos de discos de embrague OE-Standard se fabrican con materiales de primera calidad. Son productos extremadamente fiables. El material de fricción de los discos es orgánico. El compuesto del material orgánico se elige en función del tipo y la utilización de la motocicleta, optimizando así el rendimiento, aunque dentro de las directrices del fabricante.",VEHICLE PARTS & ACCESSORIES,ENGINE PARTS,ENG. CLUTCH,703,294,147,145,33,Orgánica,,,por unidad,,https://api.mybihr.com/medias/800Wx800H-1151354-1.jpg?context=bWFzdGVyfHJvb3R8MzAyMDMzfGltYWdlL2pwZWd8YURobEwyaGxZUzg1TnpreE1qZzFPVFU1TURZNE5pODRNREJYZURnd01FaGZNVEUxTVRNMU5DMHhMbXB3Wnd8YjhlNjJkMTk5ZmY0NTBiNmI5OWE0ZjNmZDg1NGUwNTRjNDg3YjUyZTA3ODJhOWY5NjM1MTA3OWFkZjVjMTMwMA,,,https://static.bihr.pro/eBihr/Pictures/NEWFREN-pictures.zip,Spain Warehouse (Parts)
1151356,,F2895A,NEWFREN,NEWFR PLATE FRICTION,Kit de discos de embrague NEWFREN Standard,89.54,74.00,48.10,8025832435341,5,8714105000,0,1,"<p><strong>OE-STANDARD LINE</strong></p>
<p>Est&aacute;n dise&ntilde;ados para sustituir al embrague OE, manteniendo las mismas prestaciones y durabilidad. Los juegos de discos de embrague OE-Standard se fabrican con materiales de primera calidad. Son productos extremadamente fiables. El material de fricci&oacute;n de los discos es org&aacute;nico. El compuesto del material org&aacute;nico se elige en funci&oacute;n del tipo y la utilizaci&oacute;n de la motocicleta, optimizando as&iacute; el rendimiento, aunque dentro de las directrices del fabricante.</p>","
OE-STANDARD LINE

Están diseñados para sustituir al embrague OE, manteniendo las mismas prestaciones y durabilidad. Los juegos de discos de embrague OE-Standard se fabrican con materiales de primera calidad. Son productos extremadamente fiables. El material de fricción de los discos es orgánico. El compuesto del material orgánico se elige en función del tipo y la utilización de la motocicleta, optimizando así el rendimiento, aunque dentro de las directrices del fabricante.",VEHICLE PARTS & ACCESSORIES,ENGINE PARTS,ENG. CLUTCH,882,246,167,160,33,Orgánica,,,por unidad,,https://api.mybihr.com/medias/800Wx800H-1151356-1.jpg?context=bWFzdGVyfHJvb3R8MzAyMDMzfGltYWdlL2pwZWd8YURBd0wyaGtaQzg1TnpreE1qZzFPVGs0TXprd01pODRNREJYZURnd01FaGZNVEUxTVRNMU5pMHhMbXB3Wnd8YmNmN2I1MDAxOWVhODVhZDI1ZjNkMzM3YmM4YjE1ODk4M2ZlZWYzYjcwZDJiMmQzNTE2MTc3ODJjNWQxMWRjMQ,,,https://static.bihr.pro/eBihr/Pictures/NEWFREN-pictures.zip,Spain Warehouse (Parts)
1151355,,F2895AC,NEWFREN,NEWFR COMPLETE CLUTCH KIT,Kit de discos de embrague NEWFREN Standard,137.94,114.00,74.10,8025832435358,5,8714105000,0,1,"<p><strong>OE-STANDARD LINE</strong></p>
<p>Est&aacute;n dise&ntilde;ados para sustituir al embrague OE, manteniendo las mismas prestaciones y durabilidad. Los juegos de discos de embrague OE-Standard se fabrican con materiales de primera calidad. Son productos extremadamente fiables. El material de fricci&oacute;n de los discos es org&aacute;nico. El compuesto del material org&aacute;nico se elige en funci&oacute;n del tipo y la utilizaci&oacute;n de la motocicleta, optimizando as&iacute; el rendimiento, aunque dentro de las directrices del fabricante.</p>","
OE-STANDARD LINE

Están diseñados para sustituir al embrague OE, manteniendo las mismas prestaciones y durabilidad. Los juegos de discos de embrague OE-Standard se fabrican con materiales de primera calidad. Son productos extremadamente fiables. El material de fricción de los discos es orgánico. El compuesto del material orgánico se elige en función del tipo y la utilización de la motocicleta, optimizando así el rendimiento, aunque dentro de las directrices del fabricante.",VEHICLE PARTS & ACCESSORIES,ENGINE PARTS,ENG. CLUTCH,1369,817,186,184,40,,,,por unidad,,https://api.mybihr.com/medias/800Wx800H-1151355-1.jpg?context=bWFzdGVyfHJvb3R8MjgzNDU0fGltYWdlL2pwZWd8YURZd0wyZzFaaTg1TnpnM05qVTJNVEk1TnpRek9DODRNREJYZURnd01FaGZNVEUxTVRNMU5TMHhMbXB3Wnd8OGU5NzcwMTdmZjkzN2E4MmYwNjVhYzEzZmM2Nzg2NjlkNDY5ZWI5OTI4ZjZlMmIwYTgxOGFhMDEwZTkxOTQ0Zg,,,https://static.bihr.pro/eBihr/Pictures/NEWFREN-pictures.zip,Spain Warehouse (Parts)
1151350,,F3619QC,NEWFREN,NEWFR COMPLETE CLUTCH KIT PERFORMANCE,Kit de discos de embrague NEWFREN Pro Race,182.71,151.00,98.15,8025832434269,5,8714105000,0,1,"<p><strong>PERFORMANCE LINE</strong></p>
<p>V&aacute;lidos tambi&eacute;n para el uso deportivo. La gama Performance ha sido pensada para un uso en carretera intensivo, pero tambi&eacute;n para uso deportivo para soportar las altas exigencias y para dar prestaciones de alto nivel. Los materiales de fricci&oacute;n, utilizados en los discos conductores del embrague en ba&ntilde;o de aceite, es el Paper Carbon. Los discos conducidos (separadores) est&aacute;n fabricados en un acero especial que asegura la m&aacute;xima resistencia y ausencias de deformaciones.</p>","
PERFORMANCE LINE

Válidos también para el uso deportivo. La gama Performance ha sido pensada para un uso en carretera intensivo, pero también para uso deportivo para soportar las altas exigencias y para dar prestaciones de alto nivel. Los materiales de fricción, utilizados en los discos conductores del embrague en baño de aceite, es el Paper Carbon. Los discos conducidos (separadores) están fabricados en un acero especial que asegura la máxima resistencia y ausencias de deformaciones.",VEHICLE PARTS & ACCESSORIES,ENGINE PARTS,ENG. CLUTCH,1734,753,171,161,63,,,,por unidad,,https://api.mybihr.com/medias/800Wx800H-1151350-1.jpg?context=bWFzdGVyfHJvb3R8MjgzNDU0fGltYWdlL2pwZWd8YURKaUwyZ3hZaTg1TnpnM05qVTFPVEV6TkRjMU1DODRNREJYZURnd01FaGZNVEUxTVRNMU1DMHhMbXB3Wnd8N2FjM2E4NGNkOTA3ZDU4NTQ1YzhkNTM0MTc3NGI3NzQzMmMxOTJkMWM2NTY4YTAyMWM2NTUxZWQ0NDBhMzk5Mg,,,https://static.bihr.pro/eBihr/Pictures/NEWFREN-pictures.zip,Spain Warehouse (Parts)
1151349,,F3619AC,NEWFREN,NEWFR COMPLETE CLUTCH KIT,Kit de discos de embrague NEWFREN Standard,141.57,117.00,76.05,8025832434238,7,8714105000,0,1,"<p><strong>OE-STANDARD LINE</strong></p>
<p>Est&aacute;n dise&ntilde;ados para sustituir al embrague OE, manteniendo las mismas prestaciones y durabilidad. Los juegos de discos de embrague OE-Standard se fabrican con materiales de primera calidad. Son productos extremadamente fiables. El material de fricci&oacute;n de los discos es org&aacute;nico. El compuesto del material org&aacute;nico se elige en funci&oacute;n del tipo y la utilizaci&oacute;n de la motocicleta, optimizando as&iacute; el rendimiento, aunque dentro de las directrices del fabricante.</p>","
OE-STANDARD LINE

Están diseñados para sustituir al embrague OE, manteniendo las mismas prestaciones y durabilidad. Los juegos de discos de embrague OE-Standard se fabrican con materiales de primera calidad. Son productos extremadamente fiables. El material de fricción de los discos es orgánico. El compuesto del material orgánico se elige en función del tipo y la utilización de la motocicleta, optimizando así el rendimiento, aunque dentro de las directrices del fabricante.",VEHICLE PARTS & ACCESSORIES,ENGINE PARTS,ENG. CLUTCH,1332,780,183,182,40,,,,por unidad,,https://api.mybihr.com/medias/800Wx800H-1151349-1.jpg?context=bWFzdGVyfHJvb3R8MjgzNDU0fGltYWdlL2pwZWd8YUdRMkwyaGlaaTg1TnpnM05qVTJNRFV4TVRBd05pODRNREJYZURnd01FaGZNVEUxTVRNME9TMHhMbXB3Wnd8MTEyMjRmMDI3ZGJmYWQ3MmEwYWRkYWRlYTcwMjg1OGQ2ZjRhNDkwNjc4NmUxMzFkZGYwN2FkNjQ2OTdiYTI3Yg,,,https://static.bihr.pro/eBihr/Pictures/NEWFREN-pictures.zip,Spain Warehouse (Parts)
1151353,,F2952AC,NEWFREN,NEWFR COMPLETE CLUTCH KIT,Kit de discos + separadores de embrague NEWFREN Standard,164.80,136.20,88.53,8025832434641,5,8714105000,0,1,"<p><strong>OE-STANDARD LINE</strong></p>
<p>Est&aacute;n dise&ntilde;ados para sustituir al embrague OE, manteniendo las mismas prestaciones y durabilidad. Los juegos de discos de embrague OE-Standard se fabrican con materiales de primera calidad. Son productos extremadamente fiables. El material de fricci&oacute;n de los discos es org&aacute;nico. El compuesto del material org&aacute;nico se elige en funci&oacute;n del tipo y la utilizaci&oacute;n de la motocicleta, optimizando as&iacute; el rendimiento, aunque dentro de las directrices del fabricante.</p>","
OE-STANDARD LINE

Están diseñados para sustituir al embrague OE, manteniendo las mismas prestaciones y durabilidad. Los juegos de discos de embrague OE-Standard se fabrican con materiales de primera calidad. Son productos extremadamente fiables. El material de fricción de los discos es orgánico. El compuesto del material orgánico se elige en función del tipo y la utilización de la motocicleta, optimizando así el rendimiento, aunque dentro de las directrices del fabricante.",VEHICLE PARTS & ACCESSORIES,ENGINE PARTS,ENG. CLUTCH,1745,1013,172,161,63,,,,por unidad,,https://api.mybihr.com/medias/800Wx800H-1151353-1.jpeg?context=bWFzdGVyfHJvb3R8NjA5MTV8aW1hZ2UvanBlZ3xhRFl6TDJnMU9TOHhNREV4TXpRNU56WTNOemd5TnpBdk9EQXdWM2c0TURCSVh6RXhOVEV6TlRNdE1TNXFjR1ZufGFkZDkyNjRhY2M2ZjU5NjhkMzM3OTkzNjRlZjIyMzc1ODQ3MDliNGI5MjQ1NzQwY2EzMWY5ZmY3N2IyODE2ZTQ,,,https://static.bihr.pro/eBihr/Pictures/NEWFREN-pictures.zip,Spain Warehouse (Parts)
1151351,,F3619CC,NEWFREN,NEWFR PLATE STEEL,Separador de embrague NEWFREN Standard,52.03,43.00,27.95,8025832434245,5,8714105000,0,1,"<p><strong>OE-STANDARD LINE</strong></p>
<p>Est&aacute;n dise&ntilde;ados para sustituir al embrague OE, manteniendo las mismas prestaciones y durabilidad. Los juegos de discos de embrague OE-Standard se fabrican con materiales de primera calidad. Son productos extremadamente fiables. El material de fricci&oacute;n de los discos es org&aacute;nico. El compuesto del material org&aacute;nico se elige en funci&oacute;n del tipo y la utilizaci&oacute;n de la motocicleta, optimizando as&iacute; el rendimiento, aunque dentro de las directrices del fabricante.</p>","
OE-STANDARD LINE

Están diseñados para sustituir al embrague OE, manteniendo las mismas prestaciones y durabilidad. Los juegos de discos de embrague OE-Standard se fabrican con materiales de primera calidad. Son productos extremadamente fiables. El material de fricción de los discos es orgánico. El compuesto del material orgánico se elige en función del tipo y la utilización de la motocicleta, optimizando así el rendimiento, aunque dentro de las directrices del fabricante.",VEHICLE PARTS & ACCESSORIES,ENGINE PARTS,ENG. CLUTCH,877,534,163,163,33,Acero,,,"por unidad & ",,https://api.mybihr.com/medias/800Wx800H-1151351-1.jpg?context=bWFzdGVyfHJvb3R8MTYzNTV8aW1hZ2UvanBlZ3xhR1l4TDJnek1pODVOemczTmpVMU9UZ3lNamczT0M4NE1EQlhlRGd3TUVoZk1URTFNVE0xTVMweExtcHdad3xlYzlkZTY1ODgyZGE5MzBjOTJkOWE5YzI5ZGVhNTc4NjJkYTM4MjVhY2FhMDFiNDRlYTM5ZjQyMzcyOTAzYTcx,,,https://static.bihr.pro/eBihr/Pictures/NEWFREN-pictures.zip,Spain Warehouse (Parts)
1151578,,F2925AC,NEWFREN,NEWFR COMPLETE CLUTCH KIT,Kit de discos + separadores de embrague NEWFREN Standard,137.70,113.80,73.97,8025832277620,0,8714105000,0,1,"<p><strong>OE-STANDARD LINE</strong></p>
<p>Est&aacute;n dise&ntilde;ados para sustituir al embrague OE, manteniendo las mismas prestaciones y durabilidad. Los juegos de discos de embrague OE-Standard se fabrican con materiales de primera calidad. Son productos extremadamente fiables. El material de fricci&oacute;n de los discos es org&aacute;nico. El compuesto del material org&aacute;nico se elige en funci&oacute;n del tipo y la utilizaci&oacute;n de la motocicleta, optimizando as&iacute; el rendimiento, aunque dentro de las directrices del fabricante.</p>","
OE-STANDARD LINE

Están diseñados para sustituir al embrague OE, manteniendo las mismas prestaciones y durabilidad. Los juegos de discos de embrague OE-Standard se fabrican con materiales de primera calidad. Son productos extremadamente fiables. El material de fricción de los discos es orgánico. El compuesto del material orgánico se elige en función del tipo y la utilización de la motocicleta, optimizando así el rendimiento, aunque dentro de las directrices del fabricante.",VEHICLE PARTS & ACCESSORIES,ENGINE PARTS,ENG. CLUTCH,1464,928,185,184,43,,,,por unidad,,https://api.mybihr.com/medias/800Wx800H-1151578-1.jpg?context=bWFzdGVyfHJvb3R8MTA3OTM1fGltYWdlL2pwZWd8YURZMUwyaG1ZUzg1T0RNMk1UTTNNVEkyTXpBd05pODRNREJYZURnd01FaGZNVEUxTVRVM09DMHhMbXB3Wnd8MWQ3ZmE1NWZmYmVlMTMyY2JlZThiMDZhOTk4YWNmOTg2NTdjMTlmODEzYWY3MmFiNDQzMDM3NmVkZWRjNTA4Ng,,,https://static.bihr.pro/eBihr/Pictures/NEWFREN-pictures.zip,Spain Warehouse (Parts)
1151580,,F2697AC,NEWFREN,NEWFR COMPLETE CLUTCH KIT,Kit de discos + separadores de embrague NEWFREN Standard,108.54,89.70,58.31,8025832275510,0,8714105000,0,1,"<p><strong>OE-STANDARD LINE</strong></p>
<p>Est&aacute;n dise&ntilde;ados para sustituir al embrague OE, manteniendo las mismas prestaciones y durabilidad. Los juegos de discos de embrague OE-Standard se fabrican con materiales de primera calidad. Son productos extremadamente fiables. El material de fricci&oacute;n de los discos es org&aacute;nico. El compuesto del material org&aacute;nico se elige en funci&oacute;n del tipo y la utilizaci&oacute;n de la motocicleta, optimizando as&iacute; el rendimiento, aunque dentro de las directrices del fabricante.</p>","
OE-STANDARD LINE

Están diseñados para sustituir al embrague OE, manteniendo las mismas prestaciones y durabilidad. Los juegos de discos de embrague OE-Standard se fabrican con materiales de primera calidad. Son productos extremadamente fiables. El material de fricción de los discos es orgánico. El compuesto del material orgánico se elige en función del tipo y la utilización de la motocicleta, optimizando así el rendimiento, aunque dentro de las directrices del fabricante.",VEHICLE PARTS & ACCESSORIES,ENGINE PARTS,ENG. CLUTCH,751,230,147,146,35,,,,por unidad,,https://api.mybihr.com/medias/800Wx800H-1151580-1.jpg?context=bWFzdGVyfHJvb3R8MTA3OTM1fGltYWdlL2pwZWd8YUdRekwyaGhNaTg1T0RNMk1UTTNNakEwT1RRek9DODRNREJYZURnd01FaGZNVEUxTVRVNE1DMHhMbXB3Wnd8NTc4MDAzYzQ2Y2UzYzMyODU1NGQ3ZDM3ZjdjNWQ5YTQzMmM1ZjEyODUyYmNjMTNjZWVlNDBlMjk5MzNkZDAzOA,,,https://static.bihr.pro/eBihr/Pictures/NEWFREN-pictures.zip,Spain Warehouse (Parts)
1151579,,MO119F,NEWFREN,NEWFR SPRINGS CLUTCH,Set muelles de embrague NEWFREN,16.09,13.30,8.65,8025832378815,4,8714105000,0,1,,,VEHICLE PARTS & ACCESSORIES,ENGINE PARTS,ENG. CLUTCH,452,162,109,83,50,Acero,,,por unidad,,https://api.mybihr.com/medias/800Wx800H-1151579-1.jpg?context=bWFzdGVyfHJvb3R8MzAzNDI3fGltYWdlL2pwZWd8YURCakwyaG1PQzg1T0RNMk1UTTNNVFkxTmpJeU1pODRNREJYZURnd01FaGZNVEUxTVRVM09TMHhMbXB3Wnd8NjUyYTFhYzllNjhiMmUzYzRhMWRkOTgxNzU0ZjFmNzkxMzVjNTMzYmVjMGI3NjdmNTNiMWVmZjRmNzg3YmVhMQ,,,https://static.bihr.pro/eBihr/Pictures/NEWFREN-pictures.zip,Spain Warehouse (Parts)
1129653,,F2893AC,NEWFREN,NEWFR COMPLETE CLUTCH KIT,Kit de discos + separadores de embrague NEWFREN Standard,65.58,54.20,35.23,8025832385011,2,8714105000,0,1,"<p><strong>OE-STANDARD LINE</strong></p>
<p>Están diseñados para sustituir al embrague OE, manteniendo las mismas prestaciones y durabilidad. Los juegos de discos de embrague OE-Standard se fabrican con materiales de primera calidad. Son productos extremadamente fiables. El material de fricción de los discos es orgánico. El compuesto del material orgánico se elige en función del tipo y la utilización de la motocicleta, optimizando así el rendimiento, aunque dentro de las directrices del fabricante.</p>","
OE-STANDARD LINE

Están diseñados para sustituir al embrague OE, manteniendo las mismas prestaciones y durabilidad. Los juegos de discos de embrague OE-Standard se fabrican con materiales de primera calidad. Son productos extremadamente fiables. El material de fricción de los discos es orgánico. El compuesto del material orgánico se elige en función del tipo y la utilización de la motocicleta, optimizando así el rendimiento, aunque dentro de las directrices del fabricante.",VEHICLE PARTS & ACCESSORIES,ENGINE PARTS,ENG. CLUTCH,733,257,150,148,33,Orgánica,,,por unidad,,,,,https://static.bihr.pro/eBihr/Pictures/NEWFREN-pictures.zip,Spain Warehouse (Parts)
1152840,,F1353A,NEWFREN,NEWFR PLATE FRICTION,Kit de discos de embrague NEWFREN Standard,177.87,147.00,95.55,8025832420446,0,8714109090,0,1,"<p><strong>OE-STANDARD LINE</strong></p>
<p>Están diseñados para sustituir al embrague OE, manteniendo las mismas prestaciones y durabilidad. Los juegos de discos de embrague OE-Standard se fabrican con materiales de primera calidad. Son productos extremadamente fiables. El material de fricción de los discos es orgánico. El compuesto del material orgánico se elige en función del tipo y la utilización de la motocicleta, optimizando así el rendimiento, aunque dentro de las directrices del fabricante.</p>","
OE-STANDARD LINE

Están diseñados para sustituir al embrague OE, manteniendo las mismas prestaciones y durabilidad. Los juegos de discos de embrague OE-Standard se fabrican con materiales de primera calidad. Son productos extremadamente fiables. El material de fricción de los discos es orgánico. El compuesto del material orgánico se elige en función del tipo y la utilización de la motocicleta, optimizando así el rendimiento, aunque dentro de las directrices del fabricante.",VEHICLE PARTS & ACCESSORIES,ENGINE PARTS,ENG. CLUTCH,703,286,146,146,33,Orgánica,,,por unidad,,https://api.mybihr.com/medias/800Wx800H-1152840-1.jpg?context=bWFzdGVyfHJvb3R8NDA3ODd8aW1hZ2UvanBlZ3xhREZoTDJneU1pOHhNREF5TnpjM01EWXdNekV4TXpRdk9EQXdWM2c0TURCSVh6RXhOVEk0TkRBdE1TNXFjR2N8OGI2MjFhNmU2NTg2NmE3ZGU4YWRmNGJhOGViZWJkYWQwMGYyNjNhZDA5MjU1YTExOWQyOTAzY2U4ODkzN2IzOA,,,https://static.bihr.pro/eBihr/Pictures/NEWFREN-pictures.zip,Spain Warehouse (Parts)
1153339,,F1364Q,NEWFREN,NEWFR PLATE FRICTION,Kit de discos de embrague NEWFREN  Pro Race Line,129.47,107.00,69.55,,0,8714105000,0,1,"<p><strong>PRO RACE LINE</strong></p>
<p>Los embragues Pro Race son lo más alto de la gama. Son el resultado de la investigación en nuevas tecnologías combinadas con nuevos materiales desarrollados en colaboración con importantes equipos de Superbike, Moto3 y MXGP. El material de fricción está compuesto principalmente de celulosa, resinas, carbono y otros elementos que garantizan un coeficiente de fricción extremadamente alto y son menos compresibles. El particular diseño de ""muescas separadas"" mejora el flujo de aceite, permitiendo que las placas funcionen con mayor eficacia. La combinación de este diseño con el nuevo material de fricción aumenta la resistencia a la fatiga y garantiza la máxima estabilidad de funcionamiento, incluso en uso extremo, lo que convierte al embrague Pro Race en un producto de competición de muy alta calidad.</p>
<p>&nbsp;</p>
<p>Cantidad <strong>8</strong></p>
<p>Espesor <strong>2,8</strong></p>
<p>Número de bordes <strong>12</strong></p>
<p>Diámetro externo <strong>132,5</strong></p>
<p>Diámetro interno <strong>111,5</strong></p>","
PRO RACE LINE

Los embragues Pro Race son lo más alto de la gama. Son el resultado de la investigación en nuevas tecnologías combinadas con nuevos materiales desarrollados en colaboración con importantes equipos de Superbike, Moto3 y MXGP. El material de fricción está compuesto principalmente de celulosa, resinas, carbono y otros elementos que garantizan un coeficiente de fricción extremadamente alto y son menos compresibles. El particular diseño de ""muescas separadas"" mejora el flujo de aceite, permitiendo que las placas funcionen con mayor eficacia. La combinación de este diseño con el nuevo material de fricción aumenta la resistencia a la fatiga y garantiza la máxima estabilidad de funcionamiento, incluso en uso extremo, lo que convierte al embrague Pro Race en un producto de competición de muy alta calidad.

 

Cantidad 8

Espesor 2,8

Número de bordes 12

Diámetro externo 132,5

Diámetro interno 111,5",VEHICLE PARTS & ACCESSORIES,ENGINE PARTS,ENG. CLUTCH,1,1,10,10,10,Orgánica,,,"por unidad & ",,https://api.mybihr.com/medias/800Wx800H-1153339-1.jpg?context=bWFzdGVyfHJvb3R8NDA3ODd8aW1hZ2UvanBlZ3xhRFEyTDJnNVpDOHhNREE0TVRFMU1EVTBNREU0T0RZdk9EQXdWM2c0TURCSVh6RXhOVE16TXprdE1TNXFjR2N8OTFiMGEwZjY3ZmRiOTE0NDdkZmM3M2I4MWM1YmJlMDY2ZmUzNDM3NmU3MmE1NTEwMjE0YjRkYThiMjZiYjJiNw,,,https://static.bihr.pro/eBihr/Pictures/NEWFREN-pictures.zip,Spain Warehouse (Parts)
1153330,,F1461QC,NEWFREN,NEWFR COMPLETE CLUTCH KIT PERFORMANCE,Kit de discos + separadores de embrague NEWFREN Pro Race,217.56,179.80,116.87,8025832423096,0,8714105000,0,1,"<p><strong>LÍNEA PRO RACE Discos de acero + discos de fricción</strong></p>
Los embragues Pro Race representan la gama más alta de embragues Newfren y combinan nuevas tecnologías y nuevos materiales. Desarrollados en colaboración con equipos de renombre y éxito de los campeonatos mundiales de Superbike, Moto 3 y MXGP. Se trata de una línea especial que utiliza un material de fricción compuesto principalmente por celulosa, resinas, carbono y algunos otros componentes, lo que garantiza un coeficiente de fricción muy alto y lo hace menos compresible. El diseño especial mejora el flujo de aceite y permite que los discos funcionen de manera más eficiente y, por lo tanto, más eficaz. La combinación de este nuevo material con el diseño especial aumenta la estabilidad de las pastillas y garantiza la máxima estabilidad de rendimiento, incluso en las condiciones de funcionamiento más duras. Los embragues Pro Race son un producto de alta calidad para competición.
Contenido:

<h3>Características técnicas</h3>

<h4>Placas de fricción</h4>
<p>Cantidad <strong>3</strong></p>
<p>Espesor <strong>3</strong></p>
<p>N.º de bordes <strong>10</strong></p>
<p>Diámetro externo <strong>125</strong></p>
<p>Diámetro interno <strong>108,5</strong></p>
<p>&nbsp;</p>
<h4>Placas de fricción</h4>
<p>Cantidad <strong>5</strong></p>
<p>Espesor <strong>3</strong></p>
<p>N.º de bordes <strong>10</strong></p>
<p>Diámetro externo <strong>125</strong></p>
<p>Diámetro interno <strong>101,5</strong></p>
<p>&nbsp;</p>
<h4>Placas de acero</h4>
<p>Cantidad <strong>1</strong></p>
<p>Espesor <strong>2</strong></p>
<p>N.º de dientes <strong>30</strong></p>
<p>Diámetro externo <strong>125</strong></p>
<p>Diámetro interno de los dientes inferiores (mm) <strong>108</strong></p>
<p>Diámetro interno de los dientes superiores (mm) <strong>101</strong></p>
<p>&nbsp;</p>
<h4>Placas de acero</h4>
<p>Cantidad <strong>2</strong></p>
<p>Espesor <strong>2</strong></p>
<p>N.º de dientes <strong>30</strong></p>
<p>Diámetro externo <strong>125</strong></p>
<p>Diámetro interno de los dientes inferiores (mm) <strong>100</strong></p>
<p>Diámetro interior de los dientes superiores (mm) <strong>93</strong></p>
<p>&nbsp;</p>
<h4>Placas de acero</h4>
<p>Cantidad <strong>4</strong></p>
<p>Espesor <strong>1,6</strong></p>
<p>N.º de dientes <strong>30</strong></p>
<p>Diámetro externo <strong>125</strong></p>
<p>Diámetro interno de los dientes inferiores (mm) <strong>100</strong></p>
<p>Diámetro interno de los dientes superiores (mm) <strong>93</strong></p>


","
LÍNEA PRO RACE Discos de acero + discos de fricción
Los embragues Pro Race representan la gama más alta de embragues Newfren y combinan nuevas tecnologías y nuevos materiales. Desarrollados en colaboración con equipos de renombre y éxito de los campeonatos mundiales de Superbike, Moto 3 y MXGP. Se trata de una línea especial que utiliza un material de fricción compuesto principalmente por celulosa, resinas, carbono y algunos otros componentes, lo que garantiza un coeficiente de fricción muy alto y lo hace menos compresible. El diseño especial mejora el flujo de aceite y permite que los discos funcionen de manera más eficiente y, por lo tanto, más eficaz. La combinación de este nuevo material con el diseño especial aumenta la estabilidad de las pastillas y garantiza la máxima estabilidad de rendimiento, incluso en las condiciones de funcionamiento más duras. Los embragues Pro Race son un producto de alta calidad para competición.
Contenido:

Características técnicas

Placas de fricción

Cantidad 3

Espesor 3

N.º de bordes 10

Diámetro externo 125

Diámetro interno 108,5

 
Placas de fricción

Cantidad 5

Espesor 3

N.º de bordes 10

Diámetro externo 125

Diámetro interno 101,5

 
Placas de acero

Cantidad 1

Espesor 2

N.º de dientes 30

Diámetro externo 125

Diámetro interno de los dientes inferiores (mm) 108

Diámetro interno de los dientes superiores (mm) 101

 
Placas de acero

Cantidad 2

Espesor 2

N.º de dientes 30

Diámetro externo 125

Diámetro interno de los dientes inferiores (mm) 100

Diámetro interior de los dientes superiores (mm) 93

 
Placas de acero

Cantidad 4

Espesor 1,6

N.º de dientes 30

Diámetro externo 125

Diámetro interno de los dientes inferiores (mm) 100

Diámetro interno de los dientes superiores (mm) 93


",VEHICLE PARTS & ACCESSORIES,ENGINE PARTS,ENG. CLUTCH,3214,851,203,203,78,,,,"por unidad & ",,https://api.mybihr.com/medias/800Wx800H-1153330-1.jpg?context=bWFzdGVyfHJvb3R8NzA3NTh8aW1hZ2UvanBlZ3xhR1F6TDJoaVlTOHhNREE1TURVeU1UVTFPVEEwTXpBdk9EQXdWM2c0TURCSVh6RXhOVE16TXpBdE1TNXFjR2N8ZDkzYjc3ZWZlNzY5MDhlNjdjZWU3ZDM0YzlmNTdlOTRiZDljZTNlMTAwNmZiYjBhZDllNjNiMWM1NjhiNDljZQ,,,https://static.bihr.pro/eBihr/Pictures/NEWFREN-pictures.zip,Spain Warehouse (Parts)
1153318,,F2877QC,NEWFREN,NEWFR COMPLETE CLUTCH KIT,Kit de discos + separadores de embrague NEWFREN Pro Race,226.88,187.50,121.88,,0,8714105000,0,1,"<p><strong>LÍNEA PRO RACE Discos de acero + discos de fricción</strong></p>
Los embragues Pro Race representan la gama más alta de embragues Newfren y combinan nuevas tecnologías y nuevos materiales. Desarrollados en colaboración con equipos de renombre y éxito de los campeonatos mundiales de Superbike, Moto 3 y MXGP. Se trata de una línea especial que utiliza un material de fricción compuesto principalmente por celulosa, resinas, carbono y algunos otros componentes, lo que garantiza un coeficiente de fricción muy alto y lo hace menos compresible. El diseño especial mejora el flujo de aceite y permite que los discos funcionen de manera más eficiente y, por lo tanto, más eficaz. La combinación de este nuevo material con el diseño especial aumenta la estabilidad de las pastillas y garantiza la máxima estabilidad de rendimiento, incluso en las condiciones de funcionamiento más difíciles. Los embragues Pro Race son un producto de alta calidad para competición.","
LÍNEA PRO RACE Discos de acero + discos de fricción
Los embragues Pro Race representan la gama más alta de embragues Newfren y combinan nuevas tecnologías y nuevos materiales. Desarrollados en colaboración con equipos de renombre y éxito de los campeonatos mundiales de Superbike, Moto 3 y MXGP. Se trata de una línea especial que utiliza un material de fricción compuesto principalmente por celulosa, resinas, carbono y algunos otros componentes, lo que garantiza un coeficiente de fricción muy alto y lo hace menos compresible. El diseño especial mejora el flujo de aceite y permite que los discos funcionen de manera más eficiente y, por lo tanto, más eficaz. La combinación de este nuevo material con el diseño especial aumenta la estabilidad de las pastillas y garantiza la máxima estabilidad de rendimiento, incluso en las condiciones de funcionamiento más difíciles. Los embragues Pro Race son un producto de alta calidad para competición.",VEHICLE PARTS & ACCESSORIES,ENGINE PARTS,ENG. CLUTCH,1,1,10,10,10,,,,por unidad,,https://api.mybihr.com/medias/800Wx800H-1153318-1.jpg?context=bWFzdGVyfHJvb3R8MzM2NTQ3fGltYWdlL2pwZWd8YURSbEwyaG1OUzh4TURBNU1EVXlNamM1TVRFeE9UZ3ZPREF3VjNnNE1EQklYekV4TlRNek1UZ3RNUzVxY0djfDlhNWMxODlhNWNiYWRlY2ZjMjRmYmU0YmRhMDM5MWRlYWY0NzUwZmM4OWJmMWIxZjFhMjRjOTM1MmY0ZGYzM2I,,,https://static.bihr.pro/eBihr/Pictures/NEWFREN-pictures.zip,Spain Warehouse (Parts)
1153336,,F1485QC,NEWFREN,NEWFR COMPLETE CLUTCH KIT PERFORMANCE,"Kit de discos + separadores de embrague NEWFREN Pro Race ",211.27,174.60,113.49,,0,8714105000,0,1,"<p><strong>LÍNEA PRO RACE Discos de acero + discos de fricción</strong></p>
Los embragues Pro Race representan la gama más alta de embragues Newfren y combinan nuevas tecnologías y nuevos materiales. Desarrollados en colaboración con equipos de renombre y éxito de los campeonatos mundiales de Superbike, Moto 3 y MXGP. Se trata de una línea especial que utiliza un material de fricción compuesto principalmente por celulosa, resinas, carbono y algunos otros componentes, lo que garantiza un coeficiente de fricción muy alto y lo hace menos compresible. El diseño especial mejora el flujo de aceite y permite que los discos funcionen de forma más eficiente y, por lo tanto, más eficaz. La combinación de este nuevo material con el diseño especial aumenta la estabilidad de las pastillas y garantiza la máxima estabilidad de rendimiento, incluso en las condiciones de funcionamiento más duras. Los embragues Pro Race son un producto de competición de alta calidad.
Contenido:

<h3>Características técnicas</h3>
<h4>Placas de fricción</h4>
Cantidad <strong>8</strong>
Espesor <strong>2</strong>
N.º de bordes <strong>12</strong>
Diámetro externo <strong>134</strong>
Diámetro interno <strong>112</strong>

<h4>Placas de acero</h4>
Cantidad <strong>7</strong>
Espesor <strong>1,4</strong>
N.º de dientes <strong>24</strong>
Diámetro externo <strong>134,5</strong>
Diámetro interior dientes inferiores (mm) <strong>107,5</strong>
Diámetro interior dientes superiores (mm) <strong>100</strong>
<h4>Placas de acero</h4>
Cantidad <strong>2</strong>
Espesor <strong>1</strong>
N.º de dientes <strong>24</strong>
Diámetro externo <strong>134,5</strong>
Diámetro interno de los dientes inferiores (mm) <strong>107,5</strong>
Diámetro interno de los dientes superiores (mm) <strong>100</strong>
","
LÍNEA PRO RACE Discos de acero + discos de fricción
Los embragues Pro Race representan la gama más alta de embragues Newfren y combinan nuevas tecnologías y nuevos materiales. Desarrollados en colaboración con equipos de renombre y éxito de los campeonatos mundiales de Superbike, Moto 3 y MXGP. Se trata de una línea especial que utiliza un material de fricción compuesto principalmente por celulosa, resinas, carbono y algunos otros componentes, lo que garantiza un coeficiente de fricción muy alto y lo hace menos compresible. El diseño especial mejora el flujo de aceite y permite que los discos funcionen de forma más eficiente y, por lo tanto, más eficaz. La combinación de este nuevo material con el diseño especial aumenta la estabilidad de las pastillas y garantiza la máxima estabilidad de rendimiento, incluso en las condiciones de funcionamiento más duras. Los embragues Pro Race son un producto de competición de alta calidad.
Contenido:

Características técnicas
Placas de fricción
Cantidad 8
Espesor 2
N.º de bordes 12
Diámetro externo 134
Diámetro interno 112

Placas de acero
Cantidad 7
Espesor 1,4
N.º de dientes 24
Diámetro externo 134,5
Diámetro interior dientes inferiores (mm) 107,5
Diámetro interior dientes superiores (mm) 100
Placas de acero
Cantidad 2
Espesor 1
N.º de dientes 24
Diámetro externo 134,5
Diámetro interno de los dientes inferiores (mm) 107,5
Diámetro interno de los dientes superiores (mm) 100
",VEHICLE PARTS & ACCESSORIES,ENGINE PARTS,ENG. CLUTCH,1,1,10,10,10,,,,"por unidad & ",,https://api.mybihr.com/medias/800Wx800H-1153336-1.jpg?context=bWFzdGVyfHJvb3R8NzA3NTh8aW1hZ2UvanBlZ3xhR05qTDJnd1lTOHhNREE1TURVeU1UY3hOak15T1RRdk9EQXdWM2c0TURCSVh6RXhOVE16TXpZdE1TNXFjR2N8ODdhMzgzNTcxOGE1YTc1ODY5MjI4MDcxM2NkMDQzMDQ3ZTRlOWI4Yjg0NWY3OTZkOGVhODM2ODE0MTQwN2QzZQ,,,https://static.bihr.pro/eBihr/Pictures/NEWFREN-pictures.zip,Spain Warehouse (Parts)
1153323,,F1351QC,NEWFREN,NEWFR COMPLETE CLUTCH KIT PERFORMANCE,Kit de discos + separadores de embrague NEWFREN Pro Race,244.66,202.20,131.43,8025832406464,1,8714105000,0,1,"<p><strong>SERIE PRO RACE Discos de acero + discos de fricción</strong></p>
Los embragues Pro Race son el modelo estrella de Newfren y combinan nuevas tecnologías y nuevos materiales. Han sido desarrollados en colaboración con equipos de renombre y éxito de los campeonatos mundiales de Superbike, Moto 3 y MXGP. Se trata de una gama especial de productos en la que se utiliza un material de fricción compuesto principalmente por celulosa, resinas, carbono y algunos otros componentes, lo que garantiza un coeficiente de fricción muy alto y lo hace menos compresible. Su diseño especial mejora el flujo de aceite y permite un funcionamiento más eficiente y, por lo tanto, más eficaz de los discos. La combinación de este nuevo material con el diseño especial aumenta la estabilidad de los revestimientos y garantiza la máxima estabilidad de rendimiento incluso en las condiciones de funcionamiento más duras. Los embragues Pro Race son un producto de competición de alta calidad.","
SERIE PRO RACE Discos de acero + discos de fricción
Los embragues Pro Race son el modelo estrella de Newfren y combinan nuevas tecnologías y nuevos materiales. Han sido desarrollados en colaboración con equipos de renombre y éxito de los campeonatos mundiales de Superbike, Moto 3 y MXGP. Se trata de una gama especial de productos en la que se utiliza un material de fricción compuesto principalmente por celulosa, resinas, carbono y algunos otros componentes, lo que garantiza un coeficiente de fricción muy alto y lo hace menos compresible. Su diseño especial mejora el flujo de aceite y permite un funcionamiento más eficiente y, por lo tanto, más eficaz de los discos. La combinación de este nuevo material con el diseño especial aumenta la estabilidad de los revestimientos y garantiza la máxima estabilidad de rendimiento incluso en las condiciones de funcionamiento más duras. Los embragues Pro Race son un producto de competición de alta calidad.",VEHICLE PARTS & ACCESSORIES,ENGINE PARTS,ENG. CLUTCH,3311,854,198,190,88,Orgánica,,,por unidad,,https://api.mybihr.com/medias/800Wx800H-1153323-1.jpg?context=bWFzdGVyfHJvb3R8NzA4NjB8aW1hZ2UvanBlZ3xhR1V6TDJoallpOHhNREE1TmpFNU1EZzVORGt3TWpJdk9EQXdWM2c0TURCSVh6RXhOVE16TWpNdE1TNXFjR2N8MzI0NzI4OGJlYmE3ZDc5ODM5ZjIzOGM3MDU2NDZjZWY5YWZmN2MwYWZhOTljMzE3OTgwZDI1ZmI1ZGQyOWJlOQ,,,https://static.bihr.pro/eBihr/Pictures/NEWFREN-pictures.zip,Spain Warehouse (Parts)
1153324,,F1350QC,NEWFREN,NEWFR COMPLETE CLUTCH KIT PERFORMANCE,Kit de discos + separadores de embrague NEWFREN Pro Race,315.33,260.60,169.39,,0,8714105000,0,1,"<p><strong>SERIE PRO RACE Discos de acero + discos de fricción</strong></p>
Los embragues Pro Race son el modelo estrella de Newfren y combinan nuevas tecnologías y nuevos materiales. Han sido desarrollados en colaboración con equipos de renombre y éxito de los campeonatos mundiales de Superbike, Moto 3 y MXGP. Se trata de una gama especial de productos en la que se utiliza un material de fricción compuesto principalmente por celulosa, resinas, carbono y algunos otros componentes, lo que garantiza un coeficiente de fricción muy alto y lo hace menos compresible. Su diseño especial mejora el flujo de aceite y permite un funcionamiento más eficiente y, por lo tanto, más eficaz de los discos. La combinación de este nuevo material con el diseño especial aumenta la estabilidad de los revestimientos y garantiza la máxima estabilidad de rendimiento incluso en las condiciones de funcionamiento más duras. Los embragues Pro Race son un producto de competición de alta calidad.
Contenido:

<h3>Características técnicas</h3>
<h4>Discos de fricción</h4>
<p>Número <strong>7</strong></p>
<p>Espesor <strong>2,8</strong></p>
<p>Número de bordes <strong>12</strong></p>
<p>Diámetro exterior <strong>132,5</strong></p>
<p>Diámetro interior <strong>111,5</strong></p>
<h4>Discos de acero</h4>
<p>Número <strong>3</strong></p>
<p>Espesor <strong>2,8</strong></p>
<p>Número de bordes <strong>12</strong></p>
<p>Diámetro exterior <strong>132</strong></p>
<p>Diámetro interior <strong>118,4</strong></p>
<h4>Discos de acero</h4>
<p>Número <strong>8</strong></p>
<p>Espesor <strong>2,3</strong></p>
<p>Número de dientes <strong>36</strong></p>
<p>Diámetro exterior <strong>133</strong></p>
<p>Diámetro interior de los dientes inferiores (mm) <strong>110,5</strong></p>
<p>Diámetro interior de los dientes superiores (mm) <strong>103</strong></p>
<h4>Tubo conductor / acero</h4>
<p>Número <strong>1</strong></p>
<p>Espesor <strong>2,3</strong></p>
<p>Número de dientes <strong>36</strong></p>
<p>Diámetro exterior <strong>133</strong></p>
<p>Diámetro interior de los dientes inferiores (mm) <strong>118</strong></p>
<p>Diámetro interior de los dientes superiores (mm) <strong>111</strong></p>

","
SERIE PRO RACE Discos de acero + discos de fricción
Los embragues Pro Race son el modelo estrella de Newfren y combinan nuevas tecnologías y nuevos materiales. Han sido desarrollados en colaboración con equipos de renombre y éxito de los campeonatos mundiales de Superbike, Moto 3 y MXGP. Se trata de una gama especial de productos en la que se utiliza un material de fricción compuesto principalmente por celulosa, resinas, carbono y algunos otros componentes, lo que garantiza un coeficiente de fricción muy alto y lo hace menos compresible. Su diseño especial mejora el flujo de aceite y permite un funcionamiento más eficiente y, por lo tanto, más eficaz de los discos. La combinación de este nuevo material con el diseño especial aumenta la estabilidad de los revestimientos y garantiza la máxima estabilidad de rendimiento incluso en las condiciones de funcionamiento más duras. Los embragues Pro Race son un producto de competición de alta calidad.
Contenido:

Características técnicas
Discos de fricción

Número 7

Espesor 2,8

Número de bordes 12

Diámetro exterior 132,5

Diámetro interior 111,5
Discos de acero

Número 3

Espesor 2,8

Número de bordes 12

Diámetro exterior 132

Diámetro interior 118,4
Discos de acero

Número 8

Espesor 2,3

Número de dientes 36

Diámetro exterior 133

Diámetro interior de los dientes inferiores (mm) 110,5

Diámetro interior de los dientes superiores (mm) 103
Tubo conductor / acero

Número 1

Espesor 2,3

Número de dientes 36

Diámetro exterior 133

Diámetro interior de los dientes inferiores (mm) 118

Diámetro interior de los dientes superiores (mm) 111

",VEHICLE PARTS & ACCESSORIES,ENGINE PARTS,ENG. CLUTCH,1,1,10,10,10,Orgánica,,,por unidad,,https://api.mybihr.com/medias/800Wx800H-1153324-1.jpg?context=bWFzdGVyfHJvb3R8NzA4NjB8aW1hZ2UvanBlZ3xhRGszTDJnM05pOHhNREE1TmpFNU1Ea3pOREl5TXpndk9EQXdWM2c0TURCSVh6RXhOVE16TWpRdE1TNXFjR2N8OGQwNzdlNDM4ZjMzN2U2OTIzYmM5ODcyZjZjNDFmZWUzZjgyYmQ0YTBiMTcxYjAwNDRmMDJjMWNiMDg5MzU0Yg,,,https://static.bihr.pro/eBihr/Pictures/NEWFREN-pictures.zip,Spain Warehouse (Parts)
1153316,,F2879QC,NEWFREN,NEWFR PLATE STEEL&FRICTIONS,Kit de discos + separadores de embrague NEWFREN Pro Race,231.23,191.10,124.22,8025832321798,0,8714105000,0,1,"<strong>Discos de acero + discos de fricción PRO RACE LINE</strong>
Los embragues Pro Race representan la gama más alta de los embragues Newfren y son una combinación de nuevas tecnologías y nuevos materiales. &nbsp;Desarrollados en colaboración con equipos de renombre y éxito en los campeonatos mundiales de Superbike, Moto 3 y MXGP. Se trata de una línea especial que, gracias a un material de fricción compuesto principalmente por celulosa, resinas, carbono y algunos otros componentes, garantiza un coeficiente de fricción muy alto y es menos compresible. Su diseño especial mejora el flujo de aceite y permite que los discos funcionen de forma más eficiente y, por lo tanto, más eficaz. La combinación de este nuevo material con el diseño especial aumenta la estabilidad de los revestimientos y garantiza una máxima estabilidad de rendimiento, incluso en las condiciones de uso más duras. Los embragues Pro Race son un producto de alta calidad para competición. 
&nbsp;
Contenido:

<h4>DISCOS DE FRENO</h4>
<h4>Discos de acero</h4>
<p>&nbsp;</p>
","Discos de acero + discos de fricción PRO RACE LINE
Los embragues Pro Race representan la gama más alta de los embragues Newfren y son una combinación de nuevas tecnologías y nuevos materiales.  Desarrollados en colaboración con equipos de renombre y éxito en los campeonatos mundiales de Superbike, Moto 3 y MXGP. Se trata de una línea especial que, gracias a un material de fricción compuesto principalmente por celulosa, resinas, carbono y algunos otros componentes, garantiza un coeficiente de fricción muy alto y es menos compresible. Su diseño especial mejora el flujo de aceite y permite que los discos funcionen de forma más eficiente y, por lo tanto, más eficaz. La combinación de este nuevo material con el diseño especial aumenta la estabilidad de los revestimientos y garantiza una máxima estabilidad de rendimiento, incluso en las condiciones de uso más duras. Los embragues Pro Race son un producto de alta calidad para competición. 
 
Contenido:

DISCOS DE FRENO
Discos de acero

 
",VEHICLE PARTS & ACCESSORIES,ENGINE PARTS,ENG. CLUTCH,2915,1224,198,184,80,,,,por unidad,,https://api.mybihr.com/medias/800Wx800H-1153316-1.jpeg?context=bWFzdGVyfHJvb3R8NTEzMzB8aW1hZ2UvanBlZ3xhR1V6TDJoaE15OHhNREE0TVRFMU1UWTJOelF3Tnpndk9EQXdWM2c0TURCSVh6RXhOVE16TVRZdE1TNXFjR1ZufGIzNjgxMTU3MjdhYjgwY2VlMDRhOGRhZTQ2OTE0MGYxODliYmZlYjk1NWU5ZDZhYzAyNjk5Y2Y5MzkxYjYzMWQ,,,https://static.bihr.pro/eBihr/Pictures/NEWFREN-pictures.zip,Spain Warehouse (Parts)
1153310,,F1484QC,NEWFREN,NEWFR PLATE STEEL&FRICTIONS,Kit de discos + separadores de embrague NEWFREN Pro Race,299.72,247.70,161.01,8025832321194,0,8714105000,0,1,"<strong>Discos de acero + discos de fricción PRO RACE LINE</strong>
Los embragues Pro Race representan la gama más alta de los embragues Newfren y son una combinación de nuevas tecnologías y nuevos materiales. &nbsp;Desarrollados en colaboración con equipos de renombre y éxito en los campeonatos mundiales de Superbike, Moto 3 y MXGP. Se trata de una línea especial que, gracias a un material de fricción compuesto principalmente por celulosa, resinas, carbono y algunos otros componentes, garantiza un coeficiente de fricción muy alto y es menos compresible. Su diseño especial mejora el flujo de aceite y permite que los discos funcionen de forma más eficiente y, por lo tanto, más eficaz. La combinación de este nuevo material con el diseño especial aumenta la estabilidad de los revestimientos y garantiza una máxima estabilidad de rendimiento, incluso en las condiciones de uso más duras. Los embragues Pro Race son un producto de alta calidad para competición. 
&nbsp;
Contenido:

<h3>Características técnicas</h3>
<h4>Discos de fricción</h4>
<p>Número <strong>11</strong></p>
<p>Grosor <strong>2,8</strong></p>
<p>Número de bordes <strong>12</strong></p>
<p>Diámetro exterior <strong>132,5</strong></p>
<p>Diámetro interior <strong>111,5</strong></p>
<p>&nbsp;</p>
<h4>Discos de acero</h4>
<p>Número <strong>9</strong></p>
<p>Espesor <strong>2</strong></p>
<p>Número de dientes <strong>34</strong></p>
<p>Diámetro exterior <strong>132,5</strong></p>
<p>Diámetro interior de los dientes inferiores (mm) <strong>103,5</strong></p>
<p>Diámetro interior de los dientes superiores (mm) <strong>96</strong></p>
<p>&nbsp;</p>
<h4>Discos de acero</h4>
<p>Número <strong>1</strong></p>
<p>Espesor <strong>2</strong></p>
<p>Número de dientes <strong>36</strong></p>
<p>Diámetro exterior <strong>133</strong></p>
<p>Diámetro interior de los dientes inferiores (mm) <strong>110,5</strong></p>
<p>Diámetro interior de los dientes superiores (mm) <strong>103</strong></p>
","Discos de acero + discos de fricción PRO RACE LINE
Los embragues Pro Race representan la gama más alta de los embragues Newfren y son una combinación de nuevas tecnologías y nuevos materiales.  Desarrollados en colaboración con equipos de renombre y éxito en los campeonatos mundiales de Superbike, Moto 3 y MXGP. Se trata de una línea especial que, gracias a un material de fricción compuesto principalmente por celulosa, resinas, carbono y algunos otros componentes, garantiza un coeficiente de fricción muy alto y es menos compresible. Su diseño especial mejora el flujo de aceite y permite que los discos funcionen de forma más eficiente y, por lo tanto, más eficaz. La combinación de este nuevo material con el diseño especial aumenta la estabilidad de los revestimientos y garantiza una máxima estabilidad de rendimiento, incluso en las condiciones de uso más duras. Los embragues Pro Race son un producto de alta calidad para competición. 
 
Contenido:

Características técnicas
Discos de fricción

Número 11

Grosor 2,8

Número de bordes 12

Diámetro exterior 132,5

Diámetro interior 111,5

 
Discos de acero

Número 9

Espesor 2

Número de dientes 34

Diámetro exterior 132,5

Diámetro interior de los dientes inferiores (mm) 103,5

Diámetro interior de los dientes superiores (mm) 96

 
Discos de acero

Número 1

Espesor 2

Número de dientes 36

Diámetro exterior 133

Diámetro interior de los dientes inferiores (mm) 110,5

Diámetro interior de los dientes superiores (mm) 103
",VEHICLE PARTS & ACCESSORIES,ENGINE PARTS,ENG. CLUTCH,3089,1394,199,199,78,,,,"por unidad & ",,https://api.mybihr.com/medias/800Wx800H-1153310-1.jpg?context=bWFzdGVyfHJvb3R8NzA3NTh8aW1hZ2UvanBlZ3xhR1EwTDJoa1lTOHhNREE1TURVeU1UUTFOREU0TlRRdk9EQXdWM2c0TURCSVh6RXhOVE16TVRBdE1TNXFjR2N8OTVhNjViN2YzMTgxMzk4M2MxYzYxMWFjNzBkZDcxZjcyNzNiNzlmODc0YWY2OTAyZTU2MzI0M2ZlY2NkYmIyOA,,,https://static.bihr.pro/eBihr/Pictures/NEWFREN-pictures.zip,Spain Warehouse (Parts)
1153305,,F1450Q,NEWFREN,NEWFR PLATE FRICTION,Kit de discos de embrague NEWFREN  Pro Race Line,166.13,137.30,89.25,8025832397793,1,8714105000,0,1,"<p><strong>PRO RACE LINE</strong></p>
<p>Los embragues Pro Race son lo más alto de la gama. Son el resultado de la investigación en nuevas tecnologías combinadas con nuevos materiales desarrollados en colaboración con importantes equipos de Superbike, Moto3 y MXGP. El material de fricción está compuesto principalmente de celulosa, resinas, carbono y otros elementos que garantizan un coeficiente de fricción extremadamente alto y son menos compresibles. El particular diseño de ""muescas separadas"" mejora el flujo de aceite, permitiendo que las placas funcionen con mayor eficacia. La combinación de este diseño con el nuevo material de fricción aumenta la resistencia a la fatiga y garantiza la máxima estabilidad de funcionamiento, incluso en uso extremo, lo que convierte al embrague Pro Race en un producto de competición de muy alta calidad.</p>
<p>&nbsp;</p>
<p>Cantidad <strong>8</strong></p>
<p>Espesor <strong>3</strong></p>
<p>Número de bordes<strong>12</strong></p>
<p>Diámetro externo<strong>138,5</strong></p>
<p>Diámetro interno <strong>116,5</strong></p>","
PRO RACE LINE

Los embragues Pro Race son lo más alto de la gama. Son el resultado de la investigación en nuevas tecnologías combinadas con nuevos materiales desarrollados en colaboración con importantes equipos de Superbike, Moto3 y MXGP. El material de fricción está compuesto principalmente de celulosa, resinas, carbono y otros elementos que garantizan un coeficiente de fricción extremadamente alto y son menos compresibles. El particular diseño de ""muescas separadas"" mejora el flujo de aceite, permitiendo que las placas funcionen con mayor eficacia. La combinación de este diseño con el nuevo material de fricción aumenta la resistencia a la fatiga y garantiza la máxima estabilidad de funcionamiento, incluso en uso extremo, lo que convierte al embrague Pro Race en un producto de competición de muy alta calidad.

 

Cantidad 8

Espesor 3

Número de bordes12

Diámetro externo138,5

Diámetro interno 116,5",VEHICLE PARTS & ACCESSORIES,ENGINE PARTS,ENG. CLUTCH,1037,291,162,160,40,Orgánica,,,"por unidad & ",,https://api.mybihr.com/medias/800Wx800H-1153305-1.jpg?context=bWFzdGVyfHJvb3R8NDA3ODd8aW1hZ2UvanBlZ3xhR1ZpTDJnNE1TOHhNREE0TVRFMU1ETXdOREkxT1RBdk9EQXdWM2c0TURCSVh6RXhOVE16TURVdE1TNXFjR2N8MDhmMGNjMWI4MmFmZjRiNjdhNjJkMDZkZWRmYjBmMzljM2ExZTY1NTVmMmQwNDFjNzI0ODMxODY1YjEzNDhkMA,,,https://static.bihr.pro/eBihr/Pictures/NEWFREN-pictures.zip,Spain Warehouse (Parts)
1153306,,F1450QC,NEWFREN,NEWFR PLATE STEEL&FRICTIONS,Kit de discos + separadores de embrague NEWFREN Pro Race,237.40,196.20,127.53,8025832397809,1,8714105000,0,1,"<strong>LÍNEA PRO RACE Discos de acero + discos de fricción</strong>
Los embragues Pro Race representan la gama más alta de embragues Newfren y combinan nuevas tecnologías y nuevos materiales. Desarrollados en colaboración con equipos de renombre y éxito de los campeonatos mundiales de Superbike, Moto 3 y MXGP. Se trata de una línea especial que utiliza un material de fricción compuesto principalmente por celulosa, resinas, carbono y algunos otros componentes, lo que garantiza un coeficiente de fricción muy alto y lo hace menos compresible. El diseño especial mejora el flujo de aceite y permite que los discos funcionen de forma más eficiente y, por lo tanto, más eficaz. La combinación de este nuevo material con el diseño especial aumenta la estabilidad de las pastillas y garantiza la máxima estabilidad de rendimiento, incluso en las condiciones de funcionamiento más duras. Los embragues Pro Race son un producto de competición de alta calidad. 
&nbsp;
Contenido:

<h3>Datos técnicos</h3>
<h4>DISCOS DE FRICCIÓN</h4>
<p>Número <strong>8</strong></p>
<p>Espesor <strong>3</strong></p>
<p>Número de bordes <strong>12</strong></p>
<p>Diámetro exterior <strong>138,5</strong></p>
<p>Diámetro interior <strong>116,5</strong></p>
<p>&nbsp;</p>
<h4>DISCOS DE FRICCIÓN</h4>
<p>Número <strong>1</strong></p>
<p>Espesor <strong>3</strong></p>
<p>Número de bordes <strong>12</strong></p>
<p>Diámetro exterior <strong>138,5</strong></p>
<p>Diámetro interior <strong>122,6</strong></p>
<p>&nbsp;</p>
<h4>Discos de acero</h4>
<p>Número <strong>8</strong></p>
<p>Espesor <strong>2</strong></p>
<p>Número de dientes <strong>37</strong></p>
<p>Diámetro exterior <strong>138</strong></p>
<p>Diámetro interior de los dientes inferiores (mm) <strong>114</strong></p>
<p>Diámetro interior de los dientes superiores (mm) <strong>104,5</strong></p>
","LÍNEA PRO RACE Discos de acero + discos de fricción
Los embragues Pro Race representan la gama más alta de embragues Newfren y combinan nuevas tecnologías y nuevos materiales. Desarrollados en colaboración con equipos de renombre y éxito de los campeonatos mundiales de Superbike, Moto 3 y MXGP. Se trata de una línea especial que utiliza un material de fricción compuesto principalmente por celulosa, resinas, carbono y algunos otros componentes, lo que garantiza un coeficiente de fricción muy alto y lo hace menos compresible. El diseño especial mejora el flujo de aceite y permite que los discos funcionen de forma más eficiente y, por lo tanto, más eficaz. La combinación de este nuevo material con el diseño especial aumenta la estabilidad de las pastillas y garantiza la máxima estabilidad de rendimiento, incluso en las condiciones de funcionamiento más duras. Los embragues Pro Race son un producto de competición de alta calidad. 
 
Contenido:

Datos técnicos
DISCOS DE FRICCIÓN

Número 8

Espesor 3

Número de bordes 12

Diámetro exterior 138,5

Diámetro interior 116,5

 
DISCOS DE FRICCIÓN

Número 1

Espesor 3

Número de bordes 12

Diámetro exterior 138,5

Diámetro interior 122,6

 
Discos de acero

Número 8

Espesor 2

Número de dientes 37

Diámetro exterior 138

Diámetro interior de los dientes inferiores (mm) 114

Diámetro interior de los dientes superiores (mm) 104,5
",VEHICLE PARTS & ACCESSORIES,ENGINE PARTS,ENG. CLUTCH,3246,1143,201,190,85,,,,"por unidad & ",,https://api.mybihr.com/medias/800Wx800H-1153306-1.jpeg?context=bWFzdGVyfHJvb3R8NTEzMzB8aW1hZ2UvanBlZ3xhRGRpTDJnek15OHhNREE0TVRFMU1UVTBPVFEwTXpBdk9EQXdWM2c0TURCSVh6RXhOVE16TURZdE1TNXFjR1ZufDBhOWI5OWQyMzFkMDcwMGQ1MDc4M2U2MWRkOWEzMzRmYjg1ZjE5ODI1MzMzYmNiYjVhYTE0ZWZmODUwZDcwOWE,,,https://static.bihr.pro/eBihr/Pictures/NEWFREN-pictures.zip,Spain Warehouse (Parts)
1153332,,F1347QC,NEWFREN,NEWFR COMPLETE CLUTCH KIT PERFORMANCE,Kit de discos + separadores de embrague NEWFREN Pro Race,194.93,161.10,104.72,,0,8714105000,0,1,"<p><strong>LÍNEA PRO RACE Discos de acero + discos de fricción</strong></p>
Los embragues Pro Race representan la gama más alta de embragues Newfren y combinan nuevas tecnologías y nuevos materiales. Desarrollados en colaboración con equipos de renombre y éxito de los campeonatos mundiales de Superbike, Moto 3 y MXGP. Se trata de una línea especial que utiliza un material de fricción compuesto principalmente por celulosa, resinas, carbono y algunos otros componentes, lo que garantiza un coeficiente de fricción muy alto y lo hace menos compresible. El diseño especial mejora el flujo de aceite y permite que los discos funcionen de manera más eficiente y, por lo tanto, más eficaz. La combinación de este nuevo material con el diseño especial aumenta la estabilidad de las pastillas y garantiza la máxima estabilidad de rendimiento, incluso en las condiciones de funcionamiento más difíciles. Los embragues Pro Race son un producto de alta calidad para competición.","
LÍNEA PRO RACE Discos de acero + discos de fricción
Los embragues Pro Race representan la gama más alta de embragues Newfren y combinan nuevas tecnologías y nuevos materiales. Desarrollados en colaboración con equipos de renombre y éxito de los campeonatos mundiales de Superbike, Moto 3 y MXGP. Se trata de una línea especial que utiliza un material de fricción compuesto principalmente por celulosa, resinas, carbono y algunos otros componentes, lo que garantiza un coeficiente de fricción muy alto y lo hace menos compresible. El diseño especial mejora el flujo de aceite y permite que los discos funcionen de manera más eficiente y, por lo tanto, más eficaz. La combinación de este nuevo material con el diseño especial aumenta la estabilidad de las pastillas y garantiza la máxima estabilidad de rendimiento, incluso en las condiciones de funcionamiento más difíciles. Los embragues Pro Race son un producto de alta calidad para competición.",VEHICLE PARTS & ACCESSORIES,ENGINE PARTS,ENG. CLUTCH,1,1,10,10,10,,,,por unidad,,https://api.mybihr.com/medias/800Wx800H-1153332-1.jpg?context=bWFzdGVyfHJvb3R8NzA3NTh8aW1hZ2UvanBlZ3xhRFExTDJoaFpDOHhNREE1TURVeU1UVTVPRE0yTkRZdk9EQXdWM2c0TURCSVh6RXhOVE16TXpJdE1TNXFjR2N8OGU5ZTlhOWU1YzlkOWVlYjY0MzM0NTJlZGNiOWM3Y2VjN2FmMjA2NGY2Y2EzMzI3NWI3ODI3YTQ1NWM2ZDY3NA,,,https://static.bihr.pro/eBihr/Pictures/NEWFREN-pictures.zip,Spain Warehouse (Parts)
1153313,,F2637QC,NEWFREN,NEWFR PLATE STEEL&FRICTIONS,Kit de discos + separadores de embrague NEWFREN Pro Race,204.49,169.00,109.85,8025832321576,0,8714105000,0,1,"<strong>Discos de acero + discos de fricción PRO RACE LINE</strong>
Los embragues Pro Race representan la gama más alta de los embragues Newfren y son una combinación de nuevas tecnologías y nuevos materiales. &nbsp;Desarrollados en colaboración con equipos de renombre y éxito en los campeonatos mundiales de Superbike, Moto 3 y MXGP. Se trata de una línea especial que, gracias a un material de fricción compuesto principalmente por celulosa, resinas, carbono y algunos otros componentes, garantiza un coeficiente de fricción muy alto y es menos compresible. Su diseño especial mejora el flujo de aceite y permite que los discos funcionen de forma más eficiente y, por lo tanto, más eficaz. La combinación de este nuevo material con el diseño especial aumenta la estabilidad de los revestimientos y garantiza una máxima estabilidad de rendimiento, incluso en las condiciones de uso más duras. Los embragues Pro Race son un producto de alta calidad para competición. 
&nbsp;
Contenido:

<h3>Características técnicas</h3>
<p><strong>Discos de fricción</strong></p>
<p>Número <strong>2</strong></p>
<p>Espesor <strong>3,8</strong></p>
<p>Número de bordes <strong>12</strong></p>
<p>Diámetro exterior <strong>139,5</strong></p>
<p>Diámetro interior <strong>119,5</strong></p>
<h4><strong>Discos de fricción</strong></h4>
<p>Número <strong>6</strong></p>
<p>Espesor <strong>3,3</strong></p>
<p>Número de bordes <strong>12</strong></p>
<p>Diámetro exterior <strong>138,5</strong></p>
<p>Diámetro interior <strong>112,5</strong></p>
<h4>Discos de acero</h4>
<p>Número <strong>7</strong></p>
<p>Espesor <strong>2,3</strong></p>
<p>Número de dientes <strong>28</strong></p>
<p>Diámetro exterior <strong>139</strong></p>
<p>Diámetro interior de los dientes inferiores (mm) <strong>110,5</strong></p>
<p>Diámetro interior de los dientes superiores (mm) <strong>104</strong></p>

&nbsp;","Discos de acero + discos de fricción PRO RACE LINE
Los embragues Pro Race representan la gama más alta de los embragues Newfren y son una combinación de nuevas tecnologías y nuevos materiales.  Desarrollados en colaboración con equipos de renombre y éxito en los campeonatos mundiales de Superbike, Moto 3 y MXGP. Se trata de una línea especial que, gracias a un material de fricción compuesto principalmente por celulosa, resinas, carbono y algunos otros componentes, garantiza un coeficiente de fricción muy alto y es menos compresible. Su diseño especial mejora el flujo de aceite y permite que los discos funcionen de forma más eficiente y, por lo tanto, más eficaz. La combinación de este nuevo material con el diseño especial aumenta la estabilidad de los revestimientos y garantiza una máxima estabilidad de rendimiento, incluso en las condiciones de uso más duras. Los embragues Pro Race son un producto de alta calidad para competición. 
 
Contenido:

Características técnicas

Discos de fricción

Número 2

Espesor 3,8

Número de bordes 12

Diámetro exterior 139,5

Diámetro interior 119,5
Discos de fricción

Número 6

Espesor 3,3

Número de bordes 12

Diámetro exterior 138,5

Diámetro interior 112,5
Discos de acero

Número 7

Espesor 2,3

Número de dientes 28

Diámetro exterior 139

Diámetro interior de los dientes inferiores (mm) 110,5

Diámetro interior de los dientes superiores (mm) 104

 ",VEHICLE PARTS & ACCESSORIES,ENGINE PARTS,ENG. CLUTCH,3297,1241,203,203,80,,,,"por unidad & ",,https://api.mybihr.com/medias/800Wx800H-1153313-1.jpeg?context=bWFzdGVyfHJvb3R8NTEzMzB8aW1hZ2UvanBlZ3xhRFUxTDJnNU5pOHhNREE0TVRFMU1UWXlPREE0TmpJdk9EQXdWM2c0TURCSVh6RXhOVE16TVRNdE1TNXFjR1ZufGFkNjY3YmRkMmYyMjhjY2MxYTA3NjZjYzdhODdhMmU0ZmVmZjQwZmRlNzhjNTQ2M2MwN2QxOWI0YzY3YjNhOGI,,,https://static.bihr.pro/eBihr/Pictures/NEWFREN-pictures.zip,Spain Warehouse (Parts)
1153317,,F2891QC,NEWFREN,NEWFR COMPLETE CLUTCH KIT,Kit de discos + separadores de embrague NEWFREN Pro Race,279.39,230.90,150.09,,0,8714105000,0,1,"<p><strong>LÍNEA PRO RACE Discos de acero + discos de fricción</strong></p>
Los embragues Pro Race representan la gama más alta de embragues Newfren y combinan nuevas tecnologías y nuevos materiales. Desarrollados en colaboración con equipos de renombre y éxito de los campeonatos mundiales de Superbike, Moto 3 y MXGP. Se trata de una línea especial que utiliza un material de fricción compuesto principalmente por celulosa, resinas, carbono y algunos otros componentes, lo que garantiza un coeficiente de fricción muy alto y lo hace menos compresible. El diseño especial mejora el flujo de aceite y permite que los discos funcionen de manera más eficiente y, por lo tanto, más eficaz. La combinación de este nuevo material con el diseño especial aumenta la estabilidad de las pastillas y garantiza la máxima estabilidad del rendimiento, incluso en las condiciones de funcionamiento más duras. Los embragues Pro Race son un producto de alta calidad para competición.

<p>&nbsp;</p>

","
LÍNEA PRO RACE Discos de acero + discos de fricción
Los embragues Pro Race representan la gama más alta de embragues Newfren y combinan nuevas tecnologías y nuevos materiales. Desarrollados en colaboración con equipos de renombre y éxito de los campeonatos mundiales de Superbike, Moto 3 y MXGP. Se trata de una línea especial que utiliza un material de fricción compuesto principalmente por celulosa, resinas, carbono y algunos otros componentes, lo que garantiza un coeficiente de fricción muy alto y lo hace menos compresible. El diseño especial mejora el flujo de aceite y permite que los discos funcionen de manera más eficiente y, por lo tanto, más eficaz. La combinación de este nuevo material con el diseño especial aumenta la estabilidad de las pastillas y garantiza la máxima estabilidad del rendimiento, incluso en las condiciones de funcionamiento más duras. Los embragues Pro Race son un producto de alta calidad para competición.


 

",VEHICLE PARTS & ACCESSORIES,ENGINE PARTS,ENG. CLUTCH,1,1,10,10,10,,,,por unidad,,https://api.mybihr.com/medias/800Wx800H-1153317-1.jpg?context=bWFzdGVyfHJvb3R8MzM2NTQ3fGltYWdlL2pwZWd8YURGbUwyaGtZUzh4TURBNU1EVXlNamN4TWpRM05qWXZPREF3VjNnNE1EQklYekV4TlRNek1UY3RNUzVxY0djfDI1MjEyYmJhZWY5YjJiZTY4Zjc4MDMzNWIwNWMzNzEwNjM4OWFkMTJkZjVmNzAzM2VjOTg5YjFjNzY2MDk0YjE,,,https://static.bihr.pro/eBihr/Pictures/NEWFREN-pictures.zip,Spain Warehouse (Parts)
1153338,,F1363QC,NEWFREN,NEWFR COMPLETE CLUTCH KIT PERFORMANCE,Kit de discos + separadores de embrague NEWFREN Pro Race,177.87,147.00,95.55,,0,8714105000,0,1,"<p><strong>LÍNEA PRO RACE Discos de acero + discos de fricción</strong></p>
Los embragues Pro Race representan la gama más alta de embragues Newfren y combinan nuevas tecnologías y nuevos materiales. Desarrollados en colaboración con equipos de renombre y éxito de los campeonatos mundiales de Superbike, Moto 3 y MXGP. Se trata de una línea especial que utiliza un material de fricción compuesto principalmente por celulosa, resinas, carbono y algunos otros componentes, lo que garantiza un coeficiente de fricción muy alto y lo hace menos compresible. El diseño especial mejora el flujo de aceite y permite que los discos funcionen de manera más eficiente y, por lo tanto, más eficaz. La combinación de este nuevo material con el diseño especial aumenta la estabilidad de las pastillas y garantiza la máxima estabilidad de rendimiento, incluso en las condiciones de funcionamiento más duras. Los embragues Pro Race son un producto de alta calidad para competición.
Contenido:

<h3>Características técnicas</h3>

<h4>Placas de fricción</h4>
<p>Cantidad <strong>8</strong></p>
<p>Espesor <strong>2,8</strong></p>
<p>N.º de bordes <strong>12</strong></p>
<p>Diámetro externo <strong>132,5</strong></p>
<p>Diámetro interno <strong>111,5</strong></p>
<p>&nbsp;</p>
<h4>Placas de fricción</h4>
<p>Cantidad <strong>7</strong></p>
<p>Espesor <strong>1,4</strong></p>
<p>N.º de dientes <strong>12</strong></p>
<p>Diámetro externo <strong>134,4</strong></p>
<p>Diámetro interno de los dientes inferiores (mm) <strong>109,8</strong></p>
<p>Diámetro interno de los dientes superiores (mm) <strong>109</strong></p>


","
LÍNEA PRO RACE Discos de acero + discos de fricción
Los embragues Pro Race representan la gama más alta de embragues Newfren y combinan nuevas tecnologías y nuevos materiales. Desarrollados en colaboración con equipos de renombre y éxito de los campeonatos mundiales de Superbike, Moto 3 y MXGP. Se trata de una línea especial que utiliza un material de fricción compuesto principalmente por celulosa, resinas, carbono y algunos otros componentes, lo que garantiza un coeficiente de fricción muy alto y lo hace menos compresible. El diseño especial mejora el flujo de aceite y permite que los discos funcionen de manera más eficiente y, por lo tanto, más eficaz. La combinación de este nuevo material con el diseño especial aumenta la estabilidad de las pastillas y garantiza la máxima estabilidad de rendimiento, incluso en las condiciones de funcionamiento más duras. Los embragues Pro Race son un producto de alta calidad para competición.
Contenido:

Características técnicas

Placas de fricción

Cantidad 8

Espesor 2,8

N.º de bordes 12

Diámetro externo 132,5

Diámetro interno 111,5

 
Placas de fricción

Cantidad 7

Espesor 1,4

N.º de dientes 12

Diámetro externo 134,4

Diámetro interno de los dientes inferiores (mm) 109,8

Diámetro interno de los dientes superiores (mm) 109


",VEHICLE PARTS & ACCESSORIES,ENGINE PARTS,ENG. CLUTCH,1,1,10,10,10,,,,"por unidad & ",,https://api.mybihr.com/medias/800Wx800H-1153338-1.jpg?context=bWFzdGVyfHJvb3R8NzA3NTh8aW1hZ2UvanBlZ3xhRFZoTDJneE9DOHhNREE1TURVeU1UYzFOVFkxTVRBdk9EQXdWM2c0TURCSVh6RXhOVE16TXpndE1TNXFjR2N8ODU0YTA3ZTY5MGU3MGE5YTQzMGVhZDE2Nzk5MTM3ZTdhOGM1Y2U0MGUyNDBkYWFhNzg3M2EzYzRkYWIzMGJhZQ,,,https://static.bihr.pro/eBihr/Pictures/NEWFREN-pictures.zip,Spain Warehouse (Parts)
1153320,,F1342Q,NEWFREN,NEWFR PLATE FRICTION,Kit de discos de embrague NEWFREN  Pro Race Line,264.51,218.60,142.09,,0,8714105000,0,1,"<p><strong>PRO RACE LINE</strong></p>
<p>Los embragues Pro Race son lo más alto de la gama. Son el resultado de la investigación en nuevas tecnologías combinadas con nuevos materiales desarrollados en colaboración con importantes equipos de Superbike, Moto3 y MXGP. El material de fricción está compuesto principalmente de celulosa, resinas, carbono y otros elementos que garantizan un coeficiente de fricción extremadamente alto y son menos compresibles. El particular diseño de ""muescas separadas"" mejora el flujo de aceite, permitiendo que las placas funcionen con mayor eficacia. La combinación de este diseño con el nuevo material de fricción aumenta la resistencia a la fatiga y garantiza la máxima estabilidad de funcionamiento, incluso en uso extremo, lo que convierte al embrague Pro Race en un producto de competición de muy alta calidad.</p>","
PRO RACE LINE

Los embragues Pro Race son lo más alto de la gama. Son el resultado de la investigación en nuevas tecnologías combinadas con nuevos materiales desarrollados en colaboración con importantes equipos de Superbike, Moto3 y MXGP. El material de fricción está compuesto principalmente de celulosa, resinas, carbono y otros elementos que garantizan un coeficiente de fricción extremadamente alto y son menos compresibles. El particular diseño de ""muescas separadas"" mejora el flujo de aceite, permitiendo que las placas funcionen con mayor eficacia. La combinación de este diseño con el nuevo material de fricción aumenta la resistencia a la fatiga y garantiza la máxima estabilidad de funcionamiento, incluso en uso extremo, lo que convierte al embrague Pro Race en un producto de competición de muy alta calidad.",VEHICLE PARTS & ACCESSORIES,ENGINE PARTS,ENG. CLUTCH,1,1,10,10,10,Orgánica,,,por unidad,,https://api.mybihr.com/medias/800Wx800H-1153320-1.jpg?context=bWFzdGVyfHJvb3R8NDA3ODd8aW1hZ2UvanBlZ3xhR1UzTDJoaFlTOHhNREE0TVRFMU1EVXdNRGcyTnpBdk9EQXdWM2c0TURCSVh6RXhOVE16TWpBdE1TNXFjR2N8OWM5NDdlYmEwNTllZGEyZjc3MjQzYzZkNjYyYTQyMGNiYjRlNTI2OGEzYzYxOGQwZDczNDRmZTM3YmNmYmUyYg,,,https://static.bihr.pro/eBihr/Pictures/NEWFREN-pictures.zip,Spain Warehouse (Parts)
1153325,,F2639QC,NEWFREN,NEWFR COMPLETE CLUTCH KIT PERFORMANCE,Kit de discos + separadores de embrague NEWFREN Pro Race,239.94,198.30,128.90,8025832321583,1,8714105000,0,1,"<p><strong>LÍNEA PRO RACE Discos de acero + discos de fricción</strong></p>
Los embragues Pro Race representan la gama más alta de embragues Newfren y combinan nuevas tecnologías y nuevos materiales. Desarrollados en colaboración con equipos de renombre y éxito de los campeonatos mundiales de Superbike, Moto 3 y MXGP. Se trata de una línea especial que utiliza un material de fricción compuesto principalmente por celulosa, resinas, carbono y algunos otros componentes, lo que garantiza un coeficiente de fricción muy alto y lo hace menos compresible. El diseño especial mejora el flujo de aceite y permite que los discos funcionen de forma más eficiente y, por lo tanto, más eficaz. La combinación de este nuevo material con el diseño especial aumenta la estabilidad de las pastillas y garantiza la máxima estabilidad de rendimiento, incluso en las condiciones de funcionamiento más duras. Los embragues Pro Race son un producto de competición de alta calidad.
Contenido:

<h3>Características técnicas</h3>
<h4>Placas de fricción</h4>
<p>Cantidad <strong>1</strong></p>
<p>Espesor <strong>3,8</strong></p>
<p>Número de bordes <strong>12</strong></p>
<p>Diámetro externo <strong>139,5</strong></p>
<p>Diámetro interno <strong>119,5</strong></p>
<h4>Placas de fricción</h4>
<p>Cantidad <strong>8</strong></p>
<p>Espesor <strong>3,3</strong></p>
<p>N.º de bordes <strong>12</strong></p>
<p>Diámetro externo <strong>138,5</strong></p>
<p>Diámetro interno <strong>112,5</strong></p>
<h4>Placas de acero</h4>
<p>Cantidad <strong>1</strong></p>
<p>Espesor <strong>2</strong></p>
<p>N.º de dientes <strong>28</strong></p>
<p>Diámetro externo <strong>139</strong></p>
<p>Diámetro interno de los dientes inferiores (mm) <strong>110,5</strong></p>
<p>Diámetro interno de los dientes superiores (mm) <strong>104</strong></p>
<h4>Placas de acero</h4>
<p>Cantidad <strong>7</strong></p>
<p>Espesor <strong>2,3</strong></p>
<p>N.º de dientes <strong>28</strong></p>
<p>Diámetro externo <strong>139</strong></p>
<p>Diámetro interior de los dientes inferiores (mm) <strong>110,5</strong></p>
<p>Diámetro interior de los dientes superiores (mm) <strong>104</strong></p>



<p>&nbsp;</p>


","
LÍNEA PRO RACE Discos de acero + discos de fricción
Los embragues Pro Race representan la gama más alta de embragues Newfren y combinan nuevas tecnologías y nuevos materiales. Desarrollados en colaboración con equipos de renombre y éxito de los campeonatos mundiales de Superbike, Moto 3 y MXGP. Se trata de una línea especial que utiliza un material de fricción compuesto principalmente por celulosa, resinas, carbono y algunos otros componentes, lo que garantiza un coeficiente de fricción muy alto y lo hace menos compresible. El diseño especial mejora el flujo de aceite y permite que los discos funcionen de forma más eficiente y, por lo tanto, más eficaz. La combinación de este nuevo material con el diseño especial aumenta la estabilidad de las pastillas y garantiza la máxima estabilidad de rendimiento, incluso en las condiciones de funcionamiento más duras. Los embragues Pro Race son un producto de competición de alta calidad.
Contenido:

Características técnicas
Placas de fricción

Cantidad 1

Espesor 3,8

Número de bordes 12

Diámetro externo 139,5

Diámetro interno 119,5
Placas de fricción

Cantidad 8

Espesor 3,3

N.º de bordes 12

Diámetro externo 138,5

Diámetro interno 112,5
Placas de acero

Cantidad 1

Espesor 2

N.º de dientes 28

Diámetro externo 139

Diámetro interno de los dientes inferiores (mm) 110,5

Diámetro interno de los dientes superiores (mm) 104
Placas de acero

Cantidad 7

Espesor 2,3

N.º de dientes 28

Diámetro externo 139

Diámetro interior de los dientes inferiores (mm) 110,5

Diámetro interior de los dientes superiores (mm) 104




 


",VEHICLE PARTS & ACCESSORIES,ENGINE PARTS,ENG. CLUTCH,1016,357,164,163,38,Orgánica,,,"por unidad & ",,https://api.mybihr.com/medias/800Wx800H-1153325-1.jpg?context=bWFzdGVyfHJvb3R8NzA4NjB8aW1hZ2UvanBlZ3xhREJoTDJnMk9TOHhNREE1TmpFNU1EazNNelUwTlRRdk9EQXdWM2c0TURCSVh6RXhOVE16TWpVdE1TNXFjR2N8ZWJiYmU0MzExMGFmMjZmMWEzNzVlMThjNmZiMTYwZjNjNjQzNWNkNzQ3NTlhZjQxMzcwYTgyNWRmOWFkMGM1MA,,,https://static.bihr.pro/eBihr/Pictures/NEWFREN-pictures.zip,Spain Warehouse (Parts)
1153304,,F1340QC,NEWFREN,NEWFR PLATE STEEL&FRICTION,Kit de discos + separadores de embrague NEWFREN Pro Race,290.88,240.40,156.26,8025832376590,1,8714105000,0,1,"<strong>Discos de acero + discos de fricción PRO RACE LINE</strong>
Los embragues Pro Race representan la gama más alta de los embragues Newfren y son una combinación de nuevas tecnologías y nuevos materiales. &nbsp;Desarrollados en colaboración con equipos de renombre y éxito en los campeonatos mundiales de Superbike, Moto 3 y MXGP. Se trata de una línea especial que, gracias a un material de fricción compuesto principalmente por celulosa, resinas, carbono y algunos otros componentes, garantiza un coeficiente de fricción muy alto y es menos compresible. Su diseño especial mejora el flujo de aceite y permite que los discos funcionen de forma más eficiente y, por lo tanto, más eficaz. La combinación de este nuevo material con el diseño especial aumenta la estabilidad de los revestimientos y garantiza una máxima estabilidad de rendimiento, incluso en las condiciones de uso más duras. Los embragues Pro Race son un producto de alta calidad para competición. 
&nbsp;
Contenido:

<h3>Características técnicas</h3>
<h4>Discos de fricción</h4>
<p>Número <strong>11</strong></p>
<p>Grosor <strong>2,8</strong></p>
<p>Número de bordes <strong>12</strong></p>
<p>Diámetro exterior <strong>132,5</strong></p>
<p>Diámetro interior <strong>111,5</strong></p>
<p>&nbsp;</p>
<h4>Discos de acero</h4>
<p>Número <strong>8</strong></p>
<p>Espesor <strong>2</strong></p>
<p>Número de dientes <strong>34</strong></p>
<p>Diámetro exterior <strong>132,5</strong></p>
<p>Diámetro interior de los dientes inferiores (mm) <strong>103,5</strong></p>
<p>Diámetro interior de los dientes superiores (mm) <strong>96</strong></p>
<p>&nbsp;</p>
<h4>Discos de acero</h4>
<p>Número <strong>1</strong></p>
<p>Espesor <strong>2</strong></p>
<p>Número de dientes <strong>36</strong></p>
<p>Diámetro exterior <strong>133</strong></p>
<p>Diámetro interior de los dientes inferiores (mm) <strong>110,5</strong></p>
<p>Diámetro interior de los dientes superiores (mm) <strong>103</strong></p>
<p>&nbsp;</p>
<h4>Discos de acero</h4>
<p>Número <strong>1</strong></p>
<p>Espesor <strong>2,3</strong></p>
<p>Número de dientes <strong>34</strong></p>
<p>Diámetro exterior <strong>132,5</strong></p>
<p>Diámetro interior de los dientes inferiores (mm) <strong>104</strong></p>
<p>Diámetro interior de los dientes superiores (mm) <strong>96</strong></p>
","Discos de acero + discos de fricción PRO RACE LINE
Los embragues Pro Race representan la gama más alta de los embragues Newfren y son una combinación de nuevas tecnologías y nuevos materiales.  Desarrollados en colaboración con equipos de renombre y éxito en los campeonatos mundiales de Superbike, Moto 3 y MXGP. Se trata de una línea especial que, gracias a un material de fricción compuesto principalmente por celulosa, resinas, carbono y algunos otros componentes, garantiza un coeficiente de fricción muy alto y es menos compresible. Su diseño especial mejora el flujo de aceite y permite que los discos funcionen de forma más eficiente y, por lo tanto, más eficaz. La combinación de este nuevo material con el diseño especial aumenta la estabilidad de los revestimientos y garantiza una máxima estabilidad de rendimiento, incluso en las condiciones de uso más duras. Los embragues Pro Race son un producto de alta calidad para competición. 
 
Contenido:

Características técnicas
Discos de fricción

Número 11

Grosor 2,8

Número de bordes 12

Diámetro exterior 132,5

Diámetro interior 111,5

 
Discos de acero

Número 8

Espesor 2

Número de dientes 34

Diámetro exterior 132,5

Diámetro interior de los dientes inferiores (mm) 103,5

Diámetro interior de los dientes superiores (mm) 96

 
Discos de acero

Número 1

Espesor 2

Número de dientes 36

Diámetro exterior 133

Diámetro interior de los dientes inferiores (mm) 110,5

Diámetro interior de los dientes superiores (mm) 103

 
Discos de acero

Número 1

Espesor 2,3

Número de dientes 34

Diámetro exterior 132,5

Diámetro interior de los dientes inferiores (mm) 104

Diámetro interior de los dientes superiores (mm) 96
",VEHICLE PARTS & ACCESSORIES,ENGINE PARTS,ENG. CLUTCH,3362,1394,206,192,85,,,,"por unidad & ",,https://api.mybihr.com/medias/800Wx800H-1153304-1.jpeg?context=bWFzdGVyfHJvb3R8NTEzMzB8aW1hZ2UvanBlZ3xhRE5sTDJneU9DOHhNREE0TVRFMU1UVXhNREV5TVRRdk9EQXdWM2c0TURCSVh6RXhOVE16TURRdE1TNXFjR1ZufDdkM2FjZmM2MjljNzBhODJjZjkyMzEwMDM2MDRkMDliOTg1ZDdkZDY0MjdjYTZkOTdmYjUxN2FhMjZlYTQ3OTI,,,https://static.bihr.pro/eBihr/Pictures/NEWFREN-pictures.zip,Spain Warehouse (Parts)
1153335,,F1470QC,NEWFREN,NEWFR COMPLETE CLUTCH KIT PERFORMANCE,Kit de discos + separadores de embrague NEWFREN Pro Race,184.89,152.80,99.32,,0,8714105000,0,1,"<p><strong>LÍNEA PRO RACE Discos de acero + discos de fricción</strong></p>
Los embragues Pro Race representan la gama más alta de embragues Newfren y combinan nuevas tecnologías y nuevos materiales. Desarrollados en colaboración con equipos de renombre y éxito de los campeonatos mundiales de Superbike, Moto 3 y MXGP. Se trata de una línea especial que utiliza un material de fricción compuesto principalmente por celulosa, resinas, carbono y algunos otros componentes, lo que garantiza un coeficiente de fricción muy alto y lo hace menos compresible. El diseño especial mejora el flujo de aceite y permite que los discos funcionen de forma más eficiente y, por lo tanto, más eficaz. La combinación de este nuevo material con el diseño especial aumenta la estabilidad de las pastillas y garantiza la máxima estabilidad de rendimiento, incluso en las condiciones de funcionamiento más duras. Los embragues Pro Race son un producto de competición de alta calidad.
Contenido:


<h3>Características técnicas</h3>


<h4>Placas de fricción</h4>

<p>Cantidad <strong>7</strong></p>

<p>Espesor <strong>2</strong></p>

<p>N.º de muescas <strong>12</strong></p>

<p>Exterior Ø (mm) <strong>134</strong></p>

<p>Interior Ø (mm) <strong>112</strong></p>

<p>&nbsp;</p>

<h4>Placas de acero</h4>

<p>Cantidad <strong>6</strong></p>

<p>Espesor <strong>1,4</strong></p>

<p>N.º de dientes <strong>24</strong></p>

<p>Diámetro externo (mm) <strong>134,5</strong></p>

<p>Diámetro interno del pie (mm) <strong>107,5</strong></p>

<p>Diámetro interno de la cabeza (mm) <strong>100</strong></p>

<p>&nbsp;</p>

<h4>Placas de acero</h4>

<p>Cantidad <strong>2</strong></p>

<p>Espesor <strong>1</strong></p>

<p>Número de dientes <strong>24</strong></p>

<p>Exterior Ø (mm) <strong>134,5</strong></p>

<p>Diámetro interno del pie (mm) <strong>107,5</strong></p>

<p>Diámetro interno de la cabeza (mm) <strong>100</strong></p>

","
LÍNEA PRO RACE Discos de acero + discos de fricción
Los embragues Pro Race representan la gama más alta de embragues Newfren y combinan nuevas tecnologías y nuevos materiales. Desarrollados en colaboración con equipos de renombre y éxito de los campeonatos mundiales de Superbike, Moto 3 y MXGP. Se trata de una línea especial que utiliza un material de fricción compuesto principalmente por celulosa, resinas, carbono y algunos otros componentes, lo que garantiza un coeficiente de fricción muy alto y lo hace menos compresible. El diseño especial mejora el flujo de aceite y permite que los discos funcionen de forma más eficiente y, por lo tanto, más eficaz. La combinación de este nuevo material con el diseño especial aumenta la estabilidad de las pastillas y garantiza la máxima estabilidad de rendimiento, incluso en las condiciones de funcionamiento más duras. Los embragues Pro Race son un producto de competición de alta calidad.
Contenido:


Características técnicas


Placas de fricción


Cantidad 7


Espesor 2


N.º de muescas 12


Exterior Ø (mm) 134


Interior Ø (mm) 112


 

Placas de acero


Cantidad 6


Espesor 1,4


N.º de dientes 24


Diámetro externo (mm) 134,5


Diámetro interno del pie (mm) 107,5


Diámetro interno de la cabeza (mm) 100


 

Placas de acero


Cantidad 2


Espesor 1


Número de dientes 24


Exterior Ø (mm) 134,5


Diámetro interno del pie (mm) 107,5


Diámetro interno de la cabeza (mm) 100

",VEHICLE PARTS & ACCESSORIES,ENGINE PARTS,ENG. CLUTCH,1,1,10,10,10,,,,"por unidad & ",,https://api.mybihr.com/medias/800Wx800H-1153335-1.jpg?context=bWFzdGVyfHJvb3R8NzA3NTh8aW1hZ2UvanBlZ3xhRFppTDJnMFlTOHhNREE1TURVeU1UWTNOekF3Tnpndk9EQXdWM2c0TURCSVh6RXhOVE16TXpVdE1TNXFjR2N8ZTY2MzkxNGMzNzhmM2RmODQyYjYzNGE1MGM0MWQ5MTQxZDNiZWZhYTk0MmMyZWRkMjc2ZWJkZGZjMzRjMTIwYQ,,,https://static.bihr.pro/eBihr/Pictures/NEWFREN-pictures.zip,Spain Warehouse (Parts)
1153327,,F1708QC,NEWFREN,NEWFR COMPLETE CLUTCH KIT PERFORMANCE,Kit de discos + separadores de embrague NEWFREN Pro Race,212.84,175.90,114.34,,0,8714105000,0,1,"<p><strong>LÍNEA PRO RACE Discos de acero + discos de fricción</strong></p>
Los embragues Pro Race representan la gama más alta de embragues Newfren y combinan nuevas tecnologías y nuevos materiales. Desarrollados en colaboración con equipos de renombre y éxito de los campeonatos mundiales de Superbike, Moto 3 y MXGP. Se trata de una línea especial que utiliza un material de fricción compuesto principalmente por celulosa, resinas, carbono y algunos otros componentes, lo que garantiza un coeficiente de fricción muy alto y lo hace menos compresible. El diseño especial mejora el flujo de aceite y permite que los discos funcionen de forma más eficiente y, por lo tanto, más eficaz. La combinación de este nuevo material con el diseño especial aumenta la estabilidad de las pastillas y garantiza la máxima estabilidad de rendimiento, incluso en las condiciones de funcionamiento más duras. Los embragues Pro Race son un producto de competición de alta calidad.
Contenido:


<h3>Características técnicas</h3>

<h4>Placas de fricción</h4>
Cantidad <strong>6</strong>

Espesor <strong>2,8</strong>

Número de bordes <strong>12</strong>

Diámetro externo <strong>132,5</strong>

Diámetro interno <strong>111,5</strong>


<h4>Placas de acero</h4>
Cantidad <strong>5</strong>

Espesor <strong>3</strong>

N.º de dientes <strong>34</strong>

Diámetro externo <strong>132,5</strong>

Diámetro interno de los dientes inferiores (mm) <strong>104</strong>

Diámetro interno de los dientes superiores (mm) <strong>96</strong>

&nbsp;
","
LÍNEA PRO RACE Discos de acero + discos de fricción
Los embragues Pro Race representan la gama más alta de embragues Newfren y combinan nuevas tecnologías y nuevos materiales. Desarrollados en colaboración con equipos de renombre y éxito de los campeonatos mundiales de Superbike, Moto 3 y MXGP. Se trata de una línea especial que utiliza un material de fricción compuesto principalmente por celulosa, resinas, carbono y algunos otros componentes, lo que garantiza un coeficiente de fricción muy alto y lo hace menos compresible. El diseño especial mejora el flujo de aceite y permite que los discos funcionen de forma más eficiente y, por lo tanto, más eficaz. La combinación de este nuevo material con el diseño especial aumenta la estabilidad de las pastillas y garantiza la máxima estabilidad de rendimiento, incluso en las condiciones de funcionamiento más duras. Los embragues Pro Race son un producto de competición de alta calidad.
Contenido:


Características técnicas

Placas de fricción
Cantidad 6

Espesor 2,8

Número de bordes 12

Diámetro externo 132,5

Diámetro interno 111,5


Placas de acero
Cantidad 5

Espesor 3

N.º de dientes 34

Diámetro externo 132,5

Diámetro interno de los dientes inferiores (mm) 104

Diámetro interno de los dientes superiores (mm) 96

 
",VEHICLE PARTS & ACCESSORIES,ENGINE PARTS,ENG. CLUTCH,1,1,10,10,10,,,,"por unidad & ",,https://api.mybihr.com/medias/800Wx800H-1153327-1.jpg?context=bWFzdGVyfHJvb3R8NzA3NTh8aW1hZ2UvanBlZ3xhR0V5TDJobE5DOHhNREE1TURVeU1UUTRNRE01T1Rndk9EQXdWM2c0TURCSVh6RXhOVE16TWpjdE1TNXFjR2N8ZDU5NTc4NWE4NmZmNjE2NzFlMzFkMWFjYjQ2N2VkN2YyYjhmZTc4ZDg2NzkzN2QyZDMyZmY5NmEzMTQ0YzQ3Mg,,,https://static.bihr.pro/eBihr/Pictures/NEWFREN-pictures.zip,Spain Warehouse (Parts)
1153340,,F1364QC,NEWFREN,NEWFR COMPLETE CLUTCH KIT PERFORMANCE,Kit de discos + separadores de embrague NEWFREN Pro Race,177.87,147.00,95.55,,0,8714105000,0,1,"<p><strong>LÍNEA PRO RACE Discos de acero + discos de fricción</strong></p>
Los embragues Pro Race representan la gama más alta de embragues Newfren y combinan nuevas tecnologías y nuevos materiales. Desarrollados en colaboración con equipos de renombre y éxito de los campeonatos mundiales de Superbike, Moto 3 y MXGP. Se trata de una línea especial que utiliza un material de fricción compuesto principalmente por celulosa, resinas, carbono y algunos otros componentes, lo que garantiza un coeficiente de fricción muy alto y lo hace menos compresible. El diseño especial mejora el flujo de aceite y permite que los discos funcionen de manera más eficiente y, por lo tanto, más eficaz. La combinación de este nuevo material con el diseño especial aumenta la estabilidad de las pastillas y garantiza la máxima estabilidad de rendimiento, incluso en las condiciones de funcionamiento más duras. Los embragues Pro Race son un producto de competición de alta calidad.
Contenido:

<h3>Características técnicas</h3>

<h4>conduttore / fricción</h4>



Cantidad&nbsp;
<strong>8</strong>


Espesor&nbsp;
<strong>2,8</strong>


N.º de bordes&nbsp;
<strong>12</strong>


Diámetro externo&nbsp;
<strong>132,5</strong>


Diámetro interno&nbsp;
<strong>111,5</strong>



<h4>condotto / acero</h4>



Cantidad&nbsp;
<strong>7</strong>


Espesor&nbsp;
<strong>1,4</strong>


N.º de dientes&nbsp;
<strong>6</strong>


Diámetro externo&nbsp;
<strong>134,4</strong>


Diámetro interior de los dientes inferiores (mm)&nbsp;
<strong>104</strong>


Diámetro interior de los dientes superiores (mm)&nbsp;
<strong>91,8</strong>





","
LÍNEA PRO RACE Discos de acero + discos de fricción
Los embragues Pro Race representan la gama más alta de embragues Newfren y combinan nuevas tecnologías y nuevos materiales. Desarrollados en colaboración con equipos de renombre y éxito de los campeonatos mundiales de Superbike, Moto 3 y MXGP. Se trata de una línea especial que utiliza un material de fricción compuesto principalmente por celulosa, resinas, carbono y algunos otros componentes, lo que garantiza un coeficiente de fricción muy alto y lo hace menos compresible. El diseño especial mejora el flujo de aceite y permite que los discos funcionen de manera más eficiente y, por lo tanto, más eficaz. La combinación de este nuevo material con el diseño especial aumenta la estabilidad de las pastillas y garantiza la máxima estabilidad de rendimiento, incluso en las condiciones de funcionamiento más duras. Los embragues Pro Race son un producto de competición de alta calidad.
Contenido:

Características técnicas

conduttore / fricción



Cantidad 
8


Espesor 
2,8


N.º de bordes 
12


Diámetro externo 
132,5


Diámetro interno 
111,5



condotto / acero



Cantidad 
7


Espesor 
1,4


N.º de dientes 
6


Diámetro externo 
134,4


Diámetro interior de los dientes inferiores (mm) 
104


Diámetro interior de los dientes superiores (mm) 
91,8





",VEHICLE PARTS & ACCESSORIES,ENGINE PARTS,ENG. CLUTCH,1,1,10,10,10,,,,"por pareja & ",,https://api.mybihr.com/medias/800Wx800H-1153340-1.jpg?context=bWFzdGVyfHJvb3R8NzA3NTh8aW1hZ2UvanBlZ3xhR1UzTDJneU5TOHhNREE1TURVeU1UYzVORGszTWpZdk9EQXdWM2c0TURCSVh6RXhOVE16TkRBdE1TNXFjR2N8YjM4NGI5M2I0OThiMTRkYjUxZjdhYTdmZWVmNDdkNDRiNWU3ZmNiY2ZhM2VkN2UwMjhmMDkyOGMzNTI0MDA3Ng,,,https://static.bihr.pro/eBihr/Pictures/NEWFREN-pictures.zip,Spain Warehouse (Parts)
1153315,,F2877Q,NEWFREN,NEWFR PLATE FRICTION,Kit de discos de embrague NEWFREN  Pro Race Line,172.18,142.30,92.50,,0,8714105000,0,1,"<p><strong>PRO RACE LINE</strong></p>
<p>Los embragues Pro Race son lo más alto de la gama. Son el resultado de la investigación en nuevas tecnologías combinadas con nuevos materiales desarrollados en colaboración con importantes equipos de Superbike, Moto3 y MXGP. El material de fricción está compuesto principalmente de celulosa, resinas, carbono y otros elementos que garantizan un coeficiente de fricción extremadamente alto y son menos compresibles. El particular diseño de ""muescas separadas"" mejora el flujo de aceite, permitiendo que las placas funcionen con mayor eficacia. La combinación de este diseño con el nuevo material de fricción aumenta la resistencia a la fatiga y garantiza la máxima estabilidad de funcionamiento, incluso en uso extremo, lo que convierte al embrague Pro Race en un producto de competición de muy alta calidad.</p>","
PRO RACE LINE

Los embragues Pro Race son lo más alto de la gama. Son el resultado de la investigación en nuevas tecnologías combinadas con nuevos materiales desarrollados en colaboración con importantes equipos de Superbike, Moto3 y MXGP. El material de fricción está compuesto principalmente de celulosa, resinas, carbono y otros elementos que garantizan un coeficiente de fricción extremadamente alto y son menos compresibles. El particular diseño de ""muescas separadas"" mejora el flujo de aceite, permitiendo que las placas funcionen con mayor eficacia. La combinación de este diseño con el nuevo material de fricción aumenta la resistencia a la fatiga y garantiza la máxima estabilidad de funcionamiento, incluso en uso extremo, lo que convierte al embrague Pro Race en un producto de competición de muy alta calidad.",VEHICLE PARTS & ACCESSORIES,ENGINE PARTS,ENG. CLUTCH,1,1,10,10,10,Orgánica,,,por unidad,,https://api.mybihr.com/medias/800Wx800H-1153315-1.jpg?context=bWFzdGVyfHJvb3R8NDA3ODd8aW1hZ2UvanBlZ3xhRFV5TDJobU1pOHhNREE0TVRFMU1EUXlNakl5TXpndk9EQXdWM2c0TURCSVh6RXhOVE16TVRVdE1TNXFjR2N8ZGZlYWFmYzQ4ZTY5ODljNWMzZTIwMWM1YjEyYTkzNGNjMjMwYjBiNWY2NWVhNjkyMDA4OTJmMjc0OTA3Zjg3ZQ,,,https://static.bihr.pro/eBihr/Pictures/NEWFREN-pictures.zip,Spain Warehouse (Parts)
1153308,,F1468QC,NEWFREN,NEWFR PLATE STEEL&FRICTIONS,Kit de discos + separadores de embrague NEWFREN Pro Race,285.08,235.60,153.14,8025832321170,1,8714105000,0,1,"<strong>Discos de acero + discos de fricción PRO RACE LINE</strong>
Los embragues Pro Race representan la gama más alta de los embragues Newfren y son una combinación de nuevas tecnologías y nuevos materiales. &nbsp;Desarrollados en colaboración con equipos de renombre y éxito en los campeonatos mundiales de Superbike, Moto 3 y MXGP. Se trata de una línea especial que, gracias a un material de fricción compuesto principalmente por celulosa, resinas, carbono y algunos otros componentes, garantiza un coeficiente de fricción muy alto y es menos compresible. Su diseño especial mejora el flujo de aceite y permite que los discos funcionen de forma más eficiente y, por lo tanto, más eficaz. La combinación de este nuevo material con el diseño especial aumenta la estabilidad de los revestimientos y garantiza una máxima estabilidad de rendimiento, incluso en las condiciones de uso más duras. Los embragues Pro Race son un producto de alta calidad para competición. 
&nbsp;
Contenido:

<h3>Características técnicas</h3>
<h4>Discos de fricción</h4>
<p>Número <strong>9</strong></p>
<p>Espesor <strong>2,8</strong></p>
<p>Número de bordes <strong>12</strong></p>
<p>Diámetro exterior <strong>132,5</strong></p>
<p>Diámetro interior <strong>111,5</strong></p>
<h4>Discos de fricción</h4>
<p>Número <strong>1</strong></p>
<p>Espesor <strong>2,8</strong></p>
<p>Número de bordes <strong>12</strong></p>
<p>Diámetro exterior <strong>132</strong></p>
<p>Diámetro interior <strong>118,4</strong></p>
<h4>Discos de acero</h4>
<p>Número <strong>8</strong></p>
<p>Espesor <strong>2,3</strong></p>
<p>Número de dientes <strong>36</strong></p>
<p>Diámetro exterior <strong>133</strong></p>
<p>Diámetro interior de los dientes inferiores (mm) <strong>110,5</strong></p>
<p>Diámetro interior de los dientes superiores (mm) <strong>103</strong></p>
<p>&nbsp;</p>
<h4>Discos de acero</h4>
<p>Número <strong>1</strong></p>
<p>Espesor <strong>2,6</strong></p>
<p>Número de dientes <strong>36</strong></p>
<p>Diámetro exterior <strong>133</strong></p>
<p>Diámetro interior de los dientes inferiores (mm) <strong>110,5</strong></p>
<p>Diámetro interior de los dientes superiores (mm) <strong>103</strong></p>
","Discos de acero + discos de fricción PRO RACE LINE
Los embragues Pro Race representan la gama más alta de los embragues Newfren y son una combinación de nuevas tecnologías y nuevos materiales.  Desarrollados en colaboración con equipos de renombre y éxito en los campeonatos mundiales de Superbike, Moto 3 y MXGP. Se trata de una línea especial que, gracias a un material de fricción compuesto principalmente por celulosa, resinas, carbono y algunos otros componentes, garantiza un coeficiente de fricción muy alto y es menos compresible. Su diseño especial mejora el flujo de aceite y permite que los discos funcionen de forma más eficiente y, por lo tanto, más eficaz. La combinación de este nuevo material con el diseño especial aumenta la estabilidad de los revestimientos y garantiza una máxima estabilidad de rendimiento, incluso en las condiciones de uso más duras. Los embragues Pro Race son un producto de alta calidad para competición. 
 
Contenido:

Características técnicas
Discos de fricción

Número 9

Espesor 2,8

Número de bordes 12

Diámetro exterior 132,5

Diámetro interior 111,5
Discos de fricción

Número 1

Espesor 2,8

Número de bordes 12

Diámetro exterior 132

Diámetro interior 118,4
Discos de acero

Número 8

Espesor 2,3

Número de dientes 36

Diámetro exterior 133

Diámetro interior de los dientes inferiores (mm) 110,5

Diámetro interior de los dientes superiores (mm) 103

 
Discos de acero

Número 1

Espesor 2,6

Número de dientes 36

Diámetro exterior 133

Diámetro interior de los dientes inferiores (mm) 110,5

Diámetro interior de los dientes superiores (mm) 103
",VEHICLE PARTS & ACCESSORIES,ENGINE PARTS,ENG. CLUTCH,3494,1228,209,209,80,,,,"por unidad & ",,https://api.mybihr.com/medias/800Wx800H-1153308-1.jpeg?context=bWFzdGVyfHJvb3R8NTEzMzB8aW1hZ2UvanBlZ3xhREE1TDJnME1TOHhNREE0TVRFMU1UVTRPRGMyTkRZdk9EQXdWM2c0TURCSVh6RXhOVE16TURndE1TNXFjR1ZufDgzNjM1MmQ4MTk2MWI5YjA3ZWNlNTRjZTBlMjFiNjk4YjBkMDY0YjI1MmNiNzllOWM1ZTkyYjQyOTJjYWE4MzA,,,https://static.bihr.pro/eBihr/Pictures/NEWFREN-pictures.zip,Spain Warehouse (Parts)
1153309,,F1484Q,NEWFREN,NEWFR PLATE FRICTION,Kit de discos de embrague NEWFREN  Pro Race Line,206.43,170.60,110.89,,0,8714105000,0,1,"<strong>LÍNEA PRO RACE</strong>
Los embragues Pro Race son los mejores de la gama. Son el resultado de la investigación en nuevas tecnologías combinadas con nuevos materiales desarrollados en colaboración con importantes equipos de Superbike, Moto3 y MXGP. El material de fricción está compuesto principalmente por celulosa, resinas, carbono y otros elementos que garantizan un coeficiente de fricción extremadamente alto y son menos compresibles. El diseño particular de «muescas separadas» mejora el flujo de aceite, lo que permite que las placas funcionen de manera más eficiente. La combinación de este diseño con el nuevo material de fricción aumenta la resistencia a la fatiga y garantiza la máxima estabilidad del rendimiento, incluso en condiciones de uso extremo, lo que convierte al embrague Pro Race en un producto de competición de muy alta calidad. 
&nbsp;

<h3>Características técnicas</h3>
<h4>Placas de fricción</h4>
<p>Cantidad <strong>11</strong></p>
<p>Espesor <strong>2,8</strong></p>
<p>N.º de bordes <strong>12</strong></p>
<p>Diámetro externo <strong>132,5</strong></p>
<p>Diámetro interno <strong>111,5</strong></p>
","LÍNEA PRO RACE
Los embragues Pro Race son los mejores de la gama. Son el resultado de la investigación en nuevas tecnologías combinadas con nuevos materiales desarrollados en colaboración con importantes equipos de Superbike, Moto3 y MXGP. El material de fricción está compuesto principalmente por celulosa, resinas, carbono y otros elementos que garantizan un coeficiente de fricción extremadamente alto y son menos compresibles. El diseño particular de «muescas separadas» mejora el flujo de aceite, lo que permite que las placas funcionen de manera más eficiente. La combinación de este diseño con el nuevo material de fricción aumenta la resistencia a la fatiga y garantiza la máxima estabilidad del rendimiento, incluso en condiciones de uso extremo, lo que convierte al embrague Pro Race en un producto de competición de muy alta calidad. 
 

Características técnicas
Placas de fricción

Cantidad 11

Espesor 2,8

N.º de bordes 12

Diámetro externo 132,5

Diámetro interno 111,5
",VEHICLE PARTS & ACCESSORIES,ENGINE PARTS,ENG. CLUTCH,1,1,10,10,10,Orgánica,,,"por unidad & ",,https://api.mybihr.com/medias/800Wx800H-1153309-1.jpg?context=bWFzdGVyfHJvb3R8NDA3ODd8aW1hZ2UvanBlZ3xhRGM0TDJnNFppOHhNREE0TVRFMU1ETTBNelU0TURZdk9EQXdWM2c0TURCSVh6RXhOVE16TURrdE1TNXFjR2N8ZTQzYjIwMzk4ZDA4ZmQ4NWYyMDc2M2IwMTFjMTJhZGJjNDQyZWU5YjU3N2VkMWM0NTc0YjE3M2EzYzBkNjY2OA,,,https://static.bihr.pro/eBihr/Pictures/NEWFREN-pictures.zip,Spain Warehouse (Parts)
1153334,,F1348QC,NEWFREN,NEWFR COMPLETE CLUTCH KIT PERFORMANCE,Kit de discos + separadores de embrague NEWFREN Pro Race,219.74,181.60,118.04,,0,8714105000,0,1,"<p><strong>LÍNEA PRO RACE Discos de acero + discos de fricción</strong></p>
Los embragues Pro Race representan la gama más alta de embragues Newfren y combinan nuevas tecnologías y nuevos materiales. Desarrollados en colaboración con equipos de renombre y éxito de los campeonatos mundiales de Superbike, Moto 3 y MXGP. Se trata de una línea especial que utiliza un material de fricción compuesto principalmente por celulosa, resinas, carbono y algunos otros componentes, lo que garantiza un coeficiente de fricción muy alto y lo hace menos compresible. El diseño especial mejora el flujo de aceite y permite que los discos funcionen de manera más eficiente y, por lo tanto, más eficaz. La combinación de este nuevo material con el diseño especial aumenta la estabilidad de las pastillas y garantiza la máxima estabilidad de rendimiento, incluso en las condiciones de funcionamiento más duras. Los embragues Pro Race son un producto de competición de alta calidad.
Contenido:

<h3>Características técnicas</h3>
<h4>Placas de fricción</h4>



Cantidad&nbsp;
<strong>7</strong>


Espesor&nbsp;
<strong>2</strong>


N.º de bordes&nbsp;
<strong>10</strong>


Diámetro externo&nbsp;
<strong>112</strong>


Diámetro interno&nbsp;
<strong>93</strong>



<h4>Placas de acero</h4>



Cantidad&nbsp;
<strong>5</strong>


Espesor&nbsp;
<strong>1,3</strong>


N.º de dientes&nbsp;
<strong>5</strong>


Diámetro externo&nbsp;
<strong>112,5</strong>


Diámetro interior de los dientes inferiores (mm)&nbsp;
<strong>93</strong>


Diámetro interior de los dientes superiores (mm)&nbsp;
<strong>81</strong>



<h4>Placas de acero</h4>



Cantidad&nbsp;
<strong>2</strong>


Espesor&nbsp;
<strong>1</strong>


N.º de dientes&nbsp;
<strong>5</strong>


Diámetro externo&nbsp;
<strong>112,5</strong>


Diámetro interior de los dientes inferiores (mm)&nbsp;
<strong>93</strong>


Diámetro interior de los dientes superiores (mm)&nbsp;
<strong>81</strong>



<h4>Placas de acero</h4>



Cantidad&nbsp;
<strong>1</strong>


Espesor&nbsp;
<strong>1,5</strong>


N.º de dientes&nbsp;
<strong>5</strong>


Diámetro externo&nbsp;
<strong>112,5</strong>


Diámetro interior de los dientes inferiores (mm)&nbsp;
<strong>93</strong>


Diámetro interior de los dientes superiores (mm)&nbsp;
<strong>81</strong>




","
LÍNEA PRO RACE Discos de acero + discos de fricción
Los embragues Pro Race representan la gama más alta de embragues Newfren y combinan nuevas tecnologías y nuevos materiales. Desarrollados en colaboración con equipos de renombre y éxito de los campeonatos mundiales de Superbike, Moto 3 y MXGP. Se trata de una línea especial que utiliza un material de fricción compuesto principalmente por celulosa, resinas, carbono y algunos otros componentes, lo que garantiza un coeficiente de fricción muy alto y lo hace menos compresible. El diseño especial mejora el flujo de aceite y permite que los discos funcionen de manera más eficiente y, por lo tanto, más eficaz. La combinación de este nuevo material con el diseño especial aumenta la estabilidad de las pastillas y garantiza la máxima estabilidad de rendimiento, incluso en las condiciones de funcionamiento más duras. Los embragues Pro Race son un producto de competición de alta calidad.
Contenido:

Características técnicas
Placas de fricción



Cantidad 
7


Espesor 
2


N.º de bordes 
10


Diámetro externo 
112


Diámetro interno 
93



Placas de acero



Cantidad 
5


Espesor 
1,3


N.º de dientes 
5


Diámetro externo 
112,5


Diámetro interior de los dientes inferiores (mm) 
93


Diámetro interior de los dientes superiores (mm) 
81



Placas de acero



Cantidad 
2


Espesor 
1


N.º de dientes 
5


Diámetro externo 
112,5


Diámetro interior de los dientes inferiores (mm) 
93


Diámetro interior de los dientes superiores (mm) 
81



Placas de acero



Cantidad 
1


Espesor 
1,5


N.º de dientes 
5


Diámetro externo 
112,5


Diámetro interior de los dientes inferiores (mm) 
93


Diámetro interior de los dientes superiores (mm) 
81




",VEHICLE PARTS & ACCESSORIES,ENGINE PARTS,ENG. CLUTCH,3278,754,208,197,80,,,,"por unidad & ",,https://api.mybihr.com/medias/800Wx800H-1153334-1.jpg?context=bWFzdGVyfHJvb3R8NzA3NTh8aW1hZ2UvanBlZ3xhREJrTDJnMU9DOHhNREE1TURVeU1UWXpOelk0TmpJdk9EQXdWM2c0TURCSVh6RXhOVE16TXpRdE1TNXFjR2N8MjVlNzNmZDIzYWQwNTViNjA5OTA2OWYxM2VjMjVmYWUxNTA5MzU4ZWJmNDc0ZmU4YjEyYjM0YzU1MjY2OWM3OA,,,https://static.bihr.pro/eBihr/Pictures/NEWFREN-pictures.zip,Spain Warehouse (Parts)
1153328,,F2723QC,NEWFREN,NEWFR COMPLETE CLUTCH KIT PERFORMANCE,Kit de discos + separadores de embrague NEWFREN Pro Race,201.83,166.80,108.42,,0,8714105000,0,1,"<p><strong>LÍNEA PRO RACE Discos de acero + discos de fricción</strong></p>
Los embragues Pro Race representan la gama más alta de embragues Newfren y combinan nuevas tecnologías y nuevos materiales. Desarrollados en colaboración con equipos de renombre y éxito de los campeonatos mundiales de Superbike, Moto 3 y MXGP. Se trata de una línea especial que utiliza un material de fricción compuesto principalmente por celulosa, resinas, carbono y algunos otros componentes, lo que garantiza un coeficiente de fricción muy alto y lo hace menos compresible. El diseño especial mejora el flujo de aceite y permite que los discos funcionen de manera más eficiente y, por lo tanto, más eficaz. La combinación de este nuevo material con el diseño especial aumenta la estabilidad de las pastillas y garantiza la máxima estabilidad de rendimiento, incluso en las condiciones de funcionamiento más difíciles. Los embragues Pro Race son un producto de alta calidad para competición.","
LÍNEA PRO RACE Discos de acero + discos de fricción
Los embragues Pro Race representan la gama más alta de embragues Newfren y combinan nuevas tecnologías y nuevos materiales. Desarrollados en colaboración con equipos de renombre y éxito de los campeonatos mundiales de Superbike, Moto 3 y MXGP. Se trata de una línea especial que utiliza un material de fricción compuesto principalmente por celulosa, resinas, carbono y algunos otros componentes, lo que garantiza un coeficiente de fricción muy alto y lo hace menos compresible. El diseño especial mejora el flujo de aceite y permite que los discos funcionen de manera más eficiente y, por lo tanto, más eficaz. La combinación de este nuevo material con el diseño especial aumenta la estabilidad de las pastillas y garantiza la máxima estabilidad de rendimiento, incluso en las condiciones de funcionamiento más difíciles. Los embragues Pro Race son un producto de alta calidad para competición.",VEHICLE PARTS & ACCESSORIES,ENGINE PARTS,ENG. CLUTCH,1,1,10,10,10,,,,por unidad,,https://api.mybihr.com/medias/800Wx800H-1153328-1.jpg?context=bWFzdGVyfHJvb3R8NzA3NTh8aW1hZ2UvanBlZ3xhRGN6TDJoak9DOHhNREE1TURVeU1UVXhPVGN5TVRRdk9EQXdWM2c0TURCSVh6RXhOVE16TWpndE1TNXFjR2N8M2Y3NDQ3ZDQ4MGI4MWIxOGFmMjFkYzYzMjc2NjNiODIxYjcwZGRhNjk4YWE1MGVlMDZhNGU0NWVjOGZlNGViNg,,,https://static.bihr.pro/eBihr/Pictures/NEWFREN-pictures.zip,Spain Warehouse (Parts)
1153303,,F1340Q,NEWFREN,NEWFR PLATE FRICTION,Kit de discos de embrague NEWFREN Standard,233.41,192.90,125.39,8025832376583,1,8714105000,0,1,"<p><strong>PRO RACE LINE</strong></p>
<p>Los embragues Pro Race son lo más alto de la gama. Son el resultado de la investigación en nuevas tecnologías combinadas con nuevos materiales desarrollados en colaboración con importantes equipos de Superbike, Moto3 y MXGP. El material de fricción está compuesto principalmente de celulosa, resinas, carbono y otros elementos que garantizan un coeficiente de fricción extremadamente alto y son menos compresibles. El particular diseño de ""muescas separadas"" mejora el flujo de aceite, permitiendo que las placas funcionen con mayor eficacia. La combinación de este diseño con el nuevo material de fricción aumenta la resistencia a la fatiga y garantiza la máxima estabilidad de funcionamiento, incluso en uso extremo, lo que convierte al embrague Pro Race en un producto de competición de muy alta calidad.</p>","
PRO RACE LINE

Los embragues Pro Race son lo más alto de la gama. Son el resultado de la investigación en nuevas tecnologías combinadas con nuevos materiales desarrollados en colaboración con importantes equipos de Superbike, Moto3 y MXGP. El material de fricción está compuesto principalmente de celulosa, resinas, carbono y otros elementos que garantizan un coeficiente de fricción extremadamente alto y son menos compresibles. El particular diseño de ""muescas separadas"" mejora el flujo de aceite, permitiendo que las placas funcionen con mayor eficacia. La combinación de este diseño con el nuevo material de fricción aumenta la resistencia a la fatiga y garantiza la máxima estabilidad de funcionamiento, incluso en uso extremo, lo que convierte al embrague Pro Race en un producto de competición de muy alta calidad.",VEHICLE PARTS & ACCESSORIES,ENGINE PARTS,ENG. CLUTCH,1063,302,163,163,40,,,,,,https://api.mybihr.com/medias/800Wx800H-1153303-1.jpg?context=bWFzdGVyfHJvb3R8NDA3ODd8aW1hZ2UvanBlZ3xhRGxtTDJneVl5OHhNREE0TVRFMU1ESTJORGt6TnpRdk9EQXdWM2c0TURCSVh6RXhOVE16TURNdE1TNXFjR2N8MGIwNmFlOTYyZmUyOWNhNDI1YzllZTk4YWIxNzc2N2I2NmU1MDhkOWQ3MTY4YzE1Yjc0MjI4OGE4YzkxNzQyNA,,,https://static.bihr.pro/eBihr/Pictures/NEWFREN-pictures.zip,Spain Warehouse (Parts)
1153322,,F1352QC,NEWFREN,NEWFR COMPLETE CLUTCH KIT,Kit de discos + separadores de embrague NEWFREN Pro Race,299.11,247.20,160.68,,0,8714105000,0,1,"<p><strong>LÍNEA PRO RACE Discos de acero + discos de fricción</strong></p>
Los embragues Pro Race representan la gama más alta de embragues Newfren y combinan nuevas tecnologías y nuevos materiales. Desarrollados en colaboración con equipos de renombre y éxito de los campeonatos mundiales de Superbike, Moto 3 y MXGP. Se trata de una línea especial que utiliza un material de fricción compuesto principalmente por celulosa, resinas, carbono y algunos otros componentes, lo que garantiza un coeficiente de fricción muy alto y lo hace menos compresible. El diseño especial mejora el flujo de aceite y permite que los discos funcionen de manera más eficiente y, por lo tanto, más eficaz. La combinación de este nuevo material con el diseño especial aumenta la estabilidad de las pastillas y garantiza la máxima estabilidad de rendimiento, incluso en las condiciones de funcionamiento más duras. Los embragues Pro Race son un producto de alta calidad para competición.
Contenido:

<h3>Características técnicas</h3>

<h4>Placas de fricción</h4>
<p>Cantidad <strong>9</strong></p>
<p>Espesor <strong>2,8</strong></p>
<p>N.º de muescas <strong>12</strong></p>
<p>Diámetro externo (mm) <strong>132,5</strong></p>
<p>Diámetro interno (mm) <strong>111,5</strong></p>
<p>&nbsp;</p>
<h4>Placas de acero</h4>
<p>Cantidad <strong>7</strong></p>
<p>Espesor <strong>2,3</strong></p>
<p>N.º de dientes <strong>34</strong></p>
<p>Diámetro externo (mm) <strong>132,5</strong></p>
<p>Diámetro interno del pie (mm) <strong>104</strong></p>
<p>Diámetro interno de la cabeza (mm) <strong>96</strong></p>
<p>&nbsp;</p>
<h4>Placas de acero</h4>
<p>Cantidad <strong>1</strong></p>
<p>Espesor <strong>2,3</strong></p>
<p>Número de dientes <strong>36</strong></p>
<p>Diámetro externo (mm) <strong>133</strong></p>
<p>Diámetro interno del pie (mm) <strong>110,5</strong></p>
<p>Diámetro interno de la cabeza (mm) <strong>103</strong></p>


","
LÍNEA PRO RACE Discos de acero + discos de fricción
Los embragues Pro Race representan la gama más alta de embragues Newfren y combinan nuevas tecnologías y nuevos materiales. Desarrollados en colaboración con equipos de renombre y éxito de los campeonatos mundiales de Superbike, Moto 3 y MXGP. Se trata de una línea especial que utiliza un material de fricción compuesto principalmente por celulosa, resinas, carbono y algunos otros componentes, lo que garantiza un coeficiente de fricción muy alto y lo hace menos compresible. El diseño especial mejora el flujo de aceite y permite que los discos funcionen de manera más eficiente y, por lo tanto, más eficaz. La combinación de este nuevo material con el diseño especial aumenta la estabilidad de las pastillas y garantiza la máxima estabilidad de rendimiento, incluso en las condiciones de funcionamiento más duras. Los embragues Pro Race son un producto de alta calidad para competición.
Contenido:

Características técnicas

Placas de fricción

Cantidad 9

Espesor 2,8

N.º de muescas 12

Diámetro externo (mm) 132,5

Diámetro interno (mm) 111,5

 
Placas de acero

Cantidad 7

Espesor 2,3

N.º de dientes 34

Diámetro externo (mm) 132,5

Diámetro interno del pie (mm) 104

Diámetro interno de la cabeza (mm) 96

 
Placas de acero

Cantidad 1

Espesor 2,3

Número de dientes 36

Diámetro externo (mm) 133

Diámetro interno del pie (mm) 110,5

Diámetro interno de la cabeza (mm) 103


",VEHICLE PARTS & ACCESSORIES,ENGINE PARTS,ENG. CLUTCH,1,1,10,10,10,,,,"por unidad & ",,https://api.mybihr.com/medias/800Wx800H-1153322-1.jpg?context=bWFzdGVyfHJvb3R8MzM2NTQ3fGltYWdlL2pwZWd8YUdGa0wyaGxOeTh4TURBNU1EVXlNamMxTVRjNU9ESXZPREF3VjNnNE1EQklYekV4TlRNek1qSXRNUzVxY0djfDUxZjdlZThjZTM4YTQ3YTUyZTQ4ZDZkNWQwMDkzZGJiY2MyNWRjNDhjMjg2MTU4YmJlMGRlYWNiOGYxNWIzMjQ,,,https://static.bihr.pro/eBihr/Pictures/NEWFREN-pictures.zip,Spain Warehouse (Parts)
1153319,,F1461Q,NEWFREN,NEWFR PLATE FRICTION,Kit de discos de embrague NEWFREN  Pro Race Line,145.81,120.50,78.33,8025832381112,1,8714105000,0,1,"<p><strong>PRO RACE LINE</strong></p>
<p>Los embragues Pro Race son lo más alto de la gama. Son el resultado de la investigación en nuevas tecnologías combinadas con nuevos materiales desarrollados en colaboración con importantes equipos de Superbike, Moto3 y MXGP. El material de fricción está compuesto principalmente de celulosa, resinas, carbono y otros elementos que garantizan un coeficiente de fricción extremadamente alto y son menos compresibles. El particular diseño de ""muescas separadas"" mejora el flujo de aceite, permitiendo que las placas funcionen con mayor eficacia. La combinación de este diseño con el nuevo material de fricción aumenta la resistencia a la fatiga y garantiza la máxima estabilidad de funcionamiento, incluso en uso extremo, lo que convierte al embrague Pro Race en un producto de competición de muy alta calidad.</p>
<p>&nbsp;</p>
<p>Cantidad <strong>3</strong></p>
<p>Espesor <strong>3</strong></p>
<p>Número de bordes <strong>10</strong></p>
<p>Diámetro externo <strong>125</strong></p>
<p>Diámetro interno <strong>108,5</strong></p>","
PRO RACE LINE

Los embragues Pro Race son lo más alto de la gama. Son el resultado de la investigación en nuevas tecnologías combinadas con nuevos materiales desarrollados en colaboración con importantes equipos de Superbike, Moto3 y MXGP. El material de fricción está compuesto principalmente de celulosa, resinas, carbono y otros elementos que garantizan un coeficiente de fricción extremadamente alto y son menos compresibles. El particular diseño de ""muescas separadas"" mejora el flujo de aceite, permitiendo que las placas funcionen con mayor eficacia. La combinación de este diseño con el nuevo material de fricción aumenta la resistencia a la fatiga y garantiza la máxima estabilidad de funcionamiento, incluso en uso extremo, lo que convierte al embrague Pro Race en un producto de competición de muy alta calidad.

 

Cantidad 3

Espesor 3

Número de bordes 10

Diámetro externo 125

Diámetro interno 108,5",VEHICLE PARTS & ACCESSORIES,ENGINE PARTS,ENG. CLUTCH,1089,242,165,165,40,Orgánica,,,"por unidad & ",,https://api.mybihr.com/medias/800Wx800H-1153319-1.jpg?context=bWFzdGVyfHJvb3R8NDA3ODd8aW1hZ2UvanBlZ3xhR1JtTDJobVppOHhNREE0TVRFMU1EUTJNVFUwTlRRdk9EQXdWM2c0TURCSVh6RXhOVE16TVRrdE1TNXFjR2N8MTlhYWJhNjc5ZjJlOWI5M2E5ZDRmZjUxY2JkZjE2YWUxMzRhYmM2NzNmNzlmN2I5MjVhMTBiZTVlOTU2NmMwOQ,,,https://static.bihr.pro/eBihr/Pictures/NEWFREN-pictures.zip,Spain Warehouse (Parts)
1153333,,F1348Q,NEWFREN,NEWFR COMPLETE CLUTCH KIT,Kit de discos de embrague NEWFREN  Pro Race Line,134.43,111.10,72.22,,0,8714105000,0,1,"<strong>LÍNEA PRO RACE</strong>
Los embragues Pro Race son los mejores de la gama. Son el resultado de la investigación en nuevas tecnologías combinadas con nuevos materiales desarrollados en colaboración con importantes equipos de Superbike, Moto3 y MXGP. El material de fricción está compuesto principalmente por celulosa, resinas, carbono y otros elementos que garantizan un coeficiente de fricción extremadamente alto y son menos compresibles. El diseño particular de «muescas separadas» mejora el flujo de aceite, lo que permite que las placas funcionen de manera más eficiente. La combinación de este diseño con el nuevo material de fricción aumenta la resistencia a la fatiga y garantiza la máxima estabilidad de rendimiento, incluso en condiciones de uso extremo, lo que convierte al embrague Pro Race en un producto de competición de muy alta calidad. 
&nbsp;

<h3>Características técnicas</h3>
<h4>Placas de fricción</h4>
<p>Cantidad <strong>7</strong></p>
<p>Espesor <strong>2</strong></p>
<p>Número de bordes <strong>10</strong></p>
<p>Diámetro externo <strong>112</strong></p>
<p>Diámetro interno <strong>93</strong></p>


","LÍNEA PRO RACE
Los embragues Pro Race son los mejores de la gama. Son el resultado de la investigación en nuevas tecnologías combinadas con nuevos materiales desarrollados en colaboración con importantes equipos de Superbike, Moto3 y MXGP. El material de fricción está compuesto principalmente por celulosa, resinas, carbono y otros elementos que garantizan un coeficiente de fricción extremadamente alto y son menos compresibles. El diseño particular de «muescas separadas» mejora el flujo de aceite, lo que permite que las placas funcionen de manera más eficiente. La combinación de este diseño con el nuevo material de fricción aumenta la resistencia a la fatiga y garantiza la máxima estabilidad de rendimiento, incluso en condiciones de uso extremo, lo que convierte al embrague Pro Race en un producto de competición de muy alta calidad. 
 

Características técnicas
Placas de fricción

Cantidad 7

Espesor 2

Número de bordes 10

Diámetro externo 112

Diámetro interno 93


",VEHICLE PARTS & ACCESSORIES,ENGINE PARTS,ENG. CLUTCH,432,279,138,136,23,Orgánica,,,"por unidad & ",,https://api.mybihr.com/medias/800Wx800H-1153333-1.jpg?context=bWFzdGVyfHJvb3R8NDA3OTB8aW1hZ2UvanBlZ3xhRE5sTDJnM01DOHhNREE1TURVeU5ESXpPVFEyTlRRdk9EQXdWM2c0TURCSVh6RXhOVE16TXpNdE1TNXFjR2N8MjQ5MjIxZWFiYTdjY2NmMDFiNTZhMzk4Nzg2NjM3ZDRiMTI2ZDJkYWNlNzY2MjY5YjYzMzM0N2RiMDVjNzMwZA,,,https://static.bihr.pro/eBihr/Pictures/NEWFREN-pictures.zip,Spain Warehouse (Parts)
1018175,,F1336Y,NEWFREN,NEWFR PLATE FRICTION,Kit de discos de embrague NEWFREN Pro Race,264.02,218.20,141.83,8025832087847,2,8714105000,0,1,"<p><strong>PRO RACE - DUCATI LINE</strong></p>
<p>Primer equipo elegido por Ducati con el grupo embragues STM para equipar la Panigale V4R y socio de Ducati Corse en Team SBK. La Linea Newfren con aplicaciones Ducati, hoy es la gama m&aacute;s extensa y la m&aacute;s avanzada tecnol&oacute;gicamente. La gama incluye discos org&aacute;nicos y discos sinterizados. Set para ba&ntilde;o en aceite y set para seco. El producto garantiza un recambio de altas prestaciones. Sea la gama sinterizada, sea la gama org&aacute;nica. Los embragues Newfren han sido seleccionados como primer equipo en modelos de serie.</p>","
PRO RACE - DUCATI LINE

Primer equipo elegido por Ducati con el grupo embragues STM para equipar la Panigale V4R y socio de Ducati Corse en Team SBK. La Linea Newfren con aplicaciones Ducati, hoy es la gama más extensa y la más avanzada tecnológicamente. La gama incluye discos orgánicos y discos sinterizados. Set para baño en aceite y set para seco. El producto garantiza un recambio de altas prestaciones. Sea la gama sinterizada, sea la gama orgánica. Los embragues Newfren han sido seleccionados como primer equipo en modelos de serie.",VEHICLE PARTS & ACCESSORIES,ENGINE PARTS,ENG. CLUTCH,717,774,162,164,27,Sinterizado,,,por unidad,,https://api.mybihr.com/medias/800Wx800H-1018175-1.jpg?context=bWFzdGVyfHJvb3R8Mjk5NTcyfGltYWdlL2pwZWd8YURabEwyZzVZUzg0TVRRMk56TTVOalExTmpRM09DODRNREJYZURnd01FaGZNVEF4T0RFM05TMHhMbXB3Wnd8YTQzOGU4NjNlNmVmMjBiZTQ0NGU3MDcxZWMyZGNiYjhjZWQwYzBlZGExZWQ2MDhmMGVhNjg2Nzc2MzVhMTg5YQ,,,https://static.bihr.pro/eBihr/Pictures/NEWFREN-pictures.zip,Spain Warehouse (Parts)
1018192,,F1417A,NEWFREN,NEWFR PLATE FRICTION,Kit de discos de embrague NEWFREN Standard,70.06,57.90,37.64,8025832168102,0,8714105000,0,1,"<p><strong>OE-STANDARD LINE</strong></p>
<p>Est&aacute;n dise&ntilde;ados para sustituir al embrague OE, manteniendo las mismas prestaciones y durabilidad. Los juegos de discos de embrague OE-Standard se fabrican con materiales de primera calidad. Son productos extremadamente fiables. El material de fricci&oacute;n de los discos es org&aacute;nico. El compuesto del material org&aacute;nico se elige en funci&oacute;n del tipo y la utilizaci&oacute;n de la motocicleta, optimizando as&iacute; el rendimiento, aunque dentro de las directrices del fabricante.</p>","
OE-STANDARD LINE

Están diseñados para sustituir al embrague OE, manteniendo las mismas prestaciones y durabilidad. Los juegos de discos de embrague OE-Standard se fabrican con materiales de primera calidad. Son productos extremadamente fiables. El material de fricción de los discos es orgánico. El compuesto del material orgánico se elige en función del tipo y la utilización de la motocicleta, optimizando así el rendimiento, aunque dentro de las directrices del fabricante.",VEHICLE PARTS & ACCESSORIES,ENGINE PARTS,ENG. CLUTCH,348,255,132,132,20,Orgánica,,,por unidad,,https://api.mybihr.com/medias/800Wx800H-1018192-1.jpg?context=bWFzdGVyfHJvb3R8Mjk5NTcyfGltYWdlL2pwZWd8YURBeEwyZ3pNaTg0TVRRMk56TTVPREl5TlRrMU1DODRNREJYZURnd01FaGZNVEF4T0RFNU1pMHhMbXB3Wnd8ODY1Mjk2MzQ5NWZhMjQ2NmFiYWZkZTQwMzljNzJiZjlkODgzMGQxZTZlY2VkMzFmMjQyODdiYTQ4NzI5ZmYzMA,,,https://static.bihr.pro/eBihr/Pictures/NEWFREN-pictures.zip,Spain Warehouse (Parts)
1018234,,F1496AC,NEWFREN,NEWFR PLATE STEEL&FRICTION,Kit de discos + separadores de embrague NEWFREN Standard,120.15,99.30,64.55,8025832088226,2,8714105000,0,1,"<p><strong>OE-STANDARD LINE</strong></p>
<p>Est&aacute;n dise&ntilde;ados para sustituir al embrague OE, manteniendo las mismas prestaciones y durabilidad. Los juegos de discos de embrague OE-Standard se fabrican con materiales de primera calidad. Son productos extremadamente fiables. El material de fricci&oacute;n de los discos es org&aacute;nico. El compuesto del material org&aacute;nico se elige en funci&oacute;n del tipo y la utilizaci&oacute;n de la motocicleta, optimizando as&iacute; el rendimiento, aunque dentro de las directrices del fabricante.</p>","
OE-STANDARD LINE

Están diseñados para sustituir al embrague OE, manteniendo las mismas prestaciones y durabilidad. Los juegos de discos de embrague OE-Standard se fabrican con materiales de primera calidad. Son productos extremadamente fiables. El material de fricción de los discos es orgánico. El compuesto del material orgánico se elige en función del tipo y la utilización de la motocicleta, optimizando así el rendimiento, aunque dentro de las directrices del fabricante.",VEHICLE PARTS & ACCESSORIES,ENGINE PARTS,ENG. CLUTCH,1399,861,183,182,42,,,,por unidad,,https://api.mybihr.com/medias/1018234-1-800Wx800H?context=bWFzdGVyfHJvb3R8NDI2NjZ8aW1hZ2UvanBlZ3xhREE1TDJnelpTODRPVEkwTlRVMU56TTVNVFkyTHpFd01UZ3lNelF0TVY4NE1EQlhlRGd3TUVnfDg0ZjU2NGIzZDZiZjA0YmYzNzllOWY3MTViOTllMTIwYjNjZjliN2I3MDk3ZDlkMGM0NmZiOWVlZGY1ODY3Mzg,,,https://static.bihr.pro/eBihr/Pictures/NEWFREN-pictures.zip,Spain Warehouse (Parts)
1018144,,G0721,NEWFREN,NEWFR BASKET CLUTCH,Campana de embrague NEWFREN,67.28,55.60,36.14,8025832270089,1,8714105000,0,1,"<html> <head> <meta http-equiv=""Content-Type"" content=""text/html ; charset=utf-8""><title> </title> <style type=""text/css"">.cs95E872D0{text-align:left ; margin:0pt 0pt 0pt 0pt ; }.csC235ED31{color:#000 ; background-color:transparent ; font-weight:normal ; font-style:normal ; }</style> </head> <body> <p>Newfren clutches offer long life, performance and excellent reliability under all conditions. Centrifugal clutches are available for all the popular scooters. We offer replacement housings for all popular scooters, which are completely interchangeable with OE. Given the critical nature of scooter clutch assemblies, we recommend that you change the clutch housing when you change the clutch mechanism</p></body> </html>","       Newfren clutches offer long life, performance and excellent reliability under all conditions. Centrifugal clutches are available for all the popular scooters. We offer replacement housings for all popular scooters, which are completely interchangeable with OE. Given the critical nature of scooter clutch assemblies, we recommend that you change the clutch housing when you change the clutch mechanism ",VEHICLE PARTS & ACCESSORIES,ENGINE PARTS,ENG. CLUTCH,1140,924,144,144,55,Acero,,,por unidad,,https://api.mybihr.com/medias/1018144-1-800Wx800H?context=bWFzdGVyfHJvb3R8NTI2MzR8aW1hZ2UvanBlZ3xhR0kzTDJnM1pTODRPVEkyTkRrMk1qWXdNVEkyTHpFd01UZ3hORFF0TVY4NE1EQlhlRGd3TUVnfGM3NTJmYzU3MGVkNzZkMzlkNDY4NTkyZWM0YzMwYzJhMjVjZGQ5NTZlYWIxNjg0OGRhMzExNmY0NzMxZjcwZmM,,,https://static.bihr.pro/eBihr/Pictures/NEWFREN-pictures.zip,Spain Warehouse (Parts)
1018168,,F1317CC,NEWFREN,NEWFR PLATE STEEL,Kit de separadores de embrague NEWFREN Standard,50.46,41.70,27.11,8025832379577,12,8714105000,0,1,"<p><strong>OE-STANDARD LINE</strong></p>
<p>Est&aacute;n dise&ntilde;ados para sustituir al embrague OE, manteniendo las mismas prestaciones y durabilidad. Los juegos de discos de embrague OE-Standard se fabrican con materiales de primera calidad. Son productos extremadamente fiables. El material de fricci&oacute;n de los discos es org&aacute;nico. El compuesto del material org&aacute;nico se elige en funci&oacute;n del tipo y la utilizaci&oacute;n de la motocicleta, optimizando as&iacute; el rendimiento, aunque dentro de las directrices del fabricante.</p>","
OE-STANDARD LINE

Están diseñados para sustituir al embrague OE, manteniendo las mismas prestaciones y durabilidad. Los juegos de discos de embrague OE-Standard se fabrican con materiales de primera calidad. Son productos extremadamente fiables. El material de fricción de los discos es orgánico. El compuesto del material orgánico se elige en función del tipo y la utilización de la motocicleta, optimizando así el rendimiento, aunque dentro de las directrices del fabricante.",VEHICLE PARTS & ACCESSORIES,ENGINE PARTS,ENG. CLUTCH,931,692,167,164,34,Acero,,,,,https://api.mybihr.com/medias/800Wx800H-1018168-1.jpg?context=bWFzdGVyfHJvb3R8MzA0NzB8aW1hZ2UvanBlZ3xhREF3TDJnNFl5ODRNakk1TmpVeE1UazROemMwTWk4NE1EQlhlRGd3TUVoZk1UQXhPREUyT0MweExtcHdad3xhMzljM2RkM2ZiNjdlNTA5OWZmNDBkMTA5ODY2OGEwMGJlMzE4MjU4MjY1YjBiN2JhZDNjMGIzOGZmNDRmMjM3,https://api.mybihr.com/medias/800Wx800H-1018168-2.jpg?context=bWFzdGVyfHJvb3R8MTkyNTQzfGltYWdlL2pwZWd8YUdZNEwyaG1ZeTh6TXpJMk5UZzJPVFk0TkRjMk5pODRNREJYZURnd01FaGZNVEF4T0RFMk9DMHlMbXB3Wnd8ODMxNDdmMDcxMWExYTg1ZTI2OTJkNjNjMDI4ZjUzM2NiYzhmOGY5NGNiNjkxMzU3MWViMzVlOWRiYWJiZTgzYg,,https://static.bihr.pro/eBihr/Pictures/NEWFREN-pictures.zip,Spain Warehouse (Parts)
1089804,,F2730A,NEWFREN,NEWFR CLUT. DISC FRICTION SET,Kit de discos de embrague NEWFREN Standard,96.92,80.10,52.07,8025832381723,1,8714105000,0,1,"<p><strong>OE-STANDARD LINE</strong></p>
<p>Est&aacute;n dise&ntilde;ados para sustituir al embrague OE, manteniendo las mismas prestaciones y durabilidad. Los juegos de discos de embrague OE-Standard se fabrican con materiales de primera calidad. Son productos extremadamente fiables. El material de fricci&oacute;n de los discos es org&aacute;nico. El compuesto del material org&aacute;nico se elige en funci&oacute;n del tipo y la utilizaci&oacute;n de la motocicleta, optimizando as&iacute; el rendimiento, aunque dentro de las directrices del fabricante.</p>","
OE-STANDARD LINE

Están diseñados para sustituir al embrague OE, manteniendo las mismas prestaciones y durabilidad. Los juegos de discos de embrague OE-Standard se fabrican con materiales de primera calidad. Son productos extremadamente fiables. El material de fricción de los discos es orgánico. El compuesto del material orgánico se elige en función del tipo y la utilización de la motocicleta, optimizando así el rendimiento, aunque dentro de las directrices del fabricante.",VEHICLE PARTS & ACCESSORIES,ENGINE PARTS,ENG. CLUTCH,701,261,149,147,32,Orgánica,,,por unidad,,https://api.mybihr.com/medias/800Wx800H-1089804-1.jpg?context=bWFzdGVyfHJvb3R8Mjk5NTcyfGltYWdlL2pwZWd8YURBekwyZzFPQzg0TVRRMk9UWTROemcxTnpFNE1pODRNREJYZURnd01FaGZNVEE0T1Rnd05DMHhMbXB3Wnd8YjE2YzQxMTdhOGU3YTlmNmYzYzYwNzgyZmFhZmU4NTRiYjZhN2Q2OGYzYzBmNTBjODg4NGFkYzJlY2M1YzhlYw,,,https://static.bihr.pro/eBihr/Pictures/NEWFREN-pictures.zip,Spain Warehouse (Parts)
1018308,,F1801A,NEWFREN,NEWFR PLATE FRICTION,Kit de discos de embrague NEWFREN Standard,89.54,74.00,48.10,8025832165958,0,8714105000,0,1,"<p><strong>OE-STANDARD LINE</strong></p>
<p>Est&aacute;n dise&ntilde;ados para sustituir al embrague OE, manteniendo las mismas prestaciones y durabilidad. Los juegos de discos de embrague OE-Standard se fabrican con materiales de primera calidad. Son productos extremadamente fiables. El material de fricci&oacute;n de los discos es org&aacute;nico. El compuesto del material org&aacute;nico se elige en funci&oacute;n del tipo y la utilizaci&oacute;n de la motocicleta, optimizando as&iacute; el rendimiento, aunque dentro de las directrices del fabricante.</p>","
OE-STANDARD LINE

Están diseñados para sustituir al embrague OE, manteniendo las mismas prestaciones y durabilidad. Los juegos de discos de embrague OE-Standard se fabrican con materiales de primera calidad. Son productos extremadamente fiables. El material de fricción de los discos es orgánico. El compuesto del material orgánico se elige en función del tipo y la utilización de la motocicleta, optimizando así el rendimiento, aunque dentro de las directrices del fabricante.",VEHICLE PARTS & ACCESSORIES,ENGINE PARTS,ENG. CLUTCH,745,278,149,147,34,Orgánica,,,por unidad,,https://api.mybihr.com/medias/800Wx800H-1018308-1.jpg?context=bWFzdGVyfHJvb3R8Mjk5NTcyfGltYWdlL2pwZWd8YURRNEwyaGlaQzg0TVRRMk56UXhORFl3T1RrMU1DODRNREJYZURnd01FaGZNVEF4T0RNd09DMHhMbXB3Wnd8MTgyY2JlMjg3OGY0NGMzMzU5MGMyYTEzZDZjNzk5MmRkZTBhZjZjOWEwZmNkNGU3NGIyNGNlZDVhNDg0NjQ4NQ,,,https://static.bihr.pro/eBihr/Pictures/NEWFREN-pictures.zip,Spain Warehouse (Parts)
1018267,,F1587R,NEWFREN,NEWFR PLATE FRICTION,Kit de discos de embrague NEWFREN Performance,154.88,128.00,83.20,8025832230991,4,8714105000,0,1,"<p><strong>PERFORMANCE LINE</strong></p>
<p>V&aacute;lidos tambi&eacute;n para el uso deportivo. La gama Performance ha sido pensada para un uso en carretera intensivo, pero tambi&eacute;n para uso deportivo para soportar las altas exigencias y para dar prestaciones de alto nivel. Los materiales de fricci&oacute;n, utilizados en los discos conductores del embrague en ba&ntilde;o de aceite, es el Paper Carbon. Los discos conducidos (separadores) est&aacute;n fabricados en un acero especial que asegura la m&aacute;xima resistencia y ausencias de deformaciones.</p>","
PERFORMANCE LINE

Válidos también para el uso deportivo. La gama Performance ha sido pensada para un uso en carretera intensivo, pero también para uso deportivo para soportar las altas exigencias y para dar prestaciones de alto nivel. Los materiales de fricción, utilizados en los discos conductores del embrague en baño de aceite, es el Paper Carbon. Los discos conducidos (separadores) están fabricados en un acero especial que asegura la máxima resistencia y ausencias de deformaciones.",VEHICLE PARTS & ACCESSORIES,ENGINE PARTS,ENG. CLUTCH,1076,348,163,161,41,Orgánica,,,por unidad,,https://api.mybihr.com/medias/800Wx800H-1018267-1.jpg?context=bWFzdGVyfHJvb3R8Mjk5NTcyfGltYWdlL2pwZWd8YURNekwyZzBOUzg0TVRRMk56UXdOemt5TlRJM09DODRNREJYZURnd01FaGZNVEF4T0RJMk55MHhMbXB3Wnd8YmQxYjZjN2Y0ZWY4YmQ1NmVjN2JmZDU3MjlkMzhhMjA1NWUzN2UyYThiMzRhZjExZDc1NTA4ZDljNWMxNTIxZg,,,https://static.bihr.pro/eBihr/Pictures/NEWFREN-pictures.zip,Spain Warehouse (Parts)
1018330,,F1916A,NEWFREN,NEWFR PLATE FRICTION,Kit de discos de embrague NEWFREN Standard,81.80,67.60,43.94,8025832036913,3,8714105000,0,1,"<p><strong>OE-STANDARD LINE</strong></p>
<p>Est&aacute;n dise&ntilde;ados para sustituir al embrague OE, manteniendo las mismas prestaciones y durabilidad. Los juegos de discos de embrague OE-Standard se fabrican con materiales de primera calidad. Son productos extremadamente fiables. El material de fricci&oacute;n de los discos es org&aacute;nico. El compuesto del material org&aacute;nico se elige en funci&oacute;n del tipo y la utilizaci&oacute;n de la motocicleta, optimizando as&iacute; el rendimiento, aunque dentro de las directrices del fabricante.</p>","
OE-STANDARD LINE

Están diseñados para sustituir al embrague OE, manteniendo las mismas prestaciones y durabilidad. Los juegos de discos de embrague OE-Standard se fabrican con materiales de primera calidad. Son productos extremadamente fiables. El material de fricción de los discos es orgánico. El compuesto del material orgánico se elige en función del tipo y la utilización de la motocicleta, optimizando así el rendimiento, aunque dentro de las directrices del fabricante.",VEHICLE PARTS & ACCESSORIES,ENGINE PARTS,ENG. CLUTCH,920,280,165,164,34,Orgánica,,,por unidad,,https://api.mybihr.com/medias/800Wx800H-1018330-1.jpg?context=bWFzdGVyfHJvb3R8Mjk5NTcyfGltYWdlL2pwZWd8YURZeEwyZzFNUzg0TVRRMk9UWTNPVFV6TkRFeE1DODRNREJYZURnd01FaGZNVEF4T0RNek1DMHhMbXB3Wnd8ZmJmNTQwMDY5NDQ0YmFkYTllYjhlM2M2ZTZjMmUyMjFkOTRkMmMwMmFiMDJkZjE1ZDE3ZmUyMjdjNDc3ZjlkZQ,,,https://static.bihr.pro/eBihr/Pictures/NEWFREN-pictures.zip,Spain Warehouse (Parts)
1018337,,F1980A,NEWFREN,NEWFR PLATE FRICTION,Kit de discos de embrague NEWFREN Standard,33.28,27.50,17.88,8025832037729,3,8714105000,0,1,"<p><strong>OE-STANDARD LINE</strong></p>
<p>Est&aacute;n dise&ntilde;ados para sustituir al embrague OE, manteniendo las mismas prestaciones y durabilidad. Los juegos de discos de embrague OE-Standard se fabrican con materiales de primera calidad. Son productos extremadamente fiables. El material de fricci&oacute;n de los discos es org&aacute;nico. El compuesto del material org&aacute;nico se elige en funci&oacute;n del tipo y la utilizaci&oacute;n de la motocicleta, optimizando as&iacute; el rendimiento, aunque dentro de las directrices del fabricante.</p>","
OE-STANDARD LINE

Están diseñados para sustituir al embrague OE, manteniendo las mismas prestaciones y durabilidad. Los juegos de discos de embrague OE-Standard se fabrican con materiales de primera calidad. Son productos extremadamente fiables. El material de fricción de los discos es orgánico. El compuesto del material orgánico se elige en función del tipo y la utilización de la motocicleta, optimizando así el rendimiento, aunque dentro de las directrices del fabricante.",VEHICLE PARTS & ACCESSORIES,ENGINE PARTS,ENG. CLUTCH,441,128,137,134,24,Orgánica,,,por unidad,,https://api.mybihr.com/medias/800Wx800H-1018337-1.jpg?context=bWFzdGVyfHJvb3R8Mjk5NTcyfGltYWdlL2pwZWd8YUdFeEwyZzRPUzg0TVRRMk9UWTRNRGt4TURNMk5pODRNREJYZURnd01FaGZNVEF4T0RNek55MHhMbXB3Wnd8MjQ4ZDVkNDEyZDZmOWMyODVhMWM0ZjEzZWU0YjEzNTFmNTBhZjllMDg0ZWIxNmUwZDIwNjNlODYyMmMzNGExOA,,,https://static.bihr.pro/eBihr/Pictures/NEWFREN-pictures.zip,Spain Warehouse (Parts)
1018339,,F1988A,NEWFREN,NEWFR PLATE FRICTION,Kit de discos de embrague NEWFREN Standard,72.12,59.60,38.74,8025832037873,0,8714105000,0,1,"<p><strong>OE-STANDARD LINE</strong></p>
<p>Est&aacute;n dise&ntilde;ados para sustituir al embrague OE, manteniendo las mismas prestaciones y durabilidad. Los juegos de discos de embrague OE-Standard se fabrican con materiales de primera calidad. Son productos extremadamente fiables. El material de fricci&oacute;n de los discos es org&aacute;nico. El compuesto del material org&aacute;nico se elige en funci&oacute;n del tipo y la utilizaci&oacute;n de la motocicleta, optimizando as&iacute; el rendimiento, aunque dentro de las directrices del fabricante.</p>","
OE-STANDARD LINE

Están diseñados para sustituir al embrague OE, manteniendo las mismas prestaciones y durabilidad. Los juegos de discos de embrague OE-Standard se fabrican con materiales de primera calidad. Son productos extremadamente fiables. El material de fricción de los discos es orgánico. El compuesto del material orgánico se elige en función del tipo y la utilización de la motocicleta, optimizando así el rendimiento, aunque dentro de las directrices del fabricante.",VEHICLE PARTS & ACCESSORIES,ENGINE PARTS,ENG. CLUTCH,722,245,163,164,27,Orgánica,,,por unidad,,https://api.mybihr.com/medias/800Wx800H-1018339-1.jpg?context=bWFzdGVyfHJvb3R8Mjk5NTcyfGltYWdlL2pwZWd8YURZNEwyZ3pOQzg0TVRRMk9UWTRNVE13TXpVNE1pODRNREJYZURnd01FaGZNVEF4T0RNek9TMHhMbXB3Wnd8NzUyY2QzMmE1N2ZmYTc2Y2IxOWI0NzA2NzQ3ZWZmZmRmODVlYjM3NWMxN2IxMTAxYzY4ZGM0ZmNkYWFkZDE0ZQ,,,https://static.bihr.pro/eBihr/Pictures/NEWFREN-pictures.zip,Spain Warehouse (Parts)
1018341,,F2631A,NEWFREN,NEWFR PLATE FRICTION,Kit de discos de embrague NEWFREN Standard,115.56,95.50,62.08,8025832269625,2,8714105000,0,1,"<p><strong>OE-STANDARD LINE</strong></p>
<p>Est&aacute;n dise&ntilde;ados para sustituir al embrague OE, manteniendo las mismas prestaciones y durabilidad. Los juegos de discos de embrague OE-Standard se fabrican con materiales de primera calidad. Son productos extremadamente fiables. El material de fricci&oacute;n de los discos es org&aacute;nico. El compuesto del material org&aacute;nico se elige en funci&oacute;n del tipo y la utilizaci&oacute;n de la motocicleta, optimizando as&iacute; el rendimiento, aunque dentro de las directrices del fabricante.</p>","
OE-STANDARD LINE

Están diseñados para sustituir al embrague OE, manteniendo las mismas prestaciones y durabilidad. Los juegos de discos de embrague OE-Standard se fabrican con materiales de primera calidad. Son productos extremadamente fiables. El material de fricción de los discos es orgánico. El compuesto del material orgánico se elige en función del tipo y la utilización de la motocicleta, optimizando así el rendimiento, aunque dentro de las directrices del fabricante.",VEHICLE PARTS & ACCESSORIES,ENGINE PARTS,ENG. CLUTCH,1332,442,183,182,40,Orgánica,,,por unidad,,https://api.mybihr.com/medias/800Wx800H-1018341-1.jpg?context=bWFzdGVyfHJvb3R8Mjk5NTcyfGltYWdlL2pwZWd8YURrM0wyZ3laQzg0TVRRMk9UWTRNVFV3TURFNU1DODRNREJYZURnd01FaGZNVEF4T0RNME1TMHhMbXB3Wnd8ZDgzMGU5MmJkMjFkYzUzN2ZlY2Y2Nzg3MTRiNjNkYzcyMmYwZTg1ZTlhMzg4NWM2YTAwMGUwNDZkZGQ5YmJmMQ,,,https://static.bihr.pro/eBihr/Pictures/NEWFREN-pictures.zip,Spain Warehouse (Parts)
1018344,,F2638A,NEWFREN,NEWFR PLATE FRICTION,Kit de discos de embrague NEWFREN Standard,86.15,71.20,46.28,8025832269687,2,8714105000,0,1,"<p><strong>OE-STANDARD LINE</strong></p>
<p>Est&aacute;n dise&ntilde;ados para sustituir al embrague OE, manteniendo las mismas prestaciones y durabilidad. Los juegos de discos de embrague OE-Standard se fabrican con materiales de primera calidad. Son productos extremadamente fiables. El material de fricci&oacute;n de los discos es org&aacute;nico. El compuesto del material org&aacute;nico se elige en funci&oacute;n del tipo y la utilizaci&oacute;n de la motocicleta, optimizando as&iacute; el rendimiento, aunque dentro de las directrices del fabricante.</p>","
OE-STANDARD LINE

Están diseñados para sustituir al embrague OE, manteniendo las mismas prestaciones y durabilidad. Los juegos de discos de embrague OE-Standard se fabrican con materiales de primera calidad. Son productos extremadamente fiables. El material de fricción de los discos es orgánico. El compuesto del material orgánico se elige en función del tipo y la utilización de la motocicleta, optimizando así el rendimiento, aunque dentro de las directrices del fabricante.",VEHICLE PARTS & ACCESSORIES,ENGINE PARTS,ENG. CLUTCH,855,357,163,164,32,Orgánica,,,por unidad,,https://api.mybihr.com/medias/800Wx800H-1018344-1.jpg?context=bWFzdGVyfHJvb3R8Mjk5NTcyfGltYWdlL2pwZWd8YURWaEwyZ3lNaTg0TVRRMk9UWTRNVGc1TXpRd05pODRNREJYZURnd01FaGZNVEF4T0RNME5DMHhMbXB3Wnd8YzQ5ZjRhNGE4MGFkYzI4MWVjOTMzZmEzNDQ4ODljYmQ1NGEwZDZmYThiZjAwMWRhYjE5ODEyODBiMDI5YWYzNw,,,https://static.bihr.pro/eBihr/Pictures/NEWFREN-pictures.zip,Spain Warehouse (Parts)
1018345,,F2644A,NEWFREN,NEWFR PLATE FRICTION,Kit de discos de embrague NEWFREN Standard,113.01,93.40,60.71,8025832038139,0,8714105000,0,1,"<p><strong>OE-STANDARD LINE</strong></p>
<p>Est&aacute;n dise&ntilde;ados para sustituir al embrague OE, manteniendo las mismas prestaciones y durabilidad. Los juegos de discos de embrague OE-Standard se fabrican con materiales de primera calidad. Son productos extremadamente fiables. El material de fricci&oacute;n de los discos es org&aacute;nico. El compuesto del material org&aacute;nico se elige en funci&oacute;n del tipo y la utilizaci&oacute;n de la motocicleta, optimizando as&iacute; el rendimiento, aunque dentro de las directrices del fabricante.</p>","
OE-STANDARD LINE

Están diseñados para sustituir al embrague OE, manteniendo las mismas prestaciones y durabilidad. Los juegos de discos de embrague OE-Standard se fabrican con materiales de primera calidad. Son productos extremadamente fiables. El material de fricción de los discos es orgánico. El compuesto del material orgánico se elige en función del tipo y la utilización de la motocicleta, optimizando así el rendimiento, aunque dentro de las directrices del fabricante.",VEHICLE PARTS & ACCESSORIES,ENGINE PARTS,ENG. CLUTCH,1491,515,182,182,45,Orgánica,,,por unidad,,https://api.mybihr.com/medias/800Wx800H-1018345-1.jpg?context=bWFzdGVyfHJvb3R8Mjk5NTcyfGltYWdlL2pwZWd8YURJeUwyZ3lZeTg0TVRRMk9UWTRNakE1TURBeE5DODRNREJYZURnd01FaGZNVEF4T0RNME5TMHhMbXB3Wnd8NDg3NWZjMGFjNzE3ODY0OGMwMWUwMjhjM2E2ZTY1ZGUxOTllNDJhNzVjNTg4NmM4Y2Q2OTJiNWMxMWFmYTNlOA,,,https://static.bihr.pro/eBihr/Pictures/NEWFREN-pictures.zip,Spain Warehouse (Parts)
1018233,,F1496A,NEWFREN,NEWFR PLATE FRICTION,Kit de discos de embrague NEWFREN Standard,96.44,79.70,51.81,8025832087823,1,8714105000,0,1,"<p><strong>OE-STANDARD LINE</strong></p>
<p>Est&aacute;n dise&ntilde;ados para sustituir al embrague OE, manteniendo las mismas prestaciones y durabilidad. Los juegos de discos de embrague OE-Standard se fabrican con materiales de primera calidad. Son productos extremadamente fiables. El material de fricci&oacute;n de los discos es org&aacute;nico. El compuesto del material org&aacute;nico se elige en funci&oacute;n del tipo y la utilizaci&oacute;n de la motocicleta, optimizando as&iacute; el rendimiento, aunque dentro de las directrices del fabricante.</p>","
OE-STANDARD LINE

Están diseñados para sustituir al embrague OE, manteniendo las mismas prestaciones y durabilidad. Los juegos de discos de embrague OE-Standard se fabrican con materiales de primera calidad. Son productos extremadamente fiables. El material de fricción de los discos es orgánico. El compuesto del material orgánico se elige en función del tipo y la utilización de la motocicleta, optimizando así el rendimiento, aunque dentro de las directrices del fabricante.",VEHICLE PARTS & ACCESSORIES,ENGINE PARTS,ENG. CLUTCH,897,346,171,164,32,Orgánica,,,"por unidad & ",,https://api.mybihr.com/medias/800Wx800H-1018233-1.jpg?context=bWFzdGVyfHJvb3R8Mjk5NTcyfGltYWdlL2pwZWd8YURkbEwyZ3dOeTg0TVRRMk56UXdNekUwTVRFMU1DODRNREJYZURnd01FaGZNVEF4T0RJek15MHhMbXB3Wnd8YWQyNjk5ZGU1ZWFiMWMyZjQzMzU5YTNjZGZjZGNjNzYyMDJhY2NkZGVjYmZmYTNmNTg0YjZkZTU0MGJlMDE5Yg,https://api.mybihr.com/medias/800Wx800H-1018233-2.jpg?context=bWFzdGVyfHJvb3R8MTkyNTQzfGltYWdlL2pwZWd8YURKbEwyZzNOeTh6TXpJMk5UZzNNVFExTkRJek9DODRNREJYZURnd01FaGZNVEF4T0RJek15MHlMbXB3Wnd8MzM2OTJiOTVkOWZkOTE3NWVjZTU0ODAzNTI2ZDA0OWFiYTE2ZTU0OGFlYjkyMzljNGIxMGM4MDJiN2I1YjA0OA,,https://static.bihr.pro/eBihr/Pictures/NEWFREN-pictures.zip,Spain Warehouse (Parts)
1018304,,F1777A,NEWFREN,NEWFR PLATE FRICTION,Kit de discos de embrague NEWFREN Standard,64.74,53.50,34.78,8025832035640,1,8714105000,0,1,"<p><strong>OE-STANDARD LINE</strong></p>
<p>Est&aacute;n dise&ntilde;ados para sustituir al embrague OE, manteniendo las mismas prestaciones y durabilidad. Los juegos de discos de embrague OE-Standard se fabrican con materiales de primera calidad. Son productos extremadamente fiables. El material de fricci&oacute;n de los discos es org&aacute;nico. El compuesto del material org&aacute;nico se elige en funci&oacute;n del tipo y la utilizaci&oacute;n de la motocicleta, optimizando as&iacute; el rendimiento, aunque dentro de las directrices del fabricante.</p>","
OE-STANDARD LINE

Están diseñados para sustituir al embrague OE, manteniendo las mismas prestaciones y durabilidad. Los juegos de discos de embrague OE-Standard se fabrican con materiales de primera calidad. Son productos extremadamente fiables. El material de fricción de los discos es orgánico. El compuesto del material orgánico se elige en función del tipo y la utilización de la motocicleta, optimizando así el rendimiento, aunque dentro de las directrices del fabricante.",VEHICLE PARTS & ACCESSORIES,ENGINE PARTS,ENG. CLUTCH,691,216,147,147,32,Orgánica,,,por unidad,,https://api.mybihr.com/medias/800Wx800H-1018304-1.jpg?context=bWFzdGVyfHJvb3R8Mjk5NTcyfGltYWdlL2pwZWd8YURreUwyaGtNUzg0TVRRMk56UXhOREF5TURFeU5pODRNREJYZURnd01FaGZNVEF4T0RNd05DMHhMbXB3Wnd8NmM3YjkwYjU3ZjRiZDc4OGJiZmUyYzBmNjBmZTlmMWI4OWI3MWM2MjU4Mjg3YzZmMThhMjFiOGU0MDI4ZDIwZg,,,https://static.bihr.pro/eBihr/Pictures/NEWFREN-pictures.zip,Spain Warehouse (Parts)
1018215,,F1475A,NEWFREN,NEWFR PLATE FRICTION,Kit de discos de embrague NEWFREN Standard,43.92,36.30,23.60,8025832032151,1,8714105000,0,1,"<p><strong>OE-STANDARD LINE</strong></p>
<p>Est&aacute;n dise&ntilde;ados para sustituir al embrague OE, manteniendo las mismas prestaciones y durabilidad. Los juegos de discos de embrague OE-Standard se fabrican con materiales de primera calidad. Son productos extremadamente fiables. El material de fricci&oacute;n de los discos es org&aacute;nico. El compuesto del material org&aacute;nico se elige en funci&oacute;n del tipo y la utilizaci&oacute;n de la motocicleta, optimizando as&iacute; el rendimiento, aunque dentro de las directrices del fabricante.</p>","
OE-STANDARD LINE

Están diseñados para sustituir al embrague OE, manteniendo las mismas prestaciones y durabilidad. Los juegos de discos de embrague OE-Standard se fabrican con materiales de primera calidad. Son productos extremadamente fiables. El material de fricción de los discos es orgánico. El compuesto del material orgánico se elige en función del tipo y la utilización de la motocicleta, optimizando así el rendimiento, aunque dentro de las directrices del fabricante.",VEHICLE PARTS & ACCESSORIES,ENGINE PARTS,ENG. CLUTCH,348,160,132,132,20,Orgánica,,,"por unidad & ",,https://api.mybihr.com/medias/800Wx800H-1018215-1.jpg?context=bWFzdGVyfHJvb3R8Mjk5NTcyfGltYWdlL2pwZWd8YURZeEwyaGpOaTg0TVRRMk56UXdNVGMyTkRnNU5DODRNREJYZURnd01FaGZNVEF4T0RJeE5TMHhMbXB3Wnd8M2FjNTZmZjhmZDk1YzUyMjMzY2I5ODg4NDQ2ZGI3M2ZlODZkMTQzYTMyOWMwNDY5ZTAzYTJlNGE2NTBhMzViZg,https://api.mybihr.com/medias/800Wx800H-1018215-2.jpg?context=bWFzdGVyfHJvb3R8MTc3NDYxfGltYWdlL2pwZWd8YUdNM0wyZ3dOaTh6TXpJMk5UZzNNREkzTkRVNU1DODRNREJYZURnd01FaGZNVEF4T0RJeE5TMHlMbXB3Wnd8MmE0ODkzZWJjMWNjODY2ZDNkNmQ4ZTg2NWI2NjkyYzk3MjQ2MjQwZDNiYmUxYjIxNDM5OTJmOWE3M2RmM2Y0NA,,https://static.bihr.pro/eBihr/Pictures/NEWFREN-pictures.zip,Spain Warehouse (Parts)
1018217,,F1480A,NEWFREN,NEWFR PLATE FRICTION,Kit de discos de embrague NEWFREN Standard,46.34,38.30,24.90,8025832269052,1,8714105000,0,1,"<p><strong>OE-STANDARD LINE</strong></p>
<p>Est&aacute;n dise&ntilde;ados para sustituir al embrague OE, manteniendo las mismas prestaciones y durabilidad. Los juegos de discos de embrague OE-Standard se fabrican con materiales de primera calidad. Son productos extremadamente fiables. El material de fricci&oacute;n de los discos es org&aacute;nico. El compuesto del material org&aacute;nico se elige en funci&oacute;n del tipo y la utilizaci&oacute;n de la motocicleta, optimizando as&iacute; el rendimiento, aunque dentro de las directrices del fabricante.</p>","
OE-STANDARD LINE

Están diseñados para sustituir al embrague OE, manteniendo las mismas prestaciones y durabilidad. Los juegos de discos de embrague OE-Standard se fabrican con materiales de primera calidad. Son productos extremadamente fiables. El material de fricción de los discos es orgánico. El compuesto del material orgánico se elige en función del tipo y la utilización de la motocicleta, optimizando así el rendimiento, aunque dentro de las directrices del fabricante.",VEHICLE PARTS & ACCESSORIES,ENGINE PARTS,ENG. CLUTCH,235,217,116,119,17,Orgánica,,,"por unidad & ",,https://api.mybihr.com/medias/800Wx800H-1018217-1.jpg?context=bWFzdGVyfHJvb3R8Mjk5NTcyfGltYWdlL2pwZWd8YURrd0wyaGlaaTg0TVRRMk56UXdNVGsyTVRVd01pODRNREJYZURnd01FaGZNVEF4T0RJeE55MHhMbXB3Wnd8ZjA4Mzk5YTJmNWU4ZTU5OGRjMTA1MzlmNTlmNzk2OGNlZDE1YzUxMWE3MTNhYTE3ZTZmNmM0M2I2YzcyMTk5ZA,https://api.mybihr.com/medias/800Wx800H-1018217-2.jpg?context=bWFzdGVyfHJvb3R8MTkyNTQzfGltYWdlL2pwZWd8YUdaakwyaGpZeTh6TXpJNU56TTBNRGsxTmpjd01pODRNREJYZURnd01FaGZNVEF4T0RJeE55MHlMbXB3Wnd8OTdmMGMzMTFlNTc2YjA5OTlkOThmNTMyMGRmYzRkZTdmMGQwYjRlNjk0ODAyNTcwMGFmYzVlOGIyNjc0MmRiMQ,,https://static.bihr.pro/eBihr/Pictures/NEWFREN-pictures.zip,Spain Warehouse (Parts)
1018220,,F1484R,NEWFREN,NEWFR PLATE FRICTION,Kit de discos de embrague NEWFREN Performance,206.43,170.60,110.89,8025832269090,1,8714105000,0,1,"<p><strong>PERFORMANCE LINE</strong></p>
<p>V&aacute;lidos tambi&eacute;n para el uso deportivo. La gama Performance ha sido pensada para un uso en carretera intensivo, pero tambi&eacute;n para uso deportivo para soportar las altas exigencias y para dar prestaciones de alto nivel. Los materiales de fricci&oacute;n, utilizados en los discos conductores del embrague en ba&ntilde;o de aceite, es el Paper Carbon. Los discos conducidos (separadores) est&aacute;n fabricados en un acero especial que asegura la m&aacute;xima resistencia y ausencias de deformaciones.</p>","
PERFORMANCE LINE

Válidos también para el uso deportivo. La gama Performance ha sido pensada para un uso en carretera intensivo, pero también para uso deportivo para soportar las altas exigencias y para dar prestaciones de alto nivel. Los materiales de fricción, utilizados en los discos conductores del embrague en baño de aceite, es el Paper Carbon. Los discos conducidos (separadores) están fabricados en un acero especial que asegura la máxima resistencia y ausencias de deformaciones.",VEHICLE PARTS & ACCESSORIES,ENGINE PARTS,ENG. CLUTCH,1089,341,167,163,40,Orgánica,,,por unidad,,https://api.mybihr.com/medias/800Wx800H-1018220-1.jpg?context=bWFzdGVyfHJvb3R8Mjk5NTcyfGltYWdlL2pwZWd8YURVNEwyZzJZUzg0TVRRMk56UXdNak0xTkRjeE9DODRNREJYZURnd01FaGZNVEF4T0RJeU1DMHhMbXB3Wnd8ZWI5ZTE0M2E0MzhmNzI2ZmIzYTJmMDNmNGRlNjk0MTQzNjQ5YzE1OTdmMGYxODQ2OGJjNGNmOTRjNTU1YmM2Ng,,,https://static.bihr.pro/eBihr/Pictures/NEWFREN-pictures.zip,Spain Warehouse (Parts)
1018223,,F1486R,NEWFREN,NEWFR PLATE FRICTION,Kit de discos de embrague NEWFREN Performance,148.35,122.60,79.69,8025832269151,1,8714105000,0,1,"<p><strong>PERFORMANCE LINE</strong></p>
<p>V&aacute;lidos tambi&eacute;n para el uso deportivo. La gama Performance ha sido pensada para un uso en carretera intensivo, pero tambi&eacute;n para uso deportivo para soportar las altas exigencias y para dar prestaciones de alto nivel. Los materiales de fricci&oacute;n, utilizados en los discos conductores del embrague en ba&ntilde;o de aceite, es el Paper Carbon. Los discos conducidos (separadores) est&aacute;n fabricados en un acero especial que asegura la m&aacute;xima resistencia y ausencias de deformaciones.</p>","
PERFORMANCE LINE

Válidos también para el uso deportivo. La gama Performance ha sido pensada para un uso en carretera intensivo, pero también para uso deportivo para soportar las altas exigencias y para dar prestaciones de alto nivel. Los materiales de fricción, utilizados en los discos conductores del embrague en baño de aceite, es el Paper Carbon. Los discos conducidos (separadores) están fabricados en un acero especial que asegura la máxima resistencia y ausencias de deformaciones.",VEHICLE PARTS & ACCESSORIES,ENGINE PARTS,ENG. CLUTCH,971,304,162,162,37,Orgánica,,,por unidad,,https://api.mybihr.com/medias/800Wx800H-1018223-1.jpg?context=bWFzdGVyfHJvb3R8Mjk5NTcyfGltYWdlL2pwZWd8YUdOaEwyZzFZeTg0TVRRMk56UXdNamMwTnprek5DODRNREJYZURnd01FaGZNVEF4T0RJeU15MHhMbXB3Wnd8YmJkZjJjNTI1OWFiOWY1MDlmOWEwYzQ1OGM2YzU0ODNiYzFhMzMwZmFmZWIwMTVjYjZlMWNmNGIzN2Y5ZDc0MQ,,,https://static.bihr.pro/eBihr/Pictures/NEWFREN-pictures.zip,Spain Warehouse (Parts)
1018309,,F1805A,NEWFREN,NEWFR PLATE FRICTION,Kit de discos de embrague NEWFREN Standard,151.13,124.90,81.19,8025832166023,0,8714105000,0,1,"<p><strong>OE-STANDARD LINE</strong></p>
<p>Est&aacute;n dise&ntilde;ados para sustituir al embrague OE, manteniendo las mismas prestaciones y durabilidad. Los juegos de discos de embrague OE-Standard se fabrican con materiales de primera calidad. Son productos extremadamente fiables. El material de fricci&oacute;n de los discos es org&aacute;nico. El compuesto del material org&aacute;nico se elige en funci&oacute;n del tipo y la utilizaci&oacute;n de la motocicleta, optimizando as&iacute; el rendimiento, aunque dentro de las directrices del fabricante.</p>","
OE-STANDARD LINE

Están diseñados para sustituir al embrague OE, manteniendo las mismas prestaciones y durabilidad. Los juegos de discos de embrague OE-Standard se fabrican con materiales de primera calidad. Son productos extremadamente fiables. El material de fricción de los discos es orgánico. El compuesto del material orgánico se elige en función del tipo y la utilización de la motocicleta, optimizando así el rendimiento, aunque dentro de las directrices del fabricante.",VEHICLE PARTS & ACCESSORIES,ENGINE PARTS,ENG. CLUTCH,1219,425,181,182,37,Orgánica,,,por unidad,,https://api.mybihr.com/medias/800Wx800H-1018309-1.jpg?context=bWFzdGVyfHJvb3R8Mjk5NTcyfGltYWdlL2pwZWd8YURjM0wyaGlOaTg0TVRRMk56UXhORGd3TmpVMU9DODRNREJYZURnd01FaGZNVEF4T0RNd09TMHhMbXB3Wnd8MzFkYWM4MmJhNzNhM2Y5YmRjMjgwMmJmYjgxOWEwYzEyOGMwNTE1ZTNiMGMxMDQ3NDg1YjdhNDdkMjdiMThkZg,,,https://static.bihr.pro/eBihr/Pictures/NEWFREN-pictures.zip,Spain Warehouse (Parts)
1018314,,F1831R,NEWFREN,NEWFR PLATE FRICTION,Kit de discos de embrague NEWFREN Performance,110.96,91.70,59.61,8025832157359,1,8714105000,0,1,"<p><strong>PERFORMANCE LINE</strong></p>
<p>V&aacute;lidos tambi&eacute;n para el uso deportivo. La gama Performance ha sido pensada para un uso en carretera intensivo, pero tambi&eacute;n para uso deportivo para soportar las altas exigencias y para dar prestaciones de alto nivel. Los materiales de fricci&oacute;n, utilizados en los discos conductores del embrague en ba&ntilde;o de aceite, es el Paper Carbon. Los discos conducidos (separadores) est&aacute;n fabricados en un acero especial que asegura la m&aacute;xima resistencia y ausencias de deformaciones.</p>","
PERFORMANCE LINE

Válidos también para el uso deportivo. La gama Performance ha sido pensada para un uso en carretera intensivo, pero también para uso deportivo para soportar las altas exigencias y para dar prestaciones de alto nivel. Los materiales de fricción, utilizados en los discos conductores del embrague en baño de aceite, es el Paper Carbon. Los discos conducidos (separadores) están fabricados en un acero especial que asegura la máxima resistencia y ausencias de deformaciones.",VEHICLE PARTS & ACCESSORIES,ENGINE PARTS,ENG. CLUTCH,1082,219,165,164,40,Orgánica,,,por unidad,,https://api.mybihr.com/medias/800Wx800H-1018314-1.jpg?context=bWFzdGVyfHJvb3R8Mjk5NTcyfGltYWdlL2pwZWd8YURNd0wyZzBaaTg0TVRRMk56UXhOVGM0T1RVNU9DODRNREJYZURnd01FaGZNVEF4T0RNeE5DMHhMbXB3Wnd8ODkwOGM5ZDRiYzI4NDE0NmI2YjM2NTFjOWEzY2IxNDJhM2U4Mjc2OTdmMTAyMGE1Yzg3NTRjOTJiODk2MGM3ZQ,,,https://static.bihr.pro/eBihr/Pictures/NEWFREN-pictures.zip,Spain Warehouse (Parts)
1018318,,F1838A,NEWFREN,NEWFR PLATE FRICTION,Kit de discos de embrague NEWFREN Standard,80.83,66.80,43.42,8025832036197,1,8714105000,0,1,"<p><strong>OE-STANDARD LINE</strong></p>
<p>Est&aacute;n dise&ntilde;ados para sustituir al embrague OE, manteniendo las mismas prestaciones y durabilidad. Los juegos de discos de embrague OE-Standard se fabrican con materiales de primera calidad. Son productos extremadamente fiables. El material de fricci&oacute;n de los discos es org&aacute;nico. El compuesto del material org&aacute;nico se elige en funci&oacute;n del tipo y la utilizaci&oacute;n de la motocicleta, optimizando as&iacute; el rendimiento, aunque dentro de las directrices del fabricante.</p>","
OE-STANDARD LINE

Están diseñados para sustituir al embrague OE, manteniendo las mismas prestaciones y durabilidad. Los juegos de discos de embrague OE-Standard se fabrican con materiales de primera calidad. Son productos extremadamente fiables. El material de fricción de los discos es orgánico. El compuesto del material orgánico se elige en función del tipo y la utilización de la motocicleta, optimizando así el rendimiento, aunque dentro de las directrices del fabricante.",VEHICLE PARTS & ACCESSORIES,ENGINE PARTS,ENG. CLUTCH,709,267,162,162,27,Orgánica,,,por unidad,,https://api.mybihr.com/medias/800Wx800H-1018318-1.jpg?context=bWFzdGVyfHJvb3R8Mjk5NTcyfGltYWdlL2pwZWd8YUdRNEwyZ3dZeTg0TVRRMk56UXhOak0zT1RReU1pODRNREJYZURnd01FaGZNVEF4T0RNeE9DMHhMbXB3Wnd8N2Q4MzlmMzg0MDdmMDJlYmMyNDI0ZDRiY2ZmNDZkZjBkODIwMDJlOTlkN2U2OTMxNzQ5YmM0ZTc2OGUwYjY3ZQ,,,https://static.bihr.pro/eBihr/Pictures/NEWFREN-pictures.zip,Spain Warehouse (Parts)
1018321,,F1864A,NEWFREN,NEWFR PLATE FRICTION,Kit de discos de embrague NEWFREN Standard,88.33,73.00,47.45,8025832036616,0,8714105000,0,1,"<p><strong>OE-STANDARD LINE</strong></p>
<p>Est&aacute;n dise&ntilde;ados para sustituir al embrague OE, manteniendo las mismas prestaciones y durabilidad. Los juegos de discos de embrague OE-Standard se fabrican con materiales de primera calidad. Son productos extremadamente fiables. El material de fricci&oacute;n de los discos es org&aacute;nico. El compuesto del material org&aacute;nico se elige en funci&oacute;n del tipo y la utilizaci&oacute;n de la motocicleta, optimizando as&iacute; el rendimiento, aunque dentro de las directrices del fabricante.</p>","
OE-STANDARD LINE

Están diseñados para sustituir al embrague OE, manteniendo las mismas prestaciones y durabilidad. Los juegos de discos de embrague OE-Standard se fabrican con materiales de primera calidad. Son productos extremadamente fiables. El material de fricción de los discos es orgánico. El compuesto del material orgánico se elige en función del tipo y la utilización de la motocicleta, optimizando así el rendimiento, aunque dentro de las directrices del fabricante.",VEHICLE PARTS & ACCESSORIES,ENGINE PARTS,ENG. CLUTCH,780,294,164,164,29,Orgánica,,,por unidad,,https://api.mybihr.com/medias/800Wx800H-1018321-1.jpg?context=bWFzdGVyfHJvb3R8Mjk5NTcyfGltYWdlL2pwZWd8YURjNUwyZ3hZUzg0TVRRMk56UXhOamMzTWpZek9DODRNREJYZURnd01FaGZNVEF4T0RNeU1TMHhMbXB3Wnd8ZTlmMGI0YTZmOTI3ZjllYmRiNTdiODliMmE1ODk3ZDgzYmRlODY0MDA5NjViZGNhMTc5NjY5YWIwNDZjMmMyNA,,,https://static.bihr.pro/eBihr/Pictures/NEWFREN-pictures.zip,Spain Warehouse (Parts)
1018324,,F1897A,NEWFREN,NEWFR PLATE FRICTION,Kit de discos de embrague NEWFREN Standard,67.40,55.70,36.21,8025832036845,0,8714105000,0,1,"<p><strong>OE-STANDARD LINE</strong></p>
<p>Est&aacute;n dise&ntilde;ados para sustituir al embrague OE, manteniendo las mismas prestaciones y durabilidad. Los juegos de discos de embrague OE-Standard se fabrican con materiales de primera calidad. Son productos extremadamente fiables. El material de fricci&oacute;n de los discos es org&aacute;nico. El compuesto del material org&aacute;nico se elige en funci&oacute;n del tipo y la utilizaci&oacute;n de la motocicleta, optimizando as&iacute; el rendimiento, aunque dentro de las directrices del fabricante.</p>","
OE-STANDARD LINE

Están diseñados para sustituir al embrague OE, manteniendo las mismas prestaciones y durabilidad. Los juegos de discos de embrague OE-Standard se fabrican con materiales de primera calidad. Son productos extremadamente fiables. El material de fricción de los discos es orgánico. El compuesto del material orgánico se elige en función del tipo y la utilización de la motocicleta, optimizando así el rendimiento, aunque dentro de las directrices del fabricante.",VEHICLE PARTS & ACCESSORIES,ENGINE PARTS,ENG. CLUTCH,726,231,164,164,27,Orgánica,,,por unidad,,https://api.mybihr.com/medias/800Wx800H-1018324-1.jpg?context=bWFzdGVyfHJvb3R8Mjk5NTcyfGltYWdlL2pwZWd8YURneUwyZzNOaTg0TVRRMk56UXhOek0yTWpRMk1pODRNREJYZURnd01FaGZNVEF4T0RNeU5DMHhMbXB3Wnd8NmMxOGIzYjQ5ZTk5YTkyOTMyZWJjMjliYWNhYjE0NzQ4OWE3MTQzN2M4ZjExYjAxMzgyM2FkNDZiOWQwMzIxMA,,,https://static.bihr.pro/eBihr/Pictures/NEWFREN-pictures.zip,Spain Warehouse (Parts)
1018326,,F1900A,NEWFREN,NEWFR PLATE FRICTION,Kit de discos de embrague NEWFREN Standard,101.40,83.80,54.47,8025832166122,0,8714105000,0,1,"<p><strong>OE-STANDARD LINE</strong></p>
<p>Est&aacute;n dise&ntilde;ados para sustituir al embrague OE, manteniendo las mismas prestaciones y durabilidad. Los juegos de discos de embrague OE-Standard se fabrican con materiales de primera calidad. Son productos extremadamente fiables. El material de fricci&oacute;n de los discos es org&aacute;nico. El compuesto del material org&aacute;nico se elige en funci&oacute;n del tipo y la utilizaci&oacute;n de la motocicleta, optimizando as&iacute; el rendimiento, aunque dentro de las directrices del fabricante.</p>","
OE-STANDARD LINE

Están diseñados para sustituir al embrague OE, manteniendo las mismas prestaciones y durabilidad. Los juegos de discos de embrague OE-Standard se fabrican con materiales de primera calidad. Son productos extremadamente fiables. El material de fricción de los discos es orgánico. El compuesto del material orgánico se elige en función del tipo y la utilización de la motocicleta, optimizando así el rendimiento, aunque dentro de las directrices del fabricante.",VEHICLE PARTS & ACCESSORIES,ENGINE PARTS,ENG. CLUTCH,937,373,168,164,34,Orgánica,,,por unidad,,https://api.mybihr.com/medias/800Wx800H-1018326-1.jpg?context=bWFzdGVyfHJvb3R8Mjk5NTcyfGltYWdlL2pwZWd8YURjNEwyZ3hNUzg0TVRRMk9UWTNPRGMwTnpZM09DODRNREJYZURnd01FaGZNVEF4T0RNeU5pMHhMbXB3Wnd8ODUzYTkzZjA5OGUwM2IyZWJjN2JmMzI3NGZiMjdlNTNjYmE3YjZhZDhlZGZmZWNlZDRhZTgzNTgwYmUxNDAwOQ,,,https://static.bihr.pro/eBihr/Pictures/NEWFREN-pictures.zip,Spain Warehouse (Parts)
1018327,,F1901A,NEWFREN,NEWFR PLATE FRICTION,Kit de discos de embrague NEWFREN Standard,123.78,102.30,66.50,8025832166146,1,8714105000,0,1,"<p><strong>OE-STANDARD LINE</strong></p>
<p>Est&aacute;n dise&ntilde;ados para sustituir al embrague OE, manteniendo las mismas prestaciones y durabilidad. Los juegos de discos de embrague OE-Standard se fabrican con materiales de primera calidad. Son productos extremadamente fiables. El material de fricci&oacute;n de los discos es org&aacute;nico. El compuesto del material org&aacute;nico se elige en funci&oacute;n del tipo y la utilizaci&oacute;n de la motocicleta, optimizando as&iacute; el rendimiento, aunque dentro de las directrices del fabricante.</p>","
OE-STANDARD LINE

Están diseñados para sustituir al embrague OE, manteniendo las mismas prestaciones y durabilidad. Los juegos de discos de embrague OE-Standard se fabrican con materiales de primera calidad. Son productos extremadamente fiables. El material de fricción de los discos es orgánico. El compuesto del material orgánico se elige en función del tipo y la utilización de la motocicleta, optimizando así el rendimiento, aunque dentro de las directrices del fabricante.",VEHICLE PARTS & ACCESSORIES,ENGINE PARTS,ENG. CLUTCH,1266,411,185,185,37,Orgánica,,,por unidad,,https://api.mybihr.com/medias/800Wx800H-1018327-1.jpg?context=bWFzdGVyfHJvb3R8Mjk5NTcyfGltYWdlL2pwZWd8YUdFM0wyZ3dZUzg0TVRRMk9UWTNPRGswTkRJNE5pODRNREJYZURnd01FaGZNVEF4T0RNeU55MHhMbXB3Wnd8ZWIxNTQ1NDViYjBjNGQ0MTA2NTc3YzU4ODI4NTk5Y2FiZmVjNjAwOTgxMTU2ZGIyZDNjZGMyMWU3MDAwMTRjZA,,,https://static.bihr.pro/eBihr/Pictures/NEWFREN-pictures.zip,Spain Warehouse (Parts)
1018328,,F1903A,NEWFREN,NEWFR PLATE FRICTION,Kit de discos de embrague NEWFREN Standard,79.62,65.80,42.77,8025832166191,2,8714105000,0,1,"<p><strong>OE-STANDARD LINE</strong></p>
<p>Est&aacute;n dise&ntilde;ados para sustituir al embrague OE, manteniendo las mismas prestaciones y durabilidad. Los juegos de discos de embrague OE-Standard se fabrican con materiales de primera calidad. Son productos extremadamente fiables. El material de fricci&oacute;n de los discos es org&aacute;nico. El compuesto del material org&aacute;nico se elige en funci&oacute;n del tipo y la utilizaci&oacute;n de la motocicleta, optimizando as&iacute; el rendimiento, aunque dentro de las directrices del fabricante.</p>","
OE-STANDARD LINE

Están diseñados para sustituir al embrague OE, manteniendo las mismas prestaciones y durabilidad. Los juegos de discos de embrague OE-Standard se fabrican con materiales de primera calidad. Son productos extremadamente fiables. El material de fricción de los discos es orgánico. El compuesto del material orgánico se elige en función del tipo y la utilización de la motocicleta, optimizando así el rendimiento, aunque dentro de las directrices del fabricante.",VEHICLE PARTS & ACCESSORIES,ENGINE PARTS,ENG. CLUTCH,926,278,166,164,34,Orgánica,,,por unidad,,https://api.mybihr.com/medias/800Wx800H-1018328-1.jpg?context=bWFzdGVyfHJvb3R8Mjk5NTcyfGltYWdlL2pwZWd8YUdRekwyZzBNeTg0TVRRMk9UWTNPVEUwTURnNU5DODRNREJYZURnd01FaGZNVEF4T0RNeU9DMHhMbXB3Wnd8Njc5NjhkZWYyNjljNzViMzgxYWY4MzA4YWI4NzMzNjc1NTE3NDczN2MwYTE4NjhiNjBlYTgyZWJiNmE4ZWI4Zg,,,https://static.bihr.pro/eBihr/Pictures/NEWFREN-pictures.zip,Spain Warehouse (Parts)
