PartNumber,OldPartNumber,SupplierProductCode,Brand,ProductName,Designation,RetailPriceIncludingTax,RetailPriceExcludingTax,BaseDealerPriceExcludingTax,BarCode,StockValue,CommodityCode,OnDemand,DropShipping,HtmlDescription,Description,Category1,Category2,Category3,Volume (cm³),Weight (g),Length (mm),Width (mm),Height (mm),Picture1,Picture2,Picture3,Picture4,AllPicturesZIP,Document1,Document2,DeliveryPlant
1010467,MKJ45,TM36/43-03,MIKUNI,MIKUN JET MKJ 45,Inyector Mikuni TM36/43-03,12.10,10.00,2.48,TM36/43-03,1,8409910090,0,1,,,VEHICLE PARTS & ACCESSORIES,ENGINE PARTS,ENG. INTAKE,2,1,31,10,5,https://api.mybihr.com/medias/1010467-1-800Wx800H?context=bWFzdGVyfHJvb3R8MjE2NDN8aW1hZ2UvanBlZ3xhREZsTDJoaU5TODRPVFk0T0RneE1UYzJOakEyTHpFd01UQTBOamN0TVY4NE1EQlhlRGd3TUVnfDljMjgwMjg0Mzg2MzJiMWNmNGE1YjVkOWJkNDRiZWE2NzE5Y2QxOTA0OTAwMTIyNmU3N2QwYmE1NGM2NThhMWU,,,,https://static.bihr.pro/eBihr/Pictures/MIKUNI-pictures.zip,,,Spain Warehouse (Parts)
1009939,MKA660,4/042-660,MIKUNI,MIKUN JET MKA 660MM,Chiclé de alta Mikuni 4/042-660,8.47,7.00,1.26,4/042-660,1,8409910090,0,1,,,VEHICLE PARTS & ACCESSORIES,ENGINE PARTS,ENG. INTAKE,3,100,14,17,11,https://api.mybihr.com/medias/1009939-1-800Wx800H?context=bWFzdGVyfHJvb3R8MjY1ODd8aW1hZ2UvanBlZ3xhRE5oTDJnd1pTODRPVFExTnpJNU1qQTRNelV3THpFd01EazVNemt0TVY4NE1EQlhlRGd3TUVnfDMzM2EyYTUwZDdmOWYzYjdjMTg3MmQ2MTMyOGIxNTRlYTRhYTI2NjFiYmNlOTczYmVhMGVjOTUwNDE2YjQ3YjY,,,,https://static.bihr.pro/eBihr/Pictures/MIKUNI-pictures.zip,,,Spain Warehouse (Parts)
1010490,MKE90,VM11/22-090,MIKUNI,MIKUN JET MKE 90MM,Chiclé de alta Mikuni VM11/22-090,8.47,7.00,1.56,VM11/22-090,1,8409910090,0,1,,,VEHICLE PARTS & ACCESSORIES,ENGINE PARTS,ENG. INTAKE,2,5,20,10,10,https://api.mybihr.com/medias/1010490-1-800Wx800H?context=bWFzdGVyfHJvb3R8MjY5MDF8aW1hZ2UvanBlZ3xhRFV5TDJneU5DODRPRFUyT0RJNU5ESTNOelF5THpFd01UQTBPVEF0TVY4NE1EQlhlRGd3TUVnfDY1NGVkNTI2NjdiYWViNjQ0ZDZlNjU5NGYzODQyMjEwYzAyMTM0OGE4NzRiMjc1YTU2ZTVlZWJmOTYzOTg0OWE,,,,https://static.bihr.pro/eBihr/Pictures/MIKUNI-pictures.zip,,,Spain Warehouse (Parts)
1009942,MKA700,4/042-700,MIKUNI,MIKUN JET MKA 700MM,Chiclé de alta Mikuni 4/042-700,8.47,7.00,1.26,4/042-700,1,8409910090,0,1,,,VEHICLE PARTS & ACCESSORIES,ENGINE PARTS,ENG. INTAKE,2,5,27,15,4,https://api.mybihr.com/medias/1009942-1-800Wx800H?context=bWFzdGVyfHJvb3R8MjY1ODd8aW1hZ2UvanBlZ3xhREU1TDJnellTODRPVE00T1RnNU9ERXpOemt3THpFd01EazVOREl0TVY4NE1EQlhlRGd3TUVnfDk0NmMxOGIwNzVkNGY5YzRkN2VkNTUzYWIxMzJiMmE1ZjNmYjhjNDJkZTkyZDNkM2ZmYTJmM2QyNDA5MDU4Yjk,,,,https://static.bihr.pro/eBihr/Pictures/MIKUNI-pictures.zip,,,Spain Warehouse (Parts)
1010526,MKZ60,VM17/1002-060,MIKUNI,MIKUN JET MKZ 60MM,Chiclé de baja Mikuni VM17/1002-060,8.47,7.00,1.50,VM17/1002-060,3,8409910090,0,1,,,VEHICLE PARTS & ACCESSORIES,ENGINE PARTS,ENG. INTAKE,0,5,5,3,3,https://api.mybihr.com/medias/1010526-1-800Wx800H?context=bWFzdGVyfHJvb3R8Mjg1Mzl8aW1hZ2UvanBlZ3xhR0pqTDJnM1l5ODRPVFExTmpjNE5qZ3dNRGswTHpFd01UQTFNall0TVY4NE1EQlhlRGd3TUVnfDE3ZGY5Mzg4NDMwZmE0YzZkYTcxZGQyODhkNWRiNWFiMDFhMmRlYzZjYTk4ZGFlN2VkZTAzNTY3MTE1MDM1Yjk,,,,https://static.bihr.pro/eBihr/Pictures/MIKUNI-pictures.zip,,,Spain Warehouse (Parts)
1010349,MKD87.5,N102221-0875,MIKUNI,"MIKUN JET MKD 87,5MM","Chiclé de alta Mikuni N102221-087,5",4.84,4.00,2.20,N102221-0875,3,8409910090,0,1,,,VEHICLE PARTS & ACCESSORIES,ENGINE PARTS,ENG. INTAKE,48,10,80,60,10,https://api.mybihr.com/medias/1010349-1-800Wx800H?context=bWFzdGVyfHJvb3R8MjQ4ODd8aW1hZ2UvanBlZ3xhRE5oTDJnelpTODRPVEkzTURJMU9EZzVNekV3THpFd01UQXpORGt0TVY4NE1EQlhlRGd3TUVnfGUxMjY1YTE2MTIwZjcwYjM4YmEwMjI1NmIwZTI5Y2U3ZWU3ZWM0ZDU4NzY2YWRhNmIwZTU2ZDA1MDY1YWY4MDQ,,,,https://static.bihr.pro/eBihr/Pictures/MIKUNI-pictures.zip,,,Spain Warehouse (Parts)
1010899,826017,VM32/65-2.0,MIKUNI,"MIKUN SPAREPARTS VALVE 2,0 VM 33/34",Campana de carburador Mikuni 2.0 VM33-34 Tornillo de ralentí a derechas,36.30,30.00,13.70,VM32/65-2.0,1,8409910090,0,1,,,VEHICLE PARTS & ACCESSORIES,ENGINE PARTS,ENG. INTAKE,80,180,40,40,50,https://api.mybihr.com/medias/1010899-1-800Wx800H?context=bWFzdGVyfHJvb3R8MjA0MTB8aW1hZ2UvanBlZ3xhR1JqTDJnMk1DODRPRFUyT1RFM01URTBPVEV3THpFd01UQTRPVGt0TVY4NE1EQlhlRGd3TUVnfDBlYzkyMGZjYTY2NjcyZjI2NDQ5YjcyNmM1NmRlMmZlNTIyM2YwYTVjNTVhZjEzYzAyMDAyZTViOTM5N2JiMDM,,,,https://static.bihr.pro/eBihr/Pictures/MIKUNI-pictures.zip,,,Spain Warehouse (Parts)
1009978,MKN1.55,BS30/97-1.55,MIKUNI,"MIKUN JET MKN 1,55MM",Chiclé de aire Mikuni BS30/97-1.55,8.47,7.00,4.55,BS30/97-1.55,8,8409910090,0,1,,,VEHICLE PARTS & ACCESSORIES,ENGINE PARTS,ENG. INTAKE,48,10,80,60,10,https://api.mybihr.com/medias/1009978-1-800Wx800H?context=bWFzdGVyfHJvb3R8Mjk2MDl8aW1hZ2UvanBlZ3xhR1k1TDJnMU9DODRPRGN6TnpJeE9UZzNNVEF5THpFd01EazVOemd0TVY4NE1EQlhlRGd3TUVnfDY3NmJmMDgxNmNjMDVlMmY0ZTlmMWVjOWZjMTc0M2YwNTU0ODBiZjA2Y2QwMGUyMzQ1ZmMyNTdiMjE3MjViMDc,,,,https://static.bihr.pro/eBihr/Pictures/MIKUNI-pictures.zip,,,Spain Warehouse (Parts)
1010435,MKO45,N211100-045,MIKUNI,MIKUN JET MKO 45MM,Chiclé Mikuni N211100-045,9.68,8.00,2.47,N211100-045,4,8409910090,0,1,,,VEHICLE PARTS & ACCESSORIES,ENGINE PARTS,ENG. INTAKE,8,5,20,20,20,https://api.mybihr.com/medias/1010435-1-800Wx800H?context=bWFzdGVyfHJvb3R8MzE2NTN8aW1hZ2UvanBlZ3xhRGcyTDJneU15ODRPVE00T0RZM05qSXhPVEU0THpFd01UQTBNelV0TVY4NE1EQlhlRGd3TUVnfGNhYWQ5NTEyNDFlMGNlMzhlNzMwY2JiOTMxM2Y3ZGY0N2RiOWIxNTM3ZGUwZTM1ZGRkYzNhNmMyZDUxYmQ3NjY,,,,https://static.bihr.pro/eBihr/Pictures/MIKUNI-pictures.zip,,,Spain Warehouse (Parts)
1010445,MKO130,N211100-130,MIKUNI,MIKUN JET MKO 130MM,Chiclé Mikuni N211100-130,9.68,8.00,0.58,N211100-130,4,8409910090,0,1,,,VEHICLE PARTS & ACCESSORIES,ENGINE PARTS,ENG. INTAKE,8,5,20,20,20,https://api.mybihr.com/medias/1010445-1-800Wx800H?context=bWFzdGVyfHJvb3R8MzE2NTN8aW1hZ2UvanBlZ3xhR1V4TDJnd015ODRPVFExTnpnM05ETTNNRGcyTHpFd01UQTBORFV0TVY4NE1EQlhlRGd3TUVnfGYyNmFkYjNlNWIwZWUxOTA5MDUyZWYwMDFlNjRjNjZhOWYzM2IxNjYzNzczODUwYWRiMWZmNzk5N2FjODI1MTU,,,,https://static.bihr.pro/eBihr/Pictures/MIKUNI-pictures.zip,,,Spain Warehouse (Parts)
1010373,MKD147.5,N102221-1475,MIKUNI,"MIKUN JET MKD 147,5MM","Chiclé de alta Mikuni N102221-147,5",4.84,4.00,2.20,N102221-1475,2,8409910090,0,1,,,VEHICLE PARTS & ACCESSORIES,ENGINE PARTS,ENG. INTAKE,4,5,16,16,16,https://api.mybihr.com/medias/1010373-1-800Wx800H?context=bWFzdGVyfHJvb3R8MjQ4ODd8aW1hZ2UvanBlZ3xhR0prTDJnNFl5ODRPVFE1TURBek9EYzRORE13THpFd01UQXpOek10TVY4NE1EQlhlRGd3TUVnfDU5YTQ4NDYyNThmMDA5ZDZiODlmNGYyZjRkODI2NzhhOTdjMzM2ZjAxOTc4YzYxOWY4ZGY1ODFkM2VkMTM1YTA,,,,https://static.bihr.pro/eBihr/Pictures/MIKUNI-pictures.zip,,,Spain Warehouse (Parts)
1010505,MKE130,VM11/22-130,MIKUNI,MIKUN JET MKE 130MM,Chiclé de alta Mikuni VM11/22-130,8.47,7.00,2.20,VM11/22-130,8,8409910090,0,1,,,VEHICLE PARTS & ACCESSORIES,ENGINE PARTS,ENG. INTAKE,8,5,20,20,20,https://api.mybihr.com/medias/1010505-1-800Wx800H?context=bWFzdGVyfHJvb3R8MjY5MDF8aW1hZ2UvanBlZ3xhR1ZpTDJnM055ODRPRGN6TnpNeU5qWTVORGN3THpFd01UQTFNRFV0TVY4NE1EQlhlRGd3TUVnfGE0ZWZmMmYwNGY1MDU0NWIxNGIwZjQxNDc4NDQwN2NhYzc4Njc5NDZiMTFhMDAwMmMzMDMzYmY5Mzg4NzIxYmE,,,,https://static.bihr.pro/eBihr/Pictures/MIKUNI-pictures.zip,,,Spain Warehouse (Parts)
1010856,821003,VM26/25,MIKUNI,MIKUN SPAREPARTS FLOAT VALVE BASE,Junta asiento de aguja de carburador Mikuni VM26/28/30 Compact,2.42,2.00,1.10,VM26/25,1,8409910090,0,1,quot,quot,VEHICLE PARTS & ACCESSORIES,ENGINE PARTS,ENG. INTAKE,32,2,40,80,10,,,,,https://static.bihr.pro/eBihr/Pictures/MIKUNI-pictures.zip,,,Spain Warehouse (Parts)
1010328,MKD35,N102221-035,MIKUNI,MIKUN JET MKD 35MM,Chiclé de alta Mikuni N102221-035,4.84,4.00,2.20,N102221-035,5,8409910090,0,1,,,VEHICLE PARTS & ACCESSORIES,ENGINE PARTS,ENG. INTAKE,4,2,25,18,8,https://api.mybihr.com/medias/1010328-1-800Wx800H?context=bWFzdGVyfHJvb3R8MjQ4ODd8aW1hZ2UvanBlZ3xhRFkyTDJoall5ODRPVE0wT0RRek5ERTJOakEyTHpFd01UQXpNamd0TVY4NE1EQlhlRGd3TUVnfDZlZmM1YTQ5OTcxNGIxMWYwNDczNWY1NzVlZjE5ZTBkYmM3ZTE3YzkxNmYwNmZjMDU5ZTc1YmM1YmMwNDJlY2E,,,,https://static.bihr.pro/eBihr/Pictures/MIKUNI-pictures.zip,,,Spain Warehouse (Parts)
1010926,822052,VM34/73,MIKUNI,MIKUN SPAREPARTS FLOAT TAB,Lengüeta de Flotador de carburador Mikuni VM30 standard/32/34,9.68,8.00,3.84,VM34/73,2,8409910090,0,1,quot,quot,VEHICLE PARTS & ACCESSORIES,ENGINE PARTS,ENG. INTAKE,48,10,80,60,10,,,,,https://static.bihr.pro/eBihr/Pictures/MIKUNI-pictures.zip,,,Spain Warehouse (Parts)
1010752,822295,N151038,MIKUNI,MIKUN SPAREPARTS CHOKE PLUNGER,Prolongador de starter Mikuni RS 34 / 40 TMR/ TDMR,6.05,5.00,0.50,N151038,1,8409910090,0,1,,,VEHICLE PARTS & ACCESSORIES,ENGINE PARTS,ENG. INTAKE,5,100,45,10,10,,,,,https://static.bihr.pro/eBihr/Pictures/MIKUNI-pictures.zip,,,Spain Warehouse (Parts)
1010443,MKO117,N211100-117.5,MIKUNI,"MIKUN JET MKO 117,5MM",Chiclé Mikuni N211100-117.5,7.10,5.87,1.50,N211100-117.5,4,8409910090,0,1,,,VEHICLE PARTS & ACCESSORIES,ENGINE PARTS,ENG. INTAKE,0,5,2,2,10,https://api.mybihr.com/medias/1010443-1-800Wx800H?context=bWFzdGVyfHJvb3R8MzE2NTN8aW1hZ2UvanBlZ3xhR1F5TDJnNE1TODRPVEF4TlRBMk5EWTFPREl5THpFd01UQTBORE10TVY4NE1EQlhlRGd3TUVnfGNjYjQ5Zjk5YjFmNDcyZTllZGEzNTRiZTljZjcyYjc1YmQzZDAxMmM1NmI5Zjg4OTIzYzEyM2E2MjBjY2I3ZDY,,,,https://static.bihr.pro/eBihr/Pictures/MIKUNI-pictures.zip,,,Spain Warehouse (Parts)
1010207,MKB160,M10/14-160,MIKUNI,MIKUN JET MKB 160MM,Chiclé de alta Mikuni M10/14-160,8.47,7.00,0.45,M10/14-160,7,8409910090,0,1,,,VEHICLE PARTS & ACCESSORIES,ENGINE PARTS,ENG. INTAKE,4,5,16,16,16,https://api.mybihr.com/medias/1010207-1-800Wx800H?context=bWFzdGVyfHJvb3R8MjU3MjZ8aW1hZ2UvanBlZ3xhR0V4TDJnMlpDODRPVFV5T0RBek1UazJPVFU0THpFd01UQXlNRGN0TVY4NE1EQlhlRGd3TUVnfGQ5ODQxYzEwYzMwMjE4ZmE2YWFkOTg5YmYxNDQwOTQ1ODQ2YTU0ODMzNTA2MDU0Zjk3NzY2Y2VmOWM4Njg1ZGI,,,,https://static.bihr.pro/eBihr/Pictures/MIKUNI-pictures.zip,,,Spain Warehouse (Parts)
1009969,MKN0.95,BS30/97-0.95,MIKUNI,"MIKUN JET MKN 0,95MM",Chiclé de aire Mikuni BS30/97-0.95,8.47,7.00,1.50,BS30/97-0.95,3,8409910090,0,1,,,VEHICLE PARTS & ACCESSORIES,ENGINE PARTS,ENG. INTAKE,0,20,10,2,2,https://api.mybihr.com/medias/1009969-1-800Wx800H?context=bWFzdGVyfHJvb3R8Mjk2MDl8aW1hZ2UvanBlZ3xhR0V5TDJoalpTODRPVEE0TkRRME9USTFPVGd5THpFd01EazVOamt0TVY4NE1EQlhlRGd3TUVnfDYzMmM0YzVmM2FjMzA0NDNhNDFhMjVlMDUzYzE1OGIwZWQxZjE4YzE5ZWRkM2I4ZWEyOTFiZDVhMmFjMjE2NmM,,,,https://static.bihr.pro/eBihr/Pictures/MIKUNI-pictures.zip,,,Spain Warehouse (Parts)
1010472,MKV50,TM42/11-50,MIKUNI,MIKUN JET MKV 50MM,Inyector Mikuni TM42/11-50,9.68,8.00,3.84,TM42/11-50,1,8409910090,0,1,,,VEHICLE PARTS & ACCESSORIES,ENGINE PARTS,ENG. INTAKE,48,10,80,60,10,https://api.mybihr.com/medias/1010472-1-800Wx800H?context=bWFzdGVyfHJvb3R8ODkyM3xpbWFnZS9qcGVnfGFEQmtMMmcxTXk4NE9EVTJPREl6TlRJNU5UQXlMekV3TVRBME56SXRNVjg0TURCWGVEZ3dNRWd8NTMyMGIyMWE2YzlhMDg4MDI5YmVmNTM0OTVjMjhjNTFlZDgxZjcyZjdjMmFiZGQyMmY1ZmIzZDlkOTZmNTEwYw,,,,https://static.bihr.pro/eBihr/Pictures/MIKUNI-pictures.zip,,,Spain Warehouse (Parts)
1010500,MKE115,VM11/22-115,MIKUNI,MIKUN JET MKE 115MM,Chiclé de alta Mikuni VM11/22-115,8.47,7.00,0.28,VM11/22-115,7,8409910090,0,1,,,VEHICLE PARTS & ACCESSORIES,ENGINE PARTS,ENG. INTAKE,48,10,80,60,10,,,,,https://static.bihr.pro/eBihr/Pictures/MIKUNI-pictures.zip,,,Spain Warehouse (Parts)
1010387,MKD182.5,N102221-1825,MIKUNI,"MIKUN JET MKD 182,5MM","Chiclé de alta Mikuni N102221-182,5",4.84,4.00,2.20,N102221-1825,5,8409910090,0,1,,,VEHICLE PARTS & ACCESSORIES,ENGINE PARTS,ENG. INTAKE,4,5,16,16,16,https://api.mybihr.com/medias/1010387-1-800Wx800H?context=bWFzdGVyfHJvb3R8MjQ4ODd8aW1hZ2UvanBlZ3xhRFl5TDJnMU5pODRPVFV5T0RFME1qQTNNREEyTHpFd01UQXpPRGN0TVY4NE1EQlhlRGd3TUVnfGFlYmRhYjdjMzQyMWE5YzQzZmM3ODNlM2I4MTEwYzg0NWQ5N2E3MjMzMzY2Y2IyNjMxMmE5NTMwOWQzMWQzMDM,,,,https://static.bihr.pro/eBihr/Pictures/MIKUNI-pictures.zip,,,Spain Warehouse (Parts)
1010493,MKE97.5,VM11/22-097.5,MIKUNI,"MIKUN JET MKE 97,5MM",Chiclé de alta Mikuni VM11/22-097.5,8.47,7.00,0.28,VM11/22-097.5,8,8409910090,0,1,,,VEHICLE PARTS & ACCESSORIES,ENGINE PARTS,ENG. INTAKE,1,5,10,10,10,https://api.mybihr.com/medias/1010493-1-800Wx800H?context=bWFzdGVyfHJvb3R8MjY5MDF8aW1hZ2UvanBlZ3xhRE5sTDJoaE15ODRPVFV6TWpBMk1qUXpNelU0THpFd01UQTBPVE10TVY4NE1EQlhlRGd3TUVnfGZmNWY0ODM2MWU4YTA4MTk1NWI2YjNlNTAxYmU5NzYwNjAzYWE3MWQyNzBjMzMxOTc4MGQ4MGMzOGQ0ODgxNTQ,,,,https://static.bihr.pro/eBihr/Pictures/MIKUNI-pictures.zip,,,Spain Warehouse (Parts)
1010484,MKE72.5,VM11/22-072.5,MIKUNI,"MIKUN JET MKE 72,5MM",Chiclé de alta Mikuni VM11/22-072.5,8.47,7.00,2.20,VM11/22-072.5,10,8409910090,0,1,,,VEHICLE PARTS & ACCESSORIES,ENGINE PARTS,ENG. INTAKE,4,5,16,16,16,https://api.mybihr.com/medias/1010484-1-800Wx800H?context=bWFzdGVyfHJvb3R8MjY5MDF8aW1hZ2UvanBlZ3xhR0ZpTDJoak1pODRPVFk0T0RneE5UWTVPREl5THpFd01UQTBPRFF0TVY4NE1EQlhlRGd3TUVnfGRmNzQzMzdkMzJkY2FjOWY4NjM2ZTkzN2EzOTM0MmVjZjlkMjIyZDQ3NDNkMGM3NWEyMDQzYTc2ZGIwYTM1M2Q,,,,https://static.bihr.pro/eBihr/Pictures/MIKUNI-pictures.zip,,,Spain Warehouse (Parts)
1009981,MKN1.7,BS30/97-1.7,MIKUNI,"MIKUN JET MKN 1,7MM",Chiclé de aire Mikuni BS30/97-1.7,8.47,7.00,1.50,BS30/97-1.7,5,8409910090,0,1,,,VEHICLE PARTS & ACCESSORIES,ENGINE PARTS,ENG. INTAKE,0,5,7,4,4,https://api.mybihr.com/medias/1009981-1-800Wx800H?context=bWFzdGVyfHJvb3R8Mjk2MDl8aW1hZ2UvanBlZ3xhREk0TDJoak1pODRPVE00T1Rrd01ERXdNems0THpFd01EazVPREV0TVY4NE1EQlhlRGd3TUVnfDBkN2UwMjc3MGJiYjUyZWQ4YTg1MzM0MTIyZjgzYTkxOTc1M2M0YjczYzJmMzQxMjI1NzBkNjE0YjRiOTBkNTg,,,,https://static.bihr.pro/eBihr/Pictures/MIKUNI-pictures.zip,,,Spain Warehouse (Parts)
1010506,MKE135,VM11/22-135,MIKUNI,MIKUN JET MKE 135MM,Chiclé de alta Mikuni VM11/22-135,8.47,7.00,2.20,VM11/22-135,8,8409910090,0,1,,,VEHICLE PARTS & ACCESSORIES,ENGINE PARTS,ENG. INTAKE,48,10,80,60,10,https://api.mybihr.com/medias/1010506-1-800Wx800H?context=bWFzdGVyfHJvb3R8MjY5MDF8aW1hZ2UvanBlZ3xhR1k0TDJoak5pODRPVFExTmpZeU9EZzFPVEU0THpFd01UQTFNRFl0TVY4NE1EQlhlRGd3TUVnfGQ1ZDQxYTdjMGM0YzA3YTA2MjYzNzM4MTYzMTJlNWZiZDY4MzU0ODEzM2JkMWNmNTc5OWU2YTIxMTBmY2NmOGM,,,,https://static.bihr.pro/eBihr/Pictures/MIKUNI-pictures.zip,,,Spain Warehouse (Parts)
1010814,VM15/62,VM15/62,MIKUNI,MIKUN SPAREPARTS CHOKE PLUNGER,Prolongador de starter Mikuni VM24 > 26 FL. 26 > 28 EM.,7.26,6.00,2.74,VM15/62,1,8409910090,0,1,,,VEHICLE PARTS & ACCESSORIES,ENGINE PARTS,ENG. INTAKE,48,10,80,60,10,,,,,https://static.bihr.pro/eBihr/Pictures/MIKUNI-pictures.zip,,,Spain Warehouse (Parts)
1010213,MKB200,M10/14-200,MIKUNI,MIKUN JET MKB 200MM,Chiclé de alta Mikuni M10/14-200,8.47,7.00,0.45,M10/14-200,8,8409910090,0,1,,,VEHICLE PARTS & ACCESSORIES,ENGINE PARTS,ENG. INTAKE,2,5,20,10,10,https://api.mybihr.com/medias/1010213-1-800Wx800H?context=bWFzdGVyfHJvb3R8MTE1MTR8aW1hZ2UvanBlZ3xhR001TDJnMU5pODRPRGN6TmpBNE1EZzFOVE0wTHpFd01UQXlNVE10TVY4NE1EQlhlRGd3TUVnfGQ0OTEwMjQ4YmVkMTFkODBmOWZjNjJmYjAwMzNkOTNiNmJiM2Y5MmNmN2Y4NDU1YzIxM2NjZjAyMjNiZjQ2OTM,,,,https://static.bihr.pro/eBihr/Pictures/MIKUNI-pictures.zip,,,Spain Warehouse (Parts)
1009967,MKN0.85,BS30/97-0.85,MIKUNI,"MIKUN JET MKN 0,85MM",Chiclé de aire Mikuni BS30/97-0.85,8.47,7.00,1.50,BS30/97-0.85,7,8409910090,0,1,,,VEHICLE PARTS & ACCESSORIES,ENGINE PARTS,ENG. INTAKE,48,10,80,60,10,https://api.mybihr.com/medias/1009967-1-800Wx800H?context=bWFzdGVyfHJvb3R8Mjk2MDl8aW1hZ2UvanBlZ3xhR000TDJoaFpTODRPVFV5T0RJeE9EYzBOekU0THpFd01EazVOamN0TVY4NE1EQlhlRGd3TUVnfDEwNjdhN2Q5OWRjMzE5ZjM5NjlhYzgyMDczMTU0ZWQ4MmEwODViMDZlYzE2ZWU5ZjRiMmI3MWM4OWRjZTU0ZWY,,,,https://static.bihr.pro/eBihr/Pictures/MIKUNI-pictures.zip,,,Spain Warehouse (Parts)
1010909,166-R5,VM34/17-R-5,MIKUNI,MIKUN SPAREPARTS NEEDLE WELL,Pulverizador de carburador Mikuni,25.41,21.00,1.17,VM34/17-R-5,4,8409910090,0,1,,,VEHICLE PARTS & ACCESSORIES,ENGINE PARTS,ENG. INTAKE,3,24,7,47,10,https://api.mybihr.com/medias/1010909-1-800Wx800H?context=bWFzdGVyfHJvb3R8NzY4MTZ8aW1hZ2UvanBlZ3xhR1ptTDJnNE1TODRPVFV5T0RBek56ZzJOemd5THpFd01UQTVNRGt0TVY4NE1EQlhlRGd3TUVnfDEzNWQwZjY0NTk4ZDI3NmFlZWM0OTI5YjM4YzgzMTIzYjhjNGNkNzEyMmIxMTY3MmE5NjIwYTdkOTYzNzc4NDQ,,,,https://static.bihr.pro/eBihr/Pictures/MIKUNI-pictures.zip,,,Spain Warehouse (Parts)
1010383,MKD172.5,N102221-1725,MIKUNI,"MIKUN JET MKD 172,5MM",Chiclé de alta Mikuni N102221-1725,4.84,4.00,2.20,N102221-1725,5,8409910090,0,1,,,VEHICLE PARTS & ACCESSORIES,ENGINE PARTS,ENG. INTAKE,48,10,80,60,10,https://api.mybihr.com/medias/1010383-1-800Wx800H?context=bWFzdGVyfHJvb3R8MjQ4ODd8aW1hZ2UvanBlZ3xhRGN5TDJnd1l5ODRPVEkwTURZM05ETXdORE13THpFd01UQXpPRE10TVY4NE1EQlhlRGd3TUVnfDFlOWI4YjZlMjY2NGFiZmQ4NDBmNzE1ZTVkNGE3NDgwYWI3YzEyZjIyZDM1Y2MyYTU1MzQ0NjdiZWMzZjA1MDc,,,,https://static.bihr.pro/eBihr/Pictures/MIKUNI-pictures.zip,,,Spain Warehouse (Parts)
1010432,MKH175,N208099-175,MIKUNI,MIKUN JET MKH 175MM,Chiclé de alta Mikuni N208099-175 (requiere junta 821068),7.10,5.87,0.55,N208099-175,8,8409910090,0,1,,,VEHICLE PARTS & ACCESSORIES,ENGINE PARTS,ENG. INTAKE,48,10,80,60,10,https://api.mybihr.com/medias/1010432-1-800Wx800H?context=bWFzdGVyfHJvb3R8MjgzNTd8aW1hZ2UvanBlZ3xhR0kzTDJneFl5ODRPVE00T0RZM05ESTFNekV3THpFd01UQTBNekl0TVY4NE1EQlhlRGd3TUVnfGY3MWE2ZWY4NmRlM2Q5MTUzM2YzOTAwNmVkZGRhNzE4NGRmZDgyYjhkMDgwYzIxMmYwZjI4ODMwOTIyNzg0MGE,,,,https://static.bihr.pro/eBihr/Pictures/MIKUNI-pictures.zip,,,Spain Warehouse (Parts)
1010397,MKD230,N102221-230,MIKUNI,MIKUN JET MKD 230MM,Chiclé de alta Mikuni N102221-230,4.84,4.00,2.20,N102221-230,8,8409910090,0,1,,,VEHICLE PARTS & ACCESSORIES,ENGINE PARTS,ENG. INTAKE,48,10,80,60,10,https://api.mybihr.com/medias/1010397-1-800Wx800H?context=bWFzdGVyfHJvb3R8MjQ4ODd8aW1hZ2UvanBlZ3xhR0l6TDJnMk9DODRPVE01TURFNU9UWXdNelV3THpFd01UQXpPVGN0TVY4NE1EQlhlRGd3TUVnfGQwNjU0Y2E1ZTg0Nzg3N2VhYWZmODRlNmE3MWViMzk0MjgxZWQ5YjI3OTVlNWVmNzQwZmNkMGFhMjhjZjM1YzI,,,,https://static.bihr.pro/eBihr/Pictures/MIKUNI-pictures.zip,,,Spain Warehouse (Parts)
1010525,MKZ55,VM17/1002-055,MIKUNI,MIKUN JET MKZ 55MM,Chiclé de baja Mikuni VM17/1002-055,6.07,5.02,1.50,VM17/1002-055,8,8409910090,0,1,,,VEHICLE PARTS & ACCESSORIES,ENGINE PARTS,ENG. INTAKE,48,10,80,60,10,https://api.mybihr.com/medias/1010525-1-800Wx800H?context=bWFzdGVyfHJvb3R8Mjg1Mzl8aW1hZ2UvanBlZ3xhR1F3TDJnNFpTODRPVEE0TlRVd05EQTJNVGMwTHpFd01UQTFNalV0TVY4NE1EQlhlRGd3TUVnfDk3ZGI3NmE4YTZkN2ViY2RlMWRhYzc3ZmUyOGZjYzNiZDdhNTFlMzFiOTQ5NmVlNDRiOWFkM2EzOTg3M2IzZjc,,,,https://static.bihr.pro/eBihr/Pictures/MIKUNI-pictures.zip,,,Spain Warehouse (Parts)
1010763,822215,TM36/17,MIKUNI,MIKUN SPAREPARTS PUMP LEVER,Palanca de bomba de recuperación Mikuni RS 34 / 40 TM36-40,6.05,5.00,3.25,TM36/17,2,8409910090,0,1,,,VEHICLE PARTS & ACCESSORIES,ENGINE PARTS,ENG. INTAKE,2,100,20,11,11,https://api.mybihr.com/medias/800Wx800H-1010763-1.jpg?context=bWFzdGVyfHJvb3R8MjI0OTJ8aW1hZ2UvanBlZ3xhRGhoTDJnNU15OHpNekV5T0RBNE1qTTNORFk0Tmk4NE1EQlhlRGd3TUVoZk1UQXhNRGMyTXkweExtcHdad3w2MWI1ZDFlZjdkZDkyNGI0ZTYxM2UyYmFmOGY2NjA0NmZiYTk2YjUzYTkxZjMzZjQ1OTI1MGU5ZjAxMjgzMDQz,,,,https://static.bihr.pro/eBihr/Pictures/MIKUNI-pictures.zip,,,Spain Warehouse (Parts)
1010267,MKC182.5,N100604-1825,MIKUNI,"MIKUN JET MKC 182,5MM","Chiclé de alta Mikuni N100604-182,5",7.26,6.00,2.20,N100604-1825,3,8409910090,0,1,,,VEHICLE PARTS & ACCESSORIES,ENGINE PARTS,ENG. INTAKE,3,100,15,15,15,https://api.mybihr.com/medias/1010267-1-800Wx800H?context=bWFzdGVyfHJvb3R8MjM1OTV8aW1hZ2UvanBlZ3xhREE0TDJnMVlTODRPVE0wT0RneE5qSTBNRGswTHpFd01UQXlOamN0TVY4NE1EQlhlRGd3TUVnfGMwMjVkYjRjOGU1MDZhZDEyYzQ1Yzg2Zjc2MWJiNWQ3NzYyYjI3NGEwNWExN2Y1MjZlODM3N2I5NTE0NjI4NWM,,,,https://static.bihr.pro/eBihr/Pictures/MIKUNI-pictures.zip,,,Spain Warehouse (Parts)
1010766,822222,TM36/44,MIKUNI,MIKUN SPAREPARTS PUMP ROD,Vástago de bomba de recuperación Mikuni RS 34/40 TM36-40,4.84,4.00,0.25,TM36/44,1,8409910090,0,1,,,VEHICLE PARTS & ACCESSORIES,ENGINE PARTS,ENG. INTAKE,2,100,20,10,10,https://api.mybihr.com/medias/800Wx800H-1010766-1.jpg?context=bWFzdGVyfHJvb3R8MjE1Mjd8aW1hZ2UvanBlZ3xhREJrTDJoaU1pOHpNekV6TVRNME1EZzFOek0zTkM4NE1EQlhlRGd3TUVoZk1UQXhNRGMyTmkweExtcHdad3w4YTA3MGZmY2U4ODVmMjVkOGRkNzBhYTZlZTg3Y2VkNzdiOTk4NTQyY2YwNjJlY2I1NGQ0ZWQwODhjOWY1Mzkw,,,,https://static.bihr.pro/eBihr/Pictures/MIKUNI-pictures.zip,,,Spain Warehouse (Parts)
1010770,822280,TM36/71,MIKUNI,MIKUN SPAREPARTS BOWL,Cuba de carburador Mikuni (Carburador2) RS 34/40,37.51,31.00,20.15,TM36/71,2,8409910090,0,1,,,VEHICLE PARTS & ACCESSORIES,ENGINE PARTS,ENG. INTAKE,457,100,106,83,52,,,,,https://static.bihr.pro/eBihr/Pictures/MIKUNI-pictures.zip,,,Spain Warehouse (Parts)
1010424,MKH147.5,N208099-147.5,MIKUNI,"MIKUN JET MKH 147,5MM",Chiclé de alta Mikuni N208099-147.5 (requiere junta 821068),9.68,8.00,0.55,N208099-147.5,9,8409910090,0,1,,,VEHICLE PARTS & ACCESSORIES,ENGINE PARTS,ENG. INTAKE,48,10,80,60,10,https://api.mybihr.com/medias/1010424-1-800Wx800H?context=bWFzdGVyfHJvb3R8MjgzNTd8aW1hZ2UvanBlZ3xhR1U0TDJnd01DODRPVEkwTVRVMk5UVTVNemt3THpFd01UQTBNalF0TVY4NE1EQlhlRGd3TUVnfGJjMTc3NTg5OGQxMDA1ZTI4OWRiODZlYzYzY2M1NDA5MWNhZWRhMmFjZmMzZjg2Y2FlMzg1NzIxYjEzNzhlNTY,,,,https://static.bihr.pro/eBihr/Pictures/MIKUNI-pictures.zip,,,Spain Warehouse (Parts)
1010426,MKH152.5,N208099-152.5,MIKUNI,"MIKUN JET MKH 152,5MM",Chiclé de alta Mikuni N208099-152.5 (requiere junta 821068),9.68,8.00,0.59,N208099-152.5,4,8409910090,0,1,,,VEHICLE PARTS & ACCESSORIES,ENGINE PARTS,ENG. INTAKE,48,10,80,60,10,https://api.mybihr.com/medias/1010426-1-800Wx800H?context=bWFzdGVyfHJvb3R8MjgzNTd8aW1hZ2UvanBlZ3xhR00zTDJobU1TODRPVEkyT0RRMk1USTBNRFl5THpFd01UQTBNall0TVY4NE1EQlhlRGd3TUVnfGM3YWQzYzgyODliOWNhZWViN2NmYzk0Y2ViMDljYjE1Mjg5N2Q1MjY0NTQxMzEwNjhiNTY1OGQ1ODI5ZjhhYjc,,,,https://static.bihr.pro/eBihr/Pictures/MIKUNI-pictures.zip,,,Spain Warehouse (Parts)
1010438,MKO90,N211100-090,MIKUNI,MIKUN JET MKO 90MM,Chiclé Mikuni N211100-090,9.68,8.00,5.20,N211100-090,4,8409910090,0,1,,,VEHICLE PARTS & ACCESSORIES,ENGINE PARTS,ENG. INTAKE,48,10,80,60,10,https://api.mybihr.com/medias/1010438-1-800Wx800H?context=bWFzdGVyfHJvb3R8MzE2NTN8aW1hZ2UvanBlZ3xhRGRtTDJobU15ODRPRGN6TXpJNU5ESTJORFl5THpFd01UQTBNemd0TVY4NE1EQlhlRGd3TUVnfGM5Mjc5MDc4YzAwYmU2NzA5OTg2OTA0NGFjN2RkYjU2MjM3ZDk0OWZhZjEwM2U4NGU4MzIzNjQzYzNiODQ4OGM,,,,https://static.bihr.pro/eBihr/Pictures/MIKUNI-pictures.zip,,,Spain Warehouse (Parts)
1010439,MKO95,N211100-095,MIKUNI,MIKUN JET MKO 95MM,Chiclé Mikuni N211100-095,7.10,5.87,3.82,N211100-095,1,8409910090,0,1,,,VEHICLE PARTS & ACCESSORIES,ENGINE PARTS,ENG. INTAKE,8,5,20,20,20,https://api.mybihr.com/medias/1010439-1-800Wx800H?context=bWFzdGVyfHJvb3R8MzE2NTN8aW1hZ2UvanBlZ3xhRE5rTDJnd015ODRPVE0wT0RZeE16Y3pORGN3THpFd01UQTBNemt0TVY4NE1EQlhlRGd3TUVnfGM5MDUyOTBmODY5ZGVlMjhjODM5YzFiNGM1NGY4YzliNDEwOWQyZjhiN2U0OTIzNjgzMTk0M2QyMTlkMzgyYjY,,,,https://static.bihr.pro/eBihr/Pictures/MIKUNI-pictures.zip,,,Spain Warehouse (Parts)
1010442,MKO115,N211100-115,MIKUNI,MIKUN JET MKO 115MM,Chiclé Mikuni N211100-115,7.10,5.87,3.82,N211100-115,1,8409910090,0,1,,,VEHICLE PARTS & ACCESSORIES,ENGINE PARTS,ENG. INTAKE,48,10,80,60,10,https://api.mybihr.com/medias/1010442-1-800Wx800H?context=bWFzdGVyfHJvb3R8MzE2NTN8aW1hZ2UvanBlZ3xhRGszTDJnNVppODRPVEkwTkRJMU5UVXhPVEF5THpFd01UQTBOREl0TVY4NE1EQlhlRGd3TUVnfGY3ZDA2YTdiZjAzOGJjZGUwODZjZTY1OGMyYjdhMzU5NTU2ZjZkODhlMzI2NmZjNDk3NzZjMDcwODg5ZWFkNGQ,,,,https://static.bihr.pro/eBihr/Pictures/MIKUNI-pictures.zip,,,Spain Warehouse (Parts)
1010434,MKO40,N211100-040,MIKUNI,MIKUN JET MKO 40MM,Chiclé Mikuni N211100-040,9.68,8.00,5.20,N211100-040,1,8409910090,0,1,,,VEHICLE PARTS & ACCESSORIES,ENGINE PARTS,ENG. INTAKE,8,5,20,20,20,https://api.mybihr.com/medias/1010434-1-800Wx800H?context=bWFzdGVyfHJvb3R8MzE2NTN8aW1hZ2UvanBlZ3xhRFV3TDJnNE5DODRPVFV6TWpVek5EWXlNRFEyTHpFd01UQTBNelF0TVY4NE1EQlhlRGd3TUVnfDI2OGQ5NjI2NTIxMDdkOWMwZDE2NTE4MzU1NDUxMjlhY2RjMzVhMzhmZmJiMjNiZDRmNDgzYjQ2NDZlM2ZmMzk,,,,https://static.bihr.pro/eBihr/Pictures/MIKUNI-pictures.zip,,,Spain Warehouse (Parts)
1010939,826025,VM36/36-3.5,MIKUNI,"MIKUN SPAREPARTS VALVE 3,5 VM 36",Campana de carburador Mikuni 3.5 VM36 tornillo de ralentí a izquierdas,43.56,36.00,3.08,VM36/36-3.5,1,8409910090,0,1,,,VEHICLE PARTS & ACCESSORIES,ENGINE PARTS,ENG. INTAKE,80,180,40,40,50,https://api.mybihr.com/medias/1010939-1-800Wx800H?context=bWFzdGVyfHJvb3R8MjA0MTB8aW1hZ2UvanBlZ3xhRGt6TDJnMU55ODRPVFE1TURjMk5qSXpNemt3THpFd01UQTVNemt0TVY4NE1EQlhlRGd3TUVnfDM0YTg2YmFlNjFkM2FiNGU0MGJkMTQ1ODNiMTYxODgzYjBlMTdiNzUyMjc3YzYwM2E0ZWRmNTc3NDY2MjJjMjc,,,,https://static.bihr.pro/eBihr/Pictures/MIKUNI-pictures.zip,,,Spain Warehouse (Parts)
1010930,822074,VM36/09,MIKUNI,MIKUN SPAREPARTS CARBURETOR COVER,Tapa de carburador Mikuni VM 36/38,22.99,19.00,12.35,VM36/09,2,8409910090,0,1,,,VEHICLE PARTS & ACCESSORIES,ENGINE PARTS,ENG. INTAKE,94,114,59,53,30,https://api.mybihr.com/medias/800Wx800H-1010930-1.jpg?context=bWFzdGVyfHJvb3R8OTI3MTl8aW1hZ2UvanBlZ3xhREExTDJoaU9TOHpNekV6TVRNME5UVTNOVGsyTmk4NE1EQlhlRGd3TUVoZk1UQXhNRGt6TUMweExtcHdad3w1ZjZmNDRkN2QwN2VkYjA4MzE3Njc1Mjg0NmUxYzUxNzE2YjMzMTcxOTNiYjQwOWUzOTdjMTQ5ZTAwZTYzNjQw,https://api.mybihr.com/medias/800Wx800H-1010930-2.jpg?context=bWFzdGVyfHJvb3R8ODQxODN8aW1hZ2UvanBlZ3xhRGt6TDJoak5pOHpNekV6TVRNME5UazJPVEU0TWk4NE1EQlhlRGd3TUVoZk1UQXhNRGt6TUMweUxtcHdad3wyYTA3NGY1ODg0OWU4NTg3YTljYzRjNjEwYTBlNjc2NDM2NmY1NDU2MTlhNjA0OWVjZjgzZDc0ZGI5MDEzOWE2,,,https://static.bihr.pro/eBihr/Pictures/MIKUNI-pictures.zip,,,Spain Warehouse (Parts)
1010425,MKH150,N208099-150,MIKUNI,MIKUN JET MKH 150MM,Chiclé de alta Mikuni N208099-150 (requiere junta 821068),9.68,8.00,0.90,N208099-150,6,8409910090,0,1,,,VEHICLE PARTS & ACCESSORIES,ENGINE PARTS,ENG. INTAKE,2,5,20,10,10,https://api.mybihr.com/medias/1010425-1-800Wx800H?context=bWFzdGVyfHJvb3R8MjgzNTd8aW1hZ2UvanBlZ3xhR0V5TDJoaE1TODRPVFV6TXpFek1qWXpOalEyTHpFd01UQTBNalV0TVY4NE1EQlhlRGd3TUVnfDg0NDMzOWNhZWQ5Y2U5MWVhMjg2NzI1MGY1ZjYyMzgyNjljMGMyNjFjNTQ5OGI2NWU0Mzc2MTkyM2U4MTA1YmY,,,,https://static.bihr.pro/eBihr/Pictures/MIKUNI-pictures.zip,,,Spain Warehouse (Parts)
1010523,MKZ45,VM17/1002-045,MIKUNI,MIKUN JET MKZ 45MM,Chiclé de baja Mikuni VM17/1002-045,8.47,7.00,1.50,VM17/1002-045,6,8409910090,0,1,,,VEHICLE PARTS & ACCESSORIES,ENGINE PARTS,ENG. INTAKE,4,5,16,16,16,https://api.mybihr.com/medias/1010523-1-800Wx800H?context=bWFzdGVyfHJvb3R8Mjg1Mzl8aW1hZ2UvanBlZ3xhRGczTDJoak5pODRPVE00TWpZMk5qSTBNRE13THpFd01UQTFNak10TVY4NE1EQlhlRGd3TUVnfGJjYzYxMmU3YmJlZTVhODhiYzQzMzVhNWVlYTA2ZTUyNmFlMWM5MmQ2ZWJkMDAxZDdkYjdlMTI0NmQ4YjFkMGU,,,,https://static.bihr.pro/eBihr/Pictures/MIKUNI-pictures.zip,,,Spain Warehouse (Parts)
1010632,825055,786-35003-2.0,MIKUNI,"MIKUN SPAREPARTS NEEDLE VALVE KIT 2,0",Válvula de aguja carburador Mikuni 2.0 TMR/TDMR,26.62,22.00,14.30,786-35003-2.0,1,8409910090,0,1,,,VEHICLE PARTS & ACCESSORIES,ENGINE PARTS,ENG. INTAKE,77,10,70,110,10,https://api.mybihr.com/medias/1010632-1-800Wx800H?context=bWFzdGVyfHJvb3R8MzAwMzF8aW1hZ2UvanBlZ3xhR00xTDJneVpDODRPVEF3T0RrNE1qa3hOelF5THpFd01UQTJNekl0TVY4NE1EQlhlRGd3TUVnfDNjOWY4N2Q2MTViNWZjODU4ZGQ5MjM3NjljZDllYWM0Yjg1YjE5ZDEwOTljZDQyMGQ0YmM4NmVmNGRiYjBmZmQ,,,,https://static.bihr.pro/eBihr/Pictures/MIKUNI-pictures.zip,,,Spain Warehouse (Parts)
1010703,822168,BN44/118,MIKUNI,MIKUN SPAREPARTS RUBBER CAP SBN38,Goma de carburador Mikuni SBN38-44-46,2.42,2.00,1.30,BN44/118,2,8409910090,0,1,,,VEHICLE PARTS & ACCESSORIES,ENGINE PARTS,ENG. INTAKE,8,100,20,20,20,,,,,https://static.bihr.pro/eBihr/Pictures/MIKUNI-pictures.zip,,,Spain Warehouse (Parts)
1010208,MKB170,M10/14-170,MIKUNI,MIKUN JET MKB 170MM,Chiclé de alta Mikuni M10/14-170,8.47,7.00,4.55,M10/14-170,6,8409910090,0,1,,,VEHICLE PARTS & ACCESSORIES,ENGINE PARTS,ENG. INTAKE,4,5,16,16,16,https://api.mybihr.com/medias/1010208-1-800Wx800H?context=bWFzdGVyfHJvb3R8MjU3MjZ8aW1hZ2UvanBlZ3xhRFZtTDJnMk9TODRPVFk0T0Rjd09UVXlPVGt3THpFd01UQXlNRGd0TVY4NE1EQlhlRGd3TUVnfGM5MWQ3Y2VmNTMyY2Q1NGI5ZGU4MTNjODYyZDY4ZDhhODlhOGE4NGNhMmJlMjI0NDY3Yjg4NDk3OTQ1OGU0Zjg,,,,https://static.bihr.pro/eBihr/Pictures/MIKUNI-pictures.zip,,,Spain Warehouse (Parts)
1010210,MKB180,M10/14-180,MIKUNI,MIKUN JET MKB 180MM,Chiclé de alta Mikuni M10/14-180,8.47,7.00,0.73,M10/14-180,7,8409910090,0,1,,,VEHICLE PARTS & ACCESSORIES,ENGINE PARTS,ENG. INTAKE,6,5,20,20,15,https://api.mybihr.com/medias/1010210-1-800Wx800H?context=bWFzdGVyfHJvb3R8MjU3MjZ8aW1hZ2UvanBlZ3xhR1kyTDJneFlTODRPVFk0T0RjeE1UUTVOVGs0THpFd01UQXlNVEF0TVY4NE1EQlhlRGd3TUVnfDJkOTRlYzJlOTJlMTczZDM2Y2E4YmQ3YWI4ZmE5M2MzNjFhNzZkYjU3MjIwNjY5YzQ0NGVhMGFjMzU0N2Q2NTE,,,,https://static.bihr.pro/eBihr/Pictures/MIKUNI-pictures.zip,,,Spain Warehouse (Parts)
1010323,MKR47.5,N101043-0475,MIKUNI,"MIKUN JET MKR 47,5MM","Chiclé Mikuni N101043-047,5",7.26,6.00,2.20,N101043-0475,4,8409910090,0,1,,,VEHICLE PARTS & ACCESSORIES,ENGINE PARTS,ENG. INTAKE,48,10,80,60,10,https://api.mybihr.com/medias/1010323-1-800Wx800H?context=bWFzdGVyfHJvb3R8Mjg5MTF8aW1hZ2UvanBlZ3xhRE5tTDJnME1DODRPVEF4TXpjeE1EQXlPVEV3THpFd01UQXpNak10TVY4NE1EQlhlRGd3TUVnfDc0ZTg5NmQ4NDljYWNlOGI0MGQyYjMwZjJkMDMxYmMwZTQyOTQxMjI0YWU3OGYyMzc3NDYyZmUxYWNjMjE0MzU,,,,https://static.bihr.pro/eBihr/Pictures/MIKUNI-pictures.zip,,,Spain Warehouse (Parts)
1010327,MKD32.5,N102221-0325,MIKUNI,"MIKUN JET MKD 32,5MM","Chiclé de alta Mikuni N102221-032,5",4.84,4.00,2.60,N102221-0325,8,8409910090,0,1,,,VEHICLE PARTS & ACCESSORIES,ENGINE PARTS,ENG. INTAKE,48,10,80,60,10,https://api.mybihr.com/medias/1010327-1-800Wx800H?context=bWFzdGVyfHJvb3R8MjQ4ODd8aW1hZ2UvanBlZ3xhRGM0TDJoaE1DODRPRFUyTnpnek5ESXhORGN3THpFd01UQXpNamN0TVY4NE1EQlhlRGd3TUVnfGI3M2Q5OWI3M2EyMGYwZDBhYjhlZDM3NDIxZjg1NmJmZTAyOWNjNDAwMjAzZmE1NTkxNjYwMzQxOWViN2E3Y2M,,,,https://static.bihr.pro/eBihr/Pictures/MIKUNI-pictures.zip,,,Spain Warehouse (Parts)
1010475,MKE45,VM11/22-045,MIKUNI,MIKUN JET MKE 45MM,Chiclé de baja Mikuni VM11/22-045,6.07,5.02,1.50,VM11/22-045,7,8409910090,0,1,,,VEHICLE PARTS & ACCESSORIES,ENGINE PARTS,ENG. INTAKE,48,10,80,60,10,https://api.mybihr.com/medias/1010475-1-800Wx800H?context=bWFzdGVyfHJvb3R8MjY5MDF8aW1hZ2UvanBlZ3xhR1k1TDJnM055ODRPVE00TkRjMU9UUTJNREUwTHpFd01UQTBOelV0TVY4NE1EQlhlRGd3TUVnfDA5ZWRiM2FmNzVhMjdhYWE4NzBhMjI0NjhmMzU5NGE1MDJlNmUyZTUwZDNkNjk1NDk4OGRhZDBhOGZhZGFlNDA,,,,https://static.bihr.pro/eBihr/Pictures/MIKUNI-pictures.zip,,,Spain Warehouse (Parts)
1009974,MKN1.35,BS30/97-1.35,MIKUNI,"MIKUN JET MKN 1,35MM",Chiclé de aire Mikuni BS30/97-1.35,8.47,7.00,2.20,BS30/97-1.35,4,8409910090,0,1,,,VEHICLE PARTS & ACCESSORIES,ENGINE PARTS,ENG. INTAKE,2,5,15,15,10,https://api.mybihr.com/medias/1009974-1-800Wx800H?context=bWFzdGVyfHJvb3R8Mjk2MDl8aW1hZ2UvanBlZ3xhRGxsTDJneU1pODRPVEE0TkRJMU1EWTROVGMwTHpFd01EazVOelF0TVY4NE1EQlhlRGd3TUVnfDUxMDgwOTRjOThmMmEzMjYxZmViNWExYmY3OWQ2ODIxZjA3N2EzNTU2NzBmMzlhZDUyODhmODI0YzQzMGRiMzY,,,,https://static.bihr.pro/eBihr/Pictures/MIKUNI-pictures.zip,,,Spain Warehouse (Parts)
1010497,MKE107.5,VM11/22-107.5,MIKUNI,"MIKUN JET MKE 107,5MM",Chiclé de alta Mikuni VM11/22-107.5,8.47,7.00,2.20,VM11/22-107.5,8,8409910090,0,1,,,VEHICLE PARTS & ACCESSORIES,ENGINE PARTS,ENG. INTAKE,28,4,74,48,8,https://api.mybihr.com/medias/1010497-1-800Wx800H?context=bWFzdGVyfHJvb3R8MjY5MDF8aW1hZ2UvanBlZ3xhRGs0TDJobVppODRPVEkwTlRZd09EVXdPVGMwTHpFd01UQTBPVGN0TVY4NE1EQlhlRGd3TUVnfGI5NWVmYzQ0NDI0OTQ4NGMwN2EzMTE5ZDU5NzAzMTk0YzVlZGQxNmVhZThiZWQ2ZmVlNDg2OTVhNzM1MjZkZDI,,,,https://static.bihr.pro/eBihr/Pictures/MIKUNI-pictures.zip,,,Spain Warehouse (Parts)
1010430,MKH165,N208099-165,MIKUNI,MIKUN JET MKH 165MM,Chiclé de alta Mikuni N208099-165 (requiere junta 821068),7.10,5.87,0.55,N208099-165,7,8409910090,0,1,,,VEHICLE PARTS & ACCESSORIES,ENGINE PARTS,ENG. INTAKE,48,10,80,60,10,https://api.mybihr.com/medias/1010430-1-800Wx800H?context=bWFzdGVyfHJvb3R8MjgzNTd8aW1hZ2UvanBlZ3xhR0ZpTDJoa1lTODRPVFV6TURneU1URTRNVGMwTHpFd01UQTBNekF0TVY4NE1EQlhlRGd3TUVnfDVmNGM1YzZlMWNkZTNhZjczOGEyZDljNTc0MGIxNzg3NzRjYzM3YjcyMzA0MTEwZmJjNThkYTliYmJkODUwNzQ,,,,https://static.bihr.pro/eBihr/Pictures/MIKUNI-pictures.zip,,,Spain Warehouse (Parts)
1010492,MKE95,VM11/22-095,MIKUNI,MIKUN JET MKE 95MM,Chiclé de alta Mikuni VM11/22-095,8.47,7.00,2.20,VM11/22-095,2,8409910090,0,1,,,VEHICLE PARTS & ACCESSORIES,ENGINE PARTS,ENG. INTAKE,2,100,11,11,15,https://api.mybihr.com/medias/1010492-1-800Wx800H?context=bWFzdGVyfHJvb3R8MjY5MDF8aW1hZ2UvanBlZ3xhR1ZsTDJneU9TODRPVEkwTlRreE56VXhNVGs0THpFd01UQTBPVEl0TVY4NE1EQlhlRGd3TUVnfGQ2ZGMwNDc2M2IxZjBhZDI2MWRjNTI0MzY3MWFiMjg4ODc1NjcxNmU1YTJlZDQ5Njk4ZjEwMTU5MmZiZGUwZGE,,,,https://static.bihr.pro/eBihr/Pictures/MIKUNI-pictures.zip,,,Spain Warehouse (Parts)
1010337,MKD57.5,N102221-0575,MIKUNI,"MIKUN JET MKD 57,5MM","Chiclé de alta Mikuni N102221-057,5",4.84,4.00,2.20,N102221-0575,1,8409910090,0,1,,,VEHICLE PARTS & ACCESSORIES,ENGINE PARTS,ENG. INTAKE,3,5,20,15,10,https://api.mybihr.com/medias/1010337-1-800Wx800H?context=bWFzdGVyfHJvb3R8MjQ4ODd8aW1hZ2UvanBlZ3xhREJoTDJnMllTODRPVFk0T0RjM05EUXhNRFUwTHpFd01UQXpNemN0TVY4NE1EQlhlRGd3TUVnfDlkZWU1OTZlYjBhYzk1NWEyMTIxMTNlZDVjNzIzNjhiYWVjN2I0ZjM5NDdjYTQwODExNTc5MGE2YTgxYzk1MWU,,,,https://static.bihr.pro/eBihr/Pictures/MIKUNI-pictures.zip,,,Spain Warehouse (Parts)
1010391,MKD195,N102221-195,MIKUNI,MIKUN JET MKD 195MM,Chiclé de alta Mikuni N102221-195,4.84,4.00,2.20,N102221-195,2,8409910090,0,1,,,VEHICLE PARTS & ACCESSORIES,ENGINE PARTS,ENG. INTAKE,3,2,27,23,5,https://api.mybihr.com/medias/1010391-1-800Wx800H?context=bWFzdGVyfHJvb3R8MjQ4ODd8aW1hZ2UvanBlZ3xhRGs1TDJoak1DODRPVEkyT0RNM09EWTJOVEkyTHpFd01UQXpPVEV0TVY4NE1EQlhlRGd3TUVnfDBhNDYyZmQwYzNkZTI0NmMxMzE1MWJmNjBhMTdmNDZhZmVmZGE5NGE3Y2M3MGQyZGVhNmVkMDAwODlkMzZmYmE,,,,https://static.bihr.pro/eBihr/Pictures/MIKUNI-pictures.zip,,,Spain Warehouse (Parts)
1010528,MKZ70,VM17/1002-070,MIKUNI,MIKUN JET MKZ 70MM,Chiclé de baja Mikuni VM17/1002-070,6.07,5.02,1.50,VM17/1002-070,7,8409910090,0,1,,,VEHICLE PARTS & ACCESSORIES,ENGINE PARTS,ENG. INTAKE,48,10,80,60,10,https://api.mybihr.com/medias/1010528-1-800Wx800H?context=bWFzdGVyfHJvb3R8Mjg1Mzl8aW1hZ2UvanBlZ3xhR05rTDJoaVpTODRPVEkyTkRFME9ETXhOalEyTHpFd01UQTFNamd0TVY4NE1EQlhlRGd3TUVnfDQzYmViYjM0MzhmYjBiOTMwMDc0OTBiZWY1NzdjYjQyODdkMzU4Nzc3MjI5OTRmNDVmYjJiNGVlZTE3ZjU4NDk,,,,https://static.bihr.pro/eBihr/Pictures/MIKUNI-pictures.zip,,,Spain Warehouse (Parts)
1010348,MKD85,N102221-085,MIKUNI,MIKUN JET MKD 85MM,Chiclé de alta Mikuni N102221-085,4.84,4.00,2.20,N102221-085,1,8409910090,0,1,,,VEHICLE PARTS & ACCESSORIES,ENGINE PARTS,ENG. INTAKE,48,10,80,60,10,https://api.mybihr.com/medias/1010348-1-800Wx800H?context=bWFzdGVyfHJvb3R8MjQ4ODd8aW1hZ2UvanBlZ3xhRGxtTDJobU1pODRPVEE0TkRFMU1EUXhOVFkyTHpFd01UQXpORGd0TVY4NE1EQlhlRGd3TUVnfDU2ZDQzYjllZTU3MmFjNzZjYjJhZTgyYmIyMDQ3MDBmZmYwMmJhOTkyNGU4YjEyZGY5MjFmNWZmNzUyNjI4NTY,,,,https://static.bihr.pro/eBihr/Pictures/MIKUNI-pictures.zip,,,Spain Warehouse (Parts)
1010335,MKD52.5,N102221-0525,MIKUNI,"MIKUN JET MKD 52,5MM",Chiclé de alta Mikuni N102221-0525,4.84,4.00,2.20,N102221-0525,1,8409910090,0,1,,,VEHICLE PARTS & ACCESSORIES,ENGINE PARTS,ENG. INTAKE,2,100,11,11,15,https://api.mybihr.com/medias/1010335-1-800Wx800H?context=bWFzdGVyfHJvb3R8MjQ4ODd8aW1hZ2UvanBlZ3xhRE01TDJnMk15ODRPVFk0T0RjM01qUTBORFEyTHpFd01UQXpNelV0TVY4NE1EQlhlRGd3TUVnfDdkZWNlYjliNjg4NzZlMDExNzY2NzNmNTJkYmU4MjU1ZjE2MTM1OTc0M2FiYmVmN2MxOTVlOGRiYTZmM2Q0ZmU,,,,https://static.bihr.pro/eBihr/Pictures/MIKUNI-pictures.zip,,,Spain Warehouse (Parts)
1010329,MKD37.5,N102221-0375,MIKUNI,"MIKUN JET MKD 37,5MM","Chiclé de alta Mikuni N102221-037,5",4.84,4.00,2.20,N102221-0375,6,8409910090,0,1,,,VEHICLE PARTS & ACCESSORIES,ENGINE PARTS,ENG. INTAKE,8,105,20,20,20,https://api.mybihr.com/medias/1010329-1-800Wx800H?context=bWFzdGVyfHJvb3R8MjQ4ODd8aW1hZ2UvanBlZ3xhR05pTDJneE15ODRPVFE0T1RFMk1USTFOekkyTHpFd01UQXpNamt0TVY4NE1EQlhlRGd3TUVnfDQxMzQ5MzM0Mzc5NmI1ZGUxMDgzNWY5NDc1MTJmNWIwMzA3YmQ4MmQzMzgyODNiZGZiNmNhMTVjMzBhNjdlODQ,,,,https://static.bihr.pro/eBihr/Pictures/MIKUNI-pictures.zip,,,Spain Warehouse (Parts)
1010269,MKC187.5,N100604-1875,MIKUNI,"MIKUN JET MKC 187,5MM","Chiclé de alta Mikuni N100604-187,5",7.26,6.00,2.20,N100604-1875,1,8409910090,0,1,,,VEHICLE PARTS & ACCESSORIES,ENGINE PARTS,ENG. INTAKE,48,10,80,60,10,https://api.mybihr.com/medias/1010269-1-800Wx800H?context=bWFzdGVyfHJvb3R8MjM1OTV8aW1hZ2UvanBlZ3xhR000TDJoaU9TODRPVEkyT0RNM05qWTVPVEU0THpFd01UQXlOamt0TVY4NE1EQlhlRGd3TUVnfDI1MmQzMDUxYWYxMDY4MGZjMzBkNzc0NzMwMmY3NWNlYTYzZWVlZjIzMTljZDU5Y2QyNDVmNzFkNWUyOTE2YmU,,,,https://static.bihr.pro/eBihr/Pictures/MIKUNI-pictures.zip,,,Spain Warehouse (Parts)
1010507,MKE140,VM11/22-140,MIKUNI,MIKUN JET MKE 140MM,Chiclé de alta Mikuni VM11/22-140,8.47,7.00,2.20,VM11/22-140,8,8409910090,0,1,,,VEHICLE PARTS & ACCESSORIES,ENGINE PARTS,ENG. INTAKE,8,5,34,31,8,https://api.mybihr.com/medias/1010507-1-800Wx800H?context=bWFzdGVyfHJvb3R8MjY5MDF8aW1hZ2UvanBlZ3xhR0kzTDJneVlTODRPVEl6T0RZNE5USTROamN3THpFd01UQTFNRGN0TVY4NE1EQlhlRGd3TUVnfDg1YzViNDViNDRkNzUwODZmOGZiMzkxMmM4M2Y2M2Y3NzBkNTJhNWY2ZDU1NGFiOGM3Y2VmOTYyNThlMWQxNzA,,,,https://static.bihr.pro/eBihr/Pictures/MIKUNI-pictures.zip,,,Spain Warehouse (Parts)
1010504,MKE127.5,VM11/22-127.5,MIKUNI,"MIKUN JET MKE 127,5MM",Chiclé de alta Mikuni VM11/22-127.5,8.47,7.00,2.20,VM11/22-127.5,7,8409910090,0,1,,,VEHICLE PARTS & ACCESSORIES,ENGINE PARTS,ENG. INTAKE,48,10,80,60,10,https://api.mybihr.com/medias/1010504-1-800Wx800H?context=bWFzdGVyfHJvb3R8MjY5MDF8aW1hZ2UvanBlZ3xhRE15TDJneFlpODRPVEF4TWpNM05UY3hOakUwTHpFd01UQTFNRFF0TVY4NE1EQlhlRGd3TUVnfDhlZTRlMzJiY2MyZTYyOGU0MDUwMTI0MTkzM2FmYWY3NWUxNzFkZTE1YzY4ZTBlMThmNzIxMjRkMzg1ZTQ0MWM,,,,https://static.bihr.pro/eBihr/Pictures/MIKUNI-pictures.zip,,,Spain Warehouse (Parts)
1009979,MKN1.6,BS30/97-1.6,MIKUNI,"MIKUN JET MKN 1,6MM",Chiclé de aire Mikuni BS30/97-1.6,8.47,7.00,1.50,BS30/97-1.6,3,8409910090,0,1,,,VEHICLE PARTS & ACCESSORIES,ENGINE PARTS,ENG. INTAKE,8,5,20,20,20,https://api.mybihr.com/medias/1009979-1-800Wx800H?context=bWFzdGVyfHJvb3R8Mjk2MDl8aW1hZ2UvanBlZ3xhR00zTDJoaU15ODRPVEF3T1RBMk9UUXlORGswTHpFd01EazVOemt0TVY4NE1EQlhlRGd3TUVnfDg5OTA0Yzg1NTFjZTAxMmJiZTNmOGNmNjNhMTI4ZGNmZjZmNWIxYThkMGZlNjI2ZmEyYzBjMTNkMWM0MTNjMDQ,,,,https://static.bihr.pro/eBihr/Pictures/MIKUNI-pictures.zip,,,Spain Warehouse (Parts)
1010902,826020,VM32/65-3.5,MIKUNI,"MIKUN SPAREPARTS VALVE 3,5 VM 32/34",Campana de carburador Mikuni 3.5 VM32-34 Tornillo de ralentí a derechas,36.30,30.00,13.70,VM32/65-3.5,1,8409910090,0,1,Use this spare part to recondition your MIKUNI carburetor for optimal reliability; it is recommended for preserving carburation properties.,Use this spare part to recondition your MIKUNI carburetor for optimal reliability; it is recommended for preserving carburation properties.,VEHICLE PARTS & ACCESSORIES,ENGINE PARTS,ENG. INTAKE,80,120,40,40,50,https://api.mybihr.com/medias/1010902-1-800Wx800H?context=bWFzdGVyfHJvb3R8MjA0MTB8aW1hZ2UvanBlZ3xhR0l3TDJnNFppODRPVEE0TWprNE56UTNPVE0wTHpFd01UQTVNREl0TVY4NE1EQlhlRGd3TUVnfDlhMWFjZjA3OGJmYzEyYTVhYzI0ZjczNDJmY2NlZmU0ZjQzNmE3M2YzZDYzM2FkYWQ4M2EzY2YyMTViYjJhYzQ,,,,https://static.bihr.pro/eBihr/Pictures/MIKUNI-pictures.zip,,,Spain Warehouse (Parts)
1010629,568-Y2,784-13002-Y-2,MIKUNI,MIKUN SPAREPARTS NEEDLE WELL,Pulverizador de carburador Mikuni,28.70,23.72,8.22,784-13002-Y-2,1,8409910090,0,1,,,VEHICLE PARTS & ACCESSORIES,ENGINE PARTS,ENG. INTAKE,6,12,57,10,10,https://api.mybihr.com/medias/1010629-1-800Wx800H?context=bWFzdGVyfHJvb3R8NzY4MTZ8aW1hZ2UvanBlZ3xhRFExTDJnMU1pODRPVEF4TWpFM09URXdPREUwTHpFd01UQTJNamt0TVY4NE1EQlhlRGd3TUVnfDgwZjU0Y2ZjMjE0NzRjMjg5ZGJmNjhmMjE2MWZlYmNlYjBhNWYzODE5ZjQwZmY4ZjMwNjQ3ZDljYzU3OGRlMzY,,,,https://static.bihr.pro/eBihr/Pictures/MIKUNI-pictures.zip,,,Spain Warehouse (Parts)
1010229,MKC87.5,N100604-087.5,MIKUNI,"MIKUN JET MKC 87,5MM","Chiclé de alta Mikuni N100604-087,5",7.26,6.00,1.50,N100604-087.5,1,8409910090,0,1,,,VEHICLE PARTS & ACCESSORIES,ENGINE PARTS,ENG. INTAKE,48,10,80,60,10,https://api.mybihr.com/medias/1010229-1-800Wx800H?context=bWFzdGVyfHJvb3R8MjM1OTV8aW1hZ2UvanBlZ3xhREl3TDJnNFlpODRPVFV6TWpVek1qWTFORE00THpFd01UQXlNamt0TVY4NE1EQlhlRGd3TUVnfDg2YjQxYzY1OWQ3MjBlNWJkOTMwM2NkNjRkZmYzMzFjMDFlYTFiMmY1Mjk0N2U0OGE5ZTg2NDYwYmFlYjIyMGI,,,,https://static.bihr.pro/eBihr/Pictures/MIKUNI-pictures.zip,,,Spain Warehouse (Parts)
1010789,822460,TM42/43,MIKUNI,MIKUN SPAREPARTS PUMP LEVER,Palanca de bomba de recuperación Mikuni HSR42 (Nuevo modelo en plástico),8.12,6.71,0.48,TM42/43,2,8409910090,0,1,In plastic,In plastic,VEHICLE PARTS & ACCESSORIES,ENGINE PARTS,ENG. INTAKE,58,6,71,41,20,,,,,https://static.bihr.pro/eBihr/Pictures/MIKUNI-pictures.zip,,,Spain Warehouse (Parts)
1010501,MKE120,VM11/22-120,MIKUNI,MIKUN JET MKE 120MM,Chiclé de alta Mikuni VM11/22-120,8.47,7.00,2.20,VM11/22-120,5,8409910090,0,1,,,VEHICLE PARTS & ACCESSORIES,ENGINE PARTS,ENG. INTAKE,4,9,20,20,10,https://api.mybihr.com/medias/1010501-1-800Wx800H?context=bWFzdGVyfHJvb3R8MjY5MDF8aW1hZ2UvanBlZ3xhRE5sTDJoa01TODRPVFE0T1RVMk1qTXpOelU0THpFd01UQTFNREV0TVY4NE1EQlhlRGd3TUVnfDFkMTVjNGFlMjBiZTg1MjJkMzc5OTg4MzM3ODY0ZDA1NjNiYzE4N2Q3ZTRiYmQ4MDc2OWZkZmNkMmFiMGNhOGQ,,,,https://static.bihr.pro/eBihr/Pictures/MIKUNI-pictures.zip,,,Spain Warehouse (Parts)
1010394,MKD210,N102221-210,MIKUNI,MIKUN JET MKD 210MM,Chiclé de alta Mikuni N102221-210,4.84,4.00,2.20,N102221-210,1,8409910090,0,1,,,VEHICLE PARTS & ACCESSORIES,ENGINE PARTS,ENG. INTAKE,48,10,80,60,10,https://api.mybihr.com/medias/1010394-1-800Wx800H?context=bWFzdGVyfHJvb3R8MjQ4ODd8aW1hZ2UvanBlZ3xhREZpTDJneE9DODRPRFUyT0RBek9EWTROekF5THpFd01UQXpPVFF0TVY4NE1EQlhlRGd3TUVnfDYwYzRlNzY1Y2Y5MDk0NTQ2NzQyODU4ZTAwYzJhMGE5OTc2NmY0ZjdmYTRmNTc0ZGI0YzVlMDBhNjFhZmEyYWI,,,,https://static.bihr.pro/eBihr/Pictures/MIKUNI-pictures.zip,,,Spain Warehouse (Parts)
1010559,MKP120,VM22/210-120,MIKUNI,MIKUN JET MKP 120MM,Chiclé de baja Mikuni VM22/210-120,8.47,7.00,2.20,VM22/210-120,3,8409910090,0,1,,,VEHICLE PARTS & ACCESSORIES,ENGINE PARTS,ENG. INTAKE,48,10,80,60,10,https://api.mybihr.com/medias/1010559-1-800Wx800H?context=bWFzdGVyfHJvb3R8Mjg1MjZ8aW1hZ2UvanBlZ3xhREJoTDJoaU9DODRPVEE0TmpZek9URTBOVEkyTHpFd01UQTFOVGt0TVY4NE1EQlhlRGd3TUVnfDBjODlhYjNjZWQxMDQ1OWYxNGJiMTE0NjE2ZmE2NWJjYTJjMzYxNTY3M2NjY2ZhMjNlODNhODZmNTc2YWFjYTU,,,,https://static.bihr.pro/eBihr/Pictures/MIKUNI-pictures.zip,,,Spain Warehouse (Parts)
1010517,MKZ22.5,VM17/1002-022.5,MIKUNI,"MIKUN JET MKZ 22,5MM",Chiclé de baja Mikuni VM17/1002-022.5,8.47,7.00,1.50,VM17/1002-022.5,7,8409910090,0,1,,,VEHICLE PARTS & ACCESSORIES,ENGINE PARTS,ENG. INTAKE,48,10,80,60,10,,,,,https://static.bihr.pro/eBihr/Pictures/MIKUNI-pictures.zip,,,Spain Warehouse (Parts)
1010887,826003,VM28/56-2.0,MIKUNI,"MIKUN SPAREPARTS VALVE 2,0 VM 26",Campana de carburador Mikuni 2.0 VM26 Tornillo de ralentí a derechas,31.46,26.00,10.96,VM28/56-2.0,1,8409910090,0,1,,,VEHICLE PARTS & ACCESSORIES,ENGINE PARTS,ENG. INTAKE,497,85,169,84,35,https://api.mybihr.com/medias/1010887-1-800Wx800H?context=bWFzdGVyfHJvb3R8MjA0MTB8aW1hZ2UvanBlZ3xhR05tTDJnNU55ODRPVEl6T0RjNE1UWXlORFl5THpFd01UQTRPRGN0TVY4NE1EQlhlRGd3TUVnfGQ3ZTNhZDczODU1ZmQxMGYzMzFhOTgwZDRlMDJlOWMwM2I0Y2RmNmYwNWI5MWY2M2U3MTk3MWE5NjkzODYwOTA,,,,https://static.bihr.pro/eBihr/Pictures/MIKUNI-pictures.zip,,,Spain Warehouse (Parts)
1010375,MKD152.5,N102221-1525,MIKUNI,"MIKUN JET MKD 152,5MM","Chiclé de alta Mikuni N102221-152,5",4.84,4.00,2.20,N102221-1525,6,8409910090,0,1,,,VEHICLE PARTS & ACCESSORIES,ENGINE PARTS,ENG. INTAKE,48,10,80,60,10,https://api.mybihr.com/medias/1010375-1-800Wx800H?context=bWFzdGVyfHJvb3R8MjQ4ODd8aW1hZ2UvanBlZ3xhRGN6TDJnNVpTODRPVEE0TlRRd016UTJNems0THpFd01UQXpOelV0TVY4NE1EQlhlRGd3TUVnfGVjMDI1NWNjMmY5MWIzNjQyMTYzYzQ2ZDUzODA3MTFlMWNlNDdiOTY4ZTYzZTE5MDMyYzI1MDQwMzdlNDJhNzM,,,,https://static.bihr.pro/eBihr/Pictures/MIKUNI-pictures.zip,,,Spain Warehouse (Parts)
1010385,MKD177.5,N102221-1775,MIKUNI,"MIKUN JET MKD 177,5MM","Chiclé de alta Mikuni N102221-177,5",4.84,4.00,2.20,N102221-1775,6,8409910090,0,1,,,VEHICLE PARTS & ACCESSORIES,ENGINE PARTS,ENG. INTAKE,4,5,16,16,16,https://api.mybihr.com/medias/1010385-1-800Wx800H?context=bWFzdGVyfHJvb3R8MjQ4ODd8aW1hZ2UvanBlZ3xhR1UyTDJneE5TODRPVE00T0RZM01qSTROekF5THpFd01UQXpPRFV0TVY4NE1EQlhlRGd3TUVnfGQ1ODc1N2IyMTJhNTk2MzZhZmVmMWY3ZDg1YWMxM2U4ZGQzNjk0YmFjZGQ4YzBkN2MwMGUyMjIzMThlZmI5NWM,,,,https://static.bihr.pro/eBihr/Pictures/MIKUNI-pictures.zip,,,Spain Warehouse (Parts)
1010427,MKH155,N208099-155,MIKUNI,MIKUN JET MKH 155MM,Chiclé de alta Mikuni N208099-155 (requiere junta 821068),9.68,8.00,0.55,N208099-155,5,8409910090,0,1,,,VEHICLE PARTS & ACCESSORIES,ENGINE PARTS,ENG. INTAKE,48,10,80,60,10,https://api.mybihr.com/medias/1010427-1-800Wx800H?context=bWFzdGVyfHJvb3R8MjgzNTd8aW1hZ2UvanBlZ3xhRGcyTDJneU55ODRPVEF3T0RrM09EazROVEkyTHpFd01UQTBNamN0TVY4NE1EQlhlRGd3TUVnfDAwNDc1Zjk2ZDQyYzg0ZDA0NjBhMDcwZTQzMjIxMTdmNGM2N2QwOTkxMjI3ZTUwMmUwMjQ3OTY4ZDA3ZDExNDQ,,,,https://static.bihr.pro/eBihr/Pictures/MIKUNI-pictures.zip,,,Spain Warehouse (Parts)
1010263,MKC172.5,N100604-1725,MIKUNI,"MIKUN JET MKC 172,5MM","Chiclé de alta Mikuni N100604-172,5",7.26,6.00,3.90,N100604-1725,5,8409910090,0,1,,,VEHICLE PARTS & ACCESSORIES,ENGINE PARTS,ENG. INTAKE,48,10,80,60,10,https://api.mybihr.com/medias/1010263-1-800Wx800H?context=bWFzdGVyfHJvb3R8MjM1OTV8aW1hZ2UvanBlZ3xhR05rTDJoa01pODRPVFk0T0RjME5Ea3hPVE0wTHpFd01UQXlOak10TVY4NE1EQlhlRGd3TUVnfDQxNmM0YzliN2UxZWZlNzc3YTNjZGZjNmNhYWEzOTVjOGMzZTFhMjk4ZmRlZGIwYmMwODRlYTEzYjRkMDk3NzM,,,,https://static.bihr.pro/eBihr/Pictures/MIKUNI-pictures.zip,,,Spain Warehouse (Parts)
1010265,MKC177.5,N100604-1775,MIKUNI,"MIKUN JET MKC 177,5MM","Chiclé de alta Mikuni N100604-177,5",7.26,6.00,3.90,N100604-1775,2,8409910090,0,1,,,VEHICLE PARTS & ACCESSORIES,ENGINE PARTS,ENG. INTAKE,8,5,20,20,20,https://api.mybihr.com/medias/1010265-1-800Wx800H?context=bWFzdGVyfHJvb3R8MjM1OTV8aW1hZ2UvanBlZ3xhREV3TDJoall5ODRPVFk0T0RjME5qZzROVFF5THpFd01UQXlOalV0TVY4NE1EQlhlRGd3TUVnfGI1YWViNWNkZDRmMDkzY2NmZDhjZTMwMzFlNmFiNzQxM2UzY2VmMThlYmIyMjYyOGM1ZDIwZGY0NmMxZTEyNDc,,,,https://static.bihr.pro/eBihr/Pictures/MIKUNI-pictures.zip,,,Spain Warehouse (Parts)
1010756,822078,TM24/01,MIKUNI,MIKUN SPAREPARTS CHOKE KIT,Kit starter Mikuni TM24,13.31,11.00,7.15,TM24/01,1,8409910090,0,1,,,VEHICLE PARTS & ACCESSORIES,ENGINE PARTS,ENG. INTAKE,8,15,13,50,13,,,,,https://static.bihr.pro/eBihr/Pictures/MIKUNI-pictures.zip,,,Spain Warehouse (Parts)
1010264,MKC175,N100604-175,MIKUNI,MIKUN JET MKC 175MM,Chiclé de alta Mikuni N100604-175,7.26,6.00,3.90,N100604-175,1,8409910090,0,1,,,VEHICLE PARTS & ACCESSORIES,ENGINE PARTS,ENG. INTAKE,48,10,80,60,10,https://api.mybihr.com/medias/1010264-1-800Wx800H?context=bWFzdGVyfHJvb3R8MjM1OTV8aW1hZ2UvanBlZ3xhREk1TDJnd1ppODRPVE00T0RZM01ETXlNRGswTHpFd01UQXlOalF0TVY4NE1EQlhlRGd3TUVnfGE0ZDk0Yzk4Y2E4MDI5ZmUxZTJiZDJkNDg0YmM2MzUyYzBhMTc2YWNmOTIwN2QzNjEzOTJkZTIxYTE2NzhmM2I,,,,https://static.bihr.pro/eBihr/Pictures/MIKUNI-pictures.zip,,,Spain Warehouse (Parts)
1010692,821050,B30/205,MIKUNI,MIKUN SPAREPARTS CARBURETOR O-RING,Junta tórica para Mikuni HSR42/45 / TMR42/45 RS 34 A 40/ TM36-40,2.42,2.00,1.30,B30/205,0,8409910090,0,1,,,VEHICLE PARTS & ACCESSORIES,ENGINE PARTS,ENG. INTAKE,2,100,20,10,10,https://api.mybihr.com/medias/800Wx800H-1010692-1.jpg?context=bWFzdGVyfHJvb3R8MzY5Njd8aW1hZ2UvanBlZ3xhRE5sTDJneE1DOHpNekV6TVRNek5UYzBOVFUyTmk4NE1EQlhlRGd3TUVoZk1UQXhNRFk1TWkweExtcHdad3xkZGIwMzgzZmFlYjAwYzRiZjMxNzIzYzgwNDk4NGFlNTczZTkzNzBlOTdhYTNkODNlNmE2ZjExZWZiZjI2YzIw,,,,https://static.bihr.pro/eBihr/Pictures/MIKUNI-pictures.zip,,,Spain Warehouse (Parts)
1010319,MKF145,N100606-145,MIKUNI,MIKUN JET MKF 145MM,Chiclé Mikuni N100606-145,4.84,4.00,2.60,N100606-145,6,8409910090,0,1,,,VEHICLE PARTS & ACCESSORIES,ENGINE PARTS,ENG. INTAKE,2,5,20,10,10,https://api.mybihr.com/medias/1010319-1-800Wx800H?context=bWFzdGVyfHJvb3R8MzA1MTl8aW1hZ2UvanBlZ3xhRE5tTDJoaFpTODRPVEF4TmpnME16azJNRFl5THpFd01UQXpNVGt0TVY4NE1EQlhlRGd3TUVnfGZlM2VjZWZiYzVhM2JjYzJkODE4Y2IyNDVhODM2YmNkZTkyZTlkYWEyZTNjZmJjYjBjNmYxOTNhYTc2ZmI4YjU,,,,https://static.bihr.pro/eBihr/Pictures/MIKUNI-pictures.zip,,,Spain Warehouse (Parts)
1010321,MKF150,N100606-150,MIKUNI,MIKUN JET MKF 150MM,Chiclé Mikuni N100606-150,4.84,4.00,2.60,N100606-150,1,8409910090,0,1,,,VEHICLE PARTS & ACCESSORIES,ENGINE PARTS,ENG. INTAKE,4,2,20,20,10,https://api.mybihr.com/medias/1010321-1-800Wx800H?context=bWFzdGVyfHJvb3R8MzA1MTl8aW1hZ2UvanBlZ3xhRFUzTDJnMk5DODRPRGN6TmpBNE5EYzROelV3THpFd01UQXpNakV0TVY4NE1EQlhlRGd3TUVnfGJhN2NlNGY3MzJiYjM0NDA0MTM3M2Q3YmZiMTcwY2E4MmUyYjNmYzg5Y2Q2NWJiNWUxYjA1MmE2MjJlNWZiYzI,,,,https://static.bihr.pro/eBihr/Pictures/MIKUNI-pictures.zip,,,Spain Warehouse (Parts)
1010781,822266,TM40/27,MIKUNI,MIKUN SPAREPARTS FUEL INLET,Codo de salida de gasolina para carburador Mikuni HSR42/45 / TMR42/45 TM36-40,12.10,10.00,6.50,TM40/27,0,8409910090,0,1,,,VEHICLE PARTS & ACCESSORIES,ENGINE PARTS,ENG. INTAKE,4,10,16,16,16,,,,,https://static.bihr.pro/eBihr/Pictures/MIKUNI-pictures.zip,,,Spain Warehouse (Parts)
1010935,826021,VM36/36-1.5,MIKUNI,"MIKUN SPAREPARTS VALVE 1,5 VM 36",Campana de carburador Mikuni 1.5 VM36 tornillo de ralentí a izquierdas,43.56,36.00,23.40,VM36/36-1.5,1,8409910090,0,1,,,VEHICLE PARTS & ACCESSORIES,ENGINE PARTS,ENG. INTAKE,54,199,34,35,45,https://api.mybihr.com/medias/1010935-1-800Wx800H?context=bWFzdGVyfHJvb3R8MjA0MTB8aW1hZ2UvanBlZ3xhR00yTDJnelpDODRPVE00TkRBd056YzJNakl5THpFd01UQTVNelV0TVY4NE1EQlhlRGd3TUVnfDBlNDM1YTIzMWI1N2NmYmFiNjM4ODYxNGFmMzkzOGQxZWIxOGIyYjk0YzU5NThiMTZjZmI4ZjkxYjhiNDRiZTA,,,,https://static.bihr.pro/eBihr/Pictures/MIKUNI-pictures.zip,,,Spain Warehouse (Parts)
1010431,MKH170,N208099-170,MIKUNI,MIKUN JET MKH 170MM,Chiclé de alta Mikuni N208099-170 (requiere junta 821068),7.10,5.87,0.55,N208099-170,2,8409910090,0,1,,,VEHICLE PARTS & ACCESSORIES,ENGINE PARTS,ENG. INTAKE,48,10,80,60,10,https://api.mybihr.com/medias/1010431-1-800Wx800H?context=bWFzdGVyfHJvb3R8MjgzNTd8aW1hZ2UvanBlZ3xhREV6TDJoa1lpODRPVEF4TkRBd016WXpNRE00THpFd01UQTBNekV0TVY4NE1EQlhlRGd3TUVnfDI2Mzg3ZjU4OWE5Mzc3NzA4ODg3Yzg0Yzg0YzExMmI0ZjdlNTAyNTNhM2NjNjg3NGQ2YzJkMTkxYjdkZDIwNGI,,,,https://static.bihr.pro/eBihr/Pictures/MIKUNI-pictures.zip,,,Spain Warehouse (Parts)
1010941,822102,VM36/83,MIKUNI,MIKUN SPAREPARTS ADJUSTING SCREW,Tornillo de reglaje tensión de cable de gas Mikuni TM32 A TM38,6.05,5.00,3.25,VM36/83,8,8409910090,0,1,,,VEHICLE PARTS & ACCESSORIES,ENGINE PARTS,ENG. INTAKE,48,10,60,80,10,https://api.mybihr.com/medias/800Wx800H-1010941-1.jpg?context=bWFzdGVyfHJvb3R8NDY3MDl8aW1hZ2UvanBlZ3xhRGsxTDJneE5TOHpNekV5T0RBNE16azBOelUxTUM4NE1EQlhlRGd3TUVoZk1UQXhNRGswTVMweExtcHdad3wxYWE1ZjEwMTJmYWQ4NTI4NDFhNzI1MDM4ZGE0OGY0ODM2YzhjNTM1MGY4ZmI3ODIyNDI2NDliMmU5MDNkMzcy,,,,https://static.bihr.pro/eBihr/Pictures/MIKUNI-pictures.zip,,,Spain Warehouse (Parts)
1010552,MKP62.5,VM22/210-062.5,MIKUNI,"MIKUN JET MKP 62,5MM",Chiclé de baja Mikuni VM22/210-062.5,8.47,7.00,4.55,VM22/210-062.5,1,8409910090,0,1,,,VEHICLE PARTS & ACCESSORIES,ENGINE PARTS,ENG. INTAKE,2,100,15,15,10,https://api.mybihr.com/medias/1010552-1-800Wx800H?context=bWFzdGVyfHJvb3R8Mjg1MjZ8aW1hZ2UvanBlZ3xhREkwTDJnMU1pODRPVE00TkRBd01UZzJNems0THpFd01UQTFOVEl0TVY4NE1EQlhlRGd3TUVnfGZlYjI0YWU0M2E4NzIzMjJiNTlmMzlmNjRlYjNhYjhkZjRlMmVkMTliZTI1ZjhiMzBkYzQzN2VmNDFkODJlOWI,,,,https://static.bihr.pro/eBihr/Pictures/MIKUNI-pictures.zip,,,Spain Warehouse (Parts)
1010489,MKE85,VM11/22-085,MIKUNI,MIKUN JET MKE 85MM,Chiclé de alta Mikuni VM11/22-085,8.47,7.00,2.20,VM11/22-085,7,8409910090,0,1,,,VEHICLE PARTS & ACCESSORIES,ENGINE PARTS,ENG. INTAKE,48,10,80,60,10,,,,,https://static.bihr.pro/eBihr/Pictures/MIKUNI-pictures.zip,,,Spain Warehouse (Parts)
1010502,MKE122.5,VM11/22-122.5,MIKUNI,"MIKUN JET MKE 122,5MM",Chiclé de alta Mikuni VM11/22-122.5,8.47,7.00,0.28,VM11/22-122.5,9,8409910090,0,1,,,VEHICLE PARTS & ACCESSORIES,ENGINE PARTS,ENG. INTAKE,48,10,80,60,10,https://api.mybihr.com/medias/1010502-1-800Wx800H?context=bWFzdGVyfHJvb3R8MjY5MDF8aW1hZ2UvanBlZ3xhRGN3TDJnMk5pODRPVEE0TXprMU1UVXhNemt3THpFd01UQTFNREl0TVY4NE1EQlhlRGd3TUVnfGE3YjA2Y2M0MGQ1NTYyZWE2ZTZlNjMzYTgwYmE2ZGM2ZDY2ODE2OTQ4OTc3OTE0N2Q0OGI3MjUyMjBmYzIwN2Q,,,,https://static.bihr.pro/eBihr/Pictures/MIKUNI-pictures.zip,,,Spain Warehouse (Parts)
1010522,MKZ42.5,VM17/1002-042.5,MIKUNI,"MIKUN JET MKZ 42,5MM",Chiclé de baja Mikuni VM17/1002-042.5,8.47,7.00,4.55,VM17/1002-042.5,7,8409910090,0,1,,,VEHICLE PARTS & ACCESSORIES,ENGINE PARTS,ENG. INTAKE,8,5,20,20,20,https://api.mybihr.com/medias/1010522-1-800Wx800H?context=bWFzdGVyfHJvb3R8Mjg1Mzl8aW1hZ2UvanBlZ3xhRGt5TDJnMk9DODRPVEkyTkRVME1UVXpNalEyTHpFd01UQTFNakl0TVY4NE1EQlhlRGd3TUVnfGQ1MWZmYTk4ODMzZTk4NzFlMDRmOGY4NTZkMWEyN2M0MWUxYWYzNjBiNDc3ODk2ZTA3ODkwY2M3YTgwMmZmZmI,,,,https://static.bihr.pro/eBihr/Pictures/MIKUNI-pictures.zip,,,Spain Warehouse (Parts)
1010524,MKZ50,VM17/1002-050,MIKUNI,MIKUN JET MKZ 50MM,Chiclé de baja Mikuni VM17/1002-050,8.47,7.00,4.55,VM17/1002-050,5,8409910090,0,1,,,VEHICLE PARTS & ACCESSORIES,ENGINE PARTS,ENG. INTAKE,8,5,20,20,20,https://api.mybihr.com/medias/1010524-1-800Wx800H?context=bWFzdGVyfHJvb3R8Mjg1Mzl8aW1hZ2UvanBlZ3xhRGxoTDJoaU9DODRPVEE0TkRBMk5UVTBOalUwTHpFd01UQTFNalF0TVY4NE1EQlhlRGd3TUVnfDZmMDVmZmEzMzliMjk4MWYxOTFkOWE2OWMxNTM3OGNjNWNiZWZjODM4NWY2Yzk0NjgxMWY0M2M5YTUzODJlNDY,,,,https://static.bihr.pro/eBihr/Pictures/MIKUNI-pictures.zip,,,Spain Warehouse (Parts)
1010496,MKE105,VM11/22-105,MIKUNI,MIKUN JET MKE 105MM,Chiclé de alta Mikuni VM11/22-105,8.47,7.00,2.20,VM11/22-105,8,8409910090,0,1,,,VEHICLE PARTS & ACCESSORIES,ENGINE PARTS,ENG. INTAKE,48,10,80,60,10,https://api.mybihr.com/medias/1010496-1-800Wx800H?context=bWFzdGVyfHJvb3R8MjY5MDF8aW1hZ2UvanBlZ3xhR1pqTDJneU55ODRPVFV5TmpjNE1EVTFPVFkyTHpFd01UQTBPVFl0TVY4NE1EQlhlRGd3TUVnfDAzYjIzYTY1OTg3ZTA1YjM0NjA4MDMwZGE1Y2YwMDYxNjE3YTJkMDA1YzBmODk0ZDQ4YjlkZTUxZTVkMDQwZWQ,,,,https://static.bihr.pro/eBihr/Pictures/MIKUNI-pictures.zip,,,Spain Warehouse (Parts)
1010480,MKE62.5,VM11/22-062.5,MIKUNI,"MIKUN JET MKE 62,5MM",Chiclé de baja Mikuni VM11/22-062.5,8.47,7.00,4.55,VM11/22-062.5,2,8409910090,0,1,,,VEHICLE PARTS & ACCESSORIES,ENGINE PARTS,ENG. INTAKE,48,10,80,60,10,https://api.mybihr.com/medias/1010480-1-800Wx800H?context=bWFzdGVyfHJvb3R8MjY5MDF8aW1hZ2UvanBlZ3xhR1kwTDJneE55ODRPVEE0TXprME9UVTBOemd5THpFd01UQTBPREF0TVY4NE1EQlhlRGd3TUVnfDE4ZDk2ZDVkYzM4MGNmNzI4OWM3NDIyYTRjMWUxZTgzZjAwMDA5M2FhNTFkMTcyZDNhODU1MDY0ZWEyNTIzMzY,,,,https://static.bihr.pro/eBihr/Pictures/MIKUNI-pictures.zip,,,Spain Warehouse (Parts)
1010483,MKE70,VM11/22-070,MIKUNI,MIKUN JET MKE 70MM,Chiclé de alta Mikuni VM11/22-070,8.47,7.00,4.55,VM11/22-070,8,8409910090,0,1,,,VEHICLE PARTS & ACCESSORIES,ENGINE PARTS,ENG. INTAKE,2,5,20,10,10,https://api.mybihr.com/medias/1010483-1-800Wx800H?context=bWFzdGVyfHJvb3R8MjY5MDF8aW1hZ2UvanBlZ3xhRE0yTDJobFppODRPVEkwTlRVeU1qQXdNakl5THpFd01UQTBPRE10TVY4NE1EQlhlRGd3TUVnfDYwNDFiMWY5NTJkNDJjNzM0YTllNWMzNWE0ZTA4OTgwY2NjMGQzZTJiNTNmMTIxMjc4NzFjNjFhMzljMTkwODA,,,,https://static.bihr.pro/eBihr/Pictures/MIKUNI-pictures.zip,,,Spain Warehouse (Parts)
1010487,MKE80,VM11/22-080,MIKUNI,MIKUN JET MKE 80MM,Chiclé de alta Mikuni VM11/22-080,8.47,7.00,4.55,VM11/22-080,0,8409910090,0,1,,,VEHICLE PARTS & ACCESSORIES,ENGINE PARTS,ENG. INTAKE,6,4,29,20,10,https://api.mybihr.com/medias/1010487-1-800Wx800H?context=bWFzdGVyfHJvb3R8MjY5MDF8aW1hZ2UvanBlZ3xhRGMxTDJnMFlpODRPVEF4TWpFM056RTBNakEyTHpFd01UQTBPRGN0TVY4NE1EQlhlRGd3TUVnfGZiNjg3ZDIzMjhmNGY2ZTRkYmU0ZDZlNTAyNGY1MTY3ZThkYmJiZmFjNGZmOTcxMTEzMTYwODNlZmE4NDM5Y2M,,,,https://static.bihr.pro/eBihr/Pictures/MIKUNI-pictures.zip,,,Spain Warehouse (Parts)
1010488,MKE82.5,VM11/22-082.5,MIKUNI,"MIKUN JET MKE 82,5MM",Chiclé de alta Mikuni VM11/22-082.5,6.07,5.02,0.28,VM11/22-082.5,2,8409910090,0,1,,,VEHICLE PARTS & ACCESSORIES,ENGINE PARTS,ENG. INTAKE,48,10,80,60,10,https://api.mybihr.com/medias/1010488-1-800Wx800H?context=bWFzdGVyfHJvb3R8MjY5MDF8aW1hZ2UvanBlZ3xhRFpqTDJnMk15ODRPVEkzTURBME1ETXpNRFUwTHpFd01UQTBPRGd0TVY4NE1EQlhlRGd3TUVnfDJjY2M5YTkwYmFjYTE3YWY3ZmMwZWFhNWZhMTY3MGM5N2UwZjgzOTlkZjM3OGQwNGNmMjRhMzYwOGFhMjlmMDA,,,,https://static.bihr.pro/eBihr/Pictures/MIKUNI-pictures.zip,,,Spain Warehouse (Parts)
1010516,MKZ20,VM17/1002-020,MIKUNI,MIKUN JET MKZ 20MM,Chiclé de baja Mikuni VM17/1002-020,8.47,7.00,4.55,VM17/1002-020,2,8409910090,0,1,,,VEHICLE PARTS & ACCESSORIES,ENGINE PARTS,ENG. INTAKE,4,5,16,16,16,https://api.mybihr.com/medias/1010516-1-800Wx800H?context=bWFzdGVyfHJvb3R8Mjg1Mzl8aW1hZ2UvanBlZ3xhRE13TDJneE15ODRPVEkwTURZM05qSTNNRE00THpFd01UQTFNVFl0TVY4NE1EQlhlRGd3TUVnfGFkODQzZTI5M2E2NWZlOTlhMGY5Y2M3ZjBlM2NhY2YwNTlhNTZiMTg2ZTlmNDU4MzgyNWUxNTA1YTk5NGY5Njc,,,,https://static.bihr.pro/eBihr/Pictures/MIKUNI-pictures.zip,,,Spain Warehouse (Parts)
1010518,MKZ25,VM17/1002-025,MIKUNI,MIKUN JET MKZ 25MM,Chiclé de baja Mikuni VM17/1002-025,8.47,7.00,4.55,VM17/1002-025,2,8409910090,0,1,,,VEHICLE PARTS & ACCESSORIES,ENGINE PARTS,ENG. INTAKE,2,5,20,10,10,https://api.mybihr.com/medias/1010518-1-800Wx800H?context=bWFzdGVyfHJvb3R8Mjg1Mzl8aW1hZ2UvanBlZ3xhR0kyTDJnMllTODRPVFExTnpNMk56RXlNakl5THpFd01UQTFNVGd0TVY4NE1EQlhlRGd3TUVnfDY2MGZhMmZhNTYzMDZhZTczYTNhZTMyODkxZmIwZDY4NDk3N2IwNjdlNDZhMDMyNWI1NGQxOWRkOWJiODczZTk,,,,https://static.bihr.pro/eBihr/Pictures/MIKUNI-pictures.zip,,,Spain Warehouse (Parts)
1010613,822369,697-08022-1B,MIKUNI,MIKUN SPAREPARTS WELL NEEDLE,Prolongador de pulverizador Mikuni TMR/ TDMR,8.12,6.71,0.78,697-08022-1B,1,8409910090,0,1,,,VEHICLE PARTS & ACCESSORIES,ENGINE PARTS,ENG. INTAKE,3,11,45,8,8,,,,,https://static.bihr.pro/eBihr/Pictures/MIKUNI-pictures.zip,,,Spain Warehouse (Parts)
1010582,MKU70,VM28/486-70,MIKUNI,MIKUN JET MKU 70MM,Chiclé de baja Mikuni VM28/486-70,9.68,8.00,5.20,VM28/486-70,1,8409910090,0,1,,,VEHICLE PARTS & ACCESSORIES,ENGINE PARTS,ENG. INTAKE,4,1,20,20,10,https://api.mybihr.com/medias/1010582-1-800Wx800H?context=bWFzdGVyfHJvb3R8MjE0NDd8aW1hZ2UvanBlZ3xhREZoTDJnM01TODRPRGN6TnpNeU9EWTJNRGM0THpFd01UQTFPREl0TVY4NE1EQlhlRGd3TUVnfDVkYzZhZDhkYzMwZWJjNGYyOWI0ODhkOWVlYzJhMDUwYzE4MGZlZWJiZDFkZmY0NDFjYTQ1YzllYmFiOWUxMzk,,,,https://static.bihr.pro/eBihr/Pictures/MIKUNI-pictures.zip,,,Spain Warehouse (Parts)
1010603,821056,616-33003,MIKUNI,MIKUN SPAREPARTS CARBURETOR O-RING,Junta tórica Mikuni para HSR42/45 / TMR42/45,2.42,2.00,1.30,616-33003,1,8409910090,0,1,,,VEHICLE PARTS & ACCESSORIES,ENGINE PARTS,ENG. INTAKE,68,100,113,50,12,https://api.mybihr.com/medias/800Wx800H-1010603-1.jpg?context=bWFzdGVyfHJvb3R8Mzc3NDF8aW1hZ2UvanBlZ3xhRGszTDJnNE15OHpNekV6TVRFek1ESXlORFkzTUM4NE1EQlhlRGd3TUVoZk1UQXhNRFl3TXkweExtcHdad3xlY2QzM2Y4ODk2NWQ4MmI4ODI4Nzc1NzY3ZDY5OTYzYWM3ZmFjZTBkMzFiN2QzOGY3NjJhMWIxY2JlYzVlNGIz,,,,https://static.bihr.pro/eBihr/Pictures/MIKUNI-pictures.zip,,,Spain Warehouse (Parts)
1009951,MKM35,BS30/96-035,MIKUNI,MIKUN JET MKM 35MM,Chiclé de baja Mikuni BS30/96-035,9.68,8.00,5.20,BS30/96-035,3,8409910090,0,1,,,VEHICLE PARTS & ACCESSORIES,ENGINE PARTS,ENG. INTAKE,3,100,15,15,15,https://api.mybihr.com/medias/1009951-1-800Wx800H?context=bWFzdGVyfHJvb3R8MjU1MjJ8aW1hZ2UvanBlZ3xhREkxTDJnelpDODRPVEkwTlRjd05EZzBOelkyTHpFd01EazVOVEV0TVY4NE1EQlhlRGd3TUVnfGEyZmVmZjg2YjFiYmMzMmY4ZjljODAzYmQ0ZjU2NGZhMTJhYjA2Njc2NGU5OWM3OWQ5ZTU2MGQ4YjQwNmRhYWU,,,,https://static.bihr.pro/eBihr/Pictures/MIKUNI-pictures.zip,,,Spain Warehouse (Parts)
1010618,822107,730-11003,MIKUNI,MIKUN SPAREPARTS VALVE SLIDE SPRING,Muelle de campana de carburador Mikuni TM24,3.63,3.00,1.95,730-11003,0,8409910090,0,1,,,VEHICLE PARTS & ACCESSORIES,ENGINE PARTS,ENG. INTAKE,4,15,16,16,16,https://api.mybihr.com/medias/1010618-1-800Wx800H?context=bWFzdGVyfHJvb3R8MzgyODJ8aW1hZ2UvanBlZ3xhR1UwTDJnMU1TODRPVEkyTnpBMU56YzROekU0THpFd01UQTJNVGd0TVY4NE1EQlhlRGd3TUVnfDQxZWIxMmRjYmYyMWFmYjhjYjBmMWRlYTgzNjUzYjU3ZDUyNjY0MGVlNTBjYzNmZjMyMjBlZjdhYTgyZTE3MjM,,,,https://static.bihr.pro/eBihr/Pictures/MIKUNI-pictures.zip,,,Spain Warehouse (Parts)
1010648,825014,786-46001-1.8,MIKUNI,"MIKUN SPAREPARTS NEEDLE VALVE KIT 1,8",Válvula de aguja carburador Mikuni 1.8 TM32-38,31.46,26.00,16.90,786-46001-1.8,0,8409910090,0,1,,,VEHICLE PARTS & ACCESSORIES,ENGINE PARTS,ENG. INTAKE,6,100,25,15,15,https://api.mybihr.com/medias/1010648-1-800Wx800H?context=bWFzdGVyfHJvb3R8Mjk0ODJ8aW1hZ2UvanBlZ3xhR0kzTDJobVppODRPVFV6TXpVME1EVTVPREEyTHpFd01UQTJORGd0TVY4NE1EQlhlRGd3TUVnfGMzYTU4Y2EyNWUyNzFlMmNkMWMzMzhiOTA1NjJjZWRmYTExZDg0NTE0Yzk5MzAyMmE2MDM2ZjA2NjYyMzljZGU,,,,https://static.bihr.pro/eBihr/Pictures/MIKUNI-pictures.zip,,,Spain Warehouse (Parts)
1009938,MKA65,4/042-65,MIKUNI,MIKUN JET MKA 65MM,Chiclé de alta Mikuni 4/042-65,8.47,7.00,4.55,4/042-65,3,8409910090,0,1,,,VEHICLE PARTS & ACCESSORIES,ENGINE PARTS,ENG. INTAKE,48,10,80,60,10,https://api.mybihr.com/medias/1009938-1-800Wx800H?context=bWFzdGVyfHJvb3R8MjY1ODd8aW1hZ2UvanBlZ3xhRGM1TDJoaU5TODRPVE0wTnpnek5EVXhNVFkyTHpFd01EazVNemd0TVY4NE1EQlhlRGd3TUVnfDY0Y2ZiMmE4OTk0NDg3MmViMmRjYjM2NmMzY2E4MWIyMzIzNjg1NjM2ZTM2NmNjYWRkZWE2ZTcxMzJkZjVmNTA,,,,https://static.bihr.pro/eBihr/Pictures/MIKUNI-pictures.zip,,,Spain Warehouse (Parts)
1010655,826087,832-17003-3.0,MIKUNI,"MIKUN SPAREPARTS VALVE 3,0 VM 14/18",Campana de carburador Mikuni 3.0 VM14/VM18,14.29,11.81,1.38,832-17003-3.0,1,8409910090,0,1,,,VEHICLE PARTS & ACCESSORIES,ENGINE PARTS,ENG. INTAKE,4,19,13,15,20,https://api.mybihr.com/medias/1010655-1-800Wx800H?context=bWFzdGVyfHJvb3R8MjI4ODF8aW1hZ2UvanBlZ3xhR1EyTDJnd09DODRPVEkwTVRjM05UazJORFEyTHpFd01UQTJOVFV0TVY4NE1EQlhlRGd3TUVnfGY0Y2NjMTU4OGU5ZTBiYmY4MzNjNTRhMWZlNWFkZmJiOTFhMWFiMjgxZWJlYjM4YTg4OGVlOWRmNTcwMDI0NTk,,,,https://static.bihr.pro/eBihr/Pictures/MIKUNI-pictures.zip,,,Spain Warehouse (Parts)
1009982,MKN1.75,BS30/97-1.75,MIKUNI,"MIKUN JET MKN 1,75MM",Chiclé de aire Mikuni BS30/97-1.75,8.47,7.00,0.25,BS30/97-1.75,7,8409910090,0,1,,,VEHICLE PARTS & ACCESSORIES,ENGINE PARTS,ENG. INTAKE,2,100,11,11,15,,,,,https://static.bihr.pro/eBihr/Pictures/MIKUNI-pictures.zip,,,Spain Warehouse (Parts)
1009934,MKA60,4/042-60,MIKUNI,MIKUN JET MKA 60MM,Chiclé de alta Mikuni 4/042-60,8.47,7.00,4.55,4/042-60,2,8409910090,0,1,,,VEHICLE PARTS & ACCESSORIES,ENGINE PARTS,ENG. INTAKE,48,10,80,60,10,https://api.mybihr.com/medias/1009934-1-800Wx800H?context=bWFzdGVyfHJvb3R8MjY1ODd8aW1hZ2UvanBlZ3xhRFEzTDJnd05TODRPVE00TWpRNE5qTTBNems0THpFd01EazVNelF0TVY4NE1EQlhlRGd3TUVnfDU5MThhMmZiZmFjNzFjNTVhMjc5N2I3YzNhNDI0ZGZiMTcxODdjZmY5ZTQ5M2RiY2MzMTRlNTBmNjc4MjA4YzI,,,,https://static.bihr.pro/eBihr/Pictures/MIKUNI-pictures.zip,,,Spain Warehouse (Parts)
1009966,MKN0.8,BS30/97-0.8,MIKUNI,"MIKUN JET MKN 0,8MM",Chiclé de aire Mikuni BS30/97-0.8,8.47,7.00,4.55,BS30/97-0.8,3,8409910090,0,1,,,VEHICLE PARTS & ACCESSORIES,ENGINE PARTS,ENG. INTAKE,0,5,8,4,4,https://api.mybihr.com/medias/1009966-1-800Wx800H?context=bWFzdGVyfHJvb3R8Mjk2MDl8aW1hZ2UvanBlZ3xhRFkzTDJnMU5TODRPVEkyTnpjMk1UWTBNemd5THpFd01EazVOall0TVY4NE1EQlhlRGd3TUVnfGFhYzQ4OWY4ZmJkODQyOTEzOWE5MmIzZDNkZTI1NDMwZDIyYWEzZmE1YjJmMWRlY2ExMjgwYjY0YTAyYmFiNDk,,,,https://static.bihr.pro/eBihr/Pictures/MIKUNI-pictures.zip,,,Spain Warehouse (Parts)
1010704,821046,BN44/145,MIKUNI,MIKUN SPAREPARTS DIAPHRAGM,Difragma de carburador Mikuni Super BN,15.73,13.00,8.45,BN44/145,2,8409910090,0,1,,,VEHICLE PARTS & ACCESSORIES,ENGINE PARTS,ENG. INTAKE,39,24,62,70,9,,,,,https://static.bihr.pro/eBihr/Pictures/MIKUNI-pictures.zip,,,Spain Warehouse (Parts)
1010737,MEG-032,MEG-032,MIKUNI,MIKUN SPAREPARTS CHOKE KIT,Kit starter Mikuni TM/TMX/VM,16.94,14.00,9.10,MEG-032,0,8409910090,0,1,,,VEHICLE PARTS & ACCESSORIES,ENGINE PARTS,ENG. INTAKE,121,52,95,58,22,https://api.mybihr.com/medias/800Wx800H-1010737-1.jpg?context=bWFzdGVyfHJvb3R8Nzc3NDl8aW1hZ2UvanBlZ3xhRFF5TDJnM05pODRNemM0T1RBMk5qUTJPVFF3Tmk4NE1EQlhlRGd3TUVoZk1UQXhNRGN6TnkweExtcHdad3w4ZWM2ZDEyNGNhNTgxZDcwZGVjZTU5ODczN2ZkNzhhMGVlYTcwNDdmNTU4Mjk2MGZlYmU3ZjI0MTBlMzBjYWQ0,,,,https://static.bihr.pro/eBihr/Pictures/MIKUNI-pictures.zip,,,Spain Warehouse (Parts)
1010729,822037,M20/11,MIKUNI,MIKUN SPAREPARTS SPRING,Muelle de carburador Mikuni VM26/44,2.42,2.00,1.30,M20/11,0,8409910090,0,1,,,VEHICLE PARTS & ACCESSORIES,ENGINE PARTS,ENG. INTAKE,4,15,16,16,16,https://api.mybihr.com/medias/1010729-1-800Wx800H?context=bWFzdGVyfHJvb3R8MzgyODJ8aW1hZ2UvanBlZ3xhR0k0TDJnME1TODRPVEkyTXpZNE16azVNemt3THpFd01UQTNNamt0TVY4NE1EQlhlRGd3TUVnfGUyN2Q4OGFkMzE2OTQwYTIyY2QyZWNiYTljM2E1NjU1MDRjMzE3ZTQ5NTU0NThkYWM5NTIzNjNhOGI2YmI3NDA,,,,https://static.bihr.pro/eBihr/Pictures/MIKUNI-pictures.zip,,,Spain Warehouse (Parts)
1010215,MKC52.5,N100604-0525,MIKUNI,"MIKUN JET MKC 52,5MM","Chiclé de alta Mikuni N100604-052,5",7.26,6.00,2.20,N100604-0525,4,8409910090,0,1,,,VEHICLE PARTS & ACCESSORIES,ENGINE PARTS,ENG. INTAKE,48,10,80,60,10,https://api.mybihr.com/medias/1010215-1-800Wx800H?context=bWFzdGVyfHJvb3R8MjM1OTV8aW1hZ2UvanBlZ3xhRFEzTDJoaU5pODRPRFUyTnpReE16UTNNelU0THpFd01UQXlNVFV0TVY4NE1EQlhlRGd3TUVnfDM3ODI4ZjliMTMwYjRkYmRiM2Y5M2NlODU0NDBlMjFkODgyYzU5NWQ2MDYxMDE0ODg1ZGQ1ZWNkZTJlNzZiZmQ,,,,https://static.bihr.pro/eBihr/Pictures/MIKUNI-pictures.zip,,,Spain Warehouse (Parts)
1010209,MKB175,M10/14-175,MIKUNI,MIKUN JET MKB 175MM,Chiclé de alta Mikuni M10/14-175,8.47,7.00,0.45,M10/14-175,8,8409910090,0,1,,,VEHICLE PARTS & ACCESSORIES,ENGINE PARTS,ENG. INTAKE,48,10,80,60,10,https://api.mybihr.com/medias/1010209-1-800Wx800H?context=bWFzdGVyfHJvb3R8MjU3MjZ8aW1hZ2UvanBlZ3xhR0ppTDJnNFpTODRPVEF4TXpjd09EQTJNekF5THpFd01UQXlNRGt0TVY4NE1EQlhlRGd3TUVnfDhlNjI4YzY3MDBmYjVjZGVlNGJiOWU2MTVmNTZmNjI0ZTM5MjMwYzQ2MTYyZWQ2ZTM3OTNkYmRhN2EzMmNhZWY,,,,https://static.bihr.pro/eBihr/Pictures/MIKUNI-pictures.zip,,,Spain Warehouse (Parts)
1010211,MKB185,M10/14-185,MIKUNI,MIKUN JET MKB 185MM,Chiclé de alta Mikuni M10/14-185,8.47,7.00,2.20,M10/14-185,7,8409910090,0,1,,,VEHICLE PARTS & ACCESSORIES,ENGINE PARTS,ENG. INTAKE,48,10,80,60,10,https://api.mybihr.com/medias/1010211-1-800Wx800H?context=bWFzdGVyfHJvb3R8MjU3MjZ8aW1hZ2UvanBlZ3xhR1JpTDJnNFppODRPRGN6TXpNMk56QXdPVFU0THpFd01UQXlNVEV0TVY4NE1EQlhlRGd3TUVnfDIxZjliYzkxYTgyNTk0YzMzODNmMGE4YzFiZjZhOTQ0NjFiODA0MmRhMjY5Mzc1MDQxZjdiZjYzMGI2NTZiMGI,,,,https://static.bihr.pro/eBihr/Pictures/MIKUNI-pictures.zip,,,Spain Warehouse (Parts)
1010711,822176,CW2=0307-G,MIKUNI,MIKUN SPAREPARTS SCREW,Tornillo de carburador Mikuni SBN38-44-46,2.99,2.47,0.07,CW2=0307-G,1,8409910090,0,1,,,VEHICLE PARTS & ACCESSORIES,ENGINE PARTS,ENG. INTAKE,112,2,80,140,10,,,,,https://static.bihr.pro/eBihr/Pictures/MIKUNI-pictures.zip,,,Spain Warehouse (Parts)
1010214,MKC50,N100604-050,MIKUNI,MIKUN JET MKC 50MM,Chiclé de alta Mikuni N100604-050,7.26,6.00,2.20,N100604-050,2,8409910090,0,1,,,VEHICLE PARTS & ACCESSORIES,ENGINE PARTS,ENG. INTAKE,4,5,16,16,16,https://api.mybihr.com/medias/1010214-1-800Wx800H?context=bWFzdGVyfHJvb3R8MjM1OTV8aW1hZ2UvanBlZ3xhR1psTDJnMllpODRPVEF4TnpJME1URXdPRGM0THpFd01UQXlNVFF0TVY4NE1EQlhlRGd3TUVnfGJiZTUyNGNlYTYwZWFhNTU4NTA2OGE2YTRiMjljMzg3NWYzZGJjZGFiZmY5YjU2MzFmYjZmM2ZkNmM5YmRmMGU,,,,https://static.bihr.pro/eBihr/Pictures/MIKUNI-pictures.zip,,,Spain Warehouse (Parts)
1010218,MKC60,N100604-060,MIKUNI,MIKUN JET MKC 60MM,Chiclé de alta Mikuni N100604-060,7.26,6.00,3.90,N100604-060,3,8409910090,0,1,,,VEHICLE PARTS & ACCESSORIES,ENGINE PARTS,ENG. INTAKE,4,5,16,16,16,https://api.mybihr.com/medias/1010218-1-800Wx800H?context=bWFzdGVyfHJvb3R8MjM1OTV8aW1hZ2UvanBlZ3xhREExTDJobU5TODRPVE0wT0RnNU5qZzFNREl5THpFd01UQXlNVGd0TVY4NE1EQlhlRGd3TUVnfDM4OGJhNjM5ZTdlMjYyOTU1ODYxNDYwYmUzYzdiNmYzMWEyOWVjODg5NGZmZTc1YjZjNzBmMjczNTA5YTA4ZTM,,,,https://static.bihr.pro/eBihr/Pictures/MIKUNI-pictures.zip,,,Spain Warehouse (Parts)
1010219,MKC62.5,N100604-0625,MIKUNI,"MIKUN JET MKC 62,5MM","Chiclé de alta Mikuni N100604-062,5",7.26,6.00,3.90,N100604-0625,0,8409910090,0,1,,,VEHICLE PARTS & ACCESSORIES,ENGINE PARTS,ENG. INTAKE,48,10,80,60,10,https://api.mybihr.com/medias/1010219-1-800Wx800H?context=bWFzdGVyfHJvb3R8MjM1OTV8aW1hZ2UvanBlZ3xhRGhqTDJnNU1pODRPVEF4TlRnd09EUTVNVGd5THpFd01UQXlNVGt0TVY4NE1EQlhlRGd3TUVnfGFjOWY1ZGYzMGUwMWM5Mjc0Mzk1MTgwMzgzYmJjM2M0MTdmOTQ2YjVlN2RmYjVlMDkxZWQ1OGM4ZWFjZTZkMjE,,,,https://static.bihr.pro/eBihr/Pictures/MIKUNI-pictures.zip,,,Spain Warehouse (Parts)
1010735,822458,MEG-013,MIKUNI,MIKUN SPAREPARTS CHOKE KIT,Kit starter Mikuni 800021 para VM16/VM20,22.99,19.00,12.35,MEG-013,1,8409910090,0,1,,,VEHICLE PARTS & ACCESSORIES,ENGINE PARTS,ENG. INTAKE,3,100,15,15,15,,,,,https://static.bihr.pro/eBihr/Pictures/MIKUNI-pictures.zip,,,Spain Warehouse (Parts)
1010786,822259,TM42/20,MIKUNI,MIKUN SPAREPARTS CARBURATOR LINKAGE CAM,Levantador de levas de carburador Mikuni HSR42/45 / TMR42/45,19.44,16.07,1.65,TM42/20,1,8409910090,0,1,,,VEHICLE PARTS & ACCESSORIES,ENGINE PARTS,ENG. INTAKE,111,9,74,30,50,,,,,https://static.bihr.pro/eBihr/Pictures/MIKUNI-pictures.zip,,,Spain Warehouse (Parts)
1010220,MKC65,N100604-065,MIKUNI,MIKUN JET MKC 65MM,Chiclé de alta Mikuni N100604-065,7.26,6.00,3.90,N100604-065,0,8409910090,0,1,,,VEHICLE PARTS & ACCESSORIES,ENGINE PARTS,ENG. INTAKE,4,5,16,16,16,https://api.mybihr.com/medias/1010220-1-800Wx800H?context=bWFzdGVyfHJvb3R8MjM1OTV8aW1hZ2UvanBlZ3xhRFF4TDJnMk5TODRPVEF4TnpJME16QTNORGcyTHpFd01UQXlNakF0TVY4NE1EQlhlRGd3TUVnfDJjM2MxNzJiMjA0MzVkOWFmYjI5YzhjZmQ3YmQ2Mjg1ZGJjYmFmMzA2NDYwYzNiNDU3NDYwMjBkNzViNjRhNWE,,,,https://static.bihr.pro/eBihr/Pictures/MIKUNI-pictures.zip,,,Spain Warehouse (Parts)
1010697,822443,BN38/166,MIKUNI,MIKUN SPAREPARTS LOW REV SCREW,Tornillo de bajas Mikuni SBN44/46 con lengüeta,10.19,8.42,5.76,BN38/166,1,8409910090,0,1,,,VEHICLE PARTS & ACCESSORIES,ENGINE PARTS,ENG. INTAKE,48,10,80,60,10,,,,,https://static.bihr.pro/eBihr/Pictures/MIKUNI-pictures.zip,,,Spain Warehouse (Parts)
1010836,822092,VM22/185,MIKUNI,MIKUN SPAREPARTS BLEED SCREW,Tornillo de cuba de carburador Mikuni TM24,2.42,2.00,1.30,VM22/185,0,8409910090,0,1,,,VEHICLE PARTS & ACCESSORIES,ENGINE PARTS,ENG. INTAKE,0,10,10,6,6,,,,,https://static.bihr.pro/eBihr/Pictures/MIKUNI-pictures.zip,,,Spain Warehouse (Parts)
1010754,822423,N198006,MIKUNI,MIKUN SPAREPARTS SPACER,Reten T toma de combustible carburadores Mikuni BST / BDST (x1),4.84,4.00,2.60,N198006,1,8409910090,0,1,,,VEHICLE PARTS & ACCESSORIES,ENGINE PARTS,ENG. INTAKE,123,100,121,68,15,https://api.mybihr.com/medias/800Wx800H-1010754-1.jpg?context=bWFzdGVyfHJvb3R8NDA3NHxpbWFnZS9qcGVnfGFHVXlMMmd3TkM4ME56VTFPREU0TXpZeE5qVTBNaTg0TURCWGVEZ3dNRWhmTVRBeE1EYzFOQzB4TG1wd1p3fDdmMzNkMjk1ZTM0ZjZjOWQ4ZjkwYjkyY2NkOGUwMzU2YzAyYTgxMWVjMDUwNzc4OWE3ZDE0NDY2YWUyM2IyNTc,,,,https://static.bihr.pro/eBihr/Pictures/MIKUNI-pictures.zip,,,Spain Warehouse (Parts)
1010755,822218,N3=03-B,MIKUNI,MIKUN SPAREPARTS CARBURETOR NUT,Tuerca Mikuni RS 34-40 TM36-40,2.42,2.00,1.30,N3=03-B,0,8409910090,0,1,,,VEHICLE PARTS & ACCESSORIES,ENGINE PARTS,ENG. INTAKE,3,100,15,15,15,https://api.mybihr.com/medias/800Wx800H-1010755-1.jpg?context=bWFzdGVyfHJvb3R8NDUzNTB8aW1hZ2UvanBlZ3xhR0ZqTDJnM09TOHpNekV6TVRNek9USTRORFV4TUM4NE1EQlhlRGd3TUVoZk1UQXhNRGMxTlMweExtcHdad3w1NDUyNWFmODY5MmZmZTJlNWY3NDQ3MmQ0ZmEyYWFlYWE0ZjY0YjFmMWVmNDUyOGMxY2YzN2IzOTY4ZWY5MTdm,,,,https://static.bihr.pro/eBihr/Pictures/MIKUNI-pictures.zip,,,Spain Warehouse (Parts)
1010840,822127,VM24/556,MIKUNI,MIKUN SPAREPARTS SPRING,Muelle para carburador Mikuni TM32-34-38,2.42,2.00,1.30,VM24/556,0,8409910090,0,1,,,VEHICLE PARTS & ACCESSORIES,ENGINE PARTS,ENG. INTAKE,4,15,16,16,16,https://api.mybihr.com/medias/1010840-1-800Wx800H?context=bWFzdGVyfHJvb3R8MzgyODJ8aW1hZ2UvanBlZ3xhR1V6TDJnNU1TODVNREV5TkRZeE5qQXdOems0THpFd01UQTROREF0TVY4NE1EQlhlRGd3TUVnfGU1M2VjM2ZjOWEzY2VkOWEzOGNiYzkwY2QwZGU5ZjQwY2M0NDI2NTQ5OGM2MjlkZGM5N2MzMGUxYTNkNGZiMjY,,,,https://static.bihr.pro/eBihr/Pictures/MIKUNI-pictures.zip,,,Spain Warehouse (Parts)
1010324,MKR70,N101043-070,MIKUNI,MIKUN JET MKR 70MM,Chiclé Mikuni N101043-070,6.07,5.02,0.58,N101043-070,3,8409910090,0,1,,,VEHICLE PARTS & ACCESSORIES,ENGINE PARTS,ENG. INTAKE,48,10,80,60,10,,,,,https://static.bihr.pro/eBihr/Pictures/MIKUNI-pictures.zip,,,Spain Warehouse (Parts)
1010790,822454,TMR36/01,MIKUNI,MIKUN SPAREPARTS RETAINING SCREW,Tornillo de regulación de aguja de carburador Mikuni TMX36-38 NEW model,9.68,8.00,5.20,TMR36/01,0,8409910090,0,1,,,VEHICLE PARTS & ACCESSORIES,ENGINE PARTS,ENG. INTAKE,48,10,80,60,10,,,,,https://static.bihr.pro/eBihr/Pictures/MIKUNI-pictures.zip,,,Spain Warehouse (Parts)
1010797,822426,TMR40/62-1B,MIKUNI,MIKUN SPAREPARTS SCREW,Tornillo carburador Mikuni TMR/ TDMR,4.02,3.32,2.16,TMR40/62-1B,1,8409910090,0,1,,,VEHICLE PARTS & ACCESSORIES,ENGINE PARTS,ENG. INTAKE,48,10,80,60,10,,,,,https://static.bihr.pro/eBihr/Pictures/MIKUNI-pictures.zip,,,Spain Warehouse (Parts)
1010342,MKD70,N102221-070,MIKUNI,MIKUN JET MKD 70MM,Chiclé de alta Mikuni N102221-070,4.84,4.00,2.60,N102221-070,0,8409910090,0,1,,,VEHICLE PARTS & ACCESSORIES,ENGINE PARTS,ENG. INTAKE,3,100,15,15,15,https://api.mybihr.com/medias/1010342-1-800Wx800H?context=bWFzdGVyfHJvb3R8MjQ4ODd8aW1hZ2UvanBlZ3xhRFkxTDJnM1pTODRPRFUyTnpnNE9USTJORGswTHpFd01UQXpOREl0TVY4NE1EQlhlRGd3TUVnfDRhNWY5NDg1ODAxOWFmMDUwOTkyZGNjOGViZTJjMWYxYWNiM2JmMDM3ZmUzMzg1Mjc5ZThhNWE1MDI3NDhiNmY,,,,https://static.bihr.pro/eBihr/Pictures/MIKUNI-pictures.zip,,,Spain Warehouse (Parts)
1010343,MKD72.5,N102221-0725,MIKUNI,"MIKUN JET MKD 72,5MM","Chiclé de alta Mikuni N102221-072,5",4.84,4.00,2.60,N102221-0725,9,8409910090,0,1,,,VEHICLE PARTS & ACCESSORIES,ENGINE PARTS,ENG. INTAKE,3,5,15,15,15,https://api.mybihr.com/medias/1010343-1-800Wx800H?context=bWFzdGVyfHJvb3R8MjQ4ODd8aW1hZ2UvanBlZ3xhR1prTDJnek9TODRPVEF4TkRBNE9ERTNNVGd5THpFd01UQXpORE10TVY4NE1EQlhlRGd3TUVnfDkyZTZiNWY4YTFmMTg1MmZiZWIwYzdjZGYzOTQ2NWFjMWQwNjhmNGQ5ZTg0NTBkZGI4MzYzNjkyMjk4NzY5MjQ,,,,https://static.bihr.pro/eBihr/Pictures/MIKUNI-pictures.zip,,,Spain Warehouse (Parts)
1010351,MKD92.5,N102221-0925,MIKUNI,"MIKUN JET MKD 92,5MM","Chiclé de alta Mikuni N102221-092,5",4.84,4.00,2.60,N102221-0925,1,8409910090,0,1,,,VEHICLE PARTS & ACCESSORIES,ENGINE PARTS,ENG. INTAKE,8,105,20,20,20,https://api.mybihr.com/medias/1010351-1-800Wx800H?context=bWFzdGVyfHJvb3R8MjQ4ODd8aW1hZ2UvanBlZ3xhR0kzTDJoaVppODRPVE00TWpZMk5ESTNOREl5THpFd01UQXpOVEV0TVY4NE1EQlhlRGd3TUVnfDcwYThlNjdlNzA1Y2QzZTFmOWJlNjg4NGM1NTBlZWU3NzM4MDY2ZjFiNTIzYTE1YmI0Y2JmODZiMjRjMTkzM2U,,,,https://static.bihr.pro/eBihr/Pictures/MIKUNI-pictures.zip,,,Spain Warehouse (Parts)
1010903,822089,VM34/103,MIKUNI,MIKUN SPAREPARTS CARBURETOR HOSE GUIDE,Guía de macarrón de gasolina para carburador Mikuni TM32 / 38,3.63,3.00,1.95,VM34/103,4,8409910090,0,1,,,VEHICLE PARTS & ACCESSORIES,ENGINE PARTS,ENG. INTAKE,1,10,19,15,4,,,,,https://static.bihr.pro/eBihr/Pictures/MIKUNI-pictures.zip,,,Spain Warehouse (Parts)
1010865,822085,VM26/42,MIKUNI,MIKUN SPAREPARTS RUBBER CAP,Capuchón de goma para carburador Mikuni TM28 / 38 TMX 35/38 / TMS 38,7.26,6.00,3.90,VM26/42,0,8409910090,0,1,,,VEHICLE PARTS & ACCESSORIES,ENGINE PARTS,ENG. INTAKE,4,100,20,20,10,,,,,https://static.bihr.pro/eBihr/Pictures/MIKUNI-pictures.zip,,,Spain Warehouse (Parts)
1010381,MKD167.5,N102221-1675,MIKUNI,"MIKUN JET MKD 167,5MM","Chiclé de alta Mikuni N102221-167,5",4.84,4.00,2.60,N102221-1675,7,8409910090,0,1,,,VEHICLE PARTS & ACCESSORIES,ENGINE PARTS,ENG. INTAKE,48,10,80,60,10,https://api.mybihr.com/medias/1010381-1-800Wx800H?context=bWFzdGVyfHJvb3R8MjQ4ODd8aW1hZ2UvanBlZ3xhRFZqTDJnNU15ODRPVEF3T1RrMk56VTVOVGd5THpFd01UQXpPREV0TVY4NE1EQlhlRGd3TUVnfGFiZGI0OTYzZGI5NmYwNTVlYWVkMjc5ZGQ0YjZiYzAwMmMzODMwNzFjNzFjNmExYzhhOTI5NDM0OGVlYmFjZGU,,,,https://static.bihr.pro/eBihr/Pictures/MIKUNI-pictures.zip,,,Spain Warehouse (Parts)
1010436,MKO50,N211100-050,MIKUNI,MIKUN JET MKO 50MM,Chiclé Mikuni N211100-050,9.68,8.00,5.20,N211100-050,4,8409910090,0,1,,,VEHICLE PARTS & ACCESSORIES,ENGINE PARTS,ENG. INTAKE,1,5,12,12,10,https://api.mybihr.com/medias/1010436-1-800Wx800H?context=bWFzdGVyfHJvb3R8MzE2NTN8aW1hZ2UvanBlZ3xhRE5tTDJneVpTODRPVFV5TmpZd056VTBORFl5THpFd01UQTBNell0TVY4NE1EQlhlRGd3TUVnfDlhOGU4ZGMxMjhjMDRmYjMzMWYxYzM1ZTFlNTQ3YTY3OTFiYTYwNmEwMDI2YmE5Y2JmYTZhZDFkMDMzMDhiMDk,,,,https://static.bihr.pro/eBihr/Pictures/MIKUNI-pictures.zip,,,Spain Warehouse (Parts)
1010437,MKO55,N211100-055,MIKUNI,MIKUN JET MKO 55MM,Chiclé Mikuni N211100-055,9.68,8.00,1.66,N211100-055,3,8409910090,0,1,,,VEHICLE PARTS & ACCESSORIES,ENGINE PARTS,ENG. INTAKE,8,5,20,20,20,https://api.mybihr.com/medias/1010437-1-800Wx800H?context=bWFzdGVyfHJvb3R8MzE2NTN8aW1hZ2UvanBlZ3xhR1kwTDJnNVppODRPVFE1TURZME1EUXdORGM0THpFd01UQTBNemN0TVY4NE1EQlhlRGd3TUVnfDBmM2Q4NTJkMmVhNTY2OTVkOWU3OTE5YjUzNTg5NzExNDM1MTVjNDcyNzRhY2ZiZTIyMDA5NjNlNjVjNWFkY2I,,,,https://static.bihr.pro/eBihr/Pictures/MIKUNI-pictures.zip,,,Spain Warehouse (Parts)
1010440,MKO100,N211100-100,MIKUNI,MIKUN JET MKO 100MM,Chiclé Mikuni N211100-100,9.68,8.00,5.20,N211100-100,7,8409910090,0,1,,,VEHICLE PARTS & ACCESSORIES,ENGINE PARTS,ENG. INTAKE,0,50,8,8,4,https://api.mybihr.com/medias/1010440-1-800Wx800H?context=bWFzdGVyfHJvb3R8MzE2NTN8aW1hZ2UvanBlZ3xhRGs1TDJnelpDODRPVEF4TXpnd056QXlNak00THpFd01UQTBOREF0TVY4NE1EQlhlRGd3TUVnfGRiMTMwODQyODVkMWU5YTA2ZDAzODkwODNmOTU1ZTJkNmFiMzhlNTc3OWVhNmFjZjkxODIyZGJiM2MxN2VhYmQ,,,,https://static.bihr.pro/eBihr/Pictures/MIKUNI-pictures.zip,,,Spain Warehouse (Parts)
1010949,360273,VM38/212,MIKUNI,MIKUN SPAREPARTS LEVER PUMP,Palanca bomba de acelerador Carburador Mikuni TM33,6.05,5.00,0.47,VM38/212,6,8409910090,0,1,,,VEHICLE PARTS & ACCESSORIES,ENGINE PARTS,ENG. INTAKE,8,100,24,20,17,,,,,https://static.bihr.pro/eBihr/Pictures/MIKUNI-pictures.zip,,,Spain Warehouse (Parts)
1010410,MKL60,N151067-60,MIKUNI,MIKUN JET MKL 60MM,Chiclé de baja Mikuni N151067-60,10.89,9.00,5.85,N151067-60,0,8409910090,0,1,,,VEHICLE PARTS & ACCESSORIES,ENGINE PARTS,ENG. INTAKE,2,5,20,10,10,https://api.mybihr.com/medias/1010410-1-800Wx800H?context=bWFzdGVyfHJvb3R8MjU2Mzd8aW1hZ2UvanBlZ3xhREF6TDJoaFpTODVNREV5TkRVNE9EUTRNamcyTHpFd01UQTBNVEF0TVY4NE1EQlhlRGd3TUVnfDNjNzRjMDRlNjY0M2M1N2IxMjNiN2EwMGIwMzllOWY1Y2Y3ZDZhYzRmZGY4NjE4MzkxMGRiMjUyZTBmYjk5Yjg,,,,https://static.bihr.pro/eBihr/Pictures/MIKUNI-pictures.zip,,,Spain Warehouse (Parts)
1010412,MKL65,N151067-65,MIKUNI,MIKUN JET MKL 65MM,Chiclé de baja Mikuni N151067-65,10.89,9.00,5.85,N151067-65,0,8409910090,0,1,,,VEHICLE PARTS & ACCESSORIES,ENGINE PARTS,ENG. INTAKE,48,10,80,60,10,https://api.mybihr.com/medias/1010412-1-800Wx800H?context=bWFzdGVyfHJvb3R8MjU2Mzd8aW1hZ2UvanBlZ3xhREJqTDJneFpTODRPRGN6TkRVek9ERXpOemt3THpFd01UQTBNVEl0TVY4NE1EQlhlRGd3TUVnfDhlMTVkMWJmYzhmMTEwNTZkZjM2NzM0ZDYzYjQ4ZWZmZDc1Y2MxNzFiYTc1MTFlNTgwYWE2YTRmZjM5Nzc5OTE,,,,https://static.bihr.pro/eBihr/Pictures/MIKUNI-pictures.zip,,,Spain Warehouse (Parts)
1010413,MKH120,N208099-120,MIKUNI,MIKUN JET MKH 120MM,Chiclé de alta Mikuni N208099-120 (requiere junta 821068),9.68,8.00,5.20,N208099-120,4,8409910090,0,1,,,VEHICLE PARTS & ACCESSORIES,ENGINE PARTS,ENG. INTAKE,48,10,80,60,10,https://api.mybihr.com/medias/1010413-1-800Wx800H?context=bWFzdGVyfHJvb3R8MjgzNTl8aW1hZ2UvanBlZ3xhR1V3TDJnd01pODRPRFUyT0RFeE16TTVPREEyTHpFd01UQTBNVE10TVY4NE1EQlhlRGd3TUVnfGNmYjI3MzA1NTExYjNhMzk2YmFjMjQzMWU0ODM5ODhkZTk2MTI4NDdhNjg4MWRlY2E0MTc3MWY3MzRmOGMwMTg,,,,https://static.bihr.pro/eBihr/Pictures/MIKUNI-pictures.zip,,,Spain Warehouse (Parts)
1010921,822056,VM34/42,MIKUNI,MIKUN SPAREPARTS BOWL PLUG,Tornillo de cuba de carburador Mikuni VM30 standard/32/34,6.05,5.00,3.29,VM34/42,1,8409910090,0,1,,,VEHICLE PARTS & ACCESSORIES,ENGINE PARTS,ENG. INTAKE,188,10,108,79,22,,,,,https://static.bihr.pro/eBihr/Pictures/MIKUNI-pictures.zip,,,Spain Warehouse (Parts)
1010411,MKL62.5,N151067-62.5,MIKUNI,"MIKUN JET MKL 62,5MM",Chiclé de baja Mikuni N151067-62.5,10.89,9.00,5.85,N151067-62.5,6,8409910090,0,1,,,VEHICLE PARTS & ACCESSORIES,ENGINE PARTS,ENG. INTAKE,3,3,24,23,5,https://api.mybihr.com/medias/1010411-1-800Wx800H?context=bWFzdGVyfHJvb3R8MjU2Mzd8aW1hZ2UvanBlZ3xhR1UxTDJnMVppODRPVFk0T0Rnd056Z3pNemt3THpFd01UQTBNVEV0TVY4NE1EQlhlRGd3TUVnfGRlNjQ1ODgwYzYyMjEwNzQzOWM1ZWM1NTcyNjUwNGJiYjIyMzg5YTBhOWFjMmZhYTgzNDUxMTdlZDQ1OWFjNmI,,,,https://static.bihr.pro/eBihr/Pictures/MIKUNI-pictures.zip,,,Spain Warehouse (Parts)
1010414,MKH122.5,N208099-122.5,MIKUNI,"MIKUN JET MKH 122,5MM",Chiclé de alta Mikuni N208099-122.5 (requiere junta 821068),9.68,8.00,5.20,N208099-122.5,4,8409910090,0,1,,,VEHICLE PARTS & ACCESSORIES,ENGINE PARTS,ENG. INTAKE,3,100,15,15,15,https://api.mybihr.com/medias/1010414-1-800Wx800H?context=bWFzdGVyfHJvb3R8MTA2NzV8aW1hZ2UvanBlZ3xhR0V4TDJnMk5pODRPVFk0T0Rnd09UYzVPVGs0THpFd01UQTBNVFF0TVY4NE1EQlhlRGd3TUVnfDBhYWZmMWM4Y2I0NmYxMDc5NWVjNzAzN2JhM2JkMjYyOGE1ZTJhYzJmMzg1MGE5MDU3MmY1ZDFmMWVhYzVmNjM,,,,https://static.bihr.pro/eBihr/Pictures/MIKUNI-pictures.zip,,,Spain Warehouse (Parts)
1010396,MKD220,N102221-220,MIKUNI,MIKUN JET MKD 220MM,Chiclé de alta Mikuni N102221-220,4.84,4.00,2.20,N102221-220,9,8409910090,0,1,,,VEHICLE PARTS & ACCESSORIES,ENGINE PARTS,ENG. INTAKE,48,10,80,60,10,https://api.mybihr.com/medias/1010396-1-800Wx800H?context=bWFzdGVyfHJvb3R8MjQ4ODd8aW1hZ2UvanBlZ3xhRGM0TDJnMU1TODRPVFE1TURZek9EUXpPRGN3THpFd01UQXpPVFl0TVY4NE1EQlhlRGd3TUVnfGY0Y2M3MTRjOTJkMWJjMGExOTU0ODZhOTY0NWY3ZjAyZjM0YTIwMTk4YjA3NDllNmVlOTk4OWIyZDk3MTVhNGE,,,,https://static.bihr.pro/eBihr/Pictures/MIKUNI-pictures.zip,,,Spain Warehouse (Parts)
1010904,826011,VM34/110-1.5,MIKUNI,"MIKUN SPAREPARTS VALVE 1,5 VM 30/32/34",Campana de carburador Mikuni 1.5 VM30-32-34,72.60,60.00,39.00,VM34/110-1.5,1,8409910090,0,1,,,VEHICLE PARTS & ACCESSORIES,ENGINE PARTS,ENG. INTAKE,80,120,40,40,50,https://api.mybihr.com/medias/1010904-1-800Wx800H?context=bWFzdGVyfHJvb3R8MjA0MTB8aW1hZ2UvanBlZ3xhRGt6TDJnNE15ODRPVEE0TlRVd056azVNemt3THpFd01UQTVNRFF0TVY4NE1EQlhlRGd3TUVnfDNjY2QwZGVkYmE2MGZmNjUwYjQxMTg1NDYyYmQ3ODhlOGFlMmMxYTkwZDNiZGYzN2VhZDRhNzJiZTNjYmMyZmI,,,,https://static.bihr.pro/eBihr/Pictures/MIKUNI-pictures.zip,,,Spain Warehouse (Parts)
1010905,826012,VM34/110-2.0,MIKUNI,"MIKUN SPAREPARTS VALVE 2,0 VM 30/32/34",Campana de carburador Mikuni 2.0 VM30-32-34 Tornillo de ralentí a izquierdas,72.60,60.00,39.00,VM34/110-2.0,1,8409910090,0,1,,,VEHICLE PARTS & ACCESSORIES,ENGINE PARTS,ENG. INTAKE,80,120,40,40,50,https://api.mybihr.com/medias/1010905-1-800Wx800H?context=bWFzdGVyfHJvb3R8MjA0MTB8aW1hZ2UvanBlZ3xhR0UyTDJnd1ppODRPVEkwTVRjM056a3pNRFUwTHpFd01UQTVNRFV0TVY4NE1EQlhlRGd3TUVnfDNmYTNkZTJjMTQ3ZTBjNWE2OTlkNWI5Yzk0Yzg2ZjJlY2NjYjA5NDM2NTA4ZGQzODZlNzkyNDAxY2VlZDNlNjQ,,,,https://static.bihr.pro/eBihr/Pictures/MIKUNI-pictures.zip,,,Spain Warehouse (Parts)
1010444,MKO120,N211100-120,MIKUNI,MIKUN JET MKO 120MM,Chiclé Mikuni N211100-120,9.68,8.00,5.20,N211100-120,5,8409910090,0,1,,,VEHICLE PARTS & ACCESSORIES,ENGINE PARTS,ENG. INTAKE,0,5,8,8,4,https://api.mybihr.com/medias/1010444-1-800Wx800H?context=bWFzdGVyfHJvb3R8MzE2NTN8aW1hZ2UvanBlZ3xhR05tTDJobE1TODRPVEF4TkRBd05UVTVOalEyTHpFd01UQTBORFF0TVY4NE1EQlhlRGd3TUVnfDlmY2Q5MzAwZWExODA5MDAzYzA4MjE1NmI4Mjk0YmQwNTIyYjQyZjViOTQwN2UyZDk2N2I3ODZiZmNlZGY0OTM,,,,https://static.bihr.pro/eBihr/Pictures/MIKUNI-pictures.zip,,,Spain Warehouse (Parts)
1010872,822047,VM28/124,MIKUNI,MIKUN SPAREPARTS CHOKE LEVER,Palanca de starter Mikuni VM 30 standard / VM 44,10.89,9.00,5.85,VM28/124,1,8409910090,0,1,,,VEHICLE PARTS & ACCESSORIES,ENGINE PARTS,ENG. INTAKE,35,22,88,20,20,,,,,https://static.bihr.pro/eBihr/Pictures/MIKUNI-pictures.zip,,,Spain Warehouse (Parts)
1010891,822130,VM29/47,MIKUNI,MIKUN SPAREPARTS CHOKE KIT,Kit starter Mikuni TM32 / 38,10.89,9.00,5.85,VM29/47,1,8409910090,0,1,,,VEHICLE PARTS & ACCESSORIES,ENGINE PARTS,ENG. INTAKE,13,8,56,17,14,https://api.mybihr.com/medias/800Wx800H-1010891-1.jpg?context=bWFzdGVyfHJvb3R8NDU4MDN8aW1hZ2UvanBlZ3xhRFk1TDJneE15ODRNemM0T1RBMk56STFOVGd6T0M4NE1EQlhlRGd3TUVoZk1UQXhNRGc1TVMweExtcHdad3w0Nzk5MDQxNDk2NDUxOTdjZjVmNTQ5YTFkZmMwMmU3YmQ3OTY2ODNlOTBkNTlkYWY5MmEwMTA4ZTUzMzJiYTg0,,,,https://static.bihr.pro/eBihr/Pictures/MIKUNI-pictures.zip,,,Spain Warehouse (Parts)
1010829,822046,VM20/456,MIKUNI,MIKUN SPAREPARTS CHOKE NUT,Tuerca de starter Mikuni VM 30 standard / VM 44,4.84,4.00,2.60,VM20/456,3,8409910090,0,1,,,VEHICLE PARTS & ACCESSORIES,ENGINE PARTS,ENG. INTAKE,1,100,12,12,10,,,,,https://static.bihr.pro/eBihr/Pictures/MIKUNI-pictures.zip,,,Spain Warehouse (Parts)
1010853,822129,VM26/116,MIKUNI,MIKUN SPAREPARTS CHOKE KIT,Kit starter Mikuni TM28,9.68,8.00,5.20,VM26/116,0,8409910090,0,1,,,VEHICLE PARTS & ACCESSORIES,ENGINE PARTS,ENG. INTAKE,85,64,118,60,12,,,,,https://static.bihr.pro/eBihr/Pictures/MIKUNI-pictures.zip,,,Spain Warehouse (Parts)
1010776,823043,TM38/57,MIKUNI,MIKUN SPAREPARTS CHOKE KIT,Kit starter Mikuni TMX 35/38 / TMS 38,9.68,8.00,5.20,TM38/57,20,8409910090,0,1,,,VEHICLE PARTS & ACCESSORIES,ENGINE PARTS,ENG. INTAKE,15,15,15,18,55,https://api.mybihr.com/medias/800Wx800H-1010776-1.jpg?context=bWFzdGVyfHJvb3R8NDczOTd8aW1hZ2UvanBlZ3xhR0V5TDJnMk9DODRNemM0T1RBMk5qZzJNall5TWk4NE1EQlhlRGd3TUVoZk1UQXhNRGMzTmkweExtcHdad3w5OGJmOWE1Y2RjODVjOTRmNWFlODY0ZmZkOGE5MDFlY2MwNDVjOGEzMmEwNzMyMzQ5ZTM2ZDBiYjEzM2IwMmNh,,,,https://static.bihr.pro/eBihr/Pictures/MIKUNI-pictures.zip,,,Spain Warehouse (Parts)
1129203,,MEG-034,MIKUNI,MIKUN CABLE CHOKE KIT 10MM,Kit estrangulador MIKUNI para TM/TMX/VM cable de pistón corto - carburador MEG-034,36.30,30.00,19.50,,0,8714109090,0,1,"<p>Compatible para :</p>
<ul>
	<li>TM24-9 / VM28-418 / VM16-353</li>
	<li>VM20-179 / VM20-273 / VM24-473</li>
	<li>VM24-489 / VM26-606 / VM26-665</li>
	<li>VM26-8637 / VM26-8639 / VM28-57</li>
</ul>","
Compatible para :

	TM24-9 / VM28-418 / VM16-353
	VM20-179 / VM20-273 / VM24-473
	VM24-489 / VM26-606 / VM26-665
	VM26-8637 / VM26-8639 / VM28-57
",VEHICLE PARTS & ACCESSORIES,ENGINE PARTS,ENG. INTAKE,40,100,50,40,20,https://api.mybihr.com/medias/800Wx800H-1129203-1.jpg?context=bWFzdGVyfHJvb3R8MjQ0Njl8aW1hZ2UvanBlZ3xhREZqTDJnNVlpODJPRFEyTVRNek5qVTVNalF4TkM4NE1EQlhlRGd3TUVoZk1URXlPVEl3TXkweExtcHdad3xiYjAyNTgzNDdlMWM3ODcxMDRkYzUzZDU2ZDJhODQ3N2RiMzkxYWIyYzgzOGRiZDY2MTFkNDQ5YjZiNmQ2OTVj,,,,https://static.bihr.pro/eBihr/Pictures/MIKUNI-pictures.zip,https://api.mybihr.com/medias/MIKUNI-TECHNICAL-DATA.pdf?context=bWFzdGVyfHJvb3R8MTQ5Mjc3MTZ8YXBwbGljYXRpb24vcGRmfGFEaG1MMmd3TUM4Mk9EUTVNRGMxTURnMU16RTFNQzlOU1V0VlRra2dWRVZEU0U1SlEwRk1JRVJCVkVFdWNHUm18NWM1OGNmNmJiY2RiMTljZmQ4YTlhNGJhMGRhMDU5Y2QwOTUzMTI2MDgzZGU0ZmJhZGI0ZGUzNmVkOGJjYmUxOA,,Spain Warehouse (Parts)
1129202,,VM26/206,MIKUNI,MIKUN CHOKE PISTON VM26-8637,Pieza de recambio para carburador MIKUNI VM - Pistón del estrangulador,8.47,7.00,4.55,,0,8714109090,0,1,<p>Pistón estrangulador VM26/206 para carburador VM26-8637</p>,"
Pistón estrangulador VM26/206 para carburador VM26-8637",VEHICLE PARTS & ACCESSORIES,ENGINE PARTS,ENG. INTAKE,16,100,40,20,20,,,,,https://static.bihr.pro/eBihr/Pictures/MIKUNI-pictures.zip,https://api.mybihr.com/medias/MIKUNI-TECHNICAL-DATA.pdf?context=bWFzdGVyfHJvb3R8MTQ5Mjc3MTZ8YXBwbGljYXRpb24vcGRmfGFEaG1MMmd3TUM4Mk9EUTVNRGMxTURnMU16RTFNQzlOU1V0VlRra2dWRVZEU0U1SlEwRk1JRVJCVkVFdWNHUm18NWM1OGNmNmJiY2RiMTljZmQ4YTlhNGJhMGRhMDU5Y2QwOTUzMTI2MDgzZGU0ZmJhZGI0ZGUzNmVkOGJjYmUxOA,,Spain Warehouse (Parts)
1010512,MKE155,VM11/22-155,MIKUNI,MIKUN JET MKE 155MM,Chiclé de alta Mikuni VM11/22-155,8.47,7.00,0.28,VM11/22-155,8,8409910090,0,1,,,VEHICLE PARTS & ACCESSORIES,ENGINE PARTS,ENG. INTAKE,8,5,20,20,20,https://api.mybihr.com/medias/1010512-1-800Wx800H?context=bWFzdGVyfHJvb3R8MjY5MDF8aW1hZ2UvanBlZ3xhREV3TDJoa09TODRPRFUyT0RNME1UUTJNek0wTHpFd01UQTFNVEl0TVY4NE1EQlhlRGd3TUVnfDk0ZTkyMDdlNWZlYWU0NTg1MzE1MzQxZjczYmNlNzA1N2U3YzhiZjdlZTMzYTk4NDcyYTEyMzlmZGVmMWFhYWQ,,,,https://static.bihr.pro/eBihr/Pictures/MIKUNI-pictures.zip,,,Spain Warehouse (Parts)
1010503,MKE125,VM11/22-125,MIKUNI,MIKUN JET MKE 125MM,Chiclé de alta Mikuni VM11/22-125,8.47,7.00,2.20,VM11/22-125,8,8409910090,0,1,,,VEHICLE PARTS & ACCESSORIES,ENGINE PARTS,ENG. INTAKE,8,100,20,20,20,https://api.mybihr.com/medias/1010503-1-800Wx800H?context=bWFzdGVyfHJvb3R8MjY5MDF8aW1hZ2UvanBlZ3xhRE5rTDJnd01pODRPVE0wT0RFeE9UVTVNekkyTHpFd01UQTFNRE10TVY4NE1EQlhlRGd3TUVnfDdkZjE2NzJhNjFlM2NhMDRlZTJmN2RmNjc1N2M4YzdhMDBiNTVjMDBjNzdlNmQ0YTNlNDM5OTMzMjgwYjJlNzM,,,,https://static.bihr.pro/eBihr/Pictures/MIKUNI-pictures.zip,,,Spain Warehouse (Parts)
1009943,MKA720,4/042-720,MIKUNI,MIKUN JET MKA 720MM,Chiclé de alta Mikuni 4/042-720,8.47,7.00,0.41,4/042-720,6,8409910090,0,1,,,VEHICLE PARTS & ACCESSORIES,ENGINE PARTS,ENG. INTAKE,0,5,12,6,6,https://api.mybihr.com/medias/1009943-1-800Wx800H?context=bWFzdGVyfHJvb3R8MjY1ODd8aW1hZ2UvanBlZ3xhRGsyTDJnMk55ODRPVE0wT0RneE1qTXdPRGM0THpFd01EazVORE10TVY4NE1EQlhlRGd3TUVnfDRlMTM3ODVjZmVmYzA0N2E2NzQ4ZDA2Mjg2OTNiMDVhMTY1OTg3MTRlOWRiYTQ4MzQ2MzAyZDQ2MWZhN2JiMmE,,,,https://static.bihr.pro/eBihr/Pictures/MIKUNI-pictures.zip,,,Spain Warehouse (Parts)
1009940,MKA680,4/042-680,MIKUNI,MIKUN JET MKA 680MM,Chiclé de alta Mikuni 4/042-680,8.47,7.00,1.26,4/042-680,1,8409910090,0,1,,,VEHICLE PARTS & ACCESSORIES,ENGINE PARTS,ENG. INTAKE,2,5,27,15,4,https://api.mybihr.com/medias/1009940-1-800Wx800H?context=bWFzdGVyfHJvb3R8MjY1ODd8aW1hZ2UvanBlZ3xhR1pqTDJoalpDODRPVEF4TURBM09UWTJNak00THpFd01EazVOREF0TVY4NE1EQlhlRGd3TUVnfGE4NTEzOWE1MmFlNzhjYjdiMWFkNDJmMGUzYjhlMDM4NDc3ODIyOGM0YThlMjE1NDgyNmIyMDk1OWEyNGI1ZDU,,,,https://static.bihr.pro/eBihr/Pictures/MIKUNI-pictures.zip,,,Spain Warehouse (Parts)
1010606,821072,616-93036,MIKUNI,MIKUN SPAREPARTS BOWL GASKET,Junta de cuba carburador Mikuni TMX36/38 modelo nuevo,4.84,4.00,1.50,616-93036,3,8409910090,0,1,,,VEHICLE PARTS & ACCESSORIES,ENGINE PARTS,ENG. INTAKE,100,100,95,70,15,,,,,https://static.bihr.pro/eBihr/Pictures/MIKUNI-pictures.zip,,,Spain Warehouse (Parts)
1010712,822149,CW2=0308,MIKUNI,MIKUN SPAREPARTS BOWEL SCREW,Tornillo de cuba de carburador Mikuni TMX 35/38 / TMS 38,2.42,2.00,0.42,CW2=0308,1,8409910090,0,1,,,VEHICLE PARTS & ACCESSORIES,ENGINE PARTS,ENG. INTAKE,5,100,24,22,10,,,,,https://static.bihr.pro/eBihr/Pictures/MIKUNI-pictures.zip,,,Spain Warehouse (Parts)
1010531,MKZ100,VM17/1002-100,MIKUNI,MIKUN JET MKZ 100MM,Chiclé de baja Mikuni VM17/1002-100,8.47,7.00,1.50,VM17/1002-100,8,8409910090,0,1,,,VEHICLE PARTS & ACCESSORIES,ENGINE PARTS,ENG. INTAKE,8,5,20,20,20,https://api.mybihr.com/medias/1010531-1-800Wx800H?context=bWFzdGVyfHJvb3R8Mjg0Njd8aW1hZ2UvanBlZ3xhRFU0TDJneVl5ODRPVEkwTkRjek16STNOalEyTHpFd01UQTFNekV0TVY4NE1EQlhlRGd3TUVnfGY3NGIxOTg2YzQyMzgxZDUwMzkxOGM2M2U2NmQ0NTU2NjcyNDJmZDY0MTE0NWUxYmY3Y2M1OWFjNWRmOGQ3NmU,,,,https://static.bihr.pro/eBihr/Pictures/MIKUNI-pictures.zip,,,Spain Warehouse (Parts)
1010945,821015,VM38/127,MIKUNI,MIKUN SPAREPARTS CARBURETOR COVER GASKET,Junta de tapa de carburador Mikuni TM36-38,4.84,4.00,1.30,VM38/127,1,8409910090,0,1,,,VEHICLE PARTS & ACCESSORIES,ENGINE PARTS,ENG. INTAKE,21,110,62,34,10,,,,,https://static.bihr.pro/eBihr/Pictures/MIKUNI-pictures.zip,,,Spain Warehouse (Parts)
1010466,MKJ40,TM36/43-02,MIKUNI,MIKUN JET MKJ 40,Inyector Mikuni TM36/43-02,12.10,10.00,0.44,TM36/43-02,6,8409910090,0,1,,,VEHICLE PARTS & ACCESSORIES,ENGINE PARTS,ENG. INTAKE,6,100,25,15,15,https://api.mybihr.com/medias/1010466-1-800Wx800H?context=bWFzdGVyfHJvb3R8MjE2NDN8aW1hZ2UvanBlZ3xhR0UxTDJnME5DODRPVEF4TWpFM05URTNOVGs0THpFd01UQTBOall0TVY4NE1EQlhlRGd3TUVnfGM0YjZlNDY0NTg5ODA3OWE1NDJmNzFlMDczZjVhOTM0MTBhZGIzYmM0MzQ3ZjI2NmQ2ZTEzMmY2MThlMjk2NmM,,,,https://static.bihr.pro/eBihr/Pictures/MIKUNI-pictures.zip,,,Spain Warehouse (Parts)
1010510,MKE147.5,VM11/22-147.5,MIKUNI,"MIKUN JET MKE 147,5MM",Chiclé de alta Mikuni VM11/22-147.5,6.07,5.02,0.28,VM11/22-147.5,6,8409910090,0,1,,,VEHICLE PARTS & ACCESSORIES,ENGINE PARTS,ENG. INTAKE,8,5,20,20,20,https://api.mybihr.com/medias/1010510-1-800Wx800H?context=bWFzdGVyfHJvb3R8MjY5MDF8aW1hZ2UvanBlZ3xhRFUwTDJnek5pODRPVEkwTlRjd05qZ3hNemMwTHpFd01UQTFNVEF0TVY4NE1EQlhlRGd3TUVnfDQ2ZjFkODFlZmJkMDhjMGU2MjBjNWRjNDE0OGM2NTdhOTRmNjNhNjk1ODVjYmZkMDBiZjMxNWFhZjQxOGIxNDA,,,,https://static.bihr.pro/eBihr/Pictures/MIKUNI-pictures.zip,,,Spain Warehouse (Parts)
1010278,MKC230,N100604-230,MIKUNI,MIKUN JET MKC 230MM,Chiclé de alta Mikuni N100604-230,7.26,6.00,2.20,N100604-230,3,8409910090,0,1,,,VEHICLE PARTS & ACCESSORIES,ENGINE PARTS,ENG. INTAKE,8,50,20,20,20,https://api.mybihr.com/medias/1010278-1-800Wx800H?context=bWFzdGVyfHJvb3R8MjM1OTV8aW1hZ2UvanBlZ3xhRGMyTDJneVpDODRPRFUyTnpZME5UUTNNVEF5THpFd01UQXlOemd0TVY4NE1EQlhlRGd3TUVnfGNhMmJlNWNkYTE3MTY3ZGE1ZTc3MzMxMGRhYWFjM2E2ZjNmMWJjODgyMDI1ZTgzYWM0NjRiNzk2NTM5NjgwM2E,,,,https://static.bihr.pro/eBihr/Pictures/MIKUNI-pictures.zip,,,Spain Warehouse (Parts)
1010429,MKH160,N208099-160,MIKUNI,MIKUN JET MKH 160MM,Chiclé de alta Mikuni N208099-160 (requiere junta 821068),9.68,8.00,0.55,N208099-160,5,8409910090,0,1,,,VEHICLE PARTS & ACCESSORIES,ENGINE PARTS,ENG. INTAKE,8,105,20,20,20,https://api.mybihr.com/medias/1010429-1-800Wx800H?context=bWFzdGVyfHJvb3R8MjgzNTd8aW1hZ2UvanBlZ3xhR1ZoTDJobU1DODRPVEkyT0RNNE1EWXpNVE0wTHpFd01UQTBNamt0TVY4NE1EQlhlRGd3TUVnfDMyZWE3YWFlYmNhMDU3NzdmNjlhNTZiZTVhZTM2YjdmNTBkNDIxNTk5ZDNhZDRhYzYxMzg0NjMxMWZjYWE5YTQ,,,,https://static.bihr.pro/eBihr/Pictures/MIKUNI-pictures.zip,,,Spain Warehouse (Parts)
1010529,MKZ80,VM17/1002-080,MIKUNI,MIKUN JET MKZ 80MM,Chiclé de baja Mikuni VM17/1002-080,8.47,7.00,1.50,VM17/1002-080,8,8409910090,0,1,,,VEHICLE PARTS & ACCESSORIES,ENGINE PARTS,ENG. INTAKE,48,10,80,60,10,https://api.mybihr.com/medias/1010529-1-800Wx800H?context=bWFzdGVyfHJvb3R8Mjg1Mzl8aW1hZ2UvanBlZ3xhRGt4TDJoallpODRPVEkyTkRBMk16YzNOVEF5THpFd01UQTFNamt0TVY4NE1EQlhlRGd3TUVnfDgzZGVkYWJhNjZmOGQyZDRjMmI0ZTJiMjczNDU3MzRiOTMxN2Y2ZDg3NDliYzMwMWZiNjczOWJjODRkODJlZDQ,,,,https://static.bihr.pro/eBihr/Pictures/MIKUNI-pictures.zip,,,Spain Warehouse (Parts)
1010779,822208,TM40/23,MIKUNI,MIKUN SPAREPARTS CARBURATOR LINKAGE CAM,Levantador de levas de carburador Mikuni TM36-40,13.31,11.00,7.15,TM40/23,1,8409910090,0,1,,,VEHICLE PARTS & ACCESSORIES,ENGINE PARTS,ENG. INTAKE,55,105,55,50,20,,,,,https://static.bihr.pro/eBihr/Pictures/MIKUNI-pictures.zip,,,Spain Warehouse (Parts)
1010446,MKO135,N211100-135,MIKUNI,MIKUN JET MKO 135MM,Chiclé Mikuni N211100-135,9.68,8.00,5.20,N211100-135,3,8409910090,0,1,,,VEHICLE PARTS & ACCESSORIES,ENGINE PARTS,ENG. INTAKE,48,10,80,60,10,https://api.mybihr.com/medias/1010446-1-800Wx800H?context=bWFzdGVyfHJvb3R8MzE2NTN8aW1hZ2UvanBlZ3xhREkwTDJobU5TODRPRFV6TmpjMk56SXdNVFU0THpFd01UQTBORFl0TVY4NE1EQlhlRGd3TUVnfDE1ZDFjNDZlNjlhNGNlMGJhYTdhMDVlZjgxY2UzZjBkM2EwYWY0MWJmNjQ1ZjgxY2IyMDFmNzRjZmI4NTcwOWU,,,,https://static.bihr.pro/eBihr/Pictures/MIKUNI-pictures.zip,,,Spain Warehouse (Parts)
1010448,MKT10,N224103-010,MIKUNI,MIKUN JET MKT 10MM,Chiclé de baja Mikuni N224103-010,8.47,7.00,4.55,N224103-010,1,8409910090,0,1,,,VEHICLE PARTS & ACCESSORIES,ENGINE PARTS,ENG. INTAKE,5,10,50,10,10,https://api.mybihr.com/medias/1010448-1-800Wx800H?context=bWFzdGVyfHJvb3R8MjE1OTd8aW1hZ2UvanBlZ3xhRFZsTDJneU55ODRPVFE1TVRFME9UWXhPVFV3THpFd01UQTBORGd0TVY4NE1EQlhlRGd3TUVnfGE1YzU1ODY2ZDdkMDc1NTNlOTZjZGRmZWJkNjhkM2YwYjM5MjlkMjliNjVhOTAxYzg5MGJkN2NhZmQyMjQzMTE,,,,https://static.bihr.pro/eBihr/Pictures/MIKUNI-pictures.zip,,,Spain Warehouse (Parts)
1010896,822120,VM32/320,MIKUNI,MIKUN SPAREPARTS SPRING,Muelle de carburador Mikuni TM34/38,2.42,2.00,1.30,VM32/320,0,8409910090,0,1,,,VEHICLE PARTS & ACCESSORIES,ENGINE PARTS,ENG. INTAKE,2,15,20,10,10,https://api.mybihr.com/medias/1010896-1-800Wx800H?context=bWFzdGVyfHJvb3R8MzgyODJ8aW1hZ2UvanBlZ3xhREl4TDJnMk1pODRPVEE0TlRZNE9EZzNNekkyTHpFd01UQTRPVFl0TVY4NE1EQlhlRGd3TUVnfGVjZDkwYjA2NzdkN2QyODA4MjgzNzljNmE4ZTliYmNiMDMwNjRhMDQxZWUzODBiNDQxNDI2NWI4ODAxZDkzN2U,,,,https://static.bihr.pro/eBihr/Pictures/MIKUNI-pictures.zip,,,Spain Warehouse (Parts)
1010884,822365,VM28/323,MIKUNI,MIKUN SPAREPARTS HOSE CLIPS,Clips de manguito de carburador Mikuni TMR/ TDMR,3.63,3.00,1.95,VM28/323,0,8409910090,0,1,,,VEHICLE PARTS & ACCESSORIES,ENGINE PARTS,ENG. INTAKE,3,100,15,15,15,,,,,https://static.bihr.pro/eBihr/Pictures/MIKUNI-pictures.zip,,,Spain Warehouse (Parts)
1010477,MKE52.5,VM11/22-052.5,MIKUNI,"MIKUN JET MKE 52,5MM",Chiclé de baja Mikuni VM11/22-052.5,8.47,7.00,4.55,VM11/22-052.5,8,8409910090,0,1,,,VEHICLE PARTS & ACCESSORIES,ENGINE PARTS,ENG. INTAKE,48,10,80,60,10,https://api.mybihr.com/medias/1010477-1-800Wx800H?context=bWFzdGVyfHJvb3R8MjY5MDF8aW1hZ2UvanBlZ3xhREE0TDJnNE15ODRPVE00TlRrNE5EazRNek0wTHpFd01UQTBOemN0TVY4NE1EQlhlRGd3TUVnfDdmYThkNjFlZmM1ZWE3MjE4OWQzZTM2YjIxOTU3ZDhlMjRiYjlmNTczZWYxY2VmMGY3YmE1Y2I1YTM3NWU4NzM,,,,https://static.bihr.pro/eBihr/Pictures/MIKUNI-pictures.zip,,,Spain Warehouse (Parts)
1010953,822062,VM44/13,MIKUNI,MIKUN SPAREPARTS VALVE SLIDE SPRING,Muelle de campana de carburador Mikuni VM 40/44,9.68,8.00,5.20,VM44/13,0,8409910090,0,1,,,VEHICLE PARTS & ACCESSORIES,ENGINE PARTS,ENG. INTAKE,1243,84,222,160,35,https://api.mybihr.com/medias/1010953-1-800Wx800H?context=bWFzdGVyfHJvb3R8MzgyODJ8aW1hZ2UvanBlZ3xhR0pqTDJobU1pODRPVEE0TmpZME16QTNOelF5THpFd01UQTVOVE10TVY4NE1EQlhlRGd3TUVnfDhkNTkyMGQzMGU4N2FhYmIzY2YwMDFlOTExM2E1ZjA0MzRkZjViM2MwNGE5YWY4ODNmYjczYTBmNmI0ODVkZmQ,,,,https://static.bihr.pro/eBihr/Pictures/MIKUNI-pictures.zip,,,Spain Warehouse (Parts)
1010520,MKZ35,VM17/1002-035,MIKUNI,MIKUN JET MKZ 35MM,Chiclé de baja Mikuni VM17/1002-035,8.47,7.00,4.55,VM17/1002-035,1,8409910090,0,1,,,VEHICLE PARTS & ACCESSORIES,ENGINE PARTS,ENG. INTAKE,48,10,80,60,10,https://api.mybihr.com/medias/1010520-1-800Wx800H?context=bWFzdGVyfHJvb3R8Mjg1Mzl8aW1hZ2UvanBlZ3xhR0ZoTDJnNU5pODRPVE0wTmpZNE5UTXpOemt3THpFd01UQTFNakF0TVY4NE1EQlhlRGd3TUVnfDcxMGFiMTdhYzA3NWE1ZDEzMjU1MzU5NTAxMDMxMGE3ZmE0MDIyMzRmODY2YjdkNDYyODRkYzZiNTJjMTc0YjQ,,,,https://static.bihr.pro/eBihr/Pictures/MIKUNI-pictures.zip,,,Spain Warehouse (Parts)
1010468,MKJ50,TM36/43-04,MIKUNI,MIKUN JET MKJ 50,Inyector Mikuni TM36/43-04,8.12,6.71,3.29,TM36/43-04,1,8409910090,0,1,,,VEHICLE PARTS & ACCESSORIES,ENGINE PARTS,ENG. INTAKE,48,10,80,60,10,https://api.mybihr.com/medias/1010468-1-800Wx800H?context=bWFzdGVyfHJvb3R8MjE2NDN8aW1hZ2UvanBlZ3xhRFE1TDJoaU5TODRPVE00TnpReU5qUTBOelkyTHpFd01UQTBOamd0TVY4NE1EQlhlRGd3TUVnfDAxNDFiOWQyMGIyYTg4MzQ1ZmUzMGQ5ZTNlNWNkMWE1NzUyNWZmNGRjOTZlNjFlZjI0ZGQzOWRiZWViNmM2NTk,,,,https://static.bihr.pro/eBihr/Pictures/MIKUNI-pictures.zip,,,Spain Warehouse (Parts)
1010469,MKJ55,TM36/43-05,MIKUNI,MIKUN JET MKJ 55,Inyector Mikuni TM36/43-05,8.12,6.71,3.29,TM36/43-05,1,8409910090,0,1,,,VEHICLE PARTS & ACCESSORIES,ENGINE PARTS,ENG. INTAKE,48,10,80,60,10,https://api.mybihr.com/medias/1010469-1-800Wx800H?context=bWFzdGVyfHJvb3R8MjE2NDN8aW1hZ2UvanBlZ3xhRFV5TDJoa1lpODRPVEE0TkRNMk5EY3hPRE00THpFd01UQTBOamt0TVY4NE1EQlhlRGd3TUVnfGUyMjhkNTM2ZTlkMjM2NjA4MWVmYjg1ZTU5ZGJlNjM0ZjRlNmMxNWVjOGNjNjk1N2ZiOGJiY2UyMDFlNGFkZTI,,,,https://static.bihr.pro/eBihr/Pictures/MIKUNI-pictures.zip,,,Spain Warehouse (Parts)
1010463,MKT55,N224103-055,MIKUNI,MIKUN JET MKT 55MM,Chiclé de baja Mikuni N224103-055,8.47,7.00,4.55,N224103-055,1,8409910090,0,1,,,VEHICLE PARTS & ACCESSORIES,ENGINE PARTS,ENG. INTAKE,3,10,30,10,10,https://api.mybihr.com/medias/1010463-1-800Wx800H?context=bWFzdGVyfHJvb3R8MjE1OTd8aW1hZ2UvanBlZ3xhRE5pTDJobE55ODRPVE00TnpVME5EUXhNalEyTHpFd01UQTBOak10TVY4NE1EQlhlRGd3TUVnfDk0NDA4YmViMWRmYTRjODFmNGUwNWIwODQ1MDJiOWFkYzQ0MzQzZjRlNWZhNmY4NDE2NjE0YjFlNTc3OTFjMDc,,,,https://static.bihr.pro/eBihr/Pictures/MIKUNI-pictures.zip,,,Spain Warehouse (Parts)
1010464,MKT60,N224103-060,MIKUNI,MIKUN JET MKT 60MM,Chiclé de baja Mikuni N224103-060,8.47,7.00,4.55,N224103-060,1,8409910090,0,1,,,VEHICLE PARTS & ACCESSORIES,ENGINE PARTS,ENG. INTAKE,10,5,46,26,8,https://api.mybihr.com/medias/1010464-1-800Wx800H?context=bWFzdGVyfHJvb3R8MjE1OTd8aW1hZ2UvanBlZ3xhREF4TDJnNE5pODRPVFV6TXpBMU9UVTJNemd5THpFd01UQTBOalF0TVY4NE1EQlhlRGd3TUVnfDM2N2MzNDVlMThhOTcwZTQxZDBmNDRjZTdlNzZiNDcwMDg3NDIwNDg1OWIyYzM1MzMzYmNiY2Q5MTlkOWY1YjI,,,,https://static.bihr.pro/eBihr/Pictures/MIKUNI-pictures.zip,,,Spain Warehouse (Parts)
1010530,MKZ85,VM17/1002-085,MIKUNI,MIKUN JET MKZ 85MM,Chiclé de baja Mikuni VM17/1002-085,8.47,7.00,1.50,VM17/1002-085,8,8409910090,0,1,,,VEHICLE PARTS & ACCESSORIES,ENGINE PARTS,ENG. INTAKE,48,10,80,60,10,https://api.mybihr.com/medias/1010530-1-800Wx800H?context=bWFzdGVyfHJvb3R8Mjg1Mzl8aW1hZ2UvanBlZ3xhRGM1TDJnNE9DODRPVEF4TkRBNU1ERXpOemt3THpFd01UQTFNekF0TVY4NE1EQlhlRGd3TUVnfDRkYWUzMmM2M2M3OThiMzNjNWQ3ZTFlYTZkNTliYjEwM2MzZTA0MjU3ZGFkYmMyZDVjYTI3ODZhYjlhNDkzMDg,,,,https://static.bihr.pro/eBihr/Pictures/MIKUNI-pictures.zip,,,Spain Warehouse (Parts)
1009855,800802,TM32-61,MIKUNI,MIKUN CARBURETOR TMX32,Carburador Mikuni campana plana TMX32,283.14,234.00,152.10,TM32-61,1,8409910090,0,1,"Adaptable on most 2-stroke motocross or other engines, MIKUNI <<tmx>> carburetors have a valve throttle slide in <<d>> (T MX) or flat (NEW T MX) for supple and precise control.</d></tmx>","Adaptable on most 2-stroke motocross or other engines, MIKUNI <> carburetors have a valve throttle slide in <> (T MX) or flat (NEW T MX) for supple and precise control.",VEHICLE PARTS & ACCESSORIES,ENGINE PARTS,ENG. INTAKE,1730,585,169,119,86,https://api.mybihr.com/medias/800Wx800H-1009855-1.jpg?context=bWFzdGVyfHJvb3R8MTkzODA2fGltYWdlL2pwZWd8YURjNUwyZ3pPUzgxTWpNMk9EQTNNRE0zTnpVd01pODRNREJYZURnd01FaGZNVEF3T1RnMU5TMHhMbXB3Wnd8MjY0YzU5ZmE5Y2I4YzJjYWU2ZWU5NGJjMzYwNzk2M2NlNzc0Mzc3ODEyMjc3NWJmNDU1Y2EzYmNkNWFhNzAyZg,https://api.mybihr.com/medias/800Wx800H-1009855-2.jpg?context=bWFzdGVyfHJvb3R8MTMxNTQxfGltYWdlL2pwZWd8YURRNEwyZzBNeTgxTWpNMk9EQTNNRFl6T1RZME5pODRNREJYZURnd01FaGZNVEF3T1RnMU5TMHlMbXB3Wnd8MzJlMWZkNjIzMjdkNzM4ZWM3MzlmNmY1MjhkMTQwMjRkOTczNjZjODAzOTJlMDQ1MTRkZWFjMTMwNzNmMWE0ZQ,https://api.mybihr.com/medias/800Wx800H-1009855-3.jpg?context=bWFzdGVyfHJvb3R8MTUwNDgwfGltYWdlL2pwZWd8YURrMEwyZzVPQzgxTWpNMk9EQTNNVEF6TWpnMk1pODRNREJYZURnd01FaGZNVEF3T1RnMU5TMHpMbXB3Wnd8MjhjOWZhNzk0MjE4NDA1MjMwNGMxMzczOWNkZjRjZjNkZTI2YTE5M2NlYjg1OTUxOWIzOTc4NzY5ZmQ3OGY2Nw,https://api.mybihr.com/medias/800Wx800H-1009855-4.jpg?context=bWFzdGVyfHJvb3R8MTU5NzI2fGltYWdlL2pwZWd8YURJeUwyaGhOaTgxTWpNMk9EQTNNVFF5TmpBM09DODRNREJYZURnd01FaGZNVEF3T1RnMU5TMDBMbXB3Wnd8OTA0MzMzOGVkMGNkMTkyNThmMGIzNWE3ZDIwNmY2YzI5MGYyZTYwZDhmMjgzZDhhYWQyMDM4MTRiYjIyM2RkZA,https://static.bihr.pro/eBihr/Pictures/MIKUNI-pictures.zip,https://api.mybihr.com/medias/800802.pdf?context=bWFzdGVyfGRvY3VtZW50c3wxODEzNzF8YXBwbGljYXRpb24vcGRmfGFEaGhMMmhtTlM4NU1EUXpOakkyTVRZME1qVTBMemd3TURnd01nfGM5MzdjNzZiYjI4ZjdhY2I2MDM1Y2ZjOTBlMGRiMmJjMWFiMjFkMTA5OWUzMzE0NzY1NDVlMGNlZDA4OTJiZTA,,Spain Warehouse (Parts)
1010626,822104,776-15001,MIKUNI,MIKUN SPAREPARTS CARBURETOR COVER,Tapa de carburador Mikuni TM28,6.05,5.00,3.25,776-15001,1,8409910090,0,1,,,VEHICLE PARTS & ACCESSORIES,ENGINE PARTS,ENG. INTAKE,304,16,152,91,22,,,,,https://static.bihr.pro/eBihr/Pictures/MIKUNI-pictures.zip,,,Spain Warehouse (Parts)
1010628,822138,776-19014,MIKUNI,MIKUN SPAREPARTS CARBURETOR COVER,Tapa de carburador Mikuni TMX 35/38 / TMS 38,12.10,10.00,6.50,776-19014,2,8409910090,0,1,,,VEHICLE PARTS & ACCESSORIES,ENGINE PARTS,ENG. INTAKE,48,48,41,58,20,,,,,https://static.bihr.pro/eBihr/Pictures/MIKUNI-pictures.zip,,,Spain Warehouse (Parts)
1009870,800006,VM30-83,MIKUNI,MIKUN CARBURETOR VM 30,Carburador Mikuni VM30 standard,183.92,152.00,98.80,VM30-83,3,8409910090,0,1,"<html> <head> <meta http-equiv=""Content-Type"" content=""text/html; charset=utf-8""><title> </title> <style type=""text/css"">.cs95E872D0{text-align:left;margin:0pt 0pt 0pt 0pt;}.csC235ED31{color:#000;background-color:transparent;font-weight:normal;font-style:normal;}</style> </head> <body> <p>A huge selection of models and diameters with numerous possibilities, has popularized the MIKUNI VM as the quintessential replacement carburetor. Removable round valve throttle slide, jets and well needles make this a carburetor of great simplicity to adjust. </p><p> </p></body> </html>","       A huge selection of models and diameters with numerous possibilities, has popularized the MIKUNI VM as the quintessential replacement carburetor. Removable round valve throttle slide, jets and well needles make this a carburetor of great simplicity to adjust.   ",VEHICLE PARTS & ACCESSORIES,ENGINE PARTS,ENG. INTAKE,2271,804,110,178,116,https://api.mybihr.com/medias/1009870-1-800Wx800H?context=bWFzdGVyfHJvb3R8NDE1Mzh8aW1hZ2UvanBlZ3xhREEyTDJneE1TODRPVEE0TlRnd09EZ3dOREUwTHpFd01EazROekF0TVY4NE1EQlhlRGd3TUVnfDkyOTFlOTFjODQ2YjU4ZmNhNDg0MmViMmZkMDAyMGE1MTkxOTU4ZmQwYTgxNTZmNjcwYzliYjBhNGU4ZjE1MDc,,,,https://static.bihr.pro/eBihr/Pictures/MIKUNI-pictures.zip,https://api.mybihr.com/medias/800006.pdf?context=bWFzdGVyfGRvY3VtZW50c3wyMjYxNjB8YXBwbGljYXRpb24vcGRmfGFEQmlMMmcxTWk4NU1EUXpOakkwT1RVeE9ETTRMemd3TURBd05nfDI2NGNhOWJmZTQ4MDViZTIxMWI4N2ZjYTg1YWEwNjhiMWU0ZDhmNjY4MGIxMzE3YmVjYmQwYzIzYjViNzY4NGI,,Spain Warehouse (Parts)
1010596,822124,603-27002,MIKUNI,MIKUN SPAREPARTS IDLE SCREW TM24/28,Tornillo de ralentí Mikuni TM24-28,4.84,4.00,2.60,603-27002,1,8409910090,0,1,,,VEHICLE PARTS & ACCESSORIES,ENGINE PARTS,ENG. INTAKE,4,50,16,16,16,https://api.mybihr.com/medias/1010596-1-800Wx800H?context=bWFzdGVyfHJvb3R8Nzc1Njh8aW1hZ2UvanBlZ3xhRFExTDJobE15ODRPVE00TXpRek9UVTJOVEV3THpFd01UQTFPVFl0TVY4NE1EQlhlRGd3TUVnfDgzMDMyNDgwMGFhMTYzNmUxNjIwZjllZTAyYmE3NTUzMDYzNDRkNGE1ZDVhZmQwMTg3OWYzMTkyMDUzODg0NmY,,,,https://static.bihr.pro/eBihr/Pictures/MIKUNI-pictures.zip,,,Spain Warehouse (Parts)
1010634,825057,786-35003-2.5,MIKUNI,"MIKUN SPAREPARTS NEEDLE VALVE KIT 2,5",Válvula de aguja carburador Mikuni 2.5 TMR/TDMR,26.62,22.00,14.30,786-35003-2.5,1,8409910090,0,1,,,VEHICLE PARTS & ACCESSORIES,ENGINE PARTS,ENG. INTAKE,44,11,40,110,10,https://api.mybihr.com/medias/1010634-1-800Wx800H?context=bWFzdGVyfHJvb3R8MzAwMzF8aW1hZ2UvanBlZ3xhREl5TDJobFppODVNREV5TkRVNU5qTTBOekU0THpFd01UQTJNelF0TVY4NE1EQlhlRGd3TUVnfDBhZjhkYTJkYWY0ZGJhNWE0NjZiNzFlNDYzNjE0OTk3MmYyZDBiNzRlNzUzYTJlZTBlYzI2ZjY2NGI4MDE2NzU,,,,https://static.bihr.pro/eBihr/Pictures/MIKUNI-pictures.zip,,,Spain Warehouse (Parts)
1010594,822125,603-16003,MIKUNI,MIKUN SPAREPARTS IDLE SCREW TM32/34/38,Tornillo de ralentí Mikuni TM32-34-38,7.26,6.00,3.90,603-16003,1,8409910090,0,1,,,VEHICLE PARTS & ACCESSORIES,ENGINE PARTS,ENG. INTAKE,55,4,50,110,10,https://api.mybihr.com/medias/1010594-1-800Wx800H?context=bWFzdGVyfHJvb3R8Nzc1Njh8aW1hZ2UvanBlZ3xhREppTDJneU1TODRPVFV5TmpjNE1qVXlOVGMwTHpFd01UQTFPVFF0TVY4NE1EQlhlRGd3TUVnfDIyYTk0ZDEzNjhmODM3N2I4ZDliYTE1YThmYzIyNjMxMzIzYzQzYjU3ZjVjMDg0NWNjMTNhZDY0NzNmZmY0YjY,,,,https://static.bihr.pro/eBihr/Pictures/MIKUNI-pictures.zip,,,Spain Warehouse (Parts)
1010576,MKU50,VM28/486-50,MIKUNI,MIKUN JET MKU 50MM,Chiclé de baja Mikuni VM28/486-50,9.68,8.00,5.20,VM28/486-50,1,8409910090,0,1,,,VEHICLE PARTS & ACCESSORIES,ENGINE PARTS,ENG. INTAKE,4,5,16,16,16,https://api.mybihr.com/medias/1010576-1-800Wx800H?context=bWFzdGVyfHJvb3R8MjE0NDd8aW1hZ2UvanBlZ3xhRGRtTDJobE9TODRPVEkyTlRVM09USTVOVEF5THpFd01UQTFOell0TVY4NE1EQlhlRGd3TUVnfDA1ZGU5YTE4MWE4OWI4NzQ0MjBlZGIxYjUyOGIzMTQ3NTRlOGY5MGQyNGQ4MTllNDdlOTZlM2Y0OGZkZjAxMmI,,,,https://static.bihr.pro/eBihr/Pictures/MIKUNI-pictures.zip,,,Spain Warehouse (Parts)
1009959,MKM55,BS30/96-055,MIKUNI,MIKUN JET MKM 55MM,Chiclé de baja Mikuni BS30/96-055,9.68,8.00,5.20,BS30/96-055,7,8409910090,0,1,,,VEHICLE PARTS & ACCESSORIES,ENGINE PARTS,ENG. INTAKE,4,1,20,20,10,https://api.mybihr.com/medias/1009959-1-800Wx800H?context=bWFzdGVyfHJvb3R8MTIwNTl8aW1hZ2UvanBlZ3xhRE5tTDJobFpTODRPRGN6TnpFd05UZ3pPRE00THpFd01EazVOVGt0TVY4NE1EQlhlRGd3TUVnfGJjODMzNmJhMTYyMDBiZjFmNzkxZjYwNDExNGZhMmY0NmMxNzc2MTc2NTJiMWUzMjI1MDZjMWM1NDdmNGJkNTc,,,,https://static.bihr.pro/eBihr/Pictures/MIKUNI-pictures.zip,,,Spain Warehouse (Parts)
1009960,MKM57.5,BS30/96-057.5,MIKUNI,"MIKUN JET MKM 57,5MM",Chiclé de baja Mikuni BS30/96-057.5,9.68,8.00,5.20,BS30/96-057.5,8,8409910090,0,1,,,VEHICLE PARTS & ACCESSORIES,ENGINE PARTS,ENG. INTAKE,48,10,80,60,10,https://api.mybihr.com/medias/1009960-1-800Wx800H?context=bWFzdGVyfHJvb3R8MjU1MjJ8aW1hZ2UvanBlZ3xhRFE1TDJnd05DODRPVFV6TWpnek9UTTJNamcyTHpFd01EazVOakF0TVY4NE1EQlhlRGd3TUVnfGY4MjM3OGE2NGZkODc5ZmQ1MjM4MTRkMWE0YzllMjdiMmQzODMyMDE0YzkxZjkyNDNhMzAwZDc2YzQ4YjAwOGI,,,,https://static.bihr.pro/eBihr/Pictures/MIKUNI-pictures.zip,,,Spain Warehouse (Parts)
1009957,MKM50,BS30/96-050,MIKUNI,MIKUN JET MKM 50MM,Chiclé de baja Mikuni BS30/96-050,9.68,8.00,5.20,BS30/96-050,7,8409910090,0,1,,,VEHICLE PARTS & ACCESSORIES,ENGINE PARTS,ENG. INTAKE,8,105,20,20,20,https://api.mybihr.com/medias/1009957-1-800Wx800H?context=bWFzdGVyfHJvb3R8MjU1MjJ8aW1hZ2UvanBlZ3xhRFUxTDJnMU9TODRPVEkwTURJeE5qSXdOelkyTHpFd01EazVOVGN0TVY4NE1EQlhlRGd3TUVnfGI2MTQxM2I1ZmJlNWE3Y2UwZDEwYTIzNzQwNTMwNjJkZTQ4MWNkYzc3NzI0ZjUyMDRiYmNhYThhYWZlNmJjZjM,,,,https://static.bihr.pro/eBihr/Pictures/MIKUNI-pictures.zip,,,Spain Warehouse (Parts)
1009988,MKG35,H5-N151067-A35,MIKUNI,MIKUN JET MKG 35MM,Chiclé de baja Mikuni H5-N151067-A35,9.68,8.00,5.20,H5-N151067-A35,2,8409910090,0,1,,,VEHICLE PARTS & ACCESSORIES,ENGINE PARTS,ENG. INTAKE,8,105,20,20,20,https://api.mybihr.com/medias/800Wx800H-1009988-1.jpg?context=bWFzdGVyfHJvb3R8Mzk0NzJ8aW1hZ2UvanBlZ3xhRFJrTDJobVlpOHpNekV5T0RBNE1URXlPVFV3TWk4NE1EQlhlRGd3TUVoZk1UQXdPVGs0T0MweExtcHdad3xhNjRkMjMxZDM4YWIwYjk1MGVkNWZjNWE2MzY3YmEyNjRjOTI4NmJhMDFkYjkwNzNlMDA5NzczMTkzYzJkMjdj,,,,https://static.bihr.pro/eBihr/Pictures/MIKUNI-pictures.zip,,,Spain Warehouse (Parts)
1009858,800803,TM35-1,MIKUNI,MIKUN CARBURETOR TMX35,Carburador Mikuni campana plana TMX35,283.14,234.00,152.10,TM35-1,1,8409910090,0,1,"Adaptable on most 2-stroke motocross or other engines, MIKUNI <<tmx>> carburetors have a valve throttle slide in <<d>> (T MX) or flat (NEW T MX) for supple and precise control.</d></tmx>","Adaptable on most 2-stroke motocross or other engines, MIKUNI <> carburetors have a valve throttle slide in <> (T MX) or flat (NEW T MX) for supple and precise control.",VEHICLE PARTS & ACCESSORIES,ENGINE PARTS,ENG. INTAKE,3618,549,112,190,170,https://api.mybihr.com/medias/1009858-1-800Wx800H?context=bWFzdGVyfHJvb3R8Mzc3NjB8aW1hZ2UvanBlZ3xhR0ZtTDJneE1TODRPVE00T1Rnd09UWTJORE13THpFd01EazROVGd0TVY4NE1EQlhlRGd3TUVnfDcyYTgzNTgzZmFhOThmNmU5M2VhZGIzZWI2ZTJkZDU1ZDliYmEyZjg5NGJhZjhjNWUxN2IxYTU2OWQyOGJlMzA,,,,https://static.bihr.pro/eBihr/Pictures/MIKUNI-pictures.zip,https://api.mybihr.com/medias/800803.pdf?context=bWFzdGVyfGRvY3VtZW50c3wxODEzNzF8YXBwbGljYXRpb24vcGRmfGFERTRMMmhrTkM4NU1EUXpOalEzT0RnNU5ETTRMemd3TURnd013fDk5MTU2ZjI3Y2UwNzUwZDI3OTFiYjhjMGJiMTkxNzU1MjNiNWI1NmVkZTU5YzM1MmY3ZjlmMzljMWM2OWRkOTc,,Spain Warehouse (Parts)
1009859,800504,TM36-2,MIKUNI,MIKUN CARBURETOR TM36,Carburador Mikuni campana plana TM36,300.08,248.00,161.20,TM36-2,1,8409910090,0,1,"For preparing single-cylinder 4-stroke trail and enduro engines, we suggest the MIKUNI TM cross-bar carburetor with recirculation pump. For 2-stroke engines, there is also a range of MIKUNI TM carburetors meeting your need. C","For preparing single-cylinder 4-stroke trail and enduro engines, we suggest the MIKUNI TM cross-bar carburetor with recirculation pump. For 2-stroke engines, there is also a range of MIKUNI TM carburetors meeting your need. C",VEHICLE PARTS & ACCESSORIES,ENGINE PARTS,ENG. INTAKE,2271,760,110,178,116,https://api.mybihr.com/medias/1009859-1-800Wx800H?context=bWFzdGVyfHJvb3R8NDQ3ODB8aW1hZ2UvanBlZ3xhRGhtTDJnek55ODRPVEkwTlRreE16VTNPVGd5THpFd01EazROVGt0TVY4NE1EQlhlRGd3TUVnfDVlYjIzNTBhYzE1YzZhZjQ1NWU2MjIzYTM3MjE0ZDZjZTY1OGY3NWM4M2RjOGI3MDJiYjBkNjdjNWZlYTViYjk,,,,https://static.bihr.pro/eBihr/Pictures/MIKUNI-pictures.zip,https://api.mybihr.com/medias/800504.pdf?context=bWFzdGVyfGRvY3VtZW50c3wyMjM4NDl8YXBwbGljYXRpb24vcGRmfGFEUTBMMmhoTnk4NU1EUXpOakkxTXpRMU1EVTBMemd3TURVd05BfGFjNzI3YmYzYmIxYmNiY2UwNzc5MGNiM2VlNzg4YjY5MmJlMmRkZjE2YjI3MzU1OWMwNjNiMTc2ZWM4NTFiOGQ,,Spain Warehouse (Parts)
1009860,800600,TM36-31,MIKUNI,MIKUN CARBURETOR TM36,Carburador Mikuni campana plana con bomba TM36,514.25,425.00,276.25,TM36-31,1,8409910090,0,1,"For preparing single-cylinder 4-stroke trail and enduro engines, we suggest the MIKUNI TM cross-bar carburetor with recirculation pump. For 2-stroke engines, there is also a range of MIKUNI TM carburetors meeting your need. C","For preparing single-cylinder 4-stroke trail and enduro engines, we suggest the MIKUNI TM cross-bar carburetor with recirculation pump. For 2-stroke engines, there is also a range of MIKUNI TM carburetors meeting your need. C",VEHICLE PARTS & ACCESSORIES,ENGINE PARTS,ENG. INTAKE,2271,1050,110,178,116,https://api.mybihr.com/medias/800Wx800H-1009860-1.jpg?context=bWFzdGVyfHJvb3R8ODMzMzN8aW1hZ2UvanBlZ3xhR000TDJobE1pODRNVGd3T0RnME16ZzJOakUwTWk4NE1EQlhlRGd3TUVoZk1UQXdPVGcyTUMweExtcHdad3xhOTg0YTE3ZWEzMTVhZWI5ODIzNTBlNDFhYWQ0MjZlY2YxNTcyNGViMTM3NTg2OGM2OGVlZGFiYzdmZjNkOTZj,https://api.mybihr.com/medias/800Wx800H-1009860-2.jpg?context=bWFzdGVyfHJvb3R8OTA3NzN8aW1hZ2UvanBlZ3xhRFJtTDJnNU1TODRNVGd3T0RnME5ERXlPREk0Tmk4NE1EQlhlRGd3TUVoZk1UQXdPVGcyTUMweUxtcHdad3w3YWU0NmM5NmRjMDhjM2Q0ZTIzMDk3NWU0MDE4NmUzN2I2ZTlkYTlmNGJmMWE0YWY1NDE3NzgzOTJmZWQ4OGI1,https://api.mybihr.com/medias/800Wx800H-1009860-3.jpg?context=bWFzdGVyfHJvb3R8OTQ5ODJ8aW1hZ2UvanBlZ3xhR0ZsTDJnNE15ODRNVGd3T0RnME5EVXlNVFV3TWk4NE1EQlhlRGd3TUVoZk1UQXdPVGcyTUMwekxtcHdad3w1OTExNWMxZTg5MDk5YmE0NTBlYTg4NDQ4ZjMyMzgzN2M5MGNlNDNiZTU1MjdhMGQyY2ZlOTk5OWI1MTZkNzBh,https://api.mybihr.com/medias/800Wx800H-1009860-4.jpg?context=bWFzdGVyfHJvb3R8Nzg3NDh8aW1hZ2UvanBlZ3xhREl4TDJnM05pODRNVGd3T0RnME5Ea3hORGN4T0M4NE1EQlhlRGd3TUVoZk1UQXdPVGcyTUMwMExtcHdad3wwZjZmMzZmZWM1MjFlMDEwMzU2ZDc4YjIxOWQ5ZDQzM2ViMWEzZWRjMzJiMDcxNWFmODY4YWMxMGI3ZTExMTNk,https://static.bihr.pro/eBihr/Pictures/MIKUNI-pictures.zip,https://api.mybihr.com/medias/800600.pdf?context=bWFzdGVyfGRvY3VtZW50c3wyMjc1Nzh8YXBwbGljYXRpb24vcGRmfGFHUTBMMmhpTVM4NU1EUXpOakkxTmpjeU56TTBMemd3TURZd01BfDhiNzQyMGRkMThiOGUyMTM0ZDFmNjM2Nzk2MDBhZTFjNDFiMjY1ZTY4M2Y0N2YyMGY3MTdiNWI2NDlhODAyZTM,,Spain Warehouse (Parts)
1009861,800806,TM38-157,MIKUNI,MIKUN CARBURETOR TMJ38,Carburador Mikuni con Power Jet TMJ38,402.93,333.00,216.45,TM38-157,1,8409910090,0,1,MIKUNI TMJ carburetors are fitted with a PowerJet system that enriches the mixture from the 3/4 valve throttle slide outlet. This system distinctly improves the motorbike's flexibility at low revs without power loss at high revs.,MIKUNI TMJ carburetors are fitted with a PowerJet system that enriches the mixture from the 3/4 valve throttle slide outlet. This system distinctly improves the motorbike's flexibility at low revs without power loss at high revs.,VEHICLE PARTS & ACCESSORIES,ENGINE PARTS,ENG. INTAKE,2271,600,110,178,116,https://api.mybihr.com/medias/1009861-1-800Wx800H?context=bWFzdGVyfHJvb3R8MzgzODV8aW1hZ2UvanBlZ3xhREkzTDJoaU9TODRPVFk0T0RZMU1EVTBOelV3THpFd01EazROakV0TVY4NE1EQlhlRGd3TUVnfDA1MGUyNzQ5ZDdmM2QyMDg3NWQ4MWMzMzJhN2FlNjE5MTVlOTIxNGMyMjBkNTI5ZjNkYWU5YmMzY2QyOWI2Y2M,,,,https://static.bihr.pro/eBihr/Pictures/MIKUNI-pictures.zip,,,Spain Warehouse (Parts)
1009862,800804,TM38-27,MIKUNI,MIKUN CARBURETOR TMX38 44MM,Carburador Mikuni campana plana TMX38 Ø boca 44mm,330.33,273.00,177.45,TM38-27,1,8409910090,0,1,"Adaptable on most 2-stroke motocross or other engines, MIKUNI <<tmx>> carburetors have a valve throttle slide in <<d>> (T MX) or flat (NEW T MX) for supple and precise control.</d></tmx>","Adaptable on most 2-stroke motocross or other engines, MIKUNI <> carburetors have a valve throttle slide in <> (T MX) or flat (NEW T MX) for supple and precise control.",VEHICLE PARTS & ACCESSORIES,ENGINE PARTS,ENG. INTAKE,1510,550,110,176,78,https://api.mybihr.com/medias/1009862-1-800Wx800H?context=bWFzdGVyfHJvb3R8MzYwMzZ8aW1hZ2UvanBlZ3xhR1kzTDJoaVppODRPVFk0T0RZMU1qVXhNelU0THpFd01EazROakl0TVY4NE1EQlhlRGd3TUVnfGExMzkyZDE3NTE4NzQ4ZjI4ZjIyMTQzNThmNTk4MDU0MzkxNDEyYzVlM2RlYzRkZWYyNzE5NzUzN2U3NTVjZGI,,,,https://static.bihr.pro/eBihr/Pictures/MIKUNI-pictures.zip,https://api.mybihr.com/medias/800804.pdf?context=bWFzdGVyfGRvY3VtZW50c3wxODEzNzF8YXBwbGljYXRpb24vcGRmfGFHTmlMMmhtTVM4NU1EUXpOakkyTWprMU16STJMemd3TURnd05BfDJmMzcxMjI5NjA5NmJmN2RkYjA4ZTQ5NWVlNjVmYzExYTEzYzc5MzRmNDMzMjQ4NWY0YmY5NDM3ZGRhYmQwNDQ,,Spain Warehouse (Parts)
1009871,800008,VM32-193,MIKUNI,MIKUN CARBURETOR VM 32,Carburador Mikuni VM32 tornillo a derechas,180.29,149.00,96.85,VM32-193,0,8409910090,0,1,"<html> <head> <meta http-equiv=""Content-Type"" content=""text/html; charset=utf-8""><title> </title> <style type=""text/css"">.cs95E872D0{text-align:left;margin:0pt 0pt 0pt 0pt;}.csC235ED31{color:#000;background-color:transparent;font-weight:normal;font-style:normal;}</style> </head> <body> <p>A huge selection of models and diameters with numerous possibilities, has popularized the MIKUNI VM as the quintessential replacement carburetor. Removable round valve throttle slide, jets and well needles make this a carburetor of great simplicity to adjust. </p><p> </p></body> </html>","       A huge selection of models and diameters with numerous possibilities, has popularized the MIKUNI VM as the quintessential replacement carburetor. Removable round valve throttle slide, jets and well needles make this a carburetor of great simplicity to adjust.   ",VEHICLE PARTS & ACCESSORIES,ENGINE PARTS,ENG. INTAKE,2271,770,110,178,116,https://api.mybihr.com/medias/1009871-1-800Wx800H?context=bWFzdGVyfHJvb3R8NDE1Mzh8aW1hZ2UvanBlZ3xhRE5rTDJnelpTODRPVFV5T1RjME56QTBOamN3THpFd01EazROekV0TVY4NE1EQlhlRGd3TUVnfDJmNzNhOWZlNGVhZjk1OGJkZDNhZGZmM2E2NjY3ZTJlODEwMjcyZWFjNWM0YmVjNTFlNGE4NTk2ZGQ5ZmE1Y2I,,,,https://static.bihr.pro/eBihr/Pictures/MIKUNI-pictures.zip,https://api.mybihr.com/medias/800008.pdf?context=bWFzdGVyfGRvY3VtZW50c3wyMjYxNjB8YXBwbGljYXRpb24vcGRmfGFHUTBMMmhoWWk4NU1EUXpOakEwTnpZMk56VXdMemd3TURBd09BfDRlOGI1MTA3N2MwMzY0ZjZkZDI3M2Y3YjE4YzNkNWE5ZjEyMDQzZTdiNzBmODU1ZjYzMDQ0ZmY4YjIzYmYxZTc,,Spain Warehouse (Parts)
1010494,MKE100,VM11/22-100,MIKUNI,MIKUN JET MKE 100MM,Chiclé de alta Mikuni VM11/22-100,8.47,7.00,4.55,VM11/22-100,6,8409910090,0,1,,,VEHICLE PARTS & ACCESSORIES,ENGINE PARTS,ENG. INTAKE,2,100,11,11,15,https://api.mybihr.com/medias/1010494-1-800Wx800H?context=bWFzdGVyfHJvb3R8MjY5MzR8aW1hZ2UvanBlZ3xhRE16TDJnMU15ODRPVEF4TnpJME9EazNNekV3THpFd01UQTBPVFF0TVY4NE1EQlhlRGd3TUVnfGNlZWNjMDkxMDFmNzUwZjQwNDU1MTRmYmIwNTUzYzVkMzhiODRjYWVhYzA1ZDVhNjkwZWJhOWVhOGI0ODZjZGI,,,,https://static.bihr.pro/eBihr/Pictures/MIKUNI-pictures.zip,,,Spain Warehouse (Parts)
1010499,MKE112.5,VM11/22-112.5,MIKUNI,"MIKUN JET MKE 112,5MM",Chiclé de alta Mikuni VM11/22-112.5,8.47,7.00,0.28,VM11/22-112.5,9,8409910090,0,1,,,VEHICLE PARTS & ACCESSORIES,ENGINE PARTS,ENG. INTAKE,8,105,20,20,20,https://api.mybihr.com/medias/1010499-1-800Wx800H?context=bWFzdGVyfHJvb3R8MjY5MDF8aW1hZ2UvanBlZ3xhR1EzTDJnMll5ODRPVFE0T1RrME1ERTFNall5THpFd01UQTBPVGt0TVY4NE1EQlhlRGd3TUVnfDIxZDc2MTFjNDNjODNmYjk1NTIyZTQ3YTA3MTAwNjU4MjA3MWYzYTFmNTY3ODM3MDM1MDU5NTQ2NmRjM2RlZWM,,,,https://static.bihr.pro/eBihr/Pictures/MIKUNI-pictures.zip,,,Spain Warehouse (Parts)
1009865,800002,VM20-273,MIKUNI,MIKUN CARBURETOR VM 20,Carburador Mikuni VM20 standard,158.51,131.00,85.15,VM20-273,1,8409910090,0,1,"<html> <head> <meta http-equiv=""Content-Type"" content=""text/html; charset=utf-8""><title> </title> <style type=""text/css"">.cs95E872D0{text-align:left;margin:0pt 0pt 0pt 0pt;}.csC235ED31{color:#000;background-color:transparent;font-weight:normal;font-style:normal;}</style> </head> <body> <p>A huge selection of models and diameters with numerous possibilities, has popularized the MIKUNI VM as the quintessential replacement carburetor. Removable round valve throttle slide, jets and well needles make this a carburetor of great simplicity to adjust. </p><p> </p></body> </html>","       A huge selection of models and diameters with numerous possibilities, has popularized the MIKUNI VM as the quintessential replacement carburetor. Removable round valve throttle slide, jets and well needles make this a carburetor of great simplicity to adjust.   ",VEHICLE PARTS & ACCESSORIES,ENGINE PARTS,ENG. INTAKE,2271,600,110,178,116,https://api.mybihr.com/medias/800Wx800H-1009865-1.jpg?context=bWFzdGVyfHJvb3R8Nzc4Njd8aW1hZ2UvanBlZ3xhR1ZrTDJobU5pODRNREk0TmpNNU5ERTFOVEF6T0M4NE1EQlhlRGd3TUVoZk1UQXdPVGcyTlMweExtcHdad3w2NWI0OTdkMmRiZWIxNGNlZWJlOGRhMTFjMGI2N2VlN2M4Yzg1NTQwNTIyYzgzMjJhMGNjMGRmOGVlMTcwMTVk,https://api.mybihr.com/medias/800Wx800H-1009865-2.jpg?context=bWFzdGVyfHJvb3R8Nzc3Mzd8aW1hZ2UvanBlZ3xhR0prTDJobVpDODRNREk0TmpNNU5ETTFNVFkwTmk4NE1EQlhlRGd3TUVoZk1UQXdPVGcyTlMweUxtcHdad3w1ZTlhYTc1NTdjZTJjZGY4OGQ4MGE4NWIzMGI5NzQ4NjRjM2ZkYjM1M2MwNGUyZTJmODViZTljZThmNWM1ODhh,https://api.mybihr.com/medias/800Wx800H-1009865-3.jpg?context=bWFzdGVyfHJvb3R8ODkzNDR8aW1hZ2UvanBlZ3xhRGcwTDJobVlpODRNREk0TmpNNU5EVTBPREkxTkM4NE1EQlhlRGd3TUVoZk1UQXdPVGcyTlMwekxtcHdad3w1OTI1MzQ0MzMxMzM1MzQ4NDEwMjIxZGEwZWZlNzA3YTg3NjVkZjBlOTJhOTA0OTUzMzQ0ODIxYTZiYmZkMWUy,https://api.mybihr.com/medias/800Wx800H-1009865-4.jpg?context=bWFzdGVyfHJvb3R8Nzg4ODV8aW1hZ2UvanBlZ3xhR0kwTDJobU5DODRNREk0TmpNNU5EYzBORGcyTWk4NE1EQlhlRGd3TUVoZk1UQXdPVGcyTlMwMExtcHdad3xjZWMwZmVhYmUwZDI0MTZjODFmZGIxOTk3ODlkMGE0ZDZmZDc5NDZkNjk3Njg4MWVlOGNkZDY1MTAwMmU3MDA4,https://static.bihr.pro/eBihr/Pictures/MIKUNI-pictures.zip,,,Spain Warehouse (Parts)
1010583,825018,786-27001-4.2,MIKUNI,"MIKUN NEEDLE NEEDLE VALVE KIT 4,2",Válvula de aguja carburador Mikuni 4.2 TMR42-45,26.62,22.00,14.30,786-27001-4.2,1,8409910090,0,1,,,VEHICLE PARTS & ACCESSORIES,ENGINE PARTS,ENG. INTAKE,1,10,9,10,15,https://api.mybihr.com/medias/1010583-1-800Wx800H?context=bWFzdGVyfHJvb3R8MzAzMDB8aW1hZ2UvanBlZ3xhREV3TDJnME9TODRPVEkyTnpNME16RTVOalEyTHpFd01UQTFPRE10TVY4NE1EQlhlRGd3TUVnfGYyMDYwMjViMDliN2Q0NDU2YzI5MWFiODY5OGQ3OWRjNmVhNmI3NTkzNTk3YTQ0MjQzYzRjNWU3MGI0OTY2MWI,,,,https://static.bihr.pro/eBihr/Pictures/MIKUNI-pictures.zip,,,Spain Warehouse (Parts)
1009849,800103,BN44-40-8052,MIKUNI,MIKUN CARBURETOR SBN44,Carburador Mikuni SBN44 sin mariposa de starter + eje largo,338.80,280.00,182.00,BN44-40-8052,0,8409910090,0,1,"Without choke throttle valve, plus long rod.","Without choke throttle valve, plus long rod.",VEHICLE PARTS & ACCESSORIES,ENGINE PARTS,ENG. INTAKE,2271,900,110,178,116,https://api.mybihr.com/medias/800Wx800H-1009849-1.jpg?context=bWFzdGVyfHJvb3R8NzkyNzl8aW1hZ2UvanBlZ3xhRFpsTDJnM01TOHpNekV6TVRFeU1qWTRPREF6TUM4NE1EQlhlRGd3TUVoZk1UQXdPVGcwT1MweExtcHdad3wwYWZlZDk1ZDMwODVlMzY4NjUxNjNiNjI1M2UxN2Q2YzVhMjVjMmI4MTZhZDI4YTI3NzZlNjMxYzY2ZmExNGY1,https://api.mybihr.com/medias/800Wx800H-1009849-2.jpg?context=bWFzdGVyfHJvb3R8ODEzODB8aW1hZ2UvanBlZ3xhREl5TDJneFl5OHpNekV6TVRFeU16QTRNVEkwTmk4NE1EQlhlRGd3TUVoZk1UQXdPVGcwT1MweUxtcHdad3xlZDk4YWM5NzJlZTM2NGU1NmQ5YjU1NzA2MzVmMWMxN2Y3YjYxNzc5YmYxMzAyODRiNWI1MmE3ZTI3YTE3MjU2,https://api.mybihr.com/medias/800Wx800H-1009849-3.jpg?context=bWFzdGVyfHJvb3R8Nzg2OTN8aW1hZ2UvanBlZ3xhRGswTDJnd1pTOHpNekV6TVRFeU16UTNORFEyTWk4NE1EQlhlRGd3TUVoZk1UQXdPVGcwT1MwekxtcHdad3xmMGNiODY1NDE1Mzg5OGFhODc2NTEyYTM5N2Q3YjIyMjYzZmYxNDQ3MTUzMjVjYTU5MjA3ZGVmMjk0MjU4YTU5,https://api.mybihr.com/medias/800Wx800H-1009849-4.jpg?context=bWFzdGVyfHJvb3R8ODkyMjN8aW1hZ2UvanBlZ3xhREEzTDJnd01TOHpNekV6TVRFeU16ZzJOelkzT0M4NE1EQlhlRGd3TUVoZk1UQXdPVGcwT1MwMExtcHdad3xkOTZiNWFiNGM3NmFhZTU5Y2JlZTY4ZDU1NmE3MmY5N2U5ZDAwYjczZDYzODUxNGRiMjFhMjRhMWZjZmMyODg2,https://static.bihr.pro/eBihr/Pictures/MIKUNI-pictures.zip,https://api.mybihr.com/medias/800103.pdf?context=bWFzdGVyfGRvY3VtZW50c3wxODY2MDl8YXBwbGljYXRpb24vcGRmfGFEQTRMMmhrTlM4NU5qTTBOVFk0T1RZeU1EYzRMemd3TURFd013fDgwNTI5NTU0M2Y0ZjRiZmQwN2ZlYzcxMDA5ZTc4NmRjNjRhNzRkZDFjMGI3ZGM4YWZjOGJkZWE2NDRkNWJlMDU,,Spain Warehouse (Parts)
1010567,MKU27.5,VM28/486-27.5,MIKUNI,"MIKUN JET MKU 27,5MM",Chiclé de baja Mikuni VM28/486-27.5,9.68,8.00,5.20,VM28/486-27.5,4,8409910090,0,1,,,VEHICLE PARTS & ACCESSORIES,ENGINE PARTS,ENG. INTAKE,3,100,15,15,15,https://api.mybihr.com/medias/1010567-1-800Wx800H?context=bWFzdGVyfHJvb3R8MjE0NDd8aW1hZ2UvanBlZ3xhRGhqTDJnME9DODRPVE00T0RNM056QTBOek0wTHpFd01UQTFOamN0TVY4NE1EQlhlRGd3TUVnfDFlYzZkN2E5M2MyODgxODkyZThjOTQ1ZDUyZDJjYjE5YjNiMzc5YmJmYjBkNmM3NTk3ZThhNjg1MDBlMmM3ODI,,,,https://static.bihr.pro/eBihr/Pictures/MIKUNI-pictures.zip,,,Spain Warehouse (Parts)
1009851,800500,TM24-9,MIKUNI,MIKUN CARBURETOR TM24/9,Carburador Mikuni campana plana TM24,225.06,186.00,120.90,TM24-9,1,8409910090,0,1,"<html> <head> <meta http-equiv=""Content-Type"" content=""text/html; charset=utf-8""><title> </title> <style type=""text/css"">.cs95E872D0{text-align:left;margin:0pt 0pt 0pt 0pt;}.csA7555675{color:#000;background-color:transparent;font-weight:normal;font-style:normal;}</style> </head> <body> <p> </p></body> </html>","         ",VEHICLE PARTS & ACCESSORIES,ENGINE PARTS,ENG. INTAKE,2271,420,110,178,116,https://api.mybihr.com/medias/1009851-1-800Wx800H?context=bWFzdGVyfHJvb3R8NDI0MDh8aW1hZ2UvanBlZ3xhR1JqTDJneE5DODRPVE00T1RjeU9UQTFOVEF5THpFd01EazROVEV0TVY4NE1EQlhlRGd3TUVnfDA3YmZhMzQxYzM4YmQyZDI0MzA4NmE0N2IyODFkZTFkMGZmZjg2ZjcxNTI3NjJjNjRjZDA5N2VlNTZmYjU4M2M,,,,https://static.bihr.pro/eBihr/Pictures/MIKUNI-pictures.zip,https://api.mybihr.com/medias/800500.pdf?context=bWFzdGVyfGRvY3VtZW50c3wyMjM4NDl8YXBwbGljYXRpb24vcGRmfGFETmhMMmhpWlM4NU1EUXpOalEyTnpReU5UVTRMemd3TURVd01BfDk4NWE4NDJkMjczMTE2OThiYWQyYWRiOGI1NTI2ZWUyYTg1ODRhNmZlZTU4NjBkY2VjYjNmMDkwZDZhYzFkZDQ,https://api.mybihr.com/medias/Carburateurs-TM-MIKUNI.pdf?context=bWFzdGVyfGRvY3VtZW50c3wyMjM4NDl8YXBwbGljYXRpb24vcGRmfGFESXpMMmcyWWk4NE5qQXlNVEEyTkRBNU56Z3lNaTlEWVhKaWRYSmhkR1YxY25OZlZFMWZUVWxMVlU1SkxuQmtaZ3xkNGIzYmQyNmJmNjZjYmQyNDhlYTQ0MjcwZGM2Y2Y2YjNmMGI2YjI1ZmFkMzQ3NTRkYWUzOTUzMmFiYWM2MmUw,Spain Warehouse (Parts)
1009852,800800,TM27-8006,MIKUNI,MIKUN CARBURETOR TMJ27,Carburador Mikuni con Power Jet TMJ27,243.21,201.00,130.65,TM27-8006,1,8409910090,0,1,MIKUNI TMJ carburetors are fitted with a PowerJet system that enriches the mixture from the 3/4 valve throttle slide outlet. This system distinctly improves the motorbike's flexibility at low revs without power loss at high revs.,MIKUNI TMJ carburetors are fitted with a PowerJet system that enriches the mixture from the 3/4 valve throttle slide outlet. This system distinctly improves the motorbike's flexibility at low revs without power loss at high revs.,VEHICLE PARTS & ACCESSORIES,ENGINE PARTS,ENG. INTAKE,2271,600,110,178,116,https://api.mybihr.com/medias/1009852-1-800Wx800H?context=bWFzdGVyfHJvb3R8MzgzODV8aW1hZ2UvanBlZ3xhR1JpTDJnM05DODRPVE0wTnpVeU5UVXdPVFF5THpFd01EazROVEl0TVY4NE1EQlhlRGd3TUVnfDNmMDQxZmZjODgwMGRjNTM4YzNhMjAxNTcxM2ZkMDI4YjE1MzI4MTY5MDA1NzMzMWFlOWEwMDNhYjQ4MGRkZTQ,,,,https://static.bihr.pro/eBihr/Pictures/MIKUNI-pictures.zip,,,Spain Warehouse (Parts)
1010570,MKU35,VM28/486-35,MIKUNI,MIKUN JET MKU 35MM,Chiclé de baja Mikuni VM28/486-35,9.68,8.00,5.20,VM28/486-35,2,8409910090,0,1,,,VEHICLE PARTS & ACCESSORIES,ENGINE PARTS,ENG. INTAKE,8,105,20,20,20,https://api.mybihr.com/medias/1010570-1-800Wx800H?context=bWFzdGVyfHJvb3R8MjE0NDd8aW1hZ2UvanBlZ3xhRGc1TDJobFl5ODRPRGN6TlRnMk5qSXlORGswTHpFd01UQTFOekF0TVY4NE1EQlhlRGd3TUVnfGQwYmUzY2M4NGU2NjJiOGE3NGIyZmFhMWNhNGE4YWQ0YTMwMzE4MGU2YjhmZjYyYzYyYmM3YmM0NTJmMGY3Zjk,,,,https://static.bihr.pro/eBihr/Pictures/MIKUNI-pictures.zip,,,Spain Warehouse (Parts)
1009853,800801,TM30-8006,MIKUNI,MIKUN CARBURETOR TMJ30,Carburador Mikuni con Power Jet TMJ30,243.21,201.00,130.65,TM30-8006,0,8409910090,0,1,MIKUNI TMJ carburetors are fitted with a PowerJet system that enriches the mixture from the 3/4 valve throttle slide outlet. This system distinctly improves the motorbike's flexibility at low revs without power loss at high revs.,MIKUNI TMJ carburetors are fitted with a PowerJet system that enriches the mixture from the 3/4 valve throttle slide outlet. This system distinctly improves the motorbike's flexibility at low revs without power loss at high revs.,VEHICLE PARTS & ACCESSORIES,ENGINE PARTS,ENG. INTAKE,1877,525,192,104,94,https://api.mybihr.com/medias/800Wx800H-1009853-1.jpg?context=bWFzdGVyfHJvb3R8MjkzODl8aW1hZ2UvanBlZ3xhR1F3TDJnMU5DODJNelV6TnpnNE9UQTFNRFkxTkM4NE1EQlhlRGd3TUVoZk1UQXdPVGcxTXkweExtcHdad3wxMDg1YjJlYzMzYTI1NTRjMzhjMmZkZjgwZjNlMzZjZWU3NDYyYTc2OTk2NjJhZGEzYzlkMTI0YWM2MmU3N2Qx,https://api.mybihr.com/medias/800Wx800H-1009853-2.jpg?context=bWFzdGVyfHJvb3R8Mjg1NTZ8aW1hZ2UvanBlZ3xhRGxsTDJnMVpTODJNelV6TnpnNE9UTXhNamM1T0M4NE1EQlhlRGd3TUVoZk1UQXdPVGcxTXkweUxtcHdad3w5Zjg5ZTcxYzU0MjM1NjAxNzNjMGYwZDRjZjE0N2M1NzQ0MjdiMDVmOTM4MWI4Y2MxZjJjOTBhYWRkMWMwYmIz,https://api.mybihr.com/medias/800Wx800H-1009853-3.jpg?context=bWFzdGVyfHJvb3R8MjU3MTh8aW1hZ2UvanBlZ3xhREpqTDJnMll5ODJNelV6TnpnNE9UY3dOakF4TkM4NE1EQlhlRGd3TUVoZk1UQXdPVGcxTXkwekxtcHdad3xjNTRlNzRmNjQ3MDliZjFiOGMwMzI0YmE2NDdlOTE5MjcyMzQ1NzRkMzQzNjkxZjU1YzlmZDY4OGE3YzAyNWU2,,https://static.bihr.pro/eBihr/Pictures/MIKUNI-pictures.zip,,,Spain Warehouse (Parts)
1010571,MKU37.5,VM28/486-37.5,MIKUNI,"MIKUN JET MKU 37,5MM",Chiclé de baja Mikuni VM28/486-37.5,9.68,8.00,5.20,VM28/486-37.5,0,8409910090,0,1,,,VEHICLE PARTS & ACCESSORIES,ENGINE PARTS,ENG. INTAKE,4,5,16,16,16,https://api.mybihr.com/medias/1010571-1-800Wx800H?context=bWFzdGVyfHJvb3R8MjE0NDd8aW1hZ2UvanBlZ3xhRGMzTDJoaFl5ODRPVEkyTXpnNE1Ea3lPVFU0THpFd01UQTFOekV0TVY4NE1EQlhlRGd3TUVnfDNjY2U3YTA4MjMxNjNkY2QxNTQ3YWFmY2FhN2U2MGE5NjhjY2UyMzk2ZWU3MzNhYmFiZDBjZDNlODY1Yjc2YjA,,,,https://static.bihr.pro/eBihr/Pictures/MIKUNI-pictures.zip,,,Spain Warehouse (Parts)
1010602,821068,616-12001,MIKUNI,MIKUN SPAREPARTS JET GASKET,Junta de chiclé Mikuni 616-12001,2.42,2.00,1.30,616-12001,4,8409910090,0,1,,,VEHICLE PARTS & ACCESSORIES,ENGINE PARTS,ENG. INTAKE,2,100,20,10,10,https://api.mybihr.com/medias/800Wx800H-1010602-1.jpg?context=bWFzdGVyfHJvb3R8MzA1Njl8aW1hZ2UvanBlZ3xhRFk1TDJnM09TOHpNekV6TVRFeU9UZ3pNVFExTkM4NE1EQlhlRGd3TUVoZk1UQXhNRFl3TWkweExtcHdad3w0NDdiNjJiZTI5OTZkODJmZTBjNjE1YzZjZmNhNjNjOGQ5N2FiZjkzOTQ0OGJmYzMwMmRmMzllNGQ5NjE2M2Rj,,,,https://static.bihr.pro/eBihr/Pictures/MIKUNI-pictures.zip,,,Spain Warehouse (Parts)
1010645,825061,786-36011-3.3,MIKUNI,"MIKUN SPAREPARTS NEEDLE VALVE KIT 3,3",Válvula de aguja carburador Mikuni NEW-TMX 3.3,27.83,23.00,14.95,786-36011-3.3,1,8409910090,0,1,,,VEHICLE PARTS & ACCESSORIES,ENGINE PARTS,ENG. INTAKE,1,10,9,10,15,https://api.mybihr.com/medias/800Wx800H-1010645-1.jpg?context=bWFzdGVyfHJvb3R8MzUxNzF8aW1hZ2UvanBlZ3xhR1l6TDJnek55OHpNekV6TVRNek1USTRPVEV4T0M4NE1EQlhlRGd3TUVoZk1UQXhNRFkwTlMweExtcHdad3w5ZTg4OTJiMTIwOWM3YzBjNTMwMmE1MzVjNmJlY2NiZDQzZWFmZGY1ZWQ3N2UyNzQwZTdhZmRhMWVkZGU4MGYx,,,,https://static.bihr.pro/eBihr/Pictures/MIKUNI-pictures.zip,,,Spain Warehouse (Parts)
1009864,800001,VM18-144,MIKUNI,MIKUN CARBURETOR VM 18,Carburador Mikuni VM18 standard,135.52,112.00,72.80,VM18-144,0,8409910090,0,1,"<html> <head> <meta http-equiv=""Content-Type"" content=""text/html; charset=utf-8""><title> </title> <style type=""text/css"">.cs95E872D0{text-align:left;margin:0pt 0pt 0pt 0pt;}.csC235ED31{color:#000;background-color:transparent;font-weight:normal;font-style:normal;}</style> </head> <body> <p>A huge selection of models and diameters with numerous possibilities, has popularized the MIKUNI VM as the quintessential replacement carburetor. Removable round valve throttle slide, jets and well needles make this a carburetor of great simplicity to adjust. </p><p> </p></body> </html>","       A huge selection of models and diameters with numerous possibilities, has popularized the MIKUNI VM as the quintessential replacement carburetor. Removable round valve throttle slide, jets and well needles make this a carburetor of great simplicity to adjust.   ",VEHICLE PARTS & ACCESSORIES,ENGINE PARTS,ENG. INTAKE,869,495,135,87,74,https://api.mybihr.com/medias/800Wx800H-1009864-1.jpg?context=bWFzdGVyfHJvb3R8NzgwNDF8aW1hZ2UvanBlZ3xhREV6TDJnNU5DODRNREk0TmpNNU16TTJPRFl3Tmk4NE1EQlhlRGd3TUVoZk1UQXdPVGcyTkMweExtcHdad3wzYTU0NjRlMWRjYjYzOWU5Y2MzNzRkYTE2ZWRlYTUyNDJjMWQ5YzgxMDE2YzNlYmVjZjFhMDMyZWMyMzkzMTA0,https://api.mybihr.com/medias/800Wx800H-1009864-2.jpg?context=bWFzdGVyfHJvb3R8ODM4NzF8aW1hZ2UvanBlZ3xhR1UwTDJnNVlTODRNREk0TmpNNU16VTJOVEl4TkM4NE1EQlhlRGd3TUVoZk1UQXdPVGcyTkMweUxtcHdad3w2MjAxNGRlMTYzNDQzYWZlNDE3YTcxZmVjOTQ3MzgzZTBiZjkwMzliMGQzZWZjZGUxMDdkZjExNGE3ZDNjOWM4,https://api.mybihr.com/medias/800Wx800H-1009864-3.jpg?context=bWFzdGVyfHJvb3R8NjMyMTF8aW1hZ2UvanBlZ3xhR0kwTDJoaE1TODRNREk0TmpNNU16YzJNVGd5TWk4NE1EQlhlRGd3TUVoZk1UQXdPVGcyTkMwekxtcHdad3xhY2RmYjdkNzBjMmQyMGViYzgxNzk2YzQ5M2JjZDg2YzFlMjEyNDcwM2I3NTcxODFiNDQ3OTk1MWRkMWUzMTUy,https://api.mybihr.com/medias/800Wx800H-1009864-4.jpg?context=bWFzdGVyfHJvb3R8ODY1MzN8aW1hZ2UvanBlZ3xhRGN4TDJoaE9DODRNREk0TmpNNU16azFPRFF6TUM4NE1EQlhlRGd3TUVoZk1UQXdPVGcyTkMwMExtcHdad3w5YzQxNzMyZjEwZDVmMjZmYzE2MTBlNzVlMGJhZTVmYzFhM2ZkM2I3MDFlYWVlZmI4YWJkYmYwMzY1MWM3ZDZk,https://static.bihr.pro/eBihr/Pictures/MIKUNI-pictures.zip,,,Spain Warehouse (Parts)
1010584,5FL14,J8-5FL14,MIKUNI,MIKUN NEEDLE,Aguja de carburador Mikuni J8-5FL14,16.94,14.00,9.10,J8-5FL14,1,8409910090,0,1,,,VEHICLE PARTS & ACCESSORIES,ENGINE PARTS,ENG. INTAKE,1,5,5,5,50,https://api.mybihr.com/medias/1010584-1-800Wx800H?context=bWFzdGVyfHJvb3R8MTE4MzV8aW1hZ2UvanBlZ3xhRGMxTDJobFlTODRPVFV6TXpNek9UUXdNalUwTHpFd01UQTFPRFF0TVY4NE1EQlhlRGd3TUVnfGM3Njc1MTYzOGIzZjc4MmU4MzNhNGFlNzViNzA1NWJhYTgxMzRmNWExMTlmYWE5ZTIxNjcyMDBkMGNkZGU2NGQ,,,,https://static.bihr.pro/eBihr/Pictures/MIKUNI-pictures.zip,,,Spain Warehouse (Parts)
1009868,800004,VM26-8639,MIKUNI,MIKUN CARBURETOR VM 26,Carburador Mikuni VM26 tornillo a izquierdas,182.71,151.00,98.15,VM26-8639,0,8409910090,0,1,"<html> <head> <meta http-equiv=""Content-Type"" content=""text/html; charset=utf-8""><title> </title> <style type=""text/css"">.cs95E872D0{text-align:left;margin:0pt 0pt 0pt 0pt;}.csC235ED31{color:#000;background-color:transparent;font-weight:normal;font-style:normal;}</style> </head> <body> <p>A huge selection of models and diameters with numerous possibilities, has popularized the MIKUNI VM as the quintessential replacement carburetor. Removable round valve throttle slide, jets and well needles make this a carburetor of great simplicity to adjust. </p><p> </p></body> </html>","       A huge selection of models and diameters with numerous possibilities, has popularized the MIKUNI VM as the quintessential replacement carburetor. Removable round valve throttle slide, jets and well needles make this a carburetor of great simplicity to adjust.   ",VEHICLE PARTS & ACCESSORIES,ENGINE PARTS,ENG. INTAKE,1432,576,146,109,90,https://api.mybihr.com/medias/1009868-1-800Wx800H?context=bWFzdGVyfHJvb3R8NDE1Mzh8aW1hZ2UvanBlZ3xhRGszTDJnNE15ODRPVEkyTXpZd09USTRNamcyTHpFd01EazROamd0TVY4NE1EQlhlRGd3TUVnfGFhYTBmNDRlMmY1Y2UyYTE5ZDAyZDAzNDE3ZTNiYTNhNDNhMWQ2NjVjNjA0MjMwOGE1YzAwZmM0MWJhNTRhYTA,,,,https://static.bihr.pro/eBihr/Pictures/MIKUNI-pictures.zip,https://api.mybihr.com/medias/800004.pdf?context=bWFzdGVyfGRvY3VtZW50c3wyMjYxNjB8YXBwbGljYXRpb24vcGRmfGFERTBMMmhoT0M4NU1EUXpOakEwTmpNMU5qYzRMemd3TURBd05BfDVlMmYzNGVkN2QyMmYyNDlmNDE1ZmI3OWIzZGVlYzFkOWFjYzlkOTRhNTlkMzAwYjg0ODcwN2RmYzYwNjJjZWI,,Spain Warehouse (Parts)
1010586,6EJ12-55,J8-6EJ12-55,MIKUNI,MIKUN NEEDLE,Aguja de carburador Mikuni J8-6EJ12-55,12.10,10.00,6.50,J8-6EJ12-55,1,8714109090,0,1,,,VEHICLE PARTS & ACCESSORIES,ENGINE PARTS,ENG. INTAKE,1,5,5,5,50,https://api.mybihr.com/medias/1010586-1-800Wx800H?context=bWFzdGVyfHJvb3R8NDM5MjV8aW1hZ2UvanBlZ3xhR0ZtTDJnMVl5ODRPVEkzTURBME1qSTVOall5THpFd01UQTFPRFl0TVY4NE1EQlhlRGd3TUVnfGIwMjU0ZTI4NTNlNmYxOGRlMjYzOTJlMGYxNGNjM2VlYjM3Njg3MjFmNmEwMGUyMTBiZjcwMDI4ZDI0ZDM5MmY,,,,https://static.bihr.pro/eBihr/Pictures/MIKUNI-pictures.zip,,,Spain Warehouse (Parts)
1009869,800501,VM28-418,MIKUNI,MIKUN CARBURETOR TM28,Carburador Mikuni campana plana TM28,223.85,185.00,120.25,VM28-418,4,8409910090,0,1,"<html> <head> <meta http-equiv=""Content-Type"" content=""text/html; charset=utf-8""><title> </title> <style type=""text/css"">.cs95E872D0{text-align:left;margin:0pt 0pt 0pt 0pt;}.csA7555675{color:#000;background-color:transparent;font-weight:normal;font-style:normal;}</style> </head> <body> <p>For enduro and trail type 4 strokes single-cylinder preparation, we offer the MIKUNI TM carburetor with recirculation pump.</p></body> </html>","       For enduro and trail type 4 strokes single-cylinder preparation, we offer the MIKUNI TM carburetor with recirculation pump. ",VEHICLE PARTS & ACCESSORIES,ENGINE PARTS,ENG. INTAKE,1445,550,170,100,85,https://api.mybihr.com/medias/1009869-1-800Wx800H?context=bWFzdGVyfHJvb3R8NDQ3ODB8aW1hZ2UvanBlZ3xhREZpTDJneE1pODRPVFExT0RNNU16UXhOVGs0THpFd01EazROamt0TVY4NE1EQlhlRGd3TUVnfDJlNmE5NjJmMzI2OWQ3ODk3ZTRiYzgxNDI3ZWRiZmJlNmY3YTQ2YWMzZjA3NjgxMWQxMTg4ODQxMjhiM2U2ZWU,,,,https://static.bihr.pro/eBihr/Pictures/MIKUNI-pictures.zip,https://api.mybihr.com/medias/Mikuni-800501-.pdf?context=bWFzdGVyfGRvY3VtZW50c3wyMzgwOTJ8YXBwbGljYXRpb24vcGRmfGFEUTFMMmd3TkM4NU1EVXdPVE01TWpJNE1Ua3dMMDFwYTNWdWFTQTRNREExTURFcnw4MmZiN2MwNjQwOGY0MDljMjI3YzNiOGM5NTNkZGFjNTFmZjY1MGJjOWIwMzZhYjczYTNmNmViMjVkZDU4Yjcz,,Spain Warehouse (Parts)
1009885,MKA140,4/042-140,MIKUNI,MIKUN JET MKA 140MM,Chiclé de alta Mikuni 4/042-140,8.47,7.00,4.55,4/042-140,1,8409910090,0,1,,,VEHICLE PARTS & ACCESSORIES,ENGINE PARTS,ENG. INTAKE,0,5,12,6,6,https://api.mybihr.com/medias/1009885-1-800Wx800H?context=bWFzdGVyfHJvb3R8MjY1ODd8aW1hZ2UvanBlZ3xhR0l4TDJobFpDODRPVEF3T1RVMU9ETXlNelV3THpFd01EazRPRFV0TVY4NE1EQlhlRGd3TUVnfDMyMmE5MzcwZmU5NWY2N2MxZjRiMmMwYjIwMzM4OTU5MjI2YTc2ODg4Y2FlNzFmOWRkZjljM2IwYjZkYzU1ZDE,,,,https://static.bihr.pro/eBihr/Pictures/MIKUNI-pictures.zip,,,Spain Warehouse (Parts)
1009887,MKA150,4/042-150,MIKUNI,MIKUN JET MKA 150MM,Chiclé de alta Mikuni 4/042-150,8.47,7.00,4.55,4/042-150,1,8409910090,0,1,,,VEHICLE PARTS & ACCESSORIES,ENGINE PARTS,ENG. INTAKE,4,5,27,15,9,https://api.mybihr.com/medias/1009887-1-800Wx800H?context=bWFzdGVyfHJvb3R8MjY1ODd8aW1hZ2UvanBlZ3xhR0U0TDJoallpODRPVFE0T1RjM01UQTJPVGMwTHpFd01EazRPRGN0TVY4NE1EQlhlRGd3TUVnfGFjMTBlYzhhZWQxZGZhNmQzZTQxMTk1Mjc1M2E1M2JmN2ExNDkzMTJiMTA2MjM4Nzc1ZDA4YzZkYzRkNzQ2NzU,,,,https://static.bihr.pro/eBihr/Pictures/MIKUNI-pictures.zip,,,Spain Warehouse (Parts)
1010610,821058,616-94028,MIKUNI,MIKUN SPAREPARTS CARBURETOR O-RING,Jnta tórica de cuba de carburador Mikuni HSR42/45 / TMR42/45,4.84,4.00,2.60,616-94028,1,8409910090,0,1,,,VEHICLE PARTS & ACCESSORIES,ENGINE PARTS,ENG. INTAKE,51,105,85,60,10,https://api.mybihr.com/medias/800Wx800H-1010610-1.jpg?context=bWFzdGVyfHJvb3R8MzAwODN8aW1hZ2UvanBlZ3xhREF6TDJnMk5DOHpNekV6TVRNeU9Ea3lPVGd5TWk4NE1EQlhlRGd3TUVoZk1UQXhNRFl4TUMweExtcHdad3xjZDhjOWU3YmEzZmExY2YyNDE5ZGFmMDkzYzRmNmU2ZTUyZjZiMDRlZGU1ZWNlODRhMzgxZTdkODY1N2QxMjI5,,,,https://static.bihr.pro/eBihr/Pictures/MIKUNI-pictures.zip,,,Spain Warehouse (Parts)
1010599,822169,604-25017,MIKUNI,MIKUN SPAREPARTS ADJUSTING SCREW,Tornillo de reglaje altas carburador Mikuni SBN38-44-46,4.84,4.00,2.60,604-25017,2,8409910090,0,1,,,VEHICLE PARTS & ACCESSORIES,ENGINE PARTS,ENG. INTAKE,9,100,40,15,15,,,,,https://static.bihr.pro/eBihr/Pictures/MIKUNI-pictures.zip,,,Spain Warehouse (Parts)
1009882,MKA125,4/042-125,MIKUNI,MIKUN JET MKA 125MM,Chiclé de alta Mikuni 4/042-125,8.47,7.00,4.55,4/042-125,1,8409910090,0,1,,,VEHICLE PARTS & ACCESSORIES,ENGINE PARTS,ENG. INTAKE,8,105,20,20,20,https://api.mybihr.com/medias/1009882-1-800Wx800H?context=bWFzdGVyfHJvb3R8MjY1ODd8aW1hZ2UvanBlZ3xhRFF4TDJoa1pDODRPVFk0T0RZMk1ETTNOemt3THpFd01EazRPREl0TVY4NE1EQlhlRGd3TUVnfDg3ODIzNmM4YmI3ZmJhNGRjMTVkMzhiZDFiYmQ1YjZlYjdjNjQzZDE5YzVhNzhkM2Q2NzljZDU1YzM3MzNlODI,,,,https://static.bihr.pro/eBihr/Pictures/MIKUNI-pictures.zip,,,Spain Warehouse (Parts)
1010600,822290,604-26003,MIKUNI,MIKUN SPAREPARTS MIXTURE SCREW,Tornillo de ralentí carburador Mikuni RS 34 / 40,8.47,7.00,4.55,604-26003,0,8409910090,0,1,,,VEHICLE PARTS & ACCESSORIES,ENGINE PARTS,ENG. INTAKE,8,10,20,20,20,https://api.mybihr.com/medias/1010600-1-800Wx800H?context=bWFzdGVyfHJvb3R8NzkzMDR8aW1hZ2UvanBlZ3xhRGxoTDJnMlpDODRPVFk0T0RnMU5qazROVGt3THpFd01UQTJNREF0TVY4NE1EQlhlRGd3TUVnfDVjYmFlNGRmNjBjOTYyZjlmYTIwMTEzYjg5MjcwMzg0YzFkZTQzMjI4ZjhkYWM4YjFjN2QzZGYxOWViNmNlNGE,,,,https://static.bihr.pro/eBihr/Pictures/MIKUNI-pictures.zip,,,Spain Warehouse (Parts)
1009883,MKA130,4/042-130,MIKUNI,MIKUN JET MKA 130MM,Chiclé de alta Mikuni 4/042-130,8.47,7.00,4.55,4/042-130,2,8409910090,0,1,,,VEHICLE PARTS & ACCESSORIES,ENGINE PARTS,ENG. INTAKE,8,105,20,20,20,https://api.mybihr.com/medias/1009883-1-800Wx800H?context=bWFzdGVyfHJvb3R8MjY1ODd8aW1hZ2UvanBlZ3xhRGN4TDJoa05pODRPVFk0T0RZMk1qTTBNems0THpFd01EazRPRE10TVY4NE1EQlhlRGd3TUVnfDhiYzIyMDA1NGUxZmZiODUxZWI4NTZlZDYwYWNhNGMxMzRkMmU3YzhiMWQ4NDI2YjJkNDhjMWNmODU1M2M1N2I,,,,https://static.bihr.pro/eBihr/Pictures/MIKUNI-pictures.zip,,,Spain Warehouse (Parts)
1010601,822172,604-26008,MIKUNI,MIKUN SPAREPARTS ADJUSTING SCREW,Tornillo reglaje bajos carburador Mikuni SBN44-46,6.05,5.00,3.25,604-26008,1,8409910090,0,1,,,VEHICLE PARTS & ACCESSORIES,ENGINE PARTS,ENG. INTAKE,48,10,80,60,10,https://api.mybihr.com/medias/800Wx800H-1010601-1.jpg?context=bWFzdGVyfHJvb3R8MzQ4NjB8aW1hZ2UvanBlZ3xhR000TDJnMllpOHpNekV6TVRFeU9UUXpPREl6T0M4NE1EQlhlRGd3TUVoZk1UQXhNRFl3TVMweExtcHdad3xjZjk5YWUwOGRjY2U4MzhhMTVmZTUzZTQ4NmVmZTUwYWM0YmQ2MzEwNzRkNjRiMWRkNGU1YjFlYWYzMzYzM2Q4,,,,https://static.bihr.pro/eBihr/Pictures/MIKUNI-pictures.zip,,,Spain Warehouse (Parts)
1009884,MKA135,4/042-135,MIKUNI,MIKUN JET MKA 135MM,Chiclé de alta Mikuni 4/042-135,8.47,7.00,4.55,4/042-135,0,8409910090,0,1,,,VEHICLE PARTS & ACCESSORIES,ENGINE PARTS,ENG. INTAKE,3,5,15,20,10,https://api.mybihr.com/medias/1009884-1-800Wx800H?context=bWFzdGVyfHJvb3R8MjY1ODd8aW1hZ2UvanBlZ3xhR0V3TDJoalppODRPVFk0T0RZMk5ETXhNREEyTHpFd01EazRPRFF0TVY4NE1EQlhlRGd3TUVnfDg2Mjk5ODAxMWE5MWQ3YjRhNjI5MWUwNTY2YzVhZmRhYmY1NDVkM2ZiMjU2YjFmMGY0NzliMDc3YWMyZGUwZDA,,,,https://static.bihr.pro/eBihr/Pictures/MIKUNI-pictures.zip,,,Spain Warehouse (Parts)
1009886,MKA145,4/042-145,MIKUNI,MIKUN JET MKA 145MM,Chiclé de alta Mikuni 4/042-145,8.47,7.00,4.55,4/042-145,1,8409910090,0,1,,,VEHICLE PARTS & ACCESSORIES,ENGINE PARTS,ENG. INTAKE,0,5,12,6,6,https://api.mybihr.com/medias/1009886-1-800Wx800H?context=bWFzdGVyfHJvb3R8MjY1ODd8aW1hZ2UvanBlZ3xhR1V6TDJoak9DODRPVFk0T0RZMk5qSTNOakUwTHpFd01EazRPRFl0TVY4NE1EQlhlRGd3TUVnfDNlNGVjZTMyY2U1MjdlMTdjZDUyMDdlZjFlYTQ5NGM1MWVmNTFlYTRmMjAzNWE0NjI2MjRhNzI2ODE0YzU5NzM,,,,https://static.bihr.pro/eBihr/Pictures/MIKUNI-pictures.zip,,,Spain Warehouse (Parts)
1009888,MKA155,4/042-155,MIKUNI,MIKUN JET MKA 155MM,Chiclé de alta Mikuni 4/042-155,8.47,7.00,4.55,4/042-155,1,8409910090,0,1,,,VEHICLE PARTS & ACCESSORIES,ENGINE PARTS,ENG. INTAKE,8,5,20,20,20,https://api.mybihr.com/medias/1009888-1-800Wx800H?context=bWFzdGVyfHJvb3R8MjY1ODd8aW1hZ2UvanBlZ3xhREV6TDJoak1pODRPVFk0T0RZMk9ESTBNakl5THpFd01EazRPRGd0TVY4NE1EQlhlRGd3TUVnfGNkYjQ2N2EwN2QxMzYwZDEyODcxYTQ1YjdjZTQyOTA2MTIxMjU2YzE3MTczOGNlMjJkM2UzYzFjZDhiMjZjY2Q,,,,https://static.bihr.pro/eBihr/Pictures/MIKUNI-pictures.zip,,,Spain Warehouse (Parts)
1009889,MKA160,4/042-160,MIKUNI,MIKUN JET MKA 160MM,Chiclé de alta Mikuni 4/042-160,8.47,7.00,4.55,4/042-160,1,8409910090,0,1,,,VEHICLE PARTS & ACCESSORIES,ENGINE PARTS,ENG. INTAKE,8,5,20,20,20,https://api.mybihr.com/medias/1009889-1-800Wx800H?context=bWFzdGVyfHJvb3R8MjY1ODd8aW1hZ2UvanBlZ3xhRFl5TDJnelpDODRPVEE0TlRneE1EYzNNREl5THpFd01EazRPRGt0TVY4NE1EQlhlRGd3TUVnfGE0MGYxYTc2MGFhM2ExMGNkN2JkOGUxMTE1NGJmNmFiNzFlMjRlY2ExNTExOWVkMmI1NGQwYzQ2OTFmMzhjNmM,,,,https://static.bihr.pro/eBihr/Pictures/MIKUNI-pictures.zip,,,Spain Warehouse (Parts)
1009890,MKA165,4/042-165,MIKUNI,MIKUN JET MKA 165MM,Chiclé de alta Mikuni 4/042-165,8.47,7.00,4.55,4/042-165,1,8409910090,0,1,,,VEHICLE PARTS & ACCESSORIES,ENGINE PARTS,ENG. INTAKE,8,105,20,20,20,https://api.mybihr.com/medias/1009890-1-800Wx800H?context=bWFzdGVyfHJvb3R8MjY1ODd8aW1hZ2UvanBlZ3xhR0V6TDJnNVppODRPVE00TXpZd01EYzRNelkyTHpFd01EazRPVEF0TVY4NE1EQlhlRGd3TUVnfDY3OGE1YWNlN2U5YjY4OWIzMDAzNzUxZTFmZTI5NjY0NjQ1N2IxNDZlZGEzYTMzNjM3NGQ0YWUyNzc4NzNiY2Q,,,,https://static.bihr.pro/eBihr/Pictures/MIKUNI-pictures.zip,,,Spain Warehouse (Parts)
1009891,MKA170,4/042-170,MIKUNI,MIKUN JET MKA 170MM,Chiclé de alta Mikuni 4/042-170,8.47,7.00,4.55,4/042-170,1,8409910090,0,1,,,VEHICLE PARTS & ACCESSORIES,ENGINE PARTS,ENG. INTAKE,48,5,80,60,10,https://api.mybihr.com/medias/1009891-1-800Wx800H?context=bWFzdGVyfHJvb3R8MjY1ODd8aW1hZ2UvanBlZ3xhR1F4TDJneU55ODRPRGN6TURZeU5UWXpPRGN3THpFd01EazRPVEV0TVY4NE1EQlhlRGd3TUVnfGYxNjg5NTUxZjEwYWY5NWY0MjM4NjVjODYxZTVkMWIzMTFkOGE1NTVkMzk1M2NlMjE0NjhjMjIxYmU2ZjUwNTk,,,,https://static.bihr.pro/eBihr/Pictures/MIKUNI-pictures.zip,,,Spain Warehouse (Parts)
1009892,MKA175,4/042-175,MIKUNI,MIKUN JET MKA 175MM,Chiclé de alta Mikuni 4/042-175,8.47,7.00,4.55,4/042-175,2,8409910090,0,1,,,VEHICLE PARTS & ACCESSORIES,ENGINE PARTS,ENG. INTAKE,8,105,20,20,20,https://api.mybihr.com/medias/1009892-1-800Wx800H?context=bWFzdGVyfHJvb3R8MjY1ODd8aW1hZ2UvanBlZ3xhRGd4TDJnMFppODRPVE00TnpZME1qY3hOalEyTHpFd01EazRPVEl0TVY4NE1EQlhlRGd3TUVnfGI0MmE4YjBmODhiYjgyYzdjNzg1ZWUxZTdlNjUzNmM1Njk3MDc4ZDgxODJjOWViYjc4Yjg4OWY4NzhjNDVlYzE,,,,https://static.bihr.pro/eBihr/Pictures/MIKUNI-pictures.zip,,,Spain Warehouse (Parts)
1009893,MKA180,4/042-180,MIKUNI,MIKUN JET MKA 180MM,Chiclé de alta Mikuni 4/042-180,8.47,7.00,4.55,4/042-180,4,8409910090,0,1,,,VEHICLE PARTS & ACCESSORIES,ENGINE PARTS,ENG. INTAKE,4,5,16,16,16,https://api.mybihr.com/medias/1009893-1-800Wx800H?context=bWFzdGVyfHJvb3R8MjY1ODd8aW1hZ2UvanBlZ3xhR1ZrTDJnek55ODRPVEkwTlRReU9UVTVOalEyTHpFd01EazRPVE10TVY4NE1EQlhlRGd3TUVnfGI0MDY2ZTNjOGU1MzBhNDkzMDlkMDhiYzE5NTE2M2JiOWI5N2M2YmI5N2EzNzUwOWFlM2E5MWM4ODQxYmExNGI,,,,https://static.bihr.pro/eBihr/Pictures/MIKUNI-pictures.zip,,,Spain Warehouse (Parts)
1009894,MKA185,4/042-185,MIKUNI,MIKUN JET MKA 185MM,Chiclé de alta Mikuni 4/042-185,8.47,7.00,4.55,4/042-185,0,8409910090,0,1,,,VEHICLE PARTS & ACCESSORIES,ENGINE PARTS,ENG. INTAKE,4,5,16,16,16,https://api.mybihr.com/medias/1009894-1-800Wx800H?context=bWFzdGVyfHJvb3R8MjY1ODd8aW1hZ2UvanBlZ3xhRE5qTDJnMk5pODRPVFV6TVRnM016WTRPVGt3THpFd01EazRPVFF0TVY4NE1EQlhlRGd3TUVnfDgyMjBkNGRjYzY3YjRlMDU2YTcyNGQ2ODk5YzYwNDA4MmYwM2Y0MTUzZDU2MGI0YWEzY2NhNDAyZjBmNWUzYWQ,,,,https://static.bihr.pro/eBihr/Pictures/MIKUNI-pictures.zip,,,Spain Warehouse (Parts)
1010612,822231,640-12001,MIKUNI,MIKUN SPAREPARTS SPACER,Tuerca guía muelle estárter Mikuni,4.84,4.00,2.60,640-12001,1,8409910090,0,1,,,VEHICLE PARTS & ACCESSORIES,ENGINE PARTS,ENG. INTAKE,4,100,16,16,16,https://api.mybihr.com/medias/800Wx800H-1010612-1.jpg?context=bWFzdGVyfHJvb3R8NTQ4MTF8aW1hZ2UvanBlZ3xhR1JrTDJoak5pOHpNekV6TVRNeU9UY3hOakkxTkM4NE1EQlhlRGd3TUVoZk1UQXhNRFl4TWkweExtcHdad3xmNzMzMWJjNDJiNjA3NzRjNmZmYzY3YzRhNWRhNDAwM2Q3N2M1YzA5ODg3OTI1NTJiZWU5NzllODlmODI2ZTJi,https://api.mybihr.com/medias/800Wx800H-1010612-2.jpg?context=bWFzdGVyfHJvb3R8NDg2MTZ8aW1hZ2UvanBlZ3xhREl6TDJnek5pOHpNekV6TVRNek1ERXdPVFEzTUM4NE1EQlhlRGd3TUVoZk1UQXhNRFl4TWkweUxtcHdad3xhOTJiY2Y5MjJiZTJlYWU1MmVlOGM1ZTJlNTM4NDliMmQxNzc5YzdiNGZhY2ZhNzJmYjYwZjU5ZjMzOGQ2NTYx,,,https://static.bihr.pro/eBihr/Pictures/MIKUNI-pictures.zip,,,Spain Warehouse (Parts)
1009896,MKA195,4/042-195,MIKUNI,MIKUN JET MKA 195MM,Chiclé de alta Mikuni 4/042-195,8.47,7.00,4.55,4/042-195,5,8409910090,0,1,,,VEHICLE PARTS & ACCESSORIES,ENGINE PARTS,ENG. INTAKE,4,5,16,16,16,https://api.mybihr.com/medias/1009896-1-800Wx800H?context=bWFzdGVyfHJvb3R8MjY1ODd8aW1hZ2UvanBlZ3xhR1JsTDJnME1TODRPRGN6TkRjek9EWTNPREEyTHpFd01EazRPVFl0TVY4NE1EQlhlRGd3TUVnfGEzOWI3MDBmNGMzNmM3OGViMDlkNjU1NTFlMTcwYmU4NTg0MDAwMjJmODRiNWYwOTZhZjdhODdhZmQ2OGJiYmU,,,,https://static.bihr.pro/eBihr/Pictures/MIKUNI-pictures.zip,,,Spain Warehouse (Parts)
1009873,800010,VM34-275,MIKUNI,MIKUN CARBURETOR VM 34,Carburador MIKUNI VM34 tornillo ralentí a derechas,197.23,163.00,105.95,VM34-275,1,8409910090,0,1,"<html> <head> <meta http-equiv=""Content-Type"" content=""text/html; charset=utf-8""><title> </title> <style type=""text/css"">.cs95E872D0{text-align:left;margin:0pt 0pt 0pt 0pt;}.csC235ED31{color:#000;background-color:transparent;font-weight:normal;font-style:normal;}</style> </head> <body> <p>A huge selection of models and diameters with numerous possibilities, has popularized the MIKUNI VM as the quintessential replacement carburetor. Removable round valve throttle slide, jets and well needles make this a carburetor of great simplicity to adjust. </p><p> </p></body> </html>","       A huge selection of models and diameters with numerous possibilities, has popularized the MIKUNI VM as the quintessential replacement carburetor. Removable round valve throttle slide, jets and well needles make this a carburetor of great simplicity to adjust.   ",VEHICLE PARTS & ACCESSORIES,ENGINE PARTS,ENG. INTAKE,2271,734,110,178,116,https://api.mybihr.com/medias/1009873-1-800Wx800H?context=bWFzdGVyfHJvb3R8NDE1Mzh8aW1hZ2UvanBlZ3xhREpoTDJnMk15ODRPVEkwTURVNE1UZzVPRFUwTHpFd01EazROek10TVY4NE1EQlhlRGd3TUVnfDFjNGVkOTIyN2I5MTljNjU1ZjE3M2M3N2JlYjc0ZWQ3YTUyM2Y3NTQ0ZjM3MGU2ZjNjODc0MjYyNzU3Nzk4YTg,,,,https://static.bihr.pro/eBihr/Pictures/MIKUNI-pictures.zip,https://api.mybihr.com/medias/800010.pdf?context=bWFzdGVyfGRvY3VtZW50c3wyMjYxNjB8YXBwbGljYXRpb24vcGRmfGFEYzJMMmc1WkM4NU1EUXpOakkxTURneU9URXdMemd3TURBeE1BfGZiODYyM2IyZGUzMmVhZWRjMGNlYWQ4NTBlNDA4NDg4MzU3YjQ3MGYyYWJiNzY4OWI1ZWZlMzUyMzdhNTM3Zjk,,Spain Warehouse (Parts)
1010592,822005,30 BIC/84,MIKUNI,MIKUN SPAREPARTS RUBBER CAP VM 16,Capuchón de goma para carburador Mikuni VM16,3.63,3.00,1.95,30 BIC/84,2,8409910090,0,1,,,VEHICLE PARTS & ACCESSORIES,ENGINE PARTS,ENG. INTAKE,2,100,20,10,10,https://api.mybihr.com/medias/1010592-1-800Wx800H?context=bWFzdGVyfHJvb3R8MTQ0OTd8aW1hZ2UvanBlZ3xhREEzTDJnNVlTODRPVE00TXpjeE1EZzROREUwTHpFd01UQTFPVEl0TVY4NE1EQlhlRGd3TUVnfDQzZGZiY2EzODM3MjBiNzAxYjlkZmE3NDBiNGMyZWFiOGRhYzI3ZTI0YTNiN2JhZjM4YzZkNTYwNTZkNmM0YWM,,,,https://static.bihr.pro/eBihr/Pictures/MIKUNI-pictures.zip,,,Spain Warehouse (Parts)
1009877,MKA100,4/042-100,MIKUNI,MIKUN JET MKA 100MM,Chiclé de alta Mikuni 4/042-100,8.47,7.00,4.55,4/042-100,0,8409910090,0,1,,,VEHICLE PARTS & ACCESSORIES,ENGINE PARTS,ENG. INTAKE,2,5,13,13,13,https://api.mybihr.com/medias/1009877-1-800Wx800H?context=bWFzdGVyfHJvb3R8MjY1Mjd8aW1hZ2UvanBlZ3xhR1l5TDJoaU1DODRPVFExTmpnNE56QTNNVEF5THpFd01EazROemN0TVY4NE1EQlhlRGd3TUVnfGIyZjFkMzA3ZmM5MWI1Nzk4M2RlNDIzYzNjODg5NDE1NTVjMTgyZmQ5MzZmOWY4ZmZmZDZkNWEzOWNjYjc4Y2Y,,,,https://static.bihr.pro/eBihr/Pictures/MIKUNI-pictures.zip,,,Spain Warehouse (Parts)
1010595,822142,603-25008,MIKUNI,MIKUN SPAREPARTS IDLE SCREW TMX35/38,Tornillo de ralentí Mikuni TMX 35/38 / TMS 38,6.05,5.00,3.25,603-25008,0,8409910090,0,1,,,VEHICLE PARTS & ACCESSORIES,ENGINE PARTS,ENG. INTAKE,5,50,45,10,10,https://api.mybihr.com/medias/1010595-1-800Wx800H?context=bWFzdGVyfHJvb3R8Nzc1Njh8aW1hZ2UvanBlZ3xhRFZsTDJnMk55ODRPVEE1TVRreE5qRXdNems0THpFd01UQTFPVFV0TVY4NE1EQlhlRGd3TUVnfDczMGNmZDg5YzRjNzY4ZjU4YjAzNDM3NjJjMmViMDZlMjNiM2RmYzExNDg1ZTE4MjY0OGQ5NWZjMTEyM2Q1YmQ,,,,https://static.bihr.pro/eBihr/Pictures/MIKUNI-pictures.zip,,,Spain Warehouse (Parts)
1010597,822145,603-36002,MIKUNI,MIKUN SPAREPARTS MIXTURE SCREW,Tornillo de ralentí Mikuni TMX 35/38 / TMS 38,19.36,16.00,10.40,603-36002,1,8409910090,0,1,,,VEHICLE PARTS & ACCESSORIES,ENGINE PARTS,ENG. INTAKE,48,10,80,60,10,https://api.mybihr.com/medias/1010597-1-800Wx800H?context=bWFzdGVyfHJvb3R8NzkzMDR8aW1hZ2UvanBlZ3xhR0k1TDJnM01TODRPVE0wT0RBeU5USXlNVFF5THpFd01UQTFPVGN0TVY4NE1EQlhlRGd3TUVnfGNlYzMwOGFiYzY2MGJiYjEzNjVlYWFmYmM5OTY3OTM1MjM1MmJjNTlhODg5ZTNhNzNlMDUzMjAwN2RkODNiZjk,,,,https://static.bihr.pro/eBihr/Pictures/MIKUNI-pictures.zip,,,Spain Warehouse (Parts)
1009921,MKA440,4/042-440,MIKUNI,MIKUN JET MKA 440MM,Chiclé de alta Mikuni 4/042-440,8.47,7.00,4.55,4/042-440,2,8409910090,0,1,,,VEHICLE PARTS & ACCESSORIES,ENGINE PARTS,ENG. INTAKE,3,2,23,16,8,https://api.mybihr.com/medias/1009921-1-800Wx800H?context=bWFzdGVyfHJvb3R8MjY1ODd8aW1hZ2UvanBlZ3xhRE13TDJnd015ODRPVFk0T0RZNE1qQXdORGM0THpFd01EazVNakV0TVY4NE1EQlhlRGd3TUVnfDBlMTg5MjM1ZGQzNmM4NjRjMDQxZWRhZmQ5ZDdkNDU5ODQzMGRlZWQ4NzM3N2Y4Y2I5ZjcwNmU3YjhkMWMwOTY,,,,https://static.bihr.pro/eBihr/Pictures/MIKUNI-pictures.zip,,,Spain Warehouse (Parts)
1010641,825025,786-36004-2.8,MIKUNI,"MIKUN SPAREPARTS NEEDLE VALVE KIT 2,8",Válvula de aguja carburador Mikuni 2.8 TMX32-35 TMX38/TMS38,31.46,26.00,16.90,786-36004-2.8,0,8409910090,0,1,,,VEHICLE PARTS & ACCESSORIES,ENGINE PARTS,ENG. INTAKE,1,10,9,10,15,https://api.mybihr.com/medias/1010641-1-800Wx800H?context=bWFzdGVyfHJvb3R8Mjc0NTd8aW1hZ2UvanBlZ3xhR0l5TDJoall5ODRPVFk0T0RnM01qY3hORFUwTHpFd01UQTJOREV0TVY4NE1EQlhlRGd3TUVnfDQ2MjdhNGQ3NTExNTY0NjYxMjBkYTc3NDNkODk0OWZlNjg3MTBkNzY5ZGM1NmRjNjk2MWY0MmI3Mzk2MzgyYjU,,,,https://static.bihr.pro/eBihr/Pictures/MIKUNI-pictures.zip,,,Spain Warehouse (Parts)
1009926,MKA490,4/042-490,MIKUNI,MIKUN JET MKA 490MM,Chiclé de alta Mikuni 4/042-490,8.47,7.00,4.55,4/042-490,7,8409910090,0,1,,,VEHICLE PARTS & ACCESSORIES,ENGINE PARTS,ENG. INTAKE,3,2,28,23,5,https://api.mybihr.com/medias/1009926-1-800Wx800H?context=bWFzdGVyfHJvb3R8MjY1ODd8aW1hZ2UvanBlZ3xhREJqTDJnd09DODRPVFk0T0RZNE5Ua3pOamswTHpFd01EazVNall0TVY4NE1EQlhlRGd3TUVnfDUzNzg2ZjZmYjBhMWYzM2QxYzFiMDFhZTEyODY2MTVhNTNlNjM2YzFkNjJjYzM3Y2RmMjQ0NmFkNWNmNDcyNmU,,,,https://static.bihr.pro/eBihr/Pictures/MIKUNI-pictures.zip,,,Spain Warehouse (Parts)
1010678,822012,834-22004,MIKUNI,MIKUN SPAREPARTS FLOAT PIN,Eje de flotador de carburador Mikuni VM16,3.63,3.00,1.95,834-22004,0,8409910090,0,1,,,VEHICLE PARTS & ACCESSORIES,ENGINE PARTS,ENG. INTAKE,2,30,20,10,10,,,,,https://static.bihr.pro/eBihr/Pictures/MIKUNI-pictures.zip,,,Spain Warehouse (Parts)
1009961,MKM60,BS30/96-060,MIKUNI,MIKUN JET MKM 60MM,Chiclé de baja Mikuni BS30/96-060,9.68,8.00,5.20,BS30/96-060,9,8409910090,0,1,,,VEHICLE PARTS & ACCESSORIES,ENGINE PARTS,ENG. INTAKE,1,10,5,5,30,https://api.mybihr.com/medias/1009961-1-800Wx800H?context=bWFzdGVyfHJvb3R8MjU1MjJ8aW1hZ2UvanBlZ3xhRGs0TDJoaVlTODRPVEF3T1RBMk56UTFPRGcyTHpFd01EazVOakV0TVY4NE1EQlhlRGd3TUVnfGU0ZmYzOWExMzdmMDBkYjhmZWMyODkyZTJmNWZjZDE4YWZlYjliODY5YmIzMzgyYmNkNzM4YmNhZWFkY2I1OGM,,,,https://static.bihr.pro/eBihr/Pictures/MIKUNI-pictures.zip,,,Spain Warehouse (Parts)
1010682,822153,859-52020,MIKUNI,MIKUN SPAREPARTS FLOAT,Flotador de carburador Mikuni derecho TMX 35/38 / TMS 38,16.94,14.00,9.10,859-52020,1,8409910090,0,1,,,VEHICLE PARTS & ACCESSORIES,ENGINE PARTS,ENG. INTAKE,48,10,80,60,10,https://api.mybihr.com/medias/800Wx800H-1010682-1.jpg?context=bWFzdGVyfHJvb3R8NzEyMjl8aW1hZ2UvanBlZ3xhR016TDJobE9DOHpNekV5T0RBNE1UazRNVFEzTUM4NE1EQlhlRGd3TUVoZk1UQXhNRFk0TWkweExtcHdad3xmN2I4Yjc5ZjQ0YzdjZWNhMzUzNjhlMGU4ODE1NDI3Zjg1YTc3Y2YxOGY2YTg3NTFhMGNhYTBjYjFlOThmMmVm,https://api.mybihr.com/medias/800Wx800H-1010682-2.jpg?context=bWFzdGVyfHJvb3R8NjY2Nzd8aW1hZ2UvanBlZ3xhRGRsTDJobE15OHpNekV6TVRNek16YzNPVFE0Tmk4NE1EQlhlRGd3TUVoZk1UQXhNRFk0TWkweUxtcHdad3xmM2M3OWNjZmM5MTMwYTkxZjY2MmZhM2ZmMGUxOGQzOGFlNGE3ZWM2Yjk0ZTdkYTVmMWIwZjY3MTAyMWM3YzMz,,,https://static.bihr.pro/eBihr/Pictures/MIKUNI-pictures.zip,,,Spain Warehouse (Parts)
1009997,MKG60,H5-N151067-A60,MIKUNI,MIKUN JET MKG 60MM,Chiclé de baja Mikuni H5-N151067-A60,9.68,8.00,0.69,H5-N151067-A60,9,8409910090,0,1,,,VEHICLE PARTS & ACCESSORIES,ENGINE PARTS,ENG. INTAKE,48,10,80,60,10,https://api.mybihr.com/medias/1009997-1-800Wx800H?context=bWFzdGVyfHJvb3R8MjQ4Nzh8aW1hZ2UvanBlZ3xhR001TDJnek5pODRPVEF4TXpnd05UQTFOak13THpFd01EazVPVGN0TVY4NE1EQlhlRGd3TUVnfGViYjZiNWQ3YWZhODgxNWM3OGViNWNjYzRjZGNiYTAwMzk0MjVhY2ZlYTkwM2U2ZGVkNjE2YzNiMmNjMzM5ZDE,,,,https://static.bihr.pro/eBihr/Pictures/MIKUNI-pictures.zip,,,Spain Warehouse (Parts)
1010212,MKB190,M10/14-190,MIKUNI,MIKUN JET MKB 190MM,Chiclé de alta Mikuni M10/14-190,6.07,5.02,0.45,M10/14-190,8,8409910090,0,1,,,VEHICLE PARTS & ACCESSORIES,ENGINE PARTS,ENG. INTAKE,1,5,10,10,10,https://api.mybihr.com/medias/1010212-1-800Wx800H?context=bWFzdGVyfHJvb3R8MjU3MjZ8aW1hZ2UvanBlZ3xhR0kwTDJnME5DODRPVFE1TURVMU16ZzVOekkyTHpFd01UQXlNVEl0TVY4NE1EQlhlRGd3TUVnfGNkZmU0MDg4MTNlOWMzMDVhMGUyMmVjMDcwMDhmODIzOGVmY2FhNzU1YzAxZDJiOTEwODdjMjllMWEyZmZlZGI,,,,https://static.bihr.pro/eBihr/Pictures/MIKUNI-pictures.zip,,,Spain Warehouse (Parts)
1010937,826023,VM36/36-2.5,MIKUNI,"MIKUN SPAREPARTS VALVE 2,5 VM 36",Campana de carburador Mikuni 2.5 VM36 tornillo de ralentí a izquierdas,43.56,36.00,21.65,VM36/36-2.5,1,8409910090,0,1,,,VEHICLE PARTS & ACCESSORIES,ENGINE PARTS,ENG. INTAKE,54,199,34,35,45,https://api.mybihr.com/medias/1010937-1-800Wx800H?context=bWFzdGVyfHJvb3R8MjA0MTB8aW1hZ2UvanBlZ3xhR1l3TDJoa01pODRPVFExTnpjM01qRXpORGN3THpFd01UQTVNemN0TVY4NE1EQlhlRGd3TUVnfDNmNTU1OGUyZWQwZDNkNDBhOGFhZjM4MjAzZjVmYjdhM2EyZDUwMzE4ZDRiYmRjYTJhN2ZmMjViYmY3ZjEwMzc,,,,https://static.bihr.pro/eBihr/Pictures/MIKUNI-pictures.zip,,,Spain Warehouse (Parts)
1010482,MKE67.5,VM11/22-067.5,MIKUNI,"MIKUN JET MKE 67,5MM",Chiclé de alta Mikuni VM11/22-067.5,8.47,7.00,2.20,VM11/22-067.5,8,8409910090,0,1,,,VEHICLE PARTS & ACCESSORIES,ENGINE PARTS,ENG. INTAKE,3,100,15,15,15,https://api.mybihr.com/medias/1010482-1-800Wx800H?context=bWFzdGVyfHJvb3R8MjY5MDF8aW1hZ2UvanBlZ3xhR1ppTDJneU1pODRPVEE0TlRJM01UY3pOall5THpFd01UQTBPREl0TVY4NE1EQlhlRGd3TUVnfDIyNDMxMWQ5NGU1MDUxZGI3MmRlNWU4Yjc5OWJiYmY1YmJhZDIxZDJkMTA3ODlhYjUxZjJhNTRlZGZkYjVmMWM,,,,https://static.bihr.pro/eBihr/Pictures/MIKUNI-pictures.zip,,,Spain Warehouse (Parts)
1009983,MKN1.8,BS30/97-1.8,MIKUNI,"MIKUN JET MKN 1,8MM",Chiclé de aire Mikuni BS30/97-1.8,8.47,7.00,1.50,BS30/97-1.8,6,8409910090,0,1,,,VEHICLE PARTS & ACCESSORIES,ENGINE PARTS,ENG. INTAKE,3,100,15,15,15,https://api.mybihr.com/medias/1009983-1-800Wx800H?context=bWFzdGVyfHJvb3R8Mjk2MDl8aW1hZ2UvanBlZ3xhRFkwTDJnMFppODRPRFUyTnpJMk1ERXhPVE0wTHpFd01EazVPRE10TVY4NE1EQlhlRGd3TUVnfDBjNjA4NjIwZDM4OGI5MTI1NWFmMWE4Zjk4MDExNGUxMjRlZGY3OTFkYzhiYTIxMDJhMzEzOWRhYTZjYTUzNzQ,,,,https://static.bihr.pro/eBihr/Pictures/MIKUNI-pictures.zip,,,Spain Warehouse (Parts)
1009996,MKG57.5,H5-N151067-A57.5,MIKUNI,"MIKUN JET MKG 57,5MM",Chiclé de baja Mikuni H5-N151067-A57.5,9.68,8.00,2.74,H5-N151067-A57.5,1,8409910090,0,1,,,VEHICLE PARTS & ACCESSORIES,ENGINE PARTS,ENG. INTAKE,48,10,80,60,10,https://api.mybihr.com/medias/1009996-1-800Wx800H?context=bWFzdGVyfHJvb3R8MjQ4Nzh8aW1hZ2UvanBlZ3xhREE1TDJobFppODRPVEkwTkRreU5UazFNak13THpFd01EazVPVFl0TVY4NE1EQlhlRGd3TUVnfGJjOGFkYmE3ZDAzYzFiNWRlZGM5ZmU3MzE5NDFmMmQxZTM0NmNlNjI4MWEwNGYzOGU2YTcyMmZlNDc5MGRmZWI,,,,https://static.bihr.pro/eBihr/Pictures/MIKUNI-pictures.zip,,,Spain Warehouse (Parts)
1009999,MKB75,M10/14-075,MIKUNI,MIKUN JET MKB 75MM,Chiclé Mikuni M10/14-075,8.47,7.00,4.55,M10/14-075,5,8409910090,0,1,,,VEHICLE PARTS & ACCESSORIES,ENGINE PARTS,ENG. INTAKE,48,10,80,60,10,https://api.mybihr.com/medias/1009999-1-800Wx800H?context=bWFzdGVyfHJvb3R8MjU3MjZ8aW1hZ2UvanBlZ3xhREEyTDJnMFlTODRPVFE1TURjMk1qTXdNVGMwTHpFd01EazVPVGt0TVY4NE1EQlhlRGd3TUVnfDc1MDY2MzU5ZjFjMWFjMzNiMWI2MzMwOTc3ZDc5M2I1OGJkMmMyMjlkYjA5Y2VmN2ZmMTBlMmY0NWE3YzY1NTI,,,,https://static.bihr.pro/eBihr/Pictures/MIKUNI-pictures.zip,,,Spain Warehouse (Parts)
1010688,822234,990-662-001,MIKUNI,MIKUN SPAREPARTS LONG CHOKE KIT,Kit starter largo con cable Mikuni TM36-40,71.39,59.00,38.35,990-662-001,0,8409910090,0,1,,,VEHICLE PARTS & ACCESSORIES,ENGINE PARTS,ENG. INTAKE,625,66,163,142,27,https://api.mybihr.com/medias/800Wx800H-1010688-1.jpg?context=bWFzdGVyfHJvb3R8MTk5ODN8aW1hZ2UvanBlZ3xhREUzTDJnM015OHpNekV6TVRNek5EazFPVEV6TkM4NE1EQlhlRGd3TUVoZk1UQXhNRFk0T0MweExtcHdad3xiYTdhMzkxODMyMDc5YzBhNGRkYWM3ZTU2NTQyNzQ1N2UyODdhZTI5YTgyNGE2NGI1MTZhMDFiMDdhNmJiMjYz,,,,https://static.bihr.pro/eBihr/Pictures/MIKUNI-pictures.zip,,,Spain Warehouse (Parts)
1010664,826039,832-33001-2.5,MIKUNI,"MIKUN SPAREPARTS VALVE 2,5 TM28",Campana de carburador Mikuni 2.5 TM28,43.56,36.00,23.40,832-33001-2.5,0,8409910090,0,1,,,VEHICLE PARTS & ACCESSORIES,ENGINE PARTS,ENG. INTAKE,25,37,41,30,20,https://api.mybihr.com/medias/1010664-1-800Wx800H?context=bWFzdGVyfHJvb3R8MTU1OTJ8aW1hZ2UvanBlZ3xhR1JsTDJnNE5DODRPVFV6TVRBeE56YzRPVGMwTHpFd01UQTJOalF0TVY4NE1EQlhlRGd3TUVnfGQ5NGZlMTM2ZDIyMDRhNzk3OGNiMmNkZTFjMjZiZGIxOTdkYmFjZDg1ZDRjYTZiNDg4MmIxZjA1YzhhNGI2NDM,,,,https://static.bihr.pro/eBihr/Pictures/MIKUNI-pictures.zip,,,Spain Warehouse (Parts)
1009995,MKG52.5,H5-N151067-A52.5,MIKUNI,"MIKUN JET MKG 52,5MM",Chiclé de baja Mikuni H5-N151067-A52.5,9.68,8.00,5.20,H5-N151067-A52.5,3,8409910090,0,1,,,VEHICLE PARTS & ACCESSORIES,ENGINE PARTS,ENG. INTAKE,2,5,20,10,10,https://api.mybihr.com/medias/1009995-1-800Wx800H?context=bWFzdGVyfHJvb3R8MjQ4Nzh8aW1hZ2UvanBlZ3xhREUyTDJoaFlTODRPRGN6T0RJME16VTBNek0wTHpFd01EazVPVFV0TVY4NE1EQlhlRGd3TUVnfDczYzRhZmJjNzY1ZGE4MDhkNWM3ZmMwOTBlZTdjYzYwMjhmYWUxNzJmZTkzZGIxYjQwNjJiMzdlYTkwNjBkZDE,,,,https://static.bihr.pro/eBihr/Pictures/MIKUNI-pictures.zip,,,Spain Warehouse (Parts)
1009980,MKN1.65,BS30/97-1.65,MIKUNI,"MIKUN JET MKN 1,65MM",Chiclé de aire Mikuni BS30/97-1.65,6.07,5.02,2.20,BS30/97-1.65,1,8409910090,0,1,,,VEHICLE PARTS & ACCESSORIES,ENGINE PARTS,ENG. INTAKE,1,5,10,10,10,https://api.mybihr.com/medias/1009980-1-800Wx800H?context=bWFzdGVyfHJvb3R8Mjk2MDl8aW1hZ2UvanBlZ3xhREZtTDJnNE9TODRPVE00TnpJME9UVXdNRFEyTHpFd01EazVPREF0TVY4NE1EQlhlRGd3TUVnfDY0YjMwNWJlY2YxY2I3MTFjZjJlMTQ2ODVjYTBlMzUwMGM3YmIyMGIwYTM1NjJkYWFhZWYzNDZiYWRmNTNmMjg,,,,https://static.bihr.pro/eBihr/Pictures/MIKUNI-pictures.zip,,,Spain Warehouse (Parts)
1009984,MKN1.9,BS30/97-1.9,MIKUNI,"MIKUN JET MKN 1,9MM",Chiclé de aire Mikuni BS30/97-1.9,8.47,7.00,4.55,BS30/97-1.9,1,8409910090,0,1,,,VEHICLE PARTS & ACCESSORIES,ENGINE PARTS,ENG. INTAKE,2,5,12,12,12,https://api.mybihr.com/medias/1009984-1-800Wx800H?context=bWFzdGVyfHJvb3R8Mjk2MDl8aW1hZ2UvanBlZ3xhRE5sTDJnNU1DODRPVEkwTlRJNU5Ua3dNekF5THpFd01EazVPRFF0TVY4NE1EQlhlRGd3TUVnfDA0MTU3NjMzNWM4ZTY3OTNjYjA3OTk5NzNkMDZmZGMwZjMzZTcyMWRlYjEzNGIxNGRhMmQ5N2Y1ODNhOGI4OTc,,,,https://static.bihr.pro/eBihr/Pictures/MIKUNI-pictures.zip,,,Spain Warehouse (Parts)
1018109,,MK-BN/046-TV,MIKUNI,MIKUN REPAIRKIT SBN46,Kit de reparación válvula mariposa MIKUNI para el carburador SBN46,68.97,57.00,37.05,823030,0,8409910090,0,1,,,VEHICLE PARTS & ACCESSORIES,ENGINE PARTS,ENG. INTAKE,369,87,161,135,17,https://api.mybihr.com/medias/1018109-1-800Wx800H?context=bWFzdGVyfHJvb3R8MjQ3Mzd8aW1hZ2UvanBlZ3xhR0kyTDJnME15ODRPVEkwTkRJNU5EZzBNRFl5THpFd01UZ3hNRGt0TVY4NE1EQlhlRGd3TUVnfGNhNDAzOGViNGEwMmU4NmJiYzU0ODJmNjAwNGY3ZjcwYzg3NGM4MzQ1ZmIzZTI1NmIwNjg4NTRiYmFmYzJhYzM,,,,https://static.bihr.pro/eBihr/Pictures/MIKUNI-pictures.zip,,,Spain Warehouse (Parts)
1018112,,MK-BN44I-YAM,MIKUNI,MIKUN REPAIRKIT BN44,Kit de reparación de carburador MIKUNI BN44 para YAMAHA,104.06,86.00,55.90,823142,0,8409910090,0,1,"Use this kit to recondition a Mikuni carburetor. includes the bowl seals, O-rings and needle valves.","Use this kit to recondition a Mikuni carburetor. includes the bowl seals, O-rings and needle valves.",VEHICLE PARTS & ACCESSORIES,ENGINE PARTS,ENG. INTAKE,505,40,202,147,17,,,,,https://static.bihr.pro/eBihr/Pictures/MIKUNI-pictures.zip,,,Spain Warehouse (Parts)
1018119,,KHS-004,MIKUNI,MIKUN SPAREPARTS INFLET FLANGE HS40,Colector de admisión MIKUNI HS40,54.45,45.00,29.25,824022,0,8409910090,0,1,"<ul>
<li>Spacing (mm) : 70-75</li>
<li>Fitting (mm) : 43</li>
<li>Passages (mm) : 40</li>
<li>Total length (mm) : 28</li>
<li>&Oslash; carburetor : 36-40</li>
</ul>","
Spacing (mm) : 70-75
Fitting (mm) : 43
Passages (mm) : 40
Total length (mm) : 28
Ø carburetor : 36-40
",VEHICLE PARTS & ACCESSORIES,ENGINE PARTS,ENG. INTAKE,159,95,89,66,27,,,,,https://static.bihr.pro/eBihr/Pictures/MIKUNI-pictures.zip,,,Spain Warehouse (Parts)
1018111,,MK-BN38/44,MIKUNI,MIKUN REPAIRKIT BN38/44,Kit de reparación de carburador MIKUNI BN38-44,62.92,52.00,33.80,823026,0,8409910090,0,1,Round pump,Round pump,VEHICLE PARTS & ACCESSORIES,ENGINE PARTS,ENG. INTAKE,348,25,200,145,12,https://api.mybihr.com/medias/1018111-1-800Wx800H?context=bWFzdGVyfHJvb3R8NDAzNzJ8aW1hZ2UvanBlZ3xhR0UwTDJnME5DODRPVEF3T0RRM05ETTFPREEyTHpFd01UZ3hNVEV0TVY4NE1EQlhlRGd3TUVnfGY1MGJlOWQ3ZjBlOWFjMTQwYmYzY2VlYzBmOTQ1MDE5NmFmZjdjNzI2MzQ3OTZjMTk4YzkxMzY4NzJmN2RkNjI,,,,https://static.bihr.pro/eBihr/Pictures/MIKUNI-pictures.zip,,,Spain Warehouse (Parts)
3030456,800619,,MIKUNI,MIKUN KIT TM36,Kit Carburador Mikuni TM36 XT500/SR500,590.48,488.00,317.20,800619,1,8409910090,0,1,,,VEHICLE PARTS & ACCESSORIES,ENGINE PARTS,ENG. INTAKE,2548,1114,140,140,140,https://api.mybihr.com/medias/3030456-1-800Wx800H?context=bWFzdGVyfHJvb3R8NDQ3ODB8aW1hZ2UvanBlZ3xhR1V3TDJoaFppODRPVGt4TWpBME5UUXdORFEyTHpNd016QTBOVFl0TVY4NE1EQlhlRGd3TUVnfDNiYmI2NmYzZTIzMDk4ZTZmYzk5NTE4Y2Q4ODI0MTM3Y2Y1OGQwOWE3ODE5OTUzYjhkZmM4MWZiODA5YjcxMDQ,,,,https://static.bihr.pro/eBihr/Pictures/MIKUNI-pictures.zip,https://api.mybihr.com/medias/800619.pdf?context=bWFzdGVyfGRvY3VtZW50c3wyMjc1Nzh8YXBwbGljYXRpb24vcGRmfGFHTTJMMmd3T0M4NU5qTTBOVGM0T0RVNE1ERTBMemd3TURZeE9RfDc0ZDFkZmJmNzAzMjdjMWE5MjA4OGY2YTFkOTBmNDJjNDhlZjgwNjRjMGQyYjAxMWE0ZTViM2QwZWM4MjAyZDA,,Spain Warehouse (Parts)
3030466,,,MIKUNI,MIKUN KIT IDLE SCREW,,8.47,7.00,4.55,,0,8409910090,0,1,,,VEHICLE PARTS & ACCESSORIES,ENGINE PARTS,ENG. INTAKE,7,52,19,19,19,,,,,https://static.bihr.pro/eBihr/Pictures/MIKUNI-pictures.zip,,,Spain Warehouse (Parts)
1009908,MKA310,4/042-310,MIKUNI,MIKUN JET MKA 310MM,Chiclé de alta Mikuni 4/042-310,8.47,7.00,4.55,4/042-310,0,8409910090,0,1,,,VEHICLE PARTS & ACCESSORIES,ENGINE PARTS,ENG. INTAKE,48,10,80,60,10,https://api.mybihr.com/medias/1009908-1-800Wx800H?context=bWFzdGVyfHJvb3R8MjY1ODd8aW1hZ2UvanBlZ3xhRFk1TDJnNE5pODRPVEkwTlRRek1UVTJNalUwTHpFd01EazVNRGd0TVY4NE1EQlhlRGd3TUVnfGM3YWY4ZjZjYzdkZTlmNWIxMzBkNzdhNDhmMTVmODMzMjI3OTY0MWRiNmYzZmQxOTcyMzMyZjc0ODk1NDdjYmQ,,,,https://static.bihr.pro/eBihr/Pictures/MIKUNI-pictures.zip,,,Spain Warehouse (Parts)
1010625,822103,776-14001,MIKUNI,MIKUN SPAREPARTS CARBURETOR COVER,Tapa de carburador Mikuni TM24,9.68,8.00,5.20,776-14001,0,8409910090,0,1,,,VEHICLE PARTS & ACCESSORIES,ENGINE PARTS,ENG. INTAKE,29,17,48,27,22,,,,,https://static.bihr.pro/eBihr/Pictures/MIKUNI-pictures.zip,,,Spain Warehouse (Parts)
1010911,822083,VM34/274,MIKUNI,MIKUN SPAREPARTS WASHER,Arandela de carburador Mikuni TM24 A 38,3.63,3.00,1.95,VM34/274,0,8409910090,0,1,,,VEHICLE PARTS & ACCESSORIES,ENGINE PARTS,ENG. INTAKE,2,15,20,10,10,https://api.mybihr.com/medias/1010911-1-800Wx800H?context=bWFzdGVyfHJvb3R8Nzc1Njh8aW1hZ2UvanBlZ3xhRGxrTDJobFlpODVNREV5TkRZeU1Ua3dOakl5THpFd01UQTVNVEV0TVY4NE1EQlhlRGd3TUVnfDMyNDNmOTE0MDRlYTFmODg5ZjBkNjYyZTM3Y2YxZGY3NDRmNWE1MzU1MjgyODFiNWNiNjM0NmVmNTIxYWY0MDM,,,,https://static.bihr.pro/eBihr/Pictures/MIKUNI-pictures.zip,,,Spain Warehouse (Parts)
1010912,822139,VM34/282,MIKUNI,MIKUN SPAREPARTS RUBBER CAP,Capuchón de goma para carburador Mikuni TMX 35/38 / TMS 38,4.84,4.00,2.60,VM34/282,1,8409910090,0,1,,,VEHICLE PARTS & ACCESSORIES,ENGINE PARTS,ENG. INTAKE,4,100,16,16,16,,,,,https://static.bihr.pro/eBihr/Pictures/MIKUNI-pictures.zip,,,Spain Warehouse (Parts)
1010407,MKL52.5,N151067-52.5,MIKUNI,"MIKUN JET MKL 52,5MM",Chiclé de baja Mikuni N151067-52.5,10.89,9.00,5.85,N151067-52.5,3,8409910090,0,1,,,VEHICLE PARTS & ACCESSORIES,ENGINE PARTS,ENG. INTAKE,2,5,13,13,13,https://api.mybihr.com/medias/1010407-1-800Wx800H?context=bWFzdGVyfHJvb3R8MjU2Mzd8aW1hZ2UvanBlZ3xhR0poTDJoaU1DODRPVFk0T0RjNU9UazJPVFU0THpFd01UQTBNRGN0TVY4NE1EQlhlRGd3TUVnfDkzMDY4ZjFiY2ZhZTgyNjU0MDY1OGNmNGQwNTIxNjBmZTI2MzNkZTFiYzIwOTk1MzFhNWFiYmY2MjAxYTU2Yzc,,,,https://static.bihr.pro/eBihr/Pictures/MIKUNI-pictures.zip,,,Spain Warehouse (Parts)
1010686,822148,888-24011,MIKUNI,MIKUN SPAREPARTS CARBURETOR HOSE,Macarrón Mikuni TMX 35/38 / TMS 38,4.84,4.00,2.60,888-24011,1,8409910090,0,1,,,VEHICLE PARTS & ACCESSORIES,ENGINE PARTS,ENG. INTAKE,517,2,166,164,19,,,,,https://static.bihr.pro/eBihr/Pictures/MIKUNI-pictures.zip,,,Spain Warehouse (Parts)
1009875,800014,VM38-9,MIKUNI,MIKUN CARBURETOR VM 38,Carburador Mikuni VM38 standard MKA330 MKP30 BOIS 2.5 MKN0.5 6DP01 166-Q2,237.16,196.00,127.40,VM38-9,0,8409910090,0,1,"<html> <head> <meta http-equiv=""Content-Type"" content=""text/html; charset=utf-8""><title> </title> <style type=""text/css"">.cs95E872D0{text-align:left;margin:0pt 0pt 0pt 0pt;}.csC235ED31{color:#000;background-color:transparent;font-weight:normal;font-style:normal;}</style> </head> <body> <p>A huge selection of models and diameters with numerous possibilities, has popularized the MIKUNI VM as the quintessential replacement carburetor. Removable round valve throttle slide, jets and well needles make this a carburetor of great simplicity to adjust. </p><p> </p></body> </html>","       A huge selection of models and diameters with numerous possibilities, has popularized the MIKUNI VM as the quintessential replacement carburetor. Removable round valve throttle slide, jets and well needles make this a carburetor of great simplicity to adjust.   ",VEHICLE PARTS & ACCESSORIES,ENGINE PARTS,ENG. INTAKE,2271,872,110,178,116,https://api.mybihr.com/medias/1009875-1-800Wx800H?context=bWFzdGVyfHJvb3R8NDE1Mzh8aW1hZ2UvanBlZ3xhREF4TDJoaE15ODRPVFV5T1RRNU5UTTRPRFEyTHpFd01EazROelV0TVY4NE1EQlhlRGd3TUVnfDVlNmEzZjIzMTQyNzgxNDEwMDIyYjA2NGNjYTVjZjFjNjhiYWE4YjRjMTUzYTVjNjdhY2NlYTAyOGFhMjMwYjk,,,,https://static.bihr.pro/eBihr/Pictures/MIKUNI-pictures.zip,https://api.mybihr.com/medias/800014.pdf?context=bWFzdGVyfGRvY3VtZW50c3wyMjYxNjB8YXBwbGljYXRpb24vcGRmfGFETXpMMmhoWVM4NU1EUXpOalEyTVRnMU5UQXlMemd3TURBeE5BfDU5MThhYTliYWRkMDg4ZDhlZmUzYWFlYzgyZGYyZGQ0NjZhNTFmMWViZDQ0ODA1ZDAyODM5ZTU4MzJlNWZhZmE,,Spain Warehouse (Parts)
1010205,MKB150,M10/14-150,MIKUNI,MIKUN JET MKB 150MM,Chiclé de alta Mikuni M10/14-150,8.47,7.00,4.55,M10/14-150,5,8409910090,0,1,,,VEHICLE PARTS & ACCESSORIES,ENGINE PARTS,ENG. INTAKE,4,1,20,20,10,https://api.mybihr.com/medias/1010205-1-800Wx800H?context=bWFzdGVyfHJvb3R8MjU3MjZ8aW1hZ2UvanBlZ3xhRGc1TDJobU9DODRPVFV6TXpReE5qUXdOek0wTHpFd01UQXlNRFV0TVY4NE1EQlhlRGd3TUVnfDAyNDk1Mjc3NDAyNjQ3NzIwNjJjZWM3NzRjNTk3ZjEyM2RkMzIzOGQ2MGM2Mzk3Yzg5ZTI4MTJmODkwOWMxMjY,,,,https://static.bihr.pro/eBihr/Pictures/MIKUNI-pictures.zip,,,Spain Warehouse (Parts)
1010310,MKF115,N100606-115,MIKUNI,MIKUN JET MKF 115MM,Chiclé Mikuni N100606-115,4.84,4.00,2.60,N100606-115,1,8409910090,0,1,,,VEHICLE PARTS & ACCESSORIES,ENGINE PARTS,ENG. INTAKE,8,105,20,20,20,https://api.mybihr.com/medias/1010310-1-800Wx800H?context=bWFzdGVyfHJvb3R8MzA1MTl8aW1hZ2UvanBlZ3xhREUxTDJobE5TODRPVE00TnpJMU5UTTVPRGN3THpFd01UQXpNVEF0TVY4NE1EQlhlRGd3TUVnfDZkYzFhY2E4ZTNiMmQ3OWI3YWM5MzFkNjA5OWZiZjBhNzI5Njc5NDNkZTNlNGMzNGEwMDVjOTcyNzlhMWEzZGQ,,,,https://static.bihr.pro/eBihr/Pictures/MIKUNI-pictures.zip,,,Spain Warehouse (Parts)
1010775,822143,TM38/54,MIKUNI,MIKUN SPAREPARTS GUIDE SPRING,Guía de muelle Mikuni TMX 35/38 / TMS 38,2.42,2.00,1.30,TM38/54,0,8409910090,0,1,,,VEHICLE PARTS & ACCESSORIES,ENGINE PARTS,ENG. INTAKE,2,100,20,10,10,https://api.mybihr.com/medias/1010775-1-800Wx800H?context=bWFzdGVyfHJvb3R8MzgyODJ8aW1hZ2UvanBlZ3xhR1JtTDJnMk9DODRPVEE0TlRZNE5qa3dOekU0THpFd01UQTNOelV0TVY4NE1EQlhlRGd3TUVnfGEyNjE5OGU3NWQyNjRkZGMxMTQ0YzZkODYyMzc5ZGIyNzRiMDFkODBjNTRmNjFmYjFiN2Q1NjczZjAzMzU4MDc,,,,https://static.bihr.pro/eBihr/Pictures/MIKUNI-pictures.zip,,,Spain Warehouse (Parts)
1010398,MKL30,N151067-30,MIKUNI,MIKUN JET MKL 30MM,Chiclé de baja Mikuni N151067-30,10.89,9.00,5.85,N151067-30,1,8409910090,0,1,,,VEHICLE PARTS & ACCESSORIES,ENGINE PARTS,ENG. INTAKE,2,50,20,10,10,https://api.mybihr.com/medias/1010398-1-800Wx800H?context=bWFzdGVyfHJvb3R8MjU2Mzd8aW1hZ2UvanBlZ3xhR0V6TDJobU55ODRPVE00TXpRek16WTJOamcyTHpFd01UQXpPVGd0TVY4NE1EQlhlRGd3TUVnfDVlYzQ0NzYyN2Q5MjQ3Y2E0NDY1M2UyOGIxNWQ4MWZjMTQ0OGNmZGRmNDQ1M2YyODhkNDVhNWEzMTY1ODg0MGY,,,,https://static.bihr.pro/eBihr/Pictures/MIKUNI-pictures.zip,,,Spain Warehouse (Parts)
1010289,MKF60,N100606-060,MIKUNI,MIKUN JET MKF 60MM,Chiclé Mikuni N100606-060,4.84,4.00,2.60,N100606-060,0,8409910090,0,1,,,VEHICLE PARTS & ACCESSORIES,ENGINE PARTS,ENG. INTAKE,48,10,80,60,10,https://api.mybihr.com/medias/1010289-1-800Wx800H?context=bWFzdGVyfHJvb3R8MTEyOTZ8aW1hZ2UvanBlZ3xhRE0zTDJnd09TODRPVEkwTVRjM01EQTJOakl5THpFd01UQXlPRGt0TVY4NE1EQlhlRGd3TUVnfGVhODBjYTRmMThlY2Y5MGJjYzRkODQzOGQ1MDk5OWYzYTUyY2ZlOGJlMGEwYWI0YTQ3Y2VmOGQ5M2E5YjZlOTI,,,,https://static.bihr.pro/eBihr/Pictures/MIKUNI-pictures.zip,,,Spain Warehouse (Parts)
1010627,822106,776-19002,MIKUNI,MIKUN SPAREPARTS CARBURETOR COVER,Tapa de carburador Mikuni TM36-38,18.05,14.92,9.70,776-19002,2,8409910090,0,1,,,VEHICLE PARTS & ACCESSORIES,ENGINE PARTS,ENG. INTAKE,535,23,152,88,40,https://api.mybihr.com/medias/800Wx800H-1010627-1.jpg?context=bWFzdGVyfHJvb3R8NzEzMDF8aW1hZ2UvanBlZ3xhRGd6TDJneU9DOHpNekV6TVRNek1EVXdNalk0Tmk4NE1EQlhlRGd3TUVoZk1UQXhNRFl5TnkweExtcHdad3w0NGRlYzFkMmZlN2MxYTAyMDc4ZmI3MTU0NjUzM2EzNDY1OTU4MzMzNDdhNjAwYzkyZmU4Mjc1ODQwMTk2Y2Ni,https://api.mybihr.com/medias/800Wx800H-1010627-2.jpg?context=bWFzdGVyfHJvb3R8NDc4Mjd8aW1hZ2UvanBlZ3xhRFExTDJneFpDOHpNekV6TVRNek1EZzVOVGt3TWk4NE1EQlhlRGd3TUVoZk1UQXhNRFl5TnkweUxtcHdad3xiZDk0NTk0NTg1NWQwZGRkMzhkYjUyMjhmMGJmZDhlZWEwZGNjY2E4NjI3YTg2M2I2ZmQ4MTcxZDlmYWQyYmYy,,,https://static.bihr.pro/eBihr/Pictures/MIKUNI-pictures.zip,,,Spain Warehouse (Parts)
1010615,822340,730-03027-T,MIKUNI,MIKUN SPAREPARTS LEVER SPRING,Muelle de palanca Mikuni 95G SBN34-46 color plata 14.75MM,4.84,4.00,2.60,730-03027-T,0,8409910090,0,1,Silver,Silver,VEHICLE PARTS & ACCESSORIES,ENGINE PARTS,ENG. INTAKE,48,10,80,60,10,https://api.mybihr.com/medias/1010615-1-800Wx800H?context=bWFzdGVyfHJvb3R8MzgyODJ8aW1hZ2UvanBlZ3xhR1F6TDJnNU9DODRPVE00TXpZd01qYzBPVGMwTHpFd01UQTJNVFV0TVY4NE1EQlhlRGd3TUVnfDE3NjlmMWIzMTI4YjcyMDU0NjYyYzkzOTIyOTRlMzMxZDA2ZmVlNzMzNDY3ZDU4MzgwZTFiYWFhYmMwN2ZmOTc,,,,https://static.bihr.pro/eBihr/Pictures/MIKUNI-pictures.zip,,,Spain Warehouse (Parts)
1018078,,TMR40-D11,MIKUNI,MIKUN SPAREPARTS FLAT SIDE CARBURATOR,MIKUNI TMR Ø40mm Flat Side Carburetor,3170.20,2620.00,1703.00,12600005,0,8714109090,0,1,,,VEHICLE PARTS & ACCESSORIES,ENGINE PARTS,ENG. INTAKE,8543,3040,353,200,121,https://api.mybihr.com/medias/1018078-1-800Wx800H?context=bWFzdGVyfHJvb3R8MTE2ODQ4fGltYWdlL2pwZWd8YUROa0wyZ3pZaTg0T1RZNU1EWXlPRFF5TXprNEx6RXdNVGd3TnpndE1WODRNREJYZURnd01FZ3w4ODgzMDYyMWY0NWMwYjViYWM1NThiNzE0N2JiZWJjYzEwYzdhZjBkZjYwYTU2YThhMWRiNmJhODIxNzZhYmM0,,,,https://static.bihr.pro/eBihr/Pictures/MIKUNI-pictures.zip,,,France Warehouse (Parts)
1010216,MKC55,N100604-055,MIKUNI,MIKUN JET MKC 55MM,Chiclé de alta Mikuni N100604-055,7.26,6.00,3.90,N100604-055,8,8409910090,0,1,,,VEHICLE PARTS & ACCESSORIES,ENGINE PARTS,ENG. INTAKE,8,105,20,20,20,https://api.mybihr.com/medias/1010216-1-800Wx800H?context=bWFzdGVyfHJvb3R8MjM1OTV8aW1hZ2UvanBlZ3xhRE0zTDJnMVl5ODRPVEkyTnpjMk16WXdPVGt3THpFd01UQXlNVFl0TVY4NE1EQlhlRGd3TUVnfDI2NjIxNGY1YzJkNmQyNTI0ZTM1MmI4YmQ0YTI4ZDAyM2QwYTI0MTFkZjMxMzQ0YTY2YmY2Y2Q1Njc4ZTBlNTU,,,,https://static.bihr.pro/eBihr/Pictures/MIKUNI-pictures.zip,,,Spain Warehouse (Parts)
1010231,MKC92.5,N100604-0925,MIKUNI,"MIKUN JET MKC 92,5MM","Chiclé de alta Mikuni N100604-092,5",7.26,6.00,3.90,N100604-0925,1,8409910090,0,1,,,VEHICLE PARTS & ACCESSORIES,ENGINE PARTS,ENG. INTAKE,8,5,20,20,20,https://api.mybihr.com/medias/1010231-1-800Wx800H?context=bWFzdGVyfHJvb3R8MjM1OTV8aW1hZ2UvanBlZ3xhR1V4TDJobU1TODRPVEkwTkRBMU1UQTBOamN3THpFd01UQXlNekV0TVY4NE1EQlhlRGd3TUVnfDBlZGYzNWQ0MDIwZDA1MjY1ZTU3MTJmMDQwZWRjZmRiY2E5Njc2NDQ5Y2NlYjcwMDI5M2I1ZWU1Y2E0NGE0NzY,,,,https://static.bihr.pro/eBihr/Pictures/MIKUNI-pictures.zip,,,Spain Warehouse (Parts)
1010897,821014,VM32/495,MIKUNI,MIKUN SPAREPARTS CARBURETOR COVER GASKET,Junta de tapa de carburador Mikuni TM32 / 34,3.63,3.00,1.95,VM32/495,3,8409910090,0,1,,,VEHICLE PARTS & ACCESSORIES,ENGINE PARTS,ENG. INTAKE,12,8,66,37,5,,,,,https://static.bihr.pro/eBihr/Pictures/MIKUNI-pictures.zip,,,Spain Warehouse (Parts)
1009932,MKA560,4/042-560,MIKUNI,MIKUN JET MKA 560MM,Chiclé de alta Mikuni 4/042-560,8.47,7.00,4.55,4/042-560,1,8409910090,0,1,,,VEHICLE PARTS & ACCESSORIES,ENGINE PARTS,ENG. INTAKE,1,14,18,13,5,https://api.mybihr.com/medias/1009932-1-800Wx800H?context=bWFzdGVyfHJvb3R8MjY1ODd8aW1hZ2UvanBlZ3xhRE5qTDJneE55ODRPVEF3T0RRek5UQXpOalEyTHpFd01EazVNekl0TVY4NE1EQlhlRGd3TUVnfGIwMzFkYTk4YTIwYjVmOWZjYjM3MzBmNDQwZWNkNzhlNjNlNTQ2OTc0ZTg1ZjM2ZWZmMDYyZWQ2ZGQzYzljYzU,,,,https://static.bihr.pro/eBihr/Pictures/MIKUNI-pictures.zip,,,Spain Warehouse (Parts)
1009933,MKA580,4/042-580,MIKUNI,MIKUN JET MKA 580MM,Chiclé de alta Mikuni 4/042-580,8.47,7.00,4.55,4/042-580,1,8409910090,0,1,,,VEHICLE PARTS & ACCESSORIES,ENGINE PARTS,ENG. INTAKE,12,4,72,34,5,https://api.mybihr.com/medias/1009933-1-800Wx800H?context=bWFzdGVyfHJvb3R8MjY1ODd8aW1hZ2UvanBlZ3xhR0k0TDJnME1DODRPVEkzTURjMU16WTRPVGt3THpFd01EazVNek10TVY4NE1EQlhlRGd3TUVnfGE5NzUxYzViYzg5YjY1OWEzYmI0NGU3OTIzZTQ2NWFhMjJhZjM3OGRmODhhYTYzMmY5Zjg4NDk5MDBmODdlOGY,,,,https://static.bihr.pro/eBihr/Pictures/MIKUNI-pictures.zip,,,Spain Warehouse (Parts)
1010714,822017,CW2=0412,MIKUNI,MIKUN SPAREPARTS SCREW,Tornillo carburador Mikuni TM24A38/TM36-40/VM16 TMX 35/38 / TMS 38,2.42,2.00,1.30,CW2=0412,5,8409910090,0,1,,,VEHICLE PARTS & ACCESSORIES,ENGINE PARTS,ENG. INTAKE,15,5,66,28,8,,,,,https://static.bihr.pro/eBihr/Pictures/MIKUNI-pictures.zip,,,Spain Warehouse (Parts)
1010736,MEG-022,MEG-022,MIKUNI,MIKUN SPAREPARTS LONG POWER JET KIT,Kit Power Jet Mikuni largo,56.87,47.00,30.55,MEG-022,1,8409910090,0,1,The Power Jet kit is an additional diffuser with an additional jet. It becomes operational when the valve throttle slide is 3/4 open and has the advantage of enriching the mixture at high speeds in order to prevent engine overheating.,The Power Jet kit is an additional diffuser with an additional jet. It becomes operational when the valve throttle slide is 3/4 open and has the advantage of enriching the mixture at high speeds in order to prevent engine overheating.,VEHICLE PARTS & ACCESSORIES,ENGINE PARTS,ENG. INTAKE,371,68,172,127,17,,,,,https://static.bihr.pro/eBihr/Pictures/MIKUNI-pictures.zip,,,Spain Warehouse (Parts)
1010809,822126,VM15/112,MIKUNI,MIKUN SPAREPARTS SPRING,Muelle de carburador Mikuni TM24-28 TMX 35/38 / TMS 38,2.42,2.00,1.30,VM15/112,1,8409910090,0,1,,,VEHICLE PARTS & ACCESSORIES,ENGINE PARTS,ENG. INTAKE,1,15,11,11,5,https://api.mybihr.com/medias/1010809-1-800Wx800H?context=bWFzdGVyfHJvb3R8MzgyODJ8aW1hZ2UvanBlZ3xhREJqTDJnMlpDODRPVFV6TVRnM05UWTFOVGs0THpFd01UQTRNRGt0TVY4NE1EQlhlRGd3TUVnfGE3ZTQ3NGNjYTIyMzlhMzRiMTk0ZWVjNTdmY2Q3MTg5ODgzNDBhYzk2YjYxMmE4MWFkODE4NzYwNzRlMDU0ZWY,,,,https://static.bihr.pro/eBihr/Pictures/MIKUNI-pictures.zip,,,Spain Warehouse (Parts)
1010771,826083,TM36/81-1D,MIKUNI,MIKUN SPAREPARTS VALVE RS38/RS40,Campana de carburador Mikuni RS38/RS40 pasadores de guía 822436/37,49.31,40.75,3.85,TM36/81-1D,2,8409910090,0,1,,,VEHICLE PARTS & ACCESSORIES,ENGINE PARTS,ENG. INTAKE,44,59,49,41,22,,,,,https://static.bihr.pro/eBihr/Pictures/MIKUNI-pictures.zip,,,Spain Warehouse (Parts)
1010301,MKF90,N100606-090,MIKUNI,MIKUN JET MKF 90MM,Chiclé Mikuni N100606-090,4.84,4.00,2.60,N100606-090,2,8409910090,0,1,,,VEHICLE PARTS & ACCESSORIES,ENGINE PARTS,ENG. INTAKE,4,5,16,16,16,https://api.mybihr.com/medias/1010301-1-800Wx800H?context=bWFzdGVyfHJvb3R8MzA1MTl8aW1hZ2UvanBlZ3xhRFZsTDJnNU55ODRPVEF3T1RZNU9UZzRNVEkyTHpFd01UQXpNREV0TVY4NE1EQlhlRGd3TUVnfDBlNWM3YzM0NmZiNzU1NTA2NTIxNjY4MTkzMzAyOWEyMzVhYzg3NjY4Nzg1MDdlY2JkNDA3MWE1NjQ3MTkxOTE,,,,https://static.bihr.pro/eBihr/Pictures/MIKUNI-pictures.zip,,,Spain Warehouse (Parts)
1010832,822431,VM20/601,MIKUNI,MIKUN SPAREPARTS CABLE ANGLE,Codo de cable de carburado Mikuni,4.84,4.00,2.60,VM20/601,1,8409910090,0,1,,,VEHICLE PARTS & ACCESSORIES,ENGINE PARTS,ENG. INTAKE,10,100,50,20,10,,,,,https://static.bihr.pro/eBihr/Pictures/MIKUNI-pictures.zip,,,Spain Warehouse (Parts)
1010835,821009,VM22/184,MIKUNI,MIKUN SPAREPARTS BOWL CAP GASKET,Junta tórica tornillo de cuba Mikuni TM24,3.63,3.00,1.95,VM22/184,3,8409910090,0,1,,,VEHICLE PARTS & ACCESSORIES,ENGINE PARTS,ENG. INTAKE,4,100,20,20,11,,,,,https://static.bihr.pro/eBihr/Pictures/MIKUNI-pictures.zip,,,Spain Warehouse (Parts)
1010837,822038,VM24/224,MIKUNI,MIKUN SPAREPARTS IDLE SCREW VM 26/28/30,Tornillo de ralentí Mikuni VM 26/28/30/44,6.05,5.00,3.25,VM24/224,2,8409910090,0,1,,,VEHICLE PARTS & ACCESSORIES,ENGINE PARTS,ENG. INTAKE,48,10,60,80,10,https://api.mybihr.com/medias/1010837-1-800Wx800H?context=bWFzdGVyfHJvb3R8Nzc1Njh8aW1hZ2UvanBlZ3xhREV6TDJnNFlpODVNREV5TkRZeE5EQTBNVGt3THpFd01UQTRNemN0TVY4NE1EQlhlRGd3TUVnfDMzMzA1OGExNGJmMGZjNzY5ZTE1MzZhNzJjZjM1Y2IxODYzOGE5ZjkwOTM3NDJjZWE0YWVhMzM0MmI2ZjA1NDM,,,,https://static.bihr.pro/eBihr/Pictures/MIKUNI-pictures.zip,,,Spain Warehouse (Parts)
1010848,821012,VM24/785,MIKUNI,MIKUN SPAREPARTS CARBURETOR COVER GASKET,Junta de tapa de carburador Mikuni TM24,3.63,3.00,1.95,VM24/785,4,8409910090,0,1,,,VEHICLE PARTS & ACCESSORIES,ENGINE PARTS,ENG. INTAKE,14,100,53,26,10,,,,,https://static.bihr.pro/eBihr/Pictures/MIKUNI-pictures.zip,,,Spain Warehouse (Parts)
1010811,825001,VM15/172-1.2,MIKUNI,"MIKUN SPAREPARTS NEEDLE VALVE KIT 1,2",Válvula de aguja carburador Mikuni 1.2 VM18-20,27.83,23.00,14.95,VM15/172-1.2,0,8409910090,0,1,,,VEHICLE PARTS & ACCESSORIES,ENGINE PARTS,ENG. INTAKE,1,10,9,10,15,https://api.mybihr.com/medias/1010811-1-800Wx800H?context=bWFzdGVyfHJvb3R8MzE1Nzh8aW1hZ2UvanBlZ3xhR000TDJnMllpODRPVEE0TkRRMU56RXlOREUwTHpFd01UQTRNVEV0TVY4NE1EQlhlRGd3TUVnfGY5Nzg5MDQ3ZDhiNTk1N2I4ZmY2ZjgzNGE4ZmUwM2M1NjJjNmEyMzI0MjMwZDRmZDI0OWUwMzY4OTMyMWFjNjM,,,,https://static.bihr.pro/eBihr/Pictures/MIKUNI-pictures.zip,,,Spain Warehouse (Parts)
1010812,825002,VM15/172-1.5,MIKUNI,"MIKUN SPAREPARTS NEEDLE VALVE KIT 1,5",Válvula de aguja carburador Mikuni 1.5 VM18-20,27.83,23.00,14.95,VM15/172-1.5,0,8409910090,0,1,,,VEHICLE PARTS & ACCESSORIES,ENGINE PARTS,ENG. INTAKE,1,10,9,10,15,https://api.mybihr.com/medias/1010812-1-800Wx800H?context=bWFzdGVyfHJvb3R8MzE1Nzh8aW1hZ2UvanBlZ3xhR0k1TDJoaE5TODRPVEkyTXpnNE1qZzVOVFkyTHpFd01UQTRNVEl0TVY4NE1EQlhlRGd3TUVnfGY4NjgxMDVlODg1ZGM0MjkzN2JiZjY0NDNlNDRjMjhlZmVjNjliM2JkNWU5NGVmYmJkMjc4OTMwYTNmMzFkYzM,,,,https://static.bihr.pro/eBihr/Pictures/MIKUNI-pictures.zip,,,Spain Warehouse (Parts)
1010864,825008,VM26/26-2.8,MIKUNI,"MIKUN SPAREPARTS NEEDLE VALVE KIT 2,8",Válvula de aguja carburador Mikuni 2.8 VM/BN VM26 BN34 BN38 BN44,30.25,25.00,16.25,VM26/26-2.8,0,8409910090,0,1,,,VEHICLE PARTS & ACCESSORIES,ENGINE PARTS,ENG. INTAKE,1,10,9,10,15,https://api.mybihr.com/medias/1010864-1-800Wx800H?context=bWFzdGVyfHJvb3R8Mjc3MDF8aW1hZ2UvanBlZ3xhRFZoTDJoaE5TODRPVEF4TXpZd09UUXpNVE0wTHpFd01UQTROalF0TVY4NE1EQlhlRGd3TUVnfDM5YmI2YWM1NzUzOTg5ZDNkZjYxODE4ODBiZTY1M2UwM2Q0NjlmZTRhNGQzZGQxNDBjZDlkZTI5MGUyOTM0YTU,,,,https://static.bihr.pro/eBihr/Pictures/MIKUNI-pictures.zip,,,Spain Warehouse (Parts)
1010866,822018,VM26/46,MIKUNI,MIKUN SPAREPARTS RUBBER CAP,Capuchón de goma para carburador Mikuni TM24-28 VM 26 / 44,3.63,3.00,1.95,VM26/46,0,8409910090,0,1,,,VEHICLE PARTS & ACCESSORIES,ENGINE PARTS,ENG. INTAKE,4,100,16,16,16,,,,,https://static.bihr.pro/eBihr/Pictures/MIKUNI-pictures.zip,,,Spain Warehouse (Parts)
1010869,821019,VM28/1044,MIKUNI,MIKUN SPAREPARTS CARBURETOR BODY GASKET,Juntas de carburador Mikuni TM28,7.26,6.00,3.90,VM28/1044,1,8409910090,0,1,,,VEHICLE PARTS & ACCESSORIES,ENGINE PARTS,ENG. INTAKE,2,10,20,10,10,https://api.mybihr.com/medias/800Wx800H-1010869-1.jpg?context=bWFzdGVyfHJvb3R8MTA3NDM5fGltYWdlL2pwZWd8YUdJd0wyZ3pZUzg0TWpBeE1qWXhNRGt5TURRM09DODRNREJYZURnd01FaGZNVEF4TURnMk9TMHhMbXB3Wnd8MWE2MWFlYTgzYjNhMTdkYjIzMWZiYzM1NWZjMDY0MjhmYTQ0ZmEyMTk3NjkwODIyY2MxMWMwMTIzMDE1MGJkNw,,,,https://static.bihr.pro/eBihr/Pictures/MIKUNI-pictures.zip,,,Spain Warehouse (Parts)
1010870,821013,VM28/1045,MIKUNI,MIKUN SPAREPARTS CARBURETOR COVER GASKET,Junta de tapa de carburador Mikuni TM28,4.84,4.00,2.60,VM28/1045,0,8409910090,0,1,,,VEHICLE PARTS & ACCESSORIES,ENGINE PARTS,ENG. INTAKE,8,10,20,20,20,,,,,https://static.bihr.pro/eBihr/Pictures/MIKUNI-pictures.zip,,,Spain Warehouse (Parts)
1010371,MKD142.5,N102221-1425,MIKUNI,"MIKUN JET MKD 142,5MM","Chiclé de alta Mikuni N102221-142,5",4.84,4.00,2.60,N102221-1425,2,8409910090,0,1,,,VEHICLE PARTS & ACCESSORIES,ENGINE PARTS,ENG. INTAKE,4,10,31,28,5,https://api.mybihr.com/medias/1010371-1-800Wx800H?context=bWFzdGVyfHJvb3R8MjQ4ODd8aW1hZ2UvanBlZ3xhRE0xTDJoak9TODRPRFUyT0RBd016STVOelU0THpFd01UQXpOekV0TVY4NE1EQlhlRGd3TUVnfDg5OWUzYjJlOTFhNjZjZmQwMzZkNmYzMWMzZDQwNGQ5MTkwMDQ0MTU5ZTkwNDdlMDJkNjRjYzAxMmI2ZDcxYzU,,,,https://static.bihr.pro/eBihr/Pictures/MIKUNI-pictures.zip,,,Spain Warehouse (Parts)
1010372,MKD145,N102221-145,MIKUNI,MIKUN JET MKD 145MM,Chiclé de alta Mikuni N102221-145,4.84,4.00,2.60,N102221-145,1,8409910090,0,1,,,VEHICLE PARTS & ACCESSORIES,ENGINE PARTS,ENG. INTAKE,4,5,16,16,16,https://api.mybihr.com/medias/1010372-1-800Wx800H?context=bWFzdGVyfHJvb3R8MjQ4ODd8aW1hZ2UvanBlZ3xhR05oTDJoalpDODRPVE00TWpVNE56STJPVFF5THpFd01UQXpOekl0TVY4NE1EQlhlRGd3TUVnfDBhZDE3YzliNmQ4YjcxYzFjOWJmMGZhOWY5NTY4MDdiN2UzYmE0ZWMxZGFhY2U0MWI3YzJlYmM4NGI0ZjdhMDQ,,,,https://static.bihr.pro/eBihr/Pictures/MIKUNI-pictures.zip,,,Spain Warehouse (Parts)
1010316,MKF132.5,N100606-1325,MIKUNI,"MIKUN JET MKF 132,5MM","Chiclé Mikuni N100606-132,5",4.84,4.00,2.60,N100606-1325,2,8409910090,0,1,,,VEHICLE PARTS & ACCESSORIES,ENGINE PARTS,ENG. INTAKE,1,9,12,11,5,https://api.mybihr.com/medias/1010316-1-800Wx800H?context=bWFzdGVyfHJvb3R8MzA1MTl8aW1hZ2UvanBlZ3xhRFl3TDJnd01DODRPVFk0T0RjMk5EVTRNREUwTHpFd01UQXpNVFl0TVY4NE1EQlhlRGd3TUVnfDcxYzAxNzZkM2YzN2Y3MzA2MmNmOTM2Zjg0NDE1NjFkNjVkMmQ0NDA4YTFlMDliMWFkNGQ0Zjg5YTFmN2U0OTg,,,,https://static.bihr.pro/eBihr/Pictures/MIKUNI-pictures.zip,,,Spain Warehouse (Parts)
1010408,MKL55,N151067-55,MIKUNI,MIKUN JET MKL 55MM,Chiclé de baja Mikuni N151067-55,10.89,9.00,5.85,N151067-55,4,8409910090,0,1,,,VEHICLE PARTS & ACCESSORIES,ENGINE PARTS,ENG. INTAKE,48,10,80,60,10,https://api.mybihr.com/medias/1010408-1-800Wx800H?context=bWFzdGVyfHJvb3R8MjU2Mzd8aW1hZ2UvanBlZ3xhRGMyTDJoaE1DODVNREV5TkRVNE5EVTFNRGN3THpFd01UQTBNRGd0TVY4NE1EQlhlRGd3TUVnfDAxYjlkNDZiNzg0YTA0MTIxM2VhOWVlYzY4MTEzNzVjMmY5MDU0OGU2OGJiYjAzNTczMGY1NTgyNTFiNzFmMTQ,,,,https://static.bihr.pro/eBihr/Pictures/MIKUNI-pictures.zip,,,Spain Warehouse (Parts)
1010409,MKL57.5,N151067-57.5,MIKUNI,"MIKUN JET MKL 57,5MM",Chiclé de baja Mikuni N151067-57.5,10.89,9.00,5.85,N151067-57.5,5,8409910090,0,1,,,VEHICLE PARTS & ACCESSORIES,ENGINE PARTS,ENG. INTAKE,48,10,80,60,10,https://api.mybihr.com/medias/1010409-1-800Wx800H?context=bWFzdGVyfHJvb3R8MjU2Mzd8aW1hZ2UvanBlZ3xhRFEyTDJoaE55ODVNREV5TkRVNE5qVXhOamM0THpFd01UQTBNRGt0TVY4NE1EQlhlRGd3TUVnfGQ4MTQ5OWE3NTIzNDY1MGZkYmVmMGFhYTFhYjdmZjBlNjk1YzM0YzUyNjEyNWVhY2EwNWQyNzdjNjljYjViYzQ,,,,https://static.bihr.pro/eBihr/Pictures/MIKUNI-pictures.zip,,,Spain Warehouse (Parts)
1010915,821008,VM34/374,MIKUNI,MIKUN SPAREPARTS BOWL GASKET,Junta de cuba carburador Mikuni TM32 / 38,4.84,4.00,2.60,VM34/374,1,8409910090,0,1,,,VEHICLE PARTS & ACCESSORIES,ENGINE PARTS,ENG. INTAKE,1,100,11,11,11,,,,,https://static.bihr.pro/eBihr/Pictures/MIKUNI-pictures.zip,,,Spain Warehouse (Parts)
1010918,825048,VM34/39-2.5,MIKUNI,"MIKUN SPAREPARTS NEEDLE VALVE KIT 2,5",Válvula de aguja carburador Mikuni 2.5 VM30-44,29.04,24.00,15.60,VM34/39-2.5,1,8409910090,0,1,,,VEHICLE PARTS & ACCESSORIES,ENGINE PARTS,ENG. INTAKE,1,10,9,10,15,https://api.mybihr.com/medias/1010918-1-800Wx800H?context=bWFzdGVyfHJvb3R8Mzg4MzF8aW1hZ2UvanBlZ3xhR015TDJobU15ODRPVEF4TXpZeE1UTTVOelF5THpFd01UQTVNVGd0TVY4NE1EQlhlRGd3TUVnfDBmNjZlMTdjOTBmZWYxYjZiNWQxZjhlM2IwMWVkYWNiYTkyMzExYzVjMThmN2VjNGE1ZjliOGQzNjA1Mzg0NWM,,,,https://static.bihr.pro/eBihr/Pictures/MIKUNI-pictures.zip,,,Spain Warehouse (Parts)
1010919,825010,VM34/39-3.0,MIKUNI,"MIKUN SPAREPARTS NEEDLE VALVE KIT 3,0",Válvula de aguja carburador Mikuni 3.0 VM30-44,29.04,24.00,15.60,VM34/39-3.0,0,8409910090,0,1,,,VEHICLE PARTS & ACCESSORIES,ENGINE PARTS,ENG. INTAKE,1,10,9,10,15,https://api.mybihr.com/medias/1010919-1-800Wx800H?context=bWFzdGVyfHJvb3R8Mzg4MzF8aW1hZ2UvanBlZ3xhRE0wTDJoak1TODRPVEkyTlRVNE16SXlOekU0THpFd01UQTVNVGt0TVY4NE1EQlhlRGd3TUVnfDllYzNkNWMwMDM3YzlmNTY2NDEwYzg0MzViMjI4ODkwM2M1OGE5NmE0MGQ0NGQzMWMwY2Y5ZTM1ZWVkZDRmYWI,,,,https://static.bihr.pro/eBihr/Pictures/MIKUNI-pictures.zip,,,Spain Warehouse (Parts)
1010422,MKH142.5,N208099-142.5,MIKUNI,"MIKUN JET MKH 142,5MM",Chiclé de alta Mikuni N208099-142.5 (requiere junta 821068),9.68,8.00,5.20,N208099-142.5,1,8409910090,0,1,,,VEHICLE PARTS & ACCESSORIES,ENGINE PARTS,ENG. INTAKE,0,10,10,5,5,https://api.mybihr.com/medias/1010422-1-800Wx800H?context=bWFzdGVyfHJvb3R8MjgzNTd8aW1hZ2UvanBlZ3xhR014TDJobE1pODRPVEkyTlRVM056TXlPRGswTHpFd01UQTBNakl0TVY4NE1EQlhlRGd3TUVnfDYxYzM5ZmVmYmU3MTgxYjU0YmQ4YTQyYzI5MWYyOWZiZmI1NzRjMDlhN2Y2OGU2ZmY2MGQyNjJkZmY4ODk5NmY,,,,https://static.bihr.pro/eBihr/Pictures/MIKUNI-pictures.zip,,,Spain Warehouse (Parts)
1010428,MKH157.5,N208099-157.5,MIKUNI,"MIKUN JET MKH 157,5MM",Chiclé de alta Mikuni N208099-157.5 (requiere junta 821068),9.68,8.00,0.55,N208099-157.5,1,8409910090,0,1,,,VEHICLE PARTS & ACCESSORIES,ENGINE PARTS,ENG. INTAKE,48,10,80,60,10,https://api.mybihr.com/medias/1010428-1-800Wx800H?context=bWFzdGVyfHJvb3R8MjgzNTd8aW1hZ2UvanBlZ3xhRFEyTDJoak9TODRPVEkyTkRJMk1ETTRNekF5THpFd01UQTBNamd0TVY4NE1EQlhlRGd3TUVnfDdjY2NmY2VlZThhYjM0ZGYyZDY0YmM2NzMwMzBjZjEwN2I4NGRlNzNhMDAxOTA4YjI2N2Q2ZmRkMzRmNTE3Yjk,,,,https://static.bihr.pro/eBihr/Pictures/MIKUNI-pictures.zip,,,Spain Warehouse (Parts)
1010449,MKT12.5,N224103-012.5,MIKUNI,"MIKUN JET MKT 12,5MM",Chiclé de baja Mikuni N224103-012.5,8.47,7.00,4.55,N224103-012.5,0,8409910090,0,1,,,VEHICLE PARTS & ACCESSORIES,ENGINE PARTS,ENG. INTAKE,4,11,30,26,5,https://api.mybihr.com/medias/1010449-1-800Wx800H?context=bWFzdGVyfHJvb3R8MjE1OTd8aW1hZ2UvanBlZ3xhR0ZsTDJoaE5DODRPVEF4TVRJME1qVTVPRGN3THpFd01UQTBORGt0TVY4NE1EQlhlRGd3TUVnfGRlZTk2YmYyNzQ5NmYyZjM4ZGYyNDdmNDI2NjQyOWQ2ZTg3MjkzZmI3MDZlYWNmY2NjMzVlZTU4YmI2YzMzNzA,,,,https://static.bihr.pro/eBihr/Pictures/MIKUNI-pictures.zip,,,Spain Warehouse (Parts)
1010450,MKT15,N224103-015,MIKUNI,MIKUN JET MKT 15MM,Chiclé de baja Mikuni N224103-015,8.47,7.00,4.55,N224103-015,0,8409910090,0,1,,,VEHICLE PARTS & ACCESSORIES,ENGINE PARTS,ENG. INTAKE,12,105,30,20,20,https://api.mybihr.com/medias/1010450-1-800Wx800H?context=bWFzdGVyfHJvb3R8MjE1OTd8aW1hZ2UvanBlZ3xhRFl6TDJneFppODRPRGN6TlRrM05ETTFPVE0wTHpFd01UQTBOVEF0TVY4NE1EQlhlRGd3TUVnfDQwMGZmMTc2ZWMzZTY3ODRhNmQwYWU5OTcxODNhMTNmZWExYTlkOGJmOGFkMjkyZTljMGEwNzBmMjUxYzljYmY,,,,https://static.bihr.pro/eBihr/Pictures/MIKUNI-pictures.zip,,,Spain Warehouse (Parts)
1010532,MKP10,VM22/210-010,MIKUNI,MIKUN JET MKP 10MM,Chiclé de baja Mikuni VM22/210-010,8.47,7.00,4.55,VM22/210-010,1,8409910090,0,1,,,VEHICLE PARTS & ACCESSORIES,ENGINE PARTS,ENG. INTAKE,4,5,16,16,16,https://api.mybihr.com/medias/1010532-1-800Wx800H?context=bWFzdGVyfHJvb3R8Mjg0ODF8aW1hZ2UvanBlZ3xhR05tTDJnelpTODRPVEkwTkRVek5qWTJPRFEyTHpFd01UQTFNekl0TVY4NE1EQlhlRGd3TUVnfGEwNTI3MDNjNjFmMTc4OTkxNTRhNTZjOWU1NDUxYTZmMjU2YjA2ZTRhMTNlMzY0NTAyMTE3MzE0MDFlMjllM2U,,,,https://static.bihr.pro/eBihr/Pictures/MIKUNI-pictures.zip,,,Spain Warehouse (Parts)
1010515,MKE170,VM11/22-170,MIKUNI,MIKUN JET MKE 170MM,Chiclé de alta Mikuni VM11/22-170,8.47,7.00,4.55,VM11/22-170,8,8409910090,0,1,,,VEHICLE PARTS & ACCESSORIES,ENGINE PARTS,ENG. INTAKE,1,5,8,8,12,https://api.mybihr.com/medias/1010515-1-800Wx800H?context=bWFzdGVyfHJvb3R8MjY5MDF8aW1hZ2UvanBlZ3xhREJpTDJneE1TODRPVE00TnpNeE5qTTBOekU0THpFd01UQTFNVFV0TVY4NE1EQlhlRGd3TUVnfDA0YmY3NDQ3MGY1Mjk1MWY4OGU1MmY5NmQzNzQ5MmQzOWRmM2NmYjM4Nzk0Mzg5MTIwYzE0ZGE2NTY5YWNhZGE,,,,https://static.bihr.pro/eBihr/Pictures/MIKUNI-pictures.zip,,,Spain Warehouse (Parts)
1010474,MKE42.5,VM11/22-042.5,MIKUNI,"MIKUN JET MKE 42,5MM",Chiclé de baja Mikuni VM11/22-042.5,8.47,7.00,4.55,VM11/22-042.5,2,8409910090,0,1,,,VEHICLE PARTS & ACCESSORIES,ENGINE PARTS,ENG. INTAKE,48,10,80,60,10,,,,,https://static.bihr.pro/eBihr/Pictures/MIKUNI-pictures.zip,,,Spain Warehouse (Parts)
1010560,MKU10,VM28/486-10,MIKUNI,MIKUN JET MKU 10MM,Chiclé de baja Mikuni VM28/486-10,9.68,8.00,5.20,VM28/486-10,4,8409910090,0,1,,,VEHICLE PARTS & ACCESSORIES,ENGINE PARTS,ENG. INTAKE,8,5,20,20,20,https://api.mybihr.com/medias/800Wx800H-1010560-1.jpg?context=bWFzdGVyfHJvb3R8MjMyMzZ8aW1hZ2UvanBlZ3xhREF5TDJnd09TOHpNekV6TVRFeU9EWTFNVGd3Tmk4NE1EQlhlRGd3TUVoZk1UQXhNRFUyTUMweExtcHdad3xjN2VjMmM1Mzc2Y2M3ZWUzYjM1MGVlZjY2ODQxOWQ2Yjc5ZmY3YTJmNjZjZTVjNmQ0YTlhNDkxYmVmMzcyNzcw,,,,https://static.bihr.pro/eBihr/Pictures/MIKUNI-pictures.zip,,,Spain Warehouse (Parts)
1010534,MKP15,VM22/210-015,MIKUNI,MIKUN JET MKP 15MM,Chiclé de baja Mikuni VM22/210-015,8.47,7.00,4.55,VM22/210-015,1,8409910090,0,1,,,VEHICLE PARTS & ACCESSORIES,ENGINE PARTS,ENG. INTAKE,2,5,20,10,10,https://api.mybihr.com/medias/1010534-1-800Wx800H?context=bWFzdGVyfHJvb3R8Mjg1MjZ8aW1hZ2UvanBlZ3xhRFZpTDJnMFppODRPVE00T0RNM05UQTRNVEkyTHpFd01UQTFNelF0TVY4NE1EQlhlRGd3TUVnfDRmZDk1NDkxNmRlMDYwOWRiYWVmYjg3N2IwYTczNjA2ZmY0OWU3YmViMDYyZDkyMmIxMzZkMDcwMDQ3Yzc1NTA,,,,https://static.bihr.pro/eBihr/Pictures/MIKUNI-pictures.zip,,,Spain Warehouse (Parts)
1010541,MKP32.5,VM22/210-032.5,MIKUNI,"MIKUN JET MKP 32,5MM",Chiclé de baja Mikuni VM22/210-032.5,8.47,7.00,4.55,VM22/210-032.5,0,8409910090,0,1,,,VEHICLE PARTS & ACCESSORIES,ENGINE PARTS,ENG. INTAKE,8,105,20,20,20,https://api.mybihr.com/medias/1010541-1-800Wx800H?context=bWFzdGVyfHJvb3R8Mjg1MjZ8aW1hZ2UvanBlZ3xhR0ZoTDJoa015ODRPVFk0T0RneU5UVXlPRFl5THpFd01UQTFOREV0TVY4NE1EQlhlRGd3TUVnfGFiZWM5MjljNjc2YThkZDcyNmRlNTYyNDZkYmUwNGE5ZGNhZjk2OTZlMmY2ZWNlNWVmN2UyMTBjOWM0MmI4MTM,,,,https://static.bihr.pro/eBihr/Pictures/MIKUNI-pictures.zip,,,Spain Warehouse (Parts)
1010623,822110,730-16003,MIKUNI,MIKUN SPAREPARTS VALVE SLIDE SPRING,Muelle de campana Mikuni TM36/38,6.05,5.00,3.25,730-16003,1,8409910090,0,1,,,VEHICLE PARTS & ACCESSORIES,ENGINE PARTS,ENG. INTAKE,39,15,135,17,17,https://api.mybihr.com/medias/1010623-1-800Wx800H?context=bWFzdGVyfHJvb3R8MzgyODJ8aW1hZ2UvanBlZ3xhRFpsTDJnME1TODRPVE01TURFeE56QXlPREUwTHpFd01UQTJNak10TVY4NE1EQlhlRGd3TUVnfGMzNDI2OWFjN2M1M2JjYzQ1ZTM4MGVhZDVmZmEwNmEyZTYxNzRiNzBjYjY4YjZhZGRmNzM3NTNmNThjNWY0MjE,,,,https://static.bihr.pro/eBihr/Pictures/MIKUNI-pictures.zip,,,Spain Warehouse (Parts)
1010551,MKP60,VM22/210-060,MIKUNI,MIKUN JET MKP 60MM,Chiclé de baja Mikuni VM22/210-060,8.47,7.00,4.55,VM22/210-060,1,8409910090,0,1,,,VEHICLE PARTS & ACCESSORIES,ENGINE PARTS,ENG. INTAKE,8,2,20,20,20,https://api.mybihr.com/medias/1010551-1-800Wx800H?context=bWFzdGVyfHJvb3R8Mjg1MjZ8aW1hZ2UvanBlZ3xhRGRrTDJnd01DODRPVFk0T0RnME5URTRPVFF5THpFd01UQTFOVEV0TVY4NE1EQlhlRGd3TUVnfDAwNzk1MzY1NGM3YmRmYWQ0ODBjZmZjYzg2NWY2MWM1ZWNlYzJkOTNjYzQwOTc0MmMwOTZlMDc0OWY4MjQ3NDM,,,,https://static.bihr.pro/eBihr/Pictures/MIKUNI-pictures.zip,,,Spain Warehouse (Parts)
1010553,MKP65,VM22/210-065,MIKUNI,MIKUN JET MKP 65MM,Chiclé de baja Mikuni VM22/210-065,8.47,7.00,4.55,VM22/210-065,1,8409910090,0,1,,,VEHICLE PARTS & ACCESSORIES,ENGINE PARTS,ENG. INTAKE,3,100,15,15,15,https://api.mybihr.com/medias/1010553-1-800Wx800H?context=bWFzdGVyfHJvb3R8Mjg1MjZ8aW1hZ2UvanBlZ3xhRFV6TDJnd05pODRPVFk0T0RnME56RTFOVFV3THpFd01UQTFOVE10TVY4NE1EQlhlRGd3TUVnfGM5ODhlZDk5NWM3ZGM0Mzg2OTJlNDUxMmJlMTk2YjAzM2U0YTJiYmNiMTU4MzI4M2M5NmIyMWI3YmYzOTFhMjE,,,,https://static.bihr.pro/eBihr/Pictures/MIKUNI-pictures.zip,,,Spain Warehouse (Parts)
1010554,MKP70,VM22/210-070,MIKUNI,MIKUN JET MKP 70MM,Chiclé de baja Mikuni VM22/210-070,8.47,7.00,4.55,VM22/210-070,3,8409910090,0,1,,,VEHICLE PARTS & ACCESSORIES,ENGINE PARTS,ENG. INTAKE,2,50,20,10,10,https://api.mybihr.com/medias/1010554-1-800Wx800H?context=bWFzdGVyfHJvb3R8Mjg1MjZ8aW1hZ2UvanBlZ3xhREkwTDJnd1pDODRPVFk0T0RnME9URXlNVFU0THpFd01UQTFOVFF0TVY4NE1EQlhlRGd3TUVnfDZjMjkyZjdmMGJkN2Y1Mjk3YjJjNjFiN2Q5NGI4OWFlOGYxMDM2ZjA4MGZiMzNlM2I2ZWUyNTliYmRiNzdjODE,,,,https://static.bihr.pro/eBihr/Pictures/MIKUNI-pictures.zip,,,Spain Warehouse (Parts)
1009910,MKA330,4/042-330,MIKUNI,MIKUN JET MKA 330MM,Chiclé de alta Mikuni 4/042-330,8.47,7.00,4.55,4/042-330,0,8409910090,0,1,,,VEHICLE PARTS & ACCESSORIES,ENGINE PARTS,ENG. INTAKE,2,5,20,10,10,https://api.mybihr.com/medias/1009910-1-800Wx800H?context=bWFzdGVyfHJvb3R8MjY1ODd8aW1hZ2UvanBlZ3xhREZtTDJnMU5pODRPVEkwTVRBM05EQTNNemt3THpFd01EazVNVEF0TVY4NE1EQlhlRGd3TUVnfDM5ZDgxMGViY2E2MDgyMGNmYjJkMWI5ZjVlMGE0ZTU2YjBlYTNkY2FlYWQxNGZkNDVkMjAzMGI5ODE4MzA2ZTE,,,,https://static.bihr.pro/eBihr/Pictures/MIKUNI-pictures.zip,,,Spain Warehouse (Parts)
1009911,MKA340,4/042-340,MIKUNI,MIKUN JET MKA 340MM,Chiclé de alta Mikuni 4/042-340,8.47,7.00,4.55,4/042-340,1,8409910090,0,1,,,VEHICLE PARTS & ACCESSORIES,ENGINE PARTS,ENG. INTAKE,4,5,16,16,16,https://api.mybihr.com/medias/1009911-1-800Wx800H?context=bWFzdGVyfHJvb3R8MjY1ODd8aW1hZ2UvanBlZ3xhRFl3TDJoaE55ODRPVEE0TXpJd01UYzRNakEyTHpFd01EazVNVEV0TVY4NE1EQlhlRGd3TUVnfDk3NzA0OTc0OWI4MjkzZjBmOThhZWE2NTViYjAzZDUxMzU2ODE0YzA2ZGVhMzlmMWYxNDU0MGE2YTE3YzRmODk,,,,https://static.bihr.pro/eBihr/Pictures/MIKUNI-pictures.zip,,,Spain Warehouse (Parts)
1009912,MKA350,4/042-350,MIKUNI,MIKUN JET MKA 350MM,Chiclé de alta Mikuni 4/042-350,8.47,7.00,4.55,4/042-350,2,8409910090,0,1,,,VEHICLE PARTS & ACCESSORIES,ENGINE PARTS,ENG. INTAKE,2,30,21,14,8,https://api.mybihr.com/medias/1009912-1-800Wx800H?context=bWFzdGVyfHJvb3R8MjY1ODd8aW1hZ2UvanBlZ3xhRFk0TDJoak1TODRPVEF3T1RBMk5UUTVNamM0THpFd01EazVNVEl0TVY4NE1EQlhlRGd3TUVnfGMxNzMyMDllZDViOWQxYjU4NDQzYjU4MzgwMzBjMmUwNjQ4ZTA4NjhhMWRhMDMxOGVkOTRjNmRjOTkxNzlhZjM,,,,https://static.bihr.pro/eBihr/Pictures/MIKUNI-pictures.zip,,,Spain Warehouse (Parts)
1009914,MKA370,4/042-370,MIKUNI,MIKUN JET MKA 370MM,Chiclé de alta Mikuni 4/042-370,8.47,7.00,4.55,4/042-370,1,8409910090,0,1,,,VEHICLE PARTS & ACCESSORIES,ENGINE PARTS,ENG. INTAKE,4,5,16,16,16,https://api.mybihr.com/medias/1009914-1-800Wx800H?context=bWFzdGVyfHJvb3R8MTA5MzV8aW1hZ2UvanBlZ3xhRGxqTDJnelpDODVNREV5TkRVM05qWTROak00THpFd01EazVNVFF0TVY4NE1EQlhlRGd3TUVnfDU2NTIzZWJlMzVkZWQxOTU0ZWVhZjdkODgwNDMwYzMzN2Q4ZDg0ZDcxNWNiNTE4ZDdkNjU5OTdjNGQzODkwOTI,,,,https://static.bihr.pro/eBihr/Pictures/MIKUNI-pictures.zip,,,Spain Warehouse (Parts)
1009915,MKA380,4/042-380,MIKUNI,MIKUN JET MKA 380MM,Chiclé de alta Mikuni 4/042-380,8.47,7.00,4.55,4/042-380,1,8409910090,0,1,,,VEHICLE PARTS & ACCESSORIES,ENGINE PARTS,ENG. INTAKE,8,105,20,20,20,https://api.mybihr.com/medias/1009915-1-800Wx800H?context=bWFzdGVyfHJvb3R8MjY1ODd8aW1hZ2UvanBlZ3xhRFprTDJnME5DODVNREV5TkRVM09EWTFNalEyTHpFd01EazVNVFV0TVY4NE1EQlhlRGd3TUVnfGM5ZjA3MzZmNzI4YjRmMDU0YjJjNzdlYzQ1MmUwYTNlZDcyYWFmYmYzMDQ0ZmE5NDg5ZGI3ODlhMDg3YWQ2ZmU,,,,https://static.bihr.pro/eBihr/Pictures/MIKUNI-pictures.zip,,,Spain Warehouse (Parts)
1009916,MKA390,4/042-390,MIKUNI,MIKUN JET MKA 390MM,Chiclé de alta Mikuni 4/042-390,8.47,7.00,4.55,4/042-390,1,8409910090,0,1,,,VEHICLE PARTS & ACCESSORIES,ENGINE PARTS,ENG. INTAKE,4,5,16,16,16,https://api.mybihr.com/medias/1009916-1-800Wx800H?context=bWFzdGVyfHJvb3R8MjY1ODd8aW1hZ2UvanBlZ3xhR1U0TDJnNU1pODVNREV5TkRVNE1EWXhPRFUwTHpFd01EazVNVFl0TVY4NE1EQlhlRGd3TUVnfDI2ZGQwODc1NGIwZTE1ZjBiYmY1OGFiOTM5MmUwYTIxNjNlYzljMTEyYTRhNDVmMjgyMGVmZTY1YTFkYWVlNGQ,,,,https://static.bihr.pro/eBihr/Pictures/MIKUNI-pictures.zip,,,Spain Warehouse (Parts)
1009918,MKA410,4/042-410,MIKUNI,MIKUN JET MKA 410MM,Chiclé de alta Mikuni 4/042-410,8.47,7.00,4.55,4/042-410,1,8409910090,0,1,,,VEHICLE PARTS & ACCESSORIES,ENGINE PARTS,ENG. INTAKE,4,10,26,20,8,https://api.mybihr.com/medias/1009918-1-800Wx800H?context=bWFzdGVyfHJvb3R8MjY1ODd8aW1hZ2UvanBlZ3xhR0UxTDJnNU9TODVNREV5TkRVNE1qVTRORFl5THpFd01EazVNVGd0TVY4NE1EQlhlRGd3TUVnfDA5Mjg1ZTk3ODcyMzAyODQ2MjEwZDczODM0ODViOTcxODZmNWRhZGU3YzIyNDVkMWQ3ZDAwZTE0NmNiYzM5NWI,,,,https://static.bihr.pro/eBihr/Pictures/MIKUNI-pictures.zip,,,Spain Warehouse (Parts)
1010639,825022,786-35015-2.5,MIKUNI,"MIKUN SPAREPARTS NEEDLE VALVE KIT 2,5",Válvula de aguja carburador Mikuni 2.5 SBN34-46,31.46,26.00,16.90,786-35015-2.5,0,8409910090,0,1,,,VEHICLE PARTS & ACCESSORIES,ENGINE PARTS,ENG. INTAKE,1,10,9,10,15,https://api.mybihr.com/medias/1010639-1-800Wx800H?context=bWFzdGVyfHJvb3R8MzkwNzh8aW1hZ2UvanBlZ3xhR0V4TDJneVpTODRPVFE1TURNek16WTVOak13THpFd01UQTJNemt0TVY4NE1EQlhlRGd3TUVnfGZkOGNiNDllZjdmY2E5MTdhM2RiZDA2NWYwN2RiNTM1NjYxMjIxYTZkNDNhODM5N2JlMzdkMzQ4YWU5MmQ3YmY,,,,https://static.bihr.pro/eBihr/Pictures/MIKUNI-pictures.zip,,,Spain Warehouse (Parts)
1009952,MKM37.5,BS30/96-037.5,MIKUNI,"MIKUN JET MKM 37,5MM",Chiclé de baja Mikuni BS30/96-037.5,9.68,8.00,5.20,BS30/96-037.5,0,8409910090,0,1,,,VEHICLE PARTS & ACCESSORIES,ENGINE PARTS,ENG. INTAKE,48,10,80,60,10,https://api.mybihr.com/medias/1009952-1-800Wx800H?context=bWFzdGVyfHJvb3R8MjU1MjJ8aW1hZ2UvanBlZ3xhRGN4TDJnMlpDODRPVFV6TURreE16VTROelV3THpFd01EazVOVEl0TVY4NE1EQlhlRGd3TUVnfGExNzAyODFkY2MwNmNlNzY3NDhkOWY5ZThhNGI1NmUwMmI1ZGE4NTE0ZGU3MWJkMDVkOWE1M2FkN2QyMzZkNDA,,,,https://static.bihr.pro/eBihr/Pictures/MIKUNI-pictures.zip,,,Spain Warehouse (Parts)
1009953,MKM40,BS30/96-040,MIKUNI,MIKUN JET MKM 40MM,Chiclé de baja Mikuni BS30/96-040,9.68,8.00,5.20,BS30/96-040,3,8409910090,0,1,,,VEHICLE PARTS & ACCESSORIES,ENGINE PARTS,ENG. INTAKE,2,5,20,10,10,https://api.mybihr.com/medias/1009953-1-800Wx800H?context=bWFzdGVyfHJvb3R8MjU1MjJ8aW1hZ2UvanBlZ3xhR1l3TDJnM05pODRPRFUyTnpFMU1EQXhPRGcyTHpFd01EazVOVE10TVY4NE1EQlhlRGd3TUVnfGVjODRkZmQ1NjhiNmVlMWY5MDQ4NzIzZjZlNDczMGE3NjQ2YzUwNDkzZjA3MTM5OWU4NzIyMjc4Y2Y1M2M0YjM,,,,https://static.bihr.pro/eBihr/Pictures/MIKUNI-pictures.zip,,,Spain Warehouse (Parts)
1009955,MKM45,BS30/96-045,MIKUNI,MIKUN JET MKM 45MM,Chiclé de baja Mikuni BS30/96-045,9.68,8.00,5.20,BS30/96-045,4,8409910090,0,1,,,VEHICLE PARTS & ACCESSORIES,ENGINE PARTS,ENG. INTAKE,2,20,20,10,10,https://api.mybihr.com/medias/1009955-1-800Wx800H?context=bWFzdGVyfHJvb3R8MjU1MjJ8aW1hZ2UvanBlZ3xhR0pqTDJnNFppODRPRFUyTnpFMU56ZzRNekU0THpFd01EazVOVFV0TVY4NE1EQlhlRGd3TUVnfDA1MmQwMzUyYzQ1MzU4NzkxY2M3ZmJjODE3M2IyM2MxYjg0NDQ4ZDQ0MDQyNTg0ZTU1NGI1MDVmMjFhMjRkZDc,,,,https://static.bihr.pro/eBihr/Pictures/MIKUNI-pictures.zip,,,Spain Warehouse (Parts)
1009880,MKA115,4/042-115,MIKUNI,MIKUN JET MKA 115MM,Chiclé de alta Mikuni 4/042-115,8.47,7.00,4.55,4/042-115,1,8409910090,0,1,,,VEHICLE PARTS & ACCESSORIES,ENGINE PARTS,ENG. INTAKE,2,14,19,16,5,https://api.mybihr.com/medias/1009880-1-800Wx800H?context=bWFzdGVyfHJvb3R8MjY1ODd8aW1hZ2UvanBlZ3xhRGcxTDJoalpDODRPVFk0T0RZMU5qUTBOVGMwTHpFd01EazRPREF0TVY4NE1EQlhlRGd3TUVnfGZlZDJhYzFiNDc1NTZmNTA1ZmNkNmI0ZGFmOTA2MjNjM2NjMDcwNTdjMWE4ODUyNzAxNjhiNDQ1M2ZkZjQwNTQ,,,,https://static.bihr.pro/eBihr/Pictures/MIKUNI-pictures.zip,,,Spain Warehouse (Parts)
1009935,MKA600,4/042-600,MIKUNI,MIKUN JET MKA 600MM,Chiclé de alta Mikuni 4/042-600,8.47,7.00,4.55,4/042-600,1,8409910090,0,1,,,VEHICLE PARTS & ACCESSORIES,ENGINE PARTS,ENG. INTAKE,8,5,20,20,20,https://api.mybihr.com/medias/1009935-1-800Wx800H?context=bWFzdGVyfHJvb3R8MjY1ODd8aW1hZ2UvanBlZ3xhR1l5TDJobVlTODRPVEkyTXpnM09EazJNelV3THpFd01EazVNelV0TVY4NE1EQlhlRGd3TUVnfDZjZDc5MWM3NDBmOTE4OGZjZmU5NzVkZDc4ZDRmMTk0MzFlMmM3ZjFlNjMxMDExODVmNmM1MWVkMWIyOTgyNmI,,,,https://static.bihr.pro/eBihr/Pictures/MIKUNI-pictures.zip,,,Spain Warehouse (Parts)
1009936,MKA620,4/042-620,MIKUNI,MIKUN JET MKA 620MM,Chiclé de alta Mikuni 4/042-620,8.47,7.00,4.55,4/042-620,1,8409910090,0,1,,,VEHICLE PARTS & ACCESSORIES,ENGINE PARTS,ENG. INTAKE,8,5,20,20,20,https://api.mybihr.com/medias/1009936-1-800Wx800H?context=bWFzdGVyfHJvb3R8MjY1ODd8aW1hZ2UvanBlZ3xhRGhpTDJnNU5TODRPVEF4TXpjd05qQTVOamswTHpFd01EazVNell0TVY4NE1EQlhlRGd3TUVnfGJjMWQ0Y2I1ZDczZTIxM2MzNzY5ODE2N2ZiZTQwMWY3MmU1YzVjZDM2YjMwNzFhNzI2NzZjZDg2MzRhNzczZGE,,,,https://static.bihr.pro/eBihr/Pictures/MIKUNI-pictures.zip,,,Spain Warehouse (Parts)
1009956,MKM47.5,BS30/96-047.5,MIKUNI,"MIKUN JET MKM 47,5MM",Chiclé de baja Mikuni BS30/96-047.5,9.68,8.00,5.20,BS30/96-047.5,2,8409910090,0,1,,,VEHICLE PARTS & ACCESSORIES,ENGINE PARTS,ENG. INTAKE,8,105,20,20,20,https://api.mybihr.com/medias/1009956-1-800Wx800H?context=bWFzdGVyfHJvb3R8MjU1MjJ8aW1hZ2UvanBlZ3xhRE5tTDJoaE55ODRPVFV6TVRFeU16azFPREEyTHpFd01EazVOVFl0TVY4NE1EQlhlRGd3TUVnfGUxMTg0ZjkwMTU1MDZkZjU5MThmZTg0YWQ1OTFjMzJhNWU1OGQxOTY3Nzc2OTY5MjliZWQyY2ZmZTVlODU5ZDI,,,,https://static.bihr.pro/eBihr/Pictures/MIKUNI-pictures.zip,,,Spain Warehouse (Parts)
1009958,MKM52.5,BS30/96-052.5,MIKUNI,"MIKUN JET MKM 52,5MM",Chiclé de baja Mikuni BS30/96-052.5,9.68,8.00,5.20,BS30/96-052.5,6,8409910090,0,1,,,VEHICLE PARTS & ACCESSORIES,ENGINE PARTS,ENG. INTAKE,8,105,20,20,20,https://api.mybihr.com/medias/1009958-1-800Wx800H?context=bWFzdGVyfHJvb3R8MjU1MjJ8aW1hZ2UvanBlZ3xhREkwTDJnek9TODRPVEF4TXpRNE1UWXpOakUwTHpFd01EazVOVGd0TVY4NE1EQlhlRGd3TUVnfDdkZmNiNGU3MjEzNTAzYzJjNWJkMjkyYzM2ZDkxMTQ5OWE2NmZhNjVkOGU4MjNlMjI1OTY2OWJlZmY2MTA5NDE,,,,https://static.bihr.pro/eBihr/Pictures/MIKUNI-pictures.zip,,,Spain Warehouse (Parts)
1010679,822201,859-32011,MIKUNI,MIKUN SPAREPARTS FLOATS TM36/40,Flotadores de carburador Mikuni RS 34/40 TM36-40,18.15,15.00,9.75,859-32011,1,8409910090,0,1,,,VEHICLE PARTS & ACCESSORIES,ENGINE PARTS,ENG. INTAKE,32,30,23,51,27,https://api.mybihr.com/medias/800Wx800H-1010679-1.jpg?context=bWFzdGVyfHJvb3R8Njc3OTd8aW1hZ2UvanBlZ3xhR05rTDJnNVlTOHpNekV6TVRNek1qQTNOVFUxTUM4NE1EQlhlRGd3TUVoZk1UQXhNRFkzT1MweExtcHdad3w4NTk5NTQ3YmMyM2IxMTljNTFmOGNmYTg4NWFkMTg2NGIwNTFkY2RiOGNmNzM1MmE3MDg2MGNkNmE3ZTQzNjk5,https://api.mybihr.com/medias/800Wx800H-1010679-2.jpg?context=bWFzdGVyfHJvb3R8NjUxMjJ8aW1hZ2UvanBlZ3xhRFZoTDJoaE9DOHpNekV6TVRNek1qUTJPRGMyTmk4NE1EQlhlRGd3TUVoZk1UQXhNRFkzT1MweUxtcHdad3xhNTFhMzk0NTBlN2FiNTIwYzc5MWU4NjhlYTljMDNjNGMxNDc5ZmFlOGFlZTMwNDkwYjRkNjg1NGJlZjc2NDRl,,,https://static.bihr.pro/eBihr/Pictures/MIKUNI-pictures.zip,,,Spain Warehouse (Parts)
1009965,MKN0.7,BS30/97-0.7,MIKUNI,"MIKUN JET MKN 0,7MM",Chiclé de aire Mikuni BS30/97-0.7,8.47,7.00,4.55,BS30/97-0.7,5,8409910090,0,1,,,VEHICLE PARTS & ACCESSORIES,ENGINE PARTS,ENG. INTAKE,2,5,20,10,10,https://api.mybihr.com/medias/1009965-1-800Wx800H?context=bWFzdGVyfHJvb3R8Mjk2MDl8aW1hZ2UvanBlZ3xhR016TDJoalpDODRPVE0wT0RBeE9UTXlNekU0THpFd01EazVOalV0TVY4NE1EQlhlRGd3TUVnfGM1ZDE5NWJkYjFiMjQyY2MzNTFlOWMzYmRiMWU2OGI3NWE2NDg5MjFkNjlmZjRmM2Q3MGNlOTg0Y2Y5ZGM0Y2I,,,,https://static.bihr.pro/eBihr/Pictures/MIKUNI-pictures.zip,,,Spain Warehouse (Parts)
1010683,822151,859-52021,MIKUNI,MIKUN SPAREPARTS FLOAT,Flotador de carburador Mikuni izquierdo TMX 35/38 / TMS 38,14.52,12.00,7.80,859-52021,0,8409910090,0,1,,,VEHICLE PARTS & ACCESSORIES,ENGINE PARTS,ENG. INTAKE,8,2,20,20,20,https://api.mybihr.com/medias/1010683-1-800Wx800H?context=bWFzdGVyfHJvb3R8MjE4NjN8aW1hZ2UvanBlZ3xhR1ZqTDJoaE55ODRPVE0wTnpnek9EUTBNemd5THpFd01UQTJPRE10TVY4NE1EQlhlRGd3TUVnfGYxYzA2YzQ5M2Y4MDY5YWU1MDVlM2FhNTJmMzVkZjZjYjg4NjI5MmE5ZDZkY2IxZjk3ZTYyMDQyZWE1MGQxOWY,,,,https://static.bihr.pro/eBihr/Pictures/MIKUNI-pictures.zip,,,Spain Warehouse (Parts)
1009941,MKA70,4/042-70,MIKUNI,MIKUN JET MKA 70MM,Chiclé de alta Mikuni 4/042-70,8.47,7.00,4.55,4/042-70,0,8409910090,0,1,,,VEHICLE PARTS & ACCESSORIES,ENGINE PARTS,ENG. INTAKE,3,100,15,15,15,https://api.mybihr.com/medias/1009941-1-800Wx800H?context=bWFzdGVyfHJvb3R8MjY1ODd8aW1hZ2UvanBlZ3xhREptTDJnMU5pODRPVFV6TURZME1ETXdNak00THpFd01EazVOREV0TVY4NE1EQlhlRGd3TUVnfGVjNjA5N2JkYjFhZmM3NDEyYTg0MDkwNmFkZDUwMTdkMjIyY2VmOGM5MTg1YzVlYzU1Nzk1ZDIzNjA4NzRmYjY,,,,https://static.bihr.pro/eBihr/Pictures/MIKUNI-pictures.zip,,,Spain Warehouse (Parts)
1009945,MKA80,4/042-80,MIKUNI,MIKUN JET MKA 80MM,Chiclé de alta Mikuni 4/042-80,8.47,7.00,4.55,4/042-80,2,8409910090,0,1,,,VEHICLE PARTS & ACCESSORIES,ENGINE PARTS,ENG. INTAKE,3,100,15,15,15,https://api.mybihr.com/medias/1009945-1-800Wx800H?context=bWFzdGVyfHJvb3R8MjY1ODd8aW1hZ2UvanBlZ3xhR1l3TDJnMU55ODRPVFE0T1RRMk1ERXdNVFF5THpFd01EazVORFV0TVY4NE1EQlhlRGd3TUVnfDEyZmE3OTI3MjIyNWVkY2U4YWMyZGY2NTkyZTZkYTA1YWE0MjY5OTljMGVkYTljNzMwMWRmN2RkZWYyZjYwODI,,,,https://static.bihr.pro/eBihr/Pictures/MIKUNI-pictures.zip,,,Spain Warehouse (Parts)
1009946,MKA85,4/042-85,MIKUNI,MIKUN JET MKA 85MM,Chiclé de alta Mikuni 4/042-85,8.47,7.00,4.55,4/042-85,3,8409910090,0,1,,,VEHICLE PARTS & ACCESSORIES,ENGINE PARTS,ENG. INTAKE,8,5,20,20,20,https://api.mybihr.com/medias/1009946-1-800Wx800H?context=bWFzdGVyfHJvb3R8MjY1ODd8aW1hZ2UvanBlZ3xhRE13TDJoaU1DODRPVFExT0RRME5EVXpOREEyTHpFd01EazVORFl0TVY4NE1EQlhlRGd3TUVnfDA5YzNiY2E1YWY0N2IyNjBiNTY5YjBkYmQ4ODI0N2E4NGM2MzVmN2RiNzE0MjQ4N2ZiOWQ1YzdjYWEyM2MxMTc,,,,https://static.bihr.pro/eBihr/Pictures/MIKUNI-pictures.zip,,,Spain Warehouse (Parts)
1009948,MKA95,4/042-95,MIKUNI,MIKUN JET MKA 95MM,Chiclé de alta Mikuni 4/042-95,8.47,7.00,4.55,4/042-95,1,8409910090,0,1,,,VEHICLE PARTS & ACCESSORIES,ENGINE PARTS,ENG. INTAKE,8,4,58,28,5,https://api.mybihr.com/medias/1009948-1-800Wx800H?context=bWFzdGVyfHJvb3R8MjY1ODd8aW1hZ2UvanBlZ3xhR0UyTDJnd055ODRPVEF4TnpBME1qVXpORGN3THpFd01EazVORGd0TVY4NE1EQlhlRGd3TUVnfGFiMTdmMmI4ZGMwYTdjMjhhNmE0ZDE4MTczMjM3NTU4NDg4ZTM0NDQ5Mjk1ZWI5NDAzNzYzMWU5ZjM0MjUzYzg,,,,https://static.bihr.pro/eBihr/Pictures/MIKUNI-pictures.zip,,,Spain Warehouse (Parts)
1009954,MKM42.5,BS30/96-042.5,MIKUNI,"MIKUN JET MKM 42,5MM",Chiclé Mikuni TRIUMPH BS30/96-042.5,9.68,8.00,5.20,BS30/96-042.5,4,8409910090,0,1,,,VEHICLE PARTS & ACCESSORIES,ENGINE PARTS,ENG. INTAKE,48,10,80,60,10,https://api.mybihr.com/medias/1009954-1-800Wx800H?context=bWFzdGVyfHJvb3R8MjU1MjJ8aW1hZ2UvanBlZ3xhREZpTDJoak5pODRPVE0wT0RVeE56QTJPVEV3THpFd01EazVOVFF0TVY4NE1EQlhlRGd3TUVnfDIwMzAwYTc2YjRkYTA2OGU1OTY1OTQyZWUxYWJlYWJlZjRlZDk0ZDAzZjRjNzIwYWY5ZTQ0OWU1MGZkZjA5YTE,,,,https://static.bihr.pro/eBihr/Pictures/MIKUNI-pictures.zip,,,Spain Warehouse (Parts)
1018118,,HS42/018-45K,MIKUNI,MIKUN SPAREPARTS INTAKE MANIFOLD,Toma de admisión MIKUNI para HSR45,45.98,38.00,24.70,824011,0,8409910090,0,1,In rubber,In rubber,VEHICLE PARTS & ACCESSORIES,ENGINE PARTS,ENG. INTAKE,144,115,87,66,25,,,,,https://static.bihr.pro/eBihr/Pictures/MIKUNI-pictures.zip,,,Spain Warehouse (Parts)
1018120,,MK-BN/001,MIKUNI,MIKUN SPAREPARTS CLEAN BRAKE,Acoplamiento de carburador para SBN34-46,35.09,29.00,18.85,824032,0,8409910090,0,1,,,VEHICLE PARTS & ACCESSORIES,ENGINE PARTS,ENG. INTAKE,725,56,200,145,25,https://api.mybihr.com/medias/1018120-1-800Wx800H?context=bWFzdGVyfHJvb3R8Mjg5MTl8aW1hZ2UvanBlZ3xhREptTDJobFlTODRPVFE1TVRFM09UUXpPRE00THpFd01UZ3hNakF0TVY4NE1EQlhlRGd3TUVnfGFhMjllZjVjNGFhYmNlODNlNzZkNWY1NDlhNGUyZDE4NzAyYmNhOGY4YTQxMDQ4YWVjNWQwZjg5OWU4OGQxMjU,,,,https://static.bihr.pro/eBihr/Pictures/MIKUNI-pictures.zip,,,Spain Warehouse (Parts)
1018106,,KHS-001,MIKUNI,MIKUN REPAIRKIT TM36/40,Kit de reparación de carburador MIKUNI TM36-40,79.86,66.00,42.90,823017,1,8409910090,0,1,,,VEHICLE PARTS & ACCESSORIES,ENGINE PARTS,ENG. INTAKE,767,67,196,145,27,,,,,https://static.bihr.pro/eBihr/Pictures/MIKUNI-pictures.zip,,,Spain Warehouse (Parts)
1018113,,MK-BN46I,MIKUNI,MIKUN REPAIRKIT SBN34/46,Kit de reparación de carburador MIKUNI SBN34-46,89.54,74.00,48.10,823110,0,8409910090,0,1,Square pump.,Square pump.,VEHICLE PARTS & ACCESSORIES,ENGINE PARTS,ENG. INTAKE,346,39,199,145,12,https://api.mybihr.com/medias/1018113-1-800Wx800H?context=bWFzdGVyfHJvb3R8NjAyMTB8aW1hZ2UvanBlZ3xhRE01TDJnek15ODRPVEkwTkRBNE1qVXdNems0THpFd01UZ3hNVE10TVY4NE1EQlhlRGd3TUVnfDBiMzZiNDNmZWM4YjVkODljNzNlZDk4YTI1MDIwZDliMDQ5MzRhYTQ5N2Q1MDdkMmRkYTQyN2M1NjhiNTFiOTU,,,,https://static.bihr.pro/eBihr/Pictures/MIKUNI-pictures.zip,,,Spain Warehouse (Parts)
1018117,,HS42/018-42K,MIKUNI,MIKUN SPAREPARTS INTAKE MANIFOLD,Toma de admisión MIKUNI para HSR42,58.08,48.00,31.20,824010,1,8409910090,0,1,In rubber.,In rubber.,VEHICLE PARTS & ACCESSORIES,ENGINE PARTS,ENG. INTAKE,145,117,88,66,25,,,,,https://static.bihr.pro/eBihr/Pictures/MIKUNI-pictures.zip,,,Spain Warehouse (Parts)
3030486,,,MIKUNI,MIKUN KIT SBN44,MIKUNI SBN Ø44mm Carburetor,712.69,589.00,382.85,,0,8409910090,0,1,,,VEHICLE PARTS & ACCESSORIES,ENGINE PARTS,ENG. INTAKE,5652,1856,180,180,180,,,,,https://static.bihr.pro/eBihr/Pictures/MIKUNI-pictures.zip,https://api.mybihr.com/medias/800106.pdf?context=bWFzdGVyfGRvY3VtZW50c3wxODY2MDl8YXBwbGljYXRpb24vcGRmfGFHTXhMMmhpTnk4NU1EUXpOalEyTlRjNE56RTRMemd3TURFd05nfGJlNGNiZWExZTAzN2JmZTNiYzZmMDViNzAzZTlkZWE2ZTFjNTUwZmNjMDI1NTcwM2MzNTVmNGRkNjBiZjY0MTk,,Spain Warehouse (Parts)
3030488,,,MIKUNI,MIKUN KIT TM24,MIKUNI TM Ø24mm Carburetor,258.94,214.00,139.10,,0,8409910090,0,1,,,VEHICLE PARTS & ACCESSORIES,ENGINE PARTS,ENG. INTAKE,2384,432,130,130,130,https://api.mybihr.com/medias/3030488-1-800Wx800H?context=bWFzdGVyfHJvb3R8NDQ3ODB8aW1hZ2UvanBlZ3xhREJpTDJneVpTODRPVGt4TWpFd016Y3pNVFV3THpNd016QTBPRGd0TVY4NE1EQlhlRGd3TUVnfGVjMWNmNjMwNzg4NDI0MmQwY2YwMjdlYWY5NWMzODYzNzA0ODkxODBiZDhlOTAxZjZhNjNlOTJlMTZjNzJmNDk,,,,https://static.bihr.pro/eBihr/Pictures/MIKUNI-pictures.zip,https://api.mybihr.com/medias/800507.pdf?context=bWFzdGVyfGRvY3VtZW50c3wyMjM4NDl8YXBwbGljYXRpb24vcGRmfGFEQXpMMmcwWkM4NU1EUXpOalkyTWpjeU1qZzJMemd3TURVd053fGRkOTg3NjY3YjRjODA3NWZhNTNiNDI1MWFhYzI0ZTVlMDMzN2E2ZjNjZDdmYzZhN2E2N2ZkYTdiY2U2ZTAwYTQ,,Spain Warehouse (Parts)
3030495,,,MIKUNI,MIKUN KIT IDLE SCREW,MIKUNI Low Beam Screw Set for VM26-28 - VM32-34 - VM40-44 carburetors,8.47,7.00,4.55,,0,8409910090,0,1,"<html> <head> <meta http-equiv=""Content-Type"" content=""text/html; charset=utf-8""><title> </title> <style type=""text/css"">.cs4FC7BF42{text-align:left;margin:0pt 0pt 0pt 0pt;list-style-type:disc;color:#000;background-color:transparent;font-weight:normal;font-style:normal;}.csA7555675{color:#000;background-color:transparent;font-weight:normal;font-style:normal;}</style> </head> <body> <ul> <li>Repair kit</li><li>Specially for MIKUNI carburetors</li></ul> </body> </html>","        Repair kitSpecially for MIKUNI carburetors  ",VEHICLE PARTS & ACCESSORIES,ENGINE PARTS,ENG. INTAKE,4,25,20,20,20,https://api.mybihr.com/medias/3030495-1-800Wx800H?context=bWFzdGVyfHJvb3R8Nzc1Njh8aW1hZ2UvanBlZ3xhREk1TDJnMFl5ODRPVGt4TWpFeE9ERTBPVFF5THpNd016QTBPVFV0TVY4NE1EQlhlRGd3TUVnfDI2NzZiYWU4NDRkNGU3NDc0NWU0YmUxYWVmMDE1ZGM3ZGY4OTMxNjhiODcyNDFlZmU5MDk4MGFkZDcyMGQ0NzA,,,,https://static.bihr.pro/eBihr/Pictures/MIKUNI-pictures.zip,,,Spain Warehouse (Parts)
3030473,,,MIKUNI,MIKUN KIT TM28,MIKUNI TM Ø28mm Carburetor,266.20,220.00,143.00,,0,8409910090,0,1,,,VEHICLE PARTS & ACCESSORIES,ENGINE PARTS,ENG. INTAKE,1540,559,120,120,120,https://api.mybihr.com/medias/3030473-1-800Wx800H?context=bWFzdGVyfHJvb3R8NDQ3ODB8aW1hZ2UvanBlZ3xhRGc1TDJnd1ppODRPVGt4TWpBM05qSXdOak00THpNd016QTBOek10TVY4NE1EQlhlRGd3TUVnfGY5YjIyMzRjNGFmYzZhYjRhYzE3NzM3MmRkMTJlMGM0YzhjMzJhZDU0MGJhZWM4NTQ1OTIwMDE0OWFhODdjNTQ,,,,https://static.bihr.pro/eBihr/Pictures/MIKUNI-pictures.zip,https://api.mybihr.com/medias/800509.pdf?context=bWFzdGVyfGRvY3VtZW50c3wyMjM4NDl8YXBwbGljYXRpb24vcGRmfGFEUmlMMmhtTUM4NU1EUXpOalEzTURBME56QXlMemd3TURVd09RfDVlOWMzYzg0OWIzNzRiNzJlZmJmNmVjMWY3ZGFmYWRhNWI5MWJhN2JjYjZmMWY4MmI5YTlmZjY2MmMyZDQ0NGI,,Spain Warehouse (Parts)
3030438,,,MIKUNI,MIKUN KIT REPAIR KIT,MIKUNI Carburetor Repair Kit TM28,29.04,24.00,15.60,,0,8409910090,0,1,,,VEHICLE PARTS & ACCESSORIES,ENGINE PARTS,ENG. INTAKE,9,90,20,20,20,,,,,https://static.bihr.pro/eBihr/Pictures/MIKUNI-pictures.zip,,,Spain Warehouse (Parts)
3030440,,,MIKUNI,MIKUN KIT TMJ38,MIKUNI TMJ Ø38mm Carburetor,471.90,390.00,253.50,,0,8409910090,0,1,,,VEHICLE PARTS & ACCESSORIES,ENGINE PARTS,ENG. INTAKE,2395,628,130,130,130,,,,,https://static.bihr.pro/eBihr/Pictures/MIKUNI-pictures.zip,https://api.mybihr.com/medias/800925.pdf?context=bWFzdGVyfGRvY3VtZW50c3wxODEzNzF8YXBwbGljYXRpb24vcGRmfGFEWTBMMmhsWWk4NU1EUXpOakkyTkRVNU1UWTJMemd3TURreU5RfGUyODI0YzkxNWM2MzdhMGU0MzUxYjdlMzFhYTE5MTdlZGM5ZDUxZWVlMzA4YzBjMjIwMzNhMTEzNWQ5ZGMwNmU,,Spain Warehouse (Parts)
3030441,,,MIKUNI,MIKUN KIT TM36,MIKUNI TM Ø36mm Carburetor,538.45,445.00,289.25,,1,8409910090,0,1,,,VEHICLE PARTS & ACCESSORIES,ENGINE PARTS,ENG. INTAKE,2384,1057,130,130,130,https://api.mybihr.com/medias/3030441-1-800Wx800H?context=bWFzdGVyfHJvb3R8NDQ3ODB8aW1hZ2UvanBlZ3xhRFExTDJnNFlTODRPVGt4TVRrNE9UWTVPRGcyTHpNd016QTBOREV0TVY4NE1EQlhlRGd3TUVnfGQxMzIwNTJiN2ExMzBmNzQ3NDlkMTFiMjdkNjQxYzE4MTNjOTEzNDIwOTM0ZGE5MzRkNmEyZmNjMDI4NTQxMjA,,,,https://static.bihr.pro/eBihr/Pictures/MIKUNI-pictures.zip,https://api.mybihr.com/medias/800613.pdf?context=bWFzdGVyfGRvY3VtZW50c3wyMjc1Nzh8YXBwbGljYXRpb24vcGRmfGFHWmtMMmhsTVM4NU1EUXpOalEzTkRZek5EVTBMemd3TURZeE13fDg2MDY3YzQ0NzA5ZjkyMzI0MGQ1NTEyNzdjM2U4YWQ0Njg0N2I2MjFhMDA1YTUxNzI3NDlhNzg2ZmVmYTc0MTQ,,Spain Warehouse (Parts)
3030435,,,MIKUNI,MIKUN KIT TM36,MIKUNI TM Ø36mm Carburetor,538.45,445.00,289.25,,1,8409910090,0,1,,,VEHICLE PARTS & ACCESSORIES,ENGINE PARTS,ENG. INTAKE,2382,1057,130,130,130,https://api.mybihr.com/medias/3030435-1-800Wx800H?context=bWFzdGVyfHJvb3R8NDQ3ODB8aW1hZ2UvanBlZ3xhRFV4TDJnME1TODVNREUwT1RrMU5UVXdNak00THpNd016QTBNelV0TVY4NE1EQlhlRGd3TUVnfDRhN2MwMDU4MzQyYmE1MjQ1YmIwYjM0NDliMmFjMTk0NTA0ZDQzN2Q1ZDZiMzE0M2M5YjI0MGE3NzQyN2NkOTU,,,,https://static.bihr.pro/eBihr/Pictures/MIKUNI-pictures.zip,https://api.mybihr.com/medias/800604.pdf?context=bWFzdGVyfGRvY3VtZW50c3wyMjc1Nzh8YXBwbGljYXRpb24vcGRmfGFETmhMMmhpT0M4NU1EUXpOakkxT0RNMk5UYzBMemd3TURZd05BfDUwZjUwMmY1M2Q0ZGRmYzc4ZjA3OGI0OTE2NTc4ZDUyMDExNThlNjRiMzRkMWMwNGY4ZDRkYjU4NTYxNTQ5OWI,,Spain Warehouse (Parts)
3030449,,,MIKUNI,MIKUN KIT TM33,MIKUNI TM Ø33mm Carburetor,438.02,362.00,235.30,,1,8409910090,0,1,,,VEHICLE PARTS & ACCESSORIES,ENGINE PARTS,ENG. INTAKE,2384,916,130,130,130,https://api.mybihr.com/medias/3030449-1-800Wx800H?context=bWFzdGVyfHJvb3R8NDQ3ODB8aW1hZ2UvanBlZ3xhRGMyTDJoaU9DODVNREUwT1RrMk9USTJORGswTHpNd016QTBORGt0TVY4NE1EQlhlRGd3TUVnfGRhZWI2NjA5YWVmZDZhOGExM2YxMjUwOTkxYWZmYzczYjBiNjUzYWQyZDAyMjY4MTZiNDQ1YjY1NTI0ZGJkMjk,,,,https://static.bihr.pro/eBihr/Pictures/MIKUNI-pictures.zip,,,Spain Warehouse (Parts)
3030457,,,MIKUNI,MIKUN KIT TM36,MIKUNI TM Ø36mm Carburetor,538.45,445.00,289.25,,1,8409910090,0,1,,,VEHICLE PARTS & ACCESSORIES,ENGINE PARTS,ENG. INTAKE,2384,1053,130,130,130,https://api.mybihr.com/medias/3030457-1-800Wx800H?context=bWFzdGVyfHJvb3R8NDQ3ODB8aW1hZ2UvanBlZ3xhRFZqTDJoaVlTODRPVGt4TWpBME9EWTRNVEkyTHpNd016QTBOVGN0TVY4NE1EQlhlRGd3TUVnfGJhMzVjZmEzZjM4ODMyNzhiODJkZDAxZjkxM2VmOGUxYWM5NmQzMTYxY2JmMTdiNTg4MWNmOTYwZGNiZDMxYzc,,,,https://static.bihr.pro/eBihr/Pictures/MIKUNI-pictures.zip,https://api.mybihr.com/medias/800612.pdf?context=bWFzdGVyfGRvY3VtZW50c3wyMjc1Nzh8YXBwbGljYXRpb24vcGRmfGFEYzJMMmhsT0M4NU1EUXpOalEzTWprNU5qRTBMemd3TURZeE1nfDBmMmY5M2QwNTZjMTZjMGY0ZGRjMTRmN2M0OTU1YTkzM2IzMTUyNmUzMTM0ZjJjZjUwMWI4OGU4YzIwMGNhNzA,,Spain Warehouse (Parts)
3030458,,,MIKUNI,MIKUN KIT TM28,MIKUNI TM Ø28mm Carburetor,318.23,263.00,170.95,,0,8409910090,0,1,,,VEHICLE PARTS & ACCESSORIES,ENGINE PARTS,ENG. INTAKE,1762,633,120,120,120,https://api.mybihr.com/medias/3030458-1-800Wx800H?context=bWFzdGVyfHJvb3R8NDQ3ODB8aW1hZ2UvanBlZ3xhREkzTDJobU55ODRPVGt4TWpBMU1EWTBOek0wTHpNd016QTBOVGd0TVY4NE1EQlhlRGd3TUVnfDM1YTg2NGMxM2EwMzg1N2NhNjU3OGJkNjVhMmRiMzE4Y2MyNDYxODY0ODVkYjZlOTBjOGZiYTQzMjJmZmJiYzY,,,,https://static.bihr.pro/eBihr/Pictures/MIKUNI-pictures.zip,https://api.mybihr.com/medias/800510.pdf?context=bWFzdGVyfGRvY3VtZW50c3wyMjM4NDl8YXBwbGljYXRpb24vcGRmfGFHRmhMMmhoWkM4NU1EUXpOakkxTlRBNE9EazBMemd3TURVeE1BfGE1NTk5OGM1MjdkMDk3MzlkMmVjNmVkYzIzNWUyYzEyZDg3YjZmYTVkMGQ5OTZiNWQ3ZTU4YWM5Zjk3NzVlNGY,,Spain Warehouse (Parts)
3030481,,,MIKUNI,MIKUN KIT IDLE SCREW,,8.47,7.00,4.55,,0,8409910090,0,1,,,VEHICLE PARTS & ACCESSORIES,ENGINE PARTS,ENG. INTAKE,4,25,20,20,20,https://api.mybihr.com/medias/3030481-1-800Wx800H?context=bWFzdGVyfHJvb3R8Nzc1Njh8aW1hZ2UvanBlZ3xhRFUwTDJoak1TODRPVGt4TWpBNU5UZzJOekU0THpNd016QTBPREV0TVY4NE1EQlhlRGd3TUVnfDlhZmRjMzA5N2U1MjgxYTVlZmMwMzFkZGNmNjVkZDRhZDczMjU2ODhmOWUwYTE5YWE1ZTEzMGM4MmMyNTJmZjg,,,,https://static.bihr.pro/eBihr/Pictures/MIKUNI-pictures.zip,,,Spain Warehouse (Parts)
3030491,,,MIKUNI,MIKUN KIT REPAIR KIT,MIKUNI Carburetor Repair Kit TM24,27.83,23.00,14.95,,1,8409910090,0,1,,,VEHICLE PARTS & ACCESSORIES,ENGINE PARTS,ENG. INTAKE,9,90,20,20,20,https://api.mybihr.com/medias/3030491-1-800Wx800H?context=bWFzdGVyfHJvb3R8MzY4MTl8aW1hZ2UvanBlZ3xhR0poTDJnek5DODRPVGt4TWpFeE1UVTVOVGd5THpNd016QTBPVEV0TVY4NE1EQlhlRGd3TUVnfDUzNjM0ZTU3YmE2NjlmNmNhODY1MDVhYzRhMzIxMTYyOWI4YTk4ZjFhNDdhMWE2ZjA0YjY4ZTM0ODdkYTY3ZmI,,,,https://static.bihr.pro/eBihr/Pictures/MIKUNI-pictures.zip,,,Spain Warehouse (Parts)
1010221,MKC67.5,N100604-0675,MIKUNI,"MIKUN JET MKC 67,5MM","Chiclé de alta Mikuni N100604-067,5",7.26,6.00,3.90,N100604-0675,0,8409910090,0,1,,,VEHICLE PARTS & ACCESSORIES,ENGINE PARTS,ENG. INTAKE,3,100,15,15,15,https://api.mybihr.com/medias/1010221-1-800Wx800H?context=bWFzdGVyfHJvb3R8MjM1OTV8aW1hZ2UvanBlZ3xhR1JqTDJnNVl5ODRPVEE0TmpZek1USTRNRGswTHpFd01UQXlNakV0TVY4NE1EQlhlRGd3TUVnfGIwYmQ3MmM1ZmVjM2VjY2IyMjQwNTE2NjFmNzYxM2MwYTZiYzFkYWVhMzkyZDcxNmVjOTgwZGFlYzk1MjMxNTU,,,,https://static.bihr.pro/eBihr/Pictures/MIKUNI-pictures.zip,,,Spain Warehouse (Parts)
1010723,DF52-82,DF52-82,MIKUNI,MIKUN SPAREPARTS FUEL PUMP,Bomba de gasolina Mikuni DF52-82 con supresor 1 salida 35L/hora,79.86,66.00,42.90,DF52-82,1,8409910090,0,1,"1 outlet, 35L/hour.","1 outlet, 35L/hour.",VEHICLE PARTS & ACCESSORIES,ENGINE PARTS,ENG. INTAKE,312,261,110,63,45,https://api.mybihr.com/medias/1010723-1-800Wx800H?context=bWFzdGVyfHJvb3R8MjUxODh8aW1hZ2UvanBlZ3xhRFk0TDJnNVlpODRPVFE1TVRBMU5USTBOelkyTHpFd01UQTNNak10TVY4NE1EQlhlRGd3TUVnfDk2ZGVkMjU3ZGQ4ODgzZDZiYjBhZDFiZjQ4OTZlODI2YmYxZmJmZWNlNjUxNThiOTYxM2JlYjE3MjJmODZkMDg,,,,https://static.bihr.pro/eBihr/Pictures/MIKUNI-pictures.zip,,,Spain Warehouse (Parts)
1010230,MKC90,N100604-090,MIKUNI,MIKUN JET MKC 90MM,Chiclé de alta Mikuni N100604-090,7.26,6.00,3.90,N100604-090,1,8409910090,0,1,,,VEHICLE PARTS & ACCESSORIES,ENGINE PARTS,ENG. INTAKE,4,5,16,16,16,https://api.mybihr.com/medias/1010230-1-800Wx800H?context=bWFzdGVyfHJvb3R8MjM1OTV8aW1hZ2UvanBlZ3xhR0V4TDJnNU5TODRPVEE0TlRVd01qQTVOVFkyTHpFd01UQXlNekF0TVY4NE1EQlhlRGd3TUVnfGFlZWJmZTQzZGQxNDVhMjg3MjhkNTQ1MjZjYTA2ZjcyZjRmOTBkNTA2MTg0ZjkzOTk4YWI0NzhmZWFjOTE3ZDU,,,,https://static.bihr.pro/eBihr/Pictures/MIKUNI-pictures.zip,,,Spain Warehouse (Parts)
1010854,821010,VM26/227,MIKUNI,MIKUN SPAREPARTS CARBURETOR O-RING,Junta tórica tornillod e cuba de carburador Mikuni TM28,2.42,2.00,1.30,VM26/227,0,8409910090,0,1,,,VEHICLE PARTS & ACCESSORIES,ENGINE PARTS,ENG. INTAKE,8,10,20,20,20,,,,,https://static.bihr.pro/eBihr/Pictures/MIKUNI-pictures.zip,,,Spain Warehouse (Parts)
1010355,MKD102.5,N102221-1025,MIKUNI,"MIKUN JET MKD 102,5MM","Chiclé de alta Mikuni N102221-102,5",4.84,4.00,2.60,N102221-1025,0,8409910090,0,1,,,VEHICLE PARTS & ACCESSORIES,ENGINE PARTS,ENG. INTAKE,4,5,20,20,10,https://api.mybihr.com/medias/1010355-1-800Wx800H?context=bWFzdGVyfHJvb3R8MjQ4ODd8aW1hZ2UvanBlZ3xhREk0TDJnMFlpODRPVEkyTnpBMU5UZ3lNVEV3THpFd01UQXpOVFV0TVY4NE1EQlhlRGd3TUVnfDExYTYxN2E4MjhkN2YzMzI5NTdlNjQ0NmYwYjg1MmMyZjNmOGJiMTI2Yzc5MzgzMjllMjFkMmE3ZDdlYWIxZDc,,,,https://static.bihr.pro/eBihr/Pictures/MIKUNI-pictures.zip,,,Spain Warehouse (Parts)
1010406,MKL50,N151067-50,MIKUNI,MIKUN JET MKL 50MM,Chiclé de baja Mikuni N151067-50,10.89,9.00,5.85,N151067-50,0,8409910090,0,1,,,VEHICLE PARTS & ACCESSORIES,ENGINE PARTS,ENG. INTAKE,8,2,20,20,20,https://api.mybihr.com/medias/1010406-1-800Wx800H?context=bWFzdGVyfHJvb3R8MjU2Mzd8aW1hZ2UvanBlZ3xhREkzTDJoaU5TODRPVFk0T0RjNU9EQXdNelV3THpFd01UQTBNRFl0TVY4NE1EQlhlRGd3TUVnfDI2MmZlZTJjMDgwYzc4MmRlNTc2M2UwMWQwMjA5NGFhMjI3MTkwYzgyNTg3MjFmODI5Y2YwYmFlOWY2OTFkZGM,,,,https://static.bihr.pro/eBihr/Pictures/MIKUNI-pictures.zip,,,Spain Warehouse (Parts)
1010451,MKT17.5,N224103-017.5,MIKUNI,"MIKUN JET MKT 17,5MM",Chiclé de baja Mikuni N224103-017.5,8.47,7.00,4.55,N224103-017.5,0,8409910090,0,1,,,VEHICLE PARTS & ACCESSORIES,ENGINE PARTS,ENG. INTAKE,4,5,16,16,16,https://api.mybihr.com/medias/1010451-1-800Wx800H?context=bWFzdGVyfHJvb3R8MjE1OTd8aW1hZ2UvanBlZ3xhR1l4TDJneFl5ODRPVE0wT0RJNU9EVXdOalUwTHpFd01UQTBOVEV0TVY4NE1EQlhlRGd3TUVnfDI4MjM0NDkyMzc4ODc1YTIwMzBlY2QzYjFjZjhjZjQzMjBlMzA3OTMzOWE0MTc1NTgwNWUyZTg0YzY0ZTA0ZWQ,,,,https://static.bihr.pro/eBihr/Pictures/MIKUNI-pictures.zip,,,Spain Warehouse (Parts)
1010453,MKT22.5,N224103-022.5,MIKUNI,"MIKUN JET MKT 22,5MM",Chiclé de baja Mikuni N224103-022.5,8.47,7.00,4.55,N224103-022.5,1,8409910090,0,1,,,VEHICLE PARTS & ACCESSORIES,ENGINE PARTS,ENG. INTAKE,4,5,16,16,16,https://api.mybihr.com/medias/1010453-1-800Wx800H?context=bWFzdGVyfHJvb3R8MjE1OTd8aW1hZ2UvanBlZ3xhRE5oTDJoaU1TODRPVEE0TmpZek56RTNPVEU0THpFd01UQTBOVE10TVY4NE1EQlhlRGd3TUVnfDgwODJlNDE3M2EyMDcxOGJkMjhlNDA2NWJlZjM4M2E5MGNlYzdjY2Q3NDE2MTMyZDMyZmMxYzY4YzJmN2ZjOTk,,,,https://static.bihr.pro/eBihr/Pictures/MIKUNI-pictures.zip,,,Spain Warehouse (Parts)
1010454,MKT25,N224103-025,MIKUNI,MIKUN JET MKT 25MM,Chiclé de baja Mikuni N224103-025,8.47,7.00,4.55,N224103-025,0,8409910090,0,1,,,VEHICLE PARTS & ACCESSORIES,ENGINE PARTS,ENG. INTAKE,2,100,11,11,15,https://api.mybihr.com/medias/1010454-1-800Wx800H?context=bWFzdGVyfHJvb3R8MjE1OTd8aW1hZ2UvanBlZ3xhREEyTDJnME1pODRPVEF4TXpnd09EazRPRFEyTHpFd01UQTBOVFF0TVY4NE1EQlhlRGd3TUVnfDE3OGNiZDA1MDhjOWJjYzAzZWQwNmQ4ZTU1MTU0NTE0ODMyMDA5YTIzODkzM2Y2MGJlNWM3NjViNWY1MWM0MTA,,,,https://static.bihr.pro/eBihr/Pictures/MIKUNI-pictures.zip,,,Spain Warehouse (Parts)
1010536,MKP20,VM22/210-020,MIKUNI,MIKUN JET MKP 20MM,Chiclé de baja Mikuni VM22/210-020,8.47,7.00,4.55,VM22/210-020,0,8409910090,0,1,,,VEHICLE PARTS & ACCESSORIES,ENGINE PARTS,ENG. INTAKE,2,5,20,10,10,https://api.mybihr.com/medias/1010536-1-800Wx800H?context=bWFzdGVyfHJvb3R8Mjg1MjZ8aW1hZ2UvanBlZ3xhRGswTDJnNU55ODRPVE00TlRreE5ESXdORFEyTHpFd01UQTFNell0TVY4NE1EQlhlRGd3TUVnfDAwNWJmZTIyYTcxN2EwMTc0NTliNDEwMjRiOGNlM2I0ZjQ5OGMyNjc4NmRjZGZlY2ZlMmJkNWE1NmRiMjI0OWI,,,,https://static.bihr.pro/eBihr/Pictures/MIKUNI-pictures.zip,,,Spain Warehouse (Parts)
1010539,MKP27.5,VM22/210-027.5,MIKUNI,"MIKUN JET MKP 27,5MM",Chiclé de baja Mikuni VM22/210-027.5,8.47,7.00,4.55,VM22/210-027.5,0,8409910090,0,1,,,VEHICLE PARTS & ACCESSORIES,ENGINE PARTS,ENG. INTAKE,4,2,16,16,16,https://api.mybihr.com/medias/1010539-1-800Wx800H?context=bWFzdGVyfHJvb3R8Mjg1MjZ8aW1hZ2UvanBlZ3xhRFJpTDJobE1TODRPVFk0T0RneU1UVTVOalEyTHpFd01UQTFNemt0TVY4NE1EQlhlRGd3TUVnfDBiMmE5N2JmNmM0ZTgwODIzNTY2NDRjN2ZkZDc3MDg5ZWZlZjQwN2RkZDg3YWI4ZTEwYTcwYjQwOGJkMjdhOWE,,,,https://static.bihr.pro/eBihr/Pictures/MIKUNI-pictures.zip,,,Spain Warehouse (Parts)
1010252,MKC145,N100604-145,MIKUNI,MIKUN JET MKC 145MM,Chiclé de alta Mikuni N100604-145,7.26,6.00,3.90,N100604-145,1,8409910090,0,1,,,VEHICLE PARTS & ACCESSORIES,ENGINE PARTS,ENG. INTAKE,4,5,16,16,16,https://api.mybihr.com/medias/1010252-1-800Wx800H?context=bWFzdGVyfHJvb3R8MjM1OTV8aW1hZ2UvanBlZ3xhR05tTDJnMk9TODRPVFk0T0RjeU9URTVNRGN3THpFd01UQXlOVEl0TVY4NE1EQlhlRGd3TUVnfDEzNzYxYjliNmU0NGE0OTg3YjZlZTg3NjNjODIzZWE5ZThiOTNkMjg1YTlhOTAzY2QxNTI0MjRjNDM2MjdkN2Y,,,,https://static.bihr.pro/eBihr/Pictures/MIKUNI-pictures.zip,,,Spain Warehouse (Parts)
1010259,MKC162.5,N100604-1625,MIKUNI,"MIKUN JET MKC 162,5MM","Chiclé de alta Mikuni N100604-162,5",7.26,6.00,3.90,N100604-1625,4,8409910090,0,1,,,VEHICLE PARTS & ACCESSORIES,ENGINE PARTS,ENG. INTAKE,4,5,16,16,16,https://api.mybihr.com/medias/1010259-1-800Wx800H?context=bWFzdGVyfHJvb3R8MjM1OTV8aW1hZ2UvanBlZ3xhR1ZrTDJnMVpTODRPVFExT0RJM09UTTRNek0wTHpFd01UQXlOVGt0TVY4NE1EQlhlRGd3TUVnfGQ3MGJmZThjZGU1NTdjOGZkYzJmM2Q1ZjA4N2M1ZWJiODgxNzg3M2I5YTIxZTE0Y2Y0M2FmMTBmMzljMjRmMDk,,,,https://static.bihr.pro/eBihr/Pictures/MIKUNI-pictures.zip,,,Spain Warehouse (Parts)
1010757,821052,TM29/14,MIKUNI,MIKUN SPAREPARTS GASKET,Junta carburador Mikuni RS 34 / 40 TM36-40,2.42,2.00,1.30,TM29/14,2,8409910090,0,1,,,VEHICLE PARTS & ACCESSORIES,ENGINE PARTS,ENG. INTAKE,2,5,20,10,10,https://api.mybihr.com/medias/800Wx800H-1010757-1.jpg?context=bWFzdGVyfHJvb3R8MzY2NTJ8aW1hZ2UvanBlZ3xhREZtTDJnMll5OHpNekV6TVRNek9UWTNOemN5Tmk4NE1EQlhlRGd3TUVoZk1UQXhNRGMxTnkweExtcHdad3wzN2ViMDM2OTU5NzY0NzI3OWI4N2Y3ZGM5ZjRmZmQ0ZjhhNjlmOTljYmMxYjE1NDA2NDU1ZjliN2Y0MGVmMWIz,,,,https://static.bihr.pro/eBihr/Pictures/MIKUNI-pictures.zip,,,Spain Warehouse (Parts)
1010270,MKC190,N100604-190,MIKUNI,MIKUN JET MKC 190MM,Chiclé de alta Mikuni N100604-190,7.26,6.00,3.90,N100604-190,3,8409910090,0,1,,,VEHICLE PARTS & ACCESSORIES,ENGINE PARTS,ENG. INTAKE,2,100,10,17,10,https://api.mybihr.com/medias/1010270-1-800Wx800H?context=bWFzdGVyfHJvb3R8MjM1OTV8aW1hZ2UvanBlZ3xhR1k1TDJoaU9DODRPVE00TWpZMk1qTXdPREUwTHpFd01UQXlOekF0TVY4NE1EQlhlRGd3TUVnfDU3OWQxYjZjYzZlZDczNWU2ZTA0MzAyMzYxMjM3NTIxZGM2NDJkMTNkNDcxMjFkOTJkY2JhZDA4MzRjODg4Mzc,,,,https://static.bihr.pro/eBihr/Pictures/MIKUNI-pictures.zip,,,Spain Warehouse (Parts)
1010272,MKC195,N100604-195,MIKUNI,MIKUN JET MKC 195MM,Chiclé de alta Mikuni N100604-195,7.26,6.00,3.90,N100604-195,4,8409910090,0,1,,,VEHICLE PARTS & ACCESSORIES,ENGINE PARTS,ENG. INTAKE,8,105,20,20,20,https://api.mybihr.com/medias/1010272-1-800Wx800H?context=bWFzdGVyfHJvb3R8MjM1OTV8aW1hZ2UvanBlZ3xhR0V5TDJneVpTODRPRGN6TURReU1qZ3dORGM0THpFd01UQXlOekl0TVY4NE1EQlhlRGd3TUVnfGE5MzgzY2Y0NDVkMThlNmE3YmNhMTJjMzRjZjFmMzQ5YzgyZDAzNjg1NDJjM2U3YTA0MmZkOWFhMzQ2ZTg4NDc,,,,https://static.bihr.pro/eBihr/Pictures/MIKUNI-pictures.zip,,,Spain Warehouse (Parts)
1010311,MKF120,N100606-120,MIKUNI,MIKUN JET MKF 120MM,Chiclé de alta Mikuni N100606-120,4.84,4.00,2.60,N100606-120,2,8409910090,0,1,,,VEHICLE PARTS & ACCESSORIES,ENGINE PARTS,ENG. INTAKE,8,5,20,20,20,https://api.mybihr.com/medias/1010311-1-800Wx800H?context=bWFzdGVyfHJvb3R8MzA1MTl8aW1hZ2UvanBlZ3xhR00yTDJneU9DODRPVFExT0RBMU16STROREUwTHpFd01UQXpNVEV0TVY4NE1EQlhlRGd3TUVnfDliYTA3ZWJhNzRlYzAwMDRmYjk5YzM1YTRmYTRlNzc5MmQzOGQ4ZjA1NzY4MDUwZGM4MTNlNDc4MDYzYmMwNzI,,,,https://static.bihr.pro/eBihr/Pictures/MIKUNI-pictures.zip,,,Spain Warehouse (Parts)
1010403,MKL42.5,N151067-42.5,MIKUNI,"MIKUN JET MKL 42,5MM",Chiclé de baja Mikuni N151067-42.5,10.89,9.00,5.85,N151067-42.5,1,8409910090,0,1,,,VEHICLE PARTS & ACCESSORIES,ENGINE PARTS,ENG. INTAKE,1,3,18,14,5,https://api.mybihr.com/medias/1010403-1-800Wx800H?context=bWFzdGVyfHJvb3R8MjU2Mzd8aW1hZ2UvanBlZ3xhRGMyTDJnM01TODRPVEE0TlRJMk9UYzNNRFUwTHpFd01UQTBNRE10TVY4NE1EQlhlRGd3TUVnfDkzOWUwNWUzMzk5NzQyZGU2ZDM1NDZlNDY1NTUxZGVkY2RmZmUzNGM1YTI1NmMyYTQzODQ5YjhiNjdmY2Q0Njc,,,,https://static.bihr.pro/eBihr/Pictures/MIKUNI-pictures.zip,,,Spain Warehouse (Parts)
1010417,MKH130,N208099-130,MIKUNI,MIKUN JET MKH 130MM,Chiclé de alta Mikuni N208099-130 (requiere junta 821068),9.68,8.00,5.20,N208099-130,0,8409910090,0,1,,,VEHICLE PARTS & ACCESSORIES,ENGINE PARTS,ENG. INTAKE,16,4,46,23,15,https://api.mybihr.com/medias/1010417-1-800Wx800H?context=bWFzdGVyfHJvb3R8MjgzNTd8aW1hZ2UvanBlZ3xhREZpTDJneVpTODRPVE01TURBeU5EWXlNak00THpFd01UQTBNVGN0TVY4NE1EQlhlRGd3TUVnfDk1MzMyMWE3ZmY4M2MyZDg3ZjI1OWQwNTFlMDg4OTE2NGJlMzFkZGQwYzE4MjI1NWNjYThmNzQ2MmQwYzUyZDk,,,,https://static.bihr.pro/eBihr/Pictures/MIKUNI-pictures.zip,,,Spain Warehouse (Parts)
1010419,MKH135,N208099-135,MIKUNI,MIKUN JET MKH 135MM,Chiclé de alta Mikuni N208099-135 (requiere junta 821068),9.68,8.00,5.20,N208099-135,3,8409910090,0,1,,,VEHICLE PARTS & ACCESSORIES,ENGINE PARTS,ENG. INTAKE,48,10,80,60,10,https://api.mybihr.com/medias/1010419-1-800Wx800H?context=bWFzdGVyfHJvb3R8MjgzNTd8aW1hZ2UvanBlZ3xhREJsTDJnd1lTODRPVE0wT0RZeE1UYzJPRFl5THpFd01UQTBNVGt0TVY4NE1EQlhlRGd3TUVnfGYwMGEwMjc0OGE5ZmQ0MzExNWUxMzE2ZmNlZTc3NzMxNDE3NDZkNTA4MjNmNDBjMjFmODQ3OTlkMjhlMTlmNDU,,,,https://static.bihr.pro/eBihr/Pictures/MIKUNI-pictures.zip,,,Spain Warehouse (Parts)
1010421,MKH140,N208099-140,MIKUNI,MIKUN JET MKH 140MM,Chiclé de alta Mikuni N208099-140 (requiere junta 821068),9.68,8.00,5.20,N208099-140,2,8409910090,0,1,,,VEHICLE PARTS & ACCESSORIES,ENGINE PARTS,ENG. INTAKE,4,10,20,20,10,https://api.mybihr.com/medias/1010421-1-800Wx800H?context=bWFzdGVyfHJvb3R8MjgzNTd8aW1hZ2UvanBlZ3xhRGxoTDJoa05DODRPVE00TWpVNE9USXpOVFV3THpFd01UQTBNakV0TVY4NE1EQlhlRGd3TUVnfDJhOWFmZTMzNDQyY2I2MzM3OTM0NDMzZmNjYTY0YmY5MzJmYjhiZmExNzYyZjY2Yzc4NDNmNGNkMzJiNTVhNTY,,,,https://static.bihr.pro/eBihr/Pictures/MIKUNI-pictures.zip,,,Spain Warehouse (Parts)
1009944,MKA75,4/042-75,MIKUNI,MIKUN JET MKA 75MM,Chiclé de alta Mikuni 4/042-75,8.47,7.00,4.55,4/042-75,0,8409910090,0,1,,,VEHICLE PARTS & ACCESSORIES,ENGINE PARTS,ENG. INTAKE,2,20,20,10,10,https://api.mybihr.com/medias/1009944-1-800Wx800H?context=bWFzdGVyfHJvb3R8MjY1ODd8aW1hZ2UvanBlZ3xhRFZoTDJoak9DODRPVEkwTVRZMk16ZzVOemt3THpFd01EazVORFF0TVY4NE1EQlhlRGd3TUVnfDRmZDA1Nzc2ZWYyNGNiODhmZjM1MDU1OTc0YThiNjhjOTE1ZThkY2Q5ODczYmVlM2Q5YTNhMmQzYTUxZTRjMTA,,,,https://static.bihr.pro/eBihr/Pictures/MIKUNI-pictures.zip,,,Spain Warehouse (Parts)
1009901,MKA240,4/042-240,MIKUNI,MIKUN JET MKA 240MM,Chiclé de alta Mikuni 4/042-240,8.47,7.00,4.55,4/042-240,3,8409910090,0,1,,,VEHICLE PARTS & ACCESSORIES,ENGINE PARTS,ENG. INTAKE,4,2,16,16,16,https://api.mybihr.com/medias/1009901-1-800Wx800H?context=bWFzdGVyfHJvb3R8MjY1ODd8aW1hZ2UvanBlZ3xhRFkxTDJoaE15ODRPVEkwTkRBME9UQTRNRFl5THpFd01EazVNREV0TVY4NE1EQlhlRGd3TUVnfDdiODZjZTE1M2FlOTRiMmM3YTQ0YWRmOTk3ZjljODRiMjc5MGZjZDJjMTk4YWViZTY3OGRmMWU3ZGZjYmQ3NWY,,,,https://static.bihr.pro/eBihr/Pictures/MIKUNI-pictures.zip,,,Spain Warehouse (Parts)
1010535,MKP17.5,VM22/210-017.5,MIKUNI,"MIKUN JET MKP 17,5MM",Chiclé de baja Mikuni VM22/210-017.5,8.47,7.00,4.55,VM22/210-017.5,0,8409910090,0,1,,,VEHICLE PARTS & ACCESSORIES,ENGINE PARTS,ENG. INTAKE,8,105,20,20,20,https://api.mybihr.com/medias/1010535-1-800Wx800H?context=bWFzdGVyfHJvb3R8Mjg1MjZ8aW1hZ2UvanBlZ3xhREEyTDJnek55ODRPVEkyTXpRM09UVXlNVFU0THpFd01UQTFNelV0TVY4NE1EQlhlRGd3TUVnfGIwNWU2ZTVjNWY4YjU1ZDVlMzJkNzdhOTYwMzZjZjk1YzlmOWQ4ZmE2OTIyOWNjNzhlMjcyYjY1Mzc3ODBiNmM,,,,https://static.bihr.pro/eBihr/Pictures/MIKUNI-pictures.zip,,,Spain Warehouse (Parts)
1010537,MKP22.5,VM22/210-022.5,MIKUNI,"MIKUN JET MKP 22,5MM",Chiclé de baja Mikuni VM22/210-022.5,8.47,7.00,4.55,VM22/210-022.5,1,8409910090,0,1,,,VEHICLE PARTS & ACCESSORIES,ENGINE PARTS,ENG. INTAKE,2,5,20,10,10,https://api.mybihr.com/medias/1010537-1-800Wx800H?context=bWFzdGVyfHJvb3R8Mjg1MjZ8aW1hZ2UvanBlZ3xhRGd6TDJnME1pODRPVEl6T0RjM056WTVNalEyTHpFd01UQTFNemN0TVY4NE1EQlhlRGd3TUVnfDJjYWYxZTEzOWUwZDNhZDBlMzI0YzgyZmI4MjBjZjk0NDg0NDQzOWNkMzY2YWU2N2U3NTFiYzIxZjY5Mjc3ZDA,,,,https://static.bihr.pro/eBihr/Pictures/MIKUNI-pictures.zip,,,Spain Warehouse (Parts)
1010540,MKP30,VM22/210-030,MIKUNI,MIKUN JET MKP 30MM,Chiclé de baja Mikuni VM22/210-030,8.47,7.00,4.55,VM22/210-030,1,8409910090,0,1,,,VEHICLE PARTS & ACCESSORIES,ENGINE PARTS,ENG. INTAKE,4,5,16,16,16,https://api.mybihr.com/medias/1010540-1-800Wx800H?context=bWFzdGVyfHJvb3R8MTIzODF8aW1hZ2UvanBlZ3xhRGRoTDJoa1lTODRPVFk0T0RneU16VTJNalUwTHpFd01UQTFOREF0TVY4NE1EQlhlRGd3TUVnfGJkODE5YWM0N2Q4Zjg4MGY5NDI3MWI0NjQ2YzM3YzY5OTZlOWZmNGExMDMyYTk5ODg3ZjIyZWU3NDVhMWI4YWY,,,,https://static.bihr.pro/eBihr/Pictures/MIKUNI-pictures.zip,,,Spain Warehouse (Parts)
1010519,MKZ30,VM17/1002-030,MIKUNI,MIKUN JET MKZ 30MM,Chiclé de baja Mikuni VM17/1002-030,8.47,7.00,4.55,VM17/1002-030,2,8409910090,0,1,,,VEHICLE PARTS & ACCESSORIES,ENGINE PARTS,ENG. INTAKE,5,500,15,15,20,https://api.mybihr.com/medias/1010519-1-800Wx800H?context=bWFzdGVyfHJvb3R8Mjg1Mzl8aW1hZ2UvanBlZ3xhR1kzTDJobFlTODRPVEkyT0RRMk16SXdOamN3THpFd01UQTFNVGt0TVY4NE1EQlhlRGd3TUVnfDk5MmZiMDQzMjQyYmZhMmIwOTQ5N2E4ZjY4ODFhZDc1MzIwNWMzMjYzNmE4ZTUwMjJiOWE4NzBkZGVmMTY4MmQ,,,,https://static.bihr.pro/eBihr/Pictures/MIKUNI-pictures.zip,,,Spain Warehouse (Parts)
1010561,MKU12.5,VM28/486-12.5,MIKUNI,"MIKUN JET MKU 12,5MM",Chiclé de baja Mikuni VM28/486-12.5,9.68,8.00,5.20,VM28/486-12.5,2,8409910090,0,1,,,VEHICLE PARTS & ACCESSORIES,ENGINE PARTS,ENG. INTAKE,8,100,20,20,20,https://api.mybihr.com/medias/1010561-1-800Wx800H?context=bWFzdGVyfHJvb3R8MjE0NTN8aW1hZ2UvanBlZ3xhR1UzTDJneU15ODRPVEl6T0RZNE56STFNamM0THpFd01UQTFOakV0TVY4NE1EQlhlRGd3TUVnfDQzZGQ2M2E2OWJhYmY4YmFiYWZjYWM5OGEzZWFmOTZlNGRkNmNjMDI3NzZmOTMzNjBjMmJjMTRlY2Q3MDQ4MDA,,,,https://static.bihr.pro/eBihr/Pictures/MIKUNI-pictures.zip,,,Spain Warehouse (Parts)
1010562,MKU15,VM28/486-15,MIKUNI,MIKUN JET MKU 15MM,Chiclé de baja Mikuni VM28/486-15,9.68,8.00,5.20,VM28/486-15,7,8409910090,0,1,,,VEHICLE PARTS & ACCESSORIES,ENGINE PARTS,ENG. INTAKE,12,105,30,20,20,https://api.mybihr.com/medias/1010562-1-800Wx800H?context=bWFzdGVyfHJvb3R8MjE0NTN8aW1hZ2UvanBlZ3xhRGsxTDJoa05DODRPVEE0TkRNMk5qWTRORFEyTHpFd01UQTFOakl0TVY4NE1EQlhlRGd3TUVnfDFhNzAwODc5YjEwMjhmOGI3NjNiZmMyMzQ4ODQ1ZmJhNmEwMzIzZmU5NzEwYmY5ZDU5ZTBjNWFlZjQxMjI1MTY,,,,https://static.bihr.pro/eBihr/Pictures/MIKUNI-pictures.zip,,,Spain Warehouse (Parts)
1010237,MKC107.5,N100604-1075,MIKUNI,"MIKUN JET MKC 107,5MM","Chiclé de alta Mikuni N100604-107,5",7.26,6.00,3.90,N100604-1075,1,8409910090,0,1,,,VEHICLE PARTS & ACCESSORIES,ENGINE PARTS,ENG. INTAKE,48,10,80,60,10,https://api.mybihr.com/medias/1010237-1-800Wx800H?context=bWFzdGVyfHJvb3R8MjM1OTV8aW1hZ2UvanBlZ3xhREk1TDJoaU1pODRPVE00TWpZMk1ETTBNakEyTHpFd01UQXlNemN0TVY4NE1EQlhlRGd3TUVnfDVhZTViYmUxMTY5NDIxZjMwNTBiMTVlM2Q2NDNhYjc3NmIxNDc1YjY5OTE3YmJkNmM0ZWY1NTY5ZGViNjcwNWQ,,,,https://static.bihr.pro/eBihr/Pictures/MIKUNI-pictures.zip,,,Spain Warehouse (Parts)
1010720,824078,DF44-210,MIKUNI,MIKUN SPAREPARTS FUEL PUMP,Bomba de gasolina Mikuni DF44-210 1 salida / 14L/hora,48.40,40.00,26.00,DF44-210,1,8409910090,0,1,"1 outlet, 14L/hour.","1 outlet, 14L/hour.",VEHICLE PARTS & ACCESSORIES,ENGINE PARTS,ENG. INTAKE,196,115,70,70,40,https://api.mybihr.com/medias/1010720-1-800Wx800H?context=bWFzdGVyfHJvb3R8Mzg3NjB8aW1hZ2UvanBlZ3xhRFl5TDJobU9DODRPRFUyT0RreU56TTFOVEU0THpFd01UQTNNakF0TVY4NE1EQlhlRGd3TUVnfDNiYjk3YTgyMTc4YjI3MWVhNmFkOTk5Y2NiYmIxZDJhZjAzYTU0YzU1OGZjODk1MjBiZTYzMWUzYzkxYzYyMDI,,,,https://static.bihr.pro/eBihr/Pictures/MIKUNI-pictures.zip,,,Spain Warehouse (Parts)
1010226,MKC80,N100604-080,MIKUNI,MIKUN JET MKC 80MM,Chiclé de alta Mikuni N100604-080,7.26,6.00,3.90,N100604-080,1,8409910090,0,1,,,VEHICLE PARTS & ACCESSORIES,ENGINE PARTS,ENG. INTAKE,8,5,20,20,20,https://api.mybihr.com/medias/1010226-1-800Wx800H?context=bWFzdGVyfHJvb3R8MjM1OTV8aW1hZ2UvanBlZ3xhREkxTDJnNE5TODRPVEkyT1RVeU9UUTNOelF5THpFd01UQXlNall0TVY4NE1EQlhlRGd3TUVnfGQ5YjgwYWM0MDc0NzZiN2FiM2RlYjEwZmQ3YmNkMGNiYjFmYWFhNWZkMDMxNzViYTI5ZTMzMGRlYzliZjQ1MDE,,,,https://static.bihr.pro/eBihr/Pictures/MIKUNI-pictures.zip,,,Spain Warehouse (Parts)
1010813,825003,VM15/172-2.0,MIKUNI,"MIKUN SPAREPARTS NEEDLE VALVE KIT 2,0",Válvula de aguja carburador Mikuni 2.0 VM18-20,27.83,23.00,14.95,VM15/172-2.0,1,8409910090,0,1,,,VEHICLE PARTS & ACCESSORIES,ENGINE PARTS,ENG. INTAKE,2,3,21,10,10,https://api.mybihr.com/medias/1010813-1-800Wx800H?context=bWFzdGVyfHJvb3R8MzE1Nzh8aW1hZ2UvanBlZ3xhR0V3TDJnME5TODRPVEkwTkRVek9EWXpORFUwTHpFd01UQTRNVE10TVY4NE1EQlhlRGd3TUVnfGMwYTgyMWVhMTQ1NjE2NjkzYzE2MTkyNzkyNGNjZGUwOWYxNzdiOGFlOGZhMDVjNDg3OTI0YWZiMTFkNzczODU,,,,https://static.bihr.pro/eBihr/Pictures/MIKUNI-pictures.zip,,,Spain Warehouse (Parts)
1010224,MKC75,N100604-075,MIKUNI,MIKUN JET MKC 75MM,Chiclé de alta Mikuni N100604-075,7.26,6.00,3.90,N100604-075,1,8409910090,0,1,,,VEHICLE PARTS & ACCESSORIES,ENGINE PARTS,ENG. INTAKE,4,5,16,16,16,https://api.mybihr.com/medias/1010224-1-800Wx800H?context=bWFzdGVyfHJvb3R8MjM1OTV8aW1hZ2UvanBlZ3xhREF3TDJneU1DODRPVEkwTkRNMk56VTROVFU0THpFd01UQXlNalF0TVY4NE1EQlhlRGd3TUVnfDNhYTdhOTk2ZWJjYzcyZWE1ZmQwZjBkZWQxOWNlMjM4OGI1ODk5OWZjYWQ0MDdlYTdkMDlmOWJhNzBhMjQ3NGM,,,,https://static.bihr.pro/eBihr/Pictures/MIKUNI-pictures.zip,,,Spain Warehouse (Parts)
1010563,MKU17.5,VM28/486-17.5,MIKUNI,"MIKUN JET MKU 17,5MM",Chiclé de baja Mikuni VM28/486-17.5,9.68,8.00,5.20,VM28/486-17.5,1,8409910090,0,1,,,VEHICLE PARTS & ACCESSORIES,ENGINE PARTS,ENG. INTAKE,2,100,10,15,10,https://api.mybihr.com/medias/1010563-1-800Wx800H?context=bWFzdGVyfHJvb3R8MjE0NTN8aW1hZ2UvanBlZ3xhRFF5TDJnM1lpODRPVFV5T0RBek5Ua3dNVGMwTHpFd01UQTFOak10TVY4NE1EQlhlRGd3TUVnfGQ4ZmUyOGQxNDRkZDgwODQ3ODI4NDgwY2IyMzI1ZTJlNjc0NWFkZmJiYzNiZjUyYzllNjEyOWJlNzk3ZTc2YWE,,,,https://static.bihr.pro/eBihr/Pictures/MIKUNI-pictures.zip,,,Spain Warehouse (Parts)
1009906,MKA290,4/042-290,MIKUNI,MIKUN JET MKA 290MM,Chiclé de alta Mikuni 4/042-290,8.47,7.00,4.55,4/042-290,0,8409910090,0,1,,,VEHICLE PARTS & ACCESSORIES,ENGINE PARTS,ENG. INTAKE,2,30,20,15,8,https://api.mybihr.com/medias/800Wx800H-1009906-1.jpg?context=bWFzdGVyfHJvb3R8ODI5MjZ8aW1hZ2UvanBlZ3xhREUwTDJoaE5pOHpNekV5T0RBNE1EY3pOakk0Tmk4NE1EQlhlRGd3TUVoZk1UQXdPVGt3TmkweExtcHdad3xkZWY3NWI4ZjdiZTIxMWU5N2FlM2U1NmQxMDA4MDRkZTVjOTJiMDk5Y2M0YzZkMTJkZjM1NDE3MTFjNjhjNzNh,,,,https://static.bihr.pro/eBihr/Pictures/MIKUNI-pictures.zip,,,Spain Warehouse (Parts)
1009907,MKA300,4/042-300,MIKUNI,MIKUN JET MKA 300MM,Chiclé de alta Mikuni 4/042-300,8.47,7.00,4.55,4/042-300,0,8409910090,0,1,,,VEHICLE PARTS & ACCESSORIES,ENGINE PARTS,ENG. INTAKE,4,5,20,20,10,https://api.mybihr.com/medias/1009907-1-800Wx800H?context=bWFzdGVyfHJvb3R8MjY1ODd8aW1hZ2UvanBlZ3xhR1E0TDJoall5ODRPVE0wT0RVeE5URXdNekF5THpFd01EazVNRGN0TVY4NE1EQlhlRGd3TUVnfDI2ZTA5Y2JkN2JhNDI5YjcwMzk4ZTRlZTA5YTU0ZGE2NDQ4MmEwZDM2NjA4YTI5YzIzYmYxNTJjMmNmZGYyNGI,,,,https://static.bihr.pro/eBihr/Pictures/MIKUNI-pictures.zip,,,Spain Warehouse (Parts)
1018122,,M-VM34-200K,MIKUNI,MIKUN SPAREPARTS INFLET FLANGE 30/36MM,Colector de admisión MIKUNI 30-36 MM,42.35,35.00,22.75,824035,0,8409910090,0,1,"<ul>
<li>Spacing (mm) : 60</li>
<li>Fitting (mm) : 40</li>
<li>Passages (mm) : 36</li>
<li>Total length (mm) : 25</li>
<li>&Oslash; carburetor : 30-34</li>
</ul>","
Spacing (mm) : 60
Fitting (mm) : 40
Passages (mm) : 36
Total length (mm) : 25
Ø carburetor : 30-34
",VEHICLE PARTS & ACCESSORIES,ENGINE PARTS,ENG. INTAKE,110,76,80,55,25,https://api.mybihr.com/medias/1018122-1-800Wx800H?context=bWFzdGVyfHJvb3R8MzIyMTd8aW1hZ2UvanBlZ3xhR015TDJoaE55ODRPVEkwTWpBMU16RTRNVGMwTHpFd01UZ3hNakl0TVY4NE1EQlhlRGd3TUVnfGUwZTQ0MDZkMjI0ZmY0MTRlM2Y4ZjFlNWM3YzJhY2Q2ZjdmOGJmNDc0NjlhNDIyOGY3ZTZjMWU1N2IyZjliYWY,,,,https://static.bihr.pro/eBihr/Pictures/MIKUNI-pictures.zip,,,Spain Warehouse (Parts)
1010542,MKP35,VM22/210-035,MIKUNI,MIKUN JET MKP 35MM,Chiclé de baja Mikuni VM22/210-035,8.47,7.00,4.55,VM22/210-035,0,8409910090,0,1,,,VEHICLE PARTS & ACCESSORIES,ENGINE PARTS,ENG. INTAKE,2,100,11,11,15,https://api.mybihr.com/medias/1010542-1-800Wx800H?context=bWFzdGVyfHJvb3R8Mjg1MjZ8aW1hZ2UvanBlZ3xhR1ZrTDJoall5ODRPVFk0T0RneU56UTVORGN3THpFd01UQTFOREl0TVY4NE1EQlhlRGd3TUVnfDgxZDg3M2UyNWU3YTIyYTgyMzMzZTdiZGY5MzVjNTZlMGExYjQxNjY2Nzg2ZTIzZGJjMDA2ODdkM2UzY2UzMGQ,,,,https://static.bihr.pro/eBihr/Pictures/MIKUNI-pictures.zip,,,Spain Warehouse (Parts)
1010222,MKC70,N100604-070,MIKUNI,MIKUN JET MKC 70MM,Chiclé de alta Mikuni N100604-070,7.26,6.00,3.90,N100604-070,1,8409910090,0,1,,,VEHICLE PARTS & ACCESSORIES,ENGINE PARTS,ENG. INTAKE,0,5,10,5,5,https://api.mybihr.com/medias/1010222-1-800Wx800H?context=bWFzdGVyfHJvb3R8MjM1OTV8aW1hZ2UvanBlZ3xhR0psTDJnek1DODRPVEkwTlRreE5UVTBOVGt3THpFd01UQXlNakl0TVY4NE1EQlhlRGd3TUVnfDdkNGNiMTRiN2E0ZWJkM2E5YmE3NWQ1Nzk0ZGE5ODNkOTE1NmY0OTE0OWM3YjVkYTA5YjEwMWEwNjRmNmQ4NWY,,,,https://static.bihr.pro/eBihr/Pictures/MIKUNI-pictures.zip,,,Spain Warehouse (Parts)
1010721,824079,DF52-176,MIKUNI,MIKUN SPAREPARTS FUEL PUMP,Bomba de gasolina Mikuni DF52-21 2 salida / 35L/hora,61.71,51.00,33.15,DF52-176,0,8409910090,0,1,"2 outlets, 35L/hour.","2 outlets, 35L/hour.",VEHICLE PARTS & ACCESSORIES,ENGINE PARTS,ENG. INTAKE,358,220,110,65,50,https://api.mybihr.com/medias/1010721-1-800Wx800H?context=bWFzdGVyfHJvb3R8NDgxNzJ8aW1hZ2UvanBlZ3xhRE5qTDJnNU5TODRPVFV6TXpNME16TXpORGN3THpFd01UQTNNakV0TVY4NE1EQlhlRGd3TUVnfDQ4Y2FjZGRhY2IyNzBhOWFhN2JmMDM5Y2YxNjE0NDIwMjc0YTAyZTg2ZmRmZmU3N2MxMWMyZWQ0N2E0Yzc4YmU,,,,https://static.bihr.pro/eBihr/Pictures/MIKUNI-pictures.zip,,,Spain Warehouse (Parts)
1010235,MKC102.5,N100604-102.5,MIKUNI,"MIKUN JET MKC 102,5MM",Chiclé de alta Mikuni N100604-102.5,7.26,6.00,3.90,N100604-102.5,1,8409910090,0,1,,,VEHICLE PARTS & ACCESSORIES,ENGINE PARTS,ENG. INTAKE,8,5,20,20,20,https://api.mybihr.com/medias/1010235-1-800Wx800H?context=bWFzdGVyfHJvb3R8MjM1NTB8aW1hZ2UvanBlZ3xhR0UwTDJnell5ODRPVEF3T1RnMk56TXlOVGMwTHpFd01UQXlNelV0TVY4NE1EQlhlRGd3TUVnfGY2YzY2MDZmMzY5Y2EwNmU2MjdkYzU3MDZjZjg5MTJiNTQ1ZmQ2MGY0ODkyMjkzN2Q4YTRhMDNmZGJhYjYyY2Y,,,,https://static.bihr.pro/eBihr/Pictures/MIKUNI-pictures.zip,,,Spain Warehouse (Parts)
1010148,MKB95,M10/14-095,MIKUNI,MIKUN JET MKB 95MM,Chiclé Mikuni M10/14-095,8.47,7.00,4.55,M10/14-095,5,8409910090,0,1,,,VEHICLE PARTS & ACCESSORIES,ENGINE PARTS,ENG. INTAKE,4,2,26,21,8,https://api.mybihr.com/medias/1010148-1-800Wx800H?context=bWFzdGVyfHJvb3R8MjU3MjZ8aW1hZ2UvanBlZ3xhRE5oTDJoaVl5ODRPRFUyTnpNek1EZzVPREl5THpFd01UQXhORGd0TVY4NE1EQlhlRGd3TUVnfDQxZjk0ZGM3NTlkZGYzOTYxYjc5NzdkNTc0M2NhNWYyNDdjZjQyYmQwMzdlYmYxZDdiNDMzNDk5MjgwMDRjZWU,,,,https://static.bihr.pro/eBihr/Pictures/MIKUNI-pictures.zip,,,Spain Warehouse (Parts)
1010694,821066,B34/52-0.8,MIKUNI,MIKUN SPAREPARTS NEEDLE BASE,Junta asiento de aguja de carburador Mikuni B34/52-0.8,2.42,2.00,1.30,B34/52-0.8,1,8409910090,0,1,,,VEHICLE PARTS & ACCESSORIES,ENGINE PARTS,ENG. INTAKE,0,557,2,2,1,https://api.mybihr.com/medias/800Wx800H-1010694-1.jpg?context=bWFzdGVyfHJvb3R8NDk1OTB8aW1hZ2UvanBlZ3xhRGxpTDJnMU1pOHpNekV6TVRNek5qVXpNVGs1T0M4NE1EQlhlRGd3TUVoZk1UQXhNRFk1TkMweExtcHdad3wzNmUxN2Q0YzZmZjlkY2ViZmRjNzAwODBjNjc2YjMwZWY1NjkzOTkzOTJiNDhmMmI3Zjg2OWRiODU4NThmZWZl,,,,https://static.bihr.pro/eBihr/Pictures/MIKUNI-pictures.zip,,,Spain Warehouse (Parts)
1010196,MKB105,M10/14-105,MIKUNI,MIKUN JET MKB 105MM,Chiclé Mikuni M10/14-105,8.47,7.00,4.55,M10/14-105,0,8409910090,0,1,,,VEHICLE PARTS & ACCESSORIES,ENGINE PARTS,ENG. INTAKE,4,20,20,20,10,https://api.mybihr.com/medias/1010196-1-800Wx800H?context=bWFzdGVyfHJvb3R8MjU3MjZ8aW1hZ2UvanBlZ3xhRGRtTDJnd05DODRPVE0wT0RFeE56WXlOekU0THpFd01UQXhPVFl0TVY4NE1EQlhlRGd3TUVnfDY2YjY1ZWU5ODViNWRkYTFlZTYyYTUyMWRlOTMzZjM5MzNlZjVlN2Q4MDcwNWVmZWZkMjI0MTQ0MDBjZWEwM2U,,,,https://static.bihr.pro/eBihr/Pictures/MIKUNI-pictures.zip,,,Spain Warehouse (Parts)
1010199,MKB120,M10/14-120,MIKUNI,MIKUN JET MKB 120MM,Chiclé Mikuni M10/14-120,8.47,7.00,4.55,M10/14-120,1,8409910090,0,1,,,VEHICLE PARTS & ACCESSORIES,ENGINE PARTS,ENG. INTAKE,4,5,20,20,10,https://api.mybihr.com/medias/1010199-1-800Wx800H?context=bWFzdGVyfHJvb3R8MjU3MjZ8aW1hZ2UvanBlZ3xhRE5oTDJnNFppODRPVEF4TkRrek5qZzJNekF5THpFd01UQXhPVGt0TVY4NE1EQlhlRGd3TUVnfDNlOWRmNzVlZDdhMzNiNjJiYTgzMDVhMzRiZWExMmQ0ZmQ2ZTdiMDBmNGMwYjVmNmRjYTEwNjkwMjkwMTMzN2Y,,,,https://static.bihr.pro/eBihr/Pictures/MIKUNI-pictures.zip,,,Spain Warehouse (Parts)
1010201,MKB130,M10/14-130,MIKUNI,MIKUN JET MKB 130MM,Chiclé Mikuni M10/14-130,8.47,7.00,4.55,M10/14-130,1,8409910090,0,1,,,VEHICLE PARTS & ACCESSORIES,ENGINE PARTS,ENG. INTAKE,3,100,15,15,15,https://api.mybihr.com/medias/1010201-1-800Wx800H?context=bWFzdGVyfHJvb3R8MjU3MjZ8aW1hZ2UvanBlZ3xhREUwTDJobFlpODRPRGN6TXpVNE1EQXdNVFU0THpFd01UQXlNREV0TVY4NE1EQlhlRGd3TUVnfDNlYjQ3YWIyMzI0NTliMzQxMWFjMmM0NmYyNTJjNzgwYzhmYjJjMzFkZGJiOTIwNmRlYjI3ZmNhOGZmZjhmOTk,,,,https://static.bihr.pro/eBihr/Pictures/MIKUNI-pictures.zip,,,Spain Warehouse (Parts)
1010051,MKB85,M10/14-085,MIKUNI,MIKUN JET MKB 85MM,Chiclé Mikuni M10/14-085,8.47,7.00,4.55,M10/14-085,3,8409910090,0,1,,,VEHICLE PARTS & ACCESSORIES,ENGINE PARTS,ENG. INTAKE,48,10,80,60,10,https://api.mybihr.com/medias/1010051-1-800Wx800H?context=bWFzdGVyfHJvb3R8MjU3MjZ8aW1hZ2UvanBlZ3xhR1F4TDJoa01TODRPVFE0T1RBMk5qZzROVFF5THpFd01UQXdOVEV0TVY4NE1EQlhlRGd3TUVnfDRjM2EwZjcyZWQ4ZTMyMWE0MjViYzZmMDBhMDExZGZkNDIwZmI4Y2IyYWMyYzRkOTdjY2JhNDNjYTgyNmExNDY,,,,https://static.bihr.pro/eBihr/Pictures/MIKUNI-pictures.zip,,,Spain Warehouse (Parts)
1010740,821022,N133037,MIKUNI,MIKUN SPAREPARTS CARBURETOR O-RING,Junta tórica Mikuni para RS34/40/TM32/38/TMR-TDMR HSR42-45/TMR42-45/TM36-40,2.42,2.00,1.30,N133037,2,8409910090,0,1,,,VEHICLE PARTS & ACCESSORIES,ENGINE PARTS,ENG. INTAKE,0,2,3,3,3,,,,,https://static.bihr.pro/eBihr/Pictures/MIKUNI-pictures.zip,,,Spain Warehouse (Parts)
1010243,MKC122.5,N100604-1225,MIKUNI,"MIKUN JET MKC 122,5MM","Chiclé de alta Mikuni N100604-122,5",7.26,6.00,3.90,N100604-1225,1,8409910090,0,1,,,VEHICLE PARTS & ACCESSORIES,ENGINE PARTS,ENG. INTAKE,8,5,20,20,20,https://api.mybihr.com/medias/1010243-1-800Wx800H?context=bWFzdGVyfHJvb3R8MjM1OTV8aW1hZ2UvanBlZ3xhRGs0TDJnd05pODRPVFk0T0RjeE56TTVOREl5THpFd01UQXlORE10TVY4NE1EQlhlRGd3TUVnfDgwOTA0NjNmZjVkNmEwM2JjYjVlNjk3NDhjOGY5YjBkOWM4Zjk1ZDA3ZTI0MjlhYWMzZmE0MjE0MDRiMjIxNzA,,,,https://static.bihr.pro/eBihr/Pictures/MIKUNI-pictures.zip,,,Spain Warehouse (Parts)
1010244,MKC125,N100604-125,MIKUNI,MIKUN JET MKC 125MM,Chiclé de alta Mikuni N100604-125,7.26,6.00,3.90,N100604-125,3,8409910090,0,1,,,VEHICLE PARTS & ACCESSORIES,ENGINE PARTS,ENG. INTAKE,2,100,20,10,10,https://api.mybihr.com/medias/1010244-1-800Wx800H?context=bWFzdGVyfHJvb3R8MjM1OTV8aW1hZ2UvanBlZ3xhRE00TDJnd01DODRPVFk0T0RjeE9UTTJNRE13THpFd01UQXlORFF0TVY4NE1EQlhlRGd3TUVnfGM4MTQwNzZmMmU1MjZlY2I0MDU1NTQ0NmY2MGY4MGI1NzUyZDIzZTUzZWQ1YThjN2E0OGU5YWM4ZTEyMDMxYTQ,,,,https://static.bihr.pro/eBihr/Pictures/MIKUNI-pictures.zip,,,Spain Warehouse (Parts)
1010744,822207,N138019,MIKUNI,MIKUN SPAREPARTS PIN,Pasador de sujeción campana acelerador de  carburador Mikuni,2.42,2.00,1.30,N138019,0,8409910090,0,1,,,VEHICLE PARTS & ACCESSORIES,ENGINE PARTS,ENG. INTAKE,0,2,20,2,2,https://api.mybihr.com/medias/800Wx800H-1010744-1.jpg?context=bWFzdGVyfHJvb3R8NDIwNDB8aW1hZ2UvanBlZ3xhRGcyTDJoa1l5OHpNekV6TVRNek9EUTVPREEzT0M4NE1EQlhlRGd3TUVoZk1UQXhNRGMwTkMweExtcHdad3xkYmFiNWZlY2RmYThhNDY1ZGEzNmI0OWNiNDVhMWQ0ZDk4ZDBjMjJlYjhjMGVjYmNkNzVmOTAyYjM4NmY2YTky,,,,https://static.bihr.pro/eBihr/Pictures/MIKUNI-pictures.zip,,,Spain Warehouse (Parts)
1010247,MKC132.5,N100604-1325,MIKUNI,"MIKUN JET MKC 132,5MM","Chiclé de alta Mikuni N100604-132,5",7.26,6.00,3.90,N100604-1325,1,8409910090,0,1,,,VEHICLE PARTS & ACCESSORIES,ENGINE PARTS,ENG. INTAKE,4,5,16,16,16,https://api.mybihr.com/medias/1010247-1-800Wx800H?context=bWFzdGVyfHJvb3R8MjM1OTV8aW1hZ2UvanBlZ3xhRGN4TDJnMU5TODRPVFk0T0RjeU16STVNalEyTHpFd01UQXlORGN0TVY4NE1EQlhlRGd3TUVnfGYyMjI5M2UwYWJlYzYzNzllM2Y0MjA5YmYyNzNlZDhlZTE0YjkyZDYxNDFiYzhkYWZlZmQ2YzJiNGI4NTEwMGQ,,,,https://static.bihr.pro/eBihr/Pictures/MIKUNI-pictures.zip,,,Spain Warehouse (Parts)
1010727,821017,KV/10,MIKUNI,MIKUN SPAREPARTS CARBURETOR O-RING,Junta pulverizador Mikuni RS 34 / 40/ TMR-TDMR TM32 / 38/ TM36-40,2.42,2.00,1.30,KV/10,5,8409910090,0,1,,,VEHICLE PARTS & ACCESSORIES,ENGINE PARTS,ENG. INTAKE,2,10,20,10,10,,,,,https://static.bihr.pro/eBihr/Pictures/MIKUNI-pictures.zip,,,Spain Warehouse (Parts)
1010806,822128,VM14/87,MIKUNI,MIKUN SPAREPARTS WASHER,Arandela de carburador Mikuni TM24-28,2.42,2.00,1.30,VM14/87,0,8409910090,0,1,,,VEHICLE PARTS & ACCESSORIES,ENGINE PARTS,ENG. INTAKE,2,15,20,10,10,https://api.mybihr.com/medias/1010806-1-800Wx800H?context=bWFzdGVyfHJvb3R8Nzc1Njh8aW1hZ2UvanBlZ3xhRGRqTDJneU1TODVNREV5TkRZd05ESXhNVFV3THpFd01UQTRNRFl0TVY4NE1EQlhlRGd3TUVnfGQ1NDFhMmU4MmRjMDUwMDFlZTc1MDk0NDkwYTQ1YjkyYTk1OWY1ZDdmN2UxYmZlMTYwMzBmNGIyZTQxNmViNzY,,,,https://static.bihr.pro/eBihr/Pictures/MIKUNI-pictures.zip,,,Spain Warehouse (Parts)
1010293,MKF70,N100606-070,MIKUNI,MIKUN JET MKF 70MM,Chiclé Mikuni N100606-070,4.84,4.00,2.60,N100606-070,1,8409910090,0,1,,,VEHICLE PARTS & ACCESSORIES,ENGINE PARTS,ENG. INTAKE,3,100,15,15,15,https://api.mybihr.com/medias/1010293-1-800Wx800H?context=bWFzdGVyfHJvb3R8MzA1MTl8aW1hZ2UvanBlZ3xhRFZpTDJobU9TODRPVFV5T1RVMk9ERXpNelF5THpFd01UQXlPVE10TVY4NE1EQlhlRGd3TUVnfGIwNmVjN2UyMWI3MTYxOTRmYjA1Njk5YmU5ZWEzNTAyZTBkNmE2OGFkOGVkNTRlYjI5NWIxNGQwNDgwNTEyMWY,,,,https://static.bihr.pro/eBihr/Pictures/MIKUNI-pictures.zip,,,Spain Warehouse (Parts)
1010794,821062,TMR40/07,MIKUNI,MIKUN SPAREPARTS CARBURETOR COVER GASKET,Junta de tapa de carburador Mikuni TMR/ TDMR,6.05,5.00,3.25,TMR40/07,1,8409910090,0,1,,,VEHICLE PARTS & ACCESSORIES,ENGINE PARTS,ENG. INTAKE,1,100,11,11,11,,,,,https://static.bihr.pro/eBihr/Pictures/MIKUNI-pictures.zip,,,Spain Warehouse (Parts)
1010295,MKF75,N100606-075,MIKUNI,MIKUN JET MKF 75MM,Chiclé Mikuni N100606-075,4.84,4.00,2.60,N100606-075,4,8409910090,0,1,,,VEHICLE PARTS & ACCESSORIES,ENGINE PARTS,ENG. INTAKE,9,3,35,32,8,https://api.mybihr.com/medias/1010295-1-800Wx800H?context=bWFzdGVyfHJvb3R8MzA1MTl8aW1hZ2UvanBlZ3xhRGczTDJoallpODRPVEF3T0RBME1URTJOVEV3THpFd01UQXlPVFV0TVY4NE1EQlhlRGd3TUVnfGYzZDlhMjY1MGQzNzM5YThhMTY5ODE5ZDE1YjliOGMwNWNhZTRlMmUzNGJjNmE3NDU3ZWM5ZDZmNTI5ZjJhODk,,,,https://static.bihr.pro/eBihr/Pictures/MIKUNI-pictures.zip,,,Spain Warehouse (Parts)
1010062,MKB90,M10/14-090,MIKUNI,MIKUN JET MKB 90MM,Chiclé Mikuni M10/14-090,8.47,7.00,4.55,M10/14-090,1,8409910090,0,1,,,VEHICLE PARTS & ACCESSORIES,ENGINE PARTS,ENG. INTAKE,48,10,80,60,10,https://api.mybihr.com/medias/1010062-1-800Wx800H?context=bWFzdGVyfHJvb3R8MjU3MjZ8aW1hZ2UvanBlZ3xhR1ptTDJnM05pODRPVFk0T0Rjd05UVTVOemMwTHpFd01UQXdOakl0TVY4NE1EQlhlRGd3TUVnfGNjNGZmYmZhZDhkN2QxZTM5M2ZhNzNlNmY2ODY1MDQ1ODEzMWRiOTdmNGJhYjUyNGY4OTAwYjUxZmZlYjFiYjA,,,,https://static.bihr.pro/eBihr/Pictures/MIKUNI-pictures.zip,,,Spain Warehouse (Parts)
1010693,822020,B30/247,MIKUNI,MIKUN SPAREPARTS CARBURETOR NUT,Tuerca Mikuni TM28 / 38 / VM 26 / 44 TMX 35/38 / TMS 38,2.42,2.00,1.30,B30/247,3,8409910090,0,1,,,VEHICLE PARTS & ACCESSORIES,ENGINE PARTS,ENG. INTAKE,4,100,16,16,16,https://api.mybihr.com/medias/800Wx800H-1010693-1.jpg?context=bWFzdGVyfHJvb3R8NTY4MzV8aW1hZ2UvanBlZ3xhR1poTDJnME5DOHpNekV6TVRNek5qRXpPRGM0TWk4NE1EQlhlRGd3TUVoZk1UQXhNRFk1TXkweExtcHdad3xlNTUwNjVlZWYwZjNjZGNkZTBiZTQ5ZmMwMzBlYWUzOTA1NmY0MjIyYmE5ZmExNzMxZTYxMmQ5OTY5YTcxYTdh,,,,https://static.bihr.pro/eBihr/Pictures/MIKUNI-pictures.zip,,,Spain Warehouse (Parts)
1010195,MKB100,M10/14-100,MIKUNI,MIKUN JET MKB 100MM,Chiclé Mikuni M10/14-100,8.47,7.00,4.55,M10/14-100,1,8409910090,0,1,,,VEHICLE PARTS & ACCESSORIES,ENGINE PARTS,ENG. INTAKE,4,2,20,20,10,https://api.mybihr.com/medias/1010195-1-800Wx800H?context=bWFzdGVyfHJvb3R8MjU2MzJ8aW1hZ2UvanBlZ3xhREptTDJnM01DODRPVFk0T0Rjd056VTJNemd5THpFd01UQXhPVFV0TVY4NE1EQlhlRGd3TUVnfGRiOWYwNjYzOWI2NjNjOGVhN2I5MGNjODRhMTMzYWFkNDJlOWNmNTBmYjc0NWVjMDRkZWFjNjQzOGYwOWFlZWU,,,,https://static.bihr.pro/eBihr/Pictures/MIKUNI-pictures.zip,,,Spain Warehouse (Parts)
1010696,821073,BN042/64,MIKUNI,MIKUN SPAREPARTS BOWL CAP GASKET,Junta tórica de tornillo de cuba de carburador Mikuni NEW-TMX36/38,2.42,2.00,1.30,BN042/64,1,8409910090,0,1,,,VEHICLE PARTS & ACCESSORIES,ENGINE PARTS,ENG. INTAKE,3,100,15,15,15,https://api.mybihr.com/medias/800Wx800H-1010696-1.jpg?context=bWFzdGVyfHJvb3R8Mzk4MDR8aW1hZ2UvanBlZ3xhRFl5TDJoaU5TOHpNekV6TVRNek56TXhPRFF6TUM4NE1EQlhlRGd3TUVoZk1UQXhNRFk1TmkweExtcHdad3wwODVmOTFhOTNlNmZiMTI3ZWJiNDdlM2RmMTA5MGQ4N2VkYWU5ZjI3N2I4MjY0NjI0OWFlNDI5YTVlNmY0ZjBl,,,,https://static.bihr.pro/eBihr/Pictures/MIKUNI-pictures.zip,,,Spain Warehouse (Parts)
1010197,MKB110,M10/14-110,MIKUNI,MIKUN JET MKB 110MM,Chiclé Mikuni M10/14-110,8.47,7.00,4.55,M10/14-110,1,8409910090,0,1,,,VEHICLE PARTS & ACCESSORIES,ENGINE PARTS,ENG. INTAKE,4,5,16,16,16,https://api.mybihr.com/medias/1010197-1-800Wx800H?context=bWFzdGVyfHJvb3R8MjU3MjZ8aW1hZ2UvanBlZ3xhR1F6TDJnMFlpODRPRFUyTnpNME1qWTVORGN3THpFd01UQXhPVGN0TVY4NE1EQlhlRGd3TUVnfDkzYjE2OTZlNTliMDNhZmIyMDNlMTkyODljOGU4ZWVmZGY0MWNjNWFlY2IyYmZmY2U4MzBlMGI4N2QyM2Q3YmQ,,,,https://static.bihr.pro/eBihr/Pictures/MIKUNI-pictures.zip,,,Spain Warehouse (Parts)
1010198,MKB115,M10/14-115,MIKUNI,MIKUN JET MKB 115MM,Chiclé Mikuni M10/14-115,8.47,7.00,4.55,M10/14-115,0,8409910090,0,1,,,VEHICLE PARTS & ACCESSORIES,ENGINE PARTS,ENG. INTAKE,4,5,16,16,16,https://api.mybihr.com/medias/1010198-1-800Wx800H?context=bWFzdGVyfHJvb3R8MjU3MjZ8aW1hZ2UvanBlZ3xhRE16TDJnelpTODRPRFUyTnpNME5qWXlOamcyTHpFd01UQXhPVGd0TVY4NE1EQlhlRGd3TUVnfGE3YmIyOWIwODMxYjZmODdkYWIzZjZkOTM5N2Y2NDgwNjdjZjM0Yjg3ZGJiZTg5ODgxN2YzNjdlZGI4MGEyNzk,,,,https://static.bihr.pro/eBihr/Pictures/MIKUNI-pictures.zip,,,Spain Warehouse (Parts)
1010200,MKB125,M10/14-125,MIKUNI,MIKUN JET MKB 125MM,Chiclé Mikuni M10/14-125,8.47,7.00,4.55,M10/14-125,4,8409910090,0,1,,,VEHICLE PARTS & ACCESSORIES,ENGINE PARTS,ENG. INTAKE,48,10,80,60,10,https://api.mybihr.com/medias/1010200-1-800Wx800H?context=bWFzdGVyfHJvb3R8MjU3MjZ8aW1hZ2UvanBlZ3xhRE15TDJnME5DODRPVEE0TlRneE1qY3pOak13THpFd01UQXlNREF0TVY4NE1EQlhlRGd3TUVnfDg0MzUyOTEyNzM1M2I3NTAwNGQxNDUzNWRhYzJmYmNmYjExMTM2ZTQ2OTA0YjJkZTM0N2ZkNzlmYjc5NTI2NTY,,,,https://static.bihr.pro/eBihr/Pictures/MIKUNI-pictures.zip,,,Spain Warehouse (Parts)
1010700,822166,BN38/344,MIKUNI,MIKUN SPAREPARTS SPRING,Muelle de carburador Mikuni SBN38-44-46,2.42,2.00,1.30,BN38/344,2,8409910090,0,1,,,VEHICLE PARTS & ACCESSORIES,ENGINE PARTS,ENG. INTAKE,48,10,80,60,10,https://api.mybihr.com/medias/1010700-1-800Wx800H?context=bWFzdGVyfHJvb3R8MzgyODJ8aW1hZ2UvanBlZ3xhREl6TDJoaU55ODRPVE0wT0RJeE1UazVPVEF5THpFd01UQTNNREF0TVY4NE1EQlhlRGd3TUVnfGM5ZWJiOWU4ZWMzMDk4YzYzYWQ5Njg2YjBhNmY4ZjA1OWMxOGJkZmY1OWUzNzRlOGFkYWQ3ZTU5NDNhNGFlMTc,,,,https://static.bihr.pro/eBihr/Pictures/MIKUNI-pictures.zip,,,Spain Warehouse (Parts)
1010202,MKB135,M10/14-135,MIKUNI,MIKUN JET MKB 135MM,Chiclé Mikuni M10/14-135,8.47,7.00,4.55,M10/14-135,4,8409910090,0,1,,,VEHICLE PARTS & ACCESSORIES,ENGINE PARTS,ENG. INTAKE,48,10,80,60,10,https://api.mybihr.com/medias/1010202-1-800Wx800H?context=bWFzdGVyfHJvb3R8MjU3MjZ8aW1hZ2UvanBlZ3xhR0ZpTDJneU5DODRPVEkwTkRZMU5EWXpNekkyTHpFd01UQXlNREl0TVY4NE1EQlhlRGd3TUVnfDZlNzIyNmQxOTI2YzcyYjA4ODllOGM5ZmU0Y2I2OGJmMzI5OTMwMmVjMTRkZDlhN2M4MDIzNmI0MWE4MmZkOTk,,,,https://static.bihr.pro/eBihr/Pictures/MIKUNI-pictures.zip,,,Spain Warehouse (Parts)
1010203,MKB140,M10/14-140,MIKUNI,MIKUN JET MKB 140MM,Chiclé Mikuni M10/14-140,8.47,7.00,4.55,M10/14-140,2,8409910090,0,1,,,VEHICLE PARTS & ACCESSORIES,ENGINE PARTS,ENG. INTAKE,4,5,16,16,16,https://api.mybihr.com/medias/1010203-1-800Wx800H?context=bWFzdGVyfHJvb3R8MjU3MjZ8aW1hZ2UvanBlZ3xhR1U0TDJnd1pTODRPVE00T1RZME5qUTNPVFkyTHpFd01UQXlNRE10TVY4NE1EQlhlRGd3TUVnfDBjYWQ1ZGU3NzQ3Zjc5ODM2ZjQyMGY2Zjk0OGNmYTcyMTcyMjA1YTgyN2ZhNTI2ZDE2OGMzYWNkOTYxZTQ1MmY,,,,https://static.bihr.pro/eBihr/Pictures/MIKUNI-pictures.zip,,,Spain Warehouse (Parts)
1010780,822211,TM40/25,MIKUNI,MIKUN SPAREPARTS LINKAGE,Muelle carburador Mikuni TM36-40,6.05,5.00,3.25,TM40/25,1,8409910090,0,1,,,VEHICLE PARTS & ACCESSORIES,ENGINE PARTS,ENG. INTAKE,48,10,80,60,10,https://api.mybihr.com/medias/1010780-1-800Wx800H?context=bWFzdGVyfHJvb3R8MzgyODJ8aW1hZ2UvanBlZ3xhREJqTDJoa015ODRPVEkwTVRRMU9UUXlOVFU0THpFd01UQTNPREF0TVY4NE1EQlhlRGd3TUVnfGQyZDM0YWNjZTY0MWE2OTRmZWNjZjAwZmY4ODMyNzBkZWNiZGMzNTk3NDYwZWIyODFhZjQ4MjM2YTJmMTk3Nzg,,,,https://static.bihr.pro/eBihr/Pictures/MIKUNI-pictures.zip,,,Spain Warehouse (Parts)
1010338,MKD60,N102221-060,MIKUNI,MIKUN JET MKD 60MM,Chiclé de alta Mikuni N102221-060,4.84,4.00,2.60,N102221-060,0,8409910090,0,1,,,VEHICLE PARTS & ACCESSORIES,ENGINE PARTS,ENG. INTAKE,4,5,16,16,16,https://api.mybihr.com/medias/1010338-1-800Wx800H?context=bWFzdGVyfHJvb3R8MjQ4ODd8aW1hZ2UvanBlZ3xhR00zTDJnd05DODRPVE0wT1RFNE16ZzVOemt3THpFd01UQXpNemd0TVY4NE1EQlhlRGd3TUVnfDU2MzA2NThiYjA0OGI4N2JmYzhmZDE0NzA2OWNkNTM5NThmY2U0YmVjZDJmYzk4YTE5YjY2ODU4NGQ5YzY2MzY,,,,https://static.bihr.pro/eBihr/Pictures/MIKUNI-pictures.zip,,,Spain Warehouse (Parts)
1010843,825043,VM24/557-2.0,MIKUNI,"MIKUN SPAREPARTS NEEDLE VALVE KIT 2,0",Válvula de aguja carburador Mikuni 2.0 TM24-28,32.67,27.00,17.55,VM24/557-2.0,1,8409910090,0,1,,,VEHICLE PARTS & ACCESSORIES,ENGINE PARTS,ENG. INTAKE,1,10,9,10,15,https://api.mybihr.com/medias/1010843-1-800Wx800H?context=bWFzdGVyfHJvb3R8Mzk2NzZ8aW1hZ2UvanBlZ3xhR0prTDJnMk15ODRPVFV6TURZME5ESXpORFUwTHpFd01UQTRORE10TVY4NE1EQlhlRGd3TUVnfGY3YzRlMzk0NGFiOGQ0NTU5ZTg1Yjg4ZTVhMzFhYjA0YzVhYjYwZjM5MWY4Mjk2YmExNWIzODU0YmRhMzYyODg,,,,https://static.bihr.pro/eBihr/Pictures/MIKUNI-pictures.zip,,,Spain Warehouse (Parts)
1010844,825012,VM24/557-2.5,MIKUNI,"MIKUN SPAREPARTS NEEDLE VALVE KIT 2,5",Válvula de aguja carburador Mikuni 2.5 TM24-28,32.67,27.00,17.55,VM24/557-2.5,1,8409910090,0,1,,,VEHICLE PARTS & ACCESSORIES,ENGINE PARTS,ENG. INTAKE,1,10,9,10,15,,,,,https://static.bihr.pro/eBihr/Pictures/MIKUNI-pictures.zip,,,Spain Warehouse (Parts)
1010344,MKD75,N102221-075,MIKUNI,MIKUN JET MKD 75MM,Chiclé de alta Mikuni N102221-075,4.84,4.00,2.60,N102221-075,7,8409910090,0,1,,,VEHICLE PARTS & ACCESSORIES,ENGINE PARTS,ENG. INTAKE,4,8,20,20,10,https://api.mybihr.com/medias/1010344-1-800Wx800H?context=bWFzdGVyfHJvb3R8MjQ4ODd8aW1hZ2UvanBlZ3xhRGhoTDJnM09DODRPVE0wT0RBeU16STFOVE0wTHpFd01UQXpORFF0TVY4NE1EQlhlRGd3TUVnfDE1NDM5NmJlNWZkYjJkZjMyNmIwNzE0ZTc5NDg2NGIwMTc2YzRmMzE1NWQ2NDU1NWQ3NjViMWZlMjg2YjVkOWM,,,,https://static.bihr.pro/eBihr/Pictures/MIKUNI-pictures.zip,,,Spain Warehouse (Parts)
1010850,822081,VM24/790,MIKUNI,MIKUN SPAREPARTS CABLE ATTACHMENT,Fijación de cable Mikuni TM24,4.84,4.00,2.60,VM24/790,1,8409910090,0,1,,,VEHICLE PARTS & ACCESSORIES,ENGINE PARTS,ENG. INTAKE,2,5,14,12,12,,,,,https://static.bihr.pro/eBihr/Pictures/MIKUNI-pictures.zip,,,Spain Warehouse (Parts)
1010738,822144,N110209,MIKUNI,MIKUN SPAREPARTS SPRING,Muele carburador Mikuni RS 34 / 40 TMX 35/38 / TMS 38,2.42,2.00,1.30,N110209,2,8409910090,0,1,,,VEHICLE PARTS & ACCESSORIES,ENGINE PARTS,ENG. INTAKE,2,2,20,10,10,https://api.mybihr.com/medias/1010738-1-800Wx800H?context=bWFzdGVyfHJvb3R8MzgyODJ8aW1hZ2UvanBlZ3xhRGd6TDJnek5DODRPVEF3T0RrNE5EZzRNelV3THpFd01UQTNNemd0TVY4NE1EQlhlRGd3TUVnfGJjMDliMDY1ZmNhMDFjMzMzNjY1NTY3YjM5YzdlMTk3MTkxYzk1YmI2OTcwMGJjYjdhY2M3YTAyOTJkOTgwY2E,,,,https://static.bihr.pro/eBihr/Pictures/MIKUNI-pictures.zip,,,Spain Warehouse (Parts)
1010242,MKC120,N100604-120,MIKUNI,MIKUN JET MKC 120MM,Chiclé de alta Mikuni N100604-120,7.26,6.00,3.90,N100604-120,2,8409910090,0,1,,,VEHICLE PARTS & ACCESSORIES,ENGINE PARTS,ENG. INTAKE,4,5,16,16,16,https://api.mybihr.com/medias/1010242-1-800Wx800H?context=bWFzdGVyfHJvb3R8MjM1OTV8aW1hZ2UvanBlZ3xhRE5qTDJnME1pODRPRFUyTnpVd056ZzBOVFF5THpFd01UQXlOREl0TVY4NE1EQlhlRGd3TUVnfDQzN2Y1YWQyOGQ3MDkyN2E4ZTBiODg2N2YwMjUzZjQ0YjMwYjMyYWE4YzFmNzA3ZGM1MjZmMmJmNzg1YWNhZjM,,,,https://static.bihr.pro/eBihr/Pictures/MIKUNI-pictures.zip,,,Spain Warehouse (Parts)
1010248,MKC135,N100604-135,MIKUNI,MIKUN JET MKC 135MM,Chiclé de alta Mikuni N100604-135,7.26,6.00,3.90,N100604-135,1,8409910090,0,1,,,VEHICLE PARTS & ACCESSORIES,ENGINE PARTS,ENG. INTAKE,2,5,27,15,4,https://api.mybihr.com/medias/1010248-1-800Wx800H?context=bWFzdGVyfHJvb3R8MjM1OTV8aW1hZ2UvanBlZ3xhRGs1TDJnM1lpODRPVE0wTnpVeU56UTNOVFV3THpFd01UQXlORGd0TVY4NE1EQlhlRGd3TUVnfGMyMWI0ODc4ODQwZjk1NmI3Y2VjMjEyNGQxM2ZiYzdiM2NkNzIxZTY0YTg2M2U3Y2Y5ZjE4NTRjOWU4ZmM2Y2U,,,,https://static.bihr.pro/eBihr/Pictures/MIKUNI-pictures.zip,,,Spain Warehouse (Parts)
1010254,MKC150,N100604-150,MIKUNI,MIKUN JET MKC 150MM,Chiclé de alta Mikuni N100604-150,7.26,6.00,3.90,N100604-150,4,8409910090,0,1,,,VEHICLE PARTS & ACCESSORIES,ENGINE PARTS,ENG. INTAKE,8,105,20,20,20,https://api.mybihr.com/medias/800Wx800H-1010254-1.jpg?context=bWFzdGVyfHJvb3R8NzkwMDR8aW1hZ2UvanBlZ3xhRFkwTDJnMk55OHpNekV6TVRFeU56UTNNakUxT0M4NE1EQlhlRGd3TUVoZk1UQXhNREkxTkMweExtcHdad3wxNGRhMTVjNWQ4N2E3MzE0NTM5YTg1YmFlODYzZjkyMTI5ZjM2OGY0MmFkM2UwNWIzYWUwMGFiMDRkY2UyZTMz,,,,https://static.bihr.pro/eBihr/Pictures/MIKUNI-pictures.zip,,,Spain Warehouse (Parts)
1010769,822221,TM36/64,MIKUNI,MIKUN SPAREPARTS PUMP ROD,Varilla de fuelle de bomba de recuperación Mikuni RS 34 / 40/ TM36-40,6.05,5.00,3.25,TM36/64,1,8409910090,0,1,,,VEHICLE PARTS & ACCESSORIES,ENGINE PARTS,ENG. INTAKE,48,10,80,60,10,https://api.mybihr.com/medias/800Wx800H-1010769-1.jpg?context=bWFzdGVyfHJvb3R8MzU2NDF8aW1hZ2UvanBlZ3xhREU1TDJobFlpOHpNekV6TVRNME1UWTBNemd3Tmk4NE1EQlhlRGd3TUVoZk1UQXhNRGMyT1MweExtcHdad3wyMzYxYzM3ZjNmNmNhNDc2N2MyOTU5YThiM2VhM2U1MzJiY2Q4MzcwOGFkNTFiMDhjYzAyNDZjMmI2ZjhkODE3,,,,https://static.bihr.pro/eBihr/Pictures/MIKUNI-pictures.zip,,,Spain Warehouse (Parts)
1010772,822152,TM38/44,MIKUNI,MIKUN SPAREPARTS BOWL PLUG,Tornillo de cuba de carburador Mikuni TMX 35/38 / TMS 38,7.26,6.00,3.90,TM38/44,1,8409910090,0,1,,,VEHICLE PARTS & ACCESSORIES,ENGINE PARTS,ENG. INTAKE,3,15,15,15,15,,,,,https://static.bihr.pro/eBihr/Pictures/MIKUNI-pictures.zip,,,Spain Warehouse (Parts)
1010858,825004,VM26/26-1.2,MIKUNI,"MIKUN SPAREPARTS NEEDLE VALVE KIT 1,2",Válvula de aguja carburador Mikuni 1.2 VM26 BN34-38-44,30.25,25.00,16.25,VM26/26-1.2,0,8409910090,0,1,,,VEHICLE PARTS & ACCESSORIES,ENGINE PARTS,ENG. INTAKE,1,10,9,10,15,,,,,https://static.bihr.pro/eBihr/Pictures/MIKUNI-pictures.zip,,,Spain Warehouse (Parts)
1010257,MKC157.5,N100604-1575,MIKUNI,"MIKUN JET MKC 157,5MM","Chiclé de alta Mikuni N100604-157,5",7.26,6.00,3.90,N100604-1575,5,8409910090,0,1,,,VEHICLE PARTS & ACCESSORIES,ENGINE PARTS,ENG. INTAKE,2,5,20,10,10,https://api.mybihr.com/medias/1010257-1-800Wx800H?context=bWFzdGVyfHJvb3R8MjM1OTV8aW1hZ2UvanBlZ3xhR0U0TDJoall5ODRPVFk0T0Rjek56QTFOVEF5THpFd01UQXlOVGN0TVY4NE1EQlhlRGd3TUVnfGQ3OWExMmY5ZGI2OTIzMzJkNGNlNDI0MWM3Y2Y3YmE2ZjQ4MjMxZGFmNjY3OTNjZjUxNmFjMzYxOGZmOWY0MTc,,,,https://static.bihr.pro/eBihr/Pictures/MIKUNI-pictures.zip,,,Spain Warehouse (Parts)
1010260,MKC165,N100604-165,MIKUNI,MIKUN JET MKC 165MM,Chiclé de alta Mikuni N100604-165,7.26,6.00,3.90,N100604-165,0,8409910090,0,1,,,VEHICLE PARTS & ACCESSORIES,ENGINE PARTS,ENG. INTAKE,2,5,27,15,4,https://api.mybihr.com/medias/1010260-1-800Wx800H?context=bWFzdGVyfHJvb3R8MTE1MDR8aW1hZ2UvanBlZ3xhRFpsTDJobE1DODRPVFk0T0RjME1EazROekU0THpFd01UQXlOakF0TVY4NE1EQlhlRGd3TUVnfGFkMDZhZjU4NDk3MzA0NWZmYjFlMGE5NjE5ZTY2MGEyNGNhYWU3MTU3YzhlYmVkYWI4MDI1NDA0MDI0OGZlNjM,,,,https://static.bihr.pro/eBihr/Pictures/MIKUNI-pictures.zip,,,Spain Warehouse (Parts)
1010266,MKC180,N100604-180,MIKUNI,MIKUN JET MKC 180MM,Chiclé de alta Mikuni N100604-180,7.26,6.00,3.90,N100604-180,1,8409910090,0,1,,,VEHICLE PARTS & ACCESSORIES,ENGINE PARTS,ENG. INTAKE,8,100,20,20,20,https://api.mybihr.com/medias/1010266-1-800Wx800H?context=bWFzdGVyfHJvb3R8MjM1OTV8aW1hZ2UvanBlZ3xhRE5tTDJoak5TODRPVFk0T0RjME9EZzFNVFV3THpFd01UQXlOall0TVY4NE1EQlhlRGd3TUVnfDgzNzJlYjBkMDYyYzdlYWYxNjVmZmU0NWYxMjcxZGI4M2ZhMzY4ZDZmMjUyNzE2OTI3MWY4OWRlOGVmYWY0N2I,,,,https://static.bihr.pro/eBihr/Pictures/MIKUNI-pictures.zip,,,Spain Warehouse (Parts)
1010268,MKC185,N100604-185,MIKUNI,MIKUN JET MKC 185MM,Chiclé de alta Mikuni N100604-185,7.26,6.00,3.90,N100604-185,2,8409910090,0,1,,,VEHICLE PARTS & ACCESSORIES,ENGINE PARTS,ENG. INTAKE,2,100,10,17,10,https://api.mybihr.com/medias/1010268-1-800Wx800H?context=bWFzdGVyfHJvb3R8MjM1OTV8aW1hZ2UvanBlZ3xhR00wTDJnM05pODRPVFk0T0RjMU1EZ3hOelU0THpFd01UQXlOamd0TVY4NE1EQlhlRGd3TUVnfDI5ODc4N2RmYWJlN2YzMjk1NTVlODBhYzVkZTUwYTg5MGM0ODYyYzU5N2YzMTI2YzRhNDM1NWY0YTY2OWI1MDA,,,,https://static.bihr.pro/eBihr/Pictures/MIKUNI-pictures.zip,,,Spain Warehouse (Parts)
1010374,MKD150,N102221-150,MIKUNI,MIKUN JET MKD 150MM,Chiclé de alta Mikuni N102221-150,4.84,4.00,2.60,N102221-150,1,8409910090,0,1,,,VEHICLE PARTS & ACCESSORIES,ENGINE PARTS,ENG. INTAKE,4,2,20,20,10,https://api.mybihr.com/medias/1010374-1-800Wx800H?context=bWFzdGVyfHJvb3R8MjQ4ODd8aW1hZ2UvanBlZ3xhREV5TDJnek9DODRPVEkwTkRVek5EY3dNak00THpFd01UQXpOelF0TVY4NE1EQlhlRGd3TUVnfDU5NGU5MzkzZWQ4NDAzYWRiMWRkYjQ1Mjg5ZDQ2ZDQ5MzlhN2UxYTA5NDRkYjNhYzA2ZDYzZmI4ZGYwNjVjM2Y,,,,https://static.bihr.pro/eBihr/Pictures/MIKUNI-pictures.zip,,,Spain Warehouse (Parts)
1010855,821007,VM26/228,MIKUNI,MIKUN SPAREPARTS BOWL GASKET,Junta de cuba carburador Mikuni TM28,7.26,6.00,3.90,VM26/228,3,8409910090,0,1,,,VEHICLE PARTS & ACCESSORIES,ENGINE PARTS,ENG. INTAKE,12,5,75,55,3,,,,,https://static.bihr.pro/eBihr/Pictures/MIKUNI-pictures.zip,,,Spain Warehouse (Parts)
1010315,MKF130,N100606-130,MIKUNI,MIKUN JET MKF 130MM,Chiclé Mikuni N100606-130,4.84,4.00,2.60,N100606-130,3,8409910090,0,1,,,VEHICLE PARTS & ACCESSORIES,ENGINE PARTS,ENG. INTAKE,4,5,16,16,16,https://api.mybihr.com/medias/1010315-1-800Wx800H?context=bWFzdGVyfHJvb3R8MzA1MTl8aW1hZ2UvanBlZ3xhR0UyTDJneU5TODRPVEF4TWpJNU1URTNORGN3THpFd01UQXpNVFV0TVY4NE1EQlhlRGd3TUVnfGM3YjliYTc4MGQ1YjUzMGRjZThkYzUzNWNjMTg1Yjk1OWQzNjBhNDViOWUxZWIzODI2MWNjYmZlZTA2YjFkZTA,,,,https://static.bihr.pro/eBihr/Pictures/MIKUNI-pictures.zip,,,Spain Warehouse (Parts)
1010817,821028,VM16/396,MIKUNI,MIKUN SPAREPARTS BOWL GASKET,Junta de cuba carburador Mikuni VM 16,4.84,4.00,2.60,VM16/396,2,8409910090,0,1,,,VEHICLE PARTS & ACCESSORIES,ENGINE PARTS,ENG. INTAKE,48,10,60,80,10,,,,,https://static.bihr.pro/eBihr/Pictures/MIKUNI-pictures.zip,,,Spain Warehouse (Parts)
1010318,MKF140,N100606-140,MIKUNI,MIKUN JET MKF 140MM,Chiclé Mikuni N100606-140,4.84,4.00,2.60,N100606-140,1,8409910090,0,1,,,VEHICLE PARTS & ACCESSORIES,ENGINE PARTS,ENG. INTAKE,48,10,80,60,10,https://api.mybihr.com/medias/1010318-1-800Wx800H?context=bWFzdGVyfHJvb3R8MzA1MTl8aW1hZ2UvanBlZ3xhR0U0TDJnM1pTODRPRGN6TnpNeU5EY3lPRFl5THpFd01UQXpNVGd0TVY4NE1EQlhlRGd3TUVnfDlkZGRmZmMyNWQ0OGI4OWViMmRhYzE5YmJmZDVjOWMyOWNjNDdjZGZkYzliZTMwZWNlYWYxMjkzMjEwZTE5MWY,,,,https://static.bihr.pro/eBihr/Pictures/MIKUNI-pictures.zip,,,Spain Warehouse (Parts)
1010821,821061,VM17/161,MIKUNI,MIKUN SPAREPARTS BOWL GASKET,Junta de cuba carburador Mikuni VM18-144,4.84,4.00,2.60,VM17/161,1,8409910090,0,1,,,VEHICLE PARTS & ACCESSORIES,ENGINE PARTS,ENG. INTAKE,2,100,20,10,10,,,,,https://static.bihr.pro/eBihr/Pictures/MIKUNI-pictures.zip,,,Spain Warehouse (Parts)
1010326,MKD30,N102221-030,MIKUNI,MIKUN JET MKD 30MM,Chiclé de alta Mikuni N102221-030,4.84,4.00,2.60,N102221-030,4,8409910090,0,1,,,VEHICLE PARTS & ACCESSORIES,ENGINE PARTS,ENG. INTAKE,2,5,20,10,10,https://api.mybihr.com/medias/1010326-1-800Wx800H?context=bWFzdGVyfHJvb3R8MjQ4ODd8aW1hZ2UvanBlZ3xhRFZoTDJnd1ppODRPRGN6TlRZNE1UQTROVGMwTHpFd01UQXpNall0TVY4NE1EQlhlRGd3TUVnfDIwNDM1MTQ4Y2I3OTQ1YzNhZTBlYTM1YjQ3NjVkNjY3MmI1YjQyYjJlNWUyNTU5NGMwMWY2NDM2ZjA2ZjE4NmY,,,,https://static.bihr.pro/eBihr/Pictures/MIKUNI-pictures.zip,,,Spain Warehouse (Parts)
1010830,821006,VM20/492,MIKUNI,MIKUN SPAREPARTS BOWL GASKET,Junta de cuba carburador Mikuni TM24,6.05,5.00,3.25,VM20/492,1,8409910090,0,1,,,VEHICLE PARTS & ACCESSORIES,ENGINE PARTS,ENG. INTAKE,48,10,60,80,10,,,,,https://static.bihr.pro/eBihr/Pictures/MIKUNI-pictures.zip,,,Spain Warehouse (Parts)
1010330,MKD40,N102221-040,MIKUNI,MIKUN JET MKD 40MM,Chiclé de alta Mikuni N102221-040,4.84,4.00,2.60,N102221-040,4,8409910090,0,1,,,VEHICLE PARTS & ACCESSORIES,ENGINE PARTS,ENG. INTAKE,5,10,32,31,5,https://api.mybihr.com/medias/1010330-1-800Wx800H?context=bWFzdGVyfHJvb3R8MjQ4ODd8aW1hZ2UvanBlZ3xhR05pTDJobU1TODRPVFV6TXpReE9ETTNNelF5THpFd01UQXpNekF0TVY4NE1EQlhlRGd3TUVnfGVlMjExN2IzYzJiZDcyYWNhNDgzMjU1NzJhYjA3NjBiNTJmYjIyNWQ4YzdkZDNmMzQ2N2FlMDgyYzM3ZDQwYTM,,,,https://static.bihr.pro/eBihr/Pictures/MIKUNI-pictures.zip,,,Spain Warehouse (Parts)
1010831,822015,VM20/584,MIKUNI,MIKUN SPAREPARTS MIXTURE SCREW,Tornillo de ralentí Mikuni HSR42/45 / TMR42/45 TM24-28/ VM16,4.84,4.00,2.60,VM20/584,0,8409910090,0,1,,,VEHICLE PARTS & ACCESSORIES,ENGINE PARTS,ENG. INTAKE,8,200,20,20,20,https://api.mybihr.com/medias/1010831-1-800Wx800H?context=bWFzdGVyfHJvb3R8NzkzMDR8aW1hZ2UvanBlZ3xhRE5rTDJnd1ppODRPVFV5T0RNeE16RXhPVEF5THpFd01UQTRNekV0TVY4NE1EQlhlRGd3TUVnfDI4Y2NkY2Y5MmM3MmI4YjA3YWYzZTlhMzg2OWI5MWNmOTEzMDZjMzYyOTNkNGYzYjMzMDVhOWNhNTZiOGJlODg,,,,https://static.bihr.pro/eBihr/Pictures/MIKUNI-pictures.zip,,,Spain Warehouse (Parts)
1010399,MKL32.5,N151067-32.5,MIKUNI,"MIKUN JET MKL 32,5MM",Chiclé de baja Mikuni N151067-32.5,10.89,9.00,5.85,N151067-32.5,0,8409910090,0,1,,,VEHICLE PARTS & ACCESSORIES,ENGINE PARTS,ENG. INTAKE,48,10,80,60,10,https://api.mybihr.com/medias/1010399-1-800Wx800H?context=bWFzdGVyfHJvb3R8MjU2Mzd8aW1hZ2UvanBlZ3xhR016TDJnME9DODRPVE00TnpZME5EWTRNalUwTHpFd01UQXpPVGt0TVY4NE1EQlhlRGd3TUVnfDIwMGVmNTc0Y2EyMzBlZDFmZTkyNTAyOGI4NGMwODdmZjdkNmFiMjFlZDQ2NzQwYmRmNjk5Y2I5M2I0N2VhYjg,,,,https://static.bihr.pro/eBihr/Pictures/MIKUNI-pictures.zip,,,Spain Warehouse (Parts)
1010400,MKL35,N151067-35,MIKUNI,MIKUN JET MKL 35MM,Chiclé de baja Mikuni N151067-35,10.89,9.00,5.85,N151067-35,0,8409910090,0,1,,,VEHICLE PARTS & ACCESSORIES,ENGINE PARTS,ENG. INTAKE,8,105,20,20,20,https://api.mybihr.com/medias/1010400-1-800Wx800H?context=bWFzdGVyfHJvb3R8MjU2Mzd8aW1hZ2UvanBlZ3xhR1l6TDJneVlpODRPVEF3T0RrM056QXhPVEU0THpFd01UQTBNREF0TVY4NE1EQlhlRGd3TUVnfDVmZDlmYWZhNmQ0ZmQyOWM1ZDM1YWRmYTNlMThiN2M1YmZlY2MzNmZhNjE0N2RmZGZhYWZjYTU4N2I3YmEzZmY,,,,https://static.bihr.pro/eBihr/Pictures/MIKUNI-pictures.zip,,,Spain Warehouse (Parts)
1010401,MKL37.5,N151067-37.5,MIKUNI,"MIKUN JET MKL 37,5MM",Chiclé de baja Mikuni N151067-37.5,10.89,9.00,5.85,N151067-37.5,0,8409910090,0,1,,,VEHICLE PARTS & ACCESSORIES,ENGINE PARTS,ENG. INTAKE,8,5,20,20,20,https://api.mybihr.com/medias/1010401-1-800Wx800H?context=bWFzdGVyfHJvb3R8MjU2Mzd8aW1hZ2UvanBlZ3xhRFZsTDJnek5TODRPVFE1TURNek1UY3pNREl5THpFd01UQTBNREV0TVY4NE1EQlhlRGd3TUVnfDE3NTMxMzU0N2ExMTlmYjdkNWRiNDY1YTVmMTRhZWZkNTllNTdmYjc5ZTlmZjhkNmQzNjJhODdhOTk1NzAyOTU,,,,https://static.bihr.pro/eBihr/Pictures/MIKUNI-pictures.zip,,,Spain Warehouse (Parts)
1010402,MKL40,N151067-40,MIKUNI,MIKUN JET MKL 40MM,Chiclé de baja Mikuni N151067-40,10.89,9.00,5.85,N151067-40,0,8409910090,0,1,,,VEHICLE PARTS & ACCESSORIES,ENGINE PARTS,ENG. INTAKE,8,105,20,20,20,https://api.mybihr.com/medias/1010402-1-800Wx800H?context=bWFzdGVyfHJvb3R8OTgyNXxpbWFnZS9qcGVnfGFHTTRMMmhqWkM4NE9UUTFOall5TmpnNU16RXdMekV3TVRBME1ESXRNVjg0TURCWGVEZ3dNRWd8OGU0MWFiZTIzYWI4YzU1OWVlOWUyNzEyMDJkZTlmZGZmYzFmZWMzY2MxZDNhNDE5MDZmOGUzNDAxYWFhZDQ3Yg,,,,https://static.bihr.pro/eBihr/Pictures/MIKUNI-pictures.zip,,,Spain Warehouse (Parts)
1010404,MKL45,N151067-45,MIKUNI,MIKUN JET MKL 45MM,Chiclé de baja Mikuni N151067-45,10.89,9.00,5.85,N151067-45,1,8409910090,0,1,,,VEHICLE PARTS & ACCESSORIES,ENGINE PARTS,ENG. INTAKE,2,5,20,10,10,https://api.mybihr.com/medias/1010404-1-800Wx800H?context=bWFzdGVyfHJvb3R8MjU2Mzd8aW1hZ2UvanBlZ3xhR000TDJoak1pODRPVFk0T0RjNU5EQTNNVE0wTHpFd01UQTBNRFF0TVY4NE1EQlhlRGd3TUVnfDY4MWQxODNjNmMwMzhkZjk5ODYyOTc5MWJlMjRiODJlMTFiNjY1ODU1MzhhY2JhOTFmZGY5ZGU5ZmJlYTRjMzc,,,,https://static.bihr.pro/eBihr/Pictures/MIKUNI-pictures.zip,,,Spain Warehouse (Parts)
1010405,MKL47.5,N151067-47.5,MIKUNI,"MIKUN JET MKL 47,5MM",Chiclé de baja Mikuni N151067-47.5,10.89,9.00,5.85,N151067-47.5,3,8409910090,0,1,,,VEHICLE PARTS & ACCESSORIES,ENGINE PARTS,ENG. INTAKE,3,5,17,20,10,https://api.mybihr.com/medias/1010405-1-800Wx800H?context=bWFzdGVyfHJvb3R8MjU2Mzd8aW1hZ2UvanBlZ3xhR1k0TDJoaVlpODRPVFk0T0RjNU5qQXpOelF5THpFd01UQTBNRFV0TVY4NE1EQlhlRGd3TUVnfDk5ZWYyZWZiNjM5NzliMGIxZTk5Yzg0NDVhOGRlMDc3Njc4YmI4MzI1MTZmN2I5NzdiODAyNWY2ODFmNmY2MTA,,,,https://static.bihr.pro/eBihr/Pictures/MIKUNI-pictures.zip,,,Spain Warehouse (Parts)
1010322,MKR45,N101043-045,MIKUNI,MIKUN JET MKR 45MM,Chiclé Mikuni N101043-045,7.26,6.00,3.90,N101043-045,3,8409910090,0,1,,,VEHICLE PARTS & ACCESSORIES,ENGINE PARTS,ENG. INTAKE,48,10,80,60,10,https://api.mybihr.com/medias/1010322-1-800Wx800H?context=bWFzdGVyfHJvb3R8Mjg5MTF8aW1hZ2UvanBlZ3xhRFl5TDJnMlpDODRPVFExTnprME16RTRNelkyTHpFd01UQXpNakl0TVY4NE1EQlhlRGd3TUVnfDlkZDJjNzg0ZGEzZWM3NzI1MzlkMzA5NDIxNTNiYTcxNjg2OWNlZmZmNmZlZjg0M2Q4MzU2NjFmNTNlZmU2ZGU,,,,https://static.bihr.pro/eBihr/Pictures/MIKUNI-pictures.zip,,,Spain Warehouse (Parts)
1010418,MKH132.5,N208099-132.5,MIKUNI,"MIKUN JET MKH 132,5MM",Chiclé de alta Mikuni N208099-132.5 (requiere junta 821068),9.68,8.00,5.20,N208099-132.5,4,8409910090,0,1,,,VEHICLE PARTS & ACCESSORIES,ENGINE PARTS,ENG. INTAKE,2,20,20,10,10,https://api.mybihr.com/medias/1010418-1-800Wx800H?context=bWFzdGVyfHJvb3R8MjgzNTd8aW1hZ2UvanBlZ3xhR1ptTDJobE1DODRPRGN6TlRVM05Ea3hOelF5THpFd01UQTBNVGd0TVY4NE1EQlhlRGd3TUVnfDY1M2Q4OGRjMzgxZjE0N2YzMjI4MmU1YTczODk1MWNmOGQyZDQzMTIxMWZjM2RhODdjYWNhZDJjNjFmYmYzMDk,,,,https://static.bihr.pro/eBihr/Pictures/MIKUNI-pictures.zip,,,Spain Warehouse (Parts)
1010420,MKH137.5,N208099-137.5,MIKUNI,"MIKUN JET MKH 137,5MM",Chiclé de alta Mikuni N208099-137.5 (requiere junta 821068),9.68,8.00,5.20,N208099-137.5,2,8409910090,0,1,,,VEHICLE PARTS & ACCESSORIES,ENGINE PARTS,ENG. INTAKE,4,5,14,17,17,https://api.mybihr.com/medias/1010420-1-800Wx800H?context=bWFzdGVyfHJvb3R8MjgzNTd8aW1hZ2UvanBlZ3xhRGMzTDJnMU1pODRPVFV6TVRrNE56Y3lNalUwTHpFd01UQTBNakF0TVY4NE1EQlhlRGd3TUVnfDBiNTc2NDFiNDNlMWIwMTE5NzhjODk2M2U0NjAyOGE2OWZjMDIxNzlhMTk0MDBiYjUxYTYyM2M5YzY1YzQyZTU,,,,https://static.bihr.pro/eBihr/Pictures/MIKUNI-pictures.zip,,,Spain Warehouse (Parts)
1010275,MKC210,N100604-210,MIKUNI,MIKUN JET MKC 210MM,Chiclé de alta Mikuni N100604-210,7.26,6.00,3.90,N100604-210,5,8409910090,0,1,,,VEHICLE PARTS & ACCESSORIES,ENGINE PARTS,ENG. INTAKE,48,10,80,60,10,https://api.mybihr.com/medias/1010275-1-800Wx800H?context=bWFzdGVyfHJvb3R8MjM1OTV8aW1hZ2UvanBlZ3xhR1l4TDJnME1pODRPRFUyTnpZek16WTNORFUwTHpFd01UQXlOelV0TVY4NE1EQlhlRGd3TUVnfDcyYzk5MTkyNzg4OWY4Y2VmNWYwZDcxY2RmMWE2M2YxYmI1YTlmZDI2MzQ3ZTY1NDRlMTkxMzAwZWMxOTA3Mjg,,,,https://static.bihr.pro/eBihr/Pictures/MIKUNI-pictures.zip,,,Spain Warehouse (Parts)
1010777,822235,TM40/07,MIKUNI,MIKUN SPAREPARTS SHORT CHOKE KIT,Kit starter corto (botón) Mikuni TM36-40,22.99,19.00,12.35,TM40/07,1,8409910090,0,1,,,VEHICLE PARTS & ACCESSORIES,ENGINE PARTS,ENG. INTAKE,16,10,51,19,17,,,,,https://static.bihr.pro/eBihr/Pictures/MIKUNI-pictures.zip,,,Spain Warehouse (Parts)
1010377,MKD157.5,N102221-1575,MIKUNI,"MIKUN JET MKD 157,5MM","Chiclé de alta Mikuni N102221-157,5",4.84,4.00,2.60,N102221-1575,6,8409910090,0,1,,,VEHICLE PARTS & ACCESSORIES,ENGINE PARTS,ENG. INTAKE,0,5,9,6,6,https://api.mybihr.com/medias/1010377-1-800Wx800H?context=bWFzdGVyfHJvb3R8MjQ4ODd8aW1hZ2UvanBlZ3xhRFJpTDJnMU9DODRPRFUyT0RBeU5qZzVNRFUwTHpFd01UQXpOemN0TVY4NE1EQlhlRGd3TUVnfGNmNTYyYTdjNWY2YWZkMmViMGU4ZTUxMjZiM2M2MTMwNDc5NzhiYzY0N2NlNDdmZmZlMzM2NGI1MzcyZTc3YjU,,,,https://static.bihr.pro/eBihr/Pictures/MIKUNI-pictures.zip,,,Spain Warehouse (Parts)
1010379,MKD162.5,N102221-1625,MIKUNI,"MIKUN JET MKD 162,5MM","Chiclé de alta Mikuni N102221-162,5",4.84,4.00,2.60,N102221-1625,5,8409910090,0,1,,,VEHICLE PARTS & ACCESSORIES,ENGINE PARTS,ENG. INTAKE,4,5,16,16,16,https://api.mybihr.com/medias/1010379-1-800Wx800H?context=bWFzdGVyfHJvb3R8MjQ4ODd8aW1hZ2UvanBlZ3xhRGd4TDJnNE9TODRPVEkwTlRJNU56ZzJPVEV3THpFd01UQXpOemt0TVY4NE1EQlhlRGd3TUVnfDcxMDc3NzQ5NTc3YmM0Y2M5MTE3MzViMzFlOWVhMDU1ZTEwZmZjNWM5ZGFjM2MzNzI1MTNkYWQ0ZWM5M2Q2MmI,,,,https://static.bihr.pro/eBihr/Pictures/MIKUNI-pictures.zip,,,Spain Warehouse (Parts)
1010894,822140,VM30/77,MIKUNI,MIKUN SPAREPARTS ADJUSTING SCREW,Tornillo de reglaje tensión de cable de gas Mikuni TMX 35/38 / TMS 38,3.63,3.00,1.95,VM30/77,0,8409910090,0,1,,,VEHICLE PARTS & ACCESSORIES,ENGINE PARTS,ENG. INTAKE,8,10,20,20,20,,,,,https://static.bihr.pro/eBihr/Pictures/MIKUNI-pictures.zip,,,Spain Warehouse (Parts)
1010861,825006,VM26/26-2.0,MIKUNI,"MIKUN SPAREPARTS NEEDLE VALVE KIT 2,0",Válvula de aguja carburador Mikuni 2.0 VM26 BN34-38-44,30.25,25.00,16.25,VM26/26-2.0,1,8409910090,0,1,,,VEHICLE PARTS & ACCESSORIES,ENGINE PARTS,ENG. INTAKE,1,10,9,10,15,https://api.mybihr.com/medias/1010861-1-800Wx800H?context=bWFzdGVyfHJvb3R8Mjc3MDF8aW1hZ2UvanBlZ3xhRFkzTDJoaVlTODRPVEkwTURnMk5UTTBNVGMwTHpFd01UQTROakV0TVY4NE1EQlhlRGd3TUVnfDUxMTdiYjM4NWNlZjRiYTQ3MzNlY2Y4YWNkODExYTQ5NWZiODQ1ZTkyNmU5ZGZlOGQzYzQ2NjUwOTMwZmUyMWI,,,,https://static.bihr.pro/eBihr/Pictures/MIKUNI-pictures.zip,,,Spain Warehouse (Parts)
1010863,825007,VM26/26-2.5,MIKUNI,"MIKUN SPAREPARTS NEEDLE VALVE KIT 2,5",Válvula de aguja carburador Mikuni 2.5 VM/BN VM26 BN34 BN38 BN44,30.25,25.00,16.25,VM26/26-2.5,1,8409910090,0,1,,,VEHICLE PARTS & ACCESSORIES,ENGINE PARTS,ENG. INTAKE,1,6,9,10,15,https://api.mybihr.com/medias/1010863-1-800Wx800H?context=bWFzdGVyfHJvb3R8Mjc3MDF8aW1hZ2UvanBlZ3xhRGszTDJnME5DODRPVE00TkRBd05UYzVOakUwTHpFd01UQTROak10TVY4NE1EQlhlRGd3TUVnfDE5ZjM1MTZhMTIxODAwNzU3NTNiNGQ4ODdlMzBjYzkxNGRhZjlmNjYyYWIzNjAzZjRjYTBiZmRkOGMyZjhmZTY,,,,https://static.bihr.pro/eBihr/Pictures/MIKUNI-pictures.zip,,,Spain Warehouse (Parts)
1010366,MKD130,N102221-130,MIKUNI,MIKUN JET MKD 130MM,Chiclé de alta Mikuni N102221-130,4.84,4.00,2.60,N102221-130,1,8409910090,0,1,,,VEHICLE PARTS & ACCESSORIES,ENGINE PARTS,ENG. INTAKE,4,5,16,16,16,https://api.mybihr.com/medias/1010366-1-800Wx800H?context=bWFzdGVyfHJvb3R8MjQ4ODd8aW1hZ2UvanBlZ3xhRGN4TDJoa1lTODRPVFk0T0RjNE5qSXdOekF5THpFd01UQXpOall0TVY4NE1EQlhlRGd3TUVnfDcwMjBjOGE2Njg3ZTUzMjc5ZDVhMGFjMTMxNGY1NGNjMmViZjU4NzE1YjA3YzNlOGM5NWUyMGQ0OWMzOWQ3MDM,,,,https://static.bihr.pro/eBihr/Pictures/MIKUNI-pictures.zip,,,Spain Warehouse (Parts)
1010367,MKD132.5,N102221-1325,MIKUNI,"MIKUN JET MKD 132,5MM","Chiclé de alta Mikuni N102221-132,5",4.84,4.00,2.60,N102221-1325,2,8409910090,0,1,,,VEHICLE PARTS & ACCESSORIES,ENGINE PARTS,ENG. INTAKE,2,100,12,15,12,https://api.mybihr.com/medias/1010367-1-800Wx800H?context=bWFzdGVyfHJvb3R8MjQ4ODd8aW1hZ2UvanBlZ3xhREpsTDJobE1TODRPVFk0T0RjNE9ERTNNekV3THpFd01UQXpOamN0TVY4NE1EQlhlRGd3TUVnfDkzYzExODBlNGIwNjJhM2FmM2RiMGUzYTNlOGY4ODczODVhYWQzMTliMTNlMzAzNjYyZGM4ODljNjQ5N2YwMDA,,,,https://static.bihr.pro/eBihr/Pictures/MIKUNI-pictures.zip,,,Spain Warehouse (Parts)
1010369,MKD137.5,N102221-1375,MIKUNI,"MIKUN JET MKD 137,5MM","Chiclé de alta Mikuni N102221-137,5",4.84,4.00,2.60,N102221-1375,2,8409910090,0,1,,,VEHICLE PARTS & ACCESSORIES,ENGINE PARTS,ENG. INTAKE,8,5,20,20,20,https://api.mybihr.com/medias/1010369-1-800Wx800H?context=bWFzdGVyfHJvb3R8MjQ4ODd8aW1hZ2UvanBlZ3xhRFUyTDJoa01DODRPVFk0T0RjNU1ERXpPVEU0THpFd01UQXpOamt0TVY4NE1EQlhlRGd3TUVnfDg4ODFlNzA2MzNmODhjZjhhYjkyNzYwNDBhNGRiZmU0NTQ3MDgxNTJkYTkyNjU5OGEzMmU2OTYyMDE4NDE3MmY,,,,https://static.bihr.pro/eBihr/Pictures/MIKUNI-pictures.zip,,,Spain Warehouse (Parts)
1010370,MKD140,N102221-140,MIKUNI,MIKUN JET MKD 140MM,Chiclé de alta Mikuni N102221-140,4.84,4.00,2.60,N102221-140,1,8409910090,0,1,,,VEHICLE PARTS & ACCESSORIES,ENGINE PARTS,ENG. INTAKE,4,5,16,16,16,https://api.mybihr.com/medias/1010370-1-800Wx800H?context=bWFzdGVyfHJvb3R8MjQ4ODd8aW1hZ2UvanBlZ3xhRGcxTDJoak9TODRPVFk0T0RjNU1qRXdOVEkyTHpFd01UQXpOekF0TVY4NE1EQlhlRGd3TUVnfDcyZDkwMDQ0N2E3NTEzOTMzNDA4MjY3MDhhM2MzYzZjNTNkZWFhOGRjY2EwZDVjNTIwZDdjOWZlZDU0ZGI3M2I,,,,https://static.bihr.pro/eBihr/Pictures/MIKUNI-pictures.zip,,,Spain Warehouse (Parts)
1010458,MKT35,N224103-035,MIKUNI,MIKUN JET MKT 35MM,Chiclé de baja Mikuni N224103-035,8.47,7.00,4.55,N224103-035,1,8409910090,0,1,,,VEHICLE PARTS & ACCESSORIES,ENGINE PARTS,ENG. INTAKE,4,5,16,16,16,https://api.mybihr.com/medias/1010458-1-800Wx800H?context=bWFzdGVyfHJvb3R8MjE1OTd8aW1hZ2UvanBlZ3xhRGxpTDJobVpTODRPVE00TmpBM09UWTRNamcyTHpFd01UQTBOVGd0TVY4NE1EQlhlRGd3TUVnfGJlNWQ3NzZhNmVkZTNkNzE2NDA1OGFiZmYyN2IwYmEwN2RhZjA2NTQ1NGY2YzAxYzI3MTc2ZTM5YjQyMTBjZjk,,,,https://static.bihr.pro/eBihr/Pictures/MIKUNI-pictures.zip,,,Spain Warehouse (Parts)
1010470,MKJ60,TM36/43-06,MIKUNI,MIKUN JET MKJ 60,Inyector Mikuni TM36/43-06,8.12,6.71,3.29,TM36/43-06,1,8409910090,0,1,,,VEHICLE PARTS & ACCESSORIES,ENGINE PARTS,ENG. INTAKE,1,5,10,10,10,https://api.mybihr.com/medias/1010470-1-800Wx800H?context=bWFzdGVyfHJvb3R8MjE2NDN8aW1hZ2UvanBlZ3xhRGRqTDJnd1pDODRPVFV6TXpZNU5Ua3hPRE00THpFd01UQTBOekF0TVY4NE1EQlhlRGd3TUVnfGFmYzUwODBkZmIxMDgyYjZjZWM3ZGE4YzU5MDhiY2NjZWE5MjIzMGFkODI2NzhkYzk4M2VkYWM4YzVkMjNjMGY,,,,https://static.bihr.pro/eBihr/Pictures/MIKUNI-pictures.zip,,,Spain Warehouse (Parts)
1010471,MKJ65,TM36/43-07,MIKUNI,MIKUN JET MKJ 65,Inyector Mikuni TM36/43-07,12.10,10.00,3.29,TM36/43-07,3,8409910090,0,1,,,VEHICLE PARTS & ACCESSORIES,ENGINE PARTS,ENG. INTAKE,3,5,30,10,10,https://api.mybihr.com/medias/800Wx800H-1010471-1.jpg?context=bWFzdGVyfHJvb3R8MTg1MTF8aW1hZ2UvanBlZ3xhRGxsTDJnd05DOHpNekV6TVRFeU9ESTFPRFU1TUM4NE1EQlhlRGd3TUVoZk1UQXhNRFEzTVMweExtcHdad3wzYzU2MDNlZTBjMmU1YmIyYWRiNGUyZDFiZDIyNGFjNjY1ZGViZjg1ZWY0M2I0NWYyMmY3YjJiODk2YjBmZDU4,,,,https://static.bihr.pro/eBihr/Pictures/MIKUNI-pictures.zip,,,Spain Warehouse (Parts)
1010455,MKT27.5,N224103-027.5,MIKUNI,"MIKUN JET MKT 27,5MM",Chiclé de baja Mikuni N224103-027.5,8.47,7.00,4.55,N224103-027.5,0,8409910090,0,1,,,VEHICLE PARTS & ACCESSORIES,ENGINE PARTS,ENG. INTAKE,2,100,15,15,10,https://api.mybihr.com/medias/1010455-1-800Wx800H?context=bWFzdGVyfHJvb3R8MjE1OTd8aW1hZ2UvanBlZ3xhRE01TDJoa05DODRPVEkyTnprME5EZ3hOamswTHpFd01UQTBOVFV0TVY4NE1EQlhlRGd3TUVnfGQ4MWI1OWE3OGNjOTAzMjk3OGJiZTU1MmZiY2I1ZDgzNmMyYmNlMTNiZjNlMWRmMTQ4MWU5Y2EzNGI2OTlkODY,,,,https://static.bihr.pro/eBihr/Pictures/MIKUNI-pictures.zip,,,Spain Warehouse (Parts)
1010456,MKT30,N224103-030,MIKUNI,MIKUN JET MKT 30MM,Chiclé de baja Mikuni N224103-030,8.47,7.00,4.55,N224103-030,1,8409910090,0,1,,,VEHICLE PARTS & ACCESSORIES,ENGINE PARTS,ENG. INTAKE,2,100,11,11,15,https://api.mybihr.com/medias/1010456-1-800Wx800H?context=bWFzdGVyfHJvb3R8MjE1OTd8aW1hZ2UvanBlZ3xhRE0yTDJoaU5DODRPVEkyTkRnMU5EUTJOamcyTHpFd01UQTBOVFl0TVY4NE1EQlhlRGd3TUVnfGVjY2Y5NWY2YTU4MzkzZjdjMmI0YjQ4YmRiNzc5YTAxMGJlZDIzMzMwMDcxYjg1N2I4OTQyY2E5NzE2ZjA1MTU,,,,https://static.bihr.pro/eBihr/Pictures/MIKUNI-pictures.zip,,,Spain Warehouse (Parts)
1010548,MKP50,VM22/210-050,MIKUNI,MIKUN JET MKP 50MM,Chiclé de baja Mikuni VM22/210-050,8.47,7.00,4.55,VM22/210-050,2,8409910090,0,1,,,VEHICLE PARTS & ACCESSORIES,ENGINE PARTS,ENG. INTAKE,8,5,20,20,20,https://api.mybihr.com/medias/1010548-1-800Wx800H?context=bWFzdGVyfHJvb3R8Mjg1MjZ8aW1hZ2UvanBlZ3xhRGcxTDJnMVl5ODRPVFk0T0Rnek9USTVNVEU0THpFd01UQTFORGd0TVY4NE1EQlhlRGd3TUVnfDg1MWI1YjExNmVmYjczOTA1YWE4MjJhMDFhZWM5OGVkZmFjYzllNTc4NGE5ZTk0ZDVkYWEzZjczYjIxMzZmZjY,,,,https://static.bihr.pro/eBihr/Pictures/MIKUNI-pictures.zip,,,Spain Warehouse (Parts)
1010549,MKP55,VM22/210-055,MIKUNI,MIKUN JET MKP 55MM,Chiclé de baja Mikuni VM22/210-055,8.47,7.00,4.55,VM22/210-055,1,8409910090,0,1,,,VEHICLE PARTS & ACCESSORIES,ENGINE PARTS,ENG. INTAKE,2,5,13,12,12,https://api.mybihr.com/medias/1010549-1-800Wx800H?context=bWFzdGVyfHJvb3R8Mjg1MjZ8aW1hZ2UvanBlZ3xhREJoTDJnd1pTODRPVFk0T0RnME1USTFOekkyTHpFd01UQTFORGt0TVY4NE1EQlhlRGd3TUVnfDg5YjQzZGQzZDdmZjk1MGMwMzdkMTlmZDY0NWQ5NjAzY2NmZTUyMTYzZjU1NjNkYjU2Y2I0N2Y5NWRkOGIwZDY,,,,https://static.bihr.pro/eBihr/Pictures/MIKUNI-pictures.zip,,,Spain Warehouse (Parts)
1010479,MKE60,VM11/22-060,MIKUNI,MIKUN JET MKE 60MM,Chiclé de baja Mikuni VM11/22-060,8.47,7.00,4.55,VM11/22-060,0,8409910090,0,1,,,VEHICLE PARTS & ACCESSORIES,ENGINE PARTS,ENG. INTAKE,48,10,80,60,10,https://api.mybihr.com/medias/1010479-1-800Wx800H?context=bWFzdGVyfHJvb3R8MjY5MDF8aW1hZ2UvanBlZ3xhR1V4TDJobFlpODRPVEE0TkRFMU1qTTRNVGMwTHpFd01UQTBOemt0TVY4NE1EQlhlRGd3TUVnfGI3ZTVlNzgxMGM1YTNhOThhOGFmNmRhYzUzMDgzMjZjZjVjNzZhZDMxN2ZjYjBmOGQ4ZjkzZWQxYjBhYjBhNDc,,,,https://static.bihr.pro/eBihr/Pictures/MIKUNI-pictures.zip,,,Spain Warehouse (Parts)
1010485,MKE75,VM11/22-075,MIKUNI,MIKUN JET MKE 75MM,Chiclé de alta Mikuni VM11/22-075,8.47,7.00,4.55,VM11/22-075,8,8409910090,0,1,,,VEHICLE PARTS & ACCESSORIES,ENGINE PARTS,ENG. INTAKE,48,10,80,60,10,https://api.mybihr.com/medias/1010485-1-800Wx800H?context=bWFzdGVyfHJvb3R8MjY5MDF8aW1hZ2UvanBlZ3xhR1F6TDJobU1DODRPVE00TXpRek5UWXpNamswTHpFd01UQTBPRFV0TVY4NE1EQlhlRGd3TUVnfGU4Njc2Nzk5M2FjZGUwMWQ0NzU2NzIxMjFmNTI2Y2Y2MGZhMmNmNzA2YjdkNmE0ZWQ4MDRkZjZiZmU0NmRlNjE,,,,https://static.bihr.pro/eBihr/Pictures/MIKUNI-pictures.zip,,,Spain Warehouse (Parts)
1010957,823027,MK-BN38/44 SPR,MIKUNI,MIKUN REPAIRKIT SBN34/46,Kit de reparación carburador Mikuni BN38/44 SPR,81.07,67.00,43.55,MK-BN38/44 SPR,0,8409910090,0,1,Square pump.,Square pump.,VEHICLE PARTS & ACCESSORIES,ENGINE PARTS,ENG. INTAKE,495,35,201,145,17,https://api.mybihr.com/medias/1010957-1-800Wx800H?context=bWFzdGVyfHJvb3R8NDExODN8aW1hZ2UvanBlZ3xhRE5qTDJneU5pODRPVEkwTkRnMk1UQTNNVFkyTHpFd01UQTVOVGN0TVY4NE1EQlhlRGd3TUVnfDUxMTkwODEyNWY4Y2U5ZGFmODFlMjZjYTJlNmExMmU4NTg5M2Y4NGFmNzBkMjdiNjM5N2FiMGQxYjhlNzRhNWQ,,,,https://static.bihr.pro/eBihr/Pictures/MIKUNI-pictures.zip,,,Spain Warehouse (Parts)
1010452,MKT20,N224103-020,MIKUNI,MIKUN JET MKT 20MM,Chiclé de baja Mikuni N224103-020,8.47,7.00,4.55,N224103-020,1,8409910090,0,1,,,VEHICLE PARTS & ACCESSORIES,ENGINE PARTS,ENG. INTAKE,2,5,20,10,10,https://api.mybihr.com/medias/1010452-1-800Wx800H?context=bWFzdGVyfHJvb3R8MTA5Nzd8aW1hZ2UvanBlZ3xhRFJrTDJnMk55ODRPVE01TURJNU9UZzNNelU0THpFd01UQTBOVEl0TVY4NE1EQlhlRGd3TUVnfGI5MzY2YzM0MTFhMjI4NWRhMzg2N2FlMDA0MzY2ZTJmYWUxZGJiYzdhN2I1YTE4NjkzMzg0ZGUzZjljMjk2NDc,,,,https://static.bihr.pro/eBihr/Pictures/MIKUNI-pictures.zip,,,Spain Warehouse (Parts)
1010457,MKT32.5,N224103-032.5,MIKUNI,"MIKUN JET MKT 32,5MM",Chiclé de baja Mikuni N224103-032.5,8.47,7.00,4.55,N224103-032.5,1,8409910090,0,1,,,VEHICLE PARTS & ACCESSORIES,ENGINE PARTS,ENG. INTAKE,8,5,20,20,20,https://api.mybihr.com/medias/1010457-1-800Wx800H?context=bWFzdGVyfHJvb3R8MjE1OTd8aW1hZ2UvanBlZ3xhR014TDJnMU5pODRPVE00TWpRNU1qSTBNakl5THpFd01UQTBOVGN0TVY4NE1EQlhlRGd3TUVnfDAzNzk0ZjJiYzM4NDk0NTUyMGNiYjA1ZGExNGZmMTU0YmJkZDBmOWM1NjEzNmRiYWQ1ZmY1Yjk0Y2I5OTMxMGI,,,,https://static.bihr.pro/eBihr/Pictures/MIKUNI-pictures.zip,,,Spain Warehouse (Parts)
1010459,MKT37.5,N224103-037.5,MIKUNI,"MIKUN JET MKT 37,5MM",Chiclé de baja Mikuni N224103-037.5,8.47,7.00,4.55,N224103-037.5,1,8409910090,0,1,,,VEHICLE PARTS & ACCESSORIES,ENGINE PARTS,ENG. INTAKE,5,100,20,15,15,https://api.mybihr.com/medias/1010459-1-800Wx800H?context=bWFzdGVyfHJvb3R8MjE1OTd8aW1hZ2UvanBlZ3xhREppTDJoalppODRPVEkwTVRZMk5UZzJNems0THpFd01UQTBOVGt0TVY4NE1EQlhlRGd3TUVnfDRkMzUxZmJiNzQ3MjI1MjJmMWYwMDcxNzZlNjBmODU0YTIxMGVkZjM1YzYwMDdiM2Y5MzM3ZWUyZWQzYTZiOTk,,,,https://static.bihr.pro/eBihr/Pictures/MIKUNI-pictures.zip,,,Spain Warehouse (Parts)
1010460,MKT40,N224103-040,MIKUNI,MIKUN JET MKT 40MM,Chiclé de baja Mikuni N224103-040,8.47,7.00,4.55,N224103-040,0,8409910090,0,1,,,VEHICLE PARTS & ACCESSORIES,ENGINE PARTS,ENG. INTAKE,4,5,16,16,16,https://api.mybihr.com/medias/1010460-1-800Wx800H?context=bWFzdGVyfHJvb3R8MjE1OTd8aW1hZ2UvanBlZ3xhR1F5TDJnNVlTODRPVFV6TXpFek5EWXdNalUwTHpFd01UQTBOakF0TVY4NE1EQlhlRGd3TUVnfDYzMWU1NGNlNDAzYjMyZjYwN2Y2MjkwYmQwM2E5ZjY3ZGE4MmU3NjQzMWZlYTcyZTlkNDk4NGVkMTFmZDA4ODk,,,,https://static.bihr.pro/eBihr/Pictures/MIKUNI-pictures.zip,,,Spain Warehouse (Parts)
1010461,MKT45,N224103-045,MIKUNI,MIKUN JET MKT 45MM,Chiclé de baja Mikuni N224103-045,8.47,7.00,4.55,N224103-045,1,8409910090,0,1,,,VEHICLE PARTS & ACCESSORIES,ENGINE PARTS,ENG. INTAKE,3,5,27,10,10,https://api.mybihr.com/medias/1010461-1-800Wx800H?context=bWFzdGVyfHJvb3R8MjE1OTd8aW1hZ2UvanBlZ3xhRFE1TDJoaE5DODRPVFExTnpBd05UQXpOVGd5THpFd01UQTBOakV0TVY4NE1EQlhlRGd3TUVnfDc0OTU4ZmI1MjYwNjAyMWNmMjI5ZDdkZWZlMWU0NGNlNGQwYTBkMjMwNjExZDYyNTRhODM3YTYxOTkxOTI0NTY,,,,https://static.bihr.pro/eBihr/Pictures/MIKUNI-pictures.zip,,,Spain Warehouse (Parts)
1010521,MKZ40,VM17/1002-040,MIKUNI,MIKUN JET MKZ 40MM,Chiclé de baja Mikuni VM17/1002-040,8.47,7.00,4.55,VM17/1002-040,7,8409910090,0,1,,,VEHICLE PARTS & ACCESSORIES,ENGINE PARTS,ENG. INTAKE,48,10,80,60,10,https://api.mybihr.com/medias/1010521-1-800Wx800H?context=bWFzdGVyfHJvb3R8Mjg1Mzl8aW1hZ2UvanBlZ3xhRFpoTDJnNE9DODRPVEF4TkRrek9EZ3lPVEV3THpFd01UQTFNakV0TVY4NE1EQlhlRGd3TUVnfGY3M2EwMTZlNjIyNjA1YmU2MjhkMzMwNjg4ZTg3ZmI4YWQzMzI0ZjdiYjMxNTM4MmYyM2U4OGU1NTUzM2IzZTQ,,,,https://static.bihr.pro/eBihr/Pictures/MIKUNI-pictures.zip,,,Spain Warehouse (Parts)
1009895,MKA190,4/042-190,MIKUNI,MIKUN JET MKA 190MM,Chiclé de alta Mikuni 4/042-190,8.47,7.00,4.55,4/042-190,2,8409910090,0,1,,,VEHICLE PARTS & ACCESSORIES,ENGINE PARTS,ENG. INTAKE,8,105,20,20,20,https://api.mybihr.com/medias/1009895-1-800Wx800H?context=bWFzdGVyfHJvb3R8MjY1ODd8aW1hZ2UvanBlZ3xhREExTDJobE1DODRPVFE1TURrME5URTBOekU0THpFd01EazRPVFV0TVY4NE1EQlhlRGd3TUVnfDY0YmU3OTgwY2Y3MzMyMDE1OGYxMDMyNDljMjM3OGZjN2VhMjM5ZGRiOGYzYzg0YTkzNjI2ZjAyNWIzMWI4YTk,,,,https://static.bihr.pro/eBihr/Pictures/MIKUNI-pictures.zip,,,Spain Warehouse (Parts)
1010614,822341,730-03027,MIKUNI,MIKUN SPAREPARTS LEVER SPRING,Muelle de palanca de carburador Mikuni 115G SBN34-46 dorado,4.84,4.00,2.60,730-03027,1,8409910090,0,1,,,VEHICLE PARTS & ACCESSORIES,ENGINE PARTS,ENG. INTAKE,48,10,80,60,10,https://api.mybihr.com/medias/1010614-1-800Wx800H?context=bWFzdGVyfHJvb3R8MzgyODJ8aW1hZ2UvanBlZ3xhREF3TDJnME9DODRPVEE0TlRZd05qSTVOemt3THpFd01UQTJNVFF0TVY4NE1EQlhlRGd3TUVnfGYxYWY3MjBiYTZlNGZjZjZkZmI1YzJlY2U0YzJmMjFhZGUyZWJjMTFlZWYyMzdjMzE3N2I3YzljZmI0NTVmMjk,,,,https://static.bihr.pro/eBihr/Pictures/MIKUNI-pictures.zip,,,Spain Warehouse (Parts)
1009899,MKA220,4/042-220,MIKUNI,MIKUN JET MKA 220MM,Chiclé de alta Mikuni 4/042-220,8.47,7.00,4.55,4/042-220,1,8409910090,0,1,,,VEHICLE PARTS & ACCESSORIES,ENGINE PARTS,ENG. INTAKE,0,10,2,2,1,https://api.mybihr.com/medias/1009899-1-800Wx800H?context=bWFzdGVyfHJvb3R8MjY1ODd8aW1hZ2UvanBlZ3xhREk0TDJnMU55ODRPVEF4TURFek9EWTBORGM0THpFd01EazRPVGt0TVY4NE1EQlhlRGd3TUVnfDRiNzZmOWY4YmRlMDNjZjcyNmZhMTkwYmNlOGJmM2RjYzRiNzkxZjhlMzdhOGViMGY3YTY1YTE2ZDBjYmE0Zjc,,,,https://static.bihr.pro/eBihr/Pictures/MIKUNI-pictures.zip,,,Spain Warehouse (Parts)
1010617,822464,730-03033,MIKUNI,MIKUN SPAREPARTS LEVER SPRING,Muelle de palanca Mikuni 80G SBN34-46 color negro,4.84,4.00,2.60,730-03033,2,8409910090,0,1,"<html> <head> <meta http-equiv=""Content-Type"" content=""text/html; charset=utf-8""><title> </title> <style type=""text/css"">.cs4FC7BF42{text-align:left;margin:0pt 0pt 0pt 0pt;list-style-type:disc;color:#000;background-color:transparent;font-weight:normal;font-style:normal;}.csA7555675{color:#000;background-color:transparent;font-weight:normal;font-style:normal;}</style> </head> <body> <ul> <li>Jetski</li><li>Black</li></ul> </body> </html>","        JetskiBlack  ",VEHICLE PARTS & ACCESSORIES,ENGINE PARTS,ENG. INTAKE,4,15,16,16,16,https://api.mybihr.com/medias/1010617-1-800Wx800H?context=bWFzdGVyfHJvb3R8MzgyODJ8aW1hZ2UvanBlZ3xhRGxoTDJnd01DODRPVFExTnpJNU5qQXhOVFkyTHpFd01UQTJNVGN0TVY4NE1EQlhlRGd3TUVnfGU4NTM4MDYzOTkxZjNjZmM4OTRlN2Y1ZDU3Mzg5MGNiYTI5MDVhZmQ3YWQyMjU5YzE0NDhlZTJmNzljOWQyYWI,,,,https://static.bihr.pro/eBihr/Pictures/MIKUNI-pictures.zip,,,Spain Warehouse (Parts)
1009900,MKA230,4/042-230,MIKUNI,MIKUN JET MKA 230MM,Chiclé de alta Mikuni 4/042-230,8.47,7.00,4.55,MKA230,2,8409910090,0,1,,,VEHICLE PARTS & ACCESSORIES,ENGINE PARTS,ENG. INTAKE,8,5,20,20,20,https://api.mybihr.com/medias/1009900-1-800Wx800H?context=bWFzdGVyfHJvb3R8MjY1ODd8aW1hZ2UvanBlZ3xhRFJoTDJnMU1TODRPVE00TkRnMU56YzJOREUwTHpFd01EazVNREF0TVY4NE1EQlhlRGd3TUVnfDBiYWUxZmYzOWVlNzhmN2MxZmJmNzYxN2FlNDVjNTg3NmQ4MmNjZDIxNTY2OTFiZDM1YjdjNDUxOGJiODljMGU,,,,https://static.bihr.pro/eBihr/Pictures/MIKUNI-pictures.zip,,,Spain Warehouse (Parts)
1009902,MKA250,4/042-250,MIKUNI,MIKUN JET MKA 250MM,Chiclé de alta Mikuni 4/042-250,8.47,7.00,4.55,4/042-250,2,8409910090,0,1,,,VEHICLE PARTS & ACCESSORIES,ENGINE PARTS,ENG. INTAKE,1,20,10,8,8,https://api.mybihr.com/medias/1009902-1-800Wx800H?context=bWFzdGVyfHJvb3R8MjY1ODd8aW1hZ2UvanBlZ3xhR1EzTDJneU9DODRPRFUyTmprMU16UXhNRGcyTHpFd01EazVNREl0TVY4NE1EQlhlRGd3TUVnfDJiNmIyZTYzOWQxNDE5OTRjYzVlNWZkYTJiZGU3YjQzNTMzMTQ2ZjZhM2ZhYjc0OTkxYjAyMDE5ODkxZDNjZjE,,,,https://static.bihr.pro/eBihr/Pictures/MIKUNI-pictures.zip,,,Spain Warehouse (Parts)
1010620,822147,730-13019,MIKUNI,MIKUN SPAREPARTS VALVE SLIDE SPRING,Muelle de campana de carburador Mikuni TMX 35/38 / TMS 38,4.84,4.00,2.60,730-13019,1,8409910090,0,1,,,VEHICLE PARTS & ACCESSORIES,ENGINE PARTS,ENG. INTAKE,2,15,20,10,10,https://api.mybihr.com/medias/1010620-1-800Wx800H?context=bWFzdGVyfHJvb3R8MzgyODJ8aW1hZ2UvanBlZ3xhREEwTDJoak9DODRPVEkyTlRVNE1USTJNVEV3THpFd01UQTJNakF0TVY4NE1EQlhlRGd3TUVnfGQ1ZDYzNjhhNmFiMmFjMzVkMThiM2MzNmYwZWI2ZTcwNzExYTA5ZmMxYzk5NWNhNjE4NWM2YTE5YTNhMDA3YTU,,,,https://static.bihr.pro/eBihr/Pictures/MIKUNI-pictures.zip,,,Spain Warehouse (Parts)
1010546,MKP45,VM22/210-045,MIKUNI,MIKUN JET MKP 45MM,Chiclé de baja Mikuni VM22/210-045,8.47,7.00,4.55,VM22/210-045,0,8409910090,0,1,,,VEHICLE PARTS & ACCESSORIES,ENGINE PARTS,ENG. INTAKE,6,20,30,20,10,https://api.mybihr.com/medias/1010546-1-800Wx800H?context=bWFzdGVyfHJvb3R8Mjg1MjZ8aW1hZ2UvanBlZ3xhREV6TDJnMllTODRPVFk0T0Rnek5UTTFPVEF5THpFd01UQTFORFl0TVY4NE1EQlhlRGd3TUVnfDVlYTM5YzkyZGNlN2M2Y2VjYTEyZDQwOGI5ZTM1NDgzMzNhMWFhZGU3NzQ4YTdhMzExMWRhN2Q5MDkzMzc2Njg,,,,https://static.bihr.pro/eBihr/Pictures/MIKUNI-pictures.zip,,,Spain Warehouse (Parts)
1010476,MKE50,VM11/22-050,MIKUNI,MIKUN JET MKE 50MM,Chiclé de baja Mikuni VM11/22-050,8.47,7.00,4.55,VM11/22-050,9,8409910090,0,1,,,VEHICLE PARTS & ACCESSORIES,ENGINE PARTS,ENG. INTAKE,48,10,80,60,10,https://api.mybihr.com/medias/1010476-1-800Wx800H?context=bWFzdGVyfHJvb3R8MjY5MDF8aW1hZ2UvanBlZ3xhRGxrTDJoak5TODRPVEkyTkRFME5qTTFNRE00THpFd01UQTBOell0TVY4NE1EQlhlRGd3TUVnfGYwMmY0N2ExZmM5NDdiYzI5ZDZhNjc3YmQ4NGEyMDBmYTA4YjU2NmM2NjRiODdhMDc5NzkyMDViOGIwYjA3MzE,,,,https://static.bihr.pro/eBihr/Pictures/MIKUNI-pictures.zip,,,Spain Warehouse (Parts)
1010481,MKE65,VM11/22-065,MIKUNI,MIKUN JET MKE 65MM,Chiclé de alta Mikuni VM11/22-065,8.47,7.00,4.55,VM11/22-065,9,8409910090,0,1,,,VEHICLE PARTS & ACCESSORIES,ENGINE PARTS,ENG. INTAKE,48,10,80,60,10,https://api.mybihr.com/medias/1010481-1-800Wx800H?context=bWFzdGVyfHJvb3R8MjY5MDF8aW1hZ2UvanBlZ3xhRGRtTDJobVl5ODVNREV5TkRVNU1EUTBPRGswTHpFd01UQTBPREV0TVY4NE1EQlhlRGd3TUVnfDBmNjM1NDAzNmU1MzlhYmFjY2YxNWU5NzQ5ZTNhMDBjOWMzYWU4OTQ4NTg5NjdlN2EzNDM3MDllMDZjYjRjYjU,,,,https://static.bihr.pro/eBihr/Pictures/MIKUNI-pictures.zip,,,Spain Warehouse (Parts)
1009854,800502,TM32-1,MIKUNI,MIKUN CARBURETOR TM32,Carburador Mikuni campana plana TM32,283.14,234.00,152.10,TM32-1,1,8409910090,0,1,"For preparing single-cylinder 4-stroke trail and enduro engines, we suggest the MIKUNI TM cross-bar carburetor with recirculation pump. For 2-stroke engines, there is also a range of MIKUNI TM carburetors meeting your need. C","For preparing single-cylinder 4-stroke trail and enduro engines, we suggest the MIKUNI TM cross-bar carburetor with recirculation pump. For 2-stroke engines, there is also a range of MIKUNI TM carburetors meeting your need. C",VEHICLE PARTS & ACCESSORIES,ENGINE PARTS,ENG. INTAKE,2271,640,110,178,116,https://api.mybihr.com/medias/800Wx800H-1009854-1.jpg?context=bWFzdGVyfHJvb3R8MTQ3NjU1fGltYWdlL2pwZWd8YURrMUwyaGlaUzgxTWpNMk9EQTJPRFUwTWpRNU5DODRNREJYZURnd01FaGZNVEF3T1RnMU5DMHhMbXB3Wnd8ZjU1OTQxNjg2N2QwNmVkMjkzZDM0YzYxMGQ1NzIwOTZmZDVkMGE3YmQ5YTA5YWFmOWVhODAwZWQ3Njg5ODQzYQ,https://api.mybihr.com/medias/800Wx800H-1009854-2.jpg?context=bWFzdGVyfHJvb3R8MTkwNDEzfGltYWdlL2pwZWd8YURZekwyaGpPQzgxTWpNMk9EQTJPRGd3TkRZek9DODRNREJYZURnd01FaGZNVEF3T1RnMU5DMHlMbXB3Wnd8MmQzYmYwYzc0NmExMGQ2YzUzNjU1M2Y5YzM5MGNiY2NjZWNiNzljNDVlMjEyNzhhYTM5NjJlY2Q3NmZlNWIwMA,https://api.mybihr.com/medias/800Wx800H-1009854-3.jpg?context=bWFzdGVyfHJvb3R8MTkxMzk0fGltYWdlL2pwZWd8YUdJekwyaGxOQzgxTWpNMk9EQTJPVEU1TnpnMU5DODRNREJYZURnd01FaGZNVEF3T1RnMU5DMHpMbXB3Wnd8NDNkMDEwMTNhYTk3OGUxNzIwOWYxNTg2NWE0YzIyZTM2ZDRmNTVlYmEzZWRjMDJhNTljMjAxYzkwMzYwY2YyNg,https://api.mybihr.com/medias/800Wx800H-1009854-4.jpg?context=bWFzdGVyfHJvb3R8MTQ3MDQxfGltYWdlL2pwZWd8YURFeUwyaGtOeTgxTWpNMk9EQTJPVFU1TVRBM01DODRNREJYZURnd01FaGZNVEF3T1RnMU5DMDBMbXB3Wnd8NjM3ODYwYTYxNGRkNGQ3N2YwNGIwM2VlMDUxNDRlZTEzZWRkZDI3ZDI1YzdhYjRhOWQyMmFhMGQ5Mjc3MzMyMg,https://static.bihr.pro/eBihr/Pictures/MIKUNI-pictures.zip,https://api.mybihr.com/medias/800502.pdf?context=bWFzdGVyfGRvY3VtZW50c3wyMjM4NDl8YXBwbGljYXRpb24vcGRmfGFHWTVMMmhqTVM4NU1EUXpOalEyT0Rjek5qTXdMemd3TURVd01nfDJmMGZiYWFhOTAwOTYxZDU5ODU4Mzk1ZjUxMzY1OWViZmMyMWU0Y2QzNmJlNmU3YjMwNzVkZTRhZjI1YWFiMTc,,Spain Warehouse (Parts)
1010572,MKU40,VM28/486-40,MIKUNI,MIKUN JET MKU 40MM,Chiclé de baja Mikuni VM28/486-40,9.68,8.00,5.20,VM28/486-40,1,8409910090,0,1,,,VEHICLE PARTS & ACCESSORIES,ENGINE PARTS,ENG. INTAKE,3,5,30,10,10,https://api.mybihr.com/medias/1010572-1-800Wx800H?context=bWFzdGVyfHJvb3R8MjE0NDd8aW1hZ2UvanBlZ3xhREF5TDJobU5TODRPVEF4TmprMk16ZzVNVFV3THpFd01UQTFOekl0TVY4NE1EQlhlRGd3TUVnfDlmYzFjODMyNWEzOWM5ZTUyN2RiZGFiYTVmMTQzMGU0ZjFlMjE2YTg4YTRiZDc0Mzk4ZGExZWEzNWZiZTJmNzk,,,,https://static.bihr.pro/eBihr/Pictures/MIKUNI-pictures.zip,,,Spain Warehouse (Parts)
1009856,800620,TM33-12,MIKUNI,MIKUN CARBURETOR TM33,Carburador Mikuni campana plana con bomba TM33,404.14,334.00,217.10,TM33-12,1,8409910090,0,1,"For preparing single-cylinder 4-stroke trail and enduro engines, we suggest the MIKUNI TM cross-bar carburetor with recirculation pump. For 2-stroke engines, there is also a range of MIKUNI TM carburetors meeting your need. C","For preparing single-cylinder 4-stroke trail and enduro engines, we suggest the MIKUNI TM cross-bar carburetor with recirculation pump. For 2-stroke engines, there is also a range of MIKUNI TM carburetors meeting your need. C",VEHICLE PARTS & ACCESSORIES,ENGINE PARTS,ENG. INTAKE,2271,900,110,178,116,https://api.mybihr.com/medias/1009856-1-800Wx800H?context=bWFzdGVyfHJvb3R8NDQ3ODB8aW1hZ2UvanBlZ3xhREJsTDJnelppODRPRGN6TlRZM09URXhPVFkyTHpFd01EazROVFl0TVY4NE1EQlhlRGd3TUVnfDc2ODkzNzkyNWQ3MzhmNTE2YjE0MzcyMGNjNDMzMmY0NTBkNjI3YTg5ODMzYmY2OWY3ODgzYmRiZDVjZTFmM2E,,,,https://static.bihr.pro/eBihr/Pictures/MIKUNI-pictures.zip,,,Spain Warehouse (Parts)
1010574,MKU45,VM28/486-45,MIKUNI,MIKUN JET MKU 45MM,Chiclé de baja Mikuni VM28/486-45,9.68,8.00,5.20,VM28/486-45,1,8409910090,0,1,,,VEHICLE PARTS & ACCESSORIES,ENGINE PARTS,ENG. INTAKE,48,10,80,60,10,https://api.mybihr.com/medias/1010574-1-800Wx800H?context=bWFzdGVyfHJvb3R8MjE0NDd8aW1hZ2UvanBlZ3xhRE15TDJnMFlTODRPVFV6TWpnME1UTXlPRGswTHpFd01UQTFOelF0TVY4NE1EQlhlRGd3TUVnfDcyZWMzY2EyODZhOGM4OTE5Y2I4ZWFjYWNmNjBlNGE1Nzk3ODE2YzMxZGI1ZWQwYzhmZTYzNzk3YjA3OTEzYjk,,,,https://static.bihr.pro/eBihr/Pictures/MIKUNI-pictures.zip,,,Spain Warehouse (Parts)
1009857,800503,TM34-2,MIKUNI,MIKUN CARBURETOR TM34,Carburador Mikuni campana plana TM34,306.13,253.00,164.45,TM34-2,1,8409910090,0,1,"For preparing single-cylinder 4-stroke trail and enduro engines, we suggest the MIKUNI TM cross-bar carburetor with recirculation pump. For 2-stroke engines, there is also a range of MIKUNI TM carburetors meeting your need. C","For preparing single-cylinder 4-stroke trail and enduro engines, we suggest the MIKUNI TM cross-bar carburetor with recirculation pump. For 2-stroke engines, there is also a range of MIKUNI TM carburetors meeting your need. C",VEHICLE PARTS & ACCESSORIES,ENGINE PARTS,ENG. INTAKE,2271,660,110,178,116,https://api.mybihr.com/medias/1009857-1-800Wx800H?context=bWFzdGVyfHJvb3R8NDQ3ODB8aW1hZ2UvanBlZ3xhRGswTDJnek9TODRPVEF3T0RrM016QTROekF5THpFd01EazROVGN0TVY4NE1EQlhlRGd3TUVnfDg5MTQ2ZjU3YzAyMWZjNzQ2MWVmMmQ0NjIwMmU3Zjk5NGJlMDc4YTRjZWQ4ZDU0YWJhMzQzZThjOTU3NmNmM2I,,,,https://static.bihr.pro/eBihr/Pictures/MIKUNI-pictures.zip,https://api.mybihr.com/medias/800503.pdf?context=bWFzdGVyfGRvY3VtZW50c3wyMjM4NDl8YXBwbGljYXRpb24vcGRmfGFHUTVMMmcwT0M4NU1EUXpOalkyTVRBNE5EUTJMemd3TURVd013fDRmNjRjZTc3ZWE5ZDU5MmI1MDBhYTI5ZDZlZDMzZDc4Njg1OWY1MTg0YjUyNjM4NjczMzAxMDAyMTQ5NDllNjk,,Spain Warehouse (Parts)
1010684,822150,888-23022,MIKUNI,MIKUN SPAREPARTS CARBURETOR HOSE,Macarrón Mikuni TMX 35/38 / TMS 38,3.63,3.00,1.95,888-23022,1,8409910090,0,1,,,VEHICLE PARTS & ACCESSORIES,ENGINE PARTS,ENG. INTAKE,88,105,220,20,20,,,,,https://static.bihr.pro/eBihr/Pictures/MIKUNI-pictures.zip,,,Spain Warehouse (Parts)
1010685,822226,888-23026,MIKUNI,MIKUN SPAREPARTS CARBURETOR HOSE,Macarrón Mikuni TM36-40,4.84,4.00,2.60,888-23026,1,8409910090,0,1,,,VEHICLE PARTS & ACCESSORIES,ENGINE PARTS,ENG. INTAKE,136,8,87,68,23,,,,,https://static.bihr.pro/eBihr/Pictures/MIKUNI-pictures.zip,,,Spain Warehouse (Parts)
1010580,MKU60,VM28/486-60,MIKUNI,MIKUN JET MKU 60MM,Chiclé de baja Mikuni VM28/486-60,9.68,8.00,5.20,VM28/486-60,1,8409910090,0,1,,,VEHICLE PARTS & ACCESSORIES,ENGINE PARTS,ENG. INTAKE,4,5,16,16,16,https://api.mybihr.com/medias/1010580-1-800Wx800H?context=bWFzdGVyfHJvb3R8MTA2MzZ8aW1hZ2UvanBlZ3xhRFZqTDJnMk1pODRPVFk0T0RnMU16QTFNemMwTHpFd01UQTFPREF0TVY4NE1EQlhlRGd3TUVnfDNiNzgzNmMxZDJiMDhiZThlNjUzZjFlOTViY2ZhZWYxOTgxYjRmNThiYzFmMjk1NzJjYzRkZDRlNWJlZDdlM2Y,,,,https://static.bihr.pro/eBihr/Pictures/MIKUNI-pictures.zip,,,Spain Warehouse (Parts)
1009863,800601,TM40-6,MIKUNI,MIKUN CARBURETOR TM40,Carburador Mikuni campana plana con bomba TM40,494.89,409.00,265.85,TM40-6,0,8409910090,0,1,"For preparing single-cylinder 4-stroke trail and enduro engines, we suggest the MIKUNI TM cross-bar carburetor with recirculation pump. For 2-stroke engines, there is also a range of MIKUNI TM carburetors meeting your need. C","For preparing single-cylinder 4-stroke trail and enduro engines, we suggest the MIKUNI TM cross-bar carburetor with recirculation pump. For 2-stroke engines, there is also a range of MIKUNI TM carburetors meeting your need. C",VEHICLE PARTS & ACCESSORIES,ENGINE PARTS,ENG. INTAKE,2271,1035,110,178,116,https://api.mybihr.com/medias/1009863-1-800Wx800H?context=bWFzdGVyfHJvb3R8NDQ3ODB8aW1hZ2UvanBlZ3xhR0kwTDJoak5pODRPVFk0T0RZMU5EUTNPVFkyTHpFd01EazROak10TVY4NE1EQlhlRGd3TUVnfDM4OWFkMjI4MDNmNjRjNmRhNjNhMmQ2OGMyYjY1NTdkNGVjMWI0NzQ4Y2Q3OGE4YjNkNjg0NGEyMWJmZDYxZTE,,,,https://static.bihr.pro/eBihr/Pictures/MIKUNI-pictures.zip,https://api.mybihr.com/medias/800601.pdf?context=bWFzdGVyfGRvY3VtZW50c3wyMjc1Nzh8YXBwbGljYXRpb24vcGRmfGFETTFMMmhsWXk4NU1EUXpOalEzTVRZNE5UUXlMemd3TURZd01RfDdjOWNiNDgzY2I0ZjRjM2FhYjFjNzNlZmY2OGFlMDExNTY4MjU4NGRiNzc0N2RjN2MwMjk1YzFlNWFmMTY3M2M,,Spain Warehouse (Parts)
1010581,MKU65,VM28/486-65,MIKUNI,MIKUN JET MKU 65MM,Chiclé de baja Mikuni VM28/486-65,9.68,8.00,5.20,VM28/486-65,5,8409910090,0,1,,,VEHICLE PARTS & ACCESSORIES,ENGINE PARTS,ENG. INTAKE,3,8,35,18,5,https://api.mybihr.com/medias/1010581-1-800Wx800H?context=bWFzdGVyfHJvb3R8MjE0NDd8aW1hZ2UvanBlZ3xhRE00TDJoaE1pODRPVFE1TVRBMU16STRNVFU0THpFd01UQTFPREV0TVY4NE1EQlhlRGd3TUVnfDA0ZGI3NjA1ZjgxMWQyYjJhOTE0MTc4NGYxMjA2Yzk3NTkxMDVjYjc5MzIwNmFjZGU0MmY5MTY5MTg5Y2NlOGU,,,,https://static.bihr.pro/eBihr/Pictures/MIKUNI-pictures.zip,,,Spain Warehouse (Parts)
1009913,MKA360,4/042-360,MIKUNI,MIKUN JET MKA 360MM,Chiclé de alta Mikuni 4/042-360,8.47,7.00,4.55,4/042-360,1,8409910090,0,1,,,VEHICLE PARTS & ACCESSORIES,ENGINE PARTS,ENG. INTAKE,2,5,20,10,10,https://api.mybihr.com/medias/1009913-1-800Wx800H?context=bWFzdGVyfHJvb3R8MjY1ODd8aW1hZ2UvanBlZ3xhR0psTDJnMU9TODRPVEE1TVRreE1qRTNNVGd5THpFd01EazVNVE10TVY4NE1EQlhlRGd3TUVnfGZhYWVlYTczYzk2YmJmYzllMTkyZTM0ZDA1OGIzNTQ1YTRlNDcyYWQ1OGUzMDE5ZWFjMDRkNDNkYzdjYWUyNTk,,,,https://static.bihr.pro/eBihr/Pictures/MIKUNI-pictures.zip,,,Spain Warehouse (Parts)
1009917,MKA400,4/042-400,MIKUNI,MIKUN JET MKA 400MM,Chiclé de alta Mikuni 4/042-400,8.47,7.00,4.55,4/042-400,1,8409910090,0,1,,,VEHICLE PARTS & ACCESSORIES,ENGINE PARTS,ENG. INTAKE,3,2,24,18,8,https://api.mybihr.com/medias/1009917-1-800Wx800H?context=bWFzdGVyfHJvb3R8MjY1ODd8aW1hZ2UvanBlZ3xhRE01TDJnMVppODRPVFk0T0RZM05qRXdOalUwTHpFd01EazVNVGN0TVY4NE1EQlhlRGd3TUVnfDcyZDdiNWE1ZDNiZjVmZTBkNzY2YzUxZjE0MDFlNjcxMGYzZTZkMDNiNjQxM2NmM2VmOWUxOTg1ZWYwMzIwNWM,,,,https://static.bihr.pro/eBihr/Pictures/MIKUNI-pictures.zip,,,Spain Warehouse (Parts)
1010636,825019,786-35015-1.5,MIKUNI,"MIKUN SPAREPARTS NEEDLE VALVE KIT 1,5",Válvula de aguja carburador Mikuni 1.5 SBN34-46,31.46,26.00,16.90,786-35015-1.5,2,8409910090,0,1,,,VEHICLE PARTS & ACCESSORIES,ENGINE PARTS,ENG. INTAKE,1,9,9,10,15,https://api.mybihr.com/medias/1010636-1-800Wx800H?context=bWFzdGVyfHJvb3R8MzkwNzh8aW1hZ2UvanBlZ3xhRFEwTDJoa055ODRPVFk0T0RnMk5qZ3hOak13THpFd01UQTJNell0TVY4NE1EQlhlRGd3TUVnfDFmZGE3YzliY2FkZDJkYWU3NmMzYWRlMzU3ZmQ3MzkyZmRjOWU5ZWRmMzEyMzQ5NTNiMzU5M2NiZWFkMGVmZjM,,,,https://static.bihr.pro/eBihr/Pictures/MIKUNI-pictures.zip,,,Spain Warehouse (Parts)
1009920,MKA430,4/042-430,MIKUNI,MIKUN JET MKA 430MM,Chiclé de alta Mikuni 4/042-430,8.47,7.00,4.55,4/042-430,1,8409910090,0,1,,,VEHICLE PARTS & ACCESSORIES,ENGINE PARTS,ENG. INTAKE,3,12,21,16,8,https://api.mybihr.com/medias/1009920-1-800Wx800H?context=bWFzdGVyfHJvb3R8MjY1ODd8aW1hZ2UvanBlZ3xhREF4TDJnd1lTODRPVFk0T0RZNE1EQXpPRGN3THpFd01EazVNakF0TVY4NE1EQlhlRGd3TUVnfGJlODNiNmFhMTY1NWY3OTdiYzUwYTljYTA1MzVjZDEyZGYwZGZiYzVjZjYwZDk1YTMwMzA0YTdlNGZlYmZhNTk,,,,https://static.bihr.pro/eBihr/Pictures/MIKUNI-pictures.zip,,,Spain Warehouse (Parts)
1009993,MKG47.5,H5-N151067-A47.5,MIKUNI,"MIKUN JET MKG 47,5MM",Chiclé de baja Mikuni H5-N151067-A47.5,9.68,8.00,5.20,H5-N151067-A47.5,0,8409910090,0,1,,,VEHICLE PARTS & ACCESSORIES,ENGINE PARTS,ENG. INTAKE,48,10,80,60,10,https://api.mybihr.com/medias/1009993-1-800Wx800H?context=bWFzdGVyfHJvb3R8MTA3NDJ8aW1hZ2UvanBlZ3xhRGhrTDJnNE5DODRPVFk0T0Rjd01UWTJOVFU0THpFd01EazVPVE10TVY4NE1EQlhlRGd3TUVnfGI0Y2EyYjAxMzVkN2E3OTAwMzBiM2ExMzgxMjdkOGY0ZjcyMWMwODk0ZmUxMzk4MTVhYzU4NDUyNTVjNWVjOWU,,,,https://static.bihr.pro/eBihr/Pictures/MIKUNI-pictures.zip,,,Spain Warehouse (Parts)
1009994,MKG50,H5-N151067-A50,MIKUNI,MIKUN JET MKG 50MM,Chiclé de baja Mikuni H5-N151067-A50,9.68,8.00,5.20,H5-N151067-A50,4,8409910090,0,1,,,VEHICLE PARTS & ACCESSORIES,ENGINE PARTS,ENG. INTAKE,48,10,80,60,10,https://api.mybihr.com/medias/1009994-1-800Wx800H?context=bWFzdGVyfHJvb3R8MjQ4Nzh8aW1hZ2UvanBlZ3xhR0pqTDJnM1pDODRPVFk0T0Rjd016WXpNVFkyTHpFd01EazVPVFF0TVY4NE1EQlhlRGd3TUVnfGJjNDM2MWNkYjhkMzA0ZTM3ZGI0MDAxNjMzNjA0YjllY2Q2NWY2M2U3NjJiYWY2MDk4N2I1MDAwM2IxMjczYzU,,,,https://static.bihr.pro/eBihr/Pictures/MIKUNI-pictures.zip,,,Spain Warehouse (Parts)
1009971,MKN1.1,BS30/97-1.1,MIKUNI,"MIKUN JET MKN 1,1MM",Chiclé de aire Mikuni BS30/97-1.1,8.47,7.00,4.55,BS30/97-1.1,1,8409910090,0,1,,,VEHICLE PARTS & ACCESSORIES,ENGINE PARTS,ENG. INTAKE,2,5,20,10,10,https://api.mybihr.com/medias/1009971-1-800Wx800H?context=bWFzdGVyfHJvb3R8Mjk2MDl8aW1hZ2UvanBlZ3xhRFprTDJoall5ODRPVEkyTkRFME5ETTRORE13THpFd01EazVOekV0TVY4NE1EQlhlRGd3TUVnfGM1MDI5ZDk1MzlhMjIyZDJmMDA0NjY2MmZkODExYjg0NDFjNjAwNDViY2ZhZjI5OWY2ODVkMzI0OGY3NWY4YWQ,,,,https://static.bihr.pro/eBihr/Pictures/MIKUNI-pictures.zip,,,Spain Warehouse (Parts)
1009928,MKA500,4/042-500,MIKUNI,MIKUN JET MKA 500MM,Chiclé de alta Mikuni 4/042-500,8.47,7.00,4.55,4/042-500,0,8409910090,0,1,,,VEHICLE PARTS & ACCESSORIES,ENGINE PARTS,ENG. INTAKE,8,100,20,20,20,https://api.mybihr.com/medias/1009928-1-800Wx800H?context=bWFzdGVyfHJvb3R8MjY1ODd8aW1hZ2UvanBlZ3xhRFEzTDJnMVppODRPVE0wT0RZd056Z3pOalEyTHpFd01EazVNamd0TVY4NE1EQlhlRGd3TUVnfDk4NzA5ODBmYjViMzBmMjViNmQ3NzIyNGU4YjA3YzBlYjc3YjEyZTI2NzdmZDNhNDY5MDBiYjc0YzUyNjA5OWQ,,,,https://static.bihr.pro/eBihr/Pictures/MIKUNI-pictures.zip,,,Spain Warehouse (Parts)
1010646,825028,786-36011-3.8,MIKUNI,"MIKUN SPAREPARTS NEEDLE VALVE KIT 3,8",Válvula de aguja carburador Mikuni 3.8 TM36-15 TM36-31/TM40-6,27.83,23.00,14.95,786-36011-3.8,1,8409910090,0,1,,,VEHICLE PARTS & ACCESSORIES,ENGINE PARTS,ENG. INTAKE,1,10,9,10,15,https://api.mybihr.com/medias/800Wx800H-1010646-1.jpg?context=bWFzdGVyfHJvb3R8MjE0NzV8aW1hZ2UvanBlZ3xhR1V4TDJoa1l5ODJPREEzTmpJME56VTRNRGN3TWk4NE1EQlhlRGd3TUVoZk1UQXhNRFkwTmkweExtcHdad3w5OTk5Y2NiZjNjMDJkNDFlYjAxMTA2YjM0NTM4YzNmNWMzZDZjMDJkMzc0MGYzOGJhOWM0NzQyNWVlMGJmMDIx,,,,https://static.bihr.pro/eBihr/Pictures/MIKUNI-pictures.zip,,,Spain Warehouse (Parts)
1009930,MKA540,4/042-540,MIKUNI,MIKUN JET MKA 540MM,Chiclé de alta Mikuni 4/042-540,8.47,7.00,4.55,4/042-540,1,8409910090,0,1,,,VEHICLE PARTS & ACCESSORIES,ENGINE PARTS,ENG. INTAKE,3,2,22,18,8,https://api.mybihr.com/medias/1009930-1-800Wx800H?context=bWFzdGVyfHJvb3R8MjY1ODd8aW1hZ2UvanBlZ3xhR014TDJneE1pODRPVFV6TWpNek9UWTFNRGcyTHpFd01EazVNekF0TVY4NE1EQlhlRGd3TUVnfDYxYzE5YjEwMzk4Y2JjYjNlOGQwOWU0OGQxYWE5NmE5MWU4NDIxMzg3MDg1NzY3MzY1ZDJmMGFhN2VhZmFkOTk,,,,https://static.bihr.pro/eBihr/Pictures/MIKUNI-pictures.zip,,,Spain Warehouse (Parts)
1009931,MKA55,4/042-55,MIKUNI,MIKUN JET MKA 55MM,Chiclé de alta Mikuni 4/042-55,8.47,7.00,4.55,4/042-55,4,8409910090,0,1,,,VEHICLE PARTS & ACCESSORIES,ENGINE PARTS,ENG. INTAKE,48,10,80,60,10,https://api.mybihr.com/medias/1009931-1-800Wx800H?context=bWFzdGVyfHJvb3R8MjY1ODd8aW1hZ2UvanBlZ3xhR1l6TDJnNE9DODRPVEE0TWprNE5UVXhNekkyTHpFd01EazVNekV0TVY4NE1EQlhlRGd3TUVnfGIxOTVhYTc1ZDMyZDZmODJhNGZlYzQ0ZDBlMDczNDRkY2YyODczZjlhYjE2YmVhZWEzYTZmMDkyMDMxNzlkMzI,,,,https://static.bihr.pro/eBihr/Pictures/MIKUNI-pictures.zip,,,Spain Warehouse (Parts)
1010650,825016,786-46001-3.3,MIKUNI,"MIKUN SPAREPARTS NEEDLE VALVE KIT 3,3",Válvula de aguja carburador Mikuni 3.3 TM32-38,31.46,26.00,16.90,786-46001-3.3,0,8409910090,0,1,,,VEHICLE PARTS & ACCESSORIES,ENGINE PARTS,ENG. INTAKE,1,10,9,10,15,https://api.mybihr.com/medias/1010650-1-800Wx800H?context=bWFzdGVyfHJvb3R8Mjk0ODJ8aW1hZ2UvanBlZ3xhRE00TDJoak1TODRPVEkwTURnMk16TTNOVFkyTHpFd01UQTJOVEF0TVY4NE1EQlhlRGd3TUVnfGYxODEwOGYyYjFmNjMxYjFkMjliN2I2MTZhZTQ3ZmVmOTljZWI1YjBiMjA5ZWZhMjQ4MmJmNGQzMmE2YWMyNTU,,,,https://static.bihr.pro/eBihr/Pictures/MIKUNI-pictures.zip,,,Spain Warehouse (Parts)
1010651,825017,786-46001-3.5,MIKUNI,"MIKUN SPAREPARTS NEEDLE VALVE KIT 3,5",Válvula de aguja carburador Mikuni 3.5 TM32-38,31.46,26.00,16.90,786-46001-3.5,1,8409910090,0,1,,,VEHICLE PARTS & ACCESSORIES,ENGINE PARTS,ENG. INTAKE,1,10,9,10,15,https://api.mybihr.com/medias/1010651-1-800Wx800H?context=bWFzdGVyfHJvb3R8Mjk0ODJ8aW1hZ2UvanBlZ3xhR1k1TDJnMk15ODRPVFExTnpNMk9UQTRPRE13THpFd01UQTJOVEV0TVY4NE1EQlhlRGd3TUVnfDZkZjBjMGVjYjIxODJhNWM0ODFlZTU1MzI0ZjljYjhlNWQxMTI3ZWY2MTBhMGUwODE1YmIzNWI2MjY5YjMzMjQ,,,,https://static.bihr.pro/eBihr/Pictures/MIKUNI-pictures.zip,,,Spain Warehouse (Parts)
1010587,6EJ12-57,J8-6EJ12-57,MIKUNI,MIKUN NEEDLE,Aguja de carburador Mikuni J8-6EJ12-57,16.94,14.00,9.10,J8-6EJ12-57,0,8409910090,0,1,,,VEHICLE PARTS & ACCESSORIES,ENGINE PARTS,ENG. INTAKE,1,5,5,5,50,https://api.mybihr.com/medias/1010587-1-800Wx800H?context=bWFzdGVyfHJvb3R8NDc5ODF8aW1hZ2UvanBlZ3xhR1l6TDJobVpTODRPRGN6TXpJNU9ERTVOamM0THpFd01UQTFPRGN0TVY4NE1EQlhlRGd3TUVnfGRhMDRlYzExNWVmZmU4OWU0ODA3OTFlZTRiZTFkMjQ4OThjNzBhNjcwOGI0OTAwN2EzNzUzMTljNjI1ZGM5ZTM,,,,https://static.bihr.pro/eBihr/Pictures/MIKUNI-pictures.zip,,,Spain Warehouse (Parts)
1009947,MKA90,4/042-90,MIKUNI,MIKUN JET MKA 90MM,Chiclé de alta Mikuni 4/042-90,8.47,7.00,4.55,4/042-90,1,8409910090,0,1,,,VEHICLE PARTS & ACCESSORIES,ENGINE PARTS,ENG. INTAKE,48,10,80,60,10,https://api.mybihr.com/medias/1009947-1-800Wx800H?context=bWFzdGVyfHJvb3R8MjY1ODd8aW1hZ2UvanBlZ3xhRGhsTDJnMk1DODRPVEE1TVRreE5ERXpOemt3THpFd01EazVORGN0TVY4NE1EQlhlRGd3TUVnfDE3MzMzYjgxZmJlM2UwYjY4MzBiYWZhZjhhMTQ3MzU0MDc0NmFjYzc3YmIzZDdhMGQyNGQzMmFjY2QzN2M2NWY,,,,https://static.bihr.pro/eBihr/Pictures/MIKUNI-pictures.zip,,,Spain Warehouse (Parts)
1009949,MKM30,BS30/96-030,MIKUNI,MIKUN JET MKM 30MM,Chiclé de baja Mikuni BS30/96-030,9.68,8.00,5.20,BS30/96-030,3,8409910090,0,1,,,VEHICLE PARTS & ACCESSORIES,ENGINE PARTS,ENG. INTAKE,48,10,80,60,10,https://api.mybihr.com/medias/1009949-1-800Wx800H?context=bWFzdGVyfHJvb3R8MjU1MjJ8aW1hZ2UvanBlZ3xhR0pqTDJoaFpTODRPVE0wTnpnek5qUTNOemMwTHpFd01EazVORGt0TVY4NE1EQlhlRGd3TUVnfDFjMTlkMzkzNWZkZmRkYWNlNjM0NGMzMThiYzIyMWRkYmMwYThlMjJiMTRhODY3OGUzZTUyOWMxMjIxOGZhMzM,,,,https://static.bihr.pro/eBihr/Pictures/MIKUNI-pictures.zip,,,Spain Warehouse (Parts)
1009950,MKM32.5,BS30/96-032.5,MIKUNI,"MIKUN JET MKM 32,5MM",Chiclé de baja Mikuni BS30/96-032.5,9.68,8.00,5.20,BS30/96-032.5,4,8409910090,0,1,,,VEHICLE PARTS & ACCESSORIES,ENGINE PARTS,ENG. INTAKE,8,105,20,20,20,https://api.mybihr.com/medias/1009950-1-800Wx800H?context=bWFzdGVyfHJvb3R8MjU1MjJ8aW1hZ2UvanBlZ3xhREJrTDJnM05DODRPVEkyTkRJMU5qUTFNRGcyTHpFd01EazVOVEF0TVY4NE1EQlhlRGd3TUVnfDgyMTc4ODExYjA3ZTYzOWQ4MjZhMDY4MDA4NjQzZmQzYmE5ZmQxNDMyODlmY2NmZDk0NzBkNWQ4YjEyZDU4OTU,,,,https://static.bihr.pro/eBihr/Pictures/MIKUNI-pictures.zip,,,Spain Warehouse (Parts)
1009985,MKN2.0,BS30/97-2.0,MIKUNI,"MIKUN JET MKN 2,0MM",Chiclé de aire Mikuni BS30/97-2.0,8.47,7.00,4.55,BS30/97-2.0,0,8409910090,0,1,,,VEHICLE PARTS & ACCESSORIES,ENGINE PARTS,ENG. INTAKE,0,2,5,2,2,https://api.mybihr.com/medias/1009985-1-800Wx800H?context=bWFzdGVyfHJvb3R8Mjk2MDl8aW1hZ2UvanBlZ3xhR1JrTDJnd1pTODRPVFk0T0RZNE56a3dNekF5THpFd01EazVPRFV0TVY4NE1EQlhlRGd3TUVnfGViNTIyMGI4MGI5MGEyNWYzNmU1MzRmYTZmMmExYzdiYjBjN2FkMGY5OGYzYTQwMjVlZmUxY2Q5NjQ1M2IyMjc,,,,https://static.bihr.pro/eBihr/Pictures/MIKUNI-pictures.zip,,,Spain Warehouse (Parts)
1009986,MKG30,H5-N151067-A30,MIKUNI,MIKUN JET MKG 30MM,Chiclé de baja Mikuni H5-N151067-A30,9.68,8.00,5.20,H5-N151067-A30,3,8409910090,0,1,,,VEHICLE PARTS & ACCESSORIES,ENGINE PARTS,ENG. INTAKE,2,10,20,10,10,https://api.mybihr.com/medias/1009986-1-800Wx800H?context=bWFzdGVyfHJvb3R8MjQ4Nzh8aW1hZ2UvanBlZ3xhRGxoTDJneE5TODRPVFk0T0RZNE9UZzJPVEV3THpFd01EazVPRFl0TVY4NE1EQlhlRGd3TUVnfDYwM2M4ZTViOTA4NDFjYWM0MjdiMzFlY2VhMjBmNzAyMjVlYTQ2NWNiNzhlNGEwOGFhMjIzZDAyNTFhYWRlYmU,,,,https://static.bihr.pro/eBihr/Pictures/MIKUNI-pictures.zip,,,Spain Warehouse (Parts)
1009989,MKG37.5,H5-N151067-A37.5,MIKUNI,"MIKUN JET MKG 37,5MM",Chiclé de baja Mikuni H5-N151067-A37.5,9.68,8.00,5.20,H5-N151067-A37.5,2,8409910090,0,1,,,VEHICLE PARTS & ACCESSORIES,ENGINE PARTS,ENG. INTAKE,2,2,28,16,5,https://api.mybihr.com/medias/1009989-1-800Wx800H?context=bWFzdGVyfHJvb3R8MjQ4Nzh8aW1hZ2UvanBlZ3xhR1UyTDJnMllTODRPVFk0T0RZNU16Z3dNVEkyTHpFd01EazVPRGt0TVY4NE1EQlhlRGd3TUVnfGUwZTk1ZjdmNzBkOTgzODMzY2M5MzgzNjFiYzE4OGYzOTY3ZTFlNzQ3NDY3NzdjNTcxYjVlNmMyOTY2Y2UxZGY,,,,https://static.bihr.pro/eBihr/Pictures/MIKUNI-pictures.zip,,,Spain Warehouse (Parts)
1009992,MKG45,H5-N151067-A45,MIKUNI,MIKUN JET MKG 45MM,Chiclé de baja Mikuni H5-N151067-A45,9.68,8.00,5.20,H5-N151067-A45,0,8409910090,0,1,,,VEHICLE PARTS & ACCESSORIES,ENGINE PARTS,ENG. INTAKE,2,2,23,16,5,https://api.mybihr.com/medias/1009992-1-800Wx800H?context=bWFzdGVyfHJvb3R8MjQ4Nzh8aW1hZ2UvanBlZ3xhRE14TDJnM1ppODRPVFk0T0RZNU9UWTVPVFV3THpFd01EazVPVEl0TVY4NE1EQlhlRGd3TUVnfGIxOGFkODBlMWFmMTYxYjQ1MTM2MWZiZWVmNTRmNDU1N2NhOTExYTRhNWUyN2IwZmUxOGE3NTc1YzVhMzhkOGQ,,,,https://static.bihr.pro/eBihr/Pictures/MIKUNI-pictures.zip,,,Spain Warehouse (Parts)
1009987,MKG32.5,H5-N151067-A32.5,MIKUNI,"MIKUN JET MKG 32,5MM",Chiclé de baja Mikuni H5-N151067-A32.5,9.68,8.00,5.20,H5-N151067-A32.5,4,8409910090,0,1,,,VEHICLE PARTS & ACCESSORIES,ENGINE PARTS,ENG. INTAKE,2,5,20,10,10,https://api.mybihr.com/medias/1009987-1-800Wx800H?context=bWFzdGVyfHJvb3R8MjQ4Nzh8aW1hZ2UvanBlZ3xhREUyTDJnMk5DODRPVFk0T0RZNU1UZ3pOVEU0THpFd01EazVPRGN0TVY4NE1EQlhlRGd3TUVnfDFjOGQ0ZjRlZmQzNjljNTc3ZmQyMTlmNjM5MDAyZDk2M2M3ZWUxZWI0OWEzNjg3Nzk2NGMxMmMzZTAzOTQ2Y2M,,,,https://static.bihr.pro/eBihr/Pictures/MIKUNI-pictures.zip,,,Spain Warehouse (Parts)
1009991,MKG42.5,H5-N151067-A42.5,MIKUNI,"MIKUN JET MKG 42,5MM",Chiclé de baja Mikuni H5-N151067-A42.5,9.68,8.00,5.20,H5-N151067-A42.5,1,8409910090,0,1,,,VEHICLE PARTS & ACCESSORIES,ENGINE PARTS,ENG. INTAKE,2,5,20,10,10,https://api.mybihr.com/medias/1009991-1-800Wx800H?context=bWFzdGVyfHJvb3R8MjQ4Nzh8aW1hZ2UvanBlZ3xhRGMwTDJnM09DODRPVFk0T0RZNU56Y3pNelF5THpFd01EazVPVEV0TVY4NE1EQlhlRGd3TUVnfDczMjliYmE4ZjExZTU3NTg4M2NmYmFjNjU5ZWFlYTM0YWYyOThiZGM5MDJhOWQ0OTVlNjM2ZDAyN2EyZmJlZmU,,,,https://static.bihr.pro/eBihr/Pictures/MIKUNI-pictures.zip,,,Spain Warehouse (Parts)
1017984,,TM40-XBR500,MIKUNI,MIKUN CARBURETOR TM40/6,MIKUNI TM Ø40mm Carburetor,611.05,505.00,328.25,12600004,0,8714109090,0,1,"<html> <head> <meta http-equiv=""Content-Type"" content=""text/html; charset=utf-8""><title> </title> <style type=""text/css"">.cs95E872D0{text-align:left;margin:0pt 0pt 0pt 0pt;}.csA7555675{color:#000;background-color:transparent;font-weight:normal;font-style:normal;}.csC57700C4{color:#000;background-color:transparent;font-weight:bold;font-style:normal;}.cs4FC7BF42{text-align:left;margin:0pt 0pt 0pt 0pt;list-style-type:disc;color:#000;background-color:transparent;font-weight:normal;font-style:normal;}</style> </head> <body> <p>G<a id=""_dx_frag_StartFragment""></a>enuine Mikuni high quality carburetor kit. This carb offers a serious performance increase over the stock carburetor: better throttle response and more power over the entire rpm range. Besides that, if offers easier starting and easier tuning.</p><p> </p><p>Features :</p><p> </p><ul> <li>Mikuni TM40-6 flatslide racing carburetor</li><li>With choke (fits stock choke cable)</li><li>With accelerator pump</li><li>With press-fitted adapters (front and back)</li><li>Directly fits without modifications</li><li>Stock inner throttle cables need to be shortened (nipples are included)</li><li>Comes prejetted for the XBR</li><li>Includes extra jets for fine-tuning.<a id=""_dx_frag_EndFragment""></a></li></ul> </body> </html>","       Genuine Mikuni high quality carburetor kit. This carb offers a serious performance increase over the stock carburetor: better throttle response and more power over the entire rpm range. Besides that, if offers easier starting and easier tuning. Features :  Mikuni TM40-6 flatslide racing carburetorWith choke (fits stock choke cable)With accelerator pumpWith press-fitted adapters (front and back)Directly fits without modificationsStock inner throttle cables need to be shortened (nipples are included)Comes prejetted for the XBRIncludes extra jets for fine-tuning.  ",VEHICLE PARTS & ACCESSORIES,ENGINE PARTS,ENG. INTAKE,1,100,10,10,10,https://api.mybihr.com/medias/1017984-1-800Wx800H?context=bWFzdGVyfHJvb3R8NzUwMzl8aW1hZ2UvanBlZ3xhR1F5TDJneE9DODRPVFExTnpRd05qUTBNemd5THpFd01UYzVPRFF0TVY4NE1EQlhlRGd3TUVnfDM5MzFmNzg5Yzg0Y2VkZTFjNTFkOGQxZTI5NGFkZGIyMGE3ZmJjNmExN2M5OThjMDk0YmQ3MWNiMzdjMmMwN2E,,,,https://static.bihr.pro/eBihr/Pictures/MIKUNI-pictures.zip,,,France Warehouse (Parts)
1018121,,M-VM28-200K,MIKUNI,MIKUN SPAREPARTS INFLET FLANGE 28MM,Colector de admisión MIKUNI 28MM,35.09,29.00,18.85,824033,0,8409910090,0,1,"<ul>
<li>Spacing (mm) : 60</li>
<li>Fitting (mm) : 35</li>
<li>Passages (mm) : 30</li>
<li>Total length (mm) : 28</li>
<li>&Oslash; carburetor : 26-28</li>
</ul>","
Spacing (mm) : 60
Fitting (mm) : 35
Passages (mm) : 30
Total length (mm) : 28
Ø carburetor : 26-28
",VEHICLE PARTS & ACCESSORIES,ENGINE PARTS,ENG. INTAKE,156,60,84,58,32,https://api.mybihr.com/medias/1018121-1-800Wx800H?context=bWFzdGVyfHJvb3R8MzIyMTd8aW1hZ2UvanBlZ3xhR0U1TDJoaVlpODRPVEkyTnpnd05qZzJNelkyTHpFd01UZ3hNakV0TVY4NE1EQlhlRGd3TUVnfGQxZTA2ZWNkN2JmYTA2M2M3NmQ5MDA0Njk3MDNmNjhmNzlkYzU3OTA1ODdlNjYxMjNkMmQwOTg2N2ZhOWNhYTk,,,,https://static.bihr.pro/eBihr/Pictures/MIKUNI-pictures.zip,,,Spain Warehouse (Parts)
1018124,,M-VM40-200K,MIKUNI,MIKUN SPAREPARTS INFLET FLANGE 40MM,Colector de admisión MIKUNI 40MM,42.35,35.00,22.75,824038,1,8409910090,0,1,"<ul>
<li>Spacing (mm) : 75</li>
<li>Fitting (mm) : 52</li>
<li>Passages (mm) : 46</li>
<li>Total length (mm) : 32</li>
<li>&Oslash; carburetor : 40-44</li>
</ul>","
Spacing (mm) : 75
Fitting (mm) : 52
Passages (mm) : 46
Total length (mm) : 32
Ø carburetor : 40-44
",VEHICLE PARTS & ACCESSORIES,ENGINE PARTS,ENG. INTAKE,208,182,73,89,32,https://api.mybihr.com/medias/1018124-1-800Wx800H?context=bWFzdGVyfHJvb3R8MzIyMTd8aW1hZ2UvanBlZ3xhR0pqTDJnNVlpODRPVFE1TURBMk1qTTNOekkyTHpFd01UZ3hNalF0TVY4NE1EQlhlRGd3TUVnfDU2Zjc4MDY2YTIwMDBkNjA5OTI4OTkwNjc2MzI2YzI0NjA4Mjg5YTI4ZTYyOTVmM2Q1ZDdkMjM2MGRmYjY2MzE,,,,https://static.bihr.pro/eBihr/Pictures/MIKUNI-pictures.zip,,,Spain Warehouse (Parts)
1018103,,42-8,MIKUNI,MIKUN CARBURETOR HS42,MIKUNI HSR Easy Kit Ø42mm Carburetor,970.42,802.00,521.30,800215,2,8409910090,0,1,Quick to fit on intake manifold and OEM air filter.,Quick to fit on intake manifold and OEM air filter.,VEHICLE PARTS & ACCESSORIES,ENGINE PARTS,ENG. INTAKE,14183,4018,413,223,154,,,,,https://static.bihr.pro/eBihr/Pictures/MIKUNI-pictures.zip,,,France Warehouse (Parts)
1018107,,KHS-016,MIKUNI,MIKUN REPAIRKIT HSR42-45,Kit de reparación de carburador MIKUNI HSR42-45,58.08,48.00,31.20,823025,0,8409910090,0,1,,,VEHICLE PARTS & ACCESSORIES,ENGINE PARTS,ENG. INTAKE,150,14,100,75,20,,,,,https://static.bihr.pro/eBihr/Pictures/MIKUNI-pictures.zip,,,Spain Warehouse (Parts)
1010240,MKC115,N100604-115,MIKUNI,MIKUN JET MKC 115MM,Chiclé de alta Mikuni N100604-115,7.26,6.00,3.90,N100604-115,1,8409910090,0,1,,,VEHICLE PARTS & ACCESSORIES,ENGINE PARTS,ENG. INTAKE,4,5,16,16,16,https://api.mybihr.com/medias/1010240-1-800Wx800H?context=bWFzdGVyfHJvb3R8MjM1OTV8aW1hZ2UvanBlZ3xhREkxTDJneE5DODRPVFk0T0RjeE16UTJNakEyTHpFd01UQXlOREF0TVY4NE1EQlhlRGd3TUVnfDc3NjVjNGJiM2Q2MGQ4N2YyMmRkZDIxZGYxZDY2ODgxMmQ0YjViNGNkMzQ4M2M3ZmViYTRlZTY1Nzg3ZGRhNjQ,,,,https://static.bihr.pro/eBihr/Pictures/MIKUNI-pictures.zip,,,Spain Warehouse (Parts)
1010273,MKC200,N100604-200,MIKUNI,MIKUN JET MKC 200MM,Chiclé de alta Mikuni N100604-200,7.26,6.00,3.90,N100604-200,2,8409910090,0,1,,,VEHICLE PARTS & ACCESSORIES,ENGINE PARTS,ENG. INTAKE,8,105,20,20,20,https://api.mybihr.com/medias/1010273-1-800Wx800H?context=bWFzdGVyfHJvb3R8MjM1OTV8aW1hZ2UvanBlZ3xhR1psTDJnek5DODRPVFE1TVRFME5UWTROek0wTHpFd01UQXlOek10TVY4NE1EQlhlRGd3TUVnfGU3OTA2MTMzNzYxYjc1ZDU4ZTNkOWY5YWRhOWQ2ZmQ3OTUxMGUzOTVjNWE5YzlmMTc3MTVmODkzOGEwZDRkYWY,,,,https://static.bihr.pro/eBihr/Pictures/MIKUNI-pictures.zip,,,Spain Warehouse (Parts)
1010236,MKC105,N100604-105,MIKUNI,MIKUN JET MKC 105MM,Chiclé de alta Mikuni N100604-105,7.26,6.00,3.90,N100604-105,6,8409910090,0,1,,,VEHICLE PARTS & ACCESSORIES,ENGINE PARTS,ENG. INTAKE,8,5,20,20,20,https://api.mybihr.com/medias/1010236-1-800Wx800H?context=bWFzdGVyfHJvb3R8MjM1OTV8aW1hZ2UvanBlZ3xhR05oTDJoaU1TODRPVEE0TkRBMk16VTRNRFEyTHpFd01UQXlNell0TVY4NE1EQlhlRGd3TUVnfGRjNDVkZDFjYTY5MDU4MGYzYjA5NGRiM2I2NTExMzZkZjI5Y2RiZjM0YTQxZDQ5MGUyMzI0OWJiYTI5NWU5OTg,,,,https://static.bihr.pro/eBihr/Pictures/MIKUNI-pictures.zip,,,Spain Warehouse (Parts)
1010742,822001,N133206,MIKUNI,MIKUN SPAREPARTS SPRING,Muelle Mikuni para HSR42/45 / TMR42/45 RS34 A 40/ TM36-40/ VM16,3.63,3.00,1.95,N133206,1,8409910090,0,1,,,VEHICLE PARTS & ACCESSORIES,ENGINE PARTS,ENG. INTAKE,8,15,20,20,20,https://api.mybihr.com/medias/1010742-1-800Wx800H?context=bWFzdGVyfHJvb3R8MzgyODJ8aW1hZ2UvanBlZ3xhR1ExTDJneFpTODRPVEF4TWpJNU16RTBNRGM0THpFd01UQTNOREl0TVY4NE1EQlhlRGd3TUVnfGEzNzM5YmE1M2M0NTNkMzhkMGU4YzQ3YmRlYzNhYzllODdlNTY3OTA0MDAwODRlZWFjZTM3NjgwYTI3NDM3ZDA,,,,https://static.bihr.pro/eBihr/Pictures/MIKUNI-pictures.zip,,,Spain Warehouse (Parts)
1010249,MKC137.5,N100604-1375,MIKUNI,"MIKUN JET MKC 137,5MM","Chiclé de alta Mikuni N100604-137,5",7.26,6.00,3.90,N100604-1375,2,8409910090,0,1,,,VEHICLE PARTS & ACCESSORIES,ENGINE PARTS,ENG. INTAKE,2,5,20,10,10,https://api.mybihr.com/medias/1010249-1-800Wx800H?context=bWFzdGVyfHJvb3R8MjM1OTV8aW1hZ2UvanBlZ3xhRGcwTDJnd1lpODRPVE0wT1RFNE1Ua3pNVGd5THpFd01UQXlORGt0TVY4NE1EQlhlRGd3TUVnfDRkMDUwMWQ1OGU0OTE1ZTc0MGM1MTA4ZjBlZDc5MzM4N2M4NmI3NjJiYjU0Y2MwYWU4Y2I3ZDNkMWRiOGQ3NTU,,,,https://static.bihr.pro/eBihr/Pictures/MIKUNI-pictures.zip,,,Spain Warehouse (Parts)
1010251,MKC142.5,N100604-1425,MIKUNI,"MIKUN JET MKC 142,5MM","Chiclé de alta Mikuni N100604-142,5",7.26,6.00,3.90,N100604-1425,2,8409910090,0,1,,,VEHICLE PARTS & ACCESSORIES,ENGINE PARTS,ENG. INTAKE,6,105,20,20,15,https://api.mybihr.com/medias/1010251-1-800Wx800H?context=bWFzdGVyfHJvb3R8MjM1OTV8aW1hZ2UvanBlZ3xhREV4TDJnMk15ODRPVFk0T0RjeU56SXlORFl5THpFd01UQXlOVEV0TVY4NE1EQlhlRGd3TUVnfDI1NGExZmVjMTk3ZDJmMGY3Y2FiN2ZkY2ZjN2Q3MTdiNmZiN2NjZjE1ZjNkNDA5M2U5NDAyMjlmMDc4NTFiYmM,,,,https://static.bihr.pro/eBihr/Pictures/MIKUNI-pictures.zip,,,Spain Warehouse (Parts)
1010934,821031,VM36/20,MIKUNI,MIKUN SPAREPARTS BOWL GASKET,Junta de cuba carburador Mikuni VM 36 / 44,6.05,5.00,3.25,VM36/20,0,8409910090,0,1,,,VEHICLE PARTS & ACCESSORIES,ENGINE PARTS,ENG. INTAKE,17,100,68,64,4,https://api.mybihr.com/medias/800Wx800H-1010934-1.jpg?context=bWFzdGVyfHJvb3R8Mjk5MDd8aW1hZ2UvanBlZ3xhREppTDJnMk5pOHpNekV6TVRNME56a3pOVEkyTWk4NE1EQlhlRGd3TUVoZk1UQXhNRGt6TkMweExtcHdad3xkNjg0MDYxZmQ0N2E0ZjBjNTFiODY0NWQwNGVmZjRhMDQ1Nzc5NTVlNzllN2Q1N2UwM2JiZDNmOWVhYWE3MzRm,,,,https://static.bihr.pro/eBihr/Pictures/MIKUNI-pictures.zip,,,Spain Warehouse (Parts)
1009867,800003,VM26-8637,MIKUNI,MIKUN CARBURETOR VM 26,Carburador Mikuni VM26 tornillo a derechas MKA140 MKP30 MKN0.5 5C23 182-O2,181.50,150.00,97.50,VM26-637,0,8409910090,0,1,"<html> <head> <meta http-equiv=""Content-Type"" content=""text/html; charset=utf-8""><title> </title> <style type=""text/css"">.cs95E872D0{text-align:left;margin:0pt 0pt 0pt 0pt;}.csC235ED31{color:#000;background-color:transparent;font-weight:normal;font-style:normal;}</style> </head> <body> <p>A huge selection of models and diameters with numerous possibilities, has popularized the MIKUNI VM as the quintessential replacement carburetor. Removable round valve throttle slide, jets and well needles make this a carburetor of great simplicity to adjust. </p><p> </p></body> </html>","       A huge selection of models and diameters with numerous possibilities, has popularized the MIKUNI VM as the quintessential replacement carburetor. Removable round valve throttle slide, jets and well needles make this a carburetor of great simplicity to adjust.   ",VEHICLE PARTS & ACCESSORIES,ENGINE PARTS,ENG. INTAKE,2271,555,110,178,116,https://api.mybihr.com/medias/800Wx800H-1009867-1.jpg?context=bWFzdGVyfHJvb3R8NTcwODd8aW1hZ2UvanBlZ3xhR05qTDJoa055OHpNekV6TVRFeU5qSTVNalV4TUM4NE1EQlhlRGd3TUVoZk1UQXdPVGcyTnkweExtcHdad3w2YWEzZjgyMWQ1MzI0YmUxZDFkNzIwZjFkYWUwMTlmMTg2OTYzMTY3MDAxNGI0ZWY1N2NiMWE2YjA3ZGViYTNj,,,,https://static.bihr.pro/eBihr/Pictures/MIKUNI-pictures.zip,https://api.mybihr.com/medias/800003.pdf?context=bWFzdGVyfGRvY3VtZW50c3wyMjYxNjB8YXBwbGljYXRpb24vcGRmfGFEa3dMMmcxTkM4NU1EUXpOalExTnpVNU5URTRMemd3TURBd013fDZlOWY1MDUxMGE3NjI2YmI3YmY4MzI3NzI4YWVjMjE0NWMzMGRmNzYwMzUwMTRiNjE0Y2Q2OWZlMTEyMzBmODY,,Spain Warehouse (Parts)
1009874,800013,VM36-4,MIKUNI,MIKUN CARBURETOR VM 36,Carburador Mikuni VM36 standard MKA310 MKP35 MKN2.0 6FJ06 159-Q2,202.07,167.00,108.55,VM36-4,0,8409910090,0,1,"<html> <head> <meta http-equiv=""Content-Type"" content=""text/html; charset=utf-8""><title> </title> <style type=""text/css"">.cs95E872D0{text-align:left;margin:0pt 0pt 0pt 0pt;}.csC235ED31{color:#000;background-color:transparent;font-weight:normal;font-style:normal;}</style> </head> <body> <p>A huge selection of models and diameters with numerous possibilities, has popularized the MIKUNI VM as the quintessential replacement carburetor. Removable round valve throttle slide, jets and well needles make this a carburetor of great simplicity to adjust. </p><p> </p></body> </html>","       A huge selection of models and diameters with numerous possibilities, has popularized the MIKUNI VM as the quintessential replacement carburetor. Removable round valve throttle slide, jets and well needles make this a carburetor of great simplicity to adjust.   ",VEHICLE PARTS & ACCESSORIES,ENGINE PARTS,ENG. INTAKE,2271,905,110,178,116,https://api.mybihr.com/medias/800Wx800H-1009874-1.jpg?context=bWFzdGVyfHJvb3R8NzYyMzJ8aW1hZ2UvanBlZ3xhR1psTDJobFlpODRNVGczTlRNMk1qWTBNems1T0M4NE1EQlhlRGd3TUVoZk1UQXdPVGczTkMweExtcHdad3xjMzk3Zjk5ZjIzOTBlNmEyODFiODA2MDhkZDY0NmExNDkyNmM2NDJhNmU1YTg2MmNjOWYwMDdlODcxZTJlOTFm,https://api.mybihr.com/medias/800Wx800H-1009874-2.jpg?context=bWFzdGVyfHJvb3R8Nzc0NzF8aW1hZ2UvanBlZ3xhR05qTDJobU5TODRNVGczTlRNMk1qa3dOakUwTWk4NE1EQlhlRGd3TUVoZk1UQXdPVGczTkMweUxtcHdad3xlMDlhYTAxMDNkZmMyMmRlZGU0MTA4YWE4YTcwMWY2OTAxYWY5MjJkY2I1YmZhNTA0OGMyYTc0ODBhMmQyMTQz,https://api.mybihr.com/medias/800Wx800H-1009874-3.jpg?context=bWFzdGVyfHJvb3R8ODA4NDJ8aW1hZ2UvanBlZ3xhRFJoTDJoaU55ODRNVGczTlRNMk16STVPVE0xT0M4NE1EQlhlRGd3TUVoZk1UQXdPVGczTkMwekxtcHdad3w1YzQ1NjMzNzRlYzVlMzBjMjk2ZDc3YTA1MmJhMWNhNjUyOWUzZDExM2Y4NDgzNzQ1YjE5NjRiYjMzZDY5NmRh,https://api.mybihr.com/medias/800Wx800H-1009874-4.jpg?context=bWFzdGVyfHJvb3R8NjI2MTB8aW1hZ2UvanBlZ3xhR0U1TDJoaE9TODRNVGczTlRNMk16WTVNalUzTkM4NE1EQlhlRGd3TUVoZk1UQXdPVGczTkMwMExtcHdad3wxNjQ4Nzc1ODg5YzU2NzgyMDUxNTBiZmU5ZDg0MGY5ZTE1ZDVjNjZjMjE5ZGM3YWNkMjhlNzg0MmIwYTQ0ODA5,https://static.bihr.pro/eBihr/Pictures/MIKUNI-pictures.zip,https://api.mybihr.com/medias/800013.pdf?context=bWFzdGVyfGRvY3VtZW50c3wyMjYxNjB8YXBwbGljYXRpb24vcGRmfGFETXhMMmd6WXk4NU5qTTBOVFkyTVRjMk56azRMemd3TURBeE13fDMyNTM0MWM1N2Y1Y2VhODdhZDFlZGMwNmIzMmNhZTIwZmY0ZTg0NTg1YjYzMWJiODVkZjlhOGRjMjFjNjc2N2U,,Spain Warehouse (Parts)
1009878,MKA105,4/042-105,MIKUNI,MIKUN JET MKA 105MM,Chiclé de alta Mikuni 4/042-105,8.47,7.00,4.55,4/042-105,3,8409910090,0,1,,,VEHICLE PARTS & ACCESSORIES,ENGINE PARTS,ENG. INTAKE,4,5,16,16,16,https://api.mybihr.com/medias/1009878-1-800Wx800H?context=bWFzdGVyfHJvb3R8MjY3MTN8aW1hZ2UvanBlZ3xhRFV4TDJoaU5TODRPVFV6TVRrM09UZzFPREl5THpFd01EazROemd0TVY4NE1EQlhlRGd3TUVnfDNhNTFiYTUxODNhZDkwMjNlOWJiZjcyZmY4MjNiMmZlMWVmM2JlZWE4OTExOWVlNGIwYmE2Njc2NTA0MWE0OGY,,,,https://static.bihr.pro/eBihr/Pictures/MIKUNI-pictures.zip,,,Spain Warehouse (Parts)
1009879,MKA110,4/042-110,MIKUNI,MIKUN JET MKA 110MM,Chiclé de alta Mikuni 4/042-110,8.47,7.00,4.55,4/042-110,1,8409910090,0,1,,,VEHICLE PARTS & ACCESSORIES,ENGINE PARTS,ENG. INTAKE,48,10,80,60,10,https://api.mybihr.com/medias/1009879-1-800Wx800H?context=bWFzdGVyfHJvb3R8MjY1ODd8aW1hZ2UvanBlZ3xhRFF3TDJnMVl5ODRPVEkyT0RVM056SXpPVE0wTHpFd01EazROemt0TVY4NE1EQlhlRGd3TUVnfGFkODlkNzVkYmIzNjBlZGJlMGQ2NDRjMjEwMTdlYzE0YWY4ZTA0YzU1YzYxMzdhZGY5NWYwYjM1Mjg4NDE4NDI,,,,https://static.bihr.pro/eBihr/Pictures/MIKUNI-pictures.zip,,,Spain Warehouse (Parts)
1010604,821032,616-93009,MIKUNI,MIKUN SPAREPARTS CARBURETOR COVER GASKET,Junta tórica de tapa de carburador Mikuni TMX 35/38 / TMS 38,4.84,4.00,2.60,616-93009,1,8409910090,0,1,,,VEHICLE PARTS & ACCESSORIES,ENGINE PARTS,ENG. INTAKE,10,2,68,30,5,https://api.mybihr.com/medias/800Wx800H-1010604-1.jpg?context=bWFzdGVyfHJvb3R8MjMxNDh8aW1hZ2UvanBlZ3xhRFJpTDJnM01pOHpNekV6TVRFek1EYzBPRGsxT0M4NE1EQlhlRGd3TUVoZk1UQXhNRFl3TkMweExtcHdad3xkNGVlOGMwYzZjZjdhYTc2NzMzMjRlNTY5MGU3OThiZjQwNzMzYjE5ZTAzNjYwYTQzOWE2YjRjNWNhNzQyOTIy,,,,https://static.bihr.pro/eBihr/Pictures/MIKUNI-pictures.zip,,,Spain Warehouse (Parts)
1010803,825000,VM14/193-1.2,MIKUNI,"MIKUN SPAREPARTS NEEDLE VALVE KIT 1,2",Válvula de aguja carburador Mikuni 1.2 VM16,27.83,23.00,14.95,825000,1,8409910090,0,1,,,VEHICLE PARTS & ACCESSORIES,ENGINE PARTS,ENG. INTAKE,1,10,9,10,15,https://api.mybihr.com/medias/1010803-1-800Wx800H?context=bWFzdGVyfHJvb3R8MzI3NTB8aW1hZ2UvanBlZ3xhRFU1TDJnNFpDODRPVFE0T0RrNU5UYzNPRGcyTHpFd01UQTRNRE10TVY4NE1EQlhlRGd3TUVnfDRjNmQzZWY3YmU0ZjYzNTlkMjkwNWMwM2Q1YjE5ZmZjYzQzOTY4YmIzNzhjYTljZGQ4NGMyNGUwOWNjNTE3MjM,,,,https://static.bihr.pro/eBihr/Pictures/MIKUNI-pictures.zip,,,Spain Warehouse (Parts)
1010845,821016,VM24/559,MIKUNI,MIKUN SPAREPARTS CARBURETOR O-RING,Junta pulverizador Mikuni TM24-28,2.42,2.00,1.30,VM24/559,5,8409910090,0,1,,,VEHICLE PARTS & ACCESSORIES,ENGINE PARTS,ENG. INTAKE,8,105,20,20,20,https://api.mybihr.com/medias/800Wx800H-1010845-1.jpg?context=bWFzdGVyfHJvb3R8NDA3NTd8aW1hZ2UvanBlZ3xhREV3TDJneVpDODRNakF4TWpZeE1EVXlOekkyTWk4NE1EQlhlRGd3TUVoZk1UQXhNRGcwTlMweExtcHdad3xmZDNjYWMyNTU2MjNmY2Q3MzUzY2ZiMzQxYmM5ODY3NWYzZGNjOTEyYmI3YzI0NjJmODQ5MmI3NWZhZTJlNWMy,,,,https://static.bihr.pro/eBihr/Pictures/MIKUNI-pictures.zip,,,Spain Warehouse (Parts)
1010274,MKC205,N100604-205,MIKUNI,MIKUN JET MKC 205MM,Chiclé de alta Mikuni N100604-205,7.26,6.00,3.90,N100604-205,3,8409910090,0,1,,,VEHICLE PARTS & ACCESSORIES,ENGINE PARTS,ENG. INTAKE,2,5,13,13,13,https://api.mybihr.com/medias/1010274-1-800Wx800H?context=bWFzdGVyfHJvb3R8MjM1OTV8aW1hZ2UvanBlZ3xhRE5rTDJnME15ODRPVE00TXpreE16TTVNRE00THpFd01UQXlOelF0TVY4NE1EQlhlRGd3TUVnfGEyNDM4NDRhNDllNjI0Yzc3ZGQ5ZTVjNWI4MWJlOGNkNTQwZGY4MjA1NzRkMmQ1ZjRkZTYyODUzMDAyNGVjMTE,,,,https://static.bihr.pro/eBihr/Pictures/MIKUNI-pictures.zip,,,Spain Warehouse (Parts)
1010774,821033,TM38/52,MIKUNI,MIKUN SPAREPARTS CARBURETOR O-RING,Jnta tórica de cuba de carburador Mikuni TMX 35/38 / TMS 38,6.05,5.00,3.25,TM38/52,0,8409910090,0,1,,,VEHICLE PARTS & ACCESSORIES,ENGINE PARTS,ENG. INTAKE,4,2,20,20,10,,,,,https://static.bihr.pro/eBihr/Pictures/MIKUNI-pictures.zip,,,Spain Warehouse (Parts)
1010920,825011,VM34/39-3.3,MIKUNI,"MIKUN SPAREPARTS NEEDLE VALVE KIT 3,3",Válvula de aguja carburador Mikuni 3.3 VM30-44,29.04,24.00,15.60,VM34/39-3.3,1,8409910090,0,1,,,VEHICLE PARTS & ACCESSORIES,ENGINE PARTS,ENG. INTAKE,1,10,9,10,15,https://api.mybihr.com/medias/1010920-1-800Wx800H?context=bWFzdGVyfHJvb3R8Mzg4MzF8aW1hZ2UvanBlZ3xhRGd6TDJoaE5pODRPVEkyTXprMk16VXdORGswTHpFd01UQTVNakF0TVY4NE1EQlhlRGd3TUVnfDk5ODY1YTM2MDk5NTBhZWVhMTZlZDlkMGQzZjZlYjIzZDUzYTEwOGI3MzY3OWQ4ZDU3ZjdhZGNkZTAyZjYzNTA,,,,https://static.bihr.pro/eBihr/Pictures/MIKUNI-pictures.zip,,,Spain Warehouse (Parts)
1010538,MKP25,VM22/210-025,MIKUNI,MIKUN JET MKP 25MM,Chiclé de baja Mikuni VM22/210-025,8.47,7.00,4.55,VM22/210-025,0,8409910090,0,1,,,VEHICLE PARTS & ACCESSORIES,ENGINE PARTS,ENG. INTAKE,8,105,20,20,20,https://api.mybihr.com/medias/1010538-1-800Wx800H?context=bWFzdGVyfHJvb3R8Mjg1MjZ8aW1hZ2UvanBlZ3xhRE14TDJoak1pODRPVEF3T1RFME5qRXdNakEyTHpFd01UQTFNemd0TVY4NE1EQlhlRGd3TUVnfDkxYzk4NjU3ODY3MDcxNTEyN2Q1NTQ5YWZkMmI0MDM3MGE2MmNhZDVlNWMxYjhmZjBiMTU0Y2IwYTM5ZGM1ZWU,,,,https://static.bihr.pro/eBihr/Pictures/MIKUNI-pictures.zip,,,Spain Warehouse (Parts)
1010543,MKP37.5,VM22/210-037.5,MIKUNI,"MIKUN JET MKP 37,5MM",Chiclé de baja Mikuni VM22/210-037.5,8.47,7.00,4.55,VM22/210-037.5,1,8409910090,0,1,,,VEHICLE PARTS & ACCESSORIES,ENGINE PARTS,ENG. INTAKE,1,5,14,14,5,https://api.mybihr.com/medias/1010543-1-800Wx800H?context=bWFzdGVyfHJvb3R8Mjg1MjZ8aW1hZ2UvanBlZ3xhREZqTDJoak5pODRPVFk0T0RneU9UUTJNRGM0THpFd01UQTFORE10TVY4NE1EQlhlRGd3TUVnfGQyYWFmNTIxMTYxNWNkY2EwMjJjYzkwM2MwMzdkMmM3NDQwYTBiZjMzNmRjNWI4YmVhZmY0YmY2M2MzMzAxM2E,,,,https://static.bihr.pro/eBihr/Pictures/MIKUNI-pictures.zip,,,Spain Warehouse (Parts)
1010545,MKP42.5,VM22/210-042.5,MIKUNI,"MIKUN JET MKP 42,5MM",Chiclé de baja Mikuni VM22/210-042.5,8.47,7.00,4.55,VM22/210-042.5,0,8409910090,0,1,,,VEHICLE PARTS & ACCESSORIES,ENGINE PARTS,ENG. INTAKE,1,100,15,17,4,https://api.mybihr.com/medias/1010545-1-800Wx800H?context=bWFzdGVyfHJvb3R8Mjg1MjZ8aW1hZ2UvanBlZ3xhR1V6TDJnM01DODRPVFk0T0Rnek16TTVNamswTHpFd01UQTFORFV0TVY4NE1EQlhlRGd3TUVnfDI4ODM2NmUzZGJiZmMxMTllZmQyOTZiYjE0OTQxOTdiYzNmZDBiNjdlZDgxODA2OTQxYWEyNWE4MjUzNDNiZDA,,,,https://static.bihr.pro/eBihr/Pictures/MIKUNI-pictures.zip,,,Spain Warehouse (Parts)
1010544,MKP40,VM22/210-040,MIKUNI,MIKUN JET MKP 40MM,Chiclé de baja Mikuni VM22/210-040,8.47,7.00,4.55,VM22/210-040,4,8409910090,0,1,,,VEHICLE PARTS & ACCESSORIES,ENGINE PARTS,ENG. INTAKE,4,10,20,20,10,https://api.mybihr.com/medias/1010544-1-800Wx800H?context=bWFzdGVyfHJvb3R8Mjg1MjZ8aW1hZ2UvanBlZ3xhR0V4TDJnM055ODRPVFk0T0Rnek1UUXlOamcyTHpFd01UQTFORFF0TVY4NE1EQlhlRGd3TUVnfDg2MjI1ZTU3ZTViYjI0NTk2YzdhNjE5MWZjYzEwMDZlMmViMTA3OTVjMTMyYzFkMThmMDZmM2I4ZTBmOThlNDY,,,,https://static.bihr.pro/eBihr/Pictures/MIKUNI-pictures.zip,,,Spain Warehouse (Parts)
1010564,MKU20,VM28/486-20,MIKUNI,MIKUN JET MKU 20MM,Chiclé de baja Mikuni VM28/486-20,9.68,8.00,5.20,VM28/486-20,1,8409910090,0,1,,,VEHICLE PARTS & ACCESSORIES,ENGINE PARTS,ENG. INTAKE,2,100,12,15,10,https://api.mybihr.com/medias/1010564-1-800Wx800H?context=bWFzdGVyfHJvb3R8MjE0NTN8aW1hZ2UvanBlZ3xhRFptTDJnd055ODRPVEE0TkRJMU9EVTFNREEyTHpFd01UQTFOalF0TVY4NE1EQlhlRGd3TUVnfGUyNmU2MTc5Y2E3ZWU2ZGVjYTE1ZjViMDQzYzE3ODZhZTkwNzMzMzYzZGI4OTg1ZDQwYTg5MDUzNzExMTZmNGI,,,,https://static.bihr.pro/eBihr/Pictures/MIKUNI-pictures.zip,,,Spain Warehouse (Parts)
1010565,MKU22.5,VM28/486-22.5,MIKUNI,"MIKUN JET MKU 22,5MM",Chiclé de baja Mikuni VM28/486-22.5,9.68,8.00,5.20,VM28/486-22.5,1,8409910090,0,1,,,VEHICLE PARTS & ACCESSORIES,ENGINE PARTS,ENG. INTAKE,4,100,16,16,16,https://api.mybihr.com/medias/1010565-1-800Wx800H?context=bWFzdGVyfHJvb3R8MjE0NDd8aW1hZ2UvanBlZ3xhR0l3TDJobU5TODRPVEF4TVRReE16WTBOelkyTHpFd01UQTFOalV0TVY4NE1EQlhlRGd3TUVnfDFmNDAxZjY5ZDc2MTZmZmI1ZDExZDliZDFkMjBkZTkzNjA2ODZmZmMyN2EwYzZiMmJjOWY4NTQxMzA2NzljOTk,,,,https://static.bihr.pro/eBihr/Pictures/MIKUNI-pictures.zip,,,Spain Warehouse (Parts)
1010566,MKU25,VM28/486-25,MIKUNI,MIKUN JET MKU 25MM,Chiclé de baja Mikuni VM28/486-25,9.68,8.00,5.20,VM28/486-25,0,8409910090,0,1,,,VEHICLE PARTS & ACCESSORIES,ENGINE PARTS,ENG. INTAKE,2,2,29,12,5,https://api.mybihr.com/medias/1010566-1-800Wx800H?context=bWFzdGVyfHJvb3R8MjE0NDd8aW1hZ2UvanBlZ3xhREUyTDJobFlTODRPVE00TXpRek56VTVPVEF5THpFd01UQTFOall0TVY4NE1EQlhlRGd3TUVnfDliNTY3OTdkYzk3ODY3YjRmNGE3MDg4ZmFiMzdmMjMxYjZiOTQwYmI0NzBiN2I5OGIxMTNlN2I4Y2QyZTRkNzQ,,,,https://static.bihr.pro/eBihr/Pictures/MIKUNI-pictures.zip,,,Spain Warehouse (Parts)
1010568,MKU30,VM28/486-30,MIKUNI,MIKUN JET MKU 30MM,Chiclé de baja Mikuni VM28/486-30,9.68,8.00,5.20,VM28/486-30,2,8409910090,0,1,,,VEHICLE PARTS & ACCESSORIES,ENGINE PARTS,ENG. INTAKE,8,5,20,20,20,https://api.mybihr.com/medias/1010568-1-800Wx800H?context=bWFzdGVyfHJvb3R8MjE0NDd8aW1hZ2UvanBlZ3xhRGhqTDJobE9TODRPRFUyT0RVMU16YzVPVGs0THpFd01UQTFOamd0TVY4NE1EQlhlRGd3TUVnfDVkNTExOTNkMzRjZjcwODgwYmQ1OTYzMGJmYmJhZTVkYTZlMTA0N2Q5MDQ1OTEzNDYxMWJlYjVjODk1MTMwNzQ,,,,https://static.bihr.pro/eBihr/Pictures/MIKUNI-pictures.zip,,,Spain Warehouse (Parts)
1010569,MKU32.5,VM28/486-32.5,MIKUNI,"MIKUN JET MKU 32,5MM",Chiclé de baja Mikuni VM28/486-32.5,9.68,8.00,5.20,VM28/486-32.5,1,8409910090,0,1,,,VEHICLE PARTS & ACCESSORIES,ENGINE PARTS,ENG. INTAKE,1,100,11,11,11,https://api.mybihr.com/medias/1010569-1-800Wx800H?context=bWFzdGVyfHJvb3R8MjE0NDd8aW1hZ2UvanBlZ3xhREprTDJobU55ODRPRFUyT0RVMU56Y3pNakUwTHpFd01UQTFOamt0TVY4NE1EQlhlRGd3TUVnfDEyMTBjNmNkNDUzY2RjNjQ0ZjZlZGI5NTA3ODc4MjBmOWM1NDNlZGQ5MWY3ZWUxODQ4MjdiZjE2YTMxYjlhY2Q,,,,https://static.bihr.pro/eBihr/Pictures/MIKUNI-pictures.zip,,,Spain Warehouse (Parts)
1009922,MKA450,4/042-450,MIKUNI,MIKUN JET MKA 450MM,Chiclé de alta Mikuni 4/042-450,8.47,7.00,4.55,4/042-450,0,8409910090,0,1,,,VEHICLE PARTS & ACCESSORIES,ENGINE PARTS,ENG. INTAKE,8,30,20,20,20,https://api.mybihr.com/medias/1009922-1-800Wx800H?context=bWFzdGVyfHJvb3R8MjY1ODd8aW1hZ2UvanBlZ3xhRE5rTDJnd01TODRPVFk0T0RZNE16azNNRGcyTHpFd01EazVNakl0TVY4NE1EQlhlRGd3TUVnfGE3NmQwMGQxNmQzY2FiNjE0NmJlOWUyMmIzZTZkNDI4Yjg1YjNjNjczZmMzMTcwMGQ3NjFkMzdlYmE3OWQzZDg,,,,https://static.bihr.pro/eBihr/Pictures/MIKUNI-pictures.zip,,,Spain Warehouse (Parts)
1009898,MKA210,4/042-210,MIKUNI,MIKUN JET MKA 210MM,Chiclé de alta Mikuni 4/042-210,8.47,7.00,4.55,4/042-210,2,8409910090,0,1,,,VEHICLE PARTS & ACCESSORIES,ENGINE PARTS,ENG. INTAKE,2,2,24,18,5,https://api.mybihr.com/medias/1009898-1-800Wx800H?context=bWFzdGVyfHJvb3R8MjY1ODd8aW1hZ2UvanBlZ3xhR1k0TDJneE5DODRPVFExTnpJNU1ERXhOelF5THpFd01EazRPVGd0TVY4NE1EQlhlRGd3TUVnfGEyMzNlZWIzNzA0ZWNlZjJiMTkwNThjYTZhOTI1M2FhOTEzYzdiZGVhNTlhNWM5MTFhMWYxOGY3ZDFmMzJmNTg,,,,https://static.bihr.pro/eBihr/Pictures/MIKUNI-pictures.zip,,,Spain Warehouse (Parts)
1009904,MKA270,4/042-270,MIKUNI,MIKUN JET MKA 270MM,Chiclé de alta Mikuni 4/042-270,8.47,7.00,4.55,4/042-270,1,8409910090,0,1,,,VEHICLE PARTS & ACCESSORIES,ENGINE PARTS,ENG. INTAKE,4,2,22,20,8,https://api.mybihr.com/medias/1009904-1-800Wx800H?context=bWFzdGVyfHJvb3R8MjY1ODd8aW1hZ2UvanBlZ3xhREprTDJobVppODRPVEkwTlRneE5USTNOVGd5THpFd01EazVNRFF0TVY4NE1EQlhlRGd3TUVnfDc3MTk3ZDkzYjFmNzI4MDE3OGU0MDE0MDAwM2NmNDIxZDcxOWVhOWEzNWJiYTIxY2E3Y2RmOTE4ZjNlZGViNDg,,,,https://static.bihr.pro/eBihr/Pictures/MIKUNI-pictures.zip,,,Spain Warehouse (Parts)
1009905,MKA280,4/042-280,MIKUNI,MIKUN JET MKA 280MM,Chiclé de alta Mikuni 4/042-280,8.47,7.00,4.55,4/042-280,1,8409910090,0,1,,,VEHICLE PARTS & ACCESSORIES,ENGINE PARTS,ENG. INTAKE,48,10,80,60,10,https://api.mybihr.com/medias/1009905-1-800Wx800H?context=bWFzdGVyfHJvb3R8MjY1ODd8aW1hZ2UvanBlZ3xhRFl3TDJobVpTODRPVE00TXpRek1UY3dNRGM0THpFd01EazVNRFV0TVY4NE1EQlhlRGd3TUVnfDIyZTY4OTc3MjVkYmY5ZTU1MmQ3NmQ1MjZkZjFmMWMxYjRmMTIxODM4YmVhYTliYjA4NjkyOWE3N2QzMDgyM2Q,,,,https://static.bihr.pro/eBihr/Pictures/MIKUNI-pictures.zip,,,Spain Warehouse (Parts)
1009923,MKA460,4/042-460,MIKUNI,MIKUN JET MKA 460MM,Chiclé de alta Mikuni 4/042-460,8.47,7.00,4.55,4/042-460,0,8409910090,0,1,,,VEHICLE PARTS & ACCESSORIES,ENGINE PARTS,ENG. INTAKE,2,12,18,13,8,https://api.mybihr.com/medias/1009923-1-800Wx800H?context=bWFzdGVyfHJvb3R8MjY1ODd8aW1hZ2UvanBlZ3xhRFpqTDJoa1lTODRPRFUyTnpBek1qQTFOREEyTHpFd01EazVNak10TVY4NE1EQlhlRGd3TUVnfGEwMmNkMWU2MjhjMDFhYzJmODM4N2UxOGNmNDI1YjJmZWZiMGYyYzY1ZmUwNjAzMTUxNzIyNDM3N2Y0MWI2NGU,,,,https://static.bihr.pro/eBihr/Pictures/MIKUNI-pictures.zip,,,Spain Warehouse (Parts)
1009924,MKA470,4/042-470,MIKUNI,MIKUN JET MKA 470MM,Chiclé de alta Mikuni 4/042-470,8.47,7.00,4.55,4/042-470,0,8409910090,0,1,,,VEHICLE PARTS & ACCESSORIES,ENGINE PARTS,ENG. INTAKE,3,100,15,15,15,https://api.mybihr.com/medias/1009924-1-800Wx800H?context=bWFzdGVyfHJvb3R8MjY1ODd8aW1hZ2UvanBlZ3xhREkwTDJneE1TODRPVEE0TXprME56VTRNVGMwTHpFd01EazVNalF0TVY4NE1EQlhlRGd3TUVnfDQ1YjkwOTBjN2ZhYjc2M2IyMTNhNjg4ZjBhN2JkMjIyYzM1MjExMDdkMjk0Y2RkZTRjYjExZTk4ZTViOGRjYmI,,,,https://static.bihr.pro/eBihr/Pictures/MIKUNI-pictures.zip,,,Spain Warehouse (Parts)
1009925,MKA480,4/042-480,MIKUNI,MIKUN JET MKA 480MM,Chiclé de alta Mikuni 4/042-480,8.47,7.00,4.55,4/042-480,0,8409910090,0,1,,,VEHICLE PARTS & ACCESSORIES,ENGINE PARTS,ENG. INTAKE,2,2,17,16,8,https://api.mybihr.com/medias/1009925-1-800Wx800H?context=bWFzdGVyfHJvb3R8MjY1ODd8aW1hZ2UvanBlZ3xhREE0TDJnM1lTODRPVFV5TmpZNU5qQXhPREl5THpFd01EazVNalV0TVY4NE1EQlhlRGd3TUVnfDI5MmU5MWQwNDk3NDQ2YmE0NDk2MjExMzRlYTYyM2NlNzEyNjE1MGU3ZjU5YzA0YzRkOGY1ZDUxNTFmYWI0MTU,,,,https://static.bihr.pro/eBihr/Pictures/MIKUNI-pictures.zip,,,Spain Warehouse (Parts)
1009929,MKA520,4/042-520,MIKUNI,MIKUN JET MKA 520MM,Chiclé de alta Mikuni 4/042-520,8.47,7.00,4.55,4/042-520,7,8409910090,0,1,,,VEHICLE PARTS & ACCESSORIES,ENGINE PARTS,ENG. INTAKE,3,100,15,15,15,https://api.mybihr.com/medias/1009929-1-800Wx800H?context=bWFzdGVyfHJvb3R8MjY1ODd8aW1hZ2UvanBlZ3xhR1l4TDJnMk55ODRPVE00TnpBek1qVTNOak13THpFd01EazVNamt0TVY4NE1EQlhlRGd3TUVnfGM3Zjg3Mzc5YWQ2ZmEwYmNmYTJhYWQ5OTJmMjUyY2Y2NjQzMmY0YjEwYzU1ZmVkYzJlYWEzNWZmY2VkYmYzODE,,,,https://static.bihr.pro/eBihr/Pictures/MIKUNI-pictures.zip,,,Spain Warehouse (Parts)
1009990,MKG40,H5-N151067-A40,MIKUNI,MIKUN JET MKG 40MM,Chiclé de baja Mikuni H5-N151067-A40,9.68,8.00,5.20,H5-N151067-A40,0,8409910090,0,1,,,VEHICLE PARTS & ACCESSORIES,ENGINE PARTS,ENG. INTAKE,4,10,16,16,16,https://api.mybihr.com/medias/1009990-1-800Wx800H?context=bWFzdGVyfHJvb3R8MjQ4Nzh8aW1hZ2UvanBlZ3xhR0V6TDJnM01TODRPVFk0T0RZNU5UYzJOek0wTHpFd01EazVPVEF0TVY4NE1EQlhlRGd3TUVnfDYyNjUxNzg4YWRiMzlmNTcyNDU4MGIyNjA2NzEwOGRhNWFhMzVlYjdhZTRhZWRlOTllYzdjZTIzMmU1MGYyZmU,,,,https://static.bihr.pro/eBihr/Pictures/MIKUNI-pictures.zip,,,Spain Warehouse (Parts)
1018123,,M-VM36-200K,MIKUNI,MIKUN SPAREPARTS INFLET FLANGE 36MM,MIKUNI Rubber Flange Adapter 36MM,42.35,35.00,22.75,824036,1,8409910090,0,1,"<ul>
<li>Spacing (mm) : 70</li>
<li>Fitting (mm) : 43</li>
<li>Passages (mm) : 40</li>
<li>Total length (mm) : 25</li>
<li>&Oslash; carburetor : 36-40</li>
</ul>","
Spacing (mm) : 70
Fitting (mm) : 43
Passages (mm) : 40
Total length (mm) : 25
Ø carburetor : 36-40
",VEHICLE PARTS & ACCESSORIES,ENGINE PARTS,ENG. INTAKE,112,56,53,88,24,https://api.mybihr.com/medias/1018123-1-800Wx800H?context=bWFzdGVyfHJvb3R8MzIyMTd8aW1hZ2UvanBlZ3xhR00wTDJnek9DODRPVE00TlRjME5URXlNVFU0THpFd01UZ3hNak10TVY4NE1EQlhlRGd3TUVnfDBkOTdhYTE0M2ZjMDM5MWFkMzYyZjBjMWY2YTliMWJhMzRmYzEwMTdiMmU3OTY0YWYwMjcyZWUzMjk2YTUxNDY,,,,https://static.bihr.pro/eBihr/Pictures/MIKUNI-pictures.zip,,,Spain Warehouse (Parts)
1010717,822059,CW2=0516,MIKUNI,MIKUN SPAREPARTS SCREW,Tornillo de cuba de carburador Mikuni TM32-34 VM 36,2.42,2.00,1.30,CW2=0516,0,8409910090,0,1,,,VEHICLE PARTS & ACCESSORIES,ENGINE PARTS,ENG. INTAKE,2,10,20,10,10,,,,,https://static.bihr.pro/eBihr/Pictures/MIKUNI-pictures.zip,,,Spain Warehouse (Parts)
1010719,824077,DF44-18,MIKUNI,MIKUN SPAREPARTS FUEL PUMP,Bomba de gasolina Mikuni DF44-18 1 salida / 20L/hora,48.40,40.00,26.00,DF44-18,2,8409910090,0,1,"1 outlet, 30L/hour. Attaching point centre distance 70mm","1 outlet, 30L/hour. Attaching point centre distance 70mm",VEHICLE PARTS & ACCESSORIES,ENGINE PARTS,ENG. INTAKE,193,164,73,53,50,https://api.mybihr.com/medias/1010719-1-800Wx800H?context=bWFzdGVyfHJvb3R8NDYyNTR8aW1hZ2UvanBlZ3xhR013TDJoa09TODRPVFExTnpjM01ERTJPRFl5THpFd01UQTNNVGt0TVY4NE1EQlhlRGd3TUVnfDlhZDAzYTQ3ZDcxNTc4NTM2Y2Q5MjVlMzc2NmRjZTMzYWJlYTJjZWNlYzJiODIxMmZmN2Q5NzE1Y2QyNjFiNjg,,,,https://static.bihr.pro/eBihr/Pictures/MIKUNI-pictures.zip,,,Spain Warehouse (Parts)
1010238,MKC110,N100604-110,MIKUNI,MIKUN JET MKC 110MM,Chiclé de alta Mikuni N100604-110,7.26,6.00,3.90,N100604-110,1,8409910090,0,1,,,VEHICLE PARTS & ACCESSORIES,ENGINE PARTS,ENG. INTAKE,10,7,52,23,8,https://api.mybihr.com/medias/1010238-1-800Wx800H?context=bWFzdGVyfHJvb3R8MjM1OTV8aW1hZ2UvanBlZ3xhREEzTDJobE1TODRPVEF4TlRneE1EUTFOemt3THpFd01UQXlNemd0TVY4NE1EQlhlRGd3TUVnfDRmMzkxMDZhZjRiMGI5MzQzNGFmMDUwNDk5ZjYyYzI3NWE1MjQyODc4NWI0YmQ5NjJhZjZkYjk2Yzc5ZDYxMWY,,,,https://static.bihr.pro/eBihr/Pictures/MIKUNI-pictures.zip,,,Spain Warehouse (Parts)
1010246,MKC130,N100604-130,MIKUNI,MIKUN JET MKC 130MM,Chiclé de alta Mikuni N100604-130,7.26,6.00,3.90,N100604-130,2,8409910090,0,1,,,VEHICLE PARTS & ACCESSORIES,ENGINE PARTS,ENG. INTAKE,13,3,63,26,8,https://api.mybihr.com/medias/1010246-1-800Wx800H?context=bWFzdGVyfHJvb3R8MjM1OTV8aW1hZ2UvanBlZ3xhREpoTDJnd05DODRPVEF4TnpVME1Ua3hPVEF5THpFd01UQXlORFl0TVY4NE1EQlhlRGd3TUVnfDQwOWZjZjg4YzQxOTA1NjMzZjYyYjQwOTk1ZTIzOTIxNDZiZjNhYTJhZGE0N2IzZGQ1ZmQ4MTkzOGNhYjlmZTk,,,,https://static.bihr.pro/eBihr/Pictures/MIKUNI-pictures.zip,,,Spain Warehouse (Parts)
1010473,MKE40,VM11/22-040,MIKUNI,MIKUN JET MKE 40MM,Chiclé de baja Mikuni VM11/22-040,8.47,7.00,4.55,VM11/22-040,9,8409910090,0,1,,,VEHICLE PARTS & ACCESSORIES,ENGINE PARTS,ENG. INTAKE,8,5,20,20,20,,,,,https://static.bihr.pro/eBihr/Pictures/MIKUNI-pictures.zip,,,Spain Warehouse (Parts)
1009872,800011,VM34-168,MIKUNI,MIKUN CARBURETOR VM 34,Carburador MIKUNI VM34 tornillo ralentí a izquierdas,197.23,163.00,105.95,VM34-168,2,8409910090,0,1,"<html> <head> <meta http-equiv=""Content-Type"" content=""text/html; charset=utf-8""><title> </title> <style type=""text/css"">.cs95E872D0{text-align:left;margin:0pt 0pt 0pt 0pt;}.csC235ED31{color:#000;background-color:transparent;font-weight:normal;font-style:normal;}</style> </head> <body> <p>A huge selection of models and diameters with numerous possibilities, has popularized the MIKUNI VM as the quintessential replacement carburetor. Removable round valve throttle slide, jets and well needles make this a carburetor of great simplicity to adjust. </p><p> </p></body> </html>","       A huge selection of models and diameters with numerous possibilities, has popularized the MIKUNI VM as the quintessential replacement carburetor. Removable round valve throttle slide, jets and well needles make this a carburetor of great simplicity to adjust.   ",VEHICLE PARTS & ACCESSORIES,ENGINE PARTS,ENG. INTAKE,1852,726,172,97,111,https://api.mybihr.com/medias/1009872-1-800Wx800H?context=bWFzdGVyfHJvb3R8NDE1Mzh8aW1hZ2UvanBlZ3xhREppTDJoa015ODRPVEkyTkRFME1qUXhPREl5THpFd01EazROekl0TVY4NE1EQlhlRGd3TUVnfDkxZDYxM2YxZGQ1ODQxZjU2MGNhOTJkMmVjNGYwMTRkM2Q5ZTRlNzRkMzU5YWJiNzQ4NjA5YjVlMWMxNjNlYmE,,,,https://static.bihr.pro/eBihr/Pictures/MIKUNI-pictures.zip,https://api.mybihr.com/medias/800011.pdf?context=bWFzdGVyfGRvY3VtZW50c3wyMjYxNjB8YXBwbGljYXRpb24vcGRmfGFERmtMMmhoTmk4NU1EUXpOalEyTURJeE5qWXlMemd3TURBeE1RfDZmZDU0MDQwNDBkNjkxNjFjNTgwMDUzZGYzNWJjZTk0NzJmNDgzMmNkOTJiYTE0ZmNjNjc5ZmJiZTlkMTQwZmE,,Spain Warehouse (Parts)
1009881,MKA120,4/042-120,MIKUNI,MIKUN JET MKA 120MM,Chiclé de alta Mikuni 4/042-120,8.47,7.00,4.55,4/042-120,1,8409910090,0,1,,,VEHICLE PARTS & ACCESSORIES,ENGINE PARTS,ENG. INTAKE,32,7,75,53,8,https://api.mybihr.com/medias/1009881-1-800Wx800H?context=bWFzdGVyfHJvb3R8MjY1ODd8aW1hZ2UvanBlZ3xhRFUxTDJoa05DODRPVFk0T0RZMU9EUXhNVGd5THpFd01EazRPREV0TVY4NE1EQlhlRGd3TUVnfDkyMzEyOGQ1YTlkMWExYjQ5N2FlNzNiNWViYThhYTdjNzFjNjVlNDJmNTdlMjMyODJkMzk3ZWRiMmM1MjMyZTI,,,,https://static.bihr.pro/eBihr/Pictures/MIKUNI-pictures.zip,,,Spain Warehouse (Parts)
1009897,MKA200,4/042-200,MIKUNI,MIKUN JET MKA 200MM,Chiclé de alta Mikuni 4/042-200,8.47,7.00,4.55,4/042-200,2,8409910090,0,1,,,VEHICLE PARTS & ACCESSORIES,ENGINE PARTS,ENG. INTAKE,3,3,23,18,8,https://api.mybihr.com/medias/1009897-1-800Wx800H?context=bWFzdGVyfHJvb3R8MjY1ODd8aW1hZ2UvanBlZ3xhRGRqTDJnMk5TODRPVE0wT0Rjd05ERTNORE00THpFd01EazRPVGN0TVY4NE1EQlhlRGd3TUVnfDFmYjc4NmE4Y2U3NTMzNzc3MDY4OTRiZGIzYjM1MDgwYWVhYTM5MjEzYjQ5YjRmMTFjZTY3OTIxMzA3NWJmZjc,,,,https://static.bihr.pro/eBihr/Pictures/MIKUNI-pictures.zip,,,Spain Warehouse (Parts)
1009903,MKA260,4/042-260,MIKUNI,MIKUN JET MKA 260MM,Chiclé de alta Mikuni 4/042-260,8.47,7.00,4.55,4/042-260,1,8409910090,0,1,,,VEHICLE PARTS & ACCESSORIES,ENGINE PARTS,ENG. INTAKE,1,14,16,13,5,https://api.mybihr.com/medias/1009903-1-800Wx800H?context=bWFzdGVyfHJvb3R8MjY1ODd8aW1hZ2UvanBlZ3xhRGN5TDJnellTODRPVEE0TlRZd01qTTJOVGMwTHpFd01EazVNRE10TVY4NE1EQlhlRGd3TUVnfDAxNjAwM2NkOTM5ZDBiOGJiMGNjMjJiNDMyNDY1ZTdkODhmMDBlMTYxMGJjMjYwYTI0MDU2Y2UzZGExOWYyYTY,,,,https://static.bihr.pro/eBihr/Pictures/MIKUNI-pictures.zip,,,Spain Warehouse (Parts)
1010250,MKC140,N100604-140,MIKUNI,MIKUN JET MKC 140MM,Chiclé de alta Mikuni N100604-140,7.26,6.00,3.90,N100604-140,1,8409910090,0,1,,,VEHICLE PARTS & ACCESSORIES,ENGINE PARTS,ENG. INTAKE,8,5,20,20,20,https://api.mybihr.com/medias/1010250-1-800Wx800H?context=bWFzdGVyfHJvb3R8MjM1OTV8aW1hZ2UvanBlZ3xhRFF4TDJnMVl5ODRPVFk0T0RjeU5USTFPRFUwTHpFd01UQXlOVEF0TVY4NE1EQlhlRGd3TUVnfDIyYzE0ODMzMTU2NmQ2ZjdmZjgzZjUxZjk0MjM4Mjc5MGJiMzI2NDNlMDFjMDg5NmY0OGUwMTRkODM3OTZiYzI,,,,https://static.bihr.pro/eBihr/Pictures/MIKUNI-pictures.zip,,,Spain Warehouse (Parts)
1010462,MKT50,N224103-050,MIKUNI,MIKUN JET MKT 50MM,Chiclé de baja Mikuni N224103-050,8.47,7.00,4.55,N224103-050,1,8409910090,0,1,,,VEHICLE PARTS & ACCESSORIES,ENGINE PARTS,ENG. INTAKE,5,100,30,15,10,https://api.mybihr.com/medias/1010462-1-800Wx800H?context=bWFzdGVyfHJvb3R8MjE1OTd8aW1hZ2UvanBlZ3xhR05rTDJneFlpODRPVEE0TkRJMU1qWTFNVGd5THpFd01UQTBOakl0TVY4NE1EQlhlRGd3TUVnfDMyNmIxOWNjNDFkMjk5MTI0YmY5ZTA1NGY4MzUwMjNmNjg5ZWFiODhjODE2MTAwMDVkYWE1ZGRiM2U5MTI3MDk,,,,https://static.bihr.pro/eBihr/Pictures/MIKUNI-pictures.zip,,,Spain Warehouse (Parts)
1009909,MKA320,4/042-320,MIKUNI,MIKUN JET MKA 320MM,Chiclé de alta Mikuni 4/042-320,8.47,7.00,4.55,4/042-320,0,8409910090,0,1,,,VEHICLE PARTS & ACCESSORIES,ENGINE PARTS,ENG. INTAKE,8,5,20,20,20,https://api.mybihr.com/medias/1009909-1-800Wx800H?context=bWFzdGVyfHJvb3R8MjY1ODd8aW1hZ2UvanBlZ3xhR1UzTDJnelpDODRPVEF4TWpFM016SXdPVGt3THpFd01EazVNRGt0TVY4NE1EQlhlRGd3TUVnfGVmODRlNDcwNmZiNzg5M2VlMjBlNzIwNTNmZDYzNDMyZjdhYjQzZmFiOTFlMmVmNjQ4YzAzMGFmNTNjNmVkZmY,,,,https://static.bihr.pro/eBihr/Pictures/MIKUNI-pictures.zip,,,Spain Warehouse (Parts)
1009919,MKA420,4/042-420,MIKUNI,MIKUN JET MKA 420MM,Chiclé de alta Mikuni 4/042-420,8.47,7.00,4.55,4/042-420,1,8409910090,0,1,,,VEHICLE PARTS & ACCESSORIES,ENGINE PARTS,ENG. INTAKE,4,30,27,15,9,https://api.mybihr.com/medias/1009919-1-800Wx800H?context=bWFzdGVyfHJvb3R8MjY1ODd8aW1hZ2UvanBlZ3xhR05pTDJneE5DODRPRFUyTnpBeE5qTXlOVFF5THpFd01EazVNVGt0TVY4NE1EQlhlRGd3TUVnfDUyYmEwYmZlZTQwNDg4YjM1YTFmMGZmMzZhYTg0YzEyMjdkNzViYjIxMmJiZDcyZDA0YjBmNzM3NzA4NjFiNzY,,,,https://static.bihr.pro/eBihr/Pictures/MIKUNI-pictures.zip,,,Spain Warehouse (Parts)
1010876,821001,VM28/134,MIKUNI,MIKUN SPAREPARTS BOWL CAP GASKET,Junta tornillo de cuba de carburador Mikuni VM26/28/30 Compact/VM40/VM44,2.42,2.00,1.30,VM28/134,1,8409910090,0,1,quot,quot,VEHICLE PARTS & ACCESSORIES,ENGINE PARTS,ENG. INTAKE,7,100,26,26,10,,,,,https://static.bihr.pro/eBihr/Pictures/MIKUNI-pictures.zip,,,Spain Warehouse (Parts)
1010895,822048,VM32/17,MIKUNI,MIKUN SPAREPARTS SPRING,Placa de accionamiento starter MIKUNI para carburadores VM30-VM44,2.42,2.00,1.30,VM32/17,1,8409910090,0,1,<p>Pieza de recambio MIKUNI (ver figura 15 en el esquema).</p>,"
Pieza de recambio MIKUNI (ver figura 15 en el esquema).",VEHICLE PARTS & ACCESSORIES,ENGINE PARTS,ENG. INTAKE,2,15,20,10,10,https://api.mybihr.com/medias/800Wx800H-1010895-1.jpg?context=bWFzdGVyfHJvb3R8NTc5MjJ8aW1hZ2UvanBlZ3xhREZtTDJoa09DODFNVGd5T0RNek56VTBNVEUxTUM4NE1EQlhlRGd3TUVoZk1UQXhNRGc1TlMweExtcHdad3xkMjAyZDg3NzQyNDdmZDYyNzU4OWEzNTljZGM0ZTBlOTgwNzBmNTRmYWIxZGIxOTU1NjNmOTA1OWMwNmRmNThk,https://api.mybihr.com/medias/800Wx800H-1010895-2.jpg?context=bWFzdGVyfHJvb3R8NTg5ODF8aW1hZ2UvanBlZ3xhRFV4TDJoalpTODFNVGd5T0RNek56Z3dNekk1TkM4NE1EQlhlRGd3TUVoZk1UQXhNRGc1TlMweUxtcHdad3w4ZDE0ZWViN2ZkN2UxNzFlOTMxY2I1NjQ1Y2RkYjZmMjdjMDdkZjRiZDA1MjZkZjk3YzgyYmY2OTcxOTIyNGJl,,,https://static.bihr.pro/eBihr/Pictures/MIKUNI-pictures.zip,,,Spain Warehouse (Parts)
1010880,822031,VM28/164,MIKUNI,MIKUN SPAREPARTS FLOAT VM 26/28/30,Flotador de carburador Mikuni VM26/28/30 Compact,13.31,11.00,7.15,VM28/164,1,8409910090,0,1,quot,quot,VEHICLE PARTS & ACCESSORIES,ENGINE PARTS,ENG. INTAKE,12,15,28,28,15,https://api.mybihr.com/medias/1010880-1-800Wx800H?context=bWFzdGVyfHJvb3R8MjE4NjN8aW1hZ2UvanBlZ3xhR1ptTDJoaE5DODRPVEE0TkRVeE1ESXdPRE13THpFd01UQTRPREF0TVY4NE1EQlhlRGd3TUVnfDAwYjBjOWU3ZjdhOWY4MDhiZWQ3ODViODVkYjVlNGEwZjYxODU5YjhjMGZiYWEyMWQ2NzhlZGI1ZDlmZjA4Njg,,,,https://static.bihr.pro/eBihr/Pictures/MIKUNI-pictures.zip,,,Spain Warehouse (Parts)
1010718,822091,CW2=0518,MIKUNI,MIKUN SPAREPARTS SCREW,Tornillo de cuba de carburador Mikuni TM36-38 VM30 standard /32/34/38/44,2.42,2.00,1.30,CW2=0518,8,8409910090,0,1,quot,quot,VEHICLE PARTS & ACCESSORIES,ENGINE PARTS,ENG. INTAKE,8,105,20,20,20,,,,,https://static.bihr.pro/eBihr/Pictures/MIKUNI-pictures.zip,,,Spain Warehouse (Parts)
1010715,822090,CW2=0416,MIKUNI,MIKUN SPAREPARTS SCREW,Tornillo de cuba de carburador Mikuni TM24-28 VM26/28/30 Compact,2.42,2.00,1.30,CW2=0416,5,8409910090,0,1,quot,quot,VEHICLE PARTS & ACCESSORIES,ENGINE PARTS,ENG. INTAKE,2,10,20,10,10,,,,,https://static.bihr.pro/eBihr/Pictures/MIKUNI-pictures.zip,,,Spain Warehouse (Parts)
1010593,821004,4/053,MIKUNI,MIKUN SPAREPARTS BOWL CAP GASKET,Junta tornillo de cuba de carburador Mikuni VM30 standard / 38,3.63,3.00,1.95,4/053,0,8409910090,0,1,quot,quot,VEHICLE PARTS & ACCESSORIES,ENGINE PARTS,ENG. INTAKE,2,10,20,10,10,https://api.mybihr.com/medias/800Wx800H-1010593-1.jpg?context=bWFzdGVyfHJvb3R8NDQ2Mzh8aW1hZ2UvanBlZ3xhRE5pTDJnMVpTOHpNekV6TVRFeU9UQTBOVEF5TWk4NE1EQlhlRGd3TUVoZk1UQXhNRFU1TXkweExtcHdad3xhODA5MjJlYzQxZTY5NmQ3ODAzZTY3NTZkNjE0YTVmNGY0NmYyMTFkYTM2NmY2MTBjMTc4NGQzMWFkYWIxMjQ0,,,,https://static.bihr.pro/eBihr/Pictures/MIKUNI-pictures.zip,,,Spain Warehouse (Parts)
1010925,822053,VM34/61,MIKUNI,MIKUN SPAREPARTS FLOAT VM 30,Flotador de carburador Mikuni VM30 standard/32/34,7.26,6.00,3.90,VM34/61,1,8409910090,0,1,quot,quot,VEHICLE PARTS & ACCESSORIES,ENGINE PARTS,ENG. INTAKE,21,105,40,35,15,https://api.mybihr.com/medias/800Wx800H-1010925-1.jpg?context=bWFzdGVyfHJvb3R8Njc3MzV8aW1hZ2UvanBlZ3xhR0ZpTDJobVlTODJPRFV5TmpNek1ERTFNRGswTWk4NE1EQlhlRGd3TUVoZk1UQXhNRGt5TlMweExtcHdad3xiODgwNDhmMGE4ZWUwZTNhYzBhZTU2ODg4NjEwODJjNjM3NDIxMDZhZDU2MWEzMWQxNTI5NjE1M2E3Mzg0ZDI2,,,,https://static.bihr.pro/eBihr/Pictures/MIKUNI-pictures.zip,,,Spain Warehouse (Parts)
1010873,821029,VM28/129,MIKUNI,MIKUN SPAREPARTS BOWL GASKET,Junta de cuba carburador Mikuni VM 26/28/30 Compact,4.84,4.00,2.60,VM28/129,1,8409910090,0,1,quot,quot,VEHICLE PARTS & ACCESSORIES,ENGINE PARTS,ENG. INTAKE,161,10,115,70,20,https://api.mybihr.com/medias/800Wx800H-1010873-1.jpg?context=bWFzdGVyfHJvb3R8OTkyODN8aW1hZ2UvanBlZ3xhR1l5TDJnM1ppODRNakF4TURBek5qUTJPVGM1TUM4NE1EQlhlRGd3TUVoZk1UQXhNRGczTXkweExtcHdad3xlZWZlYmJmNDVjZTQ0OWVhN2VhOTUzOWNjZDg1NjUzZDA5N2JlNjdhMjBhYzA0YWIxMTliZjY3ZTgzOWE0MTJk,,,,https://static.bihr.pro/eBihr/Pictures/MIKUNI-pictures.zip,,,Spain Warehouse (Parts)
1010910,822042,VM34/27,MIKUNI,MIKUN SPAREPARTS CARBURETOR COVER,Tapa de carburador Mikuni VM30 standard/32/34,8.47,7.00,4.55,VM34/27,0,8409910090,0,1,quot,quot,VEHICLE PARTS & ACCESSORIES,ENGINE PARTS,ENG. INTAKE,4,40,16,16,16,https://api.mybihr.com/medias/1010910-1-800Wx800H?context=bWFzdGVyfHJvb3R8MjkwNDJ8aW1hZ2UvanBlZ3xhR05sTDJobU9TODRPVE0wTmpVMk56QTBOVFF5THpFd01UQTVNVEF0TVY4NE1EQlhlRGd3TUVnfDkwZmEzYTY4Mzk5YzhmOTQyNWJhNDRhNjBjZWJiNzQ1OTc2MTM1MDEzZDllMTI4YTFlMWNjYTA0YjVhMWFlNTY,,,,https://static.bihr.pro/eBihr/Pictures/MIKUNI-pictures.zip,,,Spain Warehouse (Parts)
1010933,822057,VM36/17,MIKUNI,MIKUN SPAREPARTS SPACER,Arandela espiga para chiclé de alta Mikuni VM30-38,16.94,14.00,9.10,VM36/17,0,8409910090,0,1,quot,quot,VEHICLE PARTS & ACCESSORIES,ENGINE PARTS,ENG. INTAKE,2,5,22,22,5,https://api.mybihr.com/medias/800Wx800H-1010933-1.jpg?context=bWFzdGVyfHJvb3R8NzExMzh8aW1hZ2UvanBlZ3xhRFZoTDJnNE1TOHpNekV6TVRNME56RTBPRGd6TUM4NE1EQlhlRGd3TUVoZk1UQXhNRGt6TXkweExtcHdad3wwNTc3ZDdhN2ZhZWFhM2ZiOTZiZTMzMjYyMmE0YWNjMzhmYTA1NDczZTkzZTA1NjdkMjU1MjJlY2ZkNjZiYTQ2,https://api.mybihr.com/medias/800Wx800H-1010933-2.jpg?context=bWFzdGVyfHJvb3R8NzI5MzZ8aW1hZ2UvanBlZ3xhR0k1TDJnM015OHpNekV6TVRNME56VTBNakEwTmk4NE1EQlhlRGd3TUVoZk1UQXhNRGt6TXkweUxtcHdad3xmM2IzY2JkM2YxMTc3NzdhMWQyYWRmZjk1NTE5MDc5ZWMyMzNiNTEzMjU5ZjRjNjUwMmU2MTEzMmM4MTY1NWMy,,,https://static.bihr.pro/eBihr/Pictures/MIKUNI-pictures.zip,,,Spain Warehouse (Parts)
1010889,822058,VM28/79,MIKUNI,MIKUN SPAREPARTS CARBURETOR HOSE GUIDE,Guía de macarrón Mikuni VM30 standard /VM 44,2.42,2.00,1.30,VM28/79,0,8409910090,0,1,quot,quot,VEHICLE PARTS & ACCESSORIES,ENGINE PARTS,ENG. INTAKE,6,5,30,20,10,,,,,https://static.bihr.pro/eBihr/Pictures/MIKUNI-pictures.zip,,,Spain Warehouse (Parts)
1010881,822030,VM28/166,MIKUNI,MIKUN SPAREPARTS FLOAT TAB,Lengüeta de Flotador de carburador Mikuni VM 26/28/30 Compact,8.47,7.00,4.55,VM28/166,0,8409910090,0,1,quot,quot,VEHICLE PARTS & ACCESSORIES,ENGINE PARTS,ENG. INTAKE,12,100,30,25,16,,,,,https://static.bihr.pro/eBihr/Pictures/MIKUNI-pictures.zip,,,Spain Warehouse (Parts)
1010810,822040,VM15/164,MIKUNI,MIKUN SPAREPARTS CARBURETOR HOSE GUIDE,Guía de macarrón de gasolina para carburador Mikuni VM26/28/30 Compact,3.63,3.00,1.95,VM15/164,0,8409910090,0,1,quot,quot,VEHICLE PARTS & ACCESSORIES,ENGINE PARTS,ENG. INTAKE,4,100,16,16,16,,,,,https://static.bihr.pro/eBihr/Pictures/MIKUNI-pictures.zip,,,Spain Warehouse (Parts)
1010914,822044,VM34/31,MIKUNI,MIKUN SPAREPARTS WASHER,Arandela de carburador Mikuni VM 30 standard /32/34,4.84,4.00,2.60,VM34/31,1,8409910090,0,1,quot,quot,VEHICLE PARTS & ACCESSORIES,ENGINE PARTS,ENG. INTAKE,4,15,16,16,16,https://api.mybihr.com/medias/1010914-1-800Wx800H?context=bWFzdGVyfHJvb3R8Nzc1Njh8aW1hZ2UvanBlZ3xhRFZoTDJobU1pODVNREV5TkRZeU16ZzNNak13THpFd01UQTVNVFF0TVY4NE1EQlhlRGd3TUVnfDJiY2RkNzNlMDI5NTYzYmI0N2NmODI2NWYxNzA0Y2I5NTRiYWFlODQ3NjA0YTI5OGQzZTY1MGE5MmI1MzU4MzA,,,,https://static.bihr.pro/eBihr/Pictures/MIKUNI-pictures.zip,,,Spain Warehouse (Parts)
1010892,822022,VM29/49,MIKUNI,MIKUN SPAREPARTS VALVE SLIDE SPRING,Muelle de campana de carburador Mikuni VM 26/28/30 Compact,6.05,5.00,3.25,VM29/49,1,8409910090,0,1,quot,quot,VEHICLE PARTS & ACCESSORIES,ENGINE PARTS,ENG. INTAKE,2,15,20,10,10,https://api.mybihr.com/medias/1010892-1-800Wx800H?context=bWFzdGVyfHJvb3R8MzgyODJ8aW1hZ2UvanBlZ3xhRFJqTDJnMk1DODRPVFV5T0RJeU1EY3hNekkyTHpFd01UQTRPVEl0TVY4NE1EQlhlRGd3TUVnfGJhNjRiYzZmYzcwMGQxNmQ0MWE3NTEyYzNmMTMzMTI4YTRlNTQ3Y2QxNzVmOGZhOTU3MGJmNzBiMDZhNWQwNWE,,,,https://static.bihr.pro/eBihr/Pictures/MIKUNI-pictures.zip,,,Spain Warehouse (Parts)
1010820,822049,VM16/42,MIKUNI,MIKUN SPAREPARTS CHOKE PLUNGER,Muelle de starter Mikuni RS34/40/VM30 Standard / 44 TM36-40 / TMR-TDMR,2.42,2.00,1.30,VM16/42,0,8409910090,0,1,quot,quot,VEHICLE PARTS & ACCESSORIES,ENGINE PARTS,ENG. INTAKE,2,15,20,10,10,https://api.mybihr.com/medias/1010820-1-800Wx800H?context=bWFzdGVyfHJvb3R8MzgyODJ8aW1hZ2UvanBlZ3xhRGxpTDJnM05TODRPVFV5TmpZNU56azRORE13THpFd01UQTRNakF0TVY4NE1EQlhlRGd3TUVnfDVhNDkzNzhmOTY5ODlmMTk5YTJjODVhYTk3NzBkZGE5YTQ3ZjU3NWNmNDFjNDM4ZTk0YjYyYjE0YmUzMjkyNDY,,,,https://static.bihr.pro/eBihr/Pictures/MIKUNI-pictures.zip,,,Spain Warehouse (Parts)
