PartNumber,OldPartNumber,SupplierProductCode,Brand,ProductName,Designation,RetailPriceIncludingTax,RetailPriceExcludingTax,BaseDealerPriceExcludingTax,BarCode,StockValue,CommodityCode,OnDemand,DropShipping,HtmlDescription,Description,Category1,Category2,Category3,Volume (cm³),Weight (g),Length (mm),Width (mm),Height (mm)," Espesor",Anchura (mm),Diámetro exterior (mm),Diámetro int/ext (mm/mm),Diámetro interior (mm),Diámetro Ø (mm),Embalaje,Espesor (mm),Picture1,Picture2,AllPicturesZIP,Document1,DeliveryPlant
1016725,,62/32C3,NTN,NTN BEARING,Cojinete del cigüeñal NTN 32x65x17mm,24.78,20.48,12.29,4547359344318,0,8714109090,0,1,BEARING 62 32 C3,BEARING 62 32 C3,VEHICLE PARTS & ACCESSORIES,ENGINE PARTS,ENG. BEARING&GASKET,160,230,75,79,27,,,,,,,,,https://api.mybihr.com/medias/800Wx800H-1016725-1.jpg?context=bWFzdGVyfHJvb3R8NDEzMTl8aW1hZ2UvanBlZ3xhRFJrTDJnek1TODJNalE0TmpJM016a3hOamsxT0M4NE1EQlhlRGd3TUVoZk1UQXhOamN5TlMweExtcHdad3xlODliZjA4NjFiZmRiMGUzYmYxN2NmOTM0N2MwMWJkMTU0N2FlMDY0OGExNGE2ZDQxMjNlNjc2ZTUzZjQ1OGIz,,https://static.bihr.pro/eBihr/Pictures/NTN-pictures.zip,,Spain Warehouse (Parts)
1016733,,6205NRC3,NTN,NTN BEARING,Cojinete del cigüeñal NTN 25x52x15mm,14.23,11.76,7.06,4547359356632,0,8714109090,0,1,BEARING 6205NR C3,BEARING 6205NR C3,VEHICLE PARTS & ACCESSORIES,ENGINE PARTS,ENG. BEARING&GASKET,65,130,56,58,20,,,,,,,,,https://api.mybihr.com/medias/800Wx800H-1016733-1.jpg?context=bWFzdGVyfHJvb3R8NDQ2NzR8aW1hZ2UvanBlZ3xhRGxrTDJobU5DODJNalE0TmpJM05UUTRPVGd5TWk4NE1EQlhlRGd3TUVoZk1UQXhOamN6TXkweExtcHdad3xiNjY3NjNlODUyNzc3YTMwZjcxODhmNWU3MWQ1ZGE0MDM4MDczZTRmZDVjZDc5MTIyNmE2ZGZhNzc3ZWY0MTVi,,https://static.bihr.pro/eBihr/Pictures/NTN-pictures.zip,,Spain Warehouse (Parts)
1016744,,6208X23JR2W3-2C4,NTN,NTN BEARING,Cojinete del cigüeñal NTN 40x80x18mm,73.69,60.90,36.54,411079,0,8714109090,0,1,BEARING 6208X23 JR2X 3-2 C4,BEARING 6208X23 JR2X 3-2 C4,VEHICLE PARTS & ACCESSORIES,ENGINE PARTS,ENG. BEARING&GASKET,227,385,90,90,28,,,,,,,,,https://api.mybihr.com/medias/800Wx800H-1016744-1.jpg?context=bWFzdGVyfHJvb3R8NDEzMTl8aW1hZ2UvanBlZ3xhR1JpTDJnMFppOHhNREF4TVRNeE5qZzRNall6T1Rndk9EQXdWM2c0TURCSVh6RXdNVFkzTkRRdE1TNXFjR2N8MTM5YmJlYmVmOWI1ZjQ1YWNmYTdiMjA0OTlmYzQ4ZjU3OGJlOTYyZTFlMDQzM2M3NDI4MzEwNjA2MzcwMDM1YQ,,https://static.bihr.pro/eBihr/Pictures/NTN-pictures.zip,,Spain Warehouse (Parts)
1016721,,6005NRC3,NTN,NTN BEARING,Cojinete del cigüeñal NTN 25x47x12mm,28.59,23.63,14.18,4547359324808,0,8714109090,0,1,BEARING 6005NR C3,BEARING 6005NR C3,VEHICLE PARTS & ACCESSORIES,ENGINE PARTS,ENG. BEARING&GASKET,65,90,56,58,20,,,,,,,,,https://api.mybihr.com/medias/800Wx800H-1016721-1.jpg?context=bWFzdGVyfHJvb3R8NDQ2NzR8aW1hZ2UvanBlZ3xhRE15TDJneE5pODJNalE0TmpJM016RXpNRFV5Tmk4NE1EQlhlRGd3TUVoZk1UQXhOamN5TVMweExtcHdad3w1M2U3MDNlYWM2MDRjN2VlMTU0NDZhYzJmY2QxMjVhODY2ZGZlNzA2MzYxMzcyNDc0YTZhM2MyM2Q2NGRhODhi,,https://static.bihr.pro/eBihr/Pictures/NTN-pictures.zip,,Spain Warehouse (Parts)
1016765,,NJ206EAT2X,NTN,NTN BEARING,Cojinete del cigüeñal NTN 30x62x16mm,60.98,50.40,30.24,411111,0,8714109090,0,1,ROLLER BEARINGS NTN 30X62X16,ROLLER BEARINGS NTN 30X62X16,VEHICLE PARTS & ACCESSORIES,ENGINE PARTS,ENG. BEARING&GASKET,154,228,79,81,24,,,,,,,,,https://api.mybihr.com/medias/800Wx800H-1016765-1.jpg?context=bWFzdGVyfHJvb3R8NDY1NTR8aW1hZ2UvanBlZ3xhREJqTDJnd1pTODJNalE1TVRJMk1UQXdPVGsxTUM4NE1EQlhlRGd3TUVoZk1UQXhOamMyTlMweExtcHdad3w2NWNiMzMxMjhiZTEyNGUyODA0NTc4NmNkNjNiYzhmZjQ3MjIyOGIyYmQ0OGRiNDg0N2UyY2Q5NDAzNjNmNmU3,,https://static.bihr.pro/eBihr/Pictures/NTN-pictures.zip,,Spain Warehouse (Parts)
1016762,,7E-HMK2230,NTN,NTN BEARING,Rodamiento de agujas NTN - 22X29X30,14.74,12.18,7.31,4547359425109,0,8482400000,0,1,DRAWN CUP NEEDLE BEARING 22X29X30,DRAWN CUP NEEDLE BEARING 22X29X30,VEHICLE PARTS & ACCESSORIES,ENGINE PARTS,ENG. BEARING&GASKET,81,50,41,46,43,,,,,,,,,https://api.mybihr.com/medias/1016762-1-800Wx800H?context=bWFzdGVyfHJvb3R8MzA4NjB8aW1hZ2UvanBlZ3xhRFEzTDJoaFlTODRPVFV5TnpFNU9UTXpORGN3THpFd01UWTNOakl0TVY4NE1EQlhlRGd3TUVnfGNkN2IxMjRiZjgyZTIwY2YzZDhlODE5MGJhNWQyYWVlMjZkM2Y0ZmExNmFhZWZjYjY5NDUxNDNiMmIxYmU0NzA,,https://static.bihr.pro/eBihr/Pictures/NTN-pictures.zip,,Spain Warehouse (Parts)
1016769,,TMB308X4JR2C3,NTN,NTN BEARING,Cojinete del cigüeñal NTN 40x90x23mm,38.76,32.03,19.22,411032,0,8714109090,0,1,BEARING 6308X,BEARING 6308X,VEHICLE PARTS & ACCESSORIES,ENGINE PARTS,ENG. BEARING&GASKET,313,667,96,102,32,,,,,,,,,https://api.mybihr.com/medias/1016769-1-800Wx800H?context=bWFzdGVyfHJvb3R8NTQ0MTl8aW1hZ2UvanBlZ3xhR1F4TDJoalpDODRPVFExT0RJNU9UQTBOREUwTHpFd01UWTNOamt0TVY4NE1EQlhlRGd3TUVnfDY1YWMzNDZkMzNiYjc5YWM3ZDI4MWI1Mjc0ODg4MDAzNDNiOTdkOTQ2MDliMzQwM2RmNTVmZGFiZTU1ZGI1Yjk,,https://static.bihr.pro/eBihr/Pictures/NTN-pictures.zip,,Spain Warehouse (Parts)
1016784,,HK2030ZWD,NTN,NTN BEARING NEEDLE SOCKET,Rodamiento de agujas NTN - 20X26X30,14.62,12.08,7.25,4547359071795,0,8482400000,0,1,DRAWN CUP NEEDLE BEARING 20X26X30,DRAWN CUP NEEDLE BEARING 20X26X30,VEHICLE PARTS & ACCESSORIES,ENGINE PARTS,ENG. BEARING&GASKET,76,45,41,43,43,,,,,,,,,https://api.mybihr.com/medias/800Wx800H-1016784-1.jpg?context=bWFzdGVyfHJvb3R8NTA2MDJ8aW1hZ2UvanBlZ3xhR0ZrTDJobU1pODJNalE1TVRJMk16VXdNRE14T0M4NE1EQlhlRGd3TUVoZk1UQXhOamM0TkMweExtcHdad3xkNjUwMTgyY2RhMDY3MmI3NWE1NmY5MTYwMGU1NDM2Y2FmZTBiNzIyY2Q3ZGZlNTZiYmEwYjMyNzk4MDNkNjk2,,https://static.bihr.pro/eBihr/Pictures/NTN-pictures.zip,,Spain Warehouse (Parts)
1016786,,HK2220C,NTN,NTN BEARING NEEDLE SOCKET,Rodamiento de agujas NTN - 22X28X20,14.62,12.08,7.25,411604,0,8482400000,0,1,DRAWN CUP NEEDLE BEARING 22X28X20,DRAWN CUP NEEDLE BEARING 22X28X20,VEHICLE PARTS & ACCESSORIES,ENGINE PARTS,ENG. BEARING&GASKET,45,58,39,43,27,,,,,,,,,https://api.mybihr.com/medias/800Wx800H-1016786-1.jpg?context=bWFzdGVyfHJvb3R8NjA1NTN8aW1hZ2UvanBlZ3xhR1ZoTDJobVpDODJNalE1TVRJMk16ZzVNelV6TkM4NE1EQlhlRGd3TUVoZk1UQXhOamM0TmkweExtcHdad3w1ZDQwYzExNjhlMmJkMWU4YTkzMGM1Y2JiNTQxMmJkMjA1NTQyYjAyMGViYWRmM2Y3MGI4ZWM5MWY3NWU1OTFm,,https://static.bihr.pro/eBihr/Pictures/NTN-pictures.zip,,Spain Warehouse (Parts)
1016748,,6303C3,NTN,NTN BEARING,Cojinete del cigüeñal NTN 17x47x14 mm,8.89,7.35,4.41,4547359572841,0,8714109090,0,1,"<html> <head> <meta http-equiv=""Content-Type"" content=""text/html; charset=utf-8""><title> </title> <style type=""text/css"">.cs95E872D0{text-align:left;margin:0pt 0pt 0pt 0pt;}.csA7555675{color:#000;background-color:transparent;font-weight:normal;font-style:normal;}</style> </head> <body> <p> </p></body> </html>","         ",VEHICLE PARTS & ACCESSORIES,ENGINE PARTS,ENG. BEARING&GASKET,67,120,54,56,22,,,,,,,,,https://api.mybihr.com/medias/800Wx800H-1016748-1.jpg?context=bWFzdGVyfHJvb3R8NDEzMTl8aW1hZ2UvanBlZ3xhR05tTDJnek5DODJNalE1TVRJMU9EVTROVEV4T0M4NE1EQlhlRGd3TUVoZk1UQXhOamMwT0MweExtcHdad3xkODM2MWY2MGRmNDU2YWI4NmUwNTljZTZlY2YxYmZjNTdkZTJmNTkyZTAzMDk3ZTA2ODBjZmU4NDhjODlhNDRi,,https://static.bihr.pro/eBihr/Pictures/NTN-pictures.zip,,Spain Warehouse (Parts)
1016750,,6304JR2/22CS36,NTN,NTN BEARING,Cojinete del cigüeñal NTN 22x52x15mm,18.94,15.65,9.39,411240,0,8714109090,0,1,Crankshaft bearing type 6304JR 2/22 CS36 NTN 22X52X15,Crankshaft bearing type 6304JR 2/22 CS36 NTN 22X52X15,VEHICLE PARTS & ACCESSORIES,ENGINE PARTS,ENG. BEARING&GASKET,56,132,57,58,17,,,,,,,,,https://api.mybihr.com/medias/1016750-1-800Wx800H?context=bWFzdGVyfHJvb3R8NTc1NjJ8aW1hZ2UvanBlZ3xhRGN5TDJnd01pODRPVFE0T1RJNU1qazRORFl5THpFd01UWTNOVEF0TVY4NE1EQlhlRGd3TUVnfGI3NzJiYWEzZmViYTNhOGJkMjJmY2Y4ZGU2NzBjYTdkMjZkN2QwMDE3MjgzZGUzN2NjZTRhMjI2NDc3NjE0ZjA,,https://static.bihr.pro/eBihr/Pictures/NTN-pictures.zip,,Spain Warehouse (Parts)
1016775,,KBK14X18X173X,NTN,NTN BEARING NEEDLE ROLLER,Rodamiento de agujas NTN - 14X18X17.5,18.04,14.91,8.95,400406,0,8482400000,0,1,"<html> <head> <meta http-equiv=""Content-Type"" content=""text/html; charset=utf-8""><title> </title> <style type=""text/css"">.cs95E872D0{text-align:left;margin:0pt 0pt 0pt 0pt;}.csA7555675{color:#000;background-color:transparent;font-weight:normal;font-style:normal;}</style> </head> <body> <p> </p></body> </html>","         ",VEHICLE PARTS & ACCESSORIES,ENGINE PARTS,ENG. BEARING&GASKET,62,22,94,33,20,,,,,,,,,https://api.mybihr.com/medias/800Wx800H-1016775-1.jpg?context=bWFzdGVyfHJvb3R8NDQ4MDR8aW1hZ2UvanBlZ3xhR1k1TDJneVl5ODJNalE1TVRJMk1Ua3lOelExTkM4NE1EQlhlRGd3TUVoZk1UQXhOamMzTlMweExtcHdad3wwNThhYmE1NjQ3NjM2YTg1ZDhhNDEzMDkwN2E4ODk4NjMyYzBiNmRkNDE4Njg0MTFiYTMwZmI5NWJiOTQ4YmZm,,https://static.bihr.pro/eBihr/Pictures/NTN-pictures.zip,,Spain Warehouse (Parts)
1016776,,KBK14X18X20V3,NTN,NTN BEARING NEEDLE ROLLER,Rodamiento de agujas NTN - 14X18X20,18.04,14.91,8.95,400418,0,8482400000,0,1,"<html> <head> <meta http-equiv=""Content-Type"" content=""text/html; charset=utf-8""><title> </title> <style type=""text/css"">.cs95E872D0{text-align:left;margin:0pt 0pt 0pt 0pt;}.csA7555675{color:#000;background-color:transparent;font-weight:normal;font-style:normal;}</style> </head> <body> <p> </p></body> </html>","         ",VEHICLE PARTS & ACCESSORIES,ENGINE PARTS,ENG. BEARING&GASKET,61,16,92,33,20,,,,,,,,,https://api.mybihr.com/medias/800Wx800H-1016776-1.jpg?context=bWFzdGVyfHJvb3R8NDQ4MDR8aW1hZ2UvanBlZ3xhRGMxTDJnM1lpODJNalE1TVRJMk1qRXlOREEyTWk4NE1EQlhlRGd3TUVoZk1UQXhOamMzTmkweExtcHdad3wwYjhlZjBkZWI5NGYwNTk4MjYzZjVmNTk0YmU4ZDkwOTgwYzdiMDM5MWUwNGIzM2RjZDQyY2QxZGYwZjlkZTUx,,https://static.bihr.pro/eBihr/Pictures/NTN-pictures.zip,,Spain Warehouse (Parts)
1016727,,6203C3,NTN,NTN BEARING,Cojinete del cigüeñal NTN 17x40x12mm,10.10,8.35,5.01,411175,3,8714109090,0,1,"<html> <head> <meta http-equiv=""Content-Type"" content=""text/html; charset=utf-8""><title> </title> <style type=""text/css"">.cs95E872D0{text-align:left;margin:0pt 0pt 0pt 0pt;}.csA7555675{color:#000;background-color:transparent;font-weight:normal;font-style:normal;}</style> </head> <body> <p> </p></body> </html>","         ",VEHICLE PARTS & ACCESSORIES,ENGINE PARTS,ENG. BEARING&GASKET,65,71,57,60,19,,,,,,,,,https://api.mybihr.com/medias/800Wx800H-1016727-1.jpg?context=bWFzdGVyfHJvb3R8NDEzMTl8aW1hZ2UvanBlZ3xhRGs1TDJnNE5pODJNalE0TmpJM05ETXhNREUzTkM4NE1EQlhlRGd3TUVoZk1UQXhOamN5TnkweExtcHdad3w0NGUyYWE3M2FiNTgyYjQ5Y2E5YzVhNDliZjk4YWMwNDE4MTUzZWU4Yjk5ZmMzNjYwNzk1ZmE3ODkzY2RmMWE2,,https://static.bihr.pro/eBihr/Pictures/NTN-pictures.zip,,Spain Warehouse (Parts)
1016772,,TM-SX06C42CS44,NTN,NTN BEARING,Cojinete del cigüeñal NTN 30x72x17mm,41.93,34.65,20.79,4547359767131,1,8714109090,0,1,BEARING 30X72X19,BEARING 30X72X19,VEHICLE PARTS & ACCESSORIES,ENGINE PARTS,ENG. BEARING&GASKET,160,350,75,79,27,,,,,,,,,https://api.mybihr.com/medias/1016772-1-800Wx800H?context=bWFzdGVyfHJvb3R8NTA3MzR8aW1hZ2UvanBlZ3xhRFV4TDJnd055ODRPVEE0TmpjNU5qUXpNVFkyTHpFd01UWTNOekl0TVY4NE1EQlhlRGd3TUVnfGQ4OGUzMTFiY2I1N2JhMjgwMzViYzFmMDZmODZlMzZlMWY1ZTIxNzMzMGJmY2Y0NDIwOTZhYzVmZDlmOGEyYzI,,https://static.bihr.pro/eBihr/Pictures/NTN-pictures.zip,,Spain Warehouse (Parts)
1016720,,6005C3,NTN,NTN BEARING,Cojinete del cigüeñal NTN 25x47x12mm,12.58,10.40,6.24,4547359323504,1,8714109090,0,1,BEARING 6005 C3,BEARING 6005 C3,VEHICLE PARTS & ACCESSORIES,ENGINE PARTS,ENG. BEARING&GASKET,67,80,54,56,22,,,,,,,,,https://api.mybihr.com/medias/800Wx800H-1016720-1.jpg?context=bWFzdGVyfHJvb3R8NDEzMTl8aW1hZ2UvanBlZ3xhRFE1TDJnek9DODJNalE0TmpJM01qa3pNemt4T0M4NE1EQlhlRGd3TUVoZk1UQXhOamN5TUMweExtcHdad3wwMzNmYmJmZmI1ZjI2NjM4MTlmOTNlODBhMDA4NDNjNTAwMzNkMmIyZWY0NzY1NWU2MjY5M2YxMTc1YjkwMzA1,,https://static.bihr.pro/eBihr/Pictures/NTN-pictures.zip,,Spain Warehouse (Parts)
1016759,,6306NRC3,NTN,NTN BEARING,Cojinete del cigüeñal NTN 30x72x19mm,21.60,17.85,10.71,4547359388022,0,8714109090,0,1,BEARING 6306NR C3,BEARING 6306NR C3,VEHICLE PARTS & ACCESSORIES,ENGINE PARTS,ENG. BEARING&GASKET,301,395,95,99,32,,,,,,,,,https://api.mybihr.com/medias/800Wx800H-1016759-1.jpg?context=bWFzdGVyfHJvb3R8NDQ2NzR8aW1hZ2UvanBlZ3xhREEyTDJoaFl5ODJNalE1TVRJMU9UazJNVE0zTkM4NE1EQlhlRGd3TUVoZk1UQXhOamMxT1MweExtcHdad3wzMDg5ZTJiZjY0NDVmZThkMWZhOWQzNGZmZmEwMTBlZmExMTMxODlmYjcxMWZhZmRlMmI0OTYxZDE5NzE3Njk3,,https://static.bihr.pro/eBihr/Pictures/NTN-pictures.zip,,Spain Warehouse (Parts)
1016761,,6308C3,NTN,NTN BEARING,Cojinete del cigüeñal NTN 40x90x23mm,31.76,26.25,15.75,4547359576450,0,8714109090,0,1,BEARING 6308 C3,BEARING 6308 C3,VEHICLE PARTS & ACCESSORIES,ENGINE PARTS,ENG. BEARING&GASKET,294,667,96,102,30,,,,,,,,,https://api.mybihr.com/medias/800Wx800H-1016761-1.jpg?context=bWFzdGVyfHJvb3R8NDEzMTl8aW1hZ2UvanBlZ3xhR1poTDJnMU1DODJNalE1TVRJMk1ETTFORFU1TUM4NE1EQlhlRGd3TUVoZk1UQXhOamMyTVMweExtcHdad3xkZjYwZDBiZjlhY2Y0MDdkOTA1YzM3MzA2ZjNmMGEzYWNhNDFiNWMxZWI3ZjNiZWU0N2VjZTgzMjdiYTIzOGU0,,https://static.bihr.pro/eBihr/Pictures/NTN-pictures.zip,,Spain Warehouse (Parts)
1016763,,8E-NK39X58X16-2PX1,NTN,NTN BEARING,Cojinete del cigüeñal NTN 39x58x16mm,68.86,56.91,34.15,4547359671605,1,8482400000,0,1,BEARING 39X58X16,BEARING 39X58X16,VEHICLE PARTS & ACCESSORIES,ENGINE PARTS,ENG. BEARING&GASKET,108,135,59,61,30,,,,,,,,,https://api.mybihr.com/medias/800Wx800H-1016763-1.jpg?context=bWFzdGVyfHJvb3R8Mzc4MjR8aW1hZ2UvanBlZ3xhREpqTDJnME55ODJNalE1TVRJMk1EWXhOamN6TkM4NE1EQlhlRGd3TUVoZk1UQXhOamMyTXkweExtcHdad3xjZmFlYmU4MmM1NDdjZDZiZDdiMWE0NDdhZTU3YTExYjJhMDUwZmVjOTUzZDIwNDRiOGEzYjhlNmY4MTE5MDVh,,https://static.bihr.pro/eBihr/Pictures/NTN-pictures.zip,,Spain Warehouse (Parts)
1016764,,8E-NK39X65X18-3,NTN,NTN BEARING,Cojinete del cigüeñal NTN 39x65x18mm,69.49,57.43,34.46,4547359672626,1,8482400000,0,1,BEARING 39X65X18,BEARING 39X65X18,VEHICLE PARTS & ACCESSORIES,ENGINE PARTS,ENG. BEARING&GASKET,150,235,75,80,25,,,,,,,,,https://api.mybihr.com/medias/1016764-1-800Wx800H?context=bWFzdGVyfHJvb3R8NTA3MzR8aW1hZ2UvanBlZ3xhRGMzTDJnNVl5ODRPVFk1TURJMk5qTXpOelU0THpFd01UWTNOalF0TVY4NE1EQlhlRGd3TUVnfGMzOWIwOWYwN2M4ZTRjZTBiMzVlNjliNjYzYmNiNzlmNDY3NThkMjA1ODhiNDlhYjQ4NjM0OTJkNDY0YTkwZDI,,https://static.bihr.pro/eBihr/Pictures/NTN-pictures.zip,,Spain Warehouse (Parts)
1016767,,NJ306EAT2XC3,NTN,NTN BEARING,Cojinete del cigüeñal NTN 30x72x19mm,59.71,49.35,29.61,4547359920758,1,8714109090,0,1,ROLLER BEARING 30X72X19,ROLLER BEARING 30X72X19,VEHICLE PARTS & ACCESSORIES,ENGINE PARTS,ENG. BEARING&GASKET,144,374,77,78,24,,,,,,,,,https://api.mybihr.com/medias/800Wx800H-1016767-1.jpg?context=bWFzdGVyfHJvb3R8NDY1NTR8aW1hZ2UvanBlZ3xhRGxpTDJneE9DODJNalE1TVRJMk1UTXpOell6TUM4NE1EQlhlRGd3TUVoZk1UQXhOamMyTnkweExtcHdad3w1ZjE3NWE3MDBiMmQwMjA4MzFmNWZmNGUzZDEzYWNhYzU3N2M3YWU3ZGE1YzJkY2M3MWMwMzU0NDNmNzZhNGQ4,,https://static.bihr.pro/eBihr/Pictures/NTN-pictures.zip,,Spain Warehouse (Parts)
1016768,,TMB3/28JR2/72C4,NTN,NTN BEARING,Cojinete del cigüeñal NTN 28x72x18mm,48.53,40.11,24.07,4547359779561,1,8714109090,0,1,BEARING 28X72X18,BEARING 28X72X18,VEHICLE PARTS & ACCESSORIES,ENGINE PARTS,ENG. BEARING&GASKET,353,360,94,94,40,,,,,,,,,https://api.mybihr.com/medias/1016768-1-800Wx800H?context=bWFzdGVyfHJvb3R8NTA3MzR8aW1hZ2UvanBlZ3xhR0l3TDJobU1TODRPVFk1TURJM01ESTJPVGMwTHpFd01UWTNOamd0TVY4NE1EQlhlRGd3TUVnfGQ4NjA3YzljNjU2OThiNDM4NmUxMDcyOTJjNTE1YzliODQ3MDdlODU5NzY3OWY2Y2MyMjlmYjM3NDAzZmYwYjQ,,https://static.bihr.pro/eBihr/Pictures/NTN-pictures.zip,,Spain Warehouse (Parts)
1016770,,TM-SC0692C3,NTN,NTN BEARING,"Cojinete del cigüeñal NTN 30x76x17,5mm",29.86,24.68,14.81,4547359497946,0,8714109090,0,1,BEARING 692 C3,BEARING 692 C3,VEHICLE PARTS & ACCESSORIES,ENGINE PARTS,ENG. BEARING&GASKET,160,380,75,79,27,,,,,,,,,https://api.mybihr.com/medias/1016770-1-800Wx800H?context=bWFzdGVyfHJvb3R8NTQ0MTl8aW1hZ2UvanBlZ3xhRGd3TDJobU9DODRPVFk1TURJM01qSXpOVGd5THpFd01UWTNOekF0TVY4NE1EQlhlRGd3TUVnfDkxOTU1Y2VjYzg3Zjk2Y2U4YjhkZmM2ZDQ0YTA0YmRhMWY0ZjhlN2U5YThhZTIyZGM5OTZkMjAwNzA4Y2MyZjQ,,https://static.bihr.pro/eBihr/Pictures/NTN-pictures.zip,,Spain Warehouse (Parts)
1016771,,TM-SC0736CS19PX1,NTN,NTN BEARING,Cojinete del cigüeñal NTN 35x80x18mm,49.30,40.74,24.44,4547359794823,0,8714109090,0,1,BEARING 6307X,BEARING 6307X,VEHICLE PARTS & ACCESSORIES,ENGINE PARTS,ENG. BEARING&GASKET,207,438,86,89,27,,,,,,,,,https://api.mybihr.com/medias/1016771-1-800Wx800H?context=bWFzdGVyfHJvb3R8NTQ0MTl8aW1hZ2UvanBlZ3xhRFV4TDJobVppODRPVFk1TURJM05ESXdNVGt3THpFd01UWTNOekV0TVY4NE1EQlhlRGd3TUVnfGI5NWYzMWExZjVhYTAxODM5Zjk1ZThiMzdlZDQ5MDhlOGE3ZDdhMTExMzQ4NzQ4MWExYTY3M2ZmNDZiMmUyZGQ,,https://static.bihr.pro/eBihr/Pictures/NTN-pictures.zip,,Spain Warehouse (Parts)
1016778,,KBK16X20X198X3,NTN,NTN BEARING NEEDLE ROLLER,Rodamiento de agujas NTN - 16X20X19.5,18.04,14.91,8.95,400416,1,8482400000,0,1,"NEEDLE ROLLER CAGE, NEEDLES 16X20X19.5","NEEDLE ROLLER CAGE, NEEDLES 16X20X19.5",VEHICLE PARTS & ACCESSORIES,ENGINE PARTS,ENG. BEARING&GASKET,108,20,75,41,35,,,,,,,,,https://api.mybihr.com/medias/800Wx800H-1016778-1.jpg?context=bWFzdGVyfHJvb3R8NDQ4MDR8aW1hZ2UvanBlZ3xhREF6TDJnNE9TODJNalE1TVRJMk1qVXhOekkzT0M4NE1EQlhlRGd3TUVoZk1UQXhOamMzT0MweExtcHdad3wyNTIzMzI1MDEzZTYyNjA1ZjQ2ZDc3NjI0YmQ1YTc0ZDNkOTcyMGU1NGZlY2ZhZTNlODdlOWJiYTUwZTA5ZWMx,,https://static.bihr.pro/eBihr/Pictures/NTN-pictures.zip,,Spain Warehouse (Parts)
1016783,,HMK1720C,NTN,NTN BEARING NEEDLE SOCKET,Rodamiento de agujas NTN - 17X24X20,14.62,12.08,7.25,4547359073676,2,8482400000,0,1,DRAWN CUP NEEDLE BEARING 17X24X20,DRAWN CUP NEEDLE BEARING 17X24X20,VEHICLE PARTS & ACCESSORIES,ENGINE PARTS,ENG. BEARING&GASKET,45,30,39,43,27,,,,,,,,,https://api.mybihr.com/medias/800Wx800H-1016783-1.jpg?context=bWFzdGVyfHJvb3R8NjA1NTN8aW1hZ2UvanBlZ3xhR1JqTDJobFlpODJNalE1TVRJMk16TXdNemN4TUM4NE1EQlhlRGd3TUVoZk1UQXhOamM0TXkweExtcHdad3w2NjgxNmUwZWYzYmNmNzJiOGUxMTU5MzA5MWYzYjM2Mzg2YTcwNWVjMzkyYTQ4NmQzOTc0NjBmYjI5YTlhYjFh,,https://static.bihr.pro/eBihr/Pictures/NTN-pictures.zip,,Spain Warehouse (Parts)
1016787,,HMK2030,NTN,NTN BEARING NEEDLE SOCKET,Rodamiento de agujas NTN - 20X27X30,14.62,12.08,7.25,4547359073911,0,8482400000,0,1,DRAWN CUP NEEDLE BEARING 20X27X30,DRAWN CUP NEEDLE BEARING 20X27X30,VEHICLE PARTS & ACCESSORIES,ENGINE PARTS,ENG. BEARING&GASKET,81,53,45,45,40,,,,,,,,,https://api.mybihr.com/medias/800Wx800H-1016787-1.jpg?context=bWFzdGVyfHJvb3R8NjA1NTN8aW1hZ2UvanBlZ3xhRGs1TDJoaU15ODJNalE1TVRJMk5EQTVNREUwTWk4NE1EQlhlRGd3TUVoZk1UQXhOamM0TnkweExtcHdad3w4YjJhM2EyYTdlYjU1YWExYmYyMTA2ZmNlMmEyNTdiYTIwNzUyMWIzN2VmODFjOWU2YjkwNWIzNDRmNjhiYzQ1,,https://static.bihr.pro/eBihr/Pictures/NTN-pictures.zip,,Spain Warehouse (Parts)
1016734,,6205ZZCM/5K,NTN,NTN BEARING,Rodamiento de rueda NTN 25x52x15mm,13.72,11.34,6.80,411876,0,8483200000,0,1,RADIAL BALL BEARING 6205ZZ NTN 25X52X15,RADIAL BALL BEARING 6205ZZ NTN 25X52X15,VEHICLE PARTS & ACCESSORIES,ENGINE PARTS,ENG. BEARING&GASKET,64,125,56,60,19,,,,,,,por unidad,,https://api.mybihr.com/medias/800Wx800H-1016734-1.jpg?context=bWFzdGVyfHJvb3R8NDYyODR8aW1hZ2UvanBlZ3xhRFpsTDJobVlpODJNalE0TmpJM05UWTROalF6TUM4NE1EQlhlRGd3TUVoZk1UQXhOamN6TkMweExtcHdad3wxMDI4MWUxYzZlNDc4NTI1YjQ4OGI2NWYzNTUwMGY5M2M3OWQ1ZWE3ZGRlNjNjZWE4NThhNmFiOTc0MDI2ZTli,,https://static.bihr.pro/eBihr/Pictures/NTN-pictures.zip,,Spain Warehouse (Parts)
1016736,,6206JR2/25C4,NTN,NTN BEARING,Cojinete del cigüeñal NTN 25x62x16mm,36.47,30.14,18.08,4547359765236,0,8714109090,0,1,BEARING 6305RI C3,BEARING 6305RI C3,VEHICLE PARTS & ACCESSORIES,ENGINE PARTS,ENG. BEARING&GASKET,84,235,64,66,20,,,,,,,,,https://api.mybihr.com/medias/800Wx800H-1016736-1.jpg?context=bWFzdGVyfHJvb3R8NDEzMTl8aW1hZ2UvanBlZ3xhRFU0TDJoaFppODJNalE0TmpJM05qQTNPVFkwTmk4NE1EQlhlRGd3TUVoZk1UQXhOamN6TmkweExtcHdad3w2MmVlNjRmNDc3M2Y0NTJiODY1ZWJlNzBjZTdhZTQwOTc2NDA3Y2EzNTExYjY4MjE0ZTgwOThlODM5NTdjNjVh,,https://static.bihr.pro/eBihr/Pictures/NTN-pictures.zip,,Spain Warehouse (Parts)
1016741,,6207JR2CS37,NTN,NTN BEARING,Cojinete del cigüeñal NTN 35x72x17mm,21.60,17.85,10.71,411027,0,8714109090,0,1,BEARING 6207JR2 C4,BEARING 6207JR2 C4,VEHICLE PARTS & ACCESSORIES,ENGINE PARTS,ENG. BEARING&GASKET,160,300,75,79,27,,,,,,,,,https://api.mybihr.com/medias/1016741-1-800Wx800H?context=bWFzdGVyfHJvb3R8NTQ0MTl8aW1hZ2UvanBlZ3xhR001TDJnek5pODRPVFk1TURJME5qWTNOamM0THpFd01UWTNOREV0TVY4NE1EQlhlRGd3TUVnfGE3MDAzMjQ3ZWFjNDUzYmE4YTJjYzc0NmMwOWYzMjk3YzllMGVkMGFlODlmYmNmMTIzNWUzNTE0MWEwMWZhNTA,,https://static.bihr.pro/eBihr/Pictures/NTN-pictures.zip,,Spain Warehouse (Parts)
1016781,,KBK18X22X218X3,NTN,NTN BEARING NEEDLE ROLLER,Rodamiento de agujas NTN - 18X22X22,18.04,14.91,8.95,4547359695007,2,8482400000,0,1,NEEDLE ROLLER CAGE18X22X22,NEEDLE ROLLER CAGE18X22X22,VEHICLE PARTS & ACCESSORIES,ENGINE PARTS,ENG. BEARING&GASKET,64,20,67,48,20,,,,,,,,,https://api.mybihr.com/medias/800Wx800H-1016781-1.jpg?context=bWFzdGVyfHJvb3R8NDQ4MDR8aW1hZ2UvanBlZ3xhR0V6TDJnNU5pODJNalE1TVRJMk1qa3hNRFE1TkM4NE1EQlhlRGd3TUVoZk1UQXhOamM0TVMweExtcHdad3wwM2NkODQ2YThhMzcwYmRhMTc0YzBmMjhhZmMxZDI3MzhlMzc4MTIzMmFkY2RiNWU4MDUxZDk1ZTA3NTcyMjcx,,https://static.bihr.pro/eBihr/Pictures/NTN-pictures.zip,,Spain Warehouse (Parts)
1016782,,KBK18X22X238X1,NTN,NTN BEARING NEEDLE ROLLER,Rodamiento de agujas NTN - 18X22X23.6,18.04,14.91,8.95,4547359667691,1,8482400000,0,1,"NEEDLE ROLLER CAGE, NEEDLES 18X22X23.6","NEEDLE ROLLER CAGE, NEEDLES 18X22X23.6",VEHICLE PARTS & ACCESSORIES,ENGINE PARTS,ENG. BEARING&GASKET,48,20,41,43,27,,,,,,,,,https://api.mybihr.com/medias/800Wx800H-1016782-1.jpg?context=bWFzdGVyfHJvb3R8NDQ4MDR8aW1hZ2UvanBlZ3xhREJqTDJobE5TODJNalE1TVRJMk16RXdOekV3TWk4NE1EQlhlRGd3TUVoZk1UQXhOamM0TWkweExtcHdad3xkYmU3ZjdhZDZiOTIxYWU4NTRiOTMwZWY0MzcxYjBhZjFjZWFkODVlZTU4OGYyZmNhZjc4MTUyMzI2MmJkOGQ5,,https://static.bihr.pro/eBihr/Pictures/NTN-pictures.zip,,Spain Warehouse (Parts)
1016731,,6205C3,NTN,NTN BEARING,Cojinete del cigüeñal NTN 25x52x15mm,12.58,10.40,6.24,4547359562682,0,8714109090,0,1,"<html> <head> <meta http-equiv=""Content-Type"" content=""text/html; charset=utf-8""><title> </title> <style type=""text/css"">.cs95E872D0{text-align:left;margin:0pt 0pt 0pt 0pt;}.csA7555675{color:#000;background-color:transparent;font-weight:normal;font-style:normal;}</style> </head> <body> <p> </p></body> </html>","         ",VEHICLE PARTS & ACCESSORIES,ENGINE PARTS,ENG. BEARING&GASKET,79,135,60,60,22,,,,,,,,,https://api.mybihr.com/medias/800Wx800H-1016731-1.jpg?context=bWFzdGVyfHJvb3R8NDEzMTl8aW1hZ2UvanBlZ3xhREV3TDJobE55ODJNalE0TmpJM05UQTVOall3Tmk4NE1EQlhlRGd3TUVoZk1UQXhOamN6TVMweExtcHdad3xlZjI3YjhhYTMzYzdhYjg2ZmIzMTU1MWU1NzgwYTUzOGMzOGI3MTQ2YzlhYjlkMTM4ZjgyMjI3MjkxY2JmN2Q5,,https://static.bihr.pro/eBihr/Pictures/NTN-pictures.zip,,Spain Warehouse (Parts)
1016757,,6306JRXW3-3C4,NTN,NTN BEARING,Cojinete del cigüeñal NTN 30x72x19mm,24.14,19.95,11.97,411070,1,8714109090,0,1,ROLLER BEARING 6306-JR2C4,ROLLER BEARING 6306-JR2C4,VEHICLE PARTS & ACCESSORIES,ENGINE PARTS,ENG. BEARING&GASKET,139,358,73,76,25,,,,,,,,,https://api.mybihr.com/medias/1016757-1-800Wx800H?context=bWFzdGVyfHJvb3R8NTA3MzR8aW1hZ2UvanBlZ3xhRGxrTDJnek9TODRPVFk1TURJMU9EUTNNekkyTHpFd01UWTNOVGN0TVY4NE1EQlhlRGd3TUVnfDg2ZWYwNmQ3MzJjODJhYTk4NTJmYTkwYjc5MWQ0NzkzNmY4NmNmY2ZmODE4YjU1MDgxNjEyZmZjZGFkMjYxOWQ,,https://static.bihr.pro/eBihr/Pictures/NTN-pictures.zip,,Spain Warehouse (Parts)
1016728,,6203ZZ/5K,NTN,NTN BEARING,Rodamiento de rueda NTN 17x40x12mm,10.10,8.35,5.01,411875,0,8483200000,0,1,RADIAL BALL BEARING 6203ZZ NTN 17X40X12,RADIAL BALL BEARING 6203ZZ NTN 17X40X12,VEHICLE PARTS & ACCESSORIES,ENGINE PARTS,ENG. BEARING&GASKET,35,60,43,48,17,,,,,,,por unidad,,https://api.mybihr.com/medias/800Wx800H-1016728-1.jpg?context=bWFzdGVyfHJvb3R8NDYyODR8aW1hZ2UvanBlZ3xhRFUyTDJnNFpDODJNalE0TmpJM05EVXdOamM0TWk4NE1EQlhlRGd3TUVoZk1UQXhOamN5T0MweExtcHdad3wzODMzZWFjYjg4MTRjNDc3M2YxMzU1YzNmZWRhNWIxNGQ1ZGNkNTdlZDM2MDQwYzgyNzIyMTg2ZWI4YjEwOTVk,,https://static.bihr.pro/eBihr/Pictures/NTN-pictures.zip,,Spain Warehouse (Parts)
1016738,,6206NC3,NTN,NTN BEARING,Cojinete del cigüeñal NTN 30x62x16mm,14.42,11.92,7.15,4547359359367,0,8714109090,0,1,BEARING 6206N C3,BEARING 6206N C3,VEHICLE PARTS & ACCESSORIES,ENGINE PARTS,ENG. BEARING&GASKET,93,200,64,66,22,,,,,,,,,https://api.mybihr.com/medias/800Wx800H-1016738-1.jpg?context=bWFzdGVyfHJvb3R8NDI5ODh8aW1hZ2UvanBlZ3xhR0k0TDJoaE1TODJNalE0TmpJM05qUTNNamcyTWk4NE1EQlhlRGd3TUVoZk1UQXhOamN6T0MweExtcHdad3wwZTdjNWUxZDEwOTQ0YmU2OWM1MWY2MTBlNzYxNTc0NTU0ZDJjNWE1ZDQzYmQxMWJkMmQ4NTc3M2I4ZWEzZmFi,,https://static.bihr.pro/eBihr/Pictures/NTN-pictures.zip,,Spain Warehouse (Parts)
1016751,,6304JR2C4,NTN,NTN BEARING,Cojinete del cigüeñal NTN 20x52x15mm,20.07,16.59,9.95,411053,2,8714109090,0,1,BEARING 6304 JR2 C4,BEARING 6304 JR2 C4,VEHICLE PARTS & ACCESSORIES,ENGINE PARTS,ENG. BEARING&GASKET,100,149,65,70,22,,,,,,,,,https://api.mybihr.com/medias/1016751-1-800Wx800H?context=bWFzdGVyfHJvb3R8NTQ0MTl8aW1hZ2UvanBlZ3xhR1ZqTDJnd05TODRPVEF4TmpBeU5UQTRPRE13THpFd01UWTNOVEV0TVY4NE1EQlhlRGd3TUVnfDA3YTQ5ZjQxZGEzZmM3YzczYTk3MTY2ODY1NThlNzFmZGM0NTIxMDQ2MmJjYTAxOTRkMjY1N2UyNDUxOGVhMTY,,https://static.bihr.pro/eBihr/Pictures/NTN-pictures.zip,,Spain Warehouse (Parts)
1016730,,6204NRC3,NTN,NTN BEARING,Cojinete del cigüeñal NTN 20x47x14mm,12.58,10.40,6.24,4547359353693,1,8714109090,0,1,BEARING 6204NR C3,BEARING 6204NR C3,VEHICLE PARTS & ACCESSORIES,ENGINE PARTS,ENG. BEARING&GASKET,50,106,52,56,17,,,,,,,,,https://api.mybihr.com/medias/800Wx800H-1016730-1.jpg?context=bWFzdGVyfHJvb3R8NDQ2NzR8aW1hZ2UvanBlZ3xhRGswTDJnNU9DODJNalE0TmpJM05EZzVPVGs1T0M4NE1EQlhlRGd3TUVoZk1UQXhOamN6TUMweExtcHdad3wyODM4MGNkYzBiMjNjNTYyOGMxZjE2YjNkMzQ5NGZiMDQ4N2IwNDg1MDA3Yjc4MjI4YzZjYzE5ZDlmZjRhOTk0,,https://static.bihr.pro/eBihr/Pictures/NTN-pictures.zip,,Spain Warehouse (Parts)
1016732,,6205C4,NTN,NTN BEARING,Cojinete del cigüeñal NTN 25x52x15mm,12.08,9.98,5.99,4547359562699,6,8714109090,0,1,BEARING 6205 C4,BEARING 6205 C4,VEHICLE PARTS & ACCESSORIES,ENGINE PARTS,ENG. BEARING&GASKET,65,134,56,58,20,,,,,,,,,https://api.mybihr.com/medias/800Wx800H-1016732-1.jpg?context=bWFzdGVyfHJvb3R8NDEzMTl8aW1hZ2UvanBlZ3xhR1V3TDJobFpDODJNalE0TmpJM05USTVNekl4TkM4NE1EQlhlRGd3TUVoZk1UQXhOamN6TWkweExtcHdad3wzYjM5MTE3YmExNDA5MTRmNzk0NjMxYzRhNWExY2EzMWRkOGJkNzYxOWM4OWY1N2RmZWI1NTQxYzFmMjJkNDM0,,https://static.bihr.pro/eBihr/Pictures/NTN-pictures.zip,,Spain Warehouse (Parts)
1016717,,3TM-SX06C62CS44,NTN,NTN BEARING,Cojinete del cigüeñal NTN 30x72x16mm,42.57,35.18,21.11,4547359783605,1,8714109090,0,1,BEARING 30X72X16,BEARING 30X72X16,VEHICLE PARTS & ACCESSORIES,ENGINE PARTS,ENG. BEARING&GASKET,236,300,93,94,27,,,,,,,,,https://api.mybihr.com/medias/800Wx800H-1016717-1.jpg?context=bWFzdGVyfHJvb3R8NDEzMTl8aW1hZ2UvanBlZ3xhRFJsTDJnME1pOHhNREF4TVRNeE5qZzBNek14T0RJdk9EQXdWM2c0TURCSVh6RXdNVFkzTVRjdE1TNXFjR2N8ZWEwZWZlOTgxODZlZmFhNWE0MGE4MThiMTk4YTZiMDE3ZDM2M2Q3MzI5MTBkNGRkMzAxNTIzYzFhYWQ4ODZlMA,,https://static.bihr.pro/eBihr/Pictures/NTN-pictures.zip,,Spain Warehouse (Parts)
1016718,,4T-32008X,NTN,NTN BEARING,Cojinete del cigüeñal NTN 40x68x19mm,26.43,21.84,13.10,411874,0,8482200000,0,1,"<p>NTN bearings are a guarantee of long-term reliability, and are intended for reconditioning cycle parts mounted with bearings.</p>
<ul>
	<li>Bearing type 32008X - tapered</li>
	<li>40X68X19</li>
	<li>Single bearing</li>
</ul>
","
NTN bearings are a guarantee of long-term reliability, and are intended for reconditioning cycle parts mounted with bearings.

	Bearing type 32008X - tapered
	40X68X19
	Single bearing

",VEHICLE PARTS & ACCESSORIES,ENGINE PARTS,ENG. BEARING&GASKET,128,279,72,81,22,,,,,,,,,https://api.mybihr.com/medias/800Wx800H-1016718-1.jpg?context=bWFzdGVyfHJvb3R8NTEzNzh8aW1hZ2UvanBlZ3xhR1EyTDJnME5TODJNalE0TmpJM01qVTBNRGN3TWk4NE1EQlhlRGd3TUVoZk1UQXhOamN4T0MweExtcHdad3w0ZmZiZDQxYThiM2I1NzU2NTA5YWVlYzc4Yzg4MDM1MDkyN2JlMGY2YTc0NDY0ZGMyYjQ3MzQwZTA2ZWRkMjZj,,https://static.bihr.pro/eBihr/Pictures/NTN-pictures.zip,,Spain Warehouse (Parts)
1016719,,6004C3,NTN,NTN BEARING,Cojinete del cigüeñal NTN 20x42x12mm,12.58,10.40,6.24,4547359545159,1,8714109090,0,1,"<html> <head> <meta http-equiv=""Content-Type"" content=""text/html; charset=utf-8""><title> </title> <style type=""text/css"">.cs95E872D0{text-align:left;margin:0pt 0pt 0pt 0pt;}.csA7555675{color:#000;background-color:transparent;font-weight:normal;font-style:normal;}</style> </head> <body> <p> </p></body> </html>","         ",VEHICLE PARTS & ACCESSORIES,ENGINE PARTS,ENG. BEARING&GASKET,44,99,46,48,20,,,,,,,,,https://api.mybihr.com/medias/800Wx800H-1016719-1.jpg?context=bWFzdGVyfHJvb3R8NDEzMTl8aW1hZ2UvanBlZ3xhREU1TDJnelppODJNalE0TmpJM01qY3pOek14TUM4NE1EQlhlRGd3TUVoZk1UQXhOamN4T1MweExtcHdad3wxNmEyZjIzNjI1ZWRjODJkMjhmNzFiM2ZkOWY4NTg4Yzc1ZDI2YjNiY2E5MTlmOGEwOWZhMjdkY2RlMjQxOWMw,,https://static.bihr.pro/eBihr/Pictures/NTN-pictures.zip,,Spain Warehouse (Parts)
1016723,,62/22C3,NTN,NTN BEARING,Cojinete del cigüeñal NTN 22x50x14mm,13.72,11.34,6.80,4547359756425,2,8714109090,0,1,BEARING 62 22 C3,BEARING 62 22 C3,VEHICLE PARTS & ACCESSORIES,ENGINE PARTS,ENG. BEARING&GASKET,67,120,54,56,22,,,,,,,,,https://api.mybihr.com/medias/800Wx800H-1016723-1.jpg?context=bWFzdGVyfHJvb3R8NDEzMTl8aW1hZ2UvanBlZ3xhR0ptTDJneU15ODJNalE0TmpJM016VXlNemMwTWk4NE1EQlhlRGd3TUVoZk1UQXhOamN5TXkweExtcHdad3xlMzVmYjI1Y2U5YzNhNjgyMmQ0ZjU3OTVkMzcyMjM0MDE5OGUzYjVkNmRlZjcwYWViZTYzYzMwZTAzNGZhZmRj,,https://static.bihr.pro/eBihr/Pictures/NTN-pictures.zip,,Spain Warehouse (Parts)
1016724,,62/28C3,NTN,NTN BEARING,Cojinete del cigüeñal NTN 28x58x16mm,14.87,12.29,7.37,4547359344271,1,8714109090,0,1,BEARING 62/28 C3,BEARING 62/28 C3,VEHICLE PARTS & ACCESSORIES,ENGINE PARTS,ENG. BEARING&GASKET,93,170,64,66,22,,,,,,,,,https://api.mybihr.com/medias/800Wx800H-1016724-1.jpg?context=bWFzdGVyfHJvb3R8NDEzMTl8aW1hZ2UvanBlZ3xhRGt3TDJneVlTODJNalE0TmpJM016Y3lNRE0xTUM4NE1EQlhlRGd3TUVoZk1UQXhOamN5TkMweExtcHdad3xkODc5OGVkMTYwZGU2OTc5ODU1MzVkY2Q5Nzk3YzhmYTg1NzdiMjgyNjcyM2E2Yjk5M2VlNDdkNTE0NDQyYmIy,,https://static.bihr.pro/eBihr/Pictures/NTN-pictures.zip,,Spain Warehouse (Parts)
1016766,,NJ206ET2XCS46,NTN,NTN BEARING,Cojinete del cigüeñal NTN 30x62x16mm,66.57,55.02,33.01,4547359117387,8,8714109090,0,1,BEARING 30X62X16,BEARING 30X62X16,VEHICLE PARTS & ACCESSORIES,ENGINE PARTS,ENG. BEARING&GASKET,139,215,73,76,25,,,,,,,,,https://api.mybihr.com/medias/1016766-1-800Wx800H?context=bWFzdGVyfHJvb3R8NDI0Mzh8aW1hZ2UvanBlZ3xhRGs0TDJobE1DODRPVFE1TURRME9UWTVOVEF5THpFd01UWTNOall0TVY4NE1EQlhlRGd3TUVnfDA2MjY3MjYxNTJmYTZkNDE3ODBlZGFlYjkzOTYzNGJkYjcxNDkyMDI3NDYwMjdjZjMxNjViMTUyMTJiZjczYWY,,https://static.bihr.pro/eBihr/Pictures/NTN-pictures.zip,,Spain Warehouse (Parts)
1016777,,KBK15X19X198X,NTN,NTN BEARING NEEDLE ROLLER,Rodamiento de agujas NTN - 15X19X20,18.04,14.91,8.95,400413,0,8482400000,0,1,"<html> <head> <meta http-equiv=""Content-Type"" content=""text/html; charset=utf-8""><title> </title> <style type=""text/css"">.cs95E872D0{text-align:left;margin:0pt 0pt 0pt 0pt;}.csA7555675{color:#000;background-color:transparent;font-weight:normal;font-style:normal;}</style> </head> <body> <p> </p></body> </html>","         ",VEHICLE PARTS & ACCESSORIES,ENGINE PARTS,ENG. BEARING&GASKET,40,18,40,40,25,,,,,,,,,https://api.mybihr.com/medias/800Wx800H-1016777-1.jpg?context=bWFzdGVyfHJvb3R8NDQ4MDR8aW1hZ2UvanBlZ3xhRFExTDJnNE1pODJNalE1TVRJMk1qTXlNRFkzTUM4NE1EQlhlRGd3TUVoZk1UQXhOamMzTnkweExtcHdad3xlNDc5MDM3YTY1MDA3ZGVmOTZkYjRhNWViNjYxMjg4YWIwYTEzNGQ5NWFiYTcxYzU4N2ZlYTU0YjI3OWY3MWQ1,,https://static.bihr.pro/eBihr/Pictures/NTN-pictures.zip,,Spain Warehouse (Parts)
1016745,,63/22JR2C4,NTN,NTN BEARING,Cojinete del cigüeñal NTN 22x56x16mm,19.44,16.07,9.64,4547359662191,21,8714109090,0,1,BEARING 63 22JR 2C4,BEARING 63 22JR 2C4,VEHICLE PARTS & ACCESSORIES,ENGINE PARTS,ENG. BEARING&GASKET,93,184,64,66,22,,,,,,,,,https://api.mybihr.com/medias/800Wx800H-1016745-1.jpg?context=bWFzdGVyfHJvb3R8NDEzMTl8aW1hZ2UvanBlZ3xhRE5oTDJneU55ODJNalE1TVRJMU56azVOVEk1TkM4NE1EQlhlRGd3TUVoZk1UQXhOamMwTlMweExtcHdad3w5YmJlNWRmNWM5NzU1ZTc3NWJiZDhkYTYyNzM1NTM0MGNjZGQyMzg0NTlkMTc1OWI1MzZmODY1NDIzZWVlOTE1,,https://static.bihr.pro/eBihr/Pictures/NTN-pictures.zip,,Spain Warehouse (Parts)
1016753,,6305NC3,NTN,NTN BEARING,Cojinete del cigüeñal NTN 25x62x17mm,14.36,11.87,7.12,4547359386424,0,8714109090,0,1,BEARING 6305N C3,BEARING 6305N C3,VEHICLE PARTS & ACCESSORIES,ENGINE PARTS,ENG. BEARING&GASKET,93,230,64,66,22,,,,,,,,,https://api.mybihr.com/medias/800Wx800H-1016753-1.jpg?context=bWFzdGVyfHJvb3R8NDI5ODh8aW1hZ2UvanBlZ3xhR1E0TDJnNU1DODJNalE1TVRJMU9URTNORGswTWk4NE1EQlhlRGd3TUVoZk1UQXhOamMxTXkweExtcHdad3w5MTBjODVhNmNiMjg2NTA0YjdkYjRmYjQ3MDFlNzk1YmZhNmVkMjkyYjhkMzlkOWNjMjkwODg0YTllNDgxNDRk,,https://static.bihr.pro/eBihr/Pictures/NTN-pictures.zip,,Spain Warehouse (Parts)
1016754,,6305NRC3,NTN,NTN BEARING,Cojinete del cigüeñal NTN 25x62x17mm,17.16,14.18,8.51,3413520144302,0,8714109090,0,1,BEARING 6305NR C3,BEARING 6305NR C3,VEHICLE PARTS & ACCESSORIES,ENGINE PARTS,ENG. BEARING&GASKET,160,240,75,79,27,,,,,,,,,https://api.mybihr.com/medias/800Wx800H-1016754-1.jpg?context=bWFzdGVyfHJvb3R8NDQ2NzR8aW1hZ2UvanBlZ3xhR0U0TDJnNU55ODJNalE1TVRJMU9UTTNNVFUxTUM4NE1EQlhlRGd3TUVoZk1UQXhOamMxTkMweExtcHdad3wxMTcwZGU4ZjAwZTBlNGY5Yzg2ZjFjOWM2NmVmNDg3YWMxMWVkZmQ5MjllOWY2Yjc2M2JjYmMzNzcyNjFlZDBm,,https://static.bihr.pro/eBihr/Pictures/NTN-pictures.zip,,Spain Warehouse (Parts)
1016755,,6305T2X2LLUC4/L379QT,NTN,NTN BEARING,Cojinete del cigüeñal NTN 25x62x17mm,31.76,26.25,15.75,4547359386561,1,8714109090,0,1,BEARING 6305T 2X2 C4,BEARING 6305T 2X2 C4,VEHICLE PARTS & ACCESSORIES,ENGINE PARTS,ENG. BEARING&GASKET,93,234,64,66,22,,,,,,,,,https://api.mybihr.com/medias/1016755-1-800Wx800H?context=bWFzdGVyfHJvb3R8NTA3MzR8aW1hZ2UvanBlZ3xhRGxqTDJnMU9DODRPVFV6TWpjMk5EWTFNVGd5THpFd01UWTNOVFV0TVY4NE1EQlhlRGd3TUVnfDIxYWU1ZGU5ZDFiZDg2NjAzZmUwOTliNWI1ODViMDJkYmU5OTA3ZWZmYTc3MTk5OWM3ZGM0MmNiZGI0NTk4YWU,,https://static.bihr.pro/eBihr/Pictures/NTN-pictures.zip,,Spain Warehouse (Parts)
1016756,,6306C3,NTN,NTN BEARING,Cojinete del cigüeñal NTN 30x72x19mm,17.02,14.07,8.44,4547359575125,0,8714109090,0,1,"<html> <head> <meta http-equiv=""Content-Type"" content=""text/html; charset=utf-8""><title> </title> <style type=""text/css"">.cs95E872D0{text-align:left;margin:0pt 0pt 0pt 0pt;}.csA7555675{color:#000;background-color:transparent;font-weight:normal;font-style:normal;}</style> </head> <body> <p> </p></body> </html>","         ",VEHICLE PARTS & ACCESSORIES,ENGINE PARTS,ENG. BEARING&GASKET,160,360,75,79,27,,,,,,,,,https://api.mybihr.com/medias/800Wx800H-1016756-1.jpg?context=bWFzdGVyfHJvb3R8NDEzMTl8aW1hZ2UvanBlZ3xhRFkyTDJnNVpTODJNalE1TVRJMU9UVTJPREUxT0M4NE1EQlhlRGd3TUVoZk1UQXhOamMxTmkweExtcHdad3xiNTI3YjNiZmM1NmE0NWRlYzU0M2NlMzU4NzhmOTI0MTkxNmU2ZGRlYTQzZmE0NmEzMDA0NjRmNWVhZjExYzY5,,https://static.bihr.pro/eBihr/Pictures/NTN-pictures.zip,,Spain Warehouse (Parts)
1016742,,6207NC3,NTN,NTN BEARING,Cojinete del cigüeñal NTN 35x72x17mm,17.16,14.18,8.51,4547359361377,4,8714109090,0,1,BEARING 6207N C3,BEARING 6207N C3,VEHICLE PARTS & ACCESSORIES,ENGINE PARTS,ENG. BEARING&GASKET,160,290,75,79,27,,,,,,,,,https://api.mybihr.com/medias/800Wx800H-1016742-1.jpg?context=bWFzdGVyfHJvb3R8NDI5ODh8aW1hZ2UvanBlZ3xhREJoTDJneVpTODJNalE1TVRJMU56YzVPRFk0Tmk4NE1EQlhlRGd3TUVoZk1UQXhOamMwTWkweExtcHdad3xlZDFjYjRhMjJlZTlkMzlhNWQ5MWYxOTkyYmRkYTM1ZDNmNDFhNWI0YjkyOWYyNjQ3OGI2MTkzZmY1MmIwMTA3,,https://static.bihr.pro/eBihr/Pictures/NTN-pictures.zip,,Spain Warehouse (Parts)
1016746,,63/28C3,NTN,NTN BEARING,Cojinete del cigüeñal NTN 28x68x18mm,23.49,19.41,11.65,4547359379426,15,8714109090,0,1,"<html> <head> <meta http-equiv=""Content-Type"" content=""text/html; charset=utf-8""><title> </title> <style type=""text/css"">.cs95E872D0{text-align:left;margin:0pt 0pt 0pt 0pt;}.csA7555675{color:#000;background-color:transparent;font-weight:normal;font-style:normal;}</style> </head> <body> <p> </p></body> </html>","         ",VEHICLE PARTS & ACCESSORIES,ENGINE PARTS,ENG. BEARING&GASKET,160,295,75,79,27,,,,,,,,,https://api.mybihr.com/medias/800Wx800H-1016746-1.jpg?context=bWFzdGVyfHJvb3R8NDEzMTl8aW1hZ2UvanBlZ3xhRFF4TDJneU55ODJNalE1TVRJMU9ERTVNVGt3TWk4NE1EQlhlRGd3TUVoZk1UQXhOamMwTmkweExtcHdad3xlYWQwNTVlMWJlOWU1YmQxYzZkYjU0ZDg5YWZlNTA0ZGJmMDFkM2IyZWQ0Njg3MDQ5Yjg3NDk1OTg2OGY4MmI0,,https://static.bihr.pro/eBihr/Pictures/NTN-pictures.zip,,Spain Warehouse (Parts)
1016785,,HK2212,NTN,NTN BEARING NEEDLE SOCKET,Rodamiento de agujas NTN - 22X28X12,14.62,12.08,7.25,411603,0,8482400000,0,1,DRAWN CUP NEEDLE BEARING 22X28X12,DRAWN CUP NEEDLE BEARING 22X28X12,VEHICLE PARTS & ACCESSORIES,ENGINE PARTS,ENG. BEARING&GASKET,64,20,92,58,12,,,,,,,,,https://api.mybihr.com/medias/800Wx800H-1016785-1.jpg?context=bWFzdGVyfHJvb3R8NjA1NTN8aW1hZ2UvanBlZ3xhREZoTDJobU55ODJNalE1TVRJMk16WTVOamt5Tmk4NE1EQlhlRGd3TUVoZk1UQXhOamM0TlMweExtcHdad3wzYTc4ZTliZjI3Yjk4NTkyOGI3MTE1ODYyNDlhNTgwMDU3ZDMwMmY4NDMyZGIxZGY4ZjUxNzUwNDFhZjRmZGEw,,https://static.bihr.pro/eBihr/Pictures/NTN-pictures.zip,,Spain Warehouse (Parts)
1016752,,6305C3,NTN,NTN BEARING,Cojinete del cigüeñal NTN 25x62x17mm,14.62,12.08,7.25,4547359574340,1,8714109090,0,1,"<html> <head> <meta http-equiv=""Content-Type"" content=""text/html; charset=utf-8""><title> </title> <style type=""text/css"">.cs95E872D0{text-align:left;margin:0pt 0pt 0pt 0pt;}.csA7555675{color:#000;background-color:transparent;font-weight:normal;font-style:normal;}</style> </head> <body> <p> </p></body> </html>","         ",VEHICLE PARTS & ACCESSORIES,ENGINE PARTS,ENG. BEARING&GASKET,116,230,69,70,24,,,,,,,,,https://api.mybihr.com/medias/800Wx800H-1016752-1.jpg?context=bWFzdGVyfHJvb3R8NDEzMTl8aW1hZ2UvanBlZ3xhRFZqTDJnME1pODJNalE1TVRJMU9EazNPRE16TkM4NE1EQlhlRGd3TUVoZk1UQXhOamMxTWkweExtcHdad3w0NmI5MzNjNjA2ODZiODk2NmFiNTQ3ZjUyNjkwN2FlZDg0ODYzYzUzM2JlYTUyMTc1OGRmZjk1N2U3YTMxN2Jl,,https://static.bihr.pro/eBihr/Pictures/NTN-pictures.zip,,Spain Warehouse (Parts)
1016716,,32907XU,NTN,NTN BEARING,Rodamiento de dirección NTN 35x55x14mm,53.36,44.10,26.46,4547359529746,0,8482200000,0,1,Steering shaft bearing 35 x 55 x 14 NTN 32907XU type 329 07 JR-2,Steering shaft bearing 35 x 55 x 14 NTN 32907XU type 329 07 JR-2,VEHICLE PARTS & ACCESSORIES,ENGINE PARTS,ENG. BEARING&GASKET,142,133,76,78,24,,,,,,,por unidad,,https://api.mybihr.com/medias/800Wx800H-1016716-1.jpg?context=bWFzdGVyfHJvb3R8NTEzNzh8aW1hZ2UvanBlZ3xhR0UyTDJnMFl5ODJNalE0TmpJM01qTTBOREE1TkM4NE1EQlhlRGd3TUVoZk1UQXhOamN4TmkweExtcHdad3xlZjFlZjRkMzg2YjhmY2QxMDUxM2MxOTUwMjdmMDQ1NTYzNTVhNjcxYjBmNzlmYWRmNmNlOTViMzk5YThiOTc0,,https://static.bihr.pro/eBihr/Pictures/NTN-pictures.zip,,Spain Warehouse (Parts)
1016735,,6206C3,NTN,NTN BEARING,Cojinete del cigüeñal NTN 30x62x16mm,14.62,12.08,7.25,4547359563863,1,8714109090,0,1,BEARING 6206 C3,BEARING 6206 C3,VEHICLE PARTS & ACCESSORIES,ENGINE PARTS,ENG. BEARING&GASKET,105,205,70,68,22,,,,,,,,,https://api.mybihr.com/medias/800Wx800H-1016735-1.jpg?context=bWFzdGVyfHJvb3R8NDEzMTl8aW1hZ2UvanBlZ3xhR014TDJobVpDODJNalE0TmpJM05UZzRNekF6T0M4NE1EQlhlRGd3TUVoZk1UQXhOamN6TlMweExtcHdad3xmOGQ5Y2VmOWYxODAxNGMxNmNhYmNkYWNmODY4YzU1MjQ3NzEwNWE2MzUwNGY4ZjhkYTgwMjgzMzlhYzMyYmFl,,https://static.bihr.pro/eBihr/Pictures/NTN-pictures.zip,,Spain Warehouse (Parts)
1016737,,6206JR2C4,NTN,NTN BEARING,Cojinete del cigüeñal NTN 30x62x16mm,25.41,21.00,12.60,4547359765243,2,8714109090,0,1,BEARING 6206 C4,BEARING 6206 C4,VEHICLE PARTS & ACCESSORIES,ENGINE PARTS,ENG. BEARING&GASKET,93,206,64,66,22,,,,,,,,,https://api.mybihr.com/medias/800Wx800H-1016737-1.jpg?context=bWFzdGVyfHJvb3R8NDEzMTl8aW1hZ2UvanBlZ3xhRGc0TDJoaE9DODJNalE0TmpJM05qSTNOakkxTkM4NE1EQlhlRGd3TUVoZk1UQXhOamN6TnkweExtcHdad3wzMDc5MTE2MmU3NjM3NGMzMmIyYzE3ODg5MmQxZjJlZDk3YjNhZDFiOWU3YzUxZmU0YWRiNmUyOTQxNTY3NGM2,,https://static.bihr.pro/eBihr/Pictures/NTN-pictures.zip,,Spain Warehouse (Parts)
1016722,,608LLU/5K,NTN,NTN BEARING,Rodamiento de rueda NTN 8x22x17mm,9.03,7.46,4.48,4547359010596,0,8714109090,0,1,WHEEL BEARING 608-2RS 8X22X7,WHEEL BEARING 608-2RS 8X22X7,VEHICLE PARTS & ACCESSORIES,ENGINE PARTS,ENG. BEARING&GASKET,34,15,39,43,20,,,,,,,por unidad,,https://api.mybihr.com/medias/800Wx800H-1016722-1.jpg?context=bWFzdGVyfHJvb3R8NDM2MjB8aW1hZ2UvanBlZ3xhR1ZtTDJneFl5ODJNalE0TmpJM016TXlOekV6TkM4NE1EQlhlRGd3TUVoZk1UQXhOamN5TWkweExtcHdad3wwMmM1YWExMDgxYjUwMGVhM2E1MGU2MDJkOGM1MDBjZjBlYTM5MWQ3NWJmYTBhYTRmOGQ2NTU3YTBmZmExZWFj,,https://static.bihr.pro/eBihr/Pictures/NTN-pictures.zip,,Spain Warehouse (Parts)
1016729,,6204C3,NTN,NTN BEARING,Cojinete del cigüeñal NTN 20x47x14mm,10.10,8.35,5.01,411025,18,8714109090,0,1,"<html> <head> <meta http-equiv=""Content-Type"" content=""text/html; charset=utf-8""><title> </title> <style type=""text/css"">.cs95E872D0{text-align:left;margin:0pt 0pt 0pt 0pt;}.csA7555675{color:#000;background-color:transparent;font-weight:normal;font-style:normal;}</style> </head> <body> <p> </p></body> </html>","         ",VEHICLE PARTS & ACCESSORIES,ENGINE PARTS,ENG. BEARING&GASKET,65,108,56,58,20,,,,,,,,,https://api.mybihr.com/medias/800Wx800H-1016729-1.jpg?context=bWFzdGVyfHJvb3R8NDEzMTl8aW1hZ2UvanBlZ3xhREkzTDJnNU5DODJNalE0TmpJM05EY3dNek01TUM4NE1EQlhlRGd3TUVoZk1UQXhOamN5T1MweExtcHdad3xkYzQ5YTFmMWMzNzgwMzI5OTI5OGY1MjlhNzUzNDM3NWVhMTc4NjhhNTVmZDA1YzM1ZGE1NGY2ZDVlNjkwZmNm,,https://static.bihr.pro/eBihr/Pictures/NTN-pictures.zip,,Spain Warehouse (Parts)
1016740,,6207C3,NTN,NTN BEARING,Cojinete del cigüeñal NTN 35x72x17mm,17.16,14.18,8.51,4547359564877,1,8714109090,0,1,BEARING 6207 C3,BEARING 6207 C3,VEHICLE PARTS & ACCESSORIES,ENGINE PARTS,ENG. BEARING&GASKET,141,290,74,76,25,,,,,,,,,https://api.mybihr.com/medias/800Wx800H-1016740-1.jpg?context=bWFzdGVyfHJvb3R8NDEzMTl8aW1hZ2UvanBlZ3xhRGMzTDJnek1pODJNalE1TVRJMU56WXdNakEzT0M4NE1EQlhlRGd3TUVoZk1UQXhOamMwTUMweExtcHdad3w5YmViM2U4NjYyZjVmMmE0ZDAwNzhjMWRkMTIyMmMzMWQ0YTVlM2FmN2JlMmFhOTg5YTQyNWY4NTY2M2M2NWZh,,https://static.bihr.pro/eBihr/Pictures/NTN-pictures.zip,,Spain Warehouse (Parts)
1016749,,6304C3,NTN,NTN BEARING,Cojinete del cigüeñal NTN 20x52x15mm,14.62,12.08,7.25,4547359573725,2,8714109090,0,1,BEARING 6304 C3,BEARING 6304 C3,VEHICLE PARTS & ACCESSORIES,ENGINE PARTS,ENG. BEARING&GASKET,67,150,54,56,22,,,,,,,,,https://api.mybihr.com/medias/800Wx800H-1016749-1.jpg?context=bWFzdGVyfHJvb3R8NDEzMTl8aW1hZ2UvanBlZ3xhRGxtTDJnellpODJNalE1TVRJMU9EYzRNVGN5Tmk4NE1EQlhlRGd3TUVoZk1UQXhOamMwT1MweExtcHdad3xjZmQ4N2Q5ODk4ZmUzNDRlYTU4ZDY4ZGQwZjMwOThiODg2YzY3MmRkM2FiZTYwZmZjMmI3ZjQyNzRkNTY1YTlh,,https://static.bihr.pro/eBihr/Pictures/NTN-pictures.zip,,Spain Warehouse (Parts)
1016779,,KBK16X21X196X,NTN,NTN BEARING NEEDLE ROLLER,Rodamiento de agujas NTN - 16X21X19.5,18.04,14.91,8.95,4547359694994,1,8482400000,0,1,"NEEDLE ROLLER CAGE, NEEDLES 16X21X19.5","NEEDLE ROLLER CAGE, NEEDLES 16X21X19.5",VEHICLE PARTS & ACCESSORIES,ENGINE PARTS,ENG. BEARING&GASKET,45,20,39,43,27,,,,,,,,,https://api.mybihr.com/medias/800Wx800H-1016779-1.jpg?context=bWFzdGVyfHJvb3R8NDQ4MDR8aW1hZ2UvanBlZ3xhR1F6TDJnNFppODJNalE1TVRJMk1qY3hNemc0Tmk4NE1EQlhlRGd3TUVoZk1UQXhOamMzT1MweExtcHdad3xmOWE5ZjQ4Y2EwZTE4Mjc1NGQwZDE3YWZiZmI2YWZkOWM2M2Q1NDRmNzAyNmY4MDEzNDJhMWQ1Y2EzZjkxNjc0,,https://static.bihr.pro/eBihr/Pictures/NTN-pictures.zip,,Spain Warehouse (Parts)
1016773,,KBK12X16X16V1,NTN,NTN BEARING NEEDLE ROLLER,Rodamiento de agujas NTN - 12X16X16,14.62,12.08,7.25,400400,1,8482400000,0,1,"<html> <head> <meta http-equiv=""Content-Type"" content=""text/html; charset=utf-8""><title> </title> <style type=""text/css"">.cs95E872D0{text-align:left;margin:0pt 0pt 0pt 0pt;}.csA7555675{color:#000;background-color:transparent;font-weight:normal;font-style:normal;}</style> </head> <body> <p> </p></body> </html>","         ",VEHICLE PARTS & ACCESSORIES,ENGINE PARTS,ENG. BEARING&GASKET,44,15,40,41,27,,,,,,,,,https://api.mybihr.com/medias/800Wx800H-1016773-1.jpg?context=bWFzdGVyfHJvb3R8NDQ4MDR8aW1hZ2UvanBlZ3xhRFpqTDJneFppODJNalE1TVRJMk1UVXpOREl6T0M4NE1EQlhlRGd3TUVoZk1UQXhOamMzTXkweExtcHdad3wwZmFkN2EzMWU1ZTkxMzlkNDIyYTMxMGY5N2NmYzcyYWZlMTRjM2Y1ZGJmOGQ1ZTFmYzZkZGY2ZjhhM2MxZjg3,,https://static.bihr.pro/eBihr/Pictures/NTN-pictures.zip,,Spain Warehouse (Parts)
1016774,,KBK14X18X158X5,NTN,NTN BEARING NEEDLE ROLLER,Rodamiento de agujas NTN - 14X18X16,18.04,14.91,8.95,400412,0,8482400000,0,1,"<html> <head> <meta http-equiv=""Content-Type"" content=""text/html; charset=utf-8""><title> </title> <style type=""text/css"">.cs95E872D0{text-align:left;margin:0pt 0pt 0pt 0pt;}.csA7555675{color:#000;background-color:transparent;font-weight:normal;font-style:normal;}</style> </head> <body> <p> </p></body> </html>","         ",VEHICLE PARTS & ACCESSORIES,ENGINE PARTS,ENG. BEARING&GASKET,54,14,90,30,20,,,,,,,,,https://api.mybihr.com/medias/800Wx800H-1016774-1.jpg?context=bWFzdGVyfHJvb3R8NDQ4MDR8aW1hZ2UvanBlZ3xhRE5qTDJneU5pODJNalE1TVRJMk1UY3pNRGcwTmk4NE1EQlhlRGd3TUVoZk1UQXhOamMzTkMweExtcHdad3wwNzE3NjM5YThiMjg0NTQ1NzBiMDlhOTRjZmU5MzZkN2Y2Njg1ZDcwZmNlNzkyZjE3Yjg2YjhiZTFmZjkzMzIx,,https://static.bihr.pro/eBihr/Pictures/NTN-pictures.zip,,Spain Warehouse (Parts)
1016760,,6307C3,NTN,NTN BEARING,Cojinete del cigüeñal NTN 35x80x21mm,25.92,21.42,12.85,411022,2,8714109090,0,1,BEARING 6307 C3,BEARING 6307 C3,VEHICLE PARTS & ACCESSORIES,ENGINE PARTS,ENG. BEARING&GASKET,200,475,86,86,27,,,,,,,,,https://api.mybihr.com/medias/800Wx800H-1016760-1.jpg?context=bWFzdGVyfHJvb3R8NDEzMTl8aW1hZ2UvanBlZ3xhR05pTDJnMU55ODJNalE1TVRJMk1ERTFOems0TWk4NE1EQlhlRGd3TUVoZk1UQXhOamMyTUMweExtcHdad3w1YjE2YjM2ZmQ2YzllNDMxOGJhMWNlNTViM2YxZGQ0YjdkZjRmYThkNmQyZDc2M2Q5MmY4YzVjYWU4Yzk1N2Vh,,https://static.bihr.pro/eBihr/Pictures/NTN-pictures.zip,,Spain Warehouse (Parts)
1044662,,4T-32005X,NTN,NTN STEERING BEARING,Rodamiento de dirección,22.87,18.90,11.34,411454,17,8483200000,0,1,STEERING BEARING,STEERING BEARING,VEHICLE PARTS & ACCESSORIES,CHASSIS PARTS,CHAS. SERVICE PARTS,67,115,54,56,22,,,,,,,,,https://api.mybihr.com/medias/800Wx800H-1044662-1.jpg?context=bWFzdGVyfHJvb3R8NTEzNzh8aW1hZ2UvanBlZ3xhREU1TDJnM1ppODJNalE1TVRJM01ETTRNVFU1T0M4NE1EQlhlRGd3TUVoZk1UQTBORFkyTWkweExtcHdad3xjOGU0ZGQ5NmRiNjk2NjljOGFlMzM1NWU0MjUzMGY1ZTNjZDA0NTI2ZDBjODIyYjdmM2E1MWJmYTA4ZDU4MWU4,,https://static.bihr.pro/eBihr/Pictures/NTN-pictures.zip,,Spain Warehouse (Parts)
3031802,,,NTN,NTN STEERING SHAFT BEARING KIT,NTN Steering Column Bearing Kit 28X52X16/28X52X16 Yamaha,45.74,37.80,22.68,,0,8483200000,0,1,"<html> <head> <meta http-equiv=""Content-Type"" content=""text/html; charset=utf-8""><title> </title> <style type=""text/css"">.cs95E872D0{text-align:left;margin:0pt 0pt 0pt 0pt;}.csC235ED31{color:#000;background-color:transparent;font-weight:normal;font-style:normal;}</style> </head> <body> <p>Steering bearing kit, without dust seal</p></body> </html>","       Steering bearing kit, without dust seal ",VEHICLE PARTS & ACCESSORIES,CHASSIS PARTS,CHAS. SERVICE PARTS,216,280,60,60,60,,,,,,,,,,,https://static.bihr.pro/eBihr/Pictures/NTN-pictures.zip,,Spain Warehouse (Parts)
3031804,,,NTN,NTN STEERING SHAFT BEARING KIT,NTN Steering Column Bearing Kit 28X52X16/30X55X17 Suzuki/Kawasaki,45.74,37.80,22.68,,0,8483200000,0,1,"<html> <head> <meta http-equiv=""Content-Type"" content=""text/html; charset=utf-8""><title> </title> <style type=""text/css"">.cs95E872D0{text-align:left;margin:0pt 0pt 0pt 0pt;}.csC235ED31{color:#000;background-color:transparent;font-weight:normal;font-style:normal;}</style> </head> <body> <p>Steering bearing kit, without dust seal</p></body> </html>","       Steering bearing kit, without dust seal ",VEHICLE PARTS & ACCESSORIES,CHASSIS PARTS,CHAS. SERVICE PARTS,300,313,70,70,70,,,,,,,,,,,https://static.bihr.pro/eBihr/Pictures/NTN-pictures.zip,,Spain Warehouse (Parts)
3031805,,,NTN,NTN STEERING SHAFT BEARING KIT,NTN Steering Column Bearing Kit 29X50.25X15/29X50.25X15 KTM,48.28,39.90,23.94,,0,8483200000,0,1,"<html> <head> <meta http-equiv=""Content-Type"" content=""text/html; charset=utf-8""><title> </title> <style type=""text/css"">.cs95E872D0{text-align:left;margin:0pt 0pt 0pt 0pt;}.csC235ED31{color:#000;background-color:transparent;font-weight:normal;font-style:normal;}</style> </head> <body> <p>Steering bearing kit, without dust seal</p></body> </html>","       Steering bearing kit, without dust seal ",VEHICLE PARTS & ACCESSORIES,CHASSIS PARTS,CHAS. SERVICE PARTS,216,238,60,60,60,,,,,,,,,,,https://static.bihr.pro/eBihr/Pictures/NTN-pictures.zip,,Spain Warehouse (Parts)
3031806,,,NTN,NTN STEERING SHAFT BEARING KIT,NTN Steering Column Bearing Kit 30X51X15/30X51X15 Honda,68.61,56.70,34.02,,0,8714109090,0,1,"<html> <head> <meta http-equiv=""Content-Type"" content=""text/html; charset=utf-8""><title> </title> <style type=""text/css"">.cs95E872D0{text-align:left;margin:0pt 0pt 0pt 0pt;}.csC235ED31{color:#000;background-color:transparent;font-weight:normal;font-style:normal;}</style> </head> <body> <p>Steering bearing kit, without dust seal</p></body> </html>","       Steering bearing kit, without dust seal ",VEHICLE PARTS & ACCESSORIES,CHASSIS PARTS,CHAS. SERVICE PARTS,216,256,60,60,60,,,,,,,,,,,https://static.bihr.pro/eBihr/Pictures/NTN-pictures.zip,,Spain Warehouse (Parts)
1044660,,4T-30205,NTN,NTN STEERING BEARING,Rodamiento de dirección,22.87,18.90,11.34,411465,1,8483200000,0,1,STEERING BEARING,STEERING BEARING,VEHICLE PARTS & ACCESSORIES,CHASSIS PARTS,CHAS. SERVICE PARTS,56,155,53,53,20,,,,,,,,,https://api.mybihr.com/medias/800Wx800H-1044660-1.jpg?context=bWFzdGVyfHJvb3R8NTEzNzh8aW1hZ2UvanBlZ3xhR0kzTDJnNE55ODJNalE1TVRJMk9UZzFOek14TUM4NE1EQlhlRGd3TUVoZk1UQTBORFkyTUMweExtcHdad3xjMmRlMTM2NGU0MmM0M2U4OGY5OWJlMmNiM2FhMGMxN2FjYjhlNTE3ZDQ0MzEzNzdhNzczZDQ1NjVmNGNhOWJk,,https://static.bihr.pro/eBihr/Pictures/NTN-pictures.zip,,Spain Warehouse (Parts)
1044663,,4T-32004X,NTN,NTN STEERING BEARING,Rodamiento de dirección NTN 20X42X15,19.57,16.17,9.70,411611,1,8483200000,0,1,STEERING BEARING NTN 20X42X15,STEERING BEARING NTN 20X42X15,VEHICLE PARTS & ACCESSORIES,CHASSIS PARTS,CHAS. SERVICE PARTS,70,105,55,58,22,,,,,,,por unidad,,https://api.mybihr.com/medias/800Wx800H-1044663-1.jpg?context=bWFzdGVyfHJvb3R8NTEzNzh8aW1hZ2UvanBlZ3xhR1UxTDJnNFlpODJNalE1TVRJM01EY3dPVEkzT0M4NE1EQlhlRGd3TUVoZk1UQTBORFkyTXkweExtcHdad3wyZjE0MGUzYTRmOTE0ZDAzYjMyMDVkZGNmN2YwYzY0MDdjYTZjOGRmYjE4NjE1NTIyN2M0MmIxNTIxOTg3NTcw,,https://static.bihr.pro/eBihr/Pictures/NTN-pictures.zip,,Spain Warehouse (Parts)
1044661,,4T-320/28X,NTN,NTN STEERING BEARING,Rodamiento de dirección,22.87,18.90,11.34,411456,0,8483200000,0,1,STEERING BEARING,STEERING BEARING,VEHICLE PARTS & ACCESSORIES,CHASSIS PARTS,CHAS. SERVICE PARTS,67,140,54,56,22,,,,,,,,,https://api.mybihr.com/medias/800Wx800H-1044661-1.jpg?context=bWFzdGVyfHJvb3R8NTEzNzh8aW1hZ2UvanBlZ3xhRFE0TDJnM09DODJNalE1TVRJM01ERTRORGs1TUM4NE1EQlhlRGd3TUVoZk1UQTBORFkyTVMweExtcHdad3w0ODFlOTVmODRiNDk1Mzg4MzIyZWExNjc1OGI5MzlmYTQyYzRkODY4MDNhZDYxNDNiNjhmOTRlYWU2MGM5YjBh,,https://static.bihr.pro/eBihr/Pictures/NTN-pictures.zip,,Spain Warehouse (Parts)
1044665,,4T-L44643/L44610,NTN,NTN STEERING BEARING,Rodamiento de dirección NTN 29X50.25X17.5,24.14,19.95,11.97,411622,0,8483200000,0,1,STEERING BEARING NTN 29X50.25X17.5,STEERING BEARING NTN 29X50.25X17.5,VEHICLE PARTS & ACCESSORIES,CHASSIS PARTS,CHAS. SERVICE PARTS,70,137,55,58,22,,,,,,,,,https://api.mybihr.com/medias/800Wx800H-1044665-1.jpg?context=bWFzdGVyfHJvb3R8NTEzNzh8aW1hZ2UvanBlZ3xhRFptTDJobFl5ODJNalE1TVRJM01UUTVOVGN4TUM4NE1EQlhlRGd3TUVoZk1UQTBORFkyTlMweExtcHdad3w1MDEzYjQ1OWIwNWJkZDVhZWQ3ZWMyYjEyYmRkZjQzMjQwMTYzMGY0NmIzYjZkNTRlYjg5ZjI4OTBmMmNmY2M3,,https://static.bihr.pro/eBihr/Pictures/NTN-pictures.zip,,Spain Warehouse (Parts)
1044666,,4T-CR-0643L,NTN,NTN STEERING BEARING,Rodamiento de dirección NTN 30 X 52 X 16,34.30,28.35,17.01,411452,2,8483200000,0,1,Steering bearing NTN 30 X 52 X 16,Steering bearing NTN 30 X 52 X 16,VEHICLE PARTS & ACCESSORIES,CHASSIS PARTS,CHAS. SERVICE PARTS,69,144,54,58,22,,,,,,,por unidad,,https://api.mybihr.com/medias/1044666-1-800Wx800H?context=bWFzdGVyfHJvb3R8NDA2Mzl8aW1hZ2UvanBlZ3xhR1kyTDJobFpDODRPVGN3TkRZM09UQXhORGN3THpFd05EUTJOall0TVY4NE1EQlhlRGd3TUVnfDI2ZjFkNWZlOTc1ZDg0Y2M1ZTA2ZWIxZTcwODcwNDU3ZmU2MzE3YjcyZDJkMDc3MjFkMThiODNiYjk1ZmMyYjE,,https://static.bihr.pro/eBihr/Pictures/NTN-pictures.zip,,Spain Warehouse (Parts)
1044667,,4T-CR-0627,NTN,NTN STEERING BEARING,Rodamiento de dirección NTN 30X51X15,34.30,28.35,17.01,411621,1,8483200000,0,1,STEERING BEARING NTN 30X51X15,STEERING BEARING NTN 30X51X15,VEHICLE PARTS & ACCESSORIES,CHASSIS PARTS,CHAS. SERVICE PARTS,73,128,57,58,22,,,,,,,por unidad,,https://api.mybihr.com/medias/800Wx800H-1044667-1.jpg?context=bWFzdGVyfHJvb3R8NjQzNzh8aW1hZ2UvanBlZ3xhR1pqTDJobU9TODJNalE1TVRJM01UZzRPRGt5Tmk4NE1EQlhlRGd3TUVoZk1UQTBORFkyTnkweExtcHdad3xhZDE0NTlkMzQxMGJkN2NiMTE0OTI0ODQ5OWQ4M2ExMjIzM2RjNzkwYjVjYTliNjY0OTM3MTQ5YjU4ZDljNzYw,,https://static.bihr.pro/eBihr/Pictures/NTN-pictures.zip,,Spain Warehouse (Parts)
1044668,,4T-32006X,NTN,NTN STEERING BEARING,Cojinete de dirección NTN - por unidad,22.87,18.90,11.34,411459,11,8483200000,0,1,"<p>Steering Bearing - by the unit</p>
<p>&nbsp;</p>
<p>30x55x17mm</p>","
Steering Bearing - by the unit

 

30x55x17mm",VEHICLE PARTS & ACCESSORIES,CHASSIS PARTS,CHAS. SERVICE PARTS,144,173,77,78,24,,,,,,,,,https://api.mybihr.com/medias/800Wx800H-1044668-1.jpg?context=bWFzdGVyfHJvb3R8NTEzNzh8aW1hZ2UvanBlZ3xhRGM0TDJoaU1TODJNalE1TVRJM01qSXhOall3Tmk4NE1EQlhlRGd3TUVoZk1UQTBORFkyT0MweExtcHdad3w2NjlkZjE3ZTA4MWMxZDI2YWY0MGU1YWFlMzg0YTQwZDRmOGE2MzEyOTE5MGI1ZjlhMTliMTAzOGQ3M2I5MzJj,https://api.mybihr.com/medias/800Wx800H-1044668-2.jpg?context=bWFzdGVyfHJvb3R8MzYxMzJ8aW1hZ2UvanBlZ3xhRGxoTDJoa05pOHpNVEl3T1RRM01qTTVNekkwTmk4NE1EQlhlRGd3TUVoZk1UQTBORFkyT0MweUxtcHdad3w0MGI0YzFhOGU4MTIyMzVlZGQyODc3ZTBkMmExMmY0NmExNWU5OTgyZWZlNGZiNzc0OGRmNWU1OTVhMjIyMWEz,https://static.bihr.pro/eBihr/Pictures/NTN-pictures.zip,https://api.mybihr.com/medias/EN-NTN-4T-32006X.pdf?context=bWFzdGVyfHJvb3R8MTg3OTU2fGFwcGxpY2F0aW9uL3BkZnxhR0kyTDJnM1lpOHpNVEUwTnpVeU16ZzJOalkxTkM5RlRsOU9WRTVmTkZRdE16SXdNRFpZTG5Ca1pnfGRhMDg3OWI2MTdiNjY2MWNjZjE0OTAzNTU4ZmVhZjIyMDk0N2E1NWE2YzA4YzQwMjNiODEwOTU3ODg2NWI5YTk,Spain Warehouse (Parts)
3031797,,,NTN,NTN STEERING SHAFT BEARING KIT,NTN Steering Column Bearing Kit 25.4X50.29X14.2 (X2) Husqvarna,48.28,39.90,23.94,,0,8483200000,0,1,"<html> <head> <meta http-equiv=""Content-Type"" content=""text/html; charset=utf-8""><title> </title> <style type=""text/css"">.cs95E872D0{text-align:left;margin:0pt 0pt 0pt 0pt;}.csC235ED31{color:#000;background-color:transparent;font-weight:normal;font-style:normal;}</style> </head> <body> <p>Steering bearing kit, without dust seal</p></body> </html>","       Steering bearing kit, without dust seal ",VEHICLE PARTS & ACCESSORIES,CHASSIS PARTS,CHAS. SERVICE PARTS,216,274,60,60,60,,,,,,,,,,,https://static.bihr.pro/eBihr/Pictures/NTN-pictures.zip,,Spain Warehouse (Parts)
3031799,,,NTN,NTN STEERING SHAFT BEARING KIT,NTN Steering Column Bearing Kit 25X47X15/28X52X16 Suzuki,45.74,37.80,22.68,,0,8483200000,0,1,"<html> <head> <meta http-equiv=""Content-Type"" content=""text/html; charset=utf-8""><title> </title> <style type=""text/css"">.cs95E872D0{text-align:left;margin:0pt 0pt 0pt 0pt;}.csC235ED31{color:#000;background-color:transparent;font-weight:normal;font-style:normal;}</style> </head> <body> <p>Steering bearing kit, without dust seal</p></body> </html>","       Steering bearing kit, without dust seal ",VEHICLE PARTS & ACCESSORIES,CHASSIS PARTS,CHAS. SERVICE PARTS,216,255,60,60,60,,,,,,,,,,,https://static.bihr.pro/eBihr/Pictures/NTN-pictures.zip,,Spain Warehouse (Parts)
3031801,,,NTN,NTN STEERING SHAFT BEARING KIT,NTN Steering Column Bearing Kit 25X52X16.5/28X52X16 Gas Gas,45.74,37.80,22.68,,0,8483200000,0,1,"<html> <head> <meta http-equiv=""Content-Type"" content=""text/html; charset=utf-8""><title> </title> <style type=""text/css"">.cs95E872D0{text-align:left;margin:0pt 0pt 0pt 0pt;}.csC235ED31{color:#000;background-color:transparent;font-weight:normal;font-style:normal;}</style> </head> <body> <p>Steering bearing kit, without dust seal</p></body> </html>","       Steering bearing kit, without dust seal ",VEHICLE PARTS & ACCESSORIES,CHASSIS PARTS,CHAS. SERVICE PARTS,180,295,60,60,60,,,,,,,,,,,https://static.bihr.pro/eBihr/Pictures/NTN-pictures.zip,,Spain Warehouse (Parts)
3031808,,,NTN,NTN STEERING SHAFT BEARING KIT,NTN Steering Column Bearing Kit 30X52X16/30X52X16 Suzuki,68.61,56.70,34.02,,1,8483200000,0,1,"<html> <head> <meta http-equiv=""Content-Type"" content=""text/html; charset=utf-8""><title> </title> <style type=""text/css"">.cs95E872D0{text-align:left;margin:0pt 0pt 0pt 0pt;}.csC235ED31{color:#000;background-color:transparent;font-weight:normal;font-style:normal;}</style> </head> <body> <p>Steering bearing kit, without dust seal</p></body> </html>","       Steering bearing kit, without dust seal ",VEHICLE PARTS & ACCESSORIES,CHASSIS PARTS,CHAS. SERVICE PARTS,216,288,60,60,60,,,,,,,,,,,https://static.bihr.pro/eBihr/Pictures/NTN-pictures.zip,,Spain Warehouse (Parts)
3031810,,,NTN,NTN STEERING SHAFT BEARING KIT,NTN Steering Column Bearing Kit 30X55X17/30X52X16 Yamaha XV1700 Road Star,57.17,47.25,28.35,,2,8483200000,0,1,"<html> <head> <meta http-equiv=""Content-Type"" content=""text/html; charset=utf-8""><title> </title> <style type=""text/css"">.cs95E872D0{text-align:left;margin:0pt 0pt 0pt 0pt;}.csC235ED31{color:#000;background-color:transparent;font-weight:normal;font-style:normal;}</style> </head> <body> <p>Steering bearing kit, without dust seal</p></body> </html>","       Steering bearing kit, without dust seal ",VEHICLE PARTS & ACCESSORIES,CHASSIS PARTS,CHAS. SERVICE PARTS,300,317,70,70,70,,,,,,,,,https://api.mybihr.com/medias/3031810-1-800Wx800H?context=bWFzdGVyfHJvb3R8NTE0NTF8aW1hZ2UvanBlZ3xhRGs0TDJoak9TODVNREUxTURRME1URXlOREUwTHpNd016RTRNVEF0TVY4NE1EQlhlRGd3TUVnfGJmYjE1NjRlMzM0ODQ5OTdlOGM2YzYwMzM4OTBlYTNmODUzNzk3ZjRhYzk4YmZmNDQzMmRkN2VkMDJjYTNlODA,,https://static.bihr.pro/eBihr/Pictures/NTN-pictures.zip,,Spain Warehouse (Parts)
3031811,,,NTN,NTN STEERING SHAFT BEARING KIT,NTN Steering Column Bearing Kit 35x55x14 Kawasaki ER6N/F,106.72,88.20,52.92,,0,8714109090,0,1,"<html> <head> <meta http-equiv=""Content-Type"" content=""text/html; charset=utf-8""><title> </title> <style type=""text/css"">.cs95E872D0{text-align:left;margin:0pt 0pt 0pt 0pt;}.csC235ED31{color:#000;background-color:transparent;font-weight:normal;font-style:normal;}</style> </head> <body> <p>Steering bearing kit, without dust seal</p></body> </html>","       Steering bearing kit, without dust seal ",VEHICLE PARTS & ACCESSORIES,CHASSIS PARTS,CHAS. SERVICE PARTS,384,266,70,70,70,,,,,,,,,https://api.mybihr.com/medias/3031811-1-800Wx800H?context=bWFzdGVyfHJvb3R8NDM2MTF8aW1hZ2UvanBlZ3xhR1JpTDJoak1pODVNREUxTURRME16QTVNREl5THpNd016RTRNVEV0TVY4NE1EQlhlRGd3TUVnfGYyZTcxYjQyN2U4Y2UwZTg1YmVmNjhhOWM0MGFkNjU4ZjlhNDE5N2Q3ZTQ5MDlkZDBiNDQxMWI3MTMxMzJkNTM,,https://static.bihr.pro/eBihr/Pictures/NTN-pictures.zip,,Spain Warehouse (Parts)
3031796,,,NTN,NTN STEERING SHAFT BEARING KIT,NTN Steering Column Bearing Kit 20X42X15/20X42X15 KTM/Honda,39.13,32.34,19.40,,0,8483200000,0,1,"<html> <head> <meta http-equiv=""Content-Type"" content=""text/html; charset=utf-8""><title> </title> <style type=""text/css"">.cs95E872D0{text-align:left;margin:0pt 0pt 0pt 0pt;}.csC235ED31{color:#000;background-color:transparent;font-weight:normal;font-style:normal;}</style> </head> <body> <p>Steering bearing kit, without dust seal</p></body> </html>","       Steering bearing kit, without dust seal ",VEHICLE PARTS & ACCESSORIES,CHASSIS PARTS,CHAS. SERVICE PARTS,216,210,60,60,60,,,,,,,,,,,https://static.bihr.pro/eBihr/Pictures/NTN-pictures.zip,,Spain Warehouse (Parts)
3031798,,,NTN,NTN STEERING SHAFT BEARING KIT,NTN Steering Column Bearing Kit 25X47X15/25X47X15 Kawasaki,45.74,37.80,22.68,,8,8714109090,0,1,"<html> <head> <meta http-equiv=""Content-Type"" content=""text/html; charset=utf-8""><title> </title> <style type=""text/css"">.cs95E872D0{text-align:left;margin:0pt 0pt 0pt 0pt;}.csC235ED31{color:#000;background-color:transparent;font-weight:normal;font-style:normal;}</style> </head> <body> <p>Steering bearing kit, without dust seal</p></body> </html>","       Steering bearing kit, without dust seal ",VEHICLE PARTS & ACCESSORIES,CHASSIS PARTS,CHAS. SERVICE PARTS,216,230,60,60,60,,,,,,,,,,,https://static.bihr.pro/eBihr/Pictures/NTN-pictures.zip,,Spain Warehouse (Parts)
3031800,,,NTN,NTN STEERING SHAFT BEARING KIT,NTN Steering Column Bearing Kit 25X52X16.5/25X52X16.5 Gas Gas,45.74,37.80,22.68,,0,8483200000,0,1,"<html> <head> <meta http-equiv=""Content-Type"" content=""text/html; charset=utf-8""><title> </title> <style type=""text/css"">.cs95E872D0{text-align:left;margin:0pt 0pt 0pt 0pt;}.csC235ED31{color:#000;background-color:transparent;font-weight:normal;font-style:normal;}</style> </head> <body> <p>Steering bearing kit, without dust seal</p></body> </html>","       Steering bearing kit, without dust seal ",VEHICLE PARTS & ACCESSORIES,CHASSIS PARTS,CHAS. SERVICE PARTS,144,310,50,50,50,,,,,,,,,,,https://static.bihr.pro/eBihr/Pictures/NTN-pictures.zip,,Spain Warehouse (Parts)
3031803,,,NTN,NTN STEERING SHAFT BEARING KIT,NTN Steering Column Bearing Kit 28X52X16/30X52X16 Yamaha,57.17,47.25,28.35,,0,8483200000,0,1,"<html> <head> <meta http-equiv=""Content-Type"" content=""text/html; charset=utf-8""><title> </title> <style type=""text/css"">.cs95E872D0{text-align:left;margin:0pt 0pt 0pt 0pt;}.csC235ED31{color:#000;background-color:transparent;font-weight:normal;font-style:normal;}</style> </head> <body> <p>Steering bearing kit, without dust seal</p></body> </html>","       Steering bearing kit, without dust seal ",VEHICLE PARTS & ACCESSORIES,CHASSIS PARTS,CHAS. SERVICE PARTS,216,284,60,60,60,,,,,,,,,,,https://static.bihr.pro/eBihr/Pictures/NTN-pictures.zip,,Spain Warehouse (Parts)
3031807,,,NTN,NTN STEERING SHAFT BEARING KIT,NTN Steering Column Bearing Kit 30X51X15/30X55X17 Honda,57.17,47.25,28.35,,1,8714109090,0,1,"<html> <head> <meta http-equiv=""Content-Type"" content=""text/html; charset=utf-8""><title> </title> <style type=""text/css"">.cs95E872D0{text-align:left;margin:0pt 0pt 0pt 0pt;}.csC235ED31{color:#000;background-color:transparent;font-weight:normal;font-style:normal;}</style> </head> <body> <p>Steering bearing kit, without dust seal</p></body> </html>","       Steering bearing kit, without dust seal ",VEHICLE PARTS & ACCESSORIES,CHASSIS PARTS,CHAS. SERVICE PARTS,300,301,70,70,70,,,,,,,,,,,https://static.bihr.pro/eBihr/Pictures/NTN-pictures.zip,,Spain Warehouse (Parts)
3031809,,,NTN,NTN STEERING SHAFT BEARING KIT,NTN Steering Column Bearing Kit 30x55x17,45.74,37.80,22.68,,5,8483200000,0,1,NTN 30x55x17 Steering Bearing Kit,NTN 30x55x17 Steering Bearing Kit,VEHICLE PARTS & ACCESSORIES,CHASSIS PARTS,CHAS. SERVICE PARTS,384,346,70,70,70,,,,,,,por pareja,,https://api.mybihr.com/medias/800Wx800H-3031809-1.jpg?context=bWFzdGVyfHJvb3R8NTE1NTZ8aW1hZ2UvanBlZ3xhR1kyTDJnNU5pOHhNREE1TmpFNU1UQXdOak14TXpRdk9EQXdWM2c0TURCSVh6TXdNekU0TURrdE1TNXFjR2N8YWVhMjFhYzQ5ZGRjNjlmNWY4YWEzNjY1NDljNjRlMWJlYjM4M2NkNWE5Nzg4ZWE2M2U5NGEwNTQ1ZDFmOWQxMw,,https://static.bihr.pro/eBihr/Pictures/NTN-pictures.zip,,Spain Warehouse (Parts)
3031812,,,NTN,NTN STEERING SHAFT BEARING KIT,NTN Steering Bearing Kit Yamaha,45.74,37.80,22.68,,11,8483200000,0,1,STEERING BEARING KIT,STEERING BEARING KIT,VEHICLE PARTS & ACCESSORIES,CHASSIS PARTS,CHAS. SERVICE PARTS,300,288,70,70,70,,,,,,,,,https://api.mybihr.com/medias/3031812-1-800Wx800H?context=bWFzdGVyfHJvb3R8NDM2MTF8aW1hZ2UvanBlZ3xhREJpTDJoaVl5ODVNREUxTURRME5UQTFOak13THpNd016RTRNVEl0TVY4NE1EQlhlRGd3TUVnfDVhOTY4YmU1OGExOGVhYTk2YmVjZTQ1Y2ZkZGEzNWI2NzQzMGU1NjIxYjJhOTZjNGM3NjMwN2RlMDkxYWUzYmY,,https://static.bihr.pro/eBihr/Pictures/NTN-pictures.zip,,Spain Warehouse (Parts)
1044664,,4T-L45449/L45410,NTN,NTN STEERING BEARING,Rodamiento de dirección NTN 29X50.25 X15,24.14,19.95,11.97,411612,1,8483200000,0,1,STEERING BEARING NTN 29X50.25 X15,STEERING BEARING NTN 29X50.25 X15,VEHICLE PARTS & ACCESSORIES,CHASSIS PARTS,CHAS. SERVICE PARTS,73,119,57,58,22,,,,,,,,,https://api.mybihr.com/medias/800Wx800H-1044664-1.jpg?context=bWFzdGVyfHJvb3R8NTEzNzh8aW1hZ2UvanBlZ3xhRE14TDJobE1TODJNalE1TVRJM01URXdNalE1TkM4NE1EQlhlRGd3TUVoZk1UQTBORFkyTkMweExtcHdad3xmOTc1OGEyNTFmNzQwZDJkNmFkNmY5NjEwZTYyYzBhZDQwN2IwODcyYWYzZDQzMzE0MjNjMDdhNTYwNGY3YzU1,,https://static.bihr.pro/eBihr/Pictures/NTN-pictures.zip,,Spain Warehouse (Parts)
1042509,18597,6010LLU/2AU1,NTN,NTN BEARING 6010-2RS 50X68X15,Rodamiento de rueda NTN 50x68x15 6010-2RS,25.89,21.40,12.84,8430525185975,10,8483200000,0,1,WHEEL BEARING 6010-2RS 50X68X15,WHEEL BEARING 6010-2RS 50X68X15,VEHICLE PARTS & ACCESSORIES,CHASSIS PARTS,CHAS. WHEELS,224,298,91,91,27,,,,,,,por unidad,,https://api.mybihr.com/medias/1042509-1-800Wx800H?context=bWFzdGVyfHJvb3R8NDM5Nzh8aW1hZ2UvanBlZ3xhRGcwTDJobE9TODRPVGN3TWpReU9EVXdPRFEyTHpFd05ESTFNRGt0TVY4NE1EQlhlRGd3TUVnfDUxZTQ0ZDE3ZTNhZjU3YjY0OTlkZTIyODllMWUxNWY1MGE4MTVlNDI1NjI2YTliMmI5NmMwZTdjMjk3ZDYxZDU,,https://static.bihr.pro/eBihr/Pictures/NTN-pictures.zip,,Spain Warehouse (Parts)
1044675,,6010LLU,NTN,NTN BEARING 6010-2RS 50X80X16MM,Rodamiento NTN 6010-2RS 50x80x16mm,27.32,22.58,13.55,44700002,1,8714109090,0,1,,,VEHICLE PARTS & ACCESSORIES,CHASSIS PARTS,CHAS. WHEELS,200,258,86,86,27,,,,,,,por unidad,,https://api.mybihr.com/medias/800Wx800H-1044675-1.jpg?context=bWFzdGVyfHJvb3R8NDM2MjB8aW1hZ2UvanBlZ3xhRGM0TDJneFppODJNalE1TVRJM05ERTRNalk0Tmk4NE1EQlhlRGd3TUVoZk1UQTBORFkzTlMweExtcHdad3xjY2RlZjNhZTcwMGM0NGZjNWM0ODdiMDA3Y2QxNzIwZmE2MDU1MjNjY2MzMTJkOWU0MzlhY2Y4OTNmZGI1ZWVm,,https://static.bihr.pro/eBihr/Pictures/NTN-pictures.zip,,Spain Warehouse (Parts)
1042516,18595,6908LLU/5K,NTN,NTN BEARING 6908-2RS 40X62X12,Rodamiento de rueda NTN 40x62x12 6908-2RS,50.99,42.14,25.28,8430525185951,8,8483200000,0,1,WHEEL BEARING 6908-2RS 40X62X12,WHEEL BEARING 6908-2RS 40X62X12,VEHICLE PARTS & ACCESSORIES,CHASSIS PARTS,CHAS. WHEELS,93,120,64,66,22,,,,,,,por unidad,,https://api.mybihr.com/medias/800Wx800H-1042516-1.jpg?context=bWFzdGVyfHJvb3R8NDM2MjB8aW1hZ2UvanBlZ3xhREl4TDJneVpDODJNalE1TVRJMk5qUTBPVFF6T0M4NE1EQlhlRGd3TUVoZk1UQTBNalV4TmkweExtcHdad3xiNWJiODY2OGQzNjYxZjQzNDVjOWMyZjk5YmVmYmM3Y2I2MTk1NjZlNzk0NTBkY2YzODc0M2MzNmE1ZjFjNzJh,,https://static.bihr.pro/eBihr/Pictures/NTN-pictures.zip,,Spain Warehouse (Parts)
1042515,18589,6906LLU/5K,NTN,NTN BEARING 6906-2RS 30X47X9,Rodamiento de rueda NTN 30x47x9 6906-2RS,29.49,24.37,14.62,4547359006735,9,8483200000,0,1,WHEEL BEARING 6906-2RS 30X47X9,WHEEL BEARING 6906-2RS 30X47X9,VEHICLE PARTS & ACCESSORIES,CHASSIS PARTS,CHAS. WHEELS,44,48,46,48,20,,,,,,,por unidad,,https://api.mybihr.com/medias/800Wx800H-1042515-1.jpg?context=bWFzdGVyfHJvb3R8NDM2MjB8aW1hZ2UvanBlZ3xhRFkwTDJneU5pODJNalE1TVRJMk5qSTFNamd6TUM4NE1EQlhlRGd3TUVoZk1UQTBNalV4TlMweExtcHdad3xiNzM1NDRhMzAyNzBkNTU1MDlhMGU4NzE3MmNhYjFmYjVjZDI4OTExYWM4YjZkMDg2NjczZjk3OTkzMzZmM2Qw,,https://static.bihr.pro/eBihr/Pictures/NTN-pictures.zip,,Spain Warehouse (Parts)
1042530,18569,6301LLUCM/5K,NTN,NTN BEARING 6301-2RS 12X37X12MM,Rodamiento de rueda NTN 12x37x12 6301-2RS,12.08,9.98,5.99,4547359005264,31,8483200000,0,1,"<html> <head> <meta http-equiv=""Content-Type"" content=""text/html; charset=utf-8""><title> </title> <style type=""text/css"">.cs95E872D0{text-align:left;margin:0pt 0pt 0pt 0pt;}.csA7555675{color:#000;background-color:transparent;font-weight:normal;font-style:normal;}</style> </head> <body> <p> </p></body> </html>","         ",VEHICLE PARTS & ACCESSORIES,CHASSIS PARTS,CHAS. WHEELS,35,60,41,43,20,,,,,,,por unidad,,https://api.mybihr.com/medias/800Wx800H-1042530-1.jpg?context=bWFzdGVyfHJvb3R8NDM2MjB8aW1hZ2UvanBlZ3xhR016TDJnNVl5ODJNalE1TVRJMk9USXdNVGsxTUM4NE1EQlhlRGd3TUVoZk1UQTBNalV6TUMweExtcHdad3wwM2NlMmMwNWYwYmZhNDkwODg1YTg3NWY5YjliNjY0M2Y3ZGU3YTdiYWEzNTUzNjY4NWViZTJkYTExNmYyNmE1,,https://static.bihr.pro/eBihr/Pictures/NTN-pictures.zip,,Spain Warehouse (Parts)
1042531,18572,6302LLU/5K,NTN,NTN BEARING 6302-2RS 15X42X13MM,Rodamiento de rueda NTN 15x42x13 6302-2RS,12.08,9.98,5.99,4547359005301,62,8483200000,0,1,"<html> <head> <meta http-equiv=""Content-Type"" content=""text/html; charset=utf-8""><title> </title> <style type=""text/css"">.cs95E872D0{text-align:left;margin:0pt 0pt 0pt 0pt;}.csA7555675{color:#000;background-color:transparent;font-weight:normal;font-style:normal;}</style> </head> <body> <p> </p></body> </html>","         ",VEHICLE PARTS & ACCESSORIES,CHASSIS PARTS,CHAS. WHEELS,44,90,46,48,20,,,,,,,por unidad,,https://api.mybihr.com/medias/800Wx800H-1042531-1.jpg?context=bWFzdGVyfHJvb3R8NDM2MjB8aW1hZ2UvanBlZ3xhRFUyTDJnNU9DODJNalE1TVRJMk9UTTVPRFUxT0M4NE1EQlhlRGd3TUVoZk1UQTBNalV6TVMweExtcHdad3xiNmY2YzczNTY0MmJlM2YxMDBmMTQ3NzMzNjU5YzQzZGI1Mjc3NDY3YTg0NDNjNzVkODkzMDc0ZGM3NzMwMjli,,https://static.bihr.pro/eBihr/Pictures/NTN-pictures.zip,,Spain Warehouse (Parts)
1044671,,63004EE,NTN,NTN BEARING 63004-2RS 20X42X16,Rodamiento de rueda NTN 63004-2RS 20X42X16,21.60,17.85,10.71,3413520473273,0,8483200000,0,1,WHEEL BEARING NTN 63004-2RS 20X42X16,WHEEL BEARING NTN 63004-2RS 20X42X16,VEHICLE PARTS & ACCESSORIES,CHASSIS PARTS,CHAS. WHEELS,66,100,58,60,19,,,,,,,por unidad,,https://api.mybihr.com/medias/800Wx800H-1044671-1.jpg?context=bWFzdGVyfHJvb3R8NDE1MzZ8aW1hZ2UvanBlZ3xhR1l3TDJnMFpDODJNalE1TVRJM016QTJPRFUzTkM4NE1EQlhlRGd3TUVoZk1UQTBORFkzTVMweExtcHdad3xkOTQ0NjJhMTQwZjQ4ZDJkYzZmYWNhYTIzNWRhNGJkOWViNTY0NjQxMzY2ZDcxNmE4NmQzMTU3MTUyMzhkMGIy,,https://static.bihr.pro/eBihr/Pictures/NTN-pictures.zip,,Spain Warehouse (Parts)
1042514,18583,6905LLU/5K,NTN,NTN BEARING 6905-2RS,Rodamiento de rueda NTN 25x42x9 6905-2RS,22.99,19.00,11.40,4064328075108,26,8483200000,0,1,WHEEL BEARING 6905-2RS,WHEEL BEARING 6905-2RS,VEHICLE PARTS & ACCESSORIES,CHASSIS PARTS,CHAS. WHEELS,51,50,50,51,20,,,,,,,por unidad,,https://api.mybihr.com/medias/800Wx800H-1042514-1.jpg?context=bWFzdGVyfHJvb3R8NDM2MjB8aW1hZ2UvanBlZ3xhRGswTDJneFppODJNalE1TVRJMk5qQTFOakl5TWk4NE1EQlhlRGd3TUVoZk1UQTBNalV4TkMweExtcHdad3xjODBlMTlhNTVhYTJlZTQzNmYwYzQ3ZTk1ODdhZTA5YWFiZjE1ZTExZGRkM2JhNDllNmZhNWE4MTcwNThiZjE0,,https://static.bihr.pro/eBihr/Pictures/NTN-pictures.zip,,Spain Warehouse (Parts)
1042517,18582,63/22LLU/5K,NTN,NTN BEARING 63/22-2RS 22X56X16,Rodamiento de rueda NTN 22x56x16 63/22-2RS,23.99,19.83,11.90,411206,4,8483200000,0,1,WHEEL BEARING NTN 63/22-2RS 22X56X16,WHEEL BEARING NTN 63/22-2RS 22X56X16,VEHICLE PARTS & ACCESSORIES,CHASSIS PARTS,CHAS. WHEELS,84,180,64,66,20,,,,,,,por unidad,,https://api.mybihr.com/medias/800Wx800H-1042517-1.jpg?context=bWFzdGVyfHJvb3R8NDM2MjB8aW1hZ2UvanBlZ3xhR1l5TDJnek15ODJNalE1TVRJMk5qWTBOakEwTmk4NE1EQlhlRGd3TUVoZk1UQTBNalV4TnkweExtcHdad3xkMDM1ZGIwNzVhZjhlNjlmY2FhZDEwYjEyZWFiZmZjMjE1MDZmYjM5YTc1NjlmZWU0NGJiYzlkODM4YmUxMTg4,,https://static.bihr.pro/eBihr/Pictures/NTN-pictures.zip,,Spain Warehouse (Parts)
1042518,18580,60/22LLU/5K,NTN,NTN BEARING 60/22-2RS 22X44X12MM,Rodamiento de rueda NTN 22x44x12 60/22-2RS,23.49,19.41,11.65,411212,6,8483200000,0,1,"<html> <head> <meta http-equiv=""Content-Type"" content=""text/html; charset=utf-8""><title> </title> <style type=""text/css"">.cs95E872D0{text-align:left;margin:0pt 0pt 0pt 0pt;}.csA7555675{color:#000;background-color:transparent;font-weight:normal;font-style:normal;}</style> </head> <body> <p> </p></body> </html>","         ",VEHICLE PARTS & ACCESSORIES,CHASSIS PARTS,CHAS. WHEELS,65,80,56,58,20,,,,,,,por unidad,,https://api.mybihr.com/medias/800Wx800H-1042518-1.jpg?context=bWFzdGVyfHJvb3R8NDM2MjB8aW1hZ2UvanBlZ3xhR015TDJnellTODJNalE1TVRJMk5qZzBNalkxTkM4NE1EQlhlRGd3TUVoZk1UQTBNalV4T0MweExtcHdad3xlY2FmN2U0NDBlMDAwYTdmZjcxZjg1ZTcyZWZmNzUwM2VjN2QwNjY5NmUwNzkzZGYzYmY0MmJlMWNiOTVhNGZi,,https://static.bihr.pro/eBihr/Pictures/NTN-pictures.zip,,Spain Warehouse (Parts)
1042519,18570,6002LLU/5K,NTN,NTN BEARING 6002-2RS 15X32X9MM,Rodamiento de rueda NTN 15x32x9 6002-2RS,11.94,9.87,5.92,4054372949548,40,8483200000,0,1,"<html> <head> <meta http-equiv=""Content-Type"" content=""text/html; charset=utf-8""><title> </title> <style type=""text/css"">.cs95E872D0{text-align:left;margin:0pt 0pt 0pt 0pt;}.csA7555675{color:#000;background-color:transparent;font-weight:normal;font-style:normal;}</style> </head> <body> <p> </p></body> </html>","         ",VEHICLE PARTS & ACCESSORIES,CHASSIS PARTS,CHAS. WHEELS,34,30,39,43,20,,,,,,,por unidad,,https://api.mybihr.com/medias/800Wx800H-1042519-1.jpg?context=bWFzdGVyfHJvb3R8NDIyOTh8aW1hZ2UvanBlZ3xhREppTDJnNE9TODJNalE1TVRJMk56QXpPVEkyTWk4NE1EQlhlRGd3TUVoZk1UQTBNalV4T1MweExtcHdad3w5OTNlNDFmY2ZiOTk2ZTQ5ZGE4Y2E0M2MyODY5N2YwZWU4NjFhNmUxMzUxNzA0MmIwMjM4MDFkNTRkZGM1ZTlm,,https://static.bihr.pro/eBihr/Pictures/NTN-pictures.zip,,Spain Warehouse (Parts)
1042520,18573,6003LLU/5K,NTN,NTN BEARING 6003-2RS 17X35X10MM,Rodamiento de rueda NTN 17x35x10 6003-2RS,11.94,9.87,5.92,411153,0,8483200000,0,1,"<html> <head> <meta http-equiv=""Content-Type"" content=""text/html; charset=utf-8""><title> </title> <style type=""text/css"">.cs95E872D0{text-align:left;margin:0pt 0pt 0pt 0pt;}.csA7555675{color:#000;background-color:transparent;font-weight:normal;font-style:normal;}</style> </head> <body> <p> </p></body> </html>","         ",VEHICLE PARTS & ACCESSORIES,CHASSIS PARTS,CHAS. WHEELS,35,45,41,43,20,,,,,,,por unidad,,https://api.mybihr.com/medias/800Wx800H-1042520-1.jpg?context=bWFzdGVyfHJvb3R8NDIyOTh8aW1hZ2UvanBlZ3xhR1ppTDJnNFppODJNalE1TVRJMk56SXpOVGczTUM4NE1EQlhlRGd3TUVoZk1UQTBNalV5TUMweExtcHdad3w0MGUwYTY0OTYyZDg3MGVlMzRhOWIzNDdhMjFjZWFhNjIzY2Y3ZGMyMmI1MDIzMDU2MDRlNTg0NDUwNzlmNTAz,,https://static.bihr.pro/eBihr/Pictures/NTN-pictures.zip,,Spain Warehouse (Parts)
1042522,18581,62/22LLU/5K,NTN,NTN BEARING 62/22-2RS 22X50X14MM,Rodamiento de rueda NTN 22x50x14 62/22-2RS,15.49,12.80,7.68,411211,19,8483200000,0,1,"<html> <head> <meta http-equiv=""Content-Type"" content=""text/html; charset=utf-8""><title> </title> <style type=""text/css"">.cs95E872D0{text-align:left;margin:0pt 0pt 0pt 0pt;}.csA7555675{color:#000;background-color:transparent;font-weight:normal;font-style:normal;}</style> </head> <body> <p> </p></body> </html>","         ",VEHICLE PARTS & ACCESSORIES,CHASSIS PARTS,CHAS. WHEELS,65,125,56,58,20,,,,,,,por unidad,,https://api.mybihr.com/medias/800Wx800H-1042522-1.jpg?context=bWFzdGVyfHJvb3R8NDM2MjB8aW1hZ2UvanBlZ3xhRGc1TDJnNVpDODJNalE1TVRJMk56WXlPVEE0Tmk4NE1EQlhlRGd3TUVoZk1UQTBNalV5TWkweExtcHdad3w5ZjM0ZWJhNzdhMDkyNzU2MDBjMzFiMjM5ZDQyNTI5NzEzMThlZWJlOTg0OGYzODVhMzAwNjJlYjU5NmFmMWNi,,https://static.bihr.pro/eBihr/Pictures/NTN-pictures.zip,,Spain Warehouse (Parts)
1042523,18566,6200LLU/5K,NTN,NTN BEARING 6200-2RS 10X30X9MM,Rodamiento de rueda NTN 10x30x9 6200-2RS,11.94,9.87,5.92,4547359004380,15,8483200000,0,1,"<html> <head> <meta http-equiv=""Content-Type"" content=""text/html; charset=utf-8""><title> </title> <style type=""text/css"">.cs95E872D0{text-align:left;margin:0pt 0pt 0pt 0pt;}.csA7555675{color:#000;background-color:transparent;font-weight:normal;font-style:normal;}</style> </head> <body> <p> </p></body> </html>","         ",VEHICLE PARTS & ACCESSORIES,CHASSIS PARTS,CHAS. WHEELS,65,35,56,58,20,,,,,,,por unidad,,https://api.mybihr.com/medias/800Wx800H-1042523-1.jpg?context=bWFzdGVyfHJvb3R8NDIyOTh8aW1hZ2UvanBlZ3xhRFU1TDJoaE5DODJNalE1TVRJMk56Z3lOVFk1TkM4NE1EQlhlRGd3TUVoZk1UQTBNalV5TXkweExtcHdad3w4YTVlYjU1M2E1MDVkZTBiZjU1ZDExZDA5ODFjYWRmNDA2MGM5ZWQ0YzliMDZhOTZhZjU2MDNmN2ExYmYwODRm,,https://static.bihr.pro/eBihr/Pictures/NTN-pictures.zip,,Spain Warehouse (Parts)
1042525,18571,6202LLU/5K,NTN,NTN BEARING 6202-2RS 15X35X11MM,Rodamiento de rueda NTN 15x35x11 6202-2RS,11.94,9.87,5.92,4547359004458,253,8483200000,0,1,"<html> <head> <meta http-equiv=""Content-Type"" content=""text/html; charset=utf-8""><title> </title> <style type=""text/css"">.cs95E872D0{text-align:left;margin:0pt 0pt 0pt 0pt;}.csA7555675{color:#000;background-color:transparent;font-weight:normal;font-style:normal;}</style> </head> <body> <p> </p></body> </html>","         ",VEHICLE PARTS & ACCESSORIES,CHASSIS PARTS,CHAS. WHEELS,35,50,41,43,20,,,,,,,por unidad,,https://api.mybihr.com/medias/800Wx800H-1042525-1.jpg?context=bWFzdGVyfHJvb3R8NDIyOTh8aW1hZ2UvanBlZ3xhRGt5TDJobU9TODJNalE1TVRJMk9ESXhPRGt4TUM4NE1EQlhlRGd3TUVoZk1UQTBNalV5TlMweExtcHdad3wyZTQ3Yjc0MWM1Y2E5OTc3ZDQwMWE4NmRiMjIxZDAwZWI5MGE1NzhmNmQzNjk5OWU0ZTZhM2Y4ZWUwNWQwZjQ3,,https://static.bihr.pro/eBihr/Pictures/NTN-pictures.zip,,Spain Warehouse (Parts)
1042526,18574,6203LLU/5K,NTN,NTN BEARING 6203-2RS 17X40X12MM,Rodamiento de rueda NTN 17x40x12 6203-2RS,11.94,9.87,5.92,4547359004502,111,8483200000,0,1,"<html> <head> <meta http-equiv=""Content-Type"" content=""text/html; charset=utf-8""><title> </title> <style type=""text/css"">.cs95E872D0{text-align:left;margin:0pt 0pt 0pt 0pt;}.csA7555675{color:#000;background-color:transparent;font-weight:normal;font-style:normal;}</style> </head> <body> <p> </p></body> </html>","         ",VEHICLE PARTS & ACCESSORIES,CHASSIS PARTS,CHAS. WHEELS,60,70,54,56,20,,,,,,,por unidad,,https://api.mybihr.com/medias/800Wx800H-1042526-1.jpg?context=bWFzdGVyfHJvb3R8NDIyOTh8aW1hZ2UvanBlZ3xhRGxrTDJobVppODJNalE1TVRJMk9EUXhOVFV4T0M4NE1EQlhlRGd3TUVoZk1UQTBNalV5TmkweExtcHdad3w0NmQ5MDRlMjBmYjdkZTlhMjljODhhN2RlOThhY2MzYjBjNjdlYzNkZjE1MTc0YTRiZGI2MDQ0OTJmMmJhNGE3,,https://static.bihr.pro/eBihr/Pictures/NTN-pictures.zip,,Spain Warehouse (Parts)
1044673,,62/28LLU/5K,NTN,NTN BEARING 60/22-2RS 22X44X12MM,Rodamiento radial de rueda 62 / 28-2RS NTN 28X58X16,22.87,18.90,11.34,411878,4,8483200000,0,1,WHEEL RADIAL BALL BEARING 62/28-2RS NTN 28X58X16,WHEEL RADIAL BALL BEARING 62/28-2RS NTN 28X58X16,VEHICLE PARTS & ACCESSORIES,CHASSIS PARTS,CHAS. WHEELS,71,166,61,68,17,,,,,,,por unidad,,https://api.mybihr.com/medias/800Wx800H-1044673-1.jpg?context=bWFzdGVyfHJvb3R8NDM2MjB8aW1hZ2UvanBlZ3xhR1F6TDJnek5TODJNalE1TVRJM016YzRPVFEzTUM4NE1EQlhlRGd3TUVoZk1UQTBORFkzTXkweExtcHdad3xkOTcxMDBmMjhhZmYwMzYwZjE1YzNlYWM0NzBjNjc4OTkwNjRiMzFmYzQxYTQwN2JlMTNjYTA4YzdhYjA0M2Uy,,https://static.bihr.pro/eBihr/Pictures/NTN-pictures.zip,,Spain Warehouse (Parts)
1042513,18576,6904LLU/5K,NTN,NTN BEARING 6904-2RS 20X37X9,Rodamiento de rueda NTN 20x37x9 6904-2RS,19.44,16.07,9.64,4547359006650,24,8483200000,0,1,WHEEL BEARING 6904-2RS 20X37X9,WHEEL BEARING 6904-2RS 20X37X9,VEHICLE PARTS & ACCESSORIES,CHASSIS PARTS,CHAS. WHEELS,73,41,57,58,22,,,,,,,por unidad,,https://api.mybihr.com/medias/800Wx800H-1042513-1.jpg?context=bWFzdGVyfHJvb3R8NDM2MjB8aW1hZ2UvanBlZ3xhR1UzTDJneVpTODJNalE1TVRJMk5UZzFPVFl4TkM4NE1EQlhlRGd3TUVoZk1UQTBNalV4TXkweExtcHdad3w0MTU1MWQxNzhiNzk3OGM1YTQ4MjU3M2Y5MGEwNzE5OGEwMGYwNWQ4ZGE4YmI4ZmZlYzU4NmM1NTg0MWM5MjRi,,https://static.bihr.pro/eBihr/Pictures/NTN-pictures.zip,,Spain Warehouse (Parts)
1042510,18591,6206LLU/5K,NTN,NTN BEARING 6206-2RS 30X62X16,Rodamiento de rueda NTN 30x62x16 6206-2RS,13.60,11.24,6.74,4547359004625,2,8483200000,0,1,WHEEL BEARING 6206-2RS 30X62X16,WHEEL BEARING 6206-2RS 30X62X16,VEHICLE PARTS & ACCESSORIES,CHASSIS PARTS,CHAS. WHEELS,93,200,64,66,22,,,,,,,por unidad,,https://api.mybihr.com/medias/800Wx800H-1042510-1.jpg?context=bWFzdGVyfHJvb3R8NDIyOTh8aW1hZ2UvanBlZ3xhRFExTDJnME15ODJNalE1TVRJMk5USTJPVGM1TUM4NE1EQlhlRGd3TUVoZk1UQTBNalV4TUMweExtcHdad3xkNDExNmQxYjc4YTYwY2ZjMGQwMGIyZGJlY2ViMjg1NWI3ZTU2NjY5MjUwNmQ3ZTYzODlmNzU3ZDQ4ODBhNTEy,,https://static.bihr.pro/eBihr/Pictures/NTN-pictures.zip,,Spain Warehouse (Parts)
1042524,18568,6201LLUCM/5K,NTN,NTN BEARING 6201-2RS 12X32X10MM,Rodamiento de rueda NTN 12x32x10 6201-2RS,11.94,9.87,5.92,4054372736810,118,8483200000,0,1,"<html> <head> <meta http-equiv=""Content-Type"" content=""text/html; charset=utf-8""><title> </title> <style type=""text/css"">.cs95E872D0{text-align:left;margin:0pt 0pt 0pt 0pt;}.csA7555675{color:#000;background-color:transparent;font-weight:normal;font-style:normal;}</style> </head> <body> <p> </p></body> </html>","         ",VEHICLE PARTS & ACCESSORIES,CHASSIS PARTS,CHAS. WHEELS,34,40,39,43,20,,,,,,,por unidad,,https://api.mybihr.com/medias/800Wx800H-1042524-1.jpg?context=bWFzdGVyfHJvb3R8NDM2MjB8aW1hZ2UvanBlZ3xhR1ExTDJobU1pODJNalE1TVRJMk9EQXlNak13TWk4NE1EQlhlRGd3TUVoZk1UQTBNalV5TkMweExtcHdad3wyNzMwYzUwMTYzOWU2MjlmNzFjYjczMWVkMzZlZWFlYzRhYjQ5YzgxNWFjMjU3MDY4YmIzMDliM2RhOGRhYzA3,,https://static.bihr.pro/eBihr/Pictures/NTN-pictures.zip,,Spain Warehouse (Parts)
1042528,18586,6205LLU/5K,NTN,NTN BEARING 6205-2RS 25X52X15MM,Rodamiento de rueda NTN 25x52x15 6205-2RS,12.45,10.29,6.17,4547359004588,85,8483200000,0,1,"<html> <head> <meta http-equiv=""Content-Type"" content=""text/html; charset=utf-8""><title> </title> <style type=""text/css"">.cs95E872D0{text-align:left;margin:0pt 0pt 0pt 0pt;}.csA7555675{color:#000;background-color:transparent;font-weight:normal;font-style:normal;}</style> </head> <body> <p> </p></body> </html>","         ",VEHICLE PARTS & ACCESSORIES,CHASSIS PARTS,CHAS. WHEELS,65,130,56,58,20,,,,,,,por unidad,,https://api.mybihr.com/medias/800Wx800H-1042528-1.jpg?context=bWFzdGVyfHJvb3R8NDM2MjB8aW1hZ2UvanBlZ3xhREJtTDJobU1pODJNalE1TVRJMk9EZ3dPRGN6TkM4NE1EQlhlRGd3TUVoZk1UQTBNalV5T0MweExtcHdad3w1MDkxMjFhNzc2MzkyMDI4ZjA1YmMwNGU1NTZhMmJmOTIzNjI4OTQ2Yjc1NWIxMTM3MGZjMzU2M2E3ODYxMGRi,,https://static.bihr.pro/eBihr/Pictures/NTN-pictures.zip,,Spain Warehouse (Parts)
1042507,18594,6007LLUCM/5K,NTN,NTN BEARING 6007-2RS 35X62X14,Rodamiento de rueda NTN 35x62x14 6007-2RS,14.87,12.29,7.37,4547359003826,12,8483200000,0,1,WHEEL BEARING 6007-2RS 35X62X14,WHEEL BEARING 6007-2RS 35X62X14,VEHICLE PARTS & ACCESSORIES,CHASSIS PARTS,CHAS. WHEELS,98,160,70,70,20,,,,,,,por unidad,,https://api.mybihr.com/medias/800Wx800H-1042507-1.jpg?context=bWFzdGVyfHJvb3R8NDM2MjB8aW1hZ2UvanBlZ3xhREF5TDJnMFlTODJNalE1TVRJMk5UQTNNekU0TWk4NE1EQlhlRGd3TUVoZk1UQTBNalV3TnkweExtcHdad3w5NjJjNTcxODAwZDZlMjViZmI2NDQwNTQwNjA1MzExNzY0Y2YxMWFhM2FiNzkzZDkyMGM3NGU2MDI4MDM1YTNi,,https://static.bihr.pro/eBihr/Pictures/NTN-pictures.zip,,Spain Warehouse (Parts)
1044669,,69/22LLUC3/3AS,NTN,NTN BEARING 22 X39 X 9,Rodamiento de rueda NTN 22 x39 x 9,22.87,18.90,11.34,411220,2,8483200000,0,1,WHEEL BEARING NTN 22 x39 x 9,WHEEL BEARING NTN 22 x39 x 9,VEHICLE PARTS & ACCESSORIES,CHASSIS PARTS,CHAS. WHEELS,86,36,72,63,19,,,,,,,por unidad,,https://api.mybihr.com/medias/800Wx800H-1044669-1.jpg?context=bWFzdGVyfHJvb3R8NDM2MjB8aW1hZ2UvanBlZ3xhR0UzTDJoaFlTODJNalE1TVRJM01qUXhNekl4TkM4NE1EQlhlRGd3TUVoZk1UQTBORFkyT1MweExtcHdad3w1NjMyYTczNDBjMjljZmI2MWZmYzhlOTVhMDhhMGNiMzAwMjlkY2MxYmU1YmFmMmQ0MTVlNWU2NmI1OWY0NDQ0,,https://static.bihr.pro/eBihr/Pictures/NTN-pictures.zip,,Spain Warehouse (Parts)
1044670,,6001JRXLLUCM/5K,NTN,NTN BEARING 6001-2RS 12X28X8,Rodamiento de rueda NTN 6001-2RS 12X28X8,10.16,8.40,5.04,4547359003581,19,8483200000,0,1,WHEEL BEARING NTN 6001-2RS 12X28X8,WHEEL BEARING NTN 6001-2RS 12X28X8,VEHICLE PARTS & ACCESSORIES,CHASSIS PARTS,CHAS. WHEELS,16,28,33,35,14,,,,,,,por unidad,,https://api.mybihr.com/medias/800Wx800H-1044670-1.jpg?context=bWFzdGVyfHJvb3R8NDM2MjB8aW1hZ2UvanBlZ3xhREk1TDJoaE15ODJNalE1TVRJM01qWTNOVE0xT0M4NE1EQlhlRGd3TUVoZk1UQTBORFkzTUMweExtcHdad3wyNmIyNjljMThiMmQ5MzBmYjRiNjVjZjc0MGJmMmZkODE5M2U3YTQ3MTJhNTJmZTIzMDc1NDhlN2M5NGIzYWQx,,https://static.bihr.pro/eBihr/Pictures/NTN-pictures.zip,,Spain Warehouse (Parts)
1044674,,6907LLU/5K,NTN,NTN BEARING 6907-2RS NTN 35X55X10,Rodamiento radial de rueda 6907-2RS NTN 35X55X10,26.31,21.74,13.04,411877,1,8483200000,0,1,WHEEL RADIAL BALL BEARING 6907-2RS NTN 35X55X10,WHEEL RADIAL BALL BEARING 6907-2RS NTN 35X55X10,VEHICLE PARTS & ACCESSORIES,CHASSIS PARTS,CHAS. WHEELS,42,72,56,63,12,,,,,,,por unidad,,https://api.mybihr.com/medias/800Wx800H-1044674-1.jpg?context=bWFzdGVyfHJvb3R8NDM2MjB8aW1hZ2UvanBlZ3xhREF5TDJneVppODJNalE1TVRJM016azROakEzT0M4NE1EQlhlRGd3TUVoZk1UQTBORFkzTkMweExtcHdad3xhYjY2MTBjMTYzYjY1NmI0MDU1OGZiNmM1OTQyZDAzYmVlOTU5OGNlMDM1MDkxZmE0NjAxZTYyOWZlNWEyY2Ri,,https://static.bihr.pro/eBihr/Pictures/NTN-pictures.zip,,Spain Warehouse (Parts)
1042504,18592,60/32LLU/5K,NTN,NTN BEARING 60/32-2RS 32X58X13,Rodamiento de rueda NTN 32x58x13 60/32-2RS,23.49,19.41,11.65,411208,2,8483200000,0,1,WHEEL BEARING 60/32-2RS 32X58X13,WHEEL BEARING 60/32-2RS 32X58X13,VEHICLE PARTS & ACCESSORIES,CHASSIS PARTS,CHAS. WHEELS,93,140,64,66,22,,,,,,,por unidad,,https://api.mybihr.com/medias/800Wx800H-1042504-1.jpg?context=bWFzdGVyfHJvb3R8NDM2MjB8aW1hZ2UvanBlZ3xhREJpTDJoaE5pODJNalE1TVRJMk5EUTRNek0xT0M4NE1EQlhlRGd3TUVoZk1UQTBNalV3TkMweExtcHdad3w4NmVjOGRiYTg2NWI4OTcxMGY1YTEyMGViNTZkZGFiYjFhNjc2YTNhZTMyNjkxNDlhNzUxY2VjMDliNGMwZTFj,,https://static.bihr.pro/eBihr/Pictures/NTN-pictures.zip,,Spain Warehouse (Parts)
1042508,18596,6008LLU,NTN,NTN BEARING 6008-2RS 40X68X15,Rodamiento de rueda NTN 40x68x15 6008-2RS,19.06,15.75,9.45,4547359003864,8,8483200000,0,1,WHEEL BEARING 6008-2RS 40X68X15,WHEEL BEARING 6008-2RS 40X68X15,VEHICLE PARTS & ACCESSORIES,CHASSIS PARTS,CHAS. WHEELS,158,200,78,81,25,,,,,,,por unidad,,https://api.mybihr.com/medias/1042508-1-800Wx800H?context=bWFzdGVyfHJvb3R8NDM5Nzh8aW1hZ2UvanBlZ3xhR0kwTDJobE1pODRPVGN3TWpReU5qVTBNak00THpFd05ESTFNRGd0TVY4NE1EQlhlRGd3TUVnfDkwMmY5Y2NlYWI5YTA4Y2RkM2JhYTZjOGQzMWY2OTBiNjlhMWU1ZjA4YzY5ODZiNTExY2YwNjYzM2VkNmNmYWY,,https://static.bihr.pro/eBihr/Pictures/NTN-pictures.zip,,Spain Warehouse (Parts)
1042511,18579,6304LLU/5K,NTN,NTN BEARING 6304-2RS 20X52X15,Rodamiento de rueda NTN 20x52x15 6304-2RS,12.45,10.29,6.17,4547359005387,16,8483200000,0,1,WHEEL BEARING 6304-2RS 20X52X15,WHEEL BEARING 6304-2RS 20X52X15,VEHICLE PARTS & ACCESSORIES,CHASSIS PARTS,CHAS. WHEELS,65,150,56,58,20,,,,,,,por unidad,,https://api.mybihr.com/medias/800Wx800H-1042511-1.jpg?context=bWFzdGVyfHJvb3R8NDM2MjB8aW1hZ2UvanBlZ3xhRGMwTDJnell5ODJNalE1TVRJMk5UUTJOak01T0M4NE1EQlhlRGd3TUVoZk1UQTBNalV4TVMweExtcHdad3wwZTFlNzg3MzVkMjNjNzc1OTM4OGQwMWNjMTY4YjdiYjdkOThmMzc5ZjU0Njc2YWQzOGUyZjY4ZTQ3NjlmMGYw,,https://static.bihr.pro/eBihr/Pictures/NTN-pictures.zip,,Spain Warehouse (Parts)
1044672,,63005EE,NTN,NTN BEARING 63005-2RS 25X47X16,Rodamiento de rueda NTN 63005-2RS 25X47X16,21.60,17.85,10.71,411225,1,8483200000,0,1,WHEEL BEARING NTN 63005-2RS 25X47X16,WHEEL BEARING NTN 63005-2RS 25X47X16,VEHICLE PARTS & ACCESSORIES,CHASSIS PARTS,CHAS. WHEELS,66,113,58,60,19,,,,,,,por unidad,,https://api.mybihr.com/medias/800Wx800H-1044672-1.jpg?context=bWFzdGVyfHJvb3R8NDE1MzZ8aW1hZ2UvanBlZ3xhRFJtTDJnME1DODJNalE1TVRJM016UTJNVGM1TUM4NE1EQlhlRGd3TUVoZk1UQTBORFkzTWkweExtcHdad3w2Njk0ZjhhNjhjZmQxZTYyZmEyODcwNDc2MDU3YTJjNjFhM2Y5NjVjOGRmNThhMWQ1Y2M1ZTc5MGFhNDU3MTZi,,https://static.bihr.pro/eBihr/Pictures/NTN-pictures.zip,,Spain Warehouse (Parts)
1042503,18588,60/28LLU/5K,NTN,NTN BEARING 60/28-2RS 28X52X12,Rodamiento de rueda NTN 28x52x12 60/28-2RS,17.79,14.70,8.82,4547359541694,20,8483200000,0,1,WHEEL BEARING 60/28-2RS 28X52X12,WHEEL BEARING 60/28-2RS 28X52X12,VEHICLE PARTS & ACCESSORIES,CHASSIS PARTS,CHAS. WHEELS,65,97,59,58,19,,,,,,,por unidad,,https://api.mybihr.com/medias/800Wx800H-1042503-1.jpg?context=bWFzdGVyfHJvb3R8NDM2MjB8aW1hZ2UvanBlZ3xhR1JqTDJoaFl5ODJNalE1TVRJMk5ESTROamMxTUM4NE1EQlhlRGd3TUVoZk1UQTBNalV3TXkweExtcHdad3wxZGM2MTk4NWRhNTY4N2QzNWU2NmI3NzY4MmM5NDVlZTExMzg3ZWFjZjA1ZTc3YjVkNTk5OTQ1YWQ2OWNlOTlh,,https://static.bihr.pro/eBihr/Pictures/NTN-pictures.zip,,Spain Warehouse (Parts)
1042505,18584,6005LLU/5K,NTN,NTN BEARING 6005-2RS 25X47X12,Rodamiento de rueda NTN 25x47x12 6005-2RS,12.45,10.29,6.17,4547359003741,179,8483200000,0,1,WHEEL BEARING 6005-2RS 25X47X12,WHEEL BEARING 6005-2RS 25X47X12,VEHICLE PARTS & ACCESSORIES,CHASSIS PARTS,CHAS. WHEELS,60,85,54,56,20,,,,,,,por unidad,,https://api.mybihr.com/medias/800Wx800H-1042505-1.jpg?context=bWFzdGVyfHJvb3R8NDIyOTh8aW1hZ2UvanBlZ3xhRFJsTDJnNVppODJNalE1TVRJMk5EWTNPVGsyTmk4NE1EQlhlRGd3TUVoZk1UQTBNalV3TlMweExtcHdad3xjYzA3N2M4MDVlZTYwNGUwZDBlNzZlNTgxYzQzMTFiOWRkNjFmMGNhNDI3NDQ0YzkzMDJmZGI5ODc5NmE1YTk1,,https://static.bihr.pro/eBihr/Pictures/NTN-pictures.zip,,Spain Warehouse (Parts)
1042506,18590,6006LLUCM/5K,NTN,NTN BEARING 6006-2RS 30X55X13,Rodamiento de rueda NTN 30x55x13 6006-2RS,12.45,10.29,6.17,4547359003789,16,8483200000,0,1,WHEEL BEARING 6006-2RS 30X55X13,WHEEL BEARING 6006-2RS 30X55X13,VEHICLE PARTS & ACCESSORIES,CHASSIS PARTS,CHAS. WHEELS,65,125,56,58,20,,,,,,,por unidad,,https://api.mybihr.com/medias/800Wx800H-1042506-1.jpg?context=bWFzdGVyfHJvb3R8NDM2MjB8aW1hZ2UvanBlZ3xhRGRsTDJnNU9DODJNalE1TVRJMk5EZzNOalUzTkM4NE1EQlhlRGd3TUVoZk1UQTBNalV3TmkweExtcHdad3wzYzI5NDI5ZmEzNTBkMjE2YjFjOTY4MzIxNDVkMTk0ZjZiMzgyODM4YmI0ZjUwYWI4OTQ1YjQ2MzdiZTA0MTJi,,https://static.bihr.pro/eBihr/Pictures/NTN-pictures.zip,,Spain Warehouse (Parts)
1042512,18587,6305LLU/5K,NTN,NTN BEARING 6305-2RS 25X62X17,Rodamiento de rueda NTN 25x62x17 6305-2RS,20.33,16.80,10.08,4547359005424,8,8483200000,0,1,WHEEL BEARING 6305-2RS 25X62X17,WHEEL BEARING 6305-2RS 25X62X17,VEHICLE PARTS & ACCESSORIES,CHASSIS PARTS,CHAS. WHEELS,160,240,75,79,27,,,,,,,por unidad,,https://api.mybihr.com/medias/800Wx800H-1042512-1.jpg?context=bWFzdGVyfHJvb3R8NDM2MjB8aW1hZ2UvanBlZ3xhR0UwTDJnek5TODJNalE1TVRJMk5UWTJNekF3Tmk4NE1EQlhlRGd3TUVoZk1UQTBNalV4TWkweExtcHdad3xiNjdmOTM5MGE4OWM1MWJjZGRlOWRkOTQ2MmIyNjkyZDQ5NTNjMzQzNGY2YTI2NTE5MWQwZTc1YThkZTEzNmI4,,https://static.bihr.pro/eBihr/Pictures/NTN-pictures.zip,,Spain Warehouse (Parts)
1042521,18577,6004LLU/5K,NTN,NTN BEARING 6004-2RS 20X42X12MM,Rodamiento de rueda NTN 20x42x12 6004-2RS,11.94,9.87,5.92,411154,126,8483200000,0,1,"<html> <head> <meta http-equiv=""Content-Type"" content=""text/html; charset=utf-8""><title> </title> <style type=""text/css"">.cs95E872D0{text-align:left;margin:0pt 0pt 0pt 0pt;}.csA7555675{color:#000;background-color:transparent;font-weight:normal;font-style:normal;}</style> </head> <body> <p> </p></body> </html>","         ",VEHICLE PARTS & ACCESSORIES,CHASSIS PARTS,CHAS. WHEELS,51,75,50,51,20,,,,,,,por unidad,,https://api.mybihr.com/medias/800Wx800H-1042521-1.jpg?context=bWFzdGVyfHJvb3R8NDIyOTh8aW1hZ2UvanBlZ3xhR05pTDJnNU5pODJNalE1TVRJMk56UXpNalEzT0M4NE1EQlhlRGd3TUVoZk1UQTBNalV5TVMweExtcHdad3wxMjczMWIyMGM0NDA4MTBlNzhjMWU4MzIyZGQ4YjUyZjFlMmNiNjE0OGNhZDM1NzZkZTcwNWQ2NmY4YjQ5NDdk,,https://static.bihr.pro/eBihr/Pictures/NTN-pictures.zip,,Spain Warehouse (Parts)
1042527,18578,6204LLU/5K,NTN,NTN BEARING 6204-2RS 20X47X14MM,Rodamiento de rueda NTN 20x47x14 6204-2RS,11.94,9.87,5.92,4547359004540,120,8483200000,0,1,"<html> <head> <meta http-equiv=""Content-Type"" content=""text/html; charset=utf-8""><title> </title> <style type=""text/css"">.cs95E872D0{text-align:left;margin:0pt 0pt 0pt 0pt;}.csA7555675{color:#000;background-color:transparent;font-weight:normal;font-style:normal;}</style> </head> <body> <p> </p></body> </html>","         ",VEHICLE PARTS & ACCESSORIES,CHASSIS PARTS,CHAS. WHEELS,65,110,56,58,20,,,,,,,por unidad,,https://api.mybihr.com/medias/800Wx800H-1042527-1.jpg?context=bWFzdGVyfHJvb3R8NDIyOTh8aW1hZ2UvanBlZ3xhR05qTDJobU9DODJNalE1TVRJMk9EWXhNakV5Tmk4NE1EQlhlRGd3TUVoZk1UQTBNalV5TnkweExtcHdad3xhNWQ1YzExOGViZDY3ZGY0NDk0MWRkNmI4MjY5ZDJmODgxZjUzNmIxZDQ3NWVmZjUwYmYzMmRhNzgxMjc4Y2Ew,,https://static.bihr.pro/eBihr/Pictures/NTN-pictures.zip,,Spain Warehouse (Parts)
1042529,18567,6300LLU/5K,NTN,NTN BEARING 6300-RS 10X35X11MM,Rodamiento de rueda NTN 10x35x11 6300-2RS,11.94,9.87,5.92,411209,35,8483200000,0,1,"<html> <head> <meta http-equiv=""Content-Type"" content=""text/html; charset=utf-8""><title> </title> <style type=""text/css"">.cs95E872D0{text-align:left;margin:0pt 0pt 0pt 0pt;}.csA7555675{color:#000;background-color:transparent;font-weight:normal;font-style:normal;}</style> </head> <body> <p> </p></body> </html>","         ",VEHICLE PARTS & ACCESSORIES,CHASSIS PARTS,CHAS. WHEELS,67,58,54,56,22,,,,,,,por unidad,,https://api.mybihr.com/medias/800Wx800H-1042529-1.jpg?context=bWFzdGVyfHJvb3R8NDM2MjB8aW1hZ2UvanBlZ3xhRGt6TDJoaE15ODJNalE1TVRJMk9UQXdOVE0wTWk4NE1EQlhlRGd3TUVoZk1UQTBNalV5T1MweExtcHdad3w0ZWIyZTk3MDZiYTA3ZDFjOThkZGY2NzJiY2RhMDQ5OTBhODVlNzk5MjMxYjYxN2Y1MmJiYTU1NTY5NmFmODMx,,https://static.bihr.pro/eBihr/Pictures/NTN-pictures.zip,,Spain Warehouse (Parts)
1042532,18575,6303LLU/5K,NTN,NTN BEARING 6303-2RS 17X47X14MM,Rodamiento de rueda NTN 17x47x14 6303-2RS,12.45,10.29,6.17,4054372546778,31,8483200000,0,1,"<html> <head> <meta http-equiv=""Content-Type"" content=""text/html; charset=utf-8""><title> </title> <style type=""text/css"">.cs95E872D0{text-align:left;margin:0pt 0pt 0pt 0pt;}.csA7555675{color:#000;background-color:transparent;font-weight:normal;font-style:normal;}</style> </head> <body> <p> </p></body> </html>","         ",VEHICLE PARTS & ACCESSORIES,CHASSIS PARTS,CHAS. WHEELS,65,120,56,58,20,,,,,,,por unidad,,https://api.mybihr.com/medias/800Wx800H-1042532-1.jpg?context=bWFzdGVyfHJvb3R8NDM2MjB8aW1hZ2UvanBlZ3xhRGcxTDJnNU1TODJNalE1TVRJMk9UVTVOVEUyTmk4NE1EQlhlRGd3TUVoZk1UQTBNalV6TWkweExtcHdad3wxYTk3OGI4YmVlNDYzOGNiYjYwYjljM2I1NzM2NjI0ZWExYmZhZGIyYzRlYWU4Njk4MDE4Y2U5YTE1ZmI3MzUw,,https://static.bihr.pro/eBihr/Pictures/NTN-pictures.zip,,Spain Warehouse (Parts)
1042534,35543,6000-2RS,NTN,NTN BEARING WHEEL KIT,Rodamiento de rueda NTN 6000-2RS Ø10xØ26xH9mm,6.11,5.05,3.03,4547359003543,23,8483200000,0,1,,,VEHICLE PARTS & ACCESSORIES,CHASSIS PARTS,CHAS. WHEELS,23,20,36,37,17,,,,,,,,,https://api.mybihr.com/medias/1042534-1-800Wx800H?context=bWFzdGVyfHJvb3R8NjY3NDV8aW1hZ2UvanBlZ3xhR1ZsTDJnMVpTOHhOVFF4TlRNeE5qUXhORFE1TkM4eE1EUXlOVE0wTFRGZk9EQXdWM2c0TURCSXwwMGU0OGJkNWRlNWI4NTRjZDViNzk5ZjdkOGRmYzJhNWIyZTg1MWMyMDFmYTY1N2M5NjViYmY4NzE0M2EyZWMy,,https://static.bihr.pro/eBihr/Pictures/NTN-pictures.zip,,Spain Warehouse (Parts)
1051893,89309008,TOOL IFT SET 33,NTN,NTN SPARE PARTS FOR BEARING 10/110MM,Kit herramienta montaje de rodamientos en frio NTN,552.67,456.75,365.40,89309008,1,4016999190,0,1,"El kit de herramientas NTN-SNR permite un montaje rápido, preciso y seguro de los rodamientos. Aplicaciones: El uso de un vaso adecuado, combinado con el tubo de cierre, permite montar el rodamiento con el ajuste deseado. El soporte par","El kit de herramientas NTN-SNR permite un montaje rápido, preciso y seguro de los rodamientos. Aplicaciones: El uso de un vaso adecuado, combinado con el tubo de cierre, permite montar el rodamiento con el ajuste deseado. El soporte par",TOOLING & WS,TOOLING,TOOLING ENGINE,24985,4211,455,429,128,,,,,,,,,https://api.mybihr.com/medias/1051893-1-800Wx800H?context=bWFzdGVyfHJvb3R8MTkzNzA0fGltYWdlL2pwZWd8YUdFMUwyaGhOeTg0T1RNNU5UWTVNakUzTlRZMkx6RXdOVEU0T1RNdE1WODRNREJYZURnd01FZ3wzNmQzYjRmMjQ0NjZkODExNzcxMDkyMGIxMDlkYjVhMmMwM2IzMTg5YWExZWM3OGUxNDM1OTU2MDIxN2MzMGMy,,https://static.bihr.pro/eBihr/Pictures/NTN-pictures.zip,https://api.mybihr.com/medias/DT-equivalence-douille-tube.pdf?context=bWFzdGVyfGRvY3VtZW50c3w1NDQxOTE0fGFwcGxpY2F0aW9uL3BkZnxhREUyTDJoaU5TODVNRFF6Tnprek5qYzBNamN3TDBSVVgyVnhkV2wyWVd4bGJtTmxYMlJ2ZFdsc2JHVmZkSFZpWlF8MjYwN2EzMzI1Njc0MmEyYjlkNWM2MDk3ZjlhNWFjM2EwYTQ1Zjc3NjhiOWYyMWIwYTc4OWY1Zjc0YWQyZjA4OA,Spain Warehouse (Parts)
1051892,89309009,TOOL BP SET 5-44,NTN,NTN SPARE PARTS FOR BEARING 5/44MM,Kit extractor de rodamientos NTN,710.49,587.18,469.74,89309009,2,7315111000,0,1,"Kits de extractores internos perforados, para un desmontaje rápido y fácil de rodamientos instalados sólidamente. Aplicación:Selección ideal de extractores de alta resistencia con refuerzos para la extracción a través del orificio:Rodam","Kits de extractores internos perforados, para un desmontaje rápido y fácil de rodamientos instalados sólidamente. Aplicación:Selección ideal de extractores de alta resistencia con refuerzos para la extracción a través del orificio:Rodam",TOOLING & WS,TOOLING,TOOLING ENGINE,22877,5808,462,378,131,,,,,,,,,https://api.mybihr.com/medias/1051892-1-800Wx800H?context=bWFzdGVyfHJvb3R8MTU5MDk5fGltYWdlL2pwZWd8YURKaUwyZzVZaTg0T1RBeU1qZzJNVGd3TXpneUx6RXdOVEU0T1RJdE1WODRNREJYZURnd01FZ3xkNTNlOGMxYzJjYThjNGZkOThkZDIzM2RjYzA3OWQ5NzczMmNmMTQ1YmQ5MGZkY2JiMWVlODkzYTlkYTYxZTA0,,https://static.bihr.pro/eBihr/Pictures/NTN-pictures.zip,https://api.mybihr.com/medias/bpsets-5-44-1903.pdf?context=bWFzdGVyfGRvY3VtZW50c3w4NzM5MzR8YXBwbGljYXRpb24vcGRmfGFERTNMMmhoTmk4NU1EUXpOelV4TnprMk56WTJMMkp3YzJWMGMxODFMVFEwTFRFNU1ETXxjZGY3NDY2ZWYzNjVmZTRmNTNkNWFjMjdlMDBiMTg0MGEyNDkwMjVhZjY4N2JhZGNkNmY5OGEwMjVkOGM0Zjc1,Spain Warehouse (Parts)
1148240,,TOOL SP BP 35-44,NTN,NTN SPARE PARTS FOR TOOL KIT BP 35-44,NTN BP 35-44 Bore Puller,228.69,189.00,151.20,,0,7315111000,0,1,"<p>NTN BP Set 5-44 (1051892) Spare Part</p>
<ul>
<li>For bearing bore min. 35 max. 44</li>
</ul>","
NTN BP Set 5-44 (1051892) Spare Part

For bearing bore min. 35 max. 44
",TOOLING & WS,TOOLING,TOOLING ENGINE,1,1,10,10,10,,,,,,,,,https://api.mybihr.com/medias/800Wx800H-1148240-1.jpg?context=bWFzdGVyfHJvb3R8MjM0ODh8aW1hZ2UvanBlZ3xhRFUxTDJnMVpTOHhNREl6TWpNeU1qWTFOREl4TVRBdk9EQXdWM2c0TURCSVh6RXhORGd5TkRBdE1TNXFjR2N8ZjM2YTYyZDFiZTczYTk0NzliOWExNDNmYmQwMTdiMWQ5ZWE2YzVjNjkzZjJkM2NmOTdmMmJhNTNjMmE2NTA3Yg,,https://static.bihr.pro/eBihr/Pictures/NTN-pictures.zip,,Spain Warehouse (Parts)
1148239,,TOOL SP BP 28-34,NTN,NTN SPARE PARTS FOR TOOL KIT BP 28-34,NTN BP 28-34 Bore Puller,156.09,129.00,103.20,,0,7315111000,0,1,"<p>NTN BP Set 5-44 (1051892) Spare Part</p>
<ul>
<li>For bearing bore min. 28 max. 34</li>
</ul>","
NTN BP Set 5-44 (1051892) Spare Part

For bearing bore min. 28 max. 34
",TOOLING & WS,TOOLING,TOOLING ENGINE,1,1,10,10,10,,,,,,,,,https://api.mybihr.com/medias/800Wx800H-1148239-1.jpg?context=bWFzdGVyfHJvb3R8MjI0Mjh8aW1hZ2UvanBlZ3xhR0kwTDJnMU1DOHhNREl6TWpNeU1qWXhORGc0T1RRdk9EQXdWM2c0TURCSVh6RXhORGd5TXprdE1TNXFjR2N8MjllZTk5YzI1YzE2N2M5ZDBjMjg1YWE4MzcwZjYyYmFlNWVhMDU5YzBlMDEyNzNkMmNlZGVhNTY5MmIwZjhmZg,,https://static.bihr.pro/eBihr/Pictures/NTN-pictures.zip,,Spain Warehouse (Parts)
1148243,,"TOOL SP BP SET 5-44 ",NTN,NTN SPARE PARTS BP SET 5-44 / K3,NTN K3 Spare Parts Kit for Bore Puller Set 5-44,157.30,130.00,104.00,,0,7315111000,0,1,"<p>Spare parts kit for the NTN BP Set 5-44 (1051892)</p>
<p><strong>Contents:</strong></p>
<ul>
<li>No.14: Sliding hammer</li>
<li>No.15: 1/2'' M10 adapter</li>
</ul>","
Spare parts kit for the NTN BP Set 5-44 (1051892)

Contents:

No.14: Sliding hammer
No.15: 1/2'' M10 adapter
",TOOLING & WS,TOOLING,TOOLING ENGINE,1,1,10,10,10,,,,,,,,,https://api.mybihr.com/medias/800Wx800H-1148243-1.jpg?context=bWFzdGVyfHJvb3R8MTI5NzZ8aW1hZ2UvanBlZ3xhR0pqTDJoalpTOHhNREl6TWpNeU1qYzNNakUzTlRndk9EQXdWM2c0TURCSVh6RXhORGd5TkRNdE1TNXFjR2N8NDFjZmIyN2IxZjdkNWQ0NzZmNWM4OGM0YjBiOGE3YzYxOGY3YTJhMWViZWRkODcyMjczYThlY2UxZmZkYzJkMA,,https://static.bihr.pro/eBihr/Pictures/NTN-pictures.zip,,Spain Warehouse (Parts)
1148237,,TOOL SP BP 5-7,NTN,NTN SPARE PARTS FOR TOOL KIT BP 5-7,NTN BP 5-7 Bore Puller,83.49,69.00,55.20,,0,7315111000,0,1,"<p>NTN BP Set 5-44 (1051892) Spare Part</p>
<ul>
<li>For bearing bore min. 5 max. 7</li>
</ul>","
NTN BP Set 5-44 (1051892) Spare Part

For bearing bore min. 5 max. 7
",TOOLING & WS,TOOLING,TOOLING ENGINE,1,1,10,10,10,,,,,,,,,https://api.mybihr.com/medias/800Wx800H-1148237-1.jpg?context=bWFzdGVyfHJvb3R8MTYzNzF8aW1hZ2UvanBlZ3xhREV4TDJneE1pOHhNREl6TWpNeU1qVXpOakkwTmpJdk9EQXdWM2c0TURCSVh6RXhORGd5TXpjdE1TNXFjR2N8NzZlNWIxZTAxODA3YWM3OThhNGIwNjllOGZlZmZhY2JkNzNjZWI3ZTgwZGUyNDI4MjVmNjgwMjVmZDcwOTQ1Mw,,https://static.bihr.pro/eBihr/Pictures/NTN-pictures.zip,,Spain Warehouse (Parts)
1148241,,"TOOL SP BP SET 5-44 ",NTN,NTN SPARE PARTS BP SET 5-44 / K1,NTN K1 Spare Parts Kit for Bore Puller Set 5-44,39.93,33.00,26.40,,0,7315111000,0,1,"
<p>Spare parts kit for the NTN BP Set 5-44 (1051892)</p>
<p><strong>Contents:</strong></p>
<ul>
<li>No.8: Nut</li>
<li>No.12: Screw</li>
<li>No.12a: Lever</li>
<li>No.13: Washer</li>
</ul>
","

Spare parts kit for the NTN BP Set 5-44 (1051892)

Contents:

No.8: Nut
No.12: Screw
No.12a: Lever
No.13: Washer

",TOOLING & WS,TOOLING,TOOLING ENGINE,1,1,10,10,10,,,,,,,,,https://api.mybihr.com/medias/800Wx800H-1148241-1.jpg?context=bWFzdGVyfHJvb3R8MjYwNjV8aW1hZ2UvanBlZ3xhR1V6TDJnMllpOHhNREl6TWpNeU1qWTVNelV6TWpZdk9EQXdWM2c0TURCSVh6RXhORGd5TkRFdE1TNXFjR2N8N2I2ZjRlMDhmNjE4YWJkNWJhZjdjNWFhMzUxNzk1NGU2M2Y1NTExOTQ4ZDAyNjAwZjQ4ZmViOTgzZGUwYjkzYg,,https://static.bihr.pro/eBihr/Pictures/NTN-pictures.zip,,Spain Warehouse (Parts)
1148238,,TOOL SP BP 8-11,NTN,NTN SPARE PARTS FOR TOOL KIT BP 8-11,NTN BP 8-11 Bore Puller,85.91,71.00,56.80,,0,7315111000,0,1,"<p>NTN BP Set 5-44 (1051892) Spare Part</p>
<ul>
<li>For bearing bore min. 8 max. 11</li>
</ul>","
NTN BP Set 5-44 (1051892) Spare Part

For bearing bore min. 8 max. 11
",TOOLING & WS,TOOLING,TOOLING ENGINE,1,1,10,10,10,,,,,,,,,https://api.mybihr.com/medias/800Wx800H-1148238-1.jpg?context=bWFzdGVyfHJvb3R8MTU3NTN8aW1hZ2UvanBlZ3xhRGcwTDJnd05DOHhNREl6TWpNeU1qVTNOVFUyTnpndk9EQXdWM2c0TURCSVh6RXhORGd5TXpndE1TNXFjR2N8ZThiOTE1ZWE4MTFjNTk3ZWM1NDg3ZjIxMjc0NzNiYzE2MTg0MWRhMTAzNDJmYzYyNGM3ZWQxZTgzZmIwM2Y3Mw,,https://static.bihr.pro/eBihr/Pictures/NTN-pictures.zip,,Spain Warehouse (Parts)
1148242,,"TOOL SP BP SET 5-44 ",NTN,NTN SPARE PARTS BP SET 5-44 / K2,NTN K2 Spare Parts Kit for Bore Puller Set 5-44,123.42,102.00,81.60,,0,7315111000,0,1,"<p>Spare parts kit for the NTN BP Set 5-44 (1051892)</p>
<p><strong>Contents:</strong></p>
<ul>
<li>No.9: Arms (x2)<br>No.10: Support<br>No.11: Screws (x2)</li>
</ul>","
Spare parts kit for the NTN BP Set 5-44 (1051892)

Contents:

No.9: Arms (x2)No.10: SupportNo.11: Screws (x2)
",TOOLING & WS,TOOLING,TOOLING ENGINE,1,1,10,10,10,,,,,,,,,https://api.mybihr.com/medias/800Wx800H-1148242-1.jpg?context=bWFzdGVyfHJvb3R8MzU0NDd8aW1hZ2UvanBlZ3xhREZpTDJoak1TOHhNREl6TWpNeU1qY3pNamcxTkRJdk9EQXdWM2c0TURCSVh6RXhORGd5TkRJdE1TNXFjR2N8YTE5MDI3NWM3MTRlYmRkM2EzNTU1OTEwZGUyMTBkYTYyYmVmMGNlMTBkMTEyNjgwMTNlNzY3OTdkZjExMjI1Ng,,https://static.bihr.pro/eBihr/Pictures/NTN-pictures.zip,,Spain Warehouse (Parts)
