PartNumber,OldPartNumber,SupplierProductCode,Brand,ProductName,Designation,RetailPriceIncludingTax,RetailPriceExcludingTax,BaseDealerPriceExcludingTax,BarCode,StockValue,CommodityCode,OnDemand,DropShipping,HtmlDescription,Description,Category1,Category2,Category3,V-Color,V-Longitud,Volume (cm³),Weight (g),Length (mm),Width (mm),Height (mm),Altura (mm),Anchura (mm),Color,Color de la carcasa,Color del cristal,Composición,Diámetro Ø (mm),Embalaje,Función de la luz,Homologación,Longitud (mm),Peso (g),Posición,Tipo de interruptor,Tipo de luz,Uso,Voltaje,Picture1,Picture2,Picture3,Picture4,Picture5,Picture6,Picture7,Picture8,AllPicturesZIP,Document1,Document2,Document3,Document4,Document5,Document6,Document7,Document8,Document9,Document10,DeliveryPlant
1124754,,AX0410I0999,KOSO,KOSO SPARE PART,"Recambio puño calefactable derecho KOSO 1""",62.12,51.34,35.94,,0,8714109090,0,0,<p>Pu&ntilde;o calefactable 1 pulgada L=120mm pu&ntilde;o acelerador HG 13 - s&oacute;lo lado derecho</p>,"
Puño calefactable 1 pulgada L=120mm puño acelerador HG 13 - sólo lado derecho",VEHICLE PARTS & ACCESSORIES,ACCESSORIES,ACC. DESIGN PARTS,,,1117,74,154,125,58,,,Negro,,,,,,,,,,,,,,,https://api.mybihr.com/medias/800Wx800H-1124754-1.jpg?context=bWFzdGVyfHJvb3R8MzUyMTV8aW1hZ2UvanBlZ3xhRGsxTDJoalpDODFNRFU1TmpjMU1EVTRPVGs0TWk4NE1EQlhlRGd3TUVoZk1URXlORGMxTkMweExtcHdad3w4NDBiOTRjZmU0MjAzYjM2Nzc0ZDY5YjFmM2FkZmZjODQ2YWMwOTBhY2ZiMWYxMWUwN2U3NTg1YWEwNjI4YmY5,https://api.mybihr.com/medias/800Wx800H-1124754-2.jpg?context=bWFzdGVyfHJvb3R8MzY4NDh8aW1hZ2UvanBlZ3xhRE0yTDJoa1lpODFNRFU1TmpjMU1EazRNekU1T0M4NE1EQlhlRGd3TUVoZk1URXlORGMxTkMweUxtcHdad3wyYmU4ZTYyY2UyNjE5MGM2MTllZmRjODZmM2E0YzgwYWE5ZjU0YTc3ZTRlMjMzNjRlY2U5NDgzODUyMjZhN2Qy,https://api.mybihr.com/medias/800Wx800H-1124754-3.jpg?context=bWFzdGVyfHJvb3R8Mzk4NjR8aW1hZ2UvanBlZ3xhRGt3TDJoalppODFNRFU1TmpjMU1UTTNOalF4TkM4NE1EQlhlRGd3TUVoZk1URXlORGMxTkMwekxtcHdad3wwOTViOTRkNTdmOTA0OGQ5OWJhOTFhNzljMTY0Yjg0OWE2M2NmYjBlYzY3ZDhiYmMzYjk3OWE1Mjg5Y2RlM2Zh,,,,,,https://static.bihr.pro/eBihr/Pictures/KOSO-pictures.zip,,,,,,,,,,,Spain Warehouse (Parts)
1138837001,,AX1700I0,KOSO,"KOSO HOT GRIPS HG17 OPEN END 7/8IN, SHOR",Puños calefactables KOSO Premium HG17,150.44,124.33,93.25,4054783999057,0,8714109090,0,0,"Puños calefactables HG-17 para manillar de 7/8 pulgadas (22,2 mm) con interruptor integrado<br><br>Los puños calefactables HG-17 son compatibles con todas las motos estándar y cuentan con un interruptor ajustable integrado en el pulgar. Este interruptor permite al piloto ajustar la temperatura de los puños de manera segura sin necesidad de soltar el manillar.<br><br>Los diferentes niveles de temperatura siempre garantizan el calor óptimo para el piloto. La pantalla LED con 5 colores ofrece una estética moderna y permite al piloto saber rápidamente el nivel de temperatura seleccionado.<br><br>Una característica destacada de los puños calefactables HG-17 es la protección de batería de bajo voltaje, que apaga automáticamente los puños cuando la batería tiene un nivel de carga bajo, asegurando que la batería tenga suficiente energía para arrancar el motor y operar correctamente.<br><br>Características:<br> - Protección de batería: apaga los puños automáticamente si la tensión de la batería es demasiado baja.<br> - Amplia gama de configuraciones de temperatura que garantizan calor óptimo en todo momento.<br> - Pantalla LED de colores que permite ver fácilmente el nivel de temperatura seleccionado.<br> - Con tapas de manillar desmontables: permite la instalación adicional de contrapesos de manillar<br> - Temperatura máxima: hasta 100 grados<br> - Con homologación ECE: E24*10R06/02*4752*00<br><br>Incluye: 1 par de puños calefactables","Puños calefactables HG-17 para manillar de 7/8 pulgadas (22,2 mm) con interruptor integradoLos puños calefactables HG-17 son compatibles con todas las motos estándar y cuentan con un interruptor ajustable integrado en el pulgar. Este interruptor permite al piloto ajustar la temperatura de los puños de manera segura sin necesidad de soltar el manillar.Los diferentes niveles de temperatura siempre garantizan el calor óptimo para el piloto. La pantalla LED con 5 colores ofrece una estética moderna y permite al piloto saber rápidamente el nivel de temperatura seleccionado.Una característica destacada de los puños calefactables HG-17 es la protección de batería de bajo voltaje, que apaga automáticamente los puños cuando la batería tiene un nivel de carga bajo, asegurando que la batería tenga suficiente energía para arrancar el motor y operar correctamente.Características: - Protección de batería: apaga los puños automáticamente si la tensión de la batería es demasiado baja. - Amplia gama de configuraciones de temperatura que garantizan calor óptimo en todo momento. - Pantalla LED de colores que permite ver fácilmente el nivel de temperatura seleccionado. - Con tapas de manillar desmontables: permite la instalación adicional de contrapesos de manillar - Temperatura máxima: hasta 100 grados - Con homologación ECE: E24*10R06/02*4752*00Incluye: 1 par de puños calefactables",VEHICLE PARTS & ACCESSORIES,ACCESSORIES,ACC. ACCESS.,,Short,1617,320,165,140,70,,,Negro,,,,,,,,,,,,,Classic,,https://api.mybihr.com/medias/800Wx800H-1138837001-1.jpg?context=bWFzdGVyfHJvb3R8MzMwNzN8aW1hZ2UvanBlZ3xhRGM1TDJoaE1DODRNVEUyTVRrd05qRTVNalF4TkM4NE1EQlhlRGd3TUVoZk1URXpPRGd6TnpBd01TMHhMbXB3Wnd8ODc2YjE0MDI0MjNiMWNlMzU1N2MyNDdjOWVjNWI2MWIwMjE3NDMyZjAzZmFmZDM3ZjZmNDdjNDEwM2MyZjlhZg,https://api.mybihr.com/medias/800Wx800H-1138837001-2.jpg?context=bWFzdGVyfHJvb3R8MzMzODl8aW1hZ2UvanBlZ3xhR1ZqTDJnNU1pODRNVEUyTVRrd05qVTROVFl6TUM4NE1EQlhlRGd3TUVoZk1URXpPRGd6TnpBd01TMHlMbXB3Wnd8ZTA3Mjc0Y2YwY2UzMDAxMWI2NGY2YjkwMjE1ZjdiYjJiNjBkODZjYWRkYjdiODYzOWE3NjFiNGVmMDJjNTY2ZA,https://api.mybihr.com/medias/800Wx800H-1138837001-3.jpg?context=bWFzdGVyfHJvb3R8MjM2OTB8aW1hZ2UvanBlZ3xhRFZsTDJnNE5TODRNVEUyTVRrd05qazNPRGcwTmk4NE1EQlhlRGd3TUVoZk1URXpPRGd6TnpBd01TMHpMbXB3Wnd8YmJiNDcwZDc0ZThiNmNjYjI5YTJmZDkwODAyN2ZmYzg3NWNhNGVmMTY5ZDFhMDQxYzVjNTc1ZjY5ZGE4MDhkZA,https://api.mybihr.com/medias/800Wx800H-1138837001-4.jpg?context=bWFzdGVyfHJvb3R8Mzc2OTl8aW1hZ2UvanBlZ3xhREV5TDJnek1DODRNVEUyTVRrd056TTNNakEyTWk4NE1EQlhlRGd3TUVoZk1URXpPRGd6TnpBd01TMDBMbXB3Wnd8MWEzNmQ5OWIwNzE4NjdkODkxYWRlMTBiZTQxNDNlYWZmMWQzNjgyMDkzYThkZjRiNGU1MzkwM2YxZDc0NGZjZQ,,,,,https://static.bihr.pro/eBihr/Pictures/KOSO-pictures.zip,,,,,,,,,,,Spain Warehouse (Parts)
1138837002,,AX1710I0,KOSO,"KOSO HOT GRIPS HG17 OPEN END 7/8IN, LONG","KOSO Hot Grips HG 17 Open End f. 7/8 inch Handle Bars, l=130mm",150.44,124.33,93.25,4054783999033,0,8714109090,0,0,HG-17 heated grips for 7/8 inch (22.2 mm) handlebars with integrated switch<br><br>The HG17 heated grips can be fitted to all standard motorcycles and are designed with an integrated adjustable thumb switch. The integrated thumb switch allows the rider to safely adjust the temperature of the grips without having to take their hands off the handlebars.<br><br>The different temperature levels of the handles always give the rider the optimum heat. The LED display with 5 different colored LEDs rounds off the modern appearance of the handles and allows the driver to quickly determine which temperature level is set.<br><br>Another special feature of the HG17 heated grips is the low-voltage battery protection. The system recognizes when the battery voltage is too low and then automatically switches off the heated handles. This ensures that the battery still has sufficient voltage to start and operate the engine.<br><br>Features:<br> - Protective device that automatically switches off the handles if the motorcycle battery voltage is too low.<br> - Wide range of temperature settings ensure optimum heat at all times.<br> - Colored LED display that allows the driver to always see directly which temperature level the handles are in.<br> - With removable handlebar end caps: enables the additional installation of handlebar end weights or handlebar end indicators<br> - Max. temperature up to 100 degrees<br> - With ECE test mark: E24*10R06/02*4752*00<br><br>Scope of delivery: 1 pair,HG-17 heated grips for 7/8 inch (22.2 mm) handlebars with integrated switchThe HG17 heated grips can be fitted to all standard motorcycles and are designed with an integrated adjustable thumb switch. The integrated thumb switch allows the rider to safely adjust the temperature of the grips without having to take their hands off the handlebars.The different temperature levels of the handles always give the rider the optimum heat. The LED display with 5 different colored LEDs rounds off the modern appearance of the handles and allows the driver to quickly determine which temperature level is set.Another special feature of the HG17 heated grips is the low-voltage battery protection. The system recognizes when the battery voltage is too low and then automatically switches off the heated handles. This ensures that the battery still has sufficient voltage to start and operate the engine.Features: - Protective device that automatically switches off the handles if the motorcycle battery voltage is too low. - Wide range of temperature settings ensure optimum heat at all times. - Colored LED display that allows the driver to always see directly which temperature level the handles are in. - With removable handlebar end caps: enables the additional installation of handlebar end weights or handlebar end indicators - Max. temperature up to 100 degrees - With ECE test mark: E24*10R06/02*4752*00Scope of delivery: 1 pair,VEHICLE PARTS & ACCESSORIES,ACCESSORIES,ACC. ACCESS.,,Long,1617,330,165,140,70,,,Negro,,,,,,,,,,,,,Classic,,https://api.mybihr.com/medias/800Wx800H-1138837002-1.jpg?context=bWFzdGVyfHJvb3R8MzMwNzN8aW1hZ2UvanBlZ3xhRGcwTDJneU1pODRNVEUyTVRrd056YzJOVEkzT0M4NE1EQlhlRGd3TUVoZk1URXpPRGd6TnpBd01pMHhMbXB3Wnd8Y2YwZjIxZDc3OGExYWRkYWUyMmJlZTdlNDhkZjQ0YzUyNzljNThjNDY4MzIxNGY0MzI2MjE5NGZhZjZkOTY0MQ,https://api.mybihr.com/medias/800Wx800H-1138837002-2.jpg?context=bWFzdGVyfHJvb3R8MzMzODl8aW1hZ2UvanBlZ3xhR0kwTDJnek1pODRNVEUyTVRrd09ERTFPRFE1TkM4NE1EQlhlRGd3TUVoZk1URXpPRGd6TnpBd01pMHlMbXB3Wnd8NjdkNzI5ZGYyYTM0MTk0NjMxNTlmOTk0YTJlY2RkZWU0MzgwMmY1MjFlMzgwMjI3OTJjNjA0Njc4OTc4ZTVkZQ,https://api.mybihr.com/medias/800Wx800H-1138837002-3.jpg?context=bWFzdGVyfHJvb3R8MjM2OTB8aW1hZ2UvanBlZ3xhRFUwTDJnME1DODRNVEUyTVRrd09EVTFNVGN4TUM4NE1EQlhlRGd3TUVoZk1URXpPRGd6TnpBd01pMHpMbXB3Wnd8YjQ4MzViZjBjZWM4MGE0MDRhNTA3ZmZhM2Y3MjFlOGQ0MjBkYzA4MDdjOTY2NDE3YjNmNmQyYTRlODFhNzgzYQ,https://api.mybihr.com/medias/800Wx800H-1138837002-4.jpg?context=bWFzdGVyfHJvb3R8Mzc2OTl8aW1hZ2UvanBlZ3xhR1V4TDJnMFpDODRNVEUyTVRrd09EazBORGt5Tmk4NE1EQlhlRGd3TUVoZk1URXpPRGd6TnpBd01pMDBMbXB3Wnd8ZmYzYzc5NDQwMDliOTQ0Nzk4MzA5ZTg1NTE0ZmVhOTI4MDkyZTM4OGNiZmMwZDcwYzQwZTI1NTVhNjhmZjQ2Yg,,,,,https://static.bihr.pro/eBihr/Pictures/KOSO-pictures.zip,,,,,,,,,,,Spain Warehouse (Parts)
1139040001,,AX068K00,KOSO,"KOSO HOT GRIPS HD ELEC GAS, BLK",Puños calefactables KOSO Premium Custom/Harley,199.24,164.66,123.50,4260303014838,0,8714109090,0,0,"Puños calefactables Titan-X para Harley-Davidson® con acelerador electrónico<br><br>Los puños calefactables Titan-X incorporan un interruptor integrado que permite cambiar entre 5 niveles de temperatura sin soltar el manillar, garantizando mayor comodidad en ruta.<br><br>El interruptor LED de 5 colores indica claramente la intensidad del calor seleccionado. Además, cuentan con un apagado automático que desactiva los puños si el voltaje de la batería baja a un nivel crítico, evitando su descarga y asegurando el rendimiento óptimo de la moto. <br><br><br>Olvídate de buscar interruptores externos: enciende la moto y ajusta la temperatura con un simple movimiento del pulgar. Fabricados en aluminio de alta calidad y goma suave, están disponibles en acabado cromado o negro. <br><br><br>Compatibilidad: ✔ Manillares de 1 pulgada (25,4 mm) ✔ Longitud: 125 mm<br><br>Solo compatibles con modelos Harley-Davidson equipados con acelerador electrónico<br><br> Incluye: 1 par de puños calefactables","Puños calefactables Titan-X para Harley-Davidson® con acelerador electrónicoLos puños calefactables Titan-X incorporan un interruptor integrado que permite cambiar entre 5 niveles de temperatura sin soltar el manillar, garantizando mayor comodidad en ruta.El interruptor LED de 5 colores indica claramente la intensidad del calor seleccionado. Además, cuentan con un apagado automático que desactiva los puños si el voltaje de la batería baja a un nivel crítico, evitando su descarga y asegurando el rendimiento óptimo de la moto. Olvídate de buscar interruptores externos: enciende la moto y ajusta la temperatura con un simple movimiento del pulgar. Fabricados en aluminio de alta calidad y goma suave, están disponibles en acabado cromado o negro. Compatibilidad: ✔ Manillares de 1 pulgada (25,4 mm) ✔ Longitud: 125 mmSolo compatibles con modelos Harley-Davidson equipados con acelerador electrónico Incluye: 1 par de puños calefactables",VEHICLE PARTS & ACCESSORIES,ACCESSORIES,ACC. ACCESS.,Negro,,2450,552,175,140,100,,,Negro,,,,,,,,,,,,,,,https://api.mybihr.com/medias/800Wx800H-1139040001-1.jpg?context=bWFzdGVyfHJvb3R8NDUwNDR8aW1hZ2UvanBlZ3xhRGN5TDJoa05pODRNVEUyTWpFNU1ERTFPVGt3TWk4NE1EQlhlRGd3TUVoZk1URXpPVEEwTURBd01TMHhMbXB3Wnd8MDE2OWU5Y2RjMjQzNTc1ZWQ0YjZjOTcyYmU2YWEzNzhhNDk5MTg1ODk4ZDMxZjZmMzZlZGIwZTY5YzM2MGQ2Yg,https://api.mybihr.com/medias/800Wx800H-1139040001-2.jpg?context=bWFzdGVyfHJvb3R8NjM0MDh8aW1hZ2UvanBlZ3xhRFl6TDJobE55ODRNVEUyTVRnMk1UYzFPVEF3Tmk4NE1EQlhlRGd3TUVoZk1URXpPVEEwTURBd01TMHlMbXB3Wnd8MDdmZTMzNDdhNDg5MDBjMGJkNzAzMzgyOGUzNDQzYmE5YWU5MmUxNjYwYWZlYzg5ZmVjOWU5ZWRjZjEwOWU0Ng,https://api.mybihr.com/medias/800Wx800H-1139040001-3.jpg?context=bWFzdGVyfHJvb3R8NDI4NDh8aW1hZ2UvanBlZ3xhREV6TDJobE5DODRNVEUyTWpFNU1EVTFNekV4T0M4NE1EQlhlRGd3TUVoZk1URXpPVEEwTURBd01TMHpMbXB3Wnd8OTQ2YzYyYTIxZjg0NzFkNmE0MmEyODU1YzA3YmM2YzdmMzRjZDQ0MDJlNzk1ZjVmZWFjNmNlMTAwMjVmZmRiNg,,,,,,https://static.bihr.pro/eBihr/Pictures/KOSO-pictures.zip,,,,,,,,,,,Spain Warehouse (Parts)
1140160,,AM00009B,KOSO,KOSO THUMB HEATER FOR HOT GRIPS,Interruptor de recambio KOSO,25.37,20.97,15.73,4260303014333,0,8714109090,0,0,Calefactor de pulgar KOSO para puños calefactables,Calefactor de pulgar KOSO para puños calefactables,VEHICLE PARTS & ACCESSORIES,ACCESSORIES,ACC. ACCESS.,,,612,62,170,120,30,,,Negro,,,,,,,,,,,,,,,https://api.mybihr.com/medias/800Wx800H-1140160-1.jpg?context=bWFzdGVyfHJvb3R8NTE5Nzd8aW1hZ2UvanBlZ3xhRGRpTDJnNU5pODRNVEUyTWpZek5ERXpNelV6TkM4NE1EQlhlRGd3TUVoZk1URTBNREUyTUMweExtcHdad3xjNzZkNzQ2MmQzYTJkNTFhMjM2M2IzYWI1OWUyZDVjZGE4NmE2OGRiNmNmY2FkMmU5NGVlZjM5NTBiOGRlMWUz,,,,,,,,https://static.bihr.pro/eBihr/Pictures/KOSO-pictures.zip,,,,,,,,,,,Spain Warehouse (Parts)
1140162,,AX1740I0,KOSO,KOSO HOT GRIPS HG17 OPEN END 25.4MM,Puños calefactables KOSO Classic,150.44,124.33,93.25,4260303015286,0,8714109090,0,0,"Puños calefactables KOSO HG 17 con extremo abierto, diseñados manillares de 25,4 mm de diámetro","Puños calefactables KOSO HG 17 con extremo abierto, diseñados manillares de 25,4 mm de diámetro",VEHICLE PARTS & ACCESSORIES,ACCESSORIES,ACC. ACCESS.,,,1617,340,165,142,69,,,Negro,,,,,,,,,,,,,Classic,,https://api.mybihr.com/medias/800Wx800H-1140162-1.jpg?context=bWFzdGVyfHJvb3R8MzMwNzN8aW1hZ2UvanBlZ3xhRGcyTDJneE9DODRNVEUyTWpZek5UY3dOak01T0M4NE1EQlhlRGd3TUVoZk1URTBNREUyTWkweExtcHdad3xmYTAxYjc0MjM4ZTFkYTA4NTVkNmJjODMxNWRkYmFjMTllYTkxODY3Y2Y4YTE2ZmY3NGU5ZWI3Y2ZmMWIwNTk2,https://api.mybihr.com/medias/800Wx800H-1140162-2.jpg?context=bWFzdGVyfHJvb3R8MzMzODl8aW1hZ2UvanBlZ3xhRFl5TDJnellTODRNVEUyTWpZek5qQTVPVFl4TkM4NE1EQlhlRGd3TUVoZk1URTBNREUyTWkweUxtcHdad3w1YWYwODEyZGFkMWQyNDNlNmU1ZmJlZjUxZjZmMWMwOWRmMWJiNjBhNTU2MmI2OWYyZjE1MzdjODllYmJlYmU1,https://api.mybihr.com/medias/800Wx800H-1140162-3.jpg?context=bWFzdGVyfHJvb3R8MjM2OTB8aW1hZ2UvanBlZ3xhREF5TDJnME9DODRNVEUyTWpZek5qUTVNamd6TUM4NE1EQlhlRGd3TUVoZk1URTBNREUyTWkwekxtcHdad3xjOGUzMzljMzFlZDFkN2NhMDI1Mjg4ZTI5NTIzOWRlYzVhMmY5NWJlZGI0ZWY0ODQxNmY2YjIwMTM0MWNhMTNj,https://api.mybihr.com/medias/800Wx800H-1140162-4.jpg?context=bWFzdGVyfHJvb3R8Mzc2OTl8aW1hZ2UvanBlZ3xhRGt3TDJnMU5TODRNVEUyTWpZek5qZzROakEwTmk4NE1EQlhlRGd3TUVoZk1URTBNREUyTWkwMExtcHdad3w3ZTk0ZTZiMDdiMGU3ODllZWQ5YmZlNWU2YzIwZTZkZTlmNDhmNTNhMzU2YTY3NzU5ODcxYjdhM2QxZGE0NGJl,,,,,https://static.bihr.pro/eBihr/Pictures/KOSO-pictures.zip,,,,,,,,,,,Spain Warehouse (Parts)
1140161,,AX0421I0,KOSO,KOSO HOT GRIPS OPEN END 24.5MM 5LVL,Puños calefactables KOSO Premium HG13,145.36,120.13,90.10,4054783643752,0,8714109090,0,0,"Puños calefactables KOSO con extremo abierto, diseñados manillares de 25,4 mm de diámetro, nivel 5.","Puños calefactables KOSO con extremo abierto, diseñados manillares de 25,4 mm de diámetro, nivel 5.",VEHICLE PARTS & ACCESSORIES,ACCESSORIES,ACC. ACCESS.,,,2665,485,170,165,95,,,Negro,,,,,,,,,,,,,Classic,,https://api.mybihr.com/medias/800Wx800H-1140161-1.jpg?context=bWFzdGVyfHJvb3R8MzcxNTN8aW1hZ2UvanBlZ3xhR1ZrTDJnNE9DODRNVEUyTWpZek5EVXlOamMxTUM4NE1EQlhlRGd3TUVoZk1URTBNREUyTVMweExtcHdad3w1YWRiYWVhMDNlYTU4MTRiZWZjM2M2ZDUyMTQwNWI0MWU4NGZkZTE4NzM1YTk5Zjg0NzcyNDIzYjk1Njc1OTg0,https://api.mybihr.com/medias/800Wx800H-1140161-2.jpg?context=bWFzdGVyfHJvb3R8NzE4MTB8aW1hZ2UvanBlZ3xhRFl3TDJnM1lpODRNVEUyTWpZek5Ea3hPVGsyTmk4NE1EQlhlRGd3TUVoZk1URTBNREUyTVMweUxtcHdad3wzMmIyMTRmMDAzY2FlZjQwOTgwNWQzMDZlNmU5M2MwNmUzYWYxNjk3ZjA3NjdlYjY2NmI0NWZiYTlhZjU1MmU5,https://api.mybihr.com/medias/800Wx800H-1140161-3.jpg?context=bWFzdGVyfHJvb3R8Mzg1Mzd8aW1hZ2UvanBlZ3xhREV6TDJneU5pODRNVEUyTWpZek5UTXhNekU0TWk4NE1EQlhlRGd3TUVoZk1URTBNREUyTVMwekxtcHdad3w1YTIzYmFjMzU5YjIwNGU4Mjc3Y2IzNzk4Y2ExY2U4YmM0ZjdhNDk4ZWFiNTdlMDdhOGZhMmYzZTAwZTJlNWEx,,,,,,https://static.bihr.pro/eBihr/Pictures/KOSO-pictures.zip,,,,,,,,,,,Spain Warehouse (Parts)
1140867,,KO009000,KOSO,KOSO 2A USB CHARGING SOCKET SAFETY,Conector USB KOSO 2.0A USB con función de stop,35.54,29.37,22.03,4054783301522,0,8504409590,0,0,"<p data-isautotranslation=""1""></p>Toma USB de carga KOSO 2.0A con sistema de apagado de seguridad.","
Toma USB de carga KOSO 2.0A con sistema de apagado de seguridad.",VEHICLE PARTS & ACCESSORIES,ACCESSORIES,ACC. ACCESS.,,,396,200,160,55,45,,,,,,,,,,,,,,,,,,https://api.mybihr.com/medias/800Wx800H-1140867-1.jpg?context=bWFzdGVyfHJvb3R8MTIxMTh8aW1hZ2UvanBlZ3xhREV4TDJoa015ODRNVEUyTXpJMk9UQTBOak13TWk4NE1EQlhlRGd3TUVoZk1URTBNRGcyTnkweExtcHdad3xlNzJhYjdkZTg5ZDUwM2VlODE0YTM1MzA4MDMzMWY3NDY4MWU3MGJiNTBlN2QxMjk1MTU1ODc3ZWI3MjNiMWU4,https://api.mybihr.com/medias/800Wx800H-1140867-2.jpg?context=bWFzdGVyfHJvb3R8MTMwMjR8aW1hZ2UvanBlZ3xhRGcwTDJoak5TODRNVEUyTXpJMk9UUXpPVFV4T0M4NE1EQlhlRGd3TUVoZk1URTBNRGcyTnkweUxtcHdad3wwN2ExNGNlYjE1NzNhOTI0YzdlN2RkNmE3NjZjMDQzNDQ5NWYzZDQ5ZmZmZTk1ZWNlNjVlNmZkNGU2ZGQ4Y2Ix,https://api.mybihr.com/medias/800Wx800H-1140867-3.jpg?context=bWFzdGVyfHJvb3R8MTUyMDl8aW1hZ2UvanBlZ3xhR1V6TDJoaU55ODRNVEUyTXpJMk9UZ3pNamN6TkM4NE1EQlhlRGd3TUVoZk1URTBNRGcyTnkwekxtcHdad3wzZjUwNzI1OTFkZTMzN2VkMjM1ZGRmODFkM2NiZmU5MzMyOWExOWYyNzU0YmViYmE1NDEwYmY3YmJiODFjOGVk,,,,,,https://static.bihr.pro/eBihr/Pictures/KOSO-pictures.zip,,,,,,,,,,,Spain Warehouse (Parts)
1152555,,BA081040,KOSO,KOSO COUNTER RX4 HAYA,Marcador KOSO RX4 para Suzuki Hayabusa ® 2008-2020,812.43,671.43,436.43,4260303015569,2,9029203890,0,1,"<ul>
 <li>
  El Koso RX4 impresiona con su diseño moderno, una pantalla LCD personalizable en color y numerosas funciones que permiten un monitoreo preciso de la motocicleta.
 </li>
 <li>
  Las funciones básicas incluyen velocímetro, tacómetro, reloj, estado de la batería del teléfono móvil, conexión Bluetooth, indicador de combustible, indicador de marcha, odómetro parcial, consumo actual y promedio de combustible, voltímetro, tiempo de conducción y modo de conducción.
 </li>
 <li>
  Además, el RX4 cuenta con un sistema completo de luces indicadoras y alertas, incluyendo ABS, motor, aceite, indicador de cambio rápido QS, TCS, punto muerto, temperatura del refrigerante, luz de cambio, sistema antirrobo IMMO, indicador de combustible bajo, luz de carretera y señales de giro izquierda/derecha.
 </li>
 <li>
  El RX4 es la solución perfecta de instalación directa para la Suzuki Hayabusa® y garantiza un control integral sobre todos los datos importantes del vehículo.
 </li>
 <li>
  *Marca registrada de Suzuki Corporation
 </li>
 <li>
  <strong>
   Velocímetro
  </strong>
 </li>
 <li>
  Rango: 0 ~ 360 km/h (0 ~ 225 MPH)
 </li>
 <li>
  Unidad: 1 km/h (MPH), intercambiable
 </li>
 <li>
  <strong>
   Odómetro
  </strong>
 </li>
 <li>
  Rango: 0 ~ 999.999 km (millas), se reinicia a cero si se supera
 </li>
 <li>
  Unidad: 1 km (milla)
 </li>
 <li>
  <strong>
   Odómetro parcial 1, 2
  </strong>
 </li>
 <li>
  Rango: 0,0 ~ 9.999,9 km (millas), restablecimiento manual
 </li>
 <li>
  Unidad: 0,1 km (milla)
 </li>
 <li>
  <strong>
   Bajo consumo de combustible
  </strong>
 </li>
 <li>
  Rango: 0 ~ 999 km (millas)
 </li>
 <li>
  Unidad: 1 km (milla)
 </li>
 <li>
  <strong>
   Servicio de aceite del motor / Kilometraje de servicio 1, 2
  </strong>
 </li>
 <li>
  Rango de ajuste: 500 ~ 16,000 km (300 ~ 10,000 mi)
 </li>
 <li>
  Reducción automática dependiendo del kilometraje total
 </li>
 <li>
  Aviso: marcado en rojo desde 0 km
 </li>
 <li>
  Unidad: 1 km (milla)
 </li>
 <li>
  <strong>
   Tacómetro
  </strong>
 </li>
 <li>
  Rango: 0 ~ 12,000 rpm
 </li>
 <li>
  <strong>
   Aviso de luz de cambio
  </strong>
 </li>
 <li>
  Modos: Continuo, parpadeante, advertencia de barra
 </li>
 <li>
  Rango de ajuste: 1,000–12,000 rpm
 </li>
 <li>
  Unidad: pasos de 500–1,000 rpm
 </li>
 <li>
  <strong>
   Temperatura del aire
  </strong>
 </li>
 <li>
  Rango de temperatura: -10 ~ 100 °C (14 ~ 212 °F)
 </li>
 <li>
  Unidad: 1 °C (°F)
 </li>
 <li>
  Aviso: LO por debajo de -10 °C / HI por encima de 100 °C
 </li>
 <li>
  <strong>
   Temperatura del refrigerante
  </strong>
 </li>
 <li>
  Rango de temperatura: 0 ~ 250 °C (32 ~ 482 °F)
 </li>
 <li>
  Capacidad máxima de almacenamiento posible
 </li>
 <li>
  Aviso: LO por debajo de 39 °C / HI por encima de 117 °C
 </li>
 <li>
  Unidad: Intercambiable entre °C y °F
 </li>
 <li>
  <strong>
   Indicador de combustible
  </strong>
 </li>
 <li>
  6 niveles (16.6% cada uno)
 </li>
 <li>
  Aviso: parpadeante por debajo de 1 rejilla
 </li>
 <li>
  <strong>
   Consumo de combustible
  </strong>
 </li>
 <li>
  Actual y Promedio:
 </li>
 <li>
  0 ~ 40,0 km/l
 </li>
 <li>
  2.5 ~ 99.9 l/100 km
 </li>
 <li>
  0 ~ 99.9 MPG (US/GB)
 </li>
 <li>
  Unidad: 0.1
 </li>
 <li>
  <strong>
   Voltímetro
  </strong>
 </li>
 <li>
  Rango: 8.0 ~ 18.0 V DC
 </li>
 <li>
  Aviso: LO (8.0-13.0V), HI (13.1-18.0V)
 </li>
 <li>
  <strong>
   Valores objetivo
  </strong>
 </li>
 <li>
  Velocidad: 0 ~ 360 km/h
 </li>
 <li>
  Distancia: 50 ~ 1,500 m
 </li>
 <li>
  Velocidad máxima / Registros: Guardado de velocidad, distancia y tiempo
 </li>
 <li>
  <strong>
   Funciones Bluetooth
  </strong>
 </li>
 <li>
  iOS 5.0 y posterior, Android 9 y posterior
 </li>
 <li>
  Llamadas entrantes: iOS (Nombre/Número), Android (Número)
 </li>
 <li>
  Llamadas en línea (LINE, WeChat, WhatsApp): sólo admitido en iOS
 </li>
 <li>
  Datos de música (iOS): Título (15 caracteres), Artista (18 caracteres), Duración de la reproducción
 </li>
 <li>
  Info push: sólo iOS
 </li>
 <li>
  <strong>
   Pantalla &amp; Visualización
  </strong>
 </li>
 <li>
  Modos de conducción: STD, A, B
 </li>
 <li>
  Pantalla TCS: 1, 2, OFF
 </li>
 <li>
  Indicador ECO: Sí/No
 </li>
 <li>
  Colores de fondo: Azul, Verde, Naranja, Blanco
 </li>
 <li>
  <strong>
   Especificaciones técnicas
  </strong>
 </li>
 <li>
  Voltaje de operación: 12 V DC
 </li>
 <li>
  Temperatura de funcionamiento: -20 ~ 85 °C
 </li>
 <li>
  Temperatura de almacenamiento: -30 ~ 90 °C
 </li>
 <li>
  Standard: JIS D 0203 (S2)
 </li>
 <li>
  Tamaño: 170 × 86.2 × 42.5 mm
 </li>
 <li>
  Peso: aprox. 244 g
 </li>
 <li>
  <strong>
   Luz de advertencia
  </strong>
  <br>
  ABS (amarillo), Motor (amarillo), Aceite (rojo), Control rápido (verde), Sistema de Control de Tracción (ámbar), Punto muerto (verde), Temp. de Refrigerante (rojo), Luz de cambio (rojo), Inmovilizador (rojo), Combustible bajo (ámbar), Luz de carretera (azul), Intermitente izquierdo/derecho (verde)
 </li>
 <li>
  Dispositivo de medición LCD – 1×
 </li>
 <li>
  Soporte para dispositivo de medición – 1×
 </li>
 <li>
  Arnés de cableado principal – 1×
 </li>
 <li>
  Juego de cables de sensor – 1×
 </li>
 <li>
  Sensor de temperatura – 1×
 </li>
 <li>
  Espuma para dispositivo de medición – 1×
 </li>
 <li>
  Espumas para soporte de instrumento – 2×
 </li>
 <li>
  Arandela M5 – 3×
 </li>
 <li>
  Tornillo M5 × 12L – 3×
 </li>
 <li>
  Rango: 0 ~ 360 km/h (0 ~ 225 MPH)
 </li>
 <li>
  Unidad: 1 km/h (MPH), intercambiable
 </li>
 <li>
  Rango: 0 ~ 999.999 km (millas), se reinicia a cero si se supera
 </li>
 <li>
  Unidad: 1 km (milla)
 </li>
 <li>
  Rango: 0,0 ~ 9.999,9 km (millas), restablecimiento manual
 </li>
 <li>
  Unidad: 0,1 km (milla)
 </li>
 <li>
  Rango: 0 ~ 999 km (millas)
 </li>
 <li>
  Unidad: 1 km (milla)
 </li>
 <li>
  Rango de ajuste: 500 ~ 16,000 km (300 ~ 10,000 mi)
 </li>
 <li>
  Reducción automática dependiendo del kilometraje total
 </li>
 <li>
  Aviso: marcado en rojo desde 0 km
 </li>
 <li>
  Unidad: 1 km (milla)
 </li>
 <li>
  Rango: 0 ~ 12,000 rpm
 </li>
 <li>
  Modos: Continuo, parpadeante, advertencia de barra
 </li>
 <li>
  Rango de ajuste: 1,000–12,000 rpm
 </li>
 <li>
  Unidad: pasos de 500–1,000 rpm
 </li>
 <li>
  Rango de temperatura: -10 ~ 100 °C (14 ~ 212 °F)
 </li>
 <li>
  Unidad: 1 °C (°F)
 </li>
 <li>
  Aviso: LO por debajo de -10 °C / HI por encima de 100 °C
 </li>
 <li>
  Rango de temperatura: 0 ~ 250 °C (32 ~ 482 °F)
 </li>
 <li>
  Capacidad máxima de almacenamiento posible
 </li>
 <li>
  Aviso: LO por debajo de 39 °C / HI por encima de 117 °C
 </li>
 <li>
  Unidad: Intercambiable entre °C y °F
 </li>
 <li>
  6 niveles (16.6% cada uno)
 </li>
 <li>
  Aviso: parpadeante por debajo de 1 rejilla
 </li>
 <li>
  Actual y Promedio: 0 ~ 40,0 km/l 2.5 ~ 99.9 l/100 km 0 ~ 99.9 MPG (US/GB)
 </li>
 <li>
  0 ~ 40,0 km/l
 </li>
 <li>
  2.5 ~ 99.9 l/100 km
 </li>
 <li>
  0 ~ 99.9 MPG (US/GB)
 </li>
 <li>
  Unidad: 0.1
 </li>
 <li>
  Rango: 8.0 ~ 18.0 V DC
 </li>
 <li>
  Aviso: LO (8.0-13.0V), HI (13.1-18.0V)
 </li>
 <li>
  Velocidad: 0 ~ 360 km/h
 </li>
 <li>
  Distancia: 50 ~ 1,500 m
 </li>
 <li>
  Velocidad máxima / Registros: Guardado de velocidad, distancia y tiempo
 </li>
 <li>
  iOS 5.0 y posterior, Android 9 y posterior
 </li>
 <li>
  Llamadas entrantes: iOS (Nombre/Número), Android (Número)
 </li>
 <li>
  Llamadas en línea (LINE, WeChat, WhatsApp): sólo admitido en iOS
 </li>
 <li>
  Datos de música (iOS): Título (15 caracteres), Artista (18 caracteres), Duración de la reproducción
 </li>
 <li>
  Info push: sólo iOS
 </li>
 <li>
  Modos de conducción: STD, A, B
 </li>
 <li>
  Pantalla TCS: 1, 2, OFF
 </li>
 <li>
  Indicador ECO: Sí/No
 </li>
 <li>
  Colores de fondo: Azul, Verde, Naranja, Blanco
 </li>
 <li>
  Voltaje de operación: 12 V DC
 </li>
 <li>
  Temperatura de funcionamiento: -20 ~ 85 °C
 </li>
 <li>
  Temperatura de almacenamiento: -30 ~ 90 °C
 </li>
 <li>
  Standard: JIS D 0203 (S2)
 </li>
 <li>
  Tamaño: 170 × 86.2 × 42.5 mm
 </li>
 <li>
  Peso: aprox. 244 g
 </li>
 <li>
  Dispositivo de medición LCD – 1×
 </li>
 <li>
  Soporte para dispositivo de medición – 1×
 </li>
 <li>
  Arnés de cableado principal – 1×
 </li>
 <li>
  Juego de cables de sensor – 1×
 </li>
 <li>
  Sensor de temperatura – 1×
 </li>
 <li>
  Espuma para dispositivo de medición – 1×
 </li>
 <li>
  Espumas para soporte de instrumento – 2×
 </li>
 <li>
  Arandela M5 – 3×
 </li>
 <li>
  Tornillo M5 × 12L – 3×
 </li>
</ul>","
 
  El Koso RX4 impresiona con su diseño moderno, una pantalla LCD personalizable en color y numerosas funciones que permiten un monitoreo preciso de la motocicleta.
 
 
  Las funciones básicas incluyen velocímetro, tacómetro, reloj, estado de la batería del teléfono móvil, conexión Bluetooth, indicador de combustible, indicador de marcha, odómetro parcial, consumo actual y promedio de combustible, voltímetro, tiempo de conducción y modo de conducción.
 
 
  Además, el RX4 cuenta con un sistema completo de luces indicadoras y alertas, incluyendo ABS, motor, aceite, indicador de cambio rápido QS, TCS, punto muerto, temperatura del refrigerante, luz de cambio, sistema antirrobo IMMO, indicador de combustible bajo, luz de carretera y señales de giro izquierda/derecha.
 
 
  El RX4 es la solución perfecta de instalación directa para la Suzuki Hayabusa® y garantiza un control integral sobre todos los datos importantes del vehículo.
 
 
  *Marca registrada de Suzuki Corporation
 
 
  
   Velocímetro
  
 
 
  Rango: 0 ~ 360 km/h (0 ~ 225 MPH)
 
 
  Unidad: 1 km/h (MPH), intercambiable
 
 
  
   Odómetro
  
 
 
  Rango: 0 ~ 999.999 km (millas), se reinicia a cero si se supera
 
 
  Unidad: 1 km (milla)
 
 
  
   Odómetro parcial 1, 2
  
 
 
  Rango: 0,0 ~ 9.999,9 km (millas), restablecimiento manual
 
 
  Unidad: 0,1 km (milla)
 
 
  
   Bajo consumo de combustible
  
 
 
  Rango: 0 ~ 999 km (millas)
 
 
  Unidad: 1 km (milla)
 
 
  
   Servicio de aceite del motor / Kilometraje de servicio 1, 2
  
 
 
  Rango de ajuste: 500 ~ 16,000 km (300 ~ 10,000 mi)
 
 
  Reducción automática dependiendo del kilometraje total
 
 
  Aviso: marcado en rojo desde 0 km
 
 
  Unidad: 1 km (milla)
 
 
  
   Tacómetro
  
 
 
  Rango: 0 ~ 12,000 rpm
 
 
  
   Aviso de luz de cambio
  
 
 
  Modos: Continuo, parpadeante, advertencia de barra
 
 
  Rango de ajuste: 1,000–12,000 rpm
 
 
  Unidad: pasos de 500–1,000 rpm
 
 
  
   Temperatura del aire
  
 
 
  Rango de temperatura: -10 ~ 100 °C (14 ~ 212 °F)
 
 
  Unidad: 1 °C (°F)
 
 
  Aviso: LO por debajo de -10 °C / HI por encima de 100 °C
 
 
  
   Temperatura del refrigerante
  
 
 
  Rango de temperatura: 0 ~ 250 °C (32 ~ 482 °F)
 
 
  Capacidad máxima de almacenamiento posible
 
 
  Aviso: LO por debajo de 39 °C / HI por encima de 117 °C
 
 
  Unidad: Intercambiable entre °C y °F
 
 
  
   Indicador de combustible
  
 
 
  6 niveles (16.6% cada uno)
 
 
  Aviso: parpadeante por debajo de 1 rejilla
 
 
  
   Consumo de combustible
  
 
 
  Actual y Promedio:
 
 
  0 ~ 40,0 km/l
 
 
  2.5 ~ 99.9 l/100 km
 
 
  0 ~ 99.9 MPG (US/GB)
 
 
  Unidad: 0.1
 
 
  
   Voltímetro
  
 
 
  Rango: 8.0 ~ 18.0 V DC
 
 
  Aviso: LO (8.0-13.0V), HI (13.1-18.0V)
 
 
  
   Valores objetivo
  
 
 
  Velocidad: 0 ~ 360 km/h
 
 
  Distancia: 50 ~ 1,500 m
 
 
  Velocidad máxima / Registros: Guardado de velocidad, distancia y tiempo
 
 
  
   Funciones Bluetooth
  
 
 
  iOS 5.0 y posterior, Android 9 y posterior
 
 
  Llamadas entrantes: iOS (Nombre/Número), Android (Número)
 
 
  Llamadas en línea (LINE, WeChat, WhatsApp): sólo admitido en iOS
 
 
  Datos de música (iOS): Título (15 caracteres), Artista (18 caracteres), Duración de la reproducción
 
 
  Info push: sólo iOS
 
 
  
   Pantalla & Visualización
  
 
 
  Modos de conducción: STD, A, B
 
 
  Pantalla TCS: 1, 2, OFF
 
 
  Indicador ECO: Sí/No
 
 
  Colores de fondo: Azul, Verde, Naranja, Blanco
 
 
  
   Especificaciones técnicas
  
 
 
  Voltaje de operación: 12 V DC
 
 
  Temperatura de funcionamiento: -20 ~ 85 °C
 
 
  Temperatura de almacenamiento: -30 ~ 90 °C
 
 
  Standard: JIS D 0203 (S2)
 
 
  Tamaño: 170 × 86.2 × 42.5 mm
 
 
  Peso: aprox. 244 g
 
 
  
   Luz de advertencia
  
  
  ABS (amarillo), Motor (amarillo), Aceite (rojo), Control rápido (verde), Sistema de Control de Tracción (ámbar), Punto muerto (verde), Temp. de Refrigerante (rojo), Luz de cambio (rojo), Inmovilizador (rojo), Combustible bajo (ámbar), Luz de carretera (azul), Intermitente izquierdo/derecho (verde)
 
 
  Dispositivo de medición LCD – 1×
 
 
  Soporte para dispositivo de medición – 1×
 
 
  Arnés de cableado principal – 1×
 
 
  Juego de cables de sensor – 1×
 
 
  Sensor de temperatura – 1×
 
 
  Espuma para dispositivo de medición – 1×
 
 
  Espumas para soporte de instrumento – 2×
 
 
  Arandela M5 – 3×
 
 
  Tornillo M5 × 12L – 3×
 
 
  Rango: 0 ~ 360 km/h (0 ~ 225 MPH)
 
 
  Unidad: 1 km/h (MPH), intercambiable
 
 
  Rango: 0 ~ 999.999 km (millas), se reinicia a cero si se supera
 
 
  Unidad: 1 km (milla)
 
 
  Rango: 0,0 ~ 9.999,9 km (millas), restablecimiento manual
 
 
  Unidad: 0,1 km (milla)
 
 
  Rango: 0 ~ 999 km (millas)
 
 
  Unidad: 1 km (milla)
 
 
  Rango de ajuste: 500 ~ 16,000 km (300 ~ 10,000 mi)
 
 
  Reducción automática dependiendo del kilometraje total
 
 
  Aviso: marcado en rojo desde 0 km
 
 
  Unidad: 1 km (milla)
 
 
  Rango: 0 ~ 12,000 rpm
 
 
  Modos: Continuo, parpadeante, advertencia de barra
 
 
  Rango de ajuste: 1,000–12,000 rpm
 
 
  Unidad: pasos de 500–1,000 rpm
 
 
  Rango de temperatura: -10 ~ 100 °C (14 ~ 212 °F)
 
 
  Unidad: 1 °C (°F)
 
 
  Aviso: LO por debajo de -10 °C / HI por encima de 100 °C
 
 
  Rango de temperatura: 0 ~ 250 °C (32 ~ 482 °F)
 
 
  Capacidad máxima de almacenamiento posible
 
 
  Aviso: LO por debajo de 39 °C / HI por encima de 117 °C
 
 
  Unidad: Intercambiable entre °C y °F
 
 
  6 niveles (16.6% cada uno)
 
 
  Aviso: parpadeante por debajo de 1 rejilla
 
 
  Actual y Promedio: 0 ~ 40,0 km/l 2.5 ~ 99.9 l/100 km 0 ~ 99.9 MPG (US/GB)
 
 
  0 ~ 40,0 km/l
 
 
  2.5 ~ 99.9 l/100 km
 
 
  0 ~ 99.9 MPG (US/GB)
 
 
  Unidad: 0.1
 
 
  Rango: 8.0 ~ 18.0 V DC
 
 
  Aviso: LO (8.0-13.0V), HI (13.1-18.0V)
 
 
  Velocidad: 0 ~ 360 km/h
 
 
  Distancia: 50 ~ 1,500 m
 
 
  Velocidad máxima / Registros: Guardado de velocidad, distancia y tiempo
 
 
  iOS 5.0 y posterior, Android 9 y posterior
 
 
  Llamadas entrantes: iOS (Nombre/Número), Android (Número)
 
 
  Llamadas en línea (LINE, WeChat, WhatsApp): sólo admitido en iOS
 
 
  Datos de música (iOS): Título (15 caracteres), Artista (18 caracteres), Duración de la reproducción
 
 
  Info push: sólo iOS
 
 
  Modos de conducción: STD, A, B
 
 
  Pantalla TCS: 1, 2, OFF
 
 
  Indicador ECO: Sí/No
 
 
  Colores de fondo: Azul, Verde, Naranja, Blanco
 
 
  Voltaje de operación: 12 V DC
 
 
  Temperatura de funcionamiento: -20 ~ 85 °C
 
 
  Temperatura de almacenamiento: -30 ~ 90 °C
 
 
  Standard: JIS D 0203 (S2)
 
 
  Tamaño: 170 × 86.2 × 42.5 mm
 
 
  Peso: aprox. 244 g
 
 
  Dispositivo de medición LCD – 1×
 
 
  Soporte para dispositivo de medición – 1×
 
 
  Arnés de cableado principal – 1×
 
 
  Juego de cables de sensor – 1×
 
 
  Sensor de temperatura – 1×
 
 
  Espuma para dispositivo de medición – 1×
 
 
  Espumas para soporte de instrumento – 2×
 
 
  Arandela M5 – 3×
 
 
  Tornillo M5 × 12L – 3×
 
",VEHICLE PARTS & ACCESSORIES,ACCESSORIES,ACC. ELECTRONIC,,,6246,784,338,176,105,,,Negro,,,,,,,,,,,,,,12V,https://api.mybihr.com/medias/800Wx800H-1152555-2.jpg?context=bWFzdGVyfHJvb3R8ODI4MTl8aW1hZ2UvanBlZ3xhREk1TDJobVl5ODVPRGN6TWprMU1UWXdNVEU0TWk4NE1EQlhlRGd3TUVoZk1URTFNalUxTlMweUxtcHdad3xkM2IwMWRlNDk0ODI1ZTg1NDU0NTQ0ZDExYmQzYzhiN2ZiMTY0YmYxNmY5MTFhYTRkMGZiZjg1MTNjMjdkMjYw,https://api.mybihr.com/medias/800Wx800H-1152555-3.jpg?context=bWFzdGVyfHJvb3R8NjI2MDV8aW1hZ2UvanBlZ3xhR1ZqTDJobU1DODVPRGN6TWprMU1UazVORE01T0M4NE1EQlhlRGd3TUVoZk1URTFNalUxTlMwekxtcHdad3w3OTQ1YThkZDMzZjUxNTQ1N2QzMjk3NzM0MWZjYTFlYWU5NDMxODI2NjNkYTE1OWRmNDI2MmFjZTFlMDUwOGQ0,https://api.mybihr.com/medias/800Wx800H-1152555-4.jpg?context=bWFzdGVyfHJvb3R8NzYzMDJ8aW1hZ2UvanBlZ3xhR0l6TDJnNVlpODVPRGN6TWprMU1qTTROell4TkM4NE1EQlhlRGd3TUVoZk1URTFNalUxTlMwMExtcHdad3w4MWI0M2UzYjkzMmU4NDAyOTExZDkyMmMzMDljMzVjMGE4OGE3MTA1NjMwZDRlZjcxMTliZjk5OTI0ODVmMTQz,https://api.mybihr.com/medias/800Wx800H-1152555-5.jpg?context=bWFzdGVyfHJvb3R8NTMxMzR8aW1hZ2UvanBlZ3xhREV6TDJnNFpTODVPRGN6TWprMU1qYzRNRGd6TUM4NE1EQlhlRGd3TUVoZk1URTFNalUxTlMwMUxtcHdad3xhYWFjMmYzNDE0NzNlMTA5MjE3YjRkZjAwNzk5ZWRjOWJlMDFhYTUzODVkYzJlZjFjODA4NDhhNTkzM2NlOWJm,https://api.mybihr.com/medias/800Wx800H-1152555-6.jpg?context=bWFzdGVyfHJvb3R8NTYyMTl8aW1hZ2UvanBlZ3xhR1E1TDJnek9DODVPRGN6TWprMU16RTNOREEwTmk4NE1EQlhlRGd3TUVoZk1URTFNalUxTlMwMkxtcHdad3w3NjIyMzMzM2NkNTAxZTMyNWYxMDM3Yzc4ZTA3MzQ2MmJiNDI2N2I2NzVkZGI4Y2Y2OTczNzg4OWQ1NTJkN2Yw,https://api.mybihr.com/medias/800Wx800H-1152555-1.jpeg?context=bWFzdGVyfHJvb3R8NTg3NzN8aW1hZ2UvanBlZ3xhRE0wTDJobU5pODVPRGN6TWprMU1USXdOemsyTmk4NE1EQlhlRGd3TUVoZk1URTFNalUxTlMweExtcHdaV2N8YTRkYzljYWUzNzQ0M2Y3OTJmNDU3ZDNkYjc5NzQ3NDc5ZmYyYTgxNWJjZGE2ODcyNDdkNWYzMGU2NTQ3MTcxNg,,,https://static.bihr.pro/eBihr/Pictures/KOSO-pictures.zip,https://api.mybihr.com/medias/ABE-KOSO-RX4-1152555.pdf?context=bWFzdGVyfHJvb3R8ODgzNDU3fGFwcGxpY2F0aW9uL3BkZnxhRFprTDJnMk1TODVPRGN6TXpRNE16VXlOREV5Tmk5QlFrVmZTMDlUVDE5U1dEUmZNVEUxTWpVMU5TNXdaR1l8Y2Q5YTAyNmMwMTQyOGY3ZmQ3YmI0M2YwMjRhNzA0ZDFkMzgyOTMwYzQ3Y2U2MGZjMDQzYzgwNWQ3OTI4ZTQ2NQ,https://api.mybihr.com/medias/Mounting-Instruction-English.pdf?context=bWFzdGVyfHJvb3R8MjMyNzc2NTZ8YXBwbGljYXRpb24vcGRmfGFETmtMMmcyT0M4NU9EY3pNelE0TXpjeU1EY3pOQzlOYjNWdWRHbHVaMTlKYm5OMGNuVmpkR2x2Ymw5RmJtZHNhWE5vTG5Ca1pnfGMxMDEzYjRkODc2MDM3ZDZlNmE3OGJmMGFmMGEzYWE1ZjYyZDFkNWE0ZjEwNmNlM2IyYWIzYmJjMDkwNjVlMGM,https://api.mybihr.com/medias/Mounting-Instruction-French.pdf?context=bWFzdGVyfHJvb3R8MzgyMDkxMzd8YXBwbGljYXRpb24vcGRmfGFESmtMMmcyTlM4NU9EY3pNelE0TXpZMU5URTVPQzlOYjNWdWRHbHVaMTlKYm5OMGNuVmpkR2x2Ymw5R2NtVnVZMmd1Y0dSbXw4MTI0MzlhNTYwOGY4ZWUxNWQ2YjdiMmFmMGM5ZTA3MDM3YjU2NjEwMzRlZjI1ZDMxZmUxMjFjYjlhN2Q2MGMy,https://api.mybihr.com/medias/Mounting-Instruction-German.pdf?context=bWFzdGVyfHJvb3R8Mzk0NDYyMDR8YXBwbGljYXRpb24vcGRmfGFHVmpMMmcyT0M4NU9EY3pNelE0TXpjNE5qSTNNQzlOYjNWdWRHbHVaMTlKYm5OMGNuVmpkR2x2Ymw5ZlIyVnliV0Z1TG5Ca1pnfDU1OWNmMjNiODZjNzZjODJiNTg5ZmRiNmYwMzcwNmYzMjY0MWZiZTVhYWJmN2RlMDFjNzk4ZTlhNDc5NjFiYzU,https://api.mybihr.com/medias/Mounting-Instruction-Spanish.pdf?context=bWFzdGVyfHJvb3R8NTI2NTczMTV8YXBwbGljYXRpb24vcGRmfGFERmlMMmcyTWk4NU9EY3pNelE0TXpVNE9UWTJNaTlOYjNWdWRHbHVaMTlKYm5OMGNuVmpkR2x2Ymw5VGNHRnVhWE5vTG5Ca1pnfDUxMTQ2ZGNhMzkxZTIxYTY2MWEzNTZjNDFkYTI1N2I5MjVmNjBhYTZiNTg5MTExODk3YTM0MDQzMDY1NTQ1MWM,,,,,,Spain Warehouse (Parts)
1152559,,BA079000,KOSO,KOSO RX-3S METER,Marcador multi-función TFT KOSO RX-3S 15000 rpm,507.39,419.33,272.56,4260303015446,1,9029203890,0,1,"<p data-isautotranslation=""1""></p>RX-3S | Medidor Multifunción TFT - 15,000 RPM

El dispositivo de medición multifunción RX-3S TFT establece nuevos estándares en el mercado de posventa. Con una pantalla a color TFT-LCD de 3,5 pulgadas y una interfaz de usuario intuitiva, ofrece una amplia gama de funciones para motocicletas, trikes y scooters. Además de medidores clásicos como velocímetro, tacómetro, odómetro e indicador de posición de marcha, impresiona con funciones avanzadas como velocidad objetivo y distancia objetivo.

Principales Características & Especificaciones

Velocímetro: 0–225 MPH (0–360 km/h), intercambiable
Odómetro: hasta 99,999 millas (km)
Odómetro parcial A/B: hasta 9,999.9 millas (km)
Intervalo de cambio de aceite: 300–10,000 millas (500–16,000 km), ajustable
Función de advertencia de velocidad & registro
Circunferencia del neumático: 300–2,500 mm
Indicador de marcha: adaptativo, calibración automática
Tacómetro: hasta 15,000 RPM con luz de cambio (en incrementos de 100 RPM)
Visualización de la temperatura: 0–250 °C con advertencia de sobrecalentamiento
Relación aire/combustible (A/F): 12.1–17.5
Medidor de combustible: 6 etapas, ajustable
Voltímetro: 8.0–18.0 V con advertencia de bajo y sobre voltaje
Velocidad objetivo & distancia objetivo
Modo automático día/noche con 5 niveles de brillo
Retroiluminación: Blanco, Rojo, Naranja, Verde, Azul

Luces de advertencia

Neutral / Luz larga / Intermitentes / Revisar nivel de aceite / ABS / Advertencia / Luz de cambio

Datos técnicos

Temperatura de funcionamiento: -10 a +60 °C
Voltaje de funcionamiento: DC 12 V
Estándar de protección: JIS D 0203 (S2)
Dimensiones: 140.9 × 90.9 × 45.3 mm
Peso: aproximadamente 188 g

Índice

Dispositivo de medición LCD – 1×
Arnés de cableado principal – 1×
Sensor de velocidad activo – 1×
Cable de velocidad (Tipo A) – 1×
Conjunto de cables de velocidad (Tipo B) – 1×
Conjunto de cables de sensor – 1×
Sensor de temperatura – 1×
Interruptor de medidor externo (tipo de botón doble) – 1×
Tira de goma – 1×
Soporte de montaje para sensor de velocidad M8 / Tipo-S – 1×
Soporte de montaje para sensor de velocidad M10 / Tipo-S – 1×
Tornillo hexagonal M5 × 5 P0.8 – 1×
Llave hexagonal de 2.5 mm – 1×
Llave hexagonal de 3 mm – 1×
Soporte de dispositivo de medición – 1×
Tornillo M4 × 12L mm – 1×
Arandela M5 – 1×
Tornillo M6 × 35L – 1×
Tornillo M8 × 30L – 1×
Tornillo M6 – 1×
Tornillo M8 – 1×
Anillo de sellado M6 – 1×
Anillo de sellado M8 – 1×","
RX-3S | Medidor Multifunción TFT - 15,000 RPM

El dispositivo de medición multifunción RX-3S TFT establece nuevos estándares en el mercado de posventa. Con una pantalla a color TFT-LCD de 3,5 pulgadas y una interfaz de usuario intuitiva, ofrece una amplia gama de funciones para motocicletas, trikes y scooters. Además de medidores clásicos como velocímetro, tacómetro, odómetro e indicador de posición de marcha, impresiona con funciones avanzadas como velocidad objetivo y distancia objetivo.

Principales Características & Especificaciones

Velocímetro: 0–225 MPH (0–360 km/h), intercambiable
Odómetro: hasta 99,999 millas (km)
Odómetro parcial A/B: hasta 9,999.9 millas (km)
Intervalo de cambio de aceite: 300–10,000 millas (500–16,000 km), ajustable
Función de advertencia de velocidad & registro
Circunferencia del neumático: 300–2,500 mm
Indicador de marcha: adaptativo, calibración automática
Tacómetro: hasta 15,000 RPM con luz de cambio (en incrementos de 100 RPM)
Visualización de la temperatura: 0–250 °C con advertencia de sobrecalentamiento
Relación aire/combustible (A/F): 12.1–17.5
Medidor de combustible: 6 etapas, ajustable
Voltímetro: 8.0–18.0 V con advertencia de bajo y sobre voltaje
Velocidad objetivo & distancia objetivo
Modo automático día/noche con 5 niveles de brillo
Retroiluminación: Blanco, Rojo, Naranja, Verde, Azul

Luces de advertencia

Neutral / Luz larga / Intermitentes / Revisar nivel de aceite / ABS / Advertencia / Luz de cambio

Datos técnicos

Temperatura de funcionamiento: -10 a +60 °C
Voltaje de funcionamiento: DC 12 V
Estándar de protección: JIS D 0203 (S2)
Dimensiones: 140.9 × 90.9 × 45.3 mm
Peso: aproximadamente 188 g

Índice

Dispositivo de medición LCD – 1×
Arnés de cableado principal – 1×
Sensor de velocidad activo – 1×
Cable de velocidad (Tipo A) – 1×
Conjunto de cables de velocidad (Tipo B) – 1×
Conjunto de cables de sensor – 1×
Sensor de temperatura – 1×
Interruptor de medidor externo (tipo de botón doble) – 1×
Tira de goma – 1×
Soporte de montaje para sensor de velocidad M8 / Tipo-S – 1×
Soporte de montaje para sensor de velocidad M10 / Tipo-S – 1×
Tornillo hexagonal M5 × 5 P0.8 – 1×
Llave hexagonal de 2.5 mm – 1×
Llave hexagonal de 3 mm – 1×
Soporte de dispositivo de medición – 1×
Tornillo M4 × 12L mm – 1×
Arandela M5 – 1×
Tornillo M6 × 35L – 1×
Tornillo M8 × 30L – 1×
Tornillo M6 – 1×
Tornillo M8 – 1×
Anillo de sellado M6 – 1×
Anillo de sellado M8 – 1×",VEHICLE PARTS & ACCESSORIES,ACCESSORIES,ACC. ELECTRONIC,,,2870,841,201,136,105,,,Negro,,,,,,,,,,,,,,12V,https://api.mybihr.com/medias/800Wx800H-1152559-1.jpeg?context=bWFzdGVyfHJvb3R8NDQwODh8aW1hZ2UvanBlZ3xhR0ZoTDJnNVpTODVPRGM1TkRreU1UWTRPVEV4T0M4NE1EQlhlRGd3TUVoZk1URTFNalUxT1MweExtcHdaV2N8MWM4ZjVmNTcyY2FiYTg4OTM2NTY0YjU0ZGEzNGI0Y2IyYTJhNzcxZjEwMzYwYzNiMDExNDM2YWE1ZDY4ODQ1YQ,https://api.mybihr.com/medias/800Wx800H-1152559-4.jpeg?context=bWFzdGVyfHJvb3R8NTc0NzR8aW1hZ2UvanBlZ3xhRFF6TDJneVpTODVPRGM1TkRreU1qZzJPRGMyTmk4NE1EQlhlRGd3TUVoZk1URTFNalUxT1MwMExtcHdaV2N8ODEzMjVkZDU2MDIwYTI3YjI2MzAxYjE3NGUzYTJkMzAzMWM3NzkwMTZkOGI0MjYyMjA1MGY2MmFiOWY5ZmVjNg,https://api.mybihr.com/medias/800Wx800H-1152559-2.jpeg?context=bWFzdGVyfHJvb3R8NDE1OTl8aW1hZ2UvanBlZ3xhRFZsTDJnME9TODVPRGM1TkRreU1qQTRNak16TkM4NE1EQlhlRGd3TUVoZk1URTFNalUxT1MweUxtcHdaV2N8Y2NhN2Y0NGVjNGMxOWQ1MjNiZWRkZDAzNDUxZmFlMWJhZmQ2Y2ZhZDJjMTJjNjAyYjM5YWQ3OTk4MTIxMjg3Ng,https://api.mybihr.com/medias/800Wx800H-1152559-6.jpeg?context=bWFzdGVyfHJvb3R8NDAzNTF8aW1hZ2UvanBlZ3xhRGsyTDJnek5DODVPRGM1TkRreU16WTFOVEU1T0M4NE1EQlhlRGd3TUVoZk1URTFNalUxT1MwMkxtcHdaV2N8NTFiNjc2MjczMzY3NmEzM2I3MzY0MjUwMWY3YjM1ZDljODUzMGM0NjM5Y2RkYjQ5MWY1NzlhOTM4YzAzN2Y4OQ,https://api.mybihr.com/medias/800Wx800H-1152559-5.jpeg?context=bWFzdGVyfHJvb3R8NjM3MzR8aW1hZ2UvanBlZ3xhREE0TDJneU55ODVPRGM1TkRreU16STJNVGs0TWk4NE1EQlhlRGd3TUVoZk1URTFNalUxT1MwMUxtcHdaV2N8YjhiNWY4MjlkM2RiZGNmNDg2NTcyNzliNDIwNDYwNzE5MzlhMmEwNzZiNWU0OTE5NTA0YjBmNjBiNWU4YTM2YQ,https://api.mybihr.com/medias/800Wx800H-1152559-3.jpeg?context=bWFzdGVyfHJvb3R8NTg4OTZ8aW1hZ2UvanBlZ3xhR1F3TDJnellpODVPRGM1TkRreU1qUTNOVFUxTUM4NE1EQlhlRGd3TUVoZk1URTFNalUxT1MwekxtcHdaV2N8ODY0ZjJlMjM1ZDVhMjRmYjM4MmJkMTY4YWQ2OTY1NjNmZjY1ZDJjZDIzZmNiZjFlNGJiMDc3NzZlNWEyMmE1Mw,,,https://static.bihr.pro/eBihr/Pictures/KOSO-pictures.zip,https://api.mybihr.com/medias/ABE-RX-3S-TFT.pdf?context=bWFzdGVyfHJvb3R8ODgzNDU3fGFwcGxpY2F0aW9uL3BkZnxhR016TDJoalpTODVPRGN6TXpRNE5EWXpPREl6T0M5QlFrVmZVbGd0TTFNZ1ZFWlVMbkJrWmd8MDRlYWFjZDRlZDhjYjA3ZTRlNDZlNzhmYmVjNWEyZmUyZWFjM2YyMDM3NDkyNTA2MGU0ZDg5MTZmODQ0MWFjYQ,https://api.mybihr.com/medias/RX3-User-Manual-English.pdf?context=bWFzdGVyfHJvb3R8NDg1NjYxMDN8YXBwbGljYXRpb24vcGRmfGFEa3pMMmhrTlM4NU9EY3pNelE0TkRnek5EZzBOaTlTV0ROZlZYTmxjbDlOWVc1MVlXd3RSVzVuYkdsemFDNXdaR1l8NmI3ZDQ0NDY5Mjg0OTRmNDgxODZjZjEwN2YyN2M2ZTQ2MDRiYWMzMjdlZWU4ZjBkYzBjNDU0MGExNjNkYzdjOQ,https://api.mybihr.com/medias/RX3-User-Manual-French.pdf?context=bWFzdGVyfHJvb3R8MjYyNjQ2NTh8YXBwbGljYXRpb24vcGRmfGFEZ3pMMmhrTWk4NU9EY3pNelE0TkRjMk9UTXhNQzlTV0ROZlZYTmxjbDlOWVc1MVlXd3RSbkpsYm1Ob0xuQmtaZ3wyNDZhN2Q0ZGZjYzhhYTQyMmUxNjE5YTMzMzVlOGQ5YjVmNWUwYTE3MTU4YWMwMTFjYWJlZWIyOTE5ODI1YzI2,https://api.mybihr.com/medias/RX3-User-Manual-German.pdf?context=bWFzdGVyfHJvb3R8NDY3NDIzODB8YXBwbGljYXRpb24vcGRmfGFHRTFMMmhrT0M4NU9EY3pNelE0TkRrd01ETTRNaTlTV0ROZlZYTmxjbDlOWVc1MVlXd3RSMlZ5YldGdUxuQmtaZ3w3YzM0ODdlNDNiMzc4Y2ZmNTkzY2YxMDU1NGFkYWI3OWUzYTI3NDkzM2NjYjdkYmEwOTgwNjI2NTUyYTgwOTc5,https://api.mybihr.com/medias/RX3-User-Manual-Spanish.pdf?context=bWFzdGVyfHJvb3R8NDY3MDI1NTF8YXBwbGljYXRpb24vcGRmfGFHUTBMMmhrTVM4NU9EY3pNelE0TkRjd016YzNOQzlTV0ROZlZYTmxjbDlOWVc1MVlXd3RVM0JoYm1semFDNXdaR1l8YzEyZTZkNDlkYTA1ODg0ZmMwMDU3NjFkNmYzNTEyNDRiZThmNDRkYWY2ODBkZDViMTU5NWIzMTA1ZDZlMWJiMA,,,,,,Spain Warehouse (Parts)
1152556,,BA081100,KOSO,KOSO COUNTER RX4 MT-07,Marcador KOSO RX4 para Yamaha MT-07 (2021-) ®,675.18,558.00,362.70,4260303011196,2,9029203890,0,1,"<ul>
 <li>
  El Koso RX4, compatible con la Yamaha MT-07 (2021–)®, destaca por su diseño moderno, pantalla LCD personalizable en color y amplias funcionalidades.
 </li>
 <li>
  El dispositivo ofrece indicadores básicos como velocímetro, tacómetro, reloj, estado de la batería del teléfono móvil, conexión Bluetooth, medidor de combustible, indicador de marcha, cuentakilómetros parcial, consumo de combustible actual y promedio, voltímetro, tiempo de conducción y modo de manejo.
 </li>
 <li>
  Además, incorpora diversas luces de control y advertencia, incluyendo la lámpara ABS, lámpara de motor, lámpara de aceite del motor, señal QS de cambio rápido, señal TCS de control de tracción, lámpara de neutro, lámpara de advertencia de temperatura del refrigerante, luz de cambio del tacómetro, lámpara anti-robo IMMO, advertencia de combustible bajo, indicadores de luz alta e intermitentes.
 </li>
 <li>
  El RX4 es un dispositivo multifunción completamente funcional ""plug-and-play"" que garantiza una monitorización precisa y confiable de todos los datos relevantes del vehículo para la Yamaha MT-07®.
 </li>
 <li>
  marca registrada de Yamaha Corporation
 </li>
 <li>
  <strong>
   Velocímetro
  </strong>
 </li>
 <li>
  Rango: 0 ~ 360 km/h (0 ~ 225 MPH)
 </li>
 <li>
  Unidad: 1 km/h (MPH), conmutable
 </li>
 <li>
  <strong>
   Cuentakilómetros
  </strong>
 </li>
 <li>
  Rango: 0 ~ 999.999 km (millas), se reinicia a cero si se supera
 </li>
 <li>
  Unidad: 1 km (millas)
 </li>
 <li>
  <strong>
   Cuentakilómetros parcial 1, 2
  </strong>
 </li>
 <li>
  Rango: 0.0 hasta 9,999.9 km (millas), reiniciable manualmente
 </li>
 <li>
  Unidad: 0.1 km (millas)
 </li>
 <li>
  <strong>
   Consumo de combustible bajo
  </strong>
 </li>
 <li>
  Rango: 0 ~ 999 km (millas)
 </li>
 <li>
  Unidad: 1 km (millas)
 </li>
 <li>
  <strong>
   Mantenimiento de aceite del motor
  </strong>
 </li>
 <li>
  Rango de ajuste: 500 ~ 16,000 km (300 ~ 10,000 millas), reducción automática
 </li>
 <li>
  Unidad: 1 km (millas)
 </li>
 <li>
  Advertencia: La pantalla cambia a rojo a ≤ 0 km (millas).
 </li>
 <li>
  <strong>
   Mantenimiento del kilometraje 1, 2
  </strong>
 </li>
 <li>
  Rango de ajuste: 500 ~ 16,000 km (300 ~ 10,000 millas), reducción automática
 </li>
 <li>
  Unidad: 1 km (millas)
 </li>
 <li>
  Advertencia: La pantalla cambia a rojo a ≤ 0 km (millas).
 </li>
 <li>
  <strong>
   Registro de velocidad máxima
  </strong>
 </li>
 <li>
  Rango: 0 ~ 360 km/h (0 ~ 225 MPH)
 </li>
 <li>
  <strong>
   Indicador de marcha
  </strong>
 </li>
 <li>
  Área: –, N, 1 ~ 6
 </li>
 <li>
  <strong>
   Registro máx. de marcha
  </strong>
 </li>
 <li>
  Área: –, N, 1 ~ 6
 </li>
 <li>
  <strong>
   Tacómetro
  </strong>
 </li>
 <li>
  Rango: 0 ~ 12,000 rpm (MT-07)
 </li>
 <li>
  <strong>
   Aviso de luz de cambio
  </strong>
 </li>
 <li>
  Rango: 1,000 ~ 12,000 rpm
 </li>
 <li>
  Mostrar: Continuo, intermitente o aviso tipo BAR
 </li>
 <li>
  Incrementos de ajuste: 1,000 rpm (cuadrícula grande), 500 rpm (cuadrícula pequeña)
 </li>
 <li>
  <strong>
   Vel. máxima
  </strong>
 </li>
 <li>
  Rango: 0 ~ 12,000 rpm (MT-07)
 </li>
 <li>
  <strong>
   Temperatura del aire
  </strong>
 </li>
 <li>
  Rango de temperatura: -10 ~ 100 °C (14 ~ 212 °F)
 </li>
 <li>
  Unidad: 1 °C (°F)
 </li>
 <li>
  Advertencia: LO &lt; -10 °C, HI &gt; 100 °C, pantalla parpadea en rojo
 </li>
 <li>
  <strong>
   Temperatura del refrigerante
  </strong>
 </li>
 <li>
  Rango de temperatura: 0 ~ 250 °C (32 ~ 482 °F)
 </li>
 <li>
  Máx. registrado: 0 ~ 250 °C (32 ~ 482 °F)
 </li>
 <li>
  Advertencia: LO &lt; 39 °C (102 °F), HI &gt; 117 °C (234 °F), indicador parpadea en rojo
 </li>
 <li>
  Unidad: °C / °F conmutable
 </li>
 <li>
  <strong>
   Indicador de combustible
  </strong>
 </li>
 <li>
  Rango: 6 niveles (16.6% cada uno)
 </li>
 <li>
  Advertencia: en 1 barra o menos
 </li>
 <li>
  Rango: 0 ~ 360 km/h (0 ~ 225 MPH)
 </li>
 <li>
  Unidad: 1 km/h (MPH), conmutable
 </li>
 <li>
  Rango: 0 ~ 999.999 km (millas), se reinicia a cero si se supera
 </li>
 <li>
  Unidad: 1 km (millas)
 </li>
 <li>
  Rango: 0.0 hasta 9,999.9 km (millas), reiniciable manualmente
 </li>
 <li>
  Unidad: 0.1 km (millas)
 </li>
 <li>
  Rango: 0 ~ 999 km (millas)
 </li>
 <li>
  Unidad: 1 km (millas)
 </li>
 <li>
  Rango de ajuste: 500 ~ 16,000 km (300 ~ 10,000 millas), reducción automática
 </li>
 <li>
  Unidad: 1 km (millas)
 </li>
 <li>
  Advertencia: La pantalla cambia a rojo a ≤ 0 km (millas).
 </li>
 <li>
  Rango de ajuste: 500 ~ 16,000 km (300 ~ 10,000 millas), reducción automática
 </li>
 <li>
  Unidad: 1 km (millas)
 </li>
 <li>
  Advertencia: La pantalla cambia a rojo a ≤ 0 km (millas).
 </li>
 <li>
  Rango: 0 ~ 360 km/h (0 ~ 225 MPH)
 </li>
 <li>
  Área: –, N, 1 ~ 6
 </li>
 <li>
  Área: –, N, 1 ~ 6
 </li>
 <li>
  Rango: 0 ~ 12,000 rpm (MT-07)
 </li>
 <li>
  Rango: 1,000 ~ 12,000 rpm
 </li>
 <li>
  Mostrar: Continuo, intermitente o aviso tipo BAR
 </li>
 <li>
  Incrementos de ajuste: 1,000 rpm (cuadrícula grande), 500 rpm (cuadrícula pequeña)
 </li>
 <li>
  Rango: 0 ~ 12,000 rpm (MT-07)
 </li>
 <li>
  Rango de temperatura: -10 ~ 100 °C (14 ~ 212 °F)
 </li>
 <li>
  Unidad: 1 °C (°F)
 </li>
 <li>
  Advertencia: LO &lt; -10 °C, HI &gt; 100 °C, pantalla parpadea en rojo
 </li>
 <li>
  Rango de temperatura: 0 ~ 250 °C (32 ~ 482 °F)
 </li>
 <li>
  Máx. registrado: 0 ~ 250 °C (32 ~ 482 °F)
 </li>
 <li>
  Advertencia: LO &lt; 39 °C (102 °F), HI &gt; 117 °C (234 °F), indicador parpadea en rojo
 </li>
 <li>
  Unidad: °C / °F conmutable
 </li>
 <li>
  Rango: 6 niveles (16.6% cada uno)
 </li>
 <li>
  Advertencia: en 1 barra o menos
 </li>
</ul>","
 
  El Koso RX4, compatible con la Yamaha MT-07 (2021–)®, destaca por su diseño moderno, pantalla LCD personalizable en color y amplias funcionalidades.
 
 
  El dispositivo ofrece indicadores básicos como velocímetro, tacómetro, reloj, estado de la batería del teléfono móvil, conexión Bluetooth, medidor de combustible, indicador de marcha, cuentakilómetros parcial, consumo de combustible actual y promedio, voltímetro, tiempo de conducción y modo de manejo.
 
 
  Además, incorpora diversas luces de control y advertencia, incluyendo la lámpara ABS, lámpara de motor, lámpara de aceite del motor, señal QS de cambio rápido, señal TCS de control de tracción, lámpara de neutro, lámpara de advertencia de temperatura del refrigerante, luz de cambio del tacómetro, lámpara anti-robo IMMO, advertencia de combustible bajo, indicadores de luz alta e intermitentes.
 
 
  El RX4 es un dispositivo multifunción completamente funcional ""plug-and-play"" que garantiza una monitorización precisa y confiable de todos los datos relevantes del vehículo para la Yamaha MT-07®.
 
 
  marca registrada de Yamaha Corporation
 
 
  
   Velocímetro
  
 
 
  Rango: 0 ~ 360 km/h (0 ~ 225 MPH)
 
 
  Unidad: 1 km/h (MPH), conmutable
 
 
  
   Cuentakilómetros
  
 
 
  Rango: 0 ~ 999.999 km (millas), se reinicia a cero si se supera
 
 
  Unidad: 1 km (millas)
 
 
  
   Cuentakilómetros parcial 1, 2
  
 
 
  Rango: 0.0 hasta 9,999.9 km (millas), reiniciable manualmente
 
 
  Unidad: 0.1 km (millas)
 
 
  
   Consumo de combustible bajo
  
 
 
  Rango: 0 ~ 999 km (millas)
 
 
  Unidad: 1 km (millas)
 
 
  
   Mantenimiento de aceite del motor
  
 
 
  Rango de ajuste: 500 ~ 16,000 km (300 ~ 10,000 millas), reducción automática
 
 
  Unidad: 1 km (millas)
 
 
  Advertencia: La pantalla cambia a rojo a ≤ 0 km (millas).
 
 
  
   Mantenimiento del kilometraje 1, 2
  
 
 
  Rango de ajuste: 500 ~ 16,000 km (300 ~ 10,000 millas), reducción automática
 
 
  Unidad: 1 km (millas)
 
 
  Advertencia: La pantalla cambia a rojo a ≤ 0 km (millas).
 
 
  
   Registro de velocidad máxima
  
 
 
  Rango: 0 ~ 360 km/h (0 ~ 225 MPH)
 
 
  
   Indicador de marcha
  
 
 
  Área: –, N, 1 ~ 6
 
 
  
   Registro máx. de marcha
  
 
 
  Área: –, N, 1 ~ 6
 
 
  
   Tacómetro
  
 
 
  Rango: 0 ~ 12,000 rpm (MT-07)
 
 
  
   Aviso de luz de cambio
  
 
 
  Rango: 1,000 ~ 12,000 rpm
 
 
  Mostrar: Continuo, intermitente o aviso tipo BAR
 
 
  Incrementos de ajuste: 1,000 rpm (cuadrícula grande), 500 rpm (cuadrícula pequeña)
 
 
  
   Vel. máxima
  
 
 
  Rango: 0 ~ 12,000 rpm (MT-07)
 
 
  
   Temperatura del aire
  
 
 
  Rango de temperatura: -10 ~ 100 °C (14 ~ 212 °F)
 
 
  Unidad: 1 °C (°F)
 
 
  Advertencia: LO < -10 °C, HI > 100 °C, pantalla parpadea en rojo
 
 
  
   Temperatura del refrigerante
  
 
 
  Rango de temperatura: 0 ~ 250 °C (32 ~ 482 °F)
 
 
  Máx. registrado: 0 ~ 250 °C (32 ~ 482 °F)
 
 
  Advertencia: LO < 39 °C (102 °F), HI > 117 °C (234 °F), indicador parpadea en rojo
 
 
  Unidad: °C / °F conmutable
 
 
  
   Indicador de combustible
  
 
 
  Rango: 6 niveles (16.6% cada uno)
 
 
  Advertencia: en 1 barra o menos
 
 
  Rango: 0 ~ 360 km/h (0 ~ 225 MPH)
 
 
  Unidad: 1 km/h (MPH), conmutable
 
 
  Rango: 0 ~ 999.999 km (millas), se reinicia a cero si se supera
 
 
  Unidad: 1 km (millas)
 
 
  Rango: 0.0 hasta 9,999.9 km (millas), reiniciable manualmente
 
 
  Unidad: 0.1 km (millas)
 
 
  Rango: 0 ~ 999 km (millas)
 
 
  Unidad: 1 km (millas)
 
 
  Rango de ajuste: 500 ~ 16,000 km (300 ~ 10,000 millas), reducción automática
 
 
  Unidad: 1 km (millas)
 
 
  Advertencia: La pantalla cambia a rojo a ≤ 0 km (millas).
 
 
  Rango de ajuste: 500 ~ 16,000 km (300 ~ 10,000 millas), reducción automática
 
 
  Unidad: 1 km (millas)
 
 
  Advertencia: La pantalla cambia a rojo a ≤ 0 km (millas).
 
 
  Rango: 0 ~ 360 km/h (0 ~ 225 MPH)
 
 
  Área: –, N, 1 ~ 6
 
 
  Área: –, N, 1 ~ 6
 
 
  Rango: 0 ~ 12,000 rpm (MT-07)
 
 
  Rango: 1,000 ~ 12,000 rpm
 
 
  Mostrar: Continuo, intermitente o aviso tipo BAR
 
 
  Incrementos de ajuste: 1,000 rpm (cuadrícula grande), 500 rpm (cuadrícula pequeña)
 
 
  Rango: 0 ~ 12,000 rpm (MT-07)
 
 
  Rango de temperatura: -10 ~ 100 °C (14 ~ 212 °F)
 
 
  Unidad: 1 °C (°F)
 
 
  Advertencia: LO < -10 °C, HI > 100 °C, pantalla parpadea en rojo
 
 
  Rango de temperatura: 0 ~ 250 °C (32 ~ 482 °F)
 
 
  Máx. registrado: 0 ~ 250 °C (32 ~ 482 °F)
 
 
  Advertencia: LO < 39 °C (102 °F), HI > 117 °C (234 °F), indicador parpadea en rojo
 
 
  Unidad: °C / °F conmutable
 
 
  Rango: 6 niveles (16.6% cada uno)
 
 
  Advertencia: en 1 barra o menos
 
",VEHICLE PARTS & ACCESSORIES,ACCESSORIES,ACC. ELECTRONIC,,,3078,634,208,137,108,,,Negro,,,,,,,,,,,,,,12V,https://api.mybihr.com/medias/800Wx800H-1152556-2.jpeg?context=bWFzdGVyfHJvb3R8NTc4MDl8aW1hZ2UvanBlZ3xhREkxTDJnek5DODVPRGN6TWprMU5ESTFOVE01TUM4NE1EQlhlRGd3TUVoZk1URTFNalUxTmkweUxtcHdaV2N8MjVmMmVlNDVlYzc3ZWNkNTRlZDMxMDIxYzMyMjM2MjQ3YzZhYmRjNGI2OTUyOWVlYzU3ZTUyYTRjNTRhNmE4ZA,https://api.mybihr.com/medias/800Wx800H-1152556-3.jpeg?context=bWFzdGVyfHJvb3R8ODc3MzV8aW1hZ2UvanBlZ3xhR0l5TDJnME1TODVPRGN6TWprMU5EWTBPRFl3Tmk4NE1EQlhlRGd3TUVoZk1URTFNalUxTmkwekxtcHdaV2N8OWU3NjQ2ZDJkMTQ4NjdmNmNhZmU4NTM5MTE2MGU2ZGU5YTZlMzdiNzg2OGE3MDQwODM5Nzk5MzZhNjk5ZTlkMA,https://api.mybihr.com/medias/800Wx800H-1152556-1.jpeg?context=bWFzdGVyfHJvb3R8NTU3NDB8aW1hZ2UvanBlZ3xhREV6TDJneU1TODVPRGN6TWprMU16ZzJNakUzTkM4NE1EQlhlRGd3TUVoZk1URTFNalUxTmkweExtcHdaV2N8NTIzNDgzMGNmMDE0ZjdiMWQxYzc3MTJmYjIzNTdkYmE1MGQwMzU4MmE3NGY2M2UxNDRhM2FmZTgyNDgxYjc2Mg,,,,,,https://static.bihr.pro/eBihr/Pictures/KOSO-pictures.zip,,,,,,,,,,,Spain Warehouse (Parts)
1152560,,BA077300,KOSO,KOSO DL-04 METER,Marcador multi-función KOSO DL-04,466.71,385.71,250.71,4260303015125,2,9029203890,0,1,"<p data-isautotranslation=""1""></p>Contenido:

Medidor KOSO DL-04 sin límites

Especificaciones (R = Rango / U = Unidad)

Velocímetro
- R: 0 ~ 225 MPH (0 ~ 360 km/h), conmutable
- U: 1 MPH o km/h

Cuentakilómetros
- R: 0 ~ 99,999 millas (km)
- U: 1 milla (km)

Cuentakilómetros parcial
- R: 0 ~ 9,999.9 millas (km)
- U: 0.1 millas (km)

Cuentakilómetros parcial O (Cambio de aceite)
- R: 0 ~ 9,999.9 millas (km)
- U: 0.1 millas (km)

Cuentakilómetros parcial A (Servicio)
- R: 0 ~ 9,999.9 millas (km)
- U: 0.1 millas (km)

Intervalo de cambio de aceite
- R: 300 ~ 10,000 millas (3,000 ~ 16,000 km)
- U: 100 millas (km)
- Reducción automática
- Advertencia: El texto se vuelve rojo a ≤ 0 millas (km)

Advertencia de alta velocidad
- R: 18 ~ 225 MPH (30 ~ 360 km/h)
- U: 1 MPH o km/h

Indicador de marcha
- R: N, 1 ~ 6

Tacómetro
- R: 0 ~ 10,000 RPM / 0 ~ 15,000 RPM

Luz de cambio
- R: 5,000 ~ 15,900 RPM
- U: 100 RPM

Temperatura
- R: 32 ~ 482 °F (0 ~ 250 °C)
- U: 1°C (1°F)

Advertencia de temperatura
- R: 140 ~ 482 °F (60 ~ 250 °C)
- U: 1°C (1°F)

Voltímetro
- R: 8.0 ~ 18.0 V

Advertencia de bajo voltaje
- R: 8.0 V ~ 12.5 V
- U: 0.1 V

Cuentahoras
- R: 0.0 ~ 9999.9 horas
- U: 0.1 horas (6 minutos)

Contador de horas 1 - 2
- R: 0.0 ~ 9999.9 horas
- U: 0.1 horas (6 minutos)

Indicador de bajo nivel de aceite A
- R: 0.0 ~ 9999.9 horas
- U: 0.1 horas (6 minutos)

Valores máximos registrados
- Velocidad: 0 ~ 360 km/h (0-225 MPH)
- RPM: 0 ~ 15,000 RPM
- Temperatura: 0 ~ 250 °C (32 ~ 482 °F)
- Voltaje: 8.0 ~ 18 V
- Marcha: N / 1 ~ 6

Reloj
- Formato: 12 H o 24 H

Brillo de la retroiluminación
- R: 1 ~ 5 (más oscuro a más brillante)

Voltaje
- CC 12V

Rango de temperatura
- -10 ~ +60 °C

Estándar
- JIS D 0203(S2)

Dimensiones
- Diámetro: 96 mm

Peso
- Aproximadamente 194.5 g

Luces de advertencia
- Intermitente (verde)
- Advertencia de motor (amarillo)
- Luz alta (azul)
- Neutro (verde)
- Advertencia (rojo)
- ABS (amarillo)
- Luz de cambio (rojo)

Contenidos:
- Medidor LCD – 1×
- Arnés de cableado principal – 1×
- Sensor de RPM activo – 1×
- Cable de RPM (Tipo A) – 1×
- Juego de cables de RPM (Tipo B) – 1×
- Cable de extensión – 1×
- Sensor de temperatura – 1×
- Interruptor externo (tipo de doble botón) – 1×
- Tira de goma – 1×
- Soporte de sensor de velocidad M8 / Tipo-S – 1×
- Soporte de sensor de velocidad M10 / Tipo-S – 1×
- Tornillo hexagonal M5 × 5L × P0.8 – 2×
- Llave hexagonal de 2.5 mm – 1×
- Llave hexagonal de 3 mm – 1×
- Soporte del medidor – 1×
- Tornillo M5 × 12L – 3×
- Arandela M5 – 3×
- Tornillo Allen M6 × 35L – 2×
- Tornillo Allen M8 × 30L – 2×
- Casquillo M6 – 2×
- Casquillo M8 – 2×","
Contenido:

Medidor KOSO DL-04 sin límites

Especificaciones (R = Rango / U = Unidad)

Velocímetro
- R: 0 ~ 225 MPH (0 ~ 360 km/h), conmutable
- U: 1 MPH o km/h

Cuentakilómetros
- R: 0 ~ 99,999 millas (km)
- U: 1 milla (km)

Cuentakilómetros parcial
- R: 0 ~ 9,999.9 millas (km)
- U: 0.1 millas (km)

Cuentakilómetros parcial O (Cambio de aceite)
- R: 0 ~ 9,999.9 millas (km)
- U: 0.1 millas (km)

Cuentakilómetros parcial A (Servicio)
- R: 0 ~ 9,999.9 millas (km)
- U: 0.1 millas (km)

Intervalo de cambio de aceite
- R: 300 ~ 10,000 millas (3,000 ~ 16,000 km)
- U: 100 millas (km)
- Reducción automática
- Advertencia: El texto se vuelve rojo a ≤ 0 millas (km)

Advertencia de alta velocidad
- R: 18 ~ 225 MPH (30 ~ 360 km/h)
- U: 1 MPH o km/h

Indicador de marcha
- R: N, 1 ~ 6

Tacómetro
- R: 0 ~ 10,000 RPM / 0 ~ 15,000 RPM

Luz de cambio
- R: 5,000 ~ 15,900 RPM
- U: 100 RPM

Temperatura
- R: 32 ~ 482 °F (0 ~ 250 °C)
- U: 1°C (1°F)

Advertencia de temperatura
- R: 140 ~ 482 °F (60 ~ 250 °C)
- U: 1°C (1°F)

Voltímetro
- R: 8.0 ~ 18.0 V

Advertencia de bajo voltaje
- R: 8.0 V ~ 12.5 V
- U: 0.1 V

Cuentahoras
- R: 0.0 ~ 9999.9 horas
- U: 0.1 horas (6 minutos)

Contador de horas 1 - 2
- R: 0.0 ~ 9999.9 horas
- U: 0.1 horas (6 minutos)

Indicador de bajo nivel de aceite A
- R: 0.0 ~ 9999.9 horas
- U: 0.1 horas (6 minutos)

Valores máximos registrados
- Velocidad: 0 ~ 360 km/h (0-225 MPH)
- RPM: 0 ~ 15,000 RPM
- Temperatura: 0 ~ 250 °C (32 ~ 482 °F)
- Voltaje: 8.0 ~ 18 V
- Marcha: N / 1 ~ 6

Reloj
- Formato: 12 H o 24 H

Brillo de la retroiluminación
- R: 1 ~ 5 (más oscuro a más brillante)

Voltaje
- CC 12V

Rango de temperatura
- -10 ~ +60 °C

Estándar
- JIS D 0203(S2)

Dimensiones
- Diámetro: 96 mm

Peso
- Aproximadamente 194.5 g

Luces de advertencia
- Intermitente (verde)
- Advertencia de motor (amarillo)
- Luz alta (azul)
- Neutro (verde)
- Advertencia (rojo)
- ABS (amarillo)
- Luz de cambio (rojo)

Contenidos:
- Medidor LCD – 1×
- Arnés de cableado principal – 1×
- Sensor de RPM activo – 1×
- Cable de RPM (Tipo A) – 1×
- Juego de cables de RPM (Tipo B) – 1×
- Cable de extensión – 1×
- Sensor de temperatura – 1×
- Interruptor externo (tipo de doble botón) – 1×
- Tira de goma – 1×
- Soporte de sensor de velocidad M8 / Tipo-S – 1×
- Soporte de sensor de velocidad M10 / Tipo-S – 1×
- Tornillo hexagonal M5 × 5L × P0.8 – 2×
- Llave hexagonal de 2.5 mm – 1×
- Llave hexagonal de 3 mm – 1×
- Soporte del medidor – 1×
- Tornillo M5 × 12L – 3×
- Arandela M5 – 3×
- Tornillo Allen M6 × 35L – 2×
- Tornillo Allen M8 × 30L – 2×
- Casquillo M6 – 2×
- Casquillo M8 – 2×",VEHICLE PARTS & ACCESSORIES,ACCESSORIES,ACC. ELECTRONIC,,,2613,966,150,133,131,,,Negro,,,,,,,,,,,,,,12V,https://api.mybihr.com/medias/800Wx800H-1152560-1.jpeg?context=bWFzdGVyfHJvb3R8NjMwNTV8aW1hZ2UvanBlZ3xhRGM1TDJobU15ODVPRGM1TkRreU5UQXpNVFExTkM4NE1EQlhlRGd3TUVoZk1URTFNalUyTUMweExtcHdaV2N8MWQwYTExZjU5ZTMwYmJlZWRjZTI1YmM0N2VlZGNlODAwYTk5MjI4OTI4ZjdjY2QxOGFiZTU5NzYxMDI4ZDk5NA,https://api.mybihr.com/medias/800Wx800H-1152560-5.jpeg?context=bWFzdGVyfHJvb3R8NDI3OTN8aW1hZ2UvanBlZ3xhRGt4TDJnNFpTODVPRGM1TkRreU5qWXdORE14T0M4NE1EQlhlRGd3TUVoZk1URTFNalUyTUMwMUxtcHdaV2N8NDQzODBmMGI4MWMzZTA4ZmNjY2QyZGNkNmYxNWFkOWNjYzg5ZTc4YzBmNzM5OTkyYTY1MDhlMzQ3NjdmMWE2Yg,https://api.mybihr.com/medias/800Wx800H-1152560-2.jpeg?context=bWFzdGVyfHJvb3R8MTE2MTM0fGltYWdlL2pwZWd8YUdZNUwyaG1aUzg1T0RjNU5Ea3lOVFF5TkRZM01DODRNREJYZURnd01FaGZNVEUxTWpVMk1DMHlMbXB3WldjfGZiZmY2MjJlYzJmZGU2MDgwZDE4YTJiMGY1OTcxY2IyMDQ1ZDVhYjg1ZWY0NWYxM2JiNTJhYTVmMzE2N2EyODY,https://api.mybihr.com/medias/800Wx800H-1152560-6.jpeg?context=bWFzdGVyfHJvb3R8NjQ2NDR8aW1hZ2UvanBlZ3xhRFUwTDJnNE15ODVPRGM1TkRreU5qazVOelV6TkM4NE1EQlhlRGd3TUVoZk1URTFNalUyTUMwMkxtcHdaV2N8MDJjM2E3ZTBiMjRkMGQ2OTI1NTZjZTQzYjBhYWY5OWUzMmVhMjZjYTg1NDY3ODY4MDMwMGUzM2JiYjgwZjY4MA,https://api.mybihr.com/medias/800Wx800H-1152560-3.jpeg?context=bWFzdGVyfHJvb3R8NjU4NTZ8aW1hZ2UvanBlZ3xhRFppTDJobU1TODVPRGM1TkRreU5UZ3hOemc0Tmk4NE1EQlhlRGd3TUVoZk1URTFNalUyTUMwekxtcHdaV2N8Mzc2Yzc3YzQyMWNlYzFiNGFkN2IxNjBjMDQ3ZWRkY2E2MGY2ODg0OTA0MTlhYmYyYjVmZDczMDEwZWNlODJjNA,https://api.mybihr.com/medias/800Wx800H-1152560-4.jpeg?context=bWFzdGVyfHJvb3R8MjE2MDN8aW1hZ2UvanBlZ3xhREZtTDJnNVl5ODVPRGM1TkRreU5qSXhNVEV3TWk4NE1EQlhlRGd3TUVoZk1URTFNalUyTUMwMExtcHdaV2N8YWQwNmFkY2I4N2IzNDg0NmI5YjM1OTcyMGUzOGE4Nzk4MjVmNzgxZjYxMGNiZjVkNDVkNzUzM2FlNmFhM2EwYw,https://api.mybihr.com/medias/800Wx800H-1152560-7.jpeg?context=bWFzdGVyfHJvb3R8NDE0NzV8aW1hZ2UvanBlZ3xhREE0TDJneVpTODVPRGM1TkRreU56TTVNRGMxTUM4NE1EQlhlRGd3TUVoZk1URTFNalUyTUMwM0xtcHdaV2N8ZTI5MTFlZTZlMjgwNDY2ZWVjMWQ1OWI4YjU2YWY2MmYwYzI1NjE4MjJiMjRlNjQ3Y2Y5MTQzZWY1ZmVlYjMxMA,,https://static.bihr.pro/eBihr/Pictures/KOSO-pictures.zip,https://api.mybihr.com/medias/DL-04-User-Manual-English.pdf?context=bWFzdGVyfHJvb3R8MTE0MjA1NTB8YXBwbGljYXRpb24vcGRmfGFERTBMMmd4WVM4NU9EYzVORGt5TnprME56Z3dOaTlFVEMwd05GOVZjMlZ5WDAxaGJuVmhiQzFGYm1kc2FYTm9MbkJrWmd8YWYzMTRjODNmZGQ2MzdhMDE3OTNiZDUxOWNkYzExYWM0MGI1MWIzNzJlZTcxN2U5N2JiZGIxZjBjOTIwMDMwZA,https://api.mybihr.com/medias/DL-04-User-Manual-French.pdf?context=bWFzdGVyfHJvb3R8Mzc3NTcxMHxhcHBsaWNhdGlvbi9wZGZ8YURFeUwyZ3haQzg1T0RjNU5Ea3lOemc0TWpJM01DOUVUQzB3TkY5VmMyVnlYMDFoYm5WaGJDMUdjbVZ1WTJndWNHUm18NjRmMTFkMzk1MjUxOGI4NjQ5ODBjZWUyNzRmMmM4ZWQ2OWYwZDVmM2M0M2JjMmEzY2ViZTY4ZDVlZWQ1YzAyNA,https://api.mybihr.com/medias/DL-04-User-Manual-German.pdf?context=bWFzdGVyfHJvb3R8Mjg0MTI5OTJ8YXBwbGljYXRpb24vcGRmfGFHRTRMMmd6TUM4NU9EYzVORGt5T0RBeE16TTBNaTlFVEMwd05GOVZjMlZ5WDAxaGJuVmhiQzFIWlhKdFlXNHVjR1JtfGQyNWIyMGYxNDQ5MDFjNTdjMWQ4ZWRhMjNiNWMzN2E5YmM0ZDJmOGE5MGZkM2MxNzljNDEzOWEwMWM0NWM3NGE,https://api.mybihr.com/medias/DL-04-User-Manual-Spanish.pdf?context=bWFzdGVyfHJvb3R8MjA3MTAxNTF8YXBwbGljYXRpb24vcGRmfGFHUXpMMmd4WkM4NU9EYzVORGt5TnpneE5qY3pOQzlFVEMwd05GOVZjMlZ5WDAxaGJuVmhiQzFUY0dGdWFYTm9MbkJrWmd8MjhhYmQ5NGVhZTAyOTVhZjM5OGNiM2EyODQ2MzA0MDdjNDA4YWFlMmUyZjcwNGIxMWVhZmRkZWVlOTIyYzJmNw,,,,,,,Spain Warehouse (Parts)
1152564,,BA087000,KOSO,KOSO D80 TNT-05,Velocímetro/tacómetro KOSO D80 TNT-05 anillo negro,262.57,217.00,141.05,4260303015293,4,9029203890,0,1,"<ul>
 <li>
  El velocímetro/cuentarrevoluciones Koso D80 TNT-05 combina tecnología moderna con una amplia gama de funciones para el monitoreo preciso del rendimiento del vehículo. Equipado con la aprobación de tipo (ABE), este instrumento es versátil y ofrece pantallas claras para la velocidad, RPM, temperatura, voltaje y otros parámetros importantes.
 </li>
 <li>
  <strong>
   Velocímetro
  </strong>
  : 0 ~ 360 km/h (0 ~ 225 MPH), intercambiable, unidad 1 km/h (MPH)
 </li>
 <li>
  <strong>
   Advertencia de velocidad
  </strong>
  : Ajustable de 30 ~ 360 km/h (19 ~ 225 MPH), la luz de advertencia se ilumina cuando se excede la velocidad.
 </li>
 <li>
  <strong>
   Velocidad máxima
  </strong>
  : 0 ~ 360 km/h (MPH)
 </li>
 <li>
  <strong>
   Odómetro
  </strong>
  : 0 ~ 999,999 km (millas), unidad 1 km (milla)
 </li>
 <li>
  <strong>
   Odómetro parcial A/B
  </strong>
  : 0 ~ 9,999.9 km (millas), unidad 0.1 km (millas)
 </li>
 <li>
  <strong>
   Intervalo de cambio de aceite
  </strong>
  : Apagado / 500 ~ 16,000 km (300 ~ 10,000 millas), unidad 100 km (millas)
 </li>
 <li>
  <strong>
   Indicador de combustible
  </strong>
  : Resistencia 100, 250, 270, 510, 1200, SW, Usuario; visualización de 6 barras
 </li>
 <li>
  <strong>
   Indicador de marcha
  </strong>
  : –, N, 1–6
 </li>
 <li>
  <strong>
   Recomendación de cambio
  </strong>
  : Visualización N, 1–6, cuando se excede el rango de velocidad
 </li>
 <li>
  <strong>
   Luz de cambio
  </strong>
  : Ajustable de 1,000 ~ 10,000 RPM
 </li>
 <li>
  <strong>
   Cuentarrevoluciones
  </strong>
  : 0 ~ 8,000 RPM, unidad 100 RPM
 </li>
 <li>
  <strong>
   Termómetro
  </strong>
  : °C o °F (intercambiable)
 </li>
 <li>
  <strong>
   Termómetro de agua
  </strong>
  : -30 ~ 225 °C (-22 ~ 437 °F), unidad 1 °C (°F)
 </li>
 <li>
  <strong>
   Voltímetro
  </strong>
  : 8.0 ~ 18.0 V
 </li>
 <li>
  <strong>
   Reloj
  </strong>
  : Formato de 12- / 24-horas
 </li>
 <li>
  <strong>
   Advertencias
  </strong>
  : Ajustable para encendido continuo (L), parpadeo lento (S), parpadeo rápido (F)
 </li>
 <li>
  <strong>
   Indicador de voltaje bajo
  </strong>
  : Rango de ajuste 8.0 ~ 18.0 V, unidad 0.1 V
 </li>
 <li>
  <strong>
   Brillo de fondo
  </strong>
  : de 1/5 (oscuro) a 5/5 (brillante), en incrementos del 20%
 </li>
 <li>
  <strong>
   Colores de fondo
  </strong>
  : Morado, Rojo, Amarillo, Verde, Azul, Celeste, Blanco
 </li>
 <li>
  <strong>
   Luces de advertencia
  </strong>
  : Luz de advertencia de RPM, luz de advertencia 1, luz de advertencia 2, luz de punto muerto, intermitentes, luz larga, luz de control del motor
 </li>
 <li>
  Voltaje de operación: DC 12V
 </li>
 <li>
  Normativa: JIS D 0203
 </li>
 <li>
  Dimensiones: 94.7 × 94.7 × 69.2 mm
 </li>
 <li>
  Peso: ±165 g
 </li>
 <li>
  Diámetro de la carcasa trasera: aproximadamente 80 mm
 </li>
 <li>
  Diámetro del anillo: aproximadamente 90 mm
 </li>
 <li>
  ABE/KBA: 91397
 </li>
 <li>
  Dispositivo medidor LCD – 1×
 </li>
 <li>
  Arnes de cableado principal – 1×
 </li>
 <li>
  Sensor de velocidad activo – 1×
 </li>
 <li>
  Cable de velocidad tipo A – 1×
 </li>
 <li>
  Cable de velocidad tipo B – 1×
 </li>
 <li>
  Juego de cables del sensor – 1×
 </li>
 <li>
  Sensor de temperatura – 1×
 </li>
 <li>
  Soporte de montaje para sensor de velocidad M8 / tipo S – 1×
 </li>
 <li>
  Soporte de montaje para sensor de velocidad M10 / tipo S – 1×
 </li>
 <li>
  Perno hexagonal M5 x 5 P0.8 – 2×
 </li>
 <li>
  Llave hexagonal de 2.5 mm – 1×
 </li>
 <li>
  Soporte del dispositivo medidor – 1×
 </li>
 <li>
  Arandela M5 – 2×
 </li>
 <li>
  Tornillo Allen M5 x 16L – 1×
 </li>
 <li>
  Banda de goma – 1×
 </li>
 <li>
  Abrazadera de manillar – 1×
 </li>
 <li>
  Tornillo Allen M8 x 20L – 1×
 </li>
 <li>
  Arandela M8 – 1×
 </li>
 <li>
  Tuerca M8 x P1.25 – 1×
 </li>
 <li>
  Cubierta de goma – 2×
 </li>
 <li>
  <strong>
   Velocímetro
  </strong>
  : 0 ~ 360 km/h (0 ~ 225 MPH), intercambiable, unidad 1 km/h (MPH)
 </li>
 <li>
  <strong>
   Advertencia de velocidad
  </strong>
  : Ajustable de 30 ~ 360 km/h (19 ~ 225 MPH), la luz de advertencia se ilumina cuando se excede la velocidad.
 </li>
 <li>
  <strong>
   Velocidad máxima
  </strong>
  : 0 ~ 360 km/h (MPH)
 </li>
 <li>
  <strong>
   Odómetro
  </strong>
  : 0 ~ 999,999 km (millas), unidad 1 km (milla)
 </li>
 <li>
  <strong>
   Odómetro parcial A/B
  </strong>
  : 0 ~ 9,999.9 km (millas), unidad 0.1 km (millas)
 </li>
 <li>
  <strong>
   Intervalo de cambio de aceite
  </strong>
  : Apagado / 500 ~ 16,000 km (300 ~ 10,000 millas), unidad 100 km (millas)
 </li>
 <li>
  <strong>
   Indicador de combustible
  </strong>
  : Resistencia 100, 250, 270, 510, 1200, SW, Usuario; visualización de 6 barras
 </li>
 <li>
  <strong>
   Indicador de marcha
  </strong>
  : –, N, 1–6
 </li>
 <li>
  <strong>
   Recomendación de cambio
  </strong>
  : Visualización N, 1–6, cuando se excede el rango de velocidad
 </li>
 <li>
  <strong>
   Luz de cambio
  </strong>
  : Ajustable de 1,000 ~ 10,000 RPM
 </li>
 <li>
  <strong>
   Cuentarrevoluciones
  </strong>
  : 0 ~ 8,000 RPM, unidad 100 RPM
 </li>
 <li>
  <strong>
   Termómetro
  </strong>
  : °C o °F (intercambiable)
 </li>
 <li>
  <strong>
   Termómetro de agua
  </strong>
  : -30 ~ 225 °C (-22 ~ 437 °F), unidad 1 °C (°F)
 </li>
 <li>
  <strong>
   Voltímetro
  </strong>
  : 8.0 ~ 18.0 V
 </li>
 <li>
  <strong>
   Reloj
  </strong>
  : Formato de 12- / 24-horas
 </li>
 <li>
  <strong>
   Advertencias
  </strong>
  : Ajustable para encendido continuo (L), parpadeo lento (S), parpadeo rápido (F)
 </li>
 <li>
  <strong>
   Indicador de voltaje bajo
  </strong>
  : Rango de ajuste 8.0 ~ 18.0 V, unidad 0.1 V
 </li>
 <li>
  <strong>
   Brillo de fondo
  </strong>
  : de 1/5 (oscuro) a 5/5 (brillante), en incrementos del 20%
 </li>
 <li>
  <strong>
   Colores de fondo
  </strong>
  : Morado, Rojo, Amarillo, Verde, Azul, Celeste, Blanco
 </li>
 <li>
  <strong>
   Luces de advertencia
  </strong>
  : Luz de advertencia de RPM, luz de advertencia 1, luz de advertencia 2, luz de punto muerto, intermitentes, luz larga, luz de control del motor
 </li>
 <li>
  Voltaje de operación: DC 12V
 </li>
 <li>
  Normativa: JIS D 0203
 </li>
 <li>
  Dimensiones: 94.7 × 94.7 × 69.2 mm
 </li>
 <li>
  Peso: ±165 g
 </li>
 <li>
  Diámetro de la carcasa trasera: aproximadamente 80 mm
 </li>
 <li>
  Diámetro del anillo: aproximadamente 90 mm
 </li>
 <li>
  ABE/KBA: 91397
 </li>
 <li>
  Dispositivo medidor LCD – 1×
 </li>
 <li>
  Arnes de cableado principal – 1×
 </li>
 <li>
  Sensor de velocidad activo – 1×
 </li>
 <li>
  Cable de velocidad tipo A – 1×
 </li>
 <li>
  Cable de velocidad tipo B – 1×
 </li>
 <li>
  Juego de cables del sensor – 1×
 </li>
 <li>
  Sensor de temperatura – 1×
 </li>
 <li>
  Soporte de montaje para sensor de velocidad M8 / tipo S – 1×
 </li>
 <li>
  Soporte de montaje para sensor de velocidad M10 / tipo S – 1×
 </li>
 <li>
  Perno hexagonal M5 x 5 P0.8 – 2×
 </li>
 <li>
  Llave hexagonal de 2.5 mm – 1×
 </li>
 <li>
  Soporte del dispositivo medidor – 1×
 </li>
 <li>
  Arandela M5 – 2×
 </li>
 <li>
  Tornillo Allen M5 x 16L – 1×
 </li>
 <li>
  Banda de goma – 1×
 </li>
 <li>
  Abrazadera de manillar – 1×
 </li>
 <li>
  Tornillo Allen M8 x 20L – 1×
 </li>
 <li>
  Arandela M8 – 1×
 </li>
 <li>
  Tuerca M8 x P1.25 – 1×
 </li>
 <li>
  Cubierta de goma – 2×
 </li>
</ul>","
 
  El velocímetro/cuentarrevoluciones Koso D80 TNT-05 combina tecnología moderna con una amplia gama de funciones para el monitoreo preciso del rendimiento del vehículo. Equipado con la aprobación de tipo (ABE), este instrumento es versátil y ofrece pantallas claras para la velocidad, RPM, temperatura, voltaje y otros parámetros importantes.
 
 
  
   Velocímetro
  
  : 0 ~ 360 km/h (0 ~ 225 MPH), intercambiable, unidad 1 km/h (MPH)
 
 
  
   Advertencia de velocidad
  
  : Ajustable de 30 ~ 360 km/h (19 ~ 225 MPH), la luz de advertencia se ilumina cuando se excede la velocidad.
 
 
  
   Velocidad máxima
  
  : 0 ~ 360 km/h (MPH)
 
 
  
   Odómetro
  
  : 0 ~ 999,999 km (millas), unidad 1 km (milla)
 
 
  
   Odómetro parcial A/B
  
  : 0 ~ 9,999.9 km (millas), unidad 0.1 km (millas)
 
 
  
   Intervalo de cambio de aceite
  
  : Apagado / 500 ~ 16,000 km (300 ~ 10,000 millas), unidad 100 km (millas)
 
 
  
   Indicador de combustible
  
  : Resistencia 100, 250, 270, 510, 1200, SW, Usuario; visualización de 6 barras
 
 
  
   Indicador de marcha
  
  : –, N, 1–6
 
 
  
   Recomendación de cambio
  
  : Visualización N, 1–6, cuando se excede el rango de velocidad
 
 
  
   Luz de cambio
  
  : Ajustable de 1,000 ~ 10,000 RPM
 
 
  
   Cuentarrevoluciones
  
  : 0 ~ 8,000 RPM, unidad 100 RPM
 
 
  
   Termómetro
  
  : °C o °F (intercambiable)
 
 
  
   Termómetro de agua
  
  : -30 ~ 225 °C (-22 ~ 437 °F), unidad 1 °C (°F)
 
 
  
   Voltímetro
  
  : 8.0 ~ 18.0 V
 
 
  
   Reloj
  
  : Formato de 12- / 24-horas
 
 
  
   Advertencias
  
  : Ajustable para encendido continuo (L), parpadeo lento (S), parpadeo rápido (F)
 
 
  
   Indicador de voltaje bajo
  
  : Rango de ajuste 8.0 ~ 18.0 V, unidad 0.1 V
 
 
  
   Brillo de fondo
  
  : de 1/5 (oscuro) a 5/5 (brillante), en incrementos del 20%
 
 
  
   Colores de fondo
  
  : Morado, Rojo, Amarillo, Verde, Azul, Celeste, Blanco
 
 
  
   Luces de advertencia
  
  : Luz de advertencia de RPM, luz de advertencia 1, luz de advertencia 2, luz de punto muerto, intermitentes, luz larga, luz de control del motor
 
 
  Voltaje de operación: DC 12V
 
 
  Normativa: JIS D 0203
 
 
  Dimensiones: 94.7 × 94.7 × 69.2 mm
 
 
  Peso: ±165 g
 
 
  Diámetro de la carcasa trasera: aproximadamente 80 mm
 
 
  Diámetro del anillo: aproximadamente 90 mm
 
 
  ABE/KBA: 91397
 
 
  Dispositivo medidor LCD – 1×
 
 
  Arnes de cableado principal – 1×
 
 
  Sensor de velocidad activo – 1×
 
 
  Cable de velocidad tipo A – 1×
 
 
  Cable de velocidad tipo B – 1×
 
 
  Juego de cables del sensor – 1×
 
 
  Sensor de temperatura – 1×
 
 
  Soporte de montaje para sensor de velocidad M8 / tipo S – 1×
 
 
  Soporte de montaje para sensor de velocidad M10 / tipo S – 1×
 
 
  Perno hexagonal M5 x 5 P0.8 – 2×
 
 
  Llave hexagonal de 2.5 mm – 1×
 
 
  Soporte del dispositivo medidor – 1×
 
 
  Arandela M5 – 2×
 
 
  Tornillo Allen M5 x 16L – 1×
 
 
  Banda de goma – 1×
 
 
  Abrazadera de manillar – 1×
 
 
  Tornillo Allen M8 x 20L – 1×
 
 
  Arandela M8 – 1×
 
 
  Tuerca M8 x P1.25 – 1×
 
 
  Cubierta de goma – 2×
 
 
  
   Velocímetro
  
  : 0 ~ 360 km/h (0 ~ 225 MPH), intercambiable, unidad 1 km/h (MPH)
 
 
  
   Advertencia de velocidad
  
  : Ajustable de 30 ~ 360 km/h (19 ~ 225 MPH), la luz de advertencia se ilumina cuando se excede la velocidad.
 
 
  
   Velocidad máxima
  
  : 0 ~ 360 km/h (MPH)
 
 
  
   Odómetro
  
  : 0 ~ 999,999 km (millas), unidad 1 km (milla)
 
 
  
   Odómetro parcial A/B
  
  : 0 ~ 9,999.9 km (millas), unidad 0.1 km (millas)
 
 
  
   Intervalo de cambio de aceite
  
  : Apagado / 500 ~ 16,000 km (300 ~ 10,000 millas), unidad 100 km (millas)
 
 
  
   Indicador de combustible
  
  : Resistencia 100, 250, 270, 510, 1200, SW, Usuario; visualización de 6 barras
 
 
  
   Indicador de marcha
  
  : –, N, 1–6
 
 
  
   Recomendación de cambio
  
  : Visualización N, 1–6, cuando se excede el rango de velocidad
 
 
  
   Luz de cambio
  
  : Ajustable de 1,000 ~ 10,000 RPM
 
 
  
   Cuentarrevoluciones
  
  : 0 ~ 8,000 RPM, unidad 100 RPM
 
 
  
   Termómetro
  
  : °C o °F (intercambiable)
 
 
  
   Termómetro de agua
  
  : -30 ~ 225 °C (-22 ~ 437 °F), unidad 1 °C (°F)
 
 
  
   Voltímetro
  
  : 8.0 ~ 18.0 V
 
 
  
   Reloj
  
  : Formato de 12- / 24-horas
 
 
  
   Advertencias
  
  : Ajustable para encendido continuo (L), parpadeo lento (S), parpadeo rápido (F)
 
 
  
   Indicador de voltaje bajo
  
  : Rango de ajuste 8.0 ~ 18.0 V, unidad 0.1 V
 
 
  
   Brillo de fondo
  
  : de 1/5 (oscuro) a 5/5 (brillante), en incrementos del 20%
 
 
  
   Colores de fondo
  
  : Morado, Rojo, Amarillo, Verde, Azul, Celeste, Blanco
 
 
  
   Luces de advertencia
  
  : Luz de advertencia de RPM, luz de advertencia 1, luz de advertencia 2, luz de punto muerto, intermitentes, luz larga, luz de control del motor
 
 
  Voltaje de operación: DC 12V
 
 
  Normativa: JIS D 0203
 
 
  Dimensiones: 94.7 × 94.7 × 69.2 mm
 
 
  Peso: ±165 g
 
 
  Diámetro de la carcasa trasera: aproximadamente 80 mm
 
 
  Diámetro del anillo: aproximadamente 90 mm
 
 
  ABE/KBA: 91397
 
 
  Dispositivo medidor LCD – 1×
 
 
  Arnes de cableado principal – 1×
 
 
  Sensor de velocidad activo – 1×
 
 
  Cable de velocidad tipo A – 1×
 
 
  Cable de velocidad tipo B – 1×
 
 
  Juego de cables del sensor – 1×
 
 
  Sensor de temperatura – 1×
 
 
  Soporte de montaje para sensor de velocidad M8 / tipo S – 1×
 
 
  Soporte de montaje para sensor de velocidad M10 / tipo S – 1×
 
 
  Perno hexagonal M5 x 5 P0.8 – 2×
 
 
  Llave hexagonal de 2.5 mm – 1×
 
 
  Soporte del dispositivo medidor – 1×
 
 
  Arandela M5 – 2×
 
 
  Tornillo Allen M5 x 16L – 1×
 
 
  Banda de goma – 1×
 
 
  Abrazadera de manillar – 1×
 
 
  Tornillo Allen M8 x 20L – 1×
 
 
  Arandela M8 – 1×
 
 
  Tuerca M8 x P1.25 – 1×
 
 
  Cubierta de goma – 2×
 
",VEHICLE PARTS & ACCESSORIES,ACCESSORIES,ACC. ELECTRONIC,,,3014,647,173,134,130,,,Negro,,,,,,,,,,,,,,12V,https://api.mybihr.com/medias/800Wx800H-1152564-2.jpeg?context=bWFzdGVyfHJvb3R8NTYzNzZ8aW1hZ2UvanBlZ3xhRFk1TDJnNE5DODVPRGd5TURBeU5EazFPVEF3Tmk4NE1EQlhlRGd3TUVoZk1URTFNalUyTkMweUxtcHdaV2N8ZDYwMjBjZGZlYjg5YWY0MzFlY2VlMTEyOGU5OWZlNTAyOTExOGM2MGNhOWQzODE1ZDc1ODczNTRjYjE2N2U4NA,https://api.mybihr.com/medias/800Wx800H-1152564-1.jpeg?context=bWFzdGVyfHJvb3R8NzA3OTN8aW1hZ2UvanBlZ3xhR1JpTDJnM05pODVPRGd5TURBeU5EVTJOVGM1TUM4NE1EQlhlRGd3TUVoZk1URTFNalUyTkMweExtcHdaV2N8N2QxMTcxMzkyNjY5MjFiZjM0MWI5NmM2NDM2NGUyNjBiZDhlZDQzMzBlNTg2NTNiZTU4NjlkYjBiYjIzNmZjYw,https://api.mybihr.com/medias/800Wx800H-1152564-4.jpeg?context=bWFzdGVyfHJvb3R8NDA1MjF8aW1hZ2UvanBlZ3xhRFF6TDJobE55ODVPRGd5TURBeU5UYzBOVFF6T0M4NE1EQlhlRGd3TUVoZk1URTFNalUyTkMwMExtcHdaV2N8MmYyZDgzNTIzOTAwMzRiNmVjZjIwNzJlNDgyY2JjNDBlNDE1MTVlYTFjMzM1YjBkMDkxNWQ4OTVjNTkyOTE0NQ,https://api.mybihr.com/medias/800Wx800H-1152564-3.jpeg?context=bWFzdGVyfHJvb3R8NTI5MzF8aW1hZ2UvanBlZ3xhR0kxTDJoa09TODVPRGd5TURBeU5UTTFNakl5TWk4NE1EQlhlRGd3TUVoZk1URTFNalUyTkMwekxtcHdaV2N8OTdjNzBiZWQ0OTNhNWExNjFhZmQwNTc3ZWRhY2I1NmFlOTRmY2U1YTU1NzAxYWI5NjhjMzg1ODFmOTVhMjVlZg,,,,,https://static.bihr.pro/eBihr/Pictures/KOSO-pictures.zip,https://api.mybihr.com/medias/TNT05-Mounting-Instruction-BA087000-03-BA087002-03-English.pdf?context=bWFzdGVyfHJvb3R8MTUzNjIwOTl8YXBwbGljYXRpb24vcGRmfGFEVmpMMmhpWXk4NU9EZ3lNREF5TmpNMk9EQXpNQzlVVGxRd05WOU5iM1Z1ZEdsdVoxOUpibk4wY25WamRHbHZiaWhDUVRBNE56QXdNQzB3TXl0Q1FUQTROekF3TWkwd015bEZibWRzYVhOb0xuQmtaZ3xlNGQ3ZDVmZWJhOGFiMTE3ZjM3Y2VjMjllMmM0MDc1NDBkYjcwN2ZmNDA5Zjg2Mjc1ODEwMjYwYzRkYmNjM2E1,https://api.mybihr.com/medias/TNT05-Mounting-Instruction-BA087000-03-BA087002-03-French.pdf?context=bWFzdGVyfHJvb3R8MTQ4NjUzNzV8YXBwbGljYXRpb24vcGRmfGFHVXpMMmhpTlM4NU9EZ3lNREF5TmpVek1UZzNNQzlVVGxRd05WOU5iM1Z1ZEdsdVoxOUpibk4wY25WamRHbHZiaWhDUVRBNE56QXdNQzB3TXl0Q1FUQTROekF3TWkwd015a2dMU0JHY21WdVkyZ3VjR1JtfDMxNWY1NzQ0ZjFhMDcyNjFhMDMyNGU3NTRkNzkzMDAzNTNkODIzODU1Zjg4NjVmNWNmYzEwYTJhMWY4NTA5MTA,https://api.mybihr.com/medias/TNT05-Mounting-Instruction-BA087000-03-BA087002-03-German.pdf?context=bWFzdGVyfHJvb3R8MjA5NTYzNzl8YXBwbGljYXRpb24vcGRmfGFETTBMMmhpTlM4NU9EZ3lNREF5TmpVNU56UXdOaTlVVGxRd05WOU5iM1Z1ZEdsdVoxOUpibk4wY25WamRHbHZiaWhDUVRBNE56QXdNQzB3TXl0Q1FUQTROekF3TWkwd015a2dMU0JIWlhKdFlXNHVjR1JtfGRlMzlmODEwMTk0MjlhNDVjM2QzMGUzNWJmZWVmODkzNWI3NTkyNTIwNjc3NjdlMDI3MWMzNWJmMTE1NDhiOGY,https://api.mybihr.com/medias/TNT05-Mounting-Instruction-BA087000-03-BA087002-03-Spanish.pdf?context=bWFzdGVyfHJvb3R8MjEwMzM3NTJ8YXBwbGljYXRpb24vcGRmfGFHWTBMMmhpT0M4NU9EZ3lNREF5TmpRMk5qTXpOQzlVVGxRd05WOU5iM1Z1ZEdsdVoxOUpibk4wY25WamRHbHZiaWhDUVRBNE56QXdNQzB3TXl0Q1FUQTROekF3TWkwd015a2dMVk53WVc1cGMyZ3VjR1JtfGU2OGYyZDQ5YWVjOGMwYzk0YmY0ZjZmMTc3YmE3ZmU2ZjhhNjkxMDRmODllNWFkMmY3YWIzYTQ3ZjAwODg1ODc,,,,,,,Spain Warehouse (Parts)
1152563,,BA024R11,KOSO,KOSO SUPERSLIM METER RED,Termómetro KOSO Superslim - rojo,48.76,40.30,26.20,4260303013954,5,9029203890,0,1,"<ul>
 <li>
  El
  <strong>
   termómetro SUPER SLIM
  </strong>
  es un dispositivo compacto y preciso para la medición de la temperatura. Ofrece una pantalla clara y una
  <strong>
   advertencia de temperatura
  </strong>
  si las lecturas se elevan demasiado. Ideal para su uso en vehículos o maquinaria donde es necesario un monitoreo preciso de la temperatura.
 </li>
 <li>
  El
  <strong>
   termómetro SUPER SLIM
  </strong>
  ofrece una solución confiable y fácil de usar para la monitorización de la temperatura. Con su
  <strong>
   función de advertencia de sobrecalentamiento
  </strong>
  , diseño compacto y
  <strong>
   fácil conexión de cables
  </strong>
  , es una excelente elección para aquellos que buscan un
  <strong>
   termómetro preciso
  </strong>
  y
  <strong>
   eficiente
  </strong>
  . Es particularmente adecuado para aplicaciones en motocicletas, coches u otra maquinaria que requiere un monitoreo continuo de la temperatura.
 </li>
 <li>
  <strong>
   Rango de visualización:
  </strong>
  de 0 a 120 °C.
 </li>
 <li>
  <strong>
   Advertencia de temperatura:
  </strong>
  Si la temperatura supera los 120 °C, la pantalla parpadeará como advertencia para alertar al usuario del sobrecalentamiento.
 </li>
 <li>
  <strong>
   Voltaje efectivo:
  </strong>
  DC 12V.
 </li>
 <li>
  <strong>
   Estandar:
  </strong>
  JIS D 0203 S2.
 </li>
 <li>
  <strong>
   Dimensiones:
  </strong>
  56.4 x 27 x 11 mm.
 </li>
 <li>
  <strong>
   Peso:
  </strong>
  aprox. 22g.
 </li>
 <li>
  1x manual de instrucciones.
 </li>
 <li>
  1x soporte con cierre de Velcro.
 </li>
 <li>
  1x sensor de temperatura BF030125 PT1/8 x28 (máx. 150 °C, conector negro).
 </li>
 <li>
  1x cable para sensor de temperatura (1 metro, conector negro).
 </li>
</ul>","
 
  El
  
   termómetro SUPER SLIM
  
  es un dispositivo compacto y preciso para la medición de la temperatura. Ofrece una pantalla clara y una
  
   advertencia de temperatura
  
  si las lecturas se elevan demasiado. Ideal para su uso en vehículos o maquinaria donde es necesario un monitoreo preciso de la temperatura.
 
 
  El
  
   termómetro SUPER SLIM
  
  ofrece una solución confiable y fácil de usar para la monitorización de la temperatura. Con su
  
   función de advertencia de sobrecalentamiento
  
  , diseño compacto y
  
   fácil conexión de cables
  
  , es una excelente elección para aquellos que buscan un
  
   termómetro preciso
  
  y
  
   eficiente
  
  . Es particularmente adecuado para aplicaciones en motocicletas, coches u otra maquinaria que requiere un monitoreo continuo de la temperatura.
 
 
  
   Rango de visualización:
  
  de 0 a 120 °C.
 
 
  
   Advertencia de temperatura:
  
  Si la temperatura supera los 120 °C, la pantalla parpadeará como advertencia para alertar al usuario del sobrecalentamiento.
 
 
  
   Voltaje efectivo:
  
  DC 12V.
 
 
  
   Estandar:
  
  JIS D 0203 S2.
 
 
  
   Dimensiones:
  
  56.4 x 27 x 11 mm.
 
 
  
   Peso:
  
  aprox. 22g.
 
 
  1x manual de instrucciones.
 
 
  1x soporte con cierre de Velcro.
 
 
  1x sensor de temperatura BF030125 PT1/8 x28 (máx. 150 °C, conector negro).
 
 
  1x cable para sensor de temperatura (1 metro, conector negro).
 
",VEHICLE PARTS & ACCESSORIES,ACCESSORIES,ACC. ELECTRONIC,,,739,102,171,108,40,,,Negro,,,,,,,,,,,,,,12V,https://api.mybihr.com/medias/800Wx800H-1152563-2.jpeg?context=bWFzdGVyfHJvb3R8MjI3Mjl8aW1hZ2UvanBlZ3xhREE1TDJnd01TODVPRGd5TURBeU16RXlNems1T0M4NE1EQlhlRGd3TUVoZk1URTFNalUyTXkweUxtcHdaV2N8MzdkNjhkNmY2MDFmMDk0YzgwY2YxNmIyNWQ1NTEzNGU2YmU3NmFmOTgxYzJkNzdlMTY1N2UwZDM5ZTE5MDYxMQ,https://api.mybihr.com/medias/800Wx800H-1152563-1.jpeg?context=bWFzdGVyfHJvb3R8MjM3MDR8aW1hZ2UvanBlZ3xhRFF5TDJnMU5pODVPRGd5TURBeU1qY3pNRGM0TWk4NE1EQlhlRGd3TUVoZk1URTFNalUyTXkweExtcHdaV2N8ZDBjNmQzODMyOTIyZDgwZjljZWEwNGFiOTllZTdmYTc3NWYzMmRmOGMzMWFhMDc5MWUzMTkwZjg5YjhjMzZkYg,https://api.mybihr.com/medias/800Wx800H-1152563-4.jpeg?context=bWFzdGVyfHJvb3R8MzY5OTZ8aW1hZ2UvanBlZ3xhREkwTDJneFlTODVPRGd5TURBeU16a3hNRFF6TUM4NE1EQlhlRGd3TUVoZk1URTFNalUyTXkwMExtcHdaV2N8MWFhYmIyYTJiYjI2Yzk2NWI3Yzg3OTYzZDlkYzY0ZjI4MmI2NmM5NDk2ZTU5MWJhNmVlN2EyZTc1NjkyOWI3Zg,https://api.mybihr.com/medias/800Wx800H-1152563-3.jpeg?context=bWFzdGVyfHJvb3R8MTkzNDh8aW1hZ2UvanBlZ3xhRGcwTDJnd1l5ODVPRGd5TURBeU16VXhOekl4TkM4NE1EQlhlRGd3TUVoZk1URTFNalUyTXkwekxtcHdaV2N8NTM2ZTYyZjAwZWJkOGI5MDZjOWUzYmNiZTkzZGVlMzM2MTkwYTJkZTYxNTEzY2UzNDMxODhiZDRjOGU0ZjdhYw,,,,,https://static.bihr.pro/eBihr/Pictures/KOSO-pictures.zip,,,,,,,,,,,Spain Warehouse (Parts)
1152561,,BA068040,KOSO,KOSO SLIM METER VOLT+THER,Voltímetro/termómetro KOSO Slim Line nueva generación - azul,82.52,68.20,44.33,4260303010175,7,9029203890,0,1,"<p data-isautotranslation=""1""></p>Voltímetro + Termómetro de Nueva Generación Slim Line Azul (con pantalla táctil)

El Voltímetro + Termómetro de Nueva Generación Slim Line es un dispositivo moderno y delgado con pantalla táctil. Esta nueva generación ofrece funciones mejoradas y permite un monitoreo preciso de la temperatura y el voltaje en el vehículo.

Funciones principales:

Modo Pantalla táctil: Cambie fácilmente entre valores y ajuste configuraciones.

Modo Auto-Lock: Bloquea automáticamente los controles después de cierto tiempo para evitar distracciones mientras conduce.

Sistema de advertencia: Emite una señal intermitente en el modo auto-lock cuando se exceden los valores preestablecidos.

Diseño delgado: Diseño compacto para opciones de instalación universales en el tablero.

Variaciones de color: Disponible en rojo y verde además de azul.

Detalles técnicos:

Exhibición de temperatura:

Rango de visualización: 0 – 120°C (32 – 302°F)

Unidad: 0.1°C / 0.1°F

Registro de temperatura máxima: 0 – 120°C (32 – 302°F)

Advertencia de temperatura: Ajustable, incrementos de 1°C / 1°F (preajuste: 100°C)

Voltímetro:

Rango de visualización: 8V – 18V

Unidad: 0.1V

Advertencia de bajo voltaje: Ajustable de 8.0V a 18.0V (predeterminado: 11.5V)

Condiciones ambientales:

Temperatura de funcionamiento: -10°C a +60°C

Voltaje de funcionamiento: DC 8V – 16V

Tamaño y peso:

Dimensiones: aprox. 57 × 29 × 8.7 mm

Peso: compacto y ligero

El Voltímetro + Termómetro de Nueva Generación Slim Line combina diseño moderno, operación con pantalla táctil y mediciones precisas. Con funciones de advertencia de bajo voltaje y alta temperatura y un perfil delgado, es una adición práctica y visualmente atractiva para cualquier tablero.","
Voltímetro + Termómetro de Nueva Generación Slim Line Azul (con pantalla táctil)

El Voltímetro + Termómetro de Nueva Generación Slim Line es un dispositivo moderno y delgado con pantalla táctil. Esta nueva generación ofrece funciones mejoradas y permite un monitoreo preciso de la temperatura y el voltaje en el vehículo.

Funciones principales:

Modo Pantalla táctil: Cambie fácilmente entre valores y ajuste configuraciones.

Modo Auto-Lock: Bloquea automáticamente los controles después de cierto tiempo para evitar distracciones mientras conduce.

Sistema de advertencia: Emite una señal intermitente en el modo auto-lock cuando se exceden los valores preestablecidos.

Diseño delgado: Diseño compacto para opciones de instalación universales en el tablero.

Variaciones de color: Disponible en rojo y verde además de azul.

Detalles técnicos:

Exhibición de temperatura:

Rango de visualización: 0 – 120°C (32 – 302°F)

Unidad: 0.1°C / 0.1°F

Registro de temperatura máxima: 0 – 120°C (32 – 302°F)

Advertencia de temperatura: Ajustable, incrementos de 1°C / 1°F (preajuste: 100°C)

Voltímetro:

Rango de visualización: 8V – 18V

Unidad: 0.1V

Advertencia de bajo voltaje: Ajustable de 8.0V a 18.0V (predeterminado: 11.5V)

Condiciones ambientales:

Temperatura de funcionamiento: -10°C a +60°C

Voltaje de funcionamiento: DC 8V – 16V

Tamaño y peso:

Dimensiones: aprox. 57 × 29 × 8.7 mm

Peso: compacto y ligero

El Voltímetro + Termómetro de Nueva Generación Slim Line combina diseño moderno, operación con pantalla táctil y mediciones precisas. Con funciones de advertencia de bajo voltaje y alta temperatura y un perfil delgado, es una adición práctica y visualmente atractiva para cualquier tablero.",VEHICLE PARTS & ACCESSORIES,ACCESSORIES,ACC. ELECTRONIC,,,717,120,170,111,38,,,Negro,,,,,,,,,,,,,,12V,https://api.mybihr.com/medias/800Wx800H-1152561-3.jpeg?context=bWFzdGVyfHJvb3R8NTYwNjF8aW1hZ2UvanBlZ3xhRGN5TDJneU5DODVPRGd5TURBeU9EY3lOek15Tmk4NE1EQlhlRGd3TUVoZk1URTFNalUyTVMwekxtcHdaV2N8ZmQ1MDc1YmE4NjUwMDE5NDY0ZDUzZDY1ODA0ZTIxMjk0ZTgwYjY4N2NmOTUwMDQyYjQ2YjdlMDY3YzY0N2FmNg,https://api.mybihr.com/medias/800Wx800H-1152561-1.jpeg?context=bWFzdGVyfHJvb3R8MjA1OTl8aW1hZ2UvanBlZ3xhRFUwTDJnelpTODVPRGd5TURBeU56azBNRGc1TkM4NE1EQlhlRGd3TUVoZk1URTFNalUyTVMweExtcHdaV2N8ZTA3Njc2NTdiODk4NWYyNjdkYmU1MTRlM2JkYTYwMzc4YTA5YjBmYTM0ZWE5NDIwNGE4YmZlMDU3MmNkMzBlOA,https://api.mybihr.com/medias/800Wx800H-1152561-2.jpeg?context=bWFzdGVyfHJvb3R8MjI5MTZ8aW1hZ2UvanBlZ3xhR1UwTDJneE5pODVPRGd5TURBeU9ETXpOREV4TUM4NE1EQlhlRGd3TUVoZk1URTFNalUyTVMweUxtcHdaV2N8MDg0N2Y5OGFjZmFkOWYyNzczNGY3Zjk3ZGNjZTZkNWVmZWJhN2YyNDczMDFjZmU4OGVjOGI3NTZiYmIyYjg5Ng,,,,,,https://static.bihr.pro/eBihr/Pictures/KOSO-pictures.zip,,,,,,,,,,,Spain Warehouse (Parts)
1155003,,BF583030,KOSO,KOSO SPEED SIGNAL ADAPTER,KOSO Speed Signal Adapter,31.88,26.35,17.13,4260303015996,0,9025900090,0,1,"<p data-isautotranslation=""1""></p>Adaptador de Señal de Velocidad D (Conector Blanco) con Cable Adaptador para Conector Negro – Alternativa Digital a Captadores Magnéticos

El Adaptador de Señal de Velocidad D es una alternativa práctica y económica a los captadores magnéticos convencionales, que pueden ser difíciles de instalar en ciertos modelos de vehículos. Este adaptador de velocidad digital se monta directamente en la conexión original del cable del velocímetro y se conecta fácilmente al arnés de cables de nuestros instrumentos. Asegura una medición de velocidad fiable y precisa sin necesidad de modificaciones complejas. El cable adaptador incluido permite la conexión a velocímetros equipados con un conector negro.

Características:

- Tipo: Conector blanco (conector JST)
- Longitud: 1300 mm
- Ajuste de la circunferencia de la rueda: 714 mm, Número de imanes: 06
- Rosca: M12 x 1.0
- Adecuado para: Cables de velocímetro con transmisión cuadrada de 2.4 mm
- Conector blanco para una conexión segura

Contenido del Paquete:

- Adaptador de Señal de Velocidad de 1300 mm (D) – 1x
- Cable adaptador (de blanco a negro) – 1x","
Adaptador de Señal de Velocidad D (Conector Blanco) con Cable Adaptador para Conector Negro – Alternativa Digital a Captadores Magnéticos

El Adaptador de Señal de Velocidad D es una alternativa práctica y económica a los captadores magnéticos convencionales, que pueden ser difíciles de instalar en ciertos modelos de vehículos. Este adaptador de velocidad digital se monta directamente en la conexión original del cable del velocímetro y se conecta fácilmente al arnés de cables de nuestros instrumentos. Asegura una medición de velocidad fiable y precisa sin necesidad de modificaciones complejas. El cable adaptador incluido permite la conexión a velocímetros equipados con un conector negro.

Características:

- Tipo: Conector blanco (conector JST)
- Longitud: 1300 mm
- Ajuste de la circunferencia de la rueda: 714 mm, Número de imanes: 06
- Rosca: M12 x 1.0
- Adecuado para: Cables de velocímetro con transmisión cuadrada de 2.4 mm
- Conector blanco para una conexión segura

Contenido del Paquete:

- Adaptador de Señal de Velocidad de 1300 mm (D) – 1x
- Cable adaptador (de blanco a negro) – 1x",VEHICLE PARTS & ACCESSORIES,ACCESSORIES,ACC. ELECTRONIC,,,360,90,120,100,30,,,Negro,,,,,,,,,,,,,,,https://api.mybihr.com/medias/800Wx800H-1155003-1.jpg?context=bWFzdGVyfHJvb3R8MzU1ODV8aW1hZ2UvanBlZ3xhR0l4TDJnNU9TOHhNREUxTXpFMk5UQTROVEE0TkRZdk9EQXdWM2c0TURCSVh6RXhOVFV3TURNdE1TNXFjR2N8MTc4NjQ1ZWY3NjhmNjg2N2NmNTllODVlMWRjYmE1N2FjNDQ1NTlmN2JmMDVhNzZjMGExYWJkNDgyMGMzZWFkZg,,,,,,,,https://static.bihr.pro/eBihr/Pictures/KOSO-pictures.zip,,,,,,,,,,,Spain Warehouse (Parts)
1155002,,BF019J15,KOSO,KOSO SPEED SENSOR 2000MM,KOSO Speed Sensor 2000 mm (Passive) with Adapter Cable,24.38,20.15,13.10,4260303015972,0,9025900090,0,1,"<p data-isautotranslation=""1""></p>Sensor de Velocidad Koso 2000 mm (Pasivo) con Cable Adaptador

El sensor de velocidad pasivo Koso de 2000 mm asegura una medición precisa de la velocidad del vehículo y es compatible con todos los velocímetros Koso. Con una longitud de 2000 mm, el sensor ofrece suficiente flexibilidad para su instalación en diversos vehículos. El sensor pasivo proporciona una señal estable y garantiza una detección precisa de la velocidad. El cable adaptador incluido está diseñado para la conexión a velocímetros equipados con un conector negro.

Características:

- Longitud: 2000 mm
- Tipo: Pasivo
- Conector: Conector JST blanco para una fácil instalación
- Compatibilidad: Adecuado para velocímetros Koso
- Función: Detección precisa de la velocidad para un indicador confiable

Contenido del Paquete:

- Sensor de velocidad 2000 mm (pasivo) – 1x
- Cable adaptador (blanco a negro) – 1x","
Sensor de Velocidad Koso 2000 mm (Pasivo) con Cable Adaptador

El sensor de velocidad pasivo Koso de 2000 mm asegura una medición precisa de la velocidad del vehículo y es compatible con todos los velocímetros Koso. Con una longitud de 2000 mm, el sensor ofrece suficiente flexibilidad para su instalación en diversos vehículos. El sensor pasivo proporciona una señal estable y garantiza una detección precisa de la velocidad. El cable adaptador incluido está diseñado para la conexión a velocímetros equipados con un conector negro.

Características:

- Longitud: 2000 mm
- Tipo: Pasivo
- Conector: Conector JST blanco para una fácil instalación
- Compatibilidad: Adecuado para velocímetros Koso
- Función: Detección precisa de la velocidad para un indicador confiable

Contenido del Paquete:

- Sensor de velocidad 2000 mm (pasivo) – 1x
- Cable adaptador (blanco a negro) – 1x",VEHICLE PARTS & ACCESSORIES,ACCESSORIES,ACC. ELECTRONIC,,,1216,100,170,110,65,,,Negro & Plata,,,,,,,,,,,,,,,https://api.mybihr.com/medias/800Wx800H-1155002-1.jpg?context=bWFzdGVyfHJvb3R8Mjg0OTV8aW1hZ2UvanBlZ3xhRFZpTDJoalppOHhNREUxTXpFME5EazRNVGt4TmpZdk9EQXdWM2c0TURCSVh6RXhOVFV3TURJdE1TNXFjR2N8NzgwODkzNjM3MWZjMDU0MzU5NmJjMzgzNDQ2ZTQwOWM4YWQwMmM2ZTFhYTc4YzIyYWZiNmE5OTUwN2YzYmNhYw,,,,,,,,https://static.bihr.pro/eBihr/Pictures/KOSO-pictures.zip,,,,,,,,,,,Spain Warehouse (Parts)
1155242,,BF019J13,KOSO,KOSO SPEED SENSOR 1550MM,KOSO Speed Sensor 1550 mm (passive) With Adapter Cable,26.26,21.70,14.11,4260303015958,0,8714109090,0,1,"<p data-isautotranslation=""1""></p><p><strong>Sensor de velocidad Koso de 1550 mm (pasivo) con cable adaptador</strong></p>
<p>El sensor de velocidad Koso de 1550 mm (pasivo) garantiza una medición precisa de la velocidad del vehículo y es compatible con todos los velocímetros Koso. Con una longitud de 1550 mm, el sensor ofrece suficiente flexibilidad para su instalación en diversos vehículos. El sensor pasivo proporciona una señal estable y asegura una detección de velocidad precisa. El cable adaptador incluido se utiliza para conectar a velocímetros con un conector negro.</p>
<p><strong>Características:</strong></p>
<ul>
<li>Longitud: 1550 mm</li>
<li>Tipo: Pasivo</li>
<li>Conector: Conector JST blanco para una instalación fácil</li>
<li>Compatibilidad: Adecuado para velocímetros Koso</li>
<li>Función: Detección precisa de la velocidad para una indicación fiable</li>
</ul>
<p><strong>Lista de contenidos:</strong></p>
<ul>
<li>Sensor de velocidad de 1550 mm (pasivo) - 1x</li>
<li>Cable adaptador (de blanco a negro) - 1x</li>
</ul>","

Sensor de velocidad Koso de 1550 mm (pasivo) con cable adaptador

El sensor de velocidad Koso de 1550 mm (pasivo) garantiza una medición precisa de la velocidad del vehículo y es compatible con todos los velocímetros Koso. Con una longitud de 1550 mm, el sensor ofrece suficiente flexibilidad para su instalación en diversos vehículos. El sensor pasivo proporciona una señal estable y asegura una detección de velocidad precisa. El cable adaptador incluido se utiliza para conectar a velocímetros con un conector negro.

Características:

Longitud: 1550 mm
Tipo: Pasivo
Conector: Conector JST blanco para una instalación fácil
Compatibilidad: Adecuado para velocímetros Koso
Función: Detección precisa de la velocidad para una indicación fiable


Lista de contenidos:

Sensor de velocidad de 1550 mm (pasivo) - 1x
Cable adaptador (de blanco a negro) - 1x
",VEHICLE PARTS & ACCESSORIES,ACCESSORIES,ACC. ELECTRONIC,,,691,79,147,98,48,,,,,,,,,,,,,,,,,12V,https://api.mybihr.com/medias/800Wx800H-1155242-1.jpg?context=bWFzdGVyfHJvb3R8Mjk3NDV8aW1hZ2UvanBlZ3xhREpsTDJneE1TOHhNREl3TXpjNU16WTNOamN3TURZdk9EQXdWM2c0TURCSVh6RXhOVFV5TkRJdE1TNXFjR2N8MzcxMTRiOTNkOTc2MGRkM2E2NmY3NTEwNWZhNDdkZmYxMWY5MjhjOTk5ZDVlNGQyMWE5MGEyNTJlMWRmNjBhZA,,,,,,,,https://static.bihr.pro/eBihr/Pictures/KOSO-pictures.zip,,,,,,,,,,,Spain Warehouse (Parts)
1056092,49219,BF010700,KOSO,KOSO SPAREPARTS SPARE MAGNET Ø6 x 5mm,Imán captador velocímetro KOSO 6 x 5mm BF010700,2.99,2.47,1.61,4260303013046,8,9025900090,0,1,<p><strong>Pack 3 Unidades</strong></p>,"
Pack 3 Unidades",VEHICLE PARTS & ACCESSORIES,ACCESSORIES,ACC. ELECTRONIC,,,25,10,96,65,4,,,,,,,,,,,,,,,,,,https://api.mybihr.com/medias/1056092-1-800Wx800H?context=bWFzdGVyfHJvb3R8Mzg2MDB8aW1hZ2UvanBlZ3xhRGxpTDJobU1TODVNREV5T1RBd05EazFNemt3THpFd05UWXdPVEl0TVY4NE1EQlhlRGd3TUVnfDY2OTQ0MjM2ODIzNDQ1MzYyYzkzMTI4MGE5YjBhMDMzNDA5ZjY2MmIwNGU1ODZjNGU0MWZlOTQxOTBmNzIyYTY,,,,,,,,https://static.bihr.pro/eBihr/Pictures/KOSO-pictures.zip,,,,,,,,,,,Spain Warehouse (Parts)
1056077,62900117,BF584000,KOSO,KOSO SENSOR SPEED - BMW,Sensor de velocidad Koso para BMW,34.17,28.24,18.36,4260303014272,2,9025900090,0,1,,,VEHICLE PARTS & ACCESSORIES,ACCESSORIES,ACC. ELECTRONIC,,,579,67,173,124,27,,,,,,,,,,,,,,,,,,https://api.mybihr.com/medias/1056077-1-800Wx800H?context=bWFzdGVyfHJvb3R8NjY3NzV8aW1hZ2UvanBlZ3xhRGsxTDJobE55ODVNREV5T0RrNU16RTFOelF5THpFd05UWXdOemN0TVY4NE1EQlhlRGd3TUVnfGI3MTY1Y2IxZmI5YmJiNGRiZjFmNmQ1MGQ0OTg3MGFlYTBkNzhlOWI2OWMzM2ZlZGYxNmI1OTAzZDA3ZjFhY2E,https://api.mybihr.com/medias/1056077-2-800Wx800H?context=bWFzdGVyfHJvb3R8MTEwODE5fGltYWdlL2pwZWd8YURZMkwyaGxaUzg1TURFeU9EazVOVEV5TXpVd0x6RXdOVFl3TnpjdE1sODRNREJYZURnd01FZ3w0ODdhYzQxNjRkYzg5ZjhlMmViODk3MjZmMjYxMWYzMmI2MTVhM2Y5MjQyMmVkYTZjMmZlNWI3ZTI3Nzk5ZmEz,,,,,,,https://static.bihr.pro/eBihr/Pictures/KOSO-pictures.zip,,,,,,,,,,,Spain Warehouse (Parts)
1056114,49242,KI001R15,KOSO,KOSO SENSOR TEMP - M14,Sensor de temperatura con conector impermeable para bujía Ø14 KOSO KI001R15,36.18,29.90,19.44,4260303013053,3,9025900090,0,1,"<p>Sensor de temperatura&nbsp;KOSO KI001R15-n</p><p>Para bujías M14 (Tipo BR7, BR8, BR9...)</p><p>Resistente hasta 250º C</p><p>Conexión totalmente impermeable</p><p>Se incluyen 5 anillas de sujeción a la bujía de recambio</p>","
Sensor de temperatura KOSO KI001R15-n
Para bujías M14 (Tipo BR7, BR8, BR9...)
Resistente hasta 250º C
Conexión totalmente impermeable
Se incluyen 5 anillas de sujeción a la bujía de recambio",VEHICLE PARTS & ACCESSORIES,ACCESSORIES,ACC. ELECTRONIC,,,254,34,70,110,33,,,,,,,,,,,,,,,,,,https://api.mybihr.com/medias/1056114-1-800Wx800H?context=bWFzdGVyfHJvb3R8NzMyNTF8aW1hZ2UvanBlZ3xhR0l6TDJnNVppOHhOVFF4TlRZd01EazNNVGd3Tmk4eE1EVTJNVEUwTFRGZk9EQXdWM2c0TURCSXwzMDRhMzFmMmJlYTJjYTg2MWJkZTNkZGFlZDM0N2E2MjIzZDY1OTU1ZTg0Y2RkMTgzY2JlOWNlNWRiZTY0OWNj,,,,,,,,https://static.bihr.pro/eBihr/Pictures/KOSO-pictures.zip,,,,,,,,,,,Spain Warehouse (Parts)
1056112,49240,KI000R10-N,KOSO,KOSO SENSOR TEMP - 10mm,Sensor de temperatura de 10mm para bujía KOSO KI000R10-n,23.72,19.60,12.74,4260303013022,6,9025900090,0,1,<p>Sensor de temperatura&nbsp;KOSO KI000R10-n.</p><p>Para bujías M10</p><p>Resistente hasta 150º C</p><p>Se incluyen 2 tipos de conectores</p><p>Se incluyen 5 anillas de sujeción a la bujía de recambio</p>,"
Sensor de temperatura KOSO KI000R10-n.
Para bujías M10
Resistente hasta 150º C
Se incluyen 2 tipos de conectores
Se incluyen 5 anillas de sujeción a la bujía de recambio",VEHICLE PARTS & ACCESSORIES,ACCESSORIES,ACC. ELECTRONIC,,,259,14,75,144,24,,,,,,,,,,,,,,,,,,https://api.mybihr.com/medias/1056112-1-800Wx800H?context=bWFzdGVyfHJvb3R8NjYxMjJ8aW1hZ2UvanBlZ3xhRGcxTDJnNE5DOHhOVFF4TlRZd01ERTROVE0zTkM4eE1EVTJNVEV5TFRGZk9EQXdWM2c0TURCSXxkZmFjMTU3NDk1NTIyZTI0MGU1M2MyNGJkYzUwYWRiN2EyZWM1YzVjZDIyZDdjZWYzZGM1MzVlMWVjYmVhMjEy,,,,,,,,https://static.bihr.pro/eBihr/Pictures/KOSO-pictures.zip,,,,,,,,,,,Spain Warehouse (Parts)
1056068,49239,BF000005,KOSO,KOSO SENSOR TEMP - GAS,Sensor de gases de escape EGT BF000005,112.55,93.02,60.46,4260303011691,0,9025900090,0,1,Sensor de gases de escape EGT,Sensor de gases de escape EGT,VEHICLE PARTS & ACCESSORIES,ACCESSORIES,ACC. ELECTRONIC,,,238,87,144,75,22,,,,,,,,,,,,,,,,,,https://api.mybihr.com/medias/1056068-1-800Wx800H?context=bWFzdGVyfHJvb3R8MjUzMzJ8aW1hZ2UvanBlZ3xhR0kzTDJobFlpODRPVGN5TXpBNE5URXlOems0THpFd05UWXdOamd0TVY4NE1EQlhlRGd3TUVnfGRmNzU3OTViMTlmMDcwZWU1ZDliMGE3MzUzNjkxOGUzNjVlYTRkYTM4ODJkYzFhY2U1ZDcyOWYzMzEwMDMyM2E,,,,,,,,https://static.bihr.pro/eBihr/Pictures/KOSO-pictures.zip,,,,,,,,,,,Spain Warehouse (Parts)
1056113,49241,KI000R14-N,KOSO,KOSO SENSOR TEMP - 14mm,Sensor de temperatura para bujía Ø14 KOSO KI000R14-n,23.72,19.60,12.74,4260303013039,18,9025900090,0,1,"<p>Sensor de temperatura&nbsp;KOSO KI001R14-n.</p><p>Para bujías M14 (Tipo BR7, BR8, BR9...)</p><p>Resistente hasta 150º C</p><p>Se incluyen 2 tipos de conectores</p><p>Se incluyen 5 anillas de sujeción a la bujía de recambio</p>","
Sensor de temperatura KOSO KI001R14-n.
Para bujías M14 (Tipo BR7, BR8, BR9...)
Resistente hasta 150º C
Se incluyen 2 tipos de conectores
Se incluyen 5 anillas de sujeción a la bujía de recambio",VEHICLE PARTS & ACCESSORIES,ACCESSORIES,ACC. ELECTRONIC,,,259,30,75,144,24,,,,,,,,,,,,,,,,,,https://api.mybihr.com/medias/1056113-1-800Wx800H?context=bWFzdGVyfHJvb3R8NzE1Mjl8aW1hZ2UvanBlZ3xhREV5TDJnNU1pOHhOVFF4TlRZd01EVTNPRFU1TUM4eE1EVTJNVEV6TFRGZk9EQXdWM2c0TURCSXwyMmQzYTM3NDM0M2U1MzY0ZWNmN2RkMTI5NWM3NDJjMWI5OWM0ZDZiMDBlOWNkMmFkNGJkZDBiNGUxYmVjOGY1,,,,,,,,https://static.bihr.pro/eBihr/Pictures/KOSO-pictures.zip,,,,,,,,,,,Spain Warehouse (Parts)
1100614,,BA071000,KOSO,KOSO METER RX-3,Marcador universal multifunción KOSO RX-3,562.75,465.08,302.30,4260303010267,1,8714109090,0,1,"<p>Dispositivo de medición multifuncional RX-3 TFT.</p>
<p>El instrumento RX3-TFT se ha redefinido para el mercado posventa. La última pantalla LCD TFT de 3,5 pulgadas y alto color, con un diseño y una interfaz de usuario totalmente nuevos, garantiza que su aplicación en la moto, el triciclo o el scooter no sólo mejore un nivel. Todas las funciones que necesita para el velocímetro, cuentarrevoluciones, cuentakilómetros y trip, así como la posición de marcha ya están integradas en este instrumento.</p>
<p>Información y visualizaciones versátiles: La distancia objetivo y la velocidad objetivo son las otras funciones que garantizan que la información y el estado de tu vehículo estén siempre a su disposición. La instrumentación del RX3 convierte cada trayecto en un viaje divertido.</p>
<ul>
	<li>Especificaciones (R= Intervalo U=Unidad)</li>
	<li>Velocímetro R: 0 ~ 225 MPH (0 ~ 360 km/h) U: 1 MPH o km/h (Alternativa)</li>
	<li>Cuentakilómetros R: 0 ~ 99.999 millas (km) | U: 1 milla (km)</li>
	<li>Cuentakilómetros parcial A/B R: 0 ~ 9.999,9 millas (km) | U: 0,1 milla (km)</li>
	<li>Mantenimiento del aceite R: 300 ~ 10.000 millas (500 ~ 16.000km), O</li>
</ul>
","
Dispositivo de medición multifuncional RX-3 TFT.

El instrumento RX3-TFT se ha redefinido para el mercado posventa. La última pantalla LCD TFT de 3,5 pulgadas y alto color, con un diseño y una interfaz de usuario totalmente nuevos, garantiza que su aplicación en la moto, el triciclo o el scooter no sólo mejore un nivel. Todas las funciones que necesita para el velocímetro, cuentarrevoluciones, cuentakilómetros y trip, así como la posición de marcha ya están integradas en este instrumento.

Información y visualizaciones versátiles: La distancia objetivo y la velocidad objetivo son las otras funciones que garantizan que la información y el estado de tu vehículo estén siempre a su disposición. La instrumentación del RX3 convierte cada trayecto en un viaje divertido.

	Especificaciones (R= Intervalo U=Unidad)
	Velocímetro R: 0 ~ 225 MPH (0 ~ 360 km/h) U: 1 MPH o km/h (Alternativa)
	Cuentakilómetros R: 0 ~ 99.999 millas (km) | U: 1 milla (km)
	Cuentakilómetros parcial A/B R: 0 ~ 9.999,9 millas (km) | U: 0,1 milla (km)
	Mantenimiento del aceite R: 300 ~ 10.000 millas (500 ~ 16.000km), O

",VEHICLE PARTS & ACCESSORIES,ACCESSORIES,ACC. ELECTRONIC,,,3055,865,136,208,108,,,,,,,,,,,,,,,,,,https://api.mybihr.com/medias/800Wx800H-1100614-1.jpg?context=bWFzdGVyfHJvb3R8ODU4Nzl8aW1hZ2UvanBlZ3xhRGcyTDJnek15OHpNamczTkRjek1qSTVNREEzT0M4NE1EQlhlRGd3TUVoZk1URXdNRFl4TkMweExtcHdad3xiMTliYjI5NjJjZDgzZGQ3OWY4YTAwZDk1YTMzMGVkOGNjNDBiZmVmMTYwYTAwYjRjNTRkMjg0OTI5NGVhMjli,https://api.mybihr.com/medias/800Wx800H-1100614-2.jpg?context=bWFzdGVyfHJvb3R8NjcxNjB8aW1hZ2UvanBlZ3xhREUwTDJnME1TOHpNamczTkRjek1qWTRNekk1TkM4NE1EQlhlRGd3TUVoZk1URXdNRFl4TkMweUxtcHdad3xkY2E3MzU4OWVhYzFlMTUwN2JlNDM4ZjVkNWQ2NWIyNGI1MWMxYjVlYjgyNGIyODQ1M2RkNWEzMDg3OWFmYzRi,https://api.mybihr.com/medias/800Wx800H-1100614-3.jpg?context=bWFzdGVyfHJvb3R8Nzk4MTF8aW1hZ2UvanBlZ3xhRFJrTDJnNU5pOHpNamczTkRjek16QTNOalV4TUM4NE1EQlhlRGd3TUVoZk1URXdNRFl4TkMwekxtcHdad3xhOTlkNTJkNDAyZDVjYWExMWE5MTYxYzliMjg1MWVmMDY4NDU2NWRjMjQ3MmY5MjdjMzljN2MyZTZlZmQwNGRh,https://api.mybihr.com/medias/800Wx800H-1100614-4.jpg?context=bWFzdGVyfHJvb3R8ODQzMTl8aW1hZ2UvanBlZ3xhR1JoTDJoaE15OHpNamczTkRjek16UTJPVGN5Tmk4NE1EQlhlRGd3TUVoZk1URXdNRFl4TkMwMExtcHdad3xmYjA0Y2E1ZDU5YWU2YTVkZWUwZDZiYWRmOGNmM2UyNjViNWNmNzdkZjU2MTA3ZDIyOWFmOWQ3OWFjYmJiODE2,https://api.mybihr.com/medias/800Wx800H-1100614-5.jpg?context=bWFzdGVyfHJvb3R8NzM5NjZ8aW1hZ2UvanBlZ3xhRGRpTDJoaU1TOHpNamczTkRjek16ZzJNamswTWk4NE1EQlhlRGd3TUVoZk1URXdNRFl4TkMwMUxtcHdad3wxZDMxZGQ3ODFmODU5YzRmOTBiMmU2ZjZiOTc0OGFhMzY0OWI5MjQ4NGVhMjBhZjQ0NzU1YzkzMGVjYmE3MmE2,https://api.mybihr.com/medias/800Wx800H-1100614-6.jpg?context=bWFzdGVyfHJvb3R8OTkwNjl8aW1hZ2UvanBlZ3xhRFJpTDJobU9TOHpNamczTkRjek5ESTFOakUxT0M4NE1EQlhlRGd3TUVoZk1URXdNRFl4TkMwMkxtcHdad3w4N2NiMzlhZWE5YjFiZTk1ZDk0YmU2ZjM2ZWYyMjg3NWU5ZjkwZjI3Mzg5YzYzYTNjMWFiMzUyMTUwYmU0YWU1,https://api.mybihr.com/medias/800Wx800H-1100614-7.jpg?context=bWFzdGVyfHJvb3R8NDk2MTV8aW1hZ2UvanBlZ3xhR0psTDJobFlpOHpNamczTkRjek5EWTBPVE0zTkM4NE1EQlhlRGd3TUVoZk1URXdNRFl4TkMwM0xtcHdad3wxMGMwNWEzNDcwZTlmZmJlZTM3MzY5ODk1ZmIyNzY2NzFkOTBiNTYxNjJmZDc5YWQ5YmFjZTlmMzdkNDRkY2Iy,,https://static.bihr.pro/eBihr/Pictures/KOSO-pictures.zip,https://api.mybihr.com/medias/1100614-ABE-Document-RX-serie-ink-RX4-web-extern?context=bWFzdGVyfGRvY3VtZW50c3w4ODM0NTd8YXBwbGljYXRpb24vcGRmfGFERmhMMmc1Tmk4ek1qZzNORGN6TlRBM05UTTFPQzh4TVRBd05qRTBJQzBnUVVKRklFUnZZM1Z0Wlc1MElGSllYM05sY21sbFgybHVheTFTV0RSZmQyVmlYMlY0ZEdWeWJnfDFlZjQ5YzUzYzcwMWExY2Y3OTliZDA4MDY5MDI2M2RkZTc4M2IxMzcxZTIyNzA0MjUzNjY4NTlhYjhhNjk3N2I,https://api.mybihr.com/medias/1100614-Instruction-Manual-RX-3-TFT-BA071000-DE?context=bWFzdGVyfGRvY3VtZW50c3w0Njc0MjM4MHxhcHBsaWNhdGlvbi9wZGZ8YURVMEwyZzNaUzh6TWpnM05EY3pOVGMyTXpRNE5pOHhNVEF3TmpFMElDMGdTVzV6ZEhKMVkzUnBiMjRnVFdGdWRXRnNJRkpZTFRNZ1ZFWlVJQ2hDUVRBM01UQXdNQ2tnUkVVfDc4M2Y1ZTJjNTQzMmJmZWE5YmJlZDQ2OWRmZGE3NWZhNTU2NjQ2OTFiZjkwYmUyNzY3YTY4YzE4YzM1Mzg1NzM,https://api.mybihr.com/medias/1100614-Instruction-Manual-RX-3-TFT-BA071000-EN?context=bWFzdGVyfGRvY3VtZW50c3wxMTQyMjk0N3xhcHBsaWNhdGlvbi9wZGZ8YUdFekwyZzRZeTh6TWpnM05EY3pOVE13TkRjek5DOHhNVEF3TmpFMElDMGdTVzV6ZEhKMVkzUnBiMjRnVFdGdWRXRnNJRkpZTFRNZ1ZFWlVJQ2hDUVRBM01UQXdNQ2tnUlU0fDRjMjg2Yzk4MzA0ODUwMWM3ODhkMGRhYjY4YjlkYmQ4NWI1MjFjNDRjMGRmODhmMDE0MzhiOTcyZmI3YjhhODk,https://api.mybihr.com/medias/1100614-Instruction-Manual-RX-3-TFT-BA071000-ES?context=bWFzdGVyfGRvY3VtZW50c3w0NjcwMjU1MXxhcHBsaWNhdGlvbi9wZGZ8YURkakwyZzROUzh6TWpnM05EY3pOVFV6TkRFeE1DOHhNVEF3TmpFMElDMGdTVzV6ZEhKMVkzUnBiMjRnVFdGdWRXRnNJRkpZTFRNZ1ZFWlVJQ2hDUVRBM01UQXdNQ2tnUlZNfGExNzQ3ODllNmM4OWM5ZTM2NTE2YWE0YzczMTQ4Yjg1M2MwNDlmMDUzM2FhYzYxMWY3ZmQxOWVjYThkNmQ3OWI,https://api.mybihr.com/medias/1100614-Instruction-Manual-RX-3-TFT-BA071000-FR?context=bWFzdGVyfGRvY3VtZW50c3wyNjI2NDY1OHxhcHBsaWNhdGlvbi9wZGZ8YURCaEwyZ3lOaTh6TWpnM05EY3pOakl5TWpJek9DOHhNVEF3TmpFMElDMGdTVzV6ZEhKMVkzUnBiMjRnVFdGdWRXRnNJRkpZTFRNZ1ZFWlVJQ2hDUVRBM01UQXdNQ2tnUmxJfGI4ODJkY2ZjN2JlOGY1M2RjMTg3ZjM2ZmNkZjhjNTM2MzIwN2I3ZjU3ZDVmMWFhMzJmMzE4ZmFjYmUxZWY1ZjQ,https://api.mybihr.com/medias/1100614-Instruction-Manual-RX-3-TFT-BA071000-IT?context=bWFzdGVyfGRvY3VtZW50c3w0Njg0NzU0MnxhcHBsaWNhdGlvbi9wZGZ8YURKa0wyZzNOeTh6TWpnM05EY3pOVGs1TWpnMk1pOHhNVEF3TmpFMElDMGdTVzV6ZEhKMVkzUnBiMjRnVFdGdWRXRnNJRkpZTFRNZ1ZFWlVJQ2hDUVRBM01UQXdNQ2tnU1ZRfGQ2OGRhMjg4NDhjOGFhNTk3YTE5YzQ5Njk2YmEwYzBmYjgxNzYyYTVhZDgzNzNkMTlkOWI3Yzg1YWNlOWQ2MjU,,,,,France Warehouse (Parts)
1056105,49223,BB642W20,KOSO,KOSO COUNTER MULTI D64 DL-03S BLACK,Marcador circular KOSO D64 DL-03S negro BB642W20,160.78,132.88,86.37,4260303013503,4,9025900090,0,1,"




<strong>Velocímetro y tacómetro D64 DL-03SR con luces de señalización (pantalla LCD)</strong>

<strong>&nbsp;</strong>

El&nbsp;<strong>D64 DL-03SR&nbsp;</strong>es un instrumento multifuncional que no solo funciona como velocímetro, sino que también combina diversas funciones adicionales en un solo dispositivo.

Además del velocímetro convencional, también ofrece un tacómetro, un indicador de combustible, un voltímetro digital y mucho más.

&nbsp;

<strong>Características principales del D64 DL-03SR:</strong>

<strong>&nbsp;</strong>

<strong>Velocímetro</strong>

<ul>
	<li>Alcance:&nbsp;0 – 360 km/h (0 – 223 MPH)</li>
	<li>Unidad:&nbsp;km/h o mph (conmutable)</li>
</ul>

<strong>&nbsp;</strong>

<strong>Odómetro total</strong>

<ul>
	<li>Alcance:&nbsp;0 – 99.999,9 km (millas)</li>
	<li>Reinicio automático&nbsp;después de 99.999,9 km</li>
</ul>

<strong>&nbsp;</strong>

<strong>Cuentakilómetros parcial A/B</strong>

<ul>
	<li>Alcance:&nbsp;0 – 999,9 km</li>
</ul>

<strong>&nbsp;</strong>

<strong>Circunferencia de la rueda</strong>

<ul>
	<li>Rango de ajuste:&nbsp;300 – 2.500 mm</li>
	<li>Unidad:&nbsp;1 mm / pulsos 1–60</li>
</ul>

<strong>&nbsp;</strong>

<strong>Tacómetro</strong>

<ul>
	<li>Rango:&nbsp;0 – 15.000 rpm</li>
	<li>Unidad:&nbsp;1 segmento = 1000 rpm</li>
	<li>Tipo de pantalla:&nbsp;LCD</li>
</ul>

<strong>&nbsp;</strong>

<strong>Indicador de combustible</strong>

<ul>
	<li>Rango de visualización:&nbsp;4 niveles (indicador de nivel de combustible)</li>
</ul>

<strong>&nbsp;</strong>

<strong>Voltímetro digital</strong>

<ul>
	<li>Rango:&nbsp;CC 5 – CC 28 V</li>
</ul>

<strong>&nbsp;</strong>

<strong>Reloj</strong>

<ul>
	<li>Formato:&nbsp;visualización de 24 horas</li>
</ul>

<strong>&nbsp;</strong>

<strong>Luces de señalización</strong>

<ul>
	<li>Intermitente&nbsp;(verde)</li>
	<li>Neutro&nbsp;(verde)</li>
	<li>Aceite&nbsp;(rojo)</li>
	<li>Luz de carretera (azul)</li>
	<li>EOBD&nbsp;(amarillo)</li>
</ul>

<strong>&nbsp;</strong>

<strong>Dimensiones:</strong>

<ul>
	<li>Tamaño:&nbsp;70 mm (ancho) x 35 mm (profundidad) x 50 mm (diámetro de instalación)</li>
</ul>





","




Velocímetro y tacómetro D64 DL-03SR con luces de señalización (pantalla LCD)

 

El D64 DL-03SR es un instrumento multifuncional que no solo funciona como velocímetro, sino que también combina diversas funciones adicionales en un solo dispositivo.

Además del velocímetro convencional, también ofrece un tacómetro, un indicador de combustible, un voltímetro digital y mucho más.

 

Características principales del D64 DL-03SR:

 

Velocímetro


	Alcance: 0 – 360 km/h (0 – 223 MPH)
	Unidad: km/h o mph (conmutable)


 

Odómetro total


	Alcance: 0 – 99.999,9 km (millas)
	Reinicio automático después de 99.999,9 km


 

Cuentakilómetros parcial A/B


	Alcance: 0 – 999,9 km


 

Circunferencia de la rueda


	Rango de ajuste: 300 – 2.500 mm
	Unidad: 1 mm / pulsos 1–60


 

Tacómetro


	Rango: 0 – 15.000 rpm
	Unidad: 1 segmento = 1000 rpm
	Tipo de pantalla: LCD


 

Indicador de combustible


	Rango de visualización: 4 niveles (indicador de nivel de combustible)


 

Voltímetro digital


	Rango: CC 5 – CC 28 V


 

Reloj


	Formato: visualización de 24 horas


 

Luces de señalización


	Intermitente (verde)
	Neutro (verde)
	Aceite (rojo)
	Luz de carretera (azul)
	EOBD (amarillo)


 

Dimensiones:


	Tamaño: 70 mm (ancho) x 35 mm (profundidad) x 50 mm (diámetro de instalación)






",VEHICLE PARTS & ACCESSORIES,ACCESSORIES,ACC. ELECTRONIC,,,1800,444,200,120,75,,,Negro,,,,,,,,,,,,,,12V,https://api.mybihr.com/medias/1056105-1-800Wx800H?context=bWFzdGVyfHJvb3R8Njc5MDF8aW1hZ2UvanBlZ3xhRE16TDJoak1DOHhOVFF4TlRVNU5qazNOREV4TUM4eE1EVTJNVEExTFRGZk9EQXdWM2c0TURCSXwxZDdjNWE0MmVkOTgxOWFhZmQ1OWZhY2I1NDZjOGNkZGE0NDFjNmM0OTc2ZmIwYzMyZTJlOGQzODIyODBkZDU2,https://api.mybihr.com/medias/1056105-2-800Wx800H?context=bWFzdGVyfHJvb3R8NjA4Mjh8aW1hZ2UvanBlZ3xhR1poTDJnMllTOHhOVFF4TlRVNU56TTJOek15Tmk4eE1EVTJNVEExTFRKZk9EQXdWM2c0TURCSXwzZWU4YzA4MGU4NDdkNGU1ZDNlY2EyNmVmZTFiNzIyOWM1ZmRjNGQ5OTU0NTViZGFmODU1N2Y3M2NmZGVkN2Fk,,,,,,,https://static.bihr.pro/eBihr/Pictures/KOSO-pictures.zip,https://api.mybihr.com/medias/1056105-Homologation-ABE-360-287.pdf?context=bWFzdGVyfGRvY3VtZW50c3wyNTQzODF8YXBwbGljYXRpb24vcGRmfGFEYzFMMmc1TVM4NE1URXpOekV5T0RVek9ERTBNaTh4TURVMk1UQTFYMGh2Ylc5c2IyZGhkR2x2Ymw5QlFrVmZNell3TFRJNE55NXdaR1l8OTBjZGQ3Y2ZlOGFkZGJhNDE3NmFkYjAwMDIxOTAwZWFiZWQ2ZDhlM2M4NDc0NzgzM2E5OTkxMTM2NGI5OTIyMQ,https://api.mybihr.com/medias/1056105-Homologation-ABE-91397-2.pdf?context=bWFzdGVyfGRvY3VtZW50c3wyNDcyMDU2fGFwcGxpY2F0aW9uL3BkZnxhRGxqTDJnNU9DODRNVEV6TnpFeU9EYzJOelV4T0M4eE1EVTJNVEExWDBodmJXOXNiMmRoZEdsdmJsOUJRa1ZmT1RFek9UY3RNaTV3WkdZfDM3OGFlN2QwODM2NTU4ZDVmMDkwODcwOGVlMjFlYTg0NzUwNWI5ODdmYmVhZjlhZDE2NjhiZGI4N2NjNTJiMTM,https://api.mybihr.com/medias/1056105-Homologation-ABE-91397-KO.pdf?context=bWFzdGVyfGRvY3VtZW50c3w5NjQ5MzZ8YXBwbGljYXRpb24vcGRmfGFEZ3pMMmd5WkM4NE1URXpNak0xT1RRMU1EWTFOQzh4TURVMk1UQTFYMGh2Ylc5c2IyZGhkR2x2Ymw5QlFrVmZPVEV6T1RkZlMwOHVjR1JtfDA2YWI5YzdmMGMyY2IxMGFhN2JhOGQwZGEyZmExZjYyN2U3NDdiYjEyNzFiMTFlZjY4MGY3ZmM1N2UyOWNmYjA,https://api.mybihr.com/medias/1056105-Mounting-Instructions-DE-EN.pdf?context=bWFzdGVyfGRvY3VtZW50c3w2Mzg3OTc0fGFwcGxpY2F0aW9uL3BkZnxhRGM0TDJneE9DODRNVEV6TWpNMk1qUXpNalUwTWk4eE1EVTJNVEExWDAxdmRXNTBhVzVuWDBsdWMzUnlkV04wYVc5dWMxOUVSVjlGVGk1d1pHWXxkMDk0YTAzNzVhZGFkOWZkOTI4YzMyNTU2MTYzMzBjMTY2MmZkZTFiMzdiMGVjNGE2Y2Y0N2EyOGUxYjU5YzYy,https://api.mybihr.com/medias/Homologation-Koso-D64.pdf?context=bWFzdGVyfHJvb3R8MjEzMTY1fGFwcGxpY2F0aW9uL3BkZnxhRE14TDJoaE1DODBORFkyTnpVME1qSXdPRFUwTWk5SWIyMXZiRzluWVhScGIyNGdTMjl6YnlCRU5qUXVjR1JtfDcxMWMzZDdiZGQzZTc5MWY2OWQxN2MxZjI4OTIxNDIyYTZhZmIzZmNmMjExYTVlMWI4YmVkN2Y3N2Q1ODdmNDY,,,,,,Spain Warehouse (Parts)
1101936,49216,BA015B15,KOSO,KOSO DASHBOARD RX2N+ GP STYLEUNIVERSAL,Cuenta Rpm universal KOSO RX2NR+ BA015B15,401.96,332.20,215.93,4260303012032,2,8714109090,0,1,"<p><strong>El RX2NR+</strong> se ha desarrollado con los mejores componentes y la tecnología más avanzada del mercado. La aguja cuentarrevoluciones, iluminada por LED, hace que visibilidad de la información sea perfecta, incluso por la noche. Dispone de todas las prestaciones habituales: velocidad, revoluciones, cuentakilómetros, temperatura... ¡y una multitud de funciones avanzadas muy prácticas! El cuentarrevoluciones es configurable, para poderse adaptar a tu moto lo mejor posible.<br><br><strong>Marcador digital multifunción</strong></p><p><br>Se adapta a la mayoría de vehículos<br>Testigos: intermitentes, luz, aceite, neutral, EODB, luz de cambio (2 umbrales), alerta superación velocidad máxima, temperatura aceite y agua<br><br><strong>Funciones:</strong><br>•&nbsp;Velocímetro km/h (o m/h): hasta 360 km/h (o 223 m/h)<br>•&nbsp;Cuentarrevoluciones: de 10000 rpm<br>•&nbsp;Luz de cambio configurable (2 umbrales)<br>•&nbsp;Cuentakilómetros<br>•&nbsp;2 cuentakilómetros parciales<br>•&nbsp;Pantalla con temperatura de agua y aceite: 0-250°C<br>•&nbsp;Alerta de temperatura máxima<br>•&nbsp;Ajustable según diámetro del neumático<br>•&nbsp;Indicador nivel de gasolina y gasolina baja<br>•&nbsp;Reloj<br>•&nbsp;Registro de velocidad, RPM y temperatura máximas.<br>•&nbsp;Función velocidad &amp; distancia objetivo<br>•&nbsp;Suministro eléctrico: 12 V<br>•&nbsp;Homologación europea<br><br><strong>Accesorios incluidos:<br></strong>•&nbsp;Cableado principal<br>•&nbsp;Cable cuenta rpm tipo A<br>•&nbsp;Cable cuenta rpm tipo B<br>•&nbsp;Prolongador sensor de temperatura<br>•&nbsp;Sensor de temperatura<br>•&nbsp;Sensor de velocidad activo<br>•&nbsp;Conectores eléctricos<br>•&nbsp;Soporte para captador tipo S<br>•&nbsp;Soporte al manillar</p>","
El RX2NR+ se ha desarrollado con los mejores componentes y la tecnología más avanzada del mercado. La aguja cuentarrevoluciones, iluminada por LED, hace que visibilidad de la información sea perfecta, incluso por la noche. Dispone de todas las prestaciones habituales: velocidad, revoluciones, cuentakilómetros, temperatura... ¡y una multitud de funciones avanzadas muy prácticas! El cuentarrevoluciones es configurable, para poderse adaptar a tu moto lo mejor posible.Marcador digital multifunción
Se adapta a la mayoría de vehículosTestigos: intermitentes, luz, aceite, neutral, EODB, luz de cambio (2 umbrales), alerta superación velocidad máxima, temperatura aceite y aguaFunciones:• Velocímetro km/h (o m/h): hasta 360 km/h (o 223 m/h)• Cuentarrevoluciones: de 10000 rpm• Luz de cambio configurable (2 umbrales)• Cuentakilómetros• 2 cuentakilómetros parciales• Pantalla con temperatura de agua y aceite: 0-250°C• Alerta de temperatura máxima• Ajustable según diámetro del neumático• Indicador nivel de gasolina y gasolina baja• Reloj• Registro de velocidad, RPM y temperatura máximas.• Función velocidad & distancia objetivo• Suministro eléctrico: 12 V• Homologación europeaAccesorios incluidos:• Cableado principal• Cable cuenta rpm tipo A• Cable cuenta rpm tipo B• Prolongador sensor de temperatura• Sensor de temperatura• Sensor de velocidad activo• Conectores eléctricos• Soporte para captador tipo S• Soporte al manillar",VEHICLE PARTS & ACCESSORIES,ACCESSORIES,ACC. ELECTRONIC,,,2912,901,205,134,106,,,,,,,,,,,,,,,,,,https://api.mybihr.com/medias/1101936-1-800Wx800H?context=bWFzdGVyfHJvb3R8ODgxMzZ8aW1hZ2UvanBlZ3xhRGhqTDJoaU9DODVOak15TXpNd09EUXlNVFF5THpFeE1ERTVNell0TVY4NE1EQlhlRGd3TUVnfDM5MDJmMzM1NDMxNTMzNDNmMWFhOWEzYzJlYmFkMzMzNWQzOGZjZGZmMmM3NTRmM2RmMjViYWM4NTljY2ZjZjM,,,,,,,,https://static.bihr.pro/eBihr/Pictures/KOSO-pictures.zip,,,,,,,,,,,Spain Warehouse (Parts)
1067440,1067440,BA051200,KOSO,KOSO COUNTER SPEED - HD-01 CHROME,"Marcador universal KOSO Plug & Play cromado Harley Davidson Ø 94,7mm",462.26,382.03,248.32,3661738035428,0,9025900090,0,1,"<p data-isautotranslation=""1""></p><html> 
<head> 
<meta http-equiv=""Content-Type"" content=""text/html; charset=utf-8""><title> </title> 
<style type=""text/css"">
.cs95E872D0{text-align:left;margin:0pt 0pt 0pt 0pt;}
.csA7555675{color:#000;background-color:transparent;font-weight:normal;font-style:normal;}
.cs4FC7BF42{text-align:left;margin:0pt 0pt 0pt 0pt;list-style-type:disc;color:#000;background-color:transparent;font-weight:normal;font-style:normal;}
</style> 
</head> 
<body> 
<p>
<a id=""_DX_FRAG_STARTFRAGMENT""></a>
Este Velocímetro HD-01 ofrece numerosas funciones con un diseño moderno y una pantalla de 7 colores cambiables
</p>
<p> </p><ul> 
<li>Proporciona velocidad de 0 a 360 km/h, cuentakilómetros, tripómetro y velocidad del motor de 0 a 8000 RPM</li>
<li>Indicador de combustible</li>
<li>Luz de batería</li>
<li>Luz de mantenimiento de kilometraje</li>
<li>Temperatura del motor</li>
<li>Indicador de marcha engranada</li>
</ul> 
<p> </p>
</body> 
</html> ","
 
 
  
 
 
 


Este Velocímetro HD-01 ofrece numerosas funciones con un diseño moderno y una pantalla de 7 colores cambiables

  
Proporciona velocidad de 0 a 360 km/h, cuentakilómetros, tripómetro y velocidad del motor de 0 a 8000 RPM
Indicador de combustible
Luz de batería
Luz de mantenimiento de kilometraje
Temperatura del motor
Indicador de marcha engranada
 
 
 
 ",VEHICLE PARTS & ACCESSORIES,ACCESSORIES,ACC. ELECTRONIC,,,1387,265,138,134,75,,,,,,,,,,,,,,,,,,https://api.mybihr.com/medias/1067440-1-800Wx800H?context=bWFzdGVyfHJvb3R8MjE0Mzc3fGltYWdlL2pwZWd8YURsaUwyZ3hOeTg1TURFek1UZzVORFF6TmpFMEx6RXdOamMwTkRBdE1WODRNREJYZURnd01FZ3xkZjVhZTBlNjkxNjE0ZTU2M2JmMjI2NzczNjA0NDdjZGEzOWFhNzUzZjg2ZmFjYmRiMDMzOTE5MjhmMWJlMWRm,,,,,,,,https://static.bihr.pro/eBihr/Pictures/KOSO-pictures.zip,,,,,,,,,,,Spain Warehouse (Parts)
1067441,1067441,BA051210,KOSO,KOSO COUNTER SPEED - HD-01 BLACK,"Marcador universal KOSO Plug & Play negro Harley Davidson Ø 94,7mm",462.26,382.03,248.32,4260303014562,0,9025900090,0,1,"<p data-isautotranslation=""1""></p>El velocímetro HD-01 ofrece numerosas características en un diseño moderno con una pantalla cambiable de 7 colores.

Proporciona velocidad desde 0 hasta 360 km/h, odómetro, cuentakilómetros parcial y velocidad del motor desde 0 hasta 8000 RPM.
Indicador de combustible.
Luz de batería.
Luz de mantenimiento del kilometraje.
Temperatura del motor.
Pantalla de marcha engranada.","
El velocímetro HD-01 ofrece numerosas características en un diseño moderno con una pantalla cambiable de 7 colores.

Proporciona velocidad desde 0 hasta 360 km/h, odómetro, cuentakilómetros parcial y velocidad del motor desde 0 hasta 8000 RPM.
Indicador de combustible.
Luz de batería.
Luz de mantenimiento del kilometraje.
Temperatura del motor.
Pantalla de marcha engranada.",VEHICLE PARTS & ACCESSORIES,ACCESSORIES,ACC. ELECTRONIC,,,1387,265,138,134,75,,,,,,,,,,,,,,,,,,https://api.mybihr.com/medias/1067441-1-800Wx800H?context=bWFzdGVyfHJvb3R8MjQ3NDcxfGltYWdlL2pwZWd8YUdOaEwyZ3hNQzg1TURFek1UZzVOalF3TWpJeUx6RXdOamMwTkRFdE1WODRNREJYZURnd01FZ3w4OWJjNDdjYjU5Y2Y0MDI0YmYyOWE3MzBlM2Q5OTYwMzk4ZDM1M2QyYTUyYjYwZDIwMTIwZGNlZTVlN2U1ZjRi,,,,,,,,https://static.bihr.pro/eBihr/Pictures/KOSO-pictures.zip,,,,,,,,,,,Spain Warehouse (Parts)
1067445,,BA054000,KOSO,KOSO COUNTER SPEED - TNT 64MM,Cuenta Rpm KOSO Pro-1 LCD multifunción,132.65,109.63,71.26,4260303013688,0,9025900090,0,1,"<p data-isautotranslation=""1""></p>Diseño compacto para la competición.

Tacómetro 0-20000 rpm
RPM máximas
Termómetro
Hora de funcionamiento del motor
Termómetro °C y °F
Temperatura de aire/aceite con alarma (0-250 °C)
Luz de fondo blanca CR 2032 o batería de motocicleta","
Diseño compacto para la competición.

Tacómetro 0-20000 rpm
RPM máximas
Termómetro
Hora de funcionamiento del motor
Termómetro °C y °F
Temperatura de aire/aceite con alarma (0-250 °C)
Luz de fondo blanca CR 2032 o batería de motocicleta",VEHICLE PARTS & ACCESSORIES,ACCESSORIES,ACC. ELECTRONIC,,,734,229,125,103,57,,,,,,,,,,,,,,,,,,https://api.mybihr.com/medias/1067445-1-800Wx800H?context=bWFzdGVyfHJvb3R8MjA5MjF8aW1hZ2UvanBlZ3xhR0l4TDJobU1pODVNREV6TVRrd09ERTVPRGN3THpFd05qYzBORFV0TVY4NE1EQlhlRGd3TUVnfDk2NWVjNmY2NTRhYWFmNmQyNzJiMTEwOTliOWIyYmE4MGZjMWEzZjBhNWZlNzhhMjc4OTkxMzRhZWIzMzA4NjY,https://api.mybihr.com/medias/1067445-2-800Wx800H?context=bWFzdGVyfHJvb3R8MjIzNjl8aW1hZ2UvanBlZ3xhRE0xTDJoaE5DODVNREV6TVRreE1ERTJORGM0THpFd05qYzBORFV0TWw4NE1EQlhlRGd3TUVnfGY4NTI1MWFhYWRjMDJlMzQ3Y2FlZjdiZWRlNmMzY2Q3YWUzNDE2NzIyYjk1ZWIwMjk0MTY0YzBlZGZmNzVmMmY,https://api.mybihr.com/medias/1067445-3-800Wx800H?context=bWFzdGVyfHJvb3R8MjgzMTJ8aW1hZ2UvanBlZ3xhRFkwTDJnNVpDODVNREV6TVRreE1qRXpNRGcyTHpFd05qYzBORFV0TTE4NE1EQlhlRGd3TUVnfDY0ZTQ0NzZhMWExMzgyMjE4OTVjMmRiYjMzZjQ1YjI2ZTkwZThkOTdmNzk1OTk2ZDNlMDUzNjdkYjIxNzg5YTk,,,,,,https://static.bihr.pro/eBihr/Pictures/KOSO-pictures.zip,,,,,,,,,,,Spain Warehouse (Parts)
1067476,,KK000001,KOSO,KOSO SPAREPARTS GPS SIGNAL CONVERTER,Kit conversor de señal de velocidad GPS KOSO,216.23,178.70,116.16,4260303013930,2,9025900090,0,1,"<p data-isautotranslation=""1""></p><html>
<head>
<meta http-equiv=""Content-Type"" content=""text/html; charset=utf-8"">
<title></title>
<style type=""text/css"">
.cs4FC7BF42{text-align:left;margin:0pt 0pt 0pt 0pt;list-style-type:disc;color:#000;background-color:transparent;font-weight:normal;font-style:normal;}
.csA7555675{color:#000;background-color:transparent;font-weight:normal;font-style:normal;}
.csDA02FF29{color:#000;background-color:transparent;font-weight:normal;font-style:normal;text-decoration:underline;}
</style>
</head>
<body>
<ul>
<li>El Convertidor de Señal de Velocidad GPS KOSO es solamente adecuado para el Velocímetro Universal KOSO</li>
<li>Utiliza una antena multi satélite</li>
<li>Homologado</li>
</ul>
</body>
</html>","








El Convertidor de Señal de Velocidad GPS KOSO es solamente adecuado para el Velocímetro Universal KOSO
Utiliza una antena multi satélite
Homologado


",VEHICLE PARTS & ACCESSORIES,ACCESSORIES,ACC. ELECTRONIC,,,434,136,139,60,52,,,,,,,,,,,,,,,,,,https://api.mybihr.com/medias/1067476-1-800Wx800H?context=bWFzdGVyfHJvb3R8MzYxNDh8aW1hZ2UvanBlZ3xhREF3TDJoa09DODRPVGMwTkRZek5EQXlNREUwTHpFd05qYzBOell0TVY4NE1EQlhlRGd3TUVnfDYwOGVmMjdiZDJiZjY4OWExMjBlZmY3ODM5YWJjYzFlYTEwOGVjNGQ2M2JhYzY5MjhhYzkyYzk2ZmRiMmEyY2Q,,,,,,,,https://static.bihr.pro/eBihr/Pictures/KOSO-pictures.zip,https://api.mybihr.com/medias/GPS-Speed-Sensor-Converter-Instruction-KOSO.pdf?context=bWFzdGVyfGRvY3VtZW50c3w5ODA0NzA4fGFwcGxpY2F0aW9uL3BkZnxhR0l5TDJnNE9DODVNRFF6TnprMU1UUTRPRE13TDBkUVV5QlRjR1ZsWkNCVFpXNXpiM0lnUTI5dWRtVnlkR1Z5SUVsdWMzUnlkV04wYVc5dVgwdFBVMDh8YWVmM2MwOTU0ZDI2YmQ1MzRlM2VlY2IwNjhiMDNjOTlhY2Q1ZWQ1ZGI5YTg0OTY1MzhhYjE3ODJlNDk5ZTU0ZQ,,,,,,,,,,Spain Warehouse (Parts)
1056056,49229,BA038010,KOSO,KOSO COUNTER MULTI - DB03R,Marcador universal KOSO DB03 BA038010,241.18,199.32,129.56,4260303013480,2,9029203890,0,1,"<p><strong>El DB-03</strong> puede adaptarse completamente a las motos de carretera. Su pantalla azul con retroiluminación permite ver los datos perfectamente, incluso de noche o a altas velocidades. Posee todos los testigos necesarios para la conducción por carretera el cuentarrevoluciones puede configurarse en función del tipo de motor. Luz de cambio configurable, para un cambio de marcha preciso. Además de estas óptimas prestaciones, el DB-03 nos informa acerca de velocidad, revoluciones, kilómetros globales y parciales, temperatura del agua, tensión del circuito, voltaje, nivel de gasolina... ¡y muchos datos más!<br><br><strong>Velocímetro digital multifunción</strong></p><p><br>Se adapta a la mayoría de vehículos<br>Testigos: intermitente, iluminación, aceite, neutral, EODB, temperatura máxima, luz de cambio<br>Retroiluminación: azul, naranja, rosa<br><br><strong>Funciones:<br></strong>• Velocímetro km/h (o m/h): hasta 360 km/h (o 223 m/h)<br>• Cuentarrevoluciones configurable: hasta 10.000, 12.000 o 15.000 rpm<br>• Luz de cambio (2 umbrales)<br>• Cuentakilómetros<br>• 2 cuentakilómetros parciales<br>• Pantalla con temperatura de agua y aceite: 0-250°C<br>• Voltímetro: 0-18V<br>• Reloj<br>• Ajustable según diámetro del neumático<br>• Indicador de gasolina y alerta gasolina baja<br>• Suministro eléctrico: 12 V<br>• Homologación europea<br><br><strong>Accesorios incluidos<br></strong>• Cableado principal<br>• Cable cuenta rpm tipo A<br>• Cable cuenta rpm tipo B<br>• Prolongador sensor de temperatura<br>• Sensor de temperatura<br>• Sensor de velocidad digital<br>• Imán<br>• Soporte para captador tipo S<br>• Conectores eléctricos<br>• Soporte al manillar</p>","
El DB-03 puede adaptarse completamente a las motos de carretera. Su pantalla azul con retroiluminación permite ver los datos perfectamente, incluso de noche o a altas velocidades. Posee todos los testigos necesarios para la conducción por carretera el cuentarrevoluciones puede configurarse en función del tipo de motor. Luz de cambio configurable, para un cambio de marcha preciso. Además de estas óptimas prestaciones, el DB-03 nos informa acerca de velocidad, revoluciones, kilómetros globales y parciales, temperatura del agua, tensión del circuito, voltaje, nivel de gasolina... ¡y muchos datos más!Velocímetro digital multifunción
Se adapta a la mayoría de vehículosTestigos: intermitente, iluminación, aceite, neutral, EODB, temperatura máxima, luz de cambioRetroiluminación: azul, naranja, rosaFunciones:• Velocímetro km/h (o m/h): hasta 360 km/h (o 223 m/h)• Cuentarrevoluciones configurable: hasta 10.000, 12.000 o 15.000 rpm• Luz de cambio (2 umbrales)• Cuentakilómetros• 2 cuentakilómetros parciales• Pantalla con temperatura de agua y aceite: 0-250°C• Voltímetro: 0-18V• Reloj• Ajustable según diámetro del neumático• Indicador de gasolina y alerta gasolina baja• Suministro eléctrico: 12 V• Homologación europeaAccesorios incluidos• Cableado principal• Cable cuenta rpm tipo A• Cable cuenta rpm tipo B• Prolongador sensor de temperatura• Sensor de temperatura• Sensor de velocidad digital• Imán• Soporte para captador tipo S• Conectores eléctricos• Soporte al manillar",VEHICLE PARTS & ACCESSORIES,ACCESSORIES,ACC. ELECTRONIC,,,3006,594,204,139,106,,,,,,,,,,,,,,,,,,https://api.mybihr.com/medias/800Wx800H-1056056-1.jpg?context=bWFzdGVyfHJvb3R8MjAzNDU4fGltYWdlL2pwZWd8YURSaEwyaGxNeTh6TWpnek16YzJOREU1TmpNNE1pODRNREJYZURnd01FaGZNVEExTmpBMU5pMHhMbXB3Wnd8MGNkZGUxZWQ1MDhiZjBmYjVkOTZjOWZjZmY4YTg3YTI4ZTNkMjZkYjZjMjkzODYzODMzODY2NTg1ZjY3MDY0Ng,https://api.mybihr.com/medias/800Wx800H-1056056-2.jpg?context=bWFzdGVyfHJvb3R8NDU0Mjd8aW1hZ2UvanBlZ3xhREU0TDJobFpDOHpNamd6TXpjMk5EUTFPRFV5Tmk4NE1EQlhlRGd3TUVoZk1UQTFOakExTmkweUxtcHdad3xiMDljYjRkYjMyYTllZDMxYWZmZmIxMzM4M2M3ZjE5MDJhYmU5N2RiMjFkOWRkNTU2NTNhN2UyYjY0NzZkNWEy,https://api.mybihr.com/medias/800Wx800H-1056056-3.jpg?context=bWFzdGVyfHJvb3R8NDUyNjV8aW1hZ2UvanBlZ3xhR0k0TDJobVlTOHpNamd6TXpjMk5EZzFNVGMwTWk4NE1EQlhlRGd3TUVoZk1UQTFOakExTmkwekxtcHdad3xlNWJlNDJlNzI0MzQ0OWE3YWNiZjQ5NDUwOGJlYjBlMjEwMDZjMmIwYjA4OWVmNjJmZWM2MzczMzU0MGJiNjEz,https://api.mybihr.com/medias/800Wx800H-1056056-4.jpg?context=bWFzdGVyfHJvb3R8NTE4NDl8aW1hZ2UvanBlZ3xhREJsTDJoaU1DOHpNamd6TXpjMk5USTBORGsxT0M4NE1EQlhlRGd3TUVoZk1UQTFOakExTmkwMExtcHdad3xhM2NmMzM3ODUwOTMxM2YyYjcyNzgxM2VlNDZiNzE2ODI3MzEwMjNlMDgwMWU0YzdhNGY0YTZkNTc0ZmMwNThl,https://api.mybihr.com/medias/800Wx800H-1056056-5.jpg?context=bWFzdGVyfHJvb3R8MjU0NTV8aW1hZ2UvanBlZ3xhRGd3TDJoaE1pOHpNamd6TXpjMk5UWXpPREUzTkM4NE1EQlhlRGd3TUVoZk1UQTFOakExTmkwMUxtcHdad3xhMGI4NDczMjg4MTMxMjM0NDAzYmNkMTY1YjA3YTE4YWFiNzYxOTIzMmJkNjViZDhhYmU3MjhmNmVmYThmMGJj,,,,https://static.bihr.pro/eBihr/Pictures/KOSO-pictures.zip,https://api.mybihr.com/medias/1056056-ABE-Document-DB03R-BA038010-?context=bWFzdGVyfGRvY3VtZW50c3w4NjA0MjJ8YXBwbGljYXRpb24vcGRmfGFERm1MMmd5WVM4ek1qZ3pNemMyTWpreE9EUXpNQzh4TURVMk1EVTJJQzBnUVVKRklFUnZZM1Z0Wlc1MElFUkNNRE5TSUNoQ1FUQXpPREF4TUNrfDk5ZTYyNmQ3MTBiMDRmZjM1NmJkNzYzNTkxMzM5N2Y1MzRkZGNlOTcxMjIyYmYxMWFhMjVhNzFkMWVlNWU5ZjQ,https://api.mybihr.com/medias/1056056-Homologation-ABE.pdf?context=bWFzdGVyfGRvY3VtZW50c3wyMjYxNDg1fGFwcGxpY2F0aW9uL3BkZnxhREUzTDJnMU5TODRNVEV6TnpFd01EYzRNelkwTmk4eE1EVTJNRFUyWDBodmJXOXNiMmRoZEdsdmJsOUJRa1V1Y0dSbXwxZWYwZTJhZGQ1MjYzMDgxMjM2OTE0Mjk4YTM1MzNmYmM4ODllZDc2ZmQwMDUxNjU1MzI4NjJkOWExYzNkZDdi,https://api.mybihr.com/medias/1056056-Instruction-Manual-BA038010-DE?context=bWFzdGVyfGRvY3VtZW50c3wxMzY4OTUzNXxhcHBsaWNhdGlvbi9wZGZ8YUdJM0wyZzVNQzh6TWpnek16YzJNemd6TlRrek5DOHhNRFUyTURVMklDMGdTVzV6ZEhKMVkzUnBiMjRnVFdGdWRXRnNJRUpCTURNNE1ERXdJRVJGfDVjYzZhMDg3OGNiOGI0NzBmNjVjYWFkOGU1MWUzZGRlNzEyYWU5NWVkMWUzYjNiMDUzY2Y2MDUzOGI2MDY5MDg,https://api.mybihr.com/medias/1056056-Instruction-Manual-BA038010-EN?context=bWFzdGVyfGRvY3VtZW50c3w0OTAzNjM0NHxhcHBsaWNhdGlvbi9wZGZ8YURoaUwyaGtaaTh6TWpnek16YzJOREEyTlRNeE1DOHhNRFUyTURVMklDMGdTVzV6ZEhKMVkzUnBiMjRnVFdGdWRXRnNJRUpCTURNNE1ERXdJRVZPfDIyYzZkMmIyNWQ1NzY0YWM0ZmUwN2IyMTZhODlkZmY2YjhkOTE5YmNhYzhkYzg5ZGU5NDJlYjlhZWYxOGRiNzM,https://api.mybihr.com/medias/1056056-Instruction-Manual-BA038010-ES?context=bWFzdGVyfGRvY3VtZW50c3w0MjQwNDkwfGFwcGxpY2F0aW9uL3BkZnxhR1l4TDJnM09DOHpNamd6TXpjMk16RTBOemd3Tmk4eE1EVTJNRFUySUMwZ1NXNXpkSEoxWTNScGIyNGdUV0Z1ZFdGc0lFSkJNRE00TURFd0lFVlR8MjY2YjU4MWNmZTdhZGQ1ZTA3YTM2ZDg2N2I4OTY5NDNhODk4ZDJjMWYyNmMyYzQwODI5YzNlNjljNmQwYTc3NQ,https://api.mybihr.com/medias/1056056-Instruction-Manual-BA038010-FR?context=bWFzdGVyfGRvY3VtZW50c3w0MzEzNzg4fGFwcGxpY2F0aW9uL3BkZnxhREU1TDJnNE1DOHpNamd6TXpjMk16TTNOekU0TWk4eE1EVTJNRFUySUMwZ1NXNXpkSEoxWTNScGIyNGdUV0Z1ZFdGc0lFSkJNRE00TURFd0lFWlN8ZmQ4ZGRjZjBmZjU0ZjA2OGNkOThjZDRmMWZkMjZkODYxOTZkMTYxYmY0MWVkZDMzODljYjM2ODk5N2M5Y2M0OQ,https://api.mybihr.com/medias/1056056-Instruction-Manual-BA038010-IT?context=bWFzdGVyfGRvY3VtZW50c3w0MTU1NzgzfGFwcGxpY2F0aW9uL3BkZnxhRGt3TDJnNE9TOHpNamd6TXpjMk16WXdOalUxT0M4eE1EVTJNRFUySUMwZ1NXNXpkSEoxWTNScGIyNGdUV0Z1ZFdGc0lFSkJNRE00TURFd0lFbFV8YTU2MTBkMDlkMGI0NDBiOTczMDY2ZmExNGZjYTY2NDMyM2ZhMjhkODNlYjE5OGZiMjYwODQ2YmIzNWI2YjcyNA,https://api.mybihr.com/medias/1056056-Mounting-Instructions-DE.pdf?context=bWFzdGVyfGRvY3VtZW50c3w1MTY2NTc0fGFwcGxpY2F0aW9uL3BkZnxhREJsTDJoa1pDODRNVEV6TnpFeU5ERTNPVGs1T0M4eE1EVTJNRFUyWDAxdmRXNTBhVzVuWDBsdWMzUnlkV04wYVc5dWMxOUVSUzV3WkdZfGNiMWQzZDQ5ZDQxOTY5MzkwZWE3NzM4NWI2ZWExMTM5ODYzYWM5NDRjNTg0MmZkZmU2MTNkNzJjZmUyMzQxYTg,https://api.mybihr.com/medias/1056056-Teilegutachten-Homologation.pdf?context=bWFzdGVyfGRvY3VtZW50c3wyMjYxNDg1fGFwcGxpY2F0aW9uL3BkZnxhRFF6TDJnMVpDODRNVEV6TmprNU9EYzNOamcyTWk4eE1EVTJNRFUyWDFSbGFXeGxaM1YwWVdOb2RHVnVYMGh2Ylc5c2IyZGhkR2x2Ymk1d1pHWXxmYzIxMTFhOWQ1OTZjODY4MmNhNmU0MTA0ODUxZWY3YjNlOWNkYTU2MDU2NzE4OWIyZDgxNzE5NWYyYzUzMGQz,https://api.mybihr.com/medias/DB-03R-FR-BD.pdf?context=bWFzdGVyfGRvY3VtZW50c3wyOTAyNTUxfGFwcGxpY2F0aW9uL3BkZnxhREpoTDJobE1TODVNRFF6TnprNU1UYzVNamswTDBSQ0xUQXpVaTFHVWkxQ1JBfDhjMTMwY2MyMjZiYzBkZThlMDZhZGM4OGVkZTI3ZmEzM2U2ZTQxNmFlNDQxZWE5MmZiYjBiZDMwZTE2ZWM1OWE,Spain Warehouse (Parts)
1056063,49224,BB642W10,KOSO,KOSO COUNTER MULTI D64 GP - CHROME,Marcador circular KOSO D64 DL-03S plata BB642W10,160.78,132.88,86.37,4260303013497,2,9029203890,0,1,"<p>El <strong>DL-03S</strong> posee todos los indicadores y funciones que necesitas para circular por carretera. Su pantalla digital, provista de retroiluminación e indicadores, es perfecta para circular con total seguridad, incluso de noche. Dispone de un soporte universal que hace posible su instalación en cualquier tipo de moto. Un marcador compacto, ligero, intuitivo... ¡así es el DL-03S de Koso!<br>Marcador digital multifunción Ø64 mm <br>Se adapta a la mayoría de vehículos<br>Testigos: intermitentes, luz, aceite, neutral, EOBD<br><br><strong>Funciones:</strong><br>Velocímetro: hasta 260 km/h (160 m/h) <br>Cuentakilómetros<br>2 cuentakilómetros parciales <br>Nivel de gasolina<br>Distancia restante estimada <br>Reloj<br>Voltímetro: 5-28 V<br>Ajustable según diámetro del neumático <br>Brillo de la pantalla ajustable <br>Suministro eléctrico: 12 V<br>Homologación europea<br>Color plata<br><br><strong>Accesorios incluidos:<br></strong>• Cable cuenta rpm tipo A<br>• Cable cuenta rpm tipo B<br>• Sensor de velocidad digital<br>• Soporte para captador tipo S<br>• Imán<br>• Conectores eléctricos<br>• Soporte al manillar<br>• Guiacables</p>","
El DL-03S posee todos los indicadores y funciones que necesitas para circular por carretera. Su pantalla digital, provista de retroiluminación e indicadores, es perfecta para circular con total seguridad, incluso de noche. Dispone de un soporte universal que hace posible su instalación en cualquier tipo de moto. Un marcador compacto, ligero, intuitivo... ¡así es el DL-03S de Koso!Marcador digital multifunción Ø64 mm Se adapta a la mayoría de vehículosTestigos: intermitentes, luz, aceite, neutral, EOBDFunciones:Velocímetro: hasta 260 km/h (160 m/h) Cuentakilómetros2 cuentakilómetros parciales Nivel de gasolinaDistancia restante estimada RelojVoltímetro: 5-28 VAjustable según diámetro del neumático Brillo de la pantalla ajustable Suministro eléctrico: 12 VHomologación europeaColor plataAccesorios incluidos:• Cable cuenta rpm tipo A• Cable cuenta rpm tipo B• Sensor de velocidad digital• Soporte para captador tipo S• Imán• Conectores eléctricos• Soporte al manillar• Guiacables",VEHICLE PARTS & ACCESSORIES,ACCESSORIES,ACC. ELECTRONIC,,,1646,441,207,106,75,,,,,,,,,,,,,,,,,,https://api.mybihr.com/medias/1056063-1-800Wx800H?context=bWFzdGVyfHJvb3R8NzgyNjB8aW1hZ2UvanBlZ3xhRFpsTDJoaU1TODRPVGN5TXpBM056STJNelkyTHpFd05UWXdOak10TVY4NE1EQlhlRGd3TUVnfDMyNjU5OGI4NmJjYzlhZTJkY2M2MjY1YmYwMzNjY2E2NDhkZmNiZmNjZDc5MjI5N2RmNzU2ZGFlMzM0ODE4NmY,,,,,,,,https://static.bihr.pro/eBihr/Pictures/KOSO-pictures.zip,https://api.mybihr.com/medias/D64-DL-03SR-FR-BD.pdf?context=bWFzdGVyfGRvY3VtZW50c3wyNjQzNzE2fGFwcGxpY2F0aW9uL3BkZnxhRFEwTDJoak9TODVNRFF6TnprNE56VXpNekV3TDBRMk5DQkVUQzB3TTFOU0xVWlNJRUpFfGM1NDgxNDAxMGYyMGZkN2JiNjMxYzE4OWFiMjczMjVjMzczYTUwN2JlZmM1ZmMxMWZjZmUzOGQyMGI5OTFjNmM,https://api.mybihr.com/medias/Homologation-Koso-D64.pdf?context=bWFzdGVyfHJvb3R8MjEzMTY1fGFwcGxpY2F0aW9uL3BkZnxhRE14TDJoaE1DODBORFkyTnpVME1qSXdPRFUwTWk5SWIyMXZiRzluWVhScGIyNGdTMjl6YnlCRU5qUXVjR1JtfDcxMWMzZDdiZGQzZTc5MWY2OWQxN2MxZjI4OTIxNDIyYTZhZmIzZmNmMjExYTVlMWI4YmVkN2Y3N2Q1ODdmNDY,,,,,,,,,Spain Warehouse (Parts)
1056071,49248,BF030125-N,KOSO,KOSO SENSOR TEMP - PT1/8x28 - 150°C,Sensor de temperatura KOSO PT1/8 x 28 BF030125-n,17.29,14.29,9.29,4260303012049,0,9025900090,0,1,"Sensor de temperatura KOSO PT1/8 x 28 (hasta 150 grados, conectores negros)","Sensor de temperatura KOSO PT1/8 x 28 (hasta 150 grados, conectores negros)",VEHICLE PARTS & ACCESSORIES,ACCESSORIES,ACC. ELECTRONIC,,,175,19,117,68,22,,,,,,,,,,,,,,,,,,https://api.mybihr.com/medias/1056071-1-800Wx800H?context=bWFzdGVyfHJvb3R8MzI2NDl8aW1hZ2UvanBlZ3xhR0ZsTDJnNFppODRPVGN5TXpBNU1UQXlOakl5THpFd05UWXdOekV0TVY4NE1EQlhlRGd3TUVnfDVmZTY3MmMwMDZjOGFhZjQyNWZmOTlhY2ExOTZmNTY3MDBmY2JlZjE3ZDAwNDM1OWJiMjkxOWEyOTVjMmJmNjI,,,,,,,,https://static.bihr.pro/eBihr/Pictures/KOSO-pictures.zip,,,,,,,,,,,Spain Warehouse (Parts)
1056072,49244,BF100100-N,KOSO,"KOSO SENSOR TEMP - M10xP1,0 -150°C",Sensor de temperatura KOSO M10 x 1 BF100100-n,17.29,14.29,9.29,4260303012070,5,9025900090,0,1,"Sensor de temperatura KOSO M10 x 1 (150 grados, conectores negros)","Sensor de temperatura KOSO M10 x 1 (150 grados, conectores negros)",VEHICLE PARTS & ACCESSORIES,ACCESSORIES,ACC. ELECTRONIC,,,72,14,118,68,9,,,,,,,,,,,,,,,,,,https://api.mybihr.com/medias/1056072-1-800Wx800H?context=bWFzdGVyfHJvb3R8MzI2NDl8aW1hZ2UvanBlZ3xhRFF3TDJnNFlpODRPVGN5TXpBNU1qazVNak13THpFd05UWXdOekl0TVY4NE1EQlhlRGd3TUVnfDljMGNiMDgyZWE5YTE1MDA3ODVhM2QzMDFjOWZiZDQ2YjM3NzFlMTg4ZjU4NWNjNmYwODdlNTA0YWU0MDlkZjg,,,,,,,,https://static.bihr.pro/eBihr/Pictures/KOSO-pictures.zip,,,,,,,,,,,Spain Warehouse (Parts)
1056069,49203,BF019004-N,KOSO,KOSO SENSOR SPEED - 1550mm TYPE B,Cable captador de velocidad 1550 mm KOSO BF019004-n,23.72,19.60,12.74,4260303011899,42,9025900090,0,1,"Cable captador de velocidad 1550 mm KOSO (pasivo, conectores negros)","Cable captador de velocidad 1550 mm KOSO (pasivo, conectores negros)",VEHICLE PARTS & ACCESSORIES,ACCESSORIES,ACC. ELECTRONIC,,,844,91,169,111,45,,,,,,,,,,,,,,,,,,https://api.mybihr.com/medias/1056069-1-800Wx800H?context=bWFzdGVyfHJvb3R8NjkwMTd8aW1hZ2UvanBlZ3xhR1poTDJobE5DODRPVGN5TXpBNE56QTVOREEyTHpFd05UWXdOamt0TVY4NE1EQlhlRGd3TUVnfDgwYWVjNWNkZjhkOGQ1ZTdhNzI0Y2MzOWIyOTcwNGZmODYyMjNhODZkZDdkYWY5MzZmNTkxYzlmODFlNWU5ZjE,,,,,,,,https://static.bihr.pro/eBihr/Pictures/KOSO-pictures.zip,,,,,,,,,,,Spain Warehouse (Parts)
1056086,49235,BA022000,KOSO,KOSO SPAREPARTS DB02R FRAME + LIGHTS,Marco de luces para KOSO DB-02 / DB-02R BA022000,42.20,34.88,22.67,4260303010465,2,9029203890,0,1,<strong>Marco de luces para KOSO DB-02 / DB-02R<br></strong>Este marcador te permite añadir<strong> </strong>y/o colocar los testigos según tu necesidad.,Marco de luces para KOSO DB-02 / DB-02REste marcador te permite añadir y/o colocar los testigos según tu necesidad.,VEHICLE PARTS & ACCESSORIES,ACCESSORIES,ACC. ELECTRONIC,,,1296,127,160,180,45,,,,,,,,,,,,,,,,,,https://api.mybihr.com/medias/800Wx800H-1056086-1.jpg?context=bWFzdGVyfHJvb3R8MTQxNjAzfGltYWdlL2pwZWd8YUdVMUwyZzFaaTg0TVRFNU1EUXdOelV3TXprd01pODRNREJYZURnd01FaGZNVEExTmpBNE5pMHhMbXB3Wnd8Nzg2Y2E0MzlhN2UyZTZkZTJmMTliZmIwNDRkYjUzMWI2MjNlNWE5NTUzMjVmOGMwMGQzYmI1YWQ2NjI5NTVmOA,https://api.mybihr.com/medias/800Wx800H-1056086-2.jpg?context=bWFzdGVyfHJvb3R8MTU5MjY4fGltYWdlL2pwZWd8YURZM0wyZzFPQzg0TVRFNU1EUXdOemMyTmpBME5pODRNREJYZURnd01FaGZNVEExTmpBNE5pMHlMbXB3Wnd8MWVjY2M0ZTQ5YzIwNGNhNjM4YjgyOGZhYzFlNWUzY2U5NjQ2ODdlZDNlYmU1ZWNjY2U3NzAwMGMyMTlkYmNmYQ,https://api.mybihr.com/medias/800Wx800H-1056086-3.jpg?context=bWFzdGVyfHJvb3R8NTE5MzR8aW1hZ2UvanBlZ3xhR1UwTDJnMk1TOHhNREUxTXpJeE9Ua3pPRGN4TmpZdk9EQXdWM2c0TURCSVh6RXdOVFl3T0RZdE15NXFjR2N8ZWJhOGU5ZjcyM2RmNjFiNWM4OWE4MzgwNDVkY2Q0MTI4MWY5NTE1ZWMyZmY3Mzg0MWE0NjI0ZmQ4ZWZiMzc1ZA,https://api.mybihr.com/medias/800Wx800H-1056086-4.jpg?context=bWFzdGVyfHJvb3R8NTYzMTd8aW1hZ2UvanBlZ3xhRFF6TDJnMU5DOHhNREUxTXpJeE9UazNPREF6T0RJdk9EQXdWM2c0TURCSVh6RXdOVFl3T0RZdE5DNXFjR2N8MGE1ZmM5OTdjNWUwODRmNTViMjFlOGEzM2ExNTYzYTllNWVjODRjZGI2MThhZjM1ZjJjMzIzMDkyODI5YTM2MA,https://api.mybihr.com/medias/800Wx800H-1056086-5.jpg?context=bWFzdGVyfHJvb3R8MzMwMTF8aW1hZ2UvanBlZ3xhRFV6TDJnME5pOHhNREUxTXpJeU1EQXhOek0xT1Rndk9EQXdWM2c0TURCSVh6RXdOVFl3T0RZdE5TNXFjR2N8OGEyMDgyOTFlODI4NTJhNTQyMzVjMmYyY2U1NmI3Y2NlNTE4ODZmZmVmOTkxNWU5MzAxOTZlMjFhZTFjZDIwMg,,,,https://static.bihr.pro/eBihr/Pictures/KOSO-pictures.zip,https://api.mybihr.com/medias/1056086-Instruction-Manual-BA022000-EN.pdf?context=bWFzdGVyfHJvb3R8MjA2ODU5NnxhcHBsaWNhdGlvbi9wZGZ8YUdVNEwyZ3dOQzh6TURjME5ESTFNRGt3T0Rjd01pOHhNRFUyTURnMklDMGdTVzV6ZEhKMVkzUnBiMjRnVFdGdWRXRnNJQ2hDUVRBeU1qQXdNQ2tnUlU0dWNHUm18ZTdjNTQ4NzRmY2I1ZmU4MWQxNzk4MDdiNmM0ZTM3ZTYyYWZiN2EzYTUxOWY5YjczMGQ3ZGMzZTIxZDkwMWZjOQ,,,,,,,,,,Spain Warehouse (Parts)
1056090,49252,BE480003,KOSO,KOSO SPAREPARTS BRACKET FOR D48/D55,"Soporte KOSO para marcador D48, D55 BE480003",20.10,16.61,10.80,4 260303 011387,1,9025900090,0,1,"Soporte KOSO para marcador D48, D55","Soporte KOSO para marcador D48, D55",VEHICLE PARTS & ACCESSORIES,ACCESSORIES,ACC. ELECTRONIC,,,100,37,78,58,22,,,,,,,,,,,,,,,,,,https://api.mybihr.com/medias/1056090-1-800Wx800H?context=bWFzdGVyfHJvb3R8ODQ1MjN8aW1hZ2UvanBlZ3xhRFExTDJnNFl5ODRPVGN5TXpFeU9ETTRNVGMwTHpFd05UWXdPVEF0TVY4NE1EQlhlRGd3TUVnfGE0MDRiZDZhYjJmOGM5NjIxMWYzMjgwMTNjNmEwODllNTQ4MTI3NDlkMWNjNzAyY2E2N2ViM2I0NWFhMTk3NDI,,,,,,,,https://static.bihr.pro/eBihr/Pictures/KOSO-pictures.zip,,,,,,,,,,,Spain Warehouse (Parts)
1056096,49209,BO018000,KOSO,KOSO SPAREPARTS HARNESS DB-01R,Cableado principal para KOSO DB01R  BO018000,24.12,19.93,12.95,4260303012902,3,9029203890,0,1,Cableado principal para KOSO DB01R,Cableado principal para KOSO DB01R,VEHICLE PARTS & ACCESSORIES,ACCESSORIES,ACC. ELECTRONIC,,,950,92,231,121,34,,,,,,,,,,,,,,,,,,https://api.mybihr.com/medias/800Wx800H-1056096-1.jpeg?context=bWFzdGVyfHJvb3R8NTExODZ8aW1hZ2UvanBlZ3xhRFZoTDJnelpTODRNekU1TVRBNE1EWTRNVFV3TWk4NE1EQlhlRGd3TUVoZk1UQTFOakE1TmkweExtcHdaV2N8MzVmYzkxOGQwMmE0ZmY3MzcyY2M4NjIwYjFkZmNmMDE2MmY4Y2VlZTNlYTczN2RiMjViMWY0OTdjNzJkMDBhYQ,,,,,,,,https://static.bihr.pro/eBihr/Pictures/KOSO-pictures.zip,,,,,,,,,,,Spain Warehouse (Parts)
1056085,49264,BG281415,KOSO,"KOSO SENSOR OIL - M14x 1,5x 15mm",Tornillo adaptador para sensor de temperatura KOSO BG281415,8.83,7.30,4.75,4260303012520,196,9025900090,0,1,"<p>Tornillo adaptador para sensor de temperatura KOSO PT1/8x28 (M14x1,5x15mm).</p><p>Culata Motor Derbi Senda/GPR</p>","
Tornillo adaptador para sensor de temperatura KOSO PT1/8x28 (M14x1,5x15mm).
Culata Motor Derbi Senda/GPR",VEHICLE PARTS & ACCESSORIES,ACCESSORIES,ACC. ELECTRONIC,,,233,20,118,68,29,,,,,,,,,,,,,,,,,,https://api.mybihr.com/medias/1056085-1-800Wx800H?context=bWFzdGVyfHJvb3R8NTUxMDV8aW1hZ2UvanBlZ3xhR1JqTDJobU5TODRPVGN5TXpFeE9EVTFNVE0wTHpFd05UWXdPRFV0TVY4NE1EQlhlRGd3TUVnfDExMDAwNTE5MTU1NGU4YjMxZWM5ZDFlMjVhZGE2OTNhMzQ4MmE2NTM3OTYyODI5Y2VhZjhmZDdjMjdkZmMxOTM,,,,,,,,https://static.bihr.pro/eBihr/Pictures/KOSO-pictures.zip,,,,,,,,,,,Spain Warehouse (Parts)
1056046,49231,BA010100,KOSO,KOSO COUNTER MULTI - RX2N,Marcador universal KOSO RX2 GP Style BA010100,401.96,332.20,215.93,4260303013251,1,9029203890,0,1,"<p><strong>El RX-2</strong> es probablemente uno de los mejores productos de Koso. Su pantalla con retroiluminación intercambiable lo hace muy popular. La aguja, iluminada por LED, hace que la visibilidad de la información sea perfecta, incluso por la noche. Dispone de todas las prestaciones habituales: velocidad, revoluciones, cuentakilómetros, temperatura... ¡y una multitud de funciones avanzadas muy prácticas! ¡Desmárcate con el RX-2!<br><br><strong>Marcador digital multifunción</strong></p><p><br>Se adapta a la mayoría de vehículos<br>Testigos: intermitentes, luz, aceite, neutral, EODB, luz de cambio (2 umbrales), alerta superación velocidad máxima<br>Retroiluminación: azul, azul claro, naranja, verde, rosa claro<br><br><strong>Funciones:</strong><br>• Velocímetro km/h (o m/h): hasta 360 km/h (o 223 m/h)<br>• Cuentarrevoluciones: hasta 15.000 rpm<br>• Luz de cambio configurable (2 umbrales)<br>• Cuentakilómetros<br>• 2 cuentakilómetros parciales<br>• Pantalla con temperatura de agua y aceite: 0-250°C<br>• Alerta de temperatura máxima<br>• Ajustable según diámetro del neumático<br>• Indicador de gasolina & alerta gasolina baja<br>• Registro de velocidad, RPM y temperatura máximas.<br>• Función velocidad & distancia objetivo<br>• Suministro eléctrico: 12 V<br>• Homologación europea<br><br><strong>Accesorios incluidos:<br></strong>• Cable de alimentación<br>• Cable cuenta rpm tipo A<br>• Cable cuenta rpm tipo B<br>• Prolongador sensor de temperatura<br>• Sensor de temperatura<br>• Sensor de velocidad digital<br>• Imán<br>• Conectores eléctricos<br>• Soporte para captador tipo S<br>• Soporte al manillar</p>","
El RX-2 es probablemente uno de los mejores productos de Koso. Su pantalla con retroiluminación intercambiable lo hace muy popular. La aguja, iluminada por LED, hace que la visibilidad de la información sea perfecta, incluso por la noche. Dispone de todas las prestaciones habituales: velocidad, revoluciones, cuentakilómetros, temperatura... ¡y una multitud de funciones avanzadas muy prácticas! ¡Desmárcate con el RX-2!Marcador digital multifunción
Se adapta a la mayoría de vehículosTestigos: intermitentes, luz, aceite, neutral, EODB, luz de cambio (2 umbrales), alerta superación velocidad máximaRetroiluminación: azul, azul claro, naranja, verde, rosa claroFunciones:• Velocímetro km/h (o m/h): hasta 360 km/h (o 223 m/h)• Cuentarrevoluciones: hasta 15.000 rpm• Luz de cambio configurable (2 umbrales)• Cuentakilómetros• 2 cuentakilómetros parciales• Pantalla con temperatura de agua y aceite: 0-250°C• Alerta de temperatura máxima• Ajustable según diámetro del neumático• Indicador de gasolina & alerta gasolina baja• Registro de velocidad, RPM y temperatura máximas.• Función velocidad & distancia objetivo• Suministro eléctrico: 12 V• Homologación europeaAccesorios incluidos:• Cable de alimentación• Cable cuenta rpm tipo A• Cable cuenta rpm tipo B• Prolongador sensor de temperatura• Sensor de temperatura• Sensor de velocidad digital• Imán• Conectores eléctricos• Soporte para captador tipo S• Soporte al manillar",VEHICLE PARTS & ACCESSORIES,ACCESSORIES,ACC. ELECTRONIC,,,3768,1019,269,136,103,,,,,,,,,,,,,,,,,,https://api.mybihr.com/medias/1056046-1-800Wx800H?context=bWFzdGVyfHJvb3R8Njk4NDJ8aW1hZ2UvanBlZ3xhR0l4TDJneU5TODRPVGN5TXpBeE1qTTRNekF5THpFd05UWXdORFl0TVY4NE1EQlhlRGd3TUVnfDE0ZTBjMTZiZWRiOGE5OTg0M2ZiM2ZlMWJjMGZkNWQ2N2M3Mjg4ZmVjMTlkNTdlZWUyYTZmNzA3YmQ5NDJkMWU,,,,,,,,https://static.bihr.pro/eBihr/Pictures/KOSO-pictures.zip,,,,,,,,,,,Spain Warehouse (Parts)
1056048,49230,BA011220,KOSO,KOSO COUNTER SPEED - RX1N GP WHITE,Marcador universal KOSO RX1N GP Style (blanco / azul) BA011220,341.67,282.37,183.54,4260303013268,0,9030200000,0,1,"<p><strong>RX1N</strong> ¡El tamaño perfecto para tu moto deportiva, naked o street fighter! Su pantalla y aguja retroiluminadas hacen que ver los datos sea fácil, incluso de noche. Dispone de todas las prestaciones habituales: velocidad, revoluciones, cuentakilómetros, temperatura... ¡y una multitud de funciones avanzadas muy prácticas! ¡Este marcador posee todo lo que necesitas para echarte a la carretera!<br><br><strong>Marcador digital multifunción</strong></p><p>Se adapta a la mayoría de vehículos<br>Testigos: intermitentes, luz, aceite, neutral, EODB, luz de cambio (2 umbrales), alerta superación velocidad máxima<br><br><strong>Funciones:</strong><br>• Velocímetro km/h (o m/h): hasta 360 km/h (o 223 m/h)<br>• Cuentarrevoluciones: hasta 15 000 rpm<br>• Luz de cambio configurable (2 umbrales)<br>• Cuentakilómetros<br>• 2 cuentakilómetros parciales<br>• Pantalla con temperatura de agua y aceite: 0-250°C<br>• Alerta de temperatura máxima<br>• Ajustable según diámetro del neumático<br>• Indicador de gasolina y alerta gasolina baja<br>• Reloj<br>• Registro de velocidad, RPM y temperatura máximas.<br>• Función distancia y velocidad objetivo<br>• Suministro eléctrico: 12 V <br>• Homologación europea<br>• Fondo blanco con luz azul.<br><br><strong>Accesorios incluidos:</strong><br>• Cable de alimentación<br>• Cable cuenta rpm tipo A<br>• Cable cuenta rpm tipo B<br>• Prolongador sensor de temperatura<br>• Sensor de temperatura<br>• Sensor de velocidad digital<br>• Imán<br>• Conectores eléctricos<br>• Soporte para captador tipo S<br>• Soporte al manillar</p>","
RX1N ¡El tamaño perfecto para tu moto deportiva, naked o street fighter! Su pantalla y aguja retroiluminadas hacen que ver los datos sea fácil, incluso de noche. Dispone de todas las prestaciones habituales: velocidad, revoluciones, cuentakilómetros, temperatura... ¡y una multitud de funciones avanzadas muy prácticas! ¡Este marcador posee todo lo que necesitas para echarte a la carretera!Marcador digital multifunción
Se adapta a la mayoría de vehículosTestigos: intermitentes, luz, aceite, neutral, EODB, luz de cambio (2 umbrales), alerta superación velocidad máximaFunciones:• Velocímetro km/h (o m/h): hasta 360 km/h (o 223 m/h)• Cuentarrevoluciones: hasta 15 000 rpm• Luz de cambio configurable (2 umbrales)• Cuentakilómetros• 2 cuentakilómetros parciales• Pantalla con temperatura de agua y aceite: 0-250°C• Alerta de temperatura máxima• Ajustable según diámetro del neumático• Indicador de gasolina y alerta gasolina baja• Reloj• Registro de velocidad, RPM y temperatura máximas.• Función distancia y velocidad objetivo• Suministro eléctrico: 12 V • Homologación europea• Fondo blanco con luz azul.Accesorios incluidos:• Cable de alimentación• Cable cuenta rpm tipo A• Cable cuenta rpm tipo B• Prolongador sensor de temperatura• Sensor de temperatura• Sensor de velocidad digital• Imán• Conectores eléctricos• Soporte para captador tipo S• Soporte al manillar",VEHICLE PARTS & ACCESSORIES,ACCESSORIES,ACC. ELECTRONIC,,,2402,808,205,126,93,,,,,,,,,,,,,,,,,,https://api.mybihr.com/medias/1056048-1-800Wx800H?context=bWFzdGVyfHJvb3R8NTM1NDh8aW1hZ2UvanBlZ3xhRGhpTDJnNE9DODRPVGN5TXpBeU1ESTBOek0wTHpFd05UWXdORGd0TVY4NE1EQlhlRGd3TUVnfDA0NmZhMTA3MGFmMjQ3ZjliNDkyODk0MWZkZmJhZmQzMzQzNDdhNmVlYzlhZjU1NjY3N2JmZmMzZjI4MzZkMDA,https://api.mybihr.com/medias/1056048-2-800Wx800H?context=bWFzdGVyfHJvb3R8MjUwNTkxfGltYWdlL2pwZWd8YURWaUwyZzRaaTg0T1RjeU16QXlNakl4TXpReUx6RXdOVFl3TkRndE1sODRNREJYZURnd01FZ3w5NjI5MjFkNWQxMDVlNTRlMzQ3NTIxNjNiOWVkYjhjNTMwYTFmY2I4ZjY0Njc4ZTY3YjY4N2E1YTg2N2RhYzg0,https://api.mybihr.com/medias/1056048-3-800Wx800H?context=bWFzdGVyfHJvb3R8Mzc2NzF8aW1hZ2UvanBlZ3xhREU0TDJnNU5pODRPVGN5TXpBeU5ERTNPVFV3THpFd05UWXdORGd0TTE4NE1EQlhlRGd3TUVnfGRlM2M1NjdiZjljZDFkZjE0ZDUwMzhiYTJmMTNmYTQzYjhmNWM3MDAwNzNhOWYyNTQ0MzNhMTJkNzIwNGFkNWY,,,,,,https://static.bihr.pro/eBihr/Pictures/KOSO-pictures.zip,https://api.mybihr.com/medias/ba011xxx-rx1n-inst-wire-eng.pdf?context=bWFzdGVyfGRvY3VtZW50c3wyMjY0OTYwfGFwcGxpY2F0aW9uL3BkZnxhR1UzTDJnME1pODVNRFF6TnpVd09UYzNOVFkyTDJKaE1ERXhlSGg0WDNKNE1XNWZhVzV6ZEMxM2FYSmxMV1Z1Wnd8NzU1OTMzY2I4ZmRhMTEwMDMzNTA1NTBkYzJkZDk1MjE2YTllZTU3N2M0MWQ3MjQ2NDEwMTU4Mjg4ZDExODRkNg,,,,,,,,,,Spain Warehouse (Parts)
1056051,49277,BA024B00,KOSO,KOSO COUNTER VOLT - SUPER SLIM,Voltímetro KOSO Super Slim azul BA024B00,40.20,33.22,21.59,4260303010519,0,9029203890,0,1,<p>Voltímetro KOSO Super Slim azul</p><p>Rango de uso 8-18V</p><p>Parpadeo cuando el voltaje es inferior a 11.5V</p>,"
Voltímetro KOSO Super Slim azul
Rango de uso 8-18V
Parpadeo cuando el voltaje es inferior a 11.5V",VEHICLE PARTS & ACCESSORIES,ACCESSORIES,ACC. ELECTRONIC,,,759,132,171,111,40,,,,,,,,,,,,,,,,,,https://api.mybihr.com/medias/1056051-1-800Wx800H?context=bWFzdGVyfHJvb3R8MjQ5MjB8aW1hZ2UvanBlZ3xhR1F3TDJobVlpODRPVGN5TXpBek5UazNOVGs0THpFd05UWXdOVEV0TVY4NE1EQlhlRGd3TUVnfGQ2MzFjZTYxZjFmOWNhNTc2Y2U0NzVhN2IwNjEzMjk2NDQ4OTc1ODJkN2I2N2RmYzU2ZmM1ODcwYWEwZWY0Yjk,,,,,,,,https://static.bihr.pro/eBihr/Pictures/KOSO-pictures.zip,,,,,,,,,,,Spain Warehouse (Parts)
1056093,49218,BF010702,KOSO,KOSO SPAREPARTS SPARE MAGNET Ø10 x 3mm,Imán captador velocímetro KOSO 10 x 3 mm BF010702,4.02,3.32,2.16,4260303011790,2,9025900090,0,1,Imán captador velocímetro KOSO 10 x 3 mm,Imán captador velocímetro KOSO 10 x 3 mm,VEHICLE PARTS & ACCESSORIES,ACCESSORIES,ACC. ELECTRONIC,,,18,2,69,65,4,,,,,,,,,,,,,,,,,,https://api.mybihr.com/medias/1056093-1-800Wx800H?context=bWFzdGVyfHJvb3R8Mzg2MDB8aW1hZ2UvanBlZ3xhR05pTDJobFlTODVNREV5T1RBd05qa3hPVGs0THpFd05UWXdPVE10TVY4NE1EQlhlRGd3TUVnfDNkMWE2NmFkOGRjZTAxZTc2YWEzMWFlZmVmYmE4ZTIyYWRkYjZkYWMzOGUwNzRlOGE3M2QyZTdlZWNmZWE4NmY,,,,,,,,https://static.bihr.pro/eBihr/Pictures/KOSO-pictures.zip,,,,,,,,,,,Spain Warehouse (Parts)
1056049,49227,BA022W00,KOSO,KOSO COUNTER SPEED - DB-02 BLACK,Marcador universal KOSO DB-02 con bateria interna BA022W00,221.08,182.71,118.76,4260303010472,5,9025900090,0,1,"<p>El DB-02 está diseñado para motos de carretera, especialmente para uso en circuito. Provisto de retroiluminación blanca, que permite que la visibilidad de la información sea perfecta, incluso durante la noche. El cuentarrevoluciones configurable se adapta perfectamente a todos los tipos de motor del mercado. La función «power test» te permite registrar tus mejores marcas en el circuito, y el cuenta horas es una valiosa ayuda a la hora del mantenimiento del motor.</p><p>Testigos: aviso de velocidad máxima, de temperatura máxima y luz de cambio (3 umbrales)</p><p><br><strong>Funciones:<br></strong>• Velocímetro km/h (o m/h): hasta 360 km/h (o 223 m/h)<br>• Cuentarrevoluciones configurable: hasta 10.000, 15.0000 o 20.000 rpm<br>• Luz de cambio con 3 umbrales configurables<br>• Cuentakilómetros<br>• 2 cuentakilómetros parciales<br>• Pantalla con temperatura de agua y aceite: 0-250°C<br>• Voltímetro: 0-18 V<br>• Ajustable según diámetro del neumático<br>• Indicador de gasolina y alerta gasolina baja<br>• Registro de velocidad, RPM y temperatura máximas.<br>• Función «power test»: registro de velocidad máxima, distancia, RPM máximas y cronómetro.<br>• Suministro eléctrico: 12 V<br>• Homologación europea<br><br><strong>Accesorios incluidos:<br></strong>• Cable de alimentación<br>• Cable cuenta rpm tipo A<br>• Cable cuenta rpm tipo B<br>• Prolongador sensor de temperatura<br>• Sensor de temperatura<br>• Sensor de velocidad pasivo<br>• Imán<br>• Soporte para captador tipo S<br>• Soporte al manillar<br>• Autoabastecido con batería interna.</p>","
El DB-02 está diseñado para motos de carretera, especialmente para uso en circuito. Provisto de retroiluminación blanca, que permite que la visibilidad de la información sea perfecta, incluso durante la noche. El cuentarrevoluciones configurable se adapta perfectamente a todos los tipos de motor del mercado. La función «power test» te permite registrar tus mejores marcas en el circuito, y el cuenta horas es una valiosa ayuda a la hora del mantenimiento del motor.
Testigos: aviso de velocidad máxima, de temperatura máxima y luz de cambio (3 umbrales)
Funciones:• Velocímetro km/h (o m/h): hasta 360 km/h (o 223 m/h)• Cuentarrevoluciones configurable: hasta 10.000, 15.0000 o 20.000 rpm• Luz de cambio con 3 umbrales configurables• Cuentakilómetros• 2 cuentakilómetros parciales• Pantalla con temperatura de agua y aceite: 0-250°C• Voltímetro: 0-18 V• Ajustable según diámetro del neumático• Indicador de gasolina y alerta gasolina baja• Registro de velocidad, RPM y temperatura máximas.• Función «power test»: registro de velocidad máxima, distancia, RPM máximas y cronómetro.• Suministro eléctrico: 12 V• Homologación europeaAccesorios incluidos:• Cable de alimentación• Cable cuenta rpm tipo A• Cable cuenta rpm tipo B• Prolongador sensor de temperatura• Sensor de temperatura• Sensor de velocidad pasivo• Imán• Soporte para captador tipo S• Soporte al manillar• Autoabastecido con batería interna.",VEHICLE PARTS & ACCESSORIES,ACCESSORIES,ACC. ELECTRONIC,,,1968,588,205,120,80,,,Negro,,,,,,,,,,,,,,,https://api.mybihr.com/medias/1056049-1-800Wx800H?context=bWFzdGVyfHJvb3R8MzI4MDh8aW1hZ2UvanBlZ3xhR1U0TDJnNVl5ODRPVGN5TXpBeU5qRTBOVFU0THpFd05UWXdORGt0TVY4NE1EQlhlRGd3TUVnfDgzZjQ0N2RjNTg0NTJmOTFjNzVkZDE0OTI2MTI3ZGY4NTFkYzIwODljYzFmM2M5MzQwZGE5MDA1ZDc2ODhjYmE,https://api.mybihr.com/medias/1056049-2-800Wx800H?context=bWFzdGVyfHJvb3R8NjEwMzB8aW1hZ2UvanBlZ3xhR0k1TDJoaE15ODRPVGN5TXpBeU9ERXhNVFkyTHpFd05UWXdORGt0TWw4NE1EQlhlRGd3TUVnfGQ1OTZkMWNjNjY3NzcyNmViMzA5M2UwYzUwODEyZWUwYjA4MDFmMGM2YjQ2ZmQxYTE2N2JjMGNlZTYxM2MyZGM,https://api.mybihr.com/medias/1056049-3-800Wx800H?context=bWFzdGVyfHJvb3R8NDEzODl8aW1hZ2UvanBlZ3xhREl4TDJobU1pODRPVGN5TXpBek1EQTNOemMwTHpFd05UWXdORGt0TTE4NE1EQlhlRGd3TUVnfGM1MzU0M2EzYjNjZmRkZjMxNWZhYjk4ZGVjOWZlNTIzNzNmNjUyMTA2MGYyMTJiNTIxMTc3MDFlMmQ0YmU1ZTU,,,,,,https://static.bihr.pro/eBihr/Pictures/KOSO-pictures.zip,https://api.mybihr.com/medias/1056049-ABE-Document-DB-02?context=bWFzdGVyfGRvY3VtZW50c3w4NjA0MjJ8YXBwbGljYXRpb24vcGRmfGFEY3dMMmhtT1M4ek1qYzVNRGMyTmpZNE1qRTBNaTh4TURVMk1EUTVJQzBnUVVKRklFUnZZM1Z0Wlc1MElFUkNMVEF5fDAzNTBkZjdjMTk5NjRiYTlhNzMzMWI1ZjIyYWU5ODVhMzFjOTYwY2JmZTE3OWE3ODM0NmFiOGRhMTY3N2RiNjI,https://api.mybihr.com/medias/1056049-Instruction-Manual-BA022W00-DE?context=bWFzdGVyfGRvY3VtZW50c3wzMDE0NzM0NnxhcHBsaWNhdGlvbi9wZGZ8YURCaEwyaGhNQzh6TWpjNU1EYzJOelU1T1RZME5pOHhNRFUyTURRNUlDMGdTVzV6ZEhKMVkzUnBiMjRnVFdGdWRXRnNJRUpCTURJeVZ6QXdJRVJGfDljZDkyYjc2M2JhYzJmMjg1NDk2MGJlNmZlYzExMTQwOTgyZWViOTJlNjljZWM3YTA4Yzk2ZjY1ZjA3ODljYzQ,https://api.mybihr.com/medias/1056049-Instruction-Manual-BA022W00-EN?context=bWFzdGVyfGRvY3VtZW50c3w4MTgwOTg4fGFwcGxpY2F0aW9uL3BkZnxhREU0TDJobVpDOHpNamM1TURjMk5qa3hNVFV4T0M4eE1EVTJNRFE1SUMwZ1NXNXpkSEoxWTNScGIyNGdUV0Z1ZFdGc0lFSkJNREl5VnpBd0lFVk98ZGJjOTVmNDgxMGY4MGQ0YWM0NjM3NDg5OTU5Zjc5NTZiZGIzMDUyYzk2ZDAzNjk2M2UxYTRlNjBmZjI3Njk4NA,https://api.mybihr.com/medias/1056049-Instruction-Manual-BA022W00-ES?context=bWFzdGVyfGRvY3VtZW50c3wzMDExMzc0MXxhcHBsaWNhdGlvbi9wZGZ8YURRMkwyaGhaUzh6TWpjNU1EYzJOekUwTURnNU5DOHhNRFUyTURRNUlDMGdTVzV6ZEhKMVkzUnBiMjRnVFdGdWRXRnNJRUpCTURJeVZ6QXdJRVZUfGQzNWFiMTRiNDNlNDAzNzc2MzhkZmVlY2IzZDZhZGEzMGI2MjcwY2U1OTE3MmJjMzcyMWJlMmI3NzJjODNjNWU,https://api.mybihr.com/medias/1056049-Instruction-Manual-BA022W00-FR?context=bWFzdGVyfGRvY3VtZW50c3wzMTAxODk1NHxhcHBsaWNhdGlvbi9wZGZ8YURGbEwyaGhOeTh6TWpjNU1EYzJOek0zTURJM01DOHhNRFUyTURRNUlDMGdTVzV6ZEhKMVkzUnBiMjRnVFdGdWRXRnNJRUpCTURJeVZ6QXdJRVpTfDk2NTQxYmFhNzEzNDM0ZmZjNGRhNDVmMTk0OTA3ZmRlNmMxOGMzNzVmZDQwMDMxOWE4OWExOWZiMWJiYTQ4MWQ,https://api.mybihr.com/medias/1056049-Instruction-Manual-BA022W00-IT?context=bWFzdGVyfGRvY3VtZW50c3wzMDEzOTc4NHxhcHBsaWNhdGlvbi9wZGZ8YURreUwyZzVOaTh6TWpjNU1EYzJOemd5T1RBeU1pOHhNRFUyTURRNUlDMGdTVzV6ZEhKMVkzUnBiMjRnVFdGdWRXRnNJRUpCTURJeVZ6QXdJRWxVfDBhNTdhY2FjOTc3NmViMDI3MmJjNWExNmU5MzAzZTc4MmVlMTFjMGQ4NmU2MDI5ZDE2NTU3NjRjMTM2ZThmZTE,,,,,Spain Warehouse (Parts)
1056079,49199,BG016B00,KOSO,KOSO SENSOR WATER - Ø16mm HOSE,Adaptador para sensor temperatura de agua KOSO Ø16mm  BG016B00,34.57,28.57,18.57,4260303012469,8,9025900090,0,1,Adaptador para sensor temperatura de agua KOSO para manguitos Ø16mm<br>Incluye el sensor de temperatura.,Adaptador para sensor temperatura de agua KOSO para manguitos Ø16mmIncluye el sensor de temperatura.,VEHICLE PARTS & ACCESSORIES,ACCESSORIES,ACC. ELECTRONIC,,,222,69,89,78,32,,,,,,,,,,,,,,,,,,https://api.mybihr.com/medias/1056079-1-800Wx800H?context=bWFzdGVyfHJvb3R8MzgxMzR8aW1hZ2UvanBlZ3xhRGhqTDJoaE1DODRPVGN5TXpFd09EY3lNRGswTHpFd05UWXdOemt0TVY4NE1EQlhlRGd3TUVnfDZiNjg5Y2JkYmI5NjIwZjFiMWExNDE5OTNiMGY0MGQ2YjllZTM1MmU2MjIwOTgyNDg3MDIzNzUzN2M1NGRjMzI,,,,,,,,https://static.bihr.pro/eBihr/Pictures/KOSO-pictures.zip,,,,,,,,,,,Spain Warehouse (Parts)
1056083,49265,BG241215,KOSO,"KOSO SENSOR OIL - M12x 1,5x 15mm",Tornillo adaptador para sensor de temperatura KOSO BG241215,8.83,7.30,4.75,4260303012506,21,9025900090,0,1,"Tornillo adaptador para sensor de temperatura KOSO PT1/8x28 (M12x1,5x15mm)","Tornillo adaptador para sensor de temperatura KOSO PT1/8x28 (M12x1,5x15mm)",VEHICLE PARTS & ACCESSORIES,ACCESSORIES,ACC. ELECTRONIC,,,234,15,120,65,30,,,,,,,,,,,,,,,,,,https://api.mybihr.com/medias/1056083-1-800Wx800H?context=bWFzdGVyfHJvb3R8NTc2OTV8aW1hZ2UvanBlZ3xhRGsxTDJobVl5ODRPVGN5TXpFeE5EWXhPVEU0THpFd05UWXdPRE10TVY4NE1EQlhlRGd3TUVnfGE0ZWU3NTgyMzgyMjg5ZGVjMzgxZjYxYjgyMTBkNDI3NzBhZmI0M2ViNjM2YTQ2NDVlODMwMDhjMDE3NjQ5Mzc,,,,,,,,https://static.bihr.pro/eBihr/Pictures/KOSO-pictures.zip,,,,,,,,,,,Spain Warehouse (Parts)
1056087,49261,BE003K02,KOSO,"KOSO SPAREPARTS Ø28,6MM - XR-SA/SE/SH","Soporte KOSO para marcador XR-SA, XR-S, DB EX02",20.10,16.61,10.80,4260303011288,3,9025900090,0,1,"<p>Los accesorios eléctricos Koso son una garantía de fiabilidad, por su calidad de fabricación y sus componentes de primera calidad.</p>
<p>Están diseñados tanto para sustituir el primer montaje como para poner a punto su moto.</p>
<p>Compatible para marcadores XR-SA, XR-S, RS Dyno, DB EX 02</p>
<p>Soporte para manillar de Ø28mm</p>
<p>&nbsp;</p>","
Los accesorios eléctricos Koso son una garantía de fiabilidad, por su calidad de fabricación y sus componentes de primera calidad.

Están diseñados tanto para sustituir el primer montaje como para poner a punto su moto.

Compatible para marcadores XR-SA, XR-S, RS Dyno, DB EX 02

Soporte para manillar de Ø28mm

 ",VEHICLE PARTS & ACCESSORIES,ACCESSORIES,ACC. ELECTRONIC,,,139,48,78,81,22,,,,,,,,,,,,,,,,,,https://api.mybihr.com/medias/1056087-1-800Wx800H?context=bWFzdGVyfHJvb3R8NTIwMTJ8aW1hZ2UvanBlZ3xhREl5TDJobU5TODVNREV5T0RrNU56QTRPVFU0THpFd05UWXdPRGN0TVY4NE1EQlhlRGd3TUVnfGIxODE1NDJjZjI4MTQ2NTkyZmFjZWUzNDJkZjZjOTA5ODJkZmIwMzYxYjRhZmVhOGUzYWM2NmZmZTBiOTYxNjQ,,,,,,,,https://static.bihr.pro/eBihr/Pictures/KOSO-pictures.zip,,,,,,,,,,,Spain Warehouse (Parts)
1056088,49260,BE007000,KOSO,KOSO SPAREPARTS BRACKET GEAR METER,Soporte para indicador de marcha KOSO BE007000,20.10,16.61,10.80,4260303013398,1,9025900090,0,1,Soporte para indicador de marcha KOSO.,Soporte para indicador de marcha KOSO.,VEHICLE PARTS & ACCESSORIES,ACCESSORIES,ACC. ELECTRONIC,,,437,49,102,134,32,,,,,,,,,,,,,,,,,,https://api.mybihr.com/medias/1056088-1-800Wx800H?context=bWFzdGVyfHJvb3R8MzgyNDZ8aW1hZ2UvanBlZ3xhR1l6TDJobVlpODVNREV5T0RrNU9UQTFOVFkyTHpFd05UWXdPRGd0TVY4NE1EQlhlRGd3TUVnfGQ4ZjQ0Nzc2NzI0Y2M2MGNkZjExMWM1NGI5MzVjZTJjMjE0MTAxYzA2ZjA5NDBkMzAxMjFiYTQ3ODZkNWMyMzU,,,,,,,,https://static.bihr.pro/eBihr/Pictures/KOSO-pictures.zip,,,,,,,,,,,Spain Warehouse (Parts)
1056089,49256,BE0110011,KOSO,KOSO SPAREPARTS BRACKET RX1N/RX2N/XRSRN,"Soporte KOSO para RX1N, RX2N, XR-SRN  BE0110011",17.29,14.29,9.29,4260303011325,6,9025900090,0,1,"<p><strong>Soporte KOSO para RX1N, RX2N, RX3, XR-SRN</strong></p>","
Soporte KOSO para RX1N, RX2N, RX3, XR-SRN",VEHICLE PARTS & ACCESSORIES,ACCESSORIES,ACC. ELECTRONIC,,,499,92,159,98,32,,,,,,,,,,,,,,,,,,https://api.mybihr.com/medias/1056089-1-800Wx800H?context=bWFzdGVyfHJvb3R8MTM1MjE2fGltYWdlL2pwZWd8YUdRNUwyaG1ZeTg1TURFeU9UQXdNVEF5TVRjMEx6RXdOVFl3T0RrdE1WODRNREJYZURnd01FZ3wyMWEwZDA4ZGFlYTFiNjdlOTBmNjBhNDhiNTdjZDIyN2Y2YmQyYTY3YTg3M2Y5YmYwNWMwZWExODk2OTBiZDhl,,,,,,,,https://static.bihr.pro/eBihr/Pictures/KOSO-pictures.zip,,,,,,,,,,,Spain Warehouse (Parts)
1056078,49198,BG014B00,KOSO,KOSO SENSOR WATER - Ø14mm HOSE,Adaptador para sensor temperatura de agua KOSO Ø14mm  BG014B00,34.57,28.57,18.57,4260303012452,3,9025900090,0,1,Adaptador para sensor temperatura de agua KOSO para manguitos Ø14mm<br>Incluye el sensor de temperatura.,Adaptador para sensor temperatura de agua KOSO para manguitos Ø14mmIncluye el sensor de temperatura.,VEHICLE PARTS & ACCESSORIES,ACCESSORIES,ACC. ELECTRONIC,,,235,56,76,91,34,,,,,,,,,,,,,,,,,,https://api.mybihr.com/medias/1056078-1-800Wx800H?context=bWFzdGVyfHJvb3R8Mzg2MTh8aW1hZ2UvanBlZ3xhR0pqTDJnNU9TODRPVGN5TXpFd05qYzFORGcyTHpFd05UWXdOemd0TVY4NE1EQlhlRGd3TUVnfGFhYjVlZTg1NWZjZGUwYmRhZjFjMmQ2NmM4OGQ5NjBkNDE1YzI4ZjZhYWVmYzVjNjAwYzlkMDg4ZjU1NTU5NGY,,,,,,,,https://static.bihr.pro/eBihr/Pictures/KOSO-pictures.zip,,,,,,,,,,,Spain Warehouse (Parts)
1056080,49200,BG018B00,KOSO,KOSO SENSOR WATER - Ø18mm HOSE,Adaptador para sensor temperatura de agua KOSO Ø18mm  BG018B00,34.57,28.57,18.57,4260303012476,11,9025900090,0,1,Adaptador para sensor temperatura de agua KOSO para manguitos Ø18 mm<br>Incluye el sensor de temperatura.,Adaptador para sensor temperatura de agua KOSO para manguitos Ø18 mmIncluye el sensor de temperatura.,VEHICLE PARTS & ACCESSORIES,ACCESSORIES,ACC. ELECTRONIC,,,214,90,88,76,32,,,,,,,,,,,,,,,,,,https://api.mybihr.com/medias/800Wx800H-1056080-1.jpg?context=bWFzdGVyfHJvb3R8NDE0MTl8aW1hZ2UvanBlZ3xhR1JrTDJnM05DOHpNRGszTlRrME1qQTJOakl3Tmk4NE1EQlhlRGd3TUVoZk1UQTFOakE0TUMweExtcHdad3xlODI5YTZhODU5ZTlhY2MyYmU0OTg4OTM4ZjQ5Mjg0MGU2MTM0OTE5OTM1ZjVmYTM3YTE2YjI4ZDk0MmIwYjcx,,,,,,,,https://static.bihr.pro/eBihr/Pictures/KOSO-pictures.zip,,,,,,,,,,,Spain Warehouse (Parts)
1067469,,BF010600-N,KOSO,KOSO SPAREPARTS MAGNETIC SCREW,Tornillo imán captador velocímetro KOSO,11.50,9.50,6.18,4260303011721,2,9025900090,0,1,"<p data-isautotranslation=""1""></p><m6xp1.0x24l></m6xp1.0x24l>","
",VEHICLE PARTS & ACCESSORIES,ACCESSORIES,ACC. ELECTRONIC,,,19,10,41,36,13,,,,,,,,,,,,,,,,,,https://api.mybihr.com/medias/1067469-1-800Wx800H?context=bWFzdGVyfHJvb3R8NzEyNTR8aW1hZ2UvanBlZ3xhRGs1TDJnMk55ODRPVGMwTkRZeU1qSXlNelkyTHpFd05qYzBOamt0TVY4NE1EQlhlRGd3TUVnfGQ2OGI4MDA5YWFjYWQ1OGNhMDlhM2Y1OTdiYzdjMGNmZDA1MTJiYTVkNGVjNDMxYWNkZWY3YTNmZGNiOWRiZDE,,,,,,,,https://static.bihr.pro/eBihr/Pictures/KOSO-pictures.zip,,,,,,,,,,,Spain Warehouse (Parts)
1101929,49250,BE640003,KOSO,KOSO METER BRACKET FOR D64 HANDLEBAR Ø22,Soporte KOSO en V para marcador D64 BE640003,20.10,16.61,10.80,8430525492509,1,9025900090,0,1,Soporte KOSO en V para marcador D64,Soporte KOSO en V para marcador D64,VEHICLE PARTS & ACCESSORIES,ACCESSORIES,ACC. ELECTRONIC,,,197,40,74,83,32,,,,,,,,,,,,,,,,,,https://api.mybihr.com/medias/1101929-1-800Wx800H?context=bWFzdGVyfHJvb3R8ODQ1MjN8aW1hZ2UvanBlZ3xhREl3TDJnME55ODVOak15TXpJNE5EZ3lPRFEyTHpFeE1ERTVNamt0TVY4NE1EQlhlRGd3TUVnfGUxZTY5OGYwODU1NzVmNTM2YTFiNzc0YTg0MDA3NzI3ZmE2M2NjZWFhODZlYTBlYzEyZDRkYTAwOGNlNzM4ZWQ,,,,,,,,https://static.bihr.pro/eBihr/Pictures/KOSO-pictures.zip,,,,,,,,,,,Spain Warehouse (Parts)
1056057,49196,BA041000,KOSO,KOSO COUNTER MULTI - DB01RN - BLACK,Marcador universal KOSO DB-01RN BA041000,180.88,149.49,97.17,4260303014289,11,9025900090,0,1,"¿Estás buscando un marcador bonito y pequeño para tu moto? El <strong>DB-01</strong> de Koso es pequeño y de uso sencillo. Dotado de velocímetro, temperatura de aceite y multitud de indicadores diseñados especialmente para motos de Enduro, Supermotard o motos de calle. Con homologación europea. ¡El DB-01 ha sido diseñado para ti!<br><br>Velocímetro digital<br>Cuenta revoluciones<br>Distancia acumulada<br>Ajustable a distintos diámetros de rueda<br>12v<br>Homologación europea<br><strong>Dimensiones:</strong> 130 x 54 x 45,5 (mm)<br><br><strong>Accesorios incluidos:</strong><br>Cableado principal<br>Conexión cuenta RPM<br>Sensor de velocidad pasivo<br>Imán<br>Conectores eléctricos<br>Soporte para captador<br>Soporte al manillar","¿Estás buscando un marcador bonito y pequeño para tu moto? El DB-01 de Koso es pequeño y de uso sencillo. Dotado de velocímetro, temperatura de aceite y multitud de indicadores diseñados especialmente para motos de Enduro, Supermotard o motos de calle. Con homologación europea. ¡El DB-01 ha sido diseñado para ti!Velocímetro digitalCuenta revolucionesDistancia acumuladaAjustable a distintos diámetros de rueda12vHomologación europeaDimensiones: 130 x 54 x 45,5 (mm)Accesorios incluidos:Cableado principalConexión cuenta RPMSensor de velocidad pasivoImánConectores eléctricosSoporte para captadorSoporte al manillar",VEHICLE PARTS & ACCESSORIES,ACCESSORIES,ACC. ELECTRONIC,,,2244,470,158,134,106,,,,,,,,,,,,,,,,,,https://api.mybihr.com/medias/800Wx800H-1056057-1.jpg?context=bWFzdGVyfHJvb3R8NDUxODZ8aW1hZ2UvanBlZ3xhRE0yTDJnMk1TOHpNalEzTXpBMU56RTVPREV4TUM4NE1EQlhlRGd3TUVoZk1UQTFOakExTnkweExtcHdad3w2MDYwOGIxOGYwZGFkNjk5NTc5ODQ1NDE3Y2EwNWM4MWE3ZTA3ZjFjNWUxNWFjZDQxZDgyMjY1NGZiMzZmMzA3,https://api.mybihr.com/medias/800Wx800H-1056057-2.jpg?context=bWFzdGVyfHJvb3R8MzIwNTB8aW1hZ2UvanBlZ3xhRFUxTDJnMU55OHpNalEzTXpBMU56UTJNREkxTkM4NE1EQlhlRGd3TUVoZk1UQTFOakExTnkweUxtcHdad3xiYjdlZjlkMDkzYWRiOWRjZjkwNjI1Mzk0ZTY0MjA3Mzc3NzIxMzEwNGQ0MzU2YzVkNDBmZjJiYTg4NDAzYzM5,https://api.mybihr.com/medias/800Wx800H-1056057-3.jpg?context=bWFzdGVyfHJvb3R8MzEwNDh8aW1hZ2UvanBlZ3xhR00zTDJnME9TOHpNalEzTXpBMU56ZzFNelEzTUM4NE1EQlhlRGd3TUVoZk1UQTFOakExTnkwekxtcHdad3wyODIxYzAyNzIyY2U1ZjhlZmY0OWM1NWRmYjc4NzM1YWVkNDlmMDMwMzJhMzcxMjQyYzQ3YWJhYmJiNTgwYTA0,https://api.mybihr.com/medias/800Wx800H-1056057-4.jpg?context=bWFzdGVyfHJvb3R8MTY5Mzl8aW1hZ2UvanBlZ3xhRGN3TDJnd1lpOHpNalEzTXpBMU9ESTBOalk0Tmk4NE1EQlhlRGd3TUVoZk1UQTFOakExTnkwMExtcHdad3xmMDAzZDhjN2VkMmNlZDg3NmVmOWNiODlkZDNmMDc0MzY5MmI4NjJmMzU1YTE0MGJiMDE5ODc4YzIxZjQzNWMz,https://api.mybihr.com/medias/800Wx800H-1056057-5.jpg?context=bWFzdGVyfHJvb3R8MTYwNDl8aW1hZ2UvanBlZ3xhR1psTDJneE9DOHpNalEzTXpBMU9EWXpPVGt3TWk4NE1EQlhlRGd3TUVoZk1UQTFOakExTnkwMUxtcHdad3wyMzViMTA0MGIyMGI3MzZlMTczOWNmZjQ2YmZjZWM0NDZhMjRkZGQ5YTA3Nzg0YzBjMTMzOWEyNzQzYTFjZjdj,https://api.mybihr.com/medias/800Wx800H-1056057-6.jpg?context=bWFzdGVyfHJvb3R8MzQyMjZ8aW1hZ2UvanBlZ3xhRFJoTDJnMlpTOHpNalEzTXpBMU9UQXpNekV4T0M4NE1EQlhlRGd3TUVoZk1UQTFOakExTnkwMkxtcHdad3xmZjQ5MWJjYTBhNTViNDE2NTY5OGJkZjVhMjdiZDVjMzUxNTQ4OTYwODQ3YjU2NzUyNjQ1YzVhNDhjNTU0Yzky,,,https://static.bihr.pro/eBihr/Pictures/KOSO-pictures.zip,https://api.mybihr.com/medias/1056057-Homologation-ABE-91398-4.pdf?context=bWFzdGVyfGRvY3VtZW50c3wyMjYxNDg1fGFwcGxpY2F0aW9uL3BkZnxhR1ZtTDJneVlTODRNVEV6TnpFeU56WXlNRFl6T0M4eE1EVTJNRFUzWDBodmJXOXNiMmRoZEdsdmJsOUJRa1ZmT1RFek9UZ3ROQzV3WkdZfDAwNmQ3YWYzYjE1NDA3MTQ1OGRkNjZmZTJhMmRhYjZiMmQzZWI2N2JiYTM4YjRiNTlhY2RiZmUxNmNjYTQxNGU,https://api.mybihr.com/medias/1056057-Homologation-ABE-91398-DB.pdf?context=bWFzdGVyfGRvY3VtZW50c3wxODA5NjB8YXBwbGljYXRpb24vcGRmfGFHUTRMMmhtTXk4NE1URXpNak0wT0RRME1EWXdOaTh4TURVMk1EVTNYMGh2Ylc5c2IyZGhkR2x2Ymw5QlFrVmZPVEV6T1RoZlJFSXVjR1JtfGVlZjM3MDJlOWY5YzY3NTA5NjI5YWRlOGVjMmUwZmQ3Y2FhMTA5ZDVjMjc3Nzc2MTYxNzhhZTFmM2RkM2YxZjg,https://api.mybihr.com/medias/1056057-Mounting-Instructions-DE-EN.pdf?context=bWFzdGVyfGRvY3VtZW50c3wxNDEzNjU3MnxhcHBsaWNhdGlvbi9wZGZ8YURVNEwyaGlZeTg0TVRFek56RXlOVEE1TnpVd01pOHhNRFUyTURVM1gwMXZkVzUwYVc1blgwbHVjM1J5ZFdOMGFXOXVjMTlFUlY5RlRpNXdaR1l8OTBmYmQ5ZTM3NjQ1MmE1NDM0Zjg0NmU4NmYzZWIyOTZhMzhhY2JiOTc1NDlmOTY0ODgzMDc5MTM1Njg2ODI0MQ,https://api.mybihr.com/medias/DB-01-RN-French-manual.pdf?context=bWFzdGVyfGRvY3VtZW50c3w1ODQ2ODU4NXxhcHBsaWNhdGlvbi9wZGZ8YUdVMUwyZzJNUzh6TWpRM016QTFOekV6TWpVM05DOUVRaTB3TVNCU1RpQkdjbVZ1WTJnZ2JXRnVkV0ZzTG5Ca1pnfGZmZGIzZTAzMmE1MGJiZjBkOTIxYWE3ZGQyYWMxMDRjMTJjODkxMmU4NGYzY2U3MWQyZGFmNzkwY2RlYjJiNDI,https://api.mybihr.com/medias/Manual-de-instrucciones-en-Espa-ol.?context=bWFzdGVyfHJvb3R8NDA3ODY5MjN8YXBwbGljYXRpb24vcGRmfGFESmlMMmd3WlM4ek1qUTNNekEyTVRreE5qY3dNaTlDUVRBME1UQXdNQzV3WkdZfDMxZDE1YmI1ZDg4ZmQ0NzM2OGFkMjM1MjAxYjlmYWI2YjgxMDA1ZGE5MDU2OTdiYzUwZDlhZDM5ZTNlNjMwOGM,,,,,,Spain Warehouse (Parts)
1056074,49247,BF140150-N,KOSO,"KOSO SENSOR TEMP - M14xP1,5 - 150°C",Sensor de temperatura KOSO M14 x 1.5  BF140150-n,17.29,14.29,9.29,4260303012148,38,9025900090,0,1,"<p>Sensor de temperatura KOSO M14 x 1.5 (hasta 150 grados, conectores negros)</p><p>Culata Motor Derbi Senda/GPR</p><p> </p>","
Sensor de temperatura KOSO M14 x 1.5 (hasta 150 grados, conectores negros)
Culata Motor Derbi Senda/GPR
 ",VEHICLE PARTS & ACCESSORIES,ACCESSORIES,ACC. ELECTRONIC,,,177,21,118,68,22,,,,,,,,,,,,,,,,,,https://api.mybihr.com/medias/1056074-1-800Wx800H?context=bWFzdGVyfHJvb3R8Mjc3NjJ8aW1hZ2UvanBlZ3xhR0V3TDJnM1pDODRPVGN5TXpBNU5qa3lORFEyTHpFd05UWXdOelF0TVY4NE1EQlhlRGd3TUVnfDNiODhiODZlNjc3YjM0ZjhkNDkxNzlmNmY5YjVhYWY3NWYwNDBkYzE0ZDU2Y2NlZjE1MzNkNTUyOWVkNjkxYjM,,,,,,,,https://static.bihr.pro/eBihr/Pictures/KOSO-pictures.zip,,,,,,,,,,,Spain Warehouse (Parts)
1056081,49201,BG022B00,KOSO,KOSO SENSOR WATER - Ø22mm HOSE,Adaptador para sensor temperatura de agua KOSO Ø22mm  BG022B00,34.57,28.57,18.57,4260303012483,11,9025900090,0,1,Adaptador para sensor temperatura de agua KOSO para manguitos Ø22mm<br>Incluye el sensor de temperatura.,Adaptador para sensor temperatura de agua KOSO para manguitos Ø22mmIncluye el sensor de temperatura.,VEHICLE PARTS & ACCESSORIES,ACCESSORIES,ACC. ELECTRONIC,,,239,104,90,78,34,,,,,,,,,,,,,,,,,,https://api.mybihr.com/medias/800Wx800H-1056081-1.webp?context=bWFzdGVyfHJvb3R8MTg3NzZ8YXBwbGljYXRpb24vd2VicHxhR0kwTDJoaVlpODNPVEl4TmpJek5qazFNell6TUM4NE1EQlhlRGd3TUVoZk1UQTFOakE0TVMweExuZGxZbkF8Y2ZhMzBhNTRmZjdhZTc3YzcwZmY5YmJlOThjZGVlNDZmMzY3ZjlhNmQ0NzI2ZmYwZjZiOGY0M2E1OWFlNWQ5ZA,,,,,,,,https://static.bihr.pro/eBihr/Pictures/KOSO-pictures.zip,,,,,,,,,,,Spain Warehouse (Parts)
1056053,49213,BA033W03-03,KOSO,KOSO COUNTER SPEED - HOURS - UNIV,Cuenta Rpm + cuenta horas universal KOSO BA033W00,90.45,74.75,48.59,4260303013121,12,8504312190,0,1,"<p><strong><font color=#ff0000>NO APTO PARA 3 Y 4 CILINDROS</font></strong></p><p><strong></strong> </p><p><strong>Cuenta Rpm + cuenta horas universal KOSO</strong></p><p>Solo funcionan en motos equipadas con marcadores/cuentarrevoluciones con señal digital (no compatible con los que van por cable)<br>Marcador cuentahoras y RPM. La función cuentahoras te permite prever el mantenimiento del motor. Envolviendo la bujía con un simple cable, también te indicará las revoluciones del motor.<br>Cuentarrevoluciones digital: 0-15 000 rpm<br>Cuentahoras global: 0-99999 h<br>Cuentahoras A/B: 0-999 h <br>Tipo de batería: CR2032<br></p>","
NO APTO PARA 3 Y 4 CILINDROS
 
Cuenta Rpm + cuenta horas universal KOSO
Solo funcionan en motos equipadas con marcadores/cuentarrevoluciones con señal digital (no compatible con los que van por cable)Marcador cuentahoras y RPM. La función cuentahoras te permite prever el mantenimiento del motor. Envolviendo la bujía con un simple cable, también te indicará las revoluciones del motor.Cuentarrevoluciones digital: 0-15 000 rpmCuentahoras global: 0-99999 hCuentahoras A/B: 0-999 h Tipo de batería: CR2032",VEHICLE PARTS & ACCESSORIES,ACCESSORIES,ACC. ELECTRONIC,,,750,95,169,111,40,,,,,,,,,,,,,,,,,,https://api.mybihr.com/medias/800Wx800H-1056053-1.jpg?context=bWFzdGVyfHJvb3R8MTU2OTg5fGltYWdlL2pwZWd8YURJMEwyaGhZUzh6TWpnM05EY3pPREV5TWpjNE1pODRNREJYZURnd01FaGZNVEExTmpBMU15MHhMbXB3Wnd8ZWY5ZmUwNjA1YjBiZDEyMTQ0NGJhMDFkNWNkY2EyNTlhZGI1YzA4ZDg4N2ZhOWJhN2RjYjIxN2UzOThkZmQyOQ,https://api.mybihr.com/medias/800Wx800H-1056053-2.jpg?context=bWFzdGVyfHJvb3R8MTI5MjE5fGltYWdlL2pwZWd8YUdJeUwyaGlOeTh6TWpnM05EY3pPRFV4TlRrNU9DODRNREJYZURnd01FaGZNVEExTmpBMU15MHlMbXB3Wnd8YzA2ZTZmNDMzNTRhYzNiYWFiNWVmYTEwNmUwOTYxNzFlNzE0MGEwMDkxODY5ZGY0NDBlYTE1YTlkNDM4OGM0NA,https://api.mybihr.com/medias/800Wx800H-1056053-3.jpg?context=bWFzdGVyfHJvb3R8MTE1MjM3fGltYWdlL2pwZWd8YURRd0wyaGpOUzh6TWpnM05EY3pPRGt3T1RJeE5DODRNREJYZURnd01FaGZNVEExTmpBMU15MHpMbXB3Wnd8Y2ExY2U5M2Q4NjkyODAxYzRiZWI1NzhiOTZkMDJkZWJiODM4OTRkNmE4NmJhMGY3NDU1Zjk0N2ZkNWRjNThjOQ,,,,,,https://static.bihr.pro/eBihr/Pictures/KOSO-pictures.zip,https://api.mybihr.com/medias/1056053-Instruction-Manual-BA033W00-DE?context=bWFzdGVyfGRvY3VtZW50c3wxMDUyNDExMnxhcHBsaWNhdGlvbi9wZGZ8YUdFNUwyZzFZaTh6TWpnM05EY3pOemt5TmpFM05DOHhNRFUyTURVeklDMGdTVzV6ZEhKMVkzUnBiMjRnVFdGdWRXRnNJQ2hDUVRBek0xY3dNQ2tnUkVVfGJhMmNiZGE4NTI2M2UwODI4MWE0NDQ0MjQ5YmU4MzFjMTM4ODYwOWU5N2QxODIxNmNkMjYwMDRkODUxNmJiMGE,https://api.mybihr.com/medias/1056053-Instruction-Manual-BA033W00-EN?context=bWFzdGVyfGRvY3VtZW50c3wyMTA4NzY0fGFwcGxpY2F0aW9uL3BkZnxhR0ppTDJnell5OHpNamczTkRjek56QXdPRFkzTUM4eE1EVTJNRFV6SUMwZ1NXNXpkSEoxWTNScGIyNGdUV0Z1ZFdGc0lDaENRVEF6TTFjd01Da2dSVTR8Zjg0ZjdhOWJiZTY0OTU1NTg3Zjc2YjM4YmM4MDJkOWE5NTUzYmFjMWYxYjRkZWU3NTRhNWQ0NmQxZjNkNGZmNA,https://api.mybihr.com/medias/1056053-Instruction-Manual-BA033W00-ES?context=bWFzdGVyfGRvY3VtZW50c3w5NTgzMzQyfGFwcGxpY2F0aW9uL3BkZnxhRE14TDJnMU1pOHpNamczTkRjek56WTVOamM1T0M4eE1EVTJNRFV6SUMwZ1NXNXpkSEoxWTNScGIyNGdUV0Z1ZFdGc0lDaENRVEF6TTFjd01Da2dSVk18MzllN2E1NThlZmM0NzAxYTM5NmY4YzRkNTkyMDZhZjFmY2VmMDhlZmNmY2RiN2U3M2QyNjJlNzVmZWZhODYzZA,https://api.mybihr.com/medias/1056053-Instruction-Manual-BA033W00-FR?context=bWFzdGVyfGRvY3VtZW50c3w4Nzk1NzQwfGFwcGxpY2F0aW9uL3BkZnxhR1V6TDJnME15OHpNamczTkRjek56SXpPREEwTmk4eE1EVTJNRFV6SUMwZ1NXNXpkSEoxWTNScGIyNGdUV0Z1ZFdGc0lDaENRVEF6TTFjd01Da2dSbEl8MzBiNTExNDI2Y2JkMTliNzk3Yjg4ODZmMDdiODE2Yjc4ZTJlNzc5N2Y0M2MzYjcyZTMwMzQyZDM3YTQ4ZWMxMw,https://api.mybihr.com/medias/1056053-Instruction-Manual-BA033W00-IT?context=bWFzdGVyfGRvY3VtZW50c3w0MzA4NTMxfGFwcGxpY2F0aW9uL3BkZnxhREJoTDJnMFlpOHpNamczTkRjek56UTJOelF5TWk4eE1EVTJNRFV6SUMwZ1NXNXpkSEoxWTNScGIyNGdUV0Z1ZFdGc0lDaENRVEF6TTFjd01Da2dTVlF8YTBmOTA5ZjdmOTVjZmI2YzhlZjUyZTNlNGFhYjg2MmMxM2NiOTE5YThjMGJjY2I1Y2JhYzA0ZGQ2MWZhYjViZQ,https://api.mybihr.com/medias/BA033W00-BD.pdf?context=bWFzdGVyfGRvY3VtZW50c3wxMTk4OTA1fGFwcGxpY2F0aW9uL3BkZnxhR0poTDJneFlpODVNRFF6TnpJMU9UUXlPREUwTDBKQk1ETXpWekF3SUVKRXw4MGMxMjM4NDk5MDVkMzhhN2E1NDczZjBiNjczNjE1MDdiOTkyNGE5MTViOGYzNzMxMzdiZTg5NjhmMjdhYzAz,,,,,Spain Warehouse (Parts)
1056061,49232,BB026001,KOSO,KOSO COUNTER SPEED - XR-S 01,Marcador universal KOSO XR-S01 BB026001,160.78,132.88,86.37,4260303013831,0,9025900090,0,1,"<p><strong>XR-01S</strong><br>
Micromarcador homologado, con todas las funciones esenciales para la conducción: velocidad, cuentakilómteros total y parcial, nivel de gasolina. También posee todos los principales indicadores: intermitentes, luz, aceite, neutral. Su pantalla azul con retroiluminación permite ver los datos perfectamente, incluso de noche. Un must para cualquier piloto de carretera o supermotard.<br>
<br>
<strong>Marcador digital multifunción</strong></p>
<p><br>
Se adapta a la mayoría de vehículos<br>
Testigos: intermitentes, luz, aceite, neutral, EODB<br>
<br>
<strong>Funciones:</strong><br>
• Velocímetro km/h (o m/h): hasta 360 km/h (o 223 m/h)<br>
• Cuentarrevoluciones: hasta 10000 rpm<br>
• Cuentakilómetros<br>
• 2 cuentakilómetros parciales<br>
• Nivel de gasolina<br>
• Ajustable según diámetro del neumático<br>
• Suministro eléctrico: 12 V<br>
• Homologación europea<br>
<br>
<strong>Accesorios incluidos:</strong><br>
• Cable de alimentación<br>
• Cable de intermitentes<br>
• Sensor de velocidad digital<br>
• Imán<br>
• Conectores eléctricos<br>
• Soporte para captador tipo S<br>
• Soporte al manillar</p>
<p>&nbsp;</p>
<p><strong>Marcador diseñador especialmente para ATV, aunque también sirven para motocicletas y scooters.</strong></p>
<p><strong>Solo funciona con corriente DC 12V.</strong></p>","
XR-01S
Micromarcador homologado, con todas las funciones esenciales para la conducción: velocidad, cuentakilómteros total y parcial, nivel de gasolina. También posee todos los principales indicadores: intermitentes, luz, aceite, neutral. Su pantalla azul con retroiluminación permite ver los datos perfectamente, incluso de noche. Un must para cualquier piloto de carretera o supermotard.

Marcador digital multifunción


Se adapta a la mayoría de vehículos
Testigos: intermitentes, luz, aceite, neutral, EODB

Funciones:
• Velocímetro km/h (o m/h): hasta 360 km/h (o 223 m/h)
• Cuentarrevoluciones: hasta 10000 rpm
• Cuentakilómetros
• 2 cuentakilómetros parciales
• Nivel de gasolina
• Ajustable según diámetro del neumático
• Suministro eléctrico: 12 V
• Homologación europea

Accesorios incluidos:
• Cable de alimentación
• Cable de intermitentes
• Sensor de velocidad digital
• Imán
• Conectores eléctricos
• Soporte para captador tipo S
• Soporte al manillar

 

Marcador diseñador especialmente para ATV, aunque también sirven para motocicletas y scooters.

Solo funciona con corriente DC 12V.",VEHICLE PARTS & ACCESSORIES,ACCESSORIES,ACC. ELECTRONIC,,,2174,419,203,126,85,,,,,,,,,,,,,,,,,,https://api.mybihr.com/medias/1056061-1-800Wx800H?context=bWFzdGVyfHJvb3R8MzY3ODkyfGltYWdlL2pwZWd8YURSaEwyZ3pZUzg0T1RjeU16QTJNelV3TVRFd0x6RXdOVFl3TmpFdE1WODRNREJYZURnd01FZ3wxNTRkYzc5YWUzNTk0OWVhZDU3YjM4MjUyYmRkNzY2ZTRmODU2ZWJhZmIxMzM0OTYzMzMyZDY4MzcxZWNkOTE1,https://api.mybihr.com/medias/1056061-2-800Wx800H?context=bWFzdGVyfHJvb3R8MjI4NTIyfGltYWdlL2pwZWd8YURBM0wyZzBNUzg0T1RjeU16QTJOVFEyTnpFNEx6RXdOVFl3TmpFdE1sODRNREJYZURnd01FZ3xhMjM5MGE1OWI0MmNkY2M0NTVlYjE1NjVmN2E4Y2Y2OGFmMGVjZDMxZjdlMzE3N2VmODA1M2U5MjcxZmZjMTJi,https://api.mybihr.com/medias/1056061-3-800Wx800H?context=bWFzdGVyfHJvb3R8MTUxMzUwfGltYWdlL2pwZWd8YUdRNEwyZzBOeTg0T1RjeU16QTJOelF6TXpJMkx6RXdOVFl3TmpFdE0xODRNREJYZURnd01FZ3wxNWMzZTg3MTQ0OTZhYmJhZjA2ODgwMTgxYTQzZDBlNzc2NDJmODdhNDI0NGMzNzc5YTM4MGY1ZWZjNDNlYWYz,https://api.mybihr.com/medias/1056061-4-800Wx800H?context=bWFzdGVyfHJvb3R8MTYwNDY3fGltYWdlL2pwZWd8YURrMEwyZzBaUzg0T1RjeU16QTJPVE01T1RNMEx6RXdOVFl3TmpFdE5GODRNREJYZURnd01FZ3wwYWRhNTQyYmVlZjFjYWZjNmRkZWM5MGZmZDA3NmY2M2JhNjIxNGUxNDdmNGJhN2M3ZDg2ZWZhMjQwMGU1NjE3,https://api.mybihr.com/medias/1056061-5-800Wx800H?context=bWFzdGVyfHJvb3R8Mjk0OTc4fGltYWdlL2pwZWd8YURFd0wyZzVaQzg0T1RjeU16QTNNVE0yTlRReUx6RXdOVFl3TmpFdE5WODRNREJYZURnd01FZ3w2MTM0YzFhM2E5YjJjMzA1YmVkMGE4MDFiZjkyNDhmMGRiM2M1MTc0MzExNjQ3YmIyMTBmMjUwZWQzMzgwODhm,https://api.mybihr.com/medias/1056061-6-800Wx800H?context=bWFzdGVyfHJvb3R8MjQ4OTI4fGltYWdlL2pwZWd8YUdVeEwyaGhNeTg0T1RjeU16QTNNek16TVRVd0x6RXdOVFl3TmpFdE5sODRNREJYZURnd01FZ3xiZGQ1OTI3YzA4ZjU3YjViYmFmYmQwZjY2MWFjOTI5YzYwYWExOTg2MGZkN2U5ODJhYmI4ODE0OTllZGU3ZWU5,,,https://static.bihr.pro/eBihr/Pictures/KOSO-pictures.zip,https://api.mybihr.com/medias/1056061-Homologation-ABE.pdf?context=bWFzdGVyfGRvY3VtZW50c3wxNjcwNjIzfGFwcGxpY2F0aW9uL3BkZnxhRGhsTDJnNVlpODRNVEV6TWpNME56azRNVGcxTkM4eE1EVTJNRFl4WDBodmJXOXNiMmRoZEdsdmJsOUJRa1V1Y0dSbXxhNDYyZmM1ZjlkZTI4ODRlOWVhNDhkNTRhNTI1MjNlYjA4ZjU1YzgzMDJmOGEwMzNkYTJlZTcyNWE5NjA4N2Rj,https://api.mybihr.com/medias/Marcador-XR-Series.png?context=bWFzdGVyfHJvb3R8Mzc1ODk4fGltYWdlL3BuZ3xhREU0TDJnMlppOHpNalF5T1RneU16RTVOekl4TkM5TllYSmpZV1J2Y2lCWVVpQlRaWEpwWlhNdWNHNW58ZTA0ZWJlZmNjOGNiNDU5ZDllMWUxOTU4ODUxMWQ3MTQ1N2FmYmRlNDAxM2YyYzhjY2ZiNzMzZmYxMDdmMDYzNw,https://api.mybihr.com/medias/notice-xr-sa-english.pdf?context=bWFzdGVyfGRvY3VtZW50c3wzMTQ4OTR8YXBwbGljYXRpb24vcGRmfGFEWmxMMmhpTVM4NU1EVXhORFExTXpZeU56RTRMMjV2ZEdsalpTQjRjaTF6WVNCbGJtZHNhWE5vfDM0MDM2OWExMWI5YWFiM2Y4Y2E3M2ExNjFlODExMTcyYzliNzUyYzUwNjgzNWRmOWUwNjJiY2EyZThjZDM5MWI,,,,,,,,Spain Warehouse (Parts)
1056064,49220,KN002000,KOSO,KOSO COUNTER GEAR INDICATOR,Indicador de marchas universal KOSO V2 KN002000,152.75,126.24,82.06,4260303013329,4,9029203890,0,1,"<p><strong>Indicador de marchas</strong></p><p>Solo funcionan en motos equipadas con marcadores/cuentarrevoluciones con señal digital (no compatible con los que van por cable)<br>Ligero, compacto, y de fácil uso e instalación. Te indicará rápidamente en que marcha te encuentras. Con dígitos grandes y retroiluminación azul, para que puedas verlo tanto de día como de noche.<br>Información en pantalla: N, 1, 2, 3, 4, 5, 6, 7 <br>Se adapta a la mayoría de vehículos<br>Suministro eléctrico: 12 V</p>","
Indicador de marchas
Solo funcionan en motos equipadas con marcadores/cuentarrevoluciones con señal digital (no compatible con los que van por cable)Ligero, compacto, y de fácil uso e instalación. Te indicará rápidamente en que marcha te encuentras. Con dígitos grandes y retroiluminación azul, para que puedas verlo tanto de día como de noche.Información en pantalla: N, 1, 2, 3, 4, 5, 6, 7 Se adapta a la mayoría de vehículosSuministro eléctrico: 12 V",VEHICLE PARTS & ACCESSORIES,ACCESSORIES,ACC. ELECTRONIC,,,387,93,142,58,47,,,,,,,,,,,,,,,,,,https://api.mybihr.com/medias/800Wx800H-1056064-1.jpg?context=bWFzdGVyfHJvb3R8OTEzNTZ8aW1hZ2UvanBlZ3xhR0kxTDJnMk5pODRNVEU1TURRd056TXdOekk1TkM4NE1EQlhlRGd3TUVoZk1UQTFOakEyTkMweExtcHdad3wzYjRlNjNjMGRmNzc5YmY5MGUzMGRhMmJjNmIzY2E0YWFkMDQwNDM3M2ZmNWZhOTkwMzA3MTkzMjVkNDQwNTkz,https://api.mybihr.com/medias/1056064-2-800Wx800H?context=bWFzdGVyfHJvb3R8MTAzMjI3fGltYWdlL2pwZWd8YURVNEwyaG1PUzg0T1RjeU16QTRNVEU1TlRneUx6RXdOVFl3TmpRdE1sODRNREJYZURnd01FZ3xmYTE0NTlhY2RhYWY0ODdkYjhlNTg1NTE2ZmViMmM5YTE1NDQ5MTBiY2FmZmU0N2EwNTNkNDRjNjVjNjU3ZWI1,,,,,,,https://static.bihr.pro/eBihr/Pictures/KOSO-pictures.zip,https://api.mybihr.com/medias/Mounting-Instruction-ES-1056064.pdf?context=bWFzdGVyfHJvb3R8NjIwMzk5M3xhcHBsaWNhdGlvbi9wZGZ8YURWbUwyZzRZUzh6TlRFeU5qTTVPVFU1T0RZeU1pOU5iM1Z1ZEdsdVp5Qkpibk4wY25WamRHbHZiaUJGVXlBeE1EVTJNRFkwTG5Ca1pnfGZkYjJmYTgyNDA2NjBhODQwMzY4OGY1Y2NlZDU3OTc0MzM5OWI0ZmIyN2MwMjI5ZWNjMTZkNzEyZDg4NDg1NTU,https://api.mybihr.com/medias/Mounting-Instruction-FR-EN-1056064.pdf?context=bWFzdGVyfHJvb3R8Mzc1NjM0NnxhcHBsaWNhdGlvbi9wZGZ8YUdJeEwyZzRPUzh6TlRFeU5qTTVPVFV6TXpBNE5pOU5iM1Z1ZEdsdVp5Qkpibk4wY25WamRHbHZiaUJHVWw5RlRpQXhNRFUyTURZMExuQmtaZ3w3MjViOTQ2MWYxMjIxMjRlZWJiM2UxZTdhZGE2Mzc4MzJlNDU4OTI1ZDRiZjAzNmRkZGMwZDE3OTkxMGEyNGUy,,,,,,,,,Spain Warehouse (Parts)
1056084,49263,BG241412,KOSO,"KOSO SENSOR OIL - M14x 1,25x 15mm",Tornillo adaptador para sensor de temperatura KOSO BG241412,8.83,7.30,4.75,4260303012513,12,9025900090,0,1,"<p>Tornillo adaptador para sensor de temperatura KOSO PT1/8x28 (M14x1,25x15mm)</p><p> </p><p>Culata Motor AM6</p>","
Tornillo adaptador para sensor de temperatura KOSO PT1/8x28 (M14x1,25x15mm)
 
Culata Motor AM6",VEHICLE PARTS & ACCESSORIES,ACCESSORIES,ACC. ELECTRONIC,,,160,13,120,70,19,,,,,,,,,,,,,,,,,,https://api.mybihr.com/medias/1056084-1-800Wx800H?context=bWFzdGVyfHJvb3R8NTUxMDV8aW1hZ2UvanBlZ3xhR0ZqTDJobVl5ODRPVGN5TXpFeE5qVTROVEkyTHpFd05UWXdPRFF0TVY4NE1EQlhlRGd3TUVnfGFkYmIyZDlkYmNmYzNhOTcxYjJlNWRkNDlkNTY4YjQxY2JkMDkxZTI5NmUzYTQyY2I2ZGE0MzM4YzI0NmJkNzg,,,,,,,,https://static.bihr.pro/eBihr/Pictures/KOSO-pictures.zip,,,,,,,,,,,Spain Warehouse (Parts)
1067447,,BA067B10,KOSO,KOSO COUNTER SPEED - TEMP - BLUE,Marcador de temperatura KOSO i-GEAR azul,52.26,43.19,28.07,4260303014678,4,9025900090,0,1,"<p data-isautotranslation=""1""></p><html>
<head>
<meta http-equiv=""Content-Type"" content=""text/html; charset=utf-8""><title></title>
<style type=""text/css"">.cs95E872D0{text-align:left;margin:0pt 0pt 0pt 0pt;}.csC235ED31{color:#000;background-color:transparent;font-weight:normal;font-style:normal;}.cs4EA70B48{text-align:left;margin:0pt 0pt 0pt 0pt;list-style-type:disc;color:#000;background-color:transparent;font-weight:normal;font-style:normal;}</style>
</head>
<body>
<p>Unidad ultradelgada con luz de fondo azul. Cuando la temperatura supera los 120° C, el medidor parpadeará para advertirte.</p><p></p><ul>
<li>Rango de temperatura: 0-120°C</li>
<li>Advertencia: superior a 120°C</li>
<li>Voltaje de alimentación: 12V</li>
</ul>
<p></p>
</body>
</html>","






Unidad ultradelgada con luz de fondo azul. Cuando la temperatura supera los 120° C, el medidor parpadeará para advertirte.
Rango de temperatura: 0-120°C
Advertencia: superior a 120°C
Voltaje de alimentación: 12V



",VEHICLE PARTS & ACCESSORIES,ACCESSORIES,ACC. ELECTRONIC,,,987,129,171,111,52,,,,,,,,,,,,,,,,,,https://api.mybihr.com/medias/1067447-1-800Wx800H?context=bWFzdGVyfHJvb3R8NDkyMTJ8aW1hZ2UvanBlZ3xhR1kwTDJnMU15ODRPVGMwTkRVM016QTNNVFkyTHpFd05qYzBORGN0TVY4NE1EQlhlRGd3TUVnfGM4MWU4NjIxNWE3ZmFiZGZkM2VjYjBlYmZhNDkzNmQ0ZDhiOGRmOWE4NDg4NTQ1Nzk0MmY1ZDRmYjA2YzhhZGI,,,,,,,,https://static.bihr.pro/eBihr/Pictures/KOSO-pictures.zip,,,,,,,,,,,Spain Warehouse (Parts)
1056082,49202,BG026B00,KOSO,KOSO SENSOR WATER - Ø26mm HOSE,Adaptador para sensor temperatura de agua KOSO Ø26mm  BG026B00,34.57,28.57,18.57,4260303012490,6,9025900090,0,1,Adaptador para sensor temperatura de agua KOSO para manguitos Ø26mm<br>Incluye el sensor de temperatura.,Adaptador para sensor temperatura de agua KOSO para manguitos Ø26mmIncluye el sensor de temperatura.,VEHICLE PARTS & ACCESSORIES,ACCESSORIES,ACC. ELECTRONIC,,,233,115,90,81,32,,,,,,,,,,,,,,,,,,https://api.mybihr.com/medias/1056082-1-800Wx800H?context=bWFzdGVyfHJvb3R8MzgxMzR8aW1hZ2UvanBlZ3xhR00xTDJobU5TODRPVGN5TXpFeE1qWTFNekV3THpFd05UWXdPREl0TVY4NE1EQlhlRGd3TUVnfDZkYjRkMTc5MDMwNTgwZjc4ZTU5YzU2ZjFjY2IxNzI1ODNiYzU1ZTgyMGRkZTRmZDg3ZmNjOTY2ZGQwOTY1ZGY,,,,,,,,https://static.bihr.pro/eBihr/Pictures/KOSO-pictures.zip,,,,,,,,,,,Spain Warehouse (Parts)
1056109,66323,BF640004,KOSO,KOSO SENSOR SPEED - 1550mm BLACK,Cable captador de velocidad 1550 mm KOSO BF640004,30.15,24.92,16.20,4260303012278,2,9025900090,0,1,Cable captador de velocidad de 1550mm para sensor activo,Cable captador de velocidad de 1550mm para sensor activo,VEHICLE PARTS & ACCESSORIES,ACCESSORIES,ACC. ELECTRONIC,,,1159,76,110,170,62,,,,,,,,,,,,,,,,,,https://api.mybihr.com/medias/1056109-1-800Wx800H?context=bWFzdGVyfHJvb3R8NDE3Nzh8aW1hZ2UvanBlZ3xhR0kyTDJnMVpDOHhOVFF4TlRVNU9UQXdOVGN5Tmk4eE1EVTJNVEE1TFRGZk9EQXdWM2c0TURCSXxiZjJmNzc2NmFlOWU1MTU3OTRlMGU5NGNhNzA3YjA3NGI1Y2U3ZjdlZmE5MzU3MDE2M2FmNWI1MDJiOTkzZjcy,,,,,,,,https://static.bihr.pro/eBihr/Pictures/KOSO-pictures.zip,,,,,,,,,,,Spain Warehouse (Parts)
1056131,66313,BO019022-OLD,KOSO,KOSO SPAREPARTS WIRE ADAPTOR SUZUKI,Cable adaptador plug & play para intermitentes Suzuki,10.85,8.97,5.83,BO019022,2,9025900090,0,1,,,VEHICLE PARTS & ACCESSORIES,ACCESSORIES,ACC. ELECTRONIC,,,163,12,86,100,19,,,,,,,,,,,,,,,,,,https://api.mybihr.com/medias/1056131-1-800Wx800H?context=bWFzdGVyfHJvb3R8NTAzNjZ8aW1hZ2UvanBlZ3xhREUxTDJnNE15OHhOVFF4TlRZd056Y3lNakF4TkM4eE1EVTJNVE14TFRGZk9EQXdWM2c0TURCSXxiNmM1OTI4OTViNjU4ZDI5MmMxMWQ1NDUxZDBhNmRmMjg4ZjdkZmIzOTQwNDU0NTRiNmVmNzQzMzk1NmQ1ZTMy,,,,,,,,https://static.bihr.pro/eBihr/Pictures/KOSO-pictures.zip,,,,,,,,,,,Spain Warehouse (Parts)
1056128,49205,BO002000,KOSO,KOSO SPAREPARTS TEMP SENSOR 2 METERS,Cable de temperatura 2m KOSO BO002000,8.83,7.30,4.75,4260303012810,9,9025900090,0,1,"Cable captador de velocidad 2m KOSO (pasivo, conectores negros)","Cable captador de velocidad 2m KOSO (pasivo, conectores negros)",VEHICLE PARTS & ACCESSORIES,ACCESSORIES,ACC. ELECTRONIC,,,1141,54,170,110,61,,,,,,,,,,,,,,,,,,https://api.mybihr.com/medias/1056128-1-800Wx800H?context=bWFzdGVyfHJvb3R8NTQ1MjN8aW1hZ2UvanBlZ3xhRGRqTDJobU15OHhOVFF4TlRZd05qVTBNak0yTmk4eE1EVTJNVEk0TFRGZk9EQXdWM2c0TURCSXxjNDQ2NmQwNTg4NzY3M2RkMWRiMTVlOThmN2IyOTEyNDI1ZjU5MmRjNjYxZWE4NWY3OWVmNmFjNzI5ZjU3Zjcz,,,,,,,,https://static.bihr.pro/eBihr/Pictures/KOSO-pictures.zip,,,,,,,,,,,Spain Warehouse (Parts)
1121237,,BA081010,KOSO,KOSO COUNTER RX4,Marcador universal multifunción KOSO RX-4 Unlimited,710.49,587.18,381.67,4260303011073,2,9025900090,0,1,"<p>Con veloc&iacute;metro, cuentakil&oacute;metros, cuentakil&oacute;metros parcial, cuentahoras, voltaje, reloj y cron&oacute;metro, as&iacute; como varios indicadores luminosos, la nueva versi&oacute;n universal del cuentakil&oacute;metros RX-4 te proporcionar&aacute; toda la informaci&oacute;n que necesitas para tu pr&oacute;ximo viaje.</p>
<p>Este medidor multifunci&oacute;n te permite conectar tu tel&eacute;fono a trav&eacute;s de su opci&oacute;n Bluetooth para una experiencia &uacute;nica como ning&uacute;n otro medidor est&aacute;ndar. Podr&aacute;s ver tu llamada entrante, la informaci&oacute;n de reproducci&oacute;n de tu m&uacute;sica y mucho m&aacute;s. Con sus funciones de f&aacute;cil uso y gran pantalla, el RX-4 es el medidor perfecto para dar un aspecto moderno a cualquier tipo de moto.</p>","
Con velocímetro, cuentakilómetros, cuentakilómetros parcial, cuentahoras, voltaje, reloj y cronómetro, así como varios indicadores luminosos, la nueva versión universal del cuentakilómetros RX-4 te proporcionará toda la información que necesitas para tu próximo viaje.

Este medidor multifunción te permite conectar tu teléfono a través de su opción Bluetooth para una experiencia única como ningún otro medidor estándar. Podrás ver tu llamada entrante, la información de reproducción de tu música y mucho más. Con sus funciones de fácil uso y gran pantalla, el RX-4 es el medidor perfecto para dar un aspecto moderno a cualquier tipo de moto.",VEHICLE PARTS & ACCESSORIES,ACCESSORIES,ACC. ELECTRONIC,,,6022,1185,240,164,153,,,,,,,,,,,,,,,,,,https://api.mybihr.com/medias/800Wx800H-1121237-1.jpg?context=bWFzdGVyfHJvb3R8NDc3MjN8aW1hZ2UvanBlZ3xhRGRrTDJnMk5DOHpNVEkxTURrMU1UY3pNekkzT0M4NE1EQlhlRGd3TUVoZk1URXlNVEl6TnkweExtcHdad3w3YWQ2ZjQwY2E0YTljZWM1M2JhODY4Mzg2MDlhYjAxMzA4NWM0N2Y3MDM4YTZlNDYyNjc3ZWMxNDhlMjg5NWQ0,https://api.mybihr.com/medias/800Wx800H-1121237-2.jpg?context=bWFzdGVyfHJvb3R8NDE3NDV8aW1hZ2UvanBlZ3xhRFEwTDJnd1ppOHpNVEkxTURrMU1qRXlOalE1TkM4NE1EQlhlRGd3TUVoZk1URXlNVEl6TnkweUxtcHdad3xjNDc2MWM2MDI0ZThmMjQyYTAzMTExOGVhNjU0YzdmNzU3NTdlOWRhZWZmYTQ4YmNjOTQzNGRlNTM2MTcyYzhj,https://api.mybihr.com/medias/800Wx800H-1121237-3.jpg?context=bWFzdGVyfHJvb3R8NDg0MDJ8aW1hZ2UvanBlZ3xhR0kyTDJnd01TOHpNVEkxTURrMU1qVXhPVGN4TUM4NE1EQlhlRGd3TUVoZk1URXlNVEl6TnkwekxtcHdad3xmNDcwOTg4YzZiMGI3NWQzMzI3NzM3OTc5YmU1YzU4NzhiYmJjM2EzOGI2NjM0YzA2NGZmMDUwOWFmNjkwODRm,https://api.mybihr.com/medias/800Wx800H-1121237-4.jpg?context=bWFzdGVyfHJvb3R8OTIxNzl8aW1hZ2UvanBlZ3xhR1U1TDJnd1lpOHpNVEkxTURrMU1qa3hNamt5Tmk4NE1EQlhlRGd3TUVoZk1URXlNVEl6TnkwMExtcHdad3w2OTg3YTUzMmQ1Nzk0ZTI0OTllNjYwZTM2NWY5MjAyNDlkYmEzMDM0ODAxYjBjMmFhYTRiYTBiMjc0ZWZiNzY0,https://api.mybihr.com/medias/800Wx800H-1121237-5.jpg?context=bWFzdGVyfHJvb3R8NDMyNzF8aW1hZ2UvanBlZ3xhREl6TDJnMk1TOHpNVEkxTURrMU16TXdOakUwTWk4NE1EQlhlRGd3TUVoZk1URXlNVEl6TnkwMUxtcHdad3xiMWQzMjEwZmQ4MzY0ZjUzNzk1ZTA2ZGI1OGE4Zjk1MjQwMmU2Mjc3MDE4OWM5OTEwN2YzZDJjMjk1MTg0MjAz,https://api.mybihr.com/medias/800Wx800H-1121237-6.jpg?context=bWFzdGVyfHJvb3R8NTY3MTR8aW1hZ2UvanBlZ3xhRFl3TDJnMll5OHpNVEkxTURrMU16WTVPVE0xT0M4NE1EQlhlRGd3TUVoZk1URXlNVEl6TnkwMkxtcHdad3wyZTBjZTZkNzM4NWU3Mzk0ZjJhN2NjYzkxMWEwNzg4ZGFjNGRjY2I5YThkOTc4NmE4NmJlODA1M2JhZmI4YmRk,https://api.mybihr.com/medias/800Wx800H-1121237-7.jpg?context=bWFzdGVyfHJvb3R8NDc1OTN8aW1hZ2UvanBlZ3xhR0ZqTDJoak1TOHpNVEkxTURrMU5EQTVNalUzTkM4NE1EQlhlRGd3TUVoZk1URXlNVEl6TnkwM0xtcHdad3wzYmQ5YWY0ZGFhYzQ2YTZjNzA2MjFkNWM4ZjYzN2I4YzMyYjdmMDNkNzYzYjgyNmRkZTNlMWIxZjBiZmMxYTA1,,https://static.bihr.pro/eBihr/Pictures/KOSO-pictures.zip,https://api.mybihr.com/medias/1121237-ABE-Document-RX4?context=bWFzdGVyfGRvY3VtZW50c3w4ODM0NTd8YXBwbGljYXRpb24vcGRmfGFEVXdMMmcwWWk4ek1qYzVNRGMyTXpRek9ERXhNQzh4TVRJeE1qTTNJQzBnUVVKRklFUnZZM1Z0Wlc1MElGSllOQXw3NmZkMGViNDFiZjFiMjUzYjJhNzZmNTEzYjExZGRiNWVmZTkxNmFkNTE4ZjQzNGIwY2Y0ZjA2YmUzYTIxNTI5,https://api.mybihr.com/medias/1121237-Homologation-ABE.pdf?context=bWFzdGVyfGRvY3VtZW50c3wzNDEyNjd8YXBwbGljYXRpb24vcGRmfGFHSTVMMmcwWVM4NE1URTFNamswTWpFeE1qYzVPQzh4TVRJeE1qTTNYMGh2Ylc5c2IyZGhkR2x2Ymw5QlFrVXVjR1JtfDhjYzQxNTEwYTA3OTEwN2M0ODQ0ODY4OTM3NmI5ODdlNDQwYWI1ZTg5NGUxMWFhYzVlYTFiYjAyMThmYTVmOWI,https://api.mybihr.com/medias/1121237-Instructions-Manual-RX4-TFT-unlimited-meter-DE?context=bWFzdGVyfGRvY3VtZW50c3wzMjg0OTM4MXxhcHBsaWNhdGlvbi9wZGZ8YURJeEwyZ3hOQzh6TWpjNU1EYzJOREV5TmpJek9DOHhNVEl4TWpNM0lDMGdTVzV6ZEhKMVkzUnBiMjV6SUUxaGJuVmhiQ0JTV0RRZ1ZFWlVJSFZ1YkdsdGFYUmxaQ0J0WlhSbGNpQXRJRVJGfDg1NDM3NDQ1MTU4YzMwYjU2Y2NiYjFhODRiMDIyMTBlZDU4ODVhZmRjZDk4MTRkODc5YjAwYWFjMDNlNzQyOWE,https://api.mybihr.com/medias/1121237-Instructions-Manual-RX4-TFT-unlimited-meter-ES?context=bWFzdGVyfGRvY3VtZW50c3wyOTUxNDAxOHxhcHBsaWNhdGlvbi9wZGZ8YURRNEwyZ3hZaTh6TWpjNU1EYzJORE0xTlRZeE5DOHhNVEl4TWpNM0lDMGdTVzV6ZEhKMVkzUnBiMjV6SUUxaGJuVmhiQ0JTV0RRZ1ZFWlVJSFZ1YkdsdGFYUmxaQ0J0WlhSbGNpQXRJRVZUfDM1OGNlNzI0MDc3YjI4MmVjYzBlNGEzZTgxYzg4OWE1OGYzMjdmYjJjNTBjMGI1ZGQwMTcxZDY3NDQ4MjlkOGE,https://api.mybihr.com/medias/1121237-Instructions-Manual-RX4-TFT-unlimited-meter-FR?context=bWFzdGVyfGRvY3VtZW50c3wzNTM3NTY1N3xhcHBsaWNhdGlvbi9wZGZ8YURabUwyZ3lNaTh6TWpjNU1EYzJORFU0TkRrNU1DOHhNVEl4TWpNM0lDMGdTVzV6ZEhKMVkzUnBiMjV6SUUxaGJuVmhiQ0JTV0RRZ1ZFWlVJSFZ1YkdsdGFYUmxaQ0J0WlhSbGNpQXRJRVpTfDY4ZTE1YzIwMGUzZTM0MDIzMGYzMzRiM2ZhNTg5OGYwNjdmYmU5OTljY2YxZTNkYmUyZjY4MzAzZGM5ZThiNDI,https://api.mybihr.com/medias/1121237-Instructions-Manual-RX4-TFT-unlimited-meter-IT?context=bWFzdGVyfGRvY3VtZW50c3wyOTUzMzUwMHxhcHBsaWNhdGlvbi9wZGZ8YURBeEwyZ3paQzh6TWpjNU1EYzJNemc1TmpnMk1pOHhNVEl4TWpNM0lDMGdTVzV6ZEhKMVkzUnBiMjV6SUUxaGJuVmhiQ0JTV0RRZ1ZFWlVJSFZ1YkdsdGFYUmxaQ0J0WlhSbGNpQXRJRWxVfDgxM2FhNWUyMzA4MWViNDZiODBhODY2YTM3OTQzZWU4ZGQzODJiZmVjNTljY2YwOWQ3OTgzYWI2ZmMwNGJhY2Q,,,,,Spain Warehouse (Parts)
1056119,49268,BF010611-N,KOSO,KOSO SPAREPARTS MAGNETIC SCREW M6,Tornillo imán captador velocímetro KOSO M6 x 1 x 19.7 BF010611-n,17.29,14.29,9.29,4260303011738,17,9025900090,0,1,Tornillo imán captador velocímetro KOSO M6 x 1.0 x 19.8,Tornillo imán captador velocímetro KOSO M6 x 1.0 x 19.8,VEHICLE PARTS & ACCESSORIES,ACCESSORIES,ACC. ELECTRONIC,,,115,22,56,108,19,,,,,,,,,,,,,,,,,,https://api.mybihr.com/medias/1056119-1-800Wx800H?context=bWFzdGVyfHJvb3R8NDk5MDl8aW1hZ2UvanBlZ3xhREZtTDJnNFpDOHhOVFF4TlRZd01qa3pOemc0Tmk4eE1EVTJNVEU1TFRGZk9EQXdWM2c0TURCSXw3MDQ2Njg1ZDAzMDUxYWU0NDk1ZjU4MGI4OWI1Mjk5ODBmNGU4YTA2ODM5NmU5MmUxNGM1MGM0ODU3Njg4ODNh,,,,,,,,https://static.bihr.pro/eBihr/Pictures/KOSO-pictures.zip,,,,,,,,,,,Spain Warehouse (Parts)
1056098,49215,BA015010,KOSO,KOSO COUNTER RX2NR+,Cuenta Rpm universal KOSO RX2NR BA015,200.96,166.08,107.95,4260303010403,3,9025900090,0,1,"<p><strong>El RX2NR</strong> se ha desarrollado con los mejores componentes y la tecnología más avanzada del mercado. La aguja cuentarrevoluciones, iluminada por LED, hace que visibilidad de la información sea perfecta, incluso por la noche. Dispone de todas las prestaciones habituales: velocidad, revoluciones, cuentakilómetros, temperatura... ¡y una multitud de funciones avanzadas muy prácticas! El cuentarrevoluciones es configurable, para poderse adaptar a tu moto lo mejor posible.<br><br><strong>Marcador digital multifunción</strong></p><p><br>Se adapta a la mayoría de vehículos<br>Testigos: luz, aceite, neutral, EODB, temperatura aceite y agua<br><br><strong>Funciones:</strong></p><p>• Cuentarrevoluciones: de 10000 rpm<br>• Pantalla con temperatura de agua y aceite: 0-250°C<br>•&nbsp;Alerta de temperatura máxima<br>• Registro de RPM y temperatura máximas.<br>• Suministro eléctrico: 12 V<br>•&nbsp;Homologación europea<br><br><strong>Accesorios incluidos:<br></strong>•&nbsp;Cableado principal<br>•&nbsp;Cable cuenta rpm tipo A<br>•&nbsp;Cable cuenta rpm tipo B<br>•&nbsp;Prolongador sensor de temperatura<br>• Sensor de temperatura<br>•&nbsp;Conectores eléctricos<br>•&nbsp;Soporte para captador tipo S<br>•&nbsp;Soporte al manillar</p>","
El RX2NR se ha desarrollado con los mejores componentes y la tecnología más avanzada del mercado. La aguja cuentarrevoluciones, iluminada por LED, hace que visibilidad de la información sea perfecta, incluso por la noche. Dispone de todas las prestaciones habituales: velocidad, revoluciones, cuentakilómetros, temperatura... ¡y una multitud de funciones avanzadas muy prácticas! El cuentarrevoluciones es configurable, para poderse adaptar a tu moto lo mejor posible.Marcador digital multifunción
Se adapta a la mayoría de vehículosTestigos: luz, aceite, neutral, EODB, temperatura aceite y aguaFunciones:
• Cuentarrevoluciones: de 10000 rpm• Pantalla con temperatura de agua y aceite: 0-250°C• Alerta de temperatura máxima• Registro de RPM y temperatura máximas.• Suministro eléctrico: 12 V• Homologación europeaAccesorios incluidos:• Cableado principal• Cable cuenta rpm tipo A• Cable cuenta rpm tipo B• Prolongador sensor de temperatura• Sensor de temperatura• Conectores eléctricos• Soporte para captador tipo S• Soporte al manillar",VEHICLE PARTS & ACCESSORIES,ACCESSORIES,ACC. ELECTRONIC,,,2754,710,203,133,102,,,,,,,,,,,,,,,,,,https://api.mybihr.com/medias/1056098-1-800Wx800H?context=bWFzdGVyfHJvb3R8MTIxMTMzfGltYWdlL2pwZWd8YURFNUwyZ3daaTh4TlRReE5UVTVNelF6TlRFMk5pOHhNRFUyTURrNExURmZPREF3VjNnNE1EQkl8ZWM3NTg2NTdkN2RmYjMwNjlkZmZiMTUyYzAzODA4YzI0ZjBhNmI4MjZjYjRhNTIwNWVkNDJhZGE4NjZlOWQ4Yw,https://api.mybihr.com/medias/1056098-2-800Wx800H?context=bWFzdGVyfHJvb3R8MTA2OTAxfGltYWdlL2pwZWd8YURoaUwyZ3dNUzh4TlRReE5UVTVNemd5T0RNNE1pOHhNRFUyTURrNExUSmZPREF3VjNnNE1EQkl8NzI0ZWMzODQzYTA4NjBhYzNkNGRjZmE5ZTgwMzAyZGE0YWIxZjBjNzc0N2QzZDU5NzE1ZmFjN2IzNGYxYzVkMg,,,,,,,https://static.bihr.pro/eBihr/Pictures/KOSO-pictures.zip,,,,,,,,,,,Spain Warehouse (Parts)
1056102,49273,BA048001,KOSO,KOSO COUNTER SPEED - DB EX-02 ABE,Marcador universal KOSO DB EX-02 BA048001,144.70,119.59,77.73,4260303013534,15,9025900090,0,1,"<ul>
	<li>Solo funciona en aplicaciones de 12 V DC</li>
	<li>Con su aspecto moderno, este velocímetro EX-02S es el medidor perfecto</li>
	<li>Su luz de fondo iluminada hace que este medidor sea muy fácil de leer incluso cuando se conduce de noche</li>
	<li>Con velocidad, odómetro, cuentakilómetros, contador de horas, voltaje, reloj y cronómetro, así como 6 luces indicadoras, este medidor le dará toda la información que necesita</li>
	<li>Velocímetro KOSO DB EX-02 con certificación ABE</li>
</ul>

<p>Dimensiones:<br>
120 x 46 x 20 (mm)</p>","
	Solo funciona en aplicaciones de 12 V DC
	Con su aspecto moderno, este velocímetro EX-02S es el medidor perfecto
	Su luz de fondo iluminada hace que este medidor sea muy fácil de leer incluso cuando se conduce de noche
	Con velocidad, odómetro, cuentakilómetros, contador de horas, voltaje, reloj y cronómetro, así como 6 luces indicadoras, este medidor le dará toda la información que necesita
	Velocímetro KOSO DB EX-02 con certificación ABE



Dimensiones:
120 x 46 x 20 (mm)",VEHICLE PARTS & ACCESSORIES,ACCESSORIES,ACC. ELECTRONIC,,,1905,378,137,135,103,,,Negro,,,,,,,,,,,,,,12V,https://api.mybihr.com/medias/800Wx800H-1056102-1.jpg?context=bWFzdGVyfHJvb3R8MjgxNTd8aW1hZ2UvanBlZ3xhR1JoTDJnM09DOHpNalEzTXpBMU9UTTJNRGM1T0M4NE1EQlhlRGd3TUVoZk1UQTFOakV3TWkweExtcHdad3wzOGUzNDRmMjMxZmJmNWExNTIzMjUxOTQwYzMyNWRmOTAxMDhiYjE4YjZmOTk2YjE3ZjgxZmZkMGM2NjYwYzlj,https://api.mybihr.com/medias/800Wx800H-1056102-2.jpg?context=bWFzdGVyfHJvb3R8MzM4MDZ8aW1hZ2UvanBlZ3xhR0U0TDJnNE1pOHpNalEzTXpBMU9UWXlNamswTWk4NE1EQlhlRGd3TUVoZk1UQTFOakV3TWkweUxtcHdad3w3YWUwMGUwMWYwMTI1MDdiMGNmNTkxMjI5Yjk0ZjBmMTZjNWVjNThkNDU2OGI3ODQ3YzMxMTM0M2RkZWZhYzI3,https://api.mybihr.com/medias/800Wx800H-1056102-3.jpg?context=bWFzdGVyfHJvb3R8MTkzNTF8aW1hZ2UvanBlZ3xhRFU0TDJnM1lTOHpNalEzTXpBMk1EQXhOakUxT0M4NE1EQlhlRGd3TUVoZk1UQTFOakV3TWkwekxtcHdad3xlYmRkNzAzZDk1ZjI0NzZkMzRmZmM0MTZiMTkwYzViM2IwMzA0NDllYjQ3NzlmMzQyYjE1MGRlOGY3ZmY0MjQ5,https://api.mybihr.com/medias/800Wx800H-1056102-4.jpg?context=bWFzdGVyfHJvb3R8NDIxODd8aW1hZ2UvanBlZ3xhR05pTDJnMll5OHpNalEzTXpBMk1EUXdPVE0zTkM4NE1EQlhlRGd3TUVoZk1UQTFOakV3TWkwMExtcHdad3xkYTI5YTNhZGQyNmY4MGJlNzU0N2UzYTA4ODBmYTk2NGU5ZjQ1MmVhNzExNjY5ZmYxYTRjZTRkMWUxYWVkMDRl,https://api.mybihr.com/medias/800Wx800H-1056102-5.jpg?context=bWFzdGVyfHJvb3R8Mzg0MjR8aW1hZ2UvanBlZ3xhREpoTDJnMVppOHpNalEzTXpBMk1EZ3dNalU1TUM4NE1EQlhlRGd3TUVoZk1UQTFOakV3TWkwMUxtcHdad3wxZWNhZGJhMjFjNmE3M2E0ZDkyNGQ2NTA4MTRmMzNkN2U2Y2MzMjhhYTJlYTg5MzkzZDgwZmFhNjJkNGVhOWE5,https://api.mybihr.com/medias/800Wx800H-1056102-6.jpg?context=bWFzdGVyfHJvb3R8MzI4MjZ8aW1hZ2UvanBlZ3xhRFF4TDJnd1l5OHpNalEzTXpBMk1URTVOVGd3Tmk4NE1EQlhlRGd3TUVoZk1UQTFOakV3TWkwMkxtcHdad3xkNzNlY2RiZDIzZGJmYmJjYWFlMWQ4NzQ0YzBlOWJkOTZhYTUwZWJkYzRjZDAzYWQ1OGVlYWI3OWQ5OTEyMmI2,https://api.mybihr.com/medias/800Wx800H-1056102-7.jpg?context=bWFzdGVyfHJvb3R8MzE1NzN8aW1hZ2UvanBlZ3xhRFJqTDJnd01TOHpNalEzTXpBMk1UVTRPVEF5TWk4NE1EQlhlRGd3TUVoZk1UQTFOakV3TWkwM0xtcHdad3w4NjBmYjUyYjIxMTljZGU0YjM0YzhmMGViZjcwNWQ2Y2U1MzZlMTExYmJmNTc0YTg0Mjc3MDI2ZjhhZWE3YTE3,,https://static.bihr.pro/eBihr/Pictures/KOSO-pictures.zip,https://api.mybihr.com/medias/1056102-Homologation-ABE.pdf?context=bWFzdGVyfGRvY3VtZW50c3wyMjYxNDg1fGFwcGxpY2F0aW9uL3BkZnxhRGt6TDJobE5DODRNVEV6TnpFeE1UYzVNelk1TkM4eE1EVTJNVEF5WDBodmJXOXNiMmRoZEdsdmJsOUJRa1V1Y0dSbXxmMmVmNDAyN2VkNjYzNWFiYTFjYWEwNWMyYTA2MjdjMzdmZTY4MDgxNjJiMDNlYzNiYzcxODJhNmIxY2M0M2E3,https://api.mybihr.com/medias/1056102-Mounting-Instructions-DE.pdf?context=bWFzdGVyfGRvY3VtZW50c3wxMDE4MzYzNXxhcHBsaWNhdGlvbi9wZGZ8YURnNUwyZzNOaTg0TVRFek56RXlNekkyTWpRNU5DOHhNRFUyTVRBeVgwMXZkVzUwYVc1blgwbHVjM1J5ZFdOMGFXOXVjMTlFUlM1d1pHWXxiNzgzZjlmMDFmY2E4NDI3NzMxNTk0OTkxM2JmMDM4YTE4YzNlOWIwYjBjMjgxZjg5ZjI0MDk5MmIwYzhmMjNj,https://api.mybihr.com/medias/BA048001.pdf?context=bWFzdGVyfHJvb3R8MTAxNTQwMzd8YXBwbGljYXRpb24vcGRmfGFHWTFMMmcyTkM4ek1qUTNNekExTnpBMk56QXpPQzlDUVRBME9EQXdNUzV3WkdZfDllOWU5ODdkZmZjYTI2ZDdmZmM5Mjk0MmRmZDE5NjBhMTM1YzcxMGI3ZDE4NGUzNWJjNDRhMGI3MWYyYjc5NjQ,,,,,,,,Spain Warehouse (Parts)
1056132,66314,BO021006-OLD,KOSO,KOSO SPAREPARTS WIRE ADAPTOR HONDA,Cable adaptador plug & play para intermitentes Honda,12.06,9.97,6.48,4260303014111,1,9025900090,0,1,,,VEHICLE PARTS & ACCESSORIES,ACCESSORIES,ACC. ELECTRONIC,,,195,14,107,76,24,,,,,,,,,,,,,,,,,,https://api.mybihr.com/medias/1056132-1-800Wx800H?context=bWFzdGVyfHJvb3R8MTc3NzZ8aW1hZ2UvanBlZ3xhR1JqTDJneVpDOHhOVFF4TlRZd09ERXhOVEl6TUM4eE1EVTJNVE15TFRGZk9EQXdWM2c0TURCSXwwYmNlYmQ5MWJkMGU1ODAxMDA0ZmI3MzU4NGVkZmRhNWMzMTcwM2ZhMzgyMzE1ZDI4ZDc2ZWJkYWFjYjRlYjUy,,,,,,,,https://static.bihr.pro/eBihr/Pictures/KOSO-pictures.zip,,,,,,,,,,,Spain Warehouse (Parts)
1056115,49257,BE010K00,KOSO,KOSO SPAREPARTS BRACKET RX2,Soporte KOSO para RX2 BE010K00,20.10,16.61,10.80,4 260303 011318,1,9025900090,0,1,Soporte KOSO para RX2,Soporte KOSO para RX2,VEHICLE PARTS & ACCESSORIES,ACCESSORIES,ACC. ELECTRONIC,,,746,154,127,125,47,,,,,,,,,,,,,,,,,,https://api.mybihr.com/medias/1056115-1-800Wx800H?context=bWFzdGVyfHJvb3R8NTUxNDh8aW1hZ2UvanBlZ3xhR1ZqTDJobU5DOHhOVFF4TlRZd01UTTJOVEF5TWk4eE1EVTJNVEUxTFRGZk9EQXdWM2c0TURCSXwyMGUxY2U5MjQ2MWI1NWYzM2ZkOGE0NjgxMTIzNjk3YWQyMmYzNDBiZWVmYTdhYzEyMjk4NDVkYmU0MmUzZmYw,,,,,,,,https://static.bihr.pro/eBihr/Pictures/KOSO-pictures.zip,,,,,,,,,,,Spain Warehouse (Parts)
1056097,61232,BA033020,KOSO,KOSO COUNTER TEMP - MINI 4,Reloj de temperatura KOSO Mini 4 Race Blanc/Negro(Bateria independiente) BA033020,132.65,109.63,71.26,4260303013664,0,9025900090,0,1,"<p>Termómetro KOSO Dual Mini Autoalimentado</p><p>MINI TERMOMETRO HASTA 250ºC<br>2 MEDICIONES<br>ALARMA DE EXCESO DE TEMPERATURA<br>MEDIDAS: 69,8 x 34,4 x 17,2 mm (ancho,alto,profundidad)<br>RESISTENTE AL AGUA<br>SIN HOMOLGACION CE</p><p>Termómetro hasta 250ºC para vehículos con batería 12V o alimentación a pila.</p><p>Especificaciones:<br>Rango de 0 a 250ºC<br>Alarma de temperatura máxima programable<br>Grabación de temperatura máxima alcanzada<br>Puede medir 2 temperaturas (ej agua y aceite)</p><p>Incluye:<br>1 Pila CR2032<br>2 Cables para sensor temperatura<br>2 Sensores temperatura 1/8<br>Velcro para sujección, conectores<br>Manual de instrucciones</p>","
Termómetro KOSO Dual Mini Autoalimentado
MINI TERMOMETRO HASTA 250ºC2 MEDICIONESALARMA DE EXCESO DE TEMPERATURAMEDIDAS: 69,8 x 34,4 x 17,2 mm (ancho,alto,profundidad)RESISTENTE AL AGUASIN HOMOLGACION CE
Termómetro hasta 250ºC para vehículos con batería 12V o alimentación a pila.
Especificaciones:Rango de 0 a 250ºCAlarma de temperatura máxima programableGrabación de temperatura máxima alcanzadaPuede medir 2 temperaturas (ej agua y aceite)
Incluye:1 Pila CR20322 Cables para sensor temperatura2 Sensores temperatura 1/8Velcro para sujección, conectoresManual de instrucciones",VEHICLE PARTS & ACCESSORIES,ACCESSORIES,ACC. ELECTRONIC,,,908,174,109,170,49,,,,,,,,,,,,,,,,,,https://api.mybihr.com/medias/1056097-1-800Wx800H?context=bWFzdGVyfHJvb3R8NDYwOTh8aW1hZ2UvanBlZ3xhR0k1TDJoa05DOHhOVFF4TlRVNU1UZzJNak13TWk4eE1EVTJNRGszTFRGZk9EQXdWM2c0TURCSXw5ZDViNzNhZGNjMzY3MWYyY2M5MTlhYzM3OTA1NTVhMmE2OWE2M2YxYzFhY2JjMGQ5YWM2YTkzNjkxYTk4MjVh,https://api.mybihr.com/medias/1056097-2-800Wx800H?context=bWFzdGVyfHJvb3R8NDMwODR8aW1hZ2UvanBlZ3xhRGd3TDJnM1ppOHhOVFF4TlRVNU1qSTFOVFV4T0M4eE1EVTJNRGszTFRKZk9EQXdWM2c0TURCSXxhMWQ1YTkyMDRkZGUyZDMwZGViZGUyYWMwNzU4NDc5OTQwYmU2OTk3ZTM5MGRiZDJlOTRlYTRjYjIwNWMyOGE0,https://api.mybihr.com/medias/1056097-3-800Wx800H?context=bWFzdGVyfHJvb3R8NDIzOTh8aW1hZ2UvanBlZ3xhR1l6TDJnM01TOHhOVFF4TlRVNU1qWTBPRGN6TkM4eE1EVTJNRGszTFROZk9EQXdWM2c0TURCSXxiNjNhNDIwMDE2OGNhN2I4ZjA5NTU1NTA3ODIyMTUyMTY4ZjIwNWZkMTg2Yjk2YzRmYWUwNDI2MGUwYzYzN2E5,https://api.mybihr.com/medias/1056097-4-800Wx800H?context=bWFzdGVyfHJvb3R8NTY4NzN8aW1hZ2UvanBlZ3xhR0UzTDJneFl5OHhOVFF4TlRVNU16QTBNVGsxTUM4eE1EVTJNRGszTFRSZk9EQXdWM2c0TURCSXxjMWM4YTA0ZGE1MjMxZDRiMjc3Nzc1NTg5N2JlNWIxNGU0OWM5N2IxOTFlMzFlOTVhYzc1MTY2MWNlYzFmZmVl,,,,,https://static.bihr.pro/eBihr/Pictures/KOSO-pictures.zip,,,,,,,,,,,Spain Warehouse (Parts)
1056111,38078,BG028B00,KOSO,KOSO SENSOR WATER - Ø28mm HOSE,Adaptador sensor temperatura de agua Koso Ø28mm,28.13,23.25,15.11,4260303014012,1,9025900090,0,1,,,VEHICLE PARTS & ACCESSORIES,ACCESSORIES,ACC. ELECTRONIC,,,598,196,117,93,55,,,,,,,,,,,,,,,,,,https://api.mybihr.com/medias/1056111-1-800Wx800H?context=bWFzdGVyfHJvb3R8NDYxNjV8aW1hZ2UvanBlZ3xhRGsxTDJnM05pOHhOVFF4TlRVNU9UYzVNakUxT0M4eE1EVTJNVEV4TFRGZk9EQXdWM2c0TURCSXwwMDAxMTA5ZDAxMjcyMmUzOGNiY2IxYzRjZTRiOWI0MTQzYTZlZGMwYzljN2U2YTA3OGM5MjQ2ZDZiOGI5Njcz,,,,,,,,https://static.bihr.pro/eBihr/Pictures/KOSO-pictures.zip,,,,,,,,,,,Spain Warehouse (Parts)
1114970,,BA076000,KOSO,KOSO DB EX-03 SPEEDOMETER,Marcador KOSO DB EX-03 con homologación TUEV,154.76,127.90,83.14,4260303011004,0,9025900090,0,1,"<p>Compacto, ligero y multifuncional: el veloc&iacute;metro DB EX-03 sirve como indicador de velocidad, od&oacute;metro, contador de horas (de funcionamiento), reloj, cron&oacute;metro, volt&iacute;metro, muestra el recorrido, el kilometraje de mantenimiento y registra valores como la velocidad m&aacute;xima, la tensi&oacute;n m&aacute;xima y la velocidad media. <br>Equipado con luces indicadoras para el aceite del motor, el nivel bajo de combustible, la temperatura del agua, las luces largas, los intermitentes y la luz del motor, el veloc&iacute;metro DB EX-03, de 70g de peso, impresiona en todos los aspectos con un tama&ntilde;o de s&oacute;lo 120mm x 38,8mm x 34,2mm</p>
<p><strong>Veloc&iacute;metro</strong><br>Rango de visualizaci&oacute;n: 0 ~ 360 km/h (0 ~225 mph) Unidad de visualizaci&oacute;n: km/h alternativamente mph<br>Cuentakil&oacute;metros<br>Rango de visualizaci&oacute;n: 0 ~ 99.999 km (millas), puesta a cero autom&aacute;tica despu&eacute;s de 99.999 km (millas)</p>
<p><strong>Contador de d&iacute;as A, B</strong><br>Unidad de visualizaci&oacute;n: 1 km (milla) Rango de visualizaci&oacute;n: 0,0 ~ 9.999,9 km (millas),<br>puesta a cero autom&aacute;tica despu&eacute;s de 9.999,9 km (millas)</p>
<p><strong>Contador de horas</strong><br>Unidad de visualizaci&oacute;n: 0,1 km (milla) <br>Rango de visualizaci&oacute;n: 0 ~ 99.999 horas<br>Unidad de visualizaci&oacute;n: 1 hora</p>
<p><strong>Contador de horas A/B</strong><br>Rango de visualizaci&oacute;n: 0~9.999,9 horas, reinicio autom&aacute;tico despu&eacute;s de 9.999,9 horas<br>Unidad de visualizaci&oacute;n: 0,1 horas</p>
<p><strong>Reloj</strong><br>Rango de visualizaci&oacute;n: 00:00 ~ 23:59</p>
<p><strong>Volt&iacute;metro</strong><br>Rango de visualizaci&oacute;n: 8,0 ~ 18,0 V DC<br>Unidad de visualizaci&oacute;n: 0,1 V DC</p>
<p><strong>Cron&oacute;metro</strong><br>Rango de ajuste: 0:00:00 ~ 9:59:99<br>Unidad de ajuste: 0,01 seg.</p>
<p><strong>Lectura del cuentakil&oacute;metros de mantenimiento</strong><br>Rango de ajuste: 300 ~ 5.000 km, se puede borrar manualmente.<br>manualmente.<br>Unidad de ajuste: 1 km</p>
<p><strong>MAX. Grabaci&oacute;n</strong><br>Velocidad media: de 0 a 360 km/h<br>(0 a 225 mph)<br>Velocidad m&aacute;x. Velocidad: de 0 a 360 km/h (de 0 a 225 mph) <br>Tensi&oacute;n m&aacute;x. Tensi&oacute;n: 8,0 ~ 18,0 V DC</p>
<p><strong>Nivel de la bater&iacute;a interna</strong><br>Rango de visualizaci&oacute;n: 4 niveles</p>
<p><strong>Temperatura de funcionamiento</strong><br>-10 ~ +60&deg;C</p>
<p><strong>Tama&ntilde;o del medidor</strong><br>120,0 x 38,8 x 34,2 mm</p>
<p><strong>Especificaci&oacute;n</strong><br>JIS D 0203 S2</p>
<p><strong>Peso del medidor </strong><br>Aproximadamente 70 g</p>
<p><em>Luz indicadora</em><br><em>Luz indicadora derecha (verde)</em><br><em>Piloto de aceite del motor (rojo)</em><br><em>Luz de advertencia de bajo nivel de combustible (&aacute;mbar) Luz de temperatura del agua (roja)</em><br><em>Luz de punto muerto (verde) </em><br><em>Luz de carretera (azul)</em><br><em>Indicador luminoso izquierdo (verde)</em><br><em>Luz del motor (amarilla)</em></p>","
Compacto, ligero y multifuncional: el velocímetro DB EX-03 sirve como indicador de velocidad, odómetro, contador de horas (de funcionamiento), reloj, cronómetro, voltímetro, muestra el recorrido, el kilometraje de mantenimiento y registra valores como la velocidad máxima, la tensión máxima y la velocidad media. Equipado con luces indicadoras para el aceite del motor, el nivel bajo de combustible, la temperatura del agua, las luces largas, los intermitentes y la luz del motor, el velocímetro DB EX-03, de 70g de peso, impresiona en todos los aspectos con un tamaño de sólo 120mm x 38,8mm x 34,2mm

VelocímetroRango de visualización: 0 ~ 360 km/h (0 ~225 mph) Unidad de visualización: km/h alternativamente mphCuentakilómetrosRango de visualización: 0 ~ 99.999 km (millas), puesta a cero automática después de 99.999 km (millas)

Contador de días A, BUnidad de visualización: 1 km (milla) Rango de visualización: 0,0 ~ 9.999,9 km (millas),puesta a cero automática después de 9.999,9 km (millas)

Contador de horasUnidad de visualización: 0,1 km (milla) Rango de visualización: 0 ~ 99.999 horasUnidad de visualización: 1 hora

Contador de horas A/BRango de visualización: 0~9.999,9 horas, reinicio automático después de 9.999,9 horasUnidad de visualización: 0,1 horas

RelojRango de visualización: 00:00 ~ 23:59

VoltímetroRango de visualización: 8,0 ~ 18,0 V DCUnidad de visualización: 0,1 V DC

CronómetroRango de ajuste: 0:00:00 ~ 9:59:99Unidad de ajuste: 0,01 seg.

Lectura del cuentakilómetros de mantenimientoRango de ajuste: 300 ~ 5.000 km, se puede borrar manualmente.manualmente.Unidad de ajuste: 1 km

MAX. GrabaciónVelocidad media: de 0 a 360 km/h(0 a 225 mph)Velocidad máx. Velocidad: de 0 a 360 km/h (de 0 a 225 mph) Tensión máx. Tensión: 8,0 ~ 18,0 V DC

Nivel de la batería internaRango de visualización: 4 niveles

Temperatura de funcionamiento-10 ~ +60°C

Tamaño del medidor120,0 x 38,8 x 34,2 mm

EspecificaciónJIS D 0203 S2

Peso del medidor Aproximadamente 70 g

Luz indicadoraLuz indicadora derecha (verde)Piloto de aceite del motor (rojo)Luz de advertencia de bajo nivel de combustible (ámbar) Luz de temperatura del agua (roja)Luz de punto muerto (verde) Luz de carretera (azul)Indicador luminoso izquierdo (verde)Luz del motor (amarilla)",VEHICLE PARTS & ACCESSORIES,ACCESSORIES,ACC. ELECTRONIC,,,2232,455,159,135,104,,,,,,,,,,,,,,,,,12V,https://api.mybihr.com/medias/1114970-1-800Wx800H?context=bWFzdGVyfHJvb3R8MjMzNzl8aW1hZ2UvanBlZ3xhREkwTDJnNE9DOHhORGd4T0RZek1URTRPRFV4TUM4eE1URTBPVGN3TFRGZk9EQXdWM2c0TURCSXwzZGM5YTc0MTYwMDllMjlhMTJiNjRhMTdjYzE5N2YwYjAzMWU2YmFlMGZjYjZmNTA4N2ZlZjcyYWUyZTNkNGU1,https://api.mybihr.com/medias/1114970-2-800Wx800H?context=bWFzdGVyfHJvb3R8MTk1NjJ8aW1hZ2UvanBlZ3xhRGcwTDJnM1lTOHhORGd4T0RZek1UVTRNVGN5Tmk4eE1URTBPVGN3TFRKZk9EQXdWM2c0TURCSXwwZGMwNTJlNWU5YjhmNzBkMmJhNDZkOTMwZmMwMTMyNGVjYWVjYWE4ZjVlYjI0MTg4YWJjZWEwMjhiOWY4N2Zh,https://api.mybihr.com/medias/1114970-3-800Wx800H?context=bWFzdGVyfHJvb3R8NDUyMDF8aW1hZ2UvanBlZ3xhR1kyTDJnMll5OHhORGd4T0RZek1UazNORGswTWk4eE1URTBPVGN3TFROZk9EQXdWM2c0TURCSXw4YzczZWVmYThjYWRlMGI1YjYzYzA3OWVkNmNkYzYwZmJlYTQxMzI2Njg5ZDA4YmYyNmZjOTBmYWZhOWUzOGYy,https://api.mybihr.com/medias/1114970-4-800Wx800H?context=bWFzdGVyfHJvb3R8MzA5NjB8aW1hZ2UvanBlZ3xhR0prTDJneE55OHhORGd4T0RZek1qTTJPREUxT0M4eE1URTBPVGN3TFRSZk9EQXdWM2c0TURCSXw5NjU4YmIxYTJkY2NiYWFiZDhjMzhiNWQ4ZmNiNzFkMTE2OThkNWIyYjIzYjYwMWQ0MWFlOWE1OTY1MTVhY2Jh,,,,,https://static.bihr.pro/eBihr/Pictures/KOSO-pictures.zip,https://api.mybihr.com/medias/1114970-ABE-Document-DB-EX-03-BA076000-.pdf?context=bWFzdGVyfHJvb3R8ODYwNDIyfGFwcGxpY2F0aW9uL3BkZnxhR014TDJoaFppOHpNalF5T1RneU5UVTRPVEkzT0M4eE1URTBPVGN3SUMwZ1FVSkZJRVJ2WTNWdFpXNTBJRVJDSUVWWUxUQXpJQ2hDUVRBM05qQXdNQ2t1Y0dSbXwyODc2OTVhYTViNjAyODgzNGY4N2YxN2RlNmE3YWNlNjUyYTlhZmNiODdmN2UxYjQ3NTI5NmM5YjIyZjg5NzU2,https://api.mybihr.com/medias/1114970-Homologation-ABE-91397-2.pdf?context=bWFzdGVyfGRvY3VtZW50c3wyNDcyMDU2fGFwcGxpY2F0aW9uL3BkZnxhR1kzTDJnMVpTODRNVEUxTXpFd05UTXpNREl3Tmk4eE1URTBPVGN3WDBodmJXOXNiMmRoZEdsdmJsOUJRa1ZmT1RFek9UY3RNaTV3WkdZfDQ4YmQyYzgxYWRlZTNiOTQyY2NjMzViZWE0OTA2M2ZiY2QxNjczMmZlNjg0ZTdmZGQ4ZWJkMWQ1ZjJkYjRmZTM,https://api.mybihr.com/medias/1114970-Homologation-ABE-91397-KO.pdf?context=bWFzdGVyfGRvY3VtZW50c3w5NjQ5MzZ8YXBwbGljYXRpb24vcGRmfGFHWmxMMmd5TXk4NE1URTFORFUzT0RVeE16azFNQzh4TVRFME9UY3dYMGh2Ylc5c2IyZGhkR2x2Ymw5QlFrVmZPVEV6T1RkZlMwOHVjR1JtfDE2YTJlNmI3ODFkNmE2YWY1NmM1MTdjZDQxNjEwMTcxNWRjYTRlYTcwYmQ0NTNhZmJjODVjMWY4NmExZmRlOTU,https://api.mybihr.com/medias/1114970-Instruction-Manual-DB-EX-03-BA076000-DE.pdf?context=bWFzdGVyfHJvb3R8MTcxMDc5ODh8YXBwbGljYXRpb24vcGRmfGFHSXhMMmhoWXk4ek1qUXlPVGd5TlRZMU5EZ3hOQzh4TVRFME9UY3dJQzBnU1c1emRISjFZM1JwYjI0Z1RXRnVkV0ZzSUVSQ0lFVllMVEF6SUNoQ1FUQTNOakF3TUNrZ1JFVXVjR1JtfDc0ZGM2MDUwNDgwMzczNDU1MWEzNTc3NDIzYmI5Y2JhM2Q5ODVlYTdmMGZlZDI3MjY1ZDViYTA1OGEwNDRmM2I,https://api.mybihr.com/medias/1114970-Instruction-Manual-DB-EX-03-BA076000-EN.pdf?context=bWFzdGVyfHJvb3R8MTcyNjg3MjB8YXBwbGljYXRpb24vcGRmfGFEbG1MMmhoT1M4ek1qUXlPVGd5TlRjeU1ETTFNQzh4TVRFME9UY3dJQzBnU1c1emRISjFZM1JwYjI0Z1RXRnVkV0ZzSUVSQ0lFVllMVEF6SUNoQ1FUQTNOakF3TUNrZ1JVNHVjR1JtfDJhNTFiNjg5YzE2MjVjNWM0NDZkZjI2NDdlMDI5Y2M5ZjFiOWZjMTM1ZmYzYThkYjE1NjVhN2FiZDQ5MjQ4NWE,https://api.mybihr.com/medias/1114970-Instruction-Manual-DB-EX-03-BA076000-ES.pdf?context=bWFzdGVyfHJvb3R8MTgwNDg2NDF8YXBwbGljYXRpb24vcGRmfGFHWXhMMmhoT0M4ek1qUXlPVGd5TlRjNE5UZzROaTh4TVRFME9UY3dJQzBnU1c1emRISjFZM1JwYjI0Z1RXRnVkV0ZzSUVSQ0lFVllMVEF6SUNoQ1FUQTNOakF3TUNrZ1JWTXVjR1JtfGNkMGE5MGE0Mjg3MDRlNmFjYjk0MWJmMjZiODI5YzljMWZhZTM1NDhjNzI0MTQ3ZGU0NjUwZWMxMjI2NDdiMWE,https://api.mybihr.com/medias/1114970-Instruction-Manual-DB-EX-03-BA076000-FR.pdf?context=bWFzdGVyfHJvb3R8MTc3Njc3ODV8YXBwbGljYXRpb24vcGRmfGFHVXdMMmhoTlM4ek1qUXlPVGd5TlRnMU1UUXlNaTh4TVRFME9UY3dJQzBnU1c1emRISjFZM1JwYjI0Z1RXRnVkV0ZzSUVSQ0lFVllMVEF6SUNoQ1FUQTNOakF3TUNrZ1JsSXVjR1JtfGE3ODVjODRhYTRmMmRiYTFkYzFmNjQ1NDRiZGE1MmJkZTMwZTA4NDZhMDdlNGFiZDhkNjQ2OTk3YjU2MzM3YTA,https://api.mybihr.com/medias/1114970-Instruction-Manual-DB-EX-03-BA076000-IT.pdf?context=bWFzdGVyfHJvb3R8MTc2NjgwODl8YXBwbGljYXRpb24vcGRmfGFHVXlMMmhoTWk4ek1qUXlPVGd5TlRreE5qazFPQzh4TVRFME9UY3dJQzBnU1c1emRISjFZM1JwYjI0Z1RXRnVkV0ZzSUVSQ0lFVllMVEF6SUNoQ1FUQTNOakF3TUNrZ1NWUXVjR1JtfDA0YzJmOWVmNzNkNmRhZmYyNTc4ZTM2YTVlMGM3ZmU1Y2YyNGZiNDY1YWE0OGFlYjQzZTJiNDA4ZjVjOGI2Y2U,,,Spain Warehouse (Parts)
1056121,49270,BF010800-N,KOSO,KOSO SPAREPARTS MAGNETIC SCREW M8,Tornillo imán captador velocímetro KOSO M8 x 1.25 x 29 mm BF010800-n,10.85,8.97,5.83,4260303011813,3,9025900090,0,1,Tornillo imán captador velocímetro KOSO M8 x 1.25 x 29 mm,Tornillo imán captador velocímetro KOSO M8 x 1.25 x 29 mm,VEHICLE PARTS & ACCESSORIES,ACCESSORIES,ACC. ELECTRONIC,,,57,14,49,69,17,,,,,,,,,,,,,,,,,,https://api.mybihr.com/medias/1056121-1-800Wx800H?context=bWFzdGVyfHJvb3R8NDk5MDl8aW1hZ2UvanBlZ3xhRFExTDJneVlTOHhOVFF4TlRZd016Y3lORE14T0M4eE1EVTJNVEl4TFRGZk9EQXdWM2c0TURCSXxkZWFmMmVhM2Q2MzNjNDJlNjg4YTZkZjVkZDRjYmQyMmU0YzJiNTYxM2EwNTIzNGRhZTU4Nzg0MzUyYzJjMzcy,,,,,,,,https://static.bihr.pro/eBihr/Pictures/KOSO-pictures.zip,,,,,,,,,,,Spain Warehouse (Parts)
1056120,49266,BF010630-N,KOSO,KOSO SPAREPARTS MAGNETIC SCREW M6,Tornillo imán captador velocímetro KOSO M6 x 1 x 12.6 BF010630-n,13.99,11.56,7.51,4260303011752,1,9025900090,0,1,Tornillo imán captador velocímetro KOSO M6 x 1 x 12.6,Tornillo imán captador velocímetro KOSO M6 x 1 x 12.6,VEHICLE PARTS & ACCESSORIES,ACCESSORIES,ACC. ELECTRONIC,,,74,16,50,64,23,,,,,,,,,,,,,,,,,,https://api.mybihr.com/medias/1056120-1-800Wx800H?context=bWFzdGVyfHJvb3R8NDk5MDl8aW1hZ2UvanBlZ3xhR1F5TDJnek55OHhOVFF4TlRZd016TXpNVEV3TWk4eE1EVTJNVEl3TFRGZk9EQXdWM2c0TURCSXxmZDg0NjRmMDE1OTI1Yjk5YmQ2ZjA0OWM2MDMzZTE2OTMyNDM2YzBlNmQ0ZDRjYTY5MTg4YzQxMzY5MjEzNjBl,,,,,,,,https://static.bihr.pro/eBihr/Pictures/KOSO-pictures.zip,,,,,,,,,,,Spain Warehouse (Parts)
1116602,,BA077001,KOSO,KOSO DL-04 METER BMW R NINET,Marcador KOSO DL-04 - BMW R Nine T,502.45,415.25,269.91,4260303010861,3,9025900090,0,1,"<p data-isautotranslation=""1""></p>Contador de revoluciones digital específico para vehículos DL-04 con visualización de velocidad y ese toque especial en negro. Gracias a las clavijas compatibles, es una solución plug & play adecuada para BMW R nineT®.

Información del producto DL-04:
Velocímetro:
Unidad de visualización: 0 - 360 km/h (0-225 MPH) conmutable
Unidad de visualización: 1 km/h (MPH)
Cuentakilómetros total:
Indicador de visualización: 0 - 99.999 km (millas)
Unidad de visualización: 1 km (millas)
Medidor de distancia recorrida:
Indicador: 0 - 9.999,9 km (millas)
Unidad de visualización: 0,1 km (millas)
Medidor de distancia O:
Rango hasta el cambio de aceite
Indicador de visualización: 0 - 9.999,9 km (millas)
Unidad de visualización: 0,1 km (millas)
Medidor de distancia A:
Rango hasta el servicio
Indicador: 0 - 9.999,9 km (millas)
Unidad de visualización: 0,1 km (millas)
Intervalo de cambio de aceite:
Rango de ajuste: 3.000 - 16.000 km (300 - 10.000 millas)
Unidad de ajuste: 100 km (millas)
Indicador de marcha:
Indicador de visualización: N, 1 - 6
Advertencia de velocidad máxima:
Rango de ajuste: 30 - 360 km/h (18 - 225 MPH)
Unidad de ajuste: 1 km/h (MPH)

Tacómetro:
Indicador de visualización: 0 - 10.000 RPM / 0 -15.000 RPM
Luz de advertencia del tacómetro:
Rango de ajuste: 5.000 - 15.900 RPM
Unidad de ajuste: 100 RPM

Temperatura:
Lectura de visualización: 0 - 250°C (32 - 482°F)
Advertencia de temperatura:
Rango de ajuste: 60 - 250°C (140 - 482°F)
Unidad de ajuste: 1°C (1°F)

Voltímetro:
Indicador de visualización: 8,0 - 18,0 V
Advertencia de bajo voltaje:
Rango de ajuste: 8,0 V - 12,5 V
Unidad de ajuste: 0,1 V

Contador de horas de funcionamiento:
Unidad de visualización: 0,0 - 9999,9 horas
Unidad de visualización: 0,1 horas (6 minutos)
Contador de hora 1 - 2:
Indicador de visualización: 0,0 - 9999,9 horas
Unidad de visualización: 0,1 horas (6 minutos)
Indicador de bajo nivel de aceite A:
Indicador de visualización: 0,0 - 9999,9 horas
Unidad de visualización: 0,1 horas (6 minutos)

Registro de valores máximos:
Máxima velocidad
Unidad de visualización: 0 - 360 km/h (0 - 225 MPH)
Máxima velocidad
Unidad de visualización: 0 - 15.000 RPM
Máxima temperatura
Indicador de visualización: 0 - 250°C (32 - 482°F)
Máximo voltaje
Indicador de visualización: 8.0 - 18 V
Máxima marcha
Indicador de visualización: N / 1 - 6

Reloj:
Rango de ajuste: sistema de 12/24 horas
Brillo de fondo:
Rango de ajuste: 1-5 (más oscuro) - 5-5 (más brillante)

Voltaje:
DC 12 V
Rango de temperatura:
-10 - +60°C
Especificaciones:
JIS D 0203(S2)

Tamaño:
Diámetro 96 mm
Peso:
Aproximadamente 194,5 g

Luces de advertencia:
Intermitente (verde)
Luz de control del motor (amarilla)
Luz alta (azul)
Neutro (verde)
Luz de advertencia (roja)
ABS (amarillo)
Aviso de velocidad (rojo)

Alcance de entrega: 1 pieza","
Contador de revoluciones digital específico para vehículos DL-04 con visualización de velocidad y ese toque especial en negro. Gracias a las clavijas compatibles, es una solución plug & play adecuada para BMW R nineT®.

Información del producto DL-04:
Velocímetro:
Unidad de visualización: 0 - 360 km/h (0-225 MPH) conmutable
Unidad de visualización: 1 km/h (MPH)
Cuentakilómetros total:
Indicador de visualización: 0 - 99.999 km (millas)
Unidad de visualización: 1 km (millas)
Medidor de distancia recorrida:
Indicador: 0 - 9.999,9 km (millas)
Unidad de visualización: 0,1 km (millas)
Medidor de distancia O:
Rango hasta el cambio de aceite
Indicador de visualización: 0 - 9.999,9 km (millas)
Unidad de visualización: 0,1 km (millas)
Medidor de distancia A:
Rango hasta el servicio
Indicador: 0 - 9.999,9 km (millas)
Unidad de visualización: 0,1 km (millas)
Intervalo de cambio de aceite:
Rango de ajuste: 3.000 - 16.000 km (300 - 10.000 millas)
Unidad de ajuste: 100 km (millas)
Indicador de marcha:
Indicador de visualización: N, 1 - 6
Advertencia de velocidad máxima:
Rango de ajuste: 30 - 360 km/h (18 - 225 MPH)
Unidad de ajuste: 1 km/h (MPH)

Tacómetro:
Indicador de visualización: 0 - 10.000 RPM / 0 -15.000 RPM
Luz de advertencia del tacómetro:
Rango de ajuste: 5.000 - 15.900 RPM
Unidad de ajuste: 100 RPM

Temperatura:
Lectura de visualización: 0 - 250°C (32 - 482°F)
Advertencia de temperatura:
Rango de ajuste: 60 - 250°C (140 - 482°F)
Unidad de ajuste: 1°C (1°F)

Voltímetro:
Indicador de visualización: 8,0 - 18,0 V
Advertencia de bajo voltaje:
Rango de ajuste: 8,0 V - 12,5 V
Unidad de ajuste: 0,1 V

Contador de horas de funcionamiento:
Unidad de visualización: 0,0 - 9999,9 horas
Unidad de visualización: 0,1 horas (6 minutos)
Contador de hora 1 - 2:
Indicador de visualización: 0,0 - 9999,9 horas
Unidad de visualización: 0,1 horas (6 minutos)
Indicador de bajo nivel de aceite A:
Indicador de visualización: 0,0 - 9999,9 horas
Unidad de visualización: 0,1 horas (6 minutos)

Registro de valores máximos:
Máxima velocidad
Unidad de visualización: 0 - 360 km/h (0 - 225 MPH)
Máxima velocidad
Unidad de visualización: 0 - 15.000 RPM
Máxima temperatura
Indicador de visualización: 0 - 250°C (32 - 482°F)
Máximo voltaje
Indicador de visualización: 8.0 - 18 V
Máxima marcha
Indicador de visualización: N / 1 - 6

Reloj:
Rango de ajuste: sistema de 12/24 horas
Brillo de fondo:
Rango de ajuste: 1-5 (más oscuro) - 5-5 (más brillante)

Voltaje:
DC 12 V
Rango de temperatura:
-10 - +60°C
Especificaciones:
JIS D 0203(S2)

Tamaño:
Diámetro 96 mm
Peso:
Aproximadamente 194,5 g

Luces de advertencia:
Intermitente (verde)
Luz de control del motor (amarilla)
Luz alta (azul)
Neutro (verde)
Luz de advertencia (roja)
ABS (amarillo)
Aviso de velocidad (rojo)

Alcance de entrega: 1 pieza",VEHICLE PARTS & ACCESSORIES,ACCESSORIES,ACC. ELECTRONIC,,,1390,281,134,133,78,,,,,,,,,,,,,,,,,12V,https://api.mybihr.com/medias/800Wx800H-1116602-1.jpg?context=bWFzdGVyfHJvb3R8MjQ0NjU4fGltYWdlL2pwZWd8YURrMEwyZ3hPQzh6TWpnek16YzVNVEk1TlRVeE9DODRNREJYZURnd01FaGZNVEV4TmpZd01pMHhMbXB3Wnd8NzNiZmViOTg4ZDY2MTNlNGQxOTc3OTk2NGRhMmIwZDQyODRiYzBmZWJkYjI1ZmRhNWEyZWQ4ZjYzMjNhMjg1Mw,https://api.mybihr.com/medias/800Wx800H-1116602-2.jpg?context=bWFzdGVyfHJvb3R8ODkyNjV8aW1hZ2UvanBlZ3xhRFkxTDJneFppOHpNamd6TXpjNU1UUTVNakV5Tmk4NE1EQlhlRGd3TUVoZk1URXhOall3TWkweUxtcHdad3xjNjgxZjNjMWM1NzAxZmY2ZjdlMDU5ODAyMWExNWRiMmIyNzQ2YzFiNWE1NmViYjczMGFhYWI2YjkxY2ExNzIw,https://api.mybihr.com/medias/800Wx800H-1116602-3.jpg?context=bWFzdGVyfHJvb3R8NzM2OTd8aW1hZ2UvanBlZ3xhREl5TDJneU5pOHpNamd6TXpjNU1UWTRPRGN6TkM4NE1EQlhlRGd3TUVoZk1URXhOall3TWkwekxtcHdad3wzNDY0YzYzMDU4ZGNjODRjNmQzZTEzYmRhMDIxYzE3ODdiMjIxNzkyNjE1YzNmMDAxYmEwNzJjNjY2YjA4Zjg5,https://api.mybihr.com/medias/800Wx800H-1116602-4.jpg?context=bWFzdGVyfHJvb3R8MTc0NTM3fGltYWdlL2pwZWd8YURBekwyZ3pNQzh6TWpnek16YzVNVGsxTURnM09DODRNREJYZURnd01FaGZNVEV4TmpZd01pMDBMbXB3Wnd8ZjNjMTc4ZDhiM2QzMDZkMjk1OWQ5ZTU4ZmVjOWI5ODgyZTQ3ZmVkZTA1MmYyMGU2ZDk4M2I4M2JjM2NmMjJkZg,,,,,https://static.bihr.pro/eBihr/Pictures/KOSO-pictures.zip,https://api.mybihr.com/medias/1116602-ABE-Document-DL-04-BA077001-.pdf?context=bWFzdGVyfHJvb3R8MjMwNzY2fGFwcGxpY2F0aW9uL3BkZnxhRGN3TDJoaU1DOHpNalF5T1RneU5UVXlNemMwTWk4eE1URTJOakF5SUMwZ1FVSkZJRVJ2WTNWdFpXNTBJRVJNTFRBMElDaENRVEEzTnpBd01Ta3VjR1JtfGIyYzIwN2M3MDQwM2NhNmM2MzM1YTMzNzEwMDI1OGQ2OWY5OTc1Nzc1YjYwNmZmZDc1ODk5MjA2Y2RjYjA2YzM,https://api.mybihr.com/medias/1116602-Homologation-ABE-91397-2.pdf?context=bWFzdGVyfGRvY3VtZW50c3wyNDcyMDU2fGFwcGxpY2F0aW9uL3BkZnxhREJpTDJnMk5pODRNVEUxTXpFd05UVTFPVFU0TWk4eE1URTJOakF5WDBodmJXOXNiMmRoZEdsdmJsOUJRa1ZmT1RFek9UY3RNaTV3WkdZfDNlOGU2MTFhYjk0NGY4YmU0OWI0OGI1ODhlODY5NjRiM2E5NzgzN2UwMTI4NjRkNGVhYzhiYTFjOTg0NDZiMTA,https://api.mybihr.com/medias/1116602-Homologation-ABE-91397-KO.pdf?context=bWFzdGVyfGRvY3VtZW50c3w5NjQ5MzZ8YXBwbGljYXRpb24vcGRmfGFHRmpMMmhrWkM4NE1URXpOelk1TVRReU5qZzBOaTh4TVRFMk5qQXlYMGh2Ylc5c2IyZGhkR2x2Ymw5QlFrVmZPVEV6T1RkZlMwOHVjR1JtfDAyNmM5OTE0MmNmMmYxOGNiZjdlYzg5Mjk2Y2YwMjJiNjQzMDQ2Y2I2M2Y4NDhiNzI4YWIxNzkxZGY2ODJjNGU,https://api.mybihr.com/medias/1116602-Instruction-Manual-DL-04-BA077001-DE.pdf?context=bWFzdGVyfHJvb3R8MTA0NTY5MzN8YXBwbGljYXRpb24vcGRmfGFEZ3dMMmhpTXk4ek1qUXlPVGd5TlRRMU9ESXdOaTh4TVRFMk5qQXlJQzBnU1c1emRISjFZM1JwYjI0Z1RXRnVkV0ZzSUVSTUxUQTBJQ2hDUVRBM056QXdNU2tnUkVVdWNHUm18YTcyN2Y0ZjBkOTZjYTE3ZjNhNGI4ZThmZDk1M2ExNjAzZTgwNjY0MGM3OTg2YzJmZDg1NGUxOGY5YTg2OWIwZA,https://api.mybihr.com/medias/1116602-Instruction-Manual-DL-04-BA077001-EN.pdf?context=bWFzdGVyfHJvb3R8MjQ1MjI2M3xhcHBsaWNhdGlvbi9wZGZ8YURRd0wyaGlOeTh6TWpReU9UZ3lOVE15TnpFek5DOHhNVEUyTmpBeUlDMGdTVzV6ZEhKMVkzUnBiMjRnVFdGdWRXRnNJRVJNTFRBMElDaENRVEEzTnpBd01Ta2dSVTR1Y0dSbXxkMjQ2NTMyMzFhYWIzMjA3MWU1ZDk1ZDdiZTJkZGY1YmM5NzUzMTQ3OTUwYjk1NGJiN2Y5YjYwMDkwYjJjMGY1,https://api.mybihr.com/medias/1116602-Instruction-Manual-DL-04-BA077001-ES.pdf?context=bWFzdGVyfHJvb3R8NDUxODE2M3xhcHBsaWNhdGlvbi9wZGZ8YURObEwyaGlZUzh6TWpReU9UZ3lOVEkyTVRVNU9DOHhNVEUyTmpBeUlDMGdTVzV6ZEhKMVkzUnBiMjRnVFdGdWRXRnNJRVJNTFRBMElDaENRVEEzTnpBd01Ta2dSVk11Y0dSbXxjOTI5NWJhZTMxYmM5MTViY2EzNjZhMmEwMDI2NWFkMmI1ZTRhN2VlMGExZDFiM2E2MTIxMDdiYzIzMzgzZjE4,https://api.mybihr.com/medias/1116602-Instruction-Manual-DL-04-BA077001-IT.pdf?context=bWFzdGVyfHJvb3R8OTg5NDg0MXxhcHBsaWNhdGlvbi9wZGZ8YURkbUwyaGlOaTh6TWpReU9UZ3lOVE01TWpZM01DOHhNVEUyTmpBeUlDMGdTVzV6ZEhKMVkzUnBiMjRnVFdGdWRXRnNJRVJNTFRBMElDaENRVEEzTnpBd01Ta2dTVlF1Y0dSbXxiOTc4ZjZkZTc3YTdjYjllZmI3OWM5Yzg5ZDMzYThjZGUyMmNkMTExNGQxYWY1ZmI2ODUzNWVjYjdhZDRhOGMy,,,,Spain Warehouse (Parts)
1056099,49238,BA024B20,KOSO,KOSO COUNTER CLOCK SUPER SLIM,Reloj digital KOSO Super Slim BA024B20,52.26,43.19,28.07,8430525492380,0,9025900090,0,1,Reloj digital KOSO Super Slim,Reloj digital KOSO Super Slim,VEHICLE PARTS & ACCESSORIES,ACCESSORIES,ACC. ELECTRONIC,,,1514,84,145,261,40,,,,,,,,,,,,,,,,,,https://api.mybihr.com/medias/1056099-1-800Wx800H?context=bWFzdGVyfHJvb3R8NDk2MTJ8aW1hZ2UvanBlZ3xhR013TDJnMU15OHhOVFF4TlRVNU5ESXlNVFU1T0M4eE1EVTJNRGs1TFRGZk9EQXdWM2c0TURCSXw0YTYxYWRjOTM2MmE0NWU0ZDYzN2EyYjE4ZjRiM2I1NzI4YjU0OTc2MWYxMjY1ODdkYzhlZmM0OGMzNmQ3NTZj,,,,,,,,https://static.bihr.pro/eBihr/Pictures/KOSO-pictures.zip,,,,,,,,,,,Spain Warehouse (Parts)
1056110,84402,BF650J02,KOSO,KOSO SENSOR SPEED - REED PETALE,Cable captador de velocidad 1350 mm KOSO BF650J02,21.71,17.94,11.66,4260303013466,4,9025900090,0,1,"<p>Sensor de velocidad para DB02</p>
<p>Sensor de 2 pines de longitud 1350 mm, solo en conbinación con DB02</p>","
Sensor de velocidad para DB02

Sensor de 2 pines de longitud 1350 mm, solo en conbinación con DB02",VEHICLE PARTS & ACCESSORIES,ACCESSORIES,ACC. ELECTRONIC,,,593,62,97,161,38,,,Negro & Plata,,,,,,,,,,,,,,,https://api.mybihr.com/medias/1056110-1-800Wx800H?context=bWFzdGVyfHJvb3R8NTMyOTZ8aW1hZ2UvanBlZ3xhR1kwTDJnMk9DOHhOVFF4TlRVNU9UTTVPRGswTWk4eE1EVTJNVEV3TFRGZk9EQXdWM2c0TURCSXwzYmFkNzAzYmM0MGZhZDQwNGU1NWJhMTg0NWYwMjY3ZjFkN2NkY2E1ZDY3NjQyODM0MDMzODgwNTJlZGRiZGUy,,,,,,,,https://static.bihr.pro/eBihr/Pictures/KOSO-pictures.zip,,,,,,,,,,,Spain Warehouse (Parts)
1056100,49278,BA024R00,KOSO,KOSO COUNTER VOLT - SUPER SLIM,Voltímetro KOSO Super Slim rojo BA024R00,36.58,30.23,19.65,4260303010533,4,9025900090,0,1,<p>Voltímetro KOSO Super Slim rojo</p><p>Rango de uso 8-18V</p><p>Parpadeo cuando el voltaje es inferior a 11.5V</p>,"
Voltímetro KOSO Super Slim rojo
Rango de uso 8-18V
Parpadeo cuando el voltaje es inferior a 11.5V",VEHICLE PARTS & ACCESSORIES,ACCESSORIES,ACC. ELECTRONIC,,,744,76,110,169,40,,,,,,,,,,,,,,,,,,https://api.mybihr.com/medias/1056100-1-800Wx800H?context=bWFzdGVyfHJvb3R8NDQ4Mzh8aW1hZ2UvanBlZ3xhRFJrTDJnMk1TOHhOVFF4TlRVNU5EWXhORGd4TkM4eE1EVTJNVEF3TFRGZk9EQXdWM2c0TURCSXwzN2I4OTk4MzUyOGM4NGEyMDQyNGQ5ODc4YjI4OTRiNWNlMDM3M2MxYzRlNWJhZmVhMzQ3ZDZjMjFiZDU3MzIz,,,,,,,,https://static.bihr.pro/eBihr/Pictures/KOSO-pictures.zip,,,,,,,,,,,Spain Warehouse (Parts)
1056067,49262,BI003S01,KOSO,KOSO MOUNT L-TYPE M10,Soporte tipo L para sensor de velocidad KOSO BI003S01,16.08,13.29,8.64,4260303012629,0,9025900090,0,1,Soporte tipo L para sensor de velocidad KOSO,Soporte tipo L para sensor de velocidad KOSO,VEHICLE PARTS & ACCESSORIES,ACCESSORIES,ACC. ELECTRONIC,,,1088,107,111,172,57,,,,,,,,,,,,,,,,,,https://api.mybihr.com/medias/1056067-1-800Wx800H?context=bWFzdGVyfHJvb3R8MTE3MDIwfGltYWdlL2pwZWd8YURnM0wyaG1NaTg0T1RjeU16QTRNekUyTVRrd0x6RXdOVFl3TmpjdE1WODRNREJYZURnd01FZ3w0ZjlhYjU5YWM4NDZhNjU4YTFjMjRiN2U1YjU3NWYxOWQ4Yjc3NGNjMmM5YzdkNDRkNWEzNWIyNGFmZWJlNWYx,,,,,,,,https://static.bihr.pro/eBihr/Pictures/KOSO-pictures.zip,,,,,,,,,,,Spain Warehouse (Parts)
1056108,49245,BF100000-N,KOSO,"KOSO SENSOR TEMP - M10xP1,0 -250°C",Sensor de temperatura KOSO M10 x 1 BF100000-n,21.71,17.94,11.66,4260303012056,3,9025900090,0,1,"Sensor de temperatura KOSO M10 x 1 (150 grados, conectores blancos)","Sensor de temperatura KOSO M10 x 1 (150 grados, conectores blancos)",VEHICLE PARTS & ACCESSORIES,ACCESSORIES,ACC. ELECTRONIC,,,232,16,65,119,30,,,,,,,,,,,,,,,,,,https://api.mybihr.com/medias/1056108-1-800Wx800H?context=bWFzdGVyfHJvb3R8MzIzNjN8aW1hZ2UvanBlZ3xhRGRrTDJnd09DOHhOVFF4TlRVNU9EWXhNalV4TUM4eE1EVTJNVEE0TFRGZk9EQXdWM2c0TURCSXw2YzI1MDJiNzNlNGZmZmMwMjVlNGI1MjRjM2VjOWI5N2VlN2MwZWNiNDQ2ZDY4YWEzNzA4NjU0MzNhZjAxZThm,,,,,,,,https://static.bihr.pro/eBihr/Pictures/KOSO-pictures.zip,,,,,,,,,,,Spain Warehouse (Parts)
1056125,84403,BI520003,KOSO,KOSO SPAREPARTS SENSOR CLAMP 21-38mm,Abrazadera sensor temperatura gases escape KOSO 21-38mm BI520003,12.86,10.63,6.91,4260303013749,0,9025900090,0,1,,,VEHICLE PARTS & ACCESSORIES,ACCESSORIES,ACC. ELECTRONIC,,,443,32,119,155,24,,,,,,,,,,,,,,,,,,https://api.mybihr.com/medias/1056125-1-800Wx800H?context=bWFzdGVyfHJvb3R8NDE5ODF8aW1hZ2UvanBlZ3xhREJpTDJnNU9TOHhOVFF4TlRZd05USTVOekU0TWk4eE1EVTJNVEkxTFRGZk9EQXdWM2c0TURCSXwyYjZhY2NiYzM5NTlmYTdkNWRlYmZjNTMxZjM3YjExNWNjMDRlNTY5YTUyZWU3MzU0ZGI1YTQ0ZWU4NzNkNjQy,,,,,,,,https://static.bihr.pro/eBihr/Pictures/KOSO-pictures.zip,,,,,,,,,,,Spain Warehouse (Parts)
1152565,,AX0410I09991,KOSO,KOSO HEATED GRIP 130 RIGHT,Puño calefactable KOSO con interruptor (tipe HG13) derecho - 7/8 pulgadas,62.12,51.34,33.37,4260303015415,2,9029203890,0,1,"<p data-isautotranslation=""1""></p>Puño calefactable de repuesto 1 pulgada L=130 mm para puño de acelerador HG 13 – solo lado derecho

Este puño calefactable de repuesto está especialmente diseñado para el puño del acelerador derecho del sistema de puños calefactables HG 13. Con un diámetro de 1 pulgada (25.4 mm) y una longitud de 130 mm, ofrece un ajuste perfecto y proporciona una agradable calidez en días fríos.

Características:

Diámetro: 1 pulgada (25.4 mm)
Longitud: 130 mm
Para el lado derecho únicamente (puño del acelerador)
Compatible con sistemas de puños calefactables HG 13
Fácil sustitución del puño calefactable antiguo

Ideal como pieza de repuesto para puños calefactables desgastados o defectuosos.","
Puño calefactable de repuesto 1 pulgada L=130 mm para puño de acelerador HG 13 – solo lado derecho

Este puño calefactable de repuesto está especialmente diseñado para el puño del acelerador derecho del sistema de puños calefactables HG 13. Con un diámetro de 1 pulgada (25.4 mm) y una longitud de 130 mm, ofrece un ajuste perfecto y proporciona una agradable calidez en días fríos.

Características:

Diámetro: 1 pulgada (25.4 mm)
Longitud: 130 mm
Para el lado derecho únicamente (puño del acelerador)
Compatible con sistemas de puños calefactables HG 13
Fácil sustitución del puño calefactable antiguo

Ideal como pieza de repuesto para puños calefactables desgastados o defectuosos.",VEHICLE PARTS & ACCESSORIES,ACCESSORIES,ACC. ELECTRONIC,,,730,74,130,106,53,,,Negro,,,,,,,,,,,,,,,https://api.mybihr.com/medias/800Wx800H-1152565-3.jpeg?context=bWFzdGVyfHJvb3R8NTk2ODh8aW1hZ2UvanBlZ3xhR001TDJnMk9DODVPRGd5TURBek1qSTJOakkzTUM4NE1EQlhlRGd3TUVoZk1URTFNalUyTlMwekxtcHdaV2N8MmFjMmQ3ZDZhMmJjNDQ1ODdmODJmYTM4MDk4YmE1ODhhMGQyYWY1YjkzYTFmMDkzYTBiNmIzZDZlNzU5OGU5Ng,https://api.mybihr.com/medias/800Wx800H-1152565-1.jpeg?context=bWFzdGVyfHJvb3R8NTQ3NDJ8aW1hZ2UvanBlZ3xhR1ZtTDJnd05TODVPRGd5TURBek1UUTNPVGd6T0M4NE1EQlhlRGd3TUVoZk1URTFNalUyTlMweExtcHdaV2N8ZTZjZTUyODMwNWQyYTZmMTM3MDk1ZDNhOTg5MTM4ZmU1MjMzM2UxZGU3M2MyNjZjOGM1OTQ1MjllNzJjZDU1YQ,https://api.mybihr.com/medias/800Wx800H-1152565-2.jpeg?context=bWFzdGVyfHJvb3R8Mzk1Mjh8aW1hZ2UvanBlZ3xhRGt3TDJneE15ODVPRGd5TURBek1UZzNNekExTkM4NE1EQlhlRGd3TUVoZk1URTFNalUyTlMweUxtcHdaV2N8NzEyOGM4M2YxYTE2NmQ4MDFhNDE1ODQ4OGQ1MWNjMTMyMDAyOTY1MzkxNjEwOTcxMGY1NzEyYjgyYWUwOWViMg,,,,,,https://static.bihr.pro/eBihr/Pictures/KOSO-pictures.zip,,,,,,,,,,,Spain Warehouse (Parts)
1152566,,AX0410I09993,KOSO,KOSO HEATED GRIP 120 LEFT,Puño calefactable KOSO con interruptor (tipe HG13) izquierdo - 7/8 pulgadas,62.12,51.34,33.37,4260303015767,0,9029203890,0,1,"<p data-isautotranslation=""1""></p>Puño calefactable de reemplazo 7/8"" + 1"" L=130mm – solo izquierdo (tipo de interruptor HG 13)
Este puño calefactable de reemplazo está diseñado para el lado izquierdo del sistema de puños calefactables HG 13 y es adecuado para diámetros de manillar de 7/8 pulgada (22.2 mm). Con una longitud de 130 mm, ofrece un agarre óptimo y una salida de calor confiable.

Características:
Diámetro: 7/8"" (22.2 mm)
Largo: 130 mm
Solo para el lado izquierdo
Tipo de interruptor HG 13
Calidez agradable para una conducción cómoda
Fácil instalación como reemplazo de puños desgastados
Perfecto para reemplazar un puño calefactable izquierdo defectuoso.","
Puño calefactable de reemplazo 7/8"" + 1"" L=130mm – solo izquierdo (tipo de interruptor HG 13)
Este puño calefactable de reemplazo está diseñado para el lado izquierdo del sistema de puños calefactables HG 13 y es adecuado para diámetros de manillar de 7/8 pulgada (22.2 mm). Con una longitud de 130 mm, ofrece un agarre óptimo y una salida de calor confiable.

Características:
Diámetro: 7/8"" (22.2 mm)
Largo: 130 mm
Solo para el lado izquierdo
Tipo de interruptor HG 13
Calidez agradable para una conducción cómoda
Fácil instalación como reemplazo de puños desgastados
Perfecto para reemplazar un puño calefactable izquierdo defectuoso.",VEHICLE PARTS & ACCESSORIES,ACCESSORIES,ACC. ELECTRONIC,,,1540,144,169,134,68,,,Negro,,,,,,,,,,,,,,,https://api.mybihr.com/medias/800Wx800H-1152566-3.jpeg?context=bWFzdGVyfHJvb3R8NTY0MjZ8aW1hZ2UvanBlZ3xhRGxsTDJnd055ODVPRGd5TURBek1UQTROall5TWk4NE1EQlhlRGd3TUVoZk1URTFNalUyTmkwekxtcHdaV2N8NGU0MjFkYjcwNDNlZWMyM2RmMzk2ZjcwMTdkNWM4YzIzZDIyYjAxZGNkN2I0NTE1ZDVhZTIxYzJlYTkxMTVhOA,https://api.mybihr.com/medias/800Wx800H-1152566-2.jpeg?context=bWFzdGVyfHJvb3R8NDM5Njl8aW1hZ2UvanBlZ3xhR1EzTDJnMVl5ODVPRGd5TURBek1EWTVNelF3Tmk4NE1EQlhlRGd3TUVoZk1URTFNalUyTmkweUxtcHdaV2N8MzIxZmMxZGZhYmQ3OTZkMGM2ZmYzODc0NjkzZmE4OWY4ODE0YWNiNmVkN2RmODQyYTkxYjZjZDJmZDc2NTEwYg,https://api.mybihr.com/medias/800Wx800H-1152566-1.jpeg?context=bWFzdGVyfHJvb3R8NTY3ODB8aW1hZ2UvanBlZ3xhREUwTDJnMk9DODVPRGd5TURBek1ETXdNREU1TUM4NE1EQlhlRGd3TUVoZk1URTFNalUyTmkweExtcHdaV2N8NzQ3MmQ5MTMzOTc3NjVlM2Y3YzQ0ZmZiYmZkNjNiNzM4NmQwYTQ0OWY3NWVjNjA2ZmEzZGRlMmRhMWM4NmQ2Zg,,,,,,https://static.bihr.pro/eBihr/Pictures/KOSO-pictures.zip,,,,,,,,,,,Spain Warehouse (Parts)
1056060,49226,BB017B60,KOSO,KOSO COUNTER SPEED - XR-SRN ABE,Marcador universal KOSO  XR-SRN BB017B60,221.08,182.71,118.76,4260303011028,1,9029203890,0,1,"<strong>XR-SRN</strong><br>El nuevo marcador multifunción compacto.  Mantente informado en cualquier momento de tu ruta. Ocho testigos para tu tranquilidad y compatibles con la mayoría de vehículos. Indicador de gasolina, reloj, temperatura… Lo que necesites.<br><br>Velocímetro digital multifunción<br>Vale para la mayoría de vehículos<br>Testigos: indicadores, luz de carretera, punto muerto….<br><br><strong>Funciones:</strong><br>Velocímetro digital hasta 360 km/h<br>Cuenta revoluciones hasta 18000RPM<br>Distancia acumulada<br>2 cuenta km parciales<br>Temperatura del agua 0-250º<br>Indicador de sobretemperatura<br>Ajustable a distintos diámetros de rueda<br>Indicador de nivel de gasolina<br>Reloj<br>Grabación de máxima velocidad, rpm y temperatura<br>12v<br>Homologación europea<br><br><strong>Accesorios incluidos:</strong><br>Cableado tipo A<br>Cableado tipo B<br>Extensión para sensor de temperatura<br>Sensor de temperatura<br>Imán<br>Conectores eléctricos<br>Captador digital de velocidad<br>Soporte para captador<br>Soporte al manillar","XR-SRNEl nuevo marcador multifunción compacto.  Mantente informado en cualquier momento de tu ruta. Ocho testigos para tu tranquilidad y compatibles con la mayoría de vehículos. Indicador de gasolina, reloj, temperatura… Lo que necesites.Velocímetro digital multifunciónVale para la mayoría de vehículosTestigos: indicadores, luz de carretera, punto muerto….Funciones:Velocímetro digital hasta 360 km/hCuenta revoluciones hasta 18000RPMDistancia acumulada2 cuenta km parcialesTemperatura del agua 0-250ºIndicador de sobretemperaturaAjustable a distintos diámetros de ruedaIndicador de nivel de gasolinaRelojGrabación de máxima velocidad, rpm y temperatura12vHomologación europeaAccesorios incluidos:Cableado tipo ACableado tipo BExtensión para sensor de temperaturaSensor de temperaturaImánConectores eléctricosCaptador digital de velocidadSoporte para captadorSoporte al manillar",VEHICLE PARTS & ACCESSORIES,ACCESSORIES,ACC. ELECTRONIC,,,2384,718,210,129,88,,,,,,,,,,,,,,,,,,https://api.mybihr.com/medias/1056060-1-800Wx800H?context=bWFzdGVyfHJvb3R8Njk1NTV8aW1hZ2UvanBlZ3xhRGRoTDJnek15ODRPVGN5TXpBMk1UVXpOVEF5THpFd05UWXdOakF0TVY4NE1EQlhlRGd3TUVnfDRiODFiMjFhYzhjMzEwOGQ1OThhZjI0ZTA1ZWU2ODdiOWVkMDNjMTBkOTg4MjkxZGMwM2M4NTM4NWVjOTViOGQ,,,,,,,,https://static.bihr.pro/eBihr/Pictures/KOSO-pictures.zip,https://api.mybihr.com/medias/1056060-Homologation-ABE-360-274.pdf?context=bWFzdGVyfGRvY3VtZW50c3wzMTM2Njg2fGFwcGxpY2F0aW9uL3BkZnxhR1EyTDJnNE1DODRNVEV6TnpFeU9EQTNPVE01TUM4eE1EVTJNRFl3WDBodmJXOXNiMmRoZEdsdmJsOUJRa1ZmTXpZd0xUSTNOQzV3WkdZfGFkMmMxNjRiYzk0ZjhmZmM2ZWEyNGM1YjY2MWE1YjZmNWE0ZGVmYTgxODBhYWIxOWJkZDM2OWU4Zjk4ZDk2OTg,https://api.mybihr.com/medias/1056060-Homologation-ABE-91399-01.pdf?context=bWFzdGVyfGRvY3VtZW50c3wxNjcwNjIzfGFwcGxpY2F0aW9uL3BkZnxhRFJrTDJnNFlTODRNVEV6TnpFeU9ETXdPRGMyTmk4eE1EVTJNRFl3WDBodmJXOXNiMmRoZEdsdmJsOUJRa1ZmT1RFek9Ua3RNREV1Y0dSbXw4YzlhOTMzYjc2M2ZlNDZjMDgwMWJlZmMxZjRlMmNmMmFiOTljMmI0YjU3YTMwZmNmZGIxN2Q4ZTJjZTZlNzg4,https://api.mybihr.com/medias/1056060-Homologation-ABE-91399-XR.pdf?context=bWFzdGVyfGRvY3VtZW50c3wzMTM2Njg2fGFwcGxpY2F0aW9uL3BkZnxhRFk0TDJobU1pODRNVEV6TnpBNE5UWTBORGd6TUM4eE1EVTJNRFl3WDBodmJXOXNiMmRoZEdsdmJsOUJRa1ZmT1RFek9UbGZXRkl1Y0dSbXw5ZjA1MjQ2MGFkYzg0ZDFjMDI4MjUxMzdmNDc0ODdjYmIyMTA3N2NlNjI4ZGM1YTVjZTNhNTI2YmVlNTM3Y2Q4,https://api.mybihr.com/medias/1056060-Instrucciones-BB017B60-ES.pdf?context=bWFzdGVyfHJvb3R8MTIxMTc5MzV8YXBwbGljYXRpb24vcGRmfGFEY3pMMmcyTkM4ME5qRTRNVEU1TnpBeU1USXhOQzh4TURVMk1EWXdJQzBnU1c1emRISjFZMk5wYjI1bGN5QW9Ra0l3TVRkQ05qQXBJRVZUTG5Ca1pnfDQ2NTNhOTM2ZDgxYWZhOTFjOTg2Y2Y1YTZiZjIxNjczYjIwY2JlMTBjNzlkYzBkYTdkNGYwZTM2N2Y1NWVlNzA,https://api.mybihr.com/medias/XR-SRN-fullBD.pdf?context=bWFzdGVyfGRvY3VtZW50c3wxMjYxNTMxfGFwcGxpY2F0aW9uL3BkZnxhR0ZpTDJnNE1pODVOalEwTlRjME9UWTFOemt3TDFoU0lGTlNUaUJtZFd4c1FrUXw3YWEyMDRlY2VjYjQyM2ExNGU5ZjQ2MTg2OGMyNzUwYzBmNTM2MTI4NzM2MjY3Yjc3OTQ2MTRlNTg2OWUyY2I3,,,,,,Spain Warehouse (Parts)
1056070,49249,BF030000-N,KOSO,KOSO SENSOR TEMP - PT1/8x28 - 250°C,Sensor de temperatura KOSO PT1/8 x 28 BF030000-n,21.71,17.94,11.66,4260303012025,4,9025900090,0,1,"Sensor de temperatura KOSO PT1/8 x 28 (hasta 250 grados, conectores blancos)","Sensor de temperatura KOSO PT1/8 x 28 (hasta 250 grados, conectores blancos)",VEHICLE PARTS & ACCESSORIES,ACCESSORIES,ACC. ELECTRONIC,,,218,20,119,68,27,,,,,,,,,,,,,,,,,,https://api.mybihr.com/medias/1056070-1-800Wx800H?context=bWFzdGVyfHJvb3R8MzI0NDd8aW1hZ2UvanBlZ3xhREk1TDJoa1pTODRPVGN5TXpBNE9UQTJNREUwTHpFd05UWXdOekF0TVY4NE1EQlhlRGd3TUVnfDllOTAwYjI1NWE4NTg2MTk2ZjBhYzRmNTQ3MjAxMTg3ZGM3YTg4NTI5MDQ2YWFhNzRmMmZiNTQyMzk4NTA2Yzk,,,,,,,,https://static.bihr.pro/eBihr/Pictures/KOSO-pictures.zip,,,,,,,,,,,Spain Warehouse (Parts)
1056050,49228,BA022W10,KOSO,KOSO COUNTER MULTI - DB02R,Marcador universal KOSO DB02R BA022W10,221.08,182.71,118.76,4260303010489,0,9029203890,0,1,"<p>El DB-02R está diseñado para motos de carretera, especialmente para uso en circuito. Provisto de retroiluminación blanca, que permite que la visibilidad de la información sea perfecta, incluso durante la noche. El cuentarrevoluciones configurable se adapta perfectamente a todos los tipos de motor del mercado. La función «power test» te permite registrar tus mejores marcas en el circuito, y el cuenta horas es una valiosa ayuda a la hora del mantenimiento del motor.</p><p>Testigos: aviso de velocidad máxima, de temperatura máxima y luz de cambio (3 umbrales)</p><p><br><strong>Funciones:<br></strong>• Velocímetro km/h (o m/h): hasta 360 km/h (o 223 m/h)<br>• Cuentarrevoluciones configurable: hasta 10.000, 15.0000 o 20.000 rpm<br>• Luz de cambio con 3 umbrales configurables<br>• Cuentakilómetros<br>• 2 cuentakilómetros parciales<br>• Pantalla con temperatura de agua y aceite: 0-250°C<br>• Voltímetro: 0-18 V<br>• Ajustable según diámetro del neumático<br>• Indicador de gasolina y alerta gasolina baja<br>• Registro de velocidad, RPM y temperatura máximas.<br>• Función «power test»: registro de velocidad máxima, distancia, RPM máximas y cronómetro.<br>• Suministro eléctrico: 12 V<br>• Homologación europea<br><br><strong>Accesorios incluidos:<br></strong>• Cable de alimentación<br>• Cable cuenta rpm tipo A<br>• Cable cuenta rpm tipo B<br>• Prolongador sensor de temperatura<br>• Sensor de temperatura<br>• Sensor de velocidad pasivo<br>• Imán<br>• Soporte para captador tipo S<br>• Soporte al manillar<br>• Conector a batería de moto.</p>","
El DB-02R está diseñado para motos de carretera, especialmente para uso en circuito. Provisto de retroiluminación blanca, que permite que la visibilidad de la información sea perfecta, incluso durante la noche. El cuentarrevoluciones configurable se adapta perfectamente a todos los tipos de motor del mercado. La función «power test» te permite registrar tus mejores marcas en el circuito, y el cuenta horas es una valiosa ayuda a la hora del mantenimiento del motor.
Testigos: aviso de velocidad máxima, de temperatura máxima y luz de cambio (3 umbrales)
Funciones:• Velocímetro km/h (o m/h): hasta 360 km/h (o 223 m/h)• Cuentarrevoluciones configurable: hasta 10.000, 15.0000 o 20.000 rpm• Luz de cambio con 3 umbrales configurables• Cuentakilómetros• 2 cuentakilómetros parciales• Pantalla con temperatura de agua y aceite: 0-250°C• Voltímetro: 0-18 V• Ajustable según diámetro del neumático• Indicador de gasolina y alerta gasolina baja• Registro de velocidad, RPM y temperatura máximas.• Función «power test»: registro de velocidad máxima, distancia, RPM máximas y cronómetro.• Suministro eléctrico: 12 V• Homologación europeaAccesorios incluidos:• Cable de alimentación• Cable cuenta rpm tipo A• Cable cuenta rpm tipo B• Prolongador sensor de temperatura• Sensor de temperatura• Sensor de velocidad pasivo• Imán• Soporte para captador tipo S• Soporte al manillar• Conector a batería de moto.",VEHICLE PARTS & ACCESSORIES,ACCESSORIES,ACC. ELECTRONIC,,,2129,553,202,124,85,,,,,,,,,,,,,,,,,,https://api.mybihr.com/medias/800Wx800H-1056050-1.jpg?context=bWFzdGVyfHJvb3R8NTIzNTl8aW1hZ2UvanBlZ3xhRFU0TDJneVpDOHpNamd6TXpjMk56VXdOVGsxTUM4NE1EQlhlRGd3TUVoZk1UQTFOakExTUMweExtcHdad3w5Y2VjNTk3MjNkMGU0OTRiZjYwNmUwYjQ3YzQyMGE2NWYwOTgzYmFmMDllNDY5Y2I5OTQ2MGVlMTk5ZGI5ZDgw,https://api.mybihr.com/medias/800Wx800H-1056050-2.jpg?context=bWFzdGVyfHJvb3R8NDc3OTd8aW1hZ2UvanBlZ3xhR1UzTDJnek55OHpNamd6TXpjMk56Z3pNell6TUM4NE1EQlhlRGd3TUVoZk1UQTFOakExTUMweUxtcHdad3xkNDZiYWY2ZmE0YWRhYTNjNzYzYzZlZWQ3YzBmYmVlYmY5ZGYxNGNjMzliNzIzZDBlYjhmNzE5NWEzY2ZiNDZi,https://api.mybihr.com/medias/800Wx800H-1056050-3.jpg?context=bWFzdGVyfHJvb3R8NDIwOTd8aW1hZ2UvanBlZ3xhRFl6TDJnNE5pOHpNamd6TXpjMk9EQXpNREl6T0M4NE1EQlhlRGd3TUVoZk1UQTFOakExTUMwekxtcHdad3xjYzdkNzYwYzdjYTJlN2Q0M2U4N2I1ZTgyNmRjMjU3ZTBjNjI3NTFlZjZmNzgzYjA3ZTJiM2U5YmQ4MzY2OWY3,https://api.mybihr.com/medias/800Wx800H-1056050-4.jpg?context=bWFzdGVyfHJvb3R8NTUxNjd8aW1hZ2UvanBlZ3xhR1V5TDJnNFpDOHpNamd6TXpjMk9ESTVNak00TWk4NE1EQlhlRGd3TUVoZk1UQTFOakExTUMwMExtcHdad3xhMTQ4ODQ5NGVkZjY5Mzk3MDQ2YzA0YzhhYWYwN2NhZGFkMTE1MDIwZDk4Y2ZlMzAwZjAwYWQ5MjFjOTQwY2Qy,https://api.mybihr.com/medias/800Wx800H-1056050-5.jpg?context=bWFzdGVyfHJvb3R8NDc2OTd8aW1hZ2UvanBlZ3xhRFptTDJnNVlpOHpNamd6TXpjMk9EWTROVFU1T0M4NE1EQlhlRGd3TUVoZk1UQTFOakExTUMwMUxtcHdad3xhM2RjNzFhMDI0MGFkZmYzZmU1MTI5MTM4YzBhYjhhOTU5NDI5ZmI4MTcxYWFmNTUwN2NlOTVmMDk5ZmMzYTZj,https://api.mybihr.com/medias/800Wx800H-1056050-6.jpg?context=bWFzdGVyfHJvb3R8MTMxNDg3fGltYWdlL2pwZWd8YUdFNEwyaG1NQzh6TWpnek16YzJPVEEzT0RneE5DODRNREJYZURnd01FaGZNVEExTmpBMU1DMDJMbXB3Wnd8YzRmY2I2Nzg3NWU4MTFlYWVlMjdhMDQ4MzgwMDVlOTg4ZmFmZDcxY2VhZTA2ZWY1YmZiMjQ3ZjYxZWUzMWI1MA,,,https://static.bihr.pro/eBihr/Pictures/KOSO-pictures.zip,https://api.mybihr.com/medias/1056050-ABE-Document-DB-02R-BA022W10-?context=bWFzdGVyfGRvY3VtZW50c3w4NjA0MjJ8YXBwbGljYXRpb24vcGRmfGFERXdMMmhtWmk4ek1qZ3pNemMyT1RVd05EYzVPQzh4TURVMk1EVXdJQzBnUVVKRklFUnZZM1Z0Wlc1MElFUkNMVEF5VWlBb1FrRXdNakpYTVRBcHw0M2MyNTYyMjNiODBmNzBiODI5NjgyNjhlMThlMzJmMWYxMjdmN2MyMGFmZmY2ZDM1OTVjNjkyOTNhZGM0M2I5,https://api.mybihr.com/medias/1056050-Homologation-ABE.pdf?context=bWFzdGVyfGRvY3VtZW50c3wyMjYxNDg1fGFwcGxpY2F0aW9uL3BkZnxhR0ZrTDJoaVlTODRNVEV6TWpNMU1qTXpPVGs1T0M4eE1EVTJNRFV3WDBodmJXOXNiMmRoZEdsdmJsOUJRa1V1Y0dSbXxkNmRhZmU5MjUyYTFlNmRhYWY1OWRjZmRlMTA1YjVjOTA2MWI4YjEzMDU1OTE0MjY1ZGQ3YzkyMWExZWY2YzI3,https://api.mybihr.com/medias/1056050-Instruction-Manual-DB-02R-BA022W10-DE?context=bWFzdGVyfGRvY3VtZW50c3wxMTI5NDEyfGFwcGxpY2F0aW9uL3BkZnxhR1U0TDJobU55OHpNamd6TXpjMk9UY3pOREUzTkM4eE1EVTJNRFV3SUMwZ1NXNXpkSEoxWTNScGIyNGdUV0Z1ZFdGc0lFUkNMVEF5VWlBb1FrRXdNakpYTVRBcElFUkZ8Y2U3NjljZDg1YTJlZTM0YjQzMGQ2OTQzM2I4MGQ1OWQ5MjNiODdkMWNhZWIzOTU0Nzk2OThiMmQ3NDU1MzM2OA,https://api.mybihr.com/medias/1056050-Instruction-Manual-DB-02R-BA022W10-EN?context=bWFzdGVyfGRvY3VtZW50c3w4MTgwOTg4fGFwcGxpY2F0aW9uL3BkZnxhR014TDJobU1DOHpNamd6TXpjMk9UazJNelUxTUM4eE1EVTJNRFV3SUMwZ1NXNXpkSEoxWTNScGIyNGdUV0Z1ZFdGc0lFUkNMVEF5VWlBb1FrRXdNakpYTVRBcElFVk98NDQzOWNkNjBjNWMzZDJiNjQyYTM0YmJlOWY0ODMxNmY2ZDZjNzc2ODM2NGI4ZGY0YzgzYjJiZTIzYTZmMzk5Yg,https://api.mybihr.com/medias/1056050-Instruction-Manual-DB-02R-BA022W10-ES?context=bWFzdGVyfGRvY3VtZW50c3wzNTY1NTEwNXxhcHBsaWNhdGlvbi9wZGZ8YURSbEwyZ3hOUzh6TWpnek16YzNNRFF5TWpNd01pOHhNRFUyTURVd0lDMGdTVzV6ZEhKMVkzUnBiMjRnVFdGdWRXRnNJRVJDTFRBeVVpQW9Ra0V3TWpKWE1UQXBJRVZUfDIzYmQ1YTliMTA3NmMxYjczZTkzM2U5MjgwYWJjMzYzMzEwMzYwOWRmZWQ4ZDcwOTM2MzU5ZTc1MDBmYTQ0YmY,https://api.mybihr.com/medias/1056050-Instruction-Manual-DB-02R-BA022W10-FR?context=bWFzdGVyfGRvY3VtZW50c3wzNTU2MTM2OXxhcHBsaWNhdGlvbi9wZGZ8YUdRM0wyZ3dZaTh6TWpnek16YzNNREU1TWpreU5pOHhNRFUyTURVd0lDMGdTVzV6ZEhKMVkzUnBiMjRnVFdGdWRXRnNJRVJDTFRBeVVpQW9Ra0V3TWpKWE1UQXBJRVpTfGY1NjdkYzhjNWYyMjMyOGE3YzJhN2EwOTg1YjRhZTI1NDBjOTg4YzYxNzg2MzNiYzlmODhlOTMxY2JhZTI5OWY,https://api.mybihr.com/medias/1056050-Instruction-Manual-DB-02R-BA022W10-IT?context=bWFzdGVyfGRvY3VtZW50c3wzNTY1NDA5MnxhcHBsaWNhdGlvbi9wZGZ8YURjMkwyZ3hZeTh6TWpnek16YzNNRFkxTVRZM09DOHhNRFUyTURVd0lDMGdTVzV6ZEhKMVkzUnBiMjRnVFdGdWRXRnNJRVJDTFRBeVVpQW9Ra0V3TWpKWE1UQXBJRWxVfGRmMDJiODMxNzBmODFhNzRmOGZhMDFjZGE2YWUyMjMxOGFkYjc4Y2NiYjIwNzBhYmRiNWFjM2VkMDU2MzBjNmE,https://api.mybihr.com/medias/1056050-Mounting-Instructions-DE.pdf?context=bWFzdGVyfGRvY3VtZW50c3wxMTI5NDExfGFwcGxpY2F0aW9uL3BkZnxhRGhtTDJobU9TODRNVEV6TnpBNE5UUXhOVFExTkM4eE1EVTJNRFV3WDAxdmRXNTBhVzVuWDBsdWMzUnlkV04wYVc5dWMxOUVSUzV3WkdZfGE1NWVkOWNiNmQ0ZmQ3Y2JiYWZjNWE3ODg5MjA4ZTkwZjIwNjg3OTQ5ZjJlNDg1YjlkNmNlNTdmMjQxNzUzMDE,https://api.mybihr.com/medias/1056050-Mounting-Instructions-EN.pdf?context=bWFzdGVyfGRvY3VtZW50c3wzMzMzNTE1fGFwcGxpY2F0aW9uL3BkZnxhRFJsTDJnNFpTODRNVEV6TnpFeU16azFNRFl5TWk4eE1EVTJNRFV3WDAxdmRXNTBhVzVuWDBsdWMzUnlkV04wYVc5dWMxOUZUaTV3WkdZfDUwOTcxNTFkYTg2ZGMwOTdkNThlYjE2Yjk3MDE0NGFmYTRkNTE4MDViMWZiNWE1ZDg0ZjVlNjQxOWFjZWQxOTQ,https://api.mybihr.com/medias/DB-02R-Digital-LCD-Meter-BA022W10-.pdf?context=bWFzdGVyfGRvY3VtZW50c3wzNTU2MTM2OXxhcHBsaWNhdGlvbi9wZGZ8YURReEwyaGxOUzg1TURRek56azVNREUxTkRVMEwwUkNMVEF5VWlCRWFXZHBkR0ZzSUV4RFJDQk5aWFJsY2lBb1FrRXdNakpYTVRBcHwzYmVmOTU2YjVlN2QxNDQ5NThlN2NmMWI2OTlhZDQ1MDUzZmFjNzhiOGFiOWIyY2UzNDFiN2FhZTE4N2VkOWVm,Spain Warehouse (Parts)
1056052,49237,BA024B10,KOSO,KOSO COUNTER TEMP - SUPER SLIM,Reloj de temperatura digital KOSO Super Slim azul BA024B10,48.23,39.86,25.91,4260303010526,10,9029203890,0,1,<p>Reloj de temperatura digital KOSO Super Slim azul.</p><p>Rango de funcionamiento 0-120º</p><p>Parpadeo cuando la temperatura supera los 120º</p>,"
Reloj de temperatura digital KOSO Super Slim azul.
Rango de funcionamiento 0-120º
Parpadeo cuando la temperatura supera los 120º",VEHICLE PARTS & ACCESSORIES,ACCESSORIES,ACC. ELECTRONIC,,,764,101,172,111,40,,,,,,,,,,,,,,,,,,https://api.mybihr.com/medias/1056052-1-800Wx800H?context=bWFzdGVyfHJvb3R8MzM4NTd8aW1hZ2UvanBlZ3xhR1ptTDJobU5DODRPVGN5TXpBek56azBNakEyTHpFd05UWXdOVEl0TVY4NE1EQlhlRGd3TUVnfDEzYmFiNjYwMjkxMTJlMjVkNzUwNTlkOGMzZTg3ZjAzMDM4ZDFjMjIwYmExZjBhMjM1MGU4NTU2NzY1MDBkOTI,,,,,,,,https://static.bihr.pro/eBihr/Pictures/KOSO-pictures.zip,https://api.mybihr.com/medias/1056052-Instruction-manual-BA024B10-EN.pdf?context=bWFzdGVyfHJvb3R8ODY4Mzc5fGFwcGxpY2F0aW9uL3BkZnxhRGsxTDJoaU1pOHpORFE0T0RJd016UTNOekF5TWk4eE1EVTJNRFV5SUMwZ1NXNXpkSEoxWTNScGIyNGdiV0Z1ZFdGc0lDaENRVEF5TkVJeE1Da2dMU0JGVGk1d1pHWXwxNGQwNTQyNzMzOTFiNjgzMGVhM2MzNWI0YzA2N2E1MzZiMWNmN2Y3ODYzMzIxMWM0YzE4Y2E1NTY3M2NmOGNi,,,,,,,,,,Spain Warehouse (Parts)
1056094,49208,BO001001,KOSO,KOSO SPAREPARTS TEMP SENSOR WIRE JST,Cable para sensor de temperatura 1m KOSO BO001001,14.07,11.63,7.56,4260303012759,2,9025900090,0,1,Cable para sensor de temperatura 1m. KOSO (conectores blancos),Cable para sensor de temperatura 1m. KOSO (conectores blancos),VEHICLE PARTS & ACCESSORIES,ACCESSORIES,ACC. ELECTRONIC,,,165,21,87,86,22,,,,,,,,,,,,,,,,,,https://api.mybihr.com/medias/1056094-1-800Wx800H?context=bWFzdGVyfHJvb3R8NTA2OTN8aW1hZ2UvanBlZ3xhREUyTDJobU5pODVNREV5TXpBM056ZzNPREEyTHpFd05UWXdPVFF0TVY4NE1EQlhlRGd3TUVnfGJmM2JjNzU0NmFjZDRkYWUyMzczYmYzZmY5MTU1ZWE2N2JkMTYzMmRjMGEwNWIwNTlkN2YyZWFlMmFhM2ZiNzg,,,,,,,,https://static.bihr.pro/eBihr/Pictures/KOSO-pictures.zip,,,,,,,,,,,Spain Warehouse (Parts)
1056095,49206,BO001B00,KOSO,KOSO SPAREPARTS RPM WIRE TYPE B,Cable cuenta Rpm KOSO tipo B BO001B00,6.03,4.98,3.24,4 260303 012780,1,9025900090,0,1,Cable cuenta Rpm KOSO tipo B,Cable cuenta Rpm KOSO tipo B,VEHICLE PARTS & ACCESSORIES,ACCESSORIES,ACC. ELECTRONIC,,,169,25,85,83,24,,,,,,,,,,,,,,,,,,https://api.mybihr.com/medias/1056095-1-800Wx800H?context=bWFzdGVyfHJvb3R8NTA2NDZ8aW1hZ2UvanBlZ3xhREJsTDJobE5DODVNREV5T1RBd09EZzROakEyTHpFd05UWXdPVFV0TVY4NE1EQlhlRGd3TUVnfDU1ZDMyNGE4YTNmODJmNGMzOTEzOTkwNWQxOGMyMDQwYjExN2JiZGMxY2YwNmExMjJlYjIyMDAxNTVlMWYxN2Q,,,,,,,,https://static.bihr.pro/eBihr/Pictures/KOSO-pictures.zip,,,,,,,,,,,Spain Warehouse (Parts)
1056073,49246,BF120125-N,KOSO,"KOSO SENSOR TEMP - M12xP1,5 - 150°C",Sensor de temperatura KOSO M12 x 1.5 BF120125-n,17.29,14.29,9.29,4260303012100,6,9025900090,0,1,"Sensor de temperatura KOSO M12 x 1.5 (150 grados, conectores negros)","Sensor de temperatura KOSO M12 x 1.5 (150 grados, conectores negros)",VEHICLE PARTS & ACCESSORIES,ACCESSORIES,ACC. ELECTRONIC,,,164,15,115,65,22,,,,,,,,,,,,,,,,,,https://api.mybihr.com/medias/1056073-1-800Wx800H?context=bWFzdGVyfHJvb3R8MzI2NDl8aW1hZ2UvanBlZ3xhRGN3TDJnNE5DODRPVGN5TXpBNU5EazFPRE00THpFd05UWXdOek10TVY4NE1EQlhlRGd3TUVnfDlkMGY2MDY4ZjBkNTA2M2FjNWE4NTk4YTc3NjZkN2IxOWY3ZmUwMTkzYmZjNDY0NzFiOTNmNTZhNGNhYTViZTU,,,,,,,,https://static.bihr.pro/eBihr/Pictures/KOSO-pictures.zip,,,,,,,,,,,Spain Warehouse (Parts)
1056076,49211,BF580001,KOSO,KOSO SENSOR SPEED - JIS TYPE A,Convertidor de señal analogica a digital KOSO BF580001,28.13,23.25,15.11,4260303012216,2,9025900090,0,1,"Convertidor de señal analogica a digital KOSO (conectores negros, JIS tipo A)","Convertidor de señal analogica a digital KOSO (conectores negros, JIS tipo A)",VEHICLE PARTS & ACCESSORIES,ACCESSORIES,ACC. ELECTRONIC,,,270,44,144,78,24,,,,,,,,,,,,,,,,,,https://api.mybihr.com/medias/1056076-1-800Wx800H?context=bWFzdGVyfHJvb3R8MjY3MTN8aW1hZ2UvanBlZ3xhRFZsTDJnNE5TODRPVGN5TXpFd01EZzFOall5THpFd05UWXdOell0TVY4NE1EQlhlRGd3TUVnfDhhMGYzZTllZjkzZTQyNGQ4ODNiZjM3NjAzNDhkMzY2NGQ0MDQyOGVlYTQ3NzZlOWE1YTU2ZjAzZmUyYzBjNTM,,,,,,,,https://static.bihr.pro/eBihr/Pictures/KOSO-pictures.zip,,,,,,,,,,,Spain Warehouse (Parts)
1056127,49236,BL000010,KOSO,KOSO SPAREPARTS VOLTAGE REGULATOR,Regulador para instrumentación KOSO BL000010,24.12,19.93,12.95,4260303012735,5,9025900090,0,1,Regulador para instrumentación KOSO en motocicletas sin batería,Regulador para instrumentación KOSO en motocicletas sin batería,VEHICLE PARTS & ACCESSORIES,ACCESSORIES,ACC. ELECTRONIC,,,313,78,167,75,25,,,,,,,,,,,,,,,,,,https://api.mybihr.com/medias/1056127-1-800Wx800H?context=bWFzdGVyfHJvb3R8MzU3NzB8aW1hZ2UvanBlZ3xhR1UwTDJobVlpOHhOVFF4TlRZd05qQTRNell4TkM4eE1EVTJNVEkzTFRGZk9EQXdWM2c0TURCSXxiNWFlZTA4NTcxMmM5NDA3YWY0YzE5ZjEwN2FjMjNlNzdlNjM2NDZiMjg5ZDQxYWE5NjU1OTM4YWI0ZTk4OGQx,,,,,,,,https://static.bihr.pro/eBihr/Pictures/KOSO-pictures.zip,,,,,,,,,,,Spain Warehouse (Parts)
1056118,49254,BE640001-N,KOSO,KOSO SPAREPARTS BRACKET FOR D64,Soporte KOSO para marcador D64 BE640001-n,17.29,14.29,9.29,4260303011578,1,9025900090,0,1,Soporte KOSO para marcador D64,Soporte KOSO para marcador D64,VEHICLE PARTS & ACCESSORIES,ACCESSORIES,ACC. ELECTRONIC,,,813,224,147,158,35,,,,,,,,,,,,,,,,,,https://api.mybihr.com/medias/1056118-1-800Wx800H?context=bWFzdGVyfHJvb3R8NDc5NjV8aW1hZ2UvanBlZ3xhR0ZqTDJnNVlTOHhOVFF4TlRZd01qVTBORFkzTUM4eE1EVTJNVEU0TFRGZk9EQXdWM2c0TURCSXxlNzQ0NzRmMjllOTJjNmE5MjdhN2NmMWE5MzhhZjgwYWMzYjYyMmRiNjIxZjU4MTVjMzA4ZWM0MThjM2I1YjM5,,,,,,,,https://static.bihr.pro/eBihr/Pictures/KOSO-pictures.zip,,,,,,,,,,,Spain Warehouse (Parts)
1056133,66312,BO021050,KOSO,KOSO SPAREPARTS PLATE ADAPTOR WIRE,Cable adaptador plug & play para intermitentes luz de matrícula Yamaha,6.99,5.78,3.76,4260303014470,2,9025900090,0,1,,,VEHICLE PARTS & ACCESSORIES,ACCESSORIES,ACC. ELECTRONIC,,,210,10,95,130,17,,,,,,,,,,,,,,,,,,https://api.mybihr.com/medias/1056133-1-800Wx800H?context=bWFzdGVyfHJvb3R8MTQ5MzB8aW1hZ2UvanBlZ3xhRFJtTDJneU1DOHhOVFF4TlRZd09EVXdPRFEwTmk4eE1EVTJNVE16TFRGZk9EQXdWM2c0TURCSXw0OTc5ZDM4MTg0NzQxODVjN2IwMjg3ZjQ3ZDhkZGYxYTY0YjRhOWMzZDM2NjgzZDgzNDkwZjRjYzc3Zjg4YmE2,,,,,,,,https://static.bihr.pro/eBihr/Pictures/KOSO-pictures.zip,,,,,,,,,,,Spain Warehouse (Parts)
1056126,84404,BI520004,KOSO,KOSO SPAREPARTS SENSOR CLAMP 40-64mm,Abrazadera sensor temperatura gases escape KOSO 40-64mm BI520004,14.07,11.63,7.56,4260303013756,3,9025900090,0,1,,,VEHICLE PARTS & ACCESSORIES,ACCESSORIES,ACC. ELECTRONIC,,,307,22,92,119,28,,,,,,,,,,,,,,,,,,https://api.mybihr.com/medias/1056126-1-800Wx800H?context=bWFzdGVyfHJvb3R8NDE5ODF8aW1hZ2UvanBlZ3xhR0ZpTDJoaE5pOHhOVFF4TlRZd05UWTVNRE01T0M4eE1EVTJNVEkyTFRGZk9EQXdWM2c0TURCSXxhMmUwZTVjMGM5NjE2ZGUyNmMxMWE1NDUwZjRhN2E5MDVmZGI2ZmJmOTI5ODVjZGNjNDFkMWU4ZDQ0MWQxNDI5,,,,,,,,https://static.bihr.pro/eBihr/Pictures/KOSO-pictures.zip,,,,,,,,,,,Spain Warehouse (Parts)
1123451,,BA062010,KOSO,KOSO METER RX5 TFT,Marcador multifunción KOSO RX-5 TFT,803.92,664.40,431.86,4260303010359,5,8714109090,0,1,"<p><strong>Marcador multifunción RX-5 TFT compatible con la BMW R 1200 GS 2013-2017.</strong></p>
<p>El nuevo marcador multifunción RX-5 con pantalla TFT es un marcador plug and play adecuado para la BMW® R1200GS. Este medidor fácil de instalar cuenta con una amplia pantalla para una mayor facilidad de uso, además de un aspecto innovador para tu moto. El RX-5 te permite conectar tu teléfono a través de su opción Bluetooth® para ver las llamadas entrantes, el sistema de navegación, la hora de llegada y mucho más. Con velocidad, cuentakilómetros, cuentakilómetros parcial, contador de horas, contador de combustible, voltaje, reloj y cronómetro, así como 10 indicadores luminosos, este marcador te dará toda la información que necesitas.</p>
<p><strong>Características:</strong></p>
<ul>
	<li><strong>Voltaje:</strong> 12V</li>
	<li><strong>Tipo de producto:</strong> Velocímetro multifunción</li>
	<li><strong>Color marcador:</strong> Negro</li>
	<li><strong>Color marco/esfera:</strong> Negro</li>
	<li><strong>Diámetro Ø marcador (mm):</strong> N/D</li>
	<li><strong>Largo (mm) aprox.:</strong> 160</li>
	<li><strong>Profundidad (mm) aprox.:</strong> 48</li>
	<li><strong>Alto (mm) aprox.:</strong> 100</li>
	<li><strong>Tipo&nbsp;de pantalla:</strong> TFT/LCD</li>
	<li><strong>Retroiluminación:</strong> Sí, en función de la luz ambiental (modo diurno y modo oscuro)</li>
	<li><strong>Velocidad (KM/H - MPH):</strong> Hasta 360 KM/H - 225 MPH</li>
	<li><strong>Cuenta KM Parcial:</strong> Si, 1 y 2</li>
	<li><strong>Tacómetro RPM:</strong> Hasta 10.000RPM</li>
	<li><strong>Reloj:</strong> Sí, 12H/24H</li>
	<li><strong>Cuenta horas:</strong> Sí, 0-99.999</li>
	<li><strong>Odómetro:</strong> Sí, 0-999.999</li>
	<li><strong>Modos de conducción:</strong> Sí, Lluvia, Carretera, Dyna, Enduro, Enduro PRO y Dyna PRO</li>
	<li><strong>Voltímetro:</strong> Sí, 8-18V</li>
	<li><strong>Indicador voltaje bajo:</strong> Sí, 8-13V</li>
	<li><strong>Indicador voltaje alto:</strong> Sí, 13-18V</li>
	<li><strong>Mantenimiento aceite:</strong> Sí, 1/2</li>
	<li><strong>Indicador marchas:</strong> Sí, N,1,2,3,4,5 y 6</li>
	<li><strong>Luz cambio marcha:</strong> Sí</li>
	<li><strong>Indicador combustible:</strong> Sí, nivel de 0% a 100%</li>
	<li><strong>Indicador temperatura aire:</strong> Sí, -39,5°C hasta 87°C</li>
	<li><strong>Indicador&nbsp;temperatura refrigerante:</strong> N/D</li>
	<li><strong>Indicadores pantalla-testigos:</strong> Sí, intermitentes, neutro (N), Check motor, ASC, nivel aceite, luz cambio, luz larga, advertencia, ABS</li>
	<li><strong>Homologado:</strong> Sí, homologación europea</li>
	<li><strong>Conexión:</strong> Cableado Plug and Play</li>
	<li><strong>Compatibilidad:</strong> BMW R1200GS 2013-2017</li>
	<li><strong>Extras:</strong>
	<ul>
		<li>Hora estimada de llegada</li>
		<li>Distancia de giro estimada</li>
		<li>Puños calefactables (control apagado, 50% y 100%)</li>
		<li>Indicador presión neumáticos (0 a 3,5bar)</li>
		<li>Bluetooth</li>
		<li>Indicador batería teléfono</li>
		<li>Función de llamada entrante</li>
	</ul>
	</li>
</ul>
","
Marcador multifunción RX-5 TFT compatible con la BMW R 1200 GS 2013-2017.

El nuevo marcador multifunción RX-5 con pantalla TFT es un marcador plug and play adecuado para la BMW® R1200GS. Este medidor fácil de instalar cuenta con una amplia pantalla para una mayor facilidad de uso, además de un aspecto innovador para tu moto. El RX-5 te permite conectar tu teléfono a través de su opción Bluetooth® para ver las llamadas entrantes, el sistema de navegación, la hora de llegada y mucho más. Con velocidad, cuentakilómetros, cuentakilómetros parcial, contador de horas, contador de combustible, voltaje, reloj y cronómetro, así como 10 indicadores luminosos, este marcador te dará toda la información que necesitas.

Características:

	Voltaje: 12V
	Tipo de producto: Velocímetro multifunción
	Color marcador: Negro
	Color marco/esfera: Negro
	Diámetro Ø marcador (mm): N/D
	Largo (mm) aprox.: 160
	Profundidad (mm) aprox.: 48
	Alto (mm) aprox.: 100
	Tipo de pantalla: TFT/LCD
	Retroiluminación: Sí, en función de la luz ambiental (modo diurno y modo oscuro)
	Velocidad (KM/H - MPH): Hasta 360 KM/H - 225 MPH
	Cuenta KM Parcial: Si, 1 y 2
	Tacómetro RPM: Hasta 10.000RPM
	Reloj: Sí, 12H/24H
	Cuenta horas: Sí, 0-99.999
	Odómetro: Sí, 0-999.999
	Modos de conducción: Sí, Lluvia, Carretera, Dyna, Enduro, Enduro PRO y Dyna PRO
	Voltímetro: Sí, 8-18V
	Indicador voltaje bajo: Sí, 8-13V
	Indicador voltaje alto: Sí, 13-18V
	Mantenimiento aceite: Sí, 1/2
	Indicador marchas: Sí, N,1,2,3,4,5 y 6
	Luz cambio marcha: Sí
	Indicador combustible: Sí, nivel de 0% a 100%
	Indicador temperatura aire: Sí, -39,5°C hasta 87°C
	Indicador temperatura refrigerante: N/D
	Indicadores pantalla-testigos: Sí, intermitentes, neutro (N), Check motor, ASC, nivel aceite, luz cambio, luz larga, advertencia, ABS
	Homologado: Sí, homologación europea
	Conexión: Cableado Plug and Play
	Compatibilidad: BMW R1200GS 2013-2017
	Extras:
	
		Hora estimada de llegada
		Distancia de giro estimada
		Puños calefactables (control apagado, 50% y 100%)
		Indicador presión neumáticos (0 a 3,5bar)
		Bluetooth
		Indicador batería teléfono
		Función de llamada entrante
	
	

",VEHICLE PARTS & ACCESSORIES,ACCESSORIES,ACC. ELECTRONIC,,,5997,1033,236,165,154,,,Negro,,,,,,,,,,,,,,12V,https://api.mybihr.com/medias/800Wx800H-1123451-1.jpg?context=bWFzdGVyfHJvb3R8Mzk1ODF8aW1hZ2UvanBlZ3xhRFl6TDJnME9TODBORGc0TXpnME5EQXdOVGt4T0M4NE1EQlhlRGd3TUVoZk1URXlNelExTVMweExtcHdad3wwNWMwZmZlNDQzYjJjYjE4MjQxMWI4YWMyY2QwMjE0NzU4MGVlODQxNzY5ZmZjMDhhZmU3MGVlOTE1ZGIwNTY3,https://api.mybihr.com/medias/800Wx800H-1123451-2.jpg?context=bWFzdGVyfHJvb3R8NTczNTl8aW1hZ2UvanBlZ3xhREkwTDJnelpTODBORGc0TXpnME5ETTVPVEV6TkM4NE1EQlhlRGd3TUVoZk1URXlNelExTVMweUxtcHdad3xkNzJlOWI5ODc2ZGNjYmZjNmJlZGIxNDczNjdiZWM3ZjA1OWI3YzkzOWQ2NTZkMGU0NzBjZTgxMmI0OTFlNGIw,https://api.mybihr.com/medias/800Wx800H-1123451-3.jpg?context=bWFzdGVyfHJvb3R8MzY5OTl8aW1hZ2UvanBlZ3xhRGcwTDJnek1DODBORGc0TXpnME5EYzVNak0xTUM4NE1EQlhlRGd3TUVoZk1URXlNelExTVMwekxtcHdad3wyNzc5YWM4YmFhNWM4NGIyYmUxYjhhMjRhZjhmNzc4NTdmYWVmYzhkMDY1OWExNDRjYjdjNGY5ODM5MjY2MTVi,https://api.mybihr.com/medias/800Wx800H-1123451-5.jpg?context=bWFzdGVyfHJvb3R8NjQyODF8aW1hZ2UvanBlZ3xhRFF4TDJnek1pODBORGc0TXpnME5UVTNPRGM0TWk4NE1EQlhlRGd3TUVoZk1URXlNelExTVMwMUxtcHdad3w3MjljYWNhZDZkNDRiNTc4ZDgzNTZlYmUwNTc1MTZmMTAzYmM3MmVkODM3MDRmNmY5MjkwMjE0Y2EzYjUyM2U2,https://api.mybihr.com/medias/800Wx800H-1123451-4.png?context=bWFzdGVyfHJvb3R8Mzc0MjY5fGltYWdlL3BuZ3xhR0kwTDJneU5DODBORGc0TXpnME5URTROVFUyTmk4NE1EQlhlRGd3TUVoZk1URXlNelExTVMwMExuQnVad3w1NmExZjcwOTcwNTI4MTY2Mzc2Y2ExNWEzNjkzNWMwNTMzZWNjNGRhMWVmODA4MGMyMDBhOTc1NjcwYzMwNjRl,,,,https://static.bihr.pro/eBihr/Pictures/KOSO-pictures.zip,,,,,,,,,,,Spain Warehouse (Parts)
1056124,49197,BI520001,KOSO,KOSO SPAREPARTS SENSOR CLAMP 40-64mm,Abrazadera para sensor de temperatura gases de escape KOSO BI520001,14.07,11.63,7.56,4260303013725,9,9025900090,0,1,Abrazadera para sensor de temperatura gases de escape KOSO,Abrazadera para sensor de temperatura gases de escape KOSO,VEHICLE PARTS & ACCESSORIES,ACCESSORIES,ACC. ELECTRONIC,,,264,52,149,118,15,,,,,,,,,,,,,,,,,,https://api.mybihr.com/medias/1056124-1-800Wx800H?context=bWFzdGVyfHJvb3R8MzQ5MjV8aW1hZ2UvanBlZ3xhREl4TDJnME5pOHhOVFF4TlRZd05Ea3dNemsyTmk4eE1EVTJNVEkwTFRGZk9EQXdWM2c0TURCSXwyMjg4ZTgxNTU2ZGM1M2Y0NzdiYTRkNjVlNWZlODU5YTFlN2YyYzEzZDlmZWUwNDU4MDM2YjI1YWFiY2U0MDg5,,,,,,,,https://static.bihr.pro/eBihr/Pictures/KOSO-pictures.zip,,,,,,,,,,,Spain Warehouse (Parts)
1056122,49269,BF010820-N,KOSO,KOSO SPAREPARTS MAGNETIC SCREW M8,Tornillo imán captador velocímetro KOSO M8 x 1.25 x 22.5 BF010820-n,10.85,8.97,5.83,4260303011837,4,9025900090,0,1,Tornillo imán captador velocímetro KOSO M8 x 1.25 x 22.6,Tornillo imán captador velocímetro KOSO M8 x 1.25 x 22.6,VEHICLE PARTS & ACCESSORIES,ACCESSORIES,ACC. ELECTRONIC,,,48,6,80,50,12,,,,,,,,,,,,,,,,,,https://api.mybihr.com/medias/1056122-1-800Wx800H?context=bWFzdGVyfHJvb3R8NDk5MDl8aW1hZ2UvanBlZ3xhR1l6TDJneVlTOHhOVFF4TlRZd05ERXhOelV6TkM4eE1EVTJNVEl5TFRGZk9EQXdWM2c0TURCSXwxMDMyMDc3MTFiMWU2ZWRhNjhiMTc2MmEyNTFiY2MwYjliMTViOGQxMTU2MTgyMjZmMWU2N2FkOWRlYzQ5Yzgy,,,,,,,,https://static.bihr.pro/eBihr/Pictures/KOSO-pictures.zip,,,,,,,,,,,Spain Warehouse (Parts)
1056123,49217,BG004000,KOSO,KOSO SPAREPARTS RPM - SIGNAL FILTER,Filtro de señal de Rpm KOSO BG004000,44.21,36.54,23.75,4260303012445,4,9025900090,0,1,Filtro de señal de Rpm KOSO,Filtro de señal de Rpm KOSO,VEHICLE PARTS & ACCESSORIES,ACCESSORIES,ACC. ELECTRONIC,,,530,90,156,97,35,,,,,,,,,,,,,,,,,,https://api.mybihr.com/medias/1056123-1-800Wx800H?context=bWFzdGVyfHJvb3R8MzIxMTl8aW1hZ2UvanBlZ3xhRGswTDJnek9DOHhOVFF4TlRZd05EVXhNRGMxTUM4eE1EVTJNVEl6TFRGZk9EQXdWM2c0TURCSXxhNTYyMjRlZTU0OWY2ZmVkNTA1Zjk4NTdhZjU5YmZiYWMwZjlkMTQ0ODBjYTg3ODE3N2Y3M2I4YmFiNzY0ZGQz,,,,,,,,https://static.bihr.pro/eBihr/Pictures/KOSO-pictures.zip,https://api.mybihr.com/medias/1056123-Instruction-Manual-RPM-convertor-BG004000-EN.pdf?context=bWFzdGVyfHJvb3R8NjExODA4fGFwcGxpY2F0aW9uL3BkZnxhR0ZtTDJoa055OHpNelF5TnpRM05qSTRNelF5TWk4eE1EVTJNVEl6SUMwZ1NXNXpkSEoxWTNScGIyNGdUV0Z1ZFdGc0lDMGdVbEJOSUdOdmJuWmxjblJ2Y2lBb1FrY3dNRFF3TURBcElFVk9MbkJrWmd8MTdiMTBmN2E2ZGM1ZjgwYTE4MGQ2ZDRhZjgxZTgzOTk3NjY5NzYzMzllMmIxNTBhZGZiYjIyNThiOTUwMTdlYQ,,,,,,,,,,Spain Warehouse (Parts)
1056130,61304,BO002004,KOSO,KOSO SPAREPARTS WIDE BAND SENSOR 02,Kit Tornillo Sensor banda ancha sonda lambda O2 KOSO BO002004,36.18,29.90,19.44,4260303012841,3,9025900090,0,1,Kit tornillo sonda Lambda,Kit tornillo sonda Lambda,VEHICLE PARTS & ACCESSORIES,ACCESSORIES,ACC. ELECTRONIC,,,421,54,97,140,31,,,,,,,,,,,,,,,,,,https://api.mybihr.com/medias/1056130-1-800Wx800H?context=bWFzdGVyfHJvb3R8MzkyMDl8aW1hZ2UvanBlZ3xhR0kyTDJnNU1DOHhOVFF4TlRZd056TXlPRGM1T0M4eE1EVTJNVE13TFRGZk9EQXdWM2c0TURCSXxjNzY3NDUwMzViNjA2MTAwMGRjN2VmMDcyZjk1ZDE0NmY0N2YyZTI5YjE5ZmVjNGEwYTdjZjBhYzNjZjhmMjk5,,,,,,,,https://static.bihr.pro/eBihr/Pictures/KOSO-pictures.zip,,,,,,,,,,,Spain Warehouse (Parts)
1056101,93733,BA045100,KOSO,KOSO COUNTER LAP - TIMER,Marcador lap timer GPS KOSO,361.77,298.98,194.34,4260303014340,9,9025900090,0,1,"<p><strong>Cronómetro de Vueltas GPS</strong></p>
<p>Cronómetro de vueltas GPS de alta tecnología diseñado tanto para pilotos profesionales como amateurs. Este dispositivo, mediante el uso de la tecnología GPS, proporciona información precisa sobre circuitos de carreras sin necesidad de barreras de luz adicionales ni otros dispositivos.</p>
<p>El dispositivo registra hasta 200 vueltas, muestra tu mejor tiempo por vuelta, las diferencias con las vueltas anteriores y la última vuelta, así como la velocidad, velocidad media y muchas otras funciones. Por último, el dispositivo también puede utilizarse simplemente como un velocímetro GPS, gracias a las funciones de odómetro y velocímetro. Nuestro cronómetro de vueltas GPS también incluye la popular función de prueba de potencia, que te permite medir el tiempo sobre una distancia determinada (por ejemplo, 1/8 milla, 1/4 milla, etc.) o un tiempo determinado (por ejemplo, aceleración de 0-100 km/h).</p>
<p>Esto hace que nuestro cronómetro de vueltas GPS sea la herramienta perfecta para una amplia gama de eventos de carreras, desde carreras de aceleración hasta carreras de resistencia y circuito. Este dispositivo también permite configurar si estás corriendo en un circuito cerrado o en una pista abierta (como en el caso de los paseos turísticos en el circuito de carreras más popular de Europa).</p>
<p>Todo esto convierte al Cronómetro de Vueltas GPS Koso en un “imprescindible” para todos los pilotos.</p>
<p><strong>Velocímetro</strong></p>
<ul>
	<li>Rango de visualización: 0 - 360 km/h (0 - 255 MPH)</li>
	<li>Unidad: 1 km/h (MPH)</li>
</ul>

<p><strong>Frecuencia de muestreo</strong></p>

<ul>
	<li>&lt;0.5 segundos</li>
</ul>

<p><strong>Odómetro</strong></p>

<ul>
	<li>Rango de visualización: 0 - 99.999 km (millas)</li>
	<li>Reseteo automático después de 99.999 km (millas)</li>
	<li>Unidad: 1 km (milla)</li>
</ul>

<p><strong>Medidor de viaje</strong></p>

<ul>
	<li>Rango de visualización: 0 - 9,999.9 km (millas)</li>
	<li>Reseteo automático después de 9,999.9 km (millas) (borra la velocidad media y los registros de viaje al mismo tiempo)</li>
	<li>Rango de visualización: 0.1 km/h (MPH)</li>
</ul>

<p><strong>Velocidad Media</strong></p>

<ul>
	<li>Rango de grabación: 0 - 360 km/h (0 - 255 MPH)</li>
	<li>Unidad: 1 km/h (MPH)</li>
</ul>

<p><strong>Tiempo de viaje</strong></p>

<ul>
	<li>Rango de grabación: 0 - 9,999.9h</li>
	<li>Reseteo automático después de 9,999.9h</li>
	<li>Unidad: 0.1h</li>
</ul>

<p><strong>Grabación de velocidad máxima</strong></p>

<ul>
	<li>Rango de grabación: 0 - 360 km/h (MPH)</li>
	<li>Unidad: 1 km/h (MPH)</li>
</ul>

<p><strong>Sistema de coordenadas geodésicas WGS-84</strong></p>

<ul>
	<li>Visualización de coordenadas</li>
	<li>Rango de configuración: dºm’s.s’ / d.dº / dºm.m’</li>
</ul>

<p><strong>Zona horaria</strong></p>

<ul>
	<li>Rango de configuración: UTC – 12:00 ~ + 14:00</li>
</ul>

<p><strong>Calendario</strong></p>

<ul>
	<li>Recuperación automática de datos mediante señal GPS</li>
</ul>

<p><strong>Reloj</strong></p>

<ul>
	<li>Rango de configuración: 12/24h</li>
	<li>Configuración automática de la hora según la zona horaria seleccionada</li>
</ul>

<p><strong>Advertencia de batería baja</strong></p>

<ul>
	<li>El símbolo de la batería comienza a parpadear cuando el voltaje cae por debajo de 7.0V</li>
</ul>

<p><strong>Configuración de contraste de pantalla</strong></p>

<ul>
	<li>Rango de configuración: 1 - 16 niveles</li>
</ul>

<p><strong>Configuración de retroiluminación</strong></p>

<ul>
	<li>Rango de configuración: 0 (apagado) / 1 (más oscuro) - 7 (más claro)</li>
</ul>

<p><strong>Modo de cronometrado</strong></p>

<ul>
	<li>Rango de grabación: 00'00‘00 - 99'59’99</li>
	<li>Número de vueltas</li>
	<li>Rango de visualización: 1 - 200 vueltas</li>
</ul>

<p><strong>Diferencia con el mejor tiempo registrado</strong></p>

<ul>
	<li>Rango de visualización: 00‘00 ~ 99’99</li>
</ul>

<p><strong>Diferencia con la última vuelta</strong></p>

<ul>
	<li>Rango de visualización: -99‘99 ~+99’99</li>
</ul>

<p><strong>Método de visualización en la pantalla de registro</strong></p>

<ul>
	<li>Rango de configuración: Secuencial / Mejor</li>
</ul>

<p><strong>Tiempo de memoria en la pantalla de registro</strong></p>

<ul>
	<li>Rango de configuración: 5 - 20 segundos</li>
</ul>

<p><strong>Temporizador de velocidad objetivo</strong></p>

<ul>
	<li>Rango de configuración: 30 - 360 km/h (20 - 255 MPH)</li>
	<li>Unidad: 5 km/h (MPH)</li>
</ul>

<p><strong>Temporizador de distancia objetivo</strong></p>

<ul>
	<li>Rango de configuración: 1/32 - 30/32 milla (50 - 1,500 M)</li>
	<li>Unidad: 1/32 milla (50 m)</li>
</ul>

<p><strong>Tiempo de vuelta individual en pista cerrada</strong></p>

<ul>
	<li>Rango de configuración: 0'00‘00 - 9'59’99</li>
</ul>

<p><strong>Tiempo de vuelta individual para pista abierta</strong></p>

<ul>
	<li>Rango de configuración: 0'00‘00 - 9'59’99</li>
</ul>

<p><strong>Creación de un circuito</strong></p>

<ul>
	<li>Rango de configuración: abierto / cerrado</li>
</ul>

<p><strong>Ancho de la pista</strong></p>

<ul>
	<li>Rango de configuración: 5 - 50 m</li>
	<li>Unidad: 1 m</li>
</ul>

<p><strong>Longitud del circuito</strong></p>

<ul>
	<li>Cálculo automático después de completar una vuelta</li>
</ul>

<p><strong>Secciones del recorrido</strong></p>

<ul>
	<li>Rango de configuración: 0 - 22 puntos (máximo)</li>
</ul>

<p><strong>Voltaje efectivo</strong></p>

<ul>
	<li>DC 12 V</li>
</ul>

<p><strong>Norma</strong></p>

<ul>
	<li>JIS D 0203 S2</li>
</ul>

<p><strong>Dimensiones</strong></p>

<ul>
	<li>107.7 x 61.7 x 20.5 mm</li>
</ul>

<p><strong>Peso</strong></p>

<ul>
	<li>132 g</li>
</ul>
","
Cronómetro de Vueltas GPS

Cronómetro de vueltas GPS de alta tecnología diseñado tanto para pilotos profesionales como amateurs. Este dispositivo, mediante el uso de la tecnología GPS, proporciona información precisa sobre circuitos de carreras sin necesidad de barreras de luz adicionales ni otros dispositivos.

El dispositivo registra hasta 200 vueltas, muestra tu mejor tiempo por vuelta, las diferencias con las vueltas anteriores y la última vuelta, así como la velocidad, velocidad media y muchas otras funciones. Por último, el dispositivo también puede utilizarse simplemente como un velocímetro GPS, gracias a las funciones de odómetro y velocímetro. Nuestro cronómetro de vueltas GPS también incluye la popular función de prueba de potencia, que te permite medir el tiempo sobre una distancia determinada (por ejemplo, 1/8 milla, 1/4 milla, etc.) o un tiempo determinado (por ejemplo, aceleración de 0-100 km/h).

Esto hace que nuestro cronómetro de vueltas GPS sea la herramienta perfecta para una amplia gama de eventos de carreras, desde carreras de aceleración hasta carreras de resistencia y circuito. Este dispositivo también permite configurar si estás corriendo en un circuito cerrado o en una pista abierta (como en el caso de los paseos turísticos en el circuito de carreras más popular de Europa).

Todo esto convierte al Cronómetro de Vueltas GPS Koso en un “imprescindible” para todos los pilotos.

Velocímetro

	Rango de visualización: 0 - 360 km/h (0 - 255 MPH)
	Unidad: 1 km/h (MPH)



Frecuencia de muestreo


	<0.5 segundos



Odómetro


	Rango de visualización: 0 - 99.999 km (millas)
	Reseteo automático después de 99.999 km (millas)
	Unidad: 1 km (milla)



Medidor de viaje


	Rango de visualización: 0 - 9,999.9 km (millas)
	Reseteo automático después de 9,999.9 km (millas) (borra la velocidad media y los registros de viaje al mismo tiempo)
	Rango de visualización: 0.1 km/h (MPH)



Velocidad Media


	Rango de grabación: 0 - 360 km/h (0 - 255 MPH)
	Unidad: 1 km/h (MPH)



Tiempo de viaje


	Rango de grabación: 0 - 9,999.9h
	Reseteo automático después de 9,999.9h
	Unidad: 0.1h



Grabación de velocidad máxima


	Rango de grabación: 0 - 360 km/h (MPH)
	Unidad: 1 km/h (MPH)



Sistema de coordenadas geodésicas WGS-84


	Visualización de coordenadas
	Rango de configuración: dºm’s.s’ / d.dº / dºm.m’



Zona horaria


	Rango de configuración: UTC – 12:00 ~ + 14:00



Calendario


	Recuperación automática de datos mediante señal GPS



Reloj


	Rango de configuración: 12/24h
	Configuración automática de la hora según la zona horaria seleccionada



Advertencia de batería baja


	El símbolo de la batería comienza a parpadear cuando el voltaje cae por debajo de 7.0V



Configuración de contraste de pantalla


	Rango de configuración: 1 - 16 niveles



Configuración de retroiluminación


	Rango de configuración: 0 (apagado) / 1 (más oscuro) - 7 (más claro)



Modo de cronometrado


	Rango de grabación: 00'00‘00 - 99'59’99
	Número de vueltas
	Rango de visualización: 1 - 200 vueltas



Diferencia con el mejor tiempo registrado


	Rango de visualización: 00‘00 ~ 99’99



Diferencia con la última vuelta


	Rango de visualización: -99‘99 ~+99’99



Método de visualización en la pantalla de registro


	Rango de configuración: Secuencial / Mejor



Tiempo de memoria en la pantalla de registro


	Rango de configuración: 5 - 20 segundos



Temporizador de velocidad objetivo


	Rango de configuración: 30 - 360 km/h (20 - 255 MPH)
	Unidad: 5 km/h (MPH)



Temporizador de distancia objetivo


	Rango de configuración: 1/32 - 30/32 milla (50 - 1,500 M)
	Unidad: 1/32 milla (50 m)



Tiempo de vuelta individual en pista cerrada


	Rango de configuración: 0'00‘00 - 9'59’99



Tiempo de vuelta individual para pista abierta


	Rango de configuración: 0'00‘00 - 9'59’99



Creación de un circuito


	Rango de configuración: abierto / cerrado



Ancho de la pista


	Rango de configuración: 5 - 50 m
	Unidad: 1 m



Longitud del circuito


	Cálculo automático después de completar una vuelta



Secciones del recorrido


	Rango de configuración: 0 - 22 puntos (máximo)



Voltaje efectivo


	DC 12 V



Norma


	JIS D 0203 S2



Dimensiones


	107.7 x 61.7 x 20.5 mm



Peso


	132 g

",VEHICLE PARTS & ACCESSORIES,ACCESSORIES,ACC. ELECTRONIC,,,977,276,127,104,74,,,Negro,,,,,,,,,,,,,,12V,https://api.mybihr.com/medias/1056101-1-800Wx800H?context=bWFzdGVyfHJvb3R8NDM1Njh8aW1hZ2UvanBlZ3xhRGczTDJoaU5pOHhOVFF4TlRVNU5UQXdPREF6TUM4eE1EVTJNVEF4TFRGZk9EQXdWM2c0TURCSXxmZWY0ODIwZDQ2NzZjYzQ0OGMyNTNhMmMzOWRmNmE1NWE2NTk0MWRhN2M0ZDNlNGY2YzEzYmQ2Y2I0ZmM5Zjcw,https://api.mybihr.com/medias/1056101-2-800Wx800H?context=bWFzdGVyfHJvb3R8NTI3NTB8aW1hZ2UvanBlZ3xhREkzTDJoak5DOHhOVFF4TlRVNU5UUXdNVEkwTmk4eE1EVTJNVEF4TFRKZk9EQXdWM2c0TURCSXw2NDUwZjdlM2I4MTM2OGZlMjJlMDBlMWZmNmIzZDNjNDdhMDBlNWQxODgwMzcyNDJkNjQyZDcyN2U5YWQzYjkz,,,,,,,https://static.bihr.pro/eBihr/Pictures/KOSO-pictures.zip,https://api.mybihr.com/medias/1056101-Instrucciones-BA045100.pdf?context=bWFzdGVyfHJvb3R8OTI4MDAwM3xhcHBsaWNhdGlvbi9wZGZ8YUdRMUwyZ3dNeTh6TVRrd01ETXhNVGN4TlRnM01DOHhNRFUyTVRBeExTQkpibk4wY25WalkybHZibVZ6SUVKQk1EUTFNVEF3TG5Ca1pnfDliYjhjNTgxYjgzYjE4YTY4YzViZTIxYjczYjA4ODljMDhkNDcxZDU5OWYxY2NmYmJmMjU1YWIyZWY0MzFmYjA,,,,,,,,,,Spain Warehouse (Parts)
1140168,,BO039000,KOSO,KOSO SIGNAL ADAPTER BLK TO WHITE PLUG,Cable adaptador KOSO para captador de velocidad,5.03,4.16,3.12,4260303013855,0,9025900090,0,0,"<p data-isautotranslation=""1""></p>Adaptador de Señal KOSO de Clavija Negra a Blanca.","
Adaptador de Señal KOSO de Clavija Negra a Blanca.",VEHICLE PARTS & ACCESSORIES,ACCESSORIES,ACC. ELECTRONIC,,,137,8,130,105,10,,,Negro,,,,,,,,,,,,,,,https://api.mybihr.com/medias/800Wx800H-1140168-1.jpg?context=bWFzdGVyfHJvb3R8Mjc3Nzh8aW1hZ2UvanBlZ3xhR1kxTDJnNE1TODRNVEUyTWpZek9USTBOVE0wTWk4NE1EQlhlRGd3TUVoZk1URTBNREUyT0MweExtcHdad3wwODlkZTk4YmQ4ZDNjY2JlOTIzMjEzOWFjNjgyZTNhOTU5N2Y0MmUzNGUzMjJkZmFmNTZkOWQxYTQ4MTQ1NjQ1,https://api.mybihr.com/medias/800Wx800H-1140168-2.jpg?context=bWFzdGVyfHJvb3R8NTMxMTV8aW1hZ2UvanBlZ3xhRFk0TDJnM05DODRNVEUyTWpZek9UWXpPRFUxT0M4NE1EQlhlRGd3TUVoZk1URTBNREUyT0MweUxtcHdad3xlZTJhOGI1YmQ1ZDM4MmY2N2E1YmM5YjJiMWZiNGI4MDg5ZWQzYjFjZTJlZWM3NGQyMTkzNGU1ODAyMzM3ZGU4,,,,,,,https://static.bihr.pro/eBihr/Pictures/KOSO-pictures.zip,,,,,,,,,,,Spain Warehouse (Parts)
1140170,,BA081000,KOSO,KOSO DIGI MULTI COCKPIT RX-4 MT07/09,Marcador universal multifunción KOSO,640.54,529.37,397.03,4260303010977,0,9029203190,0,0,"<p data-isautotranslation=""1""></p>Cuadro de Instrumentos Multifunción Digital KOSO, RX-4, para MT-07/09, XSR 700/900.","
Cuadro de Instrumentos Multifunción Digital KOSO, RX-4, para MT-07/09, XSR 700/900.",VEHICLE PARTS & ACCESSORIES,ACCESSORIES,ACC. ELECTRONIC,,,2835,635,200,135,105,,,,,,,,,,,,,,,,,12V,https://api.mybihr.com/medias/800Wx800H-1140170-1.jpg?context=bWFzdGVyfHJvb3R8MTE0NjUzfGltYWdlL2pwZWd8YUdNNEwyZzRZeTg0TVRFMk1qWTBNalV5TWpFME1pODRNREJYZURnd01FaGZNVEUwTURFM01DMHhMbXB3Wnd8ZDNkZmI2YTM3ZTdmMDBlMTUzYzk1ZWIwZjI4MDZjNTc4OWNhMTY3NjY2MjZmZmFjZGJlM2ZlOGY0MjkxOTUxNw,https://api.mybihr.com/medias/800Wx800H-1140170-2.jpg?context=bWFzdGVyfHJvb3R8MTE0NTE5fGltYWdlL2pwZWd8YUROaEwyZzNaaTg0TVRFMk1qWTBNamt4TlRNMU9DODRNREJYZURnd01FaGZNVEUwTURFM01DMHlMbXB3Wnd8NWNhM2QyNWQ3ZTVjY2Y0YThlNjIwMWRhMTNjOTEwNDUxZDc5MjM5YjgwYzI5ZmIxZTdhYzcyNzAyMWU4MDk2MQ,https://api.mybihr.com/medias/800Wx800H-1140170-3.jpg?context=bWFzdGVyfHJvb3R8OTQzODF8aW1hZ2UvanBlZ3xhREF5TDJneVlTODRNVEUyTWpZME16TXdPRFUzTkM4NE1EQlhlRGd3TUVoZk1URTBNREUzTUMwekxtcHdad3wxYTA3MmNmNDY1OTljN2U0YTY5ZmU5NDA2OWM3N2U1Nzg0MTI2MGNmMmEwM2FlZTZhYzg3MjUxY2JkOTA2YTk4,https://api.mybihr.com/medias/800Wx800H-1140170-4.jpg?context=bWFzdGVyfHJvb3R8MTE5NTk0fGltYWdlL2pwZWd8YURZeEwyZ3hZeTg0TVRFMk1qWTBNemN3TVRjNU1DODRNREJYZURnd01FaGZNVEUwTURFM01DMDBMbXB3Wnd8OGIyNWZmNzUwM2E5MjZlMjExNWU2MGQxZTRiN2FlY2ZhYWY1OGJhOWUwNWU1OWMwMGYwNWU2MTNjZTZiYTFmOQ,,,,,https://static.bihr.pro/eBihr/Pictures/KOSO-pictures.zip,https://api.mybihr.com/medias/1140170-Homologation-ABE.pdf?context=bWFzdGVyfGRvY3VtZW50c3wzNDEyNjd8YXBwbGljYXRpb24vcGRmfGFHRm1MMmhqTlM4NE1URTFNek0yTXpZM016RXhPQzh4TVRRd01UY3dYMGh2Ylc5c2IyZGhkR2x2Ymw5QlFrVXVjR1JtfDdhM2E0NTAyMDg1YTE2MmQ4ZTMyNTU3MTg0MzE0MWY5MWZkYzYxZTE3MDNmMGVkMDQ1ZDgzZjUwYjc3NTBlZWY,,,,,,,,,,Spain Warehouse (Parts)
1140169,,BA077200,KOSO,"KOSO DL-04 METER YAMAHA BOLT (2022), BLK",Marcador KOSO DL-04,469.71,388.19,291.14,4054783999248,0,9029203190,0,0,"<p data-isautotranslation=""1""></p>Medidor KOSO DL-04 para Yamaha Bolt (2022), en color negro.","
Medidor KOSO DL-04 para Yamaha Bolt (2022), en color negro.",VEHICLE PARTS & ACCESSORIES,ACCESSORIES,ACC. ELECTRONIC,,,2734,397,150,135,135,,,Negro,,,,,,,,,,,,,,12V,https://api.mybihr.com/medias/800Wx800H-1140169-1.jpg?context=bWFzdGVyfHJvb3R8NDAwMTV8aW1hZ2UvanBlZ3xhR0U1TDJnNFpTODRNVEUyTWpZME1EQXpNVGMzTkM4NE1EQlhlRGd3TUVoZk1URTBNREUyT1MweExtcHdad3wzNDkwZWUyMDI1N2Q4MzQ5ODBhYWU4MGIzNzk4MzVjMjUyYzZmMzE0MDNmZDg5ZTJlZjJhNTQ1ZGMwMDM1ODU0,https://api.mybihr.com/medias/800Wx800H-1140169-2.jpg?context=bWFzdGVyfHJvb3R8MzMxMzV8aW1hZ2UvanBlZ3xhRE0zTDJnNVl5ODRNVEUyTWpZME1EUXlORGs1TUM4NE1EQlhlRGd3TUVoZk1URTBNREUyT1MweUxtcHdad3xmNDQ1ZjllN2I2ZGE0YmI3MzQzN2ExYjJjMzI0ZTc5N2NhMWFkNzgwNTBmMjkzNmZiMzdmMjFkY2QzYTE0YTY4,https://api.mybihr.com/medias/800Wx800H-1140169-3.jpg?context=bWFzdGVyfHJvb3R8Mjc4MDB8aW1hZ2UvanBlZ3xhR00xTDJoaE9TODRNVEUyTWpZME1EZ3hPREl3Tmk4NE1EQlhlRGd3TUVoZk1URTBNREUyT1MwekxtcHdad3w3YTEyMDE0ZjEzZTBhZGY2M2M5ODkxOWVmMDZkNTkwZTUwZjk2NGJmOTQ3NmRiYzIzNjE4YzA3N2IwMjJmN2U1,https://api.mybihr.com/medias/800Wx800H-1140169-4.jpg?context=bWFzdGVyfHJvb3R8MTU4NjJ8aW1hZ2UvanBlZ3xhREV4TDJobVppODRNVEUyTWpZME1USXhNVFF5TWk4NE1EQlhlRGd3TUVoZk1URTBNREUyT1MwMExtcHdad3xlZWM1YzMzMmVkZDg2OGY2MTZkZWU1ZGE3YTExY2IxNzkwNzIzNWM1MWQ3YWJmY2JhNzVkYjVhMWQ0ZDk3YThj,https://api.mybihr.com/medias/800Wx800H-1140169-6.jpg?context=bWFzdGVyfHJvb3R8NDM1MzF8aW1hZ2UvanBlZ3xhR0V3TDJobU1pODRNVEUyTWpZME1UWTNNREUzTkM4NE1EQlhlRGd3TUVoZk1URTBNREUyT1MwMkxtcHdad3xjYmI2NjFhYjMyNGM0NDM3MTFjNTQ5MDBhOTc1Mjc1MGQ5ZDQ1NjIzYTkxODVjNzM3MmE4MDRjNmQwNTQ3ODgx,https://api.mybihr.com/medias/800Wx800H-1140169-7.jpg?context=bWFzdGVyfHJvb3R8ODA2NTV8aW1hZ2UvanBlZ3xhRFkzTDJnNVpDODRNVEUyTWpZME1qQTJNek01TUM4NE1EQlhlRGd3TUVoZk1URTBNREUyT1MwM0xtcHdad3xiNmE4ZjIzMTE4NDU2OTJmNWNhNmE2ZGE3ZjEwZWY2NWVkZTE2OTRhNjcyMGJlMzBlNzQ0OGFkZWUwMWExYWFl,,,https://static.bihr.pro/eBihr/Pictures/KOSO-pictures.zip,https://api.mybihr.com/medias/1140169-Homologation-ABE-91397-2.pdf?context=bWFzdGVyfGRvY3VtZW50c3wyNDcyMDU2fGFwcGxpY2F0aW9uL3BkZnxhR1EyTDJnMFppODRNVEUxTXpReE5EZzFOamN6TkM4eE1UUXdNVFk1WDBodmJXOXNiMmRoZEdsdmJsOUJRa1ZmT1RFek9UY3RNaTV3WkdZfDE3ZDBmZTM1MWM3ZGY5YTQ0MmRiN2Y5Y2JmNTg0Y2Y0NGJmMWM1YjY2NDA1MTQ1MGY3MTAzNzQyNmQyZWYyMmE,https://api.mybihr.com/medias/1140169-Homologation-ABE-91397-KO.pdf?context=bWFzdGVyfGRvY3VtZW50c3w5NjQ5MzZ8YXBwbGljYXRpb24vcGRmfGFHSm1MMmd3TVM4NE1URTFNek15T1RVNU5ETTVPQzh4TVRRd01UWTVYMGh2Ylc5c2IyZGhkR2x2Ymw5QlFrVmZPVEV6T1RkZlMwOHVjR1JtfDEzNjkzMDY0MmMzNzZmMDQwMzU4MjY5ZTdlOWRmOTg3OWQxMzNkYjU4Nzc2ZDJiNjQzZWM4YzRmYzk4MzAzMjc,,,,,,,,,Spain Warehouse (Parts)
1140163,,BG301615,KOSO,"KOSO THREAD ADAPTER M16X1,5","Rosca KOSO M16x1,5",9.10,7.52,5.64,4054783227778,0,9025900090,0,0,"<p data-isautotranslation=""1""></p>Adaptador de rosca KOSO M16x1,5.","
Adaptador de rosca KOSO M16x1,5.",VEHICLE PARTS & ACCESSORIES,ACCESSORIES,ACC. ELECTRONIC,,,234,23,120,65,30,,,,,,,,,,,,,,,,,,https://api.mybihr.com/medias/800Wx800H-1140163-1.jpg?context=bWFzdGVyfHJvb3R8OTI0Njl8aW1hZ2UvanBlZ3xhR001TDJoaFlTODRNVEUyTWpZek56STNPVEkyTWk4NE1EQlhlRGd3TUVoZk1URTBNREUyTXkweExtcHdad3xhZGJmMWNjNzE4ZWUwZDI1NGNkZmFhNDhjYzQwYzYxMWY4NDllZmFmNDllZGViMzEzMjY2YTQ4YzIxZTY0OGM3,,,,,,,,https://static.bihr.pro/eBihr/Pictures/KOSO-pictures.zip,,,,,,,,,,,Spain Warehouse (Parts)
1140167,,BO035000,KOSO,KOSO RPM FILTER 0-100 K OHM,Cuenta RPM KOSO 0-100 K Ohm,12.15,10.04,7.53,4054783241606,0,8714109090,0,0,"<p data-isautotranslation=""1""></p>Filtro KOSO RPM 0-100 K Ohm.","
Filtro KOSO RPM 0-100 K Ohm.",VEHICLE PARTS & ACCESSORIES,ACCESSORIES,ACC. ELECTRONIC,,,207,39,115,90,20,,,Negro,,,,,,,,,,,,,,,https://api.mybihr.com/medias/800Wx800H-1140167-1.jpg?context=bWFzdGVyfHJvb3R8NDY3NDh8aW1hZ2UvanBlZ3xhREpsTDJoa055ODRNVEUyTWpZek9EZzFNakV5Tmk4NE1EQlhlRGd3TUVoZk1URTBNREUyTnkweExtcHdad3w1ZmY0YzcyOGQ4NzkwYmZmMDc0ZGIzYmQwNWNjYzQ5OTJiYzMzZjY5YjcwNDQ3ZGRlZWIxNDg0OGQ2MGQ4MTYx,,,,,,,,https://static.bihr.pro/eBihr/Pictures/KOSO-pictures.zip,,,,,,,,,,,Spain Warehouse (Parts)
1140156,,BA051410,KOSO,KOSO DIGI MULTI COCKPIT TNT 04,Velocímetro multifunción KOSO TNT-04 - Negro,292.78,241.97,181.48,4260303014524,0,9029203190,0,0,"<p><strong>Velocímetro Multifuncional Koso TNT-04 (BA051410)</strong></p>
<p>&nbsp;</p>
<p><strong>Descripción</strong></p>
<p>El <strong>Koso TNT-04</strong> es un velocímetro multifuncional digital de alta calidad, diseñado para motocicletas con sistema eléctrico de 12V. Su diseño compacto y elegante lo convierte en una opción ideal para motos deportivas, custom o de competición que buscan un cuadro de instrumentos moderno y completo.</p>
<p><strong>Características Técnicas</strong></p>
<ul>
	<li><strong>Velocímetro:</strong> Rango de 0 a 360 km/h (0 a 225 mph), con advertencia de exceso de velocidad ajustable entre 30 y 360 km/h.</li>
	<li><strong>Cuentakilómetros:</strong> Total (0–999.999 km) y dos parciales (0–9.999,9 km).</li>
	<li><strong>Tacómetro:</strong> Rango de 0 a 10.000 rpm, con luz de cambio ajustable entre 1.000 y 8.000 rpm.</li>
	<li><strong>Indicador de marchas:</strong> N, 1–6.</li>
	<li><strong>Indicador de combustible:</strong> 6 niveles con opción de reserva ajustable entre 10% y 50%.</li>
	<li><strong>Temperatura del motor:</strong> Rango de 0 a 250°C, con advertencia de sobrecalentamiento.</li>
	<li><strong>Voltímetro:</strong> Rango de 8 a 18 V, con advertencia de bajo voltaje ajustable.</li>
	<li><strong>Reloj:</strong> Formato de 12/24 horas.</li>
	<li><strong>Retroiluminación:</strong> 8 colores seleccionables (púrpura, rojo, amarillo, verde, azul, celeste, blanco) con 5 niveles de intensidad.</li>
	<li><strong>Homologación:</strong> Aprobado por ABE/KBA 91397.</li>
</ul>

<p><strong>Especificaciones Físicas</strong></p>

<ul>
	<li><strong>Diámetro del marcador:</strong> 94,7 mm</li>
	<li><strong>Profundidad:</strong> 55,8 mm</li>
	<li><strong>Alto:</strong> 55,8 mm</li>
	<li><strong>Peso:</strong> Aproximadamente 165 g</li>
	<li><strong>Voltaje:</strong> 12V DC</li>
</ul>

<p><strong>Contenido del Paquete</strong></p>

<ul>
	<li>Velocímetro Koso TNT-04 BA051410</li>
	<li>Sensor de velocidad con imán</li>
	<li>Sensor de temperatura</li>
	<li>Soporte de montaje</li>
	<li>Conectores y cables necesarios</li>
	<li>Instrucciones de instalación</li>
</ul>

<p><strong>Aplicaciones Recomendadas</strong></p>

<p>Compatible con una amplia variedad de motocicletas deportivas, naked, custom y de competición que requieran un cuadro de instrumentos digital y homologado para uso en carretera.</p>

<p><strong>Nota:</strong> Se recomienda la instalación profesional para garantizar un rendimiento óptimo y evitar daños en los componentes del vehículo.</p>","
Velocímetro Multifuncional Koso TNT-04 (BA051410)

 

Descripción

El Koso TNT-04 es un velocímetro multifuncional digital de alta calidad, diseñado para motocicletas con sistema eléctrico de 12V. Su diseño compacto y elegante lo convierte en una opción ideal para motos deportivas, custom o de competición que buscan un cuadro de instrumentos moderno y completo.

Características Técnicas

	Velocímetro: Rango de 0 a 360 km/h (0 a 225 mph), con advertencia de exceso de velocidad ajustable entre 30 y 360 km/h.
	Cuentakilómetros: Total (0–999.999 km) y dos parciales (0–9.999,9 km).
	Tacómetro: Rango de 0 a 10.000 rpm, con luz de cambio ajustable entre 1.000 y 8.000 rpm.
	Indicador de marchas: N, 1–6.
	Indicador de combustible: 6 niveles con opción de reserva ajustable entre 10% y 50%.
	Temperatura del motor: Rango de 0 a 250°C, con advertencia de sobrecalentamiento.
	Voltímetro: Rango de 8 a 18 V, con advertencia de bajo voltaje ajustable.
	Reloj: Formato de 12/24 horas.
	Retroiluminación: 8 colores seleccionables (púrpura, rojo, amarillo, verde, azul, celeste, blanco) con 5 niveles de intensidad.
	Homologación: Aprobado por ABE/KBA 91397.



Especificaciones Físicas


	Diámetro del marcador: 94,7 mm
	Profundidad: 55,8 mm
	Alto: 55,8 mm
	Peso: Aproximadamente 165 g
	Voltaje: 12V DC



Contenido del Paquete


	Velocímetro Koso TNT-04 BA051410
	Sensor de velocidad con imán
	Sensor de temperatura
	Soporte de montaje
	Conectores y cables necesarios
	Instrucciones de instalación



Aplicaciones Recomendadas


Compatible con una amplia variedad de motocicletas deportivas, naked, custom y de competición que requieran un cuadro de instrumentos digital y homologado para uso en carretera.


Nota: Se recomienda la instalación profesional para garantizar un rendimiento óptimo y evitar daños en los componentes del vehículo.",VEHICLE PARTS & ACCESSORIES,ACCESSORIES,ACC. ELECTRONIC,,,2734,709,150,135,135,,,Negro,,,,,,,,,,,,,,12V,https://api.mybihr.com/medias/800Wx800H-1140156-1.jpg?context=bWFzdGVyfHJvb3R8NjE5NjB8aW1hZ2UvanBlZ3xhR1k0TDJoaFlTODRNVEUyTWpZeU9URTFNamM1T0M4NE1EQlhlRGd3TUVoZk1URTBNREUxTmkweExtcHdad3w1ZjQyOTgyZmYwZWYxMTQ5OWVhYzg4MmQ1ODFjYjljNzU5Zjc4OTllN2FhZGQyYmQ5NTEwM2QwNDI0ZWEwZDA4,https://api.mybihr.com/medias/800Wx800H-1140156-2.jpg?context=bWFzdGVyfHJvb3R8MzYwODh8aW1hZ2UvanBlZ3xhRGcyTDJoaU9DODRNVEUyTWpZeU9UVTBOakF4TkM4NE1EQlhlRGd3TUVoZk1URTBNREUxTmkweUxtcHdad3w4ZDQ1OWExY2MxMjcyZWFmMTM1NzU4NjNkNTE2MTBkMGU4NjU0NTYzYmEyNmU2YzQ2NjA5YzNjODYyODE2MDQz,https://api.mybihr.com/medias/800Wx800H-1140156-3.jpg?context=bWFzdGVyfHJvb3R8NTEwMzF8aW1hZ2UvanBlZ3xhREV6TDJoak5pODRNVEUyTWpZeU9Ua3pPVEl6TUM4NE1EQlhlRGd3TUVoZk1URTBNREUxTmkwekxtcHdad3xlM2MyZDhlMDM5MTJiMGVlYjkyMDZkNWUwNTUzYzgxOGIxOTQ1OTQzZDMyNTkxM2QzZDEyZWIxNDlhMWFjNDhl,https://api.mybihr.com/medias/800Wx800H-1140156-4.jpg?context=bWFzdGVyfHJvb3R8NTQ5NTB8aW1hZ2UvanBlZ3xhR1JoTDJnek5pODRNVEUyTWpZek1ETXpNalEwTmk4NE1EQlhlRGd3TUVoZk1URTBNREUxTmkwMExtcHdad3xkMzg5MDQ3OGFkN2U5MWU2M2I2NDZjNzI2NmVlODEyMjUzN2VmY2QzZTU1NzczZDI0ODZkMmJlMjI3YjdjZjYw,,,,,https://static.bihr.pro/eBihr/Pictures/KOSO-pictures.zip,https://api.mybihr.com/medias/1140156-Homologation-ABE-91397-2.pdf?context=bWFzdGVyfGRvY3VtZW50c3wyNDcyMDU2fGFwcGxpY2F0aW9uL3BkZnxhR0ZtTDJnME9DODRNVEUxTXpReE5EWXlOek0xT0M4eE1UUXdNVFUyWDBodmJXOXNiMmRoZEdsdmJsOUJRa1ZmT1RFek9UY3RNaTV3WkdZfDYwMTQxY2MxYjA4NDhiNDhhNjU2YjI3NzUxYjNlZjMxODM5ZDIzMWZjNDFhMmNiNmRjNGJiOWJiZTFiNmU3NzA,https://api.mybihr.com/medias/1140156-Homologation-ABE-91397-KO.pdf?context=bWFzdGVyfGRvY3VtZW50c3w5NjQ5MzZ8YXBwbGljYXRpb24vcGRmfGFEZzNMMmhpWlM4NE1URTFNek0yTXpRME16YzBNaTh4TVRRd01UVTJYMGh2Ylc5c2IyZGhkR2x2Ymw5QlFrVmZPVEV6T1RkZlMwOHVjR1JtfDI5YzlmMWI0YWU2NjQwN2E0Mzc2MzA0NzY1MDkzNjQ5OTVjNDhmYjAwMzg0OTUzNTI3MGRkMjA0MTVhYzlkNTE,,,,,,,,,Spain Warehouse (Parts)
1140165,,BG302015,KOSO,"KOSO THREAD ADAPTER M20X1,5","Rosca KOSO M20x1,5",9.10,7.52,5.64,4054783227808,0,9025900090,0,0,"<p data-isautotranslation=""1""></p>Adaptador de Rosca KOSO M20x1,5.","
Adaptador de Rosca KOSO M20x1,5.",VEHICLE PARTS & ACCESSORIES,ACCESSORIES,ACC. ELECTRONIC,,,234,37,120,65,30,,,Cromo,,,,,,,,,,,,,,,https://api.mybihr.com/medias/800Wx800H-1140165-1.jpg?context=bWFzdGVyfHJvb3R8OTI0Njl8aW1hZ2UvanBlZ3xhRFZqTDJobU1pODRNVEUyTWpZek9EQTJOVFk1TkM4NE1EQlhlRGd3TUVoZk1URTBNREUyTlMweExtcHdad3xlZjY1ODBjMTBkYmIwNmEwYmNjZDc3ODYyMTRkOTQyNTljYWQ4NDNkYmZiZTAxZTNhMmFmNDRjYzcyMjhlNWY4,,,,,,,,https://static.bihr.pro/eBihr/Pictures/KOSO-pictures.zip,,,,,,,,,,,Spain Warehouse (Parts)
1140164,,BG301815,KOSO,"KOSO THREAD ADAPTER M18X1,5","Rosca KOSO M18x1,5",9.10,7.52,5.64,4054783227785,0,9025900090,0,0,"<p data-isautotranslation=""1""></p>Adaptador de Rosca KOSO M18x1,5","
Adaptador de Rosca KOSO M18x1,5",VEHICLE PARTS & ACCESSORIES,ACCESSORIES,ACC. ELECTRONIC,,,234,35,120,65,30,,,,,,,,,,,,,,,,,,https://api.mybihr.com/medias/800Wx800H-1140164-1.jpg?context=bWFzdGVyfHJvb3R8OTI0Njl8aW1hZ2UvanBlZ3xhRFpoTDJoaU9DODRNVEUyTWpZek56WTNNalEzT0M4NE1EQlhlRGd3TUVoZk1URTBNREUyTkMweExtcHdad3wzN2Y0ZmU3MmRmYzI3YWY4ZjYxMTE0NTdhMTM4MTI1NDA1MTQ0MzRmNDdlMjRlN2Y1NzZkYTU0MTZhYzg4ZWJl,,,,,,,,https://static.bihr.pro/eBihr/Pictures/KOSO-pictures.zip,,,,,,,,,,,Spain Warehouse (Parts)
1152557,,BE081000,KOSO,KOSO RX4 METER BRACKET,Soporte de marcador KOSO RX4 para Yamaha XSR-700,29.49,24.37,24.37,4260303011011,2,9029203890,0,1,"<p data-isautotranslation=""1""></p>Soporte de velocímetro RX4 TFT para YAMAHA XSR-700

Este soporte está específicamente diseñado para la Yamaha XSR-700 y permite una montura fácil y segura del velocímetro RX4 TFT a su motocicleta. El soporte asegura una posición estable y óptima del velocímetro, para que siempre tenga una visión clara de sus mediciones.

Características:

Compatibilidad: Apto para la Yamaha XSR-700.

Uso: Diseñado para el velocímetro RX4 TFT.

Instalación: Montaje simple y seguro.

Estabilidad: Proporciona una instalación firme y confiable.

Incluye en la entrega:

1 soporte de velocímetro RX4 TFT para Yamaha XSR-700 (velocímetro no incluido).","
Soporte de velocímetro RX4 TFT para YAMAHA XSR-700

Este soporte está específicamente diseñado para la Yamaha XSR-700 y permite una montura fácil y segura del velocímetro RX4 TFT a su motocicleta. El soporte asegura una posición estable y óptima del velocímetro, para que siempre tenga una visión clara de sus mediciones.

Características:

Compatibilidad: Apto para la Yamaha XSR-700.

Uso: Diseñado para el velocímetro RX4 TFT.

Instalación: Montaje simple y seguro.

Estabilidad: Proporciona una instalación firme y confiable.

Incluye en la entrega:

1 soporte de velocímetro RX4 TFT para Yamaha XSR-700 (velocímetro no incluido).",VEHICLE PARTS & ACCESSORIES,ACCESSORIES,ACC. ELECTRONIC,,,1234,131,187,120,55,,,Negro,,,,,,,,,,,,,,,https://api.mybihr.com/medias/800Wx800H-1152557-1.jpeg?context=bWFzdGVyfHJvb3R8NDI1ODh8aW1hZ2UvanBlZ3xhR0l5TDJnNE1pODVPRGM1TXprM01UTTRORE0xTUM4NE1EQlhlRGd3TUVoZk1URTFNalUxTnkweExtcHdaV2N8OWQzOTg5OWM5MTA4NTdlZWE5NGQ0YWMyZDZhY2NlOGY1ZDE3ZDIxNjM3ZjEwZjViZjFmMjI0MGZiNTIzOGM4Zg,https://api.mybihr.com/medias/800Wx800H-1152557-3.jpeg?context=bWFzdGVyfHJvb3R8NDg1NTF8aW1hZ2UvanBlZ3xhR1E1TDJneFppODVPRGM1TXprM01qRTNNRGM0TWk4NE1EQlhlRGd3TUVoZk1URTFNalUxTnkwekxtcHdaV2N8MWZmM2M3NDdmYzlhNmFiYWI1NWJlYzg1YTJjYTliNmY0MjVmOTdkNGFmNTMyZDA2MTk4NWM5NGExMTk2ZDZjOA,https://api.mybihr.com/medias/800Wx800H-1152557-2.jpeg?context=bWFzdGVyfHJvb3R8NTM0NTR8aW1hZ2UvanBlZ3xhREkxTDJnM05TODVPRGM1TXprM01UYzNOelUyTmk4NE1EQlhlRGd3TUVoZk1URTFNalUxTnkweUxtcHdaV2N8YzJjNDhlMTQ1MWZkOGYxMTUwZDYyN2U4NDdmMzM4YmMwOTFlZWNkNjg1NDJlZjgyZTVjMDM2YmVjMTg3YmNhOA,,,,,,https://static.bihr.pro/eBihr/Pictures/KOSO-pictures.zip,,,,,,,,,,,Spain Warehouse (Parts)
1152558,,BE081020,KOSO,KOSO RX4 METER BRACKET,Soporte de marcador KOSO RX4 para MT-09 2020-,29.49,24.37,24.37,4260303011042,2,9029203890,0,1,"<p data-isautotranslation=""1""></p>Soporte para velocímetro RX4 TFT para la versión MT-09 (hasta 2020)
Este soporte está específicamente diseñado para la Yamaha MT-09 (hasta 2020) y permite una instalación fácil y segura del velocímetro RX4 TFT en su motocicleta. El soporte asegura un posicionamiento estable y óptimo del velocímetro, para que siempre tenga una visión clara de sus mediciones.

Características:
- Compatibilidad: Se adapta a la Yamaha MT-09 (hasta 2020).
- Uso: Diseñado para el velocímetro RX4 TFT.
- Instalación: Montaje sencillo y seguro.
- Estabilidad: Proporciona una instalación firme y confiable.

Contenido del paquete:
- 1 Soporte para velocímetro RX4 TFT para Yamaha MT-09 (hasta 2020) (velocímetro no incluido).","
Soporte para velocímetro RX4 TFT para la versión MT-09 (hasta 2020)
Este soporte está específicamente diseñado para la Yamaha MT-09 (hasta 2020) y permite una instalación fácil y segura del velocímetro RX4 TFT en su motocicleta. El soporte asegura un posicionamiento estable y óptimo del velocímetro, para que siempre tenga una visión clara de sus mediciones.

Características:
- Compatibilidad: Se adapta a la Yamaha MT-09 (hasta 2020).
- Uso: Diseñado para el velocímetro RX4 TFT.
- Instalación: Montaje sencillo y seguro.
- Estabilidad: Proporciona una instalación firme y confiable.

Contenido del paquete:
- 1 Soporte para velocímetro RX4 TFT para Yamaha MT-09 (hasta 2020) (velocímetro no incluido).",VEHICLE PARTS & ACCESSORIES,ACCESSORIES,ACC. ELECTRONIC,,,1349,193,199,113,60,,,Negro,,,,,,,,,,,,,,,https://api.mybihr.com/medias/800Wx800H-1152558-2.jpeg?context=bWFzdGVyfHJvb3R8NjU4MTh8aW1hZ2UvanBlZ3xhR0l6TDJobFpDODVPRGN6TWprMU5qVTRNVGt4T0M4NE1EQlhlRGd3TUVoZk1URTFNalUxT0MweUxtcHdaV2N8YWI4MWQ1ZDI0ZmZmMDEwMjZhNTI3NTM2MGNkZDc1OTQzMjk4Mjk4MzNjMjU1ODI0OGQyOTMyODRiY2JjZGU5Mw,https://api.mybihr.com/medias/800Wx800H-1152558-1.jpeg?context=bWFzdGVyfHJvb3R8NjIyMTR8aW1hZ2UvanBlZ3xhRFUwTDJobVlpODVPRGN6TWprMU5qRTRPRGN3TWk4NE1EQlhlRGd3TUVoZk1URTFNalUxT0MweExtcHdaV2N8ZDY5OGQ1MTI5ZmFhZjI1OTY3ZDA0MzYyMzYwZmQyM2FmNDcxZTAxMmZjNzBhODQzNjMwNjM5NzhhMDkxOGM5Yw,https://api.mybihr.com/medias/800Wx800H-1152558-3.jpeg?context=bWFzdGVyfHJvb3R8NTUwNzB8aW1hZ2UvanBlZ3xhREkxTDJobE1DODVPRGN6TWprMU5qazNOVEV6TkM4NE1EQlhlRGd3TUVoZk1URTFNalUxT0MwekxtcHdaV2N8YzU0NTM1ZDM3N2FjZmQ5NDQ0MzFlZmFiYjQ3MDY2MzExNjFkZTE5N2M2MTgxOWMwNWVjODExZGNkMWM0NjkyNQ,,,,,,https://static.bihr.pro/eBihr/Pictures/KOSO-pictures.zip,,,,,,,,,,,Spain Warehouse (Parts)
1067418,,BO019022,KOSO,KOSO CONNECTOR ADAPTER SUZUKI,Cable adaptador plug & play KOSO para intermitentes Suzuki,10.49,8.67,5.64,4260303014777,0,9025900090,0,1,"<p data-isautotranslation=""1""></p>Esta facilita aún más la conversión del indicador: seleccione las clavijas correctas para su vehículo y conecte nuestros intermitentes Koso a su arnés de cableado original sin necesidad de soldar o prensar, de forma segura y en cualquier momento.

Alcance de la entrega: 1 par.","
Esta facilita aún más la conversión del indicador: seleccione las clavijas correctas para su vehículo y conecte nuestros intermitentes Koso a su arnés de cableado original sin necesidad de soldar o prensar, de forma segura y en cualquier momento.

Alcance de la entrega: 1 par.",VEHICLE PARTS & ACCESSORIES,ACCESSORIES,ACC. ELECTRIC,,,191,6,128,88,17,,,,,,,,por pareja,,,,,,,,,,https://api.mybihr.com/medias/1067418-1-800Wx800H?context=bWFzdGVyfHJvb3R8NDM0OTJ8aW1hZ2UvanBlZ3xhR0pqTDJnd1lpODRPVGMwTkRRd01qQXlNamN3THpFd05qYzBNVGd0TVY4NE1EQlhlRGd3TUVnfDFlNmQ4NTY4YTJhYTY1N2UxNWIxMGM0YTZmMjE4NmMyNzBmZjJlOWU4NzkzODczN2NiNDRmNjc1ZDY4ZTdkMjc,https://api.mybihr.com/medias/1067418-2-800Wx800H?context=bWFzdGVyfHJvb3R8NDIyNzR8aW1hZ2UvanBlZ3xhRFJtTDJnd055ODRPVGMwTkRRd016azRPRGM0THpFd05qYzBNVGd0TWw4NE1EQlhlRGd3TUVnfGZlYTdlMTlmNWEwMThhYmI0NjYzY2IyMjQwY2I5YTM3MDQ2MzRkMzlmOWVhM2Y2MmQ2NjJlYTNhYTZjNDI3OTU,,,,,,,https://static.bihr.pro/eBihr/Pictures/KOSO-pictures.zip,,,,,,,,,,,Spain Warehouse (Parts)
1067426,,HB026000,KOSO,KOSO TAIL LIGHT NANO LED RED,Piloto trasero universal KOSO nano LED,38.99,32.22,20.94,4260303014074,1,9025900090,0,1,"<p data-isautotranslation=""1""></p><html>
<head>
<meta http-equiv=""Content-Type"" content=""text/html; charset=utf-8"">
<title></title>
<style type=""text/css"">
.cs95E872D0{text-align:left;margin:0pt 0pt 0pt 0pt;}
.csA7555675{color:#000;background-color:transparent;font-weight:normal;font-style:normal;}
.cs4FC7BF42{text-align:left;margin:0pt 0pt 0pt 0pt;list-style-type:disc;color:#000;background-color:transparent;font-weight:normal;font-style:normal;}
</style>
</head>
<body>
<p>Uno de los pilotos traseros más pequeños, brillantes y ligeros del mercado.</p>
<p> </p>
<ul start=""1"">
<li>Diseño elegante</li>
<li>Forma compacta</li>
<li>Fácil de instalar</li>
<li>Kit de montaje incluido</li>
</ul>
</body>
</html>","







Uno de los pilotos traseros más pequeños, brillantes y ligeros del mercado.
 

Diseño elegante
Forma compacta
Fácil de instalar
Kit de montaje incluido


",VEHICLE PARTS & ACCESSORIES,ACCESSORIES,ACC. ELECTRIC,,,167,50,91,68,27,,,,,Rojo,,,,,Homologación CE,,,,,LED,,,https://api.mybihr.com/medias/1067426-1-800Wx800H?context=bWFzdGVyfHJvb3R8MjA5Njl8aW1hZ2UvanBlZ3xhREkyTDJneFpDODRPVGMwTkRRMU9UQXpPVEF5THpFd05qYzBNall0TVY4NE1EQlhlRGd3TUVnfDEyNjc3MWYyYTMyMTU3ZGEzNDliMGMwNzNhYzI3NDZhNjYxNzA2ZWYxM2JjODMzOTZkMTA5M2FhOWY3YmM4YzQ,https://api.mybihr.com/medias/1067426-2-800Wx800H?context=bWFzdGVyfHJvb3R8MjM3ODB8aW1hZ2UvanBlZ3xhR0V5TDJnMllpODRPVGMwTkRRMk1UQXdOVEV3THpFd05qYzBNall0TWw4NE1EQlhlRGd3TUVnfGMxZGQ3MGY5OTdkNjAyYTc5NDRiYjgzMzcyNTMyYWQ2MDRmNDhhM2ZkZDAwYzE5MmYwNGUxMDMyNDYwMTVkNGQ,https://api.mybihr.com/medias/1067426-3-800Wx800H?context=bWFzdGVyfHJvb3R8MjIyNjh8aW1hZ2UvanBlZ3xhREV3TDJnM01DODRPVGMwTkRRMk1qazNNVEU0THpFd05qYzBNall0TTE4NE1EQlhlRGd3TUVnfDYwM2I2ODFlM2MxNGRhY2Q2YjBiMmZkMmM3MDFmZGUyOTBjNjI3MDViYjMyNzMzNjMwYjhhYmQxOGQzMGFiZjM,https://api.mybihr.com/medias/1067426-4-800Wx800H?context=bWFzdGVyfHJvb3R8MjgzMDh8aW1hZ2UvanBlZ3xhR1V3TDJnM05pODRPVGMwTkRRMk5Ea3pOekkyTHpFd05qYzBNall0TkY4NE1EQlhlRGd3TUVnfGZkNmU5MTQ3NGQ3ODZmYWQ0MjVhMjNmYzNjNjNmYWIzZWQ0MTQ0YjM1YTc4OWUyNjY3YmE4ZmJkMWZmODA1ZTM,https://api.mybihr.com/medias/1067426-5-800Wx800H?context=bWFzdGVyfHJvb3R8NDI4NTR8aW1hZ2UvanBlZ3xhR0l3TDJnM1pDODRPVGMwTkRRMk5qa3dNek0wTHpFd05qYzBNall0TlY4NE1EQlhlRGd3TUVnfGE2NjZmY2MzOTliOTdmMGYzODk0MjAzOTJhMTkxMzZiZDI5MDg4MGU1ZWJjNTlhMjhhNGE2MmMxMjNkY2VkNTI,https://api.mybihr.com/medias/1067426-6-800Wx800H?context=bWFzdGVyfHJvb3R8MjU2NjJ8aW1hZ2UvanBlZ3xhRFprTDJnNE5DODRPVGMwTkRRMk9EZzJPVFF5THpFd05qYzBNall0Tmw4NE1EQlhlRGd3TUVnfGIxMWY0MDI5YTFhOGM1YWUzYTVhNDU2ZDIyMDE5YWYzYzc5YzU3MDIyZTgyYjZjZjM5ZDlkYWJhYjE5MTA3NDc,https://api.mybihr.com/medias/1067426-7-800Wx800H?context=bWFzdGVyfHJvb3R8MTI4ODB8aW1hZ2UvanBlZ3xhR1U1TDJoa01pODRPVGMwTkRRM01EZ3pOVFV3THpFd05qYzBNall0TjE4NE1EQlhlRGd3TUVnfDUyYjUyNjM5ZmRkNTlkMjI3ZWYzNTZmODZiMzZjMGEzZjIyOTE2OThlOTRmZWY3Y2Y2NDg4MzJlODBhM2FmYzY,https://api.mybihr.com/medias/1067426-8-800Wx800H?context=bWFzdGVyfHJvb3R8MjEyNjF8aW1hZ2UvanBlZ3xhR0poTDJoa09TODRPVGMwTkRRM01qZ3dNVFU0THpFd05qYzBNall0T0Y4NE1EQlhlRGd3TUVnfDhlNGYzODA5Y2UzZTkyM2FiZjA5M2RhNzU1NDkwN2M0MjkxNmVhZTE2M2M4OTQxNDU0MGJmMDE5MGY3NTA5YmY,https://static.bihr.pro/eBihr/Pictures/KOSO-pictures.zip,,,,,,,,,,,Spain Warehouse (Parts)
1056038,66316,BO021061,KOSO,KOSO CONNECTOR ADAPTER DUCATI,Cable adaptador plug & play para intermitentes Ducati,14.36,11.87,7.72,4260303014135,9,9025900090,0,1,"<p data-isautotranslation=""1""></p>Esto facilita aún más la conversión del indicador: seleccione los conectores adecuados para su vehículo y conecte nuestros intermitentes Koso al arnés de cableado original sin necesidad de soldar o crimpar, de manera segura y en cualquier momento.

Alcance de la entrega: 1 par","
Esto facilita aún más la conversión del indicador: seleccione los conectores adecuados para su vehículo y conecte nuestros intermitentes Koso al arnés de cableado original sin necesidad de soldar o crimpar, de manera segura y en cualquier momento.

Alcance de la entrega: 1 par",VEHICLE PARTS & ACCESSORIES,ACCESSORIES,ACC. ELECTRIC,,,48,14,108,37,12,,,,,,,,por pareja,,,,,,,,,,https://api.mybihr.com/medias/1056038-1-800Wx800H?context=bWFzdGVyfHJvb3R8NDM1NjN8aW1hZ2UvanBlZ3xhRE0wTDJoa01DODRPVGN5TWprNE1qVTJOREUwTHpFd05UWXdNemd0TVY4NE1EQlhlRGd3TUVnfDAwZWExNjhiOGIzOWJiOWY2Y2I0ZjMwNzIzNDI5NTE4NzI5ZmRiNGY0NGVhMzZkYzkxMDliOTA2ODVlZTA5OTQ,https://api.mybihr.com/medias/1056038-2-800Wx800H?context=bWFzdGVyfHJvb3R8NTUzNzJ8aW1hZ2UvanBlZ3xhRFl6TDJoak9TODRPVGN5TWprNE5EVXpNREl5THpFd05UWXdNemd0TWw4NE1EQlhlRGd3TUVnfDI4M2Q2NjYyMDA5NjdhZDIyNTFkNGE1YTg4YWM2ZWQ4ZGE5NWEyYmNmYmEwMjdhNGE5NDY2ZGNmZjcwZTI1ODM,,,,,,,https://static.bihr.pro/eBihr/Pictures/KOSO-pictures.zip,,,,,,,,,,,Spain Warehouse (Parts)
1056039,66317,BO021071,KOSO,KOSO CONNECTOR ADAPTER HARLEY DAVIDSON,Cable adaptador plug & play para intermitentes Harley Davidson,16.87,13.94,9.06,4260303014142,3,9025900090,0,1,"<p data-isautotranslation=""1""></p>Esta conversión del indicador es aún más fácil: seleccione los enchufes adecuados para su vehículo y conecte nuestras luces intermitentes Koso a su mazo de cables original sin necesidad de soldar o prensar, de manera segura y en cualquier momento.

Alcance de la entrega: 1 par.","
Esta conversión del indicador es aún más fácil: seleccione los enchufes adecuados para su vehículo y conecte nuestras luces intermitentes Koso a su mazo de cables original sin necesidad de soldar o prensar, de manera segura y en cualquier momento.

Alcance de la entrega: 1 par.",VEHICLE PARTS & ACCESSORIES,ACCESSORIES,ACC. ELECTRIC,,,48,11,97,35,14,,,,,,,,por pareja,,,,,,,,,,https://api.mybihr.com/medias/1056039-1-800Wx800H?context=bWFzdGVyfHJvb3R8NDI3ODd8aW1hZ2UvanBlZ3xhR0UyTDJoak1pODRPVGN5TWprNE5qUTVOak13THpFd05UWXdNemt0TVY4NE1EQlhlRGd3TUVnfGM4ZTE1MDgyMDEwZDE5YmJkYTllODgwY2ZmM2IxYTMxNjM3NTA4MWU1MjRiYzViZDI0OWZiMzUyN2I1MmZjNDM,https://api.mybihr.com/medias/1056039-2-800Wx800H?context=bWFzdGVyfHJvb3R8NTAxOTR8aW1hZ2UvanBlZ3xhR1EyTDJoaVlpODRPVGN5TWprNE9EUTJNak00THpFd05UWXdNemt0TWw4NE1EQlhlRGd3TUVnfDE0NmU0NDAwMTViODgxMTE1YTMyZWZjNDg1ZDIyYzg0MTJkN2ViZWYxMjY0OGNhMzIxNDdhOGI4ZjBhMWY2ZGI,,,,,,,https://static.bihr.pro/eBihr/Pictures/KOSO-pictures.zip,,,,,,,,,,,Spain Warehouse (Parts)
1091957,62100007,AX0410I0,KOSO,"KOSO GRIPS HEATED, HG-13 120MM","Puños calefactables Koso HG-13 120 mm, con interruptor de pulgar integrado",152.99,126.44,82.19,1091957,169,8714109090,0,1,"<p>Los puños calefactados HG13 llevan integrado un regulador de pulgar ajustable, para que puedas adaptarlos fácilmente a cualquier tipo de moto en el mercado. Gracias a este regulador puedes ajustar el nivel de temperatura sin retirar las manos del manillar, lo que te permite conducir de forma más segura.<br><br>Su amplio rango de temperatura te mantendrá cómodo en climas fríos. La pantalla LED de 5 colores realza el look de los puños calefactados. Y lo que es más importante, te permite saber rápidamente en qué nivel de calor están puestos.<br><br>Otra característica destacada de estos puños para moto es el controlador de bajo voltaje de la batería. Este controlador detecta cuando la tensión de la batería es muy baja y, automáticamente, apaga los puños para preservar energía y permitirte arrancar el motor para llegar a tu destino.<br><br><strong>Características técnicas:</strong></p><ul>  <li>Regulador integrado en el pulgar, que te facilita la instalación y los   ajustes   <li>Te permite cambiar la configuración sin tener que retirar las manos del   manillar, para que puedas conducir más seguro.   <li>Cableado tipo plug&play, que te acorta el tiempo de instalación   <li>Rango de configuración de temperatura amplio, para que lo ajustes de menor   o mayor frío   <li>Controlador de bajo voltaje de la batería, para que tengas suficiente   energía como para arrancar el motor   <li>Indicador LED de 5 colores, para que sepas rápidamente en qué nivel de   calor están los puños</li></ul>","
Los puños calefactados HG13 llevan integrado un regulador de pulgar ajustable, para que puedas adaptarlos fácilmente a cualquier tipo de moto en el mercado. Gracias a este regulador puedes ajustar el nivel de temperatura sin retirar las manos del manillar, lo que te permite conducir de forma más segura.Su amplio rango de temperatura te mantendrá cómodo en climas fríos. La pantalla LED de 5 colores realza el look de los puños calefactados. Y lo que es más importante, te permite saber rápidamente en qué nivel de calor están puestos.Otra característica destacada de estos puños para moto es el controlador de bajo voltaje de la batería. Este controlador detecta cuando la tensión de la batería es muy baja y, automáticamente, apaga los puños para preservar energía y permitirte arrancar el motor para llegar a tu destino.Características técnicas:  Regulador integrado en el pulgar, que te facilita la instalación y los   ajustes   Te permite cambiar la configuración sin tener que retirar las manos del   manillar, para que puedas conducir más seguro.   Cableado tipo plug&play, que te acorta el tiempo de instalación   Rango de configuración de temperatura amplio, para que lo ajustes de menor   o mayor frío   Controlador de bajo voltaje de la batería, para que tengas suficiente   energía como para arrancar el motor   Indicador LED de 5 colores, para que sepas rápidamente en qué nivel de   calor están los puños",VEHICLE PARTS & ACCESSORIES,ACCESSORIES,ACC. ELECTRIC,,,2683,412,172,208,75,,,Negro,,,,,,,,,,,,,Classic,,https://api.mybihr.com/medias/1091957-1-800Wx800H?context=bWFzdGVyfHJvb3R8OTIzNzR8aW1hZ2UvanBlZ3xhR1ZpTDJnMU9DODRPVFUyTkRZNE1EQXlPRFEyTHpFd09URTVOVGN0TVY4NE1EQlhlRGd3TUVnfGZkNDBjMTExYzNkZjRhYmZmOTk5MGMyYTdlOTZmODUyZDRmNDVmZDBjM2QyZWU5NTM2N2M5NGEyODVjZWFjN2Y,https://api.mybihr.com/medias/1091957-2-800Wx800H?context=bWFzdGVyfHJvb3R8MTMyMjc5fGltYWdlL2pwZWd8YURVNEwyZzFaQzg0T1RVMk5EWTRNVGs1TkRVMEx6RXdPVEU1TlRjdE1sODRNREJYZURnd01FZ3wwOWQ4ZDc0ZWE1NDY1MzZjNGQyZDliYTk2ZTJmNDlhNjVkZDZiZTA5YTIyMGM1MjQwNGY1YjNkZjU4ZGM4Nzg0,https://api.mybihr.com/medias/1091957-3-800Wx800H?context=bWFzdGVyfHJvb3R8MzM5MTR8aW1hZ2UvanBlZ3xhREk1TDJnMk5DODRPVFUyTkRZNE16azJNRFl5THpFd09URTVOVGN0TTE4NE1EQlhlRGd3TUVnfDUyNDM4MDg5NGRmZmY5YmU3ZDQ1OWUxYzJmODVjYjlhMDViOTNiZDJiNWZmM2YwZmEyMTVmZTYxZGZmNzdmZWI,,,,,,https://static.bihr.pro/eBihr/Pictures/KOSO-pictures.zip,,,,,,,,,,,Spain Warehouse (Parts)
1056040,66319,BO021091,KOSO,KOSO CONNECTOR ADAPTER MV AGUSTA,Cable adaptador plug & play para intermitentes Mv Agusta,14.36,11.87,7.72,4260303014166,6,9025900090,0,1,"<p data-isautotranslation=""1""></p><html>
<head>
<meta http-equiv=""Content-Type"" content=""text/html; charset=utf-8"">
<title> </title>
<style type=""text/css"">
.cs4FC7BF42{text-align:left;margin:0pt 0pt 0pt 0pt;list-style-type:disc;color:#000;background-color:transparent;font-weight:normal;font-style:normal;}
.csA7555675{color:#000;background-color:transparent;font-weight:normal;font-style:normal;}
</style>
</head>
<body>
<ul>
<li>Cable adaptador de intermitente para MV Agusta</li>
<li>Se vende por par</li>
</ul>
</body>
</html>","



 




Cable adaptador de intermitente para MV Agusta
Se vende por par


",VEHICLE PARTS & ACCESSORIES,ACCESSORIES,ACC. ELECTRIC,,,41,10,97,35,12,,,,,,,,por pareja,,,,,,,,,,https://api.mybihr.com/medias/1056040-1-800Wx800H?context=bWFzdGVyfHJvb3R8NDM0OTJ8aW1hZ2UvanBlZ3xhRFZoTDJnMlpDODRPVGN5TWprNU1EUXlPRFEyTHpFd05UWXdOREF0TVY4NE1EQlhlRGd3TUVnfGEwMzZkOWM0MjQ5MDZlMDQwNzg5NGIwY2EzM2NiZTUzNDk1MjdhZDc2ZjUyMGViOTBmNzEyYjU5Yzk1MWUwZjE,https://api.mybihr.com/medias/1056040-2-800Wx800H?context=bWFzdGVyfHJvb3R8NDIyNzR8aW1hZ2UvanBlZ3xhRGxrTDJnMk5pODRPVGN5TWprNU1qTTVORFUwTHpFd05UWXdOREF0TWw4NE1EQlhlRGd3TUVnfGQzNWRiZTFiZDAzZjBiNDFmMWNhN2EyZmYzYTYxODE2MzY4MzkzMzgyNDczZGY2ZTM1MDE0YzA3MmJkYjU3OGI,,,,,,,https://static.bihr.pro/eBihr/Pictures/KOSO-pictures.zip,,,,,,,,,,,Spain Warehouse (Parts)
1056041,66318,BO021081,KOSO,KOSO CONNECTOR ADAPTER TRIUMPH,Cable adaptador plug & play para intermitentes Triumph,12.06,9.97,6.48,4260303014159,1,9025900090,0,1,"<p data-isautotranslation=""1""></p>Este proceso hace que la conversión del indicador sea aún más sencilla: seleccione los enchufes adecuados para su vehículo y conecte nuestros intermitentes Koso al mazo de cables original sin necesidad de soldadura ni engarzado, de manera segura y en cualquier momento.

Contenido del envío: 1 par.","
Este proceso hace que la conversión del indicador sea aún más sencilla: seleccione los enchufes adecuados para su vehículo y conecte nuestros intermitentes Koso al mazo de cables original sin necesidad de soldadura ni engarzado, de manera segura y en cualquier momento.

Contenido del envío: 1 par.",VEHICLE PARTS & ACCESSORIES,ACCESSORIES,ACC. ELECTRIC,,,37,13,105,25,14,,,,,,,,por pareja,,,,,,,,,,https://api.mybihr.com/medias/1056041-1-800Wx800H?context=bWFzdGVyfHJvb3R8NDA2NzV8aW1hZ2UvanBlZ3xhRFEwTDJnM1lpODVNREV5T0RrNE1qazVPVE0wTHpFd05UWXdOREV0TVY4NE1EQlhlRGd3TUVnfDM5YThiOTM5OWNjY2E0MzFlMWVjYjc0ZWI3YjM4MDI5OTVhMDIzYTIyNDZmMjU0NWQ4NGFjYjgzNjcyZjFlMDE,https://api.mybihr.com/medias/1056041-2-800Wx800H?context=bWFzdGVyfHJvb3R8Mzc1OTZ8aW1hZ2UvanBlZ3xhREUxTDJnNE1pODVNREV5T0RrNE5EazJOVFF5THpFd05UWXdOREV0TWw4NE1EQlhlRGd3TUVnfDU0YmYxYWQ0ZGViOWUxN2Y1ZWMzY2UxNWVkNDA3YjVlNmIxNTk3MWJkNmE1YmM3ZGRiNDgzN2YxOTZmMWUzZjc,,,,,,,https://static.bihr.pro/eBihr/Pictures/KOSO-pictures.zip,,,,,,,,,,,Spain Warehouse (Parts)
1056042,66322,BO021122,KOSO,KOSO CONNECTOR ADAPTER YAMAHA MT-07,Cable adaptador plug & play para intermitentes Yamaha MT-07,15.27,12.62,8.20,4260303014173,1,9025900090,0,1,"<p data-isautotranslation=""1""></p>Este hace que la conversión del indicador sea aún más fácil: seleccione los enchufes adecuados para su vehículo y conecte nuestros intermitentes Koso a su mazo de cables original sin necesidad de soldar o crimpar, de manera segura y en cualquier momento.

Alcance de la entrega: 1 par","
Este hace que la conversión del indicador sea aún más fácil: seleccione los enchufes adecuados para su vehículo y conecte nuestros intermitentes Koso a su mazo de cables original sin necesidad de soldar o crimpar, de manera segura y en cualquier momento.

Alcance de la entrega: 1 par",VEHICLE PARTS & ACCESSORIES,ACCESSORIES,ACC. ELECTRIC,,,225,16,138,96,17,,,,,,,,por pareja,,,,,,,,,,https://api.mybihr.com/medias/800Wx800H-1056042-1.jpg?context=bWFzdGVyfHJvb3R8NTAzNzF8aW1hZ2UvanBlZ3xhREl6TDJoaFpDOHpNekV6TVRrME9UVXlNamszTkM4NE1EQlhlRGd3TUVoZk1UQTFOakEwTWkweExtcHdad3w2MzU1OWI1NmE5MTY2NjNkNjQxNTU4MzYzMjM5NGQ2MzZmMTI5Y2RhNDc0M2RlODUwNjJjOGRkOTAwZGI0MWEz,,,,,,,,https://static.bihr.pro/eBihr/Pictures/KOSO-pictures.zip,,,,,,,,,,,Spain Warehouse (Parts)
1056045,445691,GA002000,KOSO,KOSO LIGHTNING THUNDERBOLT 170MM,Faro LED KOSO Thunderbolt 170mm,502.45,415.25,269.91,4260303011240,5,9025900090,0,1,"<p data-isautotranslation=""1""></p>```html
<html>
<head>
<meta http-equiv=""Content-Type"" content=""text/html; charset=utf-8"">
<title></title>
<style type=""text/css"">
.cs95E872D0{text-align:left;margin:0pt 0pt 0pt 0pt;}
.csC57700C4{color:#000;background-color:transparent;font-weight:bold;font-style:normal;}
.csA7555675{color:#000;background-color:transparent;font-weight:normal;font-style:normal;}
.csDA02FF29{color:#000;background-color:transparent;font-weight:normal;font-style:normal;text-decoration:underline;}
.cs8B15F5B5{color:#252525;background-color:#FFF;font-weight:normal;font-style:normal;}
</style>
</head>
<body>
<p><a id=""_dx_frag_StartFragment""></a>Faro Delantero Led Thunderbolt de KOSO de 170mm</p>
<p> </p>
<p>Diámetro de 170mm; Profundidad de 86mm con cristal</p>
<p>Sujeción con dos tornillos M8 en los laterales</p>
<p> </p>
<p>DC 12V</p>
<p> </p>
<p>15.1W en Luces Altas</p>
<p>9.7W en Luz de Conducción</p>
<p>4.6W en Luces de Posición</p>
<p> </p>
<p>3 Conectores:</p>
<p> </p>
<p>Negro: Tierra</p>
<p>Amarillo: Luces Altas</p>
<p>Azul: Luz de Conducción</p>
<p> </p>
<p> </p>
<p> </p>
<p> </p>
</body>
</html>
```","
```html







Faro Delantero Led Thunderbolt de KOSO de 170mm
 
Diámetro de 170mm; Profundidad de 86mm con cristal
Sujeción con dos tornillos M8 en los laterales
 
DC 12V
 
15.1W en Luces Altas
9.7W en Luz de Conducción
4.6W en Luces de Posición
 
3 Conectores:
 
Negro: Tierra
Amarillo: Luces Altas
Azul: Luz de Conducción
 
 
 
 


```",VEHICLE PARTS & ACCESSORIES,ACCESSORIES,ACC. ELECTRIC,,,7017,1185,251,241,116,,,,,,,,,,,,,,,,,,https://api.mybihr.com/medias/1056045-1-800Wx800H?context=bWFzdGVyfHJvb3R8MTEzNTg0fGltYWdlL2pwZWd8YURWakwyZzVNaTg1TURFeU9EazRPVEl5TlRJMkx6RXdOVFl3TkRVdE1WODRNREJYZURnd01FZ3xhMDNkYmE3M2I0NTE5ODgzMjA4ODk4ZDcyYjEyYzE4NzAxODY4NDJhY2ZhNzRiNmI4YWNmMDVlMzVjOTljMjg3,https://api.mybihr.com/medias/1056045-2-800Wx800H?context=bWFzdGVyfHJvb3R8NTk2OTh8aW1hZ2UvanBlZ3xhR00xTDJobE1DODVNREV5T0RrNU1URTVNVE0wTHpFd05UWXdORFV0TWw4NE1EQlhlRGd3TUVnfDgyNjJkMzI2YjM2YjFkMDYxMjY3Yjc2ODYzMTY2NzBiNTdjYjk0NTAwNWU1MjBkNzAzMGM4ZTBhYjljOGU2NjA,https://api.mybihr.com/medias/800Wx800H-1056045-3.jpg?context=bWFzdGVyfHJvb3R8NzUyNDN8aW1hZ2UvanBlZ3xhRFF3TDJnME5DOHpORGd6TXpVNE1ERTJNekV3TWk4NE1EQlhlRGd3TUVoZk1UQTFOakEwTlMwekxtcHdad3wxOTBkYTlmYTNjMDNkYWRlNzhlNzY0YjQyNWRiMmMwM2M1ODFjNTNhOTEyYmZhNjNiMDY2YmVhYzVjNmJiYjQ0,https://api.mybihr.com/medias/800Wx800H-1056045-4.jpg?context=bWFzdGVyfHJvb3R8NjgyNjZ8aW1hZ2UvanBlZ3xhR05rTDJnMU1TOHpORGd6TXpVNE1EVTFOak14T0M4NE1EQlhlRGd3TUVoZk1UQTFOakEwTlMwMExtcHdad3wyNDEyYTExNDY2NzJiZGVjZjQ2ODMwOWFjZWZkYTEyZmViZWZiYTg0ZTkxNDcyNGNiOGI2NDZkNzRkOTRkOGQ0,,,,,https://static.bihr.pro/eBihr/Pictures/KOSO-pictures.zip,,,,,,,,,,,Spain Warehouse (Parts)
1067423,,HE015KI0,KOSO,KOSO INDICATORS MAT BLACK/CLEAR LENS,Intermitente LED KOSO Unlimited,42.20,34.88,22.67,4260303012957,13,8714109090,0,1,"<p data-isautotranslation=""1""></p>```html
<html>
  <head>
    <meta http-equiv=""Content-Type"" content=""text/html; charset=utf-8"">
    <title></title>
    <style type=""text/css"">
      .cs4FC7BF42 {
        text-align: left;
        margin: 0pt 0pt 0pt 0pt;
        list-style-type: disc;
        color: #000;
        background-color: transparent;
        font-weight: normal;
        font-style: normal;
      }
      .csA7555675 {
        color: #000;
        background-color: transparent;
        font-weight: normal;
        font-style: normal;
      }
      .csCF6BBF71 {
        color: #000;
        background-color: transparent;
        font-weight: normal;
        font-style: normal;
      }
      .cs955DD547 {
        color: #000;
        background-color: transparent;
        font-weight: normal;
        font-style: normal;
        text-decoration: none;
      }
      .cs92015F65 {
        color: #00F;
        background-color: transparent;
        font-weight: normal;
        font-style: normal;
        text-decoration: underline;
      }
    </style>
  </head>
  <body>
    <ul>
      <li>
        Diseño elegante
      </li>
      <li>
        Fabricación de alta calidad
      </li>
    </ul>
    <ul start=""1"">
      <li>
        Rosca M8
      </li>
      <li>
        10V/0,5W
      </li>
    </ul>
    <ul start=""1"">
      <li>
        Al cambiar de intermitentes incandescentes a intermitentes LED, por favor instale la resistencia p/n 
        
          <a href=""https://bihr.pro/Product/Search?CurrentSearchString=323099"">
            323099
          </a>
        
         para evitar una frecuencia de parpadeo más rápida
      </li>
    </ul>
  </body>
</html>
```","
```html

  
    
    
    
  
  
    
      
        Diseño elegante
      
      
        Fabricación de alta calidad
      
    
    
      
        Rosca M8
      
      
        10V/0,5W
      
    
    
      
        Al cambiar de intermitentes incandescentes a intermitentes LED, por favor instale la resistencia p/n 
        
          
            323099
          
        
         para evitar una frecuencia de parpadeo más rápida
      
    
  

```",VEHICLE PARTS & ACCESSORIES,ACCESSORIES,ACC. ELECTRIC,,,314,78,174,53,34,,,Negro,,,,,por unidad,,Homologado,,,Delantero/trasero,,LED,,,https://api.mybihr.com/medias/1067423-1-800Wx800H?context=bWFzdGVyfHJvb3R8NDI2MzV8aW1hZ2UvanBlZ3xhREV3TDJnMVlTODRPVGMwTkRRME5USTNOalEyTHpFd05qYzBNak10TVY4NE1EQlhlRGd3TUVnfDZkNDRlMGRiM2UzNzU0MjY3ZWU1YWJjYWM0ODZkNmMwMWUwMWE0NzAxNTVhNjJmMTZlZTA1YzAyNTZjNzgxMTk,,,,,,,,https://static.bihr.pro/eBihr/Pictures/KOSO-pictures.zip,,,,,,,,,,,Spain Warehouse (Parts)
1067416,,BO021006,KOSO,KOSO CONNECTOR ADAPTER HONDA,Cable adaptador plug & play KOSO para intermitentes Honda,19.99,16.52,10.74,4260303014111,0,9025900090,0,1,"<p data-isautotranslation=""1""></p><html>
<head> 
<meta http-equiv=""Content-Type"" content=""text/html; charset=utf-8"">
<title></title>
<style type=""text/css"">.cs4FC7BF42{text-align:left;margin:0pt 0pt 0pt 0pt;list-style-type:disc;color:#000;background-color:transparent;font-weight:normal;font-style:normal;}.csA7555675{color:#000;background-color:transparent;font-weight:normal;font-style:normal;}</style>
</head>
<body>
<ul>
<li>Cable adaptador de indicador para Honda</li>
<li>Se vende por par</li>
</ul>
</body>
</html>","

 






Cable adaptador de indicador para Honda
Se vende por par


",VEHICLE PARTS & ACCESSORIES,ACCESSORIES,ACC. ELECTRIC,,,38,8,90,35,12,,,,,,,,por pareja,,,,,,,,,,https://api.mybihr.com/medias/1067416-1-800Wx800H?context=bWFzdGVyfHJvb3R8NDE1Njh8aW1hZ2UvanBlZ3xhR0V6TDJobE15ODRPVGMwTkRNNU5ERTFPRE00THpFd05qYzBNVFl0TVY4NE1EQlhlRGd3TUVnfDE2M2E5ZDZiOTQwNGVmZWVhNzZiODk0NzNiMTEyZmRmNjc5MjI1YmFmYmM5YWUyZTNlMDIyMjNmYzFlMTg3ODg,https://api.mybihr.com/medias/1067416-2-800Wx800H?context=bWFzdGVyfHJvb3R8NDMyNjl8aW1hZ2UvanBlZ3xhRGMwTDJobFlTODRPVGMwTkRNNU5qRXlORFEyTHpFd05qYzBNVFl0TWw4NE1EQlhlRGd3TUVnfDM0MzhkNTQxNjdiMjg5NGM0ZjFlMTA4MjkyOTVjZTE4ODNiMGJhNTkwNjkyYzkxNjg2NDNmNDBjNDg2YWQ5NTE,,,,,,,https://static.bihr.pro/eBihr/Pictures/KOSO-pictures.zip,,,,,,,,,,,Spain Warehouse (Parts)
1091956,,AM10700J,KOSO,"KOSO GRIPS HEATED, STANDARD",Puños calefactables quad KOSO Ø22mm + pulgar calefactable para el gatillo,120.59,99.66,64.78,4260303015897,3,8714109090,0,1,"<p>Este nuevo y elegante diseño de puños con una revolucionaria estructura de calentamiento proporciona calor más rápido que nunca. El nuevo control de temperatura de 5 pasos permite ajustar con precisión la temperatura del mango.</p>
<p>&nbsp;</p>
<p><strong>Especificaciones</strong></p>
<ul>
	<li>Nuevo y elegante diseño de asa</li>
	<li>El nuevo diseño proporciona calor más rápido que los mangos tradicionales.</li>
	<li>El control de temperatura de 5 pasos ajusta la temperatura con precisión para evitar situaciones incómodas.</li>
	<li>Goma especial resistente al ambiente exterior.</li>
	<li>Incluso a altas temperaturas, el puño sigue siendo resistente a los daños.</li>
	<li>2 puños de Ø22mm + pulgar de gatillo calefactado.</li>
</ul>","
Este nuevo y elegante diseño de puños con una revolucionaria estructura de calentamiento proporciona calor más rápido que nunca. El nuevo control de temperatura de 5 pasos permite ajustar con precisión la temperatura del mango.

 

Especificaciones

	Nuevo y elegante diseño de asa
	El nuevo diseño proporciona calor más rápido que los mangos tradicionales.
	El control de temperatura de 5 pasos ajusta la temperatura con precisión para evitar situaciones incómodas.
	Goma especial resistente al ambiente exterior.
	Incluso a altas temperaturas, el puño sigue siendo resistente a los daños.
	2 puños de Ø22mm + pulgar de gatillo calefactado.
",VEHICLE PARTS & ACCESSORIES,ACCESSORIES,ACC. ELECTRIC,,,3032,468,182,170,98,,,,,,,,,,,,,,,,ATV,,https://api.mybihr.com/medias/1091956-1-800Wx800H?context=bWFzdGVyfHJvb3R8ODYwNDZ8aW1hZ2UvanBlZ3xhR00zTDJoaE5TODRPVFF4T1RjeE1ERXpOall5THpFd09URTVOVFl0TVY4NE1EQlhlRGd3TUVnfDkyNTNhOTdlYzdiOTUzZDU3ODkyMzQyZjQ5M2JjMzFmNjVlYmE1MjgzNTE3N2JiYTMyMjYyMzNiNmIxOTQzZWY,https://api.mybihr.com/medias/800Wx800H-1091956-2.jpg?context=bWFzdGVyfHJvb3R8MTM5NjIyfGltYWdlL2pwZWd8YURnekwyaG1OeTh5T1Rjek56UXhOakUyTXpNMU9DODRNREJYZURnd01FaGZNVEE1TVRrMU5pMHlMbXB3Wnd8Y2Y2ZDQ5YTc5ZTdiOTY4YWMzMGZhYjAxMDA3M2NiM2M2ZTVmMDAxZjQ3Mzg2OTYzNjM5MTJlM2M3MzRhOWMzOA,https://api.mybihr.com/medias/800Wx800H-1091956-3.jpg?context=bWFzdGVyfHJvb3R8NjM5NTJ8aW1hZ2UvanBlZ3xhR1kyTDJobE9TOHlPVGN6TnpReE5qVTFOalUzTkM4NE1EQlhlRGd3TUVoZk1UQTVNVGsxTmkwekxtcHdad3w2ODViZThhMDAxOTUxZmMyNzliNWZjNjE1MGE0MDQ5MWRjMjVkZTBjOGM5MWFkODBjMGRkNWI2NDk5ZTU3YzU2,,,,,,https://static.bihr.pro/eBihr/Pictures/KOSO-pictures.zip,,,,,,,,,,,Spain Warehouse (Parts)
1091958,62100006,AX0411I0,KOSO,"KOSO GRIPS HEATED, HG-13 130MM","Puños calefactables Koso HG-13 130 mm, con interruptor de pulgar integrado",164.80,136.20,88.53,4260303010656,333,8714109090,0,1,"<p>Los puños calefactados HG13 llevan integrado un regulador de pulgar ajustable, para que puedas adaptarlos fácilmente a cualquier tipo de moto en el mercado. Gracias a este regulador puedes ajustar el nivel de temperatura sin retirar las manos del manillar, lo que te permite conducir de forma más segura.<br><br>Su amplio rango de temperatura te mantendrá cómodo en climas fríos. La pantalla LED de 5 colores realza el look de los puños calefactados. Y lo que es más importante, te permite saber rápidamente en qué nivel de calor están puestos.<br><br>Otra característica destacada de estos puños para moto es el controlador de bajo voltaje de la batería. Este controlador detecta cuando la tensión de la batería es muy baja y, automáticamente, apaga los puños para preservar energía y permitirte arrancar el motor para llegar a tu destino.<br><br><strong>Características técnicas:</strong></p><ul>  <li>Regulador integrado en el pulgar, que te facilita la instalación y los   ajustes  <li>Te permite cambiar la configuración sin tener que retirar las manos del   manillar, para que puedas conducir más seguro.  <li>Cableado tipo plug&play, que te acorta el tiempo de instalación  <li>Rango de configuración de temperatura amplio, para que lo ajustes de menor   o mayor frío  <li>Controlador de bajo voltaje de la batería, para que tengas suficiente   energía como para arrancar el motor  <li>Indicador LED de 5 colores, para que sepas rápidamente en qué nivel de   calor están los puños</li></ul>","
Los puños calefactados HG13 llevan integrado un regulador de pulgar ajustable, para que puedas adaptarlos fácilmente a cualquier tipo de moto en el mercado. Gracias a este regulador puedes ajustar el nivel de temperatura sin retirar las manos del manillar, lo que te permite conducir de forma más segura.Su amplio rango de temperatura te mantendrá cómodo en climas fríos. La pantalla LED de 5 colores realza el look de los puños calefactados. Y lo que es más importante, te permite saber rápidamente en qué nivel de calor están puestos.Otra característica destacada de estos puños para moto es el controlador de bajo voltaje de la batería. Este controlador detecta cuando la tensión de la batería es muy baja y, automáticamente, apaga los puños para preservar energía y permitirte arrancar el motor para llegar a tu destino.Características técnicas:  Regulador integrado en el pulgar, que te facilita la instalación y los   ajustes  Te permite cambiar la configuración sin tener que retirar las manos del   manillar, para que puedas conducir más seguro.  Cableado tipo plug&play, que te acorta el tiempo de instalación  Rango de configuración de temperatura amplio, para que lo ajustes de menor   o mayor frío  Controlador de bajo voltaje de la batería, para que tengas suficiente   energía como para arrancar el motor  Indicador LED de 5 colores, para que sepas rápidamente en qué nivel de   calor están los puños",VEHICLE PARTS & ACCESSORIES,ACCESSORIES,ACC. ELECTRIC,,,2258,468,140,168,96,,,Negro,,,,,,,,,,,,,Classic,,https://api.mybihr.com/medias/1091958-1-800Wx800H?context=bWFzdGVyfHJvb3R8OTIzNzR8aW1hZ2UvanBlZ3xhR1UzTDJobU9TODRPRGMzTVRNME1UZzBORGM0THpFd09URTVOVGd0TVY4NE1EQlhlRGd3TUVnfDc0NzY4NjRmNGY5OWI4ODQwYTllZGM1ZDYxNjFiYmIwNDQ2MGY1Y2VmYWIxNWVjNmViMTI2MzNkYTA0NDU5MGY,https://api.mybihr.com/medias/1091958-2-800Wx800H?context=bWFzdGVyfHJvb3R8MzM5MTR8aW1hZ2UvanBlZ3xhRFE0TDJobVppODRPRGMzTVRNME16Z3hNRGcyTHpFd09URTVOVGd0TWw4NE1EQlhlRGd3TUVnfDY4YzEyYTM0OTU1ZTEzMDg3Yzc3ZmYwMzMyNjJlYmVhZGY1YjQyZWRmOGIzNWM1OTMwOGIzNjI0OTU4NDVjYTk,https://api.mybihr.com/medias/1091958-3-800Wx800H?context=bWFzdGVyfHJvb3R8MTMyMjc5fGltYWdlL2pwZWd8YURoaUwyaG1PQzg0T0RjM01UTTBOVGMzTmprMEx6RXdPVEU1TlRndE0xODRNREJYZURnd01FZ3w0MzFkNjg4NjE4M2JmZTkwNDE4ZjRiNDQ4NzkzOTY1NDllMGU5ZGRlYzRlOWMzM2E0OTQ4MzI1ZmIwZjNlMDYy,,,,,,https://static.bihr.pro/eBihr/Pictures/KOSO-pictures.zip,,,,,,,,,,,Spain Warehouse (Parts)
1056043,66321,BO021101-03,KOSO,KOSO CONNECTOR ADAPTER YAMAHA MT-09,Cable adaptador plug & play para intermitentes Yamaha MT-09,12.06,9.97,6.48,4260303014128,1,9025900090,0,1,"<p data-isautotranslation=""1""></p>Este hace que la conversión del indicador sea aún más fácil: seleccione los clavijas adecuados para su vehículo y conecte nuestros intermitentes Koso a su arnés de cables original sin necesidad de soldaduras o engarces, de manera segura y en cualquier momento.

Alcance de la entrega: 1 par.","
Este hace que la conversión del indicador sea aún más fácil: seleccione los clavijas adecuados para su vehículo y conecte nuestros intermitentes Koso a su arnés de cables original sin necesidad de soldaduras o engarces, de manera segura y en cualquier momento.

Alcance de la entrega: 1 par.",VEHICLE PARTS & ACCESSORIES,ACCESSORIES,ACC. ELECTRIC,,,62,15,105,42,14,,,,,,,,por pareja,,,,,,,,,,https://api.mybihr.com/medias/1056043-1-800Wx800H?context=bWFzdGVyfHJvb3R8MTYxMTJ8aW1hZ2UvanBlZ3xhRGhqTDJnNFlpODVNREV5T0RrNE56STFPVEU0THpFd05UWXdORE10TVY4NE1EQlhlRGd3TUVnfGRlYjkyZWJmM2Q5ODhlNTdlODY4MjYxM2Q0MTBmMTZkZmY0NjliZjRiNDA3NTExZjgyZWI2ODgxOTYwNmI2Yzc,,,,,,,,https://static.bihr.pro/eBihr/Pictures/KOSO-pictures.zip,,,,,,,,,,,Spain Warehouse (Parts)
1067417,66315,BO021005,KOSO,KOSO CONNECTOR ADAPTER KAWASAKI,Cable adaptador plug & play para intermitentes Kawasaki,14.06,11.62,7.55,4260303014104,2,9025900090,0,1,"<p data-isautotranslation=""1""></p>Este hace que el proceso de convertir los indicadores sea incluso más sencillo: elige los conectores adecuados para tu vehículo y conecta nuestros intermitentes Koso al cableado original sin necesidad de soldar o crimpar, de manera segura y en cualquier momento.

Contenido del paquete: 1 par.","
Este hace que el proceso de convertir los indicadores sea incluso más sencillo: elige los conectores adecuados para tu vehículo y conecta nuestros intermitentes Koso al cableado original sin necesidad de soldar o crimpar, de manera segura y en cualquier momento.

Contenido del paquete: 1 par.",VEHICLE PARTS & ACCESSORIES,ACCESSORIES,ACC. ELECTRIC,,,56,11,114,35,14,,,,,,,,por pareja,,,,,,,,,,https://api.mybihr.com/medias/1067417-1-800Wx800H?context=bWFzdGVyfHJvb3R8NDExMTl8aW1hZ2UvanBlZ3xhRE14TDJobU1TODRPVGMwTkRNNU9EQTVNRFUwTHpFd05qYzBNVGN0TVY4NE1EQlhlRGd3TUVnfDkzMWFiMDJmMWYxZGY1NDI1OWI0M2JiNWY5NjBhYzIyYzc3MzU0N2YzODQ2NTk0NGU5YmQyODY3OTlmZWNiOWQ,https://api.mybihr.com/medias/1067417-2-800Wx800H?context=bWFzdGVyfHJvb3R8NDUyMzZ8aW1hZ2UvanBlZ3xhRGhrTDJneE1pODRPVGMwTkRRd01EQTFOall5THpFd05qYzBNVGN0TWw4NE1EQlhlRGd3TUVnfDdmMDRjMDZlZjk0MDcwZWEwZDU3ZDgxYmI3ZjIzZDQ0M2ZmYmIwMjJjNTRmNDVjY2I2MzlhZTI0ZTMzZjFjZTg,,,,,,,https://static.bihr.pro/eBihr/Pictures/KOSO-pictures.zip,,,,,,,,,,,Spain Warehouse (Parts)
1067419,,KD00600,KOSO,KOSO FLASHER 12V/15A,Relé para intermitentes KOSO 12V / 15A,20.10,16.61,10.80,4260303013008,3,8536411090,0,1,"<p data-isautotranslation=""1""></p>Los accesorios eléctricos Koso son perfectos para personalizar tu motocicleta con total fiabilidad. El diseño refinado y la calidad de construcción son los principales activos de los productos de esta marca.

<ul>
<li>Relé de intermitencia</li>
<li>12V – 15A</li>
<li>Compatible con intermitentes LED</li>
<li>Suministrado como una unidad individual</li>
</ul>","
Los accesorios eléctricos Koso son perfectos para personalizar tu motocicleta con total fiabilidad. El diseño refinado y la calidad de construcción son los principales activos de los productos de esta marca.


Relé de intermitencia
12V – 15A
Compatible con intermitentes LED
Suministrado como una unidad individual
",VEHICLE PARTS & ACCESSORIES,ACCESSORIES,ACC. ELECTRIC,,,459,58,151,76,40,,,Plata,,,,,,,,,,,,,,12V,https://api.mybihr.com/medias/1067419-1-800Wx800H?context=bWFzdGVyfHJvb3R8NjU4MjF8aW1hZ2UvanBlZ3xhRGRtTDJnd01DODRPVGMwTkRRd05UazFORGcyTHpFd05qYzBNVGt0TVY4NE1EQlhlRGd3TUVnfDgyZjg5NTY4OTBiN2IwZjZhZmNlOWQzYWNlZGMyNTQ4Y2ZjNTFjNWExODJjNTUxYWUzYjdiMDFkYmNlN2EyNmY,,,,,,,,https://static.bihr.pro/eBihr/Pictures/KOSO-pictures.zip,,,,,,,,,,,Spain Warehouse (Parts)
1130342002,,AX068K10,KOSO,"KOSO GRIPS HEATED, TITAN-X HD CAB., BLK",Puños calefactables KOSO Premium Custom/Harley,199.24,164.66,123.50,4260303014852,0,8714109090,0,0,"Puños calefactables Titan-X para Harley-Davidson<br><br>Los puños calefactables Titan-X cuentan con un interruptor integrado que permite seleccionar entre 5 niveles de temperatura, sin necesidad de soltar el manillar. Esto mejora la comodidad del piloto y aumenta la seguridad en la conducción.<br><br>El interruptor LED de 5 colores facilita la lectura del nivel de calor seleccionado. Además, los puños Titan-X incorporan una función de apagado automático, que desconecta la calefacción en caso de que la batería del vehículo alcance un nivel crítico, evitando así que se descargue en exceso. <br><br><br>Se acabó el buscar interruptores externos en el manillar: enciende la moto y ajusta la temperatura con el pulgar. Fabricados en aluminio de alta calidad y goma suave, están disponibles en negro o cromado. La versión aquí ofertada es negra. Independientemente del color, con estos puños, tu Harley será aún más impresionante. <br><br><br> Compatibilidad: ✔️ Manillares de 1 pulgada (25,4 mm) y 1 pulgada (24,5 mm) ✔️ Longitud: 125 mm<br><br> ❌ Solo apto para modelos Harley-Davidson con acelerador manual<br><br><br>Especificaciones:<br><br>Interruptor integrado en el pulgar para regular la temperatura<br> Diseño exclusivo para Harley-Davidson para una instalación rápida y sencilla<br>5 niveles de temperatura seleccionables<br>Pantalla LED con 5 colores para indicar la intensidad del calor<br>Desconexión automática para proteger la batería del vehículo","Puños calefactables Titan-X para Harley-DavidsonLos puños calefactables Titan-X cuentan con un interruptor integrado que permite seleccionar entre 5 niveles de temperatura, sin necesidad de soltar el manillar. Esto mejora la comodidad del piloto y aumenta la seguridad en la conducción.El interruptor LED de 5 colores facilita la lectura del nivel de calor seleccionado. Además, los puños Titan-X incorporan una función de apagado automático, que desconecta la calefacción en caso de que la batería del vehículo alcance un nivel crítico, evitando así que se descargue en exceso. Se acabó el buscar interruptores externos en el manillar: enciende la moto y ajusta la temperatura con el pulgar. Fabricados en aluminio de alta calidad y goma suave, están disponibles en negro o cromado. La versión aquí ofertada es negra. Independientemente del color, con estos puños, tu Harley será aún más impresionante.  Compatibilidad: ✔️ Manillares de 1 pulgada (25,4 mm) y 1 pulgada (24,5 mm) ✔️ Longitud: 125 mm ❌ Solo apto para modelos Harley-Davidson con acelerador manualEspecificaciones:Interruptor integrado en el pulgar para regular la temperatura Diseño exclusivo para Harley-Davidson para una instalación rápida y sencilla5 niveles de temperatura seleccionablesPantalla LED con 5 colores para indicar la intensidad del calorDesconexión automática para proteger la batería del vehículo",VEHICLE PARTS & ACCESSORIES,ACCESSORIES,ACC. ELECTRIC,Negro,,2450,545,175,140,100,,,Negro,,,,,,,,,,,,,,,https://api.mybihr.com/medias/800Wx800H-1130342002-1.jpg?context=bWFzdGVyfHJvb3R8MzQ5Mzd8aW1hZ2UvanBlZ3xhR0kzTDJneFlTODRNVEUyTVRnMk9EQTFNRFEyTWk4NE1EQlhlRGd3TUVoZk1URXpNRE0wTWpBd01pMHhMbXB3Wnd8ZTBlNTA2NTcyYzFlZjJhMWE0YjdmNjY1YjJlMWQ1MGM1ODk5N2E3YTM5MWUyY2FmMDE5MWUwYjAwYjQ0MjM3Yg,https://api.mybihr.com/medias/800Wx800H-1130342002-2.jpg?context=bWFzdGVyfHJvb3R8NDY4ODF8aW1hZ2UvanBlZ3xhREpoTDJnd1pDODRNVEUyTVRnMk9EUTBNelkzT0M4NE1EQlhlRGd3TUVoZk1URXpNRE0wTWpBd01pMHlMbXB3Wnd8MTA0ZjZmMGU0MmUxNTRkOWJmYTdiZTA3YWFhODM2OWM0ZmFjYzU5OGY3NTc3ZGIxMzdhYjQ4NjkyYTJhMzk3Ng,https://api.mybihr.com/medias/800Wx800H-1130342002-3.jpg?context=bWFzdGVyfHJvb3R8MzYzMDl8aW1hZ2UvanBlZ3xhRFl6TDJnd01DODRNVEUyTVRnMk9EZ3pOamc1TkM4NE1EQlhlRGd3TUVoZk1URXpNRE0wTWpBd01pMHpMbXB3Wnd8Yzg4Nzc0ZDlmMTQ3YjQ4NzUxMDcwN2U2ZmM0ZDkwYmNmYjgyNzJiOTkyNzAyODUyYmYxMWQ2MTFhODgwYzJiNw,,,,,,https://static.bihr.pro/eBihr/Pictures/KOSO-pictures.zip,,,,,,,,,,,Spain Warehouse (Parts)
1140157,,HB030110,KOSO,KOSO LED FLASH/FPL INFINITY BLK SMK,Intermitente KOSO FPL. INFINITY,81.29,67.18,50.39,4054783200566,0,8512200090,0,0,"<p data-isautotranslation=""1""></p>INDICADOR LED KOSO/FPL. INFINITY, Negro, lente ahumado.","
INDICADOR LED KOSO/FPL. INFINITY, Negro, lente ahumado.",VEHICLE PARTS & ACCESSORIES,ACCESSORIES,ACC. ELECTRIC,,,12,73,7,52,34,,,Negro,,Ahumado,,,por unidad,,Homologado,,,Delantero,,LED,,,https://api.mybihr.com/medias/800Wx800H-1140157-1.jpg?context=bWFzdGVyfHJvb3R8MjQ5MTJ8aW1hZ2UvanBlZ3xhRFJrTDJneU9TODRNVEUyTWpZek1EY3lOVFkyTWk4NE1EQlhlRGd3TUVoZk1URTBNREUxTnkweExtcHdad3xjM2FkZjk5MzhjMzVkM2I0NjY5ZDUxMTI5OTI5YmExOThjZjgzYzFiNWE4ZWZjYzdkZmE2NGEyNmU1ZDdmMmJm,https://api.mybihr.com/medias/800Wx800H-1140157-2.jpg?context=bWFzdGVyfHJvb3R8MjQxODh8aW1hZ2UvanBlZ3xhR1ZpTDJneVlpODRNVEUyTWpZek1URXhPRGczT0M4NE1EQlhlRGd3TUVoZk1URTBNREUxTnkweUxtcHdad3xiMDRkN2FlMGJmNTIxZGM2YmNhMjY3ZTE3NDc4MzQyZDVhMWNjZWI5YjM1MzkxOGMzMTczZDc0NDFmYzhiMjc4,https://api.mybihr.com/medias/800Wx800H-1140157-3.jpg?context=bWFzdGVyfHJvb3R8MjYxODF8aW1hZ2UvanBlZ3xhRGhqTDJnek9TODRNVEUyTWpZek1UVXhNakE1TkM4NE1EQlhlRGd3TUVoZk1URTBNREUxTnkwekxtcHdad3xmYzNkN2M2YTJlZGE1ZjE2ZGEwNzU0NjM1MDdkZjZjYTM0ZGQxNDgwYWVhYzE5MzNiMDY0NzdlODJlYWNjNmI2,https://api.mybihr.com/medias/800Wx800H-1140157-4.jpg?context=bWFzdGVyfHJvb3R8MTg1Nzl8aW1hZ2UvanBlZ3xhREZoTDJnME55ODRNVEUyTWpZek1Ua3dOVE14TUM4NE1EQlhlRGd3TUVoZk1URTBNREUxTnkwMExtcHdad3w1OTk4MTUyODM2YWNhMDZlN2M1YTY0NmYwNWQ5ZGRkNzYzZjZmNmE3MzUxYzhkNjJmNjljMDg5OTVmYmQ0MGI0,,,,,https://static.bihr.pro/eBihr/Pictures/KOSO-pictures.zip,,,,,,,,,,,Spain Warehouse (Parts)
1140863,,GA002100,KOSO,"KOSO LED HEADLIGHT, BLK, SIDE MOUNT",Óptica de faro delantero LED KOSO - montaje lateral,457.51,378.11,283.58,4054783254392,0,8512200090,0,0,"<p data-isautotranslation=""1""></p>Faro Delantero LED KOSO, Negro, Montaje Lateral

Faro Delantero LED KOSO, Negro, Montaje Lateral.","
Faro Delantero LED KOSO, Negro, Montaje Lateral

Faro Delantero LED KOSO, Negro, Montaje Lateral.",VEHICLE PARTS & ACCESSORIES,ACCESSORIES,ACC. ELECTRIC,,,6468,930,240,110,245,,,Negro,,,Aluminio,,por unidad,,Homologación CE,,,Delantero,,LED,,,https://api.mybihr.com/medias/800Wx800H-1140863-1.jpg?context=bWFzdGVyfHJvb3R8NjkwMTd8aW1hZ2UvanBlZ3xhRGMwTDJnd05DODRNVEUyTXpJMk5qWTROekF3Tmk4NE1EQlhlRGd3TUVoZk1URTBNRGcyTXkweExtcHdad3w0NjhhMmNjN2FiMmI4OTk0ZDhkNTI5YTllMjBmZTQ1MzYzZGEzODMyY2E0MjI2Yjk1ZWUwYTY5YjZhOTU4YjBm,https://api.mybihr.com/medias/800Wx800H-1140863-2.jpg?context=bWFzdGVyfHJvb3R8NzA0MTh8aW1hZ2UvanBlZ3xhR013TDJnMU9TODRNVEUyTXpJMk56QTRNREl5TWk4NE1EQlhlRGd3TUVoZk1URTBNRGcyTXkweUxtcHdad3xlMmU3MDZmZGQ2MWM5MzRjM2ExZGZiOWEyOWRmNWM5ZTk5ZjNhMDc5YTI1YWI4NTY4OGRiNzZkMjY3YzE4NWM3,,,,,,,https://static.bihr.pro/eBihr/Pictures/KOSO-pictures.zip,https://api.mybihr.com/medias/1140863-Mounting-Instructions-DE-EN.pdf?context=bWFzdGVyfGRvY3VtZW50c3wxNzA3NjV8YXBwbGljYXRpb24vcGRmfGFHWXpMMmhrWmk4NE1URTFNek14TkRZeE9UUXlNaTh4TVRRd09EWXpYMDF2ZFc1MGFXNW5YMGx1YzNSeWRXTjBhVzl1YzE5RVJWOUZUaTV3WkdZfGNjZDE1NDllNGI2OWE1MmRkZmJhZDg4ODBjNWRhMGE3NzBlYmE0OTA4MjVlNjAyYjMzZWUwZjdjMTZlYTc0Y2Y,,,,,,,,,,Spain Warehouse (Parts)
1140159,,HB030010,KOSO,KOSO LED TAIL/FLASH INFINITY BLK SMK,Piloto trasero/intermitente LED KOSO INFINITY - negro/cristales ahumados,85.37,70.55,52.91,4054783200597,0,8512200090,0,0,"<p data-isautotranslation=""1""></p>Piloto/intermitente LED KOSO INFINITY, Negro, Lente ahumada","
Piloto/intermitente LED KOSO INFINITY, Negro, Lente ahumada",VEHICLE PARTS & ACCESSORIES,ACCESSORIES,ACC. ELECTRIC,,,263,73,150,50,35,,,Negro & Negro,,Ahumado,,,por unidad & por unidad,,Homologado & Homologación CE,,,Trasero,,LED & LED,,,https://api.mybihr.com/medias/800Wx800H-1140159-1.jpg?context=bWFzdGVyfHJvb3R8MjEwMzZ8aW1hZ2UvanBlZ3xhR1UwTDJoaE15ODRNVEUyTWpZek1qVTJNRFkzTUM4NE1EQlhlRGd3TUVoZk1URTBNREUxT1MweExtcHdad3w0NWMyNTI0ZDExNDg2OGY5ZTg3YTk4MjY2MzMwMDI1ZTFmY2UzMDM3ZDA4MzcyZDliNmNjODBmZmY2OWRiOTMy,https://api.mybihr.com/medias/800Wx800H-1140159-2.jpg?context=bWFzdGVyfHJvb3R8MTg3Nzd8aW1hZ2UvanBlZ3xhRGN4TDJoaU1TODRNVEUyTWpZek1qazFNemc0Tmk4NE1EQlhlRGd3TUVoZk1URTBNREUxT1MweUxtcHdad3wzMjAzNWYzYmI4Y2E0MDM0NTFhMWY0ZThmYTZhNjk2ZDk1M2U5OWJhYzg3ODQ3MWEyOGEzZTdjZTQ5ZGUzODdi,https://api.mybihr.com/medias/800Wx800H-1140159-3.jpg?context=bWFzdGVyfHJvb3R8NjkxOTd8aW1hZ2UvanBlZ3xhRFUwTDJobU9TODRNVEUyTWpZek16TTBOekV3TWk4NE1EQlhlRGd3TUVoZk1URTBNREUxT1MwekxtcHdad3wxODA0ODg2ZjI0OWNiNGRhYjI1OTliZjY5ZmE2ZjlkYjI1ZDMxMWY1NjQ3NzgyOWE3MDBlZWNjNmQ2ZTk5Njhm,https://api.mybihr.com/medias/800Wx800H-1140159-4.jpg?context=bWFzdGVyfHJvb3R8MTg1Nzl8aW1hZ2UvanBlZ3xhR0kwTDJobFlpODRNVEUyTWpZek16YzBNRE14T0M4NE1EQlhlRGd3TUVoZk1URTBNREUxT1MwMExtcHdad3xiOGJmODhlZTg4NjY1ZGY3Y2ViM2ZlN2QxMTkzNTRhZTkwNWU5YjljZjI1Y2Q0NGU4NmM5N2U0NzE2OTBjNzY3,,,,,https://static.bihr.pro/eBihr/Pictures/KOSO-pictures.zip,,,,,,,,,,,Spain Warehouse (Parts)
1140158,,GA030000,KOSO,KOSO LED XENITH H/L BLK SM,Óptica de faro delantero LED KOSO XENITH - montaje lateral,437.17,361.30,270.98,4054783998906,0,8512200090,0,0,"<p data-isautotranslation=""1""></p>Faros delanteros LED KOSO XENITH, Negro, Montaje Lateral","
Faros delanteros LED KOSO XENITH, Negro, Montaje Lateral",VEHICLE PARTS & ACCESSORIES,ACCESSORIES,ACC. ELECTRIC,,,6762,1555,245,240,115,,,Negro & Plata,,,Aluminio,,por unidad,,Homologación CE,,,Delantero,,LED,,,https://api.mybihr.com/medias/800Wx800H-1140158-1.jpg?context=bWFzdGVyfHJvb3R8Mzc3MjB8aW1hZ2UvanBlZ3xhR1k1TDJnd1pDODVPRGt3TmpZNU9EWTBOVFV6TkM4NE1EQlhlRGd3TUVoZk1URTBNREUxT0MweExtcHdad3xkZTExNjNjZGFhNDczNzA4ZTVmN2Q3MzJhM2QxOWU5MGIxNjc5Y2IyYjg4N2RlNGJkYmNkNzYzNDQzZWJhMTkw,https://api.mybihr.com/medias/800Wx800H-1140158-2.jpg?context=bWFzdGVyfHJvb3R8MzI3MTN8aW1hZ2UvanBlZ3xhR1U0TDJnME5pODVPRGt3TmpZNU9UQXdOVGs0TWk4NE1EQlhlRGd3TUVoZk1URTBNREUxT0MweUxtcHdad3w0ZGNiNzgyOGNmM2E5NmEzODQzZjBiNmY4MTYyZTMwYjk1OGNmZTg1NjM4N2UwYWM0MGNhZDk5MWMzNGI0ZTdm,https://api.mybihr.com/medias/800Wx800H-1140158-3.jpg?context=bWFzdGVyfHJvb3R8NDUwNzV8aW1hZ2UvanBlZ3xhR05tTDJnMU1TODVPRGt3TmpZNU9UTTJOalF6TUM4NE1EQlhlRGd3TUVoZk1URTBNREUxT0MwekxtcHdad3wyZGQxYWU0Y2FhYzVjMTUzYjFmNjM4YzhjNzE1OWVmOWY0NTVlZTE3NjdmNDc2NDU5ZTY1YWYzMTVmNGNmZGJj,https://api.mybihr.com/medias/800Wx800H-1140158-4.jpg?context=bWFzdGVyfHJvb3R8MzgxNDd8aW1hZ2UvanBlZ3xhREExTDJnMVppODVPRGt3TmpZNU9UY3lOamczT0M4NE1EQlhlRGd3TUVoZk1URTBNREUxT0MwMExtcHdad3w1NmFlMjcyNzU1Y2RiYjVhNDExNjRmMDBmY2VmNjU5YTY1OTYzMTdjYjZlMzlkOGU4MTNlNmJmZDdiZmFmNWMw,,,,,https://static.bihr.pro/eBihr/Pictures/KOSO-pictures.zip,https://api.mybihr.com/medias/1140158-Mounting-Instructions-DE-EN.pdf?context=bWFzdGVyfGRvY3VtZW50c3wxNzA3NjV8YXBwbGljYXRpb24vcGRmfGFEQmxMMmd5Tmk4NE1URTFNekl3TVRFM05qWXdOaTh4TVRRd01UVTRYMDF2ZFc1MGFXNW5YMGx1YzNSeWRXTjBhVzl1YzE5RVJWOUZUaTV3WkdZfDgzNmMzNGFkNTYxNzcwNTQ4MzZkZWI2MTUyZGVmNmYxMmZlZWIxMDgyOWYzYjgzYmE5ZmM5MDVjM2Q3NTZmZGY,,,,,,,,,,Spain Warehouse (Parts)
1140861,,"HE015KI0, MATT BLACK",KOSO,KOSO LED FLASH MATT BLK E PC,Intermitente LED KOSO,35.54,29.37,22.03,4054783025640,0,8512200090,0,0,"<p data-isautotranslation=""1""></p>Indicador LED KOSO, Negro Mate, E-mark, Pieza.","
Indicador LED KOSO, Negro Mate, E-mark, Pieza.",VEHICLE PARTS & ACCESSORIES,ACCESSORIES,ACC. ELECTRIC,,,300,45,175,52,33,,,Negro,,,,,por unidad,,Homologado,,,Delantero/trasero,,LED,,,https://api.mybihr.com/medias/800Wx800H-1140861-1.jpg?context=bWFzdGVyfHJvb3R8OTcyMjl8aW1hZ2UvanBlZ3xhRGhtTDJoaU5TODRNVEUyTXpJMk16RTBPREEyTWk4NE1EQlhlRGd3TUVoZk1URTBNRGcyTVMweExtcHdad3wyNDkwZDkzNjQxMjJkNTE3ODY0ZWM2ZDczMjEwZDVkOTYzY2YwMmJkM2NiYzk3ODRjN2JmOGU3ZjdjYTZmNDUz,https://api.mybihr.com/medias/800Wx800H-1140861-2.jpg?context=bWFzdGVyfHJvb3R8OTA3ODV8aW1hZ2UvanBlZ3xhREptTDJoak15ODRNVEUyTXpJMk16VTBNVEkzT0M4NE1EQlhlRGd3TUVoZk1URTBNRGcyTVMweUxtcHdad3wzM2MwMGZhNzcxZjI1YzY1MWVjMmE4MDFlZDk1NjM5MGY5NWNkNzQzNjFjYjIzYjUyNjc2Zjk4MTczNTg2NTU1,https://api.mybihr.com/medias/800Wx800H-1140861-3.jpg?context=bWFzdGVyfHJvb3R8MjYzMzEzfGltYWdlL2pwZWd8YUdKa0wyaGtNQzg0TVRFMk16STJNemt6TkRRNU5DODRNREJYZURnd01FaGZNVEUwTURnMk1TMHpMbXB3Wnd8Y2I0ODQxZWFhYTQ3ZmRkYTFiMDA5YmM4OWExOGNhNTAyNjg4MGY1M2ViNGU2ZTFmOWU1NzA0ZjUzZWI4OWJlZg,https://api.mybihr.com/medias/800Wx800H-1140861-4.jpg?context=bWFzdGVyfHJvb3R8MTg1Nzl8aW1hZ2UvanBlZ3xhREE1TDJoa1lTODRNVEUyTXpJMk5ETXlOemN4TUM4NE1EQlhlRGd3TUVoZk1URTBNRGcyTVMwMExtcHdad3w1MjI1M2ZjOTgwN2QzZDMxZmIwY2EzZTI3ZmZjYTZlNGUyN2JhNWMzMGIwZWY0NThiMTJlY2M5NDQxZWRhMmIz,,,,,https://static.bihr.pro/eBihr/Pictures/KOSO-pictures.zip,,,,,,,,,,,Spain Warehouse (Parts)
1140155,,HB038100,KOSO,"KOSO LED-TAILLIGHT, SMOKE GT-03, E-MARK.",Piloto trasero LED KOSO,46.72,38.61,28.96,4054783998289,0,8512200090,0,0,"<p data-isautotranslation=""1""></p>Piloto Trasero LED KOSO, GT-03 Ahumado, con marca E.","
Piloto Trasero LED KOSO, GT-03 Ahumado, con marca E.",VEHICLE PARTS & ACCESSORIES,ACCESSORIES,ACC. ELECTRIC,,,842,106,170,110,45,,,,,,,,,,Homologación CE,,,Trasero,,LED,,,https://api.mybihr.com/medias/800Wx800H-1140155-1.jpg?context=bWFzdGVyfHJvb3R8MzI0OTF8aW1hZ2UvanBlZ3xhR0ppTDJneFlTODRNVEUyTWpZeU56VTNPVGt6TkM4NE1EQlhlRGd3TUVoZk1URTBNREUxTlMweExtcHdad3w5Y2MzMGU1MDM3NjdmZTI0MGNjYTYzZmU1YjgyNmY2ZWJlNTkwODM3ODM5YTkyN2Q1ZjMwYTIwM2EyMzkyOGIw,https://api.mybihr.com/medias/800Wx800H-1140155-2.jpg?context=bWFzdGVyfHJvb3R8MjYwMzd8aW1hZ2UvanBlZ3xhREZoTDJnd1pDODRNVEUyTWpZeU56azNNekUxTUM4NE1EQlhlRGd3TUVoZk1URTBNREUxTlMweUxtcHdad3w5YWQ0YzYyZjIwMjlkMWVjMWNlMTgxNjA0Y2NiMWZlNGQyODM5NjE2Y2MyYWZlOTA2MTE3MDhjYzdlMzczNDVj,https://api.mybihr.com/medias/800Wx800H-1140155-3.jpg?context=bWFzdGVyfHJvb3R8MjEzNzl8aW1hZ2UvanBlZ3xhREZsTDJnME9DODRNVEUyTWpZeU9ETTJOak0yTmk4NE1EQlhlRGd3TUVoZk1URTBNREUxTlMwekxtcHdad3xmYTI3YzhmMjZmNWJjZjFlYzFhMzcxNTQ0Yjg2YTRjNzAxYzVkMTk1NzU4YzljNTVhY2Y5NzBlOTYxMWYxN2Ew,https://api.mybihr.com/medias/800Wx800H-1140155-4.jpg?context=bWFzdGVyfHJvb3R8MzM4MTd8aW1hZ2UvanBlZ3xhR0ZqTDJnMU5TODRNVEUyTWpZeU9EYzFPVFU0TWk4NE1EQlhlRGd3TUVoZk1URTBNREUxTlMwMExtcHdad3wyNDU4OTM2NjM2Zjk2Y2ZlY2MxMDRmZTgwODEyYTAxM2QwMGQwOWNiMWVhZWE4ZDIwZDM0MmVkNTIwNmFiYmNj,,,,,https://static.bihr.pro/eBihr/Pictures/KOSO-pictures.zip,,,,,,,,,,,Spain Warehouse (Parts)
1140864,,HD006K06,KOSO,KOSO MINI LED LICENSE LIGHT BLK E,Luz de matrícula LED KOSO Mini,17.23,14.24,10.68,4260303011424,0,8512200090,0,0,"<p data-isautotranslation=""1""></p>Luz de Matrícula Mini LED KOSO, Negra, con Homologación E-mark","
Luz de Matrícula Mini LED KOSO, Negra, con Homologación E-mark",VEHICLE PARTS & ACCESSORIES,ACCESSORIES,ACC. ELECTRIC,,,271,10,110,77,32,,,Negro,,,,,por unidad,,Homologación CE,,,,,LED,,,https://api.mybihr.com/medias/800Wx800H-1140864-1.jpg?context=bWFzdGVyfHJvb3R8OTAwODh8aW1hZ2UvanBlZ3xhRFJsTDJnMk55ODRNVEUyTXpJMk56UTNNelF6T0M4NE1EQlhlRGd3TUVoZk1URTBNRGcyTkMweExtcHdad3wyNDdhZmYwZDIwOGM0NWM5MWE1ZjFjNDk1MDdjMzhkZmNjNzNjYzliNmZlOWY4OGU5Y2ZkY2UxOTliZTA0OTZi,https://api.mybihr.com/medias/800Wx800H-1140864-2.jpg?context=bWFzdGVyfHJvb3R8MTE5MTE4fGltYWdlL2pwZWd8YUdSaUwyZzNOQzg0TVRFMk16STJOemcyTmpZMU5DODRNREJYZURnd01FaGZNVEUwTURnMk5DMHlMbXB3Wnd8ZTZmZTFkYTQ3ZGIwMzljODEzM2RiYmIzOWQ4ZjNhOWEyYmM0Y2YxMjhjMjQ0N2QwMDRmOGRkNDYzMDYzY2UzMw,,,,,,,https://static.bihr.pro/eBihr/Pictures/KOSO-pictures.zip,https://api.mybihr.com/medias/1140864-Mounting-Instructions-DE-EN.pdf?context=bWFzdGVyfGRvY3VtZW50c3wyMDA1MzR8YXBwbGljYXRpb24vcGRmfGFEVmlMMmd6WXk4NE1URTFNek13TkRBMk9ERXlOaTh4TVRRd09EWTBYMDF2ZFc1MGFXNW5YMGx1YzNSeWRXTjBhVzl1YzE5RVJWOUZUaTV3WkdZfDZlNDliNTYwM2JlZTkwOTgzNzllNzdmYmI0NzM2ODFjZWJiMjBkY2ZiZTg2NDcwMGEzZWNjMDU2NjkwYWM1NzM,,,,,,,,,,Spain Warehouse (Parts)
1140154,,HB038000,KOSO,"KOSO LED-TAILLIGHT, RED GT-03, E-MARK.",Piloto trasero LED KOSO - rojo,46.72,38.61,28.96,4260303011141,0,8512200090,0,0,"<p data-isautotranslation=""1""></p>Piloto trasero LED KOSO, GT-03 Rojo, con marcaje e.","
Piloto trasero LED KOSO, GT-03 Rojo, con marcaje e.",VEHICLE PARTS & ACCESSORIES,ACCESSORIES,ACC. ELECTRIC,,,789,104,170,108,43,,,,,,,,,,Homologación CE,,,Trasero,,LED,,,https://api.mybihr.com/medias/800Wx800H-1140154-1.jpg?context=bWFzdGVyfHJvb3R8MzA3MTZ8aW1hZ2UvanBlZ3xhRFZtTDJnNU5pODRNVEUyTWpZeU5qQXdOekEzTUM4NE1EQlhlRGd3TUVoZk1URTBNREUxTkMweExtcHdad3w5MmQyNTY2OGY3NzA3OWU4OWI4N2I0YzI4ODA5NGMwMzJmNDlhMzIwMmEzZDY5NjUyZWZmZmVkNDMyMzNmYjhj,https://api.mybihr.com/medias/800Wx800H-1140154-2.jpg?context=bWFzdGVyfHJvb3R8MjYwMzd8aW1hZ2UvanBlZ3xhR0ptTDJnNE9DODRNVEUyTWpZeU5qUXdNREk0Tmk4NE1EQlhlRGd3TUVoZk1URTBNREUxTkMweUxtcHdad3w4OTI0NDc1ZDVkZDNhNTczOThlYTU4N2M1NmU5MWRiOWFlOGE5MGQ1NDdhMDRiZjMzNjczYTQ1MzViNDg3NWNm,https://api.mybihr.com/medias/800Wx800H-1140154-3.jpg?context=bWFzdGVyfHJvb3R8MjEzNzl8aW1hZ2UvanBlZ3xhRGd4TDJnM1pDODRNVEUyTWpZeU5qYzVNelV3TWk4NE1EQlhlRGd3TUVoZk1URTBNREUxTkMwekxtcHdad3wzYjQ3Y2MzNDY4MTdmZjUxZjk2NWIxOTNjNWQ3MTlhZTBjMDA0NTUzZDIzYWMzMjhiMTFiN2M1MGFhZTdhYmM1,https://api.mybihr.com/medias/800Wx800H-1140154-4.jpg?context=bWFzdGVyfHJvb3R8MzM4MTd8aW1hZ2UvanBlZ3xhRFE0TDJneU9DODRNVEUyTWpZeU56RTROamN4T0M4NE1EQlhlRGd3TUVoZk1URTBNREUxTkMwMExtcHdad3w4NTAxNTUxNzA0MzJlY2MzZTYzYmM4YmYyYmI2MThkYTQxYWU2Yzk4MDg3NDdiOWRhN2I0YjY5NWUzM2JkMjMx,,,,,https://static.bihr.pro/eBihr/Pictures/KOSO-pictures.zip,,,,,,,,,,,Spain Warehouse (Parts)
