PartNumber,OldPartNumber,SupplierProductCode,Brand,ProductName,Designation,RetailPriceIncludingTax,RetailPriceExcludingTax,BaseDealerPriceExcludingTax,BarCode,StockValue,CommodityCode,OnDemand,DropShipping,HtmlDescription,Description,Category1,Category2,Category3,V-Cantidad,V-Color,V-Colores,V-Talla,V-Talla de calzado,V-Tamaño,Volume (cm³),Weight (g),Length (mm),Width (mm),Height (mm),Ajuste del par de apriete,Altura (cm),Altura (mm),Anchura (cm),Anchura (mm),Cantidad,Capacidad (ml/l),Color,Diámetro Ø (mm),Forma,Longitud (cm),Longitud (mm),Peso (g),Peso (kg),Rango de uso,Talla,Tamaño de accionamiento cuadrado,Tipo de alicates,Tipo de destornillador,Picture1,Picture2,Picture3,Picture4,Picture5,Picture6,Picture7,Picture8,Picture9,AllPicturesZIP,Document1,DeliveryPlant
1107134004,,079030804,BETA,"BETA WORK OVERALLS 7903G, XL",BETA Work Overalls Grey - Size XL,91.36,75.50,60.40,8054809136240,0,6203433100,0,0,"<h4>Composizione</h4>
<p>T/C canvas, 65 % polyester, 35 % cotton, 260 g/m2</p>
<h4>Design</h4>
<ul>
<li>Inserts and kneepads in ""Oxford"" polyester/PU, 220 g/m2</li>
<li>Metal zipper</li>
<li>Adjustable elastic straps with quick release made of plastic</li>
<li>Elasticated waistband</li>
<li>Large chest pocket with Velcro closure</li>
<li>Two deep front pockets with velcro closure</li>
<li>Large left side pocket with Velcro closure, phone pocket and badge pocket</li>
<li>Large back pockets with ""Oxford"" reinforcements and Velcro closure</li>
<li>Ruler pocket and hammer loop</li>
<li>Knee pad pockets</li>
</ul>","Composizione

T/C canvas, 65 % polyester, 35 % cotton, 260 g/m2
Design

Inserts and kneepads in ""Oxford"" polyester/PU, 220 g/m2
Metal zipper
Adjustable elastic straps with quick release made of plastic
Elasticated waistband
Large chest pocket with Velcro closure
Two deep front pockets with velcro closure
Large left side pocket with Velcro closure, phone pocket and badge pocket
Large back pockets with ""Oxford"" reinforcements and Velcro closure
Ruler pocket and hammer loop
Knee pad pockets
",RIDER GEAR,APPAREL,APPAREL SUIT,,,,,,XL,9253,1124,443,354,59,,,,,,,,,,,,,,,,,,,,https://api.mybihr.com/medias/1107134004-1-800Wx800H?context=bWFzdGVyfHJvb3R8MjQ4MTR8aW1hZ2UvanBlZ3xhR0ZqTDJoaU1TOHhNVGMzTlRFNU56WTBNamM0TWk4eE1UQTNNVE0wTURBMExURmZPREF3VjNnNE1EQkl8Njk5NWMyMmI1NDc2ZTkwYzk2MzQyNmI4ZGRjN2FiZGI4NTE0ODdkNTY0MzFjY2ExZWRjYzgwYWRiYThlNDZkOQ,https://api.mybihr.com/medias/1107134004-2-800Wx800H?context=bWFzdGVyfHJvb3R8NjM2NjZ8aW1hZ2UvanBlZ3xhREZoTDJobU9TOHhNVGMzTlRFNU9EQXpOVGs1T0M4eE1UQTNNVE0wTURBMExUSmZPREF3VjNnNE1EQkl8YjI5MTEwMTZhZWQ2MjMyYzdlYjI3OGFmNGYxOGQyYzBkMWE1NWY4NGYzZTI3MzZlMDNhZGRlNzFmZmQzYmMxZQ,,,,,,,,https://static.bihr.pro/eBihr/Pictures/BETA-pictures.zip,,Spain Warehouse (Parts)
1129845,,3028 15,BETA,BETA HYDRAULIC BENCH PRESS 15T,Prensa hidráulica con pistón móvil para banco BETA - 15T,1208.49,998.75,799.00,8054809424408,0,8462619000,0,1,"<p><strong>Caracter&iacute;sticas:</strong></p>
<ul>
<li>Capacidad m&aacute;xima: 15 t</li>
<li>Ajuste superior vertical manual</li>
<li>Pist&oacute;n deslizante</li>
<li>Dispositivo de seguridad de sobrecarga hidr&aacute;ulica</li>
<li>Man&oacute;metro</li>
<li>Juego de prismas en V incluidos</li>
</ul>","
Características:

Capacidad máxima: 15 t
Ajuste superior vertical manual
Pistón deslizante
Dispositivo de seguridad de sobrecarga hidráulica
Manómetro
Juego de prismas en V incluidos
",TOOLING & WS,WS,WS. MAINTENANCE,,,,,,,165120,73000,860,640,300,,,,,,,,,,,,,,,,,,,,https://api.mybihr.com/medias/800Wx800H-1129845-1.jpg?context=bWFzdGVyfHJvb3R8NDgxNjF8aW1hZ2UvanBlZ3xhR1JsTDJoak5DODNPVFkwTlRZNU5EazFNVFExTkM4NE1EQlhlRGd3TUVoZk1URXlPVGcwTlMweExtcHdad3xjYjRlOGEyZmQ4Y2ZmZDA3NDEyNTk5NDI0YTI5ZTFhYzY4ZGRjNWIyNWZjYWI1ZTRiM2M4MjhkNmI1YmM2ZjQ4,,,,,,,,,https://static.bihr.pro/eBihr/Pictures/BETA-pictures.zip,,Spain Warehouse (Parts)
1147089,,098820010,BETA,BETA LIQUIDE DÉTACHANT ROUILLE,Líquido eliminador de óxido selectivo BETA,36.30,30.00,24.00,8054809165554,0,3506100000,0,1,"<p>• Líquido eliminador de óxido selectivo a base de agua para hierro, acero, acero inoxidable, fundición y cromados<br>
• Elimina la capa oxidada, sin dañar el sustrato metálico<br>
• Dilución: de puro a máx. 1:1<br>
• Temperatura mínima de funcionamiento: 15 °C<br>
• Tiempos de funcionamiento: 30' - 24/48 h (para óxido fuerte)<br>
• Biodegradable y 100% hidrosoluble<br>
&nbsp;</p>
<p><strong>INSTRUCCIONES DE USO:</strong><br>
• Limpiar previamente la pieza<br>
• Sumergir completamente en el líquido la pieza a decapar<br>
• Después del tratamiento, enjuagar con agua y/o cepillar con delicadeza<br>
• Realizar una prueba antes del uso</p>","
• Líquido eliminador de óxido selectivo a base de agua para hierro, acero, acero inoxidable, fundición y cromados
• Elimina la capa oxidada, sin dañar el sustrato metálico
• Dilución: de puro a máx. 1:1
• Temperatura mínima de funcionamiento: 15 °C
• Tiempos de funcionamiento: 30' - 24/48 h (para óxido fuerte)
• Biodegradable y 100% hidrosoluble
 

INSTRUCCIONES DE USO:
• Limpiar previamente la pieza
• Sumergir completamente en el líquido la pieza a decapar
• Después del tratamiento, enjuagar con agua y/o cepillar con delicadeza
• Realizar una prueba antes del uso",TOOLING & WS,WS,WS. CLEANING SYSTEM,,,,,,,1536,1150,80,80,240,,,,,,,,,,,,,,,,,,,,https://api.mybihr.com/medias/800Wx800H-1147089-1.jpg?context=bWFzdGVyfHJvb3R8NDY5NDh8aW1hZ2UvanBlZ3xhR1ppTDJoaFlpODRNekF4TXpNeE1qYzNOREUzTkM4NE1EQlhlRGd3TUVoZk1URTBOekE0T1MweExtcHdad3w1YmM2Yzc3NjMyN2U2YmQyZjUwNjRkMzUyYTZjZjJjMDljYjAxZWMxYmFmZTYyYjBlMzdmZWMyZDgzZjI3M2Zh,,,,,,,,,https://static.bihr.pro/eBihr/Pictures/BETA-pictures.zip,https://api.mybihr.com/medias/9882R-Manual.pdf?context=bWFzdGVyfHJvb3R8MTMwMjUyNnxhcHBsaWNhdGlvbi9wZGZ8YURZekwyaGhNeTg0TWprNE1UUXdNalEzTmpVM05DODVPRGd5VWlBdElFMWhiblZoYkM1d1pHWXw5ZGU0ZTgwOTM5N2U1NTVkZDljNmQ2NzZiZDY0NTNkZGM0MTczZjRjODk4Nzc3ZGQ5YWNmYTkzYTJhNTQ0Mzc3,Spain Warehouse (Parts)
1129844,,1895 13,BETA,BETA ULTRA SOUND TANK 13 LITERS,Cubeta de limpieza por ultrasonidos BETA de 13 litros,1056.33,873.00,698.40,8014230872681,0,8479899790,0,1,"<p><strong>Ideal para inyectores y v&aacute;lvulas EGR</strong></p>
<p>Con funci&oacute;n especial de desgasificaci&oacute;n</p>
<ul>
<li>Calienta el l&iacute;quido y con la acci&oacute;n de los ultrasonidos permite limpiar con eficacia piezas de repuesto y piezas met&aacute;licas en general (inyectores, carburadores, v&aacute;lvulas etc.)</li>
<li>Pantalla digital con selecci&oacute;n de la temperatura y del tiempo de limpieza</li>
<li>Funci&oacute;n de lavado doble: ""soft"" y ""normal""</li>
<li>Para una limpieza general es suficiente utilizar agua a una temperatura de 50/60 &deg;C</li>
<li>Para una limpieza m&aacute;s eficaz a&ntilde;ada soluciones detergentes no espum&oacute;genas espec&iacute;ficas para cubetas de ultrasonidos</li>
<li>La funci&oacute;n de desgasificaci&oacute;n acelera la liberaci&oacute;n de aire por todo el volumen de la cubeta aumentando la eficacia de los ultrasonidos</li>
</ul>
<p><strong>Datos t&eacute;cnicos:</strong></p>
<ul>
<li>Capacidad de la cubeta: 13 l</li>
<li>Grifo de desag&uuml;e</li>
<li>Potencia: 300 W</li>
<li>Potencia de calentamiento: 400 W</li>
<li>Selecci&oacute;n de temperatura: 0&divide;80 &deg;C</li>
<li>Selecci&oacute;n tiempo de lavado: 0-99 min</li>
<li>Frecuencia: 40 kHz</li>
<li>Alimentaci&oacute;n: 220/230V</li>
<li>Dimensiones: 350x325x320 mm</li>
<li>Dimensiones cubeta: 325x235x145 mm</li>
<li>Dimensiones cesta: 257x185x100 mm</li>
<li>Capacidad m&aacute;xima: 12 kg</li>
</ul>","
Ideal para inyectores y válvulas EGR

Con función especial de desgasificación

Calienta el líquido y con la acción de los ultrasonidos permite limpiar con eficacia piezas de repuesto y piezas metálicas en general (inyectores, carburadores, válvulas etc.)
Pantalla digital con selección de la temperatura y del tiempo de limpieza
Función de lavado doble: ""soft"" y ""normal""
Para una limpieza general es suficiente utilizar agua a una temperatura de 50/60 °C
Para una limpieza más eficaz añada soluciones detergentes no espumógenas específicas para cubetas de ultrasonidos
La función de desgasificación acelera la liberación de aire por todo el volumen de la cubeta aumentando la eficacia de los ultrasonidos


Datos técnicos:

Capacidad de la cubeta: 13 l
Grifo de desagüe
Potencia: 300 W
Potencia de calentamiento: 400 W
Selección de temperatura: 0÷80 °C
Selección tiempo de lavado: 0-99 min
Frecuencia: 40 kHz
Alimentación: 220/230V
Dimensiones: 350x325x320 mm
Dimensiones cubeta: 325x235x145 mm
Dimensiones cesta: 257x185x100 mm
Capacidad máxima: 12 kg
",TOOLING & WS,WS,WS. CLEANING SYSTEM,,,,,,,94116,12120,515,430,425,,,,,,,,,,,,,,,,,,,,https://api.mybihr.com/medias/800Wx800H-1129844-1.jpg?context=bWFzdGVyfHJvb3R8NDk1MzJ8aW1hZ2UvanBlZ3xhR0l3TDJnM1lTODRORE14TkRJek5EQTVNelU1T0M4NE1EQlhlRGd3TUVoZk1URXlPVGcwTkMweExtcHdad3w4ZGY0Njk5ZDg1MzMxNzdhMzM0MTJhYTE1ZjM4M2E5NzIxNGI4NDdjMmZhYTZlODhkNjk2MTU0YzUxYzNiNTA2,https://api.mybihr.com/medias/800Wx800H-1129844-2.jpg?context=bWFzdGVyfHJvb3R8NTA1Nzd8aW1hZ2UvanBlZ3xhRE5rTDJnNE9DODRORE14TkRJek5EUTROamd4TkM4NE1EQlhlRGd3TUVoZk1URXlPVGcwTkMweUxtcHdad3w5YjVhMjhlNzJhNzc4NDQ4YzI5OWFmZmU1NjM1ZGVmYWY2Yzc3NTEwMTdkOGJlOTA1MGE2MDhhM2I4NTA2NGFh,https://api.mybihr.com/medias/800Wx800H-1129844-4.jpg?context=bWFzdGVyfHJvb3R8NjQxNDl8aW1hZ2UvanBlZ3xhR1JsTDJnNU5TODRORE14TkRJek5EZzRNREF6TUM4NE1EQlhlRGd3TUVoZk1URXlPVGcwTkMwMExtcHdad3w1MzlhMWJlNzc4Mzc4MzJkZTljMDc1NmE4YmZkYTQ1ZTNmZThhNzNmNDljYTRkMzUzZTZlMDc2NDcxMzZjY2I1,https://api.mybihr.com/medias/800Wx800H-1129844-5.jpg?context=bWFzdGVyfHJvb3R8NTY0Nzl8aW1hZ2UvanBlZ3xhRFU0TDJobE55ODRORE14TkRJek5URTBNakUzTkM4NE1EQlhlRGd3TUVoZk1URXlPVGcwTkMwMUxtcHdad3xhODZlZDc4N2FjMTAyZmY5MTZjZWUyMmM2MTRmOTg2ZDI1MGVhYzM0YTk3MzJiYzI5ZjM0ZmMxOTZmZmJlZmJj,,,,,,https://static.bihr.pro/eBihr/Pictures/BETA-pictures.zip,,Spain Warehouse (Parts)
1147088,,098810010,BETA,BETA DÉTERGENT INDUSTRIEL ALCALIN,Detergente industrial alcalino para cubeta de limpieza de ultrasonidos BETA,32.67,27.00,21.60,8054809165547,1,3506100000,0,1,"<p>• Detergente industrial alcalino, concentrado, a base de agua<br>
• Para limpieza por ultrasonidos y otros procesos de purificación<br>
• Permite una limpieza precisa y eficaz de repuestos y piezas metálicas en general (inyectores, carburadores, válvulas, etc.)<br>
• Elimina aceites, grasas, lubricantes, residuos de pegamentos, resinas, ceras<br>
• Adecuado también para la limpieza de piezas de aluminio<br>
• pH 13,5</p>
<p><br>
&nbsp;</p>
<p><strong>DOSIS RECOMENDAD:</strong><br>
• 3-4% (1:30) - suciedad ligera a normal<br>
• 5% (1:20) - suciedad importante<br>
• Temperatura de funcionamiento: &gt;40 °C - para aluminio temperatura máx. recomendada 65 °C<br>
• Después del tratamiento, enjuagar con agua</p>","
• Detergente industrial alcalino, concentrado, a base de agua
• Para limpieza por ultrasonidos y otros procesos de purificación
• Permite una limpieza precisa y eficaz de repuestos y piezas metálicas en general (inyectores, carburadores, válvulas, etc.)
• Elimina aceites, grasas, lubricantes, residuos de pegamentos, resinas, ceras
• Adecuado también para la limpieza de piezas de aluminio
• pH 13,5


 

DOSIS RECOMENDAD:
• 3-4% (1:30) - suciedad ligera a normal
• 5% (1:20) - suciedad importante
• Temperatura de funcionamiento: >40 °C - para aluminio temperatura máx. recomendada 65 °C
• Después del tratamiento, enjuagar con agua",TOOLING & WS,WS,WS. CLEANING SYSTEM,,,,,,,2070,1200,90,100,230,,,,,,,,,,,,,,,,,,,,https://api.mybihr.com/medias/800Wx800H-1147088-1.jpg?context=bWFzdGVyfHJvb3R8NDU3MjZ8aW1hZ2UvanBlZ3xhR1ZtTDJobVppODRNekF4TkRjeU16QTBNek0xT0M4NE1EQlhlRGd3TUVoZk1URTBOekE0T0MweExtcHdad3wwZmI2ODRiZWY3NWRjOTkxODZlNGFlOTczZjM2YzkzOTY2ZWMwYmRmZjg1OTkzYzU2YmI2MmU5NzRhNjRkYWEw,,,,,,,,,https://static.bihr.pro/eBihr/Pictures/BETA-pictures.zip,https://api.mybihr.com/medias/1147088-Manual.pdf?context=bWFzdGVyfHJvb3R8MzY2MDUzfGFwcGxpY2F0aW9uL3BkZnxhRGMxTDJoaE5pODRNams0TVRRd01qVTBNakV4TUM4eE1UUTNNRGc0SUMwZ1RXRnVkV0ZzTG5Ca1pnfGJjYzEzZDU2MjAwOWQ2ODJlYjRjNzBjNjg4Zjg5OWZmYTAwMWM4NjYyZjVhZWEwMWUzNDE0MDE1YjYxYmZhZTU,Spain Warehouse (Parts)
1148271,,017500500,BETA,BETA LEVER GREASE GUN 500 CC 1750 500,Bomba de engrase con maneta BETA,43.86,36.25,29.00,8014230698625,0,9403208000,0,1,550 bar,550 bar,TOOLING & WS,WS,WS. FURNITURE,,,,,,,4110,1404,408,138,73,,,,,,,,,,,,,,,,,,,,https://api.mybihr.com/medias/800Wx800H-1148271-1.jpg?context=bWFzdGVyfHJvb3R8Mzc0ODF8aW1hZ2UvanBlZ3xhRFl4TDJnellTODRNek0wT0RFd016TTJORFl6T0M4NE1EQlhlRGd3TUVoZk1URTBPREkzTVMweExtcHdad3xjOTYwYmU0NTE0YmYzYWJkYTA4YWNhMWJjYmI3ODlkMTJkNmIwZDJlNGM3NjIxOWUyODFiZDMzODllMjRlNmRl,,,,,,,,,https://static.bihr.pro/eBihr/Pictures/BETA-pictures.zip,,Spain Warehouse (Parts)
1148272,,017500141,BETA,BETA GREASE CARTRIDGES FOR GREASE GUN,Cartucho de grasa universal BETA para bomba de engrase,19.66,16.25,13.00,8054809605715,0,9403208000,0,1,• Temperatura de operación: -20 °C ÷ +130 °C,• Temperatura de operación: -20 °C ÷ +130 °C,TOOLING & WS,WS,WS. FURNITURE,,,,,,,717,440,237,55,55,,,,,,,,,,,,,,,,,,,,https://api.mybihr.com/medias/800Wx800H-1148272-1.jpg?context=bWFzdGVyfHJvb3R8MjkzNzJ8aW1hZ2UvanBlZ3xhR1prTDJnNU5TODRNek0wT0RFd01EYzNOVGsyTmk4NE1EQlhlRGd3TUVoZk1URTBPREkzTWkweExtcHdad3w0YmUzNTFlMGQ2YTY3ODY1NWQ3YTQzMDg1NmVmZmVlYmNkODcwYjRhOWEyNDdlOWY5OWM4YjQ2MTY0ZTk1NzFh,,,,,,,,,https://static.bihr.pro/eBihr/Pictures/BETA-pictures.zip,,Spain Warehouse (Parts)
1050529,,088880010,BETA,BETA PANEL WALL TOOL HOLDER,Panel portaherramientas BETA,270.80,223.80,179.04,8014230755373,1,7326909890,0,1,"<html> <head> <meta http-equiv=""Content-Type"" content=""text/html; charset=utf-8""><title> </title> <style type=""text/css"">.cs95E872D0{text-align:left;margin:0pt 0pt 0pt 0pt;}.csA7555675{color:#000;background-color:transparent;font-weight:normal;font-style:normal;}</style> </head> <body> <p><a id=""_DX_FRAG_STARTFRAGMENT""></a>Supports all tool hooks available in catalog, to be ordered separately<a id=""_DX_FRAG_ENDFRAGMENT""></a> </p><p> </p><p>LxA : 1000x920mm</p><p>Weight : 10,2kg</p></body> </html>","       Supports all tool hooks available in catalog, to be ordered separately  LxA : 1000x920mmWeight : 10,2kg ",TOOLING & WS,WS,WS. FURNITURE,,,,,,,39576,8740,1020,970,40,,,,,,,,,,,,,,,,,,,,https://api.mybihr.com/medias/1050529-1-800Wx800H?context=bWFzdGVyfHJvb3R8MzA1MjUzfGltYWdlL2pwZWd8YURkbUwyaGlOaTg0T1RRMk1EWXdNell4TnpVNEx6RXdOVEExTWprdE1WODRNREJYZURnd01FZ3wzNmVjNzMyNzUzNzY0NzQ0NzEwMmRiOTU3YzgyMjUzZGMzOGQ5YTU5MmUzN2U3YmJkZTc1ZDFlNmJkNThkYjlj,,,,,,,,,https://static.bihr.pro/eBihr/Pictures/BETA-pictures.zip,,Spain Warehouse (Parts)
1050531,,088880120,BETA,BETA EXP SCREW EXPANSION SCRW,BETA Tornillo de expansión para mobiliario de taller,0.76,0.63,0.50,8014230014579,0,8308100090,0,1,"<html> <head> <meta http-equiv=""Content-Type"" content=""text/html; charset=utf-8""><title> </title> <style type=""text/css"">.cs95E872D0{text-align:left;margin:0pt 0pt 0pt 0pt;}.csA7555675{color:#000;background-color:transparent;font-weight:normal;font-style:normal;}</style> </head> <body> <p><a id=""_DX_FRAG_STARTFRAGMENT""></a>Accessory for sheet metal containers<a id=""_DX_FRAG_ENDFRAGMENT""></a> </p><p> </p></body> </html>","       Accessory for sheet metal containers   ",TOOLING & WS,WS,WS. FURNITURE,,,,,,,4,5,20,20,10,,,,,,,,,,,,,,,,,,,,https://api.mybihr.com/medias/1050531-1-800Wx800H?context=bWFzdGVyfHJvb3R8MTgyNDV8aW1hZ2UvanBlZ3xhREUxTDJnNU5pODRPVEF5TWpRM016VXdNekF5THpFd05UQTFNekV0TVY4NE1EQlhlRGd3TUVnfGY3YTNmNDI2NGRiYjcxMjdiMGI1OGE2NWJjZjFmOWIxYzAxNTc2NWM1ZmM4NWYxZmRhZTc3ZjliNmJlODAwNjE,,,,,,,,,https://static.bihr.pro/eBihr/Pictures/BETA-pictures.zip,,Spain Warehouse (Parts)
1050537,,088880255,BETA,BETA SPRING HOOK SPRING CONNECT. Ø25,BETA Gancho de muelle para muebles de taller Ø25mm aluminio con tornillo,6.99,5.78,4.62,8014230379692,0,8308100090,0,1,"<html> <head> <meta http-equiv=""Content-Type"" content=""text/html; charset=utf-8""><title> </title> <style type=""text/css"">.cs95E872D0{text-align:left;margin:0pt 0pt 0pt 0pt;}.csA7555675{color:#000;background-color:transparent;font-weight:normal;font-style:normal;}</style> </head> <body> <p><a id=""_DX_FRAG_STARTFRAGMENT""></a>Accessory for sheet metal containers<a id=""_DX_FRAG_ENDFRAGMENT""></a> </p><p> </p></body> </html>","       Accessory for sheet metal containers   ",TOOLING & WS,WS,WS. FURNITURE,,,,,,,134,13,71,65,29,,,,,,,,,,,,,,,,,,,,https://api.mybihr.com/medias/1050537-1-800Wx800H?context=bWFzdGVyfHJvb3R8Mjc3NjF8aW1hZ2UvanBlZ3xhR0V6TDJoaE15ODRPVEF5TWpRM056UXpOVEU0THpFd05UQTFNemN0TVY4NE1EQlhlRGd3TUVnfDhlNGZlMTJkNTc0ZDFkOTE1MDc2ZWQzODc5NTFlMzFlMDA5ZWEyMGNlY2QxNDk4M2RjOGVlNjJmYWYyYTg2OTg,,,,,,,,,https://static.bihr.pro/eBihr/Pictures/BETA-pictures.zip,,Spain Warehouse (Parts)
1050533,,088880251,BETA,"BETA SPRING HOOK SPRING CONNECT.Ø9,5","BETA Gancho de muelle para muebles de taller Ø9,5mm aluminio con tornillo",6.93,5.73,4.58,8014230379654,0,8308100090,0,1,"<html> <head> <meta http-equiv=""Content-Type"" content=""text/html; charset=utf-8""><title> </title> <style type=""text/css"">.cs95E872D0{text-align:left;margin:0pt 0pt 0pt 0pt;}.csA7555675{color:#000;background-color:transparent;font-weight:normal;font-style:normal;}</style> </head> <body> <p><a id=""_DX_FRAG_STARTFRAGMENT""></a>Accessory for sheet metal containers<a id=""_DX_FRAG_ENDFRAGMENT""></a> </p><p> </p></body> </html>","       Accessory for sheet metal containers   ",TOOLING & WS,WS,WS. FURNITURE,,,,,,,193,10,83,83,28,,,,,,,,,,,,,,,,,,,,https://api.mybihr.com/medias/1050533-1-800Wx800H?context=bWFzdGVyfHJvb3R8Mjc3NjF8aW1hZ2UvanBlZ3xhRGMyTDJnMk5DODRPVFV6T0RVek1UUTVNakUwTHpFd05UQTFNek10TVY4NE1EQlhlRGd3TUVnfDVlZjNkZGE4MGU1MzEyNzE2Yzg1ZDJiNmY0YTFlNzkwMWI3YWU0ZDZmYmVjMjJjZTc2ZDNiYjI2ZWQwNjliNzE,,,,,,,,,https://static.bihr.pro/eBihr/Pictures/BETA-pictures.zip,,Spain Warehouse (Parts)
1050534,,088880252,BETA,BETA SPRING HOOK SPRING CONNECT. Ø13,BETA Gancho de muelle para muebles de taller Ø13mm aluminio con tornillo,7.05,5.83,4.66,8014230379661,0,8308100090,0,1,"<html> <head> <meta http-equiv=""Content-Type"" content=""text/html; charset=utf-8""><title> </title> <style type=""text/css"">.cs95E872D0{text-align:left;margin:0pt 0pt 0pt 0pt;}.csA7555675{color:#000;background-color:transparent;font-weight:normal;font-style:normal;}</style> </head> <body> <p><a id=""_DX_FRAG_STARTFRAGMENT""></a>Accessory for sheet metal containers<a id=""_DX_FRAG_ENDFRAGMENT""></a> </p><p> </p></body> </html>","       Accessory for sheet metal containers   ",TOOLING & WS,WS,WS. FURNITURE,,,,,,,193,10,83,83,28,,,,,,,,,,,,,,,,,,,,https://api.mybihr.com/medias/1050534-1-800Wx800H?context=bWFzdGVyfHJvb3R8Mjc3NjF8aW1hZ2UvanBlZ3xhREk1TDJnNU9TODRPVEkzTmpJd05UTXdNakEyTHpFd05UQTFNelF0TVY4NE1EQlhlRGd3TUVnfGRmYjgzMTQwNWY5YzQ0NTYzMDcyMjEzMWE3MTE0NjQ5NTZiMDY1MzEzOGNhNTBhMGQ3YTUxZDI3NDAwMzFhNGI,,,,,,,,,https://static.bihr.pro/eBihr/Pictures/BETA-pictures.zip,,Spain Warehouse (Parts)
1050527,51100040,056000201,BETA,BETA WORKBENCH WORKBENCH,Banco de trabajo BETA,1193.06,986.00,788.80,8014230638669,0,9403901090,0,0,"<html> <head> <meta http-equiv=""Content-Type"" content=""text/html; charset=utf-8""><title> </title> <style type=""text/css"">.cs4FC7BF42{text-align:left;margin:0pt 0pt 0pt 0pt;list-style-type:disc;color:#000;background-color:transparent;font-weight:normal;font-style:normal;}.csA7555675{color:#000;background-color:transparent;font-weight:normal;font-style:normal;}.cs95E872D0{text-align:left;margin:0pt 0pt 0pt 0pt;}</style> </head> <body> <ul> <li><a id=""_DX_FRAG_STARTFRAGMENT""></a>Worktop made of painted sheet metal with external edge</li><li>Steel frame with 6 supporting legs</li><li>Static load capacity: 1200 kg</li><li>Matches panel toolholder 51100039 ; cannot be fixed to worktop</li><li>Two drawers with lock</li><li>Can be fixed to floor<a id=""_DX_FRAG_ENDFRAGMENT""></a> </li><li>2000x640x930mm</li></ul> <p> </p><p>Weight of 82kg</p></body> </html>","        Worktop made of painted sheet metal with external edgeSteel frame with 6 supporting legsStatic load capacity: 1200 kgMatches panel toolholder 51100039 ; cannot be fixed to worktopTwo drawers with lockCan be fixed to floor 2000x640x930mm  Weight of 82kg ",TOOLING & WS,WS,WS. FURNITURE,,,,,,,776832,106000,2040,680,560,,,,,,,,,,,,,,,,,,,,https://api.mybihr.com/medias/1050527-1-800Wx800H?context=bWFzdGVyfHJvb3R8MTExMzc2fGltYWdlL2pwZWd8YUdRNUwyZzRNeTg0T0RjME16azBOelEyT1RFd0x6RXdOVEExTWpjdE1WODRNREJYZURnd01FZ3xlYTE4M2I3MWJlMGMwY2ZmY2YzNTEyZjNlNGU3ZTA5ZDEwMzAxZTM1OGQ0YWQ2ZWMyMGE4MmUyOWIxNDgxYmVl,https://api.mybihr.com/medias/1050527-2-800Wx800H?context=bWFzdGVyfHJvb3R8MTc4OTU3fGltYWdlL2pwZWd8YUdGaEwyZzRZUzg0T0RjME16azBPVFF6TlRFNEx6RXdOVEExTWpjdE1sODRNREJYZURnd01FZ3xmZjM3NDc3ZjdkOGUxNmY2NTVmNDEyMDAxMzA0MGQyMGM5Y2NlZGU4MmQyMzBhZjhhNTZjZjAzZjRmOGZmYTY3,https://api.mybihr.com/medias/1050527-3-800Wx800H?context=bWFzdGVyfHJvb3R8NDA4ODd8aW1hZ2UvanBlZ3xhREkyTDJoa09TODRPRGMwTXprMU1UUXdNVEkyTHpFd05UQTFNamN0TTE4NE1EQlhlRGd3TUVnfDkyMDAwZWM3ZDAzYTBhNDgwZTk2NTY3MTcyZjI2MGFiYjQxYmIxOTYzNjgzY2U4OTczYjdiY2RlMmU3NzExNDY,,,,,,,https://static.bihr.pro/eBihr/Pictures/BETA-pictures.zip,,Spain Warehouse (Parts)
1050530,,088880119,BETA,BETA HOOK+SCREW HOOK SET + SCREW VE1,BETA Kit de gancho + tornillo para muebles de taller,2.07,1.71,1.37,8014230380209,4,8308100090,0,1,"<html> <head> <meta http-equiv=""Content-Type"" content=""text/html; charset=utf-8""><title> </title> <style type=""text/css"">.cs95E872D0{text-align:left;margin:0pt 0pt 0pt 0pt;}.csA7555675{color:#000;background-color:transparent;font-weight:normal;font-style:normal;}</style> </head> <body> <p><a id=""_DX_FRAG_STARTFRAGMENT""></a>Accessory for sheet metal containers<a id=""_DX_FRAG_ENDFRAGMENT""></a> </p><p> </p></body> </html>","       Accessory for sheet metal containers   ",TOOLING & WS,WS,WS. FURNITURE,,,,,,,74,2,62,70,17,,,,,,,,,,,,,,,,,,,,https://api.mybihr.com/medias/1050530-1-800Wx800H?context=bWFzdGVyfHJvb3R8MjkwNTF8aW1hZ2UvanBlZ3xhR0k1TDJneU1DODRPVEkwT0RjM05EVTFNemt3THpFd05UQTFNekF0TVY4NE1EQlhlRGd3TUVnfDhkYWVjNzdlYTljNDA5ODJhMzNmMjQ0Y2YxYTM3NTI3YTQ5OWRmM2E5MjU2ODYxZDE2NGIwOWMzY2E4MWJlOGU,,,,,,,,,https://static.bihr.pro/eBihr/Pictures/BETA-pictures.zip,,Spain Warehouse (Parts)
1050513,51100060,012620021,BETA,BETA SCREWDRIVER CROSSHEAD PHILLIPS,Destornillador BETA para tornillos de cruz Phillips® PH2x6x150,12.83,10.60,8.48,8014230604114,3,8205700000,0,1,"<html> <head> <meta http-equiv=""Content-Type"" content=""text/html; charset=utf-8""><title> </title> <style type=""text/css"">.cs95E872D0{text-align:left;margin:0pt 0pt 0pt 0pt;}.csC57700C4{color:#000;background-color:transparent;font-weight:bold;font-style:normal;}.csA7555675{color:#000;background-color:transparent;font-weight:normal;font-style:normal;}</style> </head> <body> <p><a id=""_DX_FRAG_STARTFRAGMENT""></a>UNI/ISO 8764<a id=""_DX_FRAG_ENDFRAGMENT""></a> </p><p> </p><p>PH x D x L : 2x6x150mm</p><p>L1 : 269mm</p><p>Weight : 111g</p></body> </html>","       UNI/ISO 8764  PH x D x L : 2x6x150mmL1 : 269mmWeight : 111g ",TOOLING & WS,WS,WS. FURNITURE,,,,,,,493,124,274,45,40,,,,,,,,,,,,,,,,,,,,https://api.mybihr.com/medias/1050513-1-800Wx800H?context=bWFzdGVyfHJvb3R8NzM1NDR8aW1hZ2UvanBlZ3xhR1poTDJnMVpTODRPVE01TlRRME1ERTRPVGMwTHpFd05UQTFNVE10TVY4NE1EQlhlRGd3TUVnfDM3OTJhNDkwNmY5ZmU5NjA1ODZlMTc3NmY5NDg1ODEwMmNmZGU3YTUwZjA3ODNkZDg0ZWNmYjc1Zjg3Y2NiZWU,,,,,,,,,https://static.bihr.pro/eBihr/Pictures/BETA-pictures.zip,,Spain Warehouse (Parts)
1050514,51100043,015990050,BETA,BETA BENCH VICE BENCH VICE,Mordazas de banco forjadas en paralelo BETA,607.42,502.00,401.60,8014230616728,0,8205700000,0,1,"<html> <head> <meta http-equiv=""Content-Type"" content=""text/html; charset=utf-8""><title> </title> <style type=""text/css"">.cs95E872D0{text-align:left;margin:0pt 0pt 0pt 0pt;}.csA7555675{color:#000;background-color:transparent;font-weight:normal;font-style:normal;}</style> </head> <body> <p>L1 : 150mm</p><p>B : 130mm</p><p>Ø : 15mm</p><p>A Max : 170mm</p><p>Weight : 20,5kg</p></body> </html>","       L1 : 150mmB : 130mmØ : 15mmA Max : 170mmWeight : 20,5kg ",TOOLING & WS,WS,WS. FURNITURE,,,,,,,23184,16000,480,210,230,,,,,,,,,,,,,,,,,,,,https://api.mybihr.com/medias/1050514-1-800Wx800H?context=bWFzdGVyfHJvb3R8OTg4MjV8aW1hZ2UvanBlZ3xhRE5pTDJnek15ODRPVEF5TWpRMk5UWXpPRGN3THpFd05UQTFNVFF0TVY4NE1EQlhlRGd3TUVnfGI1MjQxYzA4NWE2YjRkZjdjNzJkNDUxZWQ3NTdkMWE4MGNlYjlmZDVkMmRkNDdkNDdjNTBkNjViMzEwMGI4ZWY,https://api.mybihr.com/medias/1050514-2-800Wx800H?context=bWFzdGVyfHJvb3R8Njc5ODB8aW1hZ2UvanBlZ3xhREJqTDJnellTODRPVEF5TWpRMk56WXdORGM0THpFd05UQTFNVFF0TWw4NE1EQlhlRGd3TUVnfDhlNWI2NDJhOGMyMzU2YTFhYWEwMmQyMWRjMzE4MzNlZDBjZWZhNWY1YmMyYjk3ZGRjZjk2NWU5NWNjMmZiNTM,,,,,,,,https://static.bihr.pro/eBihr/Pictures/BETA-pictures.zip,,Spain Warehouse (Parts)
1050522,51100052,019270030,BETA,BETA WRENCH REVERSIBLE IMPACT,Pistola de impacto compacta BETA 1/2'' 770 Nm,349.69,289.00,231.20,8014230775135,0,8205700000,0,1,"<html> <head> <meta http-equiv=""Content-Type"" content=""text/html; charset=utf-8""><title> </title> <style type=""text/css"">.cs95E872D0{text-align:left;margin:0pt 0pt 0pt 0pt;}.csC57700C4{color:#000;background-color:transparent;font-weight:bold;font-style:normal;}.csA7555675{color:#000;background-color:transparent;font-weight:normal;font-style:normal;}</style> </head> <body> <p><a id=""_DX_FRAG_STARTFRAGMENT""></a><a id=""_DX_FRAG_ENDFRAGMENT""></a>Amazingly compact and powerful, 770 Nm</p><p> </p><p>• Single hammer impulse device</p><p>• Amazingly compact and powerful</p><p>• One-hand reverse button</p><p>• Three power adjustable screwing positions</p><p>• Exhaust through handle</p><p>• Balancing hook</p><p> </p><p>Free speed : 10,000 rpm</p><p>Max. torque : 770 Nm</p><p>Bolt capacity : Cl 8.8 M22 34 mm</p><p>Bolt capacity : Cl 12.9 M18 27 mm</p><p>Air inlet : 1/4"" GAS</p><p>Operating pressure : 6,2 bar</p><p>Internal hose size (Ø) : 10 mm</p><p>Mean air consumption : 122 l/min</p><p>Weight : 1.3 kg</p><p> </p></body> </html>","       Amazingly compact and powerful, 770 Nm • Single hammer impulse device• Amazingly compact and powerful• One-hand reverse button• Three power adjustable screwing positions• Exhaust through handle• Balancing hook Free speed : 10,000 rpmMax. torque : 770 NmBolt capacity : Cl 8.8 M22 34 mmBolt capacity : Cl 12.9 M18 27 mmAir inlet : 1/4"" GASOperating pressure : 6,2 barInternal hose size (Ø) : 10 mmMean air consumption : 122 l/minWeight : 1.3 kg  ",TOOLING & WS,WS,WS. FURNITURE,,,,,,,2724,1612,205,182,73,,,,,,,,,,,,,,,,,,,,https://api.mybihr.com/medias/1050522-1-800Wx800H?context=bWFzdGVyfHJvb3R8MTM5OTI5fGltYWdlL2pwZWd8YUdRMUwyaGpZUzg0T1RFd016WTNPVEUyTURZeUx6RXdOVEExTWpJdE1WODRNREJYZURnd01FZ3w1YjRiZjAzOTY5ODFhMDQ0NmM1MjExZjdiZjI0ODBhM2UwN2NiZmQ2ODYyZmI3NGQzMDc5ZTA3NTVmZWRjNjk2,https://api.mybihr.com/medias/1050522-2-800Wx800H?context=bWFzdGVyfHJvb3R8MTUwMjI2fGltYWdlL2pwZWd8YUdGbEwyaGxOaTg0T1RFd016WTRNVEV5Tmpjd0x6RXdOVEExTWpJdE1sODRNREJYZURnd01FZ3wxNzAzNGJjZWQxYTI5Y2Q2YjVkYWQ0OTkxNGMwNjFlMDg1MTQ1NWZiMGM4OGQyOWM5YmE5ZDQ5NmRlMDc5ZTQ3,https://api.mybihr.com/medias/1050522-3-800Wx800H?context=bWFzdGVyfHJvb3R8MjcwODI1fGltYWdlL2pwZWd8YUdZeEwyaGtaaTg0T1RFd016WTRNekE1TWpjNEx6RXdOVEExTWpJdE0xODRNREJYZURnd01FZ3xlMGZlMDZlNTJhMmY3N2ZiNjI2NDYzYzFmMzkwODBlODg3ZTU3MmU1NDQ4ZDEzYzQwMDEwNTljNTkyZTZkMTEz,https://api.mybihr.com/medias/1050522-4-800Wx800H?context=bWFzdGVyfHJvb3R8Njk0MTR8aW1hZ2UvanBlZ3xhREl4TDJoa09TODRPVEV3TXpZNE5UQTFPRGcyTHpFd05UQTFNakl0TkY4NE1EQlhlRGd3TUVnfGM2ZDQyZGJkYTgxZDc1MWE0Yjc2YmJkZDc5NGUyZjk4N2NiYTBjZmI0NmY1MTIzZDgyMGI2OTYyNTYxMmEwY2M,,,,,,https://static.bihr.pro/eBihr/Pictures/BETA-pictures.zip,,Spain Warehouse (Parts)
1050524,51100045,030750212,BETA,BETA SOCKET MULTIPLE HEXAGON SOCKET,Llave hexagonal macho múltiple BETA para tornillos de rueda,50.82,42.00,33.60,8014230852218,1,8205700000,0,1,"<html> <head> <meta http-equiv=""Content-Type"" content=""text/html; charset=utf-8""><title> </title> <style type=""text/css"">.cs95E872D0{text-align:left;margin:0pt 0pt 0pt 0pt;}.csA7555675{color:#000;background-color:transparent;font-weight:normal;font-style:normal;}</style> </head> <body> <p>Size <a id=""_dx_frag_StartFragment""></a>12-14-17-19-22-24 mm<a id=""_dx_frag_EndFragment""></a> </p></body> </html>","       Size 12-14-17-19-22-24 mm  ",TOOLING & WS,WS,WS. FURNITURE,,,,,,,460,218,91,101,50,,,,,,,,,,,,,,,,,,,,https://api.mybihr.com/medias/1050524-1-800Wx800H?context=bWFzdGVyfHJvb3R8NzY3NTB8aW1hZ2UvanBlZ3xhR1ZpTDJnek1TODRPVE0xTVRnek1ESTBNVFU0THpFd05UQTFNalF0TVY4NE1EQlhlRGd3TUVnfDBlZmQzMGU5ZDk3ZTVjMzcwNzFmZmJiZDA0MjUxYzZlMTU3MTFkNmFmZGIxZDA1YjU2YjRmOWFiZGJlZDIwZjM,https://api.mybihr.com/medias/1050524-2-800Wx800H?context=bWFzdGVyfHJvb3R8OTgzNTR8aW1hZ2UvanBlZ3xhR0ppTDJnek9DODRPVE0xTVRnek1qSXdOelkyTHpFd05UQTFNalF0TWw4NE1EQlhlRGd3TUVnfDNmODhhNWM4NDRmOGYxYTNkOGMwZjM5MWYyZTg0MGRjZDBhZmFlNTJiNzQxN2UzZjFiYjhjZDQ3ZTVjNGM5OGE,,,,,,,,https://static.bihr.pro/eBihr/Pictures/BETA-pictures.zip,,Spain Warehouse (Parts)
1050528,51100039,057001020,BETA,BETA PANEL PANEL TOOL HOLDER,"Panel portaherramientas BETA, naranja",1827.10,1510.00,1047.20,8014230816937,1,9403208000,0,1,"<html> <head> <meta http-equiv=""Content-Type"" content=""text/html; charset=utf-8""><title> </title> <style type=""text/css"">.cs4FC7BF42{text-align:left;margin:0pt 0pt 0pt 0pt;list-style-type:disc;color:#000;background-color:transparent;font-weight:normal;font-style:normal;}.csA7555675{color:#000;background-color:transparent;font-weight:normal;font-style:normal;}.cs95E872D0{text-align:left;margin:0pt 0pt 0pt 0pt;}</style> </head> <body> <ul> <li><a id=""_DX_FRAG_STARTFRAGMENT""></a>Panel tool holder with three holes on back for wall mounting.</li><li>Aluminium shutter, vertically adjustable, with lock.</li><li>Three removable perforated panels for tool holding.<a id=""_DX_FRAG_ENDFRAGMENT""></a> </li></ul> <p> </p><p>Weight of 46kg</p></body> </html>","        Panel tool holder with three holes on back for wall mounting.Aluminium shutter, vertically adjustable, with lock.Three removable perforated panels for tool holding.   Weight of 46kg ",TOOLING & WS,WS,WS. FURNITURE,,,,,,,600000,88000,2000,1000,300,,,,,,,,,,,,,,,,,,,,https://api.mybihr.com/medias/1050528-1-800Wx800H?context=bWFzdGVyfHJvb3R8MTcxOTA3fGltYWdlL2pwZWd8YURSaUwyZ3lZUzg0T1RNNU5UUTFPVGcxTURVMEx6RXdOVEExTWpndE1WODRNREJYZURnd01FZ3w2MjVmY2IxOWRiMzM2ZDVmOTA4ZDIwYjRiMjhmMDg4ZTFkNDlhN2YyMWMzN2E5ZWIzODhiN2ViYzE2NzA3ZGVk,,,,,,,,,https://static.bihr.pro/eBihr/Pictures/BETA-pictures.zip,,Spain Warehouse (Parts)
1050518,51100051,017670020,BETA,BETA MAGNE TOOL HOLDER ROUND,"Portaherramientas magnético BETA, redondo",29.16,24.10,19.28,8014230478579,1,8205700000,0,1,"<html> <head> <meta http-equiv=""Content-Type"" content=""text/html; charset=utf-8""><title> </title> <style type=""text/css"">.cs95E872D0{text-align:left;margin:0pt 0pt 0pt 0pt;}.csA7555675{color:#000;background-color:transparent;font-weight:normal;font-style:normal;}</style> </head> <body> <p>Ø : 150mm</p></body> </html>","       Ø : 150mm ",TOOLING & WS,WS,WS. FURNITURE,,,,,,,2177,406,246,177,50,,,,,,,,,,,,,,,,,,,,https://api.mybihr.com/medias/1050518-1-800Wx800H?context=bWFzdGVyfHJvb3R8MTMxMjg3fGltYWdlL2pwZWd8YUdNNUwyZzBNQzg0T1RBeU1qUTJPVFUzTURnMkx6RXdOVEExTVRndE1WODRNREJYZURnd01FZ3w3Y2E0ODgyNzY3NmE0NjQ3NjJkNGI3ODQ2ODlkNGJlMGE0YzAzMmY0NDYwZTMwMzQ0NjQ1MzMyMjVhZWMwMjEx,https://api.mybihr.com/medias/1050518-2-800Wx800H?context=bWFzdGVyfHJvb3R8MzE5MjU5fGltYWdlL2pwZWd8YURRMUwyZzRaaTg0T1RBeU1qUTNNVFV6TmprMEx6RXdOVEExTVRndE1sODRNREJYZURnd01FZ3xlMjZmZTk3MzEyYmM5MmQ4NDlmZWFkZTFhZGMxYWJiZTI3ZjEyMmY2ZmU5Nzc2N2Y5OWNjMDhjYmM4NjU3NmQ1,,,,,,,,https://static.bihr.pro/eBihr/Pictures/BETA-pictures.zip,,Spain Warehouse (Parts)
1108789001,,C56B-O,BETA,"BETA C56B WORKBENCH WITH WOOD TOP, ORG",BETA C56B Banco de trabajo con tablero de madera - Naranja,754.74,623.75,499.00,8014230957296,0,9403208000,0,1,"<ul>
<li>Laminated plywood worktop with holes for the installation of a clamp (1599F/125 optional).</li>
<li>Steel structure with 4 support legs.</li>
<li>Static load capacity: 800 kg.</li>
<li>Lower compartment</li>
</ul>","
Laminated plywood worktop with holes for the installation of a clamp (1599F/125 optional).
Steel structure with 4 support legs.
Static load capacity: 800 kg.
Lower compartment
",TOOLING & WS,WS,WS. FURNITURE,,Naranja,,,,,291060,126000,2100,770,180,,,,,,,,Naranja,,,,,,,,,,,,https://api.mybihr.com/medias/1108789001-1-800Wx800H?context=bWFzdGVyfHJvb3R8MzA0NTl8aW1hZ2UvanBlZ3xhRE14TDJoa09DOHhNakU1T1RBM01USTROVEkzT0M4eE1UQTROemc1TURBeExURmZPREF3VjNnNE1EQkl8NmMzZDVjZGY3OTdkZTRiZmNjOWFmZjgyNjBkMzUxN2UzNDdmYmY1YjI2NmY0YmQ1YjhjNTYwYWVkYTBhMDEwZQ,,,,,,,,,https://static.bihr.pro/eBihr/Pictures/BETA-pictures.zip,,Spain Warehouse (Parts)
1050554,34822,088880910,BETA,BETA SUPPORT FOR SPG11,SOPORTE VACIO PARA DESTORNILLADOR. BETA (SPG11),31.46,26.00,20.80,8014230430904,1,8714109090,0,1,<p>Soporte vacío para destornilladores.<br>11&nbsp;huecos.</p><p>&nbsp;</p><p><strong>Accesorios para contenedores de chapa:</strong> </p><p>-N.8 Ø = 7 mm.</p><p>-N.2 Ø = 10&nbsp;mm.<br>-N.1 Ø = 12&nbsp;mm.</p>,"
Soporte vacío para destornilladores.11 huecos.
 
Accesorios para contenedores de chapa: 
-N.8 Ø = 7 mm.
-N.2 Ø = 10 mm.-N.1 Ø = 12 mm.",TOOLING & WS,WS,WS. FURNITURE,,,,,,,1782,516,90,330,60,,,,,,,,,,,,,,,,,,,,https://api.mybihr.com/medias/1050554-1-800Wx800H?context=bWFzdGVyfHJvb3R8NDc2Nzd8aW1hZ2UvanBlZ3xhR0UzTDJoak5pOHhOVFF5TmpBM056SXlPVEE0Tmk4eE1EVXdOVFUwTFRGZk9EQXdWM2c0TURCSXxjMDNjN2MyODY0YmUyYmY4YWU4Y2YyMDlmNzE1OTg5MTgwZWQxYzEzZTc4YjYwNTNlMzJmYmJjODE5MGY5NDdk,,,,,,,,,https://static.bihr.pro/eBihr/Pictures/BETA-pictures.zip,,Spain Warehouse (Parts)
1050546,34812,088880255,BETA,BETA SPRING HOOK SPRING CONNECT. Ø25,GANCHO MUELLE BETA (GM 25),10.65,8.80,7.04,088880255,6,8607300000,0,1,<p>Gancho (accesorio para contenedores de chapa). Gancho muelle para panel porta-herramientas.</p><p>&nbsp;</p><p><strong>Ø:</strong>&nbsp; 25 mm.</p>,"
Gancho (accesorio para contenedores de chapa). Gancho muelle para panel porta-herramientas.
 
Ø:  25 mm.",TOOLING & WS,WS,WS. FURNITURE,,,,,,,480,16,40,400,30,,,,,,,,,,,,,,,,,,,,https://api.mybihr.com/medias/1050546-1-800Wx800H?context=bWFzdGVyfHJvb3R8NDY1NzZ8aW1hZ2UvanBlZ3xhRE5qTDJnd1lTOHhOVFF5TmpBM05EQTRNek0xT0M4eE1EVXdOVFEyTFRGZk9EQXdWM2c0TURCSXwxZDEyYzZjODUwMTQ2NjdmMjg3ZGEyMjNjNTY2YjFkYjE3ODUxNzBjZTIzNjBlNjcwM2ZhNGIwODNiMTk4ZmEy,,,,,,,,,https://static.bihr.pro/eBihr/Pictures/BETA-pictures.zip,,Spain Warehouse (Parts)
1050538,34701,000960958,BETA,BETA SUPPORT 96T/SPV,SOPORTE VACIO BETA (96 T/SPV),44.17,36.50,29.20,8014230025940,1,8714109090,0,1,<p>Soporte vacío para llaves allen. Soporte para llaves en “L”. <br>11 huecos.</p><p>&nbsp;</p>,"
Soporte vacío para llaves allen. Soporte para llaves en “L”. 11 huecos.
 ",TOOLING & WS,WS,WS. FURNITURE,,,,,,,1296,468,80,270,60,,,,,,,,,,,,,,,,,,,,https://api.mybihr.com/medias/1050538-1-800Wx800H?context=bWFzdGVyfHJvb3R8MzQ5NTl8aW1hZ2UvanBlZ3xhR1ppTDJoaVpTOHhOVFF5TmpBMk9UTTJORGMyTmk4eE1EVXdOVE00TFRGZk9EQXdWM2c0TURCSXw0M2U2NTgwYWZmMDNjYWYyNWE3OGU5ZmQyMTFlYTcwNGU3OWNhNDg4ZGEyNGI0ODQ4NGY4NzM5N2JkYTQ0ZDhk,,,,,,,,,https://static.bihr.pro/eBihr/Pictures/BETA-pictures.zip,,Spain Warehouse (Parts)
1050542,34808,088880251,BETA,"BETA SPRING HOOK SPRING CONNECT.Ø9,5","GANCHO MUELLE BETA (GM 9,5)",8.65,7.15,4.06,088880251,8,8607300000,0,1,"<p>Gancho (accesorio para contenedores de chapa). Gancho muelle para panel porta-herramientas.</p><p>&nbsp;</p><p><strong>Ø:</strong>&nbsp; 9,5 mm.</p>","
Gancho (accesorio para contenedores de chapa). Gancho muelle para panel porta-herramientas.
 
Ø:  9,5 mm.",TOOLING & WS,WS,WS. FURNITURE,,,,,,,61,16,56,68,16,,,,,,,,,,,,,,,,,,,,https://api.mybihr.com/medias/1050542-1-800Wx800H?context=bWFzdGVyfHJvb3R8NDU0OTN8aW1hZ2UvanBlZ3xhRGhrTDJoalpDOHhOVFF5TmpBM01qVXhNRFE1TkM4eE1EVXdOVFF5TFRGZk9EQXdWM2c0TURCSXw5NDJkZTgwNDMzMWZlNmVlOGFlMzY3M2FkYmE4OGE3ZDRmNTc2ZjQwMWQ2NDhhMTg4NzZkMzk2NjQxOGZjNTcy,,,,,,,,,https://static.bihr.pro/eBihr/Pictures/BETA-pictures.zip,,Spain Warehouse (Parts)
1050543,34809,088880252,BETA,BETA SPRING HOOK SPRING CONNECT. Ø13,GANCHO MUELLE BETA (GM 13),8.65,7.15,3.83,088880252,3,8607300000,0,1,<p>Gancho (accesorio para contenedores de chapa). Gancho muelle para panel porta-herramientas.</p><p>&nbsp;</p><p><strong>Ø:</strong>&nbsp;&nbsp;13 mm.</p>,"
Gancho (accesorio para contenedores de chapa). Gancho muelle para panel porta-herramientas.
 
Ø:  13 mm.",TOOLING & WS,WS,WS. FURNITURE,,,,,,,176,12,40,220,20,,,,,,,,,,,,,,,,,,,,https://api.mybihr.com/medias/1050543-1-800Wx800H?context=bWFzdGVyfHJvb3R8NDUyOTl8aW1hZ2UvanBlZ3xhREF3TDJoak1DOHhOVFF5TmpBM01qa3dNemN4TUM4eE1EVXdOVFF6TFRGZk9EQXdWM2c0TURCSXwxNDhkYjZiZjA1NTQxMGMxYzAxNTJiOTFjZGE5YzFmY2M2MDYwNTg4OTA3NGNhM2YyMDBmZTNmZmQ3NWJkZTAy,,,,,,,,,https://static.bihr.pro/eBihr/Pictures/BETA-pictures.zip,,Spain Warehouse (Parts)
1050544,34810,088880253,BETA,BETA SPRING HOOK SPRING CONNECT. Ø16,GANCHO MUELLE BETA (GM 16),10.22,8.45,6.76,8014230631646,10,8607300000,0,1,<p>Gancho (accesorio para contenedores de chapa). Gancho muelle para panel porta-herramientas.</p><p>&nbsp;</p><p><strong>Ø:</strong>&nbsp;&nbsp;16 mm.</p>,"
Gancho (accesorio para contenedores de chapa). Gancho muelle para panel porta-herramientas.
 
Ø:  16 mm.",TOOLING & WS,WS,WS. FURNITURE,,,,,,,118,12,62,83,23,,,,,,,,,,,,,,,,,,,,https://api.mybihr.com/medias/1050544-1-800Wx800H?context=bWFzdGVyfHJvb3R8NDQ0NTV8aW1hZ2UvanBlZ3xhREUyTDJnMlpDOHhOVFF5TmpBM016STVOamt5Tmk4eE1EVXdOVFEwTFRGZk9EQXdWM2c0TURCSXw0MDA4NWEzNzZkOWFiZjc4YTRiYjE2OGRhNTNmMmVkNzQyN2Y0M2Q5YzJjZjZjYTdjOTk2ZGIwNDEwNjNmNWYx,,,,,,,,,https://static.bihr.pro/eBihr/Pictures/BETA-pictures.zip,,Spain Warehouse (Parts)
1050545,34811,088880254,BETA,BETA SPRING HOOK SPRING CONNECT. Ø19,GANCHO MUELLE BETA (GM 19),10.59,8.75,7.00,8014230632025,9,8607300000,0,1,<p>Gancho (accesorio para contenedores de chapa). Gancho muelle para panel porta-herramientas.</p><p>&nbsp;</p><p><strong>Ø:</strong>&nbsp;&nbsp;19 mm.</p>,"
Gancho (accesorio para contenedores de chapa). Gancho muelle para panel porta-herramientas.
 
Ø:  19 mm.",TOOLING & WS,WS,WS. FURNITURE,,,,,,,30,14,30,50,20,,,,,,,,,,,,,,,,,,,,https://api.mybihr.com/medias/1050545-1-800Wx800H?context=bWFzdGVyfHJvb3R8NDQ4NTl8aW1hZ2UvanBlZ3xhRGMxTDJnMVppOHhOVFF5TmpBM016WTVNREUwTWk4eE1EVXdOVFExTFRGZk9EQXdWM2c0TURCSXwwN2E2NDk2NGM1MGRiMGM0NGE2NzcyNGE1YjhkZTBhMDhlMDExNTNmMzE3ODYwNDUwOTU3MzhmZTJkODViYzFj,,,,,,,,,https://static.bihr.pro/eBihr/Pictures/BETA-pictures.zip,,Spain Warehouse (Parts)
1109804,,C45PRO M7,BETA,BETA FIXED MODULE 7 DRAWERS GREY,Módulo fijo BETA 7 cajones gris,715.11,591.00,472.80,8014230930008,0,9403208000,0,1,"<ul>
	<li>7 drawers (566x406 mm)</li>
	<li>Drawer bases protected by foamed rubber mats</li>
	<li>Front centralized lock</li>
	<li>Can be fitted with foam trays</li>
	<li>Dimention : 680x458x910 mm</li>
</ul>
","
	7 drawers (566x406 mm)
	Drawer bases protected by foamed rubber mats
	Front centralized lock
	Can be fitted with foam trays
	Dimention : 680x458x910 mm

",TOOLING & WS,WS,WS. FURNITURE,,,,,,,300118,54300,680,485,910,,,,,,,,,,,,,,,,,,,,https://api.mybihr.com/medias/800Wx800H-1109804-1.jpg?context=bWFzdGVyfHJvb3R8NDg2MDJ8aW1hZ2UvanBlZ3xhR0ZtTDJnMU1DODNPVGt3TlRJNU9ESTFNVGd3Tmk4NE1EQlhlRGd3TUVoZk1URXdPVGd3TkMweExtcHdad3xhZjU2M2U5M2YwZTllYjBlMGYyNzY0OTNiNGU0ZWE5M2QyMzhmZjVlNzZmMmRiNDhlZmE5MTdlMWRkM2QwZTQ2,https://api.mybihr.com/medias/800Wx800H-1109804-2.jpg?context=bWFzdGVyfHJvb3R8ODEwNDV8aW1hZ2UvanBlZ3xhR1V3TDJnME5pODNPVGt3TlRJNU9EVXhNemsxTUM4NE1EQlhlRGd3TUVoZk1URXdPVGd3TkMweUxtcHdad3w0ODJjNmRmOTk2NTk4ZGE4MGFhMDQ3YWM1MDZmYjU5M2RhM2U2ZDZiNmM5N2JlZjUyOWU1Njc1MWVlZmVkZmI2,https://api.mybihr.com/medias/800Wx800H-1109804-3.jpg?context=bWFzdGVyfHJvb3R8OTAwODl8aW1hZ2UvanBlZ3xhRFV5TDJnek9TODNPVGt3TlRJNU9Ea3dOekUyTmk4NE1EQlhlRGd3TUVoZk1URXdPVGd3TkMwekxtcHdad3wyMWI5ZDQzZGZlMzgzMzNmZDYyNDgxZTcxNWI1MWY0Nzk0NWRiNGExOWExNDQ4ZmY2ZDFmNmRjNzZkNGI3NzFl,https://api.mybihr.com/medias/800Wx800H-1109804-4.jpg?context=bWFzdGVyfHJvb3R8NzUxMDB8aW1hZ2UvanBlZ3xhR1k1TDJneFlpODNPVGt3TlRJNU9UTXdNRE00TWk4NE1EQlhlRGd3TUVoZk1URXdPVGd3TkMwMExtcHdad3wyNDhkMjNiMzFkYzFhYTcyZDc5Njc1ZmZhZGM0ZjllODg0OWQyZGRhMGY1Y2U4ZjAwMTU5ZGM4NjE4MDAxM2Nh,https://api.mybihr.com/medias/800Wx800H-1109804-5.jpg?context=bWFzdGVyfHJvb3R8NDQ5NTl8aW1hZ2UvanBlZ3xhRE0yTDJneU55ODNPVGt3TlRJNU9UWTVNelU1T0M4NE1EQlhlRGd3TUVoZk1URXdPVGd3TkMwMUxtcHdad3w5NjRjZDVhYzhiZGU4NWU1MzY0ODhjMzA3NTBjZmM4NzcwYmY4OTE1NTYxMTNlYmFiMzU3ODFmNmY4YTU2ZTE0,,,,,https://static.bihr.pro/eBihr/Pictures/BETA-pictures.zip,,Spain Warehouse (Parts)
1129843,,1889N,BETA,BETA SPILL CONTAINMENT BASE,Base de acero BETA para manipulación y almacenamiento de 2 barriles de 200 L,786.50,650.00,520.00,8054809541785,2,9403208000,0,1,"<p>Esta robusta base de acero est&aacute; dise&ntilde;ada para facilitar la manipulaci&oacute;n y el almacenamiento seguro de dos barriles de 200 litros. Su construcci&oacute;n permite un f&aacute;cil transporte mediante carretilla elevadora o transpaleta, optimizando la eficiencia en entornos industriales. El soporte no es apilable y est&aacute; completamente pintado en caliente con polvo epoxi, proporcionando una m&aacute;xima protecci&oacute;n contra productos qu&iacute;micos.</p>
<p><strong>Caracter&iacute;sticas:</strong></p>
<ul>
<li><strong>Capacidad:</strong> Soporta 2 barriles de 200 litros.</li>
<li><strong>Dimensiones:</strong> Largo: 1280 mm, Ancho: 750 mm, Altura: 365 mm.</li>
<li><strong>Transporte:</strong> Compatible con carretillas elevadoras y transpaletas.</li>
<li><strong>Acabado:</strong> Pintura en polvo epoxi para resistencia qu&iacute;mica.</li>
<li><strong>Uso:</strong> Ideal para almacenamiento y manipulaci&oacute;n segura de barriles en entornos industriales.</li>
</ul>","
Esta robusta base de acero está diseñada para facilitar la manipulación y el almacenamiento seguro de dos barriles de 200 litros. Su construcción permite un fácil transporte mediante carretilla elevadora o transpaleta, optimizando la eficiencia en entornos industriales. El soporte no es apilable y está completamente pintado en caliente con polvo epoxi, proporcionando una máxima protección contra productos químicos.

Características:

Capacidad: Soporta 2 barriles de 200 litros.
Dimensiones: Largo: 1280 mm, Ancho: 750 mm, Altura: 365 mm.
Transporte: Compatible con carretillas elevadoras y transpaletas.
Acabado: Pintura en polvo epoxi para resistencia química.
Uso: Ideal para almacenamiento y manipulación segura de barriles en entornos industriales.
",TOOLING & WS,WS,WS. FURNITURE,,,,,,,519168,73500,1280,780,520,,,,,,,,Naranja,,,,,,,,,,,,https://api.mybihr.com/medias/800Wx800H-1129843-1.jpg?context=bWFzdGVyfHJvb3R8MzE1MzF8aW1hZ2UvanBlZ3xhRGRqTDJoak9DODNPVFV3TURnM09ERTRORFEzT0M4NE1EQlhlRGd3TUVoZk1URXlPVGcwTXkweExtcHdad3w2M2IzYzQxZjYyZTI5NzEwNmUxNDFjZGIwMWNmODliOGU4OGY1NGU1YTQ4Y2IyNDBiZWQ3NTU4ZmZjYjUwOGNi,https://api.mybihr.com/medias/800Wx800H-1129843-2.jpg?context=bWFzdGVyfHJvb3R8MzEwMzF8aW1hZ2UvanBlZ3xhR1ZtTDJoaVlTODNPVFV3TURnM09EVTNOelk1TkM4NE1EQlhlRGd3TUVoZk1URXlPVGcwTXkweUxtcHdad3xhOTk5NWE1M2U4MzdiYmYyMWNhODU1NDc3ZTAwZGE2YWIzZWM5NTQ2N2RkMTVkNDczZmVhYWFhZGZhYWQ2NmRj,https://api.mybihr.com/medias/800Wx800H-1129843-3.jpg?context=bWFzdGVyfHJvb3R8NTQ5MjZ8aW1hZ2UvanBlZ3xhR05qTDJneVpTODNPVFUyT1RZeU5qSXpORGt4TUM4NE1EQlhlRGd3TUVoZk1URXlPVGcwTXkwekxtcHdad3xmZDE3YTQwZDZkYTRkN2I4MGQzYWU4MGRjNmQ1Yjk2NmVlY2ZmNzc2NjExZjFhYzc1YTdlNjg0YTYyZDU1ZjU1,https://api.mybihr.com/medias/800Wx800H-1129843-4.jpg?context=bWFzdGVyfHJvb3R8OTE0MjB8aW1hZ2UvanBlZ3xhRFZoTDJnell5ODNPVFUyT1RZeU5qWXlPREV5Tmk4NE1EQlhlRGd3TUVoZk1URXlPVGcwTXkwMExtcHdad3xiYmY1OGVlMGY5NGY4NTMzMTg1MDY5YmVjOGY2MzliZDUwMWE4M2NhZjA2NTk0YmY3MDkxMDJlNzJlMmUwNDky,https://api.mybihr.com/medias/800Wx800H-1129843-5.jpg?context=bWFzdGVyfHJvb3R8OTExNzh8aW1hZ2UvanBlZ3xhR0UyTDJnNU1TODNPVFUyT1RZeU56QXlNVE0wTWk4NE1EQlhlRGd3TUVoZk1URXlPVGcwTXkwMUxtcHdad3w2N2M0NzdjOGI1YjdiZWVmYTQzODdhOTNiZjc5ZmU0N2E4NzM3MWRiMzE4Mzc5MDY5M2IwZmY4OWVhMTY0ZTY4,,,,,https://static.bihr.pro/eBihr/Pictures/BETA-pictures.zip,,Spain Warehouse (Parts)
1129819002,,C51 G,BETA,"BETA TROLLEY WORKSHOP METALLIC, GRY",Carro de taller BETA C51 - Gris,300.99,248.75,199.00,8014230674803,0,8716800000,0,1,"<p>carro de herramientas dise&ntilde;ado para facilitar el transporte y almacenamiento de herramientas en talleres y entornos industriales.</p>
<p><strong>Descripci&oacute;n del producto:</strong></p>
<ul>
<li>
<p><strong>Estructura robusta:</strong> Fabricado en acero resistente, garantiza durabilidad y una larga vida &uacute;til.</p>
</li>
<li>
<p><strong>Tres estantes:</strong> Cada uno forrado con caucho acanalado antideslizante para asegurar que las herramientas permanezcan en su lugar durante el movimiento.</p>
</li>
<li>
<p><strong>Manillar ergon&oacute;mico:</strong> Facilita el manejo y desplazamiento del carro, proporcionando comodidad al usuario.</p>
</li>
<li>
<p><strong>Estante central ajustable:</strong> Ofrece dos opciones de colocaci&oacute;n, permitiendo personalizar el espacio seg&uacute;n las necesidades espec&iacute;ficas.</p>
</li>
<li>
<p><strong>Ruedas de 100 mm de di&aacute;metro:</strong> Incluye cuatro ruedas, dos fijas y dos giratorias (una con freno), que permiten una movilidad suave y segura.</p>
</li>
<li>
<p><strong>Capacidad de carga est&aacute;tica:</strong> Soporta hasta 200 kg distribuidos uniformemente entre los tres estantes.</p>
</li>
</ul>","
carro de herramientas diseñado para facilitar el transporte y almacenamiento de herramientas en talleres y entornos industriales.

Descripción del producto:


Estructura robusta: Fabricado en acero resistente, garantiza durabilidad y una larga vida útil.


Tres estantes: Cada uno forrado con caucho acanalado antideslizante para asegurar que las herramientas permanezcan en su lugar durante el movimiento.


Manillar ergonómico: Facilita el manejo y desplazamiento del carro, proporcionando comodidad al usuario.


Estante central ajustable: Ofrece dos opciones de colocación, permitiendo personalizar el espacio según las necesidades específicas.


Ruedas de 100 mm de diámetro: Incluye cuatro ruedas, dos fijas y dos giratorias (una con freno), que permiten una movilidad suave y segura.


Capacidad de carga estática: Soporta hasta 200 kg distribuidos uniformemente entre los tres estantes.

",TOOLING & WS,WS,WS. FURNITURE,,Gris,,,,,54999,21620,810,485,140,,,,,,,,,,,,,,,,,,,,https://api.mybihr.com/medias/800Wx800H-1129819002-1.jpg?context=bWFzdGVyfHJvb3R8NDgwOTJ8aW1hZ2UvanBlZ3xhREEyTDJneE9TODNPVFV3TURnMk56azJNRGcyTWk4NE1EQlhlRGd3TUVoZk1URXlPVGd4T1RBd01pMHhMbXB3Wnd8ZmEzODk5MjFhZDYyMGMyNDNkMjA2ZTUyYzI4YjFmMzQ0YzdiOGZkMmYzYTE2YTJhMWFkNmFmODQ3MjJjYTU2Ng,https://api.mybihr.com/medias/800Wx800H-1129819002-2.jpg?context=bWFzdGVyfHJvb3R8NTAwMTh8aW1hZ2UvanBlZ3xhRE5tTDJnMlpTODNPVFV3TURnMk9ETTFOREEzT0M4NE1EQlhlRGd3TUVoZk1URXlPVGd4T1RBd01pMHlMbXB3Wnd8ZDYyYjgyOWJkNzI1ZGU4NTk3NDRlZjBmNzE4OGJlNmIyN2I3NGJhYjQxMWU5ZWRlOTg3MWI5ZmMwZGQ1NWM3Zg,,,,,,,,https://static.bihr.pro/eBihr/Pictures/BETA-pictures.zip,,Spain Warehouse (Parts)
1129819003,,C51 R,BETA,"BETA TROLLEY WORKSHOP METALLIC, RED",Carro de taller BETA C51 - Rojo,300.99,248.75,199.00,8014230674810,0,8716800000,0,1,"<p>carro de herramientas dise&ntilde;ado para facilitar el transporte y almacenamiento de herramientas en talleres y entornos industriales.</p>
<p><strong>Descripci&oacute;n del producto:</strong></p>
<ul>
<li>
<p><strong>Estructura robusta:</strong> Fabricado en acero resistente, garantiza durabilidad y una larga vida &uacute;til.</p>
</li>
<li>
<p><strong>Tres estantes:</strong> Cada uno forrado con caucho acanalado antideslizante para asegurar que las herramientas permanezcan en su lugar durante el movimiento.</p>
</li>
<li>
<p><strong>Manillar ergon&oacute;mico:</strong> Facilita el manejo y desplazamiento del carro, proporcionando comodidad al usuario.</p>
</li>
<li>
<p><strong>Estante central ajustable:</strong> Ofrece dos opciones de colocaci&oacute;n, permitiendo personalizar el espacio seg&uacute;n las necesidades espec&iacute;ficas.</p>
</li>
<li>
<p><strong>Ruedas de 100 mm de di&aacute;metro:</strong> Incluye cuatro ruedas, dos fijas y dos giratorias (una con freno), que permiten una movilidad suave y segura.</p>
</li>
<li>
<p><strong>Capacidad de carga est&aacute;tica:</strong> Soporta hasta 200 kg distribuidos uniformemente entre los tres estantes.</p>
</li>
</ul>","
carro de herramientas diseñado para facilitar el transporte y almacenamiento de herramientas en talleres y entornos industriales.

Descripción del producto:


Estructura robusta: Fabricado en acero resistente, garantiza durabilidad y una larga vida útil.


Tres estantes: Cada uno forrado con caucho acanalado antideslizante para asegurar que las herramientas permanezcan en su lugar durante el movimiento.


Manillar ergonómico: Facilita el manejo y desplazamiento del carro, proporcionando comodidad al usuario.


Estante central ajustable: Ofrece dos opciones de colocación, permitiendo personalizar el espacio según las necesidades específicas.


Ruedas de 100 mm de diámetro: Incluye cuatro ruedas, dos fijas y dos giratorias (una con freno), que permiten una movilidad suave y segura.


Capacidad de carga estática: Soporta hasta 200 kg distribuidos uniformemente entre los tres estantes.

",TOOLING & WS,WS,WS. FURNITURE,,Rojo,,,,,54999,21800,810,485,140,,,,,,,,,,,,,,,,,,,,https://api.mybihr.com/medias/800Wx800H-1129819003-1.jpg?context=bWFzdGVyfHJvb3R8NzA5NzJ8aW1hZ2UvanBlZ3xhR05rTDJnM1lpODNPVFV3TURnMk9EYzBOekk1TkM4NE1EQlhlRGd3TUVoZk1URXlPVGd4T1RBd015MHhMbXB3Wnd8ZjRhMDA1ZTA3YWQ4ZDhmYWQzMDVmZDRkZjcxYTg5ZTVlMmZmZTdiNjg5MWI4NGU4NTQ0YTUxMDQ0YTkyMjNjZg,https://api.mybihr.com/medias/800Wx800H-1129819003-2.jpg?context=bWFzdGVyfHJvb3R8NTAwMTh8aW1hZ2UvanBlZ3xhREU1TDJoa01TODNPVFV3TURnMk9URTBNRFV4TUM4NE1EQlhlRGd3TUVoZk1URXlPVGd4T1RBd015MHlMbXB3Wnd8ZGFkMWI4NDI1Y2EzM2E5OTkzYTQwNjdhNTA2ZjhhYWVlNGM0NTk5M2UzZTY5Mzk3ODFlYjU2MDNlYTA2Mzc2YQ,,,,,,,,https://static.bihr.pro/eBihr/Pictures/BETA-pictures.zip,,Spain Warehouse (Parts)
1129819001,,C51 O,BETA,"BETA TROLLEY WORKSHOP METALLIC, ORG",Carro de taller BETA C51 - Naranja,300.99,248.75,199.00,8014230554303,1,8716800000,0,1,"<p>carro de herramientas dise&ntilde;ado para facilitar el transporte y almacenamiento de herramientas en talleres y entornos industriales.</p>
<p><strong>Descripci&oacute;n del producto:</strong></p>
<ul>
<li>
<p><strong>Estructura robusta:</strong> Fabricado en acero resistente, garantiza durabilidad y una larga vida &uacute;til.</p>
</li>
<li>
<p><strong>Tres estantes:</strong> Cada uno forrado con caucho acanalado antideslizante para asegurar que las herramientas permanezcan en su lugar durante el movimiento.</p>
</li>
<li>
<p><strong>Manillar ergon&oacute;mico:</strong> Facilita el manejo y desplazamiento del carro, proporcionando comodidad al usuario.</p>
</li>
<li>
<p><strong>Estante central ajustable:</strong> Ofrece dos opciones de colocaci&oacute;n, permitiendo personalizar el espacio seg&uacute;n las necesidades espec&iacute;ficas.</p>
</li>
<li>
<p><strong>Ruedas de 100 mm de di&aacute;metro:</strong> Incluye cuatro ruedas, dos fijas y dos giratorias (una con freno), que permiten una movilidad suave y segura.</p>
</li>
<li>
<p><strong>Capacidad de carga est&aacute;tica:</strong> Soporta hasta 200 kg distribuidos uniformemente entre los tres estantes.</p>
</li>
</ul>","
carro de herramientas diseñado para facilitar el transporte y almacenamiento de herramientas en talleres y entornos industriales.

Descripción del producto:


Estructura robusta: Fabricado en acero resistente, garantiza durabilidad y una larga vida útil.


Tres estantes: Cada uno forrado con caucho acanalado antideslizante para asegurar que las herramientas permanezcan en su lugar durante el movimiento.


Manillar ergonómico: Facilita el manejo y desplazamiento del carro, proporcionando comodidad al usuario.


Estante central ajustable: Ofrece dos opciones de colocación, permitiendo personalizar el espacio según las necesidades específicas.


Ruedas de 100 mm de diámetro: Incluye cuatro ruedas, dos fijas y dos giratorias (una con freno), que permiten una movilidad suave y segura.


Capacidad de carga estática: Soporta hasta 200 kg distribuidos uniformemente entre los tres estantes.

",TOOLING & WS,WS,WS. FURNITURE,,Naranja,,,,,54999,22180,810,485,140,,,,,,,,,,,,,,,,,,,,https://api.mybihr.com/medias/800Wx800H-1129819001-1.jpg?context=bWFzdGVyfHJvb3R8NzE0NDB8aW1hZ2UvanBlZ3xhREkzTDJnd01pODNPVFV3TURnMk56RTNORFF6TUM4NE1EQlhlRGd3TUVoZk1URXlPVGd4T1RBd01TMHhMbXB3Wnd8ZWZlZWJmMjIyMWI3Njc4ZDJlNmIzOWFjN2RmNDgyYzFiMDIzMWVjNmJkNDhiMGY0NGUyY2YzY2UxYTkyY2FkYQ,https://api.mybihr.com/medias/800Wx800H-1129819001-2.jpg?context=bWFzdGVyfHJvb3R8NTAwMTh8aW1hZ2UvanBlZ3xhRFkxTDJnd1lpODNPVFV3TURnMk56VTJOelkwTmk4NE1EQlhlRGd3TUVoZk1URXlPVGd4T1RBd01TMHlMbXB3Wnd8ZjI1MGQ0YzgwNTk5N2I3MTJmMzA3NmQyOWM2MWRiNmQzOTZhMzQ4YzZhOTUwNzEwZmI0NzBiMjMxN2VlMWE3YQ,,,,,,,,https://static.bihr.pro/eBihr/Pictures/BETA-pictures.zip,,Spain Warehouse (Parts)
1148268,,012031018,BETA,BETA SCREWDRIVER SET 8-PIECE 1203E/D8P,Juego de destornilladores BETA,59.29,49.00,39.20,8054809133881,2,9403208000,0,1,"<p><strong>¡La evolución del destornillador!</strong><br><br><strong>Juego de 8 destornilladores Phillips:</strong><br>&bull; 1201E ➜ 2.5x50 &ndash; 3x75 &ndash; 4x100 &ndash; 5.5x100 &ndash; 6.5x150 mm<br>&bull; 1202E ➜ PH0x60 &ndash; PH1x80 &ndash; PH2x100 mm<br><br><strong>El diseño ergonómico</strong> se adapta perfectamente a la palma de la mano. Mango bimaterial para transmitir lo máximo de la fuerza con el menor esfuerzo y con la mejor comodidad.<br><br><strong>Las hojas Beta</strong>, de eficacia probada ofrecen la mejor elasticidad, dureza y resistencia al desgaste de su clase para destornilladores profesionales. <strong></strong><br><br><strong>La sección octogonal</strong> evita que la herramienta ruede sobre la superficie de trabajo.<br><br><strong>El nuevo mango ergonómico</strong> es <strong>muy cómodo</strong> incluso en condiciones exigentes.<br><br><strong>Las marcas de impresión y tamaño</strong> en la parte superior del mango permiten una <strong>rápida identificación.</strong>.<br><br><strong>La zona de precisión</strong> permite girar rápidamente el destornillador entre los dedos.<br><br><strong>El almacenamiento</strong> es muy sencillo gracias al ojal de suspensión integrado en el mango.</p>","
¡La evolución del destornillador!Juego de 8 destornilladores Phillips:• 1201E ➜ 2.5x50 – 3x75 – 4x100 – 5.5x100 – 6.5x150 mm• 1202E ➜ PH0x60 – PH1x80 – PH2x100 mmEl diseño ergonómico se adapta perfectamente a la palma de la mano. Mango bimaterial para transmitir lo máximo de la fuerza con el menor esfuerzo y con la mejor comodidad.Las hojas Beta, de eficacia probada ofrecen la mejor elasticidad, dureza y resistencia al desgaste de su clase para destornilladores profesionales. La sección octogonal evita que la herramienta ruede sobre la superficie de trabajo.El nuevo mango ergonómico es muy cómodo incluso en condiciones exigentes.Las marcas de impresión y tamaño en la parte superior del mango permiten una rápida identificación..La zona de precisión permite girar rápidamente el destornillador entre los dedos.El almacenamiento es muy sencillo gracias al ojal de suspensión integrado en el mango.",TOOLING & WS,WS,WS. FURNITURE,,,,,,,2848,618,339,175,48,,,,,,,,,,,,,,,,,,,,https://api.mybihr.com/medias/800Wx800H-1148268-1.jpg?context=bWFzdGVyfHJvb3R8MTk0MjQxOXxpbWFnZS9qcGVnfGFHVTFMMmhpWmk4NE16TTRNVEF4T1Rjek9ERTBNaTg0TURCWGVEZ3dNRWhmTVRFME9ESTJPQzB4TG1wd1p3fDRhYzM2ZTdhZjhlYjJiOTNlN2RmNDU0Y2IyZDMyOTYyMzY4MzVjYjM0MzY3YzdhM2RjMmUyYTA4MDRiZTc5Zjk,https://api.mybihr.com/medias/800Wx800H-1148268-3.jpg?context=bWFzdGVyfHJvb3R8MTg2NDY1M3xpbWFnZS9qcGVnfGFESmlMMmcwTXk4NE16TTRNVEF5TURFek1UTTFPQzg0TURCWGVEZ3dNRWhmTVRFME9ESTJPQzB6TG1wd1p3fGM1ZTc0ZGI2NDlhNGM4YzM2NGUyNDBjMWUwMzBjN2Y1OWM2NGNhN2Q1MDM5YmRjZWI0MTQ0YTY2YTlkOTc0Nzk,https://api.mybihr.com/medias/800Wx800H-1148268-4.jpg?context=bWFzdGVyfHJvb3R8MTkzMTE2NnxpbWFnZS9qcGVnfGFHSTVMMmcxTUM4NE16TTRNVEF5TURVeU5EVTNOQzg0TURCWGVEZ3dNRWhmTVRFME9ESTJPQzAwTG1wd1p3fGQ0NjRlNzY4NDY1MTg0MmM0NDUyNTc5OGJhMTIxOGI5YzQ2MTA3OGM4MzRjNmZiMGI4M2IwYzMxNDRjMWJiMjc,https://api.mybihr.com/medias/800Wx800H-1148268-5.jpg?context=bWFzdGVyfHJvb3R8MTg5Mjk2MHxpbWFnZS9qcGVnfGFEUTJMMmcxWlM4NE16TTRNVEF5TURreE56YzVNQzg0TURCWGVEZ3dNRWhmTVRFME9ESTJPQzAxTG1wd1p3fGEwYzA2YjVlZWI1NTNiYjJmMDMzM2NiNDU4N2JiMzI0Y2I2NDQ0MDQwMjA1NzIzYTljNmFkZDAwMGQwZjlkN2M,https://api.mybihr.com/medias/800Wx800H-1148268-6.jpg?context=bWFzdGVyfHJvb3R8MTk3NjM4N3xpbWFnZS9qcGVnfGFEa3pMMmhpTXk4NE16TTRNVEF5TVRNeE1UQXdOaTg0TURCWGVEZ3dNRWhmTVRFME9ESTJPQzAyTG1wd1p3fDg0MWE5NTY2ZmZiYzk5NWQ4ZGEwZmEzNjczYmNkZDIyYzk4MTAyNzJjOTViNDQxZGE1ZjFkYWNmNmJkMTRlNGE,,,,,https://static.bihr.pro/eBihr/Pictures/BETA-pictures.zip,,Spain Warehouse (Parts)
1148254,,050001092,BETA,BETA WORKSHOP RSC50 2.0 D + 223 TOOLS,Combinación de mobiliario BETA para taller RSC50 2.0 con 223 herramientas,9196.00,7600.00,2999.00,8054809667089,6,9403208000,0,1,"<p><strong>Combinación de mobiliario para taller RSC50 2.0 con 223 herramientas</strong><br><br>
• 1 encimera de 1495 x 700 mm (RSC50 2.0 NPG/2-1.5MT)<br>
• 1 cajonera fija con 7 cajones (RSC50 2.0 M7)<br>
• 1 módulo fijo con 2 puertas (RSC50 2.0 MA)<br>
• 2 armarios superiores de pared (RSC50 2.0 PM)<br>
• 2 paneles de herramientas perforados superiores (RSC50 2.0 PFS)<br>
• 2 paneles de herramientas perforados inferiores (RSC50 2.0 PFI)<br>
• 2 parejas de montantes derecha/izquierda (RSC50 2.0 P/2MDX-SX)<br>
• 1 armario con 1 puerta (RSC50 2.0 A1)</p>","
Combinación de mobiliario para taller RSC50 2.0 con 223 herramientas
• 1 encimera de 1495 x 700 mm (RSC50 2.0 NPG/2-1.5MT)
• 1 cajonera fija con 7 cajones (RSC50 2.0 M7)
• 1 módulo fijo con 2 puertas (RSC50 2.0 MA)
• 2 armarios superiores de pared (RSC50 2.0 PM)
• 2 paneles de herramientas perforados superiores (RSC50 2.0 PFS)
• 2 paneles de herramientas perforados inferiores (RSC50 2.0 PFI)
• 2 parejas de montantes derecha/izquierda (RSC50 2.0 P/2MDX-SX)
• 1 armario con 1 puerta (RSC50 2.0 A1)",TOOLING & WS,WS,WS. FURNITURE,,,,,,,2499840,313000,2170,800,1440,,,,,,,,,,,,,,,,,,,,https://api.mybihr.com/medias/800Wx800H-1148254-1.jpg?context=bWFzdGVyfHJvb3R8OTQxNTJ8aW1hZ2UvanBlZ3xhRGN6TDJobU5TODVPRFUwT1RJeE9EWTNNalkzTUM4NE1EQlhlRGd3TUVoZk1URTBPREkxTkMweExtcHdad3w3OGFiYmFmZThhY2Y1MjA0MDA0OGNlZDYwNmVjOGFhMDMyYWJiMDdmYjZmMmMyNjg4OWYyZTQyMjM1MjI3ZTRl,https://api.mybihr.com/medias/800Wx800H-1148254-2.jpg?context=bWFzdGVyfHJvb3R8MjA1NjcxNXxpbWFnZS9qcGVnfGFERXlMMmhrTnk4NE16TTRNVEF4TkRVNU16VTJOaTg0TURCWGVEZ3dNRWhmTVRFME9ESTFOQzB5TG1wd1p3fGQzNmIxYWQ0MWRhMDVmOTQ3ODc0MzhjNzdkZjk3ZDhhMjIyNTdhZmJiMTUwNDFjOWMyYjgyMWU3YzljOGI5OTU,https://api.mybihr.com/medias/800Wx800H-1148254-3.jpg?context=bWFzdGVyfHJvb3R8MjA1ODEyNnxpbWFnZS9qcGVnfGFEZzFMMmhqT1M4NE16TTRNVEF4TkRrNE5qYzRNaTg0TURCWGVEZ3dNRWhmTVRFME9ESTFOQzB6TG1wd1p3fDg0MGNiNWVhNjRjZjNjMTQwZTI1NDVlODcwZDMxN2I1NjZhZGY2OTczNjQzNzBhZjA3Y2Y0YzVkMWEzOTZmMzg,https://api.mybihr.com/medias/800Wx800H-1148254-4.jpg?context=bWFzdGVyfHJvb3R8MjAzOTA1NnxpbWFnZS9qcGVnfGFEUmpMMmczTkM4NE16TTRNVEF4TlRNM09UazVPQzg0TURCWGVEZ3dNRWhmTVRFME9ESTFOQzAwTG1wd1p3fGEyOWM4Zjc2MzE4M2Y3ZWExMTY5YTJjYWE4OWZhMmExZjAyNDdhYmEwNTQ5YTk1YjE0ZWRjMGMxMTBiNzIyNzk,https://api.mybihr.com/medias/800Wx800H-1148254-5.jpg?context=bWFzdGVyfHJvb3R8MjAzNDg5MXxpbWFnZS9qcGVnfGFHRmlMMmcyTmk4NE16TTRNVEF4TlRjM016SXhOQzg0TURCWGVEZ3dNRWhmTVRFME9ESTFOQzAxTG1wd1p3fDljODkwYTI4MzYxZGU3YjAwMzY2N2RlODY4ZTAwN2MyZDZlMDRkYmU4YmUxY2JhYjg1NWM1MTQ5OTRiNGE5ZTA,,,,,https://static.bihr.pro/eBihr/Pictures/BETA-pictures.zip,,France Warehouse (Parts)
1148262,,030250111,BETA,BETA DRUM LIFTING PLIERS 300KG,Pinza BETA para manipulación de barriles,549.04,453.75,363.00,8054809504827,0,9403208000,1,1,<p>La pinza Beta 3025N/PF es esencial para elevar y manipular bidones de distintos tamaños y pesos de forma segura y sencilla.<br><br><strong>Características:<br><br></strong>&bull; Pasadores de soporte robustos para un rendimiento fiable a lo largo del tiempo<br>&bull; Mordazas largas para un agarre seguro y firme de múltiples tipos de bidones<br>&bull; Capacidad máxima de elevación de 300 kg</p>,"
La pinza Beta 3025N/PF es esencial para elevar y manipular bidones de distintos tamaños y pesos de forma segura y sencilla.Características:• Pasadores de soporte robustos para un rendimiento fiable a lo largo del tiempo• Mordazas largas para un agarre seguro y firme de múltiples tipos de bidones• Capacidad máxima de elevación de 300 kg",TOOLING & WS,WS,WS. FURNITURE,,,,,,,1,1,10,10,10,,,,,,,,,,,,,,,,,,,,https://api.mybihr.com/medias/800Wx800H-1148262-1.jpg?context=bWFzdGVyfHJvb3R8MzY5MDR8aW1hZ2UvanBlZ3xhR0ZsTDJoa1lpODRNek00TVRBeU1qVXlNelF5TWk4NE1EQlhlRGd3TUVoZk1URTBPREkyTWkweExtcHdad3w0ZjJjYjI4ZTBiMTBlNTJiNWU5YTA1ZDFjZWNiMzkzOGFiYzlmNDk1MzBhMjAyZDBmMGVhYjQwM2MxMDk3MDI1,https://api.mybihr.com/medias/800Wx800H-1148262-2.jpg?context=bWFzdGVyfHJvb3R8Njg0MzR8aW1hZ2UvanBlZ3xhR1JsTDJoa05DODRNek00TVRBeU1qY3lNREF6TUM4NE1EQlhlRGd3TUVoZk1URTBPREkyTWkweUxtcHdad3xhZDEwODc5Y2MwOWU0Yzg3YzdmZjFiMWUxODM4ZTgzNmUxY2Y1NDRkODUzNzlhNjYxNjQ4NGYyZTEzNDlkM2I0,,,,,,,,https://static.bihr.pro/eBihr/Pictures/BETA-pictures.zip,,Spain Warehouse (Parts)
1148270,,017410035,BETA,BETA RIVETING PLIERS 700 RIVETS 1741/C5,Remachadora BETA con 700 remaches de aluminio,143.69,118.75,95.00,8054809609485,0,9403208000,0,1,Caja: 420x160x60 mm,Caja: 420x160x60 mm,TOOLING & WS,WS,WS. FURNITURE,,,,,,,5126,2954,426,191,63,,,,,,,,,,,,,,,,,,,,https://api.mybihr.com/medias/800Wx800H-1148270-1.jpg?context=bWFzdGVyfHJvb3R8MjAwNDkxNXxpbWFnZS9qcGVnfGFEZGpMMmd4TkM4NE16TTRNVEF3TXpRMU1qUTBOaTg0TURCWGVEZ3dNRWhmTVRFME9ESTNNQzB4TG1wd1p3fGY5OGY2MDNkYTY2MGNmYzg2ZmZhZjlkODNjZjEyZWY2NWIzNTBkMGY0ZDcwMmI5ZDRiNzJjZTZkYzIyMGI0ODE,,,,,,,,,https://static.bihr.pro/eBihr/Pictures/BETA-pictures.zip,,Spain Warehouse (Parts)
1148269,,006050015,BETA,BETA TORQUE WRENCH WITH RATCHET 605BC/15,Llave dinamométrica de clic BETA compacta - hasta 15 Nm,245.03,202.50,162.00,8054809610771,9,9403208000,0,1,"<p>La llave dinamométrica más pequeña de la gama de Beta: compacta y fácil de usar, es la combinación ideal de comodidad y simplicidad al alcance de la mano.<br>Basada en su compacidad y capacidad (3-15 Nm), esta llave dinamométrica es ideal para uso con par bajo (por ejemplo, en el mundo del ciclismo).<br>Ligera, compacta y de bolsillo: la herramienta ideal para el uso diario.<br><br><strong>Características:<br></strong>&bull; Precisión: ±4%, para diestros<br>&bull; Carraca reversible, 72 dientes<br>&bull; Apriete a la derecha<br>&bull; Cuadro macho de 1/4''<br>&bull; Unidad de medida: Nm<br>&bull; Compacta: solo 17,5 cm</p>","
La llave dinamométrica más pequeña de la gama de Beta: compacta y fácil de usar, es la combinación ideal de comodidad y simplicidad al alcance de la mano.Basada en su compacidad y capacidad (3-15 Nm), esta llave dinamométrica es ideal para uso con par bajo (por ejemplo, en el mundo del ciclismo).Ligera, compacta y de bolsillo: la herramienta ideal para el uso diario.Características:• Precisión: ±4%, para diestros• Carraca reversible, 72 dientes• Apriete a la derecha• Cuadro macho de 1/4''• Unidad de medida: Nm• Compacta: solo 17,5 cm",TOOLING & WS,WS,WS. FURNITURE,,,,,,,339,271,235,38,38,,,,,,,,,,,,,,,,,,,,https://api.mybihr.com/medias/800Wx800H-1148269-1.jpg?context=bWFzdGVyfHJvb3R8MjMwMzR8aW1hZ2UvanBlZ3xhRFZrTDJnME55ODRNek00TVRBeE1qRTJPRGN6TkM4NE1EQlhlRGd3TUVoZk1URTBPREkyT1MweExtcHdad3w4NjJhOWRkYzAxOWZlMjg4NzBiNDIzOTFjOGYwM2Y2Y2M1M2VlMDQxYTdmMjA5NzExMDExZjA0ZjRmMzU3NGM3,https://api.mybihr.com/medias/800Wx800H-1148269-2.jpg?context=bWFzdGVyfHJvb3R8MjUxNDZ8aW1hZ2UvanBlZ3xhR1psTDJnMU5DODRNek00TVRBeE1qVTJNVGsxTUM4NE1EQlhlRGd3TUVoZk1URTBPREkyT1MweUxtcHdad3xlNTE5YTc5ZDI3MjgyZTk4NDRhMWU2M2M2N2UzNmZlYmQ4ODFmNGZmZjJmMjcxY2E3NTY4MGYxZmJmNjJkMDZk,https://api.mybihr.com/medias/800Wx800H-1148269-3.jpg?context=bWFzdGVyfHJvb3R8NjcxNzd8aW1hZ2UvanBlZ3xhRGhqTDJnMk1pODRNek00TVRBeE1qazFOVEUyTmk4NE1EQlhlRGd3TUVoZk1URTBPREkyT1MwekxtcHdad3w4ZWYwYWQzZTJmM2M1MjBlZDkwNzBjMTI5ZjFiMjU5OGExYmI3OTc5NmQ2MDQxNmJmYTk2M2Y1NWRmMmU1ZmZi,https://api.mybihr.com/medias/800Wx800H-1148269-4.jpg?context=bWFzdGVyfHJvb3R8NTA0OTB8aW1hZ2UvanBlZ3xhR00wTDJoaU55ODRNek00TVRBeE16TTBPRE00TWk4NE1EQlhlRGd3TUVoZk1URTBPREkyT1MwMExtcHdad3wzYzEzNmJiOGUwNWY2ZTk2ZGYxZDgyZDQyNjc5MGEwMGI1ZmIzZjZlNDdlMWMwYWNjZWQ1MTMzMTc1NjEyNDlh,https://api.mybihr.com/medias/800Wx800H-1148269-5.jpg?context=bWFzdGVyfHJvb3R8NTQ0Njh8aW1hZ2UvanBlZ3xhRFkxTDJoak5TODRNek00TVRBeE16YzBNVFU1T0M4NE1EQlhlRGd3TUVoZk1URTBPREkyT1MwMUxtcHdad3xkOTg0NDI4MThkMDU2OTI1YWQ5NDAzODhjNGMxYzlhNTJmODRkOTA4ODEzNTUwNzcyMDMyYTA4YzEwNDJkNGIz,,,,,https://static.bihr.pro/eBihr/Pictures/BETA-pictures.zip,,France Warehouse (Parts)
1148259,,059246336,BETA,BETA COMPOSITION BW 5924E/6 390 TOOLS,Juego de 390 herramientas BETA,2193.13,1812.50,1450.00,8054809644363,14,9403208000,0,1,,,TOOLING & WS,WS,WS. FURNITURE,,,,,,,142340,35209,647,550,400,,,,,,,,,,,,,,,,,,,,https://api.mybihr.com/medias/800Wx800H-1148259-1.jpg?context=bWFzdGVyfHJvb3R8MjEwNjA3MXxpbWFnZS9qcGVnfGFHTTJMMmhrWlM4NE16TTBPREE1TVRZek16WTVOQzg0TURCWGVEZ3dNRWhmTVRFME9ESTFPUzB4TG1wd1p3fGY2MGVhMWUxNjk3ZjJiYzg2N2VhODZmMzJiY2RlM2I2MTZkYThlNThkODU5M2M2ZDA2Mzc0YzhkOTIxMDMwOGE,https://api.mybihr.com/medias/800Wx800H-1148259-2.jpg?context=bWFzdGVyfHJvb3R8MjEzMDI0MXxpbWFnZS9qcGVnfGFEaGtMMmc0T1M4NE16TTBPREE1TWpBeU5qa3hNQzg0TURCWGVEZ3dNRWhmTVRFME9ESTFPUzB5TG1wd1p3fDgzNzkxMTdiMjc2YzFhYmRhOTdmNWVmYWQwZjA0OTI0NjA4NDhkNjYxYmE3OTBmYzdhMzM3NTk0ODg1NTdkMTA,https://api.mybihr.com/medias/800Wx800H-1148259-3.jpg?context=bWFzdGVyfHJvb3R8MjE3NTk5NnxpbWFnZS9qcGVnfGFHVmpMMmczWWk4NE16TTBPREE1TWpReU1ERXlOaTg0TURCWGVEZ3dNRWhmTVRFME9ESTFPUzB6TG1wd1p3fDA0NzcxODk0MTI4NzFjNjUzNjUxYjk2MWEyZDUxMzNkNjllZjFjNzUwZjFmNGQ0Y2FkMTg4YWIzMjQ1M2U4OTA,https://api.mybihr.com/medias/800Wx800H-1148259-4.jpg?context=bWFzdGVyfHJvb3R8MjA3MDk0OHxpbWFnZS9qcGVnfGFEVmxMMmcyWlM4NE16TTBPREE1TWpneE16TTBNaTg0TURCWGVEZ3dNRWhmTVRFME9ESTFPUzAwTG1wd1p3fDM4YWUzNmI2MTYyZjIzM2JlNmVkMjQ3NjYwOTYwYTU1ODBiOTIyNjczNDkxYjk0NmU5N2M1ZDgwYzVkZTkzMTE,https://api.mybihr.com/medias/800Wx800H-1148259-5.jpg?context=bWFzdGVyfHJvb3R8MjE4MDM5OXxpbWFnZS9qcGVnfGFESTFMMmd4T1M4NE16TTBPREE1TXpJd05qVTFPQzg0TURCWGVEZ3dNRWhmTVRFME9ESTFPUzAxTG1wd1p3fDk5MTE5MTVlYjMxYWVkODQwNDA3NTZkZjgwZDU3ZTY4ZDY4NjY5YzgyZjhhZWFmMTA0ZmE1MWUzMzQzMTlhZjg,https://api.mybihr.com/medias/800Wx800H-1148259-6.jpg?context=bWFzdGVyfHJvb3R8MjA1NjIyMXxpbWFnZS9qcGVnfGFHVTRMMmd3WkM4NE16TTBPREE1TXpVNU9UYzNOQzg0TURCWGVEZ3dNRWhmTVRFME9ESTFPUzAyTG1wd1p3fGMwNjE5NDhmMDBlN2Q3NjZkMmM2ZWRhNTAzZGY1ODAzNTlmYzIyNzEzMmQ4MjcxMjRkZmZmMjg2NzM5MzE4MjA,,,,https://static.bihr.pro/eBihr/Pictures/BETA-pictures.zip,,France Warehouse (Parts)
1148257,,024006348,BETA,BETA ROLLER CAB BW 2400AXLP/5M 418 TOOLS,Cajonera móvil BETA RSC24AXLP/7 con 7 cajones + juego de 418 herramientas ¼’’ y ½’’,4157.86,3436.25,2749.00,8054809623856,4,9403208000,0,1,"<p><strong>Características principales:</strong></p>
<ul>
	<li>7 cajones desmontables (588x367 mm), montados sobre guías telescópicas de rodamientos:
	<ul>
		<li>5 cajones de 70 mm altura</li>
		<li>1 cajón de 140 mm altura</li>
		<li>1 cajón de 210 mm de altura</li>
	</ul>
	</li>
	<li>Superficie de apoyo multifunciones con bordes anticaída y ocho orificios para el alojamiento de destornilladores</li>
	<li>4 ruedas de Ø 125 mm:
	<ul>
		<li>2 fijas y 2 giratorias (1 con freno).</li>
	</ul>
	</li>
	<li>Cerradura de seguridad centralizada frontal.</li>
	<li>Capacidad de carga estática: 800 kg.</li>
	<li>Porta-frascos lateral integrado</li>
</ul>

<p><strong>Se suministra con un juego de 418 herramientas BETA tools&nbsp;</strong>¼’’ y ½’’</p>","
Características principales:

	7 cajones desmontables (588x367 mm), montados sobre guías telescópicas de rodamientos:
	
		5 cajones de 70 mm altura
		1 cajón de 140 mm altura
		1 cajón de 210 mm de altura
	
	
	Superficie de apoyo multifunciones con bordes anticaída y ocho orificios para el alojamiento de destornilladores
	4 ruedas de Ø 125 mm:
	
		2 fijas y 2 giratorias (1 con freno).
	
	
	Cerradura de seguridad centralizada frontal.
	Capacidad de carga estática: 800 kg.
	Porta-frascos lateral integrado



Se suministra con un juego de 418 herramientas BETA tools ¼’’ y ½’’",TOOLING & WS,WS,WS. FURNITURE,,,,,,,1824000,172500,1200,800,1900,,,,,,,,,,,,,,,,,,,,https://api.mybihr.com/medias/800Wx800H-1148257-1.jpg?context=bWFzdGVyfHJvb3R8MTk5ODEwN3xpbWFnZS9qcGVnfGFEWm1MMmhqTWk4NE16TTRNVEF3TlRVME9UVTVPQzg0TURCWGVEZ3dNRWhmTVRFME9ESTFOeTB4TG1wd1p3fDJjYzUxNGQ4YzAxN2ZjMDJkN2QxNDljMDg3NmZmNGQyMDM4YjRkNDA3ZmIyYTg3YzNhZjQ3MjBjMzEzNzU5MjY,https://api.mybihr.com/medias/800Wx800H-1148257-2.jpg?context=bWFzdGVyfHJvb3R8MjAzNTE5M3xpbWFnZS9qcGVnfGFERXdMMmhrTUM4NE16TTRNVEF3TlRrME1qZ3hOQzg0TURCWGVEZ3dNRWhmTVRFME9ESTFOeTB5TG1wd1p3fGI2Yzc4YWQ1Yzk4ZDk5MGRiNjg5YTc0ZjVjYzc1ZTE2MDlkNDE5MDJjYjZkOGQwN2MxYmM4MDkwNGE2ZGUxYWM,https://api.mybihr.com/medias/800Wx800H-1148257-3.jpg?context=bWFzdGVyfHJvb3R8MjA2NTI5NHxpbWFnZS9qcGVnfGFHSTJMMmhrWVM4NE16TTRNVEF3TmpNek5qQXpNQzg0TURCWGVEZ3dNRWhmTVRFME9ESTFOeTB6TG1wd1p3fGQyNGU5MzczMDJiOGQ1N2MyM2I3NzgwMmY3MjUzMWQ1Mjc4MDZkOTA2OGU2YTE3YzJkNWYzZDA5OThlOWMzMTg,https://api.mybihr.com/medias/800Wx800H-1148257-4.jpg?context=bWFzdGVyfHJvb3R8MjAyNzA0M3xpbWFnZS9qcGVnfGFESTRMMmhqWkM4NE16TTRNVEF3TmpjeU9USTBOaTg0TURCWGVEZ3dNRWhmTVRFME9ESTFOeTAwTG1wd1p3fDgyYWQ0MmFkYWViODUwOGFiMjk1MDZlZmIzMmEyMWFjMWVkMzVkMTE5YTdjMjQyM2ZlOTI1YTNmMjIxYzUxMDU,https://api.mybihr.com/medias/800Wx800H-1148257-5.jpg?context=bWFzdGVyfHJvb3R8MjA0ODMxM3xpbWFnZS9qcGVnfGFHUmpMMmczTnk4NE16TTRNVEF3TnpFeU1qUTJNaTg0TURCWGVEZ3dNRWhmTVRFME9ESTFOeTAxTG1wd1p3fDQxNjE0MTNjZmYwODE4NzY3ZmU1M2M0NjkyZGRiMDA2ZThjYWRkNjg5MTFhMzViYjI0ODE2ODk3N2UyNmFmMmU,https://api.mybihr.com/medias/800Wx800H-1148257-6.jpg?context=bWFzdGVyfHJvb3R8MjA1NzQ4MHxpbWFnZS9qcGVnfGFEUm1MMmcyWVM4NE16TTRNVEF3TnpVeE5UWTNPQzg0TURCWGVEZ3dNRWhmTVRFME9ESTFOeTAyTG1wd1p3fDRiZDdkZTk3NTY0NDdhMDNmZDYxZmY1MmEzZTVkNmQ1MDU0YWNkMGE3MzdiOTlhYzQ3OGRiYWYzZTQ5ZDExMmI,,,,https://static.bihr.pro/eBihr/Pictures/BETA-pictures.zip,,France Warehouse (Parts)
1148258,,059246055,BETA,BETA COMPOSITION BW59243M/C50S 189 TOOLS,Juego de 189 herramientas BETA,922.63,762.50,610.00,8054809471273,0,9403208000,0,1,,,TOOLING & WS,WS,WS. FURNITURE,,,,,,,70023,14778,643,396,275,,,,,,,,,,,,,,,,,,,,https://api.mybihr.com/medias/800Wx800H-1148258-1.jpg?context=bWFzdGVyfHJvb3R8MjA5NDM4N3xpbWFnZS9qcGVnfGFEZzNMMmd3TWk4NE16TTBPREE1T0RVME56YzBNaTg0TURCWGVEZ3dNRWhmTVRFME9ESTFPQzB4TG1wd1p3fDdlMTkyNWRjMjMwMTIzZGMyMDY4MjVmOTEzNDA3NmI0ZWQyY2Y0NDVkMzY2NzU2MWI1MmUyYTMwMWY1OWIwYzE,https://api.mybihr.com/medias/800Wx800H-1148258-2.jpg?context=bWFzdGVyfHJvb3R8MjA4ODU1M3xpbWFnZS9qcGVnfGFEVTNMMmd3T1M4NE16TTBPREE1T0RjME5ETTFNQzg0TURCWGVEZ3dNRWhmTVRFME9ESTFPQzB5TG1wd1p3fDAwMTYyZGJmYjJmMzEyNWJkNmY5OWJjY2U5YzAxZDA1MjkwYzk5Mzk5NmU1NjUxNmMzZmJiN2E1ZjZmMmY4NjE,https://api.mybihr.com/medias/800Wx800H-1148258-3.jpg?context=bWFzdGVyfHJvb3R8MjEzNzMwN3xpbWFnZS9qcGVnfGFESTNMMmd4TUM4NE16TTBPREE1T0RrME1EazFPQzg0TURCWGVEZ3dNRWhmTVRFME9ESTFPQzB6TG1wd1p3fDlhOTIxYTY3NTZmOWE5NWNkYjg5MTYxNTcxZTFiZGIyZmQwNzAyODMzYjM4NmU4NTc2NmVhYTE2MWJiYWIxNjY,,,,,,,https://static.bihr.pro/eBihr/Pictures/BETA-pictures.zip,,Spain Warehouse (Parts)
1148261,,030240006,BETA,BETA FOLDABLE HYDRAULIC CRANE 3024 600KG,Grúa hidráulica BETA plegable con bomba de doble efecto,952.88,787.50,630.00,8054809609058,0,9403208000,1,1,"<strong>La solución ideal para espacios de trabajo limitados o cargas pequeñas.</strong><br><br>Con su estructura delgada pero robusta, palancas plegables y una unidad de bombeo giratoria de 200°, garantiza comodidad y practicidad, incluso en espacios reducidos.<br><br>El brazo de carga se puede regular en 5 posiciones, alcanzando una altura máxima de 2.300 mm y un rango de acción que va desde 960 mm hasta 1.350 mm.<br><br>
<strong>Características:<br></strong>&bull;Capacidad máxima de carga: 600 kg<br>&bull; 5 posiciones de carga: 400-450-500-550-600 kg<br>&bull; Con válvula limitadora de carga y soporte cromado.<br>&bull; Velocidad de descenso controlada<br>&bull; ruedas de nylon<br>&bull; Altura máxima: 2300 mm<br>&bull; Radio de trabajo del brazo: min. 960 mm &ndash; max. 1350 mm<br>&bull; La unidad operativa se puede girar a 200&deg;","La solución ideal para espacios de trabajo limitados o cargas pequeñas.Con su estructura delgada pero robusta, palancas plegables y una unidad de bombeo giratoria de 200°, garantiza comodidad y practicidad, incluso en espacios reducidos.El brazo de carga se puede regular en 5 posiciones, alcanzando una altura máxima de 2.300 mm y un rango de acción que va desde 960 mm hasta 1.350 mm.
Características:•Capacidad máxima de carga: 600 kg• 5 posiciones de carga: 400-450-500-550-600 kg• Con válvula limitadora de carga y soporte cromado.• Velocidad de descenso controlada• ruedas de nylon• Altura máxima: 2300 mm• Radio de trabajo del brazo: min. 960 mm – max. 1350 mm• La unidad operativa se puede girar a 200°",TOOLING & WS,WS,WS. FURNITURE,,,,,,,1,1,10,10,10,,,,,,,,,,,,,,,,,,,,https://api.mybihr.com/medias/800Wx800H-1148261-1.jpg?context=bWFzdGVyfHJvb3R8MzUyOTl8aW1hZ2UvanBlZ3xhR1UxTDJobU5DODRORE14TkRJek5UVXpOVE01TUM4NE1EQlhlRGd3TUVoZk1URTBPREkyTVMweExtcHdad3xmNzliYzAwNzkyNWU2NDQ3MTJkZjc3ZTUzNWQ2ZTQxMzcyY2ViYmNkNTU2MmY0ODZkMzc1MGI5ZWNhNzUzNzM5,https://api.mybihr.com/medias/800Wx800H-1148261-2.jpg?context=bWFzdGVyfHJvb3R8Mjk3NjF8aW1hZ2UvanBlZ3xhR0kxTDJobVlpODRORE14TkRJek5UY3pNVGs1T0M4NE1EQlhlRGd3TUVoZk1URTBPREkyTVMweUxtcHdad3w4ZTg2MTZiZDRiZDAwZmJmZmVjYmM1NDRlMmI3NzFjMDQwOWJkZGFkOWE5NmRiMDQ1M2M4OTgyZjk0ZDllZGU5,,,,,,,,https://static.bihr.pro/eBihr/Pictures/BETA-pictures.zip,,Spain Warehouse (Parts)
1148266,,019000080,BETA,BETA HOSE REEL 8X12MM,Manguera BETA con enrollador automático - 8x12,196.63,162.50,130.00,8014230965314,5,9403208000,0,1,"<p><strong>Enrollador-prolongador automático de resorte</strong> cuerpo de material plástico antichoques, para utilizarse con aire o agua<br>
<br>
<strong>Características:</strong><br>
• Presión de utilización máxima: 15 bar<br>
• Diámetro: 8x12 mm, Longitud: 10 m<br>
• Manguera en poliuretano reforzado<br>
• Estructura en polipropileno<br>
• Dispositivo automático de parada de la manguera a la longitud deseada<br>
• Cremallera desactivable para manguera siempre en tracción<br>
• Temperatura de utilización: -5 °C to +50 °C<br>
• Se suministra con estribo orientable de 180° y segundo estribo de encaje rápido</p>","
Enrollador-prolongador automático de resorte cuerpo de material plástico antichoques, para utilizarse con aire o agua

Características:
• Presión de utilización máxima: 15 bar
• Diámetro: 8x12 mm, Longitud: 10 m
• Manguera en poliuretano reforzado
• Estructura en polipropileno
• Dispositivo automático de parada de la manguera a la longitud deseada
• Cremallera desactivable para manguera siempre en tracción
• Temperatura de utilización: -5 °C to +50 °C
• Se suministra con estribo orientable de 180° y segundo estribo de encaje rápido",TOOLING & WS,WS,WS. FURNITURE,,,,,,,20367,4661,354,311,185,,,,,,,,,,,,,,,,,,,,https://api.mybihr.com/medias/800Wx800H-1148266-1.jpg?context=bWFzdGVyfHJvb3R8MTk2NTkxNnxpbWFnZS9qcGVnfGFEUTNMMmhsWlM4NE16TTBPREV3TVRJek5EY3hPQzg0TURCWGVEZ3dNRWhmTVRFME9ESTJOaTB4TG1wd1p3fDVkY2FhODk2ODRkZmRmMTExM2I0NzgwZjQxOThhY2NkYjk2ZmY0NTA5ZjkyYWQ3YTFjMDY5NzJiZjE4ZDJiN2Q,https://api.mybihr.com/medias/800Wx800H-1148266-3.jpg?context=bWFzdGVyfHJvb3R8MjE0NzMxM3xpbWFnZS9qcGVnfGFHUmxMMmhoWlM4NE16TTBPREV3TWpBeU1URTFNQzg0TURCWGVEZ3dNRWhmTVRFME9ESTJOaTB6TG1wd1p3fGEyNDcwNjEwNGYxM2MyOWNkZmMwZDE2Y2UzOTc1ZmNlZDUyMDI1YzNkMmZjNTk2NGIxMmFjZTY0NjkzZDlhNDY,https://api.mybihr.com/medias/800Wx800H-1148266-4.jpg?context=bWFzdGVyfHJvb3R8MjA1NTIzMnxpbWFnZS9qcGVnfGFEVXdMMmhoTVM4NE16TTBPREV3TWpReE5ETTJOaTg0TURCWGVEZ3dNRWhmTVRFME9ESTJOaTAwTG1wd1p3fGIzNWY1YjIxNzU4YWJkYzcyM2FhNDhiMmVhZmIzMzFmMTFlOWY5ZTI2MWNmZTE4ZDhlNDkyOTYyNzY4YzdjMTE,,,,,,,https://static.bihr.pro/eBihr/Pictures/BETA-pictures.zip,,Spain Warehouse (Parts)
1148267,,019000125,BETA,BETA HOSE REEL FOR AIR & WATER 12X16MM,Manguera BETA con enrollador automático - 12x16 mm,358.46,296.25,237.00,8054809622712,0,9403208000,0,1,"<p><strong>Enrollador-prolongador automático de resorte</strong> cuerpo de material plástico antichoques, para utilizarse con aire o agua<br><br><strong>Características:</strong><br>&bull; Presión de utilización máxima: 15 bar<br>&bull; Diámetro: 12x16 mm, Longitud: 15 m<br>&bull; Manguera en poliuretano reforzado<br>&bull; Estructura en polipropileno<br>&bull; Dispositivo automático de parada de la manguera a la longitud deseada<br>&bull; Cremallera desactivable para manguera siempre en tracción<br>&bull; Temperatura de utilización: -5 &deg;C to +50 &deg;C<br>&bull; Se suministra con estribo orientable de 180° y segundo estribo de encaje rápido<br><br></p>","
Enrollador-prolongador automático de resorte cuerpo de material plástico antichoques, para utilizarse con aire o aguaCaracterísticas:• Presión de utilización máxima: 15 bar• Diámetro: 12x16 mm, Longitud: 15 m• Manguera en poliuretano reforzado• Estructura en polipropileno• Dispositivo automático de parada de la manguera a la longitud deseada• Cremallera desactivable para manguera siempre en tracción• Temperatura de utilización: -5 °C to +50 °C• Se suministra con estribo orientable de 180° y segundo estribo de encaje rápido",TOOLING & WS,WS,WS. FURNITURE,,,,,,,43275,7990,397,238,458,,,,,,,,,,,,,,,,,,,,https://api.mybihr.com/medias/800Wx800H-1148267-1.jpg?context=bWFzdGVyfHJvb3R8MTk2NTkxNnxpbWFnZS9qcGVnfGFEQTBMMmc1TUM4NE16TTBPREV3TWprek9EWTFOQzg0TURCWGVEZ3dNRWhmTVRFME9ESTJOeTB4TG1wd1p3fDRmZjM1ZjQ5MWIwYWVmZDAyZmQxM2VhYmM4OTBmY2YzZDI2YWMyNTY4NmE0ZDg1ZWNlYTZkNmM3ZWQ4OTUwNWI,,,,,,,,,https://static.bihr.pro/eBihr/Pictures/BETA-pictures.zip,,Spain Warehouse (Parts)
1148263,,018980004,BETA,BETA CLEANING TANK 1898/K40,Depósito de limpieza BETA para piezas mecánicas,5261.99,4348.75,3479.00,8054809130934,0,9403208000,0,1,"<b>¡Sin eliminación de líquidos!<br>Eficaz y respetuoso con el medio ambiente.</b><br><br>

<b>Características:</b><br>
• El uso del limpiador ecológico Beta, a base de enzimas y bacterias, permite eliminar y desechar diversos residuos aceitosos de las piezas mecánicas<br>
• El líquido bioactivo convierte el aceite y otros residuos en dióxido de carbono y agua, permitiendo su reutilización continuada<br>
<br>
• Apto para piezas metálicas y plásticas<br><br>

<b>Equipado con:</b><br>
• Cepillo de cerdas largas y manguera de conexión<br>
• Funcionamiento a la derecha y a la izquierda<br>
• Rejilla perforada de acero inoxidable<br>
• Ruedas con frenos<br>
• Tablero con pantalla para temperatura de funcionamiento y aviso de nivel bajo<br><br>

<b>Accesorios incluidos:</b><br>
• 2 garrafas de 20 litros de detergente líquido ecológico<br>
• 2 botes de bacterias<br><br>

<b>Especificaciones técnicas:</b><br>
- Capacidad máxima bomba: 10 L/min<br>
- Capacidad depósito: 40 L<br>
- Temperatura de funcionamiento: +5 °C to +40 °C<br>
- Dimensiones: 900 x 1000 x 750 mm<br>
- Peso: 50 kg (vacío)","¡Sin eliminación de líquidos!Eficaz y respetuoso con el medio ambiente.

Características:
• El uso del limpiador ecológico Beta, a base de enzimas y bacterias, permite eliminar y desechar diversos residuos aceitosos de las piezas mecánicas
• El líquido bioactivo convierte el aceite y otros residuos en dióxido de carbono y agua, permitiendo su reutilización continuada

• Apto para piezas metálicas y plásticas

Equipado con:
• Cepillo de cerdas largas y manguera de conexión
• Funcionamiento a la derecha y a la izquierda
• Rejilla perforada de acero inoxidable
• Ruedas con frenos
• Tablero con pantalla para temperatura de funcionamiento y aviso de nivel bajo

Accesorios incluidos:
• 2 garrafas de 20 litros de detergente líquido ecológico
• 2 botes de bacterias

Especificaciones técnicas:
- Capacidad máxima bomba: 10 L/min
- Capacidad depósito: 40 L
- Temperatura de funcionamiento: +5 °C to +40 °C
- Dimensiones: 900 x 1000 x 750 mm
- Peso: 50 kg (vacío)",TOOLING & WS,WS,WS. FURNITURE,,,,,,,1483500,138000,1380,860,1250,,,,,,,,,,,,,,,,,,,,https://api.mybihr.com/medias/800Wx800H-1148263-1.jpg?context=bWFzdGVyfHJvb3R8NTg2MDF8aW1hZ2UvanBlZ3xhRFZtTDJoalpDODRNek00TVRBeU1qazRNakUzTkM4NE1EQlhlRGd3TUVoZk1URTBPREkyTXkweExtcHdad3wxNmYyYmU2NmEyYmMyNDAyZGY2MDc3NmYzYzRiMzI5YWM3ZGY5NmViNTliMjZhZWM4MGMyNzZlMGYzMTU5ZTZm,,,,,,,,,https://static.bihr.pro/eBihr/Pictures/BETA-pictures.zip,,Spain Warehouse (Parts)
1148265,,018980920,BETA,BETA LIQUID DETERGENT FOR CLEANING TANK,Garrafa de líquido de limpieza ecológico BETA 20 litros para tanque de limpieza -20 L,225.36,186.25,149.00,8054809130996,0,9403208000,0,1,Ecológico. Para tanque 1898/K40,Ecológico. Para tanque 1898/K40,TOOLING & WS,WS,WS. FURNITURE,,,,,,,40736,21251,320,268,475,,,,,,,,,,,,,,,,,,,,https://api.mybihr.com/medias/800Wx800H-1148265-1.jpg?context=bWFzdGVyfHJvb3R8MTgwMjJ8aW1hZ2UvanBlZ3xhR0ZqTDJneU5TODRNek0wT0RFd016azROekl6TUM4NE1EQlhlRGd3TUVoZk1URTBPREkyTlMweExtcHdad3xkZTg0OTc2ZDY4YTQ4ZDE2NzJjZGY4OTZkMWIyZWMwMGFiN2QzMTZkMTNkZDNiYTBmNGVhNGYxZDBiYjI0MmY0,,,,,,,,,https://static.bihr.pro/eBihr/Pictures/BETA-pictures.zip,,Spain Warehouse (Parts)
1148264,,018980904,BETA,BETA BACTERIA BOTTLE FOR CLEANING TANK,Bote de bacterias BETA para depósito de limpieza - 400 ml,111.93,92.50,74.00,8054809130989,0,9403208000,0,1,,,TOOLING & WS,WS,WS. FURNITURE,,,,,,,488,337,58,58,145,,,,,,,,,,,,,,,,,,,,https://api.mybihr.com/medias/800Wx800H-1148264-1.jpg?context=bWFzdGVyfHJvb3R8MzMxODB8aW1hZ2UvanBlZ3xhRFV6TDJobFl5ODRNek0wT0RBNU1USTBNRFEzT0M4NE1EQlhlRGd3TUVoZk1URTBPREkyTkMweExtcHdad3xiNTA5NzNkNTAyMDhkYjNlYjMxYjI4YTJiNTE5ODA5Y2YzZWY0YzgxOTViMGE5MzUwZmYxZTljMmE4ZGY2YTQz,,,,,,,,,https://static.bihr.pro/eBihr/Pictures/BETA-pictures.zip,,Spain Warehouse (Parts)
1155347,,1756V-2OR,BETA,BETA PAIR OF O‑RINGS FOR SYRINGE 1756V,BETA TOOLS O-rings (pair) for suction guns 1050516,13.71,11.33,9.06,8054809597492,0,8479899790,0,1,,,TOOLING & WS,WS,WS. FLUID DISTRIB.,,,,,,,1,1,10,10,10,,,,,,,,,,,,,,,,,,,,https://api.mybihr.com/medias/800Wx800H-1155347-1.jpg?context=bWFzdGVyfHJvb3R8MzUxMjd8aW1hZ2UvanBlZ3xhREF4TDJnMU5DOHhNREl6TWpNeU16UXpOek0yTmpJdk9EQXdWM2c0TURCSVh6RXhOVFV6TkRjdE1TNXFjR2N8NWFkODhjODI1YTZjZWNhOWEyZDhhNGQ1NjI1NzUwODRiNDIyNTliZTA2YTdhYzg3NTc5N2U0M2M1M2NhOTBlZA,,,,,,,,,https://static.bihr.pro/eBihr/Pictures/BETA-pictures.zip,,Spain Warehouse (Parts)
1151625,,045009159,BETA,BETA WORKBENCH C45PRO 2.0 W / 268UT,Combinación de mobiliario BETA para taller C45PRO 2.0 W con 268 herramientas,6036.69,4989.00,2999.00,,0,9403208000,1,1,"<p><strong>Combinación compuesta por:</strong></p>
<ul>
	<li>Cajonera fija con 7 cajones (C45PRO 2.0 M7)</li>
	<li>Cajonera móvil con 7 cajones (C45PRO 2.0 C7)</li>
	<li>Módulo fijo de servicio (C45PRO 2.0 MS)</li>
	<li>3 paneles de herramientas perforados  (C45PRO 2.0 PF)</li>
	<li>3 armarios superiores de pared (C45PRO 2.0 PM)</li>
	<li>3 soportes de pared, tipo ancho (C45PRO 2.0 SL)</li>
	<li>1 soporte de pared, tipo estrecho (C45PRO 2.0 SS)</li>
	<li>Armario con 2 puertas (C45PRO 2.0 AS2)</li>
</ul>

<p>Encimera de madera contrachapada (C45PRO 2.0 PWE/3-2.0MT)<br>
Con surtido de 268 herramientas Beta Worker para uso universal, en termoformados de espuma</p>","
Combinación compuesta por:

	Cajonera fija con 7 cajones (C45PRO 2.0 M7)
	Cajonera móvil con 7 cajones (C45PRO 2.0 C7)
	Módulo fijo de servicio (C45PRO 2.0 MS)
	3 paneles de herramientas perforados  (C45PRO 2.0 PF)
	3 armarios superiores de pared (C45PRO 2.0 PM)
	3 soportes de pared, tipo ancho (C45PRO 2.0 SL)
	1 soporte de pared, tipo estrecho (C45PRO 2.0 SS)
	Armario con 2 puertas (C45PRO 2.0 AS2)



Encimera de madera contrachapada (C45PRO 2.0 PWE/3-2.0MT)
Con surtido de 268 herramientas Beta Worker para uso universal, en termoformados de espuma",TOOLING & WS,WS,WS. TOOL STORAGE,,,,,,,3168000,391000,2000,1100,1440,,,,,,,,,,,,,,,,,,,,https://api.mybihr.com/medias/800Wx800H-1151625-1.jpg?context=bWFzdGVyfHJvb3R8MTA0OTk4fGltYWdlL2pwZWd8YURjNEwyZ3hPUzh4TURFM05EazRNamMyTmpVNU5UQXZPREF3VjNnNE1EQklYekV4TlRFMk1qVXRNUzVxY0djfGYwN2ZmNzk0ZGY5MDIzOGE2NTYxMThmMWFkMzEyODc0NDg4N2U3MGY3ZjcwZWY4MDNkMjFlMTMxYzM2YWQ1ODA,https://api.mybihr.com/medias/800Wx800H-1151625-2.jpg?context=bWFzdGVyfHJvb3R8MTA5OTM5fGltYWdlL2pwZWd8YUdFM0wyZ3hNaTh4TURFM05EazRNamM0TmpJMU5UZ3ZPREF3VjNnNE1EQklYekV4TlRFMk1qVXRNaTVxY0djfGZhOTA5ODcxNTQ1NTVjNjg0NTczYWQyZjE3MDI4ZDE1MzI4Yzc3ZWUxZWE2NWQzMmVhMzFkNTY2MGE1YzRiMzU,https://api.mybihr.com/medias/800Wx800H-1151625-3.jpg?context=bWFzdGVyfHJvb3R8MTExNjEzfGltYWdlL2pwZWd8YUdNeEwyZ3pZaTh4TURFM05EazRNamd3TlRreE5qWXZPREF3VjNnNE1EQklYekV4TlRFMk1qVXRNeTVxY0djfDI3MDM1ZDgzYzY3ZmE5ZTQ5Y2NkMTBlMGVjMGVkNTU0MThlN2I2YWQ0NmZiNDE4ZWNjMDUwNzg4Y2ZkODg0Yzg,https://api.mybihr.com/medias/800Wx800H-1151625-4.jpg?context=bWFzdGVyfHJvb3R8MTI0NDY1fGltYWdlL2pwZWd8YURreEwyZzBNaTh4TURFM05EazRNamd5TlRVM056UXZPREF3VjNnNE1EQklYekV4TlRFMk1qVXROQzVxY0djfDI4N2VkMmI2OWZhYjMyYjlmYzg3OTlkNTY4YmM2ZDFkYmU3Y2MzYTMzZjRiZGZhNThhYzBlOGVlNzg4NDM3NWQ,https://api.mybihr.com/medias/800Wx800H-1151625-5.jpg?context=bWFzdGVyfHJvb3R8MTM2ODg4fGltYWdlL2pwZWd8YURZeEwyZzBPUzh4TURFM05EazRNamcwTlRJek9ESXZPREF3VjNnNE1EQklYekV4TlRFMk1qVXROUzVxY0djfDFlOWQ3NGJjODZkMWNiMjE5ZjMwZGEyODkxNmJmMzc2ZGNjNzExMmVkYjBmNzIyMjBiMTJjMjUzMWViYjNlMjA,https://api.mybihr.com/medias/800Wx800H-1151625-6.jpg?context=bWFzdGVyfHJvb3R8MTI3NjIyfGltYWdlL2pwZWd8YURGbEwyZzFNQzh4TURFM05EazRNamcyTkRnNU9UQXZPREF3VjNnNE1EQklYekV4TlRFMk1qVXROaTVxY0djfDA0ZmFhODc5NGM1NjEyZjlkNDgyYTIxMzBiMzEwN2I0MjQ5MmE3N2Q3MmJkNWE1Y2I1MGRkMDFiYWM4MTI2OGI,,,,https://static.bihr.pro/eBihr/Pictures/BETA-pictures.zip,,Spain Warehouse (Parts)
1050613,51200003,041000002,BETA,BETA TROLLEY FURNITURE 2 MODULES,"Carro portaherramientas BETA con 2 módulos, naranja (RAL2011)",811.91,671.00,536.80,8014230539911,0,4202199090,0,0,"<html> <head> <meta http-equiv=""Content-Type"" content=""text/html; charset=utf-8""><title> </title> <style type=""text/css"">.cs95E872D0{text-align:left;margin:0pt 0pt 0pt 0pt;}.csC57700C4{color:#000;background-color:transparent;font-weight:bold;font-style:normal;}.csA7555675{color:#000;background-color:transparent;font-weight:normal;font-style:normal;}.cs4FC7BF42{text-align:left;margin:0pt 0pt 0pt 0pt;list-style-type:disc;color:#000;background-color:transparent;font-weight:normal;font-style:normal;}</style> </head> <body> <p><a id=""_DX_FRAG_STARTFRAGMENT""></a>Main features:</p><p> </p><ul> <li>Sheet metal frame and plastic tops, synonymous with remarkable sturdiness and reduced weight.</li><li>2 detachable modules: 1 upper tool box, 1 module with 2 drawers 95 mm in height, 1 pull-out case made of plastic, 66 mm high, and 1 drawer 295 mm in height.</li><li>Oversized castors (160 mm), built into frame for easy transport - for example, on steps.</li><li>Side centralized lock for closing drawers of lower module.</li><li>Drawers with ball bearing slides and double closing hook.</li><li>Telescopic aluminium handle.</li><li>Small tool holder built into upper tool box.</li><li>Lower drawer with double ballbearing slide</li><li>495x335x862mm</li></ul> <p> </p><p>Weight of 21kg</p><p> </p></body> </html>","       Main features:  Sheet metal frame and plastic tops, synonymous with remarkable sturdiness and reduced weight.2 detachable modules: 1 upper tool box, 1 module with 2 drawers 95 mm in height, 1 pull-out case made of plastic, 66 mm high, and 1 drawer 295 mm in height.Oversized castors (160 mm), built into frame for easy transport - for example, on steps.Side centralized lock for closing drawers of lower module.Drawers with ball bearing slides and double closing hook.Telescopic aluminium handle.Small tool holder built into upper tool box.Lower drawer with double ballbearing slide495x335x862mm  Weight of 21kg  ",TOOLING & WS,WS,WS. TOOL STORAGE,,,,,,,225600,24000,600,400,940,,,,,,,,,,,,,,,,,,,,https://api.mybihr.com/medias/1050613-1-800Wx800H?context=bWFzdGVyfHJvb3R8MTg2MTgxfGltYWdlL2pwZWd8YUdZd0wyZzVOeTg0T1RJME9EYzRPRE14TmpRMkx6RXdOVEEyTVRNdE1WODRNREJYZURnd01FZ3w0ZWE2YjQ4NTNlMDY5ZDM4NzEwZDY2YmE4NTBlODI2ZTZkNTZkYmYwNTIwZGI5ZjYxMzc2NmNkYTAwNTE0Yzc2,https://api.mybihr.com/medias/1050613-2-800Wx800H?context=bWFzdGVyfHJvb3R8MTgwMTUxfGltYWdlL2pwZWd8YURVNUwyaGxOaTg0T1RJME9EYzVNREk0TWpVMEx6RXdOVEEyTVRNdE1sODRNREJYZURnd01FZ3xjMDZkYjU3NmQ4ODExYzFmZmZlMjA5MmFiYmE3MWQ0NWRhNTcwYjNmZjRiZWUyNjVlZDBiNTNkOGZkZDEwOTRk,https://api.mybihr.com/medias/1050613-3-800Wx800H?context=bWFzdGVyfHJvb3R8OTc0Nzl8aW1hZ2UvanBlZ3xhREk1TDJobFpDODRPVEkwT0RjNU1qSTBPRFl5THpFd05UQTJNVE10TTE4NE1EQlhlRGd3TUVnfGUwNzA5ZDYxOGMyOWZiYjM4YTMyMzVkMjdlMzQ5MmEyMThkNGQ3ZDU0MWJhN2MyMzRjNGY5MThlYjM3Njc5NDc,https://api.mybihr.com/medias/1050613-4-800Wx800H?context=bWFzdGVyfHJvb3R8MTcwOTY0fGltYWdlL2pwZWd8YUdZNUwyaG1NeTg0T1RJME9EYzVOREl4TkRjd0x6RXdOVEEyTVRNdE5GODRNREJYZURnd01FZ3w2N2VhNTg0NDQxYjE0NjFkZDBlZmE4YWRmYzVlYzM3MjQ2MjQzNDg1NmFlYzgwZTZmZTBmNDcxY2JmZTA3MDA1,https://api.mybihr.com/medias/1050613-5-800Wx800H?context=bWFzdGVyfHJvb3R8MTAwNTkzfGltYWdlL2pwZWd8YUdJM0wyaG1ZUzg0T1RJME9EYzVOakU0TURjNEx6RXdOVEEyTVRNdE5WODRNREJYZURnd01FZ3xhNWVhODA2MjhlYjgyOWI2ZDZkNWJkZDIzOTMzMzA5MTYxZTYzYzkxODkyMDMzMTM2NDM0MTBjYjE5MTAwMjk0,https://api.mybihr.com/medias/1050613-6-800Wx800H?context=bWFzdGVyfHJvb3R8MTYwMTI3fGltYWdlL2pwZWd8YURjNEwyaG1aUzg0T1RJME9EYzVPREUwTmpnMkx6RXdOVEEyTVRNdE5sODRNREJYZURnd01FZ3xhMWI4ZTJlMWI4Y2NiMTIyNWI4NTdiZDYzNzE2YTBiN2NlNzlhODExYzM4OWVhMTNiMWQwODBlNWExMDcxNTBh,https://api.mybihr.com/medias/1050613-7-800Wx800H?context=bWFzdGVyfHJvb3R8Mjg4NzF8aW1hZ2UvanBlZ3xhRE0zTDJnd01pODRPVEkwT0Rnd01ERXhNamswTHpFd05UQTJNVE10TjE4NE1EQlhlRGd3TUVnfDFhYmYwZDI5YjBlNjk0OTQ2OWRmMzRhOTlkOTRmYTEyNDliM2Q4M2IyMGZmYTdiODNiNzk3ZjNiZDJlOTM5NmM,,,https://static.bihr.pro/eBihr/Pictures/BETA-pictures.zip,,Spain Warehouse (Parts)
1050614,51200002,041000005,BETA,BETA TROLLEY FURNITURE 2 MODULE RAL 9005,"Carro portaherramientas BETA con 2 módulos, negro (RAL9005)",811.91,671.00,536.80,8014230692807,0,4202199090,0,0,"<html> <head> <meta http-equiv=""Content-Type"" content=""text/html; charset=utf-8""><title> </title> <style type=""text/css"">.cs95E872D0{text-align:left;margin:0pt 0pt 0pt 0pt;}.csC57700C4{color:#000;background-color:transparent;font-weight:bold;font-style:normal;}.csA7555675{color:#000;background-color:transparent;font-weight:normal;font-style:normal;}.cs4FC7BF42{text-align:left;margin:0pt 0pt 0pt 0pt;list-style-type:disc;color:#000;background-color:transparent;font-weight:normal;font-style:normal;}</style> </head> <body> <p><a id=""_DX_FRAG_STARTFRAGMENT""></a>Main features:</p><p> </p><ul> <li>Sheet metal frame and plastic tops, synonymous with remarkable sturdiness and reduced weight.</li><li>2 detachable modules: 1 upper tool box, 1 module with 2 drawers 95 mm in height, 1 pull-out case made of plastic, 66 mm high, and 1 drawer 295 mm in height.</li><li>Oversized castors (160 mm), built into frame for easy transport - for example, on steps.</li><li>Side centralized lock for closing drawers of lower module.</li><li>Drawers with ball bearing slides and double closing hook.</li><li>Telescopic aluminium handle.</li><li>Small tool holder built into upper tool box.</li><li>Lower drawer with double ballbearing slide</li><li>495x335x862mm</li></ul> <p> </p><p>Weight of 21kg</p><p> </p></body> </html>","       Main features:  Sheet metal frame and plastic tops, synonymous with remarkable sturdiness and reduced weight.2 detachable modules: 1 upper tool box, 1 module with 2 drawers 95 mm in height, 1 pull-out case made of plastic, 66 mm high, and 1 drawer 295 mm in height.Oversized castors (160 mm), built into frame for easy transport - for example, on steps.Side centralized lock for closing drawers of lower module.Drawers with ball bearing slides and double closing hook.Telescopic aluminium handle.Small tool holder built into upper tool box.Lower drawer with double ballbearing slide495x335x862mm  Weight of 21kg  ",TOOLING & WS,WS,WS. TOOL STORAGE,,,,,,,221840,23275,590,400,940,,,,,,,,,,,,,,,,,,,,https://api.mybihr.com/medias/1050614-1-800Wx800H?context=bWFzdGVyfHJvb3R8NDA5NTV8aW1hZ2UvanBlZ3xhR1V3TDJnek5pODRPVEF5TWpVek5qYzBOVEkyTHpFd05UQTJNVFF0TVY4NE1EQlhlRGd3TUVnfDlkYTVmZGZlZDRiMjE3MWQyYjAwNjlkNTM2YjkzYmY0Y2I1NTc0YzdjMTA3NGMxM2QxNDM1ZmIzOGM2NjdlZTg,https://api.mybihr.com/medias/1050614-2-800Wx800H?context=bWFzdGVyfHJvb3R8MTYwMTI3fGltYWdlL2pwZWd8YURCbUwyZ3pNQzg0T1RBeU1qVXpPRGN4TVRNMEx6RXdOVEEyTVRRdE1sODRNREJYZURnd01FZ3xhMjQ4OTNjZDFmMjZjOGQzNGIwNGVjMDMzZWMyYTY4MmYxMDRjNjY4NjczMDYxM2VkNTViZWRhMzAyOGVhZjE4,https://api.mybihr.com/medias/1050614-3-800Wx800H?context=bWFzdGVyfHJvb3R8MTAwNTkzfGltYWdlL2pwZWd8YURVNEwyZ3haUzg0T1RBeU1qVTBNRFkzTnpReUx6RXdOVEEyTVRRdE0xODRNREJYZURnd01FZ3xlYTIxN2Y1MjhmMTZkN2MyYTZmYjY1MGEwNTQzYjRkYjI1NDkwY2U3NzBmOGRhMGM4MTM3MTllZDFkN2Q4NjE3,https://api.mybihr.com/medias/1050614-4-800Wx800H?context=bWFzdGVyfHJvb3R8OTc0Nzl8aW1hZ2UvanBlZ3xhREk1TDJneU5TODRPVEF5TWpVME1qWTBNelV3THpFd05UQTJNVFF0TkY4NE1EQlhlRGd3TUVnfDg0OGRiYjBjZmE5YmFhNDJhOGU5Njc3ODhmMDc2ZDBkZWVlOWFmNWI3ODM5YTRlY2VmODJmYTQwMTMwN2IzNDY,https://api.mybihr.com/medias/1050614-5-800Wx800H?context=bWFzdGVyfHJvb3R8Mjg4NzF8aW1hZ2UvanBlZ3xhR1k1TDJneVlpODRPVEF5TWpVME5EWXdPVFU0THpFd05UQTJNVFF0TlY4NE1EQlhlRGd3TUVnfDczZjE4ZjNlZTE0ZjdkOTBmODE3NjlmYjFhMDMzY2Q0OTQ3NmVjY2ZmOGZjNTkwOWJlNGRiMjJkMTM5MDQ3ZTM,,,,,https://static.bihr.pro/eBihr/Pictures/BETA-pictures.zip,,Spain Warehouse (Parts)
1111077006,,024004067,BETA,"BETA ROLL CAB RSC24 6 DRAWERS, GRY/GRY",BETA RSC24 / 6 Cajonera móvil con 6 cajones,1188.22,982.00,785.60,8054809187396,0,9403208000,0,0,"<p><strong>Main features:</strong></p>
<ul>
<li>6 fully removable drawers (588x367 mm), with ball bearing slides:<br>
<ul>
<li>4 drawers, 70 mm high</li>
<li>1 drawer, 140 mm high</li>
<li>1 drawer, 280 mm high</li>
</ul>
</li>
<li>Multi-purpose top with anti-fall edges and eight holes for accommodating screwdrivers</li>
<li>Four castors &Oslash; 125 mm:<br>2 fixed and 2 steering (one with brake).</li>
<li>Front centralized safety lock.</li>
<li>Static load capacity: 800 kg.</li>
<li>Built-in bottle holder (can be applied on both sides).<br><br></li>
</ul>","
Main features:

6 fully removable drawers (588x367 mm), with ball bearing slides:

4 drawers, 70 mm high
1 drawer, 140 mm high
1 drawer, 280 mm high


Multi-purpose top with anti-fall edges and eight holes for accommodating screwdrivers
Four castors Ø 125 mm:2 fixed and 2 steering (one with brake).
Front centralized safety lock.
Static load capacity: 800 kg.
Built-in bottle holder (can be applied on both sides).
",TOOLING & WS,WS,WS. TOOL STORAGE,,,Gris / Gris,,,,378300,68900,780,500,970,,,,,,,,,,,,,,,,,,,,https://api.mybihr.com/medias/1111077006-1-800Wx800H?context=bWFzdGVyfHJvb3R8NjAyODF8aW1hZ2UvanBlZ3xhREprTDJoa05DOHhNelE1TnpBek9UVTROVE14TUM4eE1URXhNRGMzTURBMkxURmZPREF3VjNnNE1EQkl8NWRkMmE1ODliYWUyM2QxZDFhYTlkNGQ0MmQxODU1NmI5N2YzNWM2ZmFlMzFlNzA1ZGJiMDE1ZjY3ZmY0ZDYxZg,https://api.mybihr.com/medias/1111077006-2-800Wx800H?context=bWFzdGVyfHJvb3R8NjMyNzF8aW1hZ2UvanBlZ3xhR0V4TDJobFl5OHhNelE1TnpBME1qUTJPRGc1TkM4eE1URXhNRGMzTURBMkxUSmZPREF3VjNnNE1EQkl8MDY1NDkyODc3NmFmMzNhZTYwNjYxODMzMjQzYjk1YzI0MDMwZDI0NTY1MDA4NGI2NjBhMzAzYjg3NDdhNDJiOA,,,,,,,,https://static.bihr.pro/eBihr/Pictures/BETA-pictures.zip,https://api.mybihr.com/medias/RSC246-Instructions.pdf?context=bWFzdGVyfHJvb3R8NTEyNTcxNHxhcHBsaWNhdGlvbi9wZGZ8YURaaUwyaGlZeTh4TXpRek9UazBNek14TVRNNU1DOVNVME15TkRaZlNXNXpkSEoxWTNScGIyNXpMbkJrWmd8N2Y5OTE3YWY1N2I5ZjI0ZDNmYTIzYzFkN2NjOTA0ZjAzNjE1MDg3NGY0ZjdlNGVkN2VjNWZiNDlmZTA0MjE1MA,Spain Warehouse (Parts)
1111077003,,024004062,BETA,"BETA ROLL CAB RSC24 6 DRAWERS, GRY/BLK",BETA RSC24 / 6 Cajonera móvil con 6 cajones,1188.22,982.00,785.60,8054809187365,0,9403208000,0,0,"<p><strong>Main features:</strong></p>
<ul>
<li>6 fully removable drawers (588x367 mm), with ball bearing slides:<br>
<ul>
<li>4 drawers, 70 mm high</li>
<li>1 drawer, 140 mm high</li>
<li>1 drawer, 280 mm high</li>
</ul>
</li>
<li>Multi-purpose top with anti-fall edges and eight holes for accommodating screwdrivers</li>
<li>Four castors &Oslash; 125 mm:<br>2 fixed and 2 steering (one with brake).</li>
<li>Front centralized safety lock.</li>
<li>Static load capacity: 800 kg.</li>
<li>Built-in bottle holder (can be applied on both sides).<br><br></li>
</ul>","
Main features:

6 fully removable drawers (588x367 mm), with ball bearing slides:

4 drawers, 70 mm high
1 drawer, 140 mm high
1 drawer, 280 mm high


Multi-purpose top with anti-fall edges and eight holes for accommodating screwdrivers
Four castors Ø 125 mm:2 fixed and 2 steering (one with brake).
Front centralized safety lock.
Static load capacity: 800 kg.
Built-in bottle holder (can be applied on both sides).
",TOOLING & WS,WS,WS. TOOL STORAGE,,,Gris / Negro,,,,342540,68900,800,495,865,,,,,,,,,,,,,,,,,,,,https://api.mybihr.com/medias/1111077003-1-800Wx800H?context=bWFzdGVyfHJvb3R8NjE3MDd8aW1hZ2UvanBlZ3xhR0ppTDJoaVpDOHhNelE1TnpBek9EUXdOVFkyTWk4eE1URXhNRGMzTURBekxURmZPREF3VjNnNE1EQkl8YmNjMGY2ZjdhODQ2MDFiMDljYTkzM2Y2ZDA3Y2ZlZWNmNDljMDFlOTAyNGIwNjk4NTFmMzdiOTNlZjdhOGE0Yw,https://api.mybihr.com/medias/1111077003-2-800Wx800H?context=bWFzdGVyfHJvb3R8NjMyNzF8aW1hZ2UvanBlZ3xhRE00TDJnNVppOHhNelE1TnpBME1URTFPREUzTkM4eE1URXhNRGMzTURBekxUSmZPREF3VjNnNE1EQkl8ZWM5MDQ3ODRmYzFlZGM4NzU4NTkxNjk0MTU4ODc2YWEyMjNjZWZmNjcyMGEyYjQxNGYyMDk4Y2E5YWI0ODFjMw,,,,,,,,https://static.bihr.pro/eBihr/Pictures/BETA-pictures.zip,https://api.mybihr.com/medias/RSC246-Instructions.pdf?context=bWFzdGVyfHJvb3R8NTEyNTcxNHxhcHBsaWNhdGlvbi9wZGZ8YURaaUwyaGlZeTh4TXpRek9UazBNek14TVRNNU1DOVNVME15TkRaZlNXNXpkSEoxWTNScGIyNXpMbkJrWmd8N2Y5OTE3YWY1N2I5ZjI0ZDNmYTIzYzFkN2NjOTA0ZjAzNjE1MDg3NGY0ZjdlNGVkN2VjNWZiNDlmZTA0MjE1MA,Spain Warehouse (Parts)
1111077002,,024004061,BETA,"BETA ROLL CAB RSC24 6 DRAWERS, ORG/BLK",BETA RSC24 / 6 Cajonera móvil con 6 cajones,1188.22,982.00,785.60,8054809187358,0,9403208000,0,0,"<p><strong>Main features:</strong></p>
<ul>
<li>6 fully removable drawers (588x367 mm), with ball bearing slides:<br>
<ul>
<li>4 drawers, 70 mm high</li>
<li>1 drawer, 140 mm high</li>
<li>1 drawer, 280 mm high</li>
</ul>
</li>
<li>Multi-purpose top with anti-fall edges and eight holes for accommodating screwdrivers</li>
<li>Four castors &Oslash; 125 mm:<br>2 fixed and 2 steering (one with brake).</li>
<li>Front centralized safety lock.</li>
<li>Static load capacity: 800 kg.</li>
<li>Built-in bottle holder (can be applied on both sides).<br><br></li>
</ul>","
Main features:

6 fully removable drawers (588x367 mm), with ball bearing slides:

4 drawers, 70 mm high
1 drawer, 140 mm high
1 drawer, 280 mm high


Multi-purpose top with anti-fall edges and eight holes for accommodating screwdrivers
Four castors Ø 125 mm:2 fixed and 2 steering (one with brake).
Front centralized safety lock.
Static load capacity: 800 kg.
Built-in bottle holder (can be applied on both sides).
",TOOLING & WS,WS,WS. TOOL STORAGE,,,Naranja / Negro,,,,342540,68900,800,495,865,,,,,,,,,,,,,,,,,,,,https://api.mybihr.com/medias/1111077002-1-800Wx800H?context=bWFzdGVyfHJvb3R8NjY3MTJ8aW1hZ2UvanBlZ3xhREprTDJoaU1DOHhNelE1TnpBek9EQXhNalEwTmk4eE1URXhNRGMzTURBeUxURmZPREF3VjNnNE1EQkl8ODZiODljZmE1NTAzYTM4MmI3MWFjMGExMjc3NThlNjRmNGEzNDdhMTU3NjJhMDk2ZjBlMjUyYzdjZWI2N2I4MQ,https://api.mybihr.com/medias/1111077002-2-800Wx800H?context=bWFzdGVyfHJvb3R8NjMyNzF8aW1hZ2UvanBlZ3xhR1ptTDJnME9TOHhNelE1TnpBME1EYzJORGsxT0M4eE1URXhNRGMzTURBeUxUSmZPREF3VjNnNE1EQkl8ODJiZTEyMDlkNThjNmQxZjlmNmI1ZWNiOGIxYmVhNzRjOTI1ZDhlMzVmZmZiZTJiOGUwMTljMGY4NDdjZGYxNw,,,,,,,,https://static.bihr.pro/eBihr/Pictures/BETA-pictures.zip,https://api.mybihr.com/medias/RSC246-Instructions.pdf?context=bWFzdGVyfHJvb3R8NTEyNTcxNHxhcHBsaWNhdGlvbi9wZGZ8YURaaUwyaGlZeTh4TXpRek9UazBNek14TVRNNU1DOVNVME15TkRaZlNXNXpkSEoxWTNScGIyNXpMbkJrWmd8N2Y5OTE3YWY1N2I5ZjI0ZDNmYTIzYzFkN2NjOTA0ZjAzNjE1MDg3NGY0ZjdlNGVkN2VjNWZiNDlmZTA0MjE1MA,Spain Warehouse (Parts)
1111078002,,024004071,BETA,"BETA ROLL CAB RSC24 7 DRAWERS, ORG/BLK",BETA RSC24 / 7 Cajonera móvil con 7 cajones,1239.04,1024.00,819.20,8054809187426,0,9403208000,0,0,"<p><strong>Main features:</strong></p>
<ul>
<li>7 fully removable drawers (588x367 mm), with ball bearing slides:<br>
<ul>
<li>5 drawers, 70 mm high</li>
<li>1 drawer, 140 mm high</li>
<li>1 drawer, 210 mm high</li>
</ul>
</li>
<li>Multi-purpose top with anti-fall edges and eight holes for accommodating screwdrivers</li>
<li>Four castors &Oslash; 125 mm:<br>
<ul>
<li>2 fixed and 2 steering (one with brake).</li>
</ul>
</li>
<li>Front centralized safety lock.</li>
<li>Static load capacity: 800 kg.</li>
<li>Built-in bottle holder (can be applied on both sides)</li>
</ul>","
Main features:

7 fully removable drawers (588x367 mm), with ball bearing slides:

5 drawers, 70 mm high
1 drawer, 140 mm high
1 drawer, 210 mm high


Multi-purpose top with anti-fall edges and eight holes for accommodating screwdrivers
Four castors Ø 125 mm:

2 fixed and 2 steering (one with brake).


Front centralized safety lock.
Static load capacity: 800 kg.
Built-in bottle holder (can be applied on both sides)
",TOOLING & WS,WS,WS. TOOL STORAGE,,,Naranja / Negro,,,,342540,70100,800,495,865,,,,,,,,Naranja,,,,,,,,,,,,https://api.mybihr.com/medias/1111078002-1-800Wx800H?context=bWFzdGVyfHJvb3R8NzI4NDB8aW1hZ2UvanBlZ3xhR00yTDJnMVlTOHhNelE1TnpBME5UYzBOVFk1TkM4eE1URXhNRGM0TURBeUxURmZPREF3VjNnNE1EQkl8ZjQ3N2Y5MzRhYTM4MTc1MmMwNTJmNDllZjQ4MWE3MjlmMDk4ZjUzNGVlNDQ0NjhlNzNmMGE5NTM4ZTBiNDY4OQ,https://api.mybihr.com/medias/1111078002-2-800Wx800H?context=bWFzdGVyfHJvb3R8NjUwNzd8aW1hZ2UvanBlZ3xhRGd5TDJnM01TOHhNelE1TnpBME9EUTVPREl3Tmk4eE1URXhNRGM0TURBeUxUSmZPREF3VjNnNE1EQkl8Yjc0YzY1MjdhNGFkMWIyZGJhOTA3NGZmZDE0ZTRjZDFjZDc5Njg0NWJkYTljODk3ZjYwZDZkYjlkZjVlMzQwNQ,,,,,,,,https://static.bihr.pro/eBihr/Pictures/BETA-pictures.zip,https://api.mybihr.com/medias/RSC247-Instructions.pdf?context=bWFzdGVyfHJvb3R8NTA1NTMzNXxhcHBsaWNhdGlvbi9wZGZ8YURVeEwyaGpOeTh4TXpRek9UazBNelkzTVRnek9DOVNVME15TkRkZlNXNXpkSEoxWTNScGIyNXpMbkJrWmd8ODExNmY0YjQyYTJjOGExMDA5ZGRhN2M5YjY5ODYzNzJhODA2Njg0ZGVhM2VjNDk3NTlhYjdlMWQ1M2I3MzI5OQ,Spain Warehouse (Parts)
1111078003,,024004072,BETA,"BETA ROLL CAB RSC24 7 DRAWERS, GRY/BLK",BETA RSC24 / 7 Cajonera móvil con 7 cajones,1239.04,1024.00,819.20,8054809187433,0,9403208000,0,0,"<p><strong>Main features:</strong></p>
<ul>
<li>7 fully removable drawers (588x367 mm), with ball bearing slides:<br>
<ul>
<li>5 drawers, 70 mm high</li>
<li>1 drawer, 140 mm high</li>
<li>1 drawer, 210 mm high</li>
</ul>
</li>
<li>Multi-purpose top with anti-fall edges and eight holes for accommodating screwdrivers</li>
<li>Four castors &Oslash; 125 mm:<br>
<ul>
<li>2 fixed and 2 steering (one with brake).</li>
</ul>
</li>
<li>Front centralized safety lock.</li>
<li>Static load capacity: 800 kg.</li>
<li>Built-in bottle holder (can be applied on both sides)</li>
</ul>","
Main features:

7 fully removable drawers (588x367 mm), with ball bearing slides:

5 drawers, 70 mm high
1 drawer, 140 mm high
1 drawer, 210 mm high


Multi-purpose top with anti-fall edges and eight holes for accommodating screwdrivers
Four castors Ø 125 mm:

2 fixed and 2 steering (one with brake).


Front centralized safety lock.
Static load capacity: 800 kg.
Built-in bottle holder (can be applied on both sides)
",TOOLING & WS,WS,WS. TOOL STORAGE,,,Gris / Negro,,,,342540,70100,800,495,865,,,,,,,,Gris,,,,,,,,,,,,https://api.mybihr.com/medias/1111078003-1-800Wx800H?context=bWFzdGVyfHJvb3R8NjU1NzN8aW1hZ2UvanBlZ3xhR1psTDJoaFppOHhNelE1TnpBME5qRXpPRGt4TUM4eE1URXhNRGM0TURBekxURmZPREF3VjNnNE1EQkl8YjE0MTY3ZWIyNTQ1ZmVjMjRhZDM1N2IwYjRmMGE1MWZkMTA4NGEzY2JjMzM2NTExYmUwNzA1NTBlZDhjNzFhOA,https://api.mybihr.com/medias/1111078003-2-800Wx800H?context=bWFzdGVyfHJvb3R8NjUwNzd8aW1hZ2UvanBlZ3xhR1V4TDJnMk15OHhNelE1TnpBME9EZzVNVFF5TWk4eE1URXhNRGM0TURBekxUSmZPREF3VjNnNE1EQkl8MDM4MGMwYzMxNGQwOWYwZTA4NDI0NjgxODBiYTM0ZmQwZTcxZDVlMTU3MmM5NzNiMTM5M2IwNTNlZDFkYjdlMA,,,,,,,,https://static.bihr.pro/eBihr/Pictures/BETA-pictures.zip,https://api.mybihr.com/medias/RSC247-Instructions.pdf?context=bWFzdGVyfHJvb3R8NTA1NTMzNXxhcHBsaWNhdGlvbi9wZGZ8YURVeEwyaGpOeTh4TXpRek9UazBNelkzTVRnek9DOVNVME15TkRkZlNXNXpkSEoxWTNScGIyNXpMbkJrWmd8ODExNmY0YjQyYTJjOGExMDA5ZGRhN2M5YjY5ODYzNzJhODA2Njg0ZGVhM2VjNDk3NTlhYjdlMWQ1M2I3MzI5OQ,Spain Warehouse (Parts)
1111078006,,024004077,BETA,"BETA ROLL CAB RSC24 7 DRAWERS, GRY/GRY",BETA RSC24 / 7 Cajonera móvil con 7 cajones,1239.04,1024.00,819.20,8054809187464,0,9403208000,0,0,"<p><strong>Main features:</strong></p>
<ul>
<li>7 fully removable drawers (588x367 mm), with ball bearing slides:<br>
<ul>
<li>5 drawers, 70 mm high</li>
<li>1 drawer, 140 mm high</li>
<li>1 drawer, 210 mm high</li>
</ul>
</li>
<li>Multi-purpose top with anti-fall edges and eight holes for accommodating screwdrivers</li>
<li>Four castors &Oslash; 125 mm:<br>
<ul>
<li>2 fixed and 2 steering (one with brake).</li>
</ul>
</li>
<li>Front centralized safety lock.</li>
<li>Static load capacity: 800 kg.</li>
<li>Built-in bottle holder (can be applied on both sides)</li>
</ul>","
Main features:

7 fully removable drawers (588x367 mm), with ball bearing slides:

5 drawers, 70 mm high
1 drawer, 140 mm high
1 drawer, 210 mm high


Multi-purpose top with anti-fall edges and eight holes for accommodating screwdrivers
Four castors Ø 125 mm:

2 fixed and 2 steering (one with brake).


Front centralized safety lock.
Static load capacity: 800 kg.
Built-in bottle holder (can be applied on both sides)
",TOOLING & WS,WS,WS. TOOL STORAGE,,,Gris / Gris,,,,378300,70100,780,500,970,,,,,,,,Gris,,,,,,,,,,,,https://api.mybihr.com/medias/1111078006-1-800Wx800H?context=bWFzdGVyfHJvb3R8NzA5NTZ8aW1hZ2UvanBlZ3xhRGs1TDJoa1ppOHhNelE1TnpBME56TXhPRFUxT0M4eE1URXhNRGM0TURBMkxURmZPREF3VjNnNE1EQkl8MTA4N2VmMTgzNzQwNzJlYTJiZGY4OTVhMGIwYjUwNDQzMTI1MmI1YWJiMzBhNzM0NmNkMTg2NTZjYTBkMWVkZA,https://api.mybihr.com/medias/1111078006-2-800Wx800H?context=bWFzdGVyfHJvb3R8NjUwNzd8aW1hZ2UvanBlZ3xhREE1TDJobVpTOHhNelE1TnpBMU1EQTNNVEEzTUM4eE1URXhNRGM0TURBMkxUSmZPREF3VjNnNE1EQkl8NmE2ZGFjMTM5YjY4OGRmZDg4Y2NhYzI1MjBmODUxYjNjMzMyYjI5YzdiYWZlMmQ5NmY2ZjI5M2MwYzQ4Mjg1Yw,,,,,,,,https://static.bihr.pro/eBihr/Pictures/BETA-pictures.zip,https://api.mybihr.com/medias/RSC247-Instructions.pdf?context=bWFzdGVyfHJvb3R8NTA1NTMzNXxhcHBsaWNhdGlvbi9wZGZ8YURVeEwyaGpOeTh4TXpRek9UazBNelkzTVRnek9DOVNVME15TkRkZlNXNXpkSEoxWTNScGIyNXpMbkJrWmd8ODExNmY0YjQyYTJjOGExMDA5ZGRhN2M5YjY5ODYzNzJhODA2Njg0ZGVhM2VjNDk3NTlhYjdlMWQ1M2I3MzI5OQ,Spain Warehouse (Parts)
1123489,,045000302,BETA,BETA WALL MOUNTED CABINET C45 PRO,Armario superior de pared BETA para mobiliario de taller C45PRO,240.79,199.00,159.20,8054809214153,0,9403208000,1,0,"<ul>
	<li>Longitud armario superior: 680 mm</li>
	<li>Con resortes de gas para facilitar la apertura y el cierre de la puerta</li>
	<li>Con cerradura</li>
	<li>10 Kg</li>
</ul>
","
	Longitud armario superior: 680 mm
	Con resortes de gas para facilitar la apertura y el cierre de la puerta
	Con cerradura
	10 Kg

",TOOLING & WS,WS,WS. TOOL STORAGE,,,,,,,100266,11880,730,335,410,,,,,,,,Negro,,,,,,,,,,,,https://api.mybihr.com/medias/800Wx800H-1123489-1.jpg?context=bWFzdGVyfHJvb3R8Mjg3MTR8aW1hZ2UvanBlZ3xhRGcwTDJnNE9TODBOVFE0TkRjd09ETTVOekE0Tmk4NE1EQlhlRGd3TUVoZk1URXlNelE0T1MweExtcHdad3xlNzk3NTU0ZDkwNzM5NGYwMzI5ZDkzOGUwM2M5NGJkNmZlMzhiY2Y1ZDIyYzE5NmQyZmViN2U1YzBiNWU0YTMx,https://api.mybihr.com/medias/800Wx800H-1123489-2.jpg?context=bWFzdGVyfHJvb3R8NDA5MzF8aW1hZ2UvanBlZ3xhREkxTDJnNU55ODBOVFE0TkRjd09EYzVNRE13TWk4NE1EQlhlRGd3TUVoZk1URXlNelE0T1MweUxtcHdad3w3NGUzYzFiNmM3NmNkZTczYzU1Y2U2ZWM1NzlhNjk2MWZjYzVmMGI3NjA1YmJmNTFiYTY4MjUzYjUyYmI4MWVj,,,,,,,,https://static.bihr.pro/eBihr/Pictures/BETA-pictures.zip,,Spain Warehouse (Parts)
1129665,,C24EH/7-MN,BETA,BETA ROLLER CABINET C24EH/7-MN,BETA Mobile Roller Cab 7 Drawers,937.75,775.00,620.00,8054809550329,14,9403603000,0,0,"<ul>
	<li>7 drawers (588 x 367 mm)</li>
	<li>Mounted on precision ball-bearing slides</li>
	<li>5 drawers with a height of 70 mm</li>
	<li>1 drawer with a height of 140 mm</li>
	<li>1 drawer with a height of 210 mm</li>
	<li>Static load capacity: 700 kg</li>
	<li>ABS worktop</li>
	<li>Centralized front safety lock</li>
	<li>∅ 4 wheels 125 mm (2 fixed – 2 swivel equipped with a brake)</li>
	<li>Delivered empty</li>
</ul>","
	7 drawers (588 x 367 mm)
	Mounted on precision ball-bearing slides
	5 drawers with a height of 70 mm
	1 drawer with a height of 140 mm
	1 drawer with a height of 210 mm
	Static load capacity: 700 kg
	ABS worktop
	Centralized front safety lock
	∅ 4 wheels 125 mm (2 fixed – 2 swivel equipped with a brake)
	Delivered empty
",TOOLING & WS,WS,WS. TOOL STORAGE,,,,,,,1209600,85000,1200,800,1260,,,,,,,,,,,,,,,,,,,,https://api.mybihr.com/medias/800Wx800H-1129665-1.jpg?context=bWFzdGVyfHJvb3R8MjAwNDQ4MHxpbWFnZS9qcGVnfGFEWmlMMmd4T0M4NE16TTRNVEF4TVRRME56Z3pPQzg0TURCWGVEZ3dNRWhmTVRFeU9UWTJOUzB4TG1wd1p3fGE4OWUzNmZmMzNmNTljYzA3ZjY1YzQxNmJhZmM2ZTAwMjAwNjNiOTg4ZTg0MTcxMDkzYWQ2NTg0ZTJmYjEwMGU,https://api.mybihr.com/medias/800Wx800H-1129665-2.jpg?context=bWFzdGVyfHJvb3R8MTkzMDM3OHxpbWFnZS9qcGVnfGFEbGhMMmd4TVM4NE16TTRNVEF4TVRZME5EUTBOaTg0TURCWGVEZ3dNRWhmTVRFeU9UWTJOUzB5TG1wd1p3fDkyNjM2ZjNiYTdmZTRlY2YyNWI3OWU5YjAxY2NlZDI5MzUyODEzNjM1MGU5MjEzZmIyNDYzM2ZmYmUyYzBjNzA,https://api.mybihr.com/medias/800Wx800H-1129665-3.jpg?context=bWFzdGVyfHJvb3R8MTg4MDc0MHxpbWFnZS9qcGVnfGFHTTVMMmd3WVM4NE16TTRNVEF4TVRnME1UQTFOQzg0TURCWGVEZ3dNRWhmTVRFeU9UWTJOUzB6TG1wd1p3fGNkMDQ4M2Y2YjA1M2EyNDA2MTM4ZTg0YjI1OTA3OGRkYWNhOTUxZDBiMzVhNDNmY2YxNDhhMzJkMGJhNmE1NDg,,,,,,,https://static.bihr.pro/eBihr/Pictures/BETA-pictures.zip,,France Warehouse (Parts)
1129853,,2080/DS,BETA,BETA SUITCASE ORGANIZER SMALL 15 DRAWERS,Organizador portátil BETA 15 compartimentos con 10 separadores extraíbles,33.28,27.50,22.00,8054809541853,0,3923900000,0,1,"<p>Malet&iacute;n organizador port&aacute;til dise&ntilde;ado para almacenar y transportar herramientas y piezas peque&ntilde;as de manera eficiente. Fabricado con materiales de alta calidad, ofrece durabilidad y resistencia en entornos de trabajo exigentes.</p>
<p><strong>Caracter&iacute;sticas principales:</strong></p>
<ul>
<li><strong>Dimensiones:</strong> 375 x 315 x 65 mm</li>
<li><strong>Peso:</strong> 760 g</li>
<li><strong>Material:</strong> Pl&aacute;stico resistente</li>
<li><strong>Compartimentos:</strong> M&uacute;ltiples divisiones internas para una organizaci&oacute;n &oacute;ptima</li>
<li><strong>Transporte:</strong> Asa ergon&oacute;mica para facilitar su traslado</li>
<li><strong>Cierre:</strong> Sistema de cierre seguro para proteger el contenido</li>
</ul>
<p>Este organizador es ideal para profesionales que requieren una soluci&oacute;n pr&aacute;ctica para mantener sus herramientas y accesorios ordenados y f&aacute;cilmente accesibles. La calidad de BETA garantiza un producto confiable y duradero.</p>","
Maletín organizador portátil diseñado para almacenar y transportar herramientas y piezas pequeñas de manera eficiente. Fabricado con materiales de alta calidad, ofrece durabilidad y resistencia en entornos de trabajo exigentes.

Características principales:

Dimensiones: 375 x 315 x 65 mm
Peso: 760 g
Material: Plástico resistente
Compartimentos: Múltiples divisiones internas para una organización óptima
Transporte: Asa ergonómica para facilitar su traslado
Cierre: Sistema de cierre seguro para proteger el contenido


Este organizador es ideal para profesionales que requieren una solución práctica para mantener sus herramientas y accesorios ordenados y fácilmente accesibles. La calidad de BETA garantiza un producto confiable y duradero.",TOOLING & WS,WS,WS. TOOL STORAGE,,,,,,,8194,770,385,313,68,,,,,,,,,,,,,,,,,,,,https://api.mybihr.com/medias/800Wx800H-1129853-1.jpg?context=bWFzdGVyfHJvb3R8NDU3MTl8aW1hZ2UvanBlZ3xhREkzTDJobE5TODNPVFUyT1RZeU9EazROelF5TWk4NE1EQlhlRGd3TUVoZk1URXlPVGcxTXkweExtcHdad3wyYzY2Y2QzOGZiMGZhYWVjMjNjYmFmZjUwMDRjMjIwOWU1ZjkzNzY5NzIwZDcxMDcyYzg2MmY2YWQ0MjQ2NjM1,https://api.mybihr.com/medias/800Wx800H-1129853-2.jpg?context=bWFzdGVyfHJvb3R8NjMyNDV8aW1hZ2UvanBlZ3xhR1JpTDJnNFppODNPVFUyT1RZeU9UTTRNRFl6T0M4NE1EQlhlRGd3TUVoZk1URXlPVGcxTXkweUxtcHdad3w5MjFkYzIwZjM1Mjk0MmI3NjFiY2ZiMTM0MmFhNTJlMzM4MmU4YjQ4ZjQ5ZjQ0Mzg2ZWUzYzY5ZDljOWYwNDYy,https://api.mybihr.com/medias/800Wx800H-1129853-3.jpg?context=bWFzdGVyfHJvb3R8NTAxOTB8aW1hZ2UvanBlZ3xhRFJsTDJnNE1pODNPVFUyT1RZeU9UYzNNemcxTkM4NE1EQlhlRGd3TUVoZk1URXlPVGcxTXkwekxtcHdad3w5OTQzMDVmMWYzMjI5NWZjYjcxMTc4Yzk4OWE1ZmI3MWE4NmRjODM5OTA4ZTYyMjZlODQ0MTk5NDNhMGM1ZGEw,,,,,,,https://static.bihr.pro/eBihr/Pictures/BETA-pictures.zip,,Spain Warehouse (Parts)
1129854,,2080/DL,BETA,BETA SUITCASE ORGANIZER BIG 15 DRAWERS,Organizador portátil BETA 15 compartimentos con 8 separadores extraíbles,38.57,31.88,25.50,8054809541884,0,3923900000,0,1,"<p>Malet&iacute;n organizador de pl&aacute;stico dise&ntilde;ado para almacenar y transportar herramientas y piezas peque&ntilde;as de manera eficiente. Su construcci&oacute;n robusta y pr&aacute;ctica garantiza la seguridad y el orden de su contenido.</p>
<p><strong>Caracter&iacute;sticas principales:</strong></p>
<ul>
<li><strong>Dimensiones:</strong> 440 x 330 x 75 mm</li>
<li><strong>Peso:</strong> 970 g</li>
<li><strong>Material:</strong> Pl&aacute;stico resistente</li>
<li><strong>Compartimentos:</strong> M&uacute;ltiples divisiones internas ajustables para una organizaci&oacute;n personalizada</li>
<li><strong>Transporte:</strong> Asa ergon&oacute;mica para facilitar su traslado</li>
<li><strong>Cierre:</strong> Sistema de cierre seguro para proteger el contenido</li>
</ul>
<p>Este organizador es ideal para profesionales que requieren una soluci&oacute;n pr&aacute;ctica para mantener sus herramientas y accesorios ordenados y f&aacute;cilmente accesibles. La calidad de BETA garantiza un producto confiable y duradero.</p>","
Maletín organizador de plástico diseñado para almacenar y transportar herramientas y piezas pequeñas de manera eficiente. Su construcción robusta y práctica garantiza la seguridad y el orden de su contenido.

Características principales:

Dimensiones: 440 x 330 x 75 mm
Peso: 970 g
Material: Plástico resistente
Compartimentos: Múltiples divisiones internas ajustables para una organización personalizada
Transporte: Asa ergonómica para facilitar su traslado
Cierre: Sistema de cierre seguro para proteger el contenido


Este organizador es ideal para profesionales que requieren una solución práctica para mantener sus herramientas y accesorios ordenados y fácilmente accesibles. La calidad de BETA garantiza un producto confiable y duradero.",TOOLING & WS,WS,WS. TOOL STORAGE,,,,,,,11111,1024,441,323,78,,,,,,,,,,,,,,,,,,,,https://api.mybihr.com/medias/800Wx800H-1129854-1.jpg?context=bWFzdGVyfHJvb3R8NDMzMDl8aW1hZ2UvanBlZ3xhR0l4TDJnNE1DODNPVFUyT1RZek1ERTJOekEzTUM4NE1EQlhlRGd3TUVoZk1URXlPVGcxTkMweExtcHdad3xlZDczN2YxOGVkMmYyZmVkNTFhNmYxMjNkMDM5MTc0YTcxMjI5MGQyMjQ1Y2I4ZTIwMjhhN2UwYTRhNzJmNWFh,https://api.mybihr.com/medias/800Wx800H-1129854-2.jpg?context=bWFzdGVyfHJvb3R8NTkzNzl8aW1hZ2UvanBlZ3xhRFV4TDJnNFpTODNPVFUyT1RZek1EVTJNREk0Tmk4NE1EQlhlRGd3TUVoZk1URXlPVGcxTkMweUxtcHdad3w1ZTlhYTA3OWY3MzM1Zjg0OTI1NjhiMGI4MWYzZGQ4MzYwNTY2NDFhMWUzMmMwNWQyZjNjM2JhMDgzODRjODY0,https://api.mybihr.com/medias/800Wx800H-1129854-3.jpg?context=bWFzdGVyfHJvb3R8NDQ0MjR8aW1hZ2UvanBlZ3xhR1JsTDJnNVlpODNPVFUyT1RZek1EazFNelV3TWk4NE1EQlhlRGd3TUVoZk1URXlPVGcxTkMwekxtcHdad3xjZTE0ZWJmYTI1Y2ZhNDNmNmM5NDQ5M2JkZmVlZTVlNWE5ZmI4Y2EwNzMzMDk2MzFiMjFkMzBhM2E1NjdlNzA5,,,,,,,https://static.bihr.pro/eBihr/Pictures/BETA-pictures.zip,,Spain Warehouse (Parts)
1129839,,RSC24/7-NEW-VA-F,BETA,BETA ROLLER CAB 7 DRAWERS & 248 TOOLS,Carro de taller móvil BETA de 7 cajones con 248 herramientas,2571.25,2125.00,1700.00,8054809579535,11,9403208000,0,0,"<p><strong>Entregado con un surtido de 248 herramientas BETA</strong></p>
<p>carro de herramientas m&oacute;vil dise&ntilde;ado para profesionales que requieren una soluci&oacute;n robusta y vers&aacute;til para el almacenamiento y transporte de herramientas. Este modelo combina funcionalidad y durabilidad, ofreciendo caracter&iacute;sticas que facilitan el trabajo en talleres y entornos industriales.</p>
<p><strong>Caracter&iacute;sticas principales:</strong></p>
<ul>
<li><strong>Cajones:</strong> Dispone de 7 cajones con dimensiones de 588x367 mm, montados sobre gu&iacute;as telesc&oacute;picas de rodamientos para un deslizamiento suave. La distribuci&oacute;n de los cajones es la siguiente:
<ul>
<li>5 cajones de 70 mm de altura.</li>
<li>1 caj&oacute;n de 140 mm de altura.</li>
<li>1 caj&oacute;n de 210 mm de altura.</li>
</ul>
</li>
<li><strong>Protecci&oacute;n:</strong> Las bases de los cajones est&aacute;n protegidas con tapetes de goma expandida, evitando da&ntilde;os en las herramientas y reduciendo el ruido.</li>
<li><strong>Movilidad:</strong> Equipado con cuatro ruedas de 125 mm de di&aacute;metro: dos fijas y dos giratorias con freno, facilitando su desplazamiento y estabilidad en el lugar de trabajo.</li>
<li><strong>Seguridad:</strong> Cuenta con una cerradura centralizada frontal para asegurar el contenido de los cajones.</li>
<li><strong>Capacidad de carga:</strong> Soporta una carga est&aacute;tica de hasta 1.100 kg, permitiendo almacenar herramientas pesadas sin comprometer su integridad estructural.</li>
<li><strong>Superficie de trabajo:</strong> Incluye una encimera de madera multicapa con orificios para instalar un tornillo de banco (modelo 1599F/100, vendido por separado), ampliando su funcionalidad como estaci&oacute;n de trabajo.</li>
<li><strong>Accesorios integrados:</strong> Incorpora un porta-papel integrado, un porta-frascos doble en la parte posterior y un porta-frascos lateral, ofreciendo espacios adicionales para almacenar consumibles y l&iacute;quidos de uso frecuente.</li>
<li><strong>Armario lateral:</strong> Incluye un armario porta-objetos lateral con puerta que se cierra con cerradura y estante interno ajustable en altura, proporcionando espacio adicional para herramientas o materiales m&aacute;s grandes.</li>
</ul>
<p>Este carro de herramientas es una opci&oacute;n ideal para profesionales que buscan una soluci&oacute;n duradera y vers&aacute;til para el almacenamiento y transporte de sus herramientas. La calidad y el dise&ntilde;o de BETA aseguran un rendimiento &oacute;ptimo en diversas aplicaciones industriales y de mantenimiento.</p>","
Entregado con un surtido de 248 herramientas BETA

carro de herramientas móvil diseñado para profesionales que requieren una solución robusta y versátil para el almacenamiento y transporte de herramientas. Este modelo combina funcionalidad y durabilidad, ofreciendo características que facilitan el trabajo en talleres y entornos industriales.

Características principales:

Cajones: Dispone de 7 cajones con dimensiones de 588x367 mm, montados sobre guías telescópicas de rodamientos para un deslizamiento suave. La distribución de los cajones es la siguiente:

5 cajones de 70 mm de altura.
1 cajón de 140 mm de altura.
1 cajón de 210 mm de altura.


Protección: Las bases de los cajones están protegidas con tapetes de goma expandida, evitando daños en las herramientas y reduciendo el ruido.
Movilidad: Equipado con cuatro ruedas de 125 mm de diámetro: dos fijas y dos giratorias con freno, facilitando su desplazamiento y estabilidad en el lugar de trabajo.
Seguridad: Cuenta con una cerradura centralizada frontal para asegurar el contenido de los cajones.
Capacidad de carga: Soporta una carga estática de hasta 1.100 kg, permitiendo almacenar herramientas pesadas sin comprometer su integridad estructural.
Superficie de trabajo: Incluye una encimera de madera multicapa con orificios para instalar un tornillo de banco (modelo 1599F/100, vendido por separado), ampliando su funcionalidad como estación de trabajo.
Accesorios integrados: Incorpora un porta-papel integrado, un porta-frascos doble en la parte posterior y un porta-frascos lateral, ofreciendo espacios adicionales para almacenar consumibles y líquidos de uso frecuente.
Armario lateral: Incluye un armario porta-objetos lateral con puerta que se cierra con cerradura y estante interno ajustable en altura, proporcionando espacio adicional para herramientas o materiales más grandes.


Este carro de herramientas es una opción ideal para profesionales que buscan una solución duradera y versátil para el almacenamiento y transporte de sus herramientas. La calidad y el diseño de BETA aseguran un rendimiento óptimo en diversas aplicaciones industriales y de mantenimiento.",TOOLING & WS,WS,WS. TOOL STORAGE,,,,,,,1339200,112200,1200,800,1395,,,,,,,,,,,,,,,,,,,,https://api.mybihr.com/medias/800Wx800H-1129839-1.jpg?context=bWFzdGVyfHJvb3R8MjAwMzcyOHxpbWFnZS9qcGVnfGFEY3hMMmcxTlM4NE16TTRNVEF3TkRRMk9ESTFOQzg0TURCWGVEZ3dNRWhmTVRFeU9UZ3pPUzB4TG1wd1p3fGY5Y2YzYWFhNTk3YzUzMzVlYWYwYTI4YzI2MTU4YTI1Zjc4NWExNDBlMDUwOTYwNmZmOTI5NTEwMmJiZTg2ZjU,https://api.mybihr.com/medias/800Wx800H-1129839-2.jpg?context=bWFzdGVyfHJvb3R8MjAyNjA4NXxpbWFnZS9qcGVnfGFEUXdMMmcxWXk4NE16TTRNVEF3TkRZMk5EZzJNaTg0TURCWGVEZ3dNRWhmTVRFeU9UZ3pPUzB5TG1wd1p3fGFhZGRkYzZlZmU3MTg3YzIxNWU2MzRhZjc5NjFjZThjMGI2YmEwY2E3MGVkNmNkZDU0ZjlhMWM1Nzg4YzlhNmU,https://api.mybihr.com/medias/800Wx800H-1129839-3.jpg?context=bWFzdGVyfHJvb3R8MjAzMDc1MXxpbWFnZS9qcGVnfGFERXhMMmcyTXk4NE16TTRNVEF3TkRnMk1UUTNNQzg0TURCWGVEZ3dNRWhmTVRFeU9UZ3pPUzB6TG1wd1p3fDJkZDkwZWQxZWZkMzUwYTc4MmMwOWRjMzkwNDY2ZDgwMTRiNzUxN2NlNjA1NTNhZWFjYjBjZjU4MjQzNjhiNDA,https://api.mybihr.com/medias/800Wx800H-1129839-4.jpg?context=bWFzdGVyfHJvb3R8MjA4MzgxOXxpbWFnZS9qcGVnfGFEZGhMMmhpTVM4NE16TTRNVEF3TlRBMU9EQTNPQzg0TURCWGVEZ3dNRWhmTVRFeU9UZ3pPUzAwTG1wd1p3fDM2MTY0N2ViYjRlMTllYWRiY2RiY2E4ZTZkNDFmYTBmZDQ1ZTgzMDE1M2Y5ODUwYTFhMDQ1ZDlkNDI3NzYyYTU,https://api.mybihr.com/medias/800Wx800H-1129839-5.jpg?context=bWFzdGVyfHJvb3R8MjEwNDc4MHxpbWFnZS9qcGVnfGFEUmhMMmhpT0M4NE16TTRNVEF3TlRJMU5EWTROaTg0TURCWGVEZ3dNRWhmTVRFeU9UZ3pPUzAxTG1wd1p3fDVkNjgzMTE4ZTQ1NTgwMzg3MGZjZjkwODRkMGNhNWZiYmI5MTJiMGZjZmEwN2Q1NDE2MjE5MzdlYjA0ZDI0ZWM,,,,,https://static.bihr.pro/eBihr/Pictures/BETA-pictures.zip,,France Warehouse (Parts)
1129990,,045000232,BETA,BETA FIX MODULE WITH 2 DOORS C45PRO MA,Módulo fijo con 2 puertas para mobiliario de taller BETA,450.12,372.00,297.60,,0,9403208000,0,1,"<p><strong>Caracter&iacute;sticas:</strong></p>
<ul>
<li>Dotado de cerradura</li>
<li>Estante interno ajustable en altura</li>
<li>Medidas internas: 670x420 mm</li>
<li>Pies ajustables en altura</li>
</ul>","
Características:

Dotado de cerradura
Estante interno ajustable en altura
Medidas internas: 670x420 mm
Pies ajustables en altura
",TOOLING & WS,WS,WS. TOOL STORAGE,,,,,,,1,1,10,10,10,,,,,,,,,,,,,,,,,,,,,,,,,,,,,https://static.bihr.pro/eBihr/Pictures/BETA-pictures.zip,,Spain Warehouse (Parts)
1129840,,RSC24L-CAB-A,BETA,BETA ROLLER CAB 7 DRAWERS + 196  TOOLS,Carro de taller móvil BETA de 7 cajones con 196 herramientas,2420.00,2000.00,1600.00,8054809187785,0,9403208000,0,0,"<p><strong>Entregado con un surtido de 196 herramientas BETA</strong></p>
<p>carro de herramientas m&oacute;vil dise&ntilde;ado para profesionales que requieren una soluci&oacute;n robusta y vers&aacute;til para el almacenamiento y transporte de herramientas. Este modelo combina funcionalidad y durabilidad, ofreciendo caracter&iacute;sticas que facilitan el trabajo en talleres y entornos industriales.</p>
<p><strong>Caracter&iacute;sticas principales:</strong></p>
<ul>
<li><strong>Cajones:</strong> Dispone de 7 cajones con dimensiones de 588x367 mm, montados sobre gu&iacute;as telesc&oacute;picas de rodamientos para un deslizamiento suave. La distribuci&oacute;n de los cajones es la siguiente:
<ul>
<li>5 cajones de 70 mm de altura.</li>
<li>1 caj&oacute;n de 140 mm de altura.</li>
<li>1 caj&oacute;n de 210 mm de altura.</li>
</ul>
</li>
<li><strong>Protecci&oacute;n:</strong> Las bases de los cajones est&aacute;n protegidas con tapetes de goma expandida, evitando da&ntilde;os en las herramientas y reduciendo el ruido.</li>
<li><strong>Movilidad:</strong> Equipado con cuatro ruedas de 125 mm de di&aacute;metro: dos fijas y dos giratorias con freno, facilitando su desplazamiento y estabilidad en el lugar de trabajo.</li>
<li><strong>Seguridad:</strong> Cuenta con una cerradura centralizada frontal para asegurar el contenido de los cajones.</li>
<li><strong>Capacidad de carga:</strong> Soporta una carga est&aacute;tica de hasta 1.100 kg, permitiendo almacenar herramientas pesadas sin comprometer su integridad estructural.</li>
<li><strong>Superficie de trabajo:</strong> Incluye una encimera de madera multicapa con orificios para instalar un tornillo de banco (modelo 1599F/100, vendido por separado), ampliando su funcionalidad como estaci&oacute;n de trabajo.</li>
<li><strong>Accesorios integrados:</strong> Incorpora un porta-papel integrado, un porta-frascos doble en la parte posterior y un porta-frascos lateral, ofreciendo espacios adicionales para almacenar consumibles y l&iacute;quidos de uso frecuente.</li>
<li><strong>Armario lateral:</strong> Incluye un armario porta-objetos lateral con puerta que se cierra con cerradura y estante interno ajustable en altura, proporcionando espacio adicional para herramientas o materiales m&aacute;s grandes.</li>
</ul>
<p>Este carro de herramientas es una opci&oacute;n ideal para profesionales que buscan una soluci&oacute;n duradera y vers&aacute;til para el almacenamiento y transporte de sus herramientas. La calidad y el dise&ntilde;o de BETA aseguran un rendimiento &oacute;ptimo en diversas aplicaciones industriales y de mantenimiento.</p>","
Entregado con un surtido de 196 herramientas BETA

carro de herramientas móvil diseñado para profesionales que requieren una solución robusta y versátil para el almacenamiento y transporte de herramientas. Este modelo combina funcionalidad y durabilidad, ofreciendo características que facilitan el trabajo en talleres y entornos industriales.

Características principales:

Cajones: Dispone de 7 cajones con dimensiones de 588x367 mm, montados sobre guías telescópicas de rodamientos para un deslizamiento suave. La distribución de los cajones es la siguiente:

5 cajones de 70 mm de altura.
1 cajón de 140 mm de altura.
1 cajón de 210 mm de altura.


Protección: Las bases de los cajones están protegidas con tapetes de goma expandida, evitando daños en las herramientas y reduciendo el ruido.
Movilidad: Equipado con cuatro ruedas de 125 mm de diámetro: dos fijas y dos giratorias con freno, facilitando su desplazamiento y estabilidad en el lugar de trabajo.
Seguridad: Cuenta con una cerradura centralizada frontal para asegurar el contenido de los cajones.
Capacidad de carga: Soporta una carga estática de hasta 1.100 kg, permitiendo almacenar herramientas pesadas sin comprometer su integridad estructural.
Superficie de trabajo: Incluye una encimera de madera multicapa con orificios para instalar un tornillo de banco (modelo 1599F/100, vendido por separado), ampliando su funcionalidad como estación de trabajo.
Accesorios integrados: Incorpora un porta-papel integrado, un porta-frascos doble en la parte posterior y un porta-frascos lateral, ofreciendo espacios adicionales para almacenar consumibles y líquidos de uso frecuente.
Armario lateral: Incluye un armario porta-objetos lateral con puerta que se cierra con cerradura y estante interno ajustable en altura, proporcionando espacio adicional para herramientas o materiales más grandes.


Este carro de herramientas es una opción ideal para profesionales que buscan una solución duradera y versátil para el almacenamiento y transporte de sus herramientas. La calidad y el diseño de BETA aseguran un rendimiento óptimo en diversas aplicaciones industriales y de mantenimiento.",TOOLING & WS,WS,WS. TOOL STORAGE,,,,,,,1478400,143600,1200,800,1540,,,,,,,,,,,,,,,,,,,,https://api.mybihr.com/medias/800Wx800H-1129840-1.jpg?context=bWFzdGVyfHJvb3R8NTI1MDh8aW1hZ2UvanBlZ3xhRFZsTDJnM09DODRNVEk1TnpreE1qRXpOVGN4TUM4NE1EQlhlRGd3TUVoZk1URXlPVGcwTUMweExtcHdad3wyOTcyYjc1NWMyOWQ3ZThhNjFhMzBmN2ExOTBlZGM5OWM4NmNlZmY1YWQ2NmMzNTBiOGJjNTdiOGZmNTZkYTQy,https://api.mybihr.com/medias/800Wx800H-1129840-2.jpg?context=bWFzdGVyfHJvb3R8NDI1MDZ8aW1hZ2UvanBlZ3xhRGhsTDJnM01TODRNVEk1TnpreE1qTXpNak14T0M4NE1EQlhlRGd3TUVoZk1URXlPVGcwTUMweUxtcHdad3w1NGI5ZjFiNzk4ODY2ZDY0NDMzN2M0N2M3Mzk2MmY5NzhlZTFlOTVjYjdlMDA1MDhkNTk3NTYzZDVlNWI1OWI4,https://api.mybihr.com/medias/800Wx800H-1129840-3.jpg?context=bWFzdGVyfHJvb3R8ODM2MDJ8aW1hZ2UvanBlZ3xhR1F4TDJnMllTODRNVEk1TnpreE1qVXlPRGt5Tmk4NE1EQlhlRGd3TUVoZk1URXlPVGcwTUMwekxtcHdad3w1YjIzYjgwNDlkNzY4NWJmNWNiMmE5YzZjM2E1MzZiMWJhZTYzZmRiZWYzZDAxNDUyNmEyNGQyMzA4ZjY3ODkw,https://api.mybihr.com/medias/800Wx800H-1129840-4.jpg?context=bWFzdGVyfHJvb3R8Nzg5Mjl8aW1hZ2UvanBlZ3xhREF3TDJnMk5DODRNVEk1TnpreE1qY3lOVFV6TkM4NE1EQlhlRGd3TUVoZk1URXlPVGcwTUMwMExtcHdad3wzOWQ3MWNjMDYyNDg2MzUzMzgwZWIwYWIyZjIzNDdmZjBjMGNhYjg5NjY0MGMzNjFkYjA4MWZhZDQ2ZTdmYTI3,https://api.mybihr.com/medias/800Wx800H-1129840-5.jpg?context=bWFzdGVyfHJvb3R8OTQ3Mzh8aW1hZ2UvanBlZ3xhRE13TDJnMVpDODRNVEk1TnpreE1qa3lNakUwTWk4NE1EQlhlRGd3TUVoZk1URXlPVGcwTUMwMUxtcHdad3xmYzVjZWEwNzI0OGJhNDQ2N2VhMjVmMTUwNTc5OTJlMTU3MTllNWRjZWY1ZDczZTdiN2UzMDllZjYwZjEyMGIx,https://api.mybihr.com/medias/800Wx800H-1129840-6.jpg?context=bWFzdGVyfHJvb3R8NzU0NTV8aW1hZ2UvanBlZ3xhR00zTDJnd1pTODRNVEk1TnpreE16RXhPRGMxTUM4NE1EQlhlRGd3TUVoZk1URXlPVGcwTUMwMkxtcHdad3w5YjZiYTE5Y2MzNzM2NjFiNzlkZjNiMWI5NGNhOTZiN2IwNGE3MGJhOTYxYTUwMGJhYWExYmFkMDAxNjE1ZTY1,https://api.mybihr.com/medias/800Wx800H-1129840-7.jpg?context=bWFzdGVyfHJvb3R8OTE4ODV8aW1hZ2UvanBlZ3xhR1kzTDJnd055ODRNVEk1TnpreE16TXhOVE0xT0M4NE1EQlhlRGd3TUVoZk1URXlPVGcwTUMwM0xtcHdad3w5OWRhNTEyMWQzZmM2ZGVhZTM2YTRhNTcwMTc2NGFiMTM1MjJkNWM2ZTlmZjc2ZDU2NTM1NjY4NGQzY2IzODQy,,,https://static.bihr.pro/eBihr/Pictures/BETA-pictures.zip,,Spain Warehouse (Parts)
1149384,,045002002,BETA,BETA WORKBENCH C45PRO W,Combinación de mobiliario BETA C45PRO 2.0,4716.10,3897.60,3118.08,,0,9403208000,1,1,"<p>Combinación que incluye:</p>
<ul>
	<li>Encimera de madera multicapas, dimensiones 2,040x<strong>615</strong>&nbsp;mm (C45PRO 2.0 PWE/3-2.0MT)</li>
	<li>Cajonera fija con 7 cajones (C45PRO 2.0 M7)</li>
	<li>Cajonera móvil con 7 cajones (C45PRO 2.0 C7)</li>
	<li>Módulo fijo auxiliar (C45PRO 2.0 MS)</li>
	<li>3 armarios superiores de pared (C45PRO 2.0 PF)</li>
	<li>3 paneles perforados portaherramientas (C45PRO 2.0 PM)</li>
	<li>3 soportes de pared tipo ancho (C45PRO 2.0 SL)</li>
	<li>1 soporte de pared tipo estrecho (C45PRO 2.0 SS)</li>
	<li>Armario con 2 puertas (C45PRO 2.0 AS2)</li>
</ul>","
Combinación que incluye:

	Encimera de madera multicapas, dimensiones 2,040x615 mm (C45PRO 2.0 PWE/3-2.0MT)
	Cajonera fija con 7 cajones (C45PRO 2.0 M7)
	Cajonera móvil con 7 cajones (C45PRO 2.0 C7)
	Módulo fijo auxiliar (C45PRO 2.0 MS)
	3 armarios superiores de pared (C45PRO 2.0 PF)
	3 paneles perforados portaherramientas (C45PRO 2.0 PM)
	3 soportes de pared tipo ancho (C45PRO 2.0 SL)
	1 soporte de pared tipo estrecho (C45PRO 2.0 SS)
	Armario con 2 puertas (C45PRO 2.0 AS2)
",TOOLING & WS,WS,WS. TOOL STORAGE,,,,,,,1,1,10,10,10,,,,,,,,,,,,,,,,,,,,https://api.mybihr.com/medias/800Wx800H-1149384-1.jpg?context=bWFzdGVyfHJvb3R8NzE5NTV8aW1hZ2UvanBlZ3xhRFppTDJnNE1pODROVE14TXprNE5qVXlOekkyTWk4NE1EQlhlRGd3TUVoZk1URTBPVE00TkMweExtcHdad3wwZTEwMTE2ZGVlMzhlMDIyN2EwZGM3NTE1MjIzMTdkNTM3Nzc3MTRkNzA1NDI2YjY4NjBjMWNjNDZmMjdjNzk3,https://api.mybihr.com/medias/800Wx800H-1149384-2.jpg?context=bWFzdGVyfHJvb3R8OTk4ODN8aW1hZ2UvanBlZ3xhR05oTDJnM05DODROVE14TXprNE5qa3lNRFEzT0M4NE1EQlhlRGd3TUVoZk1URTBPVE00TkMweUxtcHdad3wxYjhhODdlZWUxODE0ODAwNDQwMzMzNTI5ZTY2Y2FjOWQzNTQ2Mjc0Y2JiNDUzODJiNDc5YzU3ODM4NTM1MDUy,,,,,,,,https://static.bihr.pro/eBihr/Pictures/BETA-pictures.zip,,Spain Warehouse (Parts)
1149385,,045002001,BETA,BETA WORKBENCH C45PRO X,Combinación de mobiliario BETA C45PRO 2.0X,4716.10,3897.60,3118.08,,0,9403208000,1,1,"<p>Combinación que incluye:</p>
<ul>
	<li>Encimera en MDF forrada con acero inoxidable, dimensiones 2,040x<strong>615</strong>&nbsp;mm (C45PRO 2.0 PXE/3-2.0MT)</li>
	<li>Cajonera fija con 7 cajones (C45PRO 2.0 M7)</li>
	<li>Cajonera móvil con 7 cajones (C45PRO 2.0 C7)</li>
	<li>Módulo fijo auxiliar (C45PRO 2.0 MS)</li>
	<li>3 armarios superiores de pared (C45PRO 2.0 PF)</li>
	<li>3 paneles perforados portaherramientas (C45PRO 2.0 PM)</li>
	<li>3 soportes de pared tipo ancho (C45PRO 2.0 SL)</li>
	<li>1 soporte de pared tipo estrecho (C45PRO 2.0 SS)</li>
	<li>Armario con 2 puertas (C45PRO 2.0 AS2)</li>
</ul>","
Combinación que incluye:

	Encimera en MDF forrada con acero inoxidable, dimensiones 2,040x615 mm (C45PRO 2.0 PXE/3-2.0MT)
	Cajonera fija con 7 cajones (C45PRO 2.0 M7)
	Cajonera móvil con 7 cajones (C45PRO 2.0 C7)
	Módulo fijo auxiliar (C45PRO 2.0 MS)
	3 armarios superiores de pared (C45PRO 2.0 PF)
	3 paneles perforados portaherramientas (C45PRO 2.0 PM)
	3 soportes de pared tipo ancho (C45PRO 2.0 SL)
	1 soporte de pared tipo estrecho (C45PRO 2.0 SS)
	Armario con 2 puertas (C45PRO 2.0 AS2)
",TOOLING & WS,WS,WS. TOOL STORAGE,,,,,,,1,1,10,10,10,,,,,,,,,,,,,,,,,,,,https://api.mybihr.com/medias/800Wx800H-1149385-1.jpg?context=bWFzdGVyfHJvb3R8NjE4NjJ8aW1hZ2UvanBlZ3xhR1F5TDJneFlpODROVE14TXprNE56UTBORGMyTmk4NE1EQlhlRGd3TUVoZk1URTBPVE00TlMweExtcHdad3xhNWE3MmUwZmQ1ODdmOTUyMWQxN2NkYmFmMjljYmNiM2I5YmMwYTRkMDFmZDEyYzM0MzZhNzc3NTZjMWZiMDc3,https://api.mybihr.com/medias/800Wx800H-1149385-2.jpg?context=bWFzdGVyfHJvb3R8MTAwNzIzfGltYWdlL2pwZWd8YUdOaUwyZ3pPQzg0TlRNeE5EZzNNalUzTXprNE1pODRNREJYZURnd01FaGZNVEUwT1RNNE5TMHlMbXB3Wnd8OWJkNzI3OWMyYzZkMTIyMjE5NzlmMWU1ZWRhMGQxN2E2ZmRmZjNlMDZhNDcwZmI4NmRkMzNiMWY3NDE0MzA5Nw,,,,,,,,https://static.bihr.pro/eBihr/Pictures/BETA-pictures.zip,,Spain Warehouse (Parts)
1151626,,045009158,BETA,BETA WORKBENCH C45PRO 2.0 X / 268UT,Combinación de mobiliario BETA para taller C45PRO 2.0 X con 268 herramientas,6036.69,4989.00,2999.00,,0,9403208000,1,1,"<p><strong>Combinación compuesta por:</strong></p>
<ul>
	<li>Cajonera fija con 7 cajones (C45PRO 2.0 M7)</li>
	<li>Cajonera móvil con 7 cajones (C45PRO 2.0 C7)</li>
	<li>Módulo fijo de servicio (C45PRO 2.0 MS)</li>
	<li>3 paneles de herramientas perforados (C45PRO 2.0 PF)</li>
	<li>3 armarios superiores de pared (C45PRO 2.0 PM)</li>
	<li>3 soportes de pared, tipo ancho (C45PRO 2.0 SL)</li>
	<li>1 soporte de pared, tipo estrecho (C45PRO 2.0 SS)</li>
	<li>Armario con 2 puertas (C45PRO 2.0 AS2)</li>
</ul>

<p>Encimera en MDF forrada con acero inoxidable (C45PRO 2.0 PXE/3-2.0MT)<br>
Con surtido de 268 herramientas Beta Worker para uso universal, en termoformados de espuma</p>","
Combinación compuesta por:

	Cajonera fija con 7 cajones (C45PRO 2.0 M7)
	Cajonera móvil con 7 cajones (C45PRO 2.0 C7)
	Módulo fijo de servicio (C45PRO 2.0 MS)
	3 paneles de herramientas perforados (C45PRO 2.0 PF)
	3 armarios superiores de pared (C45PRO 2.0 PM)
	3 soportes de pared, tipo ancho (C45PRO 2.0 SL)
	1 soporte de pared, tipo estrecho (C45PRO 2.0 SS)
	Armario con 2 puertas (C45PRO 2.0 AS2)



Encimera en MDF forrada con acero inoxidable (C45PRO 2.0 PXE/3-2.0MT)
Con surtido de 268 herramientas Beta Worker para uso universal, en termoformados de espuma",TOOLING & WS,WS,WS. TOOL STORAGE,,,,,,,3168000,391000,2000,1100,1440,,,,,,,,,,,,,,,,,,,,https://api.mybihr.com/medias/800Wx800H-1151626-1.jpg?context=bWFzdGVyfHJvb3R8NDQ0MDJ8aW1hZ2UvanBlZ3xhR1JtTDJnNE9TOHhNREUzTkRrNE1qWTBPRFl6TURJdk9EQXdWM2c0TURCSVh6RXhOVEUyTWpZdE1TNXFjR2N8NTU2ODIxZWEyY2JlZmI5MDliMjg0MjM5MmIwZTUxNWJiMDkxNWE0Yjk1YTExY2I1OTA1ZGNjMDU1MTliNmYwYw,https://api.mybihr.com/medias/800Wx800H-1151626-2.jpg?context=bWFzdGVyfHJvb3R8NDE3NzZ8aW1hZ2UvanBlZ3xhREJtTDJnNE15OHhNREUzTkRrNE1qWTJPREk1TVRBdk9EQXdWM2c0TURCSVh6RXhOVEUyTWpZdE1pNXFjR2N8MjY3Y2NmOTM1ODlkMGJjMDI3MDFmOGQzOGM1MTE2MGUyNGFiMDdmZjMyOTliZmI5ZWFiZTkxNTUzMTVlNzU2ZQ,https://api.mybihr.com/medias/800Wx800H-1151626-3.jpg?context=bWFzdGVyfHJvb3R8NDEyMTl8aW1hZ2UvanBlZ3xhRFV4TDJnM1l5OHhNREUzTkRrNE1qWTROemsxTVRndk9EQXdWM2c0TURCSVh6RXhOVEUyTWpZdE15NXFjR2N8N2RlYjM0NmNiNzlkZGQzNGY3M2RjNDBjM2RhMzY4N2YxZGU1ZTY2ZmRhZDc2MmU3YjA5YWRkNTU3ZTcyMTAxOA,https://api.mybihr.com/medias/800Wx800H-1151626-4.jpg?context=bWFzdGVyfHJvb3R8NDczNTJ8aW1hZ2UvanBlZ3xhR1ExTDJneVpDOHhNREUzTkRrNE1qY3dOell4TWpZdk9EQXdWM2c0TURCSVh6RXhOVEUyTWpZdE5DNXFjR2N8NzkzYjEyYTI0ZDNjY2ZmZDI3NzNlMjIyMTUyZWE5NWU5NzUxYTI4NjkxMjFkYTJlODBhMzEyYmY2OWU4Y2IzMg,https://api.mybihr.com/medias/800Wx800H-1151626-5.jpg?context=bWFzdGVyfHJvb3R8NTgzNDV8aW1hZ2UvanBlZ3xhREExTDJneU55OHhNREUzTkRrNE1qY3lOekkzTXpRdk9EQXdWM2c0TURCSVh6RXhOVEUyTWpZdE5TNXFjR2N8ZmEwZDU5NWU0NjBiYWM1MWQ0ZGQ4ZTRlNzJiZTBhYTYxNzZkMDIyOTZjODU0YmIwMGJkZDZkMWY1NGJlMGRiYw,https://api.mybihr.com/medias/800Wx800H-1151626-6.jpg?context=bWFzdGVyfHJvb3R8NDg2Nzl8aW1hZ2UvanBlZ3xhRFE0TDJneU1DOHhNREUzTkRrNE1qYzBOamt6TkRJdk9EQXdWM2c0TURCSVh6RXhOVEUyTWpZdE5pNXFjR2N8MmU1NWYwNjVlNjg2YWJhYjUyY2EyNTZlZDc3OTUzOWUyNDFiYmYxN2I0YjM1NDlkNjJhZTUzYjdhYThjNDA1NQ,,,,https://static.bihr.pro/eBihr/Pictures/BETA-pictures.zip,,France Warehouse (Parts)
1155264,,45002110,BETA,BETA PLAN TRAVAIL MDF ET ACIER INOX 2MT,BETA TOOLS C45PRO 2.0 Worktop Stainless Steel MDF - 2040x615 mm,452.24,373.75,299.00,8054809617374,0,9403991090,0,1,"<p><strong>Durability and Resistance</strong></p>

<p>The MDF worktop coated with stainless steel provides a strong and durable surface.<br>
The stainless steel layer protects the MDF underneath, making the worktop resistant to impacts, scratches, and corrosion—perfect for workshop environments.</p>
<p><strong>Versatility and Functionality</strong><br>
The 38 mm thickness ensures excellent stability and strength, allowing the safe installation of a 1599P/150 vise (sold separately).<br>
This feature enhances the versatility of the workbench, making it suitable for a wide range of tasks and improving workshop efficiency and productivity.</p>
<p><strong>Superior Robustness</strong><br>
A 615 mm‑deep worktop provides ample space and stability, making it ideal for any workshop and suitable for all types of projects.</p>
<p><strong>Complete Design</strong><br>
Supplied with two external side fillers for a clean, professional, and aesthetically pleasing finish.</p>
","
Durability and Resistance


The MDF worktop coated with stainless steel provides a strong and durable surface.
The stainless steel layer protects the MDF underneath, making the worktop resistant to impacts, scratches, and corrosion—perfect for workshop environments.

Versatility and Functionality
The 38 mm thickness ensures excellent stability and strength, allowing the safe installation of a 1599P/150 vise (sold separately).
This feature enhances the versatility of the workbench, making it suitable for a wide range of tasks and improving workshop efficiency and productivity.

Superior Robustness
A 615 mm‑deep worktop provides ample space and stability, making it ideal for any workshop and suitable for all types of projects.

Complete Design
Supplied with two external side fillers for a clean, professional, and aesthetically pleasing finish.
",TOOLING & WS,WS,WS. TOOL STORAGE,,,,,,,8190,42200,210,650,60,,,,,,,,,,,,,,,,,,,,https://api.mybihr.com/medias/800Wx800H-1155264-1.jpg?context=bWFzdGVyfHJvb3R8ODQyOXxpbWFnZS9qcGVnfGFEWmxMMmd6WkM4eE1ESTBORGt5TmpJeU5qUXpOVEF2T0RBd1YzZzRNREJJWHpFeE5UVXlOalF0TVM1cWNHY3wxZTQ5OWQyN2ZlZmQ0YzgxZTQzZjIyNmUwNTMyZGM3OWRjMGJlM2YyMWJhOGNmYTA1ZTEyMjA0MGQyYTczZTEz,https://api.mybihr.com/medias/800Wx800H-1155264-2.jpg?context=bWFzdGVyfHJvb3R8NjYxNjR8aW1hZ2UvanBlZ3xhR1V3TDJneVppOHhNREkwTkRreU5qSTJOVGMxTmpZdk9EQXdWM2c0TURCSVh6RXhOVFV5TmpRdE1pNXFjR2N8NWFjYzM3NWE5MGYwODhhZGVkYmY2NjgxMzY4ZmZkYzdkNWYyYTk4MTY4OTE1YTg1ZTc1ZDg0MjliYWNiNDZiNQ,,,,,,,,https://static.bihr.pro/eBihr/Pictures/BETA-pictures.zip,,Spain Warehouse (Parts)
1155265,,45002120,BETA,BETA PLAN TRAVAIL BOIS 2MT,BETA TOOLS C45PRO 2.0 Worktop Multi-ply Wood - 2040x615 mm,452.24,373.75,299.00,,0,9403991090,0,1,"
<p>Durability and versatility: the multilayer wooden worktop is the ideal choice for a long‑lasting and multifunctional workspace.</p>
<p><strong>EXCEPTIONAL STRENGTH AND DURABILITY</strong></p>
<p>The multilayer wooden worktop provides superior strength and durability, making it perfect for heavy‑duty use in the workshop. Its high‑quality construction ensures a stable and secure surface for all machining tasks.</p>
<p><strong>VERSATILITY AND FUNCTIONALITY</strong></p>
<p>With a thickness of 38 mm, the worktop offers excellent stability and rigidity, allowing the safe installation of a 1599P/150 vise (sold separately).<br>
This feature increases the versatility of the bench, making it suitable for a wide variety of tasks and improving overall efficiency and productivity in the workshop.</p>
<p><strong>ENHANCED ROBUSTNESS</strong></p>
<p>A 615 mm‑deep worktop provides ample space and stability, making it ideal for any workshop and for handling all types of projects.</p>
<p><strong>COMPLETE DESIGN</strong></p>
<p>Supplied with two external side fillers for a clean, professional, and aesthetically pleasing finish.</p>
","

Durability and versatility: the multilayer wooden worktop is the ideal choice for a long‑lasting and multifunctional workspace.

EXCEPTIONAL STRENGTH AND DURABILITY

The multilayer wooden worktop provides superior strength and durability, making it perfect for heavy‑duty use in the workshop. Its high‑quality construction ensures a stable and secure surface for all machining tasks.

VERSATILITY AND FUNCTIONALITY

With a thickness of 38 mm, the worktop offers excellent stability and rigidity, allowing the safe installation of a 1599P/150 vise (sold separately).
This feature increases the versatility of the bench, making it suitable for a wide variety of tasks and improving overall efficiency and productivity in the workshop.

ENHANCED ROBUSTNESS

A 615 mm‑deep worktop provides ample space and stability, making it ideal for any workshop and for handling all types of projects.

COMPLETE DESIGN

Supplied with two external side fillers for a clean, professional, and aesthetically pleasing finish.
",TOOLING & WS,WS,WS. TOOL STORAGE,,,,,,,1,1,10,10,10,,,,,,,,,,,,,,,,,,,,https://api.mybihr.com/medias/800Wx800H-1155265-1.jpg?context=bWFzdGVyfHJvb3R8MTA1MTl8aW1hZ2UvanBlZ3xhRFE0TDJoaE1DOHhNREkwTkRreU5qRTBOemM1TVRndk9EQXdWM2c0TURCSVh6RXhOVFV5TmpVdE1TNXFjR2N8NDk1MDZmNjc2ZmUyY2M1ZjUzMjkwMTliNWYwN2IwZDU0NTkzZDBjMmM2MWMxNzc4ZWRjNTFmZmNlZWU1NWUwMA,https://api.mybihr.com/medias/800Wx800H-1155265-2.jpg?context=bWFzdGVyfHJvb3R8NjYxNjR8aW1hZ2UvanBlZ3xhR0UzTDJnNU1pOHhNREkwTkRreU5qRTROekV4TXpRdk9EQXdWM2c0TURCSVh6RXhOVFV5TmpVdE1pNXFjR2N8MzJhYTdjMWNkYTcxYzYyNjViNTM2MmM3OGE5ZjJiNzJmYzBiYzIxZDNkYjg5NTZiZDhmZjhlMDYxMTRkNWIwMg,,,,,,,,https://static.bihr.pro/eBihr/Pictures/BETA-pictures.zip,,Spain Warehouse (Parts)
1128003003,,006530010,BETA,"BETA CLÉ POLYGONALE 9X12 SIZE, 10",Llave poligonal para barras dinamométricas con unión rectángular BETA - 10mm,32.67,27.00,21.60,8014230592756,0,8204110000,0,1,"<p>Llave poligonal para barras dinamom&eacute;tricas con uni&oacute;n rectangular BETA.</p>
<ul>
<li><strong>Medida:</strong>&nbsp;10 mm</li>
<li><strong>Rect&aacute;ngulo:</strong> 9x12 mm</li>
<li><strong>L:</strong>&nbsp;43 mm</li>
<li><strong>LA:</strong>&nbsp;28,8 mm</li>
<li><strong>A:</strong>&nbsp;22 mm</li>
</ul>","
Llave poligonal para barras dinamométricas con unión rectangular BETA.

Medida: 10 mm
Rectángulo: 9x12 mm
L: 43 mm
LA: 28,8 mm
A: 22 mm
",TOOLING & WS,TOOLING,TOOLING GENERAL,Numero 10,,,,,,473,81,104,101,45,,,,,,,,,,,,,,,,,,,,https://api.mybihr.com/medias/800Wx800H-1128003003-1.jpg?context=bWFzdGVyfHJvb3R8MTUxODZ8aW1hZ2UvanBlZ3xhR0kwTDJnd1lTODJOamMyTWpnek9USTJNVEl4TkM4NE1EQlhlRGd3TUVoZk1URXlPREF3TXpBd015MHhMbXB3Wnd8ZGMyMDJhODBiNjA0NjQ2ZTg1ZGU3YjYxZTA4YTMyNDg0ZjEwYTlkNjc3MmQ5MDQ2NmJkY2YzYjQyMWI3ZGViNA,,,,,,,,,https://static.bihr.pro/eBihr/Pictures/BETA-pictures.zip,,Spain Warehouse (Parts)
1128003008,,006530016,BETA,"BETA CLÉ POLYGONALE 9X12 SIZE, 16",Llave poligonal para barras dinamométricas con unión rectángular BETA - 16mm,32.67,27.00,21.60,8014230592800,0,8204110000,0,1,"<p>Llave poligonal para barras dinamom&eacute;tricas con uni&oacute;n rectangular BETA.</p>
<ul>
<li><strong>Medida:</strong>&nbsp;16 mm</li>
<li><strong>Rect&aacute;ngulo:</strong> 9x12 mm</li>
<li><strong>L:</strong>&nbsp;47 mm</li>
<li><strong>LA:</strong>&nbsp;28,8 mm</li>
<li><strong>A:</strong>&nbsp;27,5 mm</li>
</ul>","
Llave poligonal para barras dinamométricas con unión rectangular BETA.

Medida: 16 mm
Rectángulo: 9x12 mm
L: 47 mm
LA: 28,8 mm
A: 27,5 mm
",TOOLING & WS,TOOLING,TOOLING GENERAL,Numero 16,,,,,,499,93,104,100,48,,,,,,,,,,,,,,,,,,,,https://api.mybihr.com/medias/800Wx800H-1128003008-1.jpg?context=bWFzdGVyfHJvb3R8MTUxODZ8aW1hZ2UvanBlZ3xhR1ptTDJnNE9DODJOamMyTWpnME1USTVNamd6TUM4NE1EQlhlRGd3TUVoZk1URXlPREF3TXpBd09DMHhMbXB3Wnd8MzAzOGRiMGUyYWRhZmM4ZWYzZjNiZWRlMDcwZTUyYjU2YjE1ZmFlNTUwZjUxYjIzM2U3NmY5MDZhNGFlN2RmMQ,,,,,,,,,https://static.bihr.pro/eBihr/Pictures/BETA-pictures.zip,,Spain Warehouse (Parts)
1128003011,,006530019,BETA,"BETA CLÉ POLYGONALE 9X12 SIZE, 19",Llave poligonal para barras dinamométricas con unión rectángular BETA - 19mm,32.67,27.00,21.60,8014230592831,0,8204110000,0,1,"<p>Llave poligonal para barras dinamom&eacute;tricas con uni&oacute;n rectangular BETA.</p>
<ul>
<li><strong>Medida:</strong>&nbsp;19 mm</li>
<li><strong>Rect&aacute;ngulo:</strong> 9x12 mm</li>
<li><strong>L:</strong>&nbsp;49 mm</li>
<li><strong>LA:</strong>&nbsp;28,8 mm</li>
<li><strong>A:</strong>&nbsp;31 mm</li>
</ul>","
Llave poligonal para barras dinamométricas con unión rectangular BETA.

Medida: 19 mm
Rectángulo: 9x12 mm
L: 49 mm
LA: 28,8 mm
A: 31 mm
",TOOLING & WS,TOOLING,TOOLING GENERAL,Numero 19,,,,,,509,107,105,101,48,,,,,,,,,,,,,,,,,,,,https://api.mybihr.com/medias/800Wx800H-1128003011-1.jpg?context=bWFzdGVyfHJvb3R8MTUxODZ8aW1hZ2UvanBlZ3xhRGs0TDJneE9DODJOamMyTWpnME1qUTNNalEzT0M4NE1EQlhlRGd3TUVoZk1URXlPREF3TXpBeE1TMHhMbXB3Wnd8YzdiY2M5ZjEyNmExNDk4YzUxOTA2MzI0MTI5MGM5MzZiZWU1MDNhMjk3MWY5ODAzODI5ZDVjNmZjZGFiMmNkZQ,,,,,,,,,https://static.bihr.pro/eBihr/Pictures/BETA-pictures.zip,,Spain Warehouse (Parts)
1128003009,,006530017,BETA,"BETA CLÉ POLYGONALE 9X12 SIZE, 17",Llave poligonal para barras dinamométricas con unión rectángular BETA - 17mm,32.67,27.00,21.60,8014230592817,0,8204110000,0,1,"<p>Llave poligonal para barras dinamom&eacute;tricas con uni&oacute;n rectangular BETA.</p>
<ul>
<li><strong>Medida:</strong>&nbsp;17 mm</li>
<li><strong>Rect&aacute;ngulo:</strong> 9x12 mm</li>
<li><strong>L:</strong>&nbsp;47 mm</li>
<li><strong>LA:</strong>&nbsp;28,8 mm</li>
<li><strong>A:</strong>&nbsp;27,5 mm</li>
</ul>","
Llave poligonal para barras dinamométricas con unión rectangular BETA.

Medida: 17 mm
Rectángulo: 9x12 mm
L: 47 mm
LA: 28,8 mm
A: 27,5 mm
",TOOLING & WS,TOOLING,TOOLING GENERAL,Numero 17,,,,,,506,101,107,105,45,,,,,,,,,,,,,,,,,,,,https://api.mybihr.com/medias/800Wx800H-1128003009-1.jpg?context=bWFzdGVyfHJvb3R8MTUxODZ8aW1hZ2UvanBlZ3xhRGN4TDJnM1lpODJOamMyTWpnME1UWTROakEwTmk4NE1EQlhlRGd3TUVoZk1URXlPREF3TXpBd09TMHhMbXB3Wnd8OTlkNDBlZTI1MDlkNWYzNGI1NDU3OTcyZTA4MDYzY2I5OTI3YjVhMDlkMmU0YjYwZGE0N2E0NTU0Zjg0NmY3OQ,,,,,,,,,https://static.bihr.pro/eBihr/Pictures/BETA-pictures.zip,,Spain Warehouse (Parts)
1128003012,,006530021,BETA,"BETA CLÉ POLYGONALE 9X12 SIZE, 21",Llave poligonal para barras dinamométricas con unión rectángular BETA - 21mm,33.88,28.00,22.40,8014230869681,0,8204110000,0,1,"<p>Llave poligonal para barras dinamom&eacute;tricas con uni&oacute;n rectangular BETA.</p>
<ul>
<li><strong>Medida:</strong>&nbsp;21 mm</li>
<li><strong>Rect&aacute;ngulo:</strong> 9x12 mm</li>
<li><strong>L:</strong>&nbsp;51 mm</li>
<li><strong>LA:</strong>&nbsp;28,8 mm</li>
<li><strong>A:</strong>&nbsp;34 mm</li>
</ul>","
Llave poligonal para barras dinamométricas con unión rectangular BETA.

Medida: 21 mm
Rectángulo: 9x12 mm
L: 51 mm
LA: 28,8 mm
A: 34 mm
",TOOLING & WS,TOOLING,TOOLING GENERAL,Numero 21,,,,,,514,97,106,101,48,,,,,,,,,,,,,,,,,,,,https://api.mybihr.com/medias/800Wx800H-1128003012-1.jpg?context=bWFzdGVyfHJvb3R8MTUxODZ8aW1hZ2UvanBlZ3xhREJpTDJnd1lpODJOamMyTWpnME1qZzJOVFk1TkM4NE1EQlhlRGd3TUVoZk1URXlPREF3TXpBeE1pMHhMbXB3Wnd8MDk3MDIwM2UzMDYyYzk1ZDUxODUzYjQ3YTY1ZGZjZGNkYTg0ZTE0NzA2YmVhMGY0ZDA0NWM0OTc5ZTcwY2FiNQ,,,,,,,,,https://static.bihr.pro/eBihr/Pictures/BETA-pictures.zip,,Spain Warehouse (Parts)
1128003001,,006530007,BETA,"BETA CLÉ POLYGONALE 9X12 SIZE, 7",Llave poligonal para barras dinamométricas con unión rectángular BETA - 7mm,32.67,27.00,21.60,8014230592732,0,8204110000,0,1,"<p>Llave poligonal para barras dinamom&eacute;tricas con uni&oacute;n rectangular BETA.</p>
<ul>
<li><strong>Medida:</strong>&nbsp;7 mm</li>
<li><strong>Rect&aacute;ngulo:</strong> 9x12 mm</li>
<li><strong>L:</strong>&nbsp;40 mm</li>
<li><strong>LA:</strong>&nbsp;28,8 mm</li>
<li><strong>A:</strong>&nbsp;22 mm</li>
</ul>","
Llave poligonal para barras dinamométricas con unión rectangular BETA.

Medida: 7 mm
Rectángulo: 9x12 mm
L: 40 mm
LA: 28,8 mm
A: 22 mm
",TOOLING & WS,TOOLING,TOOLING GENERAL,Número 7,,,,,,524,74,108,101,48,,,,,,,,,,,,,,,,,,,,https://api.mybihr.com/medias/800Wx800H-1128003001-1.jpg?context=bWFzdGVyfHJvb3R8MTUxODZ8aW1hZ2UvanBlZ3xhRGhsTDJnMlpDODJOamMyTWpnek9EUTNORGM0TWk4NE1EQlhlRGd3TUVoZk1URXlPREF3TXpBd01TMHhMbXB3Wnd8NDY3YWM4NjRhNzNkNmNmMzIyOTk2NDFiODQ2ZjE1ZDcwODM4ODBjNzI1NGNhZGFmZTczODlmNzFmYzlmZGI5YQ,,,,,,,,,https://static.bihr.pro/eBihr/Pictures/BETA-pictures.zip,,Spain Warehouse (Parts)
1128003002,,006530008,BETA,"BETA CLÉ POLYGONALE 9X12 SIZE, 8",Llave poligonal para barras dinamométricas con unión rectángular BETA - 8mm,32.67,27.00,21.60,8014230592749,0,8204110000,0,1,"<p>Llave poligonal para barras dinamom&eacute;tricas con uni&oacute;n rectangular BETA.</p>
<ul>
<li><strong>Medida:</strong>&nbsp;8 mm</li>
<li><strong>Rect&aacute;ngulo:</strong> 9x12 mm</li>
<li><strong>L:</strong>&nbsp;40 mm</li>
<li><strong>LA:</strong>&nbsp;28,8 mm</li>
<li><strong>A:</strong>&nbsp;22 mm</li>
</ul>","
Llave poligonal para barras dinamométricas con unión rectangular BETA.

Medida: 8 mm
Rectángulo: 9x12 mm
L: 40 mm
LA: 28,8 mm
A: 22 mm
",TOOLING & WS,TOOLING,TOOLING GENERAL,Número 8,,,,,,524,75,105,104,48,,,,,,,,,,,,,,,,,,,,https://api.mybihr.com/medias/800Wx800H-1128003002-1.jpg?context=bWFzdGVyfHJvb3R8MTUxODZ8aW1hZ2UvanBlZ3xhREF3TDJnMk1DODJOamMyTWpnek9EZzJOems1T0M4NE1EQlhlRGd3TUVoZk1URXlPREF3TXpBd01pMHhMbXB3Wnd8OTYwYTA5MGYzZWNlNTYyYWM3MGY3ODc0ZWQ5NjNhNzBlZDc5NDM4MzA2ODI4N2Y2M2QwYTY0N2UxZGUwNTgxYw,,,,,,,,,https://static.bihr.pro/eBihr/Pictures/BETA-pictures.zip,,Spain Warehouse (Parts)
1128003004,,006530012,BETA,"BETA CLÉ POLYGONALE 9X12 SIZE, 12",Llave poligonal para barras dinamométricas con unión rectángular BETA - 12mm,32.67,27.00,21.60,8014230592763,0,8204110000,0,1,"<p>Llave poligonal para barras dinamom&eacute;tricas con uni&oacute;n rectangular BETA.</p>
<ul>
<li><strong>Medida:</strong>&nbsp;12 mm</li>
<li><strong>Rect&aacute;ngulo:</strong> 9x12 mm</li>
<li><strong>L:</strong>&nbsp;44 mm</li>
<li><strong>LA:</strong>&nbsp;28,8 mm</li>
<li><strong>A:</strong>&nbsp;22 mm</li>
</ul>","
Llave poligonal para barras dinamométricas con unión rectangular BETA.

Medida: 12 mm
Rectángulo: 9x12 mm
L: 44 mm
LA: 28,8 mm
A: 22 mm
",TOOLING & WS,TOOLING,TOOLING GENERAL,Numero 12,,,,,,490,88,101,101,48,,,,,,,,,,,,,,,,,,,,https://api.mybihr.com/medias/800Wx800H-1128003004-1.jpg?context=bWFzdGVyfHJvb3R8MTUxODZ8aW1hZ2UvanBlZ3xhR1E1TDJnd01pODJOamMyTWpnek9UWTFORFF6TUM4NE1EQlhlRGd3TUVoZk1URXlPREF3TXpBd05DMHhMbXB3Wnd8NmFjODYzY2M4N2NhODA5ZWM4YTk0Mjg5ZjFkMDQ1YmQ2NWIzYjc0N2U2MTkwMDkxZTVkYWFlYjY1NzI4YTY5NQ,,,,,,,,,https://static.bihr.pro/eBihr/Pictures/BETA-pictures.zip,,Spain Warehouse (Parts)
1128003007,,006530015,BETA,"BETA CLÉ POLYGONALE 9X12 SIZE, 15",Llave poligonal para barras dinamométricas con unión rectángular BETA - 15mm,32.67,27.00,21.60,8014230592794,0,8204110000,0,1,"<p>Llave poligonal para barras dinamom&eacute;tricas con uni&oacute;n rectangular BETA.</p>
<ul>
<li><strong>Medida:</strong>&nbsp;15 mm</li>
<li><strong>Rect&aacute;ngulo:</strong> 9x12 mm</li>
<li><strong>L:</strong>&nbsp;46 mm</li>
<li><strong>LA:</strong>&nbsp;28,8 mm</li>
<li><strong>A:</strong>&nbsp;25 mm</li>
</ul>","
Llave poligonal para barras dinamométricas con unión rectangular BETA.

Medida: 15 mm
Rectángulo: 9x12 mm
L: 46 mm
LA: 28,8 mm
A: 25 mm
",TOOLING & WS,TOOLING,TOOLING GENERAL,Numero 15,,,,,,504,84,104,101,48,,,,,,,,,,,,,,,,,,,,https://api.mybihr.com/medias/800Wx800H-1128003007-1.jpg?context=bWFzdGVyfHJvb3R8MTUxODZ8aW1hZ2UvanBlZ3xhR1k1TDJoa1pTODJOamMyTWpnME1EZ3pOREEzT0M4NE1EQlhlRGd3TUVoZk1URXlPREF3TXpBd055MHhMbXB3Wnd8NWRjMjc1NTRmOTdlMGI5NzU2ZDg3Y2QwYWUxM2NiYzY1NmQzZDc3ZmYxNDEyZGY4N2RiYmY3YmQ1NTgzZTgxMg,,,,,,,,,https://static.bihr.pro/eBihr/Pictures/BETA-pictures.zip,,Spain Warehouse (Parts)
1128003006,,006530014,BETA,"BETA CLÉ POLYGONALE 9X12 SIZE, 14",Llave poligonal para barras dinamométricas con unión rectángular BETA - 14mm,32.67,27.00,21.60,8014230592787,0,8204110000,0,1,"<p>Llave poligonal para barras dinamom&eacute;tricas con uni&oacute;n rectangular BETA.</p>
<ul>
<li><strong>Medida:</strong>&nbsp;14 mm</li>
<li><strong>Rect&aacute;ngulo:</strong> 9x12 mm</li>
<li><strong>L:</strong>&nbsp;45 mm</li>
<li><strong>LA:</strong>&nbsp;28,8 mm</li>
<li><strong>A:</strong>&nbsp;23 mm</li>
</ul>","
Llave poligonal para barras dinamométricas con unión rectangular BETA.

Medida: 14 mm
Rectángulo: 9x12 mm
L: 45 mm
LA: 28,8 mm
A: 23 mm
",TOOLING & WS,TOOLING,TOOLING GENERAL,Numero 14,,,,,,504,85,104,101,48,,,,,,,,,,,,,,,,,,,,https://api.mybihr.com/medias/800Wx800H-1128003006-1.jpg?context=bWFzdGVyfHJvb3R8MTUxODZ8aW1hZ2UvanBlZ3xhRGczTDJobFl5ODJOamMyTWpnME1EUTBNRGcyTWk4NE1EQlhlRGd3TUVoZk1URXlPREF3TXpBd05pMHhMbXB3Wnd8NTNjNWQ4OTFiY2Y0YTQyOTI4NjVjMzMyZWI3YThiNDQxMmVkZmQ0OTBiNzI4YjYwZmQ3ZDM5ZGI2ODMwMzQ1Yg,,,,,,,,,https://static.bihr.pro/eBihr/Pictures/BETA-pictures.zip,,Spain Warehouse (Parts)
1128003013,,006530022,BETA,"BETA CLÉ POLYGONALE 9X12 SIZE, 22",Llave poligonal para barras dinamométricas con unión rectángular BETA - 22mm,33.88,28.00,22.40,8014230592848,0,8204110000,0,1,"<p>Llave poligonal para barras dinamom&eacute;tricas con uni&oacute;n rectangular BETA.</p>
<ul>
<li><strong>Medida:</strong>&nbsp;22 mm</li>
<li><strong>Rect&aacute;ngulo:</strong> 9x12 mm</li>
<li><strong>L:</strong>&nbsp;51 mm</li>
<li><strong>LA:</strong>&nbsp;28,8 mm</li>
<li><strong>A:</strong>&nbsp;35 mm</li>
</ul>","
Llave poligonal para barras dinamométricas con unión rectangular BETA.

Medida: 22 mm
Rectángulo: 9x12 mm
L: 51 mm
LA: 28,8 mm
A: 35 mm
",TOOLING & WS,TOOLING,TOOLING GENERAL,Numero 22,,,,,,524,93,105,104,48,,,,,,,,,,,,,,,,,,,,https://api.mybihr.com/medias/800Wx800H-1128003013-1.jpg?context=bWFzdGVyfHJvb3R8MTUxODZ8aW1hZ2UvanBlZ3xhREprTDJnMFlTODJOamMyTWpnME16STFPRGt4TUM4NE1EQlhlRGd3TUVoZk1URXlPREF3TXpBeE15MHhMbXB3Wnd8NGI2NDlmMDcwMjA3MGU4NDg0MjI4NTNkOTI1MzczMDFmNDU5MWU2MTlkZWQwMzMxMjljMzE4NzE2N2U4YWRlMQ,,,,,,,,,https://static.bihr.pro/eBihr/Pictures/BETA-pictures.zip,,Spain Warehouse (Parts)
1128003005,,006530013,BETA,"BETA CLÉ POLYGONALE 9X12 SIZE, 13",Llave poligonal para barras dinamométricas con unión rectángular BETA - 13mm,32.67,27.00,21.60,8014230592770,0,8204110000,0,1,"<p>Llave poligonal para barras dinamom&eacute;tricas con uni&oacute;n rectangular BETA.</p>
<ul>
<li><strong>Medida:</strong>&nbsp;13 mm</li>
<li><strong>Rect&aacute;ngulo:</strong> 9x12 mm</li>
<li><strong>L:</strong>&nbsp;44 mm</li>
<li><strong>LA:</strong>&nbsp;28,8 mm</li>
<li><strong>A:</strong>&nbsp;22 mm</li>
</ul>","
Llave poligonal para barras dinamométricas con unión rectangular BETA.

Medida: 13 mm
Rectángulo: 9x12 mm
L: 44 mm
LA: 28,8 mm
A: 22 mm
",TOOLING & WS,TOOLING,TOOLING GENERAL,Numero 13,,,,,,489,82,104,98,48,,,,,,,,,,,,,,,,,,,,https://api.mybihr.com/medias/800Wx800H-1128003005-1.jpg?context=bWFzdGVyfHJvb3R8MTUxODZ8aW1hZ2UvanBlZ3xhREk0TDJobVlTODJOamMyTWpnME1EQTBOelkwTmk4NE1EQlhlRGd3TUVoZk1URXlPREF3TXpBd05TMHhMbXB3Wnd8YjYxNzQ3ZjM4YjlmMDk2MDlkM2NkYjZmN2ZiZmQzMWFlNzRhYmIyODgwZDQ4OTIzYWJmZmFlOTdkZDkzNTgzZQ,,,,,,,,,https://static.bihr.pro/eBihr/Pictures/BETA-pictures.zip,,Spain Warehouse (Parts)
1128003010,,006530018,BETA,"BETA CLÉ POLYGONALE 9X12 SIZE, 18",Llave poligonal para barras dinamométricas con unión rectángular BETA - 18mm,32.67,27.00,21.60,8014230592824,0,8204110000,0,1,"<p>Llave poligonal para barras dinamom&eacute;tricas con uni&oacute;n rectangular BETA.</p>
<ul>
<li><strong>Medida:</strong>&nbsp;18 mm</li>
<li><strong>Rect&aacute;ngulo:</strong> 9x12 mm</li>
<li><strong>L:</strong>&nbsp;48 mm</li>
<li><strong>LA:</strong>&nbsp;28,8 mm</li>
<li><strong>A:</strong>&nbsp;29 mm</li>
</ul>","
Llave poligonal para barras dinamométricas con unión rectangular BETA.

Medida: 18 mm
Rectángulo: 9x12 mm
L: 48 mm
LA: 28,8 mm
A: 29 mm
",TOOLING & WS,TOOLING,TOOLING GENERAL,Numero 18,,,,,,480,89,102,98,48,,,,,,,,,,,,,,,,,,,,https://api.mybihr.com/medias/800Wx800H-1128003010-1.jpg?context=bWFzdGVyfHJvb3R8MTUxODZ8aW1hZ2UvanBlZ3xhRE00TDJneU5pODJOamMyTWpnME1qQTNPVEkyTWk4NE1EQlhlRGd3TUVoZk1URXlPREF3TXpBeE1DMHhMbXB3Wnd8OTI1YjU1NGQ1NjkzMTBjNDMxZTg3MTdkYWYyNGUyMjBkYWMxZmZlYzg4NDg3Y2Y4NzdkNTJiMzY0MDczOWY3ZQ,,,,,,,,,https://static.bihr.pro/eBihr/Pictures/BETA-pictures.zip,,Spain Warehouse (Parts)
1128002008,,006430016,BETA,"BETA CLÉ À FOURCHE 9X12 SIZE, 16",Llave fija para barras dinamométricas con unión rectángular BETA - 16mm,22.99,19.00,15.20,8014230592541,0,8204110000,0,1,"<p>Llave fija para barras dinamom&eacute;tricas con uni&oacute;n rectangular BETA.</p>
<ul>
<li><strong>Medida:</strong> 16 mm</li>
<li><strong>Rect&aacute;ngulo:</strong> 9x12 mm</li>
<li><strong>L:</strong>&nbsp;43 mm</li>
<li><strong>LA:</strong> 28,8 mm</li>
<li><strong>A:</strong>&nbsp;38 mm</li>
</ul>","
Llave fija para barras dinamométricas con unión rectangular BETA.

Medida: 16 mm
Rectángulo: 9x12 mm
L: 43 mm
LA: 28,8 mm
A: 38 mm
",TOOLING & WS,TOOLING,TOOLING GENERAL,Numero 16,,,,,,464,95,102,101,45,,,,,,,,,,,,,,,,,,,,https://api.mybihr.com/medias/800Wx800H-1128002008-1.jpg?context=bWFzdGVyfHJvb3R8MzUzMTR8aW1hZ2UvanBlZ3xhR00zTDJnMU5TODJOamMyTVRBd09URTJPRFF4TkM4NE1EQlhlRGd3TUVoZk1URXlPREF3TWpBd09DMHhMbXB3Wnd8NGZjNGM0YjdiODNlODVlYzBiMjkyMGJiZDgwYWNlMWQ1ZDMyOWQ5MzI4NjkzNzc0ZDU2MTczNDUzMjNmM2ZlNA,https://api.mybihr.com/medias/800Wx800H-1128002008-2.jpg?context=bWFzdGVyfHJvb3R8MzgxNzR8aW1hZ2UvanBlZ3xhRGhrTDJoaU1TODJOamMyTVRBeE16TTJNamN4T0M4NE1EQlhlRGd3TUVoZk1URXlPREF3TWpBd09DMHlMbXB3Wnd8MjljODEwYmFmZjE2ODFmNTFkZDNjNDU0N2ZhOGMwY2I5NmExZTNmODc3NzJlOGU0MTU3M2UyMTMyMzhiNDQ0Ng,,,,,,,,https://static.bihr.pro/eBihr/Pictures/BETA-pictures.zip,,Spain Warehouse (Parts)
1128002006,,006430014,BETA,"BETA CLÉ À FOURCHE 9X12 SIZE, 14",Llave fija para barras dinamométricas con unión rectángular BETA - 14mm,22.99,19.00,15.20,8014230592527,0,8204110000,0,1,"<p>Llave fija para barras dinamom&eacute;tricas con uni&oacute;n rectangular BETA.</p>
<ul>
<li><strong>Medida:</strong> 14 mm</li>
<li><strong>Rect&aacute;ngulo:</strong> 9x12 mm</li>
<li><strong>L:</strong>&nbsp;43 mm</li>
<li><strong>LA:</strong> 28,8 mm</li>
<li><strong>A:</strong>&nbsp;33 mm</li>
</ul>","
Llave fija para barras dinamométricas con unión rectangular BETA.

Medida: 14 mm
Rectángulo: 9x12 mm
L: 43 mm
LA: 28,8 mm
A: 33 mm
",TOOLING & WS,TOOLING,TOOLING GENERAL,Numero 14,,,,,,515,92,108,106,45,,,,,,,,,,,,,,,,,,,,https://api.mybihr.com/medias/800Wx800H-1128002006-1.jpg?context=bWFzdGVyfHJvb3R8MzUzMTR8aW1hZ2UvanBlZ3xhRGhsTDJnd01DODJOamMyTVRBd09EYzNOVEU1T0M4NE1EQlhlRGd3TUVoZk1URXlPREF3TWpBd05pMHhMbXB3Wnd8N2E1YmYyNzQwMzRlODJmZWM0Njg1NWJlNGIzMGQyZWJmNGFmOGZkM2JkMGFiNTljNmFjZDMxMjRhYmUxMDljOA,https://api.mybihr.com/medias/800Wx800H-1128002006-2.jpg?context=bWFzdGVyfHJvb3R8MzgxNzR8aW1hZ2UvanBlZ3xhR0l6TDJnMFpTODJOamMyTVRBeE1qVTNOakk0Tmk4NE1EQlhlRGd3TUVoZk1URXlPREF3TWpBd05pMHlMbXB3Wnd8YTA4NDZlZTFlMjIwNjFhNmQ3ZjUzODk5NWI2OWEwYmQ4MzBmZWRkMWE4MzczNTYyMzhlNDhjYmIxYTgyZTFlZg,,,,,,,,https://static.bihr.pro/eBihr/Pictures/BETA-pictures.zip,,Spain Warehouse (Parts)
1128002012,,006430021,BETA,"BETA CLÉ À FOURCHE 9X12 SIZE, 21",Llave fija para barras dinamométricas con unión rectángular BETA - 21mm,44.77,37.00,29.60,8014230826462,0,8204110000,0,1,"<p>Llave fija para barras dinamom&eacute;tricas con uni&oacute;n rectangular BETA.</p>
<ul>
<li><strong>Medida:</strong>&nbsp;21 mm</li>
<li><strong>Rect&aacute;ngulo:</strong> 9x12 mm</li>
<li><strong>L:</strong>&nbsp;52 mm</li>
<li><strong>LA:</strong>&nbsp;36,3 mm</li>
<li><strong>A:</strong>&nbsp;48 mm</li>
</ul>","
Llave fija para barras dinamométricas con unión rectangular BETA.

Medida: 21 mm
Rectángulo: 9x12 mm
L: 52 mm
LA: 36,3 mm
A: 48 mm
",TOOLING & WS,TOOLING,TOOLING GENERAL,Numero 21,,,,,,490,137,102,100,48,,,,,,,,,,,,,,,,,,,,https://api.mybihr.com/medias/800Wx800H-1128002012-1.jpg?context=bWFzdGVyfHJvb3R8MzUzMTR8aW1hZ2UvanBlZ3xhR1E1TDJnNU5TODJOamMyTVRBeE1EQTROVGt4T0M4NE1EQlhlRGd3TUVoZk1URXlPREF3TWpBeE1pMHhMbXB3Wnd8NzdkOGU5YWFhZGNmZTE2ODhmZjM0OGU2NTQzZWQ1ZWEwOWVkZGI3ZTY4ZjU5NjQ0NjNkOTVlOWNkYzFkOWYxZA,https://api.mybihr.com/medias/800Wx800H-1128002012-2.jpg?context=bWFzdGVyfHJvb3R8MzgxNzR8aW1hZ2UvanBlZ3xhRGRrTDJoa01DODJOamMyTVRBeE5Ea3pOVFU0TWk4NE1EQlhlRGd3TUVoZk1URXlPREF3TWpBeE1pMHlMbXB3Wnd8M2ZkNzMwOWI4NWE3YzgwNTAzYjg3OGExM2YzN2IzMGQyNGIwNTJlYTUxMWRkOThiNWYwYTE1NzkxMzM1ZTEyOA,,,,,,,,https://static.bihr.pro/eBihr/Pictures/BETA-pictures.zip,,Spain Warehouse (Parts)
1128002004,,006430012,BETA,"BETA CLÉ À FOURCHE 9X12 SIZE, 12",Llave fija para barras dinamométricas con unión rectángular BETA - 12mm,22.99,19.00,15.20,8014230592503,0,8204110000,0,1,"<p>Llave fija para barras dinamom&eacute;tricas con uni&oacute;n rectangular BETA.</p>
<ul>
<li><strong>Medida:</strong> 12 mm</li>
<li><strong>Rect&aacute;ngulo:</strong> 9x12 mm</li>
<li><strong>L:</strong> 39 mm</li>
<li><strong>LA:</strong> 28,8 mm</li>
<li><strong>A:</strong> 29 mm</li>
</ul>","
Llave fija para barras dinamométricas con unión rectangular BETA.

Medida: 12 mm
Rectángulo: 9x12 mm
L: 39 mm
LA: 28,8 mm
A: 29 mm
",TOOLING & WS,TOOLING,TOOLING GENERAL,Numero 12,,,,,,459,77,101,101,45,,,,,,,,,,,,,,,,,,,,https://api.mybihr.com/medias/800Wx800H-1128002004-1.jpg?context=bWFzdGVyfHJvb3R8MzUzMTR8aW1hZ2UvanBlZ3xhR1ptTDJnd1l5ODJOamMyTVRBd09ETTRNVGs0TWk4NE1EQlhlRGd3TUVoZk1URXlPREF3TWpBd05DMHhMbXB3Wnd8M2IwNmQ4MmYyZjM0MTcxY2MwOGQ5NTQyZjg1NDcxY2E2MzljNjlhNGJiMDhmNjQwYWRhZDhlZWJhZjRmMTg1Ng,https://api.mybihr.com/medias/800Wx800H-1128002004-2.jpg?context=bWFzdGVyfHJvb3R8MzgxNzR8aW1hZ2UvanBlZ3xhREkyTDJneE5DODJOamMyTVRBeE1UYzRPVGcxTkM4NE1EQlhlRGd3TUVoZk1URXlPREF3TWpBd05DMHlMbXB3Wnd8NWEyYjQyNGM2NzA3YmVlYzk1MmI2NTY2NjgyNTJkNzU1YzEyNjQ1ZDhmZTczYTY3Yjg3ZTdmYTQ1MjhmMzg4MA,,,,,,,,https://static.bihr.pro/eBihr/Pictures/BETA-pictures.zip,,Spain Warehouse (Parts)
1128002005,,006430013,BETA,"BETA CLÉ À FOURCHE 9X12 SIZE, 13",Llave fija para barras dinamométricas con unión rectángular BETA - 13mm,22.99,19.00,15.20,8014230592510,0,8204110000,0,1,"<p>Llave fija para barras dinamom&eacute;tricas con uni&oacute;n rectangular BETA.</p>
<ul>
<li><strong>Medida:</strong> 13 mm</li>
<li><strong>Rect&aacute;ngulo:</strong> 9x12 mm</li>
<li><strong>L:</strong> 39 mm</li>
<li><strong>LA:</strong> 28,8 mm</li>
<li><strong>A:</strong> 29 mm</li>
</ul>","
Llave fija para barras dinamométricas con unión rectangular BETA.

Medida: 13 mm
Rectángulo: 9x12 mm
L: 39 mm
LA: 28,8 mm
A: 29 mm
",TOOLING & WS,TOOLING,TOOLING GENERAL,Numero 13,,,,,,504,78,104,101,48,,,,,,,,,,,,,,,,,,,,https://api.mybihr.com/medias/800Wx800H-1128002005-1.jpg?context=bWFzdGVyfHJvb3R8MzUzMTR8aW1hZ2UvanBlZ3xhRFF4TDJnd05pODJOamMyTVRBd09EVTNPRFU1TUM4NE1EQlhlRGd3TUVoZk1URXlPREF3TWpBd05TMHhMbXB3Wnd8OTAzNDJmNGFhYWFmMGI1NDZiYjZhNTBkMTUyYTFkNGFkZTk0MDRiYjg3NTdhY2E2M2ZlMzRmN2Y2MGIxMTdiMg,https://api.mybihr.com/medias/800Wx800H-1128002005-2.jpg?context=bWFzdGVyfHJvb3R8MzgxNzR8aW1hZ2UvanBlZ3xhREkyTDJnME1TODJOamMyTVRBeE1qRTRNekEzTUM4NE1EQlhlRGd3TUVoZk1URXlPREF3TWpBd05TMHlMbXB3Wnd8OTM3OTYyMmM5MmM2NWMzNWRjMDJmMDJjNWYwYTk0OGZiMGUxZjZiMzYxYTU3ODE2ODE0YWQ1NmNiN2M3ZWEyMw,,,,,,,,https://static.bihr.pro/eBihr/Pictures/BETA-pictures.zip,,Spain Warehouse (Parts)
1128002011,,006430019,BETA,"BETA CLÉ À FOURCHE 9X12 SIZE, 19",Llave fija para barras dinamométricas con unión rectángular BETA - 19mm,22.99,19.00,15.20,8014230592572,0,8204110000,0,1,"<p>Llave fija para barras dinamom&eacute;tricas con uni&oacute;n rectangular BETA.</p>
<ul>
<li><strong>Medida:</strong> 19 mm</li>
<li><strong>Rect&aacute;ngulo:</strong> 9x12 mm</li>
<li><strong>L:</strong>&nbsp;51 mm</li>
<li><strong>LA:</strong>&nbsp;36,3 mm</li>
<li><strong>A:</strong>&nbsp;42,5 mm</li>
</ul>","
Llave fija para barras dinamométricas con unión rectangular BETA.

Medida: 19 mm
Rectángulo: 9x12 mm
L: 51 mm
LA: 36,3 mm
A: 42,5 mm
",TOOLING & WS,TOOLING,TOOLING GENERAL,Numero 19,,,,,,477,120,105,101,45,,,,,,,,,,,,,,,,,,,,https://api.mybihr.com/medias/800Wx800H-1128002011-1.jpg?context=bWFzdGVyfHJvb3R8MzUzMTR8aW1hZ2UvanBlZ3xhREkxTDJnMllTODJOamMyTVRBd09UYzFPREl6T0M4NE1EQlhlRGd3TUVoZk1URXlPREF3TWpBeE1TMHhMbXB3Wnd8MWYwMjEwZjdhYjYzYWQ1MGU0Njc2MWVhN2NjNTdlYWJlMGZmNmNmZjhlMDhjYzkxNzhmYjZjODJlMTQ2OWM2Mg,https://api.mybihr.com/medias/800Wx800H-1128002011-2.jpg?context=bWFzdGVyfHJvb3R8MzgxNzR8aW1hZ2UvanBlZ3xhREJpTDJoa1pTODJOamMyTVRBeE5EVTBNak0yTmk4NE1EQlhlRGd3TUVoZk1URXlPREF3TWpBeE1TMHlMbXB3Wnd8OTkzMzlkNTdlYzRmMzg4MWIxZTQ0MTMwZDZhZGU0OGYxNDNmYTQ2N2UzNTQ0YmMzOTlkMjIwYzE0MDViODdjOQ,,,,,,,,https://static.bihr.pro/eBihr/Pictures/BETA-pictures.zip,,Spain Warehouse (Parts)
1128002003,,006430010,BETA,"BETA CLÉ À FOURCHE 9X12 SIZE, 10",Llave fija para barras dinamométricas con unión rectángular BETA - 10mm,22.99,19.00,15.20,8014230592480,0,8204110000,0,1,"<p>Llave fija para barras dinamom&eacute;tricas con uni&oacute;n rectangular BETA.</p>
<ul>
<li><strong>Medida:</strong> 10 mm</li>
<li><strong>Rect&aacute;ngulo:</strong> 9x12 mm</li>
<li><strong>L:</strong> 39 mm</li>
<li><strong>LA:</strong> 28,8 mm</li>
<li><strong>A:</strong> 25 mm</li>
</ul>","
Llave fija para barras dinamométricas con unión rectangular BETA.

Medida: 10 mm
Rectángulo: 9x12 mm
L: 39 mm
LA: 28,8 mm
A: 25 mm
",TOOLING & WS,TOOLING,TOOLING GENERAL,Numero 10,,,,,,485,71,101,100,48,,,,,,,,,,,,,,,,,,,,https://api.mybihr.com/medias/800Wx800H-1128002003-1.jpg?context=bWFzdGVyfHJvb3R8MzUzMTR8aW1hZ2UvanBlZ3xhR05tTDJneE15ODJOamMyTVRBd09ERTROVE0zTkM4NE1EQlhlRGd3TUVoZk1URXlPREF3TWpBd015MHhMbXB3Wnd8ZDBlYmUzNGQ3M2YyOWY1ODBiZTNmZDk5MzQ3N2M1ZDNiNDQ5NDkyMDQxOGRhODc5ZTEyODZlNjE1M2RkNTU5Mg,https://api.mybihr.com/medias/800Wx800H-1128002003-2.jpg?context=bWFzdGVyfHJvb3R8MzgxNzR8aW1hZ2UvanBlZ3xhR0l6TDJneU1TODJOamMyTVRBeE1UTTVOall6T0M4NE1EQlhlRGd3TUVoZk1URXlPREF3TWpBd015MHlMbXB3Wnd8NmQzMGY5NGMwNjBmNDE0MmVjNTI4ZDhlZTQxYTdjZjIwZGFhYzAwZTg4MGY5ZjgzYjIzYmFiOGY0YjQ1OTQ5Zg,,,,,,,,https://static.bihr.pro/eBihr/Pictures/BETA-pictures.zip,,Spain Warehouse (Parts)
1128002009,,006430017,BETA,"BETA CLÉ À FOURCHE 9X12 SIZE, 17",Llave fija para barras dinamométricas con unión rectángular BETA - 17mm,22.99,19.00,15.20,8014230592558,0,8204110000,0,1,"<p>Llave fija para barras dinamom&eacute;tricas con uni&oacute;n rectangular BETA.</p>
<ul>
<li><strong>Medida:</strong> 17 mm</li>
<li><strong>Rect&aacute;ngulo:</strong> 9x12 mm</li>
<li><strong>L:</strong>&nbsp;43 mm</li>
<li><strong>LA:</strong> 28,8 mm</li>
<li><strong>A:</strong>&nbsp;38 mm</li>
</ul>","
Llave fija para barras dinamométricas con unión rectangular BETA.

Medida: 17 mm
Rectángulo: 9x12 mm
L: 43 mm
LA: 28,8 mm
A: 38 mm
",TOOLING & WS,TOOLING,TOOLING GENERAL,Numero 17,,,,,,477,93,105,101,45,,,,,,,,,,,,,,,,,,,,https://api.mybihr.com/medias/800Wx800H-1128002009-1.jpg?context=bWFzdGVyfHJvb3R8MzUzMTR8aW1hZ2UvanBlZ3xhRGs0TDJnMVl5ODJOamMyTVRBd09UTTJOVEF5TWk4NE1EQlhlRGd3TUVoZk1URXlPREF3TWpBd09TMHhMbXB3Wnd8YTI5MDE1ZjVmYTY0MjUzMWY4OTc5MDMxNzRmYjRiYjQ3OTI5M2Q0ZDM0MmViMGQxMDhkZmM4MzE1NGM2YjIyMQ,https://api.mybihr.com/medias/800Wx800H-1128002009-2.jpg?context=bWFzdGVyfHJvb3R8MzgxNzR8aW1hZ2UvanBlZ3xhREZoTDJoaVppODJOamMyTVRBeE16YzFOVGt6TkM4NE1EQlhlRGd3TUVoZk1URXlPREF3TWpBd09TMHlMbXB3Wnd8OThlYTM2NjEwZGQzZTY0OWM1YzliNjIxMzUzYTY1YTlhZWQwMjc3N2I5NjdkMjhjMmRlNTI3ODllNDViNTJmNw,,,,,,,,https://static.bihr.pro/eBihr/Pictures/BETA-pictures.zip,,Spain Warehouse (Parts)
1128002001,,006430007,BETA,"BETA CLÉ À FOURCHE 9X12 SIZE, 7",Llave fija para barras dinamométricas con unión rectángular BETA - 7mm,22.99,19.00,15.20,8014230826431,0,8204110000,0,1,"<p>Llave fija para barras dinamom&eacute;tricas con uni&oacute;n rectangular BETA.</p>
<ul>
<li><strong>Medida:</strong>&nbsp;7 mm</li>
<li><strong>Rect&aacute;ngulo:</strong> 9x12 mm</li>
<li><strong>L:</strong>&nbsp;37 mm</li>
<li><strong>LA:</strong>&nbsp;28,8 mm</li>
<li><strong>A:</strong>&nbsp;22 mm</li>
</ul>","
Llave fija para barras dinamométricas con unión rectangular BETA.

Medida: 7 mm
Rectángulo: 9x12 mm
L: 37 mm
LA: 28,8 mm
A: 22 mm
",TOOLING & WS,TOOLING,TOOLING GENERAL,Número 7,,,,,,519,69,105,103,48,,,,,,,,,,,,,,,,,,,,https://api.mybihr.com/medias/800Wx800H-1128002001-1.jpg?context=bWFzdGVyfHJvb3R8MzUzMTR8aW1hZ2UvanBlZ3xhREE0TDJnMk9TODJOamMyTVRBd056YzVNakUxT0M4NE1EQlhlRGd3TUVoZk1URXlPREF3TWpBd01TMHhMbXB3Wnd8OTU2YzkyYjBlNmU1MzhjZTMyZGRjOWEzZTQzNzNmODk0ODE4ZmRiNjJkNzgyYjVjYTYxMTRmNTFlMjViMGJmOA,https://api.mybihr.com/medias/800Wx800H-1128002001-2.jpg?context=bWFzdGVyfHJvb3R8MzgxNzR8aW1hZ2UvanBlZ3xhREk1TDJnNE1pODJOamMyTVRBeE1EWXhNREl3Tmk4NE1EQlhlRGd3TUVoZk1URXlPREF3TWpBd01TMHlMbXB3Wnd8OGZlYzBlNGZlM2UxMDk3NmY4YjI4MmQwYzU1NWNiYTQyYmE1YTMxZTlmNGEzOTcxN2VmOTlhN2U4ZDRiMGY2Zg,,,,,,,,https://static.bihr.pro/eBihr/Pictures/BETA-pictures.zip,,Spain Warehouse (Parts)
1128002007,,006430015,BETA,"BETA CLÉ À FOURCHE 9X12 SIZE, 15",Llave fija para barras dinamométricas con unión rectángular BETA - 15mm,22.99,19.00,15.20,8014230592534,0,8204110000,0,1,"<p>Llave fija para barras dinamom&eacute;tricas con uni&oacute;n rectangular BETA.</p>
<ul>
<li><strong>Medida:</strong> 15 mm</li>
<li><strong>Rect&aacute;ngulo:</strong> 9x12 mm</li>
<li><strong>L:</strong>&nbsp;43 mm</li>
<li><strong>LA:</strong> 28,8 mm</li>
<li><strong>A:</strong>&nbsp;33 mm</li>
</ul>","
Llave fija para barras dinamométricas con unión rectangular BETA.

Medida: 15 mm
Rectángulo: 9x12 mm
L: 43 mm
LA: 28,8 mm
A: 33 mm
",TOOLING & WS,TOOLING,TOOLING GENERAL,Numero 15,,,,,,490,86,102,100,48,,,,,,,,,,,,,,,,,,,,https://api.mybihr.com/medias/800Wx800H-1128002007-1.jpg?context=bWFzdGVyfHJvb3R8MzUzMTR8aW1hZ2UvanBlZ3xhRFZsTDJnd055ODJOamMyTVRBd09EazNNVGd3Tmk4NE1EQlhlRGd3TUVoZk1URXlPREF3TWpBd055MHhMbXB3Wnd8NWY5ODdlOGVmMTI1ZGNkM2QzNWY5ZThmYmFkMDRkYzNmYmE3ODU1MDc3OWFmNGJmOWE1YjE2MThhY2ViY2Q0MQ,https://api.mybihr.com/medias/800Wx800H-1128002007-2.jpg?context=bWFzdGVyfHJvb3R8MzgxNzR8aW1hZ2UvanBlZ3xhRFF4TDJnMVl5ODJOamMyTVRBeE1qazJPVFV3TWk4NE1EQlhlRGd3TUVoZk1URXlPREF3TWpBd055MHlMbXB3Wnd8ZjNhYjc5Mzc2ZDFiYmNjY2NlYjYyZjJkNGZjYTg4YjNkOWEyYTQyNTQxMmJiY2RkN2U3YjVmMjZkYWU4YmM5MA,,,,,,,,https://static.bihr.pro/eBihr/Pictures/BETA-pictures.zip,,Spain Warehouse (Parts)
1128002013,,006430022,BETA,"BETA CLÉ À FOURCHE 9X12 SIZE, 22",Llave fija para barras dinamométricas con unión rectángular BETA - 22mm,44.77,37.00,29.60,8014230826479,0,8204110000,0,1,"<p>Llave fija para barras dinamom&eacute;tricas con uni&oacute;n rectangular BETA.</p>
<ul>
<li><strong>Medida:</strong>&nbsp;22 mm</li>
<li><strong>Rect&aacute;ngulo:</strong> 9x12 mm</li>
<li><strong>L:</strong>&nbsp;52 mm</li>
<li><strong>LA:</strong>&nbsp;36,3 mm</li>
<li><strong>A:</strong>&nbsp;48 mm</li>
</ul>","
Llave fija para barras dinamométricas con unión rectangular BETA.

Medida: 22 mm
Rectángulo: 9x12 mm
L: 52 mm
LA: 36,3 mm
A: 48 mm
",TOOLING & WS,TOOLING,TOOLING GENERAL,Numero 22,,,,,,525,136,104,101,50,,,,,,,,,,,,,,,,,,,,https://api.mybihr.com/medias/800Wx800H-1128002013-1.jpg?context=bWFzdGVyfHJvb3R8MzUzMTR8aW1hZ2UvanBlZ3xhREE1TDJnNFppODJOamMyTVRBeE1ESTRNalV5Tmk4NE1EQlhlRGd3TUVoZk1URXlPREF3TWpBeE15MHhMbXB3Wnd8ODQyNDI2NTc5OTMwMjcwYTdjM2JhMTE2NTc0MDBmOGY1YTY1ODQ3OWRjMDViNmVkYTllMGMxM2U1MGU4ZDk5Ng,https://api.mybihr.com/medias/800Wx800H-1128002013-2.jpg?context=bWFzdGVyfHJvb3R8MzgxNzR8aW1hZ2UvanBlZ3xhRFExTDJnM1lpODJOamMyTVRBeE5UTXlPRGM1T0M4NE1EQlhlRGd3TUVoZk1URXlPREF3TWpBeE15MHlMbXB3Wnd8NjJmMmJhZGUxYTlkOTk3OTlkMjI2Y2FjYWMyYjE3ZGU3ZjRiMDQzM2E0NjQ5N2M3ZjQ5ODQzZTY0MjA2N2Q5OQ,,,,,,,,https://static.bihr.pro/eBihr/Pictures/BETA-pictures.zip,,Spain Warehouse (Parts)
1128002002,,006430008,BETA,"BETA CLÉ À FOURCHE 9X12 SIZE, 8",Llave fija para barras dinamométricas con unión rectángular BETA - 8mm,22.99,19.00,15.20,8014230592473,0,8204110000,0,1,"<p>Llave fija para barras dinamom&eacute;tricas con uni&oacute;n rectangular BETA.</p>
<ul>
<li><strong>Medida:</strong>&nbsp;8 mm</li>
<li><strong>Rect&aacute;ngulo:</strong> 9x12 mm</li>
<li><strong>L:</strong>&nbsp;37 mm</li>
<li><strong>LA:</strong>&nbsp;28,8 mm</li>
<li><strong>A:</strong>&nbsp;22 mm</li>
</ul>","
Llave fija para barras dinamométricas con unión rectangular BETA.

Medida: 8 mm
Rectángulo: 9x12 mm
L: 37 mm
LA: 28,8 mm
A: 22 mm
",TOOLING & WS,TOOLING,TOOLING GENERAL,Número 8,,,,,,509,68,104,102,48,,,,,,,,,,,,,,,,,,,,https://api.mybihr.com/medias/800Wx800H-1128002002-1.jpg?context=bWFzdGVyfHJvb3R8MzUzMTR8aW1hZ2UvanBlZ3xhRFJpTDJnMk1pODJOamMyTVRBd056azRPRGMyTmk4NE1EQlhlRGd3TUVoZk1URXlPREF3TWpBd01pMHhMbXB3Wnd8OTk4MDZiN2M4MzljMzI1MGNhODljODNiYTdhMjJhZjRkYjY2ZTMwOWIyNzgxNmQwMGZjY2ZjY2YwNWEwOTE3ZA,https://api.mybihr.com/medias/800Wx800H-1128002002-2.jpg?context=bWFzdGVyfHJvb3R8MzgxNzR8aW1hZ2UvanBlZ3xhR1l3TDJneVl5ODJOamMyTVRBeE1UQXdNelF5TWk4NE1EQlhlRGd3TUVoZk1URXlPREF3TWpBd01pMHlMbXB3Wnd8NjkxMTRhNGM1MzU1OGM3YWE3MzExNzhmNzQzNTViNmM2ZTJkNTg2OTFhNTI2OTQ5ZjRkZWE0NjI3Y2RjMWUzZQ,,,,,,,,https://static.bihr.pro/eBihr/Pictures/BETA-pictures.zip,,Spain Warehouse (Parts)
1128002010,,006430018,BETA,"BETA CLÉ À FOURCHE 9X12 SIZE, 18",Llave fija para barras dinamométricas con unión rectángular BETA - 18mm,22.99,19.00,15.20,8014230592565,0,8204110000,0,1,"<p>Llave fija para barras dinamom&eacute;tricas con uni&oacute;n rectangular BETA.</p>
<ul>
<li><strong>Medida:</strong> 18 mm</li>
<li><strong>Rect&aacute;ngulo:</strong> 9x12 mm</li>
<li><strong>L:</strong>&nbsp;47 mm</li>
<li><strong>LA:</strong>&nbsp;36,3 mm</li>
<li><strong>A:</strong>&nbsp;42,5 mm</li>
</ul>","
Llave fija para barras dinamométricas con unión rectangular BETA.

Medida: 18 mm
Rectángulo: 9x12 mm
L: 47 mm
LA: 36,3 mm
A: 42,5 mm
",TOOLING & WS,TOOLING,TOOLING GENERAL,Numero 18,,,,,,514,119,105,102,48,,,,,,,,,,,,,,,,,,,,https://api.mybihr.com/medias/800Wx800H-1128002010-1.jpg?context=bWFzdGVyfHJvb3R8MzUzMTR8aW1hZ2UvanBlZ3xhRFk0TDJnMk15ODJOamMyTVRBd09UVTJNVFl6TUM4NE1EQlhlRGd3TUVoZk1URXlPREF3TWpBeE1DMHhMbXB3Wnd8NTgzYTc4MDg4MjA5Mjg4ZDI0M2NmMjEyNDM4MDdjOWZiOTM1MWRhOWEwNjk4NzA2Njg4MzBlNzNmZGNkYjM5NA,https://api.mybihr.com/medias/800Wx800H-1128002010-2.jpg?context=bWFzdGVyfHJvb3R8MzgxNzR8aW1hZ2UvanBlZ3xhR0ZpTDJobFlpODJOamMyTVRBeE5ERTBPVEUxTUM4NE1EQlhlRGd3TUVoZk1URXlPREF3TWpBeE1DMHlMbXB3Wnd8MjYxNTM2NjZlZjY3YmZjZWMyYzBjY2ZlNjkxMzY0YTExNTRlZmNhZGNiYmE5ZWVkNjlkYWZiNDNjNTUzYzlkOQ,,,,,,,,https://static.bihr.pro/eBihr/Pictures/BETA-pictures.zip,,Spain Warehouse (Parts)
1129666,,5904VUF-C24S/RSC24,BETA,BETA MODULE COMPO 5904VUF C24S/RSC24,Surtido de 196 herramientas BETA en termoformados rígidos,1359.74,1123.75,899.00,8054809359939,0,8206000000,0,1,"<ul>
	<li><strong>42C :</strong>6-7-8-9-10-11-12-13-14-15-16-17-19-21-22-24 mm</li>
	<li><strong>96BPC/SK9 :</strong>1,5-2-2,5-3-4-5-6-8-10 mm</li>
	<li><strong>1201E :</strong>3,5x100-5,5x150-6,5x150 mm</li>
	<li><strong>1202E :</strong>PH1x80-PH2x100 mm</li>
	<li><strong>1201EN : </strong>4x30 mm</li>
	<li><strong>1202EN : </strong>PH1x30 mm</li>
	<li><strong>1128BMXC : </strong>145 mm</li>
	<li><strong>1719C P : </strong>200 mm</li>
	<li><strong>1719C M : </strong>200 mm</li>
	<li><strong>1719C R : </strong>200 mm</li>
</ul>

<p>&nbsp;</p>

<p><strong>1/4""</strong></p>

<ul>
	<li><strong>31C : </strong>2-3-4-5-6 mm</li>
	<li><strong>1048C : </strong>250 mm</li>
	<li><strong>1082CM :</strong>160 mm</li>
	<li><strong>1150CM : </strong>180 mm</li>
	<li><strong>1166CM : </strong>160 mm</li>
	<li><strong>1370C : </strong>300g</li>
	<li><strong>1390C : </strong>Ø 35 mm</li>
	<li><strong>1692 : </strong>3 m</li>
	<li><strong>1771 : </strong>18 mm</li>
	<li><strong>1771RL : </strong>10x</li>
</ul>

<p><strong>1/2""</strong></p>

<ul>
	<li><strong>C900</strong> : 4-4,5-5-5,5-5,6-7-8-9-10-11-12-13-14 mm</li>
	<li><strong>C900L</strong> : 6-7-8-9-10-11-12-13 mm</li>
	<li><strong>C900AD</strong></li>
	<li><strong>C900/20</strong> : 50 mm</li>
	<li><strong>C900/20L</strong> : 100 mm</li>
	<li><strong>C900/25</strong> : 50 mm</li>
	<li><strong>C900/30</strong> : 150 mm</li>
	<li><strong>C900/42</strong> : 150 mm</li>
	<li><strong>C900/48</strong> :150 mm</li>
</ul>

<p>&nbsp;</p>

<ul>
	<li><strong>C910/16F</strong> : 3/8"" - 1/2""</li>
	<li><strong>C920A</strong> : 12-13-14-15-16-17-18-19-20-21-22-24-27-30-32 mm</li>
	<li><strong>C920L</strong> : 14-15-17-19 mm</li>
	<li><strong>C920/21</strong> : 125 mm</li>
	<li><strong>C920/22</strong> : 250 mm</li>
	<li><strong>C920/25</strong> : 250 mm</li>
	<li><strong>C920/72</strong> : 260 mm</li>
	<li><strong>C956C</strong> : 16 mm (5/8"") - 21 mm (13/16"")</li>
</ul>
","
	42C :6-7-8-9-10-11-12-13-14-15-16-17-19-21-22-24 mm
	96BPC/SK9 :1,5-2-2,5-3-4-5-6-8-10 mm
	1201E :3,5x100-5,5x150-6,5x150 mm
	1202E :PH1x80-PH2x100 mm
	1201EN : 4x30 mm
	1202EN : PH1x30 mm
	1128BMXC : 145 mm
	1719C P : 200 mm
	1719C M : 200 mm
	1719C R : 200 mm



 


1/4""


	31C : 2-3-4-5-6 mm
	1048C : 250 mm
	1082CM :160 mm
	1150CM : 180 mm
	1166CM : 160 mm
	1370C : 300g
	1390C : Ø 35 mm
	1692 : 3 m
	1771 : 18 mm
	1771RL : 10x



1/2""


	C900 : 4-4,5-5-5,5-5,6-7-8-9-10-11-12-13-14 mm
	C900L : 6-7-8-9-10-11-12-13 mm
	C900AD
	C900/20 : 50 mm
	C900/20L : 100 mm
	C900/25 : 50 mm
	C900/30 : 150 mm
	C900/42 : 150 mm
	C900/48 :150 mm



 


	C910/16F : 3/8"" - 1/2""
	C920A : 12-13-14-15-16-17-18-19-20-21-22-24-27-30-32 mm
	C920L : 14-15-17-19 mm
	C920/21 : 125 mm
	C920/22 : 250 mm
	C920/25 : 250 mm
	C920/72 : 260 mm
	C956C : 16 mm (5/8"") - 21 mm (13/16"")

",TOOLING & WS,TOOLING,TOOLING GENERAL,,,,,,,65215,13740,635,395,260,,,,,,,,,,,,,,,,,,,,https://api.mybihr.com/medias/800Wx800H-1129666-1.jpg?context=bWFzdGVyfHJvb3R8OTQ3NTB8aW1hZ2UvanBlZ3xhREpsTDJobFlpODJPVFEwTVRNM05URXdPVEUxTUM4NE1EQlhlRGd3TUVoZk1URXlPVFkyTmkweExtcHdad3xkNDgxNDhmNmUwN2VjMDlmMzljMzc0MDlkNWI2MWI2YzYxYjc0NjVmNGM5MWFiYWVlN2JlZDE5ZjdkZmNkZjhj,https://api.mybihr.com/medias/800Wx800H-1129666-2.jpg?context=bWFzdGVyfHJvb3R8NzUzNTV8aW1hZ2UvanBlZ3xhR05sTDJobU9DODJPVFEwTVRNM05UVXdNak0yTmk4NE1EQlhlRGd3TUVoZk1URXlPVFkyTmkweUxtcHdad3xmODdjZTM2MjRkNTc1MDA2MzY2NzI0MWVjNmYxZDgxNWI4YTU0NGZjNWNmMjgxN2QwZDAxMTI3MDAyZjI4Y2Zm,https://api.mybihr.com/medias/800Wx800H-1129666-3.jpg?context=bWFzdGVyfHJvb3R8OTE4MTN8aW1hZ2UvanBlZ3xhR1l6TDJobVlpODJPVFEwTVRNM05UZzVOVFU0TWk4NE1EQlhlRGd3TUVoZk1URXlPVFkyTmkwekxtcHdad3w4ZDhlYmY1ZDMzZWM4MmY1NDgzYjAzODAxNzZhYTgzMTRkZmE0OWUyZWUyYmIwNzFiZGE0YzA5YWQ3MjY5ZDk5,https://api.mybihr.com/medias/800Wx800H-1129666-4.jpg?context=bWFzdGVyfHJvb3R8NjMwODJ8aW1hZ2UvanBlZ3xhR0poTDJoaE5pODJPVFEwTVRNM05qSTRPRGM1T0M4NE1EQlhlRGd3TUVoZk1URXlPVFkyTmkwMExtcHdad3w0NmU4ZjU5YWQyZTY5MzcwZGFiMmJjZDZiN2UyYmM0ZDFhODgwMDk3MDk4ZGZiNzBiYWRjMTRmMTIzNmRjZmRl,https://api.mybihr.com/medias/800Wx800H-1129666-5.jpg?context=bWFzdGVyfHJvb3R8NjgxMjl8aW1hZ2UvanBlZ3xhREU1TDJnNU9TODJPVFEwTVRNM05qWTRNakF4TkM4NE1EQlhlRGd3TUVoZk1URXlPVFkyTmkwMUxtcHdad3xmYjljN2M1ZGY0MDQwZjJlYWY4YjY0NWMzYzRjZWFjNjVjZjg0MTkwNDQ3M2YzYTJjYTJhODllODg3Zjg0ZmVk,,,,,https://static.bihr.pro/eBihr/Pictures/BETA-pictures.zip,,Spain Warehouse (Parts)
1129988,,088880910,BETA,BETA SCREWDRIVER HOLDER METAL SPG11,Soporte para destornilladores BETA en chapa - SPG11,25.17,20.80,16.64,,0,7326909890,0,1,"<p>Se suministra con 3 tornillos de expansi&oacute;n VE1</p>
<p>Accesorio para mobiliario de taller:</p>
<ul>
<li>n.8 &Oslash; = 7 mm</li>
<li>n.2 &Oslash; = 10 mm</li>
<li>n.1 &Oslash; = 12 mm</li>
</ul>","
Se suministra con 3 tornillos de expansión VE1

Accesorio para mobiliario de taller:

n.8 Ø = 7 mm
n.2 Ø = 10 mm
n.1 Ø = 12 mm
",TOOLING & WS,TOOLING,TOOLING GENERAL,,,,,,,1,1,10,10,10,,,,,,,,,,,,,,,,,,,,https://api.mybihr.com/medias/800Wx800H-1129988-1.jpg?context=bWFzdGVyfHJvb3R8Mjg1ODd8aW1hZ2UvanBlZ3xhRGd3TDJnNVpTODNPVFUyT1RZek1qVXlOak0yTmk4NE1EQlhlRGd3TUVoZk1URXlPVGs0T0MweExtcHdad3w0NGE1NGY5YzJmMjA5ZjlkMmZlMjcwMzdiMTdlODYxNjgyMDIzNmJhYTgwZmZkMTAwOGUxZDY0YTRkN2ExYmNi,,,,,,,,,https://static.bihr.pro/eBihr/Pictures/BETA-pictures.zip,,Spain Warehouse (Parts)
1129989,,088880430,BETA,BETA SCREWDRIVER HOLDER METAL S1203/8,Soporte para destornilladores BETA en chapa - S1203/8,24.68,20.40,16.32,8014230848594,0,7326909890,0,1,"<p>Se suministra con 3 tornillos de expansi&oacute;n VE1</p>
<p>Accesorio para mobiliario de taller:</p>
<ul>
<li>1203E/S8</li>
<li>1263/D8</li>
<li>1293/S8</li>
</ul>","
Se suministra con 3 tornillos de expansión VE1

Accesorio para mobiliario de taller:

1203E/S8
1263/D8
1293/S8
",TOOLING & WS,TOOLING,TOOLING GENERAL,,,,,,,1031,341,296,81,43,,,,,,,,,,,,,,,,,,,,https://api.mybihr.com/medias/800Wx800H-1129989-1.jpg?context=bWFzdGVyfHJvb3R8Mjg1ODd8aW1hZ2UvanBlZ3xhR1l6TDJnNU1DODNPVFUyT1RZek1qa3hPVFU0TWk4NE1EQlhlRGd3TUVoZk1URXlPVGs0T1MweExtcHdad3wyMDE3ODE3OWJkNTAwNjA1NWRkMmY4M2I3NDc3ODNiY2ViZDYxZDY1OWI4MTViODg1NzBiMzEyMzliZGJlNTRl,,,,,,,,,https://static.bihr.pro/eBihr/Pictures/BETA-pictures.zip,,Spain Warehouse (Parts)
1129855,,861/C100,BETA,BETA SET OF 98 BITS 1 2 BIT HOLDERS,Juego completo de puntas de destornillador BETA con 2 portapuntas,124.03,102.50,82.00,8054809533148,1,8207909900,0,1,"<p>El <strong>Beta 861/C100</strong> es un completo juego de puntas de destornillador que incluye 98 puntas y dos portapuntas, todo presentado en un estuche de pl&aacute;stico pr&aacute;ctico y funcional. Este conjunto est&aacute; dise&ntilde;ado para su uso con destornilladores manuales, el&eacute;ctricos y neum&aacute;ticos, ofreciendo una amplia variedad de puntas para adaptarse a diversas aplicaciones.</p>
<p><strong>Contenido del set:</strong></p>
<ul>
<li><strong>Puntas planas (LP):</strong> 3, 4, 4.5, 5.5 (x3), 6.5 (x2), 8 (x2) mm</li>
<li><strong>Puntas Phillips (PH):</strong> PH0 (x2), PH1 (x3), PH2 (x3), PH3 (x2), PH4</li>
<li><strong>Puntas Pozidriv (PZ):</strong> PZ1 (x3), PZ2 (x3), PZ3 (x2), PZ4</li>
<li><strong>Puntas hexagonales (PE):</strong> 2, 2.5 (x2), 3 (x2), 4 (x2), 5 (x2), 6 (x2), 8, 10 mm</li>
<li><strong>Puntas Torx (TX):</strong> T6, T7, T8, T9, T10 (x2), T15, T20 (x2), T25 (x2), T27, T30 (x2), T40 (x2)</li>
<li><strong>Puntas Torx de seguridad (RTX):</strong> T6, T7, T8, T10, T15, T20, T25, T27, T30, T40</li>
<li><strong>Puntas XZN:</strong> M5, M6, M8</li>
<li><strong>Puntas Tri-Wing (TQS):</strong> 0, 1, 2, 3, 4, 5, 6, 8, 10</li>
<li><strong>Puntas Tri&aacute;ngulo (TRW):</strong> 1, 2, 3, 4, 5, 6</li>
<li><strong>Puntas Spanner (SP):</strong> 4, 6, 8, 10, 12</li>
<li><strong>Puntas cuadradas (SQ):</strong> 0, 1 (x2), 2 (x2), 3</li>
<li><strong>Portapuntas:</strong> 2 unidades</li>
</ul>
<p><strong>Caracter&iacute;sticas adicionales:</strong></p>
<ul>
<li><strong>Unidad hexagonal:</strong> 1/4""</li>
<li><strong>Dimensiones del estuche:</strong> 155 x 117 x 37 mm</li>
</ul>
<p>Este set es ideal para profesionales y aficionados que buscan una soluci&oacute;n vers&aacute;til y de alta calidad para sus necesidades de atornillado. La variedad de puntas incluidas permite abordar una amplia gama de tareas con eficiencia y precisi&oacute;n.</p>","
El Beta 861/C100 es un completo juego de puntas de destornillador que incluye 98 puntas y dos portapuntas, todo presentado en un estuche de plástico práctico y funcional. Este conjunto está diseñado para su uso con destornilladores manuales, eléctricos y neumáticos, ofreciendo una amplia variedad de puntas para adaptarse a diversas aplicaciones.

Contenido del set:

Puntas planas (LP): 3, 4, 4.5, 5.5 (x3), 6.5 (x2), 8 (x2) mm
Puntas Phillips (PH): PH0 (x2), PH1 (x3), PH2 (x3), PH3 (x2), PH4
Puntas Pozidriv (PZ): PZ1 (x3), PZ2 (x3), PZ3 (x2), PZ4
Puntas hexagonales (PE): 2, 2.5 (x2), 3 (x2), 4 (x2), 5 (x2), 6 (x2), 8, 10 mm
Puntas Torx (TX): T6, T7, T8, T9, T10 (x2), T15, T20 (x2), T25 (x2), T27, T30 (x2), T40 (x2)
Puntas Torx de seguridad (RTX): T6, T7, T8, T10, T15, T20, T25, T27, T30, T40
Puntas XZN: M5, M6, M8
Puntas Tri-Wing (TQS): 0, 1, 2, 3, 4, 5, 6, 8, 10
Puntas Triángulo (TRW): 1, 2, 3, 4, 5, 6
Puntas Spanner (SP): 4, 6, 8, 10, 12
Puntas cuadradas (SQ): 0, 1 (x2), 2 (x2), 3
Portapuntas: 2 unidades


Características adicionales:

Unidad hexagonal: 1/4""
Dimensiones del estuche: 155 x 117 x 37 mm


Este set es ideal para profesionales y aficionados que buscan una solución versátil y de alta calidad para sus necesidades de atornillado. La variedad de puntas incluidas permite abordar una amplia gama de tareas con eficiencia y precisión.",TOOLING & WS,TOOLING,TOOLING GENERAL,,,,,,,696,842,158,116,38,,,,,,,,,,,,,,,,,,,,https://api.mybihr.com/medias/800Wx800H-1129855-1.jpg?context=bWFzdGVyfHJvb3R8MTQ5MjIyfGltYWdlL2pwZWd8YURZMkwyaGhOUzgzT1RZME5UY3dNRE01TURrME1pODRNREJYZURnd01FaGZNVEV5T1RnMU5TMHhMbXB3Wnd8NGQ2NjZlMjQ5OWZmYWUyNjFkN2NhMGU2NjFlMjljZDVkZGMyNjY4ZGQ5MTBkYzU1YWYxZTQ4OWY0Y2FhNzgyMQ,,,,,,,,,https://static.bihr.pro/eBihr/Pictures/BETA-pictures.zip,,Spain Warehouse (Parts)
1129851,,1741P,BETA,BETA RIVET PLIER ROBUST,Remachadora de alta resistencia BETA con 4 boquillas intercambiables,63.53,52.50,42.00,8054809531687,0,8205598000,0,1,"<p>Compacta y capaz de soportar cargas pesadas, destaca por su versatilidad, con 4 boquillas intercambiables para remaches de aluminio y acero inoxidable (2,4 - 5 mm)</p>","
Compacta y capaz de soportar cargas pesadas, destaca por su versatilidad, con 4 boquillas intercambiables para remaches de aluminio y acero inoxidable (2,4 - 5 mm)",TOOLING & WS,TOOLING,TOOLING GENERAL,,,,,,,900,602,303,90,33,,,,,,,,,,,,,,,,,,,,https://api.mybihr.com/medias/800Wx800H-1129851-1.jpg?context=bWFzdGVyfHJvb3R8MjUxMzF8aW1hZ2UvanBlZ3xhREV5TDJoak5DODNPVFkwTlRZNU9EQTVOekU0TWk4NE1EQlhlRGd3TUVoZk1URXlPVGcxTVMweExtcHdad3w3OTIyYmMxNmEyNTZiOWEwNmVmNmM1ZDMwMTlhMjZkYjA2MjIxNWY0YTI2ZjNmNDkyNDY2ZDQxNjE0Nzk5YjQz,https://api.mybihr.com/medias/800Wx800H-1129851-2.jpg?context=bWFzdGVyfHJvb3R8MzY1NjJ8aW1hZ2UvanBlZ3xhR0l6TDJoa01TODNPVFkwTlRZNU9EUTVNRE01T0M4NE1EQlhlRGd3TUVoZk1URXlPVGcxTVMweUxtcHdad3xjMzdlMjQ5YzYyNDZjNjc3MjE3YjlhMGIwNWIwYTNmMWU5MjkxOGZmYWM1MzVhZmU1OTQ5YTM4NGNiMDMxNmZk,https://api.mybihr.com/medias/800Wx800H-1129851-3.jpg?context=bWFzdGVyfHJvb3R8NTI5ODR8aW1hZ2UvanBlZ3xhRFF3TDJoa1ppODNPVFkwTlRZNU9EZzRNell4TkM4NE1EQlhlRGd3TUVoZk1URXlPVGcxTVMwekxtcHdad3wyMTkxYzEyMTE0NmQ3ODg5N2I5ZmUwMWNiMDUyYWYyZjMzOTZmOTZjODlmMmFiMjgzYWI2NGNjZGI1ZTFhMGIz,,,,,,,https://static.bihr.pro/eBihr/Pictures/BETA-pictures.zip,,Spain Warehouse (Parts)
1129849,,1068,BETA,BETA GRIP PLIERS ADJUSTABLE INERTIA MASS,Alicate autoblocante ajustable BETA con masa de impacto,199.65,165.00,132.00,8054809534169,0,8203200000,0,1,"<p>Esta herramienta integra las funciones de bloqueo de un alicate autoblocante con la eficacia de una masa de martillo deslizante. Es ideal para extraer esp&aacute;rragos, tornillos rotos y chapas, especialmente en el sector de la carrocer&iacute;a.</p>","
Esta herramienta integra las funciones de bloqueo de un alicate autoblocante con la eficacia de una masa de martillo deslizante. Es ideal para extraer espárragos, tornillos rotos y chapas, especialmente en el sector de la carrocería.",TOOLING & WS,TOOLING,TOOLING GENERAL,,,,,,,1551,2146,380,77,53,,,,,,,,,,,,,,,,,,,,https://api.mybihr.com/medias/800Wx800H-1129849-1.jpg?context=bWFzdGVyfHJvb3R8MTUzODF8aW1hZ2UvanBlZ3xhR05pTDJnd1l5ODNPVFkwTlRZNU5qRXpNVEV3TWk4NE1EQlhlRGd3TUVoZk1URXlPVGcwT1MweExtcHdad3xkOGFhMTliZmUwZDdiNmFiZWFlNTJlZjQ5YzRlYmE2ZmRjZmU5Mzk2ZGQ3ODExNWFiM2VmNDAwMzViZGQxYzY3,https://api.mybihr.com/medias/800Wx800H-1129849-2.jpg?context=bWFzdGVyfHJvb3R8NzMyMjd8aW1hZ2UvanBlZ3xhR015TDJnd01DODNPVFkwTlRZNU5qVXlORE14T0M4NE1EQlhlRGd3TUVoZk1URXlPVGcwT1MweUxtcHdad3wyZjdjYmY3OGNkNGQ5MjkxNWYwOGI5YzFiZTNhMjFkYzhkYjM3Yjc0MzQ4YThlYTcwYjg4OTQ1MGQ3ZmQ0ZDM0,,,,,,,,https://static.bihr.pro/eBihr/Pictures/BETA-pictures.zip,,Spain Warehouse (Parts)
1129850,,1741,BETA,BETA RIVET PLIER LIGHT,Remachadora BETA con 4 boquillas intercambiables,48.40,40.00,32.00,8054809531656,0,8205598000,0,1,"<p>Compacta y ligera, destaca por su versatilidad, con 4 boquillas intercambiables para remaches de aluminio y acero (2,4 - 5 mm) y acero inoxidable (2,4 - 4 mm)</p>","
Compacta y ligera, destaca por su versatilidad, con 4 boquillas intercambiables para remaches de aluminio y acero (2,4 - 5 mm) y acero inoxidable (2,4 - 4 mm)",TOOLING & WS,TOOLING,TOOLING GENERAL,,,,,,,910,552,303,91,33,,,,,,,,,,,,,,,,,,,,https://api.mybihr.com/medias/800Wx800H-1129850-1.jpg?context=bWFzdGVyfHJvb3R8MjUzODF8aW1hZ2UvanBlZ3xhRFJtTDJnd1pTODNPVFkwTlRZNU5qa3hOelV6TkM4NE1EQlhlRGd3TUVoZk1URXlPVGcxTUMweExtcHdad3xhNTliODc1NDQzNmE1ZTE5ZjRiNjA1MTM4YTEwODgwZWM1Mjk0YzQ0MDUxOGNmMjY5OGU2ZWQ0MjFkOTFmMzg2,https://api.mybihr.com/medias/800Wx800H-1129850-2.jpg?context=bWFzdGVyfHJvb3R8MzM1OTB8aW1hZ2UvanBlZ3xhRGxpTDJnMk15ODNPVFkwTlRZNU56TXhNRGMxTUM4NE1EQlhlRGd3TUVoZk1URXlPVGcxTUMweUxtcHdad3wxZGFlMzk4NDgzZDExNmI5YjhlNTgzMWJhZTg0MDNjMTg5ZjRlMjA1ZThjZjBiNTM2ZmI3MjE3MTBhYTc0Y2U4,https://api.mybihr.com/medias/800Wx800H-1129850-3.jpg?context=bWFzdGVyfHJvb3R8MTA5MDE2fGltYWdlL2pwZWd8YURJNUwyZzNNUzgzT1RZME5UWTVOemN3TXprMk5pODRNREJYZURnd01FaGZNVEV5T1RnMU1DMHpMbXB3Wnd8YjZhNWYwZDE2YzRiNDM3NDA2Y2I5M2EwYzY5NmE3N2I1M2ZhMzJiOTM5NGIyMGFhMzA4MWUxZDUyZmU3Zjk0Ng,,,,,,,https://static.bihr.pro/eBihr/Pictures/BETA-pictures.zip,,Spain Warehouse (Parts)
1129852,,1743,BETA,BETA PLIERS NYLON RILSAN COLLAR,Alicates para collares de nylon BETA,111.17,91.88,73.50,8014230047140,0,8205598000,0,1,"<p>Herramienta profesional ideal para la instalaci&oacute;n de collares de nylon (bridas). Este alicate permite tensar y cortar bridas con precisi&oacute;n, garantizando una sujeci&oacute;n firme y un acabado limpio. Con una longitud de 195 mm, es perfecto para organizar y gestionar cables en instalaciones el&eacute;ctricas y de cableado.</p>","
Herramienta profesional ideal para la instalación de collares de nylon (bridas). Este alicate permite tensar y cortar bridas con precisión, garantizando una sujeción firme y un acabado limpio. Con una longitud de 195 mm, es perfecto para organizar y gestionar cables en instalaciones eléctricas y de cableado.",TOOLING & WS,TOOLING,TOOLING GENERAL,,,,,,,638,358,207,110,28,,,,,,,,,,,,,,,,,,,,https://api.mybihr.com/medias/800Wx800H-1129852-1.jpg?context=bWFzdGVyfHJvb3R8MzYxMTJ8aW1hZ2UvanBlZ3xhRGcyTDJoallpODNPVFkwTlRZNU9USTNOamd6TUM4NE1EQlhlRGd3TUVoZk1URXlPVGcxTWkweExtcHdad3wxMzAzNjMwNzRkOTRhYThhMzBjZDk0NjJjMWVmM2VkNzdhMTk5OTUyMzU4M2EwZjRjZjE1YWI5YjdhZjcxODE2,https://api.mybihr.com/medias/800Wx800H-1129852-2.jpg?context=bWFzdGVyfHJvb3R8NjMwNjB8aW1hZ2UvanBlZ3xhR1UxTDJoaVpDODNPVFkwTlRZNU9UWTNNREEwTmk4NE1EQlhlRGd3TUVoZk1URXlPVGcxTWkweUxtcHdad3w0MDYxY2E4YjZkNDA1Y2NhYjcxNDI1Zjc3OTlmNWJiZTFmZGZiYTg5MDI0MjI4MWYwY2YxODRiMDYxMjVmNjk4,https://api.mybihr.com/medias/800Wx800H-1129852-3.jpg?context=bWFzdGVyfHJvb3R8MzQ3MDl8aW1hZ2UvanBlZ3xhR1kxTDJoaFppODNPVFkwTlRjd01EQTJNekkyTWk4NE1EQlhlRGd3TUVoZk1URXlPVGcxTWkwekxtcHdad3xlNDc5MDdjNWExOWJlMTk1OTIyZjhjMjJkOWNlMzk2ZDg3ZjE4NTQ0ZTA4YTg2MmE5OGEyM2Q1Y2JiZjc5YmE4,,,,,,,https://static.bihr.pro/eBihr/Pictures/BETA-pictures.zip,,Spain Warehouse (Parts)
1153220,,017260040,BETA,BETA METAL SAW FRAME WITH BLADE STORAGE,Sierra BETA para metales,47.19,39.00,31.20,8054809619200,0,8202100000,0,1,"<ul>
	<li>Mango de aleación de aluminio con revestimiento de doble compuesto</li>
	<li>Compartimento para la cuchilla</li>
	<li>Cuchilla regulable hasta 55° y 90°, con sistema de fijación integrado</li>
</ul>","
	Mango de aleación de aluminio con revestimiento de doble compuesto
	Compartimento para la cuchilla
	Cuchilla regulable hasta 55° y 90°, con sistema de fijación integrado
",TOOLING & WS,TOOLING,TOOLING GENERAL,,,,,,,2279,639,404,141,40,,,,,,,,,,,,,,,,,,,,https://api.mybihr.com/medias/800Wx800H-1153220-1.jpg?context=bWFzdGVyfHJvb3R8MzQ4OTJ8aW1hZ2UvanBlZ3xhR1F6TDJnMU5pOHhNREF4TlRVeE9EZ3pORFk1TVRBdk9EQXdWM2c0TURCSVh6RXhOVE15TWpBdE1TNXFjR2N8ZjE1MjgzMGUyNzkzYjI2ZDZmN2YxMGExYTcwNjczYzM3NjY2YjU4ZWMzNzVkZjZjNjY4ZDU0MTRjN2QzOTMzYQ,,,,,,,,,https://static.bihr.pro/eBihr/Pictures/BETA-pictures.zip,,Spain Warehouse (Parts)
1153466,,M213,BETA,BETA TRAY SCREWDRIVER SET FLEX PH/TX,"BETA TOOLS Foam Tray with Beta Easy Screwdrivers for slotted, Phillips® and Torx® head screws",195.11,161.25,129.00,,0,8206000000,0,1,"<h4>Slotted Head Screwdrivers</h4>

<ul>
	<li><strong>1201E</strong>: screwdriver for slotted head screws – 2,5x50, 3x75, 4x100, 5,5x125, 6,5x150, 8x200 mm</li>
	<li><strong>1201EN</strong>: screwdriver for slotted head screws, extra-short series – 4x30 mm</li>
</ul>

<h4>Phillips® Screwdrivers</h4>

<ul>
	<li><strong>1202E</strong>: screwdriver for cross head Phillips® screws – PH0x60, PH1x80, PH2x100, PH3x150 mm</li>
	<li><strong>1202EN</strong>: screwdriver for cross head Phillips® screws, extra-short series – PH1x30 mm</li>
</ul>

<h4>Torx® Screwdrivers</h4>

<ul>
	<li><strong>1207E/TX</strong>: screwdrivers for Torx® head screws, with handles – T6, T7, T8, T9, T10, T15, T20, T25, T27, T30, T40, T45</li>
</ul>

<h4>Mains Testing Screwdriver</h4>

<ul>
	<li><strong>1253</strong>: mains testing screwdriver – 3,5x100 mm</li>
</ul>","Slotted Head Screwdrivers


	1201E: screwdriver for slotted head screws – 2,5x50, 3x75, 4x100, 5,5x125, 6,5x150, 8x200 mm
	1201EN: screwdriver for slotted head screws, extra-short series – 4x30 mm


Phillips® Screwdrivers


	1202E: screwdriver for cross head Phillips® screws – PH0x60, PH1x80, PH2x100, PH3x150 mm
	1202EN: screwdriver for cross head Phillips® screws, extra-short series – PH1x30 mm


Torx® Screwdrivers


	1207E/TX: screwdrivers for Torx® head screws, with handles – T6, T7, T8, T9, T10, T15, T20, T25, T27, T30, T40, T45


Mains Testing Screwdriver


	1253: mains testing screwdriver – 3,5x100 mm
",TOOLING & WS,TOOLING,TOOLING GENERAL,,,,,,,1,1,10,10,10,,,,,,,,,,,,,,,,,,,,https://api.mybihr.com/medias/800Wx800H-1153466-1.jpg?context=bWFzdGVyfHJvb3R8OTQxMDZ8aW1hZ2UvanBlZ3xhR1UxTDJoaVlTOHhNREUwTVRBeU56VXhPVFk1TlRndk9EQXdWM2c0TURCSVh6RXhOVE0wTmpZdE1TNXFjR2N8MDFmMDk5YTQxYmI4ZGNmMDgwMWFjNjhiMDkwN2YzZGQ4NmM0MzNhYzJkMWU0NjZmM2I1YzMwYmE0NmEzNTk3OA,https://api.mybihr.com/medias/800Wx800H-1153466-2.jpg?context=bWFzdGVyfHJvb3R8MzA2OTN8aW1hZ2UvanBlZ3xhRFEwTDJoaFpDOHhNREUwTVRBeU56VTFPVEF4TnpRdk9EQXdWM2c0TURCSVh6RXhOVE0wTmpZdE1pNXFjR2N8NzQ2OTk1ODQxYThkMzBhZjRiYjM3ZDhiYWNkZjJjNzM2OTdkMDVlMWUyMzE5MzQ4ZTliZWM5MmEzODlkODFjMw,,,,,,,,https://static.bihr.pro/eBihr/Pictures/BETA-pictures.zip,,Spain Warehouse (Parts)
1153465,,M105,BETA,BETA FOAM RATCHET SOCKET SET 1/4 1/2,BETA TOOLS Soft Foam Tray with Tool Assortment,1079.93,892.50,714.00,,0,8206000000,0,1,"<h3>Soft foam Tray Content – 7.7 kg</h3>

<h4>1/4"" Hexagon Sockets and Drivers</h4>

<ul>
	<li>900: 1/4"" hexagon sockets – 4, 4.5, 5, 5.5, 6, 7, 8, 9, 10, 11, 12, 13, 14 mm</li>
	<li>900L: hexagon hand sockets, long series – 5, 6, 7, 8, 9, 10, 11, 12 mm</li>
	<li>96BPC/SC9: ball head offset hexagon key wrenches – 1.5, 2, 2.5, 3, 4, 5, 6, 8, 10 mm</li>
	<li>895/1 – 895/3 – 895/6: socket holders</li>
	<li>900ME: 1/4"" socket drivers for hexagon screws – 3, 4, 5, 6, 7 mm</li>
	<li>900LP: 1/4"" socket drivers for slotted head screws – 0.8×4, 1×5.5, 1.2×6.5, 1.2×8 mm</li>
	<li>900PH: 1/4"" socket drivers for cross head Phillips screws – PH1, PH2, PH3, PH4</li>
	<li>900TX: socket drivers for Torx head screws – T10, T15, T20, T25, T27, T30, T40</li>
</ul>

<h4>1/4"" Drive Accessories</h4>

<ul>
	<li>900/16: adaptor, 1/4"" female to 3/8"" male</li>
	<li>900/...: 1/4"" drive extension bar – 50, 100, 150 mm</li>
	<li>900/25: 1/4"" drive universal joint</li>
	<li>900BG/30: 1/4"" drive swivel T-handle</li>
	<li>900/55: 1/4"" reversible ratchet</li>
</ul>

<h4>3/8"" Hexagon Sockets</h4>

<ul>
	<li>910A: 3/8"" hexagon hand sockets – 6, 7, 8, 9, 10, 11, 12, 13, 14, 15, 16, 17, 18, 19, 20, 21, 22 mm</li>
</ul>

<h4>3/8"" Drive Accessories</h4>

<ul>
	<li>910/15: adaptor, 3/8"" female to 1/4"" male</li>
	<li>910/16: adaptor, 1/2"" female and 3/8"" male</li>
	<li>910/20: 3/8"" extension bar – 125 mm</li>
	<li>910/22: 3/8"" extension bar – 250 mm</li>
	<li>910/25: 3/8"" drive universal joint</li>
	<li>910/42: 3/8"" sliding T-handle</li>
	<li>910/55: 3/8"" reversible ratchet</li>
</ul>

<h4>1/2"" Square Drive Hexagon Sockets</h4>

<ul>
	<li>920A: 1/2"" square drive hexagon sockets – 8, 10, 11, 12, 13, 14, 15, 16, 17, 19, 20, 21, 22, 23, 24, 26, 27, 28, 30, 32 mm</li>
</ul>

<h4>1/2"" Drive Accessories</h4>

<ul>
	<li>920/15: adaptor, 1/2"" female and 3/8"" male</li>
	<li>920/20: 1/2"" drive universal joint</li>
	<li>920/30: 1/2"" extension bars – 125 mm and 250 mm</li>
	<li>920/42: 1/2"" sliding T-handle</li>
	<li>920/55: 1/2"" reversible ratchet</li>
</ul>

<h4>Special Sockets</h4>

<ul>
	<li>956E: 3/8"" drive spark plug sockets – 16, 17, 18, 20.8 mm</li>
</ul>","Soft foam Tray Content – 7.7 kg

1/4"" Hexagon Sockets and Drivers


	900: 1/4"" hexagon sockets – 4, 4.5, 5, 5.5, 6, 7, 8, 9, 10, 11, 12, 13, 14 mm
	900L: hexagon hand sockets, long series – 5, 6, 7, 8, 9, 10, 11, 12 mm
	96BPC/SC9: ball head offset hexagon key wrenches – 1.5, 2, 2.5, 3, 4, 5, 6, 8, 10 mm
	895/1 – 895/3 – 895/6: socket holders
	900ME: 1/4"" socket drivers for hexagon screws – 3, 4, 5, 6, 7 mm
	900LP: 1/4"" socket drivers for slotted head screws – 0.8×4, 1×5.5, 1.2×6.5, 1.2×8 mm
	900PH: 1/4"" socket drivers for cross head Phillips screws – PH1, PH2, PH3, PH4
	900TX: socket drivers for Torx head screws – T10, T15, T20, T25, T27, T30, T40


1/4"" Drive Accessories


	900/16: adaptor, 1/4"" female to 3/8"" male
	900/...: 1/4"" drive extension bar – 50, 100, 150 mm
	900/25: 1/4"" drive universal joint
	900BG/30: 1/4"" drive swivel T-handle
	900/55: 1/4"" reversible ratchet


3/8"" Hexagon Sockets


	910A: 3/8"" hexagon hand sockets – 6, 7, 8, 9, 10, 11, 12, 13, 14, 15, 16, 17, 18, 19, 20, 21, 22 mm


3/8"" Drive Accessories


	910/15: adaptor, 3/8"" female to 1/4"" male
	910/16: adaptor, 1/2"" female and 3/8"" male
	910/20: 3/8"" extension bar – 125 mm
	910/22: 3/8"" extension bar – 250 mm
	910/25: 3/8"" drive universal joint
	910/42: 3/8"" sliding T-handle
	910/55: 3/8"" reversible ratchet


1/2"" Square Drive Hexagon Sockets


	920A: 1/2"" square drive hexagon sockets – 8, 10, 11, 12, 13, 14, 15, 16, 17, 19, 20, 21, 22, 23, 24, 26, 27, 28, 30, 32 mm


1/2"" Drive Accessories


	920/15: adaptor, 1/2"" female and 3/8"" male
	920/20: 1/2"" drive universal joint
	920/30: 1/2"" extension bars – 125 mm and 250 mm
	920/42: 1/2"" sliding T-handle
	920/55: 1/2"" reversible ratchet


Special Sockets


	956E: 3/8"" drive spark plug sockets – 16, 17, 18, 20.8 mm
",TOOLING & WS,TOOLING,TOOLING GENERAL,,,,,,,1,1,10,10,10,,,,,,,,,,,,,,,,,,,,https://api.mybihr.com/medias/800Wx800H-1153465-1.jpg?context=bWFzdGVyfHJvb3R8MTI1NzE5fGltYWdlL2pwZWd8YURKakwyaGtZaTh4TURFME1UQXlOelF4T0RFeE5UQXZPREF3VjNnNE1EQklYekV4TlRNME5qVXRNUzVxY0djfGFiZjIxOWUyZTNhZDIyY2Q4YzQ3ZmUyNzhiNDE4MzE4MjY5ZjdhMzZjYTEwM2IwOGMzZGQxYWQ4YzMxN2IwYzE,https://api.mybihr.com/medias/800Wx800H-1153465-2.jpg?context=bWFzdGVyfHJvb3R8MzAwMjh8aW1hZ2UvanBlZ3xhR0poTDJobE9DOHhNREUwTVRBeU56UTFOelF6TmpZdk9EQXdWM2c0TURCSVh6RXhOVE0wTmpVdE1pNXFjR2N8NDJmZTE0ZDA5NzdlNjcwYzkxNTUyYTViNDMzOTI5MDZlMzIzYTY1Y2RhZTBkNzFkYzc4NjM0ZGMyNDZkNzMxZQ,,,,,,,,https://static.bihr.pro/eBihr/Pictures/BETA-pictures.zip,,Spain Warehouse (Parts)
1155263,,1223/D10,BETA,BETA SCREWDRIVER SET,BETA TOOLS Set of 10 Morphos Scredrivers,104.36,86.25,69.00,8054809846842,0,8205400000,0,1,"<p>Designed to reduce fatigue and ensure high torque transmission even in the most demanding applications.</p>
<p><strong>High torque transmission</strong><br>
The innovative tri‑material handles with a rigid polypropylene core and double soft bits ensure effective and constant force transmission. Controlled deformation zones adapt to the contact points of the palm, improving thrust and tightening efficiency.</p>
<p><strong>Control and precision</strong><br>
The ergonomic shape and designed index finger and thumb rests guarantee a firm grip and precise centring of the blade on the screw. Even with dirty hands or gloves, you achieve maximum directionality and safety during use.</p>
<p><strong>Perfect grip and anti‑roll</strong><br>
The embossed texture ensures a reliable grip even under the most difficult conditions. The triangular profile prevents rolling on the work surface and promotes stable and continuous use.</p>
<p><strong>Strength and durability</strong><br>
The chrome‑plated steel blade with sandblasted finish offers protection against corrosion and wear. The black phosphated tip ensures a precise fit with the screw and reduces the risk of slipping, prolonging the life of the tool.</p>
<p><strong>Screwdrivers for slotted head screws</strong> : 0,4×2,5×50 – 0,5×3×75 – 0,8×4×100 – 1×5,5×100 – 1,2×6,5×150 – 1,2×8×150 mm</p>
<p><strong>Screwdrivers for cross head Phillips screws</strong> : PH0×3×60 – PH1×4,5×80 – PH2×6×100 – PH3×8×150 mm</p>","
Designed to reduce fatigue and ensure high torque transmission even in the most demanding applications.

High torque transmission
The innovative tri‑material handles with a rigid polypropylene core and double soft bits ensure effective and constant force transmission. Controlled deformation zones adapt to the contact points of the palm, improving thrust and tightening efficiency.

Control and precision
The ergonomic shape and designed index finger and thumb rests guarantee a firm grip and precise centring of the blade on the screw. Even with dirty hands or gloves, you achieve maximum directionality and safety during use.

Perfect grip and anti‑roll
The embossed texture ensures a reliable grip even under the most difficult conditions. The triangular profile prevents rolling on the work surface and promotes stable and continuous use.

Strength and durability
The chrome‑plated steel blade with sandblasted finish offers protection against corrosion and wear. The black phosphated tip ensures a precise fit with the screw and reduces the risk of slipping, prolonging the life of the tool.

Screwdrivers for slotted head screws : 0,4×2,5×50 – 0,5×3×75 – 0,8×4×100 – 1×5,5×100 – 1,2×6,5×150 – 1,2×8×150 mm

Screwdrivers for cross head Phillips screws : PH0×3×60 – PH1×4,5×80 – PH2×6×100 – PH3×8×150 mm",TOOLING & WS,TOOLING,TOOLING GENERAL,,,,,,,1,1,10,10,10,,,,,,,,,,,,,,,,,,,,https://api.mybihr.com/medias/800Wx800H-1155263-1.jpg?context=bWFzdGVyfHJvb3R8ODQ2MzV8aW1hZ2UvanBlZ3xhRFZtTDJobU5TOHhNREkzTlRFMU9EYzFPVGd6TmpZdk9EQXdWM2c0TURCSVh6RXhOVFV5TmpNdE1TNXFjR2N8N2U2MDMxZWI1NzJmODA2YTIyYTgwMzM0NWJkZGEwYTVhY2NkYjNmYTNlNTNiZTdkNDViZTgyYWM5N2NmZmNkZQ,https://api.mybihr.com/medias/800Wx800H-1155263-2.jpg?context=bWFzdGVyfHJvb3R8MjMyNjl8aW1hZ2UvanBlZ3xhR0psTDJobE55OHhNREkzTlRFMU9EYzVPVEUxT0RJdk9EQXdWM2c0TURCSVh6RXhOVFV5TmpNdE1pNXFjR2N8YjkwZTkwMTU5ZWFiYjdkOWY4MTlkYmE5NTJlN2EyNzVhOWViNmFmMmQwMzQ2NjNlMzU3ZjRiY2Y5YjM3MGY4Nw,https://api.mybihr.com/medias/800Wx800H-1155263-3.jpg?context=bWFzdGVyfHJvb3R8MjMzNzR8aW1hZ2UvanBlZ3xhRGcxTDJnNU1pOHhNREkzTlRFMU9EZ3pPRFEzT1Rndk9EQXdWM2c0TURCSVh6RXhOVFV5TmpNdE15NXFjR2N8OTNmODcyYWZhNzkyYjE1YWU2YjkxYjFiNGEwNzllN2M1ZWU0OTkyMzA1ZDk1ZmYwMzUwNjdmNjVjNTNlNmJiNw,https://api.mybihr.com/medias/800Wx800H-1155263-4.jpg?context=bWFzdGVyfHJvb3R8MTMyNjIyfGltYWdlL2pwZWd8YUdZM0wyZzROQzh4TURJM05URTFPRGczTnpnd01UUXZPREF3VjNnNE1EQklYekV4TlRVeU5qTXROQzVxY0djfDg2YTYyNzAyZmQzYzI5YmMwOGFiOWQwYjM1ZDBhYzM4NGE3ZTI0MjAyOWE0NzI3NjhmNTY5ODM5OTRiZmVkYWI,https://api.mybihr.com/medias/800Wx800H-1155263-5.jpg?context=bWFzdGVyfHJvb3R8MjEzNTMzfGltYWdlL2pwZWd8YUdGaUwyZ3laaTh4TURJM05URTFPRGt4TnpFeU16QXZPREF3VjNnNE1EQklYekV4TlRVeU5qTXROUzVxY0djfDZhM2U0OGM1YmU4ZDA1MjI4NGE5ODM1ZWQyNzMzZmE5OWI1NDhhMDY0ZDQ3ODM0ZjcxOTBhMDQ4NmQ5ZjgyMmM,https://api.mybihr.com/medias/800Wx800H-1155263-6.jpg?context=bWFzdGVyfHJvb3R8MjUxNjYyfGltYWdlL2pwZWd8YURGbEwyZ3lNaTh4TURJM05URTFPRGsxTmpRME5EWXZPREF3VjNnNE1EQklYekV4TlRVeU5qTXROaTVxY0djfDU4Yjg2MTAzYzMxODQ0MzRkZjM1MjI5NWNiMzMwNDNkMWQ2MTkzY2NiZDkxMWM4NjJhNmRjMDQ3NTNjY2EwNjE,,,,https://static.bihr.pro/eBihr/Pictures/BETA-pictures.zip,,Spain Warehouse (Parts)
1153217,,020566000,BETA,BETA TOOL CASE 163PCS 1/4 ET 1/2,Maletín de herramientas BETA - 163 piezas 1/4 y 1/8,588.36,486.25,389.00,,0,8204200000,0,1,"<h4>Llaves y herramientas manuales</h4>

<ul>
	<li><strong>Llaves combinadas</strong> : <strong>BW 42</strong> – 8-9-10-11-12-13-14-15-16-17-18-19 mm</li>
	<li><strong>Juego de llaves hexagonales</strong> : <strong>BW 96BPC/SC9</strong> – 1.5-2-2.5-3-4-5-6-8-10 mm</li>
	<li><strong>Llave de aguja ajustable</strong> : <strong>BW 111</strong> – 250 mm</li>
	<li><strong>Alicates ajustables con bisagra cerrada</strong> : <strong>BW 1048</strong> – 250 mm</li>
	<li><strong>Alicates combinados</strong> : <strong>BW 1082BM</strong> – 160 mm</li>
	<li><strong>Cortadores diagonales</strong> : <strong>BW 1150BM</strong> – 180 mm</li>
	<li><strong>Alicate media caña pico recto</strong> : <strong>BW 1166BM</strong> – 160 mm</li>
</ul>

<h4>Destornilladores</h4>

<ul>
	<li><strong>Destornilladores planos</strong> : <strong>1201E</strong> – 2.5x50 · 3x75 · 4x125 · 5.5x150 · 6.5x150 mm</li>
	<li><strong>Destornilladores Phillips</strong> : <strong>1202E</strong> – PH1x80 · PH2x100 mm</li>
	<li><strong>Destornilladores Pozidriv</strong> : <strong>1209E/PZ</strong> – PZ1x80 · PZ2x100 mm</li>
</ul>

<h4>Herramientas de corte y medición</h4>

<ul>
	<li><strong>Tijeras</strong> : <strong>BW 1128BMX</strong> – 150 mm</li>
	<li><strong>Martillo</strong> : <strong>BW 1370</strong> – 300 g</li>
	<li><strong>Cinta métrica</strong> : <strong>BW 1692/5</strong> – 5 m</li>
	<li><strong>Llave Allen</strong> : <strong>BW 1725CR</strong> – 150 mm</li>
	<li><strong>Llave hexagonal</strong> : <strong>1771</strong> – 18 mm</li>
</ul>

<h4>Llaves de carraca y llaves de vaso 1/4""</h4>

<ul>
	<li><strong>Llave de carraca 1/4""</strong> : <strong>BW 895/1</strong></li>
	<li><strong>Vasos</strong> : <strong>BW 900</strong> – 4 to 14 mm</li>
	<li><strong>Alargadera</strong> : <strong>BW 900/20</strong> – 50 mm</li>
	<li><strong>Alargadera</strong> : <strong>BW 900/20L</strong> – 100 mm</li>
	<li><strong>Junta universal</strong> : <strong>BW 900/25</strong></li>
	<li><strong>Mango de destornillador</strong> : <strong>BW 900/30</strong> – 150 mm</li>
	<li><strong>Alargadera</strong> : <strong>BW 900/42</strong> – 115 mm</li>
	<li><strong>Accesorio</strong> : <strong>900E/55</strong> – 125 mm</li>
</ul>

<h4>Llaves de carraca y llaves de vaso 1/2""</h4>

<ul>
	<li><strong>Vasos</strong> : <strong>BW 920A</strong> – 10-11-12-13-14-15-16-17-18-19-21-22-24 mm</li>
	<li><strong>Alargadera</strong> : <strong>BW 920/21</strong> – 125 mm</li>
	<li><strong>Alargadera</strong> : <strong>BW 920/22</strong> – 250 mm</li>
	<li><strong>Racor</strong> : <strong>BW 910/16F</strong> – 3/8"" a 1/2""</li>
	<li><strong>Mango</strong> : <strong>920E/55</strong> – 267 mm</li>
</ul>

<h4>Juego de brocas</h4>

<ul>
	<li><strong>Juego de brocas 1/4""</strong> : <strong>BW 861/C61</strong>

	<ul>
		<li>Brocas ranuradas, Phillips, Pozidriv, Torx y Torx</li>
	</ul>
	</li>
	<li><strong>Juego de brocas de precisión 4 mm</strong> : <strong>BW 1256/C21-1</strong>
	<ul>
		<li>Brocas ranuradas, Phillips, Pozidriv, Torx y Torx de seguridad</li>
	</ul>
	</li>
</ul>","Llaves y herramientas manuales


	Llaves combinadas : BW 42 – 8-9-10-11-12-13-14-15-16-17-18-19 mm
	Juego de llaves hexagonales : BW 96BPC/SC9 – 1.5-2-2.5-3-4-5-6-8-10 mm
	Llave de aguja ajustable : BW 111 – 250 mm
	Alicates ajustables con bisagra cerrada : BW 1048 – 250 mm
	Alicates combinados : BW 1082BM – 160 mm
	Cortadores diagonales : BW 1150BM – 180 mm
	Alicate media caña pico recto : BW 1166BM – 160 mm


Destornilladores


	Destornilladores planos : 1201E – 2.5x50 · 3x75 · 4x125 · 5.5x150 · 6.5x150 mm
	Destornilladores Phillips : 1202E – PH1x80 · PH2x100 mm
	Destornilladores Pozidriv : 1209E/PZ – PZ1x80 · PZ2x100 mm


Herramientas de corte y medición


	Tijeras : BW 1128BMX – 150 mm
	Martillo : BW 1370 – 300 g
	Cinta métrica : BW 1692/5 – 5 m
	Llave Allen : BW 1725CR – 150 mm
	Llave hexagonal : 1771 – 18 mm


Llaves de carraca y llaves de vaso 1/4""


	Llave de carraca 1/4"" : BW 895/1
	Vasos : BW 900 – 4 to 14 mm
	Alargadera : BW 900/20 – 50 mm
	Alargadera : BW 900/20L – 100 mm
	Junta universal : BW 900/25
	Mango de destornillador : BW 900/30 – 150 mm
	Alargadera : BW 900/42 – 115 mm
	Accesorio : 900E/55 – 125 mm


Llaves de carraca y llaves de vaso 1/2""


	Vasos : BW 920A – 10-11-12-13-14-15-16-17-18-19-21-22-24 mm
	Alargadera : BW 920/21 – 125 mm
	Alargadera : BW 920/22 – 250 mm
	Racor : BW 910/16F – 3/8"" a 1/2""
	Mango : 920E/55 – 267 mm


Juego de brocas


	Juego de brocas 1/4"" : BW 861/C61

	
		Brocas ranuradas, Phillips, Pozidriv, Torx y Torx
	
	
	Juego de brocas de precisión 4 mm : BW 1256/C21-1
	
		Brocas ranuradas, Phillips, Pozidriv, Torx y Torx de seguridad
	
	
",TOOLING & WS,TOOLING,TOOLING GENERAL,,,,,,,1,1,10,10,10,,,,,,,,,,,,,,,,,,,,https://api.mybihr.com/medias/800Wx800H-1153217-1.jpg?context=bWFzdGVyfHJvb3R8ODU1MzN8aW1hZ2UvanBlZ3xhR1poTDJoaE1TOHhNREF4TVRNeE56Y3lPREExTkRJdk9EQXdWM2c0TURCSVh6RXhOVE15TVRjdE1TNXFjR2N8NWI2MjRlOGQ3NWMyMmY1ZjI5MmYzZWI0NzQzMTcyNzk3Y2Y4NjA0MGI4NTI0Yzc0MTIzOTNiYzEwZWE4ZGNjNA,https://api.mybihr.com/medias/800Wx800H-1153217-2.jpg?context=bWFzdGVyfHJvb3R8NTI1OTd8aW1hZ2UvanBlZ3xhRGc0TDJoaFppOHhNREF4TVRNeE56YzJOek0zTlRndk9EQXdWM2c0TURCSVh6RXhOVE15TVRjdE1pNXFjR2N8MjVkZGI0NzAwMDkxMDNkMDE0OGI3ZmMyNjVhY2Q5YjdhNjMzYTRjNzY5MzIzNTEwOTc2NzA1ODcwYzczZDMxZA,https://api.mybihr.com/medias/800Wx800H-1153217-3.jpg?context=bWFzdGVyfHJvb3R8MTAwNTM4fGltYWdlL2pwZWd8YURObEwyaG1ZaTh4TURBeE1UTXhOemd3TmpZNU56UXZPREF3VjNnNE1EQklYekV4TlRNeU1UY3RNeTVxY0djfDg2ZTlmN2M5OTEzYmNmZTRjYWE3NWZhNGM1NzEyNjk0YjY0N2JiODQ4MGJiMjg5MDg2M2RjM2VkOWIyOTFmY2I,,,,,,,https://static.bihr.pro/eBihr/Pictures/BETA-pictures.zip,,Spain Warehouse (Parts)
1153219,,020546011,BETA,BETA TOOL CASE 100PCS 1/4,Maletín de herramientas BETA - 100 piezas 1/4,391.74,323.75,259.00,,0,8204200000,0,1,"<h4>Herramientas principales:</h4>

<ul>
	<li><strong>Llaves combinadas</strong> : <strong>BW 42</strong> (Dimensiones: 6-7-8-9-10-11-12-13-14-15-16-17-19 mm)</li>
	<li><strong>Destornilladores planos y cruzados</strong> :
	<ul>
		<li><strong>BW 96BPC/SC9</strong> : 1.5-2-2.5-3-4-5-6-8-10 mm</li>
		<li><strong>BW 1048</strong> : 250 mm</li>
		<li><strong>BW 1082M</strong> : 160 mm</li>
		<li><strong>BW 1150BM</strong> : 180 mm</li>
		<li><strong>BW 1166B</strong> : 160 mm</li>
		<li><strong>120E</strong> : 3x75.5x100, 1.0x4.5x100, 1.0x5.5x125 mm</li>
		<li><strong>120E2</strong> : PH1x80, PH2x100 mm</li>
	</ul>
	</li>
	<li><strong>Cinta métrica</strong> : <strong>BW 1253</strong> (3.5x100 mm, 300 g)</li>
	<li><strong>Llave combinada</strong> : <strong>BW 1722CR</strong> (150 mm)</li>
	<li><strong>Tijeras y alicates</strong> : <strong>BW 1770RL</strong>, <strong>BW 1770SCL</strong> (170 mm)</li>
</ul>

<h4>Accesorios y almacenamiento:</h4>

<ul>
	<li><strong>Set de brocas</strong> :

	<ul>
		<li><strong>BW 860EA/31</strong> : con varias brocas y adaptadores de brocas (referencias: BW 861LP, BW 861PH1, BW 861PZ, etc.)</li>
	</ul>
	</li>
	<li><strong>Llaves de trinquete y llaves de vaso</strong> :
	<ul>
		<li><strong>BW 882P/80</strong> : 1/4""</li>
		<li><strong>BW 895/1</strong> : 1/4""</li>
		<li><strong>BW 900</strong> : Llaves (4-4.5-5-5.5-6-7-8-9-10-11-12-13-14 mm)</li>
		<li><strong>BW 900/20</strong> : Alargadera 50 mm</li>
		<li><strong>BW 900/25</strong> : Junta universal</li>
		<li><strong>BW 900/30</strong> : Mango / Destornillador 150 mm</li>
		<li><strong>BW 900/42</strong> : Alargadera 115 mm</li>
		<li><strong>900E/55</strong> : Accesorio 125 mm</li>
	</ul>
	</li>
</ul>","Herramientas principales:


	Llaves combinadas : BW 42 (Dimensiones: 6-7-8-9-10-11-12-13-14-15-16-17-19 mm)
	Destornilladores planos y cruzados :
	
		BW 96BPC/SC9 : 1.5-2-2.5-3-4-5-6-8-10 mm
		BW 1048 : 250 mm
		BW 1082M : 160 mm
		BW 1150BM : 180 mm
		BW 1166B : 160 mm
		120E : 3x75.5x100, 1.0x4.5x100, 1.0x5.5x125 mm
		120E2 : PH1x80, PH2x100 mm
	
	
	Cinta métrica : BW 1253 (3.5x100 mm, 300 g)
	Llave combinada : BW 1722CR (150 mm)
	Tijeras y alicates : BW 1770RL, BW 1770SCL (170 mm)


Accesorios y almacenamiento:


	Set de brocas :

	
		BW 860EA/31 : con varias brocas y adaptadores de brocas (referencias: BW 861LP, BW 861PH1, BW 861PZ, etc.)
	
	
	Llaves de trinquete y llaves de vaso :
	
		BW 882P/80 : 1/4""
		BW 895/1 : 1/4""
		BW 900 : Llaves (4-4.5-5-5.5-6-7-8-9-10-11-12-13-14 mm)
		BW 900/20 : Alargadera 50 mm
		BW 900/25 : Junta universal
		BW 900/30 : Mango / Destornillador 150 mm
		BW 900/42 : Alargadera 115 mm
		900E/55 : Accesorio 125 mm
	
	
",TOOLING & WS,TOOLING,TOOLING GENERAL,,,,,,,1,1,10,10,10,,,,,,,,,,,,,,,,,,,,https://api.mybihr.com/medias/800Wx800H-1153219-1.jpg?context=bWFzdGVyfHJvb3R8MjU2NDMyfGltYWdlL2pwZWd8YUdReEwyaGhOQzh4TURBeE1UTXhOekk0TWpRd09UUXZPREF3VjNnNE1EQklYekV4TlRNeU1Ua3RNUzVxY0djfDY0YWM0OTFhMzRiZjI0YmZhYmU5MDY1ZjgyNjBjOWVhNjJlMjlkNDkyZjU5MWYxODAxNTdkMDgyYzI3NjZjZmM,https://api.mybihr.com/medias/800Wx800H-1153219-2.jpg?context=bWFzdGVyfHJvb3R8MTM3MTU5fGltYWdlL2pwZWd8YURZekwyaG1OeTh4TURBeE1UTXhOek14T0RRMU5ESXZPREF3VjNnNE1EQklYekV4TlRNeU1Ua3RNaTVxY0djfDRmNGRlMDVkNDVhMTFmZTc2NWVkOWM1MTQ0NzU5MjNmMTg3ZDgwZDZjMDAyZDU0MWVkZDhjY2Y4YTk3ODY5NWY,https://api.mybihr.com/medias/800Wx800H-1153219-3.jpg?context=bWFzdGVyfHJvb3R8MTc1MDgzfGltYWdlL2pwZWd8YURZMkwyaG1ZaTh4TURBeE1UTXhOek0xTkRRNU9UQXZPREF3VjNnNE1EQklYekV4TlRNeU1Ua3RNeTVxY0djfDM0NWM2Y2Y0ZTUwNGQ0ZDgxZmQ4MTBmMDY0YjQyNzZlNDE1OGY2NTc2NTU4N2I2YTM4ZTViMTlmNzk5NWRlYjk,,,,,,,https://static.bihr.pro/eBihr/Pictures/BETA-pictures.zip,,Spain Warehouse (Parts)
1153218,,020546012,BETA,BETA TOOL CASE 128PCS 1/4 ET 3/8,Maletín de herramientas BETA - 128 piezas 1/4 - 3/8,452.24,373.75,299.00,,0,8204200000,0,1,"<h4>Llaves y herramientas manuales</h4>

<ul>
	<li><strong>Llaves combinadas</strong> : <strong>BW 42</strong> – 7-8-9-10-11-12-13-14-15-16-17-19 mm</li>
	<li><strong>Llaves de vaso hexagonal </strong> : <strong>BW 96BPC/SC9</strong> – 1.5-2-2.5-3-4-5-6-8-10 mm</li>
	<li><strong>Alicates ajustables</strong> : <strong>BW 1048</strong> – 250 mm</li>
	<li><strong>Alicates combinados</strong> : <strong>BW 1082BM</strong> – 160 mm</li>
	<li><strong>Cortadores diagonales</strong> : <strong>BW 1150BM</strong> – 180 mm</li>
	<li><strong>Alicate media caña pico recto</strong> : <strong>BW 1166BM</strong> – 160 mm</li>
</ul>

<h4>Destornilladores</h4>

<ul>
	<li><strong>Destornilladores planos</strong> : <strong>1201E</strong> – 3x75 · 5.5x100 · 6.5x150 mm</li>
	<li><strong>Destornilladores Phillips</strong> : <strong>1202E</strong> – PH0x60 · PH1x80 · PH2x100 mm</li>
</ul>

<h4>Herramientas de corte y medición</h4>

<ul>
	<li><strong>Tijeras</strong> : <strong>BW 1128BMX</strong> – 150 mm</li>
	<li><strong>Martillo</strong> : <strong>BW 1370</strong> – 300 g</li>
	<li><strong>Cinta métrica</strong> : <strong>BW 1692/3</strong> – 3 m</li>
</ul>

<h4>Juegos de brocas</h4>

<ul>
	<li><strong>Juego de brocas 1/4""</strong> : <strong>BW 860EA/31</strong>

	<ul>
		<li>Brocas ranuradas, Phillips, Pozidriv, Torx y hexagonales</li>
	</ul>
	</li>
	<li><strong>Juego de brocas de precisión</strong> : <strong>BW 1256/C21-1</strong>
	<ul>
		<li>Brocas ranuradas, Phillips, Pozidriv, Torx y Torx de seguridad</li>
	</ul>
	</li>
</ul>

<h4>Llave de carraca y llaves de vaso de 1/4""</h4>

<ul>
	<li><strong>Llave de carraca 1/4""</strong> : <strong>BW 895/1</strong></li>
	<li><strong>Vasos</strong> : <strong>BW 900</strong> – 4 to 14 mm</li>
	<li><strong>Alargadera</strong> : <strong>BW 900/20L</strong> – 100 mm</li>
	<li><strong>Alargadera</strong> : <strong>BW 900/30</strong> – 150 mm</li>
	<li><strong>Alargadera</strong> : <strong>BW 900/42</strong> – 115 mm</li>
	<li><strong>Junta universal</strong> : <strong>BW 900/25</strong></li>
	<li><strong>Mango de destornillador</strong> : <strong>900E/55</strong> – 125 mm</li>
</ul>

<h4>Llave de carraca y llaves de vaso de 3/8»</h4>

<ul>
	<li><strong>Vasos</strong> : <strong>BW 910A</strong> – 14-15-17-18-19-22-24 mm</li>
	<li><strong>Alargadera</strong> : <strong>BW 910/22</strong> – 150 mm</li>
	<li><strong>Unión</strong> : <strong>BW 910/25</strong></li>
	<li><strong>Mango</strong> : <strong>910E/55</strong> – 204 mm</li>
	<li><strong>Racor</strong> : <strong>BW 920/15F</strong> – 1/2"" a 3/8""</li>
</ul>","Llaves y herramientas manuales


	Llaves combinadas : BW 42 – 7-8-9-10-11-12-13-14-15-16-17-19 mm
	Llaves de vaso hexagonal  : BW 96BPC/SC9 – 1.5-2-2.5-3-4-5-6-8-10 mm
	Alicates ajustables : BW 1048 – 250 mm
	Alicates combinados : BW 1082BM – 160 mm
	Cortadores diagonales : BW 1150BM – 180 mm
	Alicate media caña pico recto : BW 1166BM – 160 mm


Destornilladores


	Destornilladores planos : 1201E – 3x75 · 5.5x100 · 6.5x150 mm
	Destornilladores Phillips : 1202E – PH0x60 · PH1x80 · PH2x100 mm


Herramientas de corte y medición


	Tijeras : BW 1128BMX – 150 mm
	Martillo : BW 1370 – 300 g
	Cinta métrica : BW 1692/3 – 3 m


Juegos de brocas


	Juego de brocas 1/4"" : BW 860EA/31

	
		Brocas ranuradas, Phillips, Pozidriv, Torx y hexagonales
	
	
	Juego de brocas de precisión : BW 1256/C21-1
	
		Brocas ranuradas, Phillips, Pozidriv, Torx y Torx de seguridad
	
	


Llave de carraca y llaves de vaso de 1/4""


	Llave de carraca 1/4"" : BW 895/1
	Vasos : BW 900 – 4 to 14 mm
	Alargadera : BW 900/20L – 100 mm
	Alargadera : BW 900/30 – 150 mm
	Alargadera : BW 900/42 – 115 mm
	Junta universal : BW 900/25
	Mango de destornillador : 900E/55 – 125 mm


Llave de carraca y llaves de vaso de 3/8»


	Vasos : BW 910A – 14-15-17-18-19-22-24 mm
	Alargadera : BW 910/22 – 150 mm
	Unión : BW 910/25
	Mango : 910E/55 – 204 mm
	Racor : BW 920/15F – 1/2"" a 3/8""
",TOOLING & WS,TOOLING,TOOLING GENERAL,,,,,,,1,1,10,10,10,,,,,,,,,,,,,,,,,,,,https://api.mybihr.com/medias/800Wx800H-1153218-1.jpg?context=bWFzdGVyfHJvb3R8MjUyODg5fGltYWdlL2pwZWd8YUdZNUwyZ3pOeTh4TURBeE1UTXhOell5TmpRM016UXZPREF3VjNnNE1EQklYekV4TlRNeU1UZ3RNUzVxY0djfGJhZWVkMGEzZWMyM2MwYjAxMDY0MDU1MGY2YWFhNGYyMDNiYjU4MTBiNTYxNzQ5NzA5ODNiYmI5YmE5MTA1MGQ,https://api.mybihr.com/medias/800Wx800H-1153218-2.jpg?context=bWFzdGVyfHJvb3R8MTg5Njc0fGltYWdlL2pwZWd8YURnM0wyZzBOUzh4TURBeE1UTXhOelkyTlRjNU5UQXZPREF3VjNnNE1EQklYekV4TlRNeU1UZ3RNaTVxY0djfGFlNWYyNDYyNjk0ZDdhYWZhYWRmM2RhMGUxYjczOTlhNDMyNzJjZmNiM2Y2OTY1MDUxNTQ1ODVlZWE0MmRhNmM,,,,,,,,https://static.bihr.pro/eBihr/Pictures/BETA-pictures.zip,,Spain Warehouse (Parts)
1153216,,020476308,BETA,BETA TOOL SET 108PCS 1/4 ET 1/2,Caja de herramientas BETA - 108 piezas,414.43,342.50,274.00,8054809601199,0,8204200000,0,1,"<h4>Herramientas principales:</h4>

<ul>
	<li><strong>Llaves combinadas</strong> : <strong>BW 42</strong> – 7-8-9-10-11-12-13-14-15-16-17-18-19 mm</li>
	<li><strong>Juego de llaves hexagonales</strong> : <strong>BW 96BPC/SC9</strong> – 1.5-2-2.5-3-4-5-6-8-10 mm</li>
	<li><strong>Llaves inglesas</strong> : <strong>BW 111</strong> – 250 mm</li>
	<li><strong>Alicates ajustables con bisagra</strong> : <strong>BW 1048</strong> – 250 mm</li>
	<li><strong>Alicates combinados</strong> : <strong>BW 1082BM</strong> – 160 mm</li>
	<li><strong>Cúteres diagonales</strong> : <strong>BW 1150BM</strong> – 180 mm</li>
	<li><strong>Alicate media caña pico recto</strong> : <strong>BW 1166BM</strong> – 160 mm</li>
	<li><strong>Alicates aislados</strong> : <strong>BW 1201E</strong> – 3x75 · 5.5x100 · 6.5x150 mm</li>
	<li><strong>Destornillador Phillips</strong> : <strong>BW 1202E</strong> – PH1x80 · PH2x100 mm</li>
</ul>

<h4>Accesorios y almacenamiento:</h4>

<ul>
	<li><strong>Destornilladores aislados</strong> : <strong>BW 1209E/PZ</strong> – PZ1x80 · PZ2x100 mm</li>
	<li><strong>Bit set</strong> : <strong>BW 861EA/31</strong> – Brocas ranuradas, PH, PZ, Torx, de 6 puntas</li>
	<li><strong>Juego de brocas (precisión=</strong> : <strong>BW 861/C61</strong> – Brocas ranuradas, PH, PZ, Torx, de 6 puntas</li>
	<li><strong>Vasos de 1/4""</strong> : <strong>BW 900</strong> – Vasos de  4 a 14 mm</li>
	<li><strong>Llave de 1/4""</strong> : <strong>BW 895/1</strong></li>
	<li><strong>Alargaderas y juntas</strong> : <strong>BW 900/20</strong> – 50 mm, <strong>BW 900/25</strong> – 100 mm</li>
	<li><strong>Mango / Destornilaldor</strong> : <strong>BW 900/30</strong> – 150 mm, <strong>BW 900/42</strong> – 115 mm</li>
</ul>

<h4>Vasos de 3/8""</h4>

<ul>
	<li><strong>Vasos</strong> : <strong>BW 920A</strong> – 10-11-12-13-14-15-16-17-18-19-21-22-24 mm</li>
	<li><strong>Alargadera</strong> : <strong>BW 920E/55</strong> – 267 mm</li>
</ul>","Herramientas principales:


	Llaves combinadas : BW 42 – 7-8-9-10-11-12-13-14-15-16-17-18-19 mm
	Juego de llaves hexagonales : BW 96BPC/SC9 – 1.5-2-2.5-3-4-5-6-8-10 mm
	Llaves inglesas : BW 111 – 250 mm
	Alicates ajustables con bisagra : BW 1048 – 250 mm
	Alicates combinados : BW 1082BM – 160 mm
	Cúteres diagonales : BW 1150BM – 180 mm
	Alicate media caña pico recto : BW 1166BM – 160 mm
	Alicates aislados : BW 1201E – 3x75 · 5.5x100 · 6.5x150 mm
	Destornillador Phillips : BW 1202E – PH1x80 · PH2x100 mm


Accesorios y almacenamiento:


	Destornilladores aislados : BW 1209E/PZ – PZ1x80 · PZ2x100 mm
	Bit set : BW 861EA/31 – Brocas ranuradas, PH, PZ, Torx, de 6 puntas
	Juego de brocas (precisión= : BW 861/C61 – Brocas ranuradas, PH, PZ, Torx, de 6 puntas
	Vasos de 1/4"" : BW 900 – Vasos de  4 a 14 mm
	Llave de 1/4"" : BW 895/1
	Alargaderas y juntas : BW 900/20 – 50 mm, BW 900/25 – 100 mm
	Mango / Destornilaldor : BW 900/30 – 150 mm, BW 900/42 – 115 mm


Vasos de 3/8""


	Vasos : BW 920A – 10-11-12-13-14-15-16-17-18-19-21-22-24 mm
	Alargadera : BW 920E/55 – 267 mm
",TOOLING & WS,TOOLING,TOOLING GENERAL,,,,,,,28826,10000,563,400,128,,,,,,,,,,,,,,,,,,,,https://api.mybihr.com/medias/800Wx800H-1153216-1.jpg?context=bWFzdGVyfHJvb3R8MTIyNTM1fGltYWdlL2pwZWd8YUdWaEwyZ3hPUzh4TURBeE5UVXhPRGN4TXpRME9UUXZPREF3VjNnNE1EQklYekV4TlRNeU1UWXRNUzVxY0djfGIxNmIwZDZmMzJiMGY1OWIzMjJhZTNlNmEwNGZiOTNiMmEwNjE3YmU3ZWMzNzM0NjdkMTA0MjI0NjRjMTZhMGE,https://api.mybihr.com/medias/800Wx800H-1153216-2.jpg?context=bWFzdGVyfHJvb3R8NjQyNTB8aW1hZ2UvanBlZ3xhRFZqTDJnd1l5OHhNREF4TlRVeE9EYzFNamMzTVRBdk9EQXdWM2c0TURCSVh6RXhOVE15TVRZdE1pNXFjR2N8MGQxYjcyMDliNGZhYzY0ZTA2NDExN2UyMGJlYmZlYTMwOTE1YjNhYmQwN2NjOTdkNGFlYjA3MWZkZWE3ZWZhZQ,https://api.mybihr.com/medias/800Wx800H-1153216-3.jpg?context=bWFzdGVyfHJvb3R8OTEzMTB8aW1hZ2UvanBlZ3xhRFF6TDJnd01TOHhNREF4TlRVeE9EYzVNakE1TWpZdk9EQXdWM2c0TURCSVh6RXhOVE15TVRZdE15NXFjR2N8NzVkYjBhZjk4NDUxYzY2MzY3NjJkMGI5NTBkZDJjZDk1Y2NjNjk4YWIyM2I4OWQ0YmFjMTI2MDczODcxMjYyNw,,,,,,,https://static.bihr.pro/eBihr/Pictures/BETA-pictures.zip,,Spain Warehouse (Parts)
1102523,55000119,009200012,BETA,BETA 920A UNIT TOOL 6 POINT 1/2 12,"Llaves de vaso BETA hexagonal, con cuadradillo de 1/2, 12 mm",8.59,7.10,5.68,8014230033822,0,8204200000,0,1,,,TOOLING & WS,TOOLING,TOOLING GENERAL,,,,,,,16,55,20,22,37,,,,,,,,,,,,,,,,,,,,https://api.mybihr.com/medias/1102523-1-800Wx800H?context=bWFzdGVyfHJvb3R8MTc5MDcxfGltYWdlL2pwZWd8YUdJMkwyZzJOaTg1TmpFek5qWXlPRGM1TnpjMEx6RXhNREkxTWpNdE1WODRNREJYZURnd01FZ3wxYjM4N2RhYjc0Zjg5ZWJmNzAzN2ZiZTYyMTNmYjM1NjNiMWEzOWQ2NGY0MjRlN2Y1YWFjZTRlYzA0N2Y1YTkw,https://api.mybihr.com/medias/1102523-2-800Wx800H?context=bWFzdGVyfHJvb3R8NTA3NjZ8aW1hZ2UvanBlZ3xhRFpoTDJneE1TODVOakV6TmpZek1qY3lPVGt3THpFeE1ESTFNak10TWw4NE1EQlhlRGd3TUVnfGQ1MDdkZTIyOGRmZjkyMzIxMjljMTgwNWE3YTNjMWY0ODg1NzYyMzVhMzE5NzU0NWY5MzE0MTE5NmMxNDE4Mjk,,,,,,,,https://static.bihr.pro/eBihr/Pictures/BETA-pictures.zip,,Spain Warehouse (Parts)
1102556,55000115,009200019,BETA,BETA 920A UNIT TOOL 6 POINT 1/2 19,"Llaves de vaso BETA hexagonal, con cuadradillo de 1/2, 19 mm",9.92,8.20,6.56,8014230033891,2,8204200000,0,1,,,TOOLING & WS,TOOLING,TOOLING GENERAL,,,,,,,29,85,27,27,40,,,,,,,,,,,,,,,,,,,,https://api.mybihr.com/medias/1102556-1-800Wx800H?context=bWFzdGVyfHJvb3R8MTc5MDcxfGltYWdlL2pwZWd8YURneUwyZzNZUzg1TmpNeU5qZzVORFUxTVRNMEx6RXhNREkxTlRZdE1WODRNREJYZURnd01FZ3wwZDFlODRmYjc0NTcxZWIwOTRkMGY4OGFhYWRiYWNkYzQ1YTdjMzI5ZGM3MzUyZmJhMjM4YzdhYmViNDFjOWQ0,https://api.mybihr.com/medias/1102556-2-800Wx800H?context=bWFzdGVyfHJvb3R8NTA3NjZ8aW1hZ2UvanBlZ3xhREJtTDJnNE9DODVOak15TmpnNU9EUTRNelV3THpFeE1ESTFOVFl0TWw4NE1EQlhlRGd3TUVnfGMxNjU0MDcxM2QyYWZiMTVlNmU1N2IwMDk0ZjA1ZmNmZGIyZTgyZjVlOTUxOTdmOTZiOWExZmQ0MTRlMjkyN2Q,,,,,,,,https://static.bihr.pro/eBihr/Pictures/BETA-pictures.zip,,Spain Warehouse (Parts)
1102558,55000096,009330007,BETA,BETA 933 UNIT ANGLEENDED OFFSET HEXAGON,"Llaves de pipa hexagonales dobles BETA, 7 mm, cromo pulido",19.24,15.90,12.72,8014230081687,9,8204110000,0,1,,,TOOLING & WS,TOOLING,TOOLING GENERAL,,,,,,,36,59,110,27,12,,,,,,,,,,,,,,,,,,,,https://api.mybihr.com/medias/1102558-1-800Wx800H?context=bWFzdGVyfHJvb3R8NjUwODl8aW1hZ2UvanBlZ3xhREU0TDJneE1pODVOak15TmpreE1ESTNPVGs0THpFeE1ESTFOVGd0TVY4NE1EQlhlRGd3TUVnfDBhYzE1ZWVjOTFjY2M1OTY3ZGUzNjNjNmViMGEzMTZmZTA3YzlhYWIyOTVlZjJhMTVhNWFlZTY4YWUxYTMzODM,https://api.mybihr.com/medias/1102558-2-800Wx800H?context=bWFzdGVyfHJvb3R8MzU0MTl8aW1hZ2UvanBlZ3xhRGMzTDJnd05DODVOak15TmpreE5ESXhNakUwTHpFeE1ESTFOVGd0TWw4NE1EQlhlRGd3TUVnfDg4Mzg3ODVmZjcyMTRjZDliMjJjZGI0Y2I0ZGEwOWFmYjUxNDM1MGRiZjhhMmU4MjllZWRiMDIwMDg1ZWY1YTU,https://api.mybihr.com/medias/1102558-3-800Wx800H?context=bWFzdGVyfHJvb3R8MjI2ODM3fGltYWdlL2pwZWd8YURFMkwyZ3dPUzg1TmpNeU5qa3hPREUwTkRNd0x6RXhNREkxTlRndE0xODRNREJYZURnd01FZ3w2MWNiZTUyMjc3ZWNlNzU2ZDZjYzE0ZTE2ZWI1MTNiZTc4YWQxYjI1NDMwYzMxZjQzOTNkMmI3NzU4MTRmYWZk,https://api.mybihr.com/medias/1102558-4-800Wx800H?context=bWFzdGVyfHJvb3R8MTcwNDk4fGltYWdlL2pwZWd8YURSbUwyZzFaUzg1TmpNeU5qa3lNakEzTmpRMkx6RXhNREkxTlRndE5GODRNREJYZURnd01FZ3wxMDcxZTIwNDBjZTBiZjg3MjJlZjZhYTMxMmFkOTVjYmNkNTI4YTIxMzZhMjBiYmY4YzliMTc4YThmZmFmZDI4,,,,,,https://static.bihr.pro/eBihr/Pictures/BETA-pictures.zip,,Spain Warehouse (Parts)
1102566,55000108,009200030,BETA,BETA 920A UNIT TOOL 6 POINT 1/2 30,"Llaves de vaso BETA hexagonal, con cuadradillo de 1/2, 30 mm",13.79,11.40,9.12,8014230034003,1,8204200000,0,1,,,TOOLING & WS,TOOLING,TOOLING GENERAL,,,,,,,75,233,40,40,47,,,,,,,,,,,,,,,,,,,,https://api.mybihr.com/medias/1102566-1-800Wx800H?context=bWFzdGVyfHJvb3R8MTc5MDcxfGltYWdlL2pwZWd8YUdGbEwyaGtOUzg1TmpNeU5qazRNVEExT0RnMkx6RXhNREkxTmpZdE1WODRNREJYZURnd01FZ3wxMTQ4MGE2ZjkzNGVjYThmMGQ4NjI3MWI5MzNhNTQ4NDY2YTQzYzA2MmI5ZmJlM2E4MTAwMDhmMmJhNmM5MmVl,https://api.mybihr.com/medias/1102566-2-800Wx800H?context=bWFzdGVyfHJvb3R8NTA3NjZ8aW1hZ2UvanBlZ3xhR1ZqTDJobE1DODVOak15TmprNE5EazVNVEF5THpFeE1ESTFOall0TWw4NE1EQlhlRGd3TUVnfDUzM2Y2ZDU4NzFhOWM4NGI0MDA0NzE3NjkxNzI4MTdkNDNkZTUyZjcxYjJjMTVmMDExMDNiMGYwMjQ1ZTc2MmY,,,,,,,,https://static.bihr.pro/eBihr/Pictures/BETA-pictures.zip,,Spain Warehouse (Parts)
1102588,55000147,001420012,BETA,BETA 142 UNIT RATCHET COMBINATION SIZE 1,"Llave combinada BETA con carraca reversible, 12 mm",31.46,26.00,20.80,8014230362151,1,8204110000,0,1,,,TOOLING & WS,TOOLING,TOOLING GENERAL,,,,,,,51,87,169,25,12,,,,,,,,,,,,,,,,,,,,https://api.mybihr.com/medias/1102588-1-800Wx800H?context=bWFzdGVyfHJvb3R8NTAwODJ8aW1hZ2UvanBlZ3xhRFk1TDJneU15ODVOak15TnpFME1qSTNOelF5THpFeE1ESTFPRGd0TVY4NE1EQlhlRGd3TUVnfDAwYmVhNTNlYjI4MmY0NmQ0ZjZmZDQxZjI1YzAyYTYyZWMxNDJmYjIwNjRjMjQxZjg5ZjgxNjM5ZDA5YzgyOTg,https://api.mybihr.com/medias/1102588-2-800Wx800H?context=bWFzdGVyfHJvb3R8NDI2Njd8aW1hZ2UvanBlZ3xhR001TDJneE5TODVOak15TnpFME5qSXdPVFU0THpFeE1ESTFPRGd0TWw4NE1EQlhlRGd3TUVnfDFhOTE2MmE2NjY2NDgxNWU4NmIxOWMyMjdjMTRmYjg2MmFhZWNjN2U3MDFhZDA4NzdiMzczNTY1YzRlOGU4MmU,,,,,,,,https://static.bihr.pro/eBihr/Pictures/BETA-pictures.zip,,Spain Warehouse (Parts)
1050920,,024500871,BETA,BETA THER TRAY SOCKETS/RATCHET,BETA M105 M Series Tool Module Sockets & Ratchets 116 Tools,1213.94,1003.26,802.61,8014230765488,0,8205598000,0,1,"<html> <head> <meta http-equiv=""Content-Type"" content=""text/html; charset=utf-8""><title> </title> <style type=""text/css"">.cs95E872D0{text-align:left;margin:0pt 0pt 0pt 0pt;}.csA7555675{color:#000;background-color:transparent;font-weight:normal;font-style:normal;}.cs4FC7BF42{text-align:left;margin:0pt 0pt 0pt 0pt;list-style-type:disc;color:#000;background-color:transparent;font-weight:normal;font-style:normal;}</style> </head> <body> <p>Soft thermoformed tray with tool assortment :</p><p> </p><ul> <li>hexagon hand sockets, long series 5-6-7-8-9-10-11-12-13 mm</li><li>ball head offset hexagon key wrenches 1,5-2-2,5-3-4-5-6-8-10 mm</li><li>3 socket holders</li><li>1/4"" socket drivers for hexagon screws 3-4-5-6-7 mm</li><li>socket drivers for slotted head screws 0,8x4-1x5,5-1,2x6,5-,2x8 mm</li><li>socket drivers for cross head Phillips® screws  PH1-PH2-PH3-PH4</li><li>socket drivers for Torx® head screws  T10-T15-T20-T25-T27-T30-T40</li><li>adaptor, 1/4” female and 3/8” male drives 1/4 -  3/8</li><li>1/4” drive extension bar 50-100-150 mm</li><li>1/4"" drive universal joint</li><li>1/4"" drive spinner handle</li><li>1/4"" drive swivel T-handle</li><li>1/4"" reversible ratchet </li><li>hexagon hand sockets 3/8""  6-7-8-9-10-11-12-13-14-15-16-17-18-19-20-21-22 mm</li><li>adaptor, 3/8” female and 1/4” male drivers  3/8 -  1/4</li><li>adaptor, 1/2"" female and 3/8"" male drives  3/8 -  1/2</li><li>extension bar - 3/8"" 125 mm</li><li>extension bar - 3/8"" 250 mm</li><li>3/8"" drive universal joint</li><li>3/8"" drive sliding T-handle</li><li>3/8"" drive reversible ratchet </li><li>1/2"" square drive hexagon sockets 8-10-11-12-13-14-15-16-17-18-19-20-21-22-23-24-26-27-28-30-32 mm</li><li>70mm drawer</li><li>588 X 367mm</li><li>adaptor, 1/2” female and 3/8” male drives 1/2 - 3/8</li><li>1/2"" drive universal joint</li><li>1/2” wobble extension bar 125 - 250 mm</li><li>1/2"" drive sliding T-handle</li><li>1/2"" drive reversible ratchet </li><li>3/8"" square drive spark plug sockets 16-17,8-20,8 mm</li><li>367 X 588mm</li></ul> <p> </p></body> </html>","       Soft thermoformed tray with tool assortment :  hexagon hand sockets, long series 5-6-7-8-9-10-11-12-13 mmball head offset hexagon key wrenches 1,5-2-2,5-3-4-5-6-8-10 mm3 socket holders1/4"" socket drivers for hexagon screws 3-4-5-6-7 mmsocket drivers for slotted head screws 0,8x4-1x5,5-1,2x6,5-,2x8 mmsocket drivers for cross head Phillips® screws  PH1-PH2-PH3-PH4socket drivers for Torx® head screws  T10-T15-T20-T25-T27-T30-T40adaptor, 1/4” female and 3/8” male drives 1/4 -  3/81/4” drive extension bar 50-100-150 mm1/4"" drive universal joint1/4"" drive spinner handle1/4"" drive swivel T-handle1/4"" reversible ratchet hexagon hand sockets 3/8""  6-7-8-9-10-11-12-13-14-15-16-17-18-19-20-21-22 mmadaptor, 3/8” female and 1/4” male drivers  3/8 -  1/4adaptor, 1/2"" female and 3/8"" male drives  3/8 -  1/2extension bar - 3/8"" 125 mmextension bar - 3/8"" 250 mm3/8"" drive universal joint3/8"" drive sliding T-handle3/8"" drive reversible ratchet 1/2"" square drive hexagon sockets 8-10-11-12-13-14-15-16-17-18-19-20-21-22-23-24-26-27-28-30-32 mm70mm drawer588 X 367mmadaptor, 1/2” female and 3/8” male drives 1/2 - 3/81/2"" drive universal joint1/2” wobble extension bar 125 - 250 mm1/2"" drive sliding T-handle1/2"" drive reversible ratchet 3/8"" square drive spark plug sockets 16-17,8-20,8 mm367 X 588mm   ",TOOLING & WS,TOOLING,TOOLING GENERAL,,,,,,,18336,7904,609,386,78,,,,,,,,,,,,,,,,,,,,https://api.mybihr.com/medias/1050920-1-800Wx800H?context=bWFzdGVyfHJvb3R8MjU3MTI5fGltYWdlL2pwZWd8YUROaUwyZ3dZUzg0T1RJM05qSTRPVGcwTXpVd0x6RXdOVEE1TWpBdE1WODRNREJYZURnd01FZ3w0OGJkNWQ5NmMyOWEyMTAxYzc0ZDU1YTRhZGM4Y2U1MTQ1ZjI3NmE4ZjQxZTFiMzJmNDk0NGVmMzllZDI5ZmYz,,,,,,,,,https://static.bihr.pro/eBihr/Pictures/BETA-pictures.zip,,France Warehouse (Parts)
1050858,55000169,010090060,BETA,BETA NOSE PLIER SET 2 EXTRA LONG,"Juego BETA de 2 pinzas moleteadas dobles, muy largas y semirredondas, con boquillas",95.59,79.00,63.20,8014230762371,0,8203200000,0,1,"<html> <head> <meta http-equiv=""Content-Type"" content=""text/html; charset=utf-8""><title> </title> <style type=""text/css"">.cs95E872D0{text-align:left;margin:0pt 0pt 0pt 0pt;}.csA7555675{color:#000;background-color:transparent;font-weight:normal;font-style:normal;}</style> </head> <body> <p><a id=""_DX_FRAG_STARTFRAGMENT""></a>• Double swivel<br>• Suitable for jobs in hard-to-access areas<a id=""_DX_FRAG_ENDFRAGMENT""></a> </p><p> </p><p>920g</p></body> </html>","       • Double swivel• Suitable for jobs in hard-to-access areas  920g ",TOOLING & WS,TOOLING,TOOLING GENERAL,,,,,,,1944,877,389,147,34,,,,,,,,,,,,,,,,,,,,https://api.mybihr.com/medias/1050858-1-800Wx800H?context=bWFzdGVyfHJvb3R8MjM3OTN8aW1hZ2UvanBlZ3xhRGszTDJneFlpODRPRFkzTlRZeU5UZzJNVFF5THpFd05UQTROVGd0TVY4NE1EQlhlRGd3TUVnfDVmMjAyYWQwNjhlZmUyMDNlN2IxZGNhZWFjZTFjNTczZjFmNDkwNzkzMTM3ZTE5ODE0ZGM4NzQ5ZGQ2Mzk3NjI,https://api.mybihr.com/medias/1050858-2-800Wx800H?context=bWFzdGVyfHJvb3R8NDEzOTV8aW1hZ2UvanBlZ3xhREkxTDJneU9TODRPRFkzTlRZeU9UYzVNelU0THpFd05UQTROVGd0TWw4NE1EQlhlRGd3TUVnfDQwZmVmY2ZlNmY0YTBhOWU5MDllYTMxMjg5ZTc4MDQzMmE3ZjRmM2YzM2FmN2U3Y2U0MTQ3MGM1ZmY1NmI5ZmI,https://api.mybihr.com/medias/1050858-3-800Wx800H?context=bWFzdGVyfHJvb3R8NDEzNDd8aW1hZ2UvanBlZ3xhRGN4TDJnM1pTODRPRFkzTlRZek16Y3lOVGMwTHpFd05UQTROVGd0TTE4NE1EQlhlRGd3TUVnfDFlN2Y5OWUxZDM1Y2IzMjkzYjgwM2U4NGRhMTQzODcxODM5YjIwYzQ2NzZiYWQxNWM0NWQ3N2M0OTJjZWFmYmQ,https://api.mybihr.com/medias/1050858-4-800Wx800H?context=bWFzdGVyfHJvb3R8MjMxNjF8aW1hZ2UvanBlZ3xhR1psTDJnNFlpODRPRFkzTlRZek56WTFOemt3THpFd05UQTROVGd0TkY4NE1EQlhlRGd3TUVnfGQ1ODdlZjA0ZTcxMzliMGQxODgyZTIzYjRlNGIwMjBjMDllNDlhOGYzZjBhZjNlMGE1Yzg0ZTU3YWJlZDdmZDM,https://api.mybihr.com/medias/1050858-5-800Wx800H?context=bWFzdGVyfHJvb3R8MTEwOTUzfGltYWdlL2pwZWd8YURNNEwyaGxNUzg0T0RZM05UWTBNVFU1TURBMkx6RXdOVEE0TlRndE5WODRNREJYZURnd01FZ3xmOWEwMDZmZjgwNjhjNDI4NTUwNmNjODc3MWJlNzg5OTgxNGRiN2U4NzUwNzczZWM1NDk1ZWEzYmViNGZiZmE2,,,,,https://static.bihr.pro/eBihr/Pictures/BETA-pictures.zip,,Spain Warehouse (Parts)
1093326,,014820021,BETA,BETA PLIERS 1482B,BETA 1482B Tenaza para uniones rápidas tubos de carburante,63.54,52.51,42.01,8014230752884,3,8205700000,0,1,,,TOOLING & WS,TOOLING,TOOLING GENERAL,,,,,,,812,305,98,307,27,,,,,,,,,,,,,,,,,,,,https://api.mybihr.com/medias/1093326-1-800Wx800H?context=bWFzdGVyfHJvb3R8MTIxOTI3fGltYWdlL2pwZWd8YUdFMEwyZzVaQzg0T1RBMU1qVXhNVEkzTXpJMkx6RXdPVE16TWpZdE1WODRNREJYZURnd01FZ3xlNWQ0OTg2OTFkMGUxNWNjZGQ3YWUxYzEyZDQzMjNkZWUzNzM0ZGFlNzBmZGMxMGI3M2ZiZWY1YWU4MDcxYTk2,https://api.mybihr.com/medias/1093326-2-800Wx800H?context=bWFzdGVyfHJvb3R8MjgzODE5fGltYWdlL2pwZWd8YURjMEwyaGhOQzg0T1RBMU1qVXhNekl6T1RNMEx6RXdPVE16TWpZdE1sODRNREJYZURnd01FZ3w4NjM5NTI1Y2FlZTQxNDVlZDczMTJjZTIyNWU0ZTg4MDBjMzMwNmFkNDIxN2ZlNzQ3YzNkZTdlODNiMDFlMTM4,https://api.mybihr.com/medias/1093326-3-800Wx800H?context=bWFzdGVyfHJvb3R8Njk3NjB8aW1hZ2UvanBlZ3xhRFExTDJoaFlpODRPVEExTWpVeE5USXdOVFF5THpFd09UTXpNall0TTE4NE1EQlhlRGd3TUVnfDcxMmI1ZmM1YTYwMDJlZWIyYjEzMDM4YzliMmYyNmMzMzg0YzQyYTNmNzYyODVkMDQ0YTk0MWJiYjEzNTA2NGU,,,,,,,https://static.bihr.pro/eBihr/Pictures/BETA-pictures.zip,,Spain Warehouse (Parts)
1050891,55000042,017370001,BETA,BETA BRUSH FOR SPAK PLUG,Cepillo BETA con cerdas de latón,4.78,3.95,3.16,8014230047102,7,9603909900,0,1,"<html> <head> <meta http-equiv=""Content-Type"" content=""text/html; charset=utf-8""><title> </title> <style type=""text/css"">.cs95E872D0{text-align:left;margin:0pt 0pt 0pt 0pt;}.csA7555675{color:#000;background-color:transparent;font-weight:normal;font-style:normal;}</style> </head> <body> <p>L : 145mm</p><p>Weight : 20g</p></body> </html>","       L : 145mmWeight : 20g ",TOOLING & WS,TOOLING,TOOLING GENERAL,,,,,,,106,23,150,22,32,,,,,,,,,,,,,,,,,,,,https://api.mybihr.com/medias/1050891-1-800Wx800H?context=bWFzdGVyfHJvb3R8MzUzNDZ8aW1hZ2UvanBlZ3xhRGRpTDJnNVl5ODRPRFkzTlRnME9UazVORFUwTHpFd05UQTRPVEV0TVY4NE1EQlhlRGd3TUVnfGM5NTlmOWU4YzFiNTE4NzA1ZWQzM2U5NTFhZWE1ZGI3MWM2ZDY3MTVmNmRkMTVjODY3NDYyMjUwMWYzOTE0YWY,,,,,,,,,https://static.bihr.pro/eBihr/Pictures/BETA-pictures.zip,,Spain Warehouse (Parts)
1050892,55000041,017370010,BETA,BETA BRUSH STEEL WIRE,Cepillo BETA de alambre de acero,8.41,6.95,5.56,8014230051154,15,9603909900,0,1,"<html> <head> <meta http-equiv=""Content-Type"" content=""text/html; charset=utf-8""><title> </title> <style type=""text/css"">.cs95E872D0{text-align:left;margin:0pt 0pt 0pt 0pt;}.csA7555675{color:#000;background-color:transparent;font-weight:normal;font-style:normal;}</style> </head> <body> <p>Total Length : 270mm</p><p>Weight : 144g</p></body> </html>","       Total Length : 270mmWeight : 144g ",TOOLING & WS,TOOLING,TOOLING GENERAL,,,,,,,369,115,256,60,24,,,,,,,,,,,,,,,,,,,,https://api.mybihr.com/medias/1050892-1-800Wx800H?context=bWFzdGVyfHJvb3R8NjI3MTB8aW1hZ2UvanBlZ3xhRGxrTDJnME1TODRPRGMwTXprM05qazJNRE13THpFd05UQTRPVEl0TVY4NE1EQlhlRGd3TUVnfGNhM2M1M2Q3MGY1MjU1NDEwMmE2ODU2MGNhOTBhMjJjZjIwMTA0ZmIxZWM0MmFlYjQ2ZWIzYzQxYjViMjg5Nzc,,,,,,,,,https://static.bihr.pro/eBihr/Pictures/BETA-pictures.zip,,Spain Warehouse (Parts)
1050923,55000220,045000320,BETA,BETA LAMP LED WORKBENCH,C45LMP-Lámpara LED para mobiliario de taller Beta C45,162.14,134.00,107.20,045000320,1,8513100000,0,1,<p>• Longitud: 630 mm</p><p>• Práctica fijación bajo el armario alto mediante adhesivos</p><p>• Interruptor ON/OFF</p><p>• 570 lúmenes</p><p>  <br></p><p>Peso 307 g</p>,"
• Longitud: 630 mm
• Práctica fijación bajo el armario alto mediante adhesivos
• Interruptor ON/OFF
• 570 lúmenes
  
Peso 307 g",TOOLING & WS,TOOLING,TOOLING GENERAL,,,,,,,756,530,90,140,60,,,,,,,,,,,,,,,,,,,,https://api.mybihr.com/medias/1050923-1-800Wx800H?context=bWFzdGVyfHJvb3R8MTI3OTF8aW1hZ2UvanBlZ3xhRGMyTDJnelpTODRPVEV3TXpjME1ERXdPVEV3THpFd05UQTVNak10TVY4NE1EQlhlRGd3TUVnfDgyNTlhNjY1OTM3MTI1MDUyYzdmNjVjNzljMTg1NjliODM1Zjk0NjAwMDYxMzU2YmM4OTZlZDQxOGRlODRkYTQ,https://api.mybihr.com/medias/1050923-2-800Wx800H?context=bWFzdGVyfHJvb3R8Mzk0NzZ8aW1hZ2UvanBlZ3xhRE16TDJnME5TODRPVEV3TXpjME1qQTNOVEU0THpFd05UQTVNak10TWw4NE1EQlhlRGd3TUVnfGYwOWZiOTVmMjg1NWU5YjI4MzkyY2E0OTBlZTkyMmM0NmVmYTA3ZjA2OTJjZjkzMjkxZGMzNThmOWI5ZTBjNGI,https://api.mybihr.com/medias/1050923-3-800Wx800H?context=bWFzdGVyfHJvb3R8NjE2ODV8aW1hZ2UvanBlZ3xhREEwTDJnMFl5ODRPVEV3TXpjME5EQTBNVEkyTHpFd05UQTVNak10TTE4NE1EQlhlRGd3TUVnfDA3ZDVmYTZkNGU0MjUxOTcxOTg1ODJmNzhmYjZlNDE0OWNlMWViZjliM2IzMjY1OGJmMzc4OTZiZDcwMWQ0MjA,https://api.mybihr.com/medias/1050923-4-800Wx800H?context=bWFzdGVyfHJvb3R8MzUzNzF8aW1hZ2UvanBlZ3xhR1EwTDJnMU1pODRPVEV3TXpjME5qQXdOek0wTHpFd05UQTVNak10TkY4NE1EQlhlRGd3TUVnfGZkN2YwNjhmMTZhZWZkMGY5NjY3ZGNiNGZhNWYyZDlhY2Q1OTU5YjRmOTI3ZTYwNmQxNmI5YmNkNTIwNjk2ZmQ,,,,,,https://static.bihr.pro/eBihr/Pictures/BETA-pictures.zip,,Spain Warehouse (Parts)
1050829,,000960354,BETA,BETA SET OF 6 PTS ANGLED HANDLE WRENCHES,BETA Juego de 9 llaves hexagonales con cabeza esférica,64.65,53.43,42.74,8014230634012,0,8204110000,0,1,"<html> <head> <meta http-equiv=""Content-Type"" content=""text/html; charset=utf-8""><title> </title> <style type=""text/css"">.cs95E872D0{text-align:left;margin:0pt 0pt 0pt 0pt;}.csA7555675{color:#000;background-color:transparent;font-weight:normal;font-style:normal;}.csC57700C4{color:#000;background-color:transparent;font-weight:bold;font-style:normal;}</style> </head> <body> <p><a id=""_DX_FRAG_STARTFRAGMENT""></a>New support with wrench locking system</p><p> </p><p>FUNCTIONAL & COMPACT<a id=""_DX_FRAG_ENDFRAGMENT""></a></p><p> </p><p><a id=""_dx_frag_StartFragment""></a>Set of 9 ball head offset hexagon key wrenches</p><p>1,5-2-2,5-3-4-5-6-8-10 mm<a id=""_dx_frag_EndFragment""></a></p><p> </p></body> </html>","       New support with wrench locking system FUNCTIONAL & COMPACT Set of 9 ball head offset hexagon key wrenches1,5-2-2,5-3-4-5-6-8-10 mm  ",TOOLING & WS,TOOLING,TOOLING GENERAL,,,,,,,715,390,257,96,29,,,,,,,,,,,,,,,,,,,,https://api.mybihr.com/medias/1050829-1-800Wx800H?context=bWFzdGVyfHJvb3R8ODUyNTV8aW1hZ2UvanBlZ3xhREl5TDJoaE9TODRPVE0xTVRnME5EQXdOREUwTHpFd05UQTRNamt0TVY4NE1EQlhlRGd3TUVnfDM2M2NjNTUzZTcwODJkZDk3ZTc3NzBiMjY4YzBmZThkOGY0YjY0N2FjZjZhZWQ1MTk3YTgwNTY5NmFkYjhmMGU,https://api.mybihr.com/medias/1050829-2-800Wx800H?context=bWFzdGVyfHJvb3R8MTA0NzY2fGltYWdlL2pwZWd8YURrd0wyaGhaQzg0T1RNMU1UZzBOVGszTURJeUx6RXdOVEE0TWprdE1sODRNREJYZURnd01FZ3wyOTg0YjdlYmE3OWYyMjQ1MWFiN2JhNWUzMmM3ZmU3NTE1YzViM2Q0MmVhMzk5YzU2YTZkOGM0MDIxYjlmODI1,,,,,,,,https://static.bihr.pro/eBihr/Pictures/BETA-pictures.zip,,Spain Warehouse (Parts)
1050894,,017410450,BETA,BETA RIVET PLIER ULTRA COMPACT,BETA Remachadora ultra-compacta con ajuste del esfuerzo,61.37,50.72,40.58,8014230653419,0,8205598000,0,1,"<html> <head> <meta http-equiv=""Content-Type"" content=""text/html; charset=utf-8""><title> </title> <style type=""text/css"">.cs95E872D0{text-align:left;margin:0pt 0pt 0pt 0pt;}.csA7555675{color:#000;background-color:transparent;font-weight:normal;font-style:normal;}</style> </head> <body> <p><a id=""_dx_frag_StartFragment""></a>With 4 interchangeable nozzles<br>3 legs: enhanced rivet hold<a id=""_dx_frag_EndFragment""></a> </p></body> </html>","       With 4 interchangeable nozzles3 legs: enhanced rivet hold  ",TOOLING & WS,TOOLING,TOOLING GENERAL,,,,,,,1107,573,256,103,42,,,,,,,,,,,,,,,,,,,,https://api.mybihr.com/medias/1050894-1-800Wx800H?context=bWFzdGVyfHJvb3R8MTA3NTI3fGltYWdlL2pwZWd8YURCaUwyZ3pNUzg0T1RRMk1EWXlPVEUzTmpZeUx6RXdOVEE0T1RRdE1WODRNREJYZURnd01FZ3w2MmVjMGZmM2NhMWFiZDZlMGYxMjA3YzgzYTE1NDkzNWUxN2Q3ZDk0ZjQyZDllY2ZiNjJjNTM0MDI3MDc5MmM1,https://api.mybihr.com/medias/1050894-2-800Wx800H?context=bWFzdGVyfHJvb3R8MTI0MjE3fGltYWdlL2pwZWd8YURnM0wyZzNaaTg0T1RRMk1EWXpNVEUwTWpjd0x6RXdOVEE0T1RRdE1sODRNREJYZURnd01FZ3w1ZTIxMzM2MmE1NDBjN2M0ZmEyNzM2NjIzZmQ4YTVlM2VlMGEzODU4OTAzZGFkNzEzYjE5MTYzNjg1ZGM0ZWIx,,,,,,,,https://static.bihr.pro/eBihr/Pictures/BETA-pictures.zip,,Spain Warehouse (Parts)
1050895,55000039,017710010,BETA,BETA SNAP OFF SPARE BLADE 18MM,Estuche BETA de 10 láminas de recambio (18 mm) para cúter BETA (ref. 1771BM),10.83,8.95,7.16,8014230051338,2,8211940000,0,1,,,TOOLING & WS,TOOLING,TOOLING GENERAL,,,,,,,35,72,115,25,12,,,,,,,,,,,,,,,,,,,,https://api.mybihr.com/medias/1050895-1-800Wx800H?context=bWFzdGVyfHJvb3R8MzQ3ODR8aW1hZ2UvanBlZ3xhR000TDJneE55ODRPVEkzTmpJNE5Ua3hNVE0wTHpFd05UQTRPVFV0TVY4NE1EQlhlRGd3TUVnfDk0MDMyMTQ0YWE5ODU4MGExMzI5MDM1M2NlYzczZjRhOTIyNTU1NTBlYmJkYmE5ZTQzZTU3ZWQ5NGUzOWVhMjE,,,,,,,,,https://static.bihr.pro/eBihr/Pictures/BETA-pictures.zip,,Spain Warehouse (Parts)
1050896,55000038,017710050,BETA,BETA CITTER 18MM,Cutter BETA de 18 mm con seis cuchillas,26.50,21.90,17.52,8014230515083,1,8211930000,0,1,"<html> <head> <meta http-equiv=""Content-Type"" content=""text/html; charset=utf-8""><title> </title> <style type=""text/css"">.cs95E872D0{text-align:left;margin:0pt 0pt 0pt 0pt;}.csA7555675{color:#000;background-color:transparent;font-weight:normal;font-style:normal;}</style> </head> <body> <p>L : 170mm</p><p>A : 18mm</p></body> </html>","       L : 170mmA : 18mm ",TOOLING & WS,TOOLING,TOOLING GENERAL,,,,,,,362,165,213,63,27,,,,,,,,,,,,,,,,,,,,https://api.mybihr.com/medias/1050896-1-800Wx800H?context=bWFzdGVyfHJvb3R8NzE5NDR8aW1hZ2UvanBlZ3xhRFZtTDJnd1pTODRPVFV6T0RZd09ERTJPVEkyTHpFd05UQTRPVFl0TVY4NE1EQlhlRGd3TUVnfDRkODA3YjhmNWFiNDI1MGRkYjJhZWI1NjQzNmEwMjA1OTczZmJiOTY4YWZhY2M5YmQ0MmNjMzIwMjE0YjQ5NjQ,https://api.mybihr.com/medias/1050896-2-800Wx800H?context=bWFzdGVyfHJvb3R8Mjc1NTU0fGltYWdlL2pwZWd8YUdSaUwyZzFZeTg0T1RVek9EWXhNREV6TlRNMEx6RXdOVEE0T1RZdE1sODRNREJYZURnd01FZ3xjZjQwN2MyZjQ2OTM2OGZjZTUzODgxZGE1YjRiYmI3OTI5NDQyZDNhNDdjYjAxMmU5NDY2MmE4ZDA5NGNmZTll,,,,,,,,https://static.bihr.pro/eBihr/Pictures/BETA-pictures.zip,,Spain Warehouse (Parts)
1050833,55000150,000970808,BETA,BETA SET OF TORX KEY HANDLE WRENCHES,Kit BETA de 8 llaves macho curvadas con mango para tornillos Torx®,153.67,127.00,101.60,8014230847665,2,8204110000,0,1,"<html> <head> <meta http-equiv=""Content-Type"" content=""text/html; charset=utf-8""><title> </title> <style type=""text/css"">.cs95E872D0{text-align:left;margin:0pt 0pt 0pt 0pt;}.csA7555675{color:#000;background-color:transparent;font-weight:normal;font-style:normal;}</style> </head> <body> <p><a id=""_DX_FRAG_STARTFRAGMENT""></a>Set of 8 offset key wrenches with handles for Torx® head screws</p><p> </p><p>T8-T10-T15-T20-T25-T27-T30-T40<a id=""_DX_FRAG_ENDFRAGMENT""></a></p><p> </p></body> </html>","       Set of 8 offset key wrenches with handles for Torx® head screws T8-T10-T15-T20-T25-T27-T30-T40  ",TOOLING & WS,TOOLING,TOOLING GENERAL,,,,,,,1628,474,236,121,57,,,,,,,,,,,,,,,,,,,,https://api.mybihr.com/medias/1050833-1-800Wx800H?context=bWFzdGVyfHJvb3R8MzEwMjc1fGltYWdlL2pwZWd8YUROaUwyaGhaQzg0T1RNNU5UUTRNelEwTXpVd0x6RXdOVEE0TXpNdE1WODRNREJYZURnd01FZ3xkMmNjMzNiMjBjNTFlNmNjODkzYjRhMGJlNjhkN2EyMTNkYWI4ZTc1YmU1MzM3YjQ5OWVkMDczNzA1YjM2NTc2,,,,,,,,,https://static.bihr.pro/eBihr/Pictures/BETA-pictures.zip,,Spain Warehouse (Parts)
1050853,55000105,009200814,BETA,BETA ADAPTOR FEM 1/2 MALE 3/4,"Llave de vaso BETA, cromada, con cuadradillo hembra de 1/2'' y macho de 3/4''",17.67,14.60,11.68,8014230035383,1,8204200000,0,1,"<html> <head> <meta http-equiv=""Content-Type"" content=""text/html; charset=utf-8""><title> </title> <style type=""text/css"">.cs95E872D0{text-align:left;margin:0pt 0pt 0pt 0pt;}.csA7555675{color:#000;background-color:transparent;font-weight:normal;font-style:normal;}</style> </head> <body> <p>L : 46mm</p><p>Ø : 26mm</p><p>Weight : 123g</p></body> </html>","       L : 46mmØ : 26mmWeight : 123g ",TOOLING & WS,TOOLING,TOOLING GENERAL,,,,,,,28,126,25,25,45,,,,,,,,,,,,,,,,,1/2'' (Hembra) -  3/4'' (Macho),,,https://api.mybihr.com/medias/1050853-1-800Wx800H?context=bWFzdGVyfHJvb3R8NTY5MTJ8aW1hZ2UvanBlZ3xhR0ZrTDJneFl5ODRPVFEyTURZeU16STNPRE00THpFd05UQTROVE10TVY4NE1EQlhlRGd3TUVnfDc1NTJhZjFlYjY2ODQxYWIyM2NjZjA0OTdjZDYyMDY4YjkzMjZlNzU1MzVkYmEzYTJjMjg2MDEwMzk0NWIxMDA,,,,,,,,,https://static.bihr.pro/eBihr/Pictures/BETA-pictures.zip,,Spain Warehouse (Parts)
1050876,,012630010,BETA,BETA SCREWDRIVER SET 10 1260-1262,Juego de 10 destornilladores BETA,95.23,78.70,62.96,8014230611143,0,8205400000,0,1,"<html> <head> <meta http-equiv=""Content-Type"" content=""text/html; charset=utf-8""><title> </title> <style type=""text/css"">.cs4FC7BF42{text-align:left;margin:0pt 0pt 0pt 0pt;list-style-type:disc;color:#000;background-color:transparent;font-weight:normal;font-style:normal;}.csA7555675{color:#000;background-color:transparent;font-weight:normal;font-style:normal;}</style> </head> <body> <ul> <li>Screwdrivers for Slotted Screws 0,5x3x75-0,8x4x100-1x5,5x125 mm </li><li>Screwdrivers for Cross Head Phillips® Screws PH1x4,5x80-PH2x6x100 mm<a id=""_DX_FRAG_STARTFRAGMENT""></a> </li></ul> </body> </html>","        Screwdrivers for Slotted Screws 0,5x3x75-0,8x4x100-1x5,5x125 mm Screwdrivers for Cross Head Phillips® Screws PH1x4,5x80-PH2x6x100 mm   ",TOOLING & WS,TOOLING,TOOLING GENERAL,,,,,,,1829,713,190,275,35,,,,,,,,,,,,,,,,,,,,https://api.mybihr.com/medias/1050876-1-800Wx800H?context=bWFzdGVyfHJvb3R8NzAyMTV8aW1hZ2UvanBlZ3xhREpsTDJnNU55ODRPVEF5TWpVM05ERXdNRGM0THpFd05UQTROell0TVY4NE1EQlhlRGd3TUVnfDY1MmI0ZDc3YzgzMDZmZDFiOTZiNWU5M2I1M2U3OGY2MDI0YTM3NzgzMDU2ZmI1YTNiMGYwZjVmM2RkNGU0OGQ,,,,,,,,,https://static.bihr.pro/eBihr/Pictures/BETA-pictures.zip,,Spain Warehouse (Parts)
1050877,,013700540,BETA,BETA HAMMER SIZE 40 FIBRE SHAFTS,"BETA Martillo de mecánico con cabeza de remache, tamaño 40, mango de fibra",45.22,37.37,29.90,8014230569048,0,8205200000,0,1,"<html> <head> <meta http-equiv=""Content-Type"" content=""text/html; charset=utf-8""><title> </title> <style type=""text/css"">.cs95E872D0{text-align:left;margin:0pt 0pt 0pt 0pt;}.csA7555675{color:#000;background-color:transparent;font-weight:normal;font-style:normal;}</style> </head> <body> <p>A : 40mm</p><p>L : 330mm</p><p>L1 : 110mm</p><p>B : 33mm</p><p>Weight : 1150g</p></body> </html>","       A : 40mmL : 330mmL1 : 110mmB : 33mmWeight : 1150g ",TOOLING & WS,TOOLING,TOOLING GENERAL,,,,,,,2220,1201,339,131,50,,,,,,,,,,,,,,,,,,,,https://api.mybihr.com/medias/1050877-1-800Wx800H?context=bWFzdGVyfHJvb3R8NTIxODd8aW1hZ2UvanBlZ3xhRGN4TDJnNU1DODRPVEF5TWpVM05qQTJOamcyTHpFd05UQTROemN0TVY4NE1EQlhlRGd3TUVnfGNiYjNhNGFjMjFjZGIwYzNhZDg4ZTdkMWRkODEzN2QzOGRhNDc5Y2NkMDA5YTlkMzY4OGU2NzdhOGIyMTAxYzE,https://api.mybihr.com/medias/1050877-2-800Wx800H?context=bWFzdGVyfHJvb3R8MzUzNzR8aW1hZ2UvanBlZ3xhR0V4TDJnNE9TODRPVEF5TWpVM09EQXpNamswTHpFd05UQTROemN0TWw4NE1EQlhlRGd3TUVnfDM0NjljNzMzNGQ5ZTYxNTUyMmNlMTUxODcyYTcwODU5ODE0N2QzOTQxNjFiZmFmY2RmZTdhZDNhNmM5M2JkZGQ,,,,,,,,https://static.bihr.pro/eBihr/Pictures/BETA-pictures.zip,,Spain Warehouse (Parts)
1050879,55000052,013900135,BETA,BETA BITS SOFT HAM FOR 1390,Recambio nylon para martillo BETA,8.17,6.75,5.40,8014230044156,3,3926909790,0,1,"<html> <head> <meta http-equiv=""Content-Type"" content=""text/html; charset=utf-8""><title> </title> <style type=""text/css"">.cs95E872D0{text-align:left;margin:0pt 0pt 0pt 0pt;}.csA7555675{color:#000;background-color:transparent;font-weight:normal;font-style:normal;}</style> </head> <body> <p>Ø : 35mm</p></body> </html>","       Ø : 35mm ",TOOLING & WS,TOOLING,TOOLING GENERAL,,,,,,,153,26,72,53,40,,,,,,,,,,,,,,,,,,,,https://api.mybihr.com/medias/1050879-1-800Wx800H?context=bWFzdGVyfHJvb3R8MjkxNTV8aW1hZ2UvanBlZ3xhRGs1TDJneFpTODRPVEkzTmpJNE16azBOVEkyTHpFd05UQTROemt0TVY4NE1EQlhlRGd3TUVnfGNhNmE2NTU0ODk2Zjg2NWMyMmVlODQ4ZDYzZGVmYWJmNjJjMjQ2YTFlNTNkODQyYTVkNmVhOGJkNWE4MDlkYzU,,,,,,,,,https://static.bihr.pro/eBihr/Pictures/BETA-pictures.zip,,Spain Warehouse (Parts)
1050887,,017080020,BETA,BETA GAUGES 20 BLADES,"BETA Galgas de espesores métrica 0,05 - 1mm",20.21,16.70,13.36,55000045,26,9017809000,0,1,"<html> <head> <meta http-equiv=""Content-Type"" content=""text/html; charset=utf-8""><title> </title> <style type=""text/css"">.cs95E872D0{text-align:left;margin:0pt 0pt 0pt 0pt;}.csA7555675{color:#000;background-color:transparent;font-weight:normal;font-style:normal;}</style> </head> <body> <p>S : 0,05 - 1mm</p><p>S : 0,002 - 0,040""</p><p>L : 105mm</p><p>Weight : 100g</p></body> </html>","       S : 0,05 - 1mmS : 0,002 - 0,040""L : 105mmWeight : 100g ",TOOLING & WS,TOOLING,TOOLING GENERAL,,,,,,,69,90,125,25,22,,,,,,,,,,,,,,,,,,,,https://api.mybihr.com/medias/1050887-1-800Wx800H?context=bWFzdGVyfHJvb3R8MTMxNDU2fGltYWdlL2pwZWd8YUdRMEwyaGxPUzg0T1RJME9EZ3lOell6T0RBMkx6RXdOVEE0T0RjdE1WODRNREJYZURnd01FZ3xlOGMwZDhlODU1MTk3NDY5MGQwOWE3YzU1MjlmNjAwZjAzN2EwZjZlNTM5ODRiMGY3NzI2NWE1YjE3OTM5ODA5,,,,,,,,,https://static.bihr.pro/eBihr/Pictures/BETA-pictures.zip,,Spain Warehouse (Parts)
1050880,55000170,015990915,BETA,BETA JAW COVER ALU,Protecciones magnéticas BETA para tornillo de banco (150mm),79.26,65.50,52.40,8014230616773,1,7616999099,0,1,<p>Protecciones de aluminio de 150mm.</p>,"
Protecciones de aluminio de 150mm.",TOOLING & WS,TOOLING,TOOLING GENERAL,,,,,,,266,278,191,48,29,,,,,,,,,,,,,,,,,,,,https://api.mybihr.com/medias/800Wx800H-1050880-1.jpg?context=bWFzdGVyfHJvb3R8MjE2MTZ8aW1hZ2UvanBlZ3xhR0k1TDJneFl5OHpNemMyT0RreE9UWXlPVGcxTkM4NE1EQlhlRGd3TUVoZk1UQTFNRGc0TUMweExtcHdad3w2YTA0NzdjMDMzOWI1MjIyNGQ4ODNlZWYyNzJiZDUxOGI5ODQ0NWU5ZTRkODA3OWQxYWU5YzQ4NzYwYzQxN2Vh,,,,,,,,,https://static.bihr.pro/eBihr/Pictures/BETA-pictures.zip,,Spain Warehouse (Parts)
1102529,55000102,009280036,BETA,BETA 928A UNIT TOOL 6 POINT 3/4 36,"Llave de vaso hexagonal BETA con cuadradillo hembra de 3/4, 36 mm",28.44,23.50,18.80,8014230035901,2,8204200000,0,1,,,TOOLING & WS,TOOLING,TOOLING GENERAL,,,,,,,172,494,52,58,57,,,,,,,,,,,,,,,,,,,,https://api.mybihr.com/medias/1102529-1-800Wx800H?context=bWFzdGVyfHJvb3R8MjU3MjMxfGltYWdlL2pwZWd8YURrekwyZzNOeTg1TmpNeU5qWTROakUwTmpnMkx6RXhNREkxTWprdE1WODRNREJYZURnd01FZ3xjM2NjNGRjZmZlMzE0MTE1MDcxNWJjMTBjNGE0YmZjYmNlYjJhMjgwYmM3YTU1ZWI1NTg1ZDVjOTJiNWUyMjFm,https://api.mybihr.com/medias/1102529-2-800Wx800H?context=bWFzdGVyfHJvb3R8NTQ2NjJ8aW1hZ2UvanBlZ3xhR05pTDJoall5ODVOak15TmpZNU1EQTNPVEF5THpFeE1ESTFNamt0TWw4NE1EQlhlRGd3TUVnfDhlNzA0YTQ0NzQ2ODcyM2Y2OTFhYTNiMjA0YzlmNmY2N2M2NWY0NWM1ZGI4YjBmYmYyZjliMjUwODVjYzM5MGM,,,,,,,,https://static.bihr.pro/eBihr/Pictures/BETA-pictures.zip,,Spain Warehouse (Parts)
1102531,55000109,009200029,BETA,BETA 920A UNIT TOOL 6 POINT 1/2 29,"Llaves de vaso BETA hexagonal, con cuadradillo de 1/2, 29 mm",13.79,11.40,9.12,8014230033990,1,8204200000,0,1,,,TOOLING & WS,TOOLING,TOOLING GENERAL,,,,,,,66,243,38,37,47,,,,,,,,,,,,,,,,,,,,https://api.mybihr.com/medias/1102531-1-800Wx800H?context=bWFzdGVyfHJvb3R8MTc5MDcxfGltYWdlL2pwZWd8YURVMkwyZ3hOeTg1TmpNeU5qY3dNVGczTlRVd0x6RXhNREkxTXpFdE1WODRNREJYZURnd01FZ3xkZWYzNDdhMDAyODEwNmMzZjFmNGU1MTcyN2I4ZWFkZDA4ODg0MjU5NjM1MTkwMGJhODA2ZjA3N2IwYzg2NWRl,https://api.mybihr.com/medias/1102531-2-800Wx800H?context=bWFzdGVyfHJvb3R8NTA3NjZ8aW1hZ2UvanBlZ3xhR0kyTDJnd09TODVOak15Tmpjd05UZ3dOelkyTHpFeE1ESTFNekV0TWw4NE1EQlhlRGd3TUVnfDc4MDYzNGE2ZmE3NGY2NTAwN2U3YTkwNDg0ODU3YzE0ODM3MzZhYzdlZTBjNmVkYjUxNGU1NTQ5MWFkNzdhOTk,,,,,,,,https://static.bihr.pro/eBihr/Pictures/BETA-pictures.zip,,Spain Warehouse (Parts)
1102549,55000095,009330008,BETA,BETA 933 UNIT ANGLEENDED OFFSET HEXAGON8,"Llaves de pipa hexagonales dobles BETA, 8 mm, cromo pulido",19.72,16.30,13.04,8014230081694,1,8204110000,0,1,,,TOOLING & WS,TOOLING,TOOLING GENERAL,,,,,,,44,62,122,30,12,,,,,,,,,,,,,,,,,,,,https://api.mybihr.com/medias/1102549-1-800Wx800H?context=bWFzdGVyfHJvb3R8NjUwODl8aW1hZ2UvanBlZ3xhR016TDJneE1DODVOak15Tmpnek9UVXdNVEV3THpFeE1ESTFORGt0TVY4NE1EQlhlRGd3TUVnfDcyMDZmMzlkNzM4NDRlMWZjZjg3MjJhYjU5M2Q0YmNmYWFjZDM0OWNiZjhhOTQyNjAxMGE5ODQxYjg5NGVkYTk,https://api.mybihr.com/medias/1102549-2-800Wx800H?context=bWFzdGVyfHJvb3R8MzU0MTl8aW1hZ2UvanBlZ3xhR1pqTDJnMk5TODVOak15TmpnME16UXpNekkyTHpFeE1ESTFORGt0TWw4NE1EQlhlRGd3TUVnfGYyY2YzN2IwZTEwMDZhYjc1ZGRhMjEzOTAxMGYxY2Y0ZjQ2Y2M5ZDhlYjhmYzE2OWExMzg2MjRmOTY0YmVmOTA,https://api.mybihr.com/medias/1102549-3-800Wx800H?context=bWFzdGVyfHJvb3R8MjI2ODM3fGltYWdlL2pwZWd8YURnNUwyZzNNeTg1TmpNeU5qZzBOek0yTlRReUx6RXhNREkxTkRrdE0xODRNREJYZURnd01FZ3xiZTY0NjkwMDkxYTE5NjU1ZjlmODQ4YTRjZWM0MjNkNDIwYzgzNTI3MzA1OTdiNDYwMDAxYWIwNDIxY2UzNjdl,https://api.mybihr.com/medias/1102549-4-800Wx800H?context=bWFzdGVyfHJvb3R8MTcwNDk4fGltYWdlL2pwZWd8YUdNeUwyaGpPQzg1TmpNeU5qZzFNVEk1TnpVNEx6RXhNREkxTkRrdE5GODRNREJYZURnd01FZ3xiYmM1YjM2OTY4MGJjOWMyY2JiMDZmY2VjMTNjNjg4YzI0MmZhNzczYzJkODM2YWMzZDZmODFhMjg2YmIyZDQ1,,,,,,https://static.bihr.pro/eBihr/Pictures/BETA-pictures.zip,,Spain Warehouse (Parts)
1102570,55000088,009490008,BETA,BETA 949 UNIT T HANDLEWRENCHE TAILLE 8,"Llave de tubo BETA, con boca hexagonal y mango en T, 8 mm",38.72,32.00,25.60,8014230759739,3,8204110000,0,1,,,TOOLING & WS,TOOLING,TOOLING GENERAL,,,,,,,67,138,218,22,14,,,,,,,,,,,,,,,,,,,,https://api.mybihr.com/medias/1102570-1-800Wx800H?context=bWFzdGVyfHJvb3R8NTIzMjF8aW1hZ2UvanBlZ3xhRFF5TDJnek1DODVOak15TnpBeE1qVXhOakUwTHpFeE1ESTFOekF0TVY4NE1EQlhlRGd3TUVnfDc1NTliOTY2MDQzYjNjODlhYjNiNTQ4ZTVjNzEwOTM5ZDI0MjFjZjI2YmU0OTVjMjJkNzRhZDc0Yzk4YzM5ZTk,,,,,,,,,https://static.bihr.pro/eBihr/Pictures/BETA-pictures.zip,,Spain Warehouse (Parts)
1102589,55000093,009330012,BETA,BETA 933 UNIT ANGLEENDED OFFSET HEXAGON1,"Llaves de pipa hexagonales dobles BETA, 12 mm, cromo pulido",24.20,20.00,16.00,8014230081731,6,8204110000,0,1,,,TOOLING & WS,TOOLING,TOOLING GENERAL,,,,,,,106,154,151,37,19,,,,,,,,,,,,,,,,,,,,https://api.mybihr.com/medias/1102589-1-800Wx800H?context=bWFzdGVyfHJvb3R8NjUwODl8aW1hZ2UvanBlZ3xhRGN3TDJnelppODVOak15TnpFMU1ERTBNVGMwTHpFeE1ESTFPRGt0TVY4NE1EQlhlRGd3TUVnfGE5ZjFhMTlmM2YyNjliZTNlY2E0ZTcwZWJkMjlmZTM1NWEzOTZhMjI3MTZkODgwNDllYmI3ZGYwMjJiMzAwMmI,https://api.mybihr.com/medias/1102589-2-800Wx800H?context=bWFzdGVyfHJvb3R8MzU0MTl8aW1hZ2UvanBlZ3xhR1prTDJnMFl5ODVOak15TnpFMU5EQTNNemt3THpFeE1ESTFPRGt0TWw4NE1EQlhlRGd3TUVnfDUxYTdmZGZjYjgxYWYwMjYxZWQyYmQ4ODM5NjM0Yjk3NzVlNDAyOWI3YWEyYzE0ODZmN2M4YWRhMjMwNzhjYmM,https://api.mybihr.com/medias/1102589-3-800Wx800H?context=bWFzdGVyfHJvb3R8MjI2ODM3fGltYWdlL2pwZWd8YURsbEwyZzFZUzg1TmpNeU56RTFPREF3TmpBMkx6RXhNREkxT0RrdE0xODRNREJYZURnd01FZ3wzOTgwMWZlZmMxZDkzMDU3Y2Q4NjlhMzlhODkxNzNhNzA1NTkxMjNjNmZlZGZmNzNkYWZlZmVkZjMxNWQ3MjVi,https://api.mybihr.com/medias/1102589-4-800Wx800H?context=bWFzdGVyfHJvb3R8MTcwNDk4fGltYWdlL2pwZWd8YURnM0wyaGhaQzg1TmpNeU56RTJNVGt6T0RJeUx6RXhNREkxT0RrdE5GODRNREJYZURnd01FZ3xmNmM2ZGQ0NjQwY2U0MDk0ZjJkM2UzMTAxMzk3YWRmY2E4Y2FjY2ViNTEzMzgyZTU4MDUyZTZiODA0MTI1MzJl,,,,,,https://static.bihr.pro/eBihr/Pictures/BETA-pictures.zip,,Spain Warehouse (Parts)
1102592,55000107,009200032,BETA,BETA 920A UNIT TOOL 6 POINT 1/2 32,"Llaves de vaso BETA hexagonal, con cuadradillo de 1/2, 32 mm",14.40,11.90,9.52,8014230034010,1,8204200000,0,1,,,TOOLING & WS,TOOLING,TOOLING GENERAL,,,,,,,86,269,41,42,50,,,,,,,,,,,,,,,,,,,,https://api.mybihr.com/medias/1102592-1-800Wx800H?context=bWFzdGVyfHJvb3R8MTc5MDcxfGltYWdlL2pwZWd8YURSaEwyZzNaaTg1TmpNeU56RTRNVFU1T1RBeUx6RXhNREkxT1RJdE1WODRNREJYZURnd01FZ3xiMGI4MjdmNDY5M2UzMTY5YTlhNDgyMjJkNjNhMDU4NGQ2OTAzZmM4NmUxMGZjMWJjMzRlMDZmMzk1MDhhN2M1,https://api.mybihr.com/medias/1102592-2-800Wx800H?context=bWFzdGVyfHJvb3R8NTA3NjZ8aW1hZ2UvanBlZ3xhR0U1TDJnM01TODVOak15TnpFNE5UVXpNVEU0THpFeE1ESTFPVEl0TWw4NE1EQlhlRGd3TUVnfDUwYTZlMGRlMzIyNzA0N2NhMjJhODhmNTM3OWFkNGY5MTRkNzdkZjIxMDcyM2E5MmQ4ZDRjMWQ0MDYwOWFhNjM,,,,,,,,https://static.bihr.pro/eBihr/Pictures/BETA-pictures.zip,,Spain Warehouse (Parts)
1102522,55000094,009330010,BETA,BETA 933 UNIT TOOL ANGLE SOCKET 10X10,"Llaves de pipa hexagonales dobles BETA, 10 mm, cromo pulido",21.05,17.40,13.92,8014230081717,5,8204110000,0,1,,,TOOLING & WS,TOOLING,TOOLING GENERAL,,,,,,,79,101,133,35,17,,,,,,,,,,,,,,,,,,,,https://api.mybihr.com/medias/1102522-1-800Wx800H?context=bWFzdGVyfHJvb3R8NjUwODl8aW1hZ2UvanBlZ3xhRFpqTDJnMU5TODVOak15TmpZek1UQTVOall5THpFeE1ESTFNakl0TVY4NE1EQlhlRGd3TUVnfDZjNzA5ZmRmNmVlMTYyM2Q4YTMzOGMzYmUzNTlmM2E3YTY0ODQ1MzI3MGJlNjNkYmZhOTE3YmE3NDI0OTNjODE,https://api.mybihr.com/medias/1102522-2-800Wx800H?context=bWFzdGVyfHJvb3R8MTcwNDk4fGltYWdlL2pwZWd8YURCa0wyZzJNeTg1TmpNeU5qWXpOVEF5T0RjNEx6RXhNREkxTWpJdE1sODRNREJYZURnd01FZ3wyM2JkYTMyYmM2OTY2MTU5YzNkNTEzODMwMzBhZDJjYmQ5ZDE1MzUzMTI5MjZjNzVhNjQ1N2Q2YTZjZmYxMDBi,https://api.mybihr.com/medias/1102522-3-800Wx800H?context=bWFzdGVyfHJvb3R8MjI2ODM3fGltYWdlL2pwZWd8YURSaUwyZzJaUzg1TmpNeU5qWXpPRGsyTURrMEx6RXhNREkxTWpJdE0xODRNREJYZURnd01FZ3w3ZjZmMDA0MWE0OWRjNGNjZGM0YjAyOWMxNTFhZTA4NDY3NWU5NjBiYTFlNGEzNjNhOWFkMGI0Mjk5Nzg5ODBl,https://api.mybihr.com/medias/1102522-4-800Wx800H?context=bWFzdGVyfHJvb3R8MzU0MTl8aW1hZ2UvanBlZ3xhRGcwTDJoak15ODVOak15TmpZME1qZzVNekV3THpFeE1ESTFNakl0TkY4NE1EQlhlRGd3TUVnfDdlNDYwNWRmNDE2OTY5YmJlMzFjNjc4NWNlNWRkMTIwMDhiNTJmODhkOTQ5MjAwNDVlMDQ0YTExYmYyODdiMmM,,,,,,https://static.bihr.pro/eBihr/Pictures/BETA-pictures.zip,,Spain Warehouse (Parts)
1050878,55000053,013900035,BETA,BETA SOFT HAMM SIZE 35 WOODEN SHAFTS,"Mazo BETA de cabezas intercambiables de plástico, mango de madera, talla 35",47.80,39.50,31.60,8014230044101,1,3926909790,0,1,"<html> <head> <meta http-equiv=""Content-Type"" content=""text/html; charset=utf-8""><title> </title> <style type=""text/css"">.cs95E872D0{text-align:left;margin:0pt 0pt 0pt 0pt;}.csA7555675{color:#000;background-color:transparent;font-weight:normal;font-style:normal;}</style> </head> <body> <p>Ø : 35mm</p><p>L : 310mm</p><p>L1 : 95mm</p><p>Weight : 365g</p></body> </html>","       Ø : 35mmL : 310mmL1 : 95mmWeight : 365g ",TOOLING & WS,TOOLING,TOOLING GENERAL,,,,,,,980,411,310,93,34,,,,,,,,,,,,,,,,,,,,https://api.mybihr.com/medias/1050878-1-800Wx800H?context=bWFzdGVyfHJvb3R8NTQ5NDh8aW1hZ2UvanBlZ3xhRE0wTDJnNE5TODRPVEF5TWpVM09UazVPVEF5THpFd05UQTROemd0TVY4NE1EQlhlRGd3TUVnfDcxN2MwOGI3ZmFkM2E3M2FlMTU4M2IxOTM4YzVhNDI1YjJjNjJiMzY3ZDg4YWI2N2UxZWUwZGEwMmU2MmU2Nzc,,,,,,,,,https://static.bihr.pro/eBihr/Pictures/BETA-pictures.zip,,Spain Warehouse (Parts)
1050857,55000073,009510687,BETA,BETA WRENCHE T HANDLE SET 6 POINT,Juego BETA de 6 llaves macho hexagonales con mango,194.21,160.50,128.40,8014230448114,1,8204110000,0,1,"<html> <head> <meta http-equiv=""Content-Type"" content=""text/html; charset=utf-8""><title> </title> <style type=""text/css"">.cs95E872D0{text-align:left;margin:0pt 0pt 0pt 0pt;}.csA7555675{color:#000;background-color:transparent;font-weight:normal;font-style:normal;}</style> </head> <body> <p>Set of 6 T-handle wrenches with three hexagon male ends : 2,5-3-4-5-6-8 mm</p></body> </html>","       Set of 6 T-handle wrenches with three hexagon male ends : 2,5-3-4-5-6-8 mm ",TOOLING & WS,TOOLING,TOOLING GENERAL,,,,,,,2085,591,332,157,40,,,,,,,,,,,,,,,,,,,,https://api.mybihr.com/medias/1050857-1-800Wx800H?context=bWFzdGVyfHJvb3R8MTgyOTcwfGltYWdlL2pwZWd8YURBNUwyZ3daUzg0T0RZM05UWXlNVGt5T1RJMkx6RXdOVEE0TlRjdE1WODRNREJYZURnd01FZ3w5NDViYmMyYjM5MDEyYTcyNTY0ZTRhMzE3YTNjN2RhYzA3NTY2ZTRlZDg1ZjMxN2I3Nzg2Zjc4MWIwMzhmODQx,,,,,,,,,https://static.bihr.pro/eBihr/Pictures/BETA-pictures.zip,,Spain Warehouse (Parts)
1050862,55000069,010360017,BETA,BETA CIRC PLIER EXTERNAL 175,"Alicates BETA de punta recta para circlips exteriores, Talla 175",35.09,29.00,23.20,8014230039558,1,8203200000,0,1,"<html> <head> <meta http-equiv=""Content-Type"" content=""text/html; charset=utf-8""><title> </title> <style type=""text/css"">.cs95E872D0{text-align:left;margin:0pt 0pt 0pt 0pt;}.csA7555675{color:#000;background-color:transparent;font-weight:normal;font-style:normal;}</style> </head> <body> <p>L : 175mm</p><p>For Circlips : 19-60mm</p><p>Ø1 : 1,9mm</p><p>A : 21mm</p><p>S : 10mm</p><p>L1 : 25mm</p><p>Weight : 160g</p><p> </p></body> </html>","       L : 175mmFor Circlips : 19-60mmØ1 : 1,9mmA : 21mmS : 10mmL1 : 25mmWeight : 160g  ",TOOLING & WS,TOOLING,TOOLING GENERAL,,,,,,,204,155,157,93,14,,,,,,,,,,Recto,,,,,,,,Exterior,,https://api.mybihr.com/medias/1050862-1-800Wx800H?context=bWFzdGVyfHJvb3R8ODE2NjZ8aW1hZ2UvanBlZ3xhRFkyTDJobU5pODRPVE0xTVRnMU1UZzJPRFEyTHpFd05UQTROakl0TVY4NE1EQlhlRGd3TUVnfGYyYjBkNDQ5YTVkMDRkNTcyMzAzOGM0ZWQxZmY1NGQwZDY3N2JmZjUwNGZjNzVmYzRiNTEzMGMxMGM3ODYyZmM,https://api.mybihr.com/medias/1050862-2-800Wx800H?context=bWFzdGVyfHJvb3R8NzEwODl8aW1hZ2UvanBlZ3xhRGsyTDJobFppODRPVE0xTVRnMU16Z3pORFUwTHpFd05UQTROakl0TWw4NE1EQlhlRGd3TUVnfDU2ZDgwYjhiNDA2NGVjYTBlZGYzYWRjNGM5NDcxY2VhNGJmMDQ3ZmE2NjQxZDA4MGI3MDNiZTEzNWFmOWIzZjE,,,,,,,,https://static.bihr.pro/eBihr/Pictures/BETA-pictures.zip,,Spain Warehouse (Parts)
1102577,55000099,009280046,BETA,BETA 928A UNIT TOOL 6 POINT 3/4 46,"Llave de vaso hexagonal BETA con cuadradillo hembra de 3/4, 46 mm",42.35,35.00,28.00,8014230035932,1,8204200000,0,1,,,TOOLING & WS,TOOLING,TOOLING GENERAL,,,,,,,431,812,72,68,88,,,,,,,,,,,,,,,,,,,,https://api.mybihr.com/medias/1102577-1-800Wx800H?context=bWFzdGVyfHJvb3R8MjU3MjMxfGltYWdlL2pwZWd8YURrMkwyZzNaUzg1TmpNeU56QTFOVGMyT1Rrd0x6RXhNREkxTnpjdE1WODRNREJYZURnd01FZ3xkZTZjZWNhMzQzZGM2MmNhMzljZWY5MTM3ZWFlZGU3NTBlZmYzYTUzMWQ1NGUyMjg5ZGU1MzZkODg4N2JlYThk,https://api.mybihr.com/medias/1102577-2-800Wx800H?context=bWFzdGVyfHJvb3R8NTQ2NjJ8aW1hZ2UvanBlZ3xhR1kxTDJnM01DODVOak15TnpBMU9UY3dNakEyTHpFeE1ESTFOemN0TWw4NE1EQlhlRGd3TUVnfDdkMjMwNGFkMTBmZDdiM2E5Y2Y5Y2Y3YzFkYzM5NzQ4OTQ4YmRlNzFkNGVmMGZjMGI3NWI4MDE4ZmIwMTM4MWY,,,,,,,,https://static.bihr.pro/eBihr/Pictures/BETA-pictures.zip,,Spain Warehouse (Parts)
1109534,,000421008,BETA,BETA 42N UNIT COMB WRENCH 8,Llaves combinadas BETA - 8mm,8.89,7.35,5.88,8014230958972,0,8204110000,0,0,"<p data-isautotranslation=""1""></p><p><strong>Características:</strong></p>
<ul>
<li>Espesor de cabeza reducido al mínimo para permitir el acceso a todos los espacios.</li>
<li>Valores de par superiores al doble de los requerimientos que deben cumplirse según la ISO 1711</li>
<li>Ergonomía mejorada que se traduce en una mayor transmisión de fuerza</li>
</ul>","

Características:

Espesor de cabeza reducido al mínimo para permitir el acceso a todos los espacios.
Valores de par superiores al doble de los requerimientos que deben cumplirse según la ISO 1711
Ergonomía mejorada que se traduce en una mayor transmisión de fuerza
",TOOLING & WS,TOOLING,TOOLING GENERAL,,,,,,,7,23,116,15,4,,,,,,,,,,,,,,,,,,,,https://api.mybihr.com/medias/1109534-1-800Wx800H?context=bWFzdGVyfHJvb3R8MTgwNzd8aW1hZ2UvanBlZ3xhREl4TDJnM01pOHhNalk1T1RrM01URXlOVEkzT0M4eE1UQTVOVE0wTFRGZk9EQXdWM2c0TURCSXw1ZDA5NDI1ZjAxODhhYjZjZTU0ZTc0MWVlMjQwZjhlYjQ5MzM5ZGU3ZGQ1M2JlYWY1ZDNjY2MxODJjMmYzNjFi,https://api.mybihr.com/medias/1109534-2-800Wx800H?context=bWFzdGVyfHJvb3R8NDYwNjZ8aW1hZ2UvanBlZ3xhRGt6TDJnMk5DOHhNalk1T1RrM01UVXhPRFE1TkM4eE1UQTVOVE0wTFRKZk9EQXdWM2c0TURCSXxiNGE4MWNiMTQ1YjRhMDk5YmEyNDdkNDQwNmY1YmNlYmJiYWVkMzRlOTdkYTI5NzExY2Q1MWNiMjk2ODgwYzc0,https://api.mybihr.com/medias/1109534-3-800Wx800H?context=bWFzdGVyfHJvb3R8Mjg1Mjh8aW1hZ2UvanBlZ3xhR1l6TDJnMU5pOHhNalk1T1RrM01Ua3hNVGN4TUM4eE1UQTVOVE0wTFROZk9EQXdWM2c0TURCSXwxMWUzYjc0Mzg0ZGFmZjM5Y2VmOWI5Yzc0YWQxY2IxMDllY2ZiYWEwMjBlN2YwODZkNDRiYjg4YzRhM2M5M2My,,,,,,,https://static.bihr.pro/eBihr/Pictures/BETA-pictures.zip,,Spain Warehouse (Parts)
1109536,,000421013,BETA,BETA 42N UNIT COMB WRENCH 13,Llaves combinadas BETA - 13mm,11.07,9.15,7.32,8014230959023,2,8204110000,0,0,"<p data-isautotranslation=""1""></p><p><strong>Características:</strong></p>
<ul>
<li>Espesor del cabezal reducido al mínimo para permitir acceso a todos los espacios.</li>
<li>Valores de torque más del doble en comparación con los requisitos de la norma ISO 1711</li>
<li>Ergonomía mejorada que se traduce en una mayor transmisión de fuerza</li>
</ul>","

Características:

Espesor del cabezal reducido al mínimo para permitir acceso a todos los espacios.
Valores de torque más del doble en comparación con los requisitos de la norma ISO 1711
Ergonomía mejorada que se traduce en una mayor transmisión de fuerza
",TOOLING & WS,TOOLING,TOOLING GENERAL,,,,,,,50,68,163,28,11,,,,,,,,,,,,,,,,,,,,https://api.mybihr.com/medias/1109536-1-800Wx800H?context=bWFzdGVyfHJvb3R8MTgwNzd8aW1hZ2UvanBlZ3xhRFZqTDJnMll5OHhNalk1T1RrM016UTRORFUzTkM4eE1UQTVOVE0yTFRGZk9EQXdWM2c0TURCSXwxYmYzZDJjODk3ZjVmOWQyYTYwMzU1N2UwYzcyODVlNGE4ZTRjZWEwNWM4YWEwYzllMGQzYThkMmM1ODdkMjE2,https://api.mybihr.com/medias/1109536-2-800Wx800H?context=bWFzdGVyfHJvb3R8NDYwNjZ8aW1hZ2UvanBlZ3xhR1ZoTDJnM09TOHhNalk1T1RrM016ZzNOemM1TUM4eE1UQTVOVE0yTFRKZk9EQXdWM2c0TURCSXw1YTMwY2E5ZTBkN2FkMWI5ZGQyOTExMDcyYTc5OGI2NzY4MDc3ZWIzZTkwZDc1ZWUzM2U3NTBhMjcyNzRjNjM0,https://api.mybihr.com/medias/1109536-3-800Wx800H?context=bWFzdGVyfHJvb3R8Mjg1Mjh8aW1hZ2UvanBlZ3xhRFZsTDJoaVlpOHhNamN3TVRrd056VTRNekF3Tmk4eE1UQTVOVE0yTFROZk9EQXdWM2c0TURCSXwyOTdlMWUyYjM5MTEzYjNmZWJkNTVlYTE0YjY3YTk0MmNjZmU5MzVmMjhhOWRkY2FlMTUzOWQ3N2QyMmYyMGZk,,,,,,,https://static.bihr.pro/eBihr/Pictures/BETA-pictures.zip,,Spain Warehouse (Parts)
1050934,34702,000961974,BETA,BETA SET OF BALL-HEADED ALLEN KEYS,JUEGO DE LLAVES ALLEN CABEZA ESFÉRICA CON SOPORTE BETA (96 BPA/SC9),49.01,40.50,32.40,8014230664996,2,9018390000,0,1,"<p>Juego de 9 llaves macho hexagonales acodadas a 110°, con cabeza esférica, con un&nbsp;lado extra-corto.<br>1,5-2-2,5-3-4-5-6-8-10 mm.</p>","
Juego de 9 llaves macho hexagonales acodadas a 110°, con cabeza esférica, con un lado extra-corto.1,5-2-2,5-3-4-5-6-8-10 mm.",TOOLING & WS,TOOLING,TOOLING GENERAL,,,,,,,1710,412,100,570,30,,,,,,,,,,,,,,,,,,,,https://api.mybihr.com/medias/1050934-1-800Wx800H?context=bWFzdGVyfHJvb3R8MzcxNTl8aW1hZ2UvanBlZ3xhRGcwTDJoa1l5OHhOVFF5TmpBNE5EY3dNREU1TUM4eE1EVXdPVE0wTFRGZk9EQXdWM2c0TURCSXwxYjkyZWE5NzMzN2UxNDc2ZjFkNGI5MmZjMDY3YjI2NjFmOTE4MDJlZTkwOWMxNTZjN2M3MDQ5MjBlYTlmMDli,,,,,,,,,https://static.bihr.pro/eBihr/Pictures/BETA-pictures.zip,,Spain Warehouse (Parts)
1050939,34707,004370558,BETA,"BETA HELICOIDS M8x1, 437 U/E-M8","25 HELICOIDES DE ACERO INOX M8x1,25 BETA (437 U/E-M8)",38.12,31.50,25.20,8014230409931,1,8714109090,0,1,Set de 25 helicoides de acero inoxidable M8X1.25<br>,Set de 25 helicoides de acero inoxidable M8X1.25,TOOLING & WS,TOOLING,TOOLING GENERAL,,,,,,,477,38,197,110,22,,,,,,,,,,,,,,,,,,,,https://api.mybihr.com/medias/1050939-1-800Wx800H?context=bWFzdGVyfHJvb3R8MjA5MTl8aW1hZ2UvanBlZ3xhRGxpTDJnd01pOHhOVFF5TmpBNE56QTFPVFE0Tmk4eE1EVXdPVE01TFRGZk9EQXdWM2c0TURCSXxiZmZiZjgzNjVkMTA5MzYyYjdkMzVmMDRhMWUzZTlkZmM0MGZiZmQ5MTZjOWFlZTc4NTEwN2Q4YzNkYmUzNjM5,,,,,,,,,https://static.bihr.pro/eBihr/Pictures/BETA-pictures.zip,,Spain Warehouse (Parts)
1050938,34706,004370556,BETA,"BETA HELICOIDS M6x1,0 437 U/E-M6","25 HELICOIDES DE ACERO INOX M6x1,0 BETA (437 U/E-M6)",26.38,21.80,17.44,8014230409924,2,8714109090,0,1,<p>Set de 25 helicoides de acero inoxidable M6X1.0</p><p>&nbsp;</p><p><br>&nbsp;</p>,"
Set de 25 helicoides de acero inoxidable M6X1.0
 
 ",TOOLING & WS,TOOLING,TOOLING GENERAL,,,,,,,165,18,50,330,10,,,,,,,,,,,,,,,,,,,,https://api.mybihr.com/medias/1050938-1-800Wx800H?context=bWFzdGVyfHJvb3R8MjA5MTl8aW1hZ2UvanBlZ3xhRGxrTDJnMU1pOHhOVFF5TmpBNE5qWTJOakkzTUM4eE1EVXdPVE00TFRGZk9EQXdWM2c0TURCSXwwZjFkMDY3MWE1ZTA0MTliOTdjMjg5NmUzZWU0YTIzNDA0OTE0YmU2ODlhOWY4NGQyMWVlMDYxM2NlYzhkNWQ3,,,,,,,,,https://static.bihr.pro/eBihr/Pictures/BETA-pictures.zip,,Spain Warehouse (Parts)
1109277,,014390101,BETA,BETA ANGULAR SCREWDRIVER 90 DEG,Caja destornillador BETA angular 90° tipo largo con hojas,287.98,238.00,190.40,8014230489384,0,8205400000,0,1,"<p><strong>Case contents:</strong></p>
<ul>
	<li>Angular screwdriver</li>
	<li>1 slotted screw head</li>
	<li>1 1/4&quot; bit head</li>
	<li>Special blade head</li>
	<li>7 special blades</li>
	<li>500x120x60 mm</li>
	<li>825 g</li>
</ul>
","
Case contents:

	Angular screwdriver
	1 slotted screw head
	1 1/4"" bit head
	Special blade head
	7 special blades
	500x120x60 mm
	825 g

",TOOLING & WS,TOOLING,TOOLING GENERAL,,,,,,,5098,1011,518,133,74,,,,,,,,,,,,,,,,,,,,https://api.mybihr.com/medias/1109277-1-800Wx800H?context=bWFzdGVyfHJvb3R8Njg3NDV8aW1hZ2UvanBlZ3xhREF4TDJneU1pOHhNalUwTnpRNU5qazJPREl5TWk4eE1UQTVNamMzTFRGZk9EQXdWM2c0TURCSXw3NTBmOGZkMjI4ZDIwOTE2OWUxNDFlYjBiMjQ0ZmEzMWRjOTllZGM5MmQ1MzZlZTI0MDhiMjU4OWNjYjNjNWI0,,,,,,,,,https://static.bihr.pro/eBihr/Pictures/BETA-pictures.zip,,Spain Warehouse (Parts)
1109189,,011280090,BETA,BETA ELECTRICIAN SCISSORS 1128FX,"Tijeras de electricista BETA, hojas rectas de acero inoxidable con microdentado, ranura cortacables",42.96,35.50,28.40,8014230935744,2,8213000000,0,1,"<p>Electrician&#39;s scissors, straight stainless steel blades, with microteeth, cable cutting groove and crimping pliers for tube terminals</p>
<ul>
	<li>Articulated belt hook case</li>
	<li>Bimaterial handles</li>
	<li>Anti-loose pin</li>
</ul>
","
Electrician's scissors, straight stainless steel blades, with microteeth, cable cutting groove and crimping pliers for tube terminals

	Articulated belt hook case
	Bimaterial handles
	Anti-loose pin

",TOOLING & WS,TOOLING,TOOLING GENERAL,,,,,,,1070,140,220,143,34,,,,,,,,Naranja & Negro,,,,,,,,,,,,https://api.mybihr.com/medias/1109189-1-800Wx800H?context=bWFzdGVyfHJvb3R8MzI4NTN8aW1hZ2UvanBlZ3xhRGhsTDJnek1TOHhNalV4T1RNNU5EZ3dNemMwTWk4eE1UQTVNVGc1TFRGZk9EQXdWM2c0TURCSXxlYjU5ZGJmMTUwNzIzMzVjODEwOGZlZDY5NWEwYmZlZjNhYzJkZmZhZDkwZWM0Njc4MTgxODc1OTc1ODI5YzJk,https://api.mybihr.com/medias/1109189-2-800Wx800H?context=bWFzdGVyfHJvb3R8NjMyMzR8aW1hZ2UvanBlZ3xhRGc1TDJnNE55OHhNalV4T1RNNU5USTJNalE1TkM4eE1UQTVNVGc1TFRKZk9EQXdWM2c0TURCSXxmMjc4YzY5Y2M4NzAxMTNiMjU5MjRkYzQ5ZTRhMmM2ZDQxOTNlNmQxMTI5Y2YwZjEwZGQ1YzhlNzA1ODI1M2Qw,https://api.mybihr.com/medias/1109189-3-800Wx800H?context=bWFzdGVyfHJvb3R8NzIzMTl8aW1hZ2UvanBlZ3xhREUyTDJnNU5TOHhNalV4T1RNNU5UWTFOVGN4TUM4eE1UQTVNVGc1TFROZk9EQXdWM2c0TURCSXwyNTdlYzVmOGY3M2E1ODJkM2Q3MDIxNzlkZWJmYjI1YzllNjZiMjk1NDUyZjdkZDFmMTEyNzcyOTlkZDk4NzIz,https://api.mybihr.com/medias/1109189-4-800Wx800H?context=bWFzdGVyfHJvb3R8MzQ4MjF8aW1hZ2UvanBlZ3xhRFJtTDJobFlTOHhNalV4T1RNNU5qQTBPRGt5Tmk4eE1UQTVNVGc1TFRSZk9EQXdWM2c0TURCSXxkMzExNWQ5NmU4NGQ3NTBkNWU2OTY2MmFiMThmZTI2YmMwOWExYzg1MjVmNTUyNGEwODNiODQwNWEyNTlmNDc0,,,,,,https://static.bihr.pro/eBihr/Pictures/BETA-pictures.zip,,Spain Warehouse (Parts)
1109539,,000421021,BETA,BETA 42N UNIT COMB WRENCH 21,Llaves combinadas BETA - 21mm,20.33,16.80,13.44,8014230959108,2,8204110000,0,0,"<p data-isautotranslation=""1""></p><p><strong>Características:</strong></p>
<ul>
<li>Grosor de cabeza reducido al mínimo, para permitir acceso a todos los espacios.</li>
<li>Valores de torque más que duplicados en comparación con los requerimientos a satisfacer bajo ISO 1711</li>
<li>Ergonomía mejorada que se traduce en una mayor transmisión de fuerza</li>
</ul>","

Características:

Grosor de cabeza reducido al mínimo, para permitir acceso a todos los espacios.
Valores de torque más que duplicados en comparación con los requerimientos a satisfacer bajo ISO 1711
Ergonomía mejorada que se traduce en una mayor transmisión de fuerza
",TOOLING & WS,TOOLING,TOOLING GENERAL,,,,,,,152,201,246,44,14,,,,,,,,,,,,,,,,,,,,https://api.mybihr.com/medias/1109539-1-800Wx800H?context=bWFzdGVyfHJvb3R8MTgwNzd8aW1hZ2UvanBlZ3xhREppTDJnNVppOHhNamN3TVRreE1ETXpOVFV4T0M4eE1UQTVOVE01TFRGZk9EQXdWM2c0TURCSXxjZjUzOTg0NTk3MjFmMjk2YWFiMjEzMDA4Y2YyMWE3N2ZiMTY1ZGNmYjlkNTE3YWNkZWZlZTE5ZjNhMGU1OWVm,https://api.mybihr.com/medias/1109539-2-800Wx800H?context=bWFzdGVyfHJvb3R8NDYwNjZ8aW1hZ2UvanBlZ3xhR0k0TDJoaFl5OHhNamN3TVRreE1EY3lPRGN6TkM4eE1UQTVOVE01TFRKZk9EQXdWM2c0TURCSXwzOWUyMDNkMjk2OThkY2MwMDgxYWM0OGNkM2RlNzdkY2EyYWE2M2MzYzMzNjhmMDMwZGQ4M2NmY2M1ODBiNTE5,https://api.mybihr.com/medias/1109539-3-800Wx800H?context=bWFzdGVyfHJvb3R8Mjg1Mjh8aW1hZ2UvanBlZ3xhR1ppTDJobVpDOHhNamN3TVRreE1URXlNVGsxTUM4eE1UQTVOVE01TFROZk9EQXdWM2c0TURCSXw2MzYzNmFlMDA5YzJjMmY1MmZhN2IzODFiYjY4N2FiODZmMDJmNTMxYzMxNzNmYzY0MzVjNmZiZjdkMmQ5NzQ2,,,,,,,https://static.bihr.pro/eBihr/Pictures/BETA-pictures.zip,,Spain Warehouse (Parts)
1050933,34700,000550167,BETA,BETA SET OF 7 KEYS WITH SUPPORT,JUEGO DE 7 LLAVES FIJAS CON SOPORTE BETA (55 /SP7),64.74,53.50,42.80,8014230486369,1,9018390000,0,1,"<p>Juego de 7 llaves fijas, incluye soporte de sobremesa + colgador de pared,&nbsp;de dos bocas abiertas:</p><p>&nbsp;</p><p>-6x7 mm.<br>-8x9 mm.<br>-10x11 mm.<br>-12x13 mm.<br>-14x15 mm.<br>-16x17 mm.<br>-18x19 mm.</p><p>&nbsp;</p><p><strong>Peso:</strong>&nbsp;920 gr.</p>","
Juego de 7 llaves fijas, incluye soporte de sobremesa + colgador de pared, de dos bocas abiertas:
 
-6x7 mm.-8x9 mm.-10x11 mm.-12x13 mm.-14x15 mm.-16x17 mm.-18x19 mm.
 
Peso: 920 gr.",TOOLING & WS,TOOLING,TOOLING GENERAL,,,,,,,2040,898,170,200,60,,,,,,,,,,,,,,,,,,,,https://api.mybihr.com/medias/1050933-1-800Wx800H?context=bWFzdGVyfHJvb3R8ODE4NTV8aW1hZ2UvanBlZ3xhR1V6TDJoalpTOHhOVFF5TmpBNE5ETXdOamszTkM4eE1EVXdPVE16TFRGZk9EQXdWM2c0TURCSXxmYjhhMDlmOTdiN2QxZDU1NGEzYmQ1MzJkZmJjMDZmZDk5NjI3NzE5N2M1OThjMGI0OTA1OGY5MTg0MWMwOTEy,,,,,,,,,https://static.bihr.pro/eBihr/Pictures/BETA-pictures.zip,,Spain Warehouse (Parts)
1109535,,000421010,BETA,BETA 42N UNIT COMB WRENCH 10,Llaves combinadas BETA - 10mm,10.16,8.40,6.72,8014230958996,2,8204110000,0,0,"<p data-isautotranslation=""1""></p><p><strong>Características:</strong></p>
<ul>
<li>Espesor de cabeza reducido al mínimo, para permitir acceso a todos los espacios.</li>
<li>Valores de torque más que duplicados en comparación con los requerimientos a satisfacer bajo ISO 1711</li>
<li>Ergonomía mejorada que se traduce en una mayor transmisión de fuerza</li>
</ul>","

Características:

Espesor de cabeza reducido al mínimo, para permitir acceso a todos los espacios.
Valores de torque más que duplicados en comparación con los requerimientos a satisfacer bajo ISO 1711
Ergonomía mejorada que se traduce en una mayor transmisión de fuerza
",TOOLING & WS,TOOLING,TOOLING GENERAL,,,,,,,15,35,127,20,6,,,,,,,,,,,,,,,,,,,,https://api.mybihr.com/medias/1109535-1-800Wx800H?context=bWFzdGVyfHJvb3R8MTgwNzd8aW1hZ2UvanBlZ3xhR0poTDJnd01TOHhNalk1T1RrM01qTXdORGt5Tmk4eE1UQTVOVE0xTFRGZk9EQXdWM2c0TURCSXxhNDkwMDhjYjJiZmVmYTFmMjVmNDBlYWE2MTc5MzliMjRiZTBiNjdmNWJmYjVlMTkyNTk1OGYxOWQ5YjMwNmNm,https://api.mybihr.com/medias/1109535-2-800Wx800H?context=bWFzdGVyfHJvb3R8NDYwNjZ8aW1hZ2UvanBlZ3xhRGd6TDJnd09TOHhNalk1T1RrM01qWTVPREUwTWk4eE1UQTVOVE0xTFRKZk9EQXdWM2c0TURCSXw4ZjY0ZDljM2JmNzM4NjBkNWExN2FjNTAxNzM0OTQ1NGNmNTY1NDBjYzA3N2IxMzY4YjA0ZTM3NTlmMWE5Mjlj,https://api.mybihr.com/medias/1109535-3-800Wx800H?context=bWFzdGVyfHJvb3R8Mjg1Mjh8aW1hZ2UvanBlZ3xhR05tTDJnMVpTOHhNalk1T1RrM016QTVNVE0xT0M4eE1UQTVOVE0xTFROZk9EQXdWM2c0TURCSXxhMjA2YTNiM2FlYTAwZDBhMDhlMzc2OWJkOTA1YTkxMGVhY2Y0NTc1OGU4OGY1NjQ1NmZjMjc2ZDdjOTJlNDhk,,,,,,,https://static.bihr.pro/eBihr/Pictures/BETA-pictures.zip,,Spain Warehouse (Parts)
1109538,,000421017,BETA,BETA 42N UNIT COMB WRENCH 17,Llaves combinadas BETA - 17mm,15.49,12.80,10.24,8014230959061,1,8204110000,0,0,"<p data-isautotranslation=""1""></p><p><strong>Características:</strong></p>
<ul>
<li>Espesor de cabeza reducido al mínimo, para permitir acceso a todos los espacios.</li>
<li>Valores de torque más que duplicados en comparación con los requerimientos que se deben satisfacer bajo la norma ISO 1711</li>
<li>Ergonomía mejorada que se traduce en una mayor transmisión de fuerza</li>
</ul>","

Características:

Espesor de cabeza reducido al mínimo, para permitir acceso a todos los espacios.
Valores de torque más que duplicados en comparación con los requerimientos que se deben satisfacer bajo la norma ISO 1711
Ergonomía mejorada que se traduce en una mayor transmisión de fuerza
",TOOLING & WS,TOOLING,TOOLING GENERAL,,,,,,,105,131,205,32,16,,,,,,,,,,,,,,,,,,,,https://api.mybihr.com/medias/1109538-1-800Wx800H?context=bWFzdGVyfHJvb3R8MTgwNzd8aW1hZ2UvanBlZ3xhREF4TDJnM1ppOHhNamN3TVRrd09URTFOVGczTUM4eE1UQTVOVE00TFRGZk9EQXdWM2c0TURCSXw0MWY0NzRkNDlhYWZhZDZmMGJiNTgxY2JjOTkxZDhiZjU5MGUyZTczMTQ5NjUzNjMwY2U0MmI3NjM5ZTNiY2Nl,https://api.mybihr.com/medias/1109538-2-800Wx800H?context=bWFzdGVyfHJvb3R8NDYwNjZ8aW1hZ2UvanBlZ3xhRGN6TDJnM01TOHhNamN3TVRrd09UVTBPVEE0Tmk4eE1UQTVOVE00TFRKZk9EQXdWM2c0TURCSXwwZjJiMGQ1NDNhNDdjMjhhNmVjOWM0YmIzMTEwODZlOTMxOTEwMzNmMzNhMzM5MzNkY2FiODQ0ZDc5ZjAyYjFj,https://api.mybihr.com/medias/1109538-3-800Wx800H?context=bWFzdGVyfHJvb3R8Mjg1Mjh8aW1hZ2UvanBlZ3xhR1F6TDJnMk15OHhNamN3TVRrd09UazBNak13TWk4eE1UQTVOVE00TFROZk9EQXdWM2c0TURCSXxlYmUzNTFkODAxYTRlYWViYWNjZjU2OWQ0ZWE4OTBlMzk0ZTdlOWYxM2JiMmUwZjRjZmNiZWE0YjU2YjUxMDZm,,,,,,,https://static.bihr.pro/eBihr/Pictures/BETA-pictures.zip,,Spain Warehouse (Parts)
1109537,,000421014,BETA,BETA 42N UNIT COMB WRENCH 14,Llaves combinadas BETA - 14mm,12.22,10.10,8.08,8014230959030,2,8204110000,0,0,"<p data-isautotranslation=""1""></p><p><strong>Características:</strong></p>
<ul>
<li>Espesor de la cabeza reducido al mínimo para acceder a todos los espacios.</li>
<li>Valores de torque más del doble en comparación con los requerimientos de la norma ISO 1711</li>
<li>Ergonomía mejorada que se traduce en una mayor transmisión de fuerza</li>
</ul>","

Características:

Espesor de la cabeza reducido al mínimo para acceder a todos los espacios.
Valores de torque más del doble en comparación con los requerimientos de la norma ISO 1711
Ergonomía mejorada que se traduce en una mayor transmisión de fuerza
",TOOLING & WS,TOOLING,TOOLING GENERAL,,,,,,,44,83,162,30,9,,,,,,,,,,,,,,,,,,,,https://api.mybihr.com/medias/1109537-1-800Wx800H?context=bWFzdGVyfHJvb3R8MTgwNzd8aW1hZ2UvanBlZ3xhR1ZqTDJoak9DOHhNamN3TVRrd056azNOakl5TWk4eE1UQTVOVE0zTFRGZk9EQXdWM2c0TURCSXwyMDc5MWE3MDc3ZTAwYzMwYmU4YjMwNDNkYTVhM2I4YTI4YmVjMmYwMmExNjMxYjBmNzQzNmRkOWZhOGZmOWU0,https://api.mybihr.com/medias/1109537-2-800Wx800H?context=bWFzdGVyfHJvb3R8NDYwNjZ8aW1hZ2UvanBlZ3xhR1JpTDJobE1TOHhNamN3TVRrd09ETTJPVFF6T0M4eE1UQTVOVE0zTFRKZk9EQXdWM2c0TURCSXw5YWVkNTU3NzExODQyYTVhOGRhMjVmYzg1ZGJlMmVlZDU5NTAzNzA0NjJmMjQ5MzYzNGFhNDU0NmQwMTNiOWNj,https://api.mybihr.com/medias/1109537-3-800Wx800H?context=bWFzdGVyfHJvb3R8Mjg1Mjh8aW1hZ2UvanBlZ3xhRE5oTDJoa05DOHhNamN3TVRrd09EYzJNalkxTkM4eE1UQTVOVE0zTFROZk9EQXdWM2c0TURCSXxkMTQwMmQ5YTQzMDcwNTc5Y2Q1OTcwN2RlOTVkNTZmZDI5MDhmOTQzZWE4NTE5NTRmZThkZmY4NmU4ZGI2MzM3,,,,,,,https://static.bihr.pro/eBihr/Pictures/BETA-pictures.zip,,Spain Warehouse (Parts)
1101147,,011500148,BETA,BETA COMBINATION PLIERS,"Alicates universales cromados brillantes BETA, mangos en bimaterial",35.70,29.50,23.60,8014230934112,1,4911101000,0,0,,,TOOLING & WS,TOOLING,TOOLING GENERAL,,,,,,,344,274,65,196,27,,,,,,,,,,,,,,,,,,,,https://api.mybihr.com/medias/1101147-1-800Wx800H?context=bWFzdGVyfHJvb3R8MjY2MDN8aW1hZ2UvanBlZ3xhRFl6TDJnNVppOHhNVE14T0RZNU16a3lNRGM1T0M4eE1UQXhNVFEzTFRGZk9EQXdWM2c0TURCSXw4OTcyOTRmOTFjNWU2NzZhODYzZmJlMjQ0MWE3MzJjMmU3ODM2OGE3ZGZjYjE2ZmZiOWUxZTRjMjFmZWY1MzEy,,,,,,,,,https://static.bihr.pro/eBihr/Pictures/BETA-pictures.zip,,Spain Warehouse (Parts)
1050935,34703,001920070,BETA,BETA SET OF 2 REVERSIBLE RATCHET,JUEGO DE 2 LLAVES REVERSIBLES ESTRELLA CARRACA CON ESTUCHE BETA (192 /S2),89.54,74.00,59.20,8014230572420,4,9018390000,0,1,"<p>Juego de 2 llaves de estrella de carraca reversible. Ángulo de retorno 5º.<br><br>- <strong>Llave 1:</strong> 8x10/12x13mm.<br><strong>L:</strong> 160mm. <strong>Ø:</strong> 21mm. <strong>Ø1:</strong> 26mm. <strong>S:</strong> 14mm. <strong>S1:</strong> 15mm. <strong>Peso:</strong> 100gr.<br><br>- <strong>Llave 2:</strong> 16x17/18x19mm.<br><strong>L:</strong> 230mm. <strong>Ø:</strong> 34mm. <strong>Ø1:</strong> 35,5mm. <strong>S:</strong> 18mm, <strong>S1:</strong> 20mm. <strong>Peso:</strong>&nbsp;260gr.</p>","
Juego de 2 llaves de estrella de carraca reversible. Ángulo de retorno 5º.- Llave 1: 8x10/12x13mm.L: 160mm. Ø: 21mm. Ø1: 26mm. S: 14mm. S1: 15mm. Peso: 100gr.- Llave 2: 16x17/18x19mm.L: 230mm. Ø: 34mm. Ø1: 35,5mm. S: 18mm, S1: 20mm. Peso: 260gr.",TOOLING & WS,TOOLING,TOOLING GENERAL,,,,,,,902,394,99,294,31,,,,,,,,,,,,,,,,,,,,https://api.mybihr.com/medias/1050935-1-800Wx800H?context=bWFzdGVyfHJvb3R8MTg5OTN8aW1hZ2UvanBlZ3xhRGt4TDJoa01DOHhOVFF5TmpBNE5UQTVNelF3Tmk4eE1EVXdPVE0xTFRGZk9EQXdWM2c0TURCSXwxNjgzNDQ3MzNjMDgwMjZmYjU0MmQxMDE0ZjE3YWQ3YzgxNzIyMDVhNzA4NjVlNzNkNGNhYWQwYmY0OWY5NTJj,https://api.mybihr.com/medias/1050935-2-800Wx800H?context=bWFzdGVyfHJvb3R8MTkxNjl8aW1hZ2UvanBlZ3xhREEwTDJoak15OHhOVFF5TmpBNE5UUTROall5TWk4eE1EVXdPVE0xTFRKZk9EQXdWM2c0TURCSXxiYjZlYWI5N2Y0N2VjOGE3OWFiY2FiNzYzYjdlMWMwYmQ1OTI1NzkzZmFiYjI0MjQ0NjljMDM5ZjY5NmZiMzBh,,,,,,,,https://static.bihr.pro/eBihr/Pictures/BETA-pictures.zip,,Spain Warehouse (Parts)
1101148,,024240005,BETA,BETA COMBI. WRENCHES THERMOF. TRAY,Termoformado rígido con llaves combinadas BETA - 16 herramientas,226.27,187.00,149.60,8054809160863,0,4911101000,1,0,,,TOOLING & WS,TOOLING,TOOLING GENERAL,,,,,,,3249,1570,159,393,52,,,,,,,,,,,,,,,,,,,,https://api.mybihr.com/medias/1101148-1-800Wx800H?context=bWFzdGVyfHJvb3R8MjY3ODZ8aW1hZ2UvanBlZ3xhRGxsTDJnMlpDOHhNRGcyTlRJMU56RXhPVGMzTkM4eE1UQXhNVFE0TFRGZk9EQXdWM2c0TURCSXxhYWJlZGVjMTc1NWMwMzFkODc3YjBiMThhYzQ1NTc3ODgyNzdkZWU0ZDc5Mzg0YmQ5ZGY5OTJiYmYwNzU3MmYy,,,,,,,,,https://static.bihr.pro/eBihr/Pictures/BETA-pictures.zip,,Spain Warehouse (Parts)
1050944,34715,009860048,BETA,BETA SCREWDRIVER PNEUMATIC VALVE,DESTORNILLADOR DE VÁLVULAS NEUMÁTICAS BETA (986 48),23.96,19.80,15.84,8014230740072,1,8467119000,0,1,<p>Destornillador para válvulas neumáticos modelo corto. Especialmente indicado para ruedas de diámetro pequeño tipo scooter.</p><p>&nbsp;</p><p><strong>Dimensiones:&nbsp; </strong>18x48 mm.</p><p><strong>Peso: </strong>16 g.</p>,"
Destornillador para válvulas neumáticos modelo corto. Especialmente indicado para ruedas de diámetro pequeño tipo scooter.
 
Dimensiones:  18x48 mm.
Peso: 16 g.",TOOLING & WS,TOOLING,TOOLING GENERAL,,,,,,,16,18,52,18,17,,,,,,,,,,,,,,,,,,,,https://api.mybihr.com/medias/1050944-1-800Wx800H?context=bWFzdGVyfHJvb3R8MzQ5NTR8aW1hZ2UvanBlZ3xhREJoTDJobU1TOHhOVFF5TmpBNE9UZ3hNVGs1T0M4eE1EVXdPVFEwTFRGZk9EQXdWM2c0TURCSXw1NjEzZWE1Zjk1ZDVlOGExYjQ1ZmVlZmZjNzZkZTQyMzk4MjhlM2NlMmYxMjI2OGUyMjg2MDEwZDExNzM4ZTdk,,,,,,,,,https://static.bihr.pro/eBihr/Pictures/BETA-pictures.zip,,Spain Warehouse (Parts)
1121723,,007280065,BETA,BETA 728 65 IMPACT SOCKET NORMAL SERIES,Vaso de impacto BETA Normal Series 65mm,201.49,166.52,108.24,8014230783703,0,8204200000,0,1,"<ul>
	<li>Ø : 88mm</li>
	<li>L : 78mm</li>
	<li>Ø1 : 54mm</li>
	<li>A : 38mm</li>
</ul>
","
	Ø : 88mm
	L : 78mm
	Ø1 : 54mm
	A : 38mm

",TOOLING & WS,TOOLING,TOOLING GENERAL,,,,,,,830,1573,95,95,92,,,,,,,,,,,,,,,,,,,,https://api.mybihr.com/medias/800Wx800H-1121723-1.jpg?context=bWFzdGVyfHJvb3R8NTM1OTN8aW1hZ2UvanBlZ3xhREkxTDJnMk1DOHpNak00T1RVNU16WTJNVFEzTUM4NE1EQlhlRGd3TUVoZk1URXlNVGN5TXkweExtcHdad3xmYjg1YmRmYjI0YjZkZTEyN2Y5MmIxMjhlOTMxNGVjMjZjMGE1NjM3MGQyNGRhMTg5MzU3MjZiNTEzMGRkZDA4,https://api.mybihr.com/medias/800Wx800H-1121723-2.jpg?context=bWFzdGVyfHJvb3R8Njc2OTF8aW1hZ2UvanBlZ3xhR1ZqTDJnd1lTOHpNak00T1RVNU5EQTFORFk0Tmk4NE1EQlhlRGd3TUVoZk1URXlNVGN5TXkweUxtcHdad3wyOWI2YTJiNGUxZjY0NzM1Y2Y5ZmI4NGU0N2I1NDM0MmM5ZDFjYTNiNmI5ZTBiODVjMGQ3NmFmYzVkMzhkODVl,,,,,,,,https://static.bihr.pro/eBihr/Pictures/BETA-pictures.zip,,Spain Warehouse (Parts)
1121724,,009280807,BETA,BETA 928/16 FEMALE RISER 3/4 MALE 1,Adaptador con cuadrado BETA hembra 3/4” y macho 1”,28.80,23.80,19.04,8014230036335,0,8204200000,0,1,<p>Adaptador con cuadrado hembra 3/4” y macho 1”</p>,"
Adaptador con cuadrado hembra 3/4” y macho 1”",TOOLING & WS,TOOLING,TOOLING GENERAL,,,,,,,66,310,65,34,30,,,,,,,,,,,,,,,,,3/4' (F) –  1'' (M),,,https://api.mybihr.com/medias/800Wx800H-1121724-1.jpg?context=bWFzdGVyfHJvb3R8MjI5MzF8aW1hZ2UvanBlZ3xhR0V3TDJnd01pOHpNak00T1RVNU5EUTBOemt3TWk4NE1EQlhlRGd3TUVoZk1URXlNVGN5TkMweExtcHdad3wwNGIyZDVhMjE1YWUyOWU2MThjZDc3NjM0NzJiYWYzNWNjOWIyNjMzMDYyZWNhODY4N2JjMmE0MmY4NzEyY2Vk,,,,,,,,,https://static.bihr.pro/eBihr/Pictures/BETA-pictures.zip,,Spain Warehouse (Parts)
1121725,,009290065,BETA,BETA 929 65 6 POINT SOCKET,Llaves de vaso BETA hexagonal 65mm,190.99,157.84,102.60,8014230036519,0,8204200000,0,1,"<ul>
	<li>65mm</li>
	<li>Ø : 88mm</li>
	<li>L : 95mm</li>
	<li>Ø1 : 54mm</li>
	<li>A : 44mm</li>
</ul>
","
	65mm
	Ø : 88mm
	L : 95mm
	Ø1 : 54mm
	A : 44mm

",TOOLING & WS,TOOLING,TOOLING GENERAL,,,,,,,1060,1616,104,103,99,,,,,,,,,,,,,,,,,,,,https://api.mybihr.com/medias/800Wx800H-1121725-1.jpg?context=bWFzdGVyfHJvb3R8NTA2MTZ8aW1hZ2UvanBlZ3xhRFF4TDJneE1DOHpNak00T1RVNU5EZzBNVEV4T0M4NE1EQlhlRGd3TUVoZk1URXlNVGN5TlMweExtcHdad3wyZjI2MTRjMjc4NGI0MDNiMjY5MWI2OTQzNTk4ZmMxN2JkZmFlODE3YzA3MWI3NTcxOWY4NzJkNjUxM2M3NzRm,https://api.mybihr.com/medias/800Wx800H-1121725-2.jpg?context=bWFzdGVyfHJvb3R8NTQ5MDl8aW1hZ2UvanBlZ3xhRGRoTDJnMk5TOHpNak00T1RVNU5USXpORE16TkM4NE1EQlhlRGd3TUVoZk1URXlNVGN5TlMweUxtcHdad3wxY2M2ODdmZmMyNmFiMzVkMWIxNzk0YjdmYWNkOGZiMWUwODMxNzA4YTE5MjU4MmU2Mjk1NGI1Y2VmZDQ4NTBh,,,,,,,,https://static.bihr.pro/eBihr/Pictures/BETA-pictures.zip,,Spain Warehouse (Parts)
1118857,,009000947,BETA,BETA 900/C39N CASE 21 BITS,"Surtido BETA de 11 llaves de vaso hexagonales, 21 puntas de atornillar y 7 accesorios, con carraca reversible, en caja de plástico",258.94,214.00,171.20,8054809238494,0,8204200000,0,1,"<ul>
	<li>Compacto y f&aacute;cil de llevar</li>
	<li>Pr&aacute;ctico, f&aacute;cil de quitar y poner las puntas</li>
	<li>Personalizable</li>
</ul>
","
	Compacto y fácil de llevar
	Práctico, fácil de quitar y poner las puntas
	Personalizable

",TOOLING & WS,TOOLING,TOOLING GENERAL,,,,,,,1933,836,208,169,55,,,,,,,,,,,,,,,,,,,,https://api.mybihr.com/medias/1118857-1-800Wx800H?context=bWFzdGVyfHJvb3R8NTk0MTN8aW1hZ2UvanBlZ3xhRFpqTDJoaVppOHlOamM1TmprM01EVTBNVEE0Tmk4eE1URTRPRFUzTFRGZk9EQXdWM2c0TURCSXw0NWJhNzNjZTgyMGJiMWJmODY3NWJiOTk1Y2ViZTFmZDU3ZDhhZjk3ZmIzNDllYWU4ZGQ3NmE0ODkwMWVkZDMz,https://api.mybihr.com/medias/1118857-2-800Wx800H?context=bWFzdGVyfHJvb3R8NzU5OTl8aW1hZ2UvanBlZ3xhR1k1TDJoall5OHlOamM1TmprM01Ea3pORE13TWk4eE1URTRPRFUzTFRKZk9EQXdWM2c0TURCSXwwYWMxZmMxNmEzNTY4Mjg0ZThjMzI3MGJiZDU3OWYyYmU2YjFmM2RhMjM3OTMzZWQ4OGZkNWM2OTE4NzRlNzU4,https://api.mybihr.com/medias/1118857-3-800Wx800H?context=bWFzdGVyfHJvb3R8ODcxMzN8aW1hZ2UvanBlZ3xhR05rTDJoa1pDOHlOamM1TmprM01UTXlOelV4T0M4eE1URTRPRFUzTFROZk9EQXdWM2c0TURCSXxmZTgzYzU1MGMxZjMzNzA0MjZiMjY0MjdlZmNhMjg3MzhjZmZhY2JlYjg3Njk0Y2YxOGNkZDNiOGNjOThmYWI4,https://api.mybihr.com/medias/1118857-4-800Wx800H?context=bWFzdGVyfHJvb3R8ODgzODR8aW1hZ2UvanBlZ3xhREprTDJoa01DOHlOamM1TmprM01UY3lNRGN6TkM4eE1URTRPRFUzTFRSZk9EQXdWM2c0TURCSXxmYThhZWM5Y2ZjYWEwOGI3ZWJjN2ZlOTU5NTg0ODlhMzA4MmI1N2VhODZlMTQ2YjE3ZDA3OTRkMDZiNWQ1NzUz,https://api.mybihr.com/medias/1118857-5-800Wx800H?context=bWFzdGVyfHJvb3R8ODc4Njl8aW1hZ2UvanBlZ3xhR1kwTDJnM1lTOHlOamM1TmprM01qRXhNemsxTUM4eE1URTRPRFUzTFRWZk9EQXdWM2c0TURCSXwyOGJhZWUyNDY4MWM0NjYxNzg4MGU4NDJlYTk4NGMxZGI0ZWUyYjQ4NTAxNTdhYThlY2RiM2I3NWY0NTRhMjY3,https://api.mybihr.com/medias/1118857-6-800Wx800H?context=bWFzdGVyfHJvb3R8MzUxNTl8aW1hZ2UvanBlZ3xhRFkyTDJnMlpDOHlOamM1TmprM01qVXdOekUyTmk4eE1URTRPRFUzTFRaZk9EQXdWM2c0TURCSXw5OTRjYWNkYjY2N2E0MzE3NTg2OWVjYWU0OTkwM2U5MzJjNmU4M2M2NGUyMzM0ODc1MjE3Y2RjNDU2OTQzYjBj,https://api.mybihr.com/medias/1118857-7-800Wx800H?context=bWFzdGVyfHJvb3R8MzQxODJ8aW1hZ2UvanBlZ3xhR00xTDJnMVppOHlOamM1TmprM01qa3dNRE00TWk4eE1URTRPRFUzTFRkZk9EQXdWM2c0TURCSXwyNjRkMGVhYWRjNTZmZTRmY2VkMmQ3NDMyNmJhYzNjOWZjYmVkMjMzNTdiODJjMjFjNGJhNDRjMDg5ZjFjNTE2,https://api.mybihr.com/medias/1118857-8-800Wx800H?context=bWFzdGVyfHJvb3R8NzMwNTB8aW1hZ2UvanBlZ3xhR1JqTDJnd1l5OHlOamM1TmprM016STVNelU1T0M4eE1URTRPRFUzTFRoZk9EQXdWM2c0TURCSXxhNzk5NjZlMThkZmFiZmVkZjE4YzgxZDU0ZDdjMDViOGY3OWRkZTZmNTNmNGZhMDA5MTZlMjRkNjM3MDgxMjk1,https://api.mybihr.com/medias/1118857-9-800Wx800H?context=bWFzdGVyfHJvb3R8NTAzMTR8aW1hZ2UvanBlZ3xhR0l3TDJnd01DOHlOamM1TmprM016WTROamd4TkM4eE1URTRPRFUzTFRsZk9EQXdWM2c0TURCSXxlYTI2MmU3YjRmM2U0OTE2YTdmMTEzYjJiZTAyYTlhNjVmYjI1MDFkNDVjM2QxNTE0YzM2NjZlN2E4Nzg5YjZl,https://static.bihr.pro/eBihr/Pictures/BETA-pictures.zip,,Spain Warehouse (Parts)
1113769,,009000971,BETA,BETA SET OF 11 SOCKET 6PTS,Juego de llaves BETA con 11 vasos hexagonales 20 puntas y 8 accesorios,282.54,233.50,186.80,8014230617572,0,8204200000,0,0,"<p>Con este set de herramientas tendr&aacute;s siempre lo necesario para las partes m&aacute;s importantes de la moto.</p><p>Contiene 39 piezas, llaves de diferentes tama&ntilde;os, piezas, trinquetes y extensores. Un kit muy asequible con una calidad impresionante.</p><p>11 llaves de vaso hexagonales, 20 punta para tornillos y 8 accesorios (861LP, 861PE, 861PH, 861TX, 895/1, 900, 900/16, 900/20, 900/25, 900BG/30, 900/42, 900/55).</p>","
Con este set de herramientas tendrás siempre lo necesario para las partes más importantes de la moto.
Contiene 39 piezas, llaves de diferentes tamaños, piezas, trinquetes y extensores. Un kit muy asequible con una calidad impresionante.
11 llaves de vaso hexagonales, 20 punta para tornillos y 8 accesorios (861LP, 861PE, 861PH, 861TX, 895/1, 900, 900/16, 900/20, 900/25, 900BG/30, 900/42, 900/55).",TOOLING & WS,TOOLING,TOOLING GENERAL,,,,,,,1852,1380,270,140,49,,,,,,,,,,,,,,,,,,,,https://api.mybihr.com/medias/1113769-1-800Wx800H?context=bWFzdGVyfHJvb3R8MTE4NTEzfGltYWdlL2pwZWd8YURBeEwyZ3pOeTh4TkRNd09UTTRPVEF3T0RreU5pOHhNVEV6TnpZNUxURmZPREF3VjNnNE1EQkl8ZDExMDJhMjMwZDcwZjhjN2IyOWE4OWUyMDFhYWQ0MjkwYzc3OTk2NWVhY2EzMTEwNGRlYzYzZWQ3OWM5OWVlMg,,,,,,,,,https://static.bihr.pro/eBihr/Pictures/BETA-pictures.zip,,Spain Warehouse (Parts)
1050956,34739,016870150,BETA,BETA SET OF 4 NEEDLES,JUEGO 4 AGUJAS 1687 BETA (1687 /S4),33.28,27.50,22.00,8014230472478,1,9018390000,0,1,<p>Juego de 4 agujas de precisión con mango:</p><p>-Aguja de precisión doblada en 90º. </p><p>-Aguja de precisión doblada en 90º corta. </p><p>-Aguja de precisión recta. </p><p>-Aguja de precisión de garfio. <br><br><strong>Longitud de cada aguja:</strong> 80 mm.<br><strong>Longitud del mango:</strong> 153 mm.</p>,"
Juego de 4 agujas de precisión con mango:
-Aguja de precisión doblada en 90º. 
-Aguja de precisión doblada en 90º corta. 
-Aguja de precisión recta. 
-Aguja de precisión de garfio. Longitud de cada aguja: 80 mm.Longitud del mango: 153 mm.",TOOLING & WS,TOOLING,TOOLING GENERAL,,,,,,,216,126,60,120,30,,,,,,,,,,,,,,,,,,,,https://api.mybihr.com/medias/1050956-1-800Wx800H?context=bWFzdGVyfHJvb3R8Mjc3OTZ8aW1hZ2UvanBlZ3xhR0l4TDJnME5TOHhOVFF5TmpBNU9UWTBNak01T0M4eE1EVXdPVFUyTFRGZk9EQXdWM2c0TURCSXw0NTA4NDg4YzZhMzRhNTg5ODA1NTkwZGIyZjkwNzI3MTJmOTE1ZjkyMmVlNTQyODUxYzIyOTkxY2JlYmFhNDVj,https://api.mybihr.com/medias/1050956-2-800Wx800H?context=bWFzdGVyfHJvb3R8MjY2MTR8aW1hZ2UvanBlZ3xhR014TDJnek55OHhOVFF5TmpFd01EQXpOVFl4TkM4eE1EVXdPVFUyTFRKZk9EQXdWM2c0TURCSXw0MzBmM2MyNjcwODE5ZDIzMmI1ZjdlNmZkNjE3NGIwZGZkNThmODBhOThiODY3NGU5MGU5YWMyY2VlY2IxMzNh,https://api.mybihr.com/medias/1050956-3-800Wx800H?context=bWFzdGVyfHJvb3R8MjU4MDN8aW1hZ2UvanBlZ3xhRE0wTDJneVlTOHhOVFF5TmpFd01EUXlPRGd6TUM4eE1EVXdPVFUyTFROZk9EQXdWM2c0TURCSXxjZDVmNzg3YjllMDY5ODFiYmU3NWEyNmVlNzg1ZWM4NWFhMTM4ZDFjOGE3MGY5ZTNlNzhhMDgwNjg2NDI1ODY2,https://api.mybihr.com/medias/1050956-4-800Wx800H?context=bWFzdGVyfHJvb3R8MjcyMTR8aW1hZ2UvanBlZ3xhRGt5TDJneFl5OHhOVFF5TmpFd01EZ3lNakEwTmk4eE1EVXdPVFUyTFRSZk9EQXdWM2c0TURCSXxiMWQ1OWE5YjFhOGEyZGZjMmFlMThjMjEyZjM1YzQxNDk2NDk1ZjM2YzJiMDE5ZjYyYTc1OThhNmQ2NDVmZWE0,,,,,,https://static.bihr.pro/eBihr/Pictures/BETA-pictures.zip,,Spain Warehouse (Parts)
1114339,,024240233,BETA,BETA THER TRAY 4 HAMMERS,Bandeja rígida termoformada BETA con surtido de herramientas - T223,92.99,76.85,61.48,8014230510309,0,8204200000,0,0,"<p>Incluye:</p>
<ul>
	<li>2 cortafr&iacute;os planos tipo nervado 100-200 mm</li>
	<li>1 martillo de mec&aacute;nico tipo franc&eacute;s 32 mm</li>
	<li>1 mazo de cabeza intercambiable de pl&aacute;stico &Oslash; 35 mm &Oslash; 35 mm</li>
</ul>
","
Incluye:

	2 cortafríos planos tipo nervado 100-200 mm
	1 martillo de mecánico tipo francés 32 mm
	1 mazo de cabeza intercambiable de plástico Ø 35 mm Ø 35 mm

",TOOLING & WS,TOOLING,TOOLING GENERAL,,,,,,,3833,1697,413,160,58,,,,,,,,,,,,,,,,,,,,https://api.mybihr.com/medias/1114339-1-800Wx800H?context=bWFzdGVyfHJvb3R8NTI0NzZ8aW1hZ2UvanBlZ3xhRGxqTDJoak1pOHhORFV5TURBMU9UY3lNemd3Tmk4eE1URTBNek01TFRGZk9EQXdWM2c0TURCSXw1ZWZhNDJhNzAwZTVhZTUzZjNjODcyYzIwZmI1YWE1NWQxYmYxNWFkODAwNmNmNmNjZGMzZmM3YTRkMWIzOTYy,https://api.mybihr.com/medias/1114339-2-800Wx800H?context=bWFzdGVyfHJvb3R8MzE5NTl8aW1hZ2UvanBlZ3xhRFl5TDJnME1DOHhORFV5TURBMk1ERXhOekF5TWk4eE1URTBNek01TFRKZk9EQXdWM2c0TURCSXxjMGQxMmE4NjQ4ZGI2YmFkYTE1YjczMDUxY2MwZjM0NzIxNTNkYmE1Y2YxY2JhZTJjNmQ1ODY1OGJjYmVmNmIz,,,,,,,,https://static.bihr.pro/eBihr/Pictures/BETA-pictures.zip,https://api.mybihr.com/medias/T233.pdf?context=bWFzdGVyfHJvb3R8MTk0MDcyfGFwcGxpY2F0aW9uL3BkZnxhR0ZtTDJoalppOHhOamMxTVRBNU56QXlNRFEwTmk5VU1qTXpMbkJrWmd8NmE3YzY0YTkxYjIyNGRiNDMxZjc5YWIwN2ExY2E3MWRlOTg3YTg1NWZjNGI4ODQ3YzYxMmYzNzAwYzRjYjVjNA,Spain Warehouse (Parts)
1113770,,000310420,BETA,BETA SET OF 6 PIN PUNCHES,Juego de botadoras BETA con mango,143.99,119.00,95.20,8014230571058,0,8205598000,0,0,<p>Una herramienta estable asegura una percusi&oacute;n m&aacute;s potente y precisa:</p><ul><li>Absorci&oacute;n de los choques</li><li>Mango seguro</li><li>Protecci&oacute;n de la mano</li></ul><p>&nbsp;</p>,"
Una herramienta estable asegura una percusión más potente y precisa:Absorción de los choquesMango seguroProtección de la mano
 ",TOOLING & WS,TOOLING,TOOLING GENERAL,,,,,,,2145,801,304,147,48,,,,,,,,,,,,,,,,,,,,https://api.mybihr.com/medias/1113770-1-800Wx800H?context=bWFzdGVyfHJvb3R8NjcwMjJ8aW1hZ2UvanBlZ3xhRFl3TDJneU9TOHhORE13T1RNNE9UUXdNakUwTWk4eE1URXpOemN3TFRGZk9EQXdWM2c0TURCSXwyMTE2MzgyZTBlZWIzZjg0MzgzZjU0OTNlYjIyODE0YjIyYWJjYTI0YmRiNmMyM2EzYzNhZDM1OGYxZjY4YzY3,https://api.mybihr.com/medias/1113770-2-800Wx800H?context=bWFzdGVyfHJvb3R8MTkyNTB8aW1hZ2UvanBlZ3xhREl6TDJneFpTOHhORE13T1RNNE9UYzVOVE0xT0M4eE1URXpOemN3TFRKZk9EQXdWM2c0TURCSXxjZWI0NTRmYjliNjRhNzQ5ZTllYmFlNjdmZjdkMzdhMGJiNTRkYzk3NDFhZjBhNjNhMmQ5NmU3NWMzMzE0ODQx,https://api.mybihr.com/medias/1113770-3-800Wx800H?context=bWFzdGVyfHJvb3R8Nzc3NjN8aW1hZ2UvanBlZ3xhR1JpTDJobE5DOHhORE13T1RNNU1ERTRPRFUzTkM4eE1URXpOemN3TFROZk9EQXdWM2c0TURCSXw3ZjljOGQ4MTBjOTFkYjQ3YTQyNWFiMzZmZmNlOTk0MzkxNDM5ZTM3YWQzODlhMTYzMGU5OTQ1ZjcwYTAxMWY3,https://api.mybihr.com/medias/1113770-4-800Wx800H?context=bWFzdGVyfHJvb3R8NDA2NzB8aW1hZ2UvanBlZ3xhRGRpTDJobU1pOHhORE13T1RNNU1EVTRNVGM1TUM4eE1URXpOemN3TFRSZk9EQXdWM2c0TURCSXwyNTNkNDE5MzJmMTgzZDg1ZmViN2QxMzMzMzAwNmM4YzIyOWQ2YjBmYjk0NTE1YjE4MTI4ZTE4ZjA4ZTI1ZjZm,,,,,,https://static.bihr.pro/eBihr/Pictures/BETA-pictures.zip,,Spain Warehouse (Parts)
1111404,,013900045,BETA,BETA SOFT HAMM SIZE 45 WOODEN SHAFTS,Mazo de cabeza BETA intercambiable de plástico mango de madera - Talla 45,80.47,66.50,53.20,8014230044118,0,3926909790,0,1,<p>Wooden Shafts Hammer</p>,"
Wooden Shafts Hammer",TOOLING & WS,TOOLING,TOOLING GENERAL,,,,,,,1545,765,318,108,45,,,,,,,,,,,,,,,,,,,,https://api.mybihr.com/medias/1111404-1-800Wx800H?context=bWFzdGVyfHJvb3R8MTE0MDB8aW1hZ2UvanBlZ3xhREV4TDJnd1pDOHhORE13TWpRNU9EVTFNemc0Tmk4eE1URXhOREEwTFRGZk9EQXdWM2c0TURCSXw0YjNhN2ZhMjdmYmIzYzg1YzgwZTVmNDEwNzQ0OTRiYTE5MWMyYTFkMWE4YzJiZDI4MzRlOTk0YTAxZGEyYTJl,,,,,,,,,https://static.bihr.pro/eBihr/Pictures/BETA-pictures.zip,,Spain Warehouse (Parts)
1119126,,000310324,BETA,BETA SET OF 6 PIN PUNCHES,Juego de 6 botadores cilíndricos BETA con estuche enrollable,87.73,72.50,58.00,8054809245775,0,8205598000,0,1,"<p>​Juego de 6 botadores de pasadores el&aacute;sticos (art. 31SE)<br>
en estuche porta-herramientas enrollable en poli&eacute;ster</p>
<p>​<strong>31L:</strong>&nbsp;4-5-6 mm<br>
<strong>31SE:</strong>&nbsp;4-5-6 mm</p>","
​Juego de 6 botadores de pasadores elásticos (art. 31SE)
en estuche porta-herramientas enrollable en poliéster

​31L: 4-5-6 mm
31SE: 4-5-6 mm",TOOLING & WS,TOOLING,TOOLING GENERAL,,,,,,,1329,594,264,95,53,,,,,,,,,,,,,,,,,,,,https://api.mybihr.com/medias/1119126-1-800Wx800H?context=bWFzdGVyfHJvb3R8Njk1MjJ8aW1hZ2UvanBlZ3xhREU0TDJoa1pTOHlPREE1T0RreU9EWTBNREF6TUM4eE1URTVNVEkyTFRGZk9EQXdWM2c0TURCSXw3Zjc1OWYzMmNhNjcwMzRiNDRiY2M5ZTljNjBkZWI5YzI3NzY1NGMzMjU0MmY2NjZjYWM3N2VmMDUwYjQ0YTc0,,,,,,,,,https://static.bihr.pro/eBihr/Pictures/BETA-pictures.zip,,Spain Warehouse (Parts)
1113771,,000421087,BETA,BETA SET OF 9 COMBINATION WRENCHES,Juego de 9 llaves combinadas BETA con soporte compacto,125.24,103.50,82.80,8014230959214,0,8204110000,0,0,"<p>Llave combinada elegante y &aacute;gil, aligerada en sus l&iacute;neas y m&aacute;s ligera al tacto, con espesores de cabezas reducidos al m&iacute;nimo posible para intervenir correctamente en cualquier espacio.</p><p>Valores de par m&aacute;s que dobles con respecto a los requisitos de la norma ISO 1711.</p>","
Llave combinada elegante y ágil, aligerada en sus líneas y más ligera al tacto, con espesores de cabezas reducidos al mínimo posible para intervenir correctamente en cualquier espacio.
Valores de par más que dobles con respecto a los requisitos de la norma ISO 1711.",TOOLING & WS,TOOLING,TOOLING GENERAL,,,,,,,1,1,10,10,10,,,,,,,,,,,,,,,,,,,,https://api.mybihr.com/medias/1113771-1-800Wx800H?context=bWFzdGVyfHJvb3R8NDM4NzR8aW1hZ2UvanBlZ3xhR1kyTDJobVppOHhORE13T1RNNU1EazNOVEF3Tmk4eE1URXpOemN4TFRGZk9EQXdWM2c0TURCSXxkNWYyMDRhYWFmYWRlZmUyM2YzYmFiMTAwYjIxMWIzNzRkNDIyMDE1YTg4N2Q4YTAxNTkwYzFiZjJhNGQwMWNm,,,,,,,,,https://static.bihr.pro/eBihr/Pictures/BETA-pictures.zip,,Spain Warehouse (Parts)
1107026,,000421088,BETA,BETA SET 9 WRENCHES WITH SUPPORT,Juego de 9 llaves combinadas BETA con soporte compacto,130.68,108.00,86.40,8014230959221,0,8204110000,0,0,"<p data-isautotranslation=""1""></p><p>&bull; Soporte compacto, práctico y fácil de llevar<br>
&bull; Tamaño de la llave identificado rápidamente<br>
&bull; Llave asegurada de forma segura en el soporte</p>
<p>Juego de 9 llaves combinadas con soporte compacto 8-10-11-12-13-16-17-18-19 mm</p>","

• Soporte compacto, práctico y fácil de llevar
• Tamaño de la llave identificado rápidamente
• Llave asegurada de forma segura en el soporte

Juego de 9 llaves combinadas con soporte compacto 8-10-11-12-13-16-17-18-19 mm",TOOLING & WS,TOOLING,TOOLING GENERAL,,,,,,,1930,962,337,83,69,,,,,,,,,,,,,,,,,,,,https://api.mybihr.com/medias/1107026-1-800Wx800H?context=bWFzdGVyfHJvb3R8MzA3MTJ8aW1hZ2UvanBlZ3xhRGMzTDJnNE1TOHhNalE1TVRFMU5EQTVOakUxT0M4eE1UQTNNREkyTFRGZk9EQXdWM2c0TURCSXw3MDU5ZTA4OTU1ZjNhMzg3YzM3YTNjZmIxZGJjMmE1ZDVhZDZlYTJhZDgxMjIzYzE4MTMxZWU2ODhiZTJkYTY1,,,,,,,,,https://static.bihr.pro/eBihr/Pictures/BETA-pictures.zip,,Spain Warehouse (Parts)
1113772,,000421074,BETA,BETA SET WRENCH,Juego de 9 llaves combinadas BETA en estuche porta-herramientas enrollable de poliéster,117.37,97.00,77.60,8054809245836,0,8204110000,0,0,<p>6-7-8-10-11-13-14-17-19 mm</p>,"
6-7-8-10-11-13-14-17-19 mm",TOOLING & WS,TOOLING,TOOLING GENERAL,,,,,,,1878,810,341,81,68,,,,,,,,,,,,,,,,,,,,https://api.mybihr.com/medias/1113772-1-800Wx800H?context=bWFzdGVyfHJvb3R8ODE2MzV8aW1hZ2UvanBlZ3xhR1JtTDJobFlpOHhORE0xTkRrMU5UQXhNREEzT0M4eE1URXpOemN5TFRGZk9EQXdWM2c0TURCSXwwNWM1Y2RlOTc2YmQyNGU0MzI1YjU2YTZkNjY2M2NkODMwNGE1MmQyMGE4MDhjMjJkMGI2ZDM0YjI4ZmE5Y2Zm,,,,,,,,,https://static.bihr.pro/eBihr/Pictures/BETA-pictures.zip,,Spain Warehouse (Parts)
1107027,,006690205,BETA,BETA 669N CLICK TYPE TORQUE BARS 3PCT,"Barras dinamométricas de resorte BETA, unión rectangular para aprietes a la derecha y a la izquierda precisión de apriete ± 3%",379.94,314.00,251.20,8014230782096,0,8204200000,0,0,"<p><strong>Click-type torque bars :</strong></p>
<ul>
	<li>square Drive Size :&nbsp;9x12mm</li>
	<li>for right-hand and left-hand tightening</li>
	<li>accuracy: &plusmn;3%</li>
	<li>scale increased by 60% for improved visibility and setting accuracy</li>
	<li>torque adjusting speed increased by 40%</li>
	<li>handle and lens materials resistant to chemical substances</li>
	<li>red colour of o-ring indicates that wrench is unlocked and torque can be adjusted</li>
	<li>recalibration reminder shows time to recalibrate wrench (4 steps: 3, 6, 9 and 12 months)</li>
</ul>
","
Click-type torque bars :

	square Drive Size : 9x12mm
	for right-hand and left-hand tightening
	accuracy: ±3%
	scale increased by 60% for improved visibility and setting accuracy
	torque adjusting speed increased by 40%
	handle and lens materials resistant to chemical substances
	red colour of o-ring indicates that wrench is unlocked and torque can be adjusted
	recalibration reminder shows time to recalibrate wrench (4 steps: 3, 6, 9 and 12 months)

",TOOLING & WS,TOOLING,TOOLING GENERAL,,,,,,,1990,886,457,67,65,,,,,,,,,,,,,,,,,,,,https://api.mybihr.com/medias/1107027-1-800Wx800H?context=bWFzdGVyfHJvb3R8MTczMTF8aW1hZ2UvanBlZ3xhR001TDJoak15OHhNalE0TWpVNU9UTTFORE01T0M4eE1UQTNNREkzTFRGZk9EQXdWM2c0TURCSXxmZjhlNTkyYWNkOTczOTc1OTBiMWVkZTM4YzUxZGJhMWEzY2NlNWFiNGQ2YzBjZmU1ODVmNjA4ZDdlMTAzYzAw,,,,,,,,,https://static.bihr.pro/eBihr/Pictures/BETA-pictures.zip,https://api.mybihr.com/medias/669N-Instructions.pdf?context=bWFzdGVyfHJvb3R8NjU4MTE1fGFwcGxpY2F0aW9uL3BkZnxhR1ptTDJnek5DOHhNalF5TWpNd016Y3hNVEkyTWk4Mk5qbE9JRWx1YzNSeWRXTjBhVzl1Y3k1d1pHWXw4NWNmNDM3M2EzYmY4NThiMDdlNDQ5ZDJjYzdiMjE4M2I2ODcwMDFmOTU3MWE5MmM5OGIzNTQ0ZDJhMGZjYjVk,Spain Warehouse (Parts)
1107029,,059081136,BETA,BETA ASSORTM 161 TOOLS ABS THERMOF TRAYS,Surtido de 161 herramientas BETA para usos universales en termoformados rígidos,2873.75,2375.00,1900.00,8054809163543,0,8206000000,0,0,"<p><strong>161 tools for universal use in ABS thermoformed trays :</strong></p>
<ul>
	<li>combination wrenches 6&divide;21 mm</li>
	<li>combination wrenches 22 - 24 - 27 - 30 - 32 mm</li>
	<li>pin punches &Oslash; 2 - 3 - 4 - 5 - 6 mm</li>
	<li>centre punch &Oslash; 4 mm</li>
	<li>double open end wrenches 6x7 - 8x9 - 10x11 - 12x13 - 14x15 - 16x17<br>
	18x19 - 20x22 - 21x23 - 24x26 - 27x29 - 30x32 mm</li>
	<li>offset hexagon key wrenches 1,5 - 2 - 2,5 - 3 - 4 - 5 - 6 - 8 - 10 mm</li>
	<li>double ended offset ring wrenches 6x7-8x9-10x11-12x13-14x15-16x17-18x19 mm</li>
	<li>offset hexagon key wrenches 2-2,5-3-4-5-6 mm</li>
	<li>drivers for Torx&reg; head screws, with handles T10-T15-T20-T25-T27-T30</li>
	<li>1/2&quot; square drive hexagon sockets 10-11-12-13-14-15-16-17-18-19-20-21-22-23-24-26-27-30-32 mm</li>
	<li>1/2&quot; drive, socket drivers for hexagon screws 5-6-8-10-12 mm</li>
	<li>1/2&rdquo; wobble extension bar 125 mm</li>
	<li>1/2&rdquo; wobble extension bar 250 mm</li>
	<li>1/2&quot; drive universal joint</li>
	<li>1/2&quot; drive sliding T-handle 305 mm</li>
	<li>1/2&quot; drive reversible ratchet&nbsp;</li>
	<li>1/4&quot; hexagon sockets 4-4,5-5-5,5-6-7-8-9-10-11-12-13-14 mm</li>
	<li>1/4&quot; socket drivers for hexagon screws 2,5-3-4-5-6-8 mm</li>
	<li>1/4&rdquo; drive extension bar 50 mm</li>
	<li>1/4&rdquo; drive extension bar 150 mm</li>
	<li>1/4&quot; drive universal joint</li>
	<li>1/4&quot; drive spinner handle</li>
	<li>1/4&quot; drive swivel T-handle 115 mm</li>
	<li>1/4&quot; reversible ratchet</li>
	<li>Heavy-duty diagonal cutting nippers 160 mm</li>
	<li>half-round needle nose pliers 180 mm</li>
	<li>Extra-long needle nose pliers 160 mm</li>
	<li>circlip pliers straight, internal 180 mm</li>
	<li>circlip pliers bent, internal 170 mm</li>
	<li>circlip pliers straight, external 175 mm</li>
	<li>circlip pliers bent, external 175 mm</li>
	<li>Slip joint pliers boxed joints 250 mm</li>
	<li>self - locking pliers 240 mm</li>
	<li>screwdrivers for cross head Phillips&reg; screws 2,5x50-3x75-3,5x100-4x125-5,5x100-5,5x150-6,5x150 mm</li>
	<li>screwdrivers for cross head Phillips&reg; screws 8x150-8x200-10x200 mm</li>
	<li>screwdriver for slotted head screws, extra-short series 4x30-6,5x30 mm</li>
	<li>screwdrivers for cross head Phillips&reg; screws PH0x60-PH0x100-PH1x80-PH1x120-PH2x100-PH2x150 mm</li>
	<li>screwdrivers for cross head Phillips&reg; screws PH3x150-PH4x200 mm</li>
	<li>screwdriver for cross head Phillips&reg; screws, extra-short series PH1x30-PH2x30 mm</li>
	<li>flat chisels, ribbed type 100-200 mm</li>
	<li>engineer&rsquo;s hammer 300 g</li>
	<li>soft face hammer &Oslash; 35 mm</li>
	<li>second-cut square files 200 mm</li>
	<li>second-cut triangular files 200 mm</li>
	<li>second-cut flat files 200 mm</li>
	<li>second-cut half-round files 200 mm</li>
	<li>second-cut round files 200 mm</li>
</ul>
","
161 tools for universal use in ABS thermoformed trays :

	combination wrenches 6÷21 mm
	combination wrenches 22 - 24 - 27 - 30 - 32 mm
	pin punches Ø 2 - 3 - 4 - 5 - 6 mm
	centre punch Ø 4 mm
	double open end wrenches 6x7 - 8x9 - 10x11 - 12x13 - 14x15 - 16x17
	18x19 - 20x22 - 21x23 - 24x26 - 27x29 - 30x32 mm
	offset hexagon key wrenches 1,5 - 2 - 2,5 - 3 - 4 - 5 - 6 - 8 - 10 mm
	double ended offset ring wrenches 6x7-8x9-10x11-12x13-14x15-16x17-18x19 mm
	offset hexagon key wrenches 2-2,5-3-4-5-6 mm
	drivers for Torx® head screws, with handles T10-T15-T20-T25-T27-T30
	1/2"" square drive hexagon sockets 10-11-12-13-14-15-16-17-18-19-20-21-22-23-24-26-27-30-32 mm
	1/2"" drive, socket drivers for hexagon screws 5-6-8-10-12 mm
	1/2” wobble extension bar 125 mm
	1/2” wobble extension bar 250 mm
	1/2"" drive universal joint
	1/2"" drive sliding T-handle 305 mm
	1/2"" drive reversible ratchet 
	1/4"" hexagon sockets 4-4,5-5-5,5-6-7-8-9-10-11-12-13-14 mm
	1/4"" socket drivers for hexagon screws 2,5-3-4-5-6-8 mm
	1/4” drive extension bar 50 mm
	1/4” drive extension bar 150 mm
	1/4"" drive universal joint
	1/4"" drive spinner handle
	1/4"" drive swivel T-handle 115 mm
	1/4"" reversible ratchet
	Heavy-duty diagonal cutting nippers 160 mm
	half-round needle nose pliers 180 mm
	Extra-long needle nose pliers 160 mm
	circlip pliers straight, internal 180 mm
	circlip pliers bent, internal 170 mm
	circlip pliers straight, external 175 mm
	circlip pliers bent, external 175 mm
	Slip joint pliers boxed joints 250 mm
	self - locking pliers 240 mm
	screwdrivers for cross head Phillips® screws 2,5x50-3x75-3,5x100-4x125-5,5x100-5,5x150-6,5x150 mm
	screwdrivers for cross head Phillips® screws 8x150-8x200-10x200 mm
	screwdriver for slotted head screws, extra-short series 4x30-6,5x30 mm
	screwdrivers for cross head Phillips® screws PH0x60-PH0x100-PH1x80-PH1x120-PH2x100-PH2x150 mm
	screwdrivers for cross head Phillips® screws PH3x150-PH4x200 mm
	screwdriver for cross head Phillips® screws, extra-short series PH1x30-PH2x30 mm
	flat chisels, ribbed type 100-200 mm
	engineer’s hammer 300 g
	soft face hammer Ø 35 mm
	second-cut square files 200 mm
	second-cut triangular files 200 mm
	second-cut flat files 200 mm
	second-cut half-round files 200 mm
	second-cut round files 200 mm

",TOOLING & WS,TOOLING,TOOLING GENERAL,,,,,,,63882,22886,390,630,260,,,,,,,,,,,,,,,,,,,,https://api.mybihr.com/medias/1107029-1-800Wx800H?context=bWFzdGVyfHJvb3R8NzcxMzd8aW1hZ2UvanBlZ3xhR1V4TDJnd1pTOHhNalE0TWpZeE9UWTNNRFUxT0M4eE1UQTNNREk1TFRGZk9EQXdWM2c0TURCSXw5YzE1ZmM0OGEzMTZhNDg5ZmU4NjdmOWEyZDZiNDk0YTdkZGE5ODU4Y2U5MGFkZWRhYjU4M2M2ZGJlNjQ5ZjEw,https://api.mybihr.com/medias/1107029-2-800Wx800H?context=bWFzdGVyfHJvb3R8OTI5Njd8aW1hZ2UvanBlZ3xhREZrTDJobU5DOHhNalE0TWpZeU1EQTJNemMzTkM4eE1UQTNNREk1TFRKZk9EQXdWM2c0TURCSXw1ZGM3NDE5NjFhZGJiMGZkZDQ0M2FiN2ZhMTM2YjQ3NGNmNGIxMjY5ZjcwMmY5MjdiMDdiMjAxZDk4ZGVjNmU1,https://api.mybihr.com/medias/1107029-3-800Wx800H?context=bWFzdGVyfHJvb3R8MTAwMDc5fGltYWdlL2pwZWd8YURVMUwyaG1aUzh4TWpRNE1qWXlNRFExTmprNU1DOHhNVEEzTURJNUxUTmZPREF3VjNnNE1EQkl8OWMxNTBkMDhiYWU1MmMxNDE2YjQzNDA3YzdkOGYwYjYzNGY2YjEzYjcwZDExMDM3MTU3MDNiY2ZjMTc1NDk4ZQ,https://api.mybihr.com/medias/1107029-4-800Wx800H?context=bWFzdGVyfHJvb3R8OTIxNzB8aW1hZ2UvanBlZ3xhR0kwTDJobU1DOHhNalE0TWpZeU1EZzFNREl3Tmk4eE1UQTNNREk1TFRSZk9EQXdWM2c0TURCSXw2YzVkN2M1MzY0MjFjYjIzMWYzM2E4NjljNGQ3NzM1N2Q5MDYxOWIzNjk5ODRkMWNkNzcyZDk0ZjA1ZDhlYWE0,https://api.mybihr.com/medias/1107029-5-800Wx800H?context=bWFzdGVyfHJvb3R8MTAyNDAxfGltYWdlL2pwZWd8YURkaUwyZzVZaTh4TWpRNE1qWXlNVEkwTXpReU1pOHhNVEEzTURJNUxUVmZPREF3VjNnNE1EQkl8NmFiZWJkZWI5NGRmNTZjZjkyZmNjMzFlYzhjNDFlMjAyNjIxOWU5OTAzMTQ0MzVlMmQzYjEwZTU1YjY3NDNkOA,https://api.mybihr.com/medias/1107029-6-800Wx800H?context=bWFzdGVyfHJvb3R8ODQ3NTN8aW1hZ2UvanBlZ3xhR1ZsTDJnNFpDOHhNalE0TWpZeU1UWXpOall6T0M4eE1UQTNNREk1TFRaZk9EQXdWM2c0TURCSXw4N2M4MTQyZTFkNmNlZmU1N2I3OTY2YTdiNDY4MGE5ZTY4YWQzMTgwZWRmYmNiZTM3YmRkZThkMGU0NWM1MGNh,,,,https://static.bihr.pro/eBihr/Pictures/BETA-pictures.zip,,Spain Warehouse (Parts)
1107028,,059041203,BETA,BETA ASSORTM 146 TOOLS ABS THERMOF TRAYS,Surtido de 146 herramientas BETA para usos universales en termoformados rígidos,2468.40,2040.00,1632.00,8054809163482,0,8206000000,0,0,"<p><strong>146 tools for universal use in ABS thermoformed trays :</strong></p>
<ul>
	<li>combination wrenches 6&divide;21 mm</li>
	<li>combination wrenches 22 - 24 - 27 - 30 - 32 mm</li>
	<li>pin punches &Oslash; 2 - 3 - 4 - 5 - 6 mm</li>
	<li>centre punch &Oslash; 4 mm</li>
	<li>double open end wrenches 6x7 - 8x9 - 10x11 - 12x13 - 14x15 - 16x17 - 18x19 - 20x22 - 21x23 - 24x26 - 27x29 - 30x32 mm</li>
	<li>offset hexagon key wrenches 1,5 - 2 - 2,5 - 3 - 4 - 5 - 6 - 8 - 10 mm</li>
	<li>offset hexagon key wrenches 2 - 2,5 - 3 - 4 - 5 - 6 mm</li>
	<li>drivers for Torx&reg; head screws, with handles T10-T15-T20-T25-T27-T30</li>
	<li>1/2&quot; drive, socket drivers for hexagon screws 5 - 6 - 8 - 10 - 12 mm</li>
	<li>1/2&quot; drive extension bar 125 mm</li>
	<li>1/2&quot; drive extension bar 255 mm</li>
	<li>1/2&quot; drive universal joint</li>
	<li>1/2&quot; drive sliding T-handle</li>
	<li>1/2&quot; drive reversible ratchet</li>
	<li>1/2&quot; square drive hexagon sockets 10&divide;24 - 26 - 27 - 30 - 32 mm</li>
	<li>1/4&quot; hexagon sockets 4-4,5-5-5,5-6-7-8-9-10-11-12-13-14 mm</li>
	<li>1/4&quot; socket drivers for hexagon screws 2,5-3-4-5-6-8 mm</li>
	<li>1/4&rdquo; drive extension bar 50 mm</li>
	<li>1/4&rdquo; drive extension bar 150 mm</li>
	<li>1/4&quot; drive universal joint</li>
	<li>1/4&quot; drive spinner handle</li>
	<li>1/4&quot; drive swivel T-handle 115 mm</li>
	<li>1/4&quot; reversible ratchet&nbsp;</li>
	<li>circlip pliers straight, internal 180 mm</li>
	<li>circlip pliers bent, internal 170 mm</li>
	<li>circlip pliers straight, external 175 mm</li>
	<li>circlip pliers bent, external 175 mm</li>
	<li>half-round needle nose pliers 180 mm</li>
	<li>Extra-long needle nose pliers 160 mm</li>
	<li>Heavy-duty diagonal cutting nippers 160 mm</li>
	<li>Slip joint pliers boxed joints 250 mm</li>
	<li>self - locking pliers 240 mm</li>
	<li>screwdrivers for slotted head screws 3x75 - 4x100 - 5,5x150 - 6,5x150 mm</li>
	<li>screwdrivers for cross head Pozidriv&reg;-Supadriv&reg; screws PZ0 - PZ1 - PZ2</li>
	<li>drivers for Torx&reg; head screws T6-T7-T8-T9-T10-T15-T20</li>
	<li>flat chisels, ribbed type 100 - 200 mm</li>
	<li>engineer&rsquo;s hammer 300 g</li>
	<li>soft face hammer &Oslash; 35 mm</li>
	<li>second cut files 200 mm</li>
</ul>
","
146 tools for universal use in ABS thermoformed trays :

	combination wrenches 6÷21 mm
	combination wrenches 22 - 24 - 27 - 30 - 32 mm
	pin punches Ø 2 - 3 - 4 - 5 - 6 mm
	centre punch Ø 4 mm
	double open end wrenches 6x7 - 8x9 - 10x11 - 12x13 - 14x15 - 16x17 - 18x19 - 20x22 - 21x23 - 24x26 - 27x29 - 30x32 mm
	offset hexagon key wrenches 1,5 - 2 - 2,5 - 3 - 4 - 5 - 6 - 8 - 10 mm
	offset hexagon key wrenches 2 - 2,5 - 3 - 4 - 5 - 6 mm
	drivers for Torx® head screws, with handles T10-T15-T20-T25-T27-T30
	1/2"" drive, socket drivers for hexagon screws 5 - 6 - 8 - 10 - 12 mm
	1/2"" drive extension bar 125 mm
	1/2"" drive extension bar 255 mm
	1/2"" drive universal joint
	1/2"" drive sliding T-handle
	1/2"" drive reversible ratchet
	1/2"" square drive hexagon sockets 10÷24 - 26 - 27 - 30 - 32 mm
	1/4"" hexagon sockets 4-4,5-5-5,5-6-7-8-9-10-11-12-13-14 mm
	1/4"" socket drivers for hexagon screws 2,5-3-4-5-6-8 mm
	1/4” drive extension bar 50 mm
	1/4” drive extension bar 150 mm
	1/4"" drive universal joint
	1/4"" drive spinner handle
	1/4"" drive swivel T-handle 115 mm
	1/4"" reversible ratchet 
	circlip pliers straight, internal 180 mm
	circlip pliers bent, internal 170 mm
	circlip pliers straight, external 175 mm
	circlip pliers bent, external 175 mm
	half-round needle nose pliers 180 mm
	Extra-long needle nose pliers 160 mm
	Heavy-duty diagonal cutting nippers 160 mm
	Slip joint pliers boxed joints 250 mm
	self - locking pliers 240 mm
	screwdrivers for slotted head screws 3x75 - 4x100 - 5,5x150 - 6,5x150 mm
	screwdrivers for cross head Pozidriv®-Supadriv® screws PZ0 - PZ1 - PZ2
	drivers for Torx® head screws T6-T7-T8-T9-T10-T15-T20
	flat chisels, ribbed type 100 - 200 mm
	engineer’s hammer 300 g
	soft face hammer Ø 35 mm
	second cut files 200 mm

",TOOLING & WS,TOOLING,TOOLING GENERAL,,,,,,,63882,19498,390,630,260,,,,,,,,,,,,,,,,,,,,https://api.mybihr.com/medias/1107028-1-800Wx800H?context=bWFzdGVyfHJvb3R8NjM2ODV8aW1hZ2UvanBlZ3xhRGsxTDJneU9TOHhNalE0TWpZd01UYzNPVEl6TUM4eE1UQTNNREk0TFRGZk9EQXdWM2c0TURCSXxlZGQ5ZTFlNmRhOWI1ZjI1MWVkNTlhOWE3ZTdkNzM2YjNjOTMwZTYyZDY3NmVhMjAzZmRlYmZkN2UyNTFhYmZk,https://api.mybihr.com/medias/1107028-2-800Wx800H?context=bWFzdGVyfHJvb3R8OTk1ODR8aW1hZ2UvanBlZ3xhR0l6TDJneVpTOHhNalE0TWpZd01qSXpOems0TWk4eE1UQTNNREk0TFRKZk9EQXdWM2c0TURCSXw0YTk2MzI2Njg0M2QzNWE0YWI2MTFiNzA1MjU4NTdjOTk4MTczMDYzYTY3NGFkOTgzOWE0ODhkY2Y4NjgyZjNk,https://api.mybihr.com/medias/1107028-3-800Wx800H?context=bWFzdGVyfHJvb3R8MTAyNTUwfGltYWdlL2pwZWd8YURVMEwyZ3pZeTh4TWpRNE1qWXdNall6TVRFNU9DOHhNVEEzTURJNExUTmZPREF3VjNnNE1EQkl8Mzk3NjE0OWMxMmY1NGNmMTJkN2ViNThmNGNmNzA5N2VmM2Y5YmQ1OGU5ODQxYWE1NGJiODgwNDYwMjE0YzczNw,https://api.mybihr.com/medias/1107028-4-800Wx800H?context=bWFzdGVyfHJvb3R8OTc1MDB8aW1hZ2UvanBlZ3xhRGhrTDJnNU1TOHhNalE0TWpZd016QXlORFF4TkM4eE1UQTNNREk0TFRSZk9EQXdWM2c0TURCSXwwZjk3NmRjNWFhODczYzViZTlhNTNmM2Y4YzMyNDViZTBjNTBlMmMzZDBkMmE1N2M4YTlhNjU5ZjE1NjI5YWJi,https://api.mybihr.com/medias/1107028-5-800Wx800H?context=bWFzdGVyfHJvb3R8OTk4MDZ8aW1hZ2UvanBlZ3xhREZpTDJnNVppOHhNalE0TWpZd016UXhOell6TUM4eE1UQTNNREk0TFRWZk9EQXdWM2c0TURCSXwyOTZmMTM4NzlmZGUwYTBiNzU5YWQ0YmY2ZDIyMWE2ZGUzYzMyYjAyODg3OWQ4NmI5NjBmODQ3Y2Y0M2E2NGYz,,,,,https://static.bihr.pro/eBihr/Pictures/BETA-pictures.zip,,Spain Warehouse (Parts)
1109573,,024240156,BETA,BETA THER TRAY 3 PLIERS,"Termoformado rígido con alicates BETA, pinza de corte y alicates Poligrip",120.40,99.50,79.60,8054809150901,0,8203200000,0,1,"<ul>
	<li>1 Diagonal Cutting Nippers 160mm</li>
	<li>1 Half-round Needle Nose Pliers 180mm</li>
	<li>1 Slip Joint Pliers Boxed Joints 250 mm</li>
	<li>147x367mm</li>
</ul>
","
	1 Diagonal Cutting Nippers 160mm
	1 Half-round Needle Nose Pliers 180mm
	1 Slip Joint Pliers Boxed Joints 250 mm
	147x367mm

",TOOLING & WS,TOOLING,TOOLING GENERAL,,,,,,,3333,1040,411,153,53,,,,,,,,,,,,,,,,,,,,https://api.mybihr.com/medias/1109573-1-800Wx800H?context=bWFzdGVyfHJvb3R8MzA4MDh8aW1hZ2UvanBlZ3xhRFl4TDJnME5DOHhNamN4T1RFNU1ESTNPREUzTkM4eE1UQTVOVGN6TFRGZk9EQXdWM2c0TURCSXwzNDIxYTVkZGQ1MGFkZGRiYzJmZDRlOTBmNzY2ZmMyZTJhNTEyNDE2YmU1ZGJhYWU2NDY1ODVjNmU2NTMzNWIx,,,,,,,,,https://static.bihr.pro/eBihr/Pictures/BETA-pictures.zip,,Spain Warehouse (Parts)
1107030,,059041164,BETA,BETA ASSORTM 153 TOOLS ABS THERMOF TRAYS,Surtido de 153 herramientas BETA para industria en termoformados rígidos,2692.25,2225.00,1780.00,8054809163413,0,8206000000,0,0,"<p><strong>53 tools for industrial maintenance in ABS thermoformed trays :</strong></p>
<ul>
	<li>combination wrenches 6&divide;21 mm</li>
	<li>combination wrenches 22 - 24 - 27 - 30 - 32 mm</li>
	<li>pin punches &Oslash; 2 - 3 - 4 - 5 - 6 mm</li>
	<li>centre punch &Oslash; 4 mm</li>
	<li>double open end wrenches 6x7 - 8x9 - 10x11 - 12x13 - 14x15 - 16x17</li>
	<li>18x19 - 20x22 - 21x23 - 24x26 - 27x29 - 30x32 mm</li>
	<li>offset hexagon key wrenches&nbsp;1,5 - 2 - 2,5 - 3 - 4 - 5 - 6 - 8 - 10 mm</li>
	<li>double ended offset ring wrenches 6&divide;29 mm</li>
	<li>1/2&quot; square drive hexagon sockets10&divide;24 - 26 - 27 - 30 - 32 mm</li>
	<li>1/2&quot; drive extension bar 125 mm</li>
	<li>1/2&quot; drive extension bar 255 mm</li>
	<li>1/2&quot; drive universal joint</li>
	<li>1/2&quot; drive sliding T-handle</li>
	<li>1/2&quot; drive reversible ratchet&nbsp;</li>
	<li>1/4&quot; hexagon sockets 4&divide;14 mm</li>
	<li>1/4&quot; socket drivers for hexagon screws&nbsp;2,5&divide;8 mm</li>
	<li>1/4&rdquo; drive extension bar 50 mm</li>
	<li>1/4&rdquo; drive extension bar 150 mm</li>
	<li>1/4&quot; drive universal joint</li>
	<li>1/4&quot; drive spinner handle</li>
	<li>1/4&quot; drive swivel T-handle</li>
	<li>1/4&quot; reversible ratchet&nbsp;</li>
	<li>screwdrivers for slotted head screws 3x75 - 3x100 - 4x100 - 4x150 - 5,5x100 - 5,5x150 - 6,5x150 - 8x150 - 10x200 mm</li>
	<li>screwdrivers for slotted head screws, extra-short series 4x30 - 6,5x30 mm</li>
	<li>screwdrivers for cross head Phillips&reg; screws&nbsp;&nbsp;PH0x60 - PH0x100 - PH1x80 - PH1x120 -</li>
	<li>PH2x100 - PH2x150 - PH3x150 mm</li>
	<li>screwdrivers for cross head Phillips&reg; screws, extra - short series PH1x30 - PH2x30 mm</li>
	<li>Slip joint pliers boxed joints 250 mm</li>
	<li>self - locking pliers 240 mm</li>
	<li>Heavy-duty diagonal cutting nippers 160 mm</li>
	<li>Extra-long needle nose pliers 160 mm</li>
	<li>half-round needle nose pliers&nbsp;180 mm</li>
	<li>circlip pliers straight, internal 180 mm</li>
	<li>circlip pliers bent, internal 170 mm</li>
	<li>circlip pliers straight, external 175 mm</li>
	<li>circlip pliers bent, external&nbsp;175 mm</li>
	<li>T-handle wrenches with hexagon male ends&nbsp;2,5 - 3 - 4 - 5 - 6 - 8 mm</li>
	<li>second cut files 200 mm</li>
	<li>flat chisels, ribbed type 100 - 200 mm</li>
	<li>engineer&rsquo;s hammer 300 g</li>
	<li>soft face hammer &Oslash; 35 mm</li>
	<li>riveting pliers</li>
	<li>aluminium rivets 2,9x6 mm X100</li>
	<li>aluminium rivets 3,2X8 mm X100</li>
	<li>aluminium rivets 3,8x10 mm X100</li>
	<li>aluminium rivets 4x12 mm X100</li>
	<li>aluminium rivets 4,8x12 mm X100</li>
	<li>measuring tape</li>
	<li>mini hacksaw frame</li>
	<li>plastic oil bottle</li>
	<li>snap - off blade utility knife</li>
</ul>
","
53 tools for industrial maintenance in ABS thermoformed trays :

	combination wrenches 6÷21 mm
	combination wrenches 22 - 24 - 27 - 30 - 32 mm
	pin punches Ø 2 - 3 - 4 - 5 - 6 mm
	centre punch Ø 4 mm
	double open end wrenches 6x7 - 8x9 - 10x11 - 12x13 - 14x15 - 16x17
	18x19 - 20x22 - 21x23 - 24x26 - 27x29 - 30x32 mm
	offset hexagon key wrenches 1,5 - 2 - 2,5 - 3 - 4 - 5 - 6 - 8 - 10 mm
	double ended offset ring wrenches 6÷29 mm
	1/2"" square drive hexagon sockets10÷24 - 26 - 27 - 30 - 32 mm
	1/2"" drive extension bar 125 mm
	1/2"" drive extension bar 255 mm
	1/2"" drive universal joint
	1/2"" drive sliding T-handle
	1/2"" drive reversible ratchet 
	1/4"" hexagon sockets 4÷14 mm
	1/4"" socket drivers for hexagon screws 2,5÷8 mm
	1/4” drive extension bar 50 mm
	1/4” drive extension bar 150 mm
	1/4"" drive universal joint
	1/4"" drive spinner handle
	1/4"" drive swivel T-handle
	1/4"" reversible ratchet 
	screwdrivers for slotted head screws 3x75 - 3x100 - 4x100 - 4x150 - 5,5x100 - 5,5x150 - 6,5x150 - 8x150 - 10x200 mm
	screwdrivers for slotted head screws, extra-short series 4x30 - 6,5x30 mm
	screwdrivers for cross head Phillips® screws  PH0x60 - PH0x100 - PH1x80 - PH1x120 -
	PH2x100 - PH2x150 - PH3x150 mm
	screwdrivers for cross head Phillips® screws, extra - short series PH1x30 - PH2x30 mm
	Slip joint pliers boxed joints 250 mm
	self - locking pliers 240 mm
	Heavy-duty diagonal cutting nippers 160 mm
	Extra-long needle nose pliers 160 mm
	half-round needle nose pliers 180 mm
	circlip pliers straight, internal 180 mm
	circlip pliers bent, internal 170 mm
	circlip pliers straight, external 175 mm
	circlip pliers bent, external 175 mm
	T-handle wrenches with hexagon male ends 2,5 - 3 - 4 - 5 - 6 - 8 mm
	second cut files 200 mm
	flat chisels, ribbed type 100 - 200 mm
	engineer’s hammer 300 g
	soft face hammer Ø 35 mm
	riveting pliers
	aluminium rivets 2,9x6 mm X100
	aluminium rivets 3,2X8 mm X100
	aluminium rivets 3,8x10 mm X100
	aluminium rivets 4x12 mm X100
	aluminium rivets 4,8x12 mm X100
	measuring tape
	mini hacksaw frame
	plastic oil bottle
	snap - off blade utility knife

",TOOLING & WS,TOOLING,TOOLING GENERAL,,,,,,,71853,24494,646,403,276,,,,,,,,,,,,,,,,,,,,https://api.mybihr.com/medias/1107030-1-800Wx800H?context=bWFzdGVyfHJvb3R8NzU2NTV8aW1hZ2UvanBlZ3xhR1k0TDJobU55OHhNalE0TWpZeE1qQTJPRE00TWk4eE1UQTNNRE13TFRGZk9EQXdWM2c0TURCSXw4MmNlOWM1YWZlM2Y3ZWQzOTg1MDBjZmY4ZTI0OGY5Yzg1NDQwZmVhZmQ2MzZmODUwMGNhZTZlY2U5ZTA0ZGMy,https://api.mybihr.com/medias/1107030-2-800Wx800H?context=bWFzdGVyfHJvb3R8OTY0OTF8aW1hZ2UvanBlZ3xhRFkzTDJobVlTOHhNalE0TWpZeE1qUTJNVFU1T0M4eE1UQTNNRE13TFRKZk9EQXdWM2c0TURCSXxiY2MxM2U0ZGY2NTBjYjhhOTJmZGQwYjFjMDkzNTBjYzNjOGRkMWU3Nzk4NWIwMGQyMDgxZWY5YzQ1OGNkZDVm,https://api.mybihr.com/medias/1107030-3-800Wx800H?context=bWFzdGVyfHJvb3R8MTAwMDkzfGltYWdlL2pwZWd8YUdSaEwyaGxZeTh4TWpRNE1qWXhNamcxTkRneE5DOHhNVEEzTURNd0xUTmZPREF3VjNnNE1EQkl8NjBmMmU5MGM0OWZiNjdjZDQ4OTIzMzEzZjZjZjgxNDk1NjM4NmFlN2NhZWZjOGY3M2ZmM2NmOTE5ZGVjZmI1Zg,https://api.mybihr.com/medias/1107030-4-800Wx800H?context=bWFzdGVyfHJvb3R8OTk3OTB8aW1hZ2UvanBlZ3xhR0V3TDJnNU55OHhNalE0TWpZeE16STBPREF6TUM4eE1UQTNNRE13TFRSZk9EQXdWM2c0TURCSXwzODA2MzY0YTFiYWVlYzNiYmNlM2EwYTI5ZDY3NTgzYmUzZGU5NDU0ZmI5YTU2NmViYzkzZDAxYmM2MmRmNjNk,https://api.mybihr.com/medias/1107030-5-800Wx800H?context=bWFzdGVyfHJvb3R8OTg4MjF8aW1hZ2UvanBlZ3xhREF3TDJnNFlTOHhNalE0TWpZeE16WTBNVEkwTmk4eE1UQTNNRE13TFRWZk9EQXdWM2c0TURCSXxjOTQ1MTFlOGY1YjI4ZGExNzgzMmZkOGFjNWNkNjFmN2YxNmI1ZjljNzJiNDUzMDU4M2Y0N2QyODJkOTlmODE3,https://api.mybihr.com/medias/1107030-6-800Wx800H?context=bWFzdGVyfHJvb3R8OTQyMzN8aW1hZ2UvanBlZ3xhR00zTDJnek5DOHhNalE0TWpZeE5EQXpORFEyTWk4eE1UQTNNRE13TFRaZk9EQXdWM2c0TURCSXw2YzkzNDJiODE0YjRmMTFjMmNmNzQzMDIxNmJmZWQwZDgwMDIzZTBhNDIzNjdjZmI2ZTE4MzczNDVmZjFhMTVi,,,,https://static.bihr.pro/eBihr/Pictures/BETA-pictures.zip,,Spain Warehouse (Parts)
1113773,,009520010,BETA,BETA T-HANDLE WRENCH HEX SOCKET 10MM,Llave en T BETA con vaso hexagonal articulado de 10mm,44.77,37.00,29.60,8014230038544,0,8714109090,0,0,<p>10 mm</p>,"
10 mm",TOOLING & WS,TOOLING,TOOLING GENERAL,,,,,,,295,278,372,44,18,,,,,,,,,,,,,,,,,,,,https://api.mybihr.com/medias/1113773-1-800Wx800H?context=bWFzdGVyfHJvb3R8MTUxMTJ8aW1hZ2UvanBlZ3xhRFpqTDJobU9TOHhORE0xTkRrMU5UUXdNekk1TkM4eE1URXpOemN6TFRGZk9EQXdWM2c0TURCSXw5MjA4NjkyMWVmZDAwZmJmNmU1OTc3MjMyZjFlNmNhZDc3ZTZmMGYyNzVhNGIwOTI5ZDVhMzdiNTUzMDlkYjRk,https://api.mybihr.com/medias/1113773-2-800Wx800H?context=bWFzdGVyfHJvb3R8MzU4MzV8aW1hZ2UvanBlZ3xhRFUxTDJobVlpOHhORE0xTkRrMU5UYzVOalV4TUM4eE1URXpOemN6TFRKZk9EQXdWM2c0TURCSXwyMjUzZjM5OTI3NTBhZjY2MmE4ZmQ2MTIyMDNhMWExZjVjNGZhNjBmZDEzN2IyNmI3OGNkNTMyZDNlMmEzYjFh,,,,,,,,https://static.bihr.pro/eBihr/Pictures/BETA-pictures.zip,,Spain Warehouse (Parts)
1050961,34748,019150012,BETA,BETA HOSE POLYURETHANE SPIRAL EXT 9M,MANGUERA ESPIRAL POLIURETANO EXT. 9M BETA (1915B 8X12),63.53,52.50,42.00,8014230348728,1,3917290000,0,1,"<p>Manguera espiral poliuretano de 9M.<br><br>• Se componen de elastómeros con base de poliéster que aumentan su flexibilidad aún a bajas temperaturas.<br>• Empalmadas H/H con muelle.</p><p>&nbsp;</p><p><strong>D1xD:</strong>&nbsp; 8x12 mm.</p><p><strong>Ø GAS:</strong>&nbsp; 1/4"".</p>","
Manguera espiral poliuretano de 9M.• Se componen de elastómeros con base de poliéster que aumentan su flexibilidad aún a bajas temperaturas.• Empalmadas H/H con muelle.
 
D1xD:  8x12 mm.
Ø GAS:  1/4"".",TOOLING & WS,TOOLING,TOOLING GENERAL,,,,,,,1320,1028,110,120,100,,,,,,,,,,,,,,,,,,,,https://api.mybihr.com/medias/1050961-1-800Wx800H?context=bWFzdGVyfHJvb3R8NTQ3MDN8aW1hZ2UvanBlZ3xhREF5TDJnNE5pOHhOVFF5TmpFd05ETTJNRGs1TUM4eE1EVXdPVFl4TFRGZk9EQXdWM2c0TURCSXwyZjRiMGFlOTA1MDcyZDhmYzIwNWEwNTlmOWFmZDE4YjViODY0YjRjMDdjNWI4Y2YxM2RmMGNkODRlZmM0N2Zm,,,,,,,,,https://static.bihr.pro/eBihr/Pictures/BETA-pictures.zip,,Spain Warehouse (Parts)
1050949,34720,012630010,BETA,BETA SET OF 10 SCREWDRIVERS LP-PH,JUEGO DE 10 DESTORNILLADORES LP-PH BETA (1263/D10),97.41,80.50,64.40,8014230611082,2,9018390000,0,1,"Juego de 10 destornilladores Beta con mango especial de doble densidad.<br>- 5 planos: 3x75; 3,5x100; 4x125; 5,5x150; 6,5x150mm.<br>- 2 estrella huella Philips: PH0x60; PH1x80; PH2x100mm.<br>- 1 plano extra corto: 4x30mm.<br>- 1 estrella extra corto huella Philips: PH1x30mm.","Juego de 10 destornilladores Beta con mango especial de doble densidad.- 5 planos: 3x75; 3,5x100; 4x125; 5,5x150; 6,5x150mm.- 2 estrella huella Philips: PH0x60; PH1x80; PH2x100mm.- 1 plano extra corto: 4x30mm.- 1 estrella extra corto huella Philips: PH1x30mm.",TOOLING & WS,TOOLING,TOOLING GENERAL,,,,,,,2585,722,286,226,40,,,,,,,,,,,,,,,,,,,,https://api.mybihr.com/medias/1050949-1-800Wx800H?context=bWFzdGVyfHJvb3R8Nzk3OTJ8aW1hZ2UvanBlZ3xhR1poTDJoak5DOHhOVFF5TmpBNU1qRTNNVEk1TkM4eE1EVXdPVFE1TFRGZk9EQXdWM2c0TURCSXw1NDc4NDk2MzdiNTg0MTVmZDRjNTJlMmI2Y2EzNTk4NGFmNTVjZjY2NGNiOWVlNGRhMWE5ZDhmNzViZGMyMjU5,https://api.mybihr.com/medias/1050949-2-800Wx800H?context=bWFzdGVyfHJvb3R8MTkyMTR8aW1hZ2UvanBlZ3xhRGczTDJoa01pOHhOVFF5TmpBNU1qVTJORFV4TUM4eE1EVXdPVFE1TFRKZk9EQXdWM2c0TURCSXxlYjNhMWExZmI4NGJmMjhiZGY5NDU4NmQ3NTFlZjhlODlkZWI1NzBkYzYwM2IyZDVjZTQ5Yzc0N2I4ZGNiYzI4,https://api.mybihr.com/medias/1050949-3-800Wx800H?context=bWFzdGVyfHJvb3R8MjkzMDh8aW1hZ2UvanBlZ3xhREUxTDJobE1DOHhOVFF5TmpBNU1qazFOemN5Tmk4eE1EVXdPVFE1TFROZk9EQXdWM2c0TURCSXw3NTA5ZTZhMzY3YzNhMmUzNDMxYjgxYjQwOWFiNzRkMWExMmJiMWM4MTdlYzJlYzA4OTkwYjg2MWM1ZTE0NzE0,https://api.mybihr.com/medias/1050949-4-800Wx800H?context=bWFzdGVyfHJvb3R8MjI5OTV8aW1hZ2UvanBlZ3xhRGxsTDJoallTOHhOVFF5TmpBNU16TTFNRGswTWk4eE1EVXdPVFE1TFRSZk9EQXdWM2c0TURCSXxlM2NiMWE5NzY5ODUzMjZkZjNmM2JjZTlmYmUyOWZkMmY0YjMzMWVjY2Y5ZmEzMGQ2NzIzZGYxNjhlM2E0Yjcz,https://api.mybihr.com/medias/1050949-5-800Wx800H?context=bWFzdGVyfHJvb3R8MzEzNzZ8aW1hZ2UvanBlZ3xhREV3TDJoaVpDOHhOVFF5TmpBNU16YzBOREUxT0M4eE1EVXdPVFE1TFRWZk9EQXdWM2c0TURCSXxiMDkxMGYzZWIzNzllNGU1ODk1NTljNmI4MTAzOTQzZDBlYzBjMjU2MWI0MzBjM2NiMzVjM2VmYWEyMzdlMDg3,,,,,https://static.bihr.pro/eBihr/Pictures/BETA-pictures.zip,,Spain Warehouse (Parts)
1050959,34743,017410450,BETA,BETA RIVET MACH ULTRA-COMPACT,REMACHADORA ULTRA COMPACTA BETA (1741 U),72.60,60.00,48.00,8014230653419,1,8714109090,0,1,"Remachadora ultra compacta con ajuste del esfuerzo, 4 boquillas intercambiables y 3 patas para un mejor agarre en el remache.<br><br><strong>L:</strong> 200 mm.","Remachadora ultra compacta con ajuste del esfuerzo, 4 boquillas intercambiables y 3 patas para un mejor agarre en el remache.L: 200 mm.",TOOLING & WS,TOOLING,TOOLING GENERAL,,,,,,,6095,584,50,530,230,,,,,,,,,,,,,,,,,,,,https://api.mybihr.com/medias/1050959-1-800Wx800H?context=bWFzdGVyfHJvb3R8NDA5MzN8aW1hZ2UvanBlZ3xhRGRtTDJnNVlpOHhOVFF5TmpFd01qQXdNVFk1TkM4eE1EVXdPVFU1TFRGZk9EQXdWM2c0TURCSXxlYzliYjE1NDQzNmNmZTI2NjkxMGQzZDg2NjRhNmZkN2E0ODgyZjMwMmY2ZmJkZmEyZDY0M2Q4ZDg1OGRjZTA1,https://api.mybihr.com/medias/1050959-2-800Wx800H?context=bWFzdGVyfHJvb3R8NDgwMjN8aW1hZ2UvanBlZ3xhR0pqTDJoaE5pOHhOVFF5TmpFd01qTTVORGt4TUM4eE1EVXdPVFU1TFRKZk9EQXdWM2c0TURCSXw4Y2ZiNDhmOWQ5YjA0MDIxYjNmYzU4ZmQ5YjU0YjBkYWQxNDdhMjJlZTdjMGQ1ZWU5MGIyODE3ZTY5MWNiNmM4,,,,,,,,https://static.bihr.pro/eBihr/Pictures/BETA-pictures.zip,,Spain Warehouse (Parts)
1050937,34705,004370555,BETA,"BETA HELICOIDS M5x0,8 437 U/E-M5","25 HELICOIDES DE ACERO INOX M5x0,8 BETA (437 U/E-M5)",26.38,21.80,17.44,8014230409917,1,8714109090,0,1,Set de 25 helicoides de acero inoxidable M5X0.8<br>,Set de 25 helicoides de acero inoxidable M5X0.8,TOOLING & WS,TOOLING,TOOLING GENERAL,,,,,,,90,10,103,73,12,,,,,,,,,,,,,,,,,,,,https://api.mybihr.com/medias/1050937-1-800Wx800H?context=bWFzdGVyfHJvb3R8MjA5MTl8aW1hZ2UvanBlZ3xhREpoTDJnMk1DOHhOVFF5TmpBNE5qSTNNekExTkM4eE1EVXdPVE0zTFRGZk9EQXdWM2c0TURCSXxjNjAyNDFkZTMzMGJkN2ZmNWQzMmZjYzI5ZWE3MDQyYzBkOGM3NjczOTYxMmMyN2VhNDY0YzlkYzA1NjA4ZTU4,,,,,,,,,https://static.bihr.pro/eBihr/Pictures/BETA-pictures.zip,,Spain Warehouse (Parts)
1050957,34740,017070001,BETA,BETA GAUGE THREAD,GALGA PARA ROSCAS BETA (1707),23.96,19.80,15.84,8014230050683,3,8714109090,0,1,"<p>Galga para roscas.</p><p>&nbsp;</p><p><strong>P (ISO):</strong>&nbsp; 0,25÷6</p><p><strong>W:</strong>&nbsp; 62÷4x1”</p><p><strong>Peso:</strong> &nbsp;75 g</p>","
Galga para roscas.
 
P (ISO):  0,25÷6
W:  62÷4x1”
Peso:  75 g",TOOLING & WS,TOOLING,TOOLING GENERAL,,,,,,,58,66,90,40,16,,,,,,,,,,,,,,,,,,,,https://api.mybihr.com/medias/1050957-1-800Wx800H?context=bWFzdGVyfHJvb3R8NjAwNzJ8aW1hZ2UvanBlZ3xhR0UxTDJnek9DOHhOVFF5TmpFd01USXhOVEkyTWk4eE1EVXdPVFUzTFRGZk9EQXdWM2c0TURCSXxkZjBjMmFhNGYwMGUxOGQ5NGFhYzE1MDQ5ZDRmNjc0NmQzNzgyZTdjZjgwZjA0M2QyMTgyZmViYmEzMzljMTdk,,,,,,,,,https://static.bihr.pro/eBihr/Pictures/BETA-pictures.zip,,Spain Warehouse (Parts)
1050969,34768,024500050,BETA,BETA THER TRAY 8 TOOLS,Surtido 8 herramientas BETA con bandeja termoformada (M50),160.93,133.00,106.40,8014230517049,1,9403208000,0,1,"<p>8&nbsp;herramientas en termoformados suave.</p><p>&nbsp;</p><p><strong>Llaves macho hexagonales acodadas con mango:</strong> 2-2,5-3-4-5-6-7-8 mm.</p><p>&nbsp;</p><p><strong>Peso:</strong> 1,3 kg.</p>","
8 herramientas en termoformados suave.
 
Llaves macho hexagonales acodadas con mango: 2-2,5-3-4-5-6-7-8 mm.
 
Peso: 1,3 kg.",TOOLING & WS,TOOLING,TOOLING GENERAL,,,,,,,2356,1030,310,190,40,,,,,,,,,,,,,,,,,,,,https://api.mybihr.com/medias/1050969-1-800Wx800H?context=bWFzdGVyfHJvb3R8MTA5NjAxfGltYWdlL2pwZWd8YURCa0wyZzRNUzh4TlRReU5qRTBNVFExTkRNMk5pOHhNRFV3T1RZNUxURmZPREF3VjNnNE1EQkl8MjEwNzJiN2Y2YTJkYTY2ODBjMGE0MDJkMjFhNWU0OGUwYTkxNDYyYjMyYjE3M2RmNTZmYzA1MTA1OTIwYjg5Mg,,,,,,,,,https://static.bihr.pro/eBihr/Pictures/BETA-pictures.zip,,Spain Warehouse (Parts)
1050940,34708,004370560,BETA,"BETA HELICOIDS M10x1,5 437 U/E-M10","25 HELICOIDES DE ACERO INOX M10x1,5 BETA (437 U/E-M10)",52.03,43.00,34.40,8014230409948,1,8714109090,0,1,<p>Set de 25 helicoides de acero inoxidable M10X1.5</p>,"
Set de 25 helicoides de acero inoxidable M10X1.5",TOOLING & WS,TOOLING,TOOLING GENERAL,,,,,,,88,70,75,69,17,,,,,,,,,,,,,,,,,,,,https://api.mybihr.com/medias/1050940-1-800Wx800H?context=bWFzdGVyfHJvb3R8MjA5MTl8aW1hZ2UvanBlZ3xhRE5qTDJneE1DOHhOVFF5TmpBNE56UTFNamN3TWk4eE1EVXdPVFF3TFRGZk9EQXdWM2c0TURCSXw4ZjBjMzdhMzg0MWU1NjJkNDUyMGYyYjUyYWMwOWViZTY0ZDRkZTBhODllZTQ4OWExMGI3NTExZTVlY2Y3ZDRl,,,,,,,,,https://static.bihr.pro/eBihr/Pictures/BETA-pictures.zip,,Spain Warehouse (Parts)
1050951,34722,013700650,BETA,BETA HAMMER FIBER HANDLE 500GR,MARTILLO MECÁNICO CON MANGO DE FIBRA 500gr BETA (1370 T500),32.67,27.00,21.60,8014230353111,3,3917290000,0,1,<p>Martillo mecánico con mango de fibra.</p><p>&nbsp;</p><p><strong>Longitud total:</strong>&nbsp; 320 mm<br><strong>Anchura y Longitud cabeza:</strong>&nbsp; 27x118 mm</p><p><strong>Peso total:</strong>&nbsp;663 g</p>,"
Martillo mecánico con mango de fibra.
 
Longitud total:  320 mmAnchura y Longitud cabeza:  27x118 mm
Peso total: 663 g",TOOLING & WS,TOOLING,TOOLING GENERAL,,,,,,,1200,734,120,250,40,,,,,,,,,,,,,,,,,,,,https://api.mybihr.com/medias/1050951-1-800Wx800H?context=bWFzdGVyfHJvb3R8MjMzMDh8aW1hZ2UvanBlZ3xhR0ZoTDJnMFl5OHhOVFF5TmpBNU5Ea3lNemd3Tmk4eE1EVXdPVFV4TFRGZk9EQXdWM2c0TURCSXxmZDQyNmRjNGFjZjhiZjZkMDEyOGM1MWQ5ZGZkYTkyYWQzODgzYjBiMjg2ZDNkYzQ1YmMyMmIzNTZlNTYyMzcy,https://api.mybihr.com/medias/1050951-2-800Wx800H?context=bWFzdGVyfHJvb3R8MjAwMDd8aW1hZ2UvanBlZ3xhRGhtTDJnd09DOHhOVFF5TmpBNU5UTXhOekF5TWk4eE1EVXdPVFV4TFRKZk9EQXdWM2c0TURCSXxlYWY4MDhjNGM5MjM4M2JiZjkyYjVhNGRkN2U4ZmI1MjM5OGJkMTVkZTlkODg1YzU1YTU1NTk3ODUwY2QxMGM3,,,,,,,,https://static.bihr.pro/eBihr/Pictures/BETA-pictures.zip,,Spain Warehouse (Parts)
1123444,,601C,BETA,BETA DIGITAL ANGLE INDICATOR,Goniómetro digital para aprietes angulares BETA,310.97,257.00,205.60,8014230783710,0,9015808000,0,0,"<p>Para efectuar aprietes de tornillos con tensiones establecidas previamente mediante la medida del ángulo de torsión.</p>
<ul>
	<li>Dotado de avisador acústico (ZUMBADOR) y avisadores luminosos (LED) que señalizan que se aproxima y se está alcanzando el ángulo</li>
	<li>seleccionado</li>
	<li>Para aprietes a la derecha y a la izquierda</li>
	<li>Precisión ángulo: +/-2%</li>
	<li>Resolución: 0,1°</li>
	<li>9 valores de ángulo pre-seleccionables</li>
	<li>50 mediciones pre-seleccionables</li>
	<li>Se suministra en estuche ABS</li>
	<li>Alimentación: 2 baterías AAA (incluidas)</li>
</ul>
","
Para efectuar aprietes de tornillos con tensiones establecidas previamente mediante la medida del ángulo de torsión.

	Dotado de avisador acústico (ZUMBADOR) y avisadores luminosos (LED) que señalizan que se aproxima y se está alcanzando el ángulo
	seleccionado
	Para aprietes a la derecha y a la izquierda
	Precisión ángulo: +/-2%
	Resolución: 0,1°
	9 valores de ángulo pre-seleccionables
	50 mediciones pre-seleccionables
	Se suministra en estuche ABS
	Alimentación: 2 baterías AAA (incluidas)

",TOOLING & WS,TOOLING,TOOLING GENERAL,,,,,,,2468,397,141,140,125,,,,,,,,,,,,,,,,,,,,https://api.mybihr.com/medias/800Wx800H-1123444-1.jpg?context=bWFzdGVyfHJvb3R8NjI4ODh8aW1hZ2UvanBlZ3xhRGczTDJnMk1DODBORGcyTlRNM09EazNOVGMzTkM4NE1EQlhlRGd3TUVoZk1URXlNelEwTkMweExtcHdad3xiNGYyZDNhYjA5MjcxNWFhMTFiZGJkNTM3OWE0NmYyNjU2ZmE4MmM2MWE1NmRlYmE2OGZmNWVjZjE2ZTU2ZDkw,https://api.mybihr.com/medias/800Wx800H-1123444-2.jpg?context=bWFzdGVyfHJvb3R8NjM0Mjl8aW1hZ2UvanBlZ3xhRFJsTDJnd1lpODBORGcyTlRNM09UTTJPRGs1TUM4NE1EQlhlRGd3TUVoZk1URXlNelEwTkMweUxtcHdad3w4ZjkwMzYxYmE3OTRlMDQyMWI0MzhmMTYwZmRhM2Y4NDA1ZGJmNjI2ZWJkMzJlMjYxM2VmZDZhOTMzYmQ2MjNl,https://api.mybihr.com/medias/800Wx800H-1123444-3.jpg?context=bWFzdGVyfHJvb3R8OTk4MjR8aW1hZ2UvanBlZ3xhRFV6TDJnd01pODBORGcyTlRNM09UYzJNakl3Tmk4NE1EQlhlRGd3TUVoZk1URXlNelEwTkMwekxtcHdad3wxODcyYzQ3NjU1ZjZjNTBhMmViZDA0MTBhNTQ3MWRmMWFmZDgzYzEwYTU4NWZiYWE3Y2E4YmY5ZWNkNmExMGJm,,,,,,,https://static.bihr.pro/eBihr/Pictures/BETA-pictures.zip,https://api.mybihr.com/medias/601C-instruction.pdf?context=bWFzdGVyfHJvb3R8MTYxNTc4MXxhcHBsaWNhdGlvbi9wZGZ8YUdGakwyZzRNaTh6TlRBME9ETTFNamMzTmpJeU1pODJNREZEWDJsdWMzUnlkV04wYVc5dUxuQmtaZ3w1ODA1N2QzNmM2ODEyZGU3ZjljYTY2NjRiNDRlMWY5MzkwMjg1ODg1ZWEzZDcyNzZiNzg0Y2ViYTRhYTNjZDM0,Spain Warehouse (Parts)
1125519,,012620024,BETA,BETA SCREWDRIVER FOR PHILLIPS SCREWS,Destornillador BETA para tornillos de cruz Phillips® 8X150,11.98,9.90,7.92,8014230604121,0,8205400000,0,1,"<p>3x8x150mm</p>
<p>L1 :&nbsp;277mm</p>
<p>159g</p>","
3x8x150mm

L1 : 277mm

159g",TOOLING & WS,TOOLING,TOOLING GENERAL,,,,,,,61,165,253,40,6,,,,,,,,Naranja & Negro,,,,,,,,,,,Phillips®,https://api.mybihr.com/medias/800Wx800H-1125519-1.jpg?context=bWFzdGVyfHJvb3R8MTkzMzR8aW1hZ2UvanBlZ3xhRGc1TDJoaE1pODJNalF5T0RBeU1EVTNNakU1TUM4NE1EQlhlRGd3TUVoZk1URXlOVFV4T1MweExtcHdad3xmODU3YTY3ZTVhZDY5YWY5ZmY4N2Q3ZmRiODI4N2UwOTk3ZTQyYzY0OGU1OTkzOGM3NzVkNDQ2YTYyMjdlY2Fl,https://api.mybihr.com/medias/800Wx800H-1125519-2.jpg?context=bWFzdGVyfHJvb3R8NzEzNTJ8aW1hZ2UvanBlZ3xhR1pqTDJnNU5DODJNalF5T0RBeU1EazJOVFF3Tmk4NE1EQlhlRGd3TUVoZk1URXlOVFV4T1MweUxtcHdad3wyYmUzNGFhODM1ZDRlMmMxN2JmMTAyYTY2MzQzZjVlYzIyZmY3YzhjYWNlMzNmZDVhOTI4ODUwMDI5OTVmNTEy,,,,,,,,https://static.bihr.pro/eBihr/Pictures/BETA-pictures.zip,,Spain Warehouse (Parts)
1050960,34747,017770050,BETA,BETA KNIFE 2 BLADES POCKET,NAVAJA DE BOLSILLO 2 HOJAS BETA (1777 BMT),36.30,30.00,24.00,8014230696201,1,8203200000,0,1,"<p>Navaja de bolsillo de hoja trapecial con 4 profundidades ajustables de la hoja:</p><p>4; 9,5; 15,5; 21,5 mm. Garganta corta-cuerda. Se suministra con 3 hojas.</p><p>&nbsp;</p><p><strong>L:</strong>&nbsp; 170 mm</p><p><strong>A:</strong>&nbsp; 25 mm</p><p><strong>Peso:</strong>&nbsp; 150 g</p>","
Navaja de bolsillo de hoja trapecial con 4 profundidades ajustables de la hoja:
4; 9,5; 15,5; 21,5 mm. Garganta corta-cuerda. Se suministra con 3 hojas.
 
L:  170 mm
A:  25 mm
Peso:  150 g",TOOLING & WS,TOOLING,TOOLING GENERAL,,,,,,,407,148,196,83,25,,,,,,,,,,,,,,,,,,,,https://api.mybihr.com/medias/1050960-1-800Wx800H?context=bWFzdGVyfHJvb3R8MzMwMTB8aW1hZ2UvanBlZ3xhRFJoTDJoaU5DOHhOVFF5TmpFd01qYzRPREV5Tmk4eE1EVXdPVFl3TFRGZk9EQXdWM2c0TURCSXw5ZGVlNWMwY2IyZWYzZjhkZjRlZTE1ZmIyMmU0ZDJkY2FiMWEyMmUxNTBmNDUyMzcwZGQ4ZGI2NDM4OGY2ZGZj,https://api.mybihr.com/medias/1050960-2-800Wx800H?context=bWFzdGVyfHJvb3R8NTU4MTF8aW1hZ2UvanBlZ3xhRFk1TDJobU5pOHhOVFF5TmpFd016RTRNVE0wTWk4eE1EVXdPVFl3TFRKZk9EQXdWM2c0TURCSXw3NjIwNTM3OGFiOWU1OTk3YjdkZTUwNWE0Y2Y2Mjk0MzAxZDQ4OGQ3M2NmZDkyZmM5ZjAxNmJmYTRiNjJjNTY4,https://api.mybihr.com/medias/1050960-3-800Wx800H?context=bWFzdGVyfHJvb3R8MzM2ODN8aW1hZ2UvanBlZ3xhR1JpTDJobE9DOHhOVFF5TmpFd016VTNORFUxT0M4eE1EVXdPVFl3TFROZk9EQXdWM2c0TURCSXw4YTUzOWE5YzNjNTk0MjNmN2U0MjUzNmIyYmRmMzBlODI5MmM3MzhhYTEyMzhiNzY0OWQ1MDA5YWZiYTM2Mzc0,https://api.mybihr.com/medias/1050960-4-800Wx800H?context=bWFzdGVyfHJvb3R8NjE1MjV8aW1hZ2UvanBlZ3xhRFJsTDJoa1lpOHhOVFF5TmpFd016azJOemMzTkM4eE1EVXdPVFl3TFRSZk9EQXdWM2c0TURCSXxlYTZjMmExMTlkZmI2MzZkZDQ5ZjZkMjgwNGU1OTczNTM4MDY4YjEyYzg5ODVmMWQ0MzE3ZmM5MDdkMTg1ZGRl,,,,,,https://static.bihr.pro/eBihr/Pictures/BETA-pictures.zip,,Spain Warehouse (Parts)
1050952,34724,014700000,BETA,BETA PLIERS DRUM BRAKE SHOE SPRING,Alicates para muelles de zapatas freno tambor BETA 1470 FT,53.85,44.50,35.60,8014230732077,4,8466103800,0,1,<p>Alicates grips de seguridad para muelles de zapatas freno tambor. Bocas inclinadas de 40°. Acceso facilitado en puntos incómodos. <br><br><strong>L:</strong> 184mm.</p><p>&nbsp;</p><p>&nbsp;</p>,"
Alicates grips de seguridad para muelles de zapatas freno tambor. Bocas inclinadas de 40°. Acceso facilitado en puntos incómodos. L: 184mm.
 
 ",TOOLING & WS,TOOLING,TOOLING GENERAL,,,,,,,1122,188,110,340,30,,,,,,,,,,,,,,,,,,,,https://api.mybihr.com/medias/1050952-1-800Wx800H?context=bWFzdGVyfHJvb3R8MzI1NjV8aW1hZ2UvanBlZ3xhREptTDJneE5pOHhOVFF5TmpBNU5UY3hNREl6T0M4eE1EVXdPVFV5TFRGZk9EQXdWM2c0TURCSXwwZDhkOGQ1MzExOTFhZDgzZjBiYjlmZmY0MTNlYTFjNDFkZDU4NGRiNzA0MjEyNzdjOWZiYmUwYmRiOWFhNjNl,https://api.mybihr.com/medias/1050952-2-800Wx800H?context=bWFzdGVyfHJvb3R8MjU0ODJ8aW1hZ2UvanBlZ3xhRFk0TDJnMllpOHhOVFF5TmpBNU5qRXdNelExTkM4eE1EVXdPVFV5TFRKZk9EQXdWM2c0TURCSXw1MDA0MGIyMTQ1YWExYzgyYzMwOTYwMTM5M2IzYjZjOWNlNjNkY2FkM2ViYmZiMDU0ZmRhZGU5YjZmNjU3MGNm,,,,,,,,https://static.bihr.pro/eBihr/Pictures/BETA-pictures.zip,,Spain Warehouse (Parts)
1050950,34721,013700630,BETA,BETA HAMMER FIBER HANDLE 300GR,MARTILLO MECÁNICO CON MANGO DE FIBRA 300gr BETA (1370 T300),29.28,24.20,19.36,8014230353104,3,3917290000,0,1,<p>Martillo mecánico con mango de fibra.</p><p>&nbsp;</p><p><strong>Longitud total:</strong>&nbsp; 300 mm<br><strong>Anchura y Longitud cabeza:</strong>&nbsp; 23x105 mm</p><p><strong>Peso total:</strong> 452 g</p>,"
Martillo mecánico con mango de fibra.
 
Longitud total:  300 mmAnchura y Longitud cabeza:  23x105 mm
Peso total: 452 g",TOOLING & WS,TOOLING,TOOLING GENERAL,,,,,,,748,488,110,170,40,,,,,,,,,,,,,,,,,,,,https://api.mybihr.com/medias/1050950-1-800Wx800H?context=bWFzdGVyfHJvb3R8MTk5Nzh8aW1hZ2UvanBlZ3xhR1EzTDJnMk55OHhOVFF5TmpBNU5ERXpOek0zTkM4eE1EVXdPVFV3TFRGZk9EQXdWM2c0TURCSXw3ZTY2YWMyMmQyY2Q2NDhkMzBhMDBlMjJhN2MzZmRlZDM5YzRmM2MyNTU5MjIwOWMwYmIxNDQwY2Q2NjdlOWZj,https://api.mybihr.com/medias/1050950-2-800Wx800H?context=bWFzdGVyfHJvb3R8MjMzMDh8aW1hZ2UvanBlZ3xhRE0zTDJnMVlTOHhOVFF5TmpBNU5EVXpNRFU1TUM4eE1EVXdPVFV3TFRKZk9EQXdWM2c0TURCSXwxZjZiNTJkYjU1ZTBjNmI5ZjllMTYyZTMzMWNlYzI4ZDM2YWYxNzQ5MTEyMjU3M2M3MDgzZTZlOTQ3ZDQ4NWRm,,,,,,,,https://static.bihr.pro/eBihr/Pictures/BETA-pictures.zip,,Spain Warehouse (Parts)
1050977,34781,057000020,BETA,BETA PANEL C57 ORANGE,Panel porta herramientas ORANGE BETA (C57 P),1824.15,1507.56,735.08,8014230048703,1,8467119000,0,1,"<p>Panel porta-herramientas naranja.</p><p>&nbsp;</p><p><strong>Peso:</strong> 46 kg.</p><p><strong>Dimensiones:</strong> 930 x 1710 mm.</p><p>&nbsp;</p><p>Panel porta-herramientas Mastercargo&nbsp;que puede colgarse mediante ojales. La persiana de aluminio, con cerradura de seguridad, se maniobra verticalmente. Tres paneles perforados para sujetar las herramientas.</p><p>&nbsp;</p>","
Panel porta-herramientas naranja.
 
Peso: 46 kg.
Dimensiones: 930 x 1710 mm.
 
Panel porta-herramientas Mastercargo que puede colgarse mediante ojales. La persiana de aluminio, con cerradura de seguridad, se maniobra verticalmente. Tres paneles perforados para sujetar las herramientas.
 ",TOOLING & WS,TOOLING,TOOLING GENERAL,,,,,,,313992,51,980,1780,180,,,,,,,,,,,,,,,,,,,,https://api.mybihr.com/medias/1050977-1-800Wx800H?context=bWFzdGVyfHJvb3R8NjIyODF8aW1hZ2UvanBlZ3xhR0ZtTDJnd05pOHhOVFF5TmpFME56UXhPREUwTWk4eE1EVXdPVGMzTFRGZk9EQXdWM2c0TURCSXxjNmMwNTc1Mjg3MmZmMmI5OWMyYjBjZWIzZjA5YTljNGNiY2U0ZTFlZDk3MjZiOTQyMjZjMDIyZTYxNTk2NmQ0,,,,,,,,,https://static.bihr.pro/eBihr/Pictures/BETA-pictures.zip,,Spain Warehouse (Parts)
1050964,34757,019190220,BETA,BETA MANOMETER 1919FE1/4,MANÓMETRO REPUES.P. 1919FE1/4 BETA (1919 RM-FE),16.70,13.80,11.04,8014230435367,3,3917290000,0,1,Manómetro de repuesto para filtro regulador lubricador 1/4’’.,Manómetro de repuesto para filtro regulador lubricador 1/4’’.,TOOLING & WS,TOOLING,TOOLING GENERAL,,,,,,,1,100,10,10,10,,,,,,,,,,,,,,,,,,,,https://api.mybihr.com/medias/1050964-1-800Wx800H?context=bWFzdGVyfHJvb3R8ODQwOTZ8aW1hZ2UvanBlZ3xhRGxpTDJneE5TOHhOVFF5TmpFd05UVTBNRFl6T0M4eE1EVXdPVFkwTFRGZk9EQXdWM2c0TURCSXxjZWIyZmUzNmYyNmJiOWRhNmI5NDY2ZjBmMTg3MWU3ZTA3Y2U4ZGVjOTRkMzJlYzI4NDhiZTY4NTIzZTIzOGEz,,,,,,,,,https://static.bihr.pro/eBihr/Pictures/BETA-pictures.zip,,Spain Warehouse (Parts)
1050963,34751,00019170250,BETA,BETA SWIVEL FITTING UNIVERSAL,RACOR UNIVERSAL GIRATORIO BETA (1917 RS 1/4),28.25,23.35,14.05,8014230717913,20,8714109090,0,1,"<p>Racor universal giratorio 1/4"".</p><p>&nbsp;</p><p>• De aluminio anodizado naranja y&nbsp;roscados hembra, GAS cilíndricos BSP y&nbsp;roscados macho, GAS cónicos BSPT.<br>• Pueden acoplarse con todas las uniones con perfil Italia y Europa.</p><p>&nbsp;</p><p><strong>Ø GAS:</strong>&nbsp; 1/4"".</p>","
Racor universal giratorio 1/4"".
 
• De aluminio anodizado naranja y roscados hembra, GAS cilíndricos BSP y roscados macho, GAS cónicos BSPT.• Pueden acoplarse con todas las uniones con perfil Italia y Europa.
 
Ø GAS:  1/4"".",TOOLING & WS,TOOLING,TOOLING GENERAL,,,,,,,240,68,50,160,30,,,,,,,,,,,,,,,,,,,,https://api.mybihr.com/medias/1050963-1-800Wx800H?context=bWFzdGVyfHJvb3R8NTMyMjB8aW1hZ2UvanBlZ3xhRE5pTDJneU15OHhOVFF5TmpFd05URTBOelF5TWk4eE1EVXdPVFl6TFRGZk9EQXdWM2c0TURCSXw1YzIxNGJjMGExNjc0NzE5MGJiZTAwYTNjMWQ1MjBlOWU5MjFiMGYwMGJhMGU2MmU4YWFmYTFiMGE5ZjIwYzQ5,,,,,,,,,https://static.bihr.pro/eBihr/Pictures/BETA-pictures.zip,,Spain Warehouse (Parts)
1050970,34769,024500055,BETA,BETA THER TRAY 5 TOOLS,Surtido 5 herramientas BETA con bandeja termoformada (M55),110.72,91.50,73.20,8014230729770,2,8714109090,0,1,<p>5&nbsp;herramientas en termoformados suave.</p><p>Surtido 5 llaves macho con huella Torx® acodadas con mango T10-T15-T20-T25-T30.<br></p><p>&nbsp;</p>,"
5 herramientas en termoformados suave.
Surtido 5 llaves macho con huella Torx® acodadas con mango T10-T15-T20-T25-T30.
 ",TOOLING & WS,TOOLING,TOOLING GENERAL,,,,,,,540,376,150,90,40,,,,,,,,,,,,,,,,,,,,https://api.mybihr.com/medias/1050970-1-800Wx800H?context=bWFzdGVyfHJvb3R8NzgzMTZ8aW1hZ2UvanBlZ3xhRGd3TDJnM015OHhOVFF5TmpFME1UZzBOelU0TWk4eE1EVXdPVGN3TFRGZk9EQXdWM2c0TURCSXxlNDcwZTBhYjExY2NjZmZjYjQ1ZDViMWRiNzRjMWNmN2Y5ZmFiY2Y1MjNlOWUzOTVkMDU2ZjExN2Y1ZjQwM2Vk,,,,,,,,,https://static.bihr.pro/eBihr/Pictures/BETA-pictures.zip,,Spain Warehouse (Parts)
1050946,34716,009890001,BETA,BETA WHEEL BAL TONGS,TENAZA PARA EQUILIBRADO RUEDAS BETA (989),62.32,51.50,41.20,8014230039084,1,8714109090,0,1,<p>Tenaza para equilibrado de ruedas.</p><p>&nbsp;</p><p><strong>Dimensiones:&nbsp; </strong>250 mm.</p><p><strong>Peso:&nbsp; </strong>320 g.</p>,"
Tenaza para equilibrado de ruedas.
 
Dimensiones:  250 mm.
Peso:  320 g.",TOOLING & WS,TOOLING,TOOLING GENERAL,,,,,,,242,404,110,110,20,,,,,,,,,,,,,,,,,,,,https://api.mybihr.com/medias/1050946-1-800Wx800H?context=bWFzdGVyfHJvb3R8MzM4NjV8aW1hZ2UvanBlZ3xhR1UzTDJnd1l5OHhOVFF5TmpBNU1EazVNVFkwTmk4eE1EVXdPVFEyTFRGZk9EQXdWM2c0TURCSXw3NGY5MzIwMmRkZWI3N2JlMjVmYTg4NDA0MjAyOTRmNjRlNzdhNjVhOWQ0NmRhNDUxZjM0NTFmNDg4YzJiN2Qy,,,,,,,,,https://static.bihr.pro/eBihr/Pictures/BETA-pictures.zip,,Spain Warehouse (Parts)
1129972,,009560114,BETA,BETA DOUILLE À BOUGIES 956F,"Vaso para bujías BETA con cuadrado hembra de 3/8""",53.24,44.00,35.20,8014230849294,0,8204200000,0,1,"<p><strong>Caracter&iacute;sticas:</strong></p>
<ul>
<li>En el interior de la boca un muelle de retenci&oacute;n act&uacute;a sobre el hex&aacute;gono de la buj&iacute;a para retenerla</li>
<li>Un protector de goma protege la cer&aacute;mica de la buj&iacute;a</li>
</ul>","
Características:

En el interior de la boca un muelle de retención actúa sobre el hexágono de la bujía para retenerla
Un protector de goma protege la cerámica de la bujía
",TOOLING & WS,TOOLING,TOOLING ENGINE,,,,,,,1,1,10,10,10,,,,,,,,,,,,,,,,,,,,,,,,,,,,,https://static.bihr.pro/eBihr/Pictures/BETA-pictures.zip,,Spain Warehouse (Parts)
1149652,,1544/5,BETA,BETA SPARE PART EXTRACTEUR À PINCE PRISE,Expansor de sectores para interiores BETA TOOLS,117.37,97.00,77.60,,0,7315111000,0,1,"<p>Girando el tornillo de ajuste, se agarra el extremo opuesto de la pieza a extraer (cojinete, casquillo, manguito, etc.) a través del expansor de sectores</p>","
Girando el tornillo de ajuste, se agarra el extremo opuesto de la pieza a extraer (cojinete, casquillo, manguito, etc.) a través del expansor de sectores",TOOLING & WS,TOOLING,TOOLING ENGINE,,,,,,,1,1,10,10,10,,,,,,,,,,,,,,,,,,,,https://api.mybihr.com/medias/800Wx800H-1149652-1.jpg?context=bWFzdGVyfHJvb3R8NjA2Mjl8aW1hZ2UvanBlZ3xhRE13TDJnME55ODROak01TVRRMk1qRXpNemM1TUM4NE1EQlhlRGd3TUVoZk1URTBPVFkxTWkweExtcHdad3xjNWZmNmI1NGFjODNkNmRkMWIxMmRmY2Q2MDkwNjM4M2M4ZDU3MjU5ZTAwNDdiNjUzOWQxMjgxODBkZTNlNzA0,https://api.mybihr.com/medias/800Wx800H-1149652-2.jpg?context=bWFzdGVyfHJvb3R8MTYzOTZ8aW1hZ2UvanBlZ3xhR0V5TDJnek9TODROak01TVRRMk1qVXlOekF3Tmk4NE1EQlhlRGd3TUVoZk1URTBPVFkxTWkweUxtcHdad3xhMDcxOGFjOWY2NmJmYzg1ZTY1NzFjOWNjN2E2MGJjY2E5ZmZmMTkwM2Y3ZGQxZjYwYzc4MWZiYzg5N2EzNTk0,https://api.mybihr.com/medias/800Wx800H-1149652-3.jpg?context=bWFzdGVyfHJvb3R8MTk0ODJ8aW1hZ2UvanBlZ3xhREF5TDJneVl5ODROak01TVRRMk1qa3lNREl5TWk4NE1EQlhlRGd3TUVoZk1URTBPVFkxTWkwekxtcHdad3wzMWJkMGEwOWQ5NTQwZWJkMzhjOGE2OTIxMDVlZWVlZTk0ZmQwNjQ2NDFiYWI5YWYzZTc3NWNkYmU2YzUzMWM5,,,,,,,https://static.bihr.pro/eBihr/Pictures/BETA-pictures.zip,,Spain Warehouse (Parts)
1109078,,016500050,BETA,BETA SLIDING GAUGE FOR BRAKE DISC,"BETA Calibre de cursor para disco de freno - Lectura hasta 0,1 mm",293.43,242.50,194.00,8014230179124,0,8205598000,0,1,<p>Reading to 0.1 mm</p>,"
Reading to 0.1 mm",TOOLING & WS,TOOLING,TOOLING CHASSIS,,,,,,,1739,476,165,124,85,,,,,,,,,,,,,,,,,,,,https://api.mybihr.com/medias/1109078-1-800Wx800H?context=bWFzdGVyfHJvb3R8MjI1MzN8aW1hZ2UvanBlZ3xhR1kwTDJnME9TOHhNakU0TURFNE5ESXdNekk1TkM4eE1UQTVNRGM0TFRGZk9EQXdWM2c0TURCSXw5NGY0N2M0MDA5MWNlZjY4YWY0Mjc0ZDI0MTMzMTQzODFkZDQxMThhZjk4MTc5OWU1Y2UwMmNmMzQ5ZDI5NDAy,,,,,,,,,https://static.bihr.pro/eBihr/Pictures/BETA-pictures.zip,,Spain Warehouse (Parts)
1123439,,3073,BETA,BETA TOOL UNIVERSAL FORK OIL SEAL DRIVER,Herramienta de montaje de retenes de horquilla BETA,119.19,98.50,64.03,8014230852171,0,8205598000,0,0,<p>Para diámetros de vástago de 35 a 48 mm.</p>,"
Para diámetros de vástago de 35 a 48 mm.",TOOLING & WS,TOOLING,TOOLING CHASSIS,,,,,,,717,789,121,78,76,,,,,,,,,,,,,,,,,,,,https://api.mybihr.com/medias/800Wx800H-1123439-1.jpg?context=bWFzdGVyfHJvb3R8NDUwMTV8aW1hZ2UvanBlZ3xhR0kwTDJnM1lpODBORGcyTlRNM09ERTRPVE0wTWk4NE1EQlhlRGd3TUVoZk1URXlNelF6T1MweExtcHdad3w0NzZjMzAzOTczOGUyMDhiYmJmOTdjNzU1YjIwMDRiNzRhM2Y2MWIyOTRlYzc2ZThiZTY3MjIyYTBkMmRlNmUz,https://api.mybihr.com/medias/800Wx800H-1123439-2.jpg?context=bWFzdGVyfHJvb3R8MjE1ODN8aW1hZ2UvanBlZ3xhREUwTDJnMlpTODBORGcyTlRNM09EVTRNalUxT0M4NE1EQlhlRGd3TUVoZk1URXlNelF6T1MweUxtcHdad3wzN2E1YmE4NGRmZjU5ZTRlZTk0NjIxZDViNzgyMjFjMjYyY2RiZDVjYTE2NmQ2NTg1NGYxYzRhMDhkN2NhODc2,,,,,,,,https://static.bihr.pro/eBihr/Pictures/BETA-pictures.zip,,Spain Warehouse (Parts)
1151301,,928B 60,BETA,BETA SOCKET 3/4 Ø60MM,BETA Socket 3/4 Ø60MM,47.43,39.20,31.36,,0,8714109090,0,1,"<ul>
	<li>Wrench size: 60mm</li>
	<li>Total Ø: 80mm</li>
	<li>L: 87mm</li>
	<li>Ø1: 48mm</li>
	<li>A: 41</li>
	<li>Weight: 1288g</li>
	<li>UNI/ISO 2725-1 DIN 3124</li>
</ul>","
	Wrench size: 60mm
	Total Ø: 80mm
	L: 87mm
	Ø1: 48mm
	A: 41
	Weight: 1288g
	UNI/ISO 2725-1 DIN 3124
",TOOLING & WS,TOOLING,TOOLING CHASSIS,,,,,,,754,1289,98,95,81,,,,,,,,,,,,,,,,,,,,https://api.mybihr.com/medias/800Wx800H-1151301-1.jpg?context=bWFzdGVyfHJvb3R8NzY1OTV8aW1hZ2UvanBlZ3xhR1UxTDJoaU9DOHhNREUwTkRBd09UTTBOVFF6TmpZdk9EQXdWM2c0TURCSVh6RXhOVEV6TURFdE1TNXFjR2N8NzhjOGQ1N2JhZTRmMTllMDA4ZTUxOWRkMzRiMzEwODEyZTUxMDkyZTUyMjgyMWQwZDlhMDU2ODBmN2U4N2RmZQ,https://api.mybihr.com/medias/800Wx800H-1151301-2.jpg?context=bWFzdGVyfHJvb3R8NTQ5MDl8aW1hZ2UvanBlZ3xhRFUzTDJoaFlpOHhNREUwTkRBd09UTTRORGMxT0RJdk9EQXdWM2c0TURCSVh6RXhOVEV6TURFdE1pNXFjR2N8NzdlZTI2NWM1ZTYwZTZiY2YzMThhMTA2ZTdkODYwZDY5NjgzMmM4NTMyMzc5YTQ4NWFhNmNmODFlYjFlYmQ0OA,,,,,,,,https://static.bihr.pro/eBihr/Pictures/BETA-pictures.zip,,Spain Warehouse (Parts)
3064915,,,BETA,BETA RAPID COSSE ELECTRICITY X 50,Terminal rápido henmbra aislado BETA - 50 unidades,24.20,20.00,16.00,,0,,0,1,"<ul>
	<li>HxS - 6x3x0,8mm</li>
	<li>mm² - 1,5-2,5</li>
	<li>L - 22</li>
	<li>Pack of 50</li>
</ul>
","
	HxS - 6x3x0,8mm
	mm² - 1,5-2,5
	L - 22
	Pack of 50

",TOOLING & WS,TOOLING,TOOLING POWER,,,,,,,17000,3600,257,257,257,,,,,,,,,,,,,,,,,,,,https://api.mybihr.com/medias/800Wx800H-3064915-1.jpg?context=bWFzdGVyfHJvb3R8MTc0Nzd8aW1hZ2UvanBlZ3xhRFl4TDJobE5TODJNak0zTURBeU9ERXlOakl6T0M4NE1EQlhlRGd3TUVoZk16QTJORGt4TlMweExtcHdad3w1OWU3OWVmNzU5MzA2NzcwNjQ4ZTgwZGE5MTk3MjBiN2VhYjczZjg3Y2QxZDEzOTU5MjE3ZGUyNTUwMTgwZjkw,,,,,,,,,https://static.bihr.pro/eBihr/Pictures/BETA-pictures.zip,,Spain Warehouse (Parts)
1052476,34756,019190210,BETA,BETA CUPS PAIR 1919FE1/4,PAR DE TAZAS P. 1919FE1/4 BETA (1919 RB-FE1/4),30.86,25.50,20.40,8014230435350,1,8714109090,0,1,<p>Par de tazas de repuesto para filtro regulador lubricador 1/4’’.</p><p><br>&nbsp;</p>,"
Par de tazas de repuesto para filtro regulador lubricador 1/4’’.
 ",TOOLING & WS,CONSUMABLE,CONS. CONSUMABLE,,,,,,,735,66,70,210,50,,,,,,,,,,,,,,,,,,,,https://api.mybihr.com/medias/1052476-1-800Wx800H?context=bWFzdGVyfHJvb3R8ODY2NzR8aW1hZ2UvanBlZ3xhR00xTDJnME1pOHhOVFF5TmpJd016WTBPREF6TUM4eE1EVXlORGMyTFRGZk9EQXdWM2c0TURCSXw3OGFjZDBkODQ4ODZkNTI3NzY1OTIwNWNlN2FjNjI3ODk4YTQ3ZmE0MDg0ZWNiYTM2YTZiNGFlYzgyYTA0YjUy,,,,,,,,,https://static.bihr.pro/eBihr/Pictures/BETA-pictures.zip,,Spain Warehouse (Parts)
1052472,34746,017570020,BETA,BETA FILLER FOR BATTERY,COLMADOR PARA LÍQUIDOS DE BATERÍAS BETA (1757 A),65.34,54.00,43.20,8014230138411,1,8714109090,0,1,<p>Colmador para líquidos de baterías.</p><p>&nbsp;</p><p><strong>Cantidad:</strong>&nbsp; 2 L.</p><p><strong>Peso:</strong>&nbsp; 470 g.</p>,"
Colmador para líquidos de baterías.
 
Cantidad:  2 L.
Peso:  470 g.",TOOLING & WS,CONSUMABLE,CONS. CONSUMABLE,,,,,,,2400,436,160,100,150,,,,,,,,,,,,,,,,,,,,https://api.mybihr.com/medias/1052472-1-800Wx800H?context=bWFzdGVyfHJvb3R8NDgxOTZ8aW1hZ2UvanBlZ3xhREptTDJnellpOHhOVFF5TmpJd01qQTNOVEUyTmk4eE1EVXlORGN5TFRGZk9EQXdWM2c0TURCSXxjMjJlNmM5ZTYxMjZjMWE1MzI4NDM2ZjYxZTRkMzBlMWU0YjdjMWNjZTcyYzUxZGM3ZmY0YWFmMjFjZTdhZjlk,,,,,,,,,https://static.bihr.pro/eBihr/Pictures/BETA-pictures.zip,,Spain Warehouse (Parts)
1102552,,079000806,BETA,BETA WORK TROUSERS NEW DESIGN XXXL,Pantalón de trabajo BETA 7900G XXXL,110.05,90.95,90.95,8054809136103,0,6203429000,0,1,,,TOOLING & WS,CONSUMABLE,CONS. SAFETY EQUIP.,,,,,,,7438,869,392,345,55,,,,,,,,,,,,,,,,,,,,,,,,,,,,,https://static.bihr.pro/eBihr/Pictures/BETA-pictures.zip,,Spain Warehouse (Parts)
1114266002,,019960110,BETA,"BETA ISOLANT GLOVES, 10",Guantes aislantes compuestos BETA - talla 10,224.46,185.50,148.40,8014230972510,0,8205700000,0,1,"<ul>
	<li>EN60903</li>
	<li>EN388</li>
	<li>Longitud 410 mm</li>
</ul>
","
	EN60903
	EN388
	Longitud 410 mm

",TOOLING & WS,CONSUMABLE,CONS. SAFETY EQUIP.,,,,10,,,6317,559,249,215,118,,,,,,,,,,,,,,,,,,,,https://api.mybihr.com/medias/1114266002-1-800Wx800H?context=bWFzdGVyfHJvb3R8NDc0MjN8aW1hZ2UvanBlZ3xhREUwTDJnNVppOHhORFV5TlRFd016VTNNRGszTkM4eE1URTBNalkyTURBeUxURmZPREF3VjNnNE1EQkl8NDdhYWQ2Zjc5MzlhMDY1NWYwOWUzZWU4ZmJiMTg5NDhhYWFlMWY3ZjNiZWU0YTBhYTI1MzczZmU3M2ZiZDViOA,,,,,,,,,https://static.bihr.pro/eBihr/Pictures/BETA-pictures.zip,,Spain Warehouse (Parts)
1113726002,,079090801,BETA,"BETA JACKET WORKSHOP GRY, S",Chaqueta de trabajo BETA en T/C canvas  260 g/m² elementos en Oxford,82.89,68.50,54.80,8054809136455,0,6211431000,0,0,"<p>La chaqueta talla peque&ntilde;a: se recomienda coger una talla m&aacute;s grande.</p>
<p><strong>Composici&oacute;n</strong></p>
<ul>
<li>T/C canvas, 65% poli&eacute;ster, 35% algod&oacute;n, 260 g/m2</li>
</ul>
<p><strong>Design</strong></p>
<ul>
<li>Elementos en &ldquo;Oxford&rdquo; poli&eacute;ster/PU, 220 g/m2</li>
<li>Pu&ntilde;os ajustables de cierre f&aacute;cil</li>
<li>Cierre frontal de cremallera, cubierta por tapa en cierre f&aacute;cil</li>
<li>Cintura ajustable</li>
<li>Bolsillos en el pecho con cierre f&aacute;cil, bolsillo porta-bol&iacute;grafos y elemento porta-badge</li>
<li>Dos bolsillos profundos en la cintura con cierre de bot&oacute;n autom&aacute;tico</li>
</ul>
<strong>Color</strong>
<ul>
<li>Gris</li>
</ul>","
La chaqueta talla pequeña: se recomienda coger una talla más grande.

Composición

T/C canvas, 65% poliéster, 35% algodón, 260 g/m2


Design

Elementos en “Oxford” poliéster/PU, 220 g/m2
Puños ajustables de cierre fácil
Cierre frontal de cremallera, cubierta por tapa en cierre fácil
Cintura ajustable
Bolsillos en el pecho con cierre fácil, bolsillo porta-bolígrafos y elemento porta-badge
Dos bolsillos profundos en la cintura con cierre de botón automático

Color

Gris
",TOOLING & WS,CONSUMABLE,CONS. SAFETY EQUIP.,,,,,,S,7905,808,406,354,55,,,,,,,,Gris,,,,,,,,S,,,,https://api.mybihr.com/medias/1113726002-1-800Wx800H?context=bWFzdGVyfHJvb3R8NDA5MjB8aW1hZ2UvanBlZ3xhREZoTDJnNU1pOHhORE13T1RNNU5ETXhOek0wTWk4eE1URXpOekkyTURBeUxURmZPREF3VjNnNE1EQkl8ZDA2MTZkYWEyYjIzZmRkMmU3MmFiN2JhNDgyMjhiMjg4OTBjY2Y3MmVlMmE5ZmE0YTlkZjEzNTY2ZDNlMDMyNQ,https://api.mybihr.com/medias/1113726002-2-800Wx800H?context=bWFzdGVyfHJvb3R8NDk4Mzd8aW1hZ2UvanBlZ3xhRFk1TDJoaE1DOHhORE13T1RNNU5EYzNOakE1TkM4eE1URXpOekkyTURBeUxUSmZPREF3VjNnNE1EQkl8NmFlMzY4YWNjMTQ0NDE2NTExZGM3NjllM2U0ZTlkMjNjMDYxNGJjMjBjYjY5M2VmMDY4OTM2MjFiNzJkZTBkMQ,https://api.mybihr.com/medias/1113726002-3-800Wx800H?context=bWFzdGVyfHJvb3R8ODI0NzV8aW1hZ2UvanBlZ3xhR0V5TDJobU5TOHhORE13T1RNNU5URTJPVE14TUM4eE1URXpOekkyTURBeUxUTmZPREF3VjNnNE1EQkl8OTgxNmQwMTU5ZTczNjZjMDUyYTJhOGJkMWVkN2VkNGEzZjQ1ZTJjY2E3MWZiZWQ0ZTdiNjZjYTJkNWRlMWVlNw,https://api.mybihr.com/medias/1113726002-4-800Wx800H?context=bWFzdGVyfHJvb3R8NTE0NTJ8aW1hZ2UvanBlZ3xhR0prTDJobVl5OHhORE13T1RNNU5UVTJNalV5Tmk4eE1URXpOekkyTURBeUxUUmZPREF3VjNnNE1EQkl8NjU2N2ZlNGYwYTVjOTY4NzljYTQ1MTJkMzFkZmU2YjFmMjM4NjA3YmQyY2NhODkzMDgwMjk2Y2FiZDc2MTg5NQ,,,,,,https://static.bihr.pro/eBihr/Pictures/BETA-pictures.zip,,Spain Warehouse (Parts)
1113726004,,079090803,BETA,"BETA JACKET WORKSHOP GRY, L",Chaqueta de trabajo BETA en T/C canvas  260 g/m² elementos en Oxford,82.89,68.50,54.80,8054809136479,0,6211431000,0,0,"<p>La chaqueta talla peque&ntilde;a: se recomienda coger una talla m&aacute;s grande.</p>
<p><strong>Composici&oacute;n</strong></p>
<ul>
<li>T/C canvas, 65% poli&eacute;ster, 35% algod&oacute;n, 260 g/m2</li>
</ul>
<p><strong>Design</strong></p>
<ul>
<li>Elementos en &ldquo;Oxford&rdquo; poli&eacute;ster/PU, 220 g/m2</li>
<li>Pu&ntilde;os ajustables de cierre f&aacute;cil</li>
<li>Cierre frontal de cremallera, cubierta por tapa en cierre f&aacute;cil</li>
<li>Cintura ajustable</li>
<li>Bolsillos en el pecho con cierre f&aacute;cil, bolsillo porta-bol&iacute;grafos y elemento porta-badge</li>
<li>Dos bolsillos profundos en la cintura con cierre de bot&oacute;n autom&aacute;tico</li>
</ul>
<strong>Color</strong>
<ul>
<li>Gris</li>
</ul>","
La chaqueta talla pequeña: se recomienda coger una talla más grande.

Composición

T/C canvas, 65% poliéster, 35% algodón, 260 g/m2


Design

Elementos en “Oxford” poliéster/PU, 220 g/m2
Puños ajustables de cierre fácil
Cierre frontal de cremallera, cubierta por tapa en cierre fácil
Cintura ajustable
Bolsillos en el pecho con cierre fácil, bolsillo porta-bolígrafos y elemento porta-badge
Dos bolsillos profundos en la cintura con cierre de botón automático

Color

Gris
",TOOLING & WS,CONSUMABLE,CONS. SAFETY EQUIP.,,,,,,L,7545,891,418,361,50,,,,,,,,Gris,,,,,,,,L,,,,https://api.mybihr.com/medias/1113726004-1-800Wx800H?context=bWFzdGVyfHJvb3R8NDA5MjB8aW1hZ2UvanBlZ3xhRGhtTDJneU9TOHhORE13T1RNNU56VXlPRFl3Tmk4eE1URXpOekkyTURBMExURmZPREF3VjNnNE1EQkl8NzUxMGI0NjNmODE3ODM2NGI3M2YwNjkxYzI1YTllY2VjYTEyYjgyOTNiMGNlNmY3Mzk4NjFlZDVmOTc1ODFhYw,https://api.mybihr.com/medias/1113726004-2-800Wx800H?context=bWFzdGVyfHJvb3R8NDk4Mzd8aW1hZ2UvanBlZ3xhR1ZtTDJneFlpOHhORE13T1RNNU56a3lNVGd5TWk4eE1URXpOekkyTURBMExUSmZPREF3VjNnNE1EQkl8MzdmNzljNzgxODQ5Y2RjNGI4YTE1MjMzNjFhY2NiNzhiZDQxMWM4ZWQzYjc2N2JhNGNiOTY4NTY2MWIyMmQ4Nw,https://api.mybihr.com/medias/1113726004-3-800Wx800H?context=bWFzdGVyfHJvb3R8ODI0NzV8aW1hZ2UvanBlZ3xhRFJoTDJnek9TOHhORE13T1RNNU9ETXhOVEF6T0M4eE1URXpOekkyTURBMExUTmZPREF3VjNnNE1EQkl8MTBlZjllMmJkNTAwODgzNTA3ZDE0YmM5Mjg2NDg3YzgyNzUxNDgzNmMyNmQ4Yzk4M2I3OGQ0NzFkY2ZmYTA5Yw,https://api.mybihr.com/medias/1113726004-4-800Wx800H?context=bWFzdGVyfHJvb3R8NTE0NTJ8aW1hZ2UvanBlZ3xhR1EzTDJnME5pOHhORE13T1RNNU9EY3dPREkxTkM4eE1URXpOekkyTURBMExUUmZPREF3VjNnNE1EQkl8MjQzNGFlYjhmMWRlY2ViYWNiNTI3ZjMyMjU2ZTUzMDdhNDdkZGUxNzE3MzRhZGNjMjhhM2U0NmM1MWY1MWJkMw,,,,,,https://static.bihr.pro/eBihr/Pictures/BETA-pictures.zip,,Spain Warehouse (Parts)
1113726005,,079090804,BETA,"BETA JACKET WORKSHOP GRY, XL",Chaqueta de trabajo BETA en T/C canvas  260 g/m² elementos en Oxford,82.89,68.50,54.80,8054809136486,0,6211431000,0,0,"<p>La chaqueta talla peque&ntilde;a: se recomienda coger una talla m&aacute;s grande.</p>
<p><strong>Composici&oacute;n</strong></p>
<ul>
<li>T/C canvas, 65% poli&eacute;ster, 35% algod&oacute;n, 260 g/m2</li>
</ul>
<p><strong>Design</strong></p>
<ul>
<li>Elementos en &ldquo;Oxford&rdquo; poli&eacute;ster/PU, 220 g/m2</li>
<li>Pu&ntilde;os ajustables de cierre f&aacute;cil</li>
<li>Cierre frontal de cremallera, cubierta por tapa en cierre f&aacute;cil</li>
<li>Cintura ajustable</li>
<li>Bolsillos en el pecho con cierre f&aacute;cil, bolsillo porta-bol&iacute;grafos y elemento porta-badge</li>
<li>Dos bolsillos profundos en la cintura con cierre de bot&oacute;n autom&aacute;tico</li>
</ul>
<strong>Color</strong>
<ul>
<li>Gris</li>
</ul>","
La chaqueta talla pequeña: se recomienda coger una talla más grande.

Composición

T/C canvas, 65% poliéster, 35% algodón, 260 g/m2


Design

Elementos en “Oxford” poliéster/PU, 220 g/m2
Puños ajustables de cierre fácil
Cierre frontal de cremallera, cubierta por tapa en cierre fácil
Cintura ajustable
Bolsillos en el pecho con cierre fácil, bolsillo porta-bolígrafos y elemento porta-badge
Dos bolsillos profundos en la cintura con cierre de botón automático

Color

Gris
",TOOLING & WS,CONSUMABLE,CONS. SAFETY EQUIP.,,,,,,XL,3762,900,380,330,30,,,,,,,,Gris,,,,,,,,XL,,,,https://api.mybihr.com/medias/1113726005-1-800Wx800H?context=bWFzdGVyfHJvb3R8NDA5MjB8aW1hZ2UvanBlZ3xhREl6TDJnNVl5OHhORE13T1RNNU9URXdNVFEzTUM4eE1URXpOekkyTURBMUxURmZPREF3VjNnNE1EQkl8NzBkZWFiMDAyMDkyYTFkOTlhZGQ3YTBlOWE3YjIzMzQ1Njg5MWVkNzIwOTE2N2UzNWYyYWY1ZjBhMDg5NGFjMg,https://api.mybihr.com/medias/1113726005-2-800Wx800H?context=bWFzdGVyfHJvb3R8NDk4Mzd8aW1hZ2UvanBlZ3xhRFl4TDJoaE55OHhORE13T1RNNU9UUTVORFk0Tmk4eE1URXpOekkyTURBMUxUSmZPREF3VjNnNE1EQkl8YmI3NzgyYTQ5YTRkODY5NGQ2MmNmYzIxNzE5YmE0NDllMzkxM2UxOWNmOTVlN2YwYTc3M2Q2ZDE5ZTljNDU5Zg,https://api.mybihr.com/medias/1113726005-3-800Wx800H?context=bWFzdGVyfHJvb3R8ODI0NzV8aW1hZ2UvanBlZ3xhR1ZsTDJoaU5DOHhORE13T1RNNU9UZzROemt3TWk4eE1URXpOekkyTURBMUxUTmZPREF3VjNnNE1EQkl8Y2ZkNDI2ZTIxYzc5ZmM1Y2I2ODgyMmVmMjg0YThmYjBjYmE5N2UyYjdmMDg0MmJhYjlmMjBmNWQ4MmRhM2VjMA,https://api.mybihr.com/medias/1113726005-4-800Wx800H?context=bWFzdGVyfHJvb3R8NTE0NTJ8aW1hZ2UvanBlZ3xhR1l5TDJoak1pOHhORE13T1RRd01ESTRNVEV4T0M4eE1URXpOekkyTURBMUxUUmZPREF3VjNnNE1EQkl8ZmU0ZjEyMWYzNDQyN2U4ZDM2OTNkNTM0YzdlYWNlYTA3ODczYTkzODQ2NDQ1MDE5YTg0OTQzNGM4MWQ1ZTRlNA,,,,,,https://static.bihr.pro/eBihr/Pictures/BETA-pictures.zip,,Spain Warehouse (Parts)
1113726001,,079090800,BETA,"BETA JACKET WORKSHOP GRY, XS",Chaqueta de trabajo BETA en T/C canvas  260 g/m² elementos en Oxford,82.89,68.50,54.80,8054809136448,0,6211431000,0,0,"<p>La chaqueta talla peque&ntilde;a: se recomienda coger una talla m&aacute;s grande.</p>
<p><strong>Composici&oacute;n</strong></p>
<ul>
<li>T/C canvas, 65% poli&eacute;ster, 35% algod&oacute;n, 260 g/m2</li>
</ul>
<p><strong>Design</strong></p>
<ul>
<li>Elementos en &ldquo;Oxford&rdquo; poli&eacute;ster/PU, 220 g/m2</li>
<li>Pu&ntilde;os ajustables de cierre f&aacute;cil</li>
<li>Cierre frontal de cremallera, cubierta por tapa en cierre f&aacute;cil</li>
<li>Cintura ajustable</li>
<li>Bolsillos en el pecho con cierre f&aacute;cil, bolsillo porta-bol&iacute;grafos y elemento porta-badge</li>
<li>Dos bolsillos profundos en la cintura con cierre de bot&oacute;n autom&aacute;tico</li>
</ul>
<strong>Color</strong>
<ul>
<li>Gris</li>
</ul>","
La chaqueta talla pequeña: se recomienda coger una talla más grande.

Composición

T/C canvas, 65% poliéster, 35% algodón, 260 g/m2


Design

Elementos en “Oxford” poliéster/PU, 220 g/m2
Puños ajustables de cierre fácil
Cierre frontal de cremallera, cubierta por tapa en cierre fácil
Cintura ajustable
Bolsillos en el pecho con cierre fácil, bolsillo porta-bolígrafos y elemento porta-badge
Dos bolsillos profundos en la cintura con cierre de botón automático

Color

Gris
",TOOLING & WS,CONSUMABLE,CONS. SAFETY EQUIP.,,,,,,XS,1,1,10,10,10,,,,,,,,Gris,,,,,,,,XS,,,,https://api.mybihr.com/medias/1113726001-1-800Wx800H?context=bWFzdGVyfHJvb3R8NDA5MjB8aW1hZ2UvanBlZ3xhR0l5TDJneU1TOHhORE13T1RNNU16RXpOelk1TkM4eE1URXpOekkyTURBeExURmZPREF3VjNnNE1EQkl8N2I2Yzc5NDZmN2FkMzkyZTAxM2VhM2NkZmNhZWE5NTRhNWM5MGViZDNkYzc3NDM2ZGYwZDE1ZDRjZDdjM2YzNA,https://api.mybihr.com/medias/1113726001-2-800Wx800H?context=bWFzdGVyfHJvb3R8NDk4Mzd8aW1hZ2UvanBlZ3xhRFV6TDJneVppOHhORE13T1RNNU16VXpNRGt4TUM4eE1URXpOekkyTURBeExUSmZPREF3VjNnNE1EQkl8ZDU1Mjg5OGZmMzI2MzViZjIyY2M3NWZlMzU1OWYzOThlMjg0NzBiOGFhNTliMWVlOGFiZDBhYTI4ZjQ4MjY1Zg,https://api.mybihr.com/medias/1113726001-3-800Wx800H?context=bWFzdGVyfHJvb3R8ODI0NzV8aW1hZ2UvanBlZ3xhR1V4TDJnell5OHhORE13T1RNNU16a3lOREV5Tmk4eE1URXpOekkyTURBeExUTmZPREF3VjNnNE1EQkl8MzNhOTZkODQ3Yzc3NTYwNDk0NTU4ZGU0ZGY3ZTRjYjcwOTllY2I0MjUyNjNmMGFiZjk3ZTI3MDZiZDU4NDZmNQ,https://api.mybihr.com/medias/1113726001-4-800Wx800H?context=bWFzdGVyfHJvb3R8NTE0NTJ8aW1hZ2UvanBlZ3xhR1V3TDJnMk9TOHhORE13T1RRd01qSTBOekU1T0M4eE1URXpOekkyTURBeExUUmZPREF3VjNnNE1EQkl8MWI2NDg5YjIxMjE2NDA2ZDhjZDdkZmNkZmFmYjM1YTdlNGYyNjIzNmE5Mjk4Mjk5YzAyMmVjNTQ5NDFhNjhmYQ,,,,,,https://static.bihr.pro/eBihr/Pictures/BETA-pictures.zip,,Spain Warehouse (Parts)
1113726003,,079090802,BETA,"BETA JACKET WORKSHOP GRY, M",Chaqueta de trabajo BETA en T/C canvas  260 g/m² elementos en Oxford,82.89,68.50,54.80,8054809136462,0,6211431000,0,0,"<p>La chaqueta talla peque&ntilde;a: se recomienda coger una talla m&aacute;s grande.</p>
<p><strong>Composici&oacute;n</strong></p>
<ul>
<li>T/C canvas, 65% poli&eacute;ster, 35% algod&oacute;n, 260 g/m2</li>
</ul>
<p><strong>Design</strong></p>
<ul>
<li>Elementos en &ldquo;Oxford&rdquo; poli&eacute;ster/PU, 220 g/m2</li>
<li>Pu&ntilde;os ajustables de cierre f&aacute;cil</li>
<li>Cierre frontal de cremallera, cubierta por tapa en cierre f&aacute;cil</li>
<li>Cintura ajustable</li>
<li>Bolsillos en el pecho con cierre f&aacute;cil, bolsillo porta-bol&iacute;grafos y elemento porta-badge</li>
<li>Dos bolsillos profundos en la cintura con cierre de bot&oacute;n autom&aacute;tico</li>
</ul>
<strong>Color</strong>
<ul>
<li>Gris</li>
</ul>","
La chaqueta talla pequeña: se recomienda coger una talla más grande.

Composición

T/C canvas, 65% poliéster, 35% algodón, 260 g/m2


Design

Elementos en “Oxford” poliéster/PU, 220 g/m2
Puños ajustables de cierre fácil
Cierre frontal de cremallera, cubierta por tapa en cierre fácil
Cintura ajustable
Bolsillos en el pecho con cierre fácil, bolsillo porta-bolígrafos y elemento porta-badge
Dos bolsillos profundos en la cintura con cierre de botón automático

Color

Gris
",TOOLING & WS,CONSUMABLE,CONS. SAFETY EQUIP.,,,,,,M,10400,862,391,341,78,,,,,,,,Gris,,,,,,,,M,,,,https://api.mybihr.com/medias/1113726003-1-800Wx800H?context=bWFzdGVyfHJvb3R8NDA5MjB8aW1hZ2UvanBlZ3xhRE13TDJobFppOHhORE13T1RNNU5UazFOVGMwTWk4eE1URXpOekkyTURBekxURmZPREF3VjNnNE1EQkl8YWQzNjZiNmY1NDk3OTVhN2Q1ZTE2MTM4M2I1YmFkZDc0M2VlN2Y5ODUwMmNlZTc3OTk5Yzk5ZTQ0ZGUxMTlhOA,https://api.mybihr.com/medias/1113726003-2-800Wx800H?context=bWFzdGVyfHJvb3R8NDk4Mzd8aW1hZ2UvanBlZ3xhR1kzTDJnNU9TOHhORE13T1RNNU5qTTBPRGsxT0M4eE1URXpOekkyTURBekxUSmZPREF3VjNnNE1EQkl8NmUyZjQ2ZGUwMjE1MTc3MDY5MjEyNzc0YTA2YTkzOTJjODQxYzUyNDQwNjM0ODQ4ZjQ1Nzc4OWNhZTA5YzIyNw,https://api.mybihr.com/medias/1113726003-3-800Wx800H?context=bWFzdGVyfHJvb3R8ODI0NzV8aW1hZ2UvanBlZ3xhRFUyTDJnNFl5OHhORE13T1RNNU5qYzBNakUzTkM4eE1URXpOekkyTURBekxUTmZPREF3VjNnNE1EQkl8NTQwNTc4OGE5ZjI5YmQzMWFmZTg3OGViZGNlMTY3MjdlNWJjZDRhNDcyODk5M2I1YTUxOGRkODc5Yjk2N2UzZA,https://api.mybihr.com/medias/1113726003-4-800Wx800H?context=bWFzdGVyfHJvb3R8NTE0NTJ8aW1hZ2UvanBlZ3xhREZrTDJnek55OHhORE13T1RNNU56RXpOVE01TUM4eE1URXpOekkyTURBekxUUmZPREF3VjNnNE1EQkl8MmY0NGRlNWVjYmZiNDAxNDQzMDU4ZjNkZWM5NjZiNWVkZWNkZGJjNGUyY2Q3MzQ5Y2Q1M2MxMzZiNDMzY2FmNg,,,,,,https://static.bihr.pro/eBihr/Pictures/BETA-pictures.zip,,Spain Warehouse (Parts)
1113726006,,079090805,BETA,"BETA JACKET WORKSHOP GRY, 2XL",Chaqueta de trabajo BETA en T/C canvas  260 g/m² elementos en Oxford,82.89,68.50,54.80,8054809136493,0,6211431000,0,0,"<p>La chaqueta talla peque&ntilde;a: se recomienda coger una talla m&aacute;s grande.</p>
<p><strong>Composici&oacute;n</strong></p>
<ul>
<li>T/C canvas, 65% poli&eacute;ster, 35% algod&oacute;n, 260 g/m2</li>
</ul>
<p><strong>Design</strong></p>
<ul>
<li>Elementos en &ldquo;Oxford&rdquo; poli&eacute;ster/PU, 220 g/m2</li>
<li>Pu&ntilde;os ajustables de cierre f&aacute;cil</li>
<li>Cierre frontal de cremallera, cubierta por tapa en cierre f&aacute;cil</li>
<li>Cintura ajustable</li>
<li>Bolsillos en el pecho con cierre f&aacute;cil, bolsillo porta-bol&iacute;grafos y elemento porta-badge</li>
<li>Dos bolsillos profundos en la cintura con cierre de bot&oacute;n autom&aacute;tico</li>
</ul>
<strong>Color</strong>
<ul>
<li>Gris</li>
</ul>","
La chaqueta talla pequeña: se recomienda coger una talla más grande.

Composición

T/C canvas, 65% poliéster, 35% algodón, 260 g/m2


Design

Elementos en “Oxford” poliéster/PU, 220 g/m2
Puños ajustables de cierre fácil
Cierre frontal de cremallera, cubierta por tapa en cierre fácil
Cintura ajustable
Bolsillos en el pecho con cierre fácil, bolsillo porta-bolígrafos y elemento porta-badge
Dos bolsillos profundos en la cintura con cierre de botón automático

Color

Gris
",TOOLING & WS,CONSUMABLE,CONS. SAFETY EQUIP.,,,,,,2XL,8067,944,463,363,48,,,,,,,,Gris,,,,,,,,XXL,,,,https://api.mybihr.com/medias/1113726006-1-800Wx800H?context=bWFzdGVyfHJvb3R8NDA5MjB8aW1hZ2UvanBlZ3xhRGRtTDJoa01DOHhORE13T1RRd01EWTNORE16TkM4eE1URXpOekkyTURBMkxURmZPREF3VjNnNE1EQkl8OWFiZGIwODNjYzIxNDI3MGU2NDg2OTk3NmRiODVkZjU2NDUxNzdhMmVkNWJkZDkyMWU0MDg3MmI4MmQ4MWNiYg,https://api.mybihr.com/medias/1113726006-2-800Wx800H?context=bWFzdGVyfHJvb3R8NDk4Mzd8aW1hZ2UvanBlZ3xhRFEzTDJoa1lTOHhORE13T1RRd01UQTJOelUxTUM4eE1URXpOekkyTURBMkxUSmZPREF3VjNnNE1EQkl8NWE0NDQyNGEzODNjODNiYjVmMTc4NWU3YTkwM2I1MzRjYmRjOGM4NDkyMjQyOWJlMjE0MzhmNDhjMWIzODQ4OQ,https://api.mybihr.com/medias/1113726006-3-800Wx800H?context=bWFzdGVyfHJvb3R8ODI0NzV8aW1hZ2UvanBlZ3xhR0UzTDJoall5OHhORE13T1RRd01UUTJNRGMyTmk4eE1URXpOekkyTURBMkxUTmZPREF3VjNnNE1EQkl8MzViMzhlZDNmMDE1ODRmYTRiNjFiMzBkNjY1YzA4ZjhmZTUxOWM0ZDFmN2FkODY1MDVmYWRiYTlmOTlkYjVhMw,https://api.mybihr.com/medias/1113726006-4-800Wx800H?context=bWFzdGVyfHJvb3R8NTE0NTJ8aW1hZ2UvanBlZ3xhREU1TDJoaVppOHhORE13T1RRd01UZzFNems0TWk4eE1URXpOekkyTURBMkxUUmZPREF3VjNnNE1EQkl8YzI2ZmFhZGEyN2Y3NTM5YmZhYjU4MjQzY2FlZjNiNGRkZmI0YzRhMjU4ZGExMmUxODY1Y2E0YmQ0ZTQ2MGJhOA,,,,,,https://static.bihr.pro/eBihr/Pictures/BETA-pictures.zip,,Spain Warehouse (Parts)
1100101005,5290000442,072411242,BETA,"BETA SHOE LOW NUBUCK, BLK, 42","Botas BETA de piel pigmentada, talla 42",68.97,57.00,45.60,8014230875088,2,6403400000,0,1,"<html> <head> <meta http-equiv=""Content-Type"" content=""text/html; charset=utf-8""><title> </title> <style type=""text/css"">.cs95E872D0{text-align:left;margin:0pt 0pt 0pt 0pt;}.csA7555675{color:#000;background-color:transparent;font-weight:normal;font-style:normal;}.cs4FC7BF42{text-align:left;margin:0pt 0pt 0pt 0pt;list-style-type:disc;color:#000;background-color:transparent;font-weight:normal;font-style:normal;}</style> </head> <body> <p><a id=""_DX_FRAG_STARTFRAGMENT""></a><a id=""_DX_FRAG_STARTFRAGMENT""></a>CE S1P SRC - EN ISO 20345 : 2011</p><p> </p><ul> <li>Printed, pigmented leather</li><li>Dual-density polyurethane outsole</li><li>Steel, 200 joules toe cap</li><li>Penetration-proof insole in Composite fibre, ceramic treatment</li><li>Underfoot cover in felt carbon<a id=""_DX_FRAG_ENDFRAGMENT""></a></li></ul> <p> </p><p>Weight of 620g</p></body> </html>","       CE S1P SRC - EN ISO 20345 : 2011  Printed, pigmented leatherDual-density polyurethane outsoleSteel, 200 joules toe capPenetration-proof insole in Composite fibre, ceramic treatmentUnderfoot cover in felt carbon  Weight of 620g ",TOOLING & WS,CONSUMABLE,CONS. SAFETY EQUIP.,,Negro,,,EU42,,8882,1386,334,203,131,,,,,,,,Negro,,,,,,,,42,,,,https://api.mybihr.com/medias/1100101005-1-800Wx800H?context=bWFzdGVyfHJvb3R8MTUyMDUxfGltYWdlL2pwZWd8YURBM0wyZ3pNUzg0T1RBMk1qTXpOelF4TXpReUx6RXhNREF4TURFd01EVXRNVjg0TURCWGVEZ3dNRWd8ODZlMzI0NDliM2QzYjBjYTI2NTIxYTM4N2I2YWJhMDNkNDU1MGM1MTIzOTdmMGU0ZGVjYWNiNjVmOGJjZmUwYQ,,,,,,,,,https://static.bihr.pro/eBihr/Pictures/BETA-pictures.zip,,Spain Warehouse (Parts)
1100101003,5290000440,072411240,BETA,"BETA SHOE LOW NUBUCK, BLK, 40","Botas BETA de piel pigmentada, talla 40",68.97,57.00,45.60,8014230875064,1,6403400000,0,1,"<html> <head> <meta http-equiv=""Content-Type"" content=""text/html; charset=utf-8""><title> </title> <style type=""text/css"">.cs95E872D0{text-align:left;margin:0pt 0pt 0pt 0pt;}.csA7555675{color:#000;background-color:transparent;font-weight:normal;font-style:normal;}.cs4FC7BF42{text-align:left;margin:0pt 0pt 0pt 0pt;list-style-type:disc;color:#000;background-color:transparent;font-weight:normal;font-style:normal;}</style> </head> <body> <p><a id=""_DX_FRAG_STARTFRAGMENT""></a><a id=""_DX_FRAG_STARTFRAGMENT""></a>CE S1P SRC - EN ISO 20345 : 2011</p><p> </p><ul> <li>Printed, pigmented leather</li><li>Dual-density polyurethane outsole</li><li>Steel, 200 joules toe cap</li><li>Penetration-proof insole in Composite fibre, ceramic treatment</li><li>Underfoot cover in felt carbon<a id=""_DX_FRAG_ENDFRAGMENT""></a></li></ul> <p> </p><p>Weight of 620g</p></body> </html>","       CE S1P SRC - EN ISO 20345 : 2011  Printed, pigmented leatherDual-density polyurethane outsoleSteel, 200 joules toe capPenetration-proof insole in Composite fibre, ceramic treatmentUnderfoot cover in felt carbon  Weight of 620g ",TOOLING & WS,CONSUMABLE,CONS. SAFETY EQUIP.,,Negro,,,EU40,,8523,1312,338,205,123,,,,,,,,Negro,,,,,,,,40,,,,https://api.mybihr.com/medias/1100101003-1-800Wx800H?context=bWFzdGVyfHJvb3R8MTUyMDUxfGltYWdlL2pwZWd8YURFMUwyZ3pZaTg0T0RjNE1Ea3lNVGc1TnpJMkx6RXhNREF4TURFd01ETXRNVjg0TURCWGVEZ3dNRWd8ZDllMDdiZDUzNTdiMDY5NzNhOGViZjRiNDljZmNhYjMwZTljNDM2NDJhODFjMTFiMDljMDEyZjE4MTQwYmRhMw,,,,,,,,,https://static.bihr.pro/eBihr/Pictures/BETA-pictures.zip,,Spain Warehouse (Parts)
1100101004,5290000441,072411241,BETA,"BETA SHOE LOW NUBUCK, BLK, 41","Botas BETA de piel pigmentada, talla 41",68.97,57.00,45.60,8014230875071,2,6403400000,0,1,"<html> <head> <meta http-equiv=""Content-Type"" content=""text/html; charset=utf-8""><title> </title> <style type=""text/css"">.cs95E872D0{text-align:left;margin:0pt 0pt 0pt 0pt;}.csA7555675{color:#000;background-color:transparent;font-weight:normal;font-style:normal;}.cs4FC7BF42{text-align:left;margin:0pt 0pt 0pt 0pt;list-style-type:disc;color:#000;background-color:transparent;font-weight:normal;font-style:normal;}</style> </head> <body> <p><a id=""_DX_FRAG_STARTFRAGMENT""></a><a id=""_DX_FRAG_STARTFRAGMENT""></a>CE S1P SRC - EN ISO 20345 : 2011</p><p> </p><ul> <li>Printed, pigmented leather</li><li>Dual-density polyurethane outsole</li><li>Steel, 200 joules toe cap</li><li>Penetration-proof insole in Composite fibre, ceramic treatment</li><li>Underfoot cover in felt carbon<a id=""_DX_FRAG_ENDFRAGMENT""></a></li></ul> <p> </p><p>Weight of 620g</p></body> </html>","       CE S1P SRC - EN ISO 20345 : 2011  Printed, pigmented leatherDual-density polyurethane outsoleSteel, 200 joules toe capPenetration-proof insole in Composite fibre, ceramic treatmentUnderfoot cover in felt carbon  Weight of 620g ",TOOLING & WS,CONSUMABLE,CONS. SAFETY EQUIP.,,Negro,,,EU41,,8832,1374,337,208,126,,,,,,,,Negro,,,,,,,,41,,,,https://api.mybihr.com/medias/1100101004-1-800Wx800H?context=bWFzdGVyfHJvb3R8MTUyMDUxfGltYWdlL2pwZWd8YUdFM0wyZ3paUzg0T1RBMk1qTXpNelE0TVRJMkx6RXhNREF4TURFd01EUXRNVjg0TURCWGVEZ3dNRWd8ZGRhNTY5ZGNiMTQ2OThjZTVhNjEyYTY4ZmM0YThlOTg2N2ExZGY3MzAyZjM1OTBhNjgwNTAyM2ZlNTE1MDQ4ZA,,,,,,,,,https://static.bihr.pro/eBihr/Pictures/BETA-pictures.zip,,Spain Warehouse (Parts)
1100101002,5290000439,072411239,BETA,"BETA SHOE LOW NUBUCK, BLK, 39","Botas BETA de piel pigmentada, talla 39",68.97,57.00,45.60,8014230875057,2,6403400000,0,1,"<html> <head> <meta http-equiv=""Content-Type"" content=""text/html; charset=utf-8""><title> </title> <style type=""text/css"">.cs95E872D0{text-align:left;margin:0pt 0pt 0pt 0pt;}.csA7555675{color:#000;background-color:transparent;font-weight:normal;font-style:normal;}.cs4FC7BF42{text-align:left;margin:0pt 0pt 0pt 0pt;list-style-type:disc;color:#000;background-color:transparent;font-weight:normal;font-style:normal;}</style> </head> <body> <p><a id=""_DX_FRAG_STARTFRAGMENT""></a><a id=""_DX_FRAG_STARTFRAGMENT""></a>CE S1P SRC - EN ISO 20345 : 2011</p><p> </p><ul> <li>Printed, pigmented leather</li><li>Dual-density polyurethane outsole</li><li>Steel, 200 joules toe cap</li><li>Penetration-proof insole in Composite fibre, ceramic treatment</li><li>Underfoot cover in felt carbon<a id=""_DX_FRAG_ENDFRAGMENT""></a></li></ul> <p> </p><p>Weight of 620g</p></body> </html>","       CE S1P SRC - EN ISO 20345 : 2011  Printed, pigmented leatherDual-density polyurethane outsoleSteel, 200 joules toe capPenetration-proof insole in Composite fibre, ceramic treatmentUnderfoot cover in felt carbon  Weight of 620g ",TOOLING & WS,CONSUMABLE,CONS. SAFETY EQUIP.,,Negro,,,EU39,,10281,1345,341,225,134,,,,,,,,Negro,,,,,,,,39,,,,https://api.mybihr.com/medias/1100101002-1-800Wx800H?context=bWFzdGVyfHJvb3R8MTUyMDUxfGltYWdlL2pwZWd8YUROa0wyZzJaUzg0T1RVd09UYzROVGMyTkRFMEx6RXhNREF4TURFd01ESXRNVjg0TURCWGVEZ3dNRWd8Y2VmMDFhM2I3MGNkN2FkNTNiYzZiMGZkY2RiZjg1MGE1ZTM0ZDRkNDc1YmRhNTI4OTJiYjgxMzkwNjQzMmY3ZQ,,,,,,,,,https://static.bihr.pro/eBihr/Pictures/BETA-pictures.zip,,Spain Warehouse (Parts)
1100101001,5290000438,072411238,BETA,"BETA SHOE LOW NUBUCK, BLK, 38","Botas BETA de piel pigmentada, talla 38",68.97,57.00,45.60,8014230875040,1,6403400000,0,1,"<html> <head> <meta http-equiv=""Content-Type"" content=""text/html; charset=utf-8""><title> </title> <style type=""text/css"">.cs95E872D0{text-align:left;margin:0pt 0pt 0pt 0pt;}.csA7555675{color:#000;background-color:transparent;font-weight:normal;font-style:normal;}.cs4FC7BF42{text-align:left;margin:0pt 0pt 0pt 0pt;list-style-type:disc;color:#000;background-color:transparent;font-weight:normal;font-style:normal;}</style> </head> <body> <p><a id=""_DX_FRAG_STARTFRAGMENT""></a><a id=""_DX_FRAG_STARTFRAGMENT""></a>CE S1P SRC - EN ISO 20345 : 2011</p><p> </p><ul> <li>Printed, pigmented leather</li><li>Dual-density polyurethane outsole</li><li>Steel, 200 joules toe cap</li><li>Penetration-proof insole in Composite fibre, ceramic treatment</li><li>Underfoot cover in felt carbon<a id=""_DX_FRAG_ENDFRAGMENT""></a></li></ul> <p> </p><p>Weight of 620g</p></body> </html>","       CE S1P SRC - EN ISO 20345 : 2011  Printed, pigmented leatherDual-density polyurethane outsoleSteel, 200 joules toe capPenetration-proof insole in Composite fibre, ceramic treatmentUnderfoot cover in felt carbon  Weight of 620g ",TOOLING & WS,CONSUMABLE,CONS. SAFETY EQUIP.,,Negro,,,EU38,,10289,1178,349,220,134,,,,,,,,Negro,,,,,,,,38,,,,https://api.mybihr.com/medias/1100101001-1-800Wx800H?context=bWFzdGVyfHJvb3R8MTUyMDUxfGltYWdlL2pwZWd8YUdRNUwyaGlOeTg0T1RFME9ESTRNVGszT1RFNEx6RXhNREF4TURFd01ERXRNVjg0TURCWGVEZ3dNRWd8ZjZlZGU3MzIyZmZiODkxYTJjNTc4NTBhOTg2NTVkMjI5YTgzMzk4MjM2Mzg5YjkzYWQwMjk1MTZiMmNhMmI5Yw,,,,,,,,,https://static.bihr.pro/eBihr/Pictures/BETA-pictures.zip,,Spain Warehouse (Parts)
1100101009,5290000446,072411246,BETA,"BETA SHOE LOW NUBUCK, BLK, 46","Botas BETA de piel pigmentada, talla 46",68.97,57.00,45.60,8014230875125,2,6403400000,0,1,"<html> <head> <meta http-equiv=""Content-Type"" content=""text/html; charset=utf-8""><title> </title> <style type=""text/css"">.cs95E872D0{text-align:left;margin:0pt 0pt 0pt 0pt;}.csA7555675{color:#000;background-color:transparent;font-weight:normal;font-style:normal;}.cs4FC7BF42{text-align:left;margin:0pt 0pt 0pt 0pt;list-style-type:disc;color:#000;background-color:transparent;font-weight:normal;font-style:normal;}</style> </head> <body> <p><a id=""_DX_FRAG_STARTFRAGMENT""></a><a id=""_DX_FRAG_STARTFRAGMENT""></a>CE S1P SRC - EN ISO 20345 : 2011</p><p> </p><ul> <li>Printed, pigmented leather</li><li>Dual-density polyurethane outsole</li><li>Steel, 200 joules toe cap</li><li>Penetration-proof insole in Composite fibre, ceramic treatment</li><li>Underfoot cover in felt carbon<a id=""_DX_FRAG_ENDFRAGMENT""></a></li></ul> <p> </p><p>Weight of 620g</p></body> </html>","       CE S1P SRC - EN ISO 20345 : 2011  Printed, pigmented leatherDual-density polyurethane outsoleSteel, 200 joules toe capPenetration-proof insole in Composite fibre, ceramic treatmentUnderfoot cover in felt carbon  Weight of 620g ",TOOLING & WS,CONSUMABLE,CONS. SAFETY EQUIP.,,Negro,,,EU46,,10689,1569,352,241,126,,,,,,,,Negro,,,,,,,,46,,,,https://api.mybihr.com/medias/1100101009-1-800Wx800H?context=bWFzdGVyfHJvb3R8MTUyMDUxfGltYWdlL2pwZWd8YURCa0wyZ3laUzg0T1RnME5EZzVPVGcwTURNd0x6RXhNREF4TURFd01Ea3RNVjg0TURCWGVEZ3dNRWd8YTRlOTZmZDdhYWU4ZTRmMWIyMzZiZjE1YTcwMzM0MDkwMWQ3YjcxYzJkMWY3YWVhZGQ2YzVhYWI1M2UyOTAxMg,,,,,,,,,https://static.bihr.pro/eBihr/Pictures/BETA-pictures.zip,,Spain Warehouse (Parts)
1100535002,,076590005,BETA,"BETA SOFTSHELL JACKET, 2XL",BETA Chaqueta Softshell con capucha y mangas desprendibles,197.23,163.00,130.40,8054809165479,0,6201900090,1,0,"<p><strong>Composition</strong></p>
<ul>
<li>Outer fabric: 94% polyester, 6% spandex, 290 g/m2</li>
<li>Inner fabric: 100% microfleece polyester</li>
<li>Jacket with waterproof, windproof, breathable TPU membrane<br>(resistance to water columns up to 8,000 mm - breathability 8,000 mvp)</li>
</ul>
<p><strong>Design</strong></p>
<ul>
<li>Detachable sleeves</li>
<li>Detachable hood with string adjusters</li>
<li>Stretch cuffs with press-stud adjusters</li>
<li>Two large waist pockets with zip closure</li>
<li>Chest pocket with vertical zip closure and badge insert</li>
<li>One interior pocket</li>
</ul>","
Composition

Outer fabric: 94% polyester, 6% spandex, 290 g/m2
Inner fabric: 100% microfleece polyester
Jacket with waterproof, windproof, breathable TPU membrane(resistance to water columns up to 8,000 mm - breathability 8,000 mvp)


Design

Detachable sleeves
Detachable hood with string adjusters
Stretch cuffs with press-stud adjusters
Two large waist pockets with zip closure
Chest pocket with vertical zip closure and badge insert
One interior pocket
",TOOLING & WS,CONSUMABLE,CONS. SAFETY EQUIP.,,,,2XL,,,16033,1082,307,408,128,,,,,,,,Negro,,,,,,,,XXL,,,,https://api.mybihr.com/medias/1100535002-1-800Wx800H?context=bWFzdGVyfHJvb3R8MzkwNDl8aW1hZ2UvanBlZ3xhR0l5TDJnME1DOHhNamM0TmpRNU5UUTRPREF6TUM4eE1UQXdOVE0xTURBeUxURmZPREF3VjNnNE1EQkl8YjFmZjRkNWMwMTVkZGVjYzhlYjlkZWQzYjQ1NzIyMWQ3YTk3OWRjMWFhZGZjMWM2ZGIzOGZmNjllNDhiNzU3NA,,,,,,,,,https://static.bihr.pro/eBihr/Pictures/BETA-pictures.zip,,Spain Warehouse (Parts)
1100535004,1100535004,076590002,BETA,"BETA SOFTSHELL JACKET, M","Abrigo BETA de material softshell, con capucha y mangas separables, talla M",169.99,140.49,91.32,8054809165448,1,6201900090,0,0,"<p><strong>Composition</strong></p>
<ul>
<li>Outer fabric: 94% polyester, 6% spandex, 290 g/m2</li>
<li>Inner fabric: 100% microfleece polyester</li>
<li>Jacket with waterproof, windproof, breathable TPU membrane<br>(resistance to water columns up to 8,000 mm - breathability 8,000 mvp)</li>
</ul>
<p><strong>Design</strong></p>
<ul>
<li>Detachable sleeves</li>
<li>Detachable hood with string adjusters</li>
<li>Stretch cuffs with press-stud adjusters</li>
<li>Two large waist pockets with zip closure</li>
<li>Chest pocket with vertical zip closure and badge insert</li>
<li>One interior pocket</li>
</ul>","
Composition

Outer fabric: 94% polyester, 6% spandex, 290 g/m2
Inner fabric: 100% microfleece polyester
Jacket with waterproof, windproof, breathable TPU membrane(resistance to water columns up to 8,000 mm - breathability 8,000 mvp)


Design

Detachable sleeves
Detachable hood with string adjusters
Stretch cuffs with press-stud adjusters
Two large waist pockets with zip closure
Chest pocket with vertical zip closure and badge insert
One interior pocket
",TOOLING & WS,CONSUMABLE,CONS. SAFETY EQUIP.,,,,M,,,14351,941,263,387,141,,,,,,,,Negro,,,,,,,,M,,,,https://api.mybihr.com/medias/1100535004-1-800Wx800H?context=bWFzdGVyfHJvb3R8MzkwNDl8aW1hZ2UvanBlZ3xhRFV6TDJnMFpTOHhNamM0TmpRNU5UZzRNVEkwTmk4eE1UQXdOVE0xTURBMExURmZPREF3VjNnNE1EQkl8Yjc2NzUzNGJiYWE0ZWQzMGQ1ODJhNzk4YTk4NDZhNjU2Yjk5MTU1ODViMjBkMjgzZGI2ODZlZmU2ZTYyMDgzMg,,,,,,,,,https://static.bihr.pro/eBihr/Pictures/BETA-pictures.zip,,Spain Warehouse (Parts)
1100535005,,076590003,BETA,"BETA SOFTSHELL JACKET, L",BETA Chaqueta Softshell con capucha y mangas desprendibles,197.23,163.00,130.40,8054809165455,0,6201900090,1,0,"<p><strong>Composition</strong></p>
<ul>
<li>Outer fabric: 94% polyester, 6% spandex, 290 g/m2</li>
<li>Inner fabric: 100% microfleece polyester</li>
<li>Jacket with waterproof, windproof, breathable TPU membrane<br>(resistance to water columns up to 8,000 mm - breathability 8,000 mvp)</li>
</ul>
<p><strong>Design</strong></p>
<ul>
<li>Detachable sleeves</li>
<li>Detachable hood with string adjusters</li>
<li>Stretch cuffs with press-stud adjusters</li>
<li>Two large waist pockets with zip closure</li>
<li>Chest pocket with vertical zip closure and badge insert</li>
<li>One interior pocket</li>
</ul>","
Composition

Outer fabric: 94% polyester, 6% spandex, 290 g/m2
Inner fabric: 100% microfleece polyester
Jacket with waterproof, windproof, breathable TPU membrane(resistance to water columns up to 8,000 mm - breathability 8,000 mvp)


Design

Detachable sleeves
Detachable hood with string adjusters
Stretch cuffs with press-stud adjusters
Two large waist pockets with zip closure
Chest pocket with vertical zip closure and badge insert
One interior pocket
",TOOLING & WS,CONSUMABLE,CONS. SAFETY EQUIP.,,,,L,,,8413,1001,270,380,82,,,,,,,,Negro,,,,,,,,L,,,,https://api.mybihr.com/medias/1100535005-1-800Wx800H?context=bWFzdGVyfHJvb3R8MzkwNDl8aW1hZ2UvanBlZ3xhRGhqTDJoaE15OHhNamM0TmpRNU5qSTNORFEyTWk4eE1UQXdOVE0xTURBMUxURmZPREF3VjNnNE1EQkl8NTBjMTY5OWZhOTZkN2ZiZTE2YzYzY2IxNTE1NzQ5NzMwOWYzNDk3OGMzZjZjYTYzNDIxZDllYTMwMWQ4NTY4Mw,,,,,,,,,https://static.bihr.pro/eBihr/Pictures/BETA-pictures.zip,,Spain Warehouse (Parts)
1100535003,,076590001,BETA,"BETA SOFTSHELL JACKET, S",BETA Chaqueta Softshell con capucha y mangas desprendibles,197.23,163.00,130.40,8054809165431,0,6201900090,1,0,"<p><strong>Composition</strong></p>
<ul>
<li>Outer fabric: 94% polyester, 6% spandex, 290 g/m2</li>
<li>Inner fabric: 100% microfleece polyester</li>
<li>Jacket with waterproof, windproof, breathable TPU membrane<br>(resistance to water columns up to 8,000 mm - breathability 8,000 mvp)</li>
</ul>
<p><strong>Design</strong></p>
<ul>
<li>Detachable sleeves</li>
<li>Detachable hood with string adjusters</li>
<li>Stretch cuffs with press-stud adjusters</li>
<li>Two large waist pockets with zip closure</li>
<li>Chest pocket with vertical zip closure and badge insert</li>
<li>One interior pocket</li>
</ul>","
Composition

Outer fabric: 94% polyester, 6% spandex, 290 g/m2
Inner fabric: 100% microfleece polyester
Jacket with waterproof, windproof, breathable TPU membrane(resistance to water columns up to 8,000 mm - breathability 8,000 mvp)


Design

Detachable sleeves
Detachable hood with string adjusters
Stretch cuffs with press-stud adjusters
Two large waist pockets with zip closure
Chest pocket with vertical zip closure and badge insert
One interior pocket
",TOOLING & WS,CONSUMABLE,CONS. SAFETY EQUIP.,,,,S,,,11162,883,547,371,55,,,,,,,,Negro,,,,,,,,S,,,,https://api.mybihr.com/medias/1100535003-1-800Wx800H?context=bWFzdGVyfHJvb3R8MzkwNDl8aW1hZ2UvanBlZ3xhR1UzTDJoaVlTOHhNamM0TmpRNU5qa3lPVGd5TWk4eE1UQXdOVE0xTURBekxURmZPREF3VjNnNE1EQkl8YWEyNGNhM2UyNmVjZDIyYjhiZDZlYjIxYWFiNDYyYzQyYTdhOWQ0YjY5MGE5MTE3MmYwNGI5NjViZWE0MzExOQ,,,,,,,,,https://static.bihr.pro/eBihr/Pictures/BETA-pictures.zip,,Spain Warehouse (Parts)
1100535001,,076590004,BETA,"BETA SOFTSHELL JACKET, XL",BETA Chaqueta Softshell con capucha y mangas desprendibles,197.23,163.00,130.40,8054809165462,0,6201900090,1,0,"<p><strong>Composition</strong></p>
<ul>
<li>Outer fabric: 94% polyester, 6% spandex, 290 g/m2</li>
<li>Inner fabric: 100% microfleece polyester</li>
<li>Jacket with waterproof, windproof, breathable TPU membrane<br>(resistance to water columns up to 8,000 mm - breathability 8,000 mvp)</li>
</ul>
<p><strong>Design</strong></p>
<ul>
<li>Detachable sleeves</li>
<li>Detachable hood with string adjusters</li>
<li>Stretch cuffs with press-stud adjusters</li>
<li>Two large waist pockets with zip closure</li>
<li>Chest pocket with vertical zip closure and badge insert</li>
<li>One interior pocket</li>
</ul>","
Composition

Outer fabric: 94% polyester, 6% spandex, 290 g/m2
Inner fabric: 100% microfleece polyester
Jacket with waterproof, windproof, breathable TPU membrane(resistance to water columns up to 8,000 mm - breathability 8,000 mvp)


Design

Detachable sleeves
Detachable hood with string adjusters
Stretch cuffs with press-stud adjusters
Two large waist pockets with zip closure
Chest pocket with vertical zip closure and badge insert
One interior pocket
",TOOLING & WS,CONSUMABLE,CONS. SAFETY EQUIP.,,,,XL,,,15063,1032,286,418,126,,,,,,,,Negro,,,,,,,,XL,,,,https://api.mybihr.com/medias/1100535001-1-800Wx800H?context=bWFzdGVyfHJvb3R8MzkwNDl8aW1hZ2UvanBlZ3xhREkwTDJnek15OHhNamM0TmpRNU5UQTVORGd4TkM4eE1UQXdOVE0xTURBeExURmZPREF3VjNnNE1EQkl8N2RhYWRmNjAxMjc0MGIxZjFmMDNiODhmYTM3ZDRiNTExY2U3NDY3ZTA1OWU2YzVhZjZmNjlkYjNiYWM2MjM5NA,,,,,,,,,https://static.bihr.pro/eBihr/Pictures/BETA-pictures.zip,,Spain Warehouse (Parts)
1100102003,5290000340,073410240,BETA,"BETA SHOE LOW LEATHER S3 SRC, BLK, 40",Zapatillas estancas BETA de microante  Talla 40,228.09,188.50,150.80,8014230823409,1,8205700000,0,1,"<html> <head> <meta http-equiv=""Content-Type"" content=""text/html; charset=utf-8""><title> </title> <style type=""text/css"">.cs95E872D0{text-align:left;margin:0pt 0pt 0pt 0pt;}.csC57700C4{color:#000;background-color:transparent;font-weight:bold;font-style:normal;}.csA7555675{color:#000;background-color:transparent;font-weight:normal;font-style:normal;}</style> </head> <body> <p><a id=""_DX_FRAG_STARTFRAGMENT""></a><a id=""_dx_frag_StartFragment""></a>S3 SRC - EN ISO 20345:2011<a id=""_dx_frag_EndFragment""></a> </p><p> </p><p>Upper</p><p><br>Waterproof microsuede with high-frequency PU inserts and protective toe cap reinforcement made of crust suede</p><p> </p><p>Outsole</p><p><br>Single-density polyurethane</p><p> </p><p>Toe Cap</p><p><br>Aluminium, 200 joules</p><p> </p><p>Penetration-proof insole</p><p> </p><p>Composite fibre, ceramic treatment</p><p> </p><p>Underfoot cover</p><p><br>Anatomically shaped, with cushioning heel lift</p><p> </p><p>Weight</p><p><br>470 g<a id=""_DX_FRAG_ENDFRAGMENT""></a></p><p> </p></body> </html>","       S3 SRC - EN ISO 20345:2011  UpperWaterproof microsuede with high-frequency PU inserts and protective toe cap reinforcement made of crust suede OutsoleSingle-density polyurethane Toe CapAluminium, 200 joules Penetration-proof insole Composite fibre, ceramic treatment Underfoot coverAnatomically shaped, with cushioning heel lift Weight470 g  ",TOOLING & WS,CONSUMABLE,CONS. SAFETY EQUIP.,,Negro,,,EU40,,9102,1193,344,210,126,,,,,,,,,,,,,,,,40,,,,https://api.mybihr.com/medias/1100102003-1-800Wx800H?context=bWFzdGVyfHJvb3R8MTcxMTExfGltYWdlL2pwZWd8YURkaEwyZ3pPQzg0T1RReU9UZzJOalUzT0RJeUx6RXhNREF4TURJd01ETXRNVjg0TURCWGVEZ3dNRWd8YjA2Zjg1Mjk5M2MzMGJiOGU2ZDIxMzI0OGQyMmM3NTNhZGRiMDQxZjUyYmU5NjJkOGM2NGZmMGI2NzA0OTQyNw,https://api.mybihr.com/medias/1100102003-2-800Wx800H?context=bWFzdGVyfHJvb3R8MzU1MzB8aW1hZ2UvanBlZ3xhR00yTDJnNFpDODRPVFF5T1RnM01EVXhNRE00THpFeE1EQXhNREl3TURNdE1sODRNREJYZURnd01FZ3w5N2U5NTk2MzkxYzVhYTg5NGNjOTFlYzRjYTBhOTk5M2ZhMDAyZGNkZTE1NGJlMjI2Y2Y4ZTBlZTk2OGM1ZDBh,,,,,,,,https://static.bihr.pro/eBihr/Pictures/BETA-pictures.zip,https://api.mybihr.com/medias/7341N-it.pdf?context=bWFzdGVyfGRvY3VtZW50c3w1MjUwMzUzfGFwcGxpY2F0aW9uL3BkZnxhREF5TDJnMU9DODVNRFF6TlRnNE56RXdORE13THpjek5ERk9YMmwwfDA0NDZiYzU5OTBkNTQyNzcyMzEwYWVjOTJkNjBkMDJkMjVmZmZiMTY5NTE4YTRmYzRiN2QzNTczYTQ5ZWEwZWU,Spain Warehouse (Parts)
1100536003,,079000801,BETA,"BETA WORKTROUSERS, S",Pantalón de trabajo BETA 7900G,72.00,59.50,47.60,8054809136059,0,6203429000,1,0,"<ul>
<li>
T/C canvas, 65% polyester, 35% cotton, 260 g/m2
</li>
<li>Inserts and knee pads made of &ldquo;Oxford&rdquo; polyester/PU, 220 g/m2</li>
<li>Metal zip closure</li>
<li>Two deep front pockets with small tool inserts with strap closure</li>
<li>Large left-leg pocket with strap closure, mobile phone pocket and badge insert</li>
<li>Large rear pockets with ""Oxford"" reinforcement and strap closure</li>
<li>Ruler pocket and hammer loop</li>
<li>Knee pad inserts</li>
</ul>","

T/C canvas, 65% polyester, 35% cotton, 260 g/m2

Inserts and knee pads made of “Oxford” polyester/PU, 220 g/m2
Metal zip closure
Two deep front pockets with small tool inserts with strap closure
Large left-leg pocket with strap closure, mobile phone pocket and badge insert
Large rear pockets with ""Oxford"" reinforcement and strap closure
Ruler pocket and hammer loop
Knee pad inserts
",TOOLING & WS,CONSUMABLE,CONS. SAFETY EQUIP.,,,,S,,,7145,789,347,396,52,,,,,,,,,,,,,,,,,,,,https://api.mybihr.com/medias/1100536003-1-800Wx800H?context=bWFzdGVyfHJvb3R8MjgwMDZ8aW1hZ2UvanBlZ3xhREJoTDJnMlpDOHhNamM0TmpVd01USTFOVEU1T0M4eE1UQXdOVE0yTURBekxURmZPREF3VjNnNE1EQkl8MTc0MjhhZjc0YjAwMGY2YmIwYTY3N2JmMTU2Mjc4ODhlMTkxZDdmYjQ5ZGYyYzI1NTM1MTYwMzBhYTA3NzlkMg,https://api.mybihr.com/medias/1100536003-2-800Wx800H?context=bWFzdGVyfHJvb3R8Nzg0MTJ8aW1hZ2UvanBlZ3xhRGszTDJnM1lTOHhNamM0TmpVd01UWTBPRFF4TkM4eE1UQXdOVE0yTURBekxUSmZPREF3VjNnNE1EQkl8OGQ3N2NiZDVjYzRlNmI3ZjIxZGIzNzI2NDFmNTBkY2YzYzc2MThiZDg2MDc5YzczNDJlMmNhMGI1NDZhZTJhYQ,https://api.mybihr.com/medias/1100536003-3-800Wx800H?context=bWFzdGVyfHJvb3R8NjEwMDF8aW1hZ2UvanBlZ3xhR1V6TDJoalppOHhNamM0TmpVd01qQTBNVFl6TUM4eE1UQXdOVE0yTURBekxUTmZPREF3VjNnNE1EQkl8NzNkODkzZTc2ZjU0ZjA2MWRjMDM0N2MwNjgzZTg4YTQ0YWM3ZDFiZDZjYWQyNWFiMzc4M2QzZjNiY2U1NTgzOQ,https://api.mybihr.com/medias/1100536003-4-800Wx800H?context=bWFzdGVyfHJvb3R8NjkxOTh8aW1hZ2UvanBlZ3xhRGN3TDJoa1pDOHhNamM0TmpVd01qUXpORGcwTmk4eE1UQXdOVE0yTURBekxUUmZPREF3VjNnNE1EQkl8Mzk4NTAzYTcwOWJhNTVkNzU4YmVlMjdkNThkOWIyYmMwZDVhN2U3NmJlODlmOWVlNjE2NDQyOGIxOGMxNGRhOA,,,,,,https://static.bihr.pro/eBihr/Pictures/BETA-pictures.zip,,Spain Warehouse (Parts)
1100536001,,079000803,BETA,"BETA WORKTROUSERS, L",Pantalón de trabajo BETA 7900G,72.00,59.50,47.60,8054809136073,0,6203429000,1,0,"<ul>
<li>
T/C canvas, 65% polyester, 35% cotton, 260 g/m2
</li>
<li>Inserts and knee pads made of &ldquo;Oxford&rdquo; polyester/PU, 220 g/m2</li>
<li>Metal zip closure</li>
<li>Two deep front pockets with small tool inserts with strap closure</li>
<li>Large left-leg pocket with strap closure, mobile phone pocket and badge insert</li>
<li>Large rear pockets with ""Oxford"" reinforcement and strap closure</li>
<li>Ruler pocket and hammer loop</li>
<li>Knee pad inserts</li>
</ul>","

T/C canvas, 65% polyester, 35% cotton, 260 g/m2

Inserts and knee pads made of “Oxford” polyester/PU, 220 g/m2
Metal zip closure
Two deep front pockets with small tool inserts with strap closure
Large left-leg pocket with strap closure, mobile phone pocket and badge insert
Large rear pockets with ""Oxford"" reinforcement and strap closure
Ruler pocket and hammer loop
Knee pad inserts
",TOOLING & WS,CONSUMABLE,CONS. SAFETY EQUIP.,,,,L,,,8337,812,401,378,55,,,,,,,,,,,,,,,,,,,,https://api.mybihr.com/medias/1100536001-1-800Wx800H?context=bWFzdGVyfHJvb3R8MjgwMDZ8aW1hZ2UvanBlZ3xhREExTDJnNFpDOHhNamM0TmpRNU9ERXdPVFEzTUM4eE1UQXdOVE0yTURBeExURmZPREF3VjNnNE1EQkl8MmNjMzVmZDhhOThkNmJjNDZhZDM2YjNmZGY3NDUyNzI2YjEzZmY2OTExMWVkZmMwYTcxNzI2NmI5NWI4NjlkZA,https://api.mybihr.com/medias/1100536001-2-800Wx800H?context=bWFzdGVyfHJvb3R8Nzg0MTJ8aW1hZ2UvanBlZ3xhRFkwTDJnM1ppOHhNamM0TmpRNU9EVXdNalk0Tmk4eE1UQXdOVE0yTURBeExUSmZPREF3VjNnNE1EQkl8MTQxZWFlMTlkZWY4ODg4OWUyZDZlNGMyMTljNTMzNGYzYzhjYzFiZmM0NWQyOTMxNmI0Njc3MTNiNGZjYzk3MA,https://api.mybihr.com/medias/1100536001-3-800Wx800H?context=bWFzdGVyfHJvb3R8NjEwMDF8aW1hZ2UvanBlZ3xhREkzTDJnM05DOHhNamM0TmpRNU9EZzVOVGt3TWk4eE1UQXdOVE0yTURBeExUTmZPREF3VjNnNE1EQkl8Mjg2NzI5ZjM5M2Q5ZWRmNjZiMWE0NzBmNmZhODc2MzRlNGI4MjQxZjk2MmZlNjVkOWJmNzY4NzA2MGM2NjBkZQ,https://api.mybihr.com/medias/1100536001-4-800Wx800H?context=bWFzdGVyfHJvb3R8NjkxOTh8aW1hZ2UvanBlZ3xhR1ZrTDJneFpTOHhNamM0TmpRNU9USTRPVEV4T0M4eE1UQXdOVE0yTURBeExUUmZPREF3VjNnNE1EQkl8NDBiM2I4ODQ4OWE4ODkyYmI4ZTZlMzc3NGFjNGVkNDQyNjM2YTIyMTIxNzY1NGNlMDhjYTk1YzQ5MzhhNTU3MA,,,,,,https://static.bihr.pro/eBihr/Pictures/BETA-pictures.zip,,Spain Warehouse (Parts)
1100536004,,079000800,BETA,"BETA WORKTROUSERS, XS",Pantalón de trabajo BETA 7900G,72.00,59.50,47.60,8054809136042,0,6203429000,1,0,"<ul>
<li>
T/C canvas, 65% polyester, 35% cotton, 260 g/m2
</li>
<li>Inserts and knee pads made of &ldquo;Oxford&rdquo; polyester/PU, 220 g/m2</li>
<li>Metal zip closure</li>
<li>Two deep front pockets with small tool inserts with strap closure</li>
<li>Large left-leg pocket with strap closure, mobile phone pocket and badge insert</li>
<li>Large rear pockets with ""Oxford"" reinforcement and strap closure</li>
<li>Ruler pocket and hammer loop</li>
<li>Knee pad inserts</li>
</ul>","

T/C canvas, 65% polyester, 35% cotton, 260 g/m2

Inserts and knee pads made of “Oxford” polyester/PU, 220 g/m2
Metal zip closure
Two deep front pockets with small tool inserts with strap closure
Large left-leg pocket with strap closure, mobile phone pocket and badge insert
Large rear pockets with ""Oxford"" reinforcement and strap closure
Ruler pocket and hammer loop
Knee pad inserts
",TOOLING & WS,CONSUMABLE,CONS. SAFETY EQUIP.,,,,XS,,,4440,761,370,400,30,,,,,,,,,,,,,,,,,,,,https://api.mybihr.com/medias/1100536004-1-800Wx800H?context=bWFzdGVyfHJvb3R8MjgwMDZ8aW1hZ2UvanBlZ3xhR0ptTDJobFlpOHhNamM0TmpVd01qZzVNelU1T0M4eE1UQXdOVE0yTURBMExURmZPREF3VjNnNE1EQkl8ZGIxYzIxODBiYjJjMmI1NWE5MWI5NzE5Mzc4MGVjYmM3ZjAzNDZjNGU2ZDE1MWQ3ZmJkMTUzZTBkMzJhNzEyNQ,https://api.mybihr.com/medias/1100536004-2-800Wx800H?context=bWFzdGVyfHJvb3R8Nzg0MTJ8aW1hZ2UvanBlZ3xhREEzTDJoaVppOHhNamM0TmpVd016STROamd4TkM4eE1UQXdOVE0yTURBMExUSmZPREF3VjNnNE1EQkl8MWMzYjE4OGJlMGY4NDUzNGMwODAzMWY1YmZmNGUzZjg0OGI2MWZlNjkxODUyMThhZjA5MTc3ODAzYjk2ZmY3ZA,https://api.mybihr.com/medias/1100536004-3-800Wx800H?context=bWFzdGVyfHJvb3R8NjEwMDF8aW1hZ2UvanBlZ3xhRFkyTDJoaU1TOHhNamM0TmpVd016WTRNREF6TUM4eE1UQXdOVE0yTURBMExUTmZPREF3VjNnNE1EQkl8YTUxZmM0MzQ4NTFkMmNlN2E4NDY1MTFiNWU3MmIyNzEyMDI5ZmE2ZjNlN2UyMmI4YTBjNWRkZjM0NzU4Mjk0MQ,https://api.mybihr.com/medias/1100536004-4-800Wx800H?context=bWFzdGVyfHJvb3R8NjkxOTh8aW1hZ2UvanBlZ3xhREprTDJnMVl5OHhNamM0TmpVd05EQTNNekkwTmk4eE1UQXdOVE0yTURBMExUUmZPREF3VjNnNE1EQkl8YzM3NTRkMjVmMTI4NmY5OGMyMjBiM2IwNTIyOGIwNWUwMTZjY2E1YmRmM2E4Yjc5N2NiYjkwMTllOTE4MTc5Ng,,,,,,https://static.bihr.pro/eBihr/Pictures/BETA-pictures.zip,,Spain Warehouse (Parts)
1100536005,,079000805,BETA,"BETA WORKTROUSERS, 2XL",Pantalón de trabajo BETA 7900G,72.00,59.50,47.60,8054809136097,0,6203429000,1,0,"<ul>
<li>
T/C canvas, 65% polyester, 35% cotton, 260 g/m2
</li>
<li>Inserts and knee pads made of &ldquo;Oxford&rdquo; polyester/PU, 220 g/m2</li>
<li>Metal zip closure</li>
<li>Two deep front pockets with small tool inserts with strap closure</li>
<li>Large left-leg pocket with strap closure, mobile phone pocket and badge insert</li>
<li>Large rear pockets with ""Oxford"" reinforcement and strap closure</li>
<li>Ruler pocket and hammer loop</li>
<li>Knee pad inserts</li>
</ul>","

T/C canvas, 65% polyester, 35% cotton, 260 g/m2

Inserts and knee pads made of “Oxford” polyester/PU, 220 g/m2
Metal zip closure
Two deep front pockets with small tool inserts with strap closure
Large left-leg pocket with strap closure, mobile phone pocket and badge insert
Large rear pockets with ""Oxford"" reinforcement and strap closure
Ruler pocket and hammer loop
Knee pad inserts
",TOOLING & WS,CONSUMABLE,CONS. SAFETY EQUIP.,,,,2XL,,,6591,842,395,355,47,,,,,,,,,,,,,,,,,,,,https://api.mybihr.com/medias/1100536005-1-800Wx800H?context=bWFzdGVyfHJvb3R8MjgwMDZ8aW1hZ2UvanBlZ3xhRGxtTDJnMFpTOHhNamM0TmpVd05EUTJOalEyTWk4eE1UQXdOVE0yTURBMUxURmZPREF3VjNnNE1EQkl8MzVmZWZiN2QzMDlmNmQ4Y2JlNDYxZGE4MGQzOTUwMTkyOWU1MjU4ZjI1NmYyOWRhZmRhNDdiYTA0MDdlMGM5OA,https://api.mybihr.com/medias/1100536005-2-800Wx800H?context=bWFzdGVyfHJvb3R8Nzg0MTJ8aW1hZ2UvanBlZ3xhREV5TDJnME1TOHhNamM0TmpVd05EZzFPVFkzT0M4eE1UQXdOVE0yTURBMUxUSmZPREF3VjNnNE1EQkl8NmEwNjBhYzIzZGRhMTI4NzI3NTdmNTBjYjU2MmUzOGRmNTkyY2Y4NjYxM2FjNGExZjA5NzkxYjMxMTVmMzllOQ,https://api.mybihr.com/medias/1100536005-3-800Wx800H?context=bWFzdGVyfHJvb3R8NjEwMDF8aW1hZ2UvanBlZ3xhRE01TDJneE5DOHhNamM0TmpVd05USTFNamc1TkM4eE1UQXdOVE0yTURBMUxUTmZPREF3VjNnNE1EQkl8MTNmNmMwYTdjZjU1YjVhNTI0Y2YzMDkyMWQ1NTFjYTc0Yjc2NmRkOTBjNzNjZTdjMmIwMDA3YTBkZjE2MzFkNA,https://api.mybihr.com/medias/1100536005-4-800Wx800H?context=bWFzdGVyfHJvb3R8NjkxOTh8aW1hZ2UvanBlZ3xhR00zTDJneU1TOHhNamM0TmpVd05UWTBOakV4TUM4eE1UQXdOVE0yTURBMUxUUmZPREF3VjNnNE1EQkl8YWQ1NzBmZjgyNDZkZWY2NGZiZjhiY2MzOWU0M2Y2ZDYwZGZmMGY3NTRhZWZlMWZmMzk3NzNmOTUwMGNiNmY0MQ,,,,,,https://static.bihr.pro/eBihr/Pictures/BETA-pictures.zip,,Spain Warehouse (Parts)
1100536002,,079000802,BETA,"BETA WORKTROUSERS, M",Pantalón de trabajo BETA 7900G,72.00,59.50,47.60,8054809136066,0,6203429000,1,0,"<ul>
<li>
T/C canvas, 65% polyester, 35% cotton, 260 g/m2
</li>
<li>Inserts and knee pads made of &ldquo;Oxford&rdquo; polyester/PU, 220 g/m2</li>
<li>Metal zip closure</li>
<li>Two deep front pockets with small tool inserts with strap closure</li>
<li>Large left-leg pocket with strap closure, mobile phone pocket and badge insert</li>
<li>Large rear pockets with ""Oxford"" reinforcement and strap closure</li>
<li>Ruler pocket and hammer loop</li>
<li>Knee pad inserts</li>
</ul>","

T/C canvas, 65% polyester, 35% cotton, 260 g/m2

Inserts and knee pads made of “Oxford” polyester/PU, 220 g/m2
Metal zip closure
Two deep front pockets with small tool inserts with strap closure
Large left-leg pocket with strap closure, mobile phone pocket and badge insert
Large rear pockets with ""Oxford"" reinforcement and strap closure
Ruler pocket and hammer loop
Knee pad inserts
",TOOLING & WS,CONSUMABLE,CONS. SAFETY EQUIP.,,,,M,,,7952,804,393,355,57,,,,,,,,,,,,,,,,,,,,https://api.mybihr.com/medias/1100536002-1-800Wx800H?context=bWFzdGVyfHJvb3R8MjgwMDZ8aW1hZ2UvanBlZ3xhRFJrTDJneE1TOHhNamM0TmpRNU9UWTRNak16TkM4eE1UQXdOVE0yTURBeUxURmZPREF3VjNnNE1EQkl8MmJlYTY4NjdkYzMxNGExMjE5YzFhMjlmZTkzMjdhNDcyNTQyNjE5YjUwYzUyODY5NDk0ZTdhYzEzOTRiMDZlOQ,https://api.mybihr.com/medias/1100536002-2-800Wx800H?context=bWFzdGVyfHJvb3R8Nzg0MTJ8aW1hZ2UvanBlZ3xhRFZrTDJnd015OHhNamM0TmpVd01EQTNOVFUxTUM4eE1UQXdOVE0yTURBeUxUSmZPREF3VjNnNE1EQkl8NWZlNWFlODcwOTRjMjRkZjE3MGMzM2M4YzhkZWYzYjJlNjY4YzVmMzYxYjY4ZjcxMmQ5YTNmYWIyYWNiNTIzYw,https://api.mybihr.com/medias/1100536002-3-800Wx800H?context=bWFzdGVyfHJvb3R8NjEwMDF8aW1hZ2UvanBlZ3xhRE13TDJnd1lTOHhNamM0TmpVd01EUTJPRGMyTmk4eE1UQXdOVE0yTURBeUxUTmZPREF3VjNnNE1EQkl8ODczYjY2ZWMzMTZlNjkxYjA2MGE4ZjIzOTRjYmIxOTU2OTM1NmY3NzZmMzdlZDViNmE5OTcwZTk1N2Q2NTE4Mg,https://api.mybihr.com/medias/1100536002-4-800Wx800H?context=bWFzdGVyfHJvb3R8NjkxOTh8aW1hZ2UvanBlZ3xhR1F3TDJneE55OHhNamM0TmpVd01EZzJNVGs0TWk4eE1UQXdOVE0yTURBeUxUUmZPREF3VjNnNE1EQkl8NGRlYThjZDRkMzhjMzUwNTlkZmU2MjU4Yzc2M2U5NjJkNzA4NjA3N2RiOGI3YTFlYThlODhhYjJhYjVlNjJkNA,,,,,,https://static.bihr.pro/eBihr/Pictures/BETA-pictures.zip,,Spain Warehouse (Parts)
1100536006,,079000804,BETA,"BETA WORKTROUSERS, XL",Pantalón de trabajo BETA 7900G,72.00,59.50,47.60,8054809136080,0,6203429000,1,0,"<ul>
<li>
T/C canvas, 65% polyester, 35% cotton, 260 g/m2
</li>
<li>Inserts and knee pads made of &ldquo;Oxford&rdquo; polyester/PU, 220 g/m2</li>
<li>Metal zip closure</li>
<li>Two deep front pockets with small tool inserts with strap closure</li>
<li>Large left-leg pocket with strap closure, mobile phone pocket and badge insert</li>
<li>Large rear pockets with ""Oxford"" reinforcement and strap closure</li>
<li>Ruler pocket and hammer loop</li>
<li>Knee pad inserts</li>
</ul>","

T/C canvas, 65% polyester, 35% cotton, 260 g/m2

Inserts and knee pads made of “Oxford” polyester/PU, 220 g/m2
Metal zip closure
Two deep front pockets with small tool inserts with strap closure
Large left-leg pocket with strap closure, mobile phone pocket and badge insert
Large rear pockets with ""Oxford"" reinforcement and strap closure
Ruler pocket and hammer loop
Knee pad inserts
",TOOLING & WS,CONSUMABLE,CONS. SAFETY EQUIP.,,,,XL,,,6797,835,368,393,47,,,,,,,,,,,,,,,,,,,,https://api.mybihr.com/medias/1100536006-1-800Wx800H?context=bWFzdGVyfHJvb3R8MjgwMDZ8aW1hZ2UvanBlZ3xhREF3TDJnM055OHhNamM0TmpVd05qQXpPVE15Tmk4eE1UQXdOVE0yTURBMkxURmZPREF3VjNnNE1EQkl8NDE1YmQ5MmRiNThiNDMyNjlmNzdhMjZmOGU4ZjZiNGVlMDMyYmExYTVmMjY2MTA1MzAzM2Q4YTdlYzI3MWU3MA,https://api.mybihr.com/medias/1100536006-2-800Wx800H?context=bWFzdGVyfHJvb3R8Nzg0MTJ8aW1hZ2UvanBlZ3xhR0V3TDJnNE5DOHhNamM0TmpVd05qUXpNalUwTWk4eE1UQXdOVE0yTURBMkxUSmZPREF3VjNnNE1EQkl8Nzg1NzY5MjQ0MTczYWJlOWIwMjdhMjRmOGNlNjM5YzJlODI0NjI2MGQxYTVjZTJlYTIyM2Q3ZmZlZGRhODIyYg,https://api.mybihr.com/medias/1100536006-3-800Wx800H?context=bWFzdGVyfHJvb3R8NjEwMDF8aW1hZ2UvanBlZ3xhREpsTDJnNU1pOHhNamM0TmpVd05qZ3lOVGMxT0M4eE1UQXdOVE0yTURBMkxUTmZPREF3VjNnNE1EQkl8MWIwZWU4N2MwMDczZjIwNzgyZjEzMTI5OWEzMmExYjFjNGNhZThjMzdlMTFmNmRiZWZlMDIwZGQ5OWY5ODdmYw,https://api.mybihr.com/medias/1100536006-4-800Wx800H?context=bWFzdGVyfHJvb3R8NjkxOTh8aW1hZ2UvanBlZ3xhRFkzTDJobE55OHhNamM0TmpVd056SXhPRGszTkM4eE1UQXdOVE0yTURBMkxUUmZPREF3VjNnNE1EQkl8MTE2Y2UzZDZmMzE3NzcxZTY0NDI1YTZkZDRkODg4NzlhYzA2MmFkYWUwZTQ5MDA2N2MwMWI2OTZhYTU2MDU3ZQ,,,,,,https://static.bihr.pro/eBihr/Pictures/BETA-pictures.zip,,Spain Warehouse (Parts)
1053016,34787,070930009,BETA,BETA GLASSES TRANSPARENT,GAFAS LENTES TRANSPARENTE BETA (7093 BC),33.28,27.50,22.00,8014230725116,2,9013101000,0,1,Gafas de protección con lentes de policarbonato transparente. Incluye cinta ajustable y patillas intercambiables. Estuche de cordura con cremallera.<br>,Gafas de protección con lentes de policarbonato transparente. Incluye cinta ajustable y patillas intercambiables. Estuche de cordura con cremallera.,TOOLING & WS,CONSUMABLE,CONS. SAFETY EQUIP.,,,,,,,1968,154,80,410,60,,,,,,,,,,,,,,,,,,,,https://api.mybihr.com/medias/1053016-1-800Wx800H?context=bWFzdGVyfHJvb3R8NDA2NDh8aW1hZ2UvanBlZ3xhREE0TDJneE9TOHhOVFF5TmpJd056VTRNREU1TUM4eE1EVXpNREUyTFRGZk9EQXdWM2c0TURCSXw0YWIwNzIzNjk2OTEzMzE4NjU4MTQ2ODJhOTg5NzhkNTQ1NGYwZDMxOWY3Mzk3NGNkZDkzNTZkNTk3MDA5ZDYx,,,,,,,,,https://static.bihr.pro/eBihr/Pictures/BETA-pictures.zip,,Spain Warehouse (Parts)
1053015,34786,070610001,BETA,BETA GLASSES TRANSPARENT,GAFAS LENTES TRANSPARENTE BETA (7061 TC),10.53,8.70,6.96,8014230725079,3,9013101000,0,1,Gafas de protección con lentes de policarbonato transparente,Gafas de protección con lentes de policarbonato transparente,TOOLING & WS,CONSUMABLE,CONS. SAFETY EQUIP.,,,,,,,1680,32,70,400,60,,,,,,,,,,,,,,,,,,,,https://api.mybihr.com/medias/1053015-1-800Wx800H?context=bWFzdGVyfHJvb3R8MjY3MzB8aW1hZ2UvanBlZ3xhR0U1TDJneU5pOHhOVFF5TmpJd056RTROamszTkM4eE1EVXpNREUxTFRGZk9EQXdWM2c0TURCSXwzYWVjMTZmZTdlZGE5MTFkMDBiNTU3ODM5MTljNTdiZGIxYzhlM2E4ZGQxY2UzOTdiZTYzNTUzMWJmMGRlYzhi,,,,,,,,,https://static.bihr.pro/eBihr/Pictures/BETA-pictures.zip,,Spain Warehouse (Parts)
1053017,34788,070930019,BETA,BETA GLASSES POLYCARBONATE,GAFAS LENTES POLICARBONATO BETA (7093 BD),33.28,27.50,22.00,8014230725123,1,9013101000,0,1,<p>Gafas de protección con lentes de policarbonato oscuro. Especial soldadura. Incluye cinta ajustable y patillas intercambiables. Estuche de cordura con cremallera.</p><p>&nbsp;</p><p>&nbsp;</p>,"
Gafas de protección con lentes de policarbonato oscuro. Especial soldadura. Incluye cinta ajustable y patillas intercambiables. Estuche de cordura con cremallera.
 
 ",TOOLING & WS,CONSUMABLE,CONS. SAFETY EQUIP.,,,,,,,9072,154,80,1890,60,,,,,,,,,,,,,,,,,,,,https://api.mybihr.com/medias/1053017-1-800Wx800H?context=bWFzdGVyfHJvb3R8MzQ2Mzl8aW1hZ2UvanBlZ3xhRGRpTDJnd1lpOHhOVFF5TmpJd056azNNelF3Tmk4eE1EVXpNREUzTFRGZk9EQXdWM2c0TURCSXw3OWRkNTIyYjdkNTZlNmUyNTcwNWQwOTliOGFmODQwNGYyYzExNjBhNDU1YzAxYTMzMzIyOGUwOTllZjFhYmFj,,,,,,,,,https://static.bihr.pro/eBihr/Pictures/BETA-pictures.zip,,Spain Warehouse (Parts)
