PartNumber,OldPartNumber,SupplierProductCode,Brand,ProductName,Designation,RetailPriceIncludingTax,RetailPriceExcludingTax,BaseDealerPriceExcludingTax,BarCode,StockValue,CommodityCode,OnDemand,DropShipping,HtmlDescription,Description,Category1,Category2,Category3,Volume (cm³),Weight (g),Length (mm),Width (mm),Height (mm),Altura (mm),Anchura (mm),Ángulo ( ° ),Calidad de la correa,Composición,Longitud (mm),Referencias OEM,Picture1,Picture2,Picture3,AllPicturesZIP,DeliveryPlant
1048051,,BA-810,BANDO,BANDO DRIVE BELT STANDARD,Correa de transmision BANDO Premium,13.00,10.74,5.37,100187,6,4010350000,0,1,"<p>Correas de transmisi&oacute;n de clase mundial.</p>
<p>Fundada en 1906, BANDO Chemical industries Ltd. es una de las marcas m&aacute;s experimentadas y reconocidas del mundo. Sus soluciones innovadoras y de excelente calidad situan a Bando como la primera opci&oacute;n del cliente. Es colaboradora esencial en el primer equipo de marcas como Kymco o Honda, adem&aacute;s de ofrecer soluciones &oacute;ptimas para una gran variedad de aplicaciones. Su excelencia productiva deriva de la calidad de sus materiales, sus procesos de fabricaci&oacute;n y su innovaci&oacute;n tecnol&oacute;gica.</p>
<p>El poliuretano y las fibras de ar&aacute;mida usadas aportan una alta resistencia al sobrecalentamiento y a la abrasi&oacute;n ocasionados por fluidos como el aceite de motor, la gasolina y otras grasas t&iacute;picas del c&aacute;rter. El corte lateral del revestimiento se realiza de modo preciso con el objetivo de evitar deformaciones y usuras de medida.</p>
<p>El hilo &laquo;Tetron&raquo;, producto exclusivo Bando, posee una alta resistencia a la dilataci&oacute;n, t&iacute;pica del Stop &amp; Go. Adem&aacute;s, la tensi&oacute;n se distribuye uniformemente a lo largo de toda la correa.</p>
<p>El perfil est&aacute; reforzado con ar&aacute;mida para evitar sobrecalentamiento y deformaciones provocadas por los cambios bruscos de tracci&oacute;n, las altas velocidades...</p>
<p>La estructura interna es de poliuretano, inyectado con alta precisi&oacute;n para obtener una distribuci&oacute;n correcta del material; de este modo la polea no se sufre y se garantiza la estabilidad de todo el sistema de tracci&oacute;n del veh&iacute;culo.</p>","
Correas de transmisión de clase mundial.

Fundada en 1906, BANDO Chemical industries Ltd. es una de las marcas más experimentadas y reconocidas del mundo. Sus soluciones innovadoras y de excelente calidad situan a Bando como la primera opción del cliente. Es colaboradora esencial en el primer equipo de marcas como Kymco o Honda, además de ofrecer soluciones óptimas para una gran variedad de aplicaciones. Su excelencia productiva deriva de la calidad de sus materiales, sus procesos de fabricación y su innovación tecnológica.

El poliuretano y las fibras de arámida usadas aportan una alta resistencia al sobrecalentamiento y a la abrasión ocasionados por fluidos como el aceite de motor, la gasolina y otras grasas típicas del cárter. El corte lateral del revestimiento se realiza de modo preciso con el objetivo de evitar deformaciones y usuras de medida.

El hilo «Tetron», producto exclusivo Bando, posee una alta resistencia a la dilatación, típica del Stop & Go. Además, la tensión se distribuye uniformemente a lo largo de toda la correa.

El perfil está reforzado con arámida para evitar sobrecalentamiento y deformaciones provocadas por los cambios bruscos de tracción, las altas velocidades...

La estructura interna es de poliuretano, inyectado con alta precisión para obtener una distribución correcta del material; de este modo la polea no se sufre y se garantiza la estabilidad de todo el sistema de tracción del vehículo.",VEHICLE PARTS & ACCESSORIES,CHASSIS PARTS,CHAS. BELT,2408,105,367,164,40,,,,Estándar,,,,https://api.mybihr.com/medias/1048051-1-800Wx800H?context=bWFzdGVyfHJvb3R8MjA0MDh8aW1hZ2UvanBlZ3xhRGMwTDJnek9DODRPVGN4TURVNU9USXdPVEkyTHpFd05EZ3dOVEV0TVY4NE1EQlhlRGd3TUVnfDdhZGI5ZjM1MGFmZjQ3YmI5Y2ZiYjhhZjQ3M2JiZDhkYTE1NjViODc1YzY2ZWYwZGE3MjA2MTc3MTYyOWI4Y2M,,,https://static.bihr.pro/eBihr/Pictures/BANDO-pictures.zip,Spain Warehouse (Parts)
1025928,SB042,S04-013,BANDO,BANDO DRIVE BELT STANDARD,Correa de transmision BANDO Premium,21.30,17.60,8.80,105511,0,4010350000,0,1,"<p>Correas de transmisi&oacute;n de clase mundial.</p>
<p>Fundada en 1906, BANDO Chemical industries Ltd. es una de las marcas m&aacute;s experimentadas y reconocidas del mundo. Sus soluciones innovadoras y de excelente calidad situan a Bando como la primera opci&oacute;n del cliente. Es colaboradora esencial en el primer equipo de marcas como Kymco o Honda, adem&aacute;s de ofrecer soluciones &oacute;ptimas para una gran variedad de aplicaciones. Su excelencia productiva deriva de la calidad de sus materiales, sus procesos de fabricaci&oacute;n y su innovaci&oacute;n tecnol&oacute;gica.</p>
<p>El poliuretano y las fibras de ar&aacute;mida usadas aportan una alta resistencia al sobrecalentamiento y a la abrasi&oacute;n ocasionados por fluidos como el aceite de motor, la gasolina y otras grasas t&iacute;picas del c&aacute;rter. El corte lateral del revestimiento se realiza de modo preciso con el objetivo de evitar deformaciones y usuras de medida.</p>
<p>El hilo &laquo;Tetron&raquo;, producto exclusivo Bando, posee una alta resistencia a la dilataci&oacute;n, t&iacute;pica del Stop &amp; Go. Adem&aacute;s, la tensi&oacute;n se distribuye uniformemente a lo largo de toda la correa.</p>
<p>El perfil est&aacute; reforzado con ar&aacute;mida para evitar sobrecalentamiento y deformaciones provocadas por los cambios bruscos de tracci&oacute;n, las altas velocidades...</p>
<p>La estructura interna es de poliuretano, inyectado con alta precisi&oacute;n para obtener una distribuci&oacute;n correcta del material; de este modo la polea no se sufre y se garantiza la estabilidad de todo el sistema de tracci&oacute;n del veh&iacute;culo.</p>","
Correas de transmisión de clase mundial.

Fundada en 1906, BANDO Chemical industries Ltd. es una de las marcas más experimentadas y reconocidas del mundo. Sus soluciones innovadoras y de excelente calidad situan a Bando como la primera opción del cliente. Es colaboradora esencial en el primer equipo de marcas como Kymco o Honda, además de ofrecer soluciones óptimas para una gran variedad de aplicaciones. Su excelencia productiva deriva de la calidad de sus materiales, sus procesos de fabricación y su innovación tecnológica.

El poliuretano y las fibras de arámida usadas aportan una alta resistencia al sobrecalentamiento y a la abrasión ocasionados por fluidos como el aceite de motor, la gasolina y otras grasas típicas del cárter. El corte lateral del revestimiento se realiza de modo preciso con el objetivo de evitar deformaciones y usuras de medida.

El hilo «Tetron», producto exclusivo Bando, posee una alta resistencia a la dilatación, típica del Stop & Go. Además, la tensión se distribuye uniformemente a lo largo de toda la correa.

El perfil está reforzado con arámida para evitar sobrecalentamiento y deformaciones provocadas por los cambios bruscos de tracción, las altas velocidades...

La estructura interna es de poliuretano, inyectado con alta precisión para obtener una distribución correcta del material; de este modo la polea no se sufre y se garantiza la estabilidad de todo el sistema de tracción del vehículo.",VEHICLE PARTS & ACCESSORIES,CHASSIS PARTS,CHAS. BELT,755,131,372,70,29,,,,Estándar,Poliéster,,,https://api.mybihr.com/medias/1025928-1-800Wx800H?context=bWFzdGVyfHJvb3R8MjA0MDh8aW1hZ2UvanBlZ3xhREZpTDJneE1TODRPVFk0TmpJM05qVXdOVGt3THpFd01qVTVNamd0TVY4NE1EQlhlRGd3TUVnfDRjMDc3OThiM2E3MzgyOThhMmMyMDVmNWRhYWU2NWZkYmY2MTEyYmU5YWExNmRhYTZhNzdjZGFlYTYxZDE4MzA,,,https://static.bihr.pro/eBihr/Pictures/BANDO-pictures.zip,Spain Warehouse (Parts)
1025929,SB044,S05-014,BANDO,BANDO DRIVE BELT STANDARD,Correa de transmision BANDO Premium,20.99,17.35,8.68,8430525045019,10,4010350000,0,1,"<p>Correas de transmisi&oacute;n de clase mundial.</p>
<p>Fundada en 1906, BANDO Chemical industries Ltd. es una de las marcas m&aacute;s experimentadas y reconocidas del mundo. Sus soluciones innovadoras y de excelente calidad situan a Bando como la primera opci&oacute;n del cliente. Es colaboradora esencial en el primer equipo de marcas como Kymco o Honda, adem&aacute;s de ofrecer soluciones &oacute;ptimas para una gran variedad de aplicaciones. Su excelencia productiva deriva de la calidad de sus materiales, sus procesos de fabricaci&oacute;n y su innovaci&oacute;n tecnol&oacute;gica.</p>
<p>El poliuretano y las fibras de ar&aacute;mida usadas aportan una alta resistencia al sobrecalentamiento y a la abrasi&oacute;n ocasionados por fluidos como el aceite de motor, la gasolina y otras grasas t&iacute;picas del c&aacute;rter. El corte lateral del revestimiento se realiza de modo preciso con el objetivo de evitar deformaciones y usuras de medida.</p>
<p>El hilo &laquo;Tetron&raquo;, producto exclusivo Bando, posee una alta resistencia a la dilataci&oacute;n, t&iacute;pica del Stop &amp; Go. Adem&aacute;s, la tensi&oacute;n se distribuye uniformemente a lo largo de toda la correa.</p>
<p>El perfil est&aacute; reforzado con ar&aacute;mida para evitar sobrecalentamiento y deformaciones provocadas por los cambios bruscos de tracci&oacute;n, las altas velocidades...</p>
<p>La estructura interna es de poliuretano, inyectado con alta precisi&oacute;n para obtener una distribuci&oacute;n correcta del material; de este modo la polea no se sufre y se garantiza la estabilidad de todo el sistema de tracci&oacute;n del veh&iacute;culo.</p>","
Correas de transmisión de clase mundial.

Fundada en 1906, BANDO Chemical industries Ltd. es una de las marcas más experimentadas y reconocidas del mundo. Sus soluciones innovadoras y de excelente calidad situan a Bando como la primera opción del cliente. Es colaboradora esencial en el primer equipo de marcas como Kymco o Honda, además de ofrecer soluciones óptimas para una gran variedad de aplicaciones. Su excelencia productiva deriva de la calidad de sus materiales, sus procesos de fabricación y su innovación tecnológica.

El poliuretano y las fibras de arámida usadas aportan una alta resistencia al sobrecalentamiento y a la abrasión ocasionados por fluidos como el aceite de motor, la gasolina y otras grasas típicas del cárter. El corte lateral del revestimiento se realiza de modo preciso con el objetivo de evitar deformaciones y usuras de medida.

El hilo «Tetron», producto exclusivo Bando, posee una alta resistencia a la dilatación, típica del Stop & Go. Además, la tensión se distribuye uniformemente a lo largo de toda la correa.

El perfil está reforzado con arámida para evitar sobrecalentamiento y deformaciones provocadas por los cambios bruscos de tracción, las altas velocidades...

La estructura interna es de poliuretano, inyectado con alta precisión para obtener una distribución correcta del material; de este modo la polea no se sufre y se garantiza la estabilidad de todo el sistema de tracción del vehículo.",VEHICLE PARTS & ACCESSORIES,CHASSIS PARTS,CHAS. BELT,579,113,362,80,20,,,,Estándar,Poliéster,,,https://api.mybihr.com/medias/1025929-1-800Wx800H?context=bWFzdGVyfHJvb3R8MjA0MDh8aW1hZ2UvanBlZ3xhR1E1TDJneE55ODRPVFk0TmpJM09EUTNNVGs0THpFd01qVTVNamt0TVY4NE1EQlhlRGd3TUVnfGViZDg3NDA1NGVhMTUwYTY4MmQ5YTNkNjRmOGNiNWZkYWRmOTNjZmMzYzg4NmUyMmZiM2IwN2NiNjZjNjA3YWU,,,https://static.bihr.pro/eBihr/Pictures/BANDO-pictures.zip,Spain Warehouse (Parts)
1025931,SB048,S09-004,BANDO,BANDO DRIVE BELT STANDARD,Correa de transmision BANDO Premium,24.56,20.30,10.15,8430525045088,73,4010350000,0,1,"<p>Correas de transmisi&oacute;n de clase mundial.</p>
<p>Fundada en 1906, BANDO Chemical industries Ltd. es una de las marcas m&aacute;s experimentadas y reconocidas del mundo. Sus soluciones innovadoras y de excelente calidad situan a Bando como la primera opci&oacute;n del cliente. Es colaboradora esencial en el primer equipo de marcas como Kymco o Honda, adem&aacute;s de ofrecer soluciones &oacute;ptimas para una gran variedad de aplicaciones. Su excelencia productiva deriva de la calidad de sus materiales, sus procesos de fabricaci&oacute;n y su innovaci&oacute;n tecnol&oacute;gica.</p>
<p>El poliuretano y las fibras de ar&aacute;mida usadas aportan una alta resistencia al sobrecalentamiento y a la abrasi&oacute;n ocasionados por fluidos como el aceite de motor, la gasolina y otras grasas t&iacute;picas del c&aacute;rter. El corte lateral del revestimiento se realiza de modo preciso con el objetivo de evitar deformaciones y usuras de medida.</p>
<p>El hilo &laquo;Tetron&raquo;, producto exclusivo Bando, posee una alta resistencia a la dilataci&oacute;n, t&iacute;pica del Stop &amp; Go. Adem&aacute;s, la tensi&oacute;n se distribuye uniformemente a lo largo de toda la correa.</p>
<p>El perfil est&aacute; reforzado con ar&aacute;mida para evitar sobrecalentamiento y deformaciones provocadas por los cambios bruscos de tracci&oacute;n, las altas velocidades...</p>
<p>La estructura interna es de poliuretano, inyectado con alta precisi&oacute;n para obtener una distribuci&oacute;n correcta del material; de este modo la polea no se sufre y se garantiza la estabilidad de todo el sistema de tracci&oacute;n del veh&iacute;culo.</p>","
Correas de transmisión de clase mundial.

Fundada en 1906, BANDO Chemical industries Ltd. es una de las marcas más experimentadas y reconocidas del mundo. Sus soluciones innovadoras y de excelente calidad situan a Bando como la primera opción del cliente. Es colaboradora esencial en el primer equipo de marcas como Kymco o Honda, además de ofrecer soluciones óptimas para una gran variedad de aplicaciones. Su excelencia productiva deriva de la calidad de sus materiales, sus procesos de fabricación y su innovación tecnológica.

El poliuretano y las fibras de arámida usadas aportan una alta resistencia al sobrecalentamiento y a la abrasión ocasionados por fluidos como el aceite de motor, la gasolina y otras grasas típicas del cárter. El corte lateral del revestimiento se realiza de modo preciso con el objetivo de evitar deformaciones y usuras de medida.

El hilo «Tetron», producto exclusivo Bando, posee una alta resistencia a la dilatación, típica del Stop & Go. Además, la tensión se distribuye uniformemente a lo largo de toda la correa.

El perfil está reforzado con arámida para evitar sobrecalentamiento y deformaciones provocadas por los cambios bruscos de tracción, las altas velocidades...

La estructura interna es de poliuretano, inyectado con alta precisión para obtener una distribución correcta del material; de este modo la polea no se sufre y se garantiza la estabilidad de todo el sistema de tracción del vehículo.",VEHICLE PARTS & ACCESSORIES,CHASSIS PARTS,CHAS. BELT,569,116,325,70,25,,,,Estándar,Poliéster,,,https://api.mybihr.com/medias/1025931-1-800Wx800H?context=bWFzdGVyfHJvb3R8MjA0MDh8aW1hZ2UvanBlZ3xhREkxTDJnMlpDODRPVFk0TmpJNE1qUXdOREUwTHpFd01qVTVNekV0TVY4NE1EQlhlRGd3TUVnfDEyNDBjM2QzOTA5MTI1ZDkxM2NlNjA0Nzc1OTI4NjMzMDQ2YzVkNGI1YzUwMDk4NzRjYjQ5NjM3M2ExMjhjYzM,,,https://static.bihr.pro/eBihr/Pictures/BANDO-pictures.zip,Spain Warehouse (Parts)
1025933,SB053,S01-003,BANDO,BANDO DRIVE BELT STANDARD,Correa de transmision BANDO Premium,19.65,16.24,8.12,8430525044906,1,4010350000,0,1,"<p>Correas de transmisi&oacute;n de clase mundial.</p>
<p>Fundada en 1906, BANDO Chemical industries Ltd. es una de las marcas m&aacute;s experimentadas y reconocidas del mundo. Sus soluciones innovadoras y de excelente calidad situan a Bando como la primera opci&oacute;n del cliente. Es colaboradora esencial en el primer equipo de marcas como Kymco o Honda, adem&aacute;s de ofrecer soluciones &oacute;ptimas para una gran variedad de aplicaciones. Su excelencia productiva deriva de la calidad de sus materiales, sus procesos de fabricaci&oacute;n y su innovaci&oacute;n tecnol&oacute;gica.</p>
<p>El poliuretano y las fibras de ar&aacute;mida usadas aportan una alta resistencia al sobrecalentamiento y a la abrasi&oacute;n ocasionados por fluidos como el aceite de motor, la gasolina y otras grasas t&iacute;picas del c&aacute;rter. El corte lateral del revestimiento se realiza de modo preciso con el objetivo de evitar deformaciones y usuras de medida.</p>
<p>El hilo &laquo;Tetron&raquo;, producto exclusivo Bando, posee una alta resistencia a la dilataci&oacute;n, t&iacute;pica del Stop &amp; Go. Adem&aacute;s, la tensi&oacute;n se distribuye uniformemente a lo largo de toda la correa.</p>
<p>El perfil est&aacute; reforzado con ar&aacute;mida para evitar sobrecalentamiento y deformaciones provocadas por los cambios bruscos de tracci&oacute;n, las altas velocidades...</p>
<p>La estructura interna es de poliuretano, inyectado con alta precisi&oacute;n para obtener una distribuci&oacute;n correcta del material; de este modo la polea no se sufre y se garantiza la estabilidad de todo el sistema de tracci&oacute;n del veh&iacute;culo.</p>","
Correas de transmisión de clase mundial.

Fundada en 1906, BANDO Chemical industries Ltd. es una de las marcas más experimentadas y reconocidas del mundo. Sus soluciones innovadoras y de excelente calidad situan a Bando como la primera opción del cliente. Es colaboradora esencial en el primer equipo de marcas como Kymco o Honda, además de ofrecer soluciones óptimas para una gran variedad de aplicaciones. Su excelencia productiva deriva de la calidad de sus materiales, sus procesos de fabricación y su innovación tecnológica.

El poliuretano y las fibras de arámida usadas aportan una alta resistencia al sobrecalentamiento y a la abrasión ocasionados por fluidos como el aceite de motor, la gasolina y otras grasas típicas del cárter. El corte lateral del revestimiento se realiza de modo preciso con el objetivo de evitar deformaciones y usuras de medida.

El hilo «Tetron», producto exclusivo Bando, posee una alta resistencia a la dilatación, típica del Stop & Go. Además, la tensión se distribuye uniformemente a lo largo de toda la correa.

El perfil está reforzado con arámida para evitar sobrecalentamiento y deformaciones provocadas por los cambios bruscos de tracción, las altas velocidades...

La estructura interna es de poliuretano, inyectado con alta precisión para obtener una distribución correcta del material; de este modo la polea no se sufre y se garantiza la estabilidad de todo el sistema de tracción del vehículo.",VEHICLE PARTS & ACCESSORIES,CHASSIS PARTS,CHAS. BELT,1609,113,349,159,29,,,,Estándar,Poliéster,,,https://api.mybihr.com/medias/1025933-1-800Wx800H?context=bWFzdGVyfHJvb3R8MjA0MDh8aW1hZ2UvanBlZ3xhRGczTDJneU1DODRPVFk1TkRrNU16YzNOamswTHpFd01qVTVNek10TVY4NE1EQlhlRGd3TUVnfGMwOGFmY2Y2YWY4YmQ3ZmI1MDU3MmI3M2RmNmEyYjk4YzUxMTgzMWRlYTQxODE3YWI2MGNmZWRjMjViMmYzYWM,,,https://static.bihr.pro/eBihr/Pictures/BANDO-pictures.zip,Spain Warehouse (Parts)
1025951,100207,S04-019,BANDO,BANDO DRIVE BELT STANDARD,Correa de transmision BANDO Premium,33.86,27.98,13.99,100207,14,4010350000,0,1,"<p>Correas de transmisi&oacute;n de clase mundial.</p>
<p>Fundada en 1906, BANDO Chemical industries Ltd. es una de las marcas m&aacute;s experimentadas y reconocidas del mundo. Sus soluciones innovadoras y de excelente calidad situan a Bando como la primera opci&oacute;n del cliente. Es colaboradora esencial en el primer equipo de marcas como Kymco o Honda, adem&aacute;s de ofrecer soluciones &oacute;ptimas para una gran variedad de aplicaciones. Su excelencia productiva deriva de la calidad de sus materiales, sus procesos de fabricaci&oacute;n y su innovaci&oacute;n tecnol&oacute;gica.</p>
<p>El poliuretano y las fibras de ar&aacute;mida usadas aportan una alta resistencia al sobrecalentamiento y a la abrasi&oacute;n ocasionados por fluidos como el aceite de motor, la gasolina y otras grasas t&iacute;picas del c&aacute;rter. El corte lateral del revestimiento se realiza de modo preciso con el objetivo de evitar deformaciones y usuras de medida.</p>
<p>El hilo &laquo;Tetron&raquo;, producto exclusivo Bando, posee una alta resistencia a la dilataci&oacute;n, t&iacute;pica del Stop &amp; Go. Adem&aacute;s, la tensi&oacute;n se distribuye uniformemente a lo largo de toda la correa.</p>
<p>El perfil est&aacute; reforzado con ar&aacute;mida para evitar sobrecalentamiento y deformaciones provocadas por los cambios bruscos de tracci&oacute;n, las altas velocidades...</p>
<p>La estructura interna es de poliuretano, inyectado con alta precisi&oacute;n para obtener una distribuci&oacute;n correcta del material; de este modo la polea no se sufre y se garantiza la estabilidad de todo el sistema de tracci&oacute;n del veh&iacute;culo.</p>","
Correas de transmisión de clase mundial.

Fundada en 1906, BANDO Chemical industries Ltd. es una de las marcas más experimentadas y reconocidas del mundo. Sus soluciones innovadoras y de excelente calidad situan a Bando como la primera opción del cliente. Es colaboradora esencial en el primer equipo de marcas como Kymco o Honda, además de ofrecer soluciones óptimas para una gran variedad de aplicaciones. Su excelencia productiva deriva de la calidad de sus materiales, sus procesos de fabricación y su innovación tecnológica.

El poliuretano y las fibras de arámida usadas aportan una alta resistencia al sobrecalentamiento y a la abrasión ocasionados por fluidos como el aceite de motor, la gasolina y otras grasas típicas del cárter. El corte lateral del revestimiento se realiza de modo preciso con el objetivo de evitar deformaciones y usuras de medida.

El hilo «Tetron», producto exclusivo Bando, posee una alta resistencia a la dilatación, típica del Stop & Go. Además, la tensión se distribuye uniformemente a lo largo de toda la correa.

El perfil está reforzado con arámida para evitar sobrecalentamiento y deformaciones provocadas por los cambios bruscos de tracción, las altas velocidades...

La estructura interna es de poliuretano, inyectado con alta precisión para obtener una distribución correcta del material; de este modo la polea no se sufre y se garantiza la estabilidad de todo el sistema de tracción del vehículo.",VEHICLE PARTS & ACCESSORIES,CHASSIS PARTS,CHAS. BELT,560,160,350,80,20,,,,Estándar,Poliéster,,,https://api.mybihr.com/medias/1025951-1-800Wx800H?context=bWFzdGVyfHJvb3R8MjA0MDh8aW1hZ2UvanBlZ3xhRGhpTDJoa05TODRPVFk1TlRBeU9URTJOak00THpFd01qVTVOVEV0TVY4NE1EQlhlRGd3TUVnfDQ3MjA0N2NkYjViMmY5ZmM4OTZhZWY5MjU3OTk0NGRiZDdjMzNhZDBhZWRhMmRkMzA1NzczMDFhNmM4NGM3MjY,,,https://static.bihr.pro/eBihr/Pictures/BANDO-pictures.zip,Spain Warehouse (Parts)
1025952,105554,S05-011,BANDO,BANDO DRIVE BELT STANDARD,Correa de transmision BANDO Premium,40.39,33.38,16.69,105554,21,4010350000,0,1,"<p>Correas de transmisi&oacute;n de clase mundial.</p>
<p>Fundada en 1906, BANDO Chemical industries Ltd. es una de las marcas m&aacute;s experimentadas y reconocidas del mundo. Sus soluciones innovadoras y de excelente calidad situan a Bando como la primera opci&oacute;n del cliente. Es colaboradora esencial en el primer equipo de marcas como Kymco o Honda, adem&aacute;s de ofrecer soluciones &oacute;ptimas para una gran variedad de aplicaciones. Su excelencia productiva deriva de la calidad de sus materiales, sus procesos de fabricaci&oacute;n y su innovaci&oacute;n tecnol&oacute;gica.</p>
<p>El poliuretano y las fibras de ar&aacute;mida usadas aportan una alta resistencia al sobrecalentamiento y a la abrasi&oacute;n ocasionados por fluidos como el aceite de motor, la gasolina y otras grasas t&iacute;picas del c&aacute;rter. El corte lateral del revestimiento se realiza de modo preciso con el objetivo de evitar deformaciones y usuras de medida.</p>
<p>El hilo &laquo;Tetron&raquo;, producto exclusivo Bando, posee una alta resistencia a la dilataci&oacute;n, t&iacute;pica del Stop &amp; Go. Adem&aacute;s, la tensi&oacute;n se distribuye uniformemente a lo largo de toda la correa.</p>
<p>El perfil est&aacute; reforzado con ar&aacute;mida para evitar sobrecalentamiento y deformaciones provocadas por los cambios bruscos de tracci&oacute;n, las altas velocidades...</p>
<p>La estructura interna es de poliuretano, inyectado con alta precisi&oacute;n para obtener una distribuci&oacute;n correcta del material; de este modo la polea no se sufre y se garantiza la estabilidad de todo el sistema de tracci&oacute;n del veh&iacute;culo.</p>","
Correas de transmisión de clase mundial.

Fundada en 1906, BANDO Chemical industries Ltd. es una de las marcas más experimentadas y reconocidas del mundo. Sus soluciones innovadoras y de excelente calidad situan a Bando como la primera opción del cliente. Es colaboradora esencial en el primer equipo de marcas como Kymco o Honda, además de ofrecer soluciones óptimas para una gran variedad de aplicaciones. Su excelencia productiva deriva de la calidad de sus materiales, sus procesos de fabricación y su innovación tecnológica.

El poliuretano y las fibras de arámida usadas aportan una alta resistencia al sobrecalentamiento y a la abrasión ocasionados por fluidos como el aceite de motor, la gasolina y otras grasas típicas del cárter. El corte lateral del revestimiento se realiza de modo preciso con el objetivo de evitar deformaciones y usuras de medida.

El hilo «Tetron», producto exclusivo Bando, posee una alta resistencia a la dilatación, típica del Stop & Go. Además, la tensión se distribuye uniformemente a lo largo de toda la correa.

El perfil está reforzado con arámida para evitar sobrecalentamiento y deformaciones provocadas por los cambios bruscos de tracción, las altas velocidades...

La estructura interna es de poliuretano, inyectado con alta precisión para obtener una distribución correcta del material; de este modo la polea no se sufre y se garantiza la estabilidad de todo el sistema de tracción del vehículo.",VEHICLE PARTS & ACCESSORIES,CHASSIS PARTS,CHAS. BELT,1066,150,347,96,32,,,,Estándar,Poliéster,,,https://api.mybihr.com/medias/1025952-1-800Wx800H?context=bWFzdGVyfHJvb3R8MjA0MDh8aW1hZ2UvanBlZ3xhREJtTDJnNE55ODRPVFk1TlRBek1URXpNalEyTHpFd01qVTVOVEl0TVY4NE1EQlhlRGd3TUVnfDFkYjJjYTk2MWVhMzc2MDJkY2M1YmQ3ZTY1NGUyNjY2OWJmMTM2M2M2MWJhMmQ4ZjdiZjJhYmM1ZjYzYWFmMjA,,,https://static.bihr.pro/eBihr/Pictures/BANDO-pictures.zip,Spain Warehouse (Parts)
1025953,105548,S08-030,BANDO,BANDO DRIVE BELT STANDARD,Correa de transmision BANDO Premium,38.24,31.60,15.80,105548,7,4010350000,0,1,"<p>Correas de transmisi&oacute;n de clase mundial.</p>
<p>Fundada en 1906, BANDO Chemical industries Ltd. es una de las marcas m&aacute;s experimentadas y reconocidas del mundo. Sus soluciones innovadoras y de excelente calidad situan a Bando como la primera opci&oacute;n del cliente. Es colaboradora esencial en el primer equipo de marcas como Kymco o Honda, adem&aacute;s de ofrecer soluciones &oacute;ptimas para una gran variedad de aplicaciones. Su excelencia productiva deriva de la calidad de sus materiales, sus procesos de fabricaci&oacute;n y su innovaci&oacute;n tecnol&oacute;gica.</p>
<p>El poliuretano y las fibras de ar&aacute;mida usadas aportan una alta resistencia al sobrecalentamiento y a la abrasi&oacute;n ocasionados por fluidos como el aceite de motor, la gasolina y otras grasas t&iacute;picas del c&aacute;rter. El corte lateral del revestimiento se realiza de modo preciso con el objetivo de evitar deformaciones y usuras de medida.</p>
<p>El hilo &laquo;Tetron&raquo;, producto exclusivo Bando, posee una alta resistencia a la dilataci&oacute;n, t&iacute;pica del Stop &amp; Go. Adem&aacute;s, la tensi&oacute;n se distribuye uniformemente a lo largo de toda la correa.</p>
<p>El perfil est&aacute; reforzado con ar&aacute;mida para evitar sobrecalentamiento y deformaciones provocadas por los cambios bruscos de tracci&oacute;n, las altas velocidades...</p>
<p>La estructura interna es de poliuretano, inyectado con alta precisi&oacute;n para obtener una distribuci&oacute;n correcta del material; de este modo la polea no se sufre y se garantiza la estabilidad de todo el sistema de tracci&oacute;n del veh&iacute;culo.</p>","
Correas de transmisión de clase mundial.

Fundada en 1906, BANDO Chemical industries Ltd. es una de las marcas más experimentadas y reconocidas del mundo. Sus soluciones innovadoras y de excelente calidad situan a Bando como la primera opción del cliente. Es colaboradora esencial en el primer equipo de marcas como Kymco o Honda, además de ofrecer soluciones óptimas para una gran variedad de aplicaciones. Su excelencia productiva deriva de la calidad de sus materiales, sus procesos de fabricación y su innovación tecnológica.

El poliuretano y las fibras de arámida usadas aportan una alta resistencia al sobrecalentamiento y a la abrasión ocasionados por fluidos como el aceite de motor, la gasolina y otras grasas típicas del cárter. El corte lateral del revestimiento se realiza de modo preciso con el objetivo de evitar deformaciones y usuras de medida.

El hilo «Tetron», producto exclusivo Bando, posee una alta resistencia a la dilatación, típica del Stop & Go. Además, la tensión se distribuye uniformemente a lo largo de toda la correa.

El perfil está reforzado con arámida para evitar sobrecalentamiento y deformaciones provocadas por los cambios bruscos de tracción, las altas velocidades...

La estructura interna es de poliuretano, inyectado con alta precisión para obtener una distribución correcta del material; de este modo la polea no se sufre y se garantiza la estabilidad de todo el sistema de tracción del vehículo.",VEHICLE PARTS & ACCESSORIES,CHASSIS PARTS,CHAS. BELT,1939,148,381,159,32,,,,Estándar,Poliéster,,,https://api.mybihr.com/medias/1025953-1-800Wx800H?context=bWFzdGVyfHJvb3R8MjA0MDh8aW1hZ2UvanBlZ3xhRFV5TDJnNE1DODRPVFk1TlRBek16QTVPRFUwTHpFd01qVTVOVE10TVY4NE1EQlhlRGd3TUVnfDI3OGE1MTcxZGRhN2ZjMDEzYmMxYjhhNTQxZTI3OGFhYmQxNjc1MWZlMjgzODkwNzkyMWQ0MmQ5ODc5ZDc1OTk,,,https://static.bihr.pro/eBihr/Pictures/BANDO-pictures.zip,Spain Warehouse (Parts)
1025936,SB059,S05-023,BANDO,BANDO DRIVE BELT STANDARD,Correa de transmision BANDO Premium,41.49,34.29,17.15,8430525045040,4,4010350000,0,1,"<p>Correas de transmisi&oacute;n de clase mundial.</p>
<p>Fundada en 1906, BANDO Chemical industries Ltd. es una de las marcas m&aacute;s experimentadas y reconocidas del mundo. Sus soluciones innovadoras y de excelente calidad situan a Bando como la primera opci&oacute;n del cliente. Es colaboradora esencial en el primer equipo de marcas como Kymco o Honda, adem&aacute;s de ofrecer soluciones &oacute;ptimas para una gran variedad de aplicaciones. Su excelencia productiva deriva de la calidad de sus materiales, sus procesos de fabricaci&oacute;n y su innovaci&oacute;n tecnol&oacute;gica.</p>
<p>El poliuretano y las fibras de ar&aacute;mida usadas aportan una alta resistencia al sobrecalentamiento y a la abrasi&oacute;n ocasionados por fluidos como el aceite de motor, la gasolina y otras grasas t&iacute;picas del c&aacute;rter. El corte lateral del revestimiento se realiza de modo preciso con el objetivo de evitar deformaciones y usuras de medida.</p>
<p>El hilo &laquo;Tetron&raquo;, producto exclusivo Bando, posee una alta resistencia a la dilataci&oacute;n, t&iacute;pica del Stop &amp; Go. Adem&aacute;s, la tensi&oacute;n se distribuye uniformemente a lo largo de toda la correa.</p>
<p>El perfil est&aacute; reforzado con ar&aacute;mida para evitar sobrecalentamiento y deformaciones provocadas por los cambios bruscos de tracci&oacute;n, las altas velocidades...</p>
<p>La estructura interna es de poliuretano, inyectado con alta precisi&oacute;n para obtener una distribuci&oacute;n correcta del material; de este modo la polea no se sufre y se garantiza la estabilidad de todo el sistema de tracci&oacute;n del veh&iacute;culo.</p>","
Correas de transmisión de clase mundial.

Fundada en 1906, BANDO Chemical industries Ltd. es una de las marcas más experimentadas y reconocidas del mundo. Sus soluciones innovadoras y de excelente calidad situan a Bando como la primera opción del cliente. Es colaboradora esencial en el primer equipo de marcas como Kymco o Honda, además de ofrecer soluciones óptimas para una gran variedad de aplicaciones. Su excelencia productiva deriva de la calidad de sus materiales, sus procesos de fabricación y su innovación tecnológica.

El poliuretano y las fibras de arámida usadas aportan una alta resistencia al sobrecalentamiento y a la abrasión ocasionados por fluidos como el aceite de motor, la gasolina y otras grasas típicas del cárter. El corte lateral del revestimiento se realiza de modo preciso con el objetivo de evitar deformaciones y usuras de medida.

El hilo «Tetron», producto exclusivo Bando, posee una alta resistencia a la dilatación, típica del Stop & Go. Además, la tensión se distribuye uniformemente a lo largo de toda la correa.

El perfil está reforzado con arámida para evitar sobrecalentamiento y deformaciones provocadas por los cambios bruscos de tracción, las altas velocidades...

La estructura interna es de poliuretano, inyectado con alta precisión para obtener una distribución correcta del material; de este modo la polea no se sufre y se garantiza la estabilidad de todo el sistema de tracción del vehículo.",VEHICLE PARTS & ACCESSORIES,CHASSIS PARTS,CHAS. BELT,2490,238,390,152,42,,,,Estándar,Poliéster,,,https://api.mybihr.com/medias/1025936-1-800Wx800H?context=bWFzdGVyfHJvb3R8MjA0MDh8aW1hZ2UvanBlZ3xhR1UxTDJnek5DODRPVFk1TkRrNU9UWTNOVEU0THpFd01qVTVNell0TVY4NE1EQlhlRGd3TUVnfDdjOWEzNWZjODRmZmFlMzE0YWZhMWE3NGZmZTAwZTFjMjczMGRlY2Q5N2FlZmMyYzkwMzRjNGNmNzEyNzk1NjA,,,https://static.bihr.pro/eBihr/Pictures/BANDO-pictures.zip,Spain Warehouse (Parts)
1025938,SB063,S05-021,BANDO,BANDO DRIVE BELT STANDARD,Correa de transmision BANDO Premium,45.31,37.45,18.73,8430525045033,3,4010350000,0,1,"<p>Correas de transmisi&oacute;n de clase mundial.</p>
<p>Fundada en 1906, BANDO Chemical industries Ltd. es una de las marcas m&aacute;s experimentadas y reconocidas del mundo. Sus soluciones innovadoras y de excelente calidad situan a Bando como la primera opci&oacute;n del cliente. Es colaboradora esencial en el primer equipo de marcas como Kymco o Honda, adem&aacute;s de ofrecer soluciones &oacute;ptimas para una gran variedad de aplicaciones. Su excelencia productiva deriva de la calidad de sus materiales, sus procesos de fabricaci&oacute;n y su innovaci&oacute;n tecnol&oacute;gica.</p>
<p>El poliuretano y las fibras de ar&aacute;mida usadas aportan una alta resistencia al sobrecalentamiento y a la abrasi&oacute;n ocasionados por fluidos como el aceite de motor, la gasolina y otras grasas t&iacute;picas del c&aacute;rter. El corte lateral del revestimiento se realiza de modo preciso con el objetivo de evitar deformaciones y usuras de medida.</p>
<p>El hilo &laquo;Tetron&raquo;, producto exclusivo Bando, posee una alta resistencia a la dilataci&oacute;n, t&iacute;pica del Stop &amp; Go. Adem&aacute;s, la tensi&oacute;n se distribuye uniformemente a lo largo de toda la correa.</p>
<p>El perfil est&aacute; reforzado con ar&aacute;mida para evitar sobrecalentamiento y deformaciones provocadas por los cambios bruscos de tracci&oacute;n, las altas velocidades...</p>
<p>La estructura interna es de poliuretano, inyectado con alta precisi&oacute;n para obtener una distribuci&oacute;n correcta del material; de este modo la polea no se sufre y se garantiza la estabilidad de todo el sistema de tracci&oacute;n del veh&iacute;culo.</p>","
Correas de transmisión de clase mundial.

Fundada en 1906, BANDO Chemical industries Ltd. es una de las marcas más experimentadas y reconocidas del mundo. Sus soluciones innovadoras y de excelente calidad situan a Bando como la primera opción del cliente. Es colaboradora esencial en el primer equipo de marcas como Kymco o Honda, además de ofrecer soluciones óptimas para una gran variedad de aplicaciones. Su excelencia productiva deriva de la calidad de sus materiales, sus procesos de fabricación y su innovación tecnológica.

El poliuretano y las fibras de arámida usadas aportan una alta resistencia al sobrecalentamiento y a la abrasión ocasionados por fluidos como el aceite de motor, la gasolina y otras grasas típicas del cárter. El corte lateral del revestimiento se realiza de modo preciso con el objetivo de evitar deformaciones y usuras de medida.

El hilo «Tetron», producto exclusivo Bando, posee una alta resistencia a la dilatación, típica del Stop & Go. Además, la tensión se distribuye uniformemente a lo largo de toda la correa.

El perfil está reforzado con arámida para evitar sobrecalentamiento y deformaciones provocadas por los cambios bruscos de tracción, las altas velocidades...

La estructura interna es de poliuretano, inyectado con alta precisión para obtener una distribución correcta del material; de este modo la polea no se sufre y se garantiza la estabilidad de todo el sistema de tracción del vehículo.",VEHICLE PARTS & ACCESSORIES,CHASSIS PARTS,CHAS. BELT,2558,197,390,164,40,,,,Estándar,,,,https://api.mybihr.com/medias/1025938-1-800Wx800H?context=bWFzdGVyfHJvb3R8MjA0MDh8aW1hZ2UvanBlZ3xhR1U0TDJnME1pODRPVFk1TlRBd016WXdOek0wTHpFd01qVTVNemd0TVY4NE1EQlhlRGd3TUVnfGJhNjUxYzhkNzM0ZGQ3ZTRjZGJkZjg1ZGVhM2E4NzE0NjZhZmYxMTJjNWE4NmY4MWI2ZTk2MGEzN2Y4MDhkNTM,,,https://static.bihr.pro/eBihr/Pictures/BANDO-pictures.zip,Spain Warehouse (Parts)
1025962,100170,S08-017,BANDO,BANDO DRIVE BELT STANDARD,Correa de transmision BANDO Premium,55.68,46.02,23.01,100170,2,4010350000,0,1,"<p>Correas de transmisi&oacute;n de clase mundial.</p>
<p>Fundada en 1906, BANDO Chemical industries Ltd. es una de las marcas m&aacute;s experimentadas y reconocidas del mundo. Sus soluciones innovadoras y de excelente calidad situan a Bando como la primera opci&oacute;n del cliente. Es colaboradora esencial en el primer equipo de marcas como Kymco o Honda, adem&aacute;s de ofrecer soluciones &oacute;ptimas para una gran variedad de aplicaciones. Su excelencia productiva deriva de la calidad de sus materiales, sus procesos de fabricaci&oacute;n y su innovaci&oacute;n tecnol&oacute;gica.</p>
<p>El poliuretano y las fibras de ar&aacute;mida usadas aportan una alta resistencia al sobrecalentamiento y a la abrasi&oacute;n ocasionados por fluidos como el aceite de motor, la gasolina y otras grasas t&iacute;picas del c&aacute;rter. El corte lateral del revestimiento se realiza de modo preciso con el objetivo de evitar deformaciones y usuras de medida.</p>
<p>El hilo &laquo;Tetron&raquo;, producto exclusivo Bando, posee una alta resistencia a la dilataci&oacute;n, t&iacute;pica del Stop &amp; Go. Adem&aacute;s, la tensi&oacute;n se distribuye uniformemente a lo largo de toda la correa.</p>
<p>El perfil est&aacute; reforzado con ar&aacute;mida para evitar sobrecalentamiento y deformaciones provocadas por los cambios bruscos de tracci&oacute;n, las altas velocidades...</p>
<p>La estructura interna es de poliuretano, inyectado con alta precisi&oacute;n para obtener una distribuci&oacute;n correcta del material; de este modo la polea no se sufre y se garantiza la estabilidad de todo el sistema de tracci&oacute;n del veh&iacute;culo.</p>","
Correas de transmisión de clase mundial.

Fundada en 1906, BANDO Chemical industries Ltd. es una de las marcas más experimentadas y reconocidas del mundo. Sus soluciones innovadoras y de excelente calidad situan a Bando como la primera opción del cliente. Es colaboradora esencial en el primer equipo de marcas como Kymco o Honda, además de ofrecer soluciones óptimas para una gran variedad de aplicaciones. Su excelencia productiva deriva de la calidad de sus materiales, sus procesos de fabricación y su innovación tecnológica.

El poliuretano y las fibras de arámida usadas aportan una alta resistencia al sobrecalentamiento y a la abrasión ocasionados por fluidos como el aceite de motor, la gasolina y otras grasas típicas del cárter. El corte lateral del revestimiento se realiza de modo preciso con el objetivo de evitar deformaciones y usuras de medida.

El hilo «Tetron», producto exclusivo Bando, posee una alta resistencia a la dilatación, típica del Stop & Go. Además, la tensión se distribuye uniformemente a lo largo de toda la correa.

El perfil está reforzado con arámida para evitar sobrecalentamiento y deformaciones provocadas por los cambios bruscos de tracción, las altas velocidades...

La estructura interna es de poliuretano, inyectado con alta precisión para obtener una distribución correcta del material; de este modo la polea no se sufre y se garantiza la estabilidad de todo el sistema de tracción del vehículo.",VEHICLE PARTS & ACCESSORIES,CHASSIS PARTS,CHAS. BELT,1011,249,390,96,27,,,,Estándar,,,,https://api.mybihr.com/medias/1025962-1-800Wx800H?context=bWFzdGVyfHJvb3R8MjczNzV8aW1hZ2UvanBlZ3xhREk1TDJobE9TODVNREV5TlRrek1ETXpNalEyTHpFd01qVTVOakl0TVY4NE1EQlhlRGd3TUVnfGM0ZDcyNzU2ZDJjNThlMGY0MjcwNTA4ZjUzYzU1NGNjNWU0N2YxYzU5MjYwZmVhZmM3ODBiZGU4MmJhYWRmYjM,,,https://static.bihr.pro/eBihr/Pictures/BANDO-pictures.zip,Spain Warehouse (Parts)
1025958,100201,S17-009,BANDO,BANDO DRIVE BELT STANDARD,Correa de transmision BANDO Premium,55.68,46.02,23.01,100201,0,4010350000,0,1,"<p>Correas de transmisi&oacute;n de clase mundial.</p>
<p>Fundada en 1906, BANDO Chemical industries Ltd. es una de las marcas m&aacute;s experimentadas y reconocidas del mundo. Sus soluciones innovadoras y de excelente calidad situan a Bando como la primera opci&oacute;n del cliente. Es colaboradora esencial en el primer equipo de marcas como Kymco o Honda, adem&aacute;s de ofrecer soluciones &oacute;ptimas para una gran variedad de aplicaciones. Su excelencia productiva deriva de la calidad de sus materiales, sus procesos de fabricaci&oacute;n y su innovaci&oacute;n tecnol&oacute;gica.</p>
<p>El poliuretano y las fibras de ar&aacute;mida usadas aportan una alta resistencia al sobrecalentamiento y a la abrasi&oacute;n ocasionados por fluidos como el aceite de motor, la gasolina y otras grasas t&iacute;picas del c&aacute;rter. El corte lateral del revestimiento se realiza de modo preciso con el objetivo de evitar deformaciones y usuras de medida.</p>
<p>El hilo &laquo;Tetron&raquo;, producto exclusivo Bando, posee una alta resistencia a la dilataci&oacute;n, t&iacute;pica del Stop &amp; Go. Adem&aacute;s, la tensi&oacute;n se distribuye uniformemente a lo largo de toda la correa.</p>
<p>El perfil est&aacute; reforzado con ar&aacute;mida para evitar sobrecalentamiento y deformaciones provocadas por los cambios bruscos de tracci&oacute;n, las altas velocidades...</p>
<p>La estructura interna es de poliuretano, inyectado con alta precisi&oacute;n para obtener una distribuci&oacute;n correcta del material; de este modo la polea no se sufre y se garantiza la estabilidad de todo el sistema de tracci&oacute;n del veh&iacute;culo.</p>","
Correas de transmisión de clase mundial.

Fundada en 1906, BANDO Chemical industries Ltd. es una de las marcas más experimentadas y reconocidas del mundo. Sus soluciones innovadoras y de excelente calidad situan a Bando como la primera opción del cliente. Es colaboradora esencial en el primer equipo de marcas como Kymco o Honda, además de ofrecer soluciones óptimas para una gran variedad de aplicaciones. Su excelencia productiva deriva de la calidad de sus materiales, sus procesos de fabricación y su innovación tecnológica.

El poliuretano y las fibras de arámida usadas aportan una alta resistencia al sobrecalentamiento y a la abrasión ocasionados por fluidos como el aceite de motor, la gasolina y otras grasas típicas del cárter. El corte lateral del revestimiento se realiza de modo preciso con el objetivo de evitar deformaciones y usuras de medida.

El hilo «Tetron», producto exclusivo Bando, posee una alta resistencia a la dilatación, típica del Stop & Go. Además, la tensión se distribuye uniformemente a lo largo de toda la correa.

El perfil está reforzado con arámida para evitar sobrecalentamiento y deformaciones provocadas por los cambios bruscos de tracción, las altas velocidades...

La estructura interna es de poliuretano, inyectado con alta precisión para obtener una distribución correcta del material; de este modo la polea no se sufre y se garantiza la estabilidad de todo el sistema de tracción del vehículo.",VEHICLE PARTS & ACCESSORIES,CHASSIS PARTS,CHAS. BELT,1266,206,384,103,32,,,,Estándar,,,,https://api.mybihr.com/medias/1025958-1-800Wx800H?context=bWFzdGVyfHJvb3R8MjA0MDh8aW1hZ2UvanBlZ3xhR1k0TDJneE9DODRPVFk1TlRBME1qa3lPRGswTHpFd01qVTVOVGd0TVY4NE1EQlhlRGd3TUVnfDViY2Y0MDQyMjhkYWJmOGM5ZTNjODA2M2MwNmE0MDYzNjkyODA3YjE4NjAyNGFjNzA2ZjU4MDhjMTc2MzA0NWY,,,https://static.bihr.pro/eBihr/Pictures/BANDO-pictures.zip,Spain Warehouse (Parts)
1025959,100200,S02-016,BANDO,BANDO DRIVE BELT STANDARD,Correa de transmision BANDO Premium,44.24,36.56,18.28,100200,2,4010350000,0,1,"<p>Correas de transmisi&oacute;n de clase mundial.</p>
<p>Fundada en 1906, BANDO Chemical industries Ltd. es una de las marcas m&aacute;s experimentadas y reconocidas del mundo. Sus soluciones innovadoras y de excelente calidad situan a Bando como la primera opci&oacute;n del cliente. Es colaboradora esencial en el primer equipo de marcas como Kymco o Honda, adem&aacute;s de ofrecer soluciones &oacute;ptimas para una gran variedad de aplicaciones. Su excelencia productiva deriva de la calidad de sus materiales, sus procesos de fabricaci&oacute;n y su innovaci&oacute;n tecnol&oacute;gica.</p>
<p>El poliuretano y las fibras de ar&aacute;mida usadas aportan una alta resistencia al sobrecalentamiento y a la abrasi&oacute;n ocasionados por fluidos como el aceite de motor, la gasolina y otras grasas t&iacute;picas del c&aacute;rter. El corte lateral del revestimiento se realiza de modo preciso con el objetivo de evitar deformaciones y usuras de medida.</p>
<p>El hilo &laquo;Tetron&raquo;, producto exclusivo Bando, posee una alta resistencia a la dilataci&oacute;n, t&iacute;pica del Stop &amp; Go. Adem&aacute;s, la tensi&oacute;n se distribuye uniformemente a lo largo de toda la correa.</p>
<p>El perfil est&aacute; reforzado con ar&aacute;mida para evitar sobrecalentamiento y deformaciones provocadas por los cambios bruscos de tracci&oacute;n, las altas velocidades...</p>
<p>La estructura interna es de poliuretano, inyectado con alta precisi&oacute;n para obtener una distribuci&oacute;n correcta del material; de este modo la polea no se sufre y se garantiza la estabilidad de todo el sistema de tracci&oacute;n del veh&iacute;culo.</p>","
Correas de transmisión de clase mundial.

Fundada en 1906, BANDO Chemical industries Ltd. es una de las marcas más experimentadas y reconocidas del mundo. Sus soluciones innovadoras y de excelente calidad situan a Bando como la primera opción del cliente. Es colaboradora esencial en el primer equipo de marcas como Kymco o Honda, además de ofrecer soluciones óptimas para una gran variedad de aplicaciones. Su excelencia productiva deriva de la calidad de sus materiales, sus procesos de fabricación y su innovación tecnológica.

El poliuretano y las fibras de arámida usadas aportan una alta resistencia al sobrecalentamiento y a la abrasión ocasionados por fluidos como el aceite de motor, la gasolina y otras grasas típicas del cárter. El corte lateral del revestimiento se realiza de modo preciso con el objetivo de evitar deformaciones y usuras de medida.

El hilo «Tetron», producto exclusivo Bando, posee una alta resistencia a la dilatación, típica del Stop & Go. Además, la tensión se distribuye uniformemente a lo largo de toda la correa.

El perfil está reforzado con arámida para evitar sobrecalentamiento y deformaciones provocadas por los cambios bruscos de tracción, las altas velocidades...

La estructura interna es de poliuretano, inyectado con alta precisión para obtener una distribución correcta del material; de este modo la polea no se sufre y se garantiza la estabilidad de todo el sistema de tracción del vehículo.",VEHICLE PARTS & ACCESSORIES,CHASSIS PARTS,CHAS. BELT,1293,196,388,98,34,,,,Estándar,Poliéster,,,https://api.mybihr.com/medias/1025959-1-800Wx800H?context=bWFzdGVyfHJvb3R8MjA0MDh8aW1hZ2UvanBlZ3xhRE5pTDJneE1pODRPVFk1TlRBME5EZzVOVEF5THpFd01qVTVOVGt0TVY4NE1EQlhlRGd3TUVnfDI5OTMwZDZlZTg1ZDM4YWY2MTdmNTFmNTJjNTQyNTk2OGZkN2Q2ODUwNDZmN2M1NDVlYWFmYzI5MWNlOTE4YTY,,,https://static.bihr.pro/eBihr/Pictures/BANDO-pictures.zip,Spain Warehouse (Parts)
1025961,100192,S18-003,BANDO,BANDO DRIVE BELT STANDARD,Correa de transmision BANDO Premium,52.96,43.77,21.89,100192,14,4010350000,0,1,"<p>Correas de transmisi&oacute;n de clase mundial.</p>
<p>Fundada en 1906, BANDO Chemical industries Ltd. es una de las marcas m&aacute;s experimentadas y reconocidas del mundo. Sus soluciones innovadoras y de excelente calidad situan a Bando como la primera opci&oacute;n del cliente. Es colaboradora esencial en el primer equipo de marcas como Kymco o Honda, adem&aacute;s de ofrecer soluciones &oacute;ptimas para una gran variedad de aplicaciones. Su excelencia productiva deriva de la calidad de sus materiales, sus procesos de fabricaci&oacute;n y su innovaci&oacute;n tecnol&oacute;gica.</p>
<p>El poliuretano y las fibras de ar&aacute;mida usadas aportan una alta resistencia al sobrecalentamiento y a la abrasi&oacute;n ocasionados por fluidos como el aceite de motor, la gasolina y otras grasas t&iacute;picas del c&aacute;rter. El corte lateral del revestimiento se realiza de modo preciso con el objetivo de evitar deformaciones y usuras de medida.</p>
<p>El hilo &laquo;Tetron&raquo;, producto exclusivo Bando, posee una alta resistencia a la dilataci&oacute;n, t&iacute;pica del Stop &amp; Go. Adem&aacute;s, la tensi&oacute;n se distribuye uniformemente a lo largo de toda la correa.</p>
<p>El perfil est&aacute; reforzado con ar&aacute;mida para evitar sobrecalentamiento y deformaciones provocadas por los cambios bruscos de tracci&oacute;n, las altas velocidades...</p>
<p>La estructura interna es de poliuretano, inyectado con alta precisi&oacute;n para obtener una distribuci&oacute;n correcta del material; de este modo la polea no se sufre y se garantiza la estabilidad de todo el sistema de tracci&oacute;n del veh&iacute;culo.</p>","
Correas de transmisión de clase mundial.

Fundada en 1906, BANDO Chemical industries Ltd. es una de las marcas más experimentadas y reconocidas del mundo. Sus soluciones innovadoras y de excelente calidad situan a Bando como la primera opción del cliente. Es colaboradora esencial en el primer equipo de marcas como Kymco o Honda, además de ofrecer soluciones óptimas para una gran variedad de aplicaciones. Su excelencia productiva deriva de la calidad de sus materiales, sus procesos de fabricación y su innovación tecnológica.

El poliuretano y las fibras de arámida usadas aportan una alta resistencia al sobrecalentamiento y a la abrasión ocasionados por fluidos como el aceite de motor, la gasolina y otras grasas típicas del cárter. El corte lateral del revestimiento se realiza de modo preciso con el objetivo de evitar deformaciones y usuras de medida.

El hilo «Tetron», producto exclusivo Bando, posee una alta resistencia a la dilatación, típica del Stop & Go. Además, la tensión se distribuye uniformemente a lo largo de toda la correa.

El perfil está reforzado con arámida para evitar sobrecalentamiento y deformaciones provocadas por los cambios bruscos de tracción, las altas velocidades...

La estructura interna es de poliuretano, inyectado con alta precisión para obtener una distribución correcta del material; de este modo la polea no se sufre y se garantiza la estabilidad de todo el sistema de tracción del vehículo.",VEHICLE PARTS & ACCESSORIES,CHASSIS PARTS,CHAS. BELT,1032,227,390,98,27,,,,Estándar,Poliéster,,,https://api.mybihr.com/medias/1025961-1-800Wx800H?context=bWFzdGVyfHJvb3R8MjA0MDh8aW1hZ2UvanBlZ3xhRGxoTDJnd05DODRPVFk1TlRBME9EZ3lOekU0THpFd01qVTVOakV0TVY4NE1EQlhlRGd3TUVnfDg1ZDk4YmU4ZGVmMWU4NjBkMzE3MjliZDBlNmI3ZWQ0OThiNDhiOTU4ZGMzOWI0MTBlOTAwMTU0NDFmMGU0NTI,,,https://static.bihr.pro/eBihr/Pictures/BANDO-pictures.zip,Spain Warehouse (Parts)
1025966,100206,B17-1577,BANDO,BANDO DRIVE BELT STANDARD,Correa de transmision BANDO Premium,174.18,143.95,56.96,100206,3,4010350000,0,1,"<p>Correas de transmisi&oacute;n de clase mundial.</p>
<p>Fundada en 1906, BANDO Chemical industries Ltd. es una de las marcas m&aacute;s experimentadas y reconocidas del mundo. Sus soluciones innovadoras y de excelente calidad situan a Bando como la primera opci&oacute;n del cliente. Es colaboradora esencial en el primer equipo de marcas como Kymco o Honda, adem&aacute;s de ofrecer soluciones &oacute;ptimas para una gran variedad de aplicaciones. Su excelencia productiva deriva de la calidad de sus materiales, sus procesos de fabricaci&oacute;n y su innovaci&oacute;n tecnol&oacute;gica.</p>
<p>El poliuretano y las fibras de ar&aacute;mida usadas aportan una alta resistencia al sobrecalentamiento y a la abrasi&oacute;n ocasionados por fluidos como el aceite de motor, la gasolina y otras grasas t&iacute;picas del c&aacute;rter. El corte lateral del revestimiento se realiza de modo preciso con el objetivo de evitar deformaciones y usuras de medida.</p>
<p>El hilo &laquo;Tetron&raquo;, producto exclusivo Bando, posee una alta resistencia a la dilataci&oacute;n, t&iacute;pica del Stop &amp; Go. Adem&aacute;s, la tensi&oacute;n se distribuye uniformemente a lo largo de toda la correa.</p>
<p>El perfil est&aacute; reforzado con ar&aacute;mida para evitar sobrecalentamiento y deformaciones provocadas por los cambios bruscos de tracci&oacute;n, las altas velocidades...</p>
<p>La estructura interna es de poliuretano, inyectado con alta precisi&oacute;n para obtener una distribuci&oacute;n correcta del material; de este modo la polea no se sufre y se garantiza la estabilidad de todo el sistema de tracci&oacute;n del veh&iacute;culo.</p>","
Correas de transmisión de clase mundial.

Fundada en 1906, BANDO Chemical industries Ltd. es una de las marcas más experimentadas y reconocidas del mundo. Sus soluciones innovadoras y de excelente calidad situan a Bando como la primera opción del cliente. Es colaboradora esencial en el primer equipo de marcas como Kymco o Honda, además de ofrecer soluciones óptimas para una gran variedad de aplicaciones. Su excelencia productiva deriva de la calidad de sus materiales, sus procesos de fabricación y su innovación tecnológica.

El poliuretano y las fibras de arámida usadas aportan una alta resistencia al sobrecalentamiento y a la abrasión ocasionados por fluidos como el aceite de motor, la gasolina y otras grasas típicas del cárter. El corte lateral del revestimiento se realiza de modo preciso con el objetivo de evitar deformaciones y usuras de medida.

El hilo «Tetron», producto exclusivo Bando, posee una alta resistencia a la dilatación, típica del Stop & Go. Además, la tensión se distribuye uniformemente a lo largo de toda la correa.

El perfil está reforzado con arámida para evitar sobrecalentamiento y deformaciones provocadas por los cambios bruscos de tracción, las altas velocidades...

La estructura interna es de poliuretano, inyectado con alta precisión para obtener una distribución correcta del material; de este modo la polea no se sufre y se garantiza la estabilidad de todo el sistema de tracción del vehículo.",VEHICLE PARTS & ACCESSORIES,CHASSIS PARTS,CHAS. BELT,1404,369,390,120,30,,,,Estándar,,,,https://api.mybihr.com/medias/1025966-1-800Wx800H?context=bWFzdGVyfHJvb3R8MjA0MDh8aW1hZ2UvanBlZ3xhR1V5TDJnM015ODRPVFk0TmpJNE5ETTNNREl5THpFd01qVTVOall0TVY4NE1EQlhlRGd3TUVnfDY1YjU1ZmZlZTNmMGJhMDM5MWEwMmFhODk0ZWVkNjQxNGMwNGY3OGJkMmIzZjRhOGJiNzNiZjdkNzQxMDdkNjg,,,https://static.bihr.pro/eBihr/Pictures/BANDO-pictures.zip,Spain Warehouse (Parts)
1025956,105538,S17-007,BANDO,BANDO DRIVE BELT STANDARD,Correa de transmision BANDO Premium,49.68,41.06,20.53,105538,1,4010350000,0,1,"<p>Correas de transmisi&oacute;n de clase mundial.</p>
<p>Fundada en 1906, BANDO Chemical industries Ltd. es una de las marcas m&aacute;s experimentadas y reconocidas del mundo. Sus soluciones innovadoras y de excelente calidad situan a Bando como la primera opci&oacute;n del cliente. Es colaboradora esencial en el primer equipo de marcas como Kymco o Honda, adem&aacute;s de ofrecer soluciones &oacute;ptimas para una gran variedad de aplicaciones. Su excelencia productiva deriva de la calidad de sus materiales, sus procesos de fabricaci&oacute;n y su innovaci&oacute;n tecnol&oacute;gica.</p>
<p>El poliuretano y las fibras de ar&aacute;mida usadas aportan una alta resistencia al sobrecalentamiento y a la abrasi&oacute;n ocasionados por fluidos como el aceite de motor, la gasolina y otras grasas t&iacute;picas del c&aacute;rter. El corte lateral del revestimiento se realiza de modo preciso con el objetivo de evitar deformaciones y usuras de medida.</p>
<p>El hilo &laquo;Tetron&raquo;, producto exclusivo Bando, posee una alta resistencia a la dilataci&oacute;n, t&iacute;pica del Stop &amp; Go. Adem&aacute;s, la tensi&oacute;n se distribuye uniformemente a lo largo de toda la correa.</p>
<p>El perfil est&aacute; reforzado con ar&aacute;mida para evitar sobrecalentamiento y deformaciones provocadas por los cambios bruscos de tracci&oacute;n, las altas velocidades...</p>
<p>La estructura interna es de poliuretano, inyectado con alta precisi&oacute;n para obtener una distribuci&oacute;n correcta del material; de este modo la polea no se sufre y se garantiza la estabilidad de todo el sistema de tracci&oacute;n del veh&iacute;culo.</p>","
Correas de transmisión de clase mundial.

Fundada en 1906, BANDO Chemical industries Ltd. es una de las marcas más experimentadas y reconocidas del mundo. Sus soluciones innovadoras y de excelente calidad situan a Bando como la primera opción del cliente. Es colaboradora esencial en el primer equipo de marcas como Kymco o Honda, además de ofrecer soluciones óptimas para una gran variedad de aplicaciones. Su excelencia productiva deriva de la calidad de sus materiales, sus procesos de fabricación y su innovación tecnológica.

El poliuretano y las fibras de arámida usadas aportan una alta resistencia al sobrecalentamiento y a la abrasión ocasionados por fluidos como el aceite de motor, la gasolina y otras grasas típicas del cárter. El corte lateral del revestimiento se realiza de modo preciso con el objetivo de evitar deformaciones y usuras de medida.

El hilo «Tetron», producto exclusivo Bando, posee una alta resistencia a la dilatación, típica del Stop & Go. Además, la tensión se distribuye uniformemente a lo largo de toda la correa.

El perfil está reforzado con arámida para evitar sobrecalentamiento y deformaciones provocadas por los cambios bruscos de tracción, las altas velocidades...

La estructura interna es de poliuretano, inyectado con alta precisión para obtener una distribución correcta del material; de este modo la polea no se sufre y se garantiza la estabilidad de todo el sistema de tracción del vehículo.",VEHICLE PARTS & ACCESSORIES,CHASSIS PARTS,CHAS. BELT,841,227,377,93,24,,,,Estándar,,,,https://api.mybihr.com/medias/1025956-1-800Wx800H?context=bWFzdGVyfHJvb3R8MjA0MDh8aW1hZ2UvanBlZ3xhR1l3TDJnNU15ODVNREV5TlRreU5qUXdNRE13THpFd01qVTVOVFl0TVY4NE1EQlhlRGd3TUVnfGM4NjhlNjFjMTI3ZWMyNTY1NWI5OTNjYTA0ZWY4OGVlMzU5ZjlmYmQzZjAyOTVjY2RkMTJiNzQzZWRkMzk2YjA,,,https://static.bihr.pro/eBihr/Pictures/BANDO-pictures.zip,Spain Warehouse (Parts)
1025957,105549,S04-018,BANDO,BANDO DRIVE BELT STANDARD,Correa de transmision BANDO Premium,44.77,37.00,18.50,105549,2,4010350000,0,1,"<p>Correas de transmisi&oacute;n de clase mundial.</p>
<p>Fundada en 1906, BANDO Chemical industries Ltd. es una de las marcas m&aacute;s experimentadas y reconocidas del mundo. Sus soluciones innovadoras y de excelente calidad situan a Bando como la primera opci&oacute;n del cliente. Es colaboradora esencial en el primer equipo de marcas como Kymco o Honda, adem&aacute;s de ofrecer soluciones &oacute;ptimas para una gran variedad de aplicaciones. Su excelencia productiva deriva de la calidad de sus materiales, sus procesos de fabricaci&oacute;n y su innovaci&oacute;n tecnol&oacute;gica.</p>
<p>El poliuretano y las fibras de ar&aacute;mida usadas aportan una alta resistencia al sobrecalentamiento y a la abrasi&oacute;n ocasionados por fluidos como el aceite de motor, la gasolina y otras grasas t&iacute;picas del c&aacute;rter. El corte lateral del revestimiento se realiza de modo preciso con el objetivo de evitar deformaciones y usuras de medida.</p>
<p>El hilo &laquo;Tetron&raquo;, producto exclusivo Bando, posee una alta resistencia a la dilataci&oacute;n, t&iacute;pica del Stop &amp; Go. Adem&aacute;s, la tensi&oacute;n se distribuye uniformemente a lo largo de toda la correa.</p>
<p>El perfil est&aacute; reforzado con ar&aacute;mida para evitar sobrecalentamiento y deformaciones provocadas por los cambios bruscos de tracci&oacute;n, las altas velocidades...</p>
<p>La estructura interna es de poliuretano, inyectado con alta precisi&oacute;n para obtener una distribuci&oacute;n correcta del material; de este modo la polea no se sufre y se garantiza la estabilidad de todo el sistema de tracci&oacute;n del veh&iacute;culo.</p>","
Correas de transmisión de clase mundial.

Fundada en 1906, BANDO Chemical industries Ltd. es una de las marcas más experimentadas y reconocidas del mundo. Sus soluciones innovadoras y de excelente calidad situan a Bando como la primera opción del cliente. Es colaboradora esencial en el primer equipo de marcas como Kymco o Honda, además de ofrecer soluciones óptimas para una gran variedad de aplicaciones. Su excelencia productiva deriva de la calidad de sus materiales, sus procesos de fabricación y su innovación tecnológica.

El poliuretano y las fibras de arámida usadas aportan una alta resistencia al sobrecalentamiento y a la abrasión ocasionados por fluidos como el aceite de motor, la gasolina y otras grasas típicas del cárter. El corte lateral del revestimiento se realiza de modo preciso con el objetivo de evitar deformaciones y usuras de medida.

El hilo «Tetron», producto exclusivo Bando, posee una alta resistencia a la dilatación, típica del Stop & Go. Además, la tensión se distribuye uniformemente a lo largo de toda la correa.

El perfil está reforzado con arámida para evitar sobrecalentamiento y deformaciones provocadas por los cambios bruscos de tracción, las altas velocidades...

La estructura interna es de poliuretano, inyectado con alta precisión para obtener una distribución correcta del material; de este modo la polea no se sufre y se garantiza la estabilidad de todo el sistema de tracción del vehículo.",VEHICLE PARTS & ACCESSORIES,CHASSIS PARTS,CHAS. BELT,2005,143,364,162,34,,,,Estándar,Poliéster,,,https://api.mybihr.com/medias/1025957-1-800Wx800H?context=bWFzdGVyfHJvb3R8MjA0MDh8aW1hZ2UvanBlZ3xhR0ZrTDJnNVlTODVNREV5TlRreU9ETTJOak00THpFd01qVTVOVGN0TVY4NE1EQlhlRGd3TUVnfDFlYjQzOWZjODljZTg5MTM0ODY3NmVmYWY4ZmQ3NmQyNDFmNGZlNjM1ZGMzOWNjNmFmM2QxNjJhMTg5NTEyY2Q,,,https://static.bihr.pro/eBihr/Pictures/BANDO-pictures.zip,Spain Warehouse (Parts)
1025967,100166,B2-1239,BANDO,BANDO DRIVE BELT STANDARD,"Correa BANDO con doble dentado, reforzada",174.18,143.95,71.98,100166,9,4010350000,0,1,"<p>Correas de transmisi&oacute;n de clase mundial.</p>
<p>Fundada en 1906, BANDO Chemical industries Ltd. es una de las marcas m&aacute;s experimentadas y reconocidas del mundo. Sus soluciones innovadoras y de excelente calidad situan a Bando como la primera opci&oacute;n del cliente. Es colaboradora esencial en el primer equipo de marcas como Kymco o Honda, adem&aacute;s de ofrecer soluciones &oacute;ptimas para una gran variedad de aplicaciones. Su excelencia productiva deriva de la calidad de sus materiales, sus procesos de fabricaci&oacute;n y su innovaci&oacute;n tecnol&oacute;gica.</p>
<p>El poliuretano y las fibras de ar&aacute;mida usadas aportan una alta resistencia al sobrecalentamiento y a la abrasi&oacute;n ocasionados por fluidos como el aceite de motor, la gasolina y otras grasas t&iacute;picas del c&aacute;rter. El corte lateral del revestimiento se realiza de modo preciso con el objetivo de evitar deformaciones y usuras de medida.</p>
<p>El hilo &laquo;Tetron&raquo;, producto exclusivo Bando, posee una alta resistencia a la dilataci&oacute;n, t&iacute;pica del Stop &amp; Go. Adem&aacute;s, la tensi&oacute;n se distribuye uniformemente a lo largo de toda la correa.</p>
<p>El perfil est&aacute; reforzado con ar&aacute;mida para evitar sobrecalentamiento y deformaciones provocadas por los cambios bruscos de tracci&oacute;n, las altas velocidades...</p>
<p>La estructura interna es de poliuretano, inyectado con alta precisi&oacute;n para obtener una distribuci&oacute;n correcta del material; de este modo la polea no se sufre y se garantiza la estabilidad de todo el sistema de tracci&oacute;n del veh&iacute;culo.</p>","
Correas de transmisión de clase mundial.

Fundada en 1906, BANDO Chemical industries Ltd. es una de las marcas más experimentadas y reconocidas del mundo. Sus soluciones innovadoras y de excelente calidad situan a Bando como la primera opción del cliente. Es colaboradora esencial en el primer equipo de marcas como Kymco o Honda, además de ofrecer soluciones óptimas para una gran variedad de aplicaciones. Su excelencia productiva deriva de la calidad de sus materiales, sus procesos de fabricación y su innovación tecnológica.

El poliuretano y las fibras de arámida usadas aportan una alta resistencia al sobrecalentamiento y a la abrasión ocasionados por fluidos como el aceite de motor, la gasolina y otras grasas típicas del cárter. El corte lateral del revestimiento se realiza de modo preciso con el objetivo de evitar deformaciones y usuras de medida.

El hilo «Tetron», producto exclusivo Bando, posee una alta resistencia a la dilatación, típica del Stop & Go. Además, la tensión se distribuye uniformemente a lo largo de toda la correa.

El perfil está reforzado con arámida para evitar sobrecalentamiento y deformaciones provocadas por los cambios bruscos de tracción, las altas velocidades...

La estructura interna es de poliuretano, inyectado con alta precisión para obtener una distribución correcta del material; de este modo la polea no se sufre y se garantiza la estabilidad de todo el sistema de tracción del vehículo.",VEHICLE PARTS & ACCESSORIES,CHASSIS PARTS,CHAS. BELT,1198,418,390,96,32,,,,Estándar,,,,https://api.mybihr.com/medias/800Wx800H-1025967-1.jpg?context=bWFzdGVyfHJvb3R8MTgzNzEwfGltYWdlL2pwZWd8YURGbEwyaGhOaTh4TURBeE5UVXlNVEkwTmpReE5UZ3ZPREF3VjNnNE1EQklYekV3TWpVNU5qY3RNUzVxY0djfDFkMDg3YjQ3M2Q2NzlmNzFkZWJlMzU5YzY3NzcwNzNjY2U0YjNiYTNjZjI1NDRmMzI0ZDMwYWEwNDZiM2UxZTA,,,https://static.bihr.pro/eBihr/Pictures/BANDO-pictures.zip,Spain Warehouse (Parts)
1025968,100165,B8-1240,BANDO,BANDO DRIVE BELT STANDARD,"Correa BANDO con doble dentado, reforzada",177.45,146.65,73.33,100165,0,4010350000,0,1,"<p>Correas de transmisi&oacute;n de clase mundial.</p>
<p>Fundada en 1906, BANDO Chemical industries Ltd. es una de las marcas m&aacute;s experimentadas y reconocidas del mundo. Sus soluciones innovadoras y de excelente calidad situan a Bando como la primera opci&oacute;n del cliente. Es colaboradora esencial en el primer equipo de marcas como Kymco o Honda, adem&aacute;s de ofrecer soluciones &oacute;ptimas para una gran variedad de aplicaciones. Su excelencia productiva deriva de la calidad de sus materiales, sus procesos de fabricaci&oacute;n y su innovaci&oacute;n tecnol&oacute;gica.</p>
<p>El poliuretano y las fibras de ar&aacute;mida usadas aportan una alta resistencia al sobrecalentamiento y a la abrasi&oacute;n ocasionados por fluidos como el aceite de motor, la gasolina y otras grasas t&iacute;picas del c&aacute;rter. El corte lateral del revestimiento se realiza de modo preciso con el objetivo de evitar deformaciones y usuras de medida.</p>
<p>El hilo &laquo;Tetron&raquo;, producto exclusivo Bando, posee una alta resistencia a la dilataci&oacute;n, t&iacute;pica del Stop &amp; Go. Adem&aacute;s, la tensi&oacute;n se distribuye uniformemente a lo largo de toda la correa.</p>
<p>El perfil est&aacute; reforzado con ar&aacute;mida para evitar sobrecalentamiento y deformaciones provocadas por los cambios bruscos de tracci&oacute;n, las altas velocidades...</p>
<p>La estructura interna es de poliuretano, inyectado con alta precisi&oacute;n para obtener una distribuci&oacute;n correcta del material; de este modo la polea no se sufre y se garantiza la estabilidad de todo el sistema de tracci&oacute;n del veh&iacute;culo.</p>","
Correas de transmisión de clase mundial.

Fundada en 1906, BANDO Chemical industries Ltd. es una de las marcas más experimentadas y reconocidas del mundo. Sus soluciones innovadoras y de excelente calidad situan a Bando como la primera opción del cliente. Es colaboradora esencial en el primer equipo de marcas como Kymco o Honda, además de ofrecer soluciones óptimas para una gran variedad de aplicaciones. Su excelencia productiva deriva de la calidad de sus materiales, sus procesos de fabricación y su innovación tecnológica.

El poliuretano y las fibras de arámida usadas aportan una alta resistencia al sobrecalentamiento y a la abrasión ocasionados por fluidos como el aceite de motor, la gasolina y otras grasas típicas del cárter. El corte lateral del revestimiento se realiza de modo preciso con el objetivo de evitar deformaciones y usuras de medida.

El hilo «Tetron», producto exclusivo Bando, posee una alta resistencia a la dilatación, típica del Stop & Go. Además, la tensión se distribuye uniformemente a lo largo de toda la correa.

El perfil está reforzado con arámida para evitar sobrecalentamiento y deformaciones provocadas por los cambios bruscos de tracción, las altas velocidades...

La estructura interna es de poliuretano, inyectado con alta precisión para obtener una distribución correcta del material; de este modo la polea no se sufre y se garantiza la estabilidad de todo el sistema de tracción del vehículo.",VEHICLE PARTS & ACCESSORIES,CHASSIS PARTS,CHAS. BELT,1285,366,390,103,32,,,,Estándar,,,,https://api.mybihr.com/medias/800Wx800H-1025968-1.jpg?context=bWFzdGVyfHJvb3R8NDA1NTN8aW1hZ2UvanBlZ3xhRGs1TDJoaFpTOHhNREV4Tnpnek56Y3hNRGsxTXpRdk9EQXdWM2c0TURCSVh6RXdNalU1TmpndE1TNXFjR2N8ZTcyZGZiMGZhODRlZGFjMDVmZjQxMTA3MDlmZjQ2OGYyYWJlYTNlYjljNDkwZmRmZGIzZGE3NzhiMjA0YjliMQ,,,https://static.bihr.pro/eBihr/Pictures/BANDO-pictures.zip,Spain Warehouse (Parts)
1025971,SB261,B5-0609,BANDO,BANDO DRIVE BELT STANDARD,Correa de transmision BANDO Premium,109.20,90.25,45.13,8430525140196,8,4010350000,0,1,"<p>Correas de transmisi&oacute;n de clase mundial.</p>
<p>Fundada en 1906, BANDO Chemical industries Ltd. es una de las marcas m&aacute;s experimentadas y reconocidas del mundo. Sus soluciones innovadoras y de excelente calidad situan a Bando como la primera opci&oacute;n del cliente. Es colaboradora esencial en el primer equipo de marcas como Kymco o Honda, adem&aacute;s de ofrecer soluciones &oacute;ptimas para una gran variedad de aplicaciones. Su excelencia productiva deriva de la calidad de sus materiales, sus procesos de fabricaci&oacute;n y su innovaci&oacute;n tecnol&oacute;gica.</p>
<p>El poliuretano y las fibras de ar&aacute;mida usadas aportan una alta resistencia al sobrecalentamiento y a la abrasi&oacute;n ocasionados por fluidos como el aceite de motor, la gasolina y otras grasas t&iacute;picas del c&aacute;rter. El corte lateral del revestimiento se realiza de modo preciso con el objetivo de evitar deformaciones y usuras de medida.</p>
<p>El hilo &laquo;Tetron&raquo;, producto exclusivo Bando, posee una alta resistencia a la dilataci&oacute;n, t&iacute;pica del Stop &amp; Go. Adem&aacute;s, la tensi&oacute;n se distribuye uniformemente a lo largo de toda la correa.</p>
<p>El perfil est&aacute; reforzado con ar&aacute;mida para evitar sobrecalentamiento y deformaciones provocadas por los cambios bruscos de tracci&oacute;n, las altas velocidades...</p>
<p>La estructura interna es de poliuretano, inyectado con alta precisi&oacute;n para obtener una distribuci&oacute;n correcta del material; de este modo la polea no se sufre y se garantiza la estabilidad de todo el sistema de tracci&oacute;n del veh&iacute;culo.</p>","
Correas de transmisión de clase mundial.

Fundada en 1906, BANDO Chemical industries Ltd. es una de las marcas más experimentadas y reconocidas del mundo. Sus soluciones innovadoras y de excelente calidad situan a Bando como la primera opción del cliente. Es colaboradora esencial en el primer equipo de marcas como Kymco o Honda, además de ofrecer soluciones óptimas para una gran variedad de aplicaciones. Su excelencia productiva deriva de la calidad de sus materiales, sus procesos de fabricación y su innovación tecnológica.

El poliuretano y las fibras de arámida usadas aportan una alta resistencia al sobrecalentamiento y a la abrasión ocasionados por fluidos como el aceite de motor, la gasolina y otras grasas típicas del cárter. El corte lateral del revestimiento se realiza de modo preciso con el objetivo de evitar deformaciones y usuras de medida.

El hilo «Tetron», producto exclusivo Bando, posee una alta resistencia a la dilatación, típica del Stop & Go. Además, la tensión se distribuye uniformemente a lo largo de toda la correa.

El perfil está reforzado con arámida para evitar sobrecalentamiento y deformaciones provocadas por los cambios bruscos de tracción, las altas velocidades...

La estructura interna es de poliuretano, inyectado con alta precisión para obtener una distribución correcta del material; de este modo la polea no se sufre y se garantiza la estabilidad de todo el sistema de tracción del vehículo.",VEHICLE PARTS & ACCESSORIES,CHASSIS PARTS,CHAS. BELT,1367,289,403,106,32,,,,Estándar,,,,https://api.mybihr.com/medias/1025971-1-800Wx800H?context=bWFzdGVyfHJvb3R8MjA0MDh8aW1hZ2UvanBlZ3xhRGhqTDJoa1pDODRPVFk0TmpJNU5ESXdNRFl5THpFd01qVTVOekV0TVY4NE1EQlhlRGd3TUVnfGM3YTJjNWM3MWQxMDJiYjQ2NDFiZTM2NmFiOTM4YzdiNjQyYzJlZDI4ZmJjMGJkM2I1OTBhMzMxNmE5MzdkOTQ,,,https://static.bihr.pro/eBihr/Pictures/BANDO-pictures.zip,Spain Warehouse (Parts)
1042211,SB262,S05-013,BANDO,BANDO DRIVE BELT STANDARD,Correa de transmision BANDO Premium,42.53,35.15,17.58,000001055399,42,4010350000,0,1,"<p>Correas de transmisi&oacute;n de clase mundial.</p>
<p>Fundada en 1906, BANDO Chemical industries Ltd. es una de las marcas m&aacute;s experimentadas y reconocidas del mundo. Sus soluciones innovadoras y de excelente calidad situan a Bando como la primera opci&oacute;n del cliente. Es colaboradora esencial en el primer equipo de marcas como Kymco o Honda, adem&aacute;s de ofrecer soluciones &oacute;ptimas para una gran variedad de aplicaciones. Su excelencia productiva deriva de la calidad de sus materiales, sus procesos de fabricaci&oacute;n y su innovaci&oacute;n tecnol&oacute;gica.</p>
<p>El poliuretano y las fibras de ar&aacute;mida usadas aportan una alta resistencia al sobrecalentamiento y a la abrasi&oacute;n ocasionados por fluidos como el aceite de motor, la gasolina y otras grasas t&iacute;picas del c&aacute;rter. El corte lateral del revestimiento se realiza de modo preciso con el objetivo de evitar deformaciones y usuras de medida.</p>
<p>El hilo &laquo;Tetron&raquo;, producto exclusivo Bando, posee una alta resistencia a la dilataci&oacute;n, t&iacute;pica del Stop &amp; Go. Adem&aacute;s, la tensi&oacute;n se distribuye uniformemente a lo largo de toda la correa.</p>
<p>El perfil est&aacute; reforzado con ar&aacute;mida para evitar sobrecalentamiento y deformaciones provocadas por los cambios bruscos de tracci&oacute;n, las altas velocidades...</p>
<p>La estructura interna es de poliuretano, inyectado con alta precisi&oacute;n para obtener una distribuci&oacute;n correcta del material; de este modo la polea no se sufre y se garantiza la estabilidad de todo el sistema de tracci&oacute;n del veh&iacute;culo.</p>","
Correas de transmisión de clase mundial.

Fundada en 1906, BANDO Chemical industries Ltd. es una de las marcas más experimentadas y reconocidas del mundo. Sus soluciones innovadoras y de excelente calidad situan a Bando como la primera opción del cliente. Es colaboradora esencial en el primer equipo de marcas como Kymco o Honda, además de ofrecer soluciones óptimas para una gran variedad de aplicaciones. Su excelencia productiva deriva de la calidad de sus materiales, sus procesos de fabricación y su innovación tecnológica.

El poliuretano y las fibras de arámida usadas aportan una alta resistencia al sobrecalentamiento y a la abrasión ocasionados por fluidos como el aceite de motor, la gasolina y otras grasas típicas del cárter. El corte lateral del revestimiento se realiza de modo preciso con el objetivo de evitar deformaciones y usuras de medida.

El hilo «Tetron», producto exclusivo Bando, posee una alta resistencia a la dilatación, típica del Stop & Go. Además, la tensión se distribuye uniformemente a lo largo de toda la correa.

El perfil está reforzado con arámida para evitar sobrecalentamiento y deformaciones provocadas por los cambios bruscos de tracción, las altas velocidades...

La estructura interna es de poliuretano, inyectado con alta precisión para obtener una distribución correcta del material; de este modo la polea no se sufre y se garantiza la estabilidad de todo el sistema de tracción del vehículo.",VEHICLE PARTS & ACCESSORIES,CHASSIS PARTS,CHAS. BELT,1927,170,361,157,34,,,,Estándar,Poliéster,,,https://api.mybihr.com/medias/1042211-1-800Wx800H?context=bWFzdGVyfHJvb3R8MjA0MDh8aW1hZ2UvanBlZ3xhR0kyTDJnd09DODRPVGN3TWpRd05Ea3hOVFV3THpFd05ESXlNVEV0TVY4NE1EQlhlRGd3TUVnfGQ1OTNjOTUxOWEzNjk0ZThmNWUzOWE0ZjViNjM2ZjE3NTY3OWVmODA2MGU0YzA1NTI3ZWI0MWVjYmJmMGNiNGE,,,https://static.bihr.pro/eBihr/Pictures/BANDO-pictures.zip,Spain Warehouse (Parts)
1042212,SB274,S08-016,BANDO,BANDO DRIVE BELT STANDARD,Correa de transmision BANDO Premium,34.12,28.20,14.10,8430525294479,110,4010350000,0,1,"<p>Correas de transmisi&oacute;n de clase mundial.</p>
<p>Fundada en 1906, BANDO Chemical industries Ltd. es una de las marcas m&aacute;s experimentadas y reconocidas del mundo. Sus soluciones innovadoras y de excelente calidad situan a Bando como la primera opci&oacute;n del cliente. Es colaboradora esencial en el primer equipo de marcas como Kymco o Honda, adem&aacute;s de ofrecer soluciones &oacute;ptimas para una gran variedad de aplicaciones. Su excelencia productiva deriva de la calidad de sus materiales, sus procesos de fabricaci&oacute;n y su innovaci&oacute;n tecnol&oacute;gica.</p>
<p>El poliuretano y las fibras de ar&aacute;mida usadas aportan una alta resistencia al sobrecalentamiento y a la abrasi&oacute;n ocasionados por fluidos como el aceite de motor, la gasolina y otras grasas t&iacute;picas del c&aacute;rter. El corte lateral del revestimiento se realiza de modo preciso con el objetivo de evitar deformaciones y usuras de medida.</p>
<p>El hilo &laquo;Tetron&raquo;, producto exclusivo Bando, posee una alta resistencia a la dilataci&oacute;n, t&iacute;pica del Stop &amp; Go. Adem&aacute;s, la tensi&oacute;n se distribuye uniformemente a lo largo de toda la correa.</p>
<p>El perfil est&aacute; reforzado con ar&aacute;mida para evitar sobrecalentamiento y deformaciones provocadas por los cambios bruscos de tracci&oacute;n, las altas velocidades...</p>
<p>La estructura interna es de poliuretano, inyectado con alta precisi&oacute;n para obtener una distribuci&oacute;n correcta del material; de este modo la polea no se sufre y se garantiza la estabilidad de todo el sistema de tracci&oacute;n del veh&iacute;culo.</p>","
Correas de transmisión de clase mundial.

Fundada en 1906, BANDO Chemical industries Ltd. es una de las marcas más experimentadas y reconocidas del mundo. Sus soluciones innovadoras y de excelente calidad situan a Bando como la primera opción del cliente. Es colaboradora esencial en el primer equipo de marcas como Kymco o Honda, además de ofrecer soluciones óptimas para una gran variedad de aplicaciones. Su excelencia productiva deriva de la calidad de sus materiales, sus procesos de fabricación y su innovación tecnológica.

El poliuretano y las fibras de arámida usadas aportan una alta resistencia al sobrecalentamiento y a la abrasión ocasionados por fluidos como el aceite de motor, la gasolina y otras grasas típicas del cárter. El corte lateral del revestimiento se realiza de modo preciso con el objetivo de evitar deformaciones y usuras de medida.

El hilo «Tetron», producto exclusivo Bando, posee una alta resistencia a la dilatación, típica del Stop & Go. Además, la tensión se distribuye uniformemente a lo largo de toda la correa.

El perfil está reforzado con arámida para evitar sobrecalentamiento y deformaciones provocadas por los cambios bruscos de tracción, las altas velocidades...

La estructura interna es de poliuretano, inyectado con alta precisión para obtener una distribución correcta del material; de este modo la polea no se sufre y se garantiza la estabilidad de todo el sistema de tracción del vehículo.",VEHICLE PARTS & ACCESSORIES,CHASSIS PARTS,CHAS. BELT,762,148,381,100,20,,,,Estándar,Poliéster,,,https://api.mybihr.com/medias/1042212-1-800Wx800H?context=bWFzdGVyfHJvb3R8MjA0MDh8aW1hZ2UvanBlZ3xhRGN6TDJnd1ppODRPVGN3TWpRd05qZzRNVFU0THpFd05ESXlNVEl0TVY4NE1EQlhlRGd3TUVnfDlhZWM2YmVmOTY5YTU2ODY0YTlmZjM1MGYzOWFkNjEwYjU0YmQ0MmZhNDk1YzY2OTg5ODk4ZjMyZWJmZTc0MmM,,,https://static.bihr.pro/eBihr/Pictures/BANDO-pictures.zip,Spain Warehouse (Parts)
1042043,SB127,S01-001,BANDO,BANDO DRIVE BELT STANDARD,Correa de transmision BANDO Premium,20.19,16.69,8.35,8430525129733,0,4010350000,0,1,"<p>Correas de transmisi&oacute;n de clase mundial.</p>
<p>Fundada en 1906, BANDO Chemical industries Ltd. es una de las marcas m&aacute;s experimentadas y reconocidas del mundo. Sus soluciones innovadoras y de excelente calidad situan a Bando como la primera opci&oacute;n del cliente. Es colaboradora esencial en el primer equipo de marcas como Kymco o Honda, adem&aacute;s de ofrecer soluciones &oacute;ptimas para una gran variedad de aplicaciones. Su excelencia productiva deriva de la calidad de sus materiales, sus procesos de fabricaci&oacute;n y su innovaci&oacute;n tecnol&oacute;gica.</p>
<p>El poliuretano y las fibras de ar&aacute;mida usadas aportan una alta resistencia al sobrecalentamiento y a la abrasi&oacute;n ocasionados por fluidos como el aceite de motor, la gasolina y otras grasas t&iacute;picas del c&aacute;rter. El corte lateral del revestimiento se realiza de modo preciso con el objetivo de evitar deformaciones y usuras de medida.</p>
<p>El hilo &laquo;Tetron&raquo;, producto exclusivo Bando, posee una alta resistencia a la dilataci&oacute;n, t&iacute;pica del Stop &amp; Go. Adem&aacute;s, la tensi&oacute;n se distribuye uniformemente a lo largo de toda la correa.</p>
<p>El perfil est&aacute; reforzado con ar&aacute;mida para evitar sobrecalentamiento y deformaciones provocadas por los cambios bruscos de tracci&oacute;n, las altas velocidades...</p>
<p>La estructura interna es de poliuretano, inyectado con alta precisi&oacute;n para obtener una distribuci&oacute;n correcta del material; de este modo la polea no se sufre y se garantiza la estabilidad de todo el sistema de tracci&oacute;n del veh&iacute;culo.</p>","
Correas de transmisión de clase mundial.

Fundada en 1906, BANDO Chemical industries Ltd. es una de las marcas más experimentadas y reconocidas del mundo. Sus soluciones innovadoras y de excelente calidad situan a Bando como la primera opción del cliente. Es colaboradora esencial en el primer equipo de marcas como Kymco o Honda, además de ofrecer soluciones óptimas para una gran variedad de aplicaciones. Su excelencia productiva deriva de la calidad de sus materiales, sus procesos de fabricación y su innovación tecnológica.

El poliuretano y las fibras de arámida usadas aportan una alta resistencia al sobrecalentamiento y a la abrasión ocasionados por fluidos como el aceite de motor, la gasolina y otras grasas típicas del cárter. El corte lateral del revestimiento se realiza de modo preciso con el objetivo de evitar deformaciones y usuras de medida.

El hilo «Tetron», producto exclusivo Bando, posee una alta resistencia a la dilatación, típica del Stop & Go. Además, la tensión se distribuye uniformemente a lo largo de toda la correa.

El perfil está reforzado con arámida para evitar sobrecalentamiento y deformaciones provocadas por los cambios bruscos de tracción, las altas velocidades...

La estructura interna es de poliuretano, inyectado con alta precisión para obtener una distribución correcta del material; de este modo la polea no se sufre y se garantiza la estabilidad de todo el sistema de tracción del vehículo.",VEHICLE PARTS & ACCESSORIES,CHASSIS PARTS,CHAS. BELT,1899,91,293,162,40,,,,Estándar,Poliéster,,,https://api.mybihr.com/medias/1042043-1-800Wx800H?context=bWFzdGVyfHJvb3R8MjA0MDh8aW1hZ2UvanBlZ3xhR1JsTDJoa015ODRPVGN3TWpBMU1qazROekU0THpFd05ESXdORE10TVY4NE1EQlhlRGd3TUVnfGJiY2FmYTgwMjkzN2Y3OTUxYmIwZjRlODIyODQ2NzMyNWRhN2RmMmVmNTIyY2FjZWU3MmNlOTg0ZjQwZjJjZTM,,,https://static.bihr.pro/eBihr/Pictures/BANDO-pictures.zip,Spain Warehouse (Parts)
1048033,,S08-025,BANDO,BANDO DRIVE BELT STANDARD,Correa de transmision BANDO Premium,37.00,30.58,15.29,105563,1,4010350000,0,1,"<p>Correas de transmisi&oacute;n de clase mundial.</p>
<p>Fundada en 1906, BANDO Chemical industries Ltd. es una de las marcas m&aacute;s experimentadas y reconocidas del mundo. Sus soluciones innovadoras y de excelente calidad situan a Bando como la primera opci&oacute;n del cliente. Es colaboradora esencial en el primer equipo de marcas como Kymco o Honda, adem&aacute;s de ofrecer soluciones &oacute;ptimas para una gran variedad de aplicaciones. Su excelencia productiva deriva de la calidad de sus materiales, sus procesos de fabricaci&oacute;n y su innovaci&oacute;n tecnol&oacute;gica.</p>
<p>El poliuretano y las fibras de ar&aacute;mida usadas aportan una alta resistencia al sobrecalentamiento y a la abrasi&oacute;n ocasionados por fluidos como el aceite de motor, la gasolina y otras grasas t&iacute;picas del c&aacute;rter. El corte lateral del revestimiento se realiza de modo preciso con el objetivo de evitar deformaciones y usuras de medida.</p>
<p>El hilo &laquo;Tetron&raquo;, producto exclusivo Bando, posee una alta resistencia a la dilataci&oacute;n, t&iacute;pica del Stop &amp; Go. Adem&aacute;s, la tensi&oacute;n se distribuye uniformemente a lo largo de toda la correa.</p>
<p>El perfil est&aacute; reforzado con ar&aacute;mida para evitar sobrecalentamiento y deformaciones provocadas por los cambios bruscos de tracci&oacute;n, las altas velocidades...</p>
<p>La estructura interna es de poliuretano, inyectado con alta precisi&oacute;n para obtener una distribuci&oacute;n correcta del material; de este modo la polea no se sufre y se garantiza la estabilidad de todo el sistema de tracci&oacute;n del veh&iacute;culo.</p>","
Correas de transmisión de clase mundial.

Fundada en 1906, BANDO Chemical industries Ltd. es una de las marcas más experimentadas y reconocidas del mundo. Sus soluciones innovadoras y de excelente calidad situan a Bando como la primera opción del cliente. Es colaboradora esencial en el primer equipo de marcas como Kymco o Honda, además de ofrecer soluciones óptimas para una gran variedad de aplicaciones. Su excelencia productiva deriva de la calidad de sus materiales, sus procesos de fabricación y su innovación tecnológica.

El poliuretano y las fibras de arámida usadas aportan una alta resistencia al sobrecalentamiento y a la abrasión ocasionados por fluidos como el aceite de motor, la gasolina y otras grasas típicas del cárter. El corte lateral del revestimiento se realiza de modo preciso con el objetivo de evitar deformaciones y usuras de medida.

El hilo «Tetron», producto exclusivo Bando, posee una alta resistencia a la dilatación, típica del Stop & Go. Además, la tensión se distribuye uniformemente a lo largo de toda la correa.

El perfil está reforzado con arámida para evitar sobrecalentamiento y deformaciones provocadas por los cambios bruscos de tracción, las altas velocidades...

La estructura interna es de poliuretano, inyectado con alta precisión para obtener una distribución correcta del material; de este modo la polea no se sufre y se garantiza la estabilidad de todo el sistema de tracción del vehículo.",VEHICLE PARTS & ACCESSORIES,CHASSIS PARTS,CHAS. BELT,728,164,325,83,27,,,,Estándar,Poliéster,,,https://api.mybihr.com/medias/1048033-1-800Wx800H?context=bWFzdGVyfHJvb3R8MjA0MDh8aW1hZ2UvanBlZ3xhRFpsTDJobE1DODRPVGN4TURVMk1UZzFNemMwTHpFd05EZ3dNek10TVY4NE1EQlhlRGd3TUVnfGFiMzQ0MzY2Y2E4NWVhNTY4NGFlZTQ5OTJhOWI5OGUzZTAyZDFjOWYzNzA5ZGEyNGM4YjRmMzVhZjljMDFhZDY,,,https://static.bihr.pro/eBihr/Pictures/BANDO-pictures.zip,Spain Warehouse (Parts)
1042049,SB260,B5-0921,BANDO,BANDO DRIVE BELT STANDARD,Correa de transmision BANDO Premium,98.18,81.14,40.57,8430525140189,1,4010350000,0,1,"<p>Correas de transmisi&oacute;n de clase mundial.</p>
<p>Fundada en 1906, BANDO Chemical industries Ltd. es una de las marcas m&aacute;s experimentadas y reconocidas del mundo. Sus soluciones innovadoras y de excelente calidad situan a Bando como la primera opci&oacute;n del cliente. Es colaboradora esencial en el primer equipo de marcas como Kymco o Honda, adem&aacute;s de ofrecer soluciones &oacute;ptimas para una gran variedad de aplicaciones. Su excelencia productiva deriva de la calidad de sus materiales, sus procesos de fabricaci&oacute;n y su innovaci&oacute;n tecnol&oacute;gica.</p>
<p>El poliuretano y las fibras de ar&aacute;mida usadas aportan una alta resistencia al sobrecalentamiento y a la abrasi&oacute;n ocasionados por fluidos como el aceite de motor, la gasolina y otras grasas t&iacute;picas del c&aacute;rter. El corte lateral del revestimiento se realiza de modo preciso con el objetivo de evitar deformaciones y usuras de medida.</p>
<p>El hilo &laquo;Tetron&raquo;, producto exclusivo Bando, posee una alta resistencia a la dilataci&oacute;n, t&iacute;pica del Stop &amp; Go. Adem&aacute;s, la tensi&oacute;n se distribuye uniformemente a lo largo de toda la correa.</p>
<p>El perfil est&aacute; reforzado con ar&aacute;mida para evitar sobrecalentamiento y deformaciones provocadas por los cambios bruscos de tracci&oacute;n, las altas velocidades...</p>
<p>La estructura interna es de poliuretano, inyectado con alta precisi&oacute;n para obtener una distribuci&oacute;n correcta del material; de este modo la polea no se sufre y se garantiza la estabilidad de todo el sistema de tracci&oacute;n del veh&iacute;culo.</p>","
Correas de transmisión de clase mundial.

Fundada en 1906, BANDO Chemical industries Ltd. es una de las marcas más experimentadas y reconocidas del mundo. Sus soluciones innovadoras y de excelente calidad situan a Bando como la primera opción del cliente. Es colaboradora esencial en el primer equipo de marcas como Kymco o Honda, además de ofrecer soluciones óptimas para una gran variedad de aplicaciones. Su excelencia productiva deriva de la calidad de sus materiales, sus procesos de fabricación y su innovación tecnológica.

El poliuretano y las fibras de arámida usadas aportan una alta resistencia al sobrecalentamiento y a la abrasión ocasionados por fluidos como el aceite de motor, la gasolina y otras grasas típicas del cárter. El corte lateral del revestimiento se realiza de modo preciso con el objetivo de evitar deformaciones y usuras de medida.

El hilo «Tetron», producto exclusivo Bando, posee una alta resistencia a la dilatación, típica del Stop & Go. Además, la tensión se distribuye uniformemente a lo largo de toda la correa.

El perfil está reforzado con arámida para evitar sobrecalentamiento y deformaciones provocadas por los cambios bruscos de tracción, las altas velocidades...

La estructura interna es de poliuretano, inyectado con alta precisión para obtener una distribución correcta del material; de este modo la polea no se sufre y se garantiza la estabilidad de todo el sistema de tracción del vehículo.",VEHICLE PARTS & ACCESSORIES,CHASSIS PARTS,CHAS. BELT,1373,238,390,110,32,,,,Estándar,,,,https://api.mybihr.com/medias/1042049-1-800Wx800H?context=bWFzdGVyfHJvb3R8MjA0MDh8aW1hZ2UvanBlZ3xhR0poTDJoaVlpODRPVGN3TWpBMk5EYzRNelkyTHpFd05ESXdORGt0TVY4NE1EQlhlRGd3TUVnfGZmY2JhMGQ4ZGU3NTAyOGQ0NTZkY2EwNzZhM2MxN2VlNmM4OTM1YTgwMWFhYWNkNzlkZWIwOTE0ZTAwNTZkMWE,,,https://static.bihr.pro/eBihr/Pictures/BANDO-pictures.zip,Spain Warehouse (Parts)
1025948,SB093,S09-014,BANDO,BANDO DRIVE BELT STANDARD,Correa de transmision BANDO Premium,66.49,54.95,23.97,8430525129672,131,4010350000,0,1,"<p>Correas de transmisi&oacute;n de clase mundial.</p>
<p>Fundada en 1906, BANDO Chemical industries Ltd. es una de las marcas m&aacute;s experimentadas y reconocidas del mundo. Sus soluciones innovadoras y de excelente calidad situan a Bando como la primera opci&oacute;n del cliente. Es colaboradora esencial en el primer equipo de marcas como Kymco o Honda, adem&aacute;s de ofrecer soluciones &oacute;ptimas para una gran variedad de aplicaciones. Su excelencia productiva deriva de la calidad de sus materiales, sus procesos de fabricaci&oacute;n y su innovaci&oacute;n tecnol&oacute;gica.</p>
<p>El poliuretano y las fibras de ar&aacute;mida usadas aportan una alta resistencia al sobrecalentamiento y a la abrasi&oacute;n ocasionados por fluidos como el aceite de motor, la gasolina y otras grasas t&iacute;picas del c&aacute;rter. El corte lateral del revestimiento se realiza de modo preciso con el objetivo de evitar deformaciones y usuras de medida.</p>
<p>El hilo &laquo;Tetron&raquo;, producto exclusivo Bando, posee una alta resistencia a la dilataci&oacute;n, t&iacute;pica del Stop &amp; Go. Adem&aacute;s, la tensi&oacute;n se distribuye uniformemente a lo largo de toda la correa.</p>
<p>El perfil est&aacute; reforzado con ar&aacute;mida para evitar sobrecalentamiento y deformaciones provocadas por los cambios bruscos de tracci&oacute;n, las altas velocidades...</p>
<p>La estructura interna es de poliuretano, inyectado con alta precisi&oacute;n para obtener una distribuci&oacute;n correcta del material; de este modo la polea no se sufre y se garantiza la estabilidad de todo el sistema de tracci&oacute;n del veh&iacute;culo.</p>","
Correas de transmisión de clase mundial.

Fundada en 1906, BANDO Chemical industries Ltd. es una de las marcas más experimentadas y reconocidas del mundo. Sus soluciones innovadoras y de excelente calidad situan a Bando como la primera opción del cliente. Es colaboradora esencial en el primer equipo de marcas como Kymco o Honda, además de ofrecer soluciones óptimas para una gran variedad de aplicaciones. Su excelencia productiva deriva de la calidad de sus materiales, sus procesos de fabricación y su innovación tecnológica.

El poliuretano y las fibras de arámida usadas aportan una alta resistencia al sobrecalentamiento y a la abrasión ocasionados por fluidos como el aceite de motor, la gasolina y otras grasas típicas del cárter. El corte lateral del revestimiento se realiza de modo preciso con el objetivo de evitar deformaciones y usuras de medida.

El hilo «Tetron», producto exclusivo Bando, posee una alta resistencia a la dilatación, típica del Stop & Go. Además, la tensión se distribuye uniformemente a lo largo de toda la correa.

El perfil está reforzado con arámida para evitar sobrecalentamiento y deformaciones provocadas por los cambios bruscos de tracción, las altas velocidades...

La estructura interna es de poliuretano, inyectado con alta precisión para obtener una distribución correcta del material; de este modo la polea no se sufre y se garantiza la estabilidad de todo el sistema de tracción del vehículo.",VEHICLE PARTS & ACCESSORIES,CHASSIS PARTS,CHAS. BELT,4574,251,390,317,37,,,,Estándar,,,,https://api.mybihr.com/medias/1025948-1-800Wx800H?context=bWFzdGVyfHJvb3R8MjA0MDh8aW1hZ2UvanBlZ3xhR1U1TDJobE9TODRPVFk1TlRBeU16STJPREUwTHpFd01qVTVORGd0TVY4NE1EQlhlRGd3TUVnfDllN2RmNzMyNzExMGJmZGNlMTVjZThkZjJkODAwYTJlOWE1ZjM0Nzc2YTc1MjM4MGJmYWVjZmFmYmU2NDUyZDY,,,https://static.bihr.pro/eBihr/Pictures/BANDO-pictures.zip,Spain Warehouse (Parts)
1042214,10100045,S02-019,BANDO,BANDO DRIVE BELT STANDARD,Correa de transmision BANDO Premium,47.78,39.49,19.75,G8008870,48,8714102000,0,1,"<p>Correas de transmisi&oacute;n de clase mundial.</p>
<p>Fundada en 1906, BANDO Chemical industries Ltd. es una de las marcas m&aacute;s experimentadas y reconocidas del mundo. Sus soluciones innovadoras y de excelente calidad situan a Bando como la primera opci&oacute;n del cliente. Es colaboradora esencial en el primer equipo de marcas como Kymco o Honda, adem&aacute;s de ofrecer soluciones &oacute;ptimas para una gran variedad de aplicaciones. Su excelencia productiva deriva de la calidad de sus materiales, sus procesos de fabricaci&oacute;n y su innovaci&oacute;n tecnol&oacute;gica.</p>
<p>El poliuretano y las fibras de ar&aacute;mida usadas aportan una alta resistencia al sobrecalentamiento y a la abrasi&oacute;n ocasionados por fluidos como el aceite de motor, la gasolina y otras grasas t&iacute;picas del c&aacute;rter. El corte lateral del revestimiento se realiza de modo preciso con el objetivo de evitar deformaciones y usuras de medida.</p>
<p>El hilo &laquo;Tetron&raquo;, producto exclusivo Bando, posee una alta resistencia a la dilataci&oacute;n, t&iacute;pica del Stop &amp; Go. Adem&aacute;s, la tensi&oacute;n se distribuye uniformemente a lo largo de toda la correa.</p>
<p>El perfil est&aacute; reforzado con ar&aacute;mida para evitar sobrecalentamiento y deformaciones provocadas por los cambios bruscos de tracci&oacute;n, las altas velocidades...</p>
<p>La estructura interna es de poliuretano, inyectado con alta precisi&oacute;n para obtener una distribuci&oacute;n correcta del material; de este modo la polea no se sufre y se garantiza la estabilidad de todo el sistema de tracci&oacute;n del veh&iacute;culo.</p>","
Correas de transmisión de clase mundial.

Fundada en 1906, BANDO Chemical industries Ltd. es una de las marcas más experimentadas y reconocidas del mundo. Sus soluciones innovadoras y de excelente calidad situan a Bando como la primera opción del cliente. Es colaboradora esencial en el primer equipo de marcas como Kymco o Honda, además de ofrecer soluciones óptimas para una gran variedad de aplicaciones. Su excelencia productiva deriva de la calidad de sus materiales, sus procesos de fabricación y su innovación tecnológica.

El poliuretano y las fibras de arámida usadas aportan una alta resistencia al sobrecalentamiento y a la abrasión ocasionados por fluidos como el aceite de motor, la gasolina y otras grasas típicas del cárter. El corte lateral del revestimiento se realiza de modo preciso con el objetivo de evitar deformaciones y usuras de medida.

El hilo «Tetron», producto exclusivo Bando, posee una alta resistencia a la dilatación, típica del Stop & Go. Además, la tensión se distribuye uniformemente a lo largo de toda la correa.

El perfil está reforzado con arámida para evitar sobrecalentamiento y deformaciones provocadas por los cambios bruscos de tracción, las altas velocidades...

La estructura interna es de poliuretano, inyectado con alta precisión para obtener una distribución correcta del material; de este modo la polea no se sufre y se garantiza la estabilidad de todo el sistema de tracción del vehículo.",VEHICLE PARTS & ACCESSORIES,CHASSIS PARTS,CHAS. BELT,780,230,390,100,20,,,,Estándar,Poliéster,,,https://api.mybihr.com/medias/1042214-1-800Wx800H?context=bWFzdGVyfHJvb3R8MjA0MDh8aW1hZ2UvanBlZ3xhR0ptTDJnMk5DODRPVGN3TWpReE1EZ3hNemMwTHpFd05ESXlNVFF0TVY4NE1EQlhlRGd3TUVnfDAzYWRjMDVkMmQ4MTM0MzQ3MDI1NjViOTFkZDU0M2Q1OTkyOGE0NmMxYzU3Mzc4OTVjOTQyMTc4ODA2YjY2NWE,,,https://static.bihr.pro/eBihr/Pictures/BANDO-pictures.zip,Spain Warehouse (Parts)
1025921,SB010,S05-002,BANDO,BANDO DRIVE BELT STANDARD,Correa de transmision BANDO Premium,15.83,13.08,6.54,8430525129528,0,4010350000,0,1,"<p>Correas de transmisi&oacute;n de clase mundial.</p>
<p>Fundada en 1906, BANDO Chemical industries Ltd. es una de las marcas m&aacute;s experimentadas y reconocidas del mundo. Sus soluciones innovadoras y de excelente calidad situan a Bando como la primera opci&oacute;n del cliente. Es colaboradora esencial en el primer equipo de marcas como Kymco o Honda, adem&aacute;s de ofrecer soluciones &oacute;ptimas para una gran variedad de aplicaciones. Su excelencia productiva deriva de la calidad de sus materiales, sus procesos de fabricaci&oacute;n y su innovaci&oacute;n tecnol&oacute;gica.</p>
<p>El poliuretano y las fibras de ar&aacute;mida usadas aportan una alta resistencia al sobrecalentamiento y a la abrasi&oacute;n ocasionados por fluidos como el aceite de motor, la gasolina y otras grasas t&iacute;picas del c&aacute;rter. El corte lateral del revestimiento se realiza de modo preciso con el objetivo de evitar deformaciones y usuras de medida.</p>
<p>El hilo &laquo;Tetron&raquo;, producto exclusivo Bando, posee una alta resistencia a la dilataci&oacute;n, t&iacute;pica del Stop &amp; Go. Adem&aacute;s, la tensi&oacute;n se distribuye uniformemente a lo largo de toda la correa.</p>
<p>El perfil est&aacute; reforzado con ar&aacute;mida para evitar sobrecalentamiento y deformaciones provocadas por los cambios bruscos de tracci&oacute;n, las altas velocidades...</p>
<p>La estructura interna es de poliuretano, inyectado con alta precisi&oacute;n para obtener una distribuci&oacute;n correcta del material; de este modo la polea no se sufre y se garantiza la estabilidad de todo el sistema de tracci&oacute;n del veh&iacute;culo.</p>","
Correas de transmisión de clase mundial.

Fundada en 1906, BANDO Chemical industries Ltd. es una de las marcas más experimentadas y reconocidas del mundo. Sus soluciones innovadoras y de excelente calidad situan a Bando como la primera opción del cliente. Es colaboradora esencial en el primer equipo de marcas como Kymco o Honda, además de ofrecer soluciones óptimas para una gran variedad de aplicaciones. Su excelencia productiva deriva de la calidad de sus materiales, sus procesos de fabricación y su innovación tecnológica.

El poliuretano y las fibras de arámida usadas aportan una alta resistencia al sobrecalentamiento y a la abrasión ocasionados por fluidos como el aceite de motor, la gasolina y otras grasas típicas del cárter. El corte lateral del revestimiento se realiza de modo preciso con el objetivo de evitar deformaciones y usuras de medida.

El hilo «Tetron», producto exclusivo Bando, posee una alta resistencia a la dilatación, típica del Stop & Go. Además, la tensión se distribuye uniformemente a lo largo de toda la correa.

El perfil está reforzado con arámida para evitar sobrecalentamiento y deformaciones provocadas por los cambios bruscos de tracción, las altas velocidades...

La estructura interna es de poliuretano, inyectado con alta precisión para obtener una distribución correcta del material; de este modo la polea no se sufre y se garantiza la estabilidad de todo el sistema de tracción del vehículo.",VEHICLE PARTS & ACCESSORIES,CHASSIS PARTS,CHAS. BELT,1614,70,285,177,32,,,,Estándar,Poliéster,,,https://api.mybihr.com/medias/1025921-1-800Wx800H?context=bWFzdGVyfHJvb3R8MjA0MDh8aW1hZ2UvanBlZ3xhREZpTDJnMk5pODRPVFk0TmpJMk1qYzBNek0wTHpFd01qVTVNakV0TVY4NE1EQlhlRGd3TUVnfGMzM2NhMTUzOTQ0ZWY4ZTFkZDEyNThiOWRiZDc4Y2E0MzA5YjZhNjBhMDdiOTlkYWU4YmRkZGMyZGFmNTAwOWE,,,https://static.bihr.pro/eBihr/Pictures/BANDO-pictures.zip,Spain Warehouse (Parts)
1048040,,S04-007,BANDO,BANDO DRIVE BELT STANDARD,Correa de transmision BANDO Premium,23.06,19.06,9.53,105558,0,4010350000,0,1,"<p>Correas de transmisi&oacute;n de clase mundial.</p>
<p>Fundada en 1906, BANDO Chemical industries Ltd. es una de las marcas m&aacute;s experimentadas y reconocidas del mundo. Sus soluciones innovadoras y de excelente calidad situan a Bando como la primera opci&oacute;n del cliente. Es colaboradora esencial en el primer equipo de marcas como Kymco o Honda, adem&aacute;s de ofrecer soluciones &oacute;ptimas para una gran variedad de aplicaciones. Su excelencia productiva deriva de la calidad de sus materiales, sus procesos de fabricaci&oacute;n y su innovaci&oacute;n tecnol&oacute;gica.</p>
<p>El poliuretano y las fibras de ar&aacute;mida usadas aportan una alta resistencia al sobrecalentamiento y a la abrasi&oacute;n ocasionados por fluidos como el aceite de motor, la gasolina y otras grasas t&iacute;picas del c&aacute;rter. El corte lateral del revestimiento se realiza de modo preciso con el objetivo de evitar deformaciones y usuras de medida.</p>
<p>El hilo &laquo;Tetron&raquo;, producto exclusivo Bando, posee una alta resistencia a la dilataci&oacute;n, t&iacute;pica del Stop &amp; Go. Adem&aacute;s, la tensi&oacute;n se distribuye uniformemente a lo largo de toda la correa.</p>
<p>El perfil est&aacute; reforzado con ar&aacute;mida para evitar sobrecalentamiento y deformaciones provocadas por los cambios bruscos de tracci&oacute;n, las altas velocidades...</p>
<p>La estructura interna es de poliuretano, inyectado con alta precisi&oacute;n para obtener una distribuci&oacute;n correcta del material; de este modo la polea no se sufre y se garantiza la estabilidad de todo el sistema de tracci&oacute;n del veh&iacute;culo.</p>","
Correas de transmisión de clase mundial.

Fundada en 1906, BANDO Chemical industries Ltd. es una de las marcas más experimentadas y reconocidas del mundo. Sus soluciones innovadoras y de excelente calidad situan a Bando como la primera opción del cliente. Es colaboradora esencial en el primer equipo de marcas como Kymco o Honda, además de ofrecer soluciones óptimas para una gran variedad de aplicaciones. Su excelencia productiva deriva de la calidad de sus materiales, sus procesos de fabricación y su innovación tecnológica.

El poliuretano y las fibras de arámida usadas aportan una alta resistencia al sobrecalentamiento y a la abrasión ocasionados por fluidos como el aceite de motor, la gasolina y otras grasas típicas del cárter. El corte lateral del revestimiento se realiza de modo preciso con el objetivo de evitar deformaciones y usuras de medida.

El hilo «Tetron», producto exclusivo Bando, posee una alta resistencia a la dilatación, típica del Stop & Go. Además, la tensión se distribuye uniformemente a lo largo de toda la correa.

El perfil está reforzado con arámida para evitar sobrecalentamiento y deformaciones provocadas por los cambios bruscos de tracción, las altas velocidades...

La estructura interna es de poliuretano, inyectado con alta precisión para obtener una distribución correcta del material; de este modo la polea no se sufre y se garantiza la estabilidad de todo el sistema de tracción del vehículo.",VEHICLE PARTS & ACCESSORIES,CHASSIS PARTS,CHAS. BELT,912,139,352,81,32,,,,Estándar,Poliéster,,,https://api.mybihr.com/medias/1048040-1-800Wx800H?context=bWFzdGVyfHJvb3R8MjA0MDh8aW1hZ2UvanBlZ3xhRGxqTDJoaE1TODRPVGN4TURVM056VTRNak00THpFd05EZ3dOREF0TVY4NE1EQlhlRGd3TUVnfDZlOTA1MzQxMTExZTAyNTM2Zjc5MThiMjIzZTcwODQ2YTk2MDA4YzUzYzNlYTM5Y2E1NWZiNGI4MDYxM2E2M2Q,,,https://static.bihr.pro/eBihr/Pictures/BANDO-pictures.zip,Spain Warehouse (Parts)
1048039,,S05-012,BANDO,BANDO DRIVE BELT STANDARD,Correa de transmision BANDO Premium,23.00,19.01,9.51,100191,2,4010350000,0,1,"<p>Correas de transmisi&oacute;n de clase mundial.</p>
<p>Fundada en 1906, BANDO Chemical industries Ltd. es una de las marcas m&aacute;s experimentadas y reconocidas del mundo. Sus soluciones innovadoras y de excelente calidad situan a Bando como la primera opci&oacute;n del cliente. Es colaboradora esencial en el primer equipo de marcas como Kymco o Honda, adem&aacute;s de ofrecer soluciones &oacute;ptimas para una gran variedad de aplicaciones. Su excelencia productiva deriva de la calidad de sus materiales, sus procesos de fabricaci&oacute;n y su innovaci&oacute;n tecnol&oacute;gica.</p>
<p>El poliuretano y las fibras de ar&aacute;mida usadas aportan una alta resistencia al sobrecalentamiento y a la abrasi&oacute;n ocasionados por fluidos como el aceite de motor, la gasolina y otras grasas t&iacute;picas del c&aacute;rter. El corte lateral del revestimiento se realiza de modo preciso con el objetivo de evitar deformaciones y usuras de medida.</p>
<p>El hilo &laquo;Tetron&raquo;, producto exclusivo Bando, posee una alta resistencia a la dilataci&oacute;n, t&iacute;pica del Stop &amp; Go. Adem&aacute;s, la tensi&oacute;n se distribuye uniformemente a lo largo de toda la correa.</p>
<p>El perfil est&aacute; reforzado con ar&aacute;mida para evitar sobrecalentamiento y deformaciones provocadas por los cambios bruscos de tracci&oacute;n, las altas velocidades...</p>
<p>La estructura interna es de poliuretano, inyectado con alta precisi&oacute;n para obtener una distribuci&oacute;n correcta del material; de este modo la polea no se sufre y se garantiza la estabilidad de todo el sistema de tracci&oacute;n del veh&iacute;culo.</p>","
Correas de transmisión de clase mundial.

Fundada en 1906, BANDO Chemical industries Ltd. es una de las marcas más experimentadas y reconocidas del mundo. Sus soluciones innovadoras y de excelente calidad situan a Bando como la primera opción del cliente. Es colaboradora esencial en el primer equipo de marcas como Kymco o Honda, además de ofrecer soluciones óptimas para una gran variedad de aplicaciones. Su excelencia productiva deriva de la calidad de sus materiales, sus procesos de fabricación y su innovación tecnológica.

El poliuretano y las fibras de arámida usadas aportan una alta resistencia al sobrecalentamiento y a la abrasión ocasionados por fluidos como el aceite de motor, la gasolina y otras grasas típicas del cárter. El corte lateral del revestimiento se realiza de modo preciso con el objetivo de evitar deformaciones y usuras de medida.

El hilo «Tetron», producto exclusivo Bando, posee una alta resistencia a la dilatación, típica del Stop & Go. Además, la tensión se distribuye uniformemente a lo largo de toda la correa.

El perfil está reforzado con arámida para evitar sobrecalentamiento y deformaciones provocadas por los cambios bruscos de tracción, las altas velocidades...

La estructura interna es de poliuretano, inyectado con alta precisión para obtener una distribución correcta del material; de este modo la polea no se sufre y se garantiza la estabilidad de todo el sistema de tracción del vehículo.",VEHICLE PARTS & ACCESSORIES,CHASSIS PARTS,CHAS. BELT,2408,105,367,164,40,,,,Estándar,Poliéster,,,https://api.mybihr.com/medias/1048039-1-800Wx800H?context=bWFzdGVyfHJvb3R8MjA0MDh8aW1hZ2UvanBlZ3xhRFU1TDJoaE9DODRPVGN4TURVM05UWXhOak13THpFd05EZ3dNemt0TVY4NE1EQlhlRGd3TUVnfDA2NjQzMDNkOGI1ZDNiODAzZTk1NjY1OTViNjk0MmEwOGM5ZTZiMDViMjY1NWFkODNlZDYzMmQwNzJiMTQzZjk,,,https://static.bihr.pro/eBihr/Pictures/BANDO-pictures.zip,Spain Warehouse (Parts)
1048054,,S04-006,BANDO,BANDO DRIVE BELT STANDARD,Correa de transmision BANDO Premium,17.00,14.05,7.03,10100055,0,4010350000,0,1,"<p>Correas de transmisi&oacute;n de clase mundial.</p>
<p>Fundada en 1906, BANDO Chemical industries Ltd. es una de las marcas m&aacute;s experimentadas y reconocidas del mundo. Sus soluciones innovadoras y de excelente calidad situan a Bando como la primera opci&oacute;n del cliente. Es colaboradora esencial en el primer equipo de marcas como Kymco o Honda, adem&aacute;s de ofrecer soluciones &oacute;ptimas para una gran variedad de aplicaciones. Su excelencia productiva deriva de la calidad de sus materiales, sus procesos de fabricaci&oacute;n y su innovaci&oacute;n tecnol&oacute;gica.</p>
<p>El poliuretano y las fibras de ar&aacute;mida usadas aportan una alta resistencia al sobrecalentamiento y a la abrasi&oacute;n ocasionados por fluidos como el aceite de motor, la gasolina y otras grasas t&iacute;picas del c&aacute;rter. El corte lateral del revestimiento se realiza de modo preciso con el objetivo de evitar deformaciones y usuras de medida.</p>
<p>El hilo &laquo;Tetron&raquo;, producto exclusivo Bando, posee una alta resistencia a la dilataci&oacute;n, t&iacute;pica del Stop &amp; Go. Adem&aacute;s, la tensi&oacute;n se distribuye uniformemente a lo largo de toda la correa.</p>
<p>El perfil est&aacute; reforzado con ar&aacute;mida para evitar sobrecalentamiento y deformaciones provocadas por los cambios bruscos de tracci&oacute;n, las altas velocidades...</p>
<p>La estructura interna es de poliuretano, inyectado con alta precisi&oacute;n para obtener una distribuci&oacute;n correcta del material; de este modo la polea no se sufre y se garantiza la estabilidad de todo el sistema de tracci&oacute;n del veh&iacute;culo.</p>","
Correas de transmisión de clase mundial.

Fundada en 1906, BANDO Chemical industries Ltd. es una de las marcas más experimentadas y reconocidas del mundo. Sus soluciones innovadoras y de excelente calidad situan a Bando como la primera opción del cliente. Es colaboradora esencial en el primer equipo de marcas como Kymco o Honda, además de ofrecer soluciones óptimas para una gran variedad de aplicaciones. Su excelencia productiva deriva de la calidad de sus materiales, sus procesos de fabricación y su innovación tecnológica.

El poliuretano y las fibras de arámida usadas aportan una alta resistencia al sobrecalentamiento y a la abrasión ocasionados por fluidos como el aceite de motor, la gasolina y otras grasas típicas del cárter. El corte lateral del revestimiento se realiza de modo preciso con el objetivo de evitar deformaciones y usuras de medida.

El hilo «Tetron», producto exclusivo Bando, posee una alta resistencia a la dilatación, típica del Stop & Go. Además, la tensión se distribuye uniformemente a lo largo de toda la correa.

El perfil está reforzado con arámida para evitar sobrecalentamiento y deformaciones provocadas por los cambios bruscos de tracción, las altas velocidades...

La estructura interna es de poliuretano, inyectado con alta precisión para obtener una distribución correcta del material; de este modo la polea no se sufre y se garantiza la estabilidad de todo el sistema de tracción del vehículo.",VEHICLE PARTS & ACCESSORIES,CHASSIS PARTS,CHAS. BELT,881,119,93,351,27,,,,Estándar,Poliéster,,,https://api.mybihr.com/medias/1048054-1-800Wx800H?context=bWFzdGVyfHJvb3R8MjA1MDR8aW1hZ2UvanBlZ3xhR0pqTDJoaVpDODRPVGN4TURZd05URXdOelV3THpFd05EZ3dOVFF0TVY4NE1EQlhlRGd3TUVnfGQ0Y2RjZjk4MzI5OWRjNzIyMGMyY2IxNGIzNzU5MzM4NmM4ZDQ5ZjMwY2I3MDAxNTY4MmYwOGVlNDAzMDdhOGY,,,https://static.bihr.pro/eBihr/Pictures/BANDO-pictures.zip,Spain Warehouse (Parts)
1042046,SB167,S08-010,BANDO,BANDO DRIVE BELT STANDARD,Correa de transmision BANDO Premium,35.99,29.74,14.87,8430525129832,4,4010350000,0,1,"<p>Correas de transmisi&oacute;n de clase mundial.</p>
<p>Fundada en 1906, BANDO Chemical industries Ltd. es una de las marcas m&aacute;s experimentadas y reconocidas del mundo. Sus soluciones innovadoras y de excelente calidad situan a Bando como la primera opci&oacute;n del cliente. Es colaboradora esencial en el primer equipo de marcas como Kymco o Honda, adem&aacute;s de ofrecer soluciones &oacute;ptimas para una gran variedad de aplicaciones. Su excelencia productiva deriva de la calidad de sus materiales, sus procesos de fabricaci&oacute;n y su innovaci&oacute;n tecnol&oacute;gica.</p>
<p>El poliuretano y las fibras de ar&aacute;mida usadas aportan una alta resistencia al sobrecalentamiento y a la abrasi&oacute;n ocasionados por fluidos como el aceite de motor, la gasolina y otras grasas t&iacute;picas del c&aacute;rter. El corte lateral del revestimiento se realiza de modo preciso con el objetivo de evitar deformaciones y usuras de medida.</p>
<p>El hilo &laquo;Tetron&raquo;, producto exclusivo Bando, posee una alta resistencia a la dilataci&oacute;n, t&iacute;pica del Stop &amp; Go. Adem&aacute;s, la tensi&oacute;n se distribuye uniformemente a lo largo de toda la correa.</p>
<p>El perfil est&aacute; reforzado con ar&aacute;mida para evitar sobrecalentamiento y deformaciones provocadas por los cambios bruscos de tracci&oacute;n, las altas velocidades...</p>
<p>La estructura interna es de poliuretano, inyectado con alta precisi&oacute;n para obtener una distribuci&oacute;n correcta del material; de este modo la polea no se sufre y se garantiza la estabilidad de todo el sistema de tracci&oacute;n del veh&iacute;culo.</p>","
Correas de transmisión de clase mundial.

Fundada en 1906, BANDO Chemical industries Ltd. es una de las marcas más experimentadas y reconocidas del mundo. Sus soluciones innovadoras y de excelente calidad situan a Bando como la primera opción del cliente. Es colaboradora esencial en el primer equipo de marcas como Kymco o Honda, además de ofrecer soluciones óptimas para una gran variedad de aplicaciones. Su excelencia productiva deriva de la calidad de sus materiales, sus procesos de fabricación y su innovación tecnológica.

El poliuretano y las fibras de arámida usadas aportan una alta resistencia al sobrecalentamiento y a la abrasión ocasionados por fluidos como el aceite de motor, la gasolina y otras grasas típicas del cárter. El corte lateral del revestimiento se realiza de modo preciso con el objetivo de evitar deformaciones y usuras de medida.

El hilo «Tetron», producto exclusivo Bando, posee una alta resistencia a la dilatación, típica del Stop & Go. Además, la tensión se distribuye uniformemente a lo largo de toda la correa.

El perfil está reforzado con arámida para evitar sobrecalentamiento y deformaciones provocadas por los cambios bruscos de tracción, las altas velocidades...

La estructura interna es de poliuretano, inyectado con alta precisión para obtener una distribución correcta del material; de este modo la polea no se sufre y se garantiza la estabilidad de todo el sistema de tracción del vehículo.",VEHICLE PARTS & ACCESSORIES,CHASSIS PARTS,CHAS. BELT,821,156,353,93,25,,,,Estándar,Poliéster,,,https://api.mybihr.com/medias/1042046-1-800Wx800H?context=bWFzdGVyfHJvb3R8MjA0MDh8aW1hZ2UvanBlZ3xhRE5qTDJobE9DODRPVGN3TWpBMU9EZzROVFF5THpFd05ESXdORFl0TVY4NE1EQlhlRGd3TUVnfDc3Njg5YjY2MDFkMzcyMzU4MjEwMDc0NDliNDkzYmYwOTRjMmYzM2I5YTQxZGFjZTlhYzE3NGZmMjY2YmNlMTQ,,,https://static.bihr.pro/eBihr/Pictures/BANDO-pictures.zip,Spain Warehouse (Parts)
1048035,,S08-003,BANDO,BANDO DRIVE BELT STANDARD,Correa de transmision BANDO Premium,21.01,17.36,8.68,100188,1,4010350000,0,1,"<p>Correas de transmisi&oacute;n de clase mundial.</p>
<p>Fundada en 1906, BANDO Chemical industries Ltd. es una de las marcas m&aacute;s experimentadas y reconocidas del mundo. Sus soluciones innovadoras y de excelente calidad situan a Bando como la primera opci&oacute;n del cliente. Es colaboradora esencial en el primer equipo de marcas como Kymco o Honda, adem&aacute;s de ofrecer soluciones &oacute;ptimas para una gran variedad de aplicaciones. Su excelencia productiva deriva de la calidad de sus materiales, sus procesos de fabricaci&oacute;n y su innovaci&oacute;n tecnol&oacute;gica.</p>
<p>El poliuretano y las fibras de ar&aacute;mida usadas aportan una alta resistencia al sobrecalentamiento y a la abrasi&oacute;n ocasionados por fluidos como el aceite de motor, la gasolina y otras grasas t&iacute;picas del c&aacute;rter. El corte lateral del revestimiento se realiza de modo preciso con el objetivo de evitar deformaciones y usuras de medida.</p>
<p>El hilo &laquo;Tetron&raquo;, producto exclusivo Bando, posee una alta resistencia a la dilataci&oacute;n, t&iacute;pica del Stop &amp; Go. Adem&aacute;s, la tensi&oacute;n se distribuye uniformemente a lo largo de toda la correa.</p>
<p>El perfil est&aacute; reforzado con ar&aacute;mida para evitar sobrecalentamiento y deformaciones provocadas por los cambios bruscos de tracci&oacute;n, las altas velocidades...</p>
<p>La estructura interna es de poliuretano, inyectado con alta precisi&oacute;n para obtener una distribuci&oacute;n correcta del material; de este modo la polea no se sufre y se garantiza la estabilidad de todo el sistema de tracci&oacute;n del veh&iacute;culo.</p>","
Correas de transmisión de clase mundial.

Fundada en 1906, BANDO Chemical industries Ltd. es una de las marcas más experimentadas y reconocidas del mundo. Sus soluciones innovadoras y de excelente calidad situan a Bando como la primera opción del cliente. Es colaboradora esencial en el primer equipo de marcas como Kymco o Honda, además de ofrecer soluciones óptimas para una gran variedad de aplicaciones. Su excelencia productiva deriva de la calidad de sus materiales, sus procesos de fabricación y su innovación tecnológica.

El poliuretano y las fibras de arámida usadas aportan una alta resistencia al sobrecalentamiento y a la abrasión ocasionados por fluidos como el aceite de motor, la gasolina y otras grasas típicas del cárter. El corte lateral del revestimiento se realiza de modo preciso con el objetivo de evitar deformaciones y usuras de medida.

El hilo «Tetron», producto exclusivo Bando, posee una alta resistencia a la dilatación, típica del Stop & Go. Además, la tensión se distribuye uniformemente a lo largo de toda la correa.

El perfil está reforzado con arámida para evitar sobrecalentamiento y deformaciones provocadas por los cambios bruscos de tracción, las altas velocidades...

La estructura interna es de poliuretano, inyectado con alta precisión para obtener una distribución correcta del material; de este modo la polea no se sufre y se garantiza la estabilidad de todo el sistema de tracción del vehículo.",VEHICLE PARTS & ACCESSORIES,CHASSIS PARTS,CHAS. BELT,682,119,324,78,27,,,,Estándar,Poliéster,,,https://api.mybihr.com/medias/1048035-1-800Wx800H?context=bWFzdGVyfHJvb3R8MjA0MDh8aW1hZ2UvanBlZ3xhR1pqTDJobFpDODRPVGN4TURVMk5UYzROVGt3THpFd05EZ3dNelV0TVY4NE1EQlhlRGd3TUVnfDUyOWViZDE1Yjk0MGRmNmZlNDczNWMwNDEyMGQ2YWE1MTk0ZDM3ODZiNDkxOGNlNGMzNjVlY2I3YTVjNmY3NDU,,,https://static.bihr.pro/eBihr/Pictures/BANDO-pictures.zip,Spain Warehouse (Parts)
1048036,,S01-002,BANDO,BANDO DRIVE BELT STANDARD,Correa de transmision BANDO Premium,23.00,19.01,9.13,10100035,5,8409910090,0,1,"<p>Correas de transmisi&oacute;n de clase mundial.</p>
<p>Fundada en 1906, BANDO Chemical industries Ltd. es una de las marcas m&aacute;s experimentadas y reconocidas del mundo. Sus soluciones innovadoras y de excelente calidad situan a Bando como la primera opci&oacute;n del cliente. Es colaboradora esencial en el primer equipo de marcas como Kymco o Honda, adem&aacute;s de ofrecer soluciones &oacute;ptimas para una gran variedad de aplicaciones. Su excelencia productiva deriva de la calidad de sus materiales, sus procesos de fabricaci&oacute;n y su innovaci&oacute;n tecnol&oacute;gica.</p>
<p>El poliuretano y las fibras de ar&aacute;mida usadas aportan una alta resistencia al sobrecalentamiento y a la abrasi&oacute;n ocasionados por fluidos como el aceite de motor, la gasolina y otras grasas t&iacute;picas del c&aacute;rter. El corte lateral del revestimiento se realiza de modo preciso con el objetivo de evitar deformaciones y usuras de medida.</p>
<p>El hilo &laquo;Tetron&raquo;, producto exclusivo Bando, posee una alta resistencia a la dilataci&oacute;n, t&iacute;pica del Stop &amp; Go. Adem&aacute;s, la tensi&oacute;n se distribuye uniformemente a lo largo de toda la correa.</p>
<p>El perfil est&aacute; reforzado con ar&aacute;mida para evitar sobrecalentamiento y deformaciones provocadas por los cambios bruscos de tracci&oacute;n, las altas velocidades...</p>
<p>La estructura interna es de poliuretano, inyectado con alta precisi&oacute;n para obtener una distribuci&oacute;n correcta del material; de este modo la polea no se sufre y se garantiza la estabilidad de todo el sistema de tracci&oacute;n del veh&iacute;culo.</p>","
Correas de transmisión de clase mundial.

Fundada en 1906, BANDO Chemical industries Ltd. es una de las marcas más experimentadas y reconocidas del mundo. Sus soluciones innovadoras y de excelente calidad situan a Bando como la primera opción del cliente. Es colaboradora esencial en el primer equipo de marcas como Kymco o Honda, además de ofrecer soluciones óptimas para una gran variedad de aplicaciones. Su excelencia productiva deriva de la calidad de sus materiales, sus procesos de fabricación y su innovación tecnológica.

El poliuretano y las fibras de arámida usadas aportan una alta resistencia al sobrecalentamiento y a la abrasión ocasionados por fluidos como el aceite de motor, la gasolina y otras grasas típicas del cárter. El corte lateral del revestimiento se realiza de modo preciso con el objetivo de evitar deformaciones y usuras de medida.

El hilo «Tetron», producto exclusivo Bando, posee una alta resistencia a la dilatación, típica del Stop & Go. Además, la tensión se distribuye uniformemente a lo largo de toda la correa.

El perfil está reforzado con arámida para evitar sobrecalentamiento y deformaciones provocadas por los cambios bruscos de tracción, las altas velocidades...

La estructura interna es de poliuretano, inyectado con alta precisión para obtener una distribución correcta del material; de este modo la polea no se sufre y se garantiza la estabilidad de todo el sistema de tracción del vehículo.",VEHICLE PARTS & ACCESSORIES,CHASSIS PARTS,CHAS. BELT,837,125,92,337,27,,,,Estándar,Poliéster,,,https://api.mybihr.com/medias/1048036-1-800Wx800H?context=bWFzdGVyfHJvb3R8MjA0MDh8aW1hZ2UvanBlZ3xhR05qTDJobU5DODRPVGN4TURVMk56YzFNVGs0THpFd05EZ3dNell0TVY4NE1EQlhlRGd3TUVnfDY4ZTE3NmUyNTE2Nzc4YTRkNjYwOWYzNzhmZjE3OGM0NWEyY2JlNjNjODJlNWE0N2U1NjY3MTEyMTJlNmJmYWM,,,https://static.bihr.pro/eBihr/Pictures/BANDO-pictures.zip,Spain Warehouse (Parts)
1048037,,S08-009,BANDO,BANDO DRIVE BELT STANDARD,Correa de transmision BANDO Premium,23.99,19.83,9.92,105562,0,4010350000,0,1,"<p>Correas de transmisi&oacute;n de clase mundial.</p>
<p>Fundada en 1906, BANDO Chemical industries Ltd. es una de las marcas m&aacute;s experimentadas y reconocidas del mundo. Sus soluciones innovadoras y de excelente calidad situan a Bando como la primera opci&oacute;n del cliente. Es colaboradora esencial en el primer equipo de marcas como Kymco o Honda, adem&aacute;s de ofrecer soluciones &oacute;ptimas para una gran variedad de aplicaciones. Su excelencia productiva deriva de la calidad de sus materiales, sus procesos de fabricaci&oacute;n y su innovaci&oacute;n tecnol&oacute;gica.</p>
<p>El poliuretano y las fibras de ar&aacute;mida usadas aportan una alta resistencia al sobrecalentamiento y a la abrasi&oacute;n ocasionados por fluidos como el aceite de motor, la gasolina y otras grasas t&iacute;picas del c&aacute;rter. El corte lateral del revestimiento se realiza de modo preciso con el objetivo de evitar deformaciones y usuras de medida.</p>
<p>El hilo &laquo;Tetron&raquo;, producto exclusivo Bando, posee una alta resistencia a la dilataci&oacute;n, t&iacute;pica del Stop &amp; Go. Adem&aacute;s, la tensi&oacute;n se distribuye uniformemente a lo largo de toda la correa.</p>
<p>El perfil est&aacute; reforzado con ar&aacute;mida para evitar sobrecalentamiento y deformaciones provocadas por los cambios bruscos de tracci&oacute;n, las altas velocidades...</p>
<p>La estructura interna es de poliuretano, inyectado con alta precisi&oacute;n para obtener una distribuci&oacute;n correcta del material; de este modo la polea no se sufre y se garantiza la estabilidad de todo el sistema de tracci&oacute;n del veh&iacute;culo.</p>","
Correas de transmisión de clase mundial.

Fundada en 1906, BANDO Chemical industries Ltd. es una de las marcas más experimentadas y reconocidas del mundo. Sus soluciones innovadoras y de excelente calidad situan a Bando como la primera opción del cliente. Es colaboradora esencial en el primer equipo de marcas como Kymco o Honda, además de ofrecer soluciones óptimas para una gran variedad de aplicaciones. Su excelencia productiva deriva de la calidad de sus materiales, sus procesos de fabricación y su innovación tecnológica.

El poliuretano y las fibras de arámida usadas aportan una alta resistencia al sobrecalentamiento y a la abrasión ocasionados por fluidos como el aceite de motor, la gasolina y otras grasas típicas del cárter. El corte lateral del revestimiento se realiza de modo preciso con el objetivo de evitar deformaciones y usuras de medida.

El hilo «Tetron», producto exclusivo Bando, posee una alta resistencia a la dilatación, típica del Stop & Go. Además, la tensión se distribuye uniformemente a lo largo de toda la correa.

El perfil está reforzado con arámida para evitar sobrecalentamiento y deformaciones provocadas por los cambios bruscos de tracción, las altas velocidades...

La estructura interna es de poliuretano, inyectado con alta precisión para obtener una distribución correcta del material; de este modo la polea no se sufre y se garantiza la estabilidad de todo el sistema de tracción del vehículo.",VEHICLE PARTS & ACCESSORIES,CHASSIS PARTS,CHAS. BELT,1609,113,349,159,29,,,,Estándar,Poliéster,,,https://api.mybihr.com/medias/1048037-1-800Wx800H?context=bWFzdGVyfHJvb3R8MjA0MDh8aW1hZ2UvanBlZ3xhRGxqTDJobVlpODRPVGN4TURVMk9UY3hPREEyTHpFd05EZ3dNemN0TVY4NE1EQlhlRGd3TUVnfDFhODliMzFiMGU4ZDM4NTllNGZhNTUxMjIxZDBlYzkyYzFlMDUyNmFlYTFlNzQzYjYzNjVhMDhlNzQzMjM0ZWY,,,https://static.bihr.pro/eBihr/Pictures/BANDO-pictures.zip,Spain Warehouse (Parts)
1048038,,S09-006,BANDO,BANDO DRIVE BELT STANDARD,Correa de transmision BANDO Premium,39.49,32.64,16.32,1048038,0,4010350000,0,1,"<p>Correas de transmisi&oacute;n de clase mundial.</p>
<p>Fundada en 1906, BANDO Chemical industries Ltd. es una de las marcas m&aacute;s experimentadas y reconocidas del mundo. Sus soluciones innovadoras y de excelente calidad situan a Bando como la primera opci&oacute;n del cliente. Es colaboradora esencial en el primer equipo de marcas como Kymco o Honda, adem&aacute;s de ofrecer soluciones &oacute;ptimas para una gran variedad de aplicaciones. Su excelencia productiva deriva de la calidad de sus materiales, sus procesos de fabricaci&oacute;n y su innovaci&oacute;n tecnol&oacute;gica.</p>
<p>El poliuretano y las fibras de ar&aacute;mida usadas aportan una alta resistencia al sobrecalentamiento y a la abrasi&oacute;n ocasionados por fluidos como el aceite de motor, la gasolina y otras grasas t&iacute;picas del c&aacute;rter. El corte lateral del revestimiento se realiza de modo preciso con el objetivo de evitar deformaciones y usuras de medida.</p>
<p>El hilo &laquo;Tetron&raquo;, producto exclusivo Bando, posee una alta resistencia a la dilataci&oacute;n, t&iacute;pica del Stop &amp; Go. Adem&aacute;s, la tensi&oacute;n se distribuye uniformemente a lo largo de toda la correa.</p>
<p>El perfil est&aacute; reforzado con ar&aacute;mida para evitar sobrecalentamiento y deformaciones provocadas por los cambios bruscos de tracci&oacute;n, las altas velocidades...</p>
<p>La estructura interna es de poliuretano, inyectado con alta precisi&oacute;n para obtener una distribuci&oacute;n correcta del material; de este modo la polea no se sufre y se garantiza la estabilidad de todo el sistema de tracci&oacute;n del veh&iacute;culo.</p>","
Correas de transmisión de clase mundial.

Fundada en 1906, BANDO Chemical industries Ltd. es una de las marcas más experimentadas y reconocidas del mundo. Sus soluciones innovadoras y de excelente calidad situan a Bando como la primera opción del cliente. Es colaboradora esencial en el primer equipo de marcas como Kymco o Honda, además de ofrecer soluciones óptimas para una gran variedad de aplicaciones. Su excelencia productiva deriva de la calidad de sus materiales, sus procesos de fabricación y su innovación tecnológica.

El poliuretano y las fibras de arámida usadas aportan una alta resistencia al sobrecalentamiento y a la abrasión ocasionados por fluidos como el aceite de motor, la gasolina y otras grasas típicas del cárter. El corte lateral del revestimiento se realiza de modo preciso con el objetivo de evitar deformaciones y usuras de medida.

El hilo «Tetron», producto exclusivo Bando, posee una alta resistencia a la dilatación, típica del Stop & Go. Además, la tensión se distribuye uniformemente a lo largo de toda la correa.

El perfil está reforzado con arámida para evitar sobrecalentamiento y deformaciones provocadas por los cambios bruscos de tracción, las altas velocidades...

La estructura interna es de poliuretano, inyectado con alta precisión para obtener una distribución correcta del material; de este modo la polea no se sufre y se garantiza la estabilidad de todo el sistema de tracción del vehículo.",VEHICLE PARTS & ACCESSORIES,CHASSIS PARTS,CHAS. BELT,1003,175,387,96,27,,,,Estándar,,,,https://api.mybihr.com/medias/1048038-1-800Wx800H?context=bWFzdGVyfHJvb3R8MjA0MDh8aW1hZ2UvanBlZ3xhR1poTDJoaU5TODRPVGN4TURVM01UWTROREUwTHpFd05EZ3dNemd0TVY4NE1EQlhlRGd3TUVnfGI5OTE3YzFmMzYxZTk5M2ZmZTdmMzk5ZTM3MjFkNTVkODU5NTAwZjYxMWM2OGU5NjMzM2YyNzIzNjQ1MjZlY2I,,,https://static.bihr.pro/eBihr/Pictures/BANDO-pictures.zip,Spain Warehouse (Parts)
1048041,,S02-012,BANDO,BANDO DRIVE BELT STANDARD,Correa de transmision BANDO Premium,40.90,33.80,16.90,105555,1,4010350000,0,1,"<p>Correas de transmisi&oacute;n de clase mundial.</p>
<p>Fundada en 1906, BANDO Chemical industries Ltd. es una de las marcas m&aacute;s experimentadas y reconocidas del mundo. Sus soluciones innovadoras y de excelente calidad situan a Bando como la primera opci&oacute;n del cliente. Es colaboradora esencial en el primer equipo de marcas como Kymco o Honda, adem&aacute;s de ofrecer soluciones &oacute;ptimas para una gran variedad de aplicaciones. Su excelencia productiva deriva de la calidad de sus materiales, sus procesos de fabricaci&oacute;n y su innovaci&oacute;n tecnol&oacute;gica.</p>
<p>El poliuretano y las fibras de ar&aacute;mida usadas aportan una alta resistencia al sobrecalentamiento y a la abrasi&oacute;n ocasionados por fluidos como el aceite de motor, la gasolina y otras grasas t&iacute;picas del c&aacute;rter. El corte lateral del revestimiento se realiza de modo preciso con el objetivo de evitar deformaciones y usuras de medida.</p>
<p>El hilo &laquo;Tetron&raquo;, producto exclusivo Bando, posee una alta resistencia a la dilataci&oacute;n, t&iacute;pica del Stop &amp; Go. Adem&aacute;s, la tensi&oacute;n se distribuye uniformemente a lo largo de toda la correa.</p>
<p>El perfil est&aacute; reforzado con ar&aacute;mida para evitar sobrecalentamiento y deformaciones provocadas por los cambios bruscos de tracci&oacute;n, las altas velocidades...</p>
<p>La estructura interna es de poliuretano, inyectado con alta precisi&oacute;n para obtener una distribuci&oacute;n correcta del material; de este modo la polea no se sufre y se garantiza la estabilidad de todo el sistema de tracci&oacute;n del veh&iacute;culo.</p>","
Correas de transmisión de clase mundial.

Fundada en 1906, BANDO Chemical industries Ltd. es una de las marcas más experimentadas y reconocidas del mundo. Sus soluciones innovadoras y de excelente calidad situan a Bando como la primera opción del cliente. Es colaboradora esencial en el primer equipo de marcas como Kymco o Honda, además de ofrecer soluciones óptimas para una gran variedad de aplicaciones. Su excelencia productiva deriva de la calidad de sus materiales, sus procesos de fabricación y su innovación tecnológica.

El poliuretano y las fibras de arámida usadas aportan una alta resistencia al sobrecalentamiento y a la abrasión ocasionados por fluidos como el aceite de motor, la gasolina y otras grasas típicas del cárter. El corte lateral del revestimiento se realiza de modo preciso con el objetivo de evitar deformaciones y usuras de medida.

El hilo «Tetron», producto exclusivo Bando, posee una alta resistencia a la dilatación, típica del Stop & Go. Además, la tensión se distribuye uniformemente a lo largo de toda la correa.

El perfil está reforzado con arámida para evitar sobrecalentamiento y deformaciones provocadas por los cambios bruscos de tracción, las altas velocidades...

La estructura interna es de poliuretano, inyectado con alta precisión para obtener una distribución correcta del material; de este modo la polea no se sufre y se garantiza la estabilidad de todo el sistema de tracción del vehículo.",VEHICLE PARTS & ACCESSORIES,CHASSIS PARTS,CHAS. BELT,2135,134,340,157,40,,,,Estándar,Poliéster,,,https://api.mybihr.com/medias/1048041-1-800Wx800H?context=bWFzdGVyfHJvb3R8MjA0MDh8aW1hZ2UvanBlZ3xhR05qTDJnNVlTODRPVGN4TURVM09UVTBPRFEyTHpFd05EZ3dOREV0TVY4NE1EQlhlRGd3TUVnfDYzYTQzMzQ5NjM2MTEzNmQ3NTNlZmE1OGQwNWIyY2YyY2JlMWNmMGY2OWI5NmNlYzM4NDFmMTcyMDQzMDUyZDM,,,https://static.bihr.pro/eBihr/Pictures/BANDO-pictures.zip,Spain Warehouse (Parts)
1048043,,S08-024,BANDO,BANDO DRIVE BELT STANDARD,Correa de transmision BANDO Premium,37.99,31.40,15.70,105564,0,4010350000,0,1,"<p>Correas de transmisi&oacute;n de clase mundial.</p>
<p>Fundada en 1906, BANDO Chemical industries Ltd. es una de las marcas m&aacute;s experimentadas y reconocidas del mundo. Sus soluciones innovadoras y de excelente calidad situan a Bando como la primera opci&oacute;n del cliente. Es colaboradora esencial en el primer equipo de marcas como Kymco o Honda, adem&aacute;s de ofrecer soluciones &oacute;ptimas para una gran variedad de aplicaciones. Su excelencia productiva deriva de la calidad de sus materiales, sus procesos de fabricaci&oacute;n y su innovaci&oacute;n tecnol&oacute;gica.</p>
<p>El poliuretano y las fibras de ar&aacute;mida usadas aportan una alta resistencia al sobrecalentamiento y a la abrasi&oacute;n ocasionados por fluidos como el aceite de motor, la gasolina y otras grasas t&iacute;picas del c&aacute;rter. El corte lateral del revestimiento se realiza de modo preciso con el objetivo de evitar deformaciones y usuras de medida.</p>
<p>El hilo &laquo;Tetron&raquo;, producto exclusivo Bando, posee una alta resistencia a la dilataci&oacute;n, t&iacute;pica del Stop &amp; Go. Adem&aacute;s, la tensi&oacute;n se distribuye uniformemente a lo largo de toda la correa.</p>
<p>El perfil est&aacute; reforzado con ar&aacute;mida para evitar sobrecalentamiento y deformaciones provocadas por los cambios bruscos de tracci&oacute;n, las altas velocidades...</p>
<p>La estructura interna es de poliuretano, inyectado con alta precisi&oacute;n para obtener una distribuci&oacute;n correcta del material; de este modo la polea no se sufre y se garantiza la estabilidad de todo el sistema de tracci&oacute;n del veh&iacute;culo.</p>","
Correas de transmisión de clase mundial.

Fundada en 1906, BANDO Chemical industries Ltd. es una de las marcas más experimentadas y reconocidas del mundo. Sus soluciones innovadoras y de excelente calidad situan a Bando como la primera opción del cliente. Es colaboradora esencial en el primer equipo de marcas como Kymco o Honda, además de ofrecer soluciones óptimas para una gran variedad de aplicaciones. Su excelencia productiva deriva de la calidad de sus materiales, sus procesos de fabricación y su innovación tecnológica.

El poliuretano y las fibras de arámida usadas aportan una alta resistencia al sobrecalentamiento y a la abrasión ocasionados por fluidos como el aceite de motor, la gasolina y otras grasas típicas del cárter. El corte lateral del revestimiento se realiza de modo preciso con el objetivo de evitar deformaciones y usuras de medida.

El hilo «Tetron», producto exclusivo Bando, posee una alta resistencia a la dilatación, típica del Stop & Go. Además, la tensión se distribuye uniformemente a lo largo de toda la correa.

El perfil está reforzado con arámida para evitar sobrecalentamiento y deformaciones provocadas por los cambios bruscos de tracción, las altas velocidades...

La estructura interna es de poliuretano, inyectado con alta precisión para obtener una distribución correcta del material; de este modo la polea no se sufre y se garantiza la estabilidad de todo el sistema de tracción del vehículo.",VEHICLE PARTS & ACCESSORIES,CHASSIS PARTS,CHAS. BELT,1939,148,381,159,32,,,,Estándar,Poliéster,,,https://api.mybihr.com/medias/1048043-1-800Wx800H?context=bWFzdGVyfHJvb3R8MjA0MDh8aW1hZ2UvanBlZ3xhRGt6TDJnME5TODRPVGN4TURVNE16UTRNRFl5THpFd05EZ3dORE10TVY4NE1EQlhlRGd3TUVnfDlmNWUwMTI5ZTFlZDRmMmQzYmFlYzkyNDViNTcxZWMwN2VlOWJiZmE4MDg0NTliYTZmYmZlZTM1Y2ZiMjEwOTk,,,https://static.bihr.pro/eBihr/Pictures/BANDO-pictures.zip,Spain Warehouse (Parts)
1048044,105560,S15-009,BANDO,BANDO DRIVE BELT STANDARD,Correa de transmision BANDO Premium,26.78,22.13,11.07,105560,1,4010350000,0,1,"<p>Correas de transmisi&oacute;n de clase mundial.</p>
<p>Fundada en 1906, BANDO Chemical industries Ltd. es una de las marcas m&aacute;s experimentadas y reconocidas del mundo. Sus soluciones innovadoras y de excelente calidad situan a Bando como la primera opci&oacute;n del cliente. Es colaboradora esencial en el primer equipo de marcas como Kymco o Honda, adem&aacute;s de ofrecer soluciones &oacute;ptimas para una gran variedad de aplicaciones. Su excelencia productiva deriva de la calidad de sus materiales, sus procesos de fabricaci&oacute;n y su innovaci&oacute;n tecnol&oacute;gica.</p>
<p>El poliuretano y las fibras de ar&aacute;mida usadas aportan una alta resistencia al sobrecalentamiento y a la abrasi&oacute;n ocasionados por fluidos como el aceite de motor, la gasolina y otras grasas t&iacute;picas del c&aacute;rter. El corte lateral del revestimiento se realiza de modo preciso con el objetivo de evitar deformaciones y usuras de medida.</p>
<p>El hilo &laquo;Tetron&raquo;, producto exclusivo Bando, posee una alta resistencia a la dilataci&oacute;n, t&iacute;pica del Stop &amp; Go. Adem&aacute;s, la tensi&oacute;n se distribuye uniformemente a lo largo de toda la correa.</p>
<p>El perfil est&aacute; reforzado con ar&aacute;mida para evitar sobrecalentamiento y deformaciones provocadas por los cambios bruscos de tracci&oacute;n, las altas velocidades...</p>
<p>La estructura interna es de poliuretano, inyectado con alta precisi&oacute;n para obtener una distribuci&oacute;n correcta del material; de este modo la polea no se sufre y se garantiza la estabilidad de todo el sistema de tracci&oacute;n del veh&iacute;culo.</p>","
Correas de transmisión de clase mundial.

Fundada en 1906, BANDO Chemical industries Ltd. es una de las marcas más experimentadas y reconocidas del mundo. Sus soluciones innovadoras y de excelente calidad situan a Bando como la primera opción del cliente. Es colaboradora esencial en el primer equipo de marcas como Kymco o Honda, además de ofrecer soluciones óptimas para una gran variedad de aplicaciones. Su excelencia productiva deriva de la calidad de sus materiales, sus procesos de fabricación y su innovación tecnológica.

El poliuretano y las fibras de arámida usadas aportan una alta resistencia al sobrecalentamiento y a la abrasión ocasionados por fluidos como el aceite de motor, la gasolina y otras grasas típicas del cárter. El corte lateral del revestimiento se realiza de modo preciso con el objetivo de evitar deformaciones y usuras de medida.

El hilo «Tetron», producto exclusivo Bando, posee una alta resistencia a la dilatación, típica del Stop & Go. Además, la tensión se distribuye uniformemente a lo largo de toda la correa.

El perfil está reforzado con arámida para evitar sobrecalentamiento y deformaciones provocadas por los cambios bruscos de tracción, las altas velocidades...

La estructura interna es de poliuretano, inyectado con alta precisión para obtener una distribución correcta del material; de este modo la polea no se sufre y se garantiza la estabilidad de todo el sistema de tracción del vehículo.",VEHICLE PARTS & ACCESSORIES,CHASSIS PARTS,CHAS. BELT,1173,160,371,93,34,,,,Estándar,Poliéster,,,https://api.mybihr.com/medias/1048044-1-800Wx800H?context=bWFzdGVyfHJvb3R8MjA0MDh8aW1hZ2UvanBlZ3xhR016TDJnelpTODRPVGN4TURVNE5UUTBOamN3THpFd05EZ3dORFF0TVY4NE1EQlhlRGd3TUVnfDlmNTQyZTY5OWZjZjIzYjJmNGMwZDhkODQ3Y2Y0MTQ0YzlhMDBiZDAxZjdiZDY2OTlkNWY1ZmI2ZWYyNjg3ZDc,,,https://static.bihr.pro/eBihr/Pictures/BANDO-pictures.zip,Spain Warehouse (Parts)
1048046,,S04-014,BANDO,BANDO DRIVE BELT STANDARD,Correa de transmision BANDO Premium,27.00,22.31,11.16,105570,3,4010350000,0,1,"<p>Correas de transmisi&oacute;n de clase mundial.</p>
<p>Fundada en 1906, BANDO Chemical industries Ltd. es una de las marcas m&aacute;s experimentadas y reconocidas del mundo. Sus soluciones innovadoras y de excelente calidad situan a Bando como la primera opci&oacute;n del cliente. Es colaboradora esencial en el primer equipo de marcas como Kymco o Honda, adem&aacute;s de ofrecer soluciones &oacute;ptimas para una gran variedad de aplicaciones. Su excelencia productiva deriva de la calidad de sus materiales, sus procesos de fabricaci&oacute;n y su innovaci&oacute;n tecnol&oacute;gica.</p>
<p>El poliuretano y las fibras de ar&aacute;mida usadas aportan una alta resistencia al sobrecalentamiento y a la abrasi&oacute;n ocasionados por fluidos como el aceite de motor, la gasolina y otras grasas t&iacute;picas del c&aacute;rter. El corte lateral del revestimiento se realiza de modo preciso con el objetivo de evitar deformaciones y usuras de medida.</p>
<p>El hilo &laquo;Tetron&raquo;, producto exclusivo Bando, posee una alta resistencia a la dilataci&oacute;n, t&iacute;pica del Stop &amp; Go. Adem&aacute;s, la tensi&oacute;n se distribuye uniformemente a lo largo de toda la correa.</p>
<p>El perfil est&aacute; reforzado con ar&aacute;mida para evitar sobrecalentamiento y deformaciones provocadas por los cambios bruscos de tracci&oacute;n, las altas velocidades...</p>
<p>La estructura interna es de poliuretano, inyectado con alta precisi&oacute;n para obtener una distribuci&oacute;n correcta del material; de este modo la polea no se sufre y se garantiza la estabilidad de todo el sistema de tracci&oacute;n del veh&iacute;culo.</p>","
Correas de transmisión de clase mundial.

Fundada en 1906, BANDO Chemical industries Ltd. es una de las marcas más experimentadas y reconocidas del mundo. Sus soluciones innovadoras y de excelente calidad situan a Bando como la primera opción del cliente. Es colaboradora esencial en el primer equipo de marcas como Kymco o Honda, además de ofrecer soluciones óptimas para una gran variedad de aplicaciones. Su excelencia productiva deriva de la calidad de sus materiales, sus procesos de fabricación y su innovación tecnológica.

El poliuretano y las fibras de arámida usadas aportan una alta resistencia al sobrecalentamiento y a la abrasión ocasionados por fluidos como el aceite de motor, la gasolina y otras grasas típicas del cárter. El corte lateral del revestimiento se realiza de modo preciso con el objetivo de evitar deformaciones y usuras de medida.

El hilo «Tetron», producto exclusivo Bando, posee una alta resistencia a la dilatación, típica del Stop & Go. Además, la tensión se distribuye uniformemente a lo largo de toda la correa.

El perfil está reforzado con arámida para evitar sobrecalentamiento y deformaciones provocadas por los cambios bruscos de tracción, las altas velocidades...

La estructura interna es de poliuretano, inyectado con alta precisión para obtener una distribución correcta del material; de este modo la polea no se sufre y se garantiza la estabilidad de todo el sistema de tracción del vehículo.",VEHICLE PARTS & ACCESSORIES,CHASSIS PARTS,CHAS. BELT,1246,132,374,98,34,,,,Estándar,Poliéster,,,https://api.mybihr.com/medias/1048046-1-800Wx800H?context=bWFzdGVyfHJvb3R8MjA0MDh8aW1hZ2UvanBlZ3xhRE0xTDJnek1TODRPVGN4TURVNE9UTTNPRGcyTHpFd05EZ3dORFl0TVY4NE1EQlhlRGd3TUVnfGJhZDA4ODEwMDlmMmNhYmQwMTk4ZmVmZmFjMzM4NDRlNzVlYjc5MTY2ZTU1NmQ2M2Q4ZWJhOGViZTIyMDNlMTI,,,https://static.bihr.pro/eBihr/Pictures/BANDO-pictures.zip,Spain Warehouse (Parts)
1048047,,S02-009,BANDO,BANDO DRIVE BELT STANDARD,Correa de transmision BANDO Premium,40.00,33.06,16.53,105535,4,4010350000,0,1,"<p>Correas de transmisi&oacute;n de clase mundial.</p>
<p>Fundada en 1906, BANDO Chemical industries Ltd. es una de las marcas m&aacute;s experimentadas y reconocidas del mundo. Sus soluciones innovadoras y de excelente calidad situan a Bando como la primera opci&oacute;n del cliente. Es colaboradora esencial en el primer equipo de marcas como Kymco o Honda, adem&aacute;s de ofrecer soluciones &oacute;ptimas para una gran variedad de aplicaciones. Su excelencia productiva deriva de la calidad de sus materiales, sus procesos de fabricaci&oacute;n y su innovaci&oacute;n tecnol&oacute;gica.</p>
<p>El poliuretano y las fibras de ar&aacute;mida usadas aportan una alta resistencia al sobrecalentamiento y a la abrasi&oacute;n ocasionados por fluidos como el aceite de motor, la gasolina y otras grasas t&iacute;picas del c&aacute;rter. El corte lateral del revestimiento se realiza de modo preciso con el objetivo de evitar deformaciones y usuras de medida.</p>
<p>El hilo &laquo;Tetron&raquo;, producto exclusivo Bando, posee una alta resistencia a la dilataci&oacute;n, t&iacute;pica del Stop &amp; Go. Adem&aacute;s, la tensi&oacute;n se distribuye uniformemente a lo largo de toda la correa.</p>
<p>El perfil est&aacute; reforzado con ar&aacute;mida para evitar sobrecalentamiento y deformaciones provocadas por los cambios bruscos de tracci&oacute;n, las altas velocidades...</p>
<p>La estructura interna es de poliuretano, inyectado con alta precisi&oacute;n para obtener una distribuci&oacute;n correcta del material; de este modo la polea no se sufre y se garantiza la estabilidad de todo el sistema de tracci&oacute;n del veh&iacute;culo.</p>","
Correas de transmisión de clase mundial.

Fundada en 1906, BANDO Chemical industries Ltd. es una de las marcas más experimentadas y reconocidas del mundo. Sus soluciones innovadoras y de excelente calidad situan a Bando como la primera opción del cliente. Es colaboradora esencial en el primer equipo de marcas como Kymco o Honda, además de ofrecer soluciones óptimas para una gran variedad de aplicaciones. Su excelencia productiva deriva de la calidad de sus materiales, sus procesos de fabricación y su innovación tecnológica.

El poliuretano y las fibras de arámida usadas aportan una alta resistencia al sobrecalentamiento y a la abrasión ocasionados por fluidos como el aceite de motor, la gasolina y otras grasas típicas del cárter. El corte lateral del revestimiento se realiza de modo preciso con el objetivo de evitar deformaciones y usuras de medida.

El hilo «Tetron», producto exclusivo Bando, posee una alta resistencia a la dilatación, típica del Stop & Go. Además, la tensión se distribuye uniformemente a lo largo de toda la correa.

El perfil está reforzado con arámida para evitar sobrecalentamiento y deformaciones provocadas por los cambios bruscos de tracción, las altas velocidades...

La estructura interna es de poliuretano, inyectado con alta precisión para obtener una distribución correcta del material; de este modo la polea no se sufre y se garantiza la estabilidad de todo el sistema de tracción del vehículo.",VEHICLE PARTS & ACCESSORIES,CHASSIS PARTS,CHAS. BELT,2222,211,390,154,37,,,,Estándar,,,,https://api.mybihr.com/medias/1048047-1-800Wx800H?context=bWFzdGVyfHJvb3R8MjA0MDh8aW1hZ2UvanBlZ3xhRFEyTDJneFpDODRPVGN4TURVNU1UTTBORGswTHpFd05EZ3dORGN0TVY4NE1EQlhlRGd3TUVnfDlhZjYyYzBiYWFlOGEzNjI4NjNhMTc5YjM1NWU5OTZmNTE2ZDA4MTc5MDJiZGE5OWVjZDgzMGNiN2VmN2QyMGY,,,https://static.bihr.pro/eBihr/Pictures/BANDO-pictures.zip,Spain Warehouse (Parts)
1048060,,S04-023,BANDO,BANDO DRIVE BELT STANDARD,Correa de transmision BANDO Premium,36.00,29.75,14.88,10100053,4,4010350000,0,1,"<p>Correas de transmisi&oacute;n de clase mundial.</p>
<p>Fundada en 1906, BANDO Chemical industries Ltd. es una de las marcas m&aacute;s experimentadas y reconocidas del mundo. Sus soluciones innovadoras y de excelente calidad situan a Bando como la primera opci&oacute;n del cliente. Es colaboradora esencial en el primer equipo de marcas como Kymco o Honda, adem&aacute;s de ofrecer soluciones &oacute;ptimas para una gran variedad de aplicaciones. Su excelencia productiva deriva de la calidad de sus materiales, sus procesos de fabricaci&oacute;n y su innovaci&oacute;n tecnol&oacute;gica.</p>
<p>El poliuretano y las fibras de ar&aacute;mida usadas aportan una alta resistencia al sobrecalentamiento y a la abrasi&oacute;n ocasionados por fluidos como el aceite de motor, la gasolina y otras grasas t&iacute;picas del c&aacute;rter. El corte lateral del revestimiento se realiza de modo preciso con el objetivo de evitar deformaciones y usuras de medida.</p>
<p>El hilo &laquo;Tetron&raquo;, producto exclusivo Bando, posee una alta resistencia a la dilataci&oacute;n, t&iacute;pica del Stop &amp; Go. Adem&aacute;s, la tensi&oacute;n se distribuye uniformemente a lo largo de toda la correa.</p>
<p>El perfil est&aacute; reforzado con ar&aacute;mida para evitar sobrecalentamiento y deformaciones provocadas por los cambios bruscos de tracci&oacute;n, las altas velocidades...</p>
<p>La estructura interna es de poliuretano, inyectado con alta precisi&oacute;n para obtener una distribuci&oacute;n correcta del material; de este modo la polea no se sufre y se garantiza la estabilidad de todo el sistema de tracci&oacute;n del veh&iacute;culo.</p>","
Correas de transmisión de clase mundial.

Fundada en 1906, BANDO Chemical industries Ltd. es una de las marcas más experimentadas y reconocidas del mundo. Sus soluciones innovadoras y de excelente calidad situan a Bando como la primera opción del cliente. Es colaboradora esencial en el primer equipo de marcas como Kymco o Honda, además de ofrecer soluciones óptimas para una gran variedad de aplicaciones. Su excelencia productiva deriva de la calidad de sus materiales, sus procesos de fabricación y su innovación tecnológica.

El poliuretano y las fibras de arámida usadas aportan una alta resistencia al sobrecalentamiento y a la abrasión ocasionados por fluidos como el aceite de motor, la gasolina y otras grasas típicas del cárter. El corte lateral del revestimiento se realiza de modo preciso con el objetivo de evitar deformaciones y usuras de medida.

El hilo «Tetron», producto exclusivo Bando, posee una alta resistencia a la dilatación, típica del Stop & Go. Además, la tensión se distribuye uniformemente a lo largo de toda la correa.

El perfil está reforzado con arámida para evitar sobrecalentamiento y deformaciones provocadas por los cambios bruscos de tracción, las altas velocidades...

La estructura interna es de poliuretano, inyectado con alta precisión para obtener una distribución correcta del material; de este modo la polea no se sufre y se garantiza la estabilidad de todo el sistema de tracción del vehículo.",VEHICLE PARTS & ACCESSORIES,CHASSIS PARTS,CHAS. BELT,756,184,358,88,24,,,,Estándar,,,,https://api.mybihr.com/medias/1048060-1-800Wx800H?context=bWFzdGVyfHJvb3R8MjA1MDR8aW1hZ2UvanBlZ3xhR0UxTDJnMFppODRPVGN4TURZeE5qa3dNems0THpFd05EZ3dOakF0TVY4NE1EQlhlRGd3TUVnfDk1ZWY4MGU0MGQ5MGI5ODMzZDMyMzIzNGU4N2NmMDI2MzU4ZDlmZTVlZDVlMzIxMjY2YTY2YzU2OTJhZmY5NjM,,,https://static.bihr.pro/eBihr/Pictures/BANDO-pictures.zip,Spain Warehouse (Parts)
1025943,SB076,S04-009,BANDO,BANDO DRIVE BELT STANDARD,Correa de transmision BANDO Premium,44.24,36.56,18.28,8430525045286,4,4010350000,0,1,"<p>Correas de transmisi&oacute;n de clase mundial.</p>
<p>Fundada en 1906, BANDO Chemical industries Ltd. es una de las marcas m&aacute;s experimentadas y reconocidas del mundo. Sus soluciones innovadoras y de excelente calidad situan a Bando como la primera opci&oacute;n del cliente. Es colaboradora esencial en el primer equipo de marcas como Kymco o Honda, adem&aacute;s de ofrecer soluciones &oacute;ptimas para una gran variedad de aplicaciones. Su excelencia productiva deriva de la calidad de sus materiales, sus procesos de fabricaci&oacute;n y su innovaci&oacute;n tecnol&oacute;gica.</p>
<p>El poliuretano y las fibras de ar&aacute;mida usadas aportan una alta resistencia al sobrecalentamiento y a la abrasi&oacute;n ocasionados por fluidos como el aceite de motor, la gasolina y otras grasas t&iacute;picas del c&aacute;rter. El corte lateral del revestimiento se realiza de modo preciso con el objetivo de evitar deformaciones y usuras de medida.</p>
<p>El hilo &laquo;Tetron&raquo;, producto exclusivo Bando, posee una alta resistencia a la dilataci&oacute;n, t&iacute;pica del Stop &amp; Go. Adem&aacute;s, la tensi&oacute;n se distribuye uniformemente a lo largo de toda la correa.</p>
<p>El perfil est&aacute; reforzado con ar&aacute;mida para evitar sobrecalentamiento y deformaciones provocadas por los cambios bruscos de tracci&oacute;n, las altas velocidades...</p>
<p>La estructura interna es de poliuretano, inyectado con alta precisi&oacute;n para obtener una distribuci&oacute;n correcta del material; de este modo la polea no se sufre y se garantiza la estabilidad de todo el sistema de tracci&oacute;n del veh&iacute;culo.</p>","
Correas de transmisión de clase mundial.

Fundada en 1906, BANDO Chemical industries Ltd. es una de las marcas más experimentadas y reconocidas del mundo. Sus soluciones innovadoras y de excelente calidad situan a Bando como la primera opción del cliente. Es colaboradora esencial en el primer equipo de marcas como Kymco o Honda, además de ofrecer soluciones óptimas para una gran variedad de aplicaciones. Su excelencia productiva deriva de la calidad de sus materiales, sus procesos de fabricación y su innovación tecnológica.

El poliuretano y las fibras de arámida usadas aportan una alta resistencia al sobrecalentamiento y a la abrasión ocasionados por fluidos como el aceite de motor, la gasolina y otras grasas típicas del cárter. El corte lateral del revestimiento se realiza de modo preciso con el objetivo de evitar deformaciones y usuras de medida.

El hilo «Tetron», producto exclusivo Bando, posee una alta resistencia a la dilatación, típica del Stop & Go. Además, la tensión se distribuye uniformemente a lo largo de toda la correa.

El perfil está reforzado con arámida para evitar sobrecalentamiento y deformaciones provocadas por los cambios bruscos de tracción, las altas velocidades...

La estructura interna es de poliuretano, inyectado con alta precisión para obtener una distribución correcta del material; de este modo la polea no se sufre y se garantiza la estabilidad de todo el sistema de tracción del vehículo.",VEHICLE PARTS & ACCESSORIES,CHASSIS PARTS,CHAS. BELT,1976,200,390,149,34,,,,Estándar,,,,https://api.mybihr.com/medias/1025943-1-800Wx800H?context=bWFzdGVyfHJvb3R8MjA0MDh8aW1hZ2UvanBlZ3xhRGRtTDJoaFl5ODRPVFk1TlRBeE16UXpOemMwTHpFd01qVTVORE10TVY4NE1EQlhlRGd3TUVnfGNlNWQ1ZTNhZjgyNDU0YzMzMmY3MWEwOWQ1ZTYxOTk5NzBkNTAyM2Q0ZTQ5ODdmNTRkNWYzMTAwNmVjYTE0NDQ,,,https://static.bihr.pro/eBihr/Pictures/BANDO-pictures.zip,Spain Warehouse (Parts)
1025949,100190,S05-010,BANDO,BANDO DRIVE BELT STANDARD,Correa de transmision BANDO Premium,32.21,26.62,13.31,100190,2,4010350000,0,1,"<p>Correas de transmisi&oacute;n de clase mundial.</p>
<p>Fundada en 1906, BANDO Chemical industries Ltd. es una de las marcas m&aacute;s experimentadas y reconocidas del mundo. Sus soluciones innovadoras y de excelente calidad situan a Bando como la primera opci&oacute;n del cliente. Es colaboradora esencial en el primer equipo de marcas como Kymco o Honda, adem&aacute;s de ofrecer soluciones &oacute;ptimas para una gran variedad de aplicaciones. Su excelencia productiva deriva de la calidad de sus materiales, sus procesos de fabricaci&oacute;n y su innovaci&oacute;n tecnol&oacute;gica.</p>
<p>El poliuretano y las fibras de ar&aacute;mida usadas aportan una alta resistencia al sobrecalentamiento y a la abrasi&oacute;n ocasionados por fluidos como el aceite de motor, la gasolina y otras grasas t&iacute;picas del c&aacute;rter. El corte lateral del revestimiento se realiza de modo preciso con el objetivo de evitar deformaciones y usuras de medida.</p>
<p>El hilo &laquo;Tetron&raquo;, producto exclusivo Bando, posee una alta resistencia a la dilataci&oacute;n, t&iacute;pica del Stop &amp; Go. Adem&aacute;s, la tensi&oacute;n se distribuye uniformemente a lo largo de toda la correa.</p>
<p>El perfil est&aacute; reforzado con ar&aacute;mida para evitar sobrecalentamiento y deformaciones provocadas por los cambios bruscos de tracci&oacute;n, las altas velocidades...</p>
<p>La estructura interna es de poliuretano, inyectado con alta precisi&oacute;n para obtener una distribuci&oacute;n correcta del material; de este modo la polea no se sufre y se garantiza la estabilidad de todo el sistema de tracci&oacute;n del veh&iacute;culo.</p>","
Correas de transmisión de clase mundial.

Fundada en 1906, BANDO Chemical industries Ltd. es una de las marcas más experimentadas y reconocidas del mundo. Sus soluciones innovadoras y de excelente calidad situan a Bando como la primera opción del cliente. Es colaboradora esencial en el primer equipo de marcas como Kymco o Honda, además de ofrecer soluciones óptimas para una gran variedad de aplicaciones. Su excelencia productiva deriva de la calidad de sus materiales, sus procesos de fabricación y su innovación tecnológica.

El poliuretano y las fibras de arámida usadas aportan una alta resistencia al sobrecalentamiento y a la abrasión ocasionados por fluidos como el aceite de motor, la gasolina y otras grasas típicas del cárter. El corte lateral del revestimiento se realiza de modo preciso con el objetivo de evitar deformaciones y usuras de medida.

El hilo «Tetron», producto exclusivo Bando, posee una alta resistencia a la dilatación, típica del Stop & Go. Además, la tensión se distribuye uniformemente a lo largo de toda la correa.

El perfil está reforzado con arámida para evitar sobrecalentamiento y deformaciones provocadas por los cambios bruscos de tracción, las altas velocidades...

La estructura interna es de poliuretano, inyectado con alta precisión para obtener una distribución correcta del material; de este modo la polea no se sufre y se garantiza la estabilidad de todo el sistema de tracción del vehículo.",VEHICLE PARTS & ACCESSORIES,CHASSIS PARTS,CHAS. BELT,476,105,340,70,20,,,,Estándar,Poliéster,,,https://api.mybihr.com/medias/1025949-1-800Wx800H?context=bWFzdGVyfHJvb3R8MjA0MDh8aW1hZ2UvanBlZ3xhREU0TDJobE15ODRPVFk1TlRBeU5USXpOREl5THpFd01qVTVORGt0TVY4NE1EQlhlRGd3TUVnfDY5YjkyYjZkZTJjMTY2NDU1YzZkZmVkOWIxYWUzMDlhMjQ3MjU4MjUwNWEyYzQwZDU5NWYyMjIwMzYxOWFhZGQ,,,https://static.bihr.pro/eBihr/Pictures/BANDO-pictures.zip,Spain Warehouse (Parts)
1025954,105536,B4-1027,BANDO,BANDO DRIVE BELT STANDARD,Correa de transmision BANDO Premium,100.47,83.03,41.52,105536,0,4010350000,0,1,"<p>Correas de transmisi&oacute;n de clase mundial.</p>
<p>Fundada en 1906, BANDO Chemical industries Ltd. es una de las marcas m&aacute;s experimentadas y reconocidas del mundo. Sus soluciones innovadoras y de excelente calidad situan a Bando como la primera opci&oacute;n del cliente. Es colaboradora esencial en el primer equipo de marcas como Kymco o Honda, adem&aacute;s de ofrecer soluciones &oacute;ptimas para una gran variedad de aplicaciones. Su excelencia productiva deriva de la calidad de sus materiales, sus procesos de fabricaci&oacute;n y su innovaci&oacute;n tecnol&oacute;gica.</p>
<p>El poliuretano y las fibras de ar&aacute;mida usadas aportan una alta resistencia al sobrecalentamiento y a la abrasi&oacute;n ocasionados por fluidos como el aceite de motor, la gasolina y otras grasas t&iacute;picas del c&aacute;rter. El corte lateral del revestimiento se realiza de modo preciso con el objetivo de evitar deformaciones y usuras de medida.</p>
<p>El hilo &laquo;Tetron&raquo;, producto exclusivo Bando, posee una alta resistencia a la dilataci&oacute;n, t&iacute;pica del Stop &amp; Go. Adem&aacute;s, la tensi&oacute;n se distribuye uniformemente a lo largo de toda la correa.</p>
<p>El perfil est&aacute; reforzado con ar&aacute;mida para evitar sobrecalentamiento y deformaciones provocadas por los cambios bruscos de tracci&oacute;n, las altas velocidades...</p>
<p>La estructura interna es de poliuretano, inyectado con alta precisi&oacute;n para obtener una distribuci&oacute;n correcta del material; de este modo la polea no se sufre y se garantiza la estabilidad de todo el sistema de tracci&oacute;n del veh&iacute;culo.</p>","
Correas de transmisión de clase mundial.

Fundada en 1906, BANDO Chemical industries Ltd. es una de las marcas más experimentadas y reconocidas del mundo. Sus soluciones innovadoras y de excelente calidad situan a Bando como la primera opción del cliente. Es colaboradora esencial en el primer equipo de marcas como Kymco o Honda, además de ofrecer soluciones óptimas para una gran variedad de aplicaciones. Su excelencia productiva deriva de la calidad de sus materiales, sus procesos de fabricación y su innovación tecnológica.

El poliuretano y las fibras de arámida usadas aportan una alta resistencia al sobrecalentamiento y a la abrasión ocasionados por fluidos como el aceite de motor, la gasolina y otras grasas típicas del cárter. El corte lateral del revestimiento se realiza de modo preciso con el objetivo de evitar deformaciones y usuras de medida.

El hilo «Tetron», producto exclusivo Bando, posee una alta resistencia a la dilatación, típica del Stop & Go. Además, la tensión se distribuye uniformemente a lo largo de toda la correa.

El perfil está reforzado con arámida para evitar sobrecalentamiento y deformaciones provocadas por los cambios bruscos de tracción, las altas velocidades...

La estructura interna es de poliuretano, inyectado con alta precisión para obtener una distribución correcta del material; de este modo la polea no se sufre y se garantiza la estabilidad de todo el sistema de tracción del vehículo.",VEHICLE PARTS & ACCESSORIES,CHASSIS PARTS,CHAS. BELT,879,235,370,95,25,,,,Estándar,,,,https://api.mybihr.com/medias/1025954-1-800Wx800H?context=bWFzdGVyfHJvb3R8MjA0MDh8aW1hZ2UvanBlZ3xhRGd5TDJnM09TODRPVFk1TlRBek5UQTJORFl5THpFd01qVTVOVFF0TVY4NE1EQlhlRGd3TUVnfDUwMjYwYjIzNTkwN2Q2NDc5NjQ5NjU4OTg3OGFjYjA3ZjEwODNjNDhlNWU4ZTc2NzFiY2YyOTQ2ZWQ0MjU3ZWI,,,https://static.bihr.pro/eBihr/Pictures/BANDO-pictures.zip,Spain Warehouse (Parts)
1025955,100202,S17-012,BANDO,BANDO DRIVE BELT STANDARD,Correa de transmision BANDO Premium,54.05,44.67,22.34,000001002027,6,4010350000,0,1,"<p>Correas de transmisión de clase mundial.</p>
<p>Fundada en 1906, BANDO Chemical industries Ltd. es una de las marcas más experimentadas y reconocidas del mundo. Sus soluciones innovadoras y de excelente calidad situan a Bando como la primera opción del cliente. Es colaboradora esencial en el primer equipo de marcas como Kymco o Honda, además de ofrecer soluciones óptimas para una gran variedad de aplicaciones. Su excelencia productiva deriva de la calidad de sus materiales, sus procesos de fabricación y su innovación tecnológica.</p>
<p>El poliuretano y las fibras de arámida usadas aportan una alta resistencia al sobrecalentamiento y a la abrasión ocasionados por fluidos como el aceite de motor, la gasolina y otras grasas típicas del cárter. El corte lateral del revestimiento se realiza de modo preciso con el objetivo de evitar deformaciones y usuras de medida.</p>
<p>El hilo «Tetron», producto exclusivo Bando, posee una alta resistencia a la dilatación, típica del Stop &amp; Go. Además, la tensión se distribuye uniformemente a lo largo de toda la correa.</p>
<p>El perfil está reforzado con arámida para evitar sobrecalentamiento y deformaciones provocadas por los cambios bruscos de tracción, las altas velocidades...</p>
<p>La estructura interna es de poliuretano, inyectado con alta precisión para obtener una distribución correcta del material; de este modo la polea no se sufre y se garantiza la estabilidad de todo el sistema de tracción del vehículo.</p>
<p>OEM 1177153400</p>","
Correas de transmisión de clase mundial.

Fundada en 1906, BANDO Chemical industries Ltd. es una de las marcas más experimentadas y reconocidas del mundo. Sus soluciones innovadoras y de excelente calidad situan a Bando como la primera opción del cliente. Es colaboradora esencial en el primer equipo de marcas como Kymco o Honda, además de ofrecer soluciones óptimas para una gran variedad de aplicaciones. Su excelencia productiva deriva de la calidad de sus materiales, sus procesos de fabricación y su innovación tecnológica.

El poliuretano y las fibras de arámida usadas aportan una alta resistencia al sobrecalentamiento y a la abrasión ocasionados por fluidos como el aceite de motor, la gasolina y otras grasas típicas del cárter. El corte lateral del revestimiento se realiza de modo preciso con el objetivo de evitar deformaciones y usuras de medida.

El hilo «Tetron», producto exclusivo Bando, posee una alta resistencia a la dilatación, típica del Stop & Go. Además, la tensión se distribuye uniformemente a lo largo de toda la correa.

El perfil está reforzado con arámida para evitar sobrecalentamiento y deformaciones provocadas por los cambios bruscos de tracción, las altas velocidades...

La estructura interna es de poliuretano, inyectado con alta precisión para obtener una distribución correcta del material; de este modo la polea no se sufre y se garantiza la estabilidad de todo el sistema de tracción del vehículo.

OEM 1177153400",VEHICLE PARTS & ACCESSORIES,CHASSIS PARTS,CHAS. BELT,1010,208,374,90,30,,,,Estándar,,,,https://api.mybihr.com/medias/1025955-1-800Wx800H?context=bWFzdGVyfHJvb3R8MjA0MDh8aW1hZ2UvanBlZ3xhR0l4TDJnM01pODRPVFk1TlRBek56QXpNRGN3THpFd01qVTVOVFV0TVY4NE1EQlhlRGd3TUVnfDlkMWJlNmUzYjFhZmI4MGZkYzI0OGE1YmIwZTc2Zjk1N2JmNmVmNjZhMzNhMDU1MzI2N2Y0ZTIzYzI1YWVmZTA,,,https://static.bihr.pro/eBihr/Pictures/BANDO-pictures.zip,Spain Warehouse (Parts)
1025919,105566,B2-1799,BANDO,BANDO DRIVE BELT STANDARD,"Correa BANDO con doble dentado, reforzada",119.57,98.82,49.41,105566,18,4010350000,0,1,"<p>Correas de transmisi&oacute;n de clase mundial.</p>
<p>Fundada en 1906, BANDO Chemical industries Ltd. es una de las marcas m&aacute;s experimentadas y reconocidas del mundo. Sus soluciones innovadoras y de excelente calidad situan a Bando como la primera opci&oacute;n del cliente. Es colaboradora esencial en el primer equipo de marcas como Kymco o Honda, adem&aacute;s de ofrecer soluciones &oacute;ptimas para una gran variedad de aplicaciones. Su excelencia productiva deriva de la calidad de sus materiales, sus procesos de fabricaci&oacute;n y su innovaci&oacute;n tecnol&oacute;gica.</p>
<p>El poliuretano y las fibras de ar&aacute;mida usadas aportan una alta resistencia al sobrecalentamiento y a la abrasi&oacute;n ocasionados por fluidos como el aceite de motor, la gasolina y otras grasas t&iacute;picas del c&aacute;rter. El corte lateral del revestimiento se realiza de modo preciso con el objetivo de evitar deformaciones y usuras de medida.</p>
<p>El hilo &laquo;Tetron&raquo;, producto exclusivo Bando, posee una alta resistencia a la dilataci&oacute;n, t&iacute;pica del Stop &amp; Go. Adem&aacute;s, la tensi&oacute;n se distribuye uniformemente a lo largo de toda la correa.</p>
<p>El perfil est&aacute; reforzado con ar&aacute;mida para evitar sobrecalentamiento y deformaciones provocadas por los cambios bruscos de tracci&oacute;n, las altas velocidades...</p>
<p>La estructura interna es de poliuretano, inyectado con alta precisi&oacute;n para obtener una distribuci&oacute;n correcta del material; de este modo la polea no se sufre y se garantiza la estabilidad de todo el sistema de tracci&oacute;n del veh&iacute;culo.</p>","
Correas de transmisión de clase mundial.

Fundada en 1906, BANDO Chemical industries Ltd. es una de las marcas más experimentadas y reconocidas del mundo. Sus soluciones innovadoras y de excelente calidad situan a Bando como la primera opción del cliente. Es colaboradora esencial en el primer equipo de marcas como Kymco o Honda, además de ofrecer soluciones óptimas para una gran variedad de aplicaciones. Su excelencia productiva deriva de la calidad de sus materiales, sus procesos de fabricación y su innovación tecnológica.

El poliuretano y las fibras de arámida usadas aportan una alta resistencia al sobrecalentamiento y a la abrasión ocasionados por fluidos como el aceite de motor, la gasolina y otras grasas típicas del cárter. El corte lateral del revestimiento se realiza de modo preciso con el objetivo de evitar deformaciones y usuras de medida.

El hilo «Tetron», producto exclusivo Bando, posee una alta resistencia a la dilatación, típica del Stop & Go. Además, la tensión se distribuye uniformemente a lo largo de toda la correa.

El perfil está reforzado con arámida para evitar sobrecalentamiento y deformaciones provocadas por los cambios bruscos de tracción, las altas velocidades...

La estructura interna es de poliuretano, inyectado con alta precisión para obtener una distribución correcta del material; de este modo la polea no se sufre y se garantiza la estabilidad de todo el sistema de tracción del vehículo.",VEHICLE PARTS & ACCESSORIES,CHASSIS PARTS,CHAS. BELT,1472,244,390,111,34,,,,Estándar,,,,https://api.mybihr.com/medias/800Wx800H-1025919-1.jpg?context=bWFzdGVyfHJvb3R8NDA1NTN8aW1hZ2UvanBlZ3xhRFUzTDJneVpDOHhNREV4TmpVM01UWTBOekU0TXpndk9EQXdWM2c0TURCSVh6RXdNalU1TVRrdE1TNXFjR2N8YjEzYmJiY2NjN2U2ODdiYWU4YmFkNjBhOTFmMzRjMTY2MmEzMDEyNGUzNTA3ZmU5OWQzMzJkYmZmZDk2OTNiZA,,,https://static.bihr.pro/eBihr/Pictures/BANDO-pictures.zip,Spain Warehouse (Parts)
1025922,SB100,S02-011,BANDO,BANDO DRIVE BELT STANDARD,Correa de transmision BANDO Premium,62.24,51.44,25.72,8430525129689,12,4010350000,0,1,"<p>Correas de transmisi&oacute;n de clase mundial.</p>
<p>Fundada en 1906, BANDO Chemical industries Ltd. es una de las marcas m&aacute;s experimentadas y reconocidas del mundo. Sus soluciones innovadoras y de excelente calidad situan a Bando como la primera opci&oacute;n del cliente. Es colaboradora esencial en el primer equipo de marcas como Kymco o Honda, adem&aacute;s de ofrecer soluciones &oacute;ptimas para una gran variedad de aplicaciones. Su excelencia productiva deriva de la calidad de sus materiales, sus procesos de fabricaci&oacute;n y su innovaci&oacute;n tecnol&oacute;gica.</p>
<p>El poliuretano y las fibras de ar&aacute;mida usadas aportan una alta resistencia al sobrecalentamiento y a la abrasi&oacute;n ocasionados por fluidos como el aceite de motor, la gasolina y otras grasas t&iacute;picas del c&aacute;rter. El corte lateral del revestimiento se realiza de modo preciso con el objetivo de evitar deformaciones y usuras de medida.</p>
<p>El hilo &laquo;Tetron&raquo;, producto exclusivo Bando, posee una alta resistencia a la dilataci&oacute;n, t&iacute;pica del Stop &amp; Go. Adem&aacute;s, la tensi&oacute;n se distribuye uniformemente a lo largo de toda la correa.</p>
<p>El perfil est&aacute; reforzado con ar&aacute;mida para evitar sobrecalentamiento y deformaciones provocadas por los cambios bruscos de tracci&oacute;n, las altas velocidades...</p>
<p>La estructura interna es de poliuretano, inyectado con alta precisi&oacute;n para obtener una distribuci&oacute;n correcta del material; de este modo la polea no se sufre y se garantiza la estabilidad de todo el sistema de tracci&oacute;n del veh&iacute;culo.</p>","
Correas de transmisión de clase mundial.

Fundada en 1906, BANDO Chemical industries Ltd. es una de las marcas más experimentadas y reconocidas del mundo. Sus soluciones innovadoras y de excelente calidad situan a Bando como la primera opción del cliente. Es colaboradora esencial en el primer equipo de marcas como Kymco o Honda, además de ofrecer soluciones óptimas para una gran variedad de aplicaciones. Su excelencia productiva deriva de la calidad de sus materiales, sus procesos de fabricación y su innovación tecnológica.

El poliuretano y las fibras de arámida usadas aportan una alta resistencia al sobrecalentamiento y a la abrasión ocasionados por fluidos como el aceite de motor, la gasolina y otras grasas típicas del cárter. El corte lateral del revestimiento se realiza de modo preciso con el objetivo de evitar deformaciones y usuras de medida.

El hilo «Tetron», producto exclusivo Bando, posee una alta resistencia a la dilatación, típica del Stop & Go. Además, la tensión se distribuye uniformemente a lo largo de toda la correa.

El perfil está reforzado con arámida para evitar sobrecalentamiento y deformaciones provocadas por los cambios bruscos de tracción, las altas velocidades...

La estructura interna es de poliuretano, inyectado con alta precisión para obtener una distribución correcta del material; de este modo la polea no se sufre y se garantiza la estabilidad de todo el sistema de tracción del vehículo.",VEHICLE PARTS & ACCESSORIES,CHASSIS PARTS,CHAS. BELT,1193,256,430,111,25,,,,Estándar,,,,https://api.mybihr.com/medias/1025922-1-800Wx800H?context=bWFzdGVyfHJvb3R8MjA0MDh8aW1hZ2UvanBlZ3xhRFJpTDJnMVppODRPVFk0TmpJMk5EY3dPVFF5THpFd01qVTVNakl0TVY4NE1EQlhlRGd3TUVnfGFlNjNiY2IxYjM0M2UxOTI3ZWRhMzBlMWZmZjRlOTRiOGZkZDRlZWY5MDAyZjRlNzlmZjUzYmI5NzNhMzdlYTY,,,https://static.bihr.pro/eBihr/Pictures/BANDO-pictures.zip,Spain Warehouse (Parts)
1025925,SB016,S02-004,BANDO,BANDO DRIVE BELT STANDARD,Correa de transmision BANDO Premium,18.02,14.89,7.45,8430525045354,8,4010350000,0,1,"<p>Correas de transmisi&oacute;n de clase mundial.</p>
<p>Fundada en 1906, BANDO Chemical industries Ltd. es una de las marcas m&aacute;s experimentadas y reconocidas del mundo. Sus soluciones innovadoras y de excelente calidad situan a Bando como la primera opci&oacute;n del cliente. Es colaboradora esencial en el primer equipo de marcas como Kymco o Honda, adem&aacute;s de ofrecer soluciones &oacute;ptimas para una gran variedad de aplicaciones. Su excelencia productiva deriva de la calidad de sus materiales, sus procesos de fabricaci&oacute;n y su innovaci&oacute;n tecnol&oacute;gica.</p>
<p>El poliuretano y las fibras de ar&aacute;mida usadas aportan una alta resistencia al sobrecalentamiento y a la abrasi&oacute;n ocasionados por fluidos como el aceite de motor, la gasolina y otras grasas t&iacute;picas del c&aacute;rter. El corte lateral del revestimiento se realiza de modo preciso con el objetivo de evitar deformaciones y usuras de medida.</p>
<p>El hilo &laquo;Tetron&raquo;, producto exclusivo Bando, posee una alta resistencia a la dilataci&oacute;n, t&iacute;pica del Stop &amp; Go. Adem&aacute;s, la tensi&oacute;n se distribuye uniformemente a lo largo de toda la correa.</p>
<p>El perfil est&aacute; reforzado con ar&aacute;mida para evitar sobrecalentamiento y deformaciones provocadas por los cambios bruscos de tracci&oacute;n, las altas velocidades...</p>
<p>La estructura interna es de poliuretano, inyectado con alta precisi&oacute;n para obtener una distribuci&oacute;n correcta del material; de este modo la polea no se sufre y se garantiza la estabilidad de todo el sistema de tracci&oacute;n del veh&iacute;culo.</p>","
Correas de transmisión de clase mundial.

Fundada en 1906, BANDO Chemical industries Ltd. es una de las marcas más experimentadas y reconocidas del mundo. Sus soluciones innovadoras y de excelente calidad situan a Bando como la primera opción del cliente. Es colaboradora esencial en el primer equipo de marcas como Kymco o Honda, además de ofrecer soluciones óptimas para una gran variedad de aplicaciones. Su excelencia productiva deriva de la calidad de sus materiales, sus procesos de fabricación y su innovación tecnológica.

El poliuretano y las fibras de arámida usadas aportan una alta resistencia al sobrecalentamiento y a la abrasión ocasionados por fluidos como el aceite de motor, la gasolina y otras grasas típicas del cárter. El corte lateral del revestimiento se realiza de modo preciso con el objetivo de evitar deformaciones y usuras de medida.

El hilo «Tetron», producto exclusivo Bando, posee una alta resistencia a la dilatación, típica del Stop & Go. Además, la tensión se distribuye uniformemente a lo largo de toda la correa.

El perfil está reforzado con arámida para evitar sobrecalentamiento y deformaciones provocadas por los cambios bruscos de tracción, las altas velocidades...

La estructura interna es de poliuretano, inyectado con alta precisión para obtener una distribución correcta del material; de este modo la polea no se sufre y se garantiza la estabilidad de todo el sistema de tracción del vehículo.",VEHICLE PARTS & ACCESSORIES,CHASSIS PARTS,CHAS. BELT,744,94,350,85,25,,,,Estándar,Poliéster,,,https://api.mybihr.com/medias/1025925-1-800Wx800H?context=bWFzdGVyfHJvb3R8MjA0MDh8aW1hZ2UvanBlZ3xhRFF5TDJnd015ODRPVFk0TmpJM01EWXdOelkyTHpFd01qVTVNalV0TVY4NE1EQlhlRGd3TUVnfDliYmJkNjRhZGU3MmVmYWJkMTliMGEwYmUzMTY4NmIzMzE3ZDI0ZGUyZTU3N2JhZDIzZDcwZmE4YTIxMzk3YWM,,,https://static.bihr.pro/eBihr/Pictures/BANDO-pictures.zip,Spain Warehouse (Parts)
1025932,SB052,S18-002,BANDO,BANDO DRIVE BELT STANDARD,Correa de transmision BANDO Premium,36.58,30.23,15.12,8430525044975,25,4010350000,0,1,"<p>Correas de transmisi&oacute;n de clase mundial.</p>
<p>Fundada en 1906, BANDO Chemical industries Ltd. es una de las marcas m&aacute;s experimentadas y reconocidas del mundo. Sus soluciones innovadoras y de excelente calidad situan a Bando como la primera opci&oacute;n del cliente. Es colaboradora esencial en el primer equipo de marcas como Kymco o Honda, adem&aacute;s de ofrecer soluciones &oacute;ptimas para una gran variedad de aplicaciones. Su excelencia productiva deriva de la calidad de sus materiales, sus procesos de fabricaci&oacute;n y su innovaci&oacute;n tecnol&oacute;gica.</p>
<p>El poliuretano y las fibras de ar&aacute;mida usadas aportan una alta resistencia al sobrecalentamiento y a la abrasi&oacute;n ocasionados por fluidos como el aceite de motor, la gasolina y otras grasas t&iacute;picas del c&aacute;rter. El corte lateral del revestimiento se realiza de modo preciso con el objetivo de evitar deformaciones y usuras de medida.</p>
<p>El hilo &laquo;Tetron&raquo;, producto exclusivo Bando, posee una alta resistencia a la dilataci&oacute;n, t&iacute;pica del Stop &amp; Go. Adem&aacute;s, la tensi&oacute;n se distribuye uniformemente a lo largo de toda la correa.</p>
<p>El perfil est&aacute; reforzado con ar&aacute;mida para evitar sobrecalentamiento y deformaciones provocadas por los cambios bruscos de tracci&oacute;n, las altas velocidades...</p>
<p>La estructura interna es de poliuretano, inyectado con alta precisi&oacute;n para obtener una distribuci&oacute;n correcta del material; de este modo la polea no se sufre y se garantiza la estabilidad de todo el sistema de tracci&oacute;n del veh&iacute;culo.</p>","
Correas de transmisión de clase mundial.

Fundada en 1906, BANDO Chemical industries Ltd. es una de las marcas más experimentadas y reconocidas del mundo. Sus soluciones innovadoras y de excelente calidad situan a Bando como la primera opción del cliente. Es colaboradora esencial en el primer equipo de marcas como Kymco o Honda, además de ofrecer soluciones óptimas para una gran variedad de aplicaciones. Su excelencia productiva deriva de la calidad de sus materiales, sus procesos de fabricación y su innovación tecnológica.

El poliuretano y las fibras de arámida usadas aportan una alta resistencia al sobrecalentamiento y a la abrasión ocasionados por fluidos como el aceite de motor, la gasolina y otras grasas típicas del cárter. El corte lateral del revestimiento se realiza de modo preciso con el objetivo de evitar deformaciones y usuras de medida.

El hilo «Tetron», producto exclusivo Bando, posee una alta resistencia a la dilatación, típica del Stop & Go. Además, la tensión se distribuye uniformemente a lo largo de toda la correa.

El perfil está reforzado con arámida para evitar sobrecalentamiento y deformaciones provocadas por los cambios bruscos de tracción, las altas velocidades...

La estructura interna es de poliuretano, inyectado con alta precisión para obtener una distribución correcta del material; de este modo la polea no se sufre y se garantiza la estabilidad de todo el sistema de tracción del vehículo.",VEHICLE PARTS & ACCESSORIES,CHASSIS PARTS,CHAS. BELT,878,190,390,90,25,,,,Estándar,Poliéster,,,https://api.mybihr.com/medias/1025932-1-800Wx800H?context=bWFzdGVyfHJvb3R8MjA0MDh8aW1hZ2UvanBlZ3xhR05oTDJneE9TODRPVFk1TkRrNU1UZ3hNRGcyTHpFd01qVTVNekl0TVY4NE1EQlhlRGd3TUVnfDY2Yjg2YTllOTE3NzMwMGQ1YmVmMDlkOWY4MmQ2NWI2OTI4MmZiM2ZlYTYyOTg2N2NhZjU2NGJkYjNiOWNlNjI,,,https://static.bihr.pro/eBihr/Pictures/BANDO-pictures.zip,Spain Warehouse (Parts)
1025935,SB057,S02-003,BANDO,BANDO DRIVE BELT STANDARD,Correa de transmision BANDO Premium,24.56,20.30,10.15,8430525045378,0,4010350000,0,1,"<p>Correas de transmisi&oacute;n de clase mundial.</p>
<p>Fundada en 1906, BANDO Chemical industries Ltd. es una de las marcas m&aacute;s experimentadas y reconocidas del mundo. Sus soluciones innovadoras y de excelente calidad situan a Bando como la primera opci&oacute;n del cliente. Es colaboradora esencial en el primer equipo de marcas como Kymco o Honda, adem&aacute;s de ofrecer soluciones &oacute;ptimas para una gran variedad de aplicaciones. Su excelencia productiva deriva de la calidad de sus materiales, sus procesos de fabricaci&oacute;n y su innovaci&oacute;n tecnol&oacute;gica.</p>
<p>El poliuretano y las fibras de ar&aacute;mida usadas aportan una alta resistencia al sobrecalentamiento y a la abrasi&oacute;n ocasionados por fluidos como el aceite de motor, la gasolina y otras grasas t&iacute;picas del c&aacute;rter. El corte lateral del revestimiento se realiza de modo preciso con el objetivo de evitar deformaciones y usuras de medida.</p>
<p>El hilo &laquo;Tetron&raquo;, producto exclusivo Bando, posee una alta resistencia a la dilataci&oacute;n, t&iacute;pica del Stop &amp; Go. Adem&aacute;s, la tensi&oacute;n se distribuye uniformemente a lo largo de toda la correa.</p>
<p>El perfil est&aacute; reforzado con ar&aacute;mida para evitar sobrecalentamiento y deformaciones provocadas por los cambios bruscos de tracci&oacute;n, las altas velocidades...</p>
<p>La estructura interna es de poliuretano, inyectado con alta precisi&oacute;n para obtener una distribuci&oacute;n correcta del material; de este modo la polea no se sufre y se garantiza la estabilidad de todo el sistema de tracci&oacute;n del veh&iacute;culo.</p>","
Correas de transmisión de clase mundial.

Fundada en 1906, BANDO Chemical industries Ltd. es una de las marcas más experimentadas y reconocidas del mundo. Sus soluciones innovadoras y de excelente calidad situan a Bando como la primera opción del cliente. Es colaboradora esencial en el primer equipo de marcas como Kymco o Honda, además de ofrecer soluciones óptimas para una gran variedad de aplicaciones. Su excelencia productiva deriva de la calidad de sus materiales, sus procesos de fabricación y su innovación tecnológica.

El poliuretano y las fibras de arámida usadas aportan una alta resistencia al sobrecalentamiento y a la abrasión ocasionados por fluidos como el aceite de motor, la gasolina y otras grasas típicas del cárter. El corte lateral del revestimiento se realiza de modo preciso con el objetivo de evitar deformaciones y usuras de medida.

El hilo «Tetron», producto exclusivo Bando, posee una alta resistencia a la dilatación, típica del Stop & Go. Además, la tensión se distribuye uniformemente a lo largo de toda la correa.

El perfil está reforzado con arámida para evitar sobrecalentamiento y deformaciones provocadas por los cambios bruscos de tracción, las altas velocidades...

La estructura interna es de poliuretano, inyectado con alta precisión para obtener una distribución correcta del material; de este modo la polea no se sufre y se garantiza la estabilidad de todo el sistema de tracción del vehículo.",VEHICLE PARTS & ACCESSORIES,CHASSIS PARTS,CHAS. BELT,872,151,335,93,28,,,,Estándar,Poliéster,,,https://api.mybihr.com/medias/1025935-1-800Wx800H?context=bWFzdGVyfHJvb3R8MjA0MDh8aW1hZ2UvanBlZ3xhREk0TDJneVpTODRPVFk1TkRrNU56Y3dPVEV3THpFd01qVTVNelV0TVY4NE1EQlhlRGd3TUVnfDI5MjhkZTI5NWNlODg5YmQ4N2M4NTM3ZmI0NzhjZjQxOGIyMGI1Njg3YzM2ODcyNmFiNDY4YjZhYWVlZTE2Mzk,,,https://static.bihr.pro/eBihr/Pictures/BANDO-pictures.zip,Spain Warehouse (Parts)
1025937,SB060,S02-008,BANDO,BANDO DRIVE BELT STANDARD,Correa de transmision BANDO Premium,43.68,36.10,18.05,8430525045392,1,4010350000,0,1,"<p>Correas de transmisi&oacute;n de clase mundial.</p>
<p>Fundada en 1906, BANDO Chemical industries Ltd. es una de las marcas m&aacute;s experimentadas y reconocidas del mundo. Sus soluciones innovadoras y de excelente calidad situan a Bando como la primera opci&oacute;n del cliente. Es colaboradora esencial en el primer equipo de marcas como Kymco o Honda, adem&aacute;s de ofrecer soluciones &oacute;ptimas para una gran variedad de aplicaciones. Su excelencia productiva deriva de la calidad de sus materiales, sus procesos de fabricaci&oacute;n y su innovaci&oacute;n tecnol&oacute;gica.</p>
<p>El poliuretano y las fibras de ar&aacute;mida usadas aportan una alta resistencia al sobrecalentamiento y a la abrasi&oacute;n ocasionados por fluidos como el aceite de motor, la gasolina y otras grasas t&iacute;picas del c&aacute;rter. El corte lateral del revestimiento se realiza de modo preciso con el objetivo de evitar deformaciones y usuras de medida.</p>
<p>El hilo &laquo;Tetron&raquo;, producto exclusivo Bando, posee una alta resistencia a la dilataci&oacute;n, t&iacute;pica del Stop &amp; Go. Adem&aacute;s, la tensi&oacute;n se distribuye uniformemente a lo largo de toda la correa.</p>
<p>El perfil est&aacute; reforzado con ar&aacute;mida para evitar sobrecalentamiento y deformaciones provocadas por los cambios bruscos de tracci&oacute;n, las altas velocidades...</p>
<p>La estructura interna es de poliuretano, inyectado con alta precisi&oacute;n para obtener una distribuci&oacute;n correcta del material; de este modo la polea no se sufre y se garantiza la estabilidad de todo el sistema de tracci&oacute;n del veh&iacute;culo.</p>","
Correas de transmisión de clase mundial.

Fundada en 1906, BANDO Chemical industries Ltd. es una de las marcas más experimentadas y reconocidas del mundo. Sus soluciones innovadoras y de excelente calidad situan a Bando como la primera opción del cliente. Es colaboradora esencial en el primer equipo de marcas como Kymco o Honda, además de ofrecer soluciones óptimas para una gran variedad de aplicaciones. Su excelencia productiva deriva de la calidad de sus materiales, sus procesos de fabricación y su innovación tecnológica.

El poliuretano y las fibras de arámida usadas aportan una alta resistencia al sobrecalentamiento y a la abrasión ocasionados por fluidos como el aceite de motor, la gasolina y otras grasas típicas del cárter. El corte lateral del revestimiento se realiza de modo preciso con el objetivo de evitar deformaciones y usuras de medida.

El hilo «Tetron», producto exclusivo Bando, posee una alta resistencia a la dilatación, típica del Stop & Go. Además, la tensión se distribuye uniformemente a lo largo de toda la correa.

El perfil está reforzado con arámida para evitar sobrecalentamiento y deformaciones provocadas por los cambios bruscos de tracción, las altas velocidades...

La estructura interna es de poliuretano, inyectado con alta precisión para obtener una distribución correcta del material; de este modo la polea no se sufre y se garantiza la estabilidad de todo el sistema de tracción del vehículo.",VEHICLE PARTS & ACCESSORIES,CHASSIS PARTS,CHAS. BELT,2108,215,390,159,34,,,,Estándar,,,,https://api.mybihr.com/medias/1025937-1-800Wx800H?context=bWFzdGVyfHJvb3R8MjA0MDh8aW1hZ2UvanBlZ3xhREU0TDJnell5ODRPVFk1TlRBd01UWTBNVEkyTHpFd01qVTVNemN0TVY4NE1EQlhlRGd3TUVnfDRiZGM5NzBlYjhlMDAzMTQ5MDg3ZmNlMGFlNWNjOTg1ODQ2MTMzNmFhZDVmMmM5ZWMxMjZmNGM0OTI5Mjc4N2I,,,https://static.bihr.pro/eBihr/Pictures/BANDO-pictures.zip,Spain Warehouse (Parts)
1025920,100168,B2-1135,BANDO,BANDO DRIVE BELT STANDARD,Correa de transmision BANDO Premium,130.50,107.85,53.93,100168,1,4010350000,0,1,"<p>Correas de transmisi&oacute;n de clase mundial.</p>
<p>Fundada en 1906, BANDO Chemical industries Ltd. es una de las marcas m&aacute;s experimentadas y reconocidas del mundo. Sus soluciones innovadoras y de excelente calidad situan a Bando como la primera opci&oacute;n del cliente. Es colaboradora esencial en el primer equipo de marcas como Kymco o Honda, adem&aacute;s de ofrecer soluciones &oacute;ptimas para una gran variedad de aplicaciones. Su excelencia productiva deriva de la calidad de sus materiales, sus procesos de fabricaci&oacute;n y su innovaci&oacute;n tecnol&oacute;gica.</p>
<p>El poliuretano y las fibras de ar&aacute;mida usadas aportan una alta resistencia al sobrecalentamiento y a la abrasi&oacute;n ocasionados por fluidos como el aceite de motor, la gasolina y otras grasas t&iacute;picas del c&aacute;rter. El corte lateral del revestimiento se realiza de modo preciso con el objetivo de evitar deformaciones y usuras de medida.</p>
<p>El hilo &laquo;Tetron&raquo;, producto exclusivo Bando, posee una alta resistencia a la dilataci&oacute;n, t&iacute;pica del Stop &amp; Go. Adem&aacute;s, la tensi&oacute;n se distribuye uniformemente a lo largo de toda la correa.</p>
<p>El perfil est&aacute; reforzado con ar&aacute;mida para evitar sobrecalentamiento y deformaciones provocadas por los cambios bruscos de tracci&oacute;n, las altas velocidades...</p>
<p>La estructura interna es de poliuretano, inyectado con alta precisi&oacute;n para obtener una distribuci&oacute;n correcta del material; de este modo la polea no se sufre y se garantiza la estabilidad de todo el sistema de tracci&oacute;n del veh&iacute;culo.</p>","
Correas de transmisión de clase mundial.

Fundada en 1906, BANDO Chemical industries Ltd. es una de las marcas más experimentadas y reconocidas del mundo. Sus soluciones innovadoras y de excelente calidad situan a Bando como la primera opción del cliente. Es colaboradora esencial en el primer equipo de marcas como Kymco o Honda, además de ofrecer soluciones óptimas para una gran variedad de aplicaciones. Su excelencia productiva deriva de la calidad de sus materiales, sus procesos de fabricación y su innovación tecnológica.

El poliuretano y las fibras de arámida usadas aportan una alta resistencia al sobrecalentamiento y a la abrasión ocasionados por fluidos como el aceite de motor, la gasolina y otras grasas típicas del cárter. El corte lateral del revestimiento se realiza de modo preciso con el objetivo de evitar deformaciones y usuras de medida.

El hilo «Tetron», producto exclusivo Bando, posee una alta resistencia a la dilatación, típica del Stop & Go. Además, la tensión se distribuye uniformemente a lo largo de toda la correa.

El perfil está reforzado con arámida para evitar sobrecalentamiento y deformaciones provocadas por los cambios bruscos de tracción, las altas velocidades...

La estructura interna es de poliuretano, inyectado con alta precisión para obtener una distribución correcta del material; de este modo la polea no se sufre y se garantiza la estabilidad de todo el sistema de tracción del vehículo.",VEHICLE PARTS & ACCESSORIES,CHASSIS PARTS,CHAS. BELT,1273,347,390,96,34,,,,Estándar,,,,https://api.mybihr.com/medias/1025920-1-800Wx800H?context=bWFzdGVyfHJvb3R8MjczNzV8aW1hZ2UvanBlZ3xhR0l4TDJnek5DODRPVFk1TkRrNE9UZzBORGM0THpFd01qVTVNakF0TVY4NE1EQlhlRGd3TUVnfGJlZmY5MTlhY2ZhOTFhMDc0YzBlYmRjZWViNGQ4Yjk0YTBhNDFhMGM2MjU1ZWVjN2E1M2RmNzUxNDUyYzNjYTY,,,https://static.bihr.pro/eBihr/Pictures/BANDO-pictures.zip,Spain Warehouse (Parts)
1025923,SB013,S05-001,BANDO,BANDO DRIVE BELT STANDARD,Correa de transmision BANDO Premium,30.03,24.82,12.41,8430525129535,0,4010350000,0,1,"<p>Correas de transmisi&oacute;n de clase mundial.</p>
<p>Fundada en 1906, BANDO Chemical industries Ltd. es una de las marcas m&aacute;s experimentadas y reconocidas del mundo. Sus soluciones innovadoras y de excelente calidad situan a Bando como la primera opci&oacute;n del cliente. Es colaboradora esencial en el primer equipo de marcas como Kymco o Honda, adem&aacute;s de ofrecer soluciones &oacute;ptimas para una gran variedad de aplicaciones. Su excelencia productiva deriva de la calidad de sus materiales, sus procesos de fabricaci&oacute;n y su innovaci&oacute;n tecnol&oacute;gica.</p>
<p>El poliuretano y las fibras de ar&aacute;mida usadas aportan una alta resistencia al sobrecalentamiento y a la abrasi&oacute;n ocasionados por fluidos como el aceite de motor, la gasolina y otras grasas t&iacute;picas del c&aacute;rter. El corte lateral del revestimiento se realiza de modo preciso con el objetivo de evitar deformaciones y usuras de medida.</p>
<p>El hilo &laquo;Tetron&raquo;, producto exclusivo Bando, posee una alta resistencia a la dilataci&oacute;n, t&iacute;pica del Stop &amp; Go. Adem&aacute;s, la tensi&oacute;n se distribuye uniformemente a lo largo de toda la correa.</p>
<p>El perfil est&aacute; reforzado con ar&aacute;mida para evitar sobrecalentamiento y deformaciones provocadas por los cambios bruscos de tracci&oacute;n, las altas velocidades...</p>
<p>La estructura interna es de poliuretano, inyectado con alta precisi&oacute;n para obtener una distribuci&oacute;n correcta del material; de este modo la polea no se sufre y se garantiza la estabilidad de todo el sistema de tracci&oacute;n del veh&iacute;culo.</p>","
Correas de transmisión de clase mundial.

Fundada en 1906, BANDO Chemical industries Ltd. es una de las marcas más experimentadas y reconocidas del mundo. Sus soluciones innovadoras y de excelente calidad situan a Bando como la primera opción del cliente. Es colaboradora esencial en el primer equipo de marcas como Kymco o Honda, además de ofrecer soluciones óptimas para una gran variedad de aplicaciones. Su excelencia productiva deriva de la calidad de sus materiales, sus procesos de fabricación y su innovación tecnológica.

El poliuretano y las fibras de arámida usadas aportan una alta resistencia al sobrecalentamiento y a la abrasión ocasionados por fluidos como el aceite de motor, la gasolina y otras grasas típicas del cárter. El corte lateral del revestimiento se realiza de modo preciso con el objetivo de evitar deformaciones y usuras de medida.

El hilo «Tetron», producto exclusivo Bando, posee una alta resistencia a la dilatación, típica del Stop & Go. Además, la tensión se distribuye uniformemente a lo largo de toda la correa.

El perfil está reforzado con arámida para evitar sobrecalentamiento y deformaciones provocadas por los cambios bruscos de tracción, las altas velocidades...

La estructura interna es de poliuretano, inyectado con alta precisión para obtener una distribución correcta del material; de este modo la polea no se sufre y se garantiza la estabilidad de todo el sistema de tracción del vehículo.",VEHICLE PARTS & ACCESSORIES,CHASSIS PARTS,CHAS. BELT,1914,151,537,162,22,,,,Estándar,Poliéster,,,https://api.mybihr.com/medias/1025923-1-800Wx800H?context=bWFzdGVyfHJvb3R8MjA0MDh8aW1hZ2UvanBlZ3xhRGhsTDJnMU9DODRPVFk0TmpJMk5qWTNOVFV3THpFd01qVTVNak10TVY4NE1EQlhlRGd3TUVnfGRjNzVjZDA4YzYzYmVmOGMzZTE0NzcxZGYzYmViZDRmNDJlNzQyZDUzZGE0YzkwN2IxNWFkMzNkMTEzOWYwZDM,,,https://static.bihr.pro/eBihr/Pictures/BANDO-pictures.zip,Spain Warehouse (Parts)
1048055,,S04-010,BANDO,BANDO DRIVE BELT STANDARD,Correa de transmision BANDO Premium,31.00,25.62,12.81,10100050,0,4010350000,0,1,"<p>Correas de transmisi&oacute;n de clase mundial.</p>
<p>Fundada en 1906, BANDO Chemical industries Ltd. es una de las marcas m&aacute;s experimentadas y reconocidas del mundo. Sus soluciones innovadoras y de excelente calidad situan a Bando como la primera opci&oacute;n del cliente. Es colaboradora esencial en el primer equipo de marcas como Kymco o Honda, adem&aacute;s de ofrecer soluciones &oacute;ptimas para una gran variedad de aplicaciones. Su excelencia productiva deriva de la calidad de sus materiales, sus procesos de fabricaci&oacute;n y su innovaci&oacute;n tecnol&oacute;gica.</p>
<p>El poliuretano y las fibras de ar&aacute;mida usadas aportan una alta resistencia al sobrecalentamiento y a la abrasi&oacute;n ocasionados por fluidos como el aceite de motor, la gasolina y otras grasas t&iacute;picas del c&aacute;rter. El corte lateral del revestimiento se realiza de modo preciso con el objetivo de evitar deformaciones y usuras de medida.</p>
<p>El hilo &laquo;Tetron&raquo;, producto exclusivo Bando, posee una alta resistencia a la dilataci&oacute;n, t&iacute;pica del Stop &amp; Go. Adem&aacute;s, la tensi&oacute;n se distribuye uniformemente a lo largo de toda la correa.</p>
<p>El perfil est&aacute; reforzado con ar&aacute;mida para evitar sobrecalentamiento y deformaciones provocadas por los cambios bruscos de tracci&oacute;n, las altas velocidades...</p>
<p>La estructura interna es de poliuretano, inyectado con alta precisi&oacute;n para obtener una distribuci&oacute;n correcta del material; de este modo la polea no se sufre y se garantiza la estabilidad de todo el sistema de tracci&oacute;n del veh&iacute;culo.</p>","
Correas de transmisión de clase mundial.

Fundada en 1906, BANDO Chemical industries Ltd. es una de las marcas más experimentadas y reconocidas del mundo. Sus soluciones innovadoras y de excelente calidad situan a Bando como la primera opción del cliente. Es colaboradora esencial en el primer equipo de marcas como Kymco o Honda, además de ofrecer soluciones óptimas para una gran variedad de aplicaciones. Su excelencia productiva deriva de la calidad de sus materiales, sus procesos de fabricación y su innovación tecnológica.

El poliuretano y las fibras de arámida usadas aportan una alta resistencia al sobrecalentamiento y a la abrasión ocasionados por fluidos como el aceite de motor, la gasolina y otras grasas típicas del cárter. El corte lateral del revestimiento se realiza de modo preciso con el objetivo de evitar deformaciones y usuras de medida.

El hilo «Tetron», producto exclusivo Bando, posee una alta resistencia a la dilatación, típica del Stop & Go. Además, la tensión se distribuye uniformemente a lo largo de toda la correa.

El perfil está reforzado con arámida para evitar sobrecalentamiento y deformaciones provocadas por los cambios bruscos de tracción, las altas velocidades...

La estructura interna es de poliuretano, inyectado con alta precisión para obtener una distribución correcta del material; de este modo la polea no se sufre y se garantiza la estabilidad de todo el sistema de tracción del vehículo.",VEHICLE PARTS & ACCESSORIES,CHASSIS PARTS,CHAS. BELT,982,183,93,364,29,,,,Estándar,Poliéster,,,https://api.mybihr.com/medias/1048055-1-800Wx800H?context=bWFzdGVyfHJvb3R8MjA1MDR8aW1hZ2UvanBlZ3xhR1ptTDJoaU5pODRPVGN4TURZd056QTNNelU0THpFd05EZ3dOVFV0TVY4NE1EQlhlRGd3TUVnfDk2OGU5MWMxOTAxNGI1YjM1YTE4YmQwNTU2MDM5ZWJkYTI0YmQwMGM2ZDAxYzdkODk3MzQ3ZDY0NTg4MTRmYzM,,,https://static.bihr.pro/eBihr/Pictures/BANDO-pictures.zip,Spain Warehouse (Parts)
1042206,SB030,S09-002,BANDO,BANDO DRIVE BELT STANDARD,Correa de transmision BANDO Premium,17.85,14.75,7.38,8430525129573,7,4010350000,0,1,"<p>Correas de transmisi&oacute;n de clase mundial.</p>
<p>Fundada en 1906, BANDO Chemical industries Ltd. es una de las marcas m&aacute;s experimentadas y reconocidas del mundo. Sus soluciones innovadoras y de excelente calidad situan a Bando como la primera opci&oacute;n del cliente. Es colaboradora esencial en el primer equipo de marcas como Kymco o Honda, adem&aacute;s de ofrecer soluciones &oacute;ptimas para una gran variedad de aplicaciones. Su excelencia productiva deriva de la calidad de sus materiales, sus procesos de fabricaci&oacute;n y su innovaci&oacute;n tecnol&oacute;gica.</p>
<p>El poliuretano y las fibras de ar&aacute;mida usadas aportan una alta resistencia al sobrecalentamiento y a la abrasi&oacute;n ocasionados por fluidos como el aceite de motor, la gasolina y otras grasas t&iacute;picas del c&aacute;rter. El corte lateral del revestimiento se realiza de modo preciso con el objetivo de evitar deformaciones y usuras de medida.</p>
<p>El hilo &laquo;Tetron&raquo;, producto exclusivo Bando, posee una alta resistencia a la dilataci&oacute;n, t&iacute;pica del Stop &amp; Go. Adem&aacute;s, la tensi&oacute;n se distribuye uniformemente a lo largo de toda la correa.</p>
<p>El perfil est&aacute; reforzado con ar&aacute;mida para evitar sobrecalentamiento y deformaciones provocadas por los cambios bruscos de tracci&oacute;n, las altas velocidades...</p>
<p>La estructura interna es de poliuretano, inyectado con alta precisi&oacute;n para obtener una distribuci&oacute;n correcta del material; de este modo la polea no se sufre y se garantiza la estabilidad de todo el sistema de tracci&oacute;n del veh&iacute;culo.</p>","
Correas de transmisión de clase mundial.

Fundada en 1906, BANDO Chemical industries Ltd. es una de las marcas más experimentadas y reconocidas del mundo. Sus soluciones innovadoras y de excelente calidad situan a Bando como la primera opción del cliente. Es colaboradora esencial en el primer equipo de marcas como Kymco o Honda, además de ofrecer soluciones óptimas para una gran variedad de aplicaciones. Su excelencia productiva deriva de la calidad de sus materiales, sus procesos de fabricación y su innovación tecnológica.

El poliuretano y las fibras de arámida usadas aportan una alta resistencia al sobrecalentamiento y a la abrasión ocasionados por fluidos como el aceite de motor, la gasolina y otras grasas típicas del cárter. El corte lateral del revestimiento se realiza de modo preciso con el objetivo de evitar deformaciones y usuras de medida.

El hilo «Tetron», producto exclusivo Bando, posee una alta resistencia a la dilatación, típica del Stop & Go. Además, la tensión se distribuye uniformemente a lo largo de toda la correa.

El perfil está reforzado con arámida para evitar sobrecalentamiento y deformaciones provocadas por los cambios bruscos de tracción, las altas velocidades...

La estructura interna es de poliuretano, inyectado con alta precisión para obtener una distribución correcta del material; de este modo la polea no se sufre y se garantiza la estabilidad de todo el sistema de tracción del vehículo.",VEHICLE PARTS & ACCESSORIES,CHASSIS PARTS,CHAS. BELT,1839,84,303,164,37,,,,Estándar,Poliéster,,,https://api.mybihr.com/medias/1042206-1-800Wx800H?context=bWFzdGVyfHJvb3R8MjA0MDh8aW1hZ2UvanBlZ3xhRGsyTDJobU15ODRPVGN3TWpNNU5UQTROVEV3THpFd05ESXlNRFl0TVY4NE1EQlhlRGd3TUVnfGRlMDZlY2ZiMmVhNzllZGM0ZmFhZWQwNWZkMTQ2MzU2MDQ5N2FiMTM3NWRhNGI4YmI5OWZjYjViZjlkMjhhZTE,,,https://static.bihr.pro/eBihr/Pictures/BANDO-pictures.zip,Spain Warehouse (Parts)
1042209,SB067,S05-019,BANDO,BANDO DRIVE BELT STANDARD,Correa de transmision BANDO Premium,33.08,27.34,13.67,8430525045057,82,4010350000,0,1,"<p>Correas de transmisi&oacute;n de clase mundial.</p>
<p>Fundada en 1906, BANDO Chemical industries Ltd. es una de las marcas m&aacute;s experimentadas y reconocidas del mundo. Sus soluciones innovadoras y de excelente calidad situan a Bando como la primera opci&oacute;n del cliente. Es colaboradora esencial en el primer equipo de marcas como Kymco o Honda, adem&aacute;s de ofrecer soluciones &oacute;ptimas para una gran variedad de aplicaciones. Su excelencia productiva deriva de la calidad de sus materiales, sus procesos de fabricaci&oacute;n y su innovaci&oacute;n tecnol&oacute;gica.</p>
<p>El poliuretano y las fibras de ar&aacute;mida usadas aportan una alta resistencia al sobrecalentamiento y a la abrasi&oacute;n ocasionados por fluidos como el aceite de motor, la gasolina y otras grasas t&iacute;picas del c&aacute;rter. El corte lateral del revestimiento se realiza de modo preciso con el objetivo de evitar deformaciones y usuras de medida.</p>
<p>El hilo &laquo;Tetron&raquo;, producto exclusivo Bando, posee una alta resistencia a la dilataci&oacute;n, t&iacute;pica del Stop &amp; Go. Adem&aacute;s, la tensi&oacute;n se distribuye uniformemente a lo largo de toda la correa.</p>
<p>El perfil est&aacute; reforzado con ar&aacute;mida para evitar sobrecalentamiento y deformaciones provocadas por los cambios bruscos de tracci&oacute;n, las altas velocidades...</p>
<p>La estructura interna es de poliuretano, inyectado con alta precisi&oacute;n para obtener una distribuci&oacute;n correcta del material; de este modo la polea no se sufre y se garantiza la estabilidad de todo el sistema de tracci&oacute;n del veh&iacute;culo.</p>","
Correas de transmisión de clase mundial.

Fundada en 1906, BANDO Chemical industries Ltd. es una de las marcas más experimentadas y reconocidas del mundo. Sus soluciones innovadoras y de excelente calidad situan a Bando como la primera opción del cliente. Es colaboradora esencial en el primer equipo de marcas como Kymco o Honda, además de ofrecer soluciones óptimas para una gran variedad de aplicaciones. Su excelencia productiva deriva de la calidad de sus materiales, sus procesos de fabricación y su innovación tecnológica.

El poliuretano y las fibras de arámida usadas aportan una alta resistencia al sobrecalentamiento y a la abrasión ocasionados por fluidos como el aceite de motor, la gasolina y otras grasas típicas del cárter. El corte lateral del revestimiento se realiza de modo preciso con el objetivo de evitar deformaciones y usuras de medida.

El hilo «Tetron», producto exclusivo Bando, posee una alta resistencia a la dilatación, típica del Stop & Go. Además, la tensión se distribuye uniformemente a lo largo de toda la correa.

El perfil está reforzado con arámida para evitar sobrecalentamiento y deformaciones provocadas por los cambios bruscos de tracción, las altas velocidades...

La estructura interna es de poliuretano, inyectado con alta precisión para obtener una distribución correcta del material; de este modo la polea no se sufre y se garantiza la estabilidad de todo el sistema de tracción del vehículo.",VEHICLE PARTS & ACCESSORIES,CHASSIS PARTS,CHAS. BELT,1351,201,390,105,33,,,,Estándar,Poliéster,,,https://api.mybihr.com/medias/1042209-1-800Wx800H?context=bWFzdGVyfHJvb3R8MjA0MDh8aW1hZ2UvanBlZ3xhR1ZoTDJnd05DODRPVGN3TWpRd01EazRNek0wTHpFd05ESXlNRGt0TVY4NE1EQlhlRGd3TUVnfDdlZmQzNWQ2Zjc4NWVjMWNhM2VjMjk3OTI5MTIxN2I4ZDE3ZWIxOTUxZGU1NDJjOWU1NWE4YjlhM2FjNjE5ZTk,,,https://static.bihr.pro/eBihr/Pictures/BANDO-pictures.zip,Spain Warehouse (Parts)
1042197,SB110,B5-0818,BANDO,BANDO DRIVE BELT STANDARD,Correa de transmision BANDO Premium,116.49,96.27,48.14,8430525129696,13,4010350000,0,1,"<p>Correas de transmisi&oacute;n de clase mundial.</p>
<p>Fundada en 1906, BANDO Chemical industries Ltd. es una de las marcas m&aacute;s experimentadas y reconocidas del mundo. Sus soluciones innovadoras y de excelente calidad situan a Bando como la primera opci&oacute;n del cliente. Es colaboradora esencial en el primer equipo de marcas como Kymco o Honda, adem&aacute;s de ofrecer soluciones &oacute;ptimas para una gran variedad de aplicaciones. Su excelencia productiva deriva de la calidad de sus materiales, sus procesos de fabricaci&oacute;n y su innovaci&oacute;n tecnol&oacute;gica.</p>
<p>El poliuretano y las fibras de ar&aacute;mida usadas aportan una alta resistencia al sobrecalentamiento y a la abrasi&oacute;n ocasionados por fluidos como el aceite de motor, la gasolina y otras grasas t&iacute;picas del c&aacute;rter. El corte lateral del revestimiento se realiza de modo preciso con el objetivo de evitar deformaciones y usuras de medida.</p>
<p>El hilo &laquo;Tetron&raquo;, producto exclusivo Bando, posee una alta resistencia a la dilataci&oacute;n, t&iacute;pica del Stop &amp; Go. Adem&aacute;s, la tensi&oacute;n se distribuye uniformemente a lo largo de toda la correa.</p>
<p>El perfil est&aacute; reforzado con ar&aacute;mida para evitar sobrecalentamiento y deformaciones provocadas por los cambios bruscos de tracci&oacute;n, las altas velocidades...</p>
<p>La estructura interna es de poliuretano, inyectado con alta precisi&oacute;n para obtener una distribuci&oacute;n correcta del material; de este modo la polea no se sufre y se garantiza la estabilidad de todo el sistema de tracci&oacute;n del veh&iacute;culo.</p>","
Correas de transmisión de clase mundial.

Fundada en 1906, BANDO Chemical industries Ltd. es una de las marcas más experimentadas y reconocidas del mundo. Sus soluciones innovadoras y de excelente calidad situan a Bando como la primera opción del cliente. Es colaboradora esencial en el primer equipo de marcas como Kymco o Honda, además de ofrecer soluciones óptimas para una gran variedad de aplicaciones. Su excelencia productiva deriva de la calidad de sus materiales, sus procesos de fabricación y su innovación tecnológica.

El poliuretano y las fibras de arámida usadas aportan una alta resistencia al sobrecalentamiento y a la abrasión ocasionados por fluidos como el aceite de motor, la gasolina y otras grasas típicas del cárter. El corte lateral del revestimiento se realiza de modo preciso con el objetivo de evitar deformaciones y usuras de medida.

El hilo «Tetron», producto exclusivo Bando, posee una alta resistencia a la dilatación, típica del Stop & Go. Además, la tensión se distribuye uniformemente a lo largo de toda la correa.

El perfil está reforzado con arámida para evitar sobrecalentamiento y deformaciones provocadas por los cambios bruscos de tracción, las altas velocidades...

La estructura interna es de poliuretano, inyectado con alta precisión para obtener una distribución correcta del material; de este modo la polea no se sufre y se garantiza la estabilidad de todo el sistema de tracción del vehículo.",VEHICLE PARTS & ACCESSORIES,CHASSIS PARTS,CHAS. BELT,1602,315,390,111,37,,,,Estándar,,,,https://api.mybihr.com/medias/1042197-1-800Wx800H?context=bWFzdGVyfHJvb3R8MjA0MDh8aW1hZ2UvanBlZ3xhREkyTDJneU55ODRPVGN3TWpNM056TTVNRE00THpFd05ESXhPVGN0TVY4NE1EQlhlRGd3TUVnfGJmMzYyZTdhOGFhYjFhZWQ2YjE0ZjY4NTQ2MGVlYmVhM2ZlMDQ0ZDY5Y2E3ZTliMDI5YzQzMjUzZTgxNDE5M2M,,,https://static.bihr.pro/eBihr/Pictures/BANDO-pictures.zip,Spain Warehouse (Parts)
1038777,SB095,SB095,BANDO,BANDO DRIVE BELT STANDARD,Correa de transmision BANDO Premium,20.57,17.00,5.47,8430525105799,12,4010350000,0,1,"<p>Correas de transmisi&oacute;n de clase mundial.</p>
<p>Fundada en 1906, BANDO Chemical industries Ltd. es una de las marcas m&aacute;s experimentadas y reconocidas del mundo. Sus soluciones innovadoras y de excelente calidad situan a Bando como la primera opci&oacute;n del cliente. Es colaboradora esencial en el primer equipo de marcas como Kymco o Honda, adem&aacute;s de ofrecer soluciones &oacute;ptimas para una gran variedad de aplicaciones. Su excelencia productiva deriva de la calidad de sus materiales, sus procesos de fabricaci&oacute;n y su innovaci&oacute;n tecnol&oacute;gica.</p>
<p>El poliuretano y las fibras de ar&aacute;mida usadas aportan una alta resistencia al sobrecalentamiento y a la abrasi&oacute;n ocasionados por fluidos como el aceite de motor, la gasolina y otras grasas t&iacute;picas del c&aacute;rter. El corte lateral del revestimiento se realiza de modo preciso con el objetivo de evitar deformaciones y usuras de medida.</p>
<p>El hilo &laquo;Tetron&raquo;, producto exclusivo Bando, posee una alta resistencia a la dilataci&oacute;n, t&iacute;pica del Stop &amp; Go. Adem&aacute;s, la tensi&oacute;n se distribuye uniformemente a lo largo de toda la correa.</p>
<p>El perfil est&aacute; reforzado con ar&aacute;mida para evitar sobrecalentamiento y deformaciones provocadas por los cambios bruscos de tracci&oacute;n, las altas velocidades...</p>
<p>La estructura interna es de poliuretano, inyectado con alta precisi&oacute;n para obtener una distribuci&oacute;n correcta del material; de este modo la polea no se sufre y se garantiza la estabilidad de todo el sistema de tracci&oacute;n del veh&iacute;culo.</p>","
Correas de transmisión de clase mundial.

Fundada en 1906, BANDO Chemical industries Ltd. es una de las marcas más experimentadas y reconocidas del mundo. Sus soluciones innovadoras y de excelente calidad situan a Bando como la primera opción del cliente. Es colaboradora esencial en el primer equipo de marcas como Kymco o Honda, además de ofrecer soluciones óptimas para una gran variedad de aplicaciones. Su excelencia productiva deriva de la calidad de sus materiales, sus procesos de fabricación y su innovación tecnológica.

El poliuretano y las fibras de arámida usadas aportan una alta resistencia al sobrecalentamiento y a la abrasión ocasionados por fluidos como el aceite de motor, la gasolina y otras grasas típicas del cárter. El corte lateral del revestimiento se realiza de modo preciso con el objetivo de evitar deformaciones y usuras de medida.

El hilo «Tetron», producto exclusivo Bando, posee una alta resistencia a la dilatación, típica del Stop & Go. Además, la tensión se distribuye uniformemente a lo largo de toda la correa.

El perfil está reforzado con arámida para evitar sobrecalentamiento y deformaciones provocadas por los cambios bruscos de tracción, las altas velocidades...

La estructura interna es de poliuretano, inyectado con alta precisión para obtener una distribución correcta del material; de este modo la polea no se sufre y se garantiza la estabilidad de todo el sistema de tracción del vehículo.",VEHICLE PARTS & ACCESSORIES,CHASSIS PARTS,CHAS. BELT,1683,94,141,306,39,,,,Estándar,,,,https://api.mybihr.com/medias/1038777-1-800Wx800H?context=bWFzdGVyfHJvb3R8MzQ4MDh8aW1hZ2UvanBlZ3xhR0UwTDJoaE1DOHhOVFF5TlRjMk5ESXlPVEUxTUM4eE1ETTROemMzTFRGZk9EQXdWM2c0TURCSXwyN2U5N2FhZjg3OGJkMTFjZTdkMDhmYzA5ZGY2NzA2YzAwYjBmYTk3NmJkMThjNzdkOTYyNmEyZDM4ODA4MDJk,https://api.mybihr.com/medias/1038777-2-800Wx800H?context=bWFzdGVyfHJvb3R8Mzk3NTN8aW1hZ2UvanBlZ3xhREEwTDJnNU15OHhOVFF5TlRjMk5EWXlNak0yTmk4eE1ETTROemMzTFRKZk9EQXdWM2c0TURCSXw1ZjNkOTY5Y2FlMjNhZDcyMzZhZjRjMTgxMDc0OThkMmNhOThlNjZiMmQxYjQ2ZjNiMjczMTY3ZDY3Zjg2MmY2,,https://static.bihr.pro/eBihr/Pictures/BANDO-pictures.zip,Spain Warehouse (Parts)
1042045,SB157,S08-007,BANDO,BANDO DRIVE BELT STANDARD,Correa de transmision BANDO Premium,28.94,23.92,11.24,8430525129801,41,4010350000,0,1,"<p>Correas de transmisi&oacute;n de clase mundial.</p>
<p>Fundada en 1906, BANDO Chemical industries Ltd. es una de las marcas m&aacute;s experimentadas y reconocidas del mundo. Sus soluciones innovadoras y de excelente calidad situan a Bando como la primera opci&oacute;n del cliente. Es colaboradora esencial en el primer equipo de marcas como Kymco o Honda, adem&aacute;s de ofrecer soluciones &oacute;ptimas para una gran variedad de aplicaciones. Su excelencia productiva deriva de la calidad de sus materiales, sus procesos de fabricaci&oacute;n y su innovaci&oacute;n tecnol&oacute;gica.</p>
<p>El poliuretano y las fibras de ar&aacute;mida usadas aportan una alta resistencia al sobrecalentamiento y a la abrasi&oacute;n ocasionados por fluidos como el aceite de motor, la gasolina y otras grasas t&iacute;picas del c&aacute;rter. El corte lateral del revestimiento se realiza de modo preciso con el objetivo de evitar deformaciones y usuras de medida.</p>
<p>El hilo &laquo;Tetron&raquo;, producto exclusivo Bando, posee una alta resistencia a la dilataci&oacute;n, t&iacute;pica del Stop &amp; Go. Adem&aacute;s, la tensi&oacute;n se distribuye uniformemente a lo largo de toda la correa.</p>
<p>El perfil est&aacute; reforzado con ar&aacute;mida para evitar sobrecalentamiento y deformaciones provocadas por los cambios bruscos de tracci&oacute;n, las altas velocidades...</p>
<p>La estructura interna es de poliuretano, inyectado con alta precisi&oacute;n para obtener una distribuci&oacute;n correcta del material; de este modo la polea no se sufre y se garantiza la estabilidad de todo el sistema de tracci&oacute;n del veh&iacute;culo.</p>","
Correas de transmisión de clase mundial.

Fundada en 1906, BANDO Chemical industries Ltd. es una de las marcas más experimentadas y reconocidas del mundo. Sus soluciones innovadoras y de excelente calidad situan a Bando como la primera opción del cliente. Es colaboradora esencial en el primer equipo de marcas como Kymco o Honda, además de ofrecer soluciones óptimas para una gran variedad de aplicaciones. Su excelencia productiva deriva de la calidad de sus materiales, sus procesos de fabricación y su innovación tecnológica.

El poliuretano y las fibras de arámida usadas aportan una alta resistencia al sobrecalentamiento y a la abrasión ocasionados por fluidos como el aceite de motor, la gasolina y otras grasas típicas del cárter. El corte lateral del revestimiento se realiza de modo preciso con el objetivo de evitar deformaciones y usuras de medida.

El hilo «Tetron», producto exclusivo Bando, posee una alta resistencia a la dilatación, típica del Stop & Go. Además, la tensión se distribuye uniformemente a lo largo de toda la correa.

El perfil está reforzado con arámida para evitar sobrecalentamiento y deformaciones provocadas por los cambios bruscos de tracción, las altas velocidades...

La estructura interna es de poliuretano, inyectado con alta precisión para obtener una distribución correcta del material; de este modo la polea no se sufre y se garantiza la estabilidad de todo el sistema de tracción del vehículo.",VEHICLE PARTS & ACCESSORIES,CHASSIS PARTS,CHAS. BELT,2059,124,350,159,37,,,,Estándar,,,,https://api.mybihr.com/medias/1042045-1-800Wx800H?context=bWFzdGVyfHJvb3R8MjA0MDh8aW1hZ2UvanBlZ3xhRGRsTDJobE1TODRPVGN3TWpBMU5qa3hPVE0wTHpFd05ESXdORFV0TVY4NE1EQlhlRGd3TUVnfGU1NDViZTgwMzdhMGQ4NDY2YmYzZTYwMjE4ZjhmNzNiMTY0MmU4ZDAwMWM4YTEyNjA1MTVmZjQ1ZjNkNmQwNjc,,,https://static.bihr.pro/eBihr/Pictures/BANDO-pictures.zip,Spain Warehouse (Parts)
1127330,,S08-023,BANDO,BANDO DRIVE BELT STANDARD,Correa de transmision BANDO VS,39.99,33.05,16.53,S08-023,9,4010350000,0,1,"<p>Correas de transmisi&oacute;n de clase mundial.</p>
<p>Fundada en 1906, BANDO Chemical industries Ltd. es una de las marcas m&aacute;s experimentadas y reconocidas del mundo. Sus soluciones innovadoras y de excelente calidad situan a Bando como la primera opci&oacute;n del cliente. Es colaboradora esencial en el primer equipo de marcas como Kymco o Honda, adem&aacute;s de ofrecer soluciones &oacute;ptimas para una gran variedad de aplicaciones. Su excelencia productiva deriva de la calidad de sus materiales, sus procesos de fabricaci&oacute;n y su innovaci&oacute;n tecnol&oacute;gica.</p>
<p>El poliuretano y las fibras de ar&aacute;mida usadas aportan una alta resistencia al sobrecalentamiento y a la abrasi&oacute;n ocasionados por fluidos como el aceite de motor, la gasolina y otras grasas t&iacute;picas del c&aacute;rter. El corte lateral del revestimiento se realiza de modo preciso con el objetivo de evitar deformaciones y usuras de medida.</p>
<p>El hilo &laquo;Tetron&raquo;, producto exclusivo Bando, posee una alta resistencia a la dilataci&oacute;n, t&iacute;pica del Stop &amp; Go. Adem&aacute;s, la tensi&oacute;n se distribuye uniformemente a lo largo de toda la correa.</p>
<p>El perfil est&aacute; reforzado con ar&aacute;mida para evitar sobrecalentamiento y deformaciones provocadas por los cambios bruscos de tracci&oacute;n, las altas velocidades...</p>
<p>La estructura interna es de poliuretano, inyectado con alta precisi&oacute;n para obtener una distribuci&oacute;n correcta del material; de este modo la polea no se sufre y se garantiza la estabilidad de todo el sistema de tracci&oacute;n del veh&iacute;culo.</p>","
Correas de transmisión de clase mundial.

Fundada en 1906, BANDO Chemical industries Ltd. es una de las marcas más experimentadas y reconocidas del mundo. Sus soluciones innovadoras y de excelente calidad situan a Bando como la primera opción del cliente. Es colaboradora esencial en el primer equipo de marcas como Kymco o Honda, además de ofrecer soluciones óptimas para una gran variedad de aplicaciones. Su excelencia productiva deriva de la calidad de sus materiales, sus procesos de fabricación y su innovación tecnológica.

El poliuretano y las fibras de arámida usadas aportan una alta resistencia al sobrecalentamiento y a la abrasión ocasionados por fluidos como el aceite de motor, la gasolina y otras grasas típicas del cárter. El corte lateral del revestimiento se realiza de modo preciso con el objetivo de evitar deformaciones y usuras de medida.

El hilo «Tetron», producto exclusivo Bando, posee una alta resistencia a la dilatación, típica del Stop & Go. Además, la tensión se distribuye uniformemente a lo largo de toda la correa.

El perfil está reforzado con arámida para evitar sobrecalentamiento y deformaciones provocadas por los cambios bruscos de tracción, las altas velocidades...

La estructura interna es de poliuretano, inyectado con alta precisión para obtener una distribución correcta del material; de este modo la polea no se sufre y se garantiza la estabilidad de todo el sistema de tracción del vehículo.",VEHICLE PARTS & ACCESSORIES,CHASSIS PARTS,CHAS. BELT,774,242,387,80,25,,,,Estándar,Poliéster,,,https://api.mybihr.com/medias/800Wx800H-1127330-1.jpg?context=bWFzdGVyfHJvb3R8MjA0Mzd8aW1hZ2UvanBlZ3xhRE14TDJneE15ODJOakEwT1RZNE9EUTJPVFV6TkM4NE1EQlhlRGd3TUVoZk1URXlOek16TUMweExtcHdad3xlMGYwZjM5ZDUxYjA1NzUxOTJjNjA0ZWM1ZWFkZGU1M2JjYjc4YmMwYTZiM2I1ODNhZGM5MWEwMzMzZGM4NTAz,https://api.mybihr.com/medias/800Wx800H-1127330-2.jpg?context=bWFzdGVyfHJvb3R8MzE2NDh8aW1hZ2UvanBlZ3xhRGt3TDJnd05TODJOakEwT1RZNE9EZzJNamMxTUM4NE1EQlhlRGd3TUVoZk1URXlOek16TUMweUxtcHdad3w5NmQwNmFjYTYxM2EyMDJlM2VhNThmZTYxNDg2ZGMwZjQ4Y2VhM2M3MTExNTI0NGQzMjk0NjNlYjBlODViYjc4,,https://static.bihr.pro/eBihr/Pictures/BANDO-pictures.zip,Spain Warehouse (Parts)
1127326,,S05-045,BANDO,BANDO DRIVE BELT STANDARD,Correa de transmision BANDO Premium Variomatic,35.01,28.93,14.47,S05-045,0,4010350000,0,1,"<p>Correas de transmisi&oacute;n de clase mundial.</p>
<p>Fundada en 1906, BANDO Chemical industries Ltd. es una de las marcas m&aacute;s experimentadas y reconocidas del mundo. Sus soluciones innovadoras y de excelente calidad situan a Bando como la primera opci&oacute;n del cliente. Es colaboradora esencial en el primer equipo de marcas como Kymco o Honda, adem&aacute;s de ofrecer soluciones &oacute;ptimas para una gran variedad de aplicaciones. Su excelencia productiva deriva de la calidad de sus materiales, sus procesos de fabricaci&oacute;n y su innovaci&oacute;n tecnol&oacute;gica.</p>
<p>El poliuretano y las fibras de ar&aacute;mida usadas aportan una alta resistencia al sobrecalentamiento y a la abrasi&oacute;n ocasionados por fluidos como el aceite de motor, la gasolina y otras grasas t&iacute;picas del c&aacute;rter. El corte lateral del revestimiento se realiza de modo preciso con el objetivo de evitar deformaciones y usuras de medida.</p>
<p>El hilo &laquo;Tetron&raquo;, producto exclusivo Bando, posee una alta resistencia a la dilataci&oacute;n, t&iacute;pica del Stop &amp; Go. Adem&aacute;s, la tensi&oacute;n se distribuye uniformemente a lo largo de toda la correa.</p>
<p>El perfil est&aacute; reforzado con ar&aacute;mida para evitar sobrecalentamiento y deformaciones provocadas por los cambios bruscos de tracci&oacute;n, las altas velocidades...</p>
<p>La estructura interna es de poliuretano, inyectado con alta precisi&oacute;n para obtener una distribuci&oacute;n correcta del material; de este modo la polea no se sufre y se garantiza la estabilidad de todo el sistema de tracci&oacute;n del veh&iacute;culo.</p>","
Correas de transmisión de clase mundial.

Fundada en 1906, BANDO Chemical industries Ltd. es una de las marcas más experimentadas y reconocidas del mundo. Sus soluciones innovadoras y de excelente calidad situan a Bando como la primera opción del cliente. Es colaboradora esencial en el primer equipo de marcas como Kymco o Honda, además de ofrecer soluciones óptimas para una gran variedad de aplicaciones. Su excelencia productiva deriva de la calidad de sus materiales, sus procesos de fabricación y su innovación tecnológica.

El poliuretano y las fibras de arámida usadas aportan una alta resistencia al sobrecalentamiento y a la abrasión ocasionados por fluidos como el aceite de motor, la gasolina y otras grasas típicas del cárter. El corte lateral del revestimiento se realiza de modo preciso con el objetivo de evitar deformaciones y usuras de medida.

El hilo «Tetron», producto exclusivo Bando, posee una alta resistencia a la dilatación, típica del Stop & Go. Además, la tensión se distribuye uniformemente a lo largo de toda la correa.

El perfil está reforzado con arámida para evitar sobrecalentamiento y deformaciones provocadas por los cambios bruscos de tracción, las altas velocidades...

La estructura interna es de poliuretano, inyectado con alta precisión para obtener una distribución correcta del material; de este modo la polea no se sufre y se garantiza la estabilidad de todo el sistema de tracción del vehículo.",VEHICLE PARTS & ACCESSORIES,CHASSIS PARTS,CHAS. BELT,1279,242,388,103,32,,,,Estándar,,,,https://api.mybihr.com/medias/800Wx800H-1127326-1.jpg?context=bWFzdGVyfHJvb3R8MjM4ODJ8aW1hZ2UvanBlZ3xhRFV3TDJnMU5pODJOakEwT1RZNE5Ea3pNRFU1TUM4NE1EQlhlRGd3TUVoZk1URXlOek15TmkweExtcHdad3xjMWI5YTgyYzU2NzFkMGVlZTdiNmNiNTRiOWJmOThhNjk2Yjc1MTIyZDdhNTU1MWNiN2Q0ZThiMjYxNDJhMmU5,https://api.mybihr.com/medias/800Wx800H-1127326-2.jpg?context=bWFzdGVyfHJvb3R8NDcwNzV8aW1hZ2UvanBlZ3xhRGc1TDJoaFlpODJOakEwT1RZNE5UTXlNemd3Tmk4NE1EQlhlRGd3TUVoZk1URXlOek15TmkweUxtcHdad3wxZTkzYzM5NGZkYmEyZmU0MDlmYjQwM2I1MGIwYTUxOGQ3MmI4NTMyZDEyMzhiN2JjMTIxMjY1NjYwZTA2Njg1,https://api.mybihr.com/medias/800Wx800H-1127326-3.jpg?context=bWFzdGVyfHJvb3R8NjYwNDl8aW1hZ2UvanBlZ3xhREUzTDJoaU9TODJOakEwT1RZNE5UY3hOekF5TWk4NE1EQlhlRGd3TUVoZk1URXlOek15TmkwekxtcHdad3w4MDY2YTI3YjhjMWZmZjlhY2NkMGU5MzlmMWU5NWNmZjZmMmFiNWMzMDgzNzJmYzczMmQxNGE1YmU4Njc3YTk1,https://static.bihr.pro/eBihr/Pictures/BANDO-pictures.zip,Spain Warehouse (Parts)
1127327,,S05-041,BANDO,BANDO DRIVE BELT STANDARD,Correa de transmision BANDO Premium Variomatic,35.01,28.93,14.47,S05-041,24,4010350000,0,1,"<p>Correas de transmisi&oacute;n de clase mundial.</p>
<p>Fundada en 1906, BANDO Chemical industries Ltd. es una de las marcas m&aacute;s experimentadas y reconocidas del mundo. Sus soluciones innovadoras y de excelente calidad situan a Bando como la primera opci&oacute;n del cliente. Es colaboradora esencial en el primer equipo de marcas como Kymco o Honda, adem&aacute;s de ofrecer soluciones &oacute;ptimas para una gran variedad de aplicaciones. Su excelencia productiva deriva de la calidad de sus materiales, sus procesos de fabricaci&oacute;n y su innovaci&oacute;n tecnol&oacute;gica.</p>
<p>El poliuretano y las fibras de ar&aacute;mida usadas aportan una alta resistencia al sobrecalentamiento y a la abrasi&oacute;n ocasionados por fluidos como el aceite de motor, la gasolina y otras grasas t&iacute;picas del c&aacute;rter. El corte lateral del revestimiento se realiza de modo preciso con el objetivo de evitar deformaciones y usuras de medida.</p>
<p>El hilo &laquo;Tetron&raquo;, producto exclusivo Bando, posee una alta resistencia a la dilataci&oacute;n, t&iacute;pica del Stop &amp; Go. Adem&aacute;s, la tensi&oacute;n se distribuye uniformemente a lo largo de toda la correa.</p>
<p>El perfil est&aacute; reforzado con ar&aacute;mida para evitar sobrecalentamiento y deformaciones provocadas por los cambios bruscos de tracci&oacute;n, las altas velocidades...</p>
<p>La estructura interna es de poliuretano, inyectado con alta precisi&oacute;n para obtener una distribuci&oacute;n correcta del material; de este modo la polea no se sufre y se garantiza la estabilidad de todo el sistema de tracci&oacute;n del veh&iacute;culo.</p>","
Correas de transmisión de clase mundial.

Fundada en 1906, BANDO Chemical industries Ltd. es una de las marcas más experimentadas y reconocidas del mundo. Sus soluciones innovadoras y de excelente calidad situan a Bando como la primera opción del cliente. Es colaboradora esencial en el primer equipo de marcas como Kymco o Honda, además de ofrecer soluciones óptimas para una gran variedad de aplicaciones. Su excelencia productiva deriva de la calidad de sus materiales, sus procesos de fabricación y su innovación tecnológica.

El poliuretano y las fibras de arámida usadas aportan una alta resistencia al sobrecalentamiento y a la abrasión ocasionados por fluidos como el aceite de motor, la gasolina y otras grasas típicas del cárter. El corte lateral del revestimiento se realiza de modo preciso con el objetivo de evitar deformaciones y usuras de medida.

El hilo «Tetron», producto exclusivo Bando, posee una alta resistencia a la dilatación, típica del Stop & Go. Además, la tensión se distribuye uniformemente a lo largo de toda la correa.

El perfil está reforzado con arámida para evitar sobrecalentamiento y deformaciones provocadas por los cambios bruscos de tracción, las altas velocidades...

La estructura interna es de poliuretano, inyectado con alta precisión para obtener una distribución correcta del material; de este modo la polea no se sufre y se garantiza la estabilidad de todo el sistema de tracción del vehículo.",VEHICLE PARTS & ACCESSORIES,CHASSIS PARTS,CHAS. BELT,1386,300,420,110,30,,,,Reforzado,,,,https://api.mybihr.com/medias/800Wx800H-1127327-1.jpg?context=bWFzdGVyfHJvb3R8NjA4Mjd8aW1hZ2UvanBlZ3xhRFU1TDJnd01DODJPRGcwTnpNNE1UZzNNalkzTUM4NE1EQlhlRGd3TUVoZk1URXlOek15TnkweExtcHdad3wyY2ZlYWU1MWQ2ZDk2OGE0ZjAwYTYxOWYzNmIwMGNkMDExNzAxMmFmNDg5YmEwNTc2NTc5YzRmMmI0YzM1ZjNk,,,https://static.bihr.pro/eBihr/Pictures/BANDO-pictures.zip,Spain Warehouse (Parts)
1127332,,S02-023,BANDO,BANDO DRIVE BELT STANDARD,Correa de transmision BANDO VS,48.50,40.08,20.04,S02-023,13,4010350000,0,1,"<p>Correas de transmisi&oacute;n de clase mundial.</p>
<p>Fundada en 1906, BANDO Chemical industries Ltd. es una de las marcas m&aacute;s experimentadas y reconocidas del mundo. Sus soluciones innovadoras y de excelente calidad situan a Bando como la primera opci&oacute;n del cliente. Es colaboradora esencial en el primer equipo de marcas como Kymco o Honda, adem&aacute;s de ofrecer soluciones &oacute;ptimas para una gran variedad de aplicaciones. Su excelencia productiva deriva de la calidad de sus materiales, sus procesos de fabricaci&oacute;n y su innovaci&oacute;n tecnol&oacute;gica.</p>
<p>El poliuretano y las fibras de ar&aacute;mida usadas aportan una alta resistencia al sobrecalentamiento y a la abrasi&oacute;n ocasionados por fluidos como el aceite de motor, la gasolina y otras grasas t&iacute;picas del c&aacute;rter. El corte lateral del revestimiento se realiza de modo preciso con el objetivo de evitar deformaciones y usuras de medida.</p>
<p>El hilo &laquo;Tetron&raquo;, producto exclusivo Bando, posee una alta resistencia a la dilataci&oacute;n, t&iacute;pica del Stop &amp; Go. Adem&aacute;s, la tensi&oacute;n se distribuye uniformemente a lo largo de toda la correa.</p>
<p>El perfil est&aacute; reforzado con ar&aacute;mida para evitar sobrecalentamiento y deformaciones provocadas por los cambios bruscos de tracci&oacute;n, las altas velocidades...</p>
<p>La estructura interna es de poliuretano, inyectado con alta precisi&oacute;n para obtener una distribuci&oacute;n correcta del material; de este modo la polea no se sufre y se garantiza la estabilidad de todo el sistema de tracci&oacute;n del veh&iacute;culo.</p>","
Correas de transmisión de clase mundial.

Fundada en 1906, BANDO Chemical industries Ltd. es una de las marcas más experimentadas y reconocidas del mundo. Sus soluciones innovadoras y de excelente calidad situan a Bando como la primera opción del cliente. Es colaboradora esencial en el primer equipo de marcas como Kymco o Honda, además de ofrecer soluciones óptimas para una gran variedad de aplicaciones. Su excelencia productiva deriva de la calidad de sus materiales, sus procesos de fabricación y su innovación tecnológica.

El poliuretano y las fibras de arámida usadas aportan una alta resistencia al sobrecalentamiento y a la abrasión ocasionados por fluidos como el aceite de motor, la gasolina y otras grasas típicas del cárter. El corte lateral del revestimiento se realiza de modo preciso con el objetivo de evitar deformaciones y usuras de medida.

El hilo «Tetron», producto exclusivo Bando, posee una alta resistencia a la dilatación, típica del Stop & Go. Además, la tensión se distribuye uniformemente a lo largo de toda la correa.

El perfil está reforzado con arámida para evitar sobrecalentamiento y deformaciones provocadas por los cambios bruscos de tracción, las altas velocidades...

La estructura interna es de poliuretano, inyectado con alta precisión para obtener una distribución correcta del material; de este modo la polea no se sufre y se garantiza la estabilidad de todo el sistema de tracción del vehículo.",VEHICLE PARTS & ACCESSORIES,CHASSIS PARTS,CHAS. BELT,1279,242,388,103,32,,,,Estándar,Poliéster,,,https://api.mybihr.com/medias/800Wx800H-1127332-1.jpg?context=bWFzdGVyfHJvb3R8MjA0Mzd8aW1hZ2UvanBlZ3xhR05sTDJoaE1TODJOakE1TWpBM09EVXpNRFU1TUM4NE1EQlhlRGd3TUVoZk1URXlOek16TWkweExtcHdad3wzMjcyNzBjZmJjMDY0YmYwMWI2YzdkNzIxZDkwMDgyY2QzZWRiZjNiMDQwMTQzMDkwNTFjM2VkYTBiYjVhODA5,https://api.mybihr.com/medias/800Wx800H-1127332-2.jpg?context=bWFzdGVyfHJvb3R8MzE2NDh8aW1hZ2UvanBlZ3xhRFZqTDJoaFppODJOakE1TWpBM09Ea3lNemd3Tmk4NE1EQlhlRGd3TUVoZk1URXlOek16TWkweUxtcHdad3w0MjY2Zjk1ZDQ1MjYyY2M1MTkzMzQzOWQ1YmJjODM5OTFkNjJiMTc2Njg5ZWFkNDg1MzlhNTZiMzQ2MjBjODdk,,https://static.bihr.pro/eBihr/Pictures/BANDO-pictures.zip,Spain Warehouse (Parts)
1127325,,S05-038,BANDO,BANDO DRIVE BELT STANDARD,Correa de transmision BANDO Premium Variomatic,35.01,28.93,14.47,S05-038,18,4010350000,0,1,"<p>Correas de transmisi&oacute;n de clase mundial.</p>
<p>Fundada en 1906, BANDO Chemical industries Ltd. es una de las marcas m&aacute;s experimentadas y reconocidas del mundo. Sus soluciones innovadoras y de excelente calidad situan a Bando como la primera opci&oacute;n del cliente. Es colaboradora esencial en el primer equipo de marcas como Kymco o Honda, adem&aacute;s de ofrecer soluciones &oacute;ptimas para una gran variedad de aplicaciones. Su excelencia productiva deriva de la calidad de sus materiales, sus procesos de fabricaci&oacute;n y su innovaci&oacute;n tecnol&oacute;gica.</p>
<p>El poliuretano y las fibras de ar&aacute;mida usadas aportan una alta resistencia al sobrecalentamiento y a la abrasi&oacute;n ocasionados por fluidos como el aceite de motor, la gasolina y otras grasas t&iacute;picas del c&aacute;rter. El corte lateral del revestimiento se realiza de modo preciso con el objetivo de evitar deformaciones y usuras de medida.</p>
<p>El hilo &laquo;Tetron&raquo;, producto exclusivo Bando, posee una alta resistencia a la dilataci&oacute;n, t&iacute;pica del Stop &amp; Go. Adem&aacute;s, la tensi&oacute;n se distribuye uniformemente a lo largo de toda la correa.</p>
<p>El perfil est&aacute; reforzado con ar&aacute;mida para evitar sobrecalentamiento y deformaciones provocadas por los cambios bruscos de tracci&oacute;n, las altas velocidades...</p>
<p>La estructura interna es de poliuretano, inyectado con alta precisi&oacute;n para obtener una distribuci&oacute;n correcta del material; de este modo la polea no se sufre y se garantiza la estabilidad de todo el sistema de tracci&oacute;n del veh&iacute;culo.</p>","
Correas de transmisión de clase mundial.

Fundada en 1906, BANDO Chemical industries Ltd. es una de las marcas más experimentadas y reconocidas del mundo. Sus soluciones innovadoras y de excelente calidad situan a Bando como la primera opción del cliente. Es colaboradora esencial en el primer equipo de marcas como Kymco o Honda, además de ofrecer soluciones óptimas para una gran variedad de aplicaciones. Su excelencia productiva deriva de la calidad de sus materiales, sus procesos de fabricación y su innovación tecnológica.

El poliuretano y las fibras de arámida usadas aportan una alta resistencia al sobrecalentamiento y a la abrasión ocasionados por fluidos como el aceite de motor, la gasolina y otras grasas típicas del cárter. El corte lateral del revestimiento se realiza de modo preciso con el objetivo de evitar deformaciones y usuras de medida.

El hilo «Tetron», producto exclusivo Bando, posee una alta resistencia a la dilatación, típica del Stop & Go. Además, la tensión se distribuye uniformemente a lo largo de toda la correa.

El perfil está reforzado con arámida para evitar sobrecalentamiento y deformaciones provocadas por los cambios bruscos de tracción, las altas velocidades...

La estructura interna es de poliuretano, inyectado con alta precisión para obtener una distribución correcta del material; de este modo la polea no se sufre y se garantiza la estabilidad de todo el sistema de tracción del vehículo.",VEHICLE PARTS & ACCESSORIES,CHASSIS PARTS,CHAS. BELT,950,240,380,100,25,,,,Reforzado,,,,https://api.mybihr.com/medias/800Wx800H-1127325-1.jpg?context=bWFzdGVyfHJvb3R8MjM4ODJ8aW1hZ2UvanBlZ3xhR1V4TDJnelpTODJOakEwT1RZNE5ESTNOVEl6TUM4NE1EQlhlRGd3TUVoZk1URXlOek15TlMweExtcHdad3xkYjE2ZjQxYzI5MTMyYTI5ZWE3MmFiNjcxZGFlMWUxODAyMzFlYTVjZGIxMzU1ZTQzNGE1OTE3OWJiNmU0Yjdl,https://api.mybihr.com/medias/800Wx800H-1127325-2.jpg?context=bWFzdGVyfHJvb3R8NDEyMjV8aW1hZ2UvanBlZ3xhREExTDJneFl5ODJOakE1TWpBNE1ETXdNREEyTWk4NE1EQlhlRGd3TUVoZk1URXlOek15TlMweUxtcHdad3w4NTNiMGI1YmFkNmQyMjM0Yjk5ZDRlMGYzZjg5MmVlMWI1MWI1MjViYTlmMGYxMjQ1ZTM2N2Y5ODcyNjhjYWI3,,https://static.bihr.pro/eBihr/Pictures/BANDO-pictures.zip,Spain Warehouse (Parts)
1127329,,B9-1796,BANDO,BANDO DRIVE BELT STANDARD,Correa de variador de doble dentado BANDO,198.50,164.05,82.03,B9-1796,1,4010350000,0,1,"<p>Correas de transmisi&oacute;n de clase mundial.</p>
<p>Fundada en 1906, BANDO Chemical industries Ltd. es una de las marcas m&aacute;s experimentadas y reconocidas del mundo. Sus soluciones innovadoras y de excelente calidad situan a Bando como la primera opci&oacute;n del cliente. Es colaboradora esencial en el primer equipo de marcas como Kymco o Honda, adem&aacute;s de ofrecer soluciones &oacute;ptimas para una gran variedad de aplicaciones. Su excelencia productiva deriva de la calidad de sus materiales, sus procesos de fabricaci&oacute;n y su innovaci&oacute;n tecnol&oacute;gica.</p>
<p>El poliuretano y las fibras de ar&aacute;mida usadas aportan una alta resistencia al sobrecalentamiento y a la abrasi&oacute;n ocasionados por fluidos como el aceite de motor, la gasolina y otras grasas t&iacute;picas del c&aacute;rter. El corte lateral del revestimiento se realiza de modo preciso con el objetivo de evitar deformaciones y usuras de medida.</p>
<p>El hilo &laquo;Tetron&raquo;, producto exclusivo Bando, posee una alta resistencia a la dilataci&oacute;n, t&iacute;pica del Stop &amp; Go. Adem&aacute;s, la tensi&oacute;n se distribuye uniformemente a lo largo de toda la correa.</p>
<p>El perfil est&aacute; reforzado con ar&aacute;mida para evitar sobrecalentamiento y deformaciones provocadas por los cambios bruscos de tracci&oacute;n, las altas velocidades...</p>
<p>La estructura interna es de poliuretano, inyectado con alta precisi&oacute;n para obtener una distribuci&oacute;n correcta del material; de este modo la polea no se sufre y se garantiza la estabilidad de todo el sistema de tracci&oacute;n del veh&iacute;culo.</p>","
Correas de transmisión de clase mundial.

Fundada en 1906, BANDO Chemical industries Ltd. es una de las marcas más experimentadas y reconocidas del mundo. Sus soluciones innovadoras y de excelente calidad situan a Bando como la primera opción del cliente. Es colaboradora esencial en el primer equipo de marcas como Kymco o Honda, además de ofrecer soluciones óptimas para una gran variedad de aplicaciones. Su excelencia productiva deriva de la calidad de sus materiales, sus procesos de fabricación y su innovación tecnológica.

El poliuretano y las fibras de arámida usadas aportan una alta resistencia al sobrecalentamiento y a la abrasión ocasionados por fluidos como el aceite de motor, la gasolina y otras grasas típicas del cárter. El corte lateral del revestimiento se realiza de modo preciso con el objetivo de evitar deformaciones y usuras de medida.

El hilo «Tetron», producto exclusivo Bando, posee una alta resistencia a la dilatación, típica del Stop & Go. Además, la tensión se distribuye uniformemente a lo largo de toda la correa.

El perfil está reforzado con arámida para evitar sobrecalentamiento y deformaciones provocadas por los cambios bruscos de tracción, las altas velocidades...

La estructura interna es de poliuretano, inyectado con alta precisión para obtener una distribución correcta del material; de este modo la polea no se sufre y se garantiza la estabilidad de todo el sistema de tracción del vehículo.",VEHICLE PARTS & ACCESSORIES,CHASSIS PARTS,CHAS. BELT,1279,242,388,103,32,,,,Reforzado,,,,https://api.mybihr.com/medias/800Wx800H-1127329-1.jpg?context=bWFzdGVyfHJvb3R8MTgzNzEwfGltYWdlL2pwZWd8YURWa0wyZ3pZaTh4TURBeE5UVXlNVFE0T0RnNU9UQXZPREF3VjNnNE1EQklYekV4TWpjek1qa3RNUzVxY0djfDFjZmRiNTAyNjhjNTlkNDFjNjIwMjg4MmM1NWQ2MGE1Yjk5YTc3ODIzYTlhOGM4NjZiZGYwM2UwNWY3MjE5NWI,https://api.mybihr.com/medias/800Wx800H-1127329-2.jpg?context=bWFzdGVyfHJvb3R8NDY5MTB8aW1hZ2UvanBlZ3xhR0l3TDJneE15ODJOakEwT1RZNE16a3hORGM0TWk4NE1EQlhlRGd3TUVoZk1URXlOek15T1MweUxtcHdad3xjYjEwODdhM2E4ZGI4YmE1Njc5MGNiNDJjYTlhOGMyODA0Mjk3ZDlkZDg1NWI2NzQ5ZDRmNDZmNDNhNDczNDdi,https://api.mybihr.com/medias/800Wx800H-1127329-3.jpg?context=bWFzdGVyfHJvb3R8NDEyMjV8aW1hZ2UvanBlZ3xhR1F4TDJoa09DODJOakEwT1RZNE5qZzVOalkzTUM4NE1EQlhlRGd3TUVoZk1URXlOek15T1MwekxtcHdad3w2MWRlMzE4ZjdiZDI1NzU2ZWMzZTA1YzNiMjhmMWE4NTAyNTAzMjVkNzQ0MGQ0NmYyZjkxMmNlNzMzNzdjNzQ4,https://static.bihr.pro/eBihr/Pictures/BANDO-pictures.zip,Spain Warehouse (Parts)
1127328,,B5-21119,BANDO,BANDO DRIVE BELT STANDARD,Correa de transmision BANDO Premium Variomatic,115.00,95.04,47.52,B5-21119,8,4010350000,0,1,"<p>Correas de transmisi&oacute;n de clase mundial.</p>
<p>Fundada en 1906, BANDO Chemical industries Ltd. es una de las marcas m&aacute;s experimentadas y reconocidas del mundo. Sus soluciones innovadoras y de excelente calidad situan a Bando como la primera opci&oacute;n del cliente. Es colaboradora esencial en el primer equipo de marcas como Kymco o Honda, adem&aacute;s de ofrecer soluciones &oacute;ptimas para una gran variedad de aplicaciones. Su excelencia productiva deriva de la calidad de sus materiales, sus procesos de fabricaci&oacute;n y su innovaci&oacute;n tecnol&oacute;gica.</p>
<p>El poliuretano y las fibras de ar&aacute;mida usadas aportan una alta resistencia al sobrecalentamiento y a la abrasi&oacute;n ocasionados por fluidos como el aceite de motor, la gasolina y otras grasas t&iacute;picas del c&aacute;rter. El corte lateral del revestimiento se realiza de modo preciso con el objetivo de evitar deformaciones y usuras de medida.</p>
<p>El hilo &laquo;Tetron&raquo;, producto exclusivo Bando, posee una alta resistencia a la dilataci&oacute;n, t&iacute;pica del Stop &amp; Go. Adem&aacute;s, la tensi&oacute;n se distribuye uniformemente a lo largo de toda la correa.</p>
<p>El perfil est&aacute; reforzado con ar&aacute;mida para evitar sobrecalentamiento y deformaciones provocadas por los cambios bruscos de tracci&oacute;n, las altas velocidades...</p>
<p>La estructura interna es de poliuretano, inyectado con alta precisi&oacute;n para obtener una distribuci&oacute;n correcta del material; de este modo la polea no se sufre y se garantiza la estabilidad de todo el sistema de tracci&oacute;n del veh&iacute;culo.</p>","
Correas de transmisión de clase mundial.

Fundada en 1906, BANDO Chemical industries Ltd. es una de las marcas más experimentadas y reconocidas del mundo. Sus soluciones innovadoras y de excelente calidad situan a Bando como la primera opción del cliente. Es colaboradora esencial en el primer equipo de marcas como Kymco o Honda, además de ofrecer soluciones óptimas para una gran variedad de aplicaciones. Su excelencia productiva deriva de la calidad de sus materiales, sus procesos de fabricación y su innovación tecnológica.

El poliuretano y las fibras de arámida usadas aportan una alta resistencia al sobrecalentamiento y a la abrasión ocasionados por fluidos como el aceite de motor, la gasolina y otras grasas típicas del cárter. El corte lateral del revestimiento se realiza de modo preciso con el objetivo de evitar deformaciones y usuras de medida.

El hilo «Tetron», producto exclusivo Bando, posee una alta resistencia a la dilatación, típica del Stop & Go. Además, la tensión se distribuye uniformemente a lo largo de toda la correa.

El perfil está reforzado con arámida para evitar sobrecalentamiento y deformaciones provocadas por los cambios bruscos de tracción, las altas velocidades...

La estructura interna es de poliuretano, inyectado con alta precisión para obtener una distribución correcta del material; de este modo la polea no se sufre y se garantiza la estabilidad de todo el sistema de tracción del vehículo.",VEHICLE PARTS & ACCESSORIES,CHASSIS PARTS,CHAS. BELT,1741,380,461,118,32,,,,Reforzado,,,,https://api.mybihr.com/medias/800Wx800H-1127328-1.jpg?context=bWFzdGVyfHJvb3R8MjM4ODJ8aW1hZ2UvanBlZ3xhR0ZsTDJobU5DODJOakEwT1RZNE5qQTBORGN3TWk4NE1EQlhlRGd3TUVoZk1URXlOek15T0MweExtcHdad3w3NzIzMTdkYmY3MTZiNWQxYzcyNDlkYTQ3MDE0YTgyNTk1NzJlNDVkMzUyNDJkOWJjZTZiNjQxYzIzOTYxYWQ0,https://api.mybihr.com/medias/800Wx800H-1127328-2.jpg?context=bWFzdGVyfHJvb3R8NDY4MjV8aW1hZ2UvanBlZ3xhR1JsTDJneVpTODJOakEwT1RZNE16RXlPRE0xTUM4NE1EQlhlRGd3TUVoZk1URXlOek15T0MweUxtcHdad3xjMDI3MDNlMTkyY2M0ODgwZjc3YTJmM2IwOGY4OGMzOWYzMWNhZGY1OTU1NmI3ZTlkMTM3MzZmZjU5NTY2Njg5,https://api.mybihr.com/medias/800Wx800H-1127328-3.jpg?context=bWFzdGVyfHJvb3R8NDEyMjV8aW1hZ2UvanBlZ3xhR1JtTDJobFlTODJOakEwT1RZNE5qTXdOamcwTmk4NE1EQlhlRGd3TUVoZk1URXlOek15T0MwekxtcHdad3wyZmJhZWIwMmY4NGEyNDJjNjg3MTJlZGNmNjBiMWU2ZmUwZTFjYmQwY2VmNTYzYzNjNzg4MjcwMjRjOWJmZTI0,https://static.bihr.pro/eBihr/Pictures/BANDO-pictures.zip,Spain Warehouse (Parts)
1127331,,S08-029,BANDO,BANDO DRIVE BELT STANDARD,Correa de transmision BANDO VS,35.50,29.34,14.67,S08-029,0,4010350000,0,1,"<p>Correas de transmisi&oacute;n de clase mundial.</p>
<p>Fundada en 1906, BANDO Chemical industries Ltd. es una de las marcas m&aacute;s experimentadas y reconocidas del mundo. Sus soluciones innovadoras y de excelente calidad situan a Bando como la primera opci&oacute;n del cliente. Es colaboradora esencial en el primer equipo de marcas como Kymco o Honda, adem&aacute;s de ofrecer soluciones &oacute;ptimas para una gran variedad de aplicaciones. Su excelencia productiva deriva de la calidad de sus materiales, sus procesos de fabricaci&oacute;n y su innovaci&oacute;n tecnol&oacute;gica.</p>
<p>El poliuretano y las fibras de ar&aacute;mida usadas aportan una alta resistencia al sobrecalentamiento y a la abrasi&oacute;n ocasionados por fluidos como el aceite de motor, la gasolina y otras grasas t&iacute;picas del c&aacute;rter. El corte lateral del revestimiento se realiza de modo preciso con el objetivo de evitar deformaciones y usuras de medida.</p>
<p>El hilo &laquo;Tetron&raquo;, producto exclusivo Bando, posee una alta resistencia a la dilataci&oacute;n, t&iacute;pica del Stop &amp; Go. Adem&aacute;s, la tensi&oacute;n se distribuye uniformemente a lo largo de toda la correa.</p>
<p>El perfil est&aacute; reforzado con ar&aacute;mida para evitar sobrecalentamiento y deformaciones provocadas por los cambios bruscos de tracci&oacute;n, las altas velocidades...</p>
<p>La estructura interna es de poliuretano, inyectado con alta precisi&oacute;n para obtener una distribuci&oacute;n correcta del material; de este modo la polea no se sufre y se garantiza la estabilidad de todo el sistema de tracci&oacute;n del veh&iacute;culo.</p>","
Correas de transmisión de clase mundial.

Fundada en 1906, BANDO Chemical industries Ltd. es una de las marcas más experimentadas y reconocidas del mundo. Sus soluciones innovadoras y de excelente calidad situan a Bando como la primera opción del cliente. Es colaboradora esencial en el primer equipo de marcas como Kymco o Honda, además de ofrecer soluciones óptimas para una gran variedad de aplicaciones. Su excelencia productiva deriva de la calidad de sus materiales, sus procesos de fabricación y su innovación tecnológica.

El poliuretano y las fibras de arámida usadas aportan una alta resistencia al sobrecalentamiento y a la abrasión ocasionados por fluidos como el aceite de motor, la gasolina y otras grasas típicas del cárter. El corte lateral del revestimiento se realiza de modo preciso con el objetivo de evitar deformaciones y usuras de medida.

El hilo «Tetron», producto exclusivo Bando, posee una alta resistencia a la dilatación, típica del Stop & Go. Además, la tensión se distribuye uniformemente a lo largo de toda la correa.

El perfil está reforzado con arámida para evitar sobrecalentamiento y deformaciones provocadas por los cambios bruscos de tracción, las altas velocidades...

La estructura interna es de poliuretano, inyectado con alta precisión para obtener una distribución correcta del material; de este modo la polea no se sufre y se garantiza la estabilidad de todo el sistema de tracción del vehículo.",VEHICLE PARTS & ACCESSORIES,CHASSIS PARTS,CHAS. BELT,866,242,385,90,25,,,,Estándar,Poliéster,,,https://api.mybihr.com/medias/800Wx800H-1127331-1.jpg?context=bWFzdGVyfHJvb3R8MjA0MTR8aW1hZ2UvanBlZ3xhRE15TDJobE55ODJPVEV3T1RrMU5qRTRNakEwTmk4NE1EQlhlRGd3TUVoZk1URXlOek16TVMweExtcHdad3xlNTYyMjhjODBmNmNjYWZjOTg2Mjc5MmJiYjIwMDMyNjFmZDliMWZjODM3NTViZTEzZjBmYjQzYmZiZTFlZTRi,https://api.mybihr.com/medias/800Wx800H-1127331-2.jpg?context=bWFzdGVyfHJvb3R8MzE2MzB8aW1hZ2UvanBlZ3xhR0UwTDJoa09TODJPVEV3T1RrMU5qVTNOVEkyTWk4NE1EQlhlRGd3TUVoZk1URXlOek16TVMweUxtcHdad3xhNTM3YzdkY2QzNTgxMzNlYjE0MjIwYzRkOTljNWQwOWY0MTM5MzI4ZjUyM2UwZDcxMjIzMmYzODVhZjE1YWVm,,https://static.bihr.pro/eBihr/Pictures/BANDO-pictures.zip,Spain Warehouse (Parts)
1127333,,S02-024,BANDO,BANDO DRIVE BELT STANDARD,Correa de transmision BANDO VS,47.50,39.26,19.63,S02-024,25,4010350000,0,1,"<p>Correas de transmisi&oacute;n de clase mundial.</p>
<p>Fundada en 1906, BANDO Chemical industries Ltd. es una de las marcas m&aacute;s experimentadas y reconocidas del mundo. Sus soluciones innovadoras y de excelente calidad situan a Bando como la primera opci&oacute;n del cliente. Es colaboradora esencial en el primer equipo de marcas como Kymco o Honda, adem&aacute;s de ofrecer soluciones &oacute;ptimas para una gran variedad de aplicaciones. Su excelencia productiva deriva de la calidad de sus materiales, sus procesos de fabricaci&oacute;n y su innovaci&oacute;n tecnol&oacute;gica.</p>
<p>El poliuretano y las fibras de ar&aacute;mida usadas aportan una alta resistencia al sobrecalentamiento y a la abrasi&oacute;n ocasionados por fluidos como el aceite de motor, la gasolina y otras grasas t&iacute;picas del c&aacute;rter. El corte lateral del revestimiento se realiza de modo preciso con el objetivo de evitar deformaciones y usuras de medida.</p>
<p>El hilo &laquo;Tetron&raquo;, producto exclusivo Bando, posee una alta resistencia a la dilataci&oacute;n, t&iacute;pica del Stop &amp; Go. Adem&aacute;s, la tensi&oacute;n se distribuye uniformemente a lo largo de toda la correa.</p>
<p>El perfil est&aacute; reforzado con ar&aacute;mida para evitar sobrecalentamiento y deformaciones provocadas por los cambios bruscos de tracci&oacute;n, las altas velocidades...</p>
<p>La estructura interna es de poliuretano, inyectado con alta precisi&oacute;n para obtener una distribuci&oacute;n correcta del material; de este modo la polea no se sufre y se garantiza la estabilidad de todo el sistema de tracci&oacute;n del veh&iacute;culo.</p>","
Correas de transmisión de clase mundial.

Fundada en 1906, BANDO Chemical industries Ltd. es una de las marcas más experimentadas y reconocidas del mundo. Sus soluciones innovadoras y de excelente calidad situan a Bando como la primera opción del cliente. Es colaboradora esencial en el primer equipo de marcas como Kymco o Honda, además de ofrecer soluciones óptimas para una gran variedad de aplicaciones. Su excelencia productiva deriva de la calidad de sus materiales, sus procesos de fabricación y su innovación tecnológica.

El poliuretano y las fibras de arámida usadas aportan una alta resistencia al sobrecalentamiento y a la abrasión ocasionados por fluidos como el aceite de motor, la gasolina y otras grasas típicas del cárter. El corte lateral del revestimiento se realiza de modo preciso con el objetivo de evitar deformaciones y usuras de medida.

El hilo «Tetron», producto exclusivo Bando, posee una alta resistencia a la dilatación, típica del Stop & Go. Además, la tensión se distribuye uniformemente a lo largo de toda la correa.

El perfil está reforzado con arámida para evitar sobrecalentamiento y deformaciones provocadas por los cambios bruscos de tracción, las altas velocidades...

La estructura interna es de poliuretano, inyectado con alta precisión para obtener una distribución correcta del material; de este modo la polea no se sufre y se garantiza la estabilidad de todo el sistema de tracción del vehículo.",VEHICLE PARTS & ACCESSORIES,CHASSIS PARTS,CHAS. BELT,1279,242,388,103,32,,,,Estándar,Poliéster,,,https://api.mybihr.com/medias/800Wx800H-1127333-1.jpg?context=bWFzdGVyfHJvb3R8MjA0Mzd8aW1hZ2UvanBlZ3xhRFV4TDJneVpDODJOakE1TWpBNE1EZ3lORE0xTUM4NE1EQlhlRGd3TUVoZk1URXlOek16TXkweExtcHdad3w4MjlhYmE2NjRjZWIxMzJkNzFkZDdjYTYzYWE0MzQ0OGU5N2Q3OWRlN2Q1ZTZmMDI5ODVlMmY1NzkxYzIyNTg3,https://api.mybihr.com/medias/800Wx800H-1127333-2.jpg?context=bWFzdGVyfHJvb3R8MzE2NDh8aW1hZ2UvanBlZ3xhR05rTDJnM1lpODJOakE1TWpBNE1UQXlNRGsxT0M4NE1EQlhlRGd3TUVoZk1URXlOek16TXkweUxtcHdad3xkYjRmODA2OWViOGRhMjMzNTgzYjExMWQ5NmIyMDdlYjQwODllMDIwOGE5ZWFjMjg0ZTEwN2U1NmE0NTRlMmVh,,https://static.bihr.pro/eBihr/Pictures/BANDO-pictures.zip,Spain Warehouse (Parts)
1042221,SB050,S04-014,BANDO,BANDO DRIVE BELT STANDARD,Correa de transmision BANDO Premium,19.12,15.80,7.90,8430525129610,0,8714102000,0,1,"<p>Correas de transmisi&oacute;n de clase mundial.</p>
<p>Fundada en 1906, BANDO Chemical industries Ltd. es una de las marcas m&aacute;s experimentadas y reconocidas del mundo. Sus soluciones innovadoras y de excelente calidad situan a Bando como la primera opci&oacute;n del cliente. Es colaboradora esencial en el primer equipo de marcas como Kymco o Honda, adem&aacute;s de ofrecer soluciones &oacute;ptimas para una gran variedad de aplicaciones. Su excelencia productiva deriva de la calidad de sus materiales, sus procesos de fabricaci&oacute;n y su innovaci&oacute;n tecnol&oacute;gica.</p>
<p>El poliuretano y las fibras de ar&aacute;mida usadas aportan una alta resistencia al sobrecalentamiento y a la abrasi&oacute;n ocasionados por fluidos como el aceite de motor, la gasolina y otras grasas t&iacute;picas del c&aacute;rter. El corte lateral del revestimiento se realiza de modo preciso con el objetivo de evitar deformaciones y usuras de medida.</p>
<p>El hilo &laquo;Tetron&raquo;, producto exclusivo Bando, posee una alta resistencia a la dilataci&oacute;n, t&iacute;pica del Stop &amp; Go. Adem&aacute;s, la tensi&oacute;n se distribuye uniformemente a lo largo de toda la correa.</p>
<p>El perfil est&aacute; reforzado con ar&aacute;mida para evitar sobrecalentamiento y deformaciones provocadas por los cambios bruscos de tracci&oacute;n, las altas velocidades...</p>
<p>La estructura interna es de poliuretano, inyectado con alta precisi&oacute;n para obtener una distribuci&oacute;n correcta del material; de este modo la polea no se sufre y se garantiza la estabilidad de todo el sistema de tracci&oacute;n del veh&iacute;culo.</p>","
Correas de transmisión de clase mundial.

Fundada en 1906, BANDO Chemical industries Ltd. es una de las marcas más experimentadas y reconocidas del mundo. Sus soluciones innovadoras y de excelente calidad situan a Bando como la primera opción del cliente. Es colaboradora esencial en el primer equipo de marcas como Kymco o Honda, además de ofrecer soluciones óptimas para una gran variedad de aplicaciones. Su excelencia productiva deriva de la calidad de sus materiales, sus procesos de fabricación y su innovación tecnológica.

El poliuretano y las fibras de arámida usadas aportan una alta resistencia al sobrecalentamiento y a la abrasión ocasionados por fluidos como el aceite de motor, la gasolina y otras grasas típicas del cárter. El corte lateral del revestimiento se realiza de modo preciso con el objetivo de evitar deformaciones y usuras de medida.

El hilo «Tetron», producto exclusivo Bando, posee una alta resistencia a la dilatación, típica del Stop & Go. Además, la tensión se distribuye uniformemente a lo largo de toda la correa.

El perfil está reforzado con arámida para evitar sobrecalentamiento y deformaciones provocadas por los cambios bruscos de tracción, las altas velocidades...

La estructura interna es de poliuretano, inyectado con alta precisión para obtener una distribución correcta del material; de este modo la polea no se sufre y se garantiza la estabilidad de todo el sistema de tracción del vehículo.",VEHICLE PARTS & ACCESSORIES,CHASSIS PARTS,CHAS. BELT,2183,138,139,383,41,,,,Estándar,Poliéster,,,https://api.mybihr.com/medias/1042221-1-800Wx800H?context=bWFzdGVyfHJvb3R8MzQ4MDh8aW1hZ2UvanBlZ3xhRGd3TDJnd09DOHhOVFF5TmpBeU5EVXpPREUwTWk4eE1EUXlNakl4TFRGZk9EQXdWM2c0TURCSXw4NmQ3ZTZiMjdkNWYyZWZlYjMxMzIzNjE3Yjc5NWM2NzM1NWI0MTMwMWMxNjgzYzVmYTJiMzUyOWI5YmM1NWM4,https://api.mybihr.com/medias/1042221-2-800Wx800H?context=bWFzdGVyfHJvb3R8Mzk3NTN8aW1hZ2UvanBlZ3xhREZtTDJnd05TOHhOVFF5TmpBeU5Ea3pNVE0xT0M4eE1EUXlNakl4TFRKZk9EQXdWM2c0TURCSXw5OWVkNjg3OTU1MzUyZWU0M2FjNmFjMmRjODFmYTU2ZjliNTE5YzI1YzBiNjhhZGQ0YjViMGNjOGM5ZWJhZmNi,,https://static.bihr.pro/eBihr/Pictures/BANDO-pictures.zip,Spain Warehouse (Parts)
1038810,SB085,SB085,BANDO,BANDO DRIVE BELT STANDARD,Correa de transmision BANDO Premium,32.67,27.00,8.89,8430525294448,9,4010350000,0,1,"<p>Correas de transmisi&oacute;n de clase mundial.</p>
<p>Fundada en 1906, BANDO Chemical industries Ltd. es una de las marcas m&aacute;s experimentadas y reconocidas del mundo. Sus soluciones innovadoras y de excelente calidad situan a Bando como la primera opci&oacute;n del cliente. Es colaboradora esencial en el primer equipo de marcas como Kymco o Honda, adem&aacute;s de ofrecer soluciones &oacute;ptimas para una gran variedad de aplicaciones. Su excelencia productiva deriva de la calidad de sus materiales, sus procesos de fabricaci&oacute;n y su innovaci&oacute;n tecnol&oacute;gica.</p>
<p>El poliuretano y las fibras de ar&aacute;mida usadas aportan una alta resistencia al sobrecalentamiento y a la abrasi&oacute;n ocasionados por fluidos como el aceite de motor, la gasolina y otras grasas t&iacute;picas del c&aacute;rter. El corte lateral del revestimiento se realiza de modo preciso con el objetivo de evitar deformaciones y usuras de medida.</p>
<p>El hilo &laquo;Tetron&raquo;, producto exclusivo Bando, posee una alta resistencia a la dilataci&oacute;n, t&iacute;pica del Stop &amp; Go. Adem&aacute;s, la tensi&oacute;n se distribuye uniformemente a lo largo de toda la correa.</p>
<p>El perfil est&aacute; reforzado con ar&aacute;mida para evitar sobrecalentamiento y deformaciones provocadas por los cambios bruscos de tracci&oacute;n, las altas velocidades...</p>
<p>La estructura interna es de poliuretano, inyectado con alta precisi&oacute;n para obtener una distribuci&oacute;n correcta del material; de este modo la polea no se sufre y se garantiza la estabilidad de todo el sistema de tracci&oacute;n del veh&iacute;culo.</p>","
Correas de transmisión de clase mundial.

Fundada en 1906, BANDO Chemical industries Ltd. es una de las marcas más experimentadas y reconocidas del mundo. Sus soluciones innovadoras y de excelente calidad situan a Bando como la primera opción del cliente. Es colaboradora esencial en el primer equipo de marcas como Kymco o Honda, además de ofrecer soluciones óptimas para una gran variedad de aplicaciones. Su excelencia productiva deriva de la calidad de sus materiales, sus procesos de fabricación y su innovación tecnológica.

El poliuretano y las fibras de arámida usadas aportan una alta resistencia al sobrecalentamiento y a la abrasión ocasionados por fluidos como el aceite de motor, la gasolina y otras grasas típicas del cárter. El corte lateral del revestimiento se realiza de modo preciso con el objetivo de evitar deformaciones y usuras de medida.

El hilo «Tetron», producto exclusivo Bando, posee una alta resistencia a la dilatación, típica del Stop & Go. Además, la tensión se distribuye uniformemente a lo largo de toda la correa.

El perfil está reforzado con arámida para evitar sobrecalentamiento y deformaciones provocadas por los cambios bruscos de tracción, las altas velocidades...

La estructura interna es de poliuretano, inyectado con alta precisión para obtener una distribución correcta del material; de este modo la polea no se sufre y se garantiza la estabilidad de todo el sistema de tracción del vehículo.",VEHICLE PARTS & ACCESSORIES,CHASSIS PARTS,CHAS. BELT,2020,116,144,334,42,,,,Estándar,,,,https://api.mybihr.com/medias/1038810-1-800Wx800H?context=bWFzdGVyfHJvb3R8MzQ4MDh8aW1hZ2UvanBlZ3xhR05pTDJnelpDOHhOVFF5TlRjMk5UQXhOVFU0TWk4eE1ETTRPREV3TFRGZk9EQXdWM2c0TURCSXw0YTNjNzc2NTgwMjdhODk5ZTVkYTZlYmIzZGE4ODBjN2E3MGU4NjQ1ZmQyZDZlMDhmNmJiY2RmNDA2YTRhNTFh,https://api.mybihr.com/medias/1038810-2-800Wx800H?context=bWFzdGVyfHJvb3R8Mzk3NTN8aW1hZ2UvanBlZ3xhRE5rTDJnek1DOHhOVFF5TlRjMk5UUXdPRGM1T0M4eE1ETTRPREV3TFRKZk9EQXdWM2c0TURCSXw3NDllOWE2MjBjMmY3NzhhYWNlM2Y0MTEyMTViNDM3ZTBiNTI1N2E2MDQyNDQ0N2QxZWIyNTE2YzhhMmQ2YTIw,,https://static.bihr.pro/eBihr/Pictures/BANDO-pictures.zip,Spain Warehouse (Parts)
1042220,SB046,S05-018,BANDO,BANDO DRIVE BELT STANDARD,Correa de transmision BANDO Premium,30.37,25.10,12.55,8430525045026,0,8714102000,0,1,"<p>Correas de transmisi&oacute;n de clase mundial.</p>
<p>Fundada en 1906, BANDO Chemical industries Ltd. es una de las marcas m&aacute;s experimentadas y reconocidas del mundo. Sus soluciones innovadoras y de excelente calidad situan a Bando como la primera opci&oacute;n del cliente. Es colaboradora esencial en el primer equipo de marcas como Kymco o Honda, adem&aacute;s de ofrecer soluciones &oacute;ptimas para una gran variedad de aplicaciones. Su excelencia productiva deriva de la calidad de sus materiales, sus procesos de fabricaci&oacute;n y su innovaci&oacute;n tecnol&oacute;gica.</p>
<p>El poliuretano y las fibras de ar&aacute;mida usadas aportan una alta resistencia al sobrecalentamiento y a la abrasi&oacute;n ocasionados por fluidos como el aceite de motor, la gasolina y otras grasas t&iacute;picas del c&aacute;rter. El corte lateral del revestimiento se realiza de modo preciso con el objetivo de evitar deformaciones y usuras de medida.</p>
<p>El hilo &laquo;Tetron&raquo;, producto exclusivo Bando, posee una alta resistencia a la dilataci&oacute;n, t&iacute;pica del Stop &amp; Go. Adem&aacute;s, la tensi&oacute;n se distribuye uniformemente a lo largo de toda la correa.</p>
<p>El perfil est&aacute; reforzado con ar&aacute;mida para evitar sobrecalentamiento y deformaciones provocadas por los cambios bruscos de tracci&oacute;n, las altas velocidades...</p>
<p>La estructura interna es de poliuretano, inyectado con alta precisi&oacute;n para obtener una distribuci&oacute;n correcta del material; de este modo la polea no se sufre y se garantiza la estabilidad de todo el sistema de tracci&oacute;n del veh&iacute;culo.</p>","
Correas de transmisión de clase mundial.

Fundada en 1906, BANDO Chemical industries Ltd. es una de las marcas más experimentadas y reconocidas del mundo. Sus soluciones innovadoras y de excelente calidad situan a Bando como la primera opción del cliente. Es colaboradora esencial en el primer equipo de marcas como Kymco o Honda, además de ofrecer soluciones óptimas para una gran variedad de aplicaciones. Su excelencia productiva deriva de la calidad de sus materiales, sus procesos de fabricación y su innovación tecnológica.

El poliuretano y las fibras de arámida usadas aportan una alta resistencia al sobrecalentamiento y a la abrasión ocasionados por fluidos como el aceite de motor, la gasolina y otras grasas típicas del cárter. El corte lateral del revestimiento se realiza de modo preciso con el objetivo de evitar deformaciones y usuras de medida.

El hilo «Tetron», producto exclusivo Bando, posee una alta resistencia a la dilatación, típica del Stop & Go. Además, la tensión se distribuye uniformemente a lo largo de toda la correa.

El perfil está reforzado con arámida para evitar sobrecalentamiento y deformaciones provocadas por los cambios bruscos de tracción, las altas velocidades...

La estructura interna es de poliuretano, inyectado con alta precisión para obtener una distribución correcta del material; de este modo la polea no se sufre y se garantiza la estabilidad de todo el sistema de tracción del vehículo.",VEHICLE PARTS & ACCESSORIES,CHASSIS PARTS,CHAS. BELT,1237,134,146,385,22,,,,Estándar,Poliéster,,,https://api.mybihr.com/medias/1042220-1-800Wx800H?context=bWFzdGVyfHJvb3R8MzQ4MDh8aW1hZ2UvanBlZ3xhRFEzTDJnMllpOHhOVFF5TmpBeU16YzFNVGN4TUM4eE1EUXlNakl3TFRGZk9EQXdWM2c0TURCSXxlMWIwZTgzODY1ZGQ4ODkyMzgxYjY1NmRhYjZlYWQ0NmU5NWE1MWEzZjczNzY0NTNhZDNjMjE5NmI2ODllNWY5,https://api.mybihr.com/medias/1042220-2-800Wx800H?context=bWFzdGVyfHJvb3R8Mzk3NTN8aW1hZ2UvanBlZ3xhREJsTDJneE5pOHhOVFF5TmpBeU5ERTBORGt5Tmk4eE1EUXlNakl3TFRKZk9EQXdWM2c0TURCSXxiYjljYWQ5MmYyMGY5OTFlNDFmMzk1ZGYyOWQzZDc1M2UyMDE2YjBkNzg1NDJkYzdlMzBlYmFhZDAyYWYxM2I4,,https://static.bihr.pro/eBihr/Pictures/BANDO-pictures.zip,Spain Warehouse (Parts)
1042223,SB072,S17-002,BANDO,BANDO DRIVE BELT STANDARD,Correa de transmision BANDO Premium,27.85,23.02,11.51,8430525045170,0,8714102000,0,1,"<p>Correas de transmisi&oacute;n de clase mundial.</p>
<p>Fundada en 1906, BANDO Chemical industries Ltd. es una de las marcas m&aacute;s experimentadas y reconocidas del mundo. Sus soluciones innovadoras y de excelente calidad situan a Bando como la primera opci&oacute;n del cliente. Es colaboradora esencial en el primer equipo de marcas como Kymco o Honda, adem&aacute;s de ofrecer soluciones &oacute;ptimas para una gran variedad de aplicaciones. Su excelencia productiva deriva de la calidad de sus materiales, sus procesos de fabricaci&oacute;n y su innovaci&oacute;n tecnol&oacute;gica.</p>
<p>El poliuretano y las fibras de ar&aacute;mida usadas aportan una alta resistencia al sobrecalentamiento y a la abrasi&oacute;n ocasionados por fluidos como el aceite de motor, la gasolina y otras grasas t&iacute;picas del c&aacute;rter. El corte lateral del revestimiento se realiza de modo preciso con el objetivo de evitar deformaciones y usuras de medida.</p>
<p>El hilo &laquo;Tetron&raquo;, producto exclusivo Bando, posee una alta resistencia a la dilataci&oacute;n, t&iacute;pica del Stop &amp; Go. Adem&aacute;s, la tensi&oacute;n se distribuye uniformemente a lo largo de toda la correa.</p>
<p>El perfil est&aacute; reforzado con ar&aacute;mida para evitar sobrecalentamiento y deformaciones provocadas por los cambios bruscos de tracci&oacute;n, las altas velocidades...</p>
<p>La estructura interna es de poliuretano, inyectado con alta precisi&oacute;n para obtener una distribuci&oacute;n correcta del material; de este modo la polea no se sufre y se garantiza la estabilidad de todo el sistema de tracci&oacute;n del veh&iacute;culo.</p>","
Correas de transmisión de clase mundial.

Fundada en 1906, BANDO Chemical industries Ltd. es una de las marcas más experimentadas y reconocidas del mundo. Sus soluciones innovadoras y de excelente calidad situan a Bando como la primera opción del cliente. Es colaboradora esencial en el primer equipo de marcas como Kymco o Honda, además de ofrecer soluciones óptimas para una gran variedad de aplicaciones. Su excelencia productiva deriva de la calidad de sus materiales, sus procesos de fabricación y su innovación tecnológica.

El poliuretano y las fibras de arámida usadas aportan una alta resistencia al sobrecalentamiento y a la abrasión ocasionados por fluidos como el aceite de motor, la gasolina y otras grasas típicas del cárter. El corte lateral del revestimiento se realiza de modo preciso con el objetivo de evitar deformaciones y usuras de medida.

El hilo «Tetron», producto exclusivo Bando, posee una alta resistencia a la dilatación, típica del Stop & Go. Además, la tensión se distribuye uniformemente a lo largo de toda la correa.

El perfil está reforzado con arámida para evitar sobrecalentamiento y deformaciones provocadas por los cambios bruscos de tracción, las altas velocidades...

La estructura interna es de poliuretano, inyectado con alta precisión para obtener una distribución correcta del material; de este modo la polea no se sufre y se garantiza la estabilidad de todo el sistema de tracción del vehículo.",VEHICLE PARTS & ACCESSORIES,CHASSIS PARTS,CHAS. BELT,1307,126,144,349,26,,,,Estándar,Poliéster,,,https://api.mybihr.com/medias/1042223-1-800Wx800H?context=bWFzdGVyfHJvb3R8MzQ4MDh8aW1hZ2UvanBlZ3xhRE15TDJoaVpDOHhOVFF5TmpBeU5qRXhNVEF3Tmk4eE1EUXlNakl6TFRGZk9EQXdWM2c0TURCSXxjMzU3YjJiMTc4NzIzZWIwMTcwZDM0ZDljM2IzYjE1NWNlNzNkYzMwMGEyOGU3MTdmNDgyZWNiNTQ2OWNlYTVi,https://api.mybihr.com/medias/1042223-2-800Wx800H?context=bWFzdGVyfHJvb3R8Mzk3NTN8aW1hZ2UvanBlZ3xhR013TDJoallTOHhOVFF5TmpBeU5qVXdOREl5TWk4eE1EUXlNakl6TFRKZk9EQXdWM2c0TURCSXwyNTJkYWQ1MjFjYjhjYWQ5YzI2ZThjNjYzN2NmNTZkNzNlYjBiMGI1ZWU0ODJjMDA0ZTFmMmY5NTdjMzY2NGYw,,https://static.bihr.pro/eBihr/Pictures/BANDO-pictures.zip,Spain Warehouse (Parts)
1042194,SB144,S02-007,BANDO,BANDO DRIVE BELT STANDARD,Correa de transmision BANDO Premium,49.68,41.06,20.53,8430525129764,0,8714109090,0,1,"<p>Correas de transmisi&oacute;n de clase mundial.</p>
<p>Fundada en 1906, BANDO Chemical industries Ltd. es una de las marcas m&aacute;s experimentadas y reconocidas del mundo. Sus soluciones innovadoras y de excelente calidad situan a Bando como la primera opci&oacute;n del cliente. Es colaboradora esencial en el primer equipo de marcas como Kymco o Honda, adem&aacute;s de ofrecer soluciones &oacute;ptimas para una gran variedad de aplicaciones. Su excelencia productiva deriva de la calidad de sus materiales, sus procesos de fabricaci&oacute;n y su innovaci&oacute;n tecnol&oacute;gica.</p>
<p>El poliuretano y las fibras de ar&aacute;mida usadas aportan una alta resistencia al sobrecalentamiento y a la abrasi&oacute;n ocasionados por fluidos como el aceite de motor, la gasolina y otras grasas t&iacute;picas del c&aacute;rter. El corte lateral del revestimiento se realiza de modo preciso con el objetivo de evitar deformaciones y usuras de medida.</p>
<p>El hilo &laquo;Tetron&raquo;, producto exclusivo Bando, posee una alta resistencia a la dilataci&oacute;n, t&iacute;pica del Stop &amp; Go. Adem&aacute;s, la tensi&oacute;n se distribuye uniformemente a lo largo de toda la correa.</p>
<p>El perfil est&aacute; reforzado con ar&aacute;mida para evitar sobrecalentamiento y deformaciones provocadas por los cambios bruscos de tracci&oacute;n, las altas velocidades...</p>
<p>La estructura interna es de poliuretano, inyectado con alta precisi&oacute;n para obtener una distribuci&oacute;n correcta del material; de este modo la polea no se sufre y se garantiza la estabilidad de todo el sistema de tracci&oacute;n del veh&iacute;culo.</p>","
Correas de transmisión de clase mundial.

Fundada en 1906, BANDO Chemical industries Ltd. es una de las marcas más experimentadas y reconocidas del mundo. Sus soluciones innovadoras y de excelente calidad situan a Bando como la primera opción del cliente. Es colaboradora esencial en el primer equipo de marcas como Kymco o Honda, además de ofrecer soluciones óptimas para una gran variedad de aplicaciones. Su excelencia productiva deriva de la calidad de sus materiales, sus procesos de fabricación y su innovación tecnológica.

El poliuretano y las fibras de arámida usadas aportan una alta resistencia al sobrecalentamiento y a la abrasión ocasionados por fluidos como el aceite de motor, la gasolina y otras grasas típicas del cárter. El corte lateral del revestimiento se realiza de modo preciso con el objetivo de evitar deformaciones y usuras de medida.

El hilo «Tetron», producto exclusivo Bando, posee una alta resistencia a la dilatación, típica del Stop & Go. Además, la tensión se distribuye uniformemente a lo largo de toda la correa.

El perfil está reforzado con arámida para evitar sobrecalentamiento y deformaciones provocadas por los cambios bruscos de tracción, las altas velocidades...

La estructura interna es de poliuretano, inyectado con alta precisión para obtener una distribución correcta del material; de este modo la polea no se sufre y se garantiza la estabilidad de todo el sistema de tracción del vehículo.",VEHICLE PARTS & ACCESSORIES,CHASSIS PARTS,CHAS. BELT,2192,178,151,354,41,,,,Estándar,,,,https://api.mybihr.com/medias/1042194-1-800Wx800H?context=bWFzdGVyfHJvb3R8MzQ4MDh8aW1hZ2UvanBlZ3xhRFU1TDJoa09DOHhOVFF5TmpBeE9UQXpNekV4T0M4eE1EUXlNVGswTFRGZk9EQXdWM2c0TURCSXxiZmFlNGYwYWEzMWUxODBjNGQ1NmY5Zjg2NjhjNjcwMzU5M2E3ZDlhYzFhYWM3NzA4NDY3ZjQ4NWM2NTliMGZi,https://api.mybihr.com/medias/1042194-2-800Wx800H?context=bWFzdGVyfHJvb3R8Mzk3NTN8aW1hZ2UvanBlZ3xhR05qTDJoallTOHhOVFF5TmpBeE9UUXlOak16TkM4eE1EUXlNVGswTFRKZk9EQXdWM2c0TURCSXxhMmQwYWNiZWY0ODJjNWY2ZGQ1ZjY3MzFhZWRjMGFlNTk0Nzc5OTcyMDc5OTA2Mzg4MWZmMjg3ZjhkNjI0ZmRl,,https://static.bihr.pro/eBihr/Pictures/BANDO-pictures.zip,Spain Warehouse (Parts)
1042218,SB174,S01-007,BANDO,BANDO DRIVE BELT STANDARD,Correa de transmision BANDO Premium,51.88,42.88,21.44,8430525129870,0,8714102000,0,1,"<p>Correas de transmisi&oacute;n de clase mundial.</p>
<p>Fundada en 1906, BANDO Chemical industries Ltd. es una de las marcas m&aacute;s experimentadas y reconocidas del mundo. Sus soluciones innovadoras y de excelente calidad situan a Bando como la primera opci&oacute;n del cliente. Es colaboradora esencial en el primer equipo de marcas como Kymco o Honda, adem&aacute;s de ofrecer soluciones &oacute;ptimas para una gran variedad de aplicaciones. Su excelencia productiva deriva de la calidad de sus materiales, sus procesos de fabricaci&oacute;n y su innovaci&oacute;n tecnol&oacute;gica.</p>
<p>El poliuretano y las fibras de ar&aacute;mida usadas aportan una alta resistencia al sobrecalentamiento y a la abrasi&oacute;n ocasionados por fluidos como el aceite de motor, la gasolina y otras grasas t&iacute;picas del c&aacute;rter. El corte lateral del revestimiento se realiza de modo preciso con el objetivo de evitar deformaciones y usuras de medida.</p>
<p>El hilo &laquo;Tetron&raquo;, producto exclusivo Bando, posee una alta resistencia a la dilataci&oacute;n, t&iacute;pica del Stop &amp; Go. Adem&aacute;s, la tensi&oacute;n se distribuye uniformemente a lo largo de toda la correa.</p>
<p>El perfil est&aacute; reforzado con ar&aacute;mida para evitar sobrecalentamiento y deformaciones provocadas por los cambios bruscos de tracci&oacute;n, las altas velocidades...</p>
<p>La estructura interna es de poliuretano, inyectado con alta precisi&oacute;n para obtener una distribuci&oacute;n correcta del material; de este modo la polea no se sufre y se garantiza la estabilidad de todo el sistema de tracci&oacute;n del veh&iacute;culo.</p>","
Correas de transmisión de clase mundial.

Fundada en 1906, BANDO Chemical industries Ltd. es una de las marcas más experimentadas y reconocidas del mundo. Sus soluciones innovadoras y de excelente calidad situan a Bando como la primera opción del cliente. Es colaboradora esencial en el primer equipo de marcas como Kymco o Honda, además de ofrecer soluciones óptimas para una gran variedad de aplicaciones. Su excelencia productiva deriva de la calidad de sus materiales, sus procesos de fabricación y su innovación tecnológica.

El poliuretano y las fibras de arámida usadas aportan una alta resistencia al sobrecalentamiento y a la abrasión ocasionados por fluidos como el aceite de motor, la gasolina y otras grasas típicas del cárter. El corte lateral del revestimiento se realiza de modo preciso con el objetivo de evitar deformaciones y usuras de medida.

El hilo «Tetron», producto exclusivo Bando, posee una alta resistencia a la dilatación, típica del Stop & Go. Además, la tensión se distribuye uniformemente a lo largo de toda la correa.

El perfil está reforzado con arámida para evitar sobrecalentamiento y deformaciones provocadas por los cambios bruscos de tracción, las altas velocidades...

La estructura interna es de poliuretano, inyectado con alta precisión para obtener una distribución correcta del material; de este modo la polea no se sufre y se garantiza la estabilidad de todo el sistema de tracción del vehículo.",VEHICLE PARTS & ACCESSORIES,CHASSIS PARTS,CHAS. BELT,1597,230,144,396,28,,,,Estándar,,,,https://api.mybihr.com/medias/1042218-1-800Wx800H?context=bWFzdGVyfHJvb3R8MzQ4MDh8aW1hZ2UvanBlZ3xhRFJtTDJobE9TOHhOVFF5TmpBeU1qRTNPRGcwTmk4eE1EUXlNakU0TFRGZk9EQXdWM2c0TURCSXxjZjQ2MjY1ODBiZWNiOWEwNzBlOWFhN2NhZjc3ZjQ2ZGNjYTdkMzMxM2U4MTgyYTE5MDJjOGYyNTkyZGM0YWUy,https://api.mybihr.com/medias/1042218-2-800Wx800H?context=bWFzdGVyfHJvb3R8Mzk3NTN8aW1hZ2UvanBlZ3xhR0ZsTDJoa1lpOHhOVFF5TmpBeU1qVTNNakEyTWk4eE1EUXlNakU0TFRKZk9EQXdWM2c0TURCSXxlN2E4OTk3ZGNhMWJjNzNjOWYwY2JlYzU3YjhhZWRmMTY2YjIxYjNmMDE5NjY0N2NlOTc4M2QyODcyMDhkYWRl,,https://static.bihr.pro/eBihr/Pictures/BANDO-pictures.zip,Spain Warehouse (Parts)
1025975,SB154,S09-008,BANDO,BANDO DRIVE BELT STANDARD,Correa de transmision BANDO Premium,55.14,45.57,20.43,8430525129788,22,4010350000,0,1,"<p>Correas de transmisi&oacute;n de clase mundial.</p>
<p>Fundada en 1906, BANDO Chemical industries Ltd. es una de las marcas m&aacute;s experimentadas y reconocidas del mundo. Sus soluciones innovadoras y de excelente calidad situan a Bando como la primera opci&oacute;n del cliente. Es colaboradora esencial en el primer equipo de marcas como Kymco o Honda, adem&aacute;s de ofrecer soluciones &oacute;ptimas para una gran variedad de aplicaciones. Su excelencia productiva deriva de la calidad de sus materiales, sus procesos de fabricaci&oacute;n y su innovaci&oacute;n tecnol&oacute;gica.</p>
<p>El poliuretano y las fibras de ar&aacute;mida usadas aportan una alta resistencia al sobrecalentamiento y a la abrasi&oacute;n ocasionados por fluidos como el aceite de motor, la gasolina y otras grasas t&iacute;picas del c&aacute;rter. El corte lateral del revestimiento se realiza de modo preciso con el objetivo de evitar deformaciones y usuras de medida.</p>
<p>El hilo &laquo;Tetron&raquo;, producto exclusivo Bando, posee una alta resistencia a la dilataci&oacute;n, t&iacute;pica del Stop &amp; Go. Adem&aacute;s, la tensi&oacute;n se distribuye uniformemente a lo largo de toda la correa.</p>
<p>El perfil est&aacute; reforzado con ar&aacute;mida para evitar sobrecalentamiento y deformaciones provocadas por los cambios bruscos de tracci&oacute;n, las altas velocidades...</p>
<p>La estructura interna es de poliuretano, inyectado con alta precisi&oacute;n para obtener una distribuci&oacute;n correcta del material; de este modo la polea no se sufre y se garantiza la estabilidad de todo el sistema de tracci&oacute;n del veh&iacute;culo.</p>","
Correas de transmisión de clase mundial.

Fundada en 1906, BANDO Chemical industries Ltd. es una de las marcas más experimentadas y reconocidas del mundo. Sus soluciones innovadoras y de excelente calidad situan a Bando como la primera opción del cliente. Es colaboradora esencial en el primer equipo de marcas como Kymco o Honda, además de ofrecer soluciones óptimas para una gran variedad de aplicaciones. Su excelencia productiva deriva de la calidad de sus materiales, sus procesos de fabricación y su innovación tecnológica.

El poliuretano y las fibras de arámida usadas aportan una alta resistencia al sobrecalentamiento y a la abrasión ocasionados por fluidos como el aceite de motor, la gasolina y otras grasas típicas del cárter. El corte lateral del revestimiento se realiza de modo preciso con el objetivo de evitar deformaciones y usuras de medida.

El hilo «Tetron», producto exclusivo Bando, posee una alta resistencia a la dilatación, típica del Stop & Go. Además, la tensión se distribuye uniformemente a lo largo de toda la correa.

El perfil está reforzado con arámida para evitar sobrecalentamiento y deformaciones provocadas por los cambios bruscos de tracción, las altas velocidades...

La estructura interna es de poliuretano, inyectado con alta precisión para obtener una distribución correcta del material; de este modo la polea no se sufre y se garantiza la estabilidad de todo el sistema de tracción del vehículo.",VEHICLE PARTS & ACCESSORIES,CHASSIS PARTS,CHAS. BELT,808,180,359,90,25,,,,Estándar,,,,https://api.mybihr.com/medias/1025975-1-800Wx800H?context=bWFzdGVyfHJvb3R8MzQ4MDh8aW1hZ2UvanBlZ3xhR1pqTDJnelpDOHhOVFF5TVRBNU9EVXlORGN3TWk4eE1ESTFPVGMxTFRGZk9EQXdWM2c0TURCSXw2ZjM0ZThjOGQ3NTllZDcxN2Y0OTVhMGI0Njg2YTc5MzBkOWQ3ODEwMjQ4M2RiMjVhMGVlMmRmNDNhYTg3NGM1,https://api.mybihr.com/medias/1025975-2-800Wx800H?context=bWFzdGVyfHJvb3R8Mzk3NTN8aW1hZ2UvanBlZ3xhRFptTDJnek1DOHhOVFF5TVRBNU9Ea3hOemt4T0M4eE1ESTFPVGMxTFRKZk9EQXdWM2c0TURCSXxlZTk2ZjUzYjlmOWRhZTAxODU5MWU4Mzc2NjY0ZWEyNGQyZWExMGZlMmFiNzk2ZGRlOTEwMWUyOTY1ZmI0MzUw,,https://static.bihr.pro/eBihr/Pictures/BANDO-pictures.zip,Spain Warehouse (Parts)
1025979,SB075,S04-011,BANDO,BANDO DRIVE BELT STANDARD,Correa de transmision BANDO Premium,37.13,30.69,13.13,8430525045262,14,4010350000,0,1,"<p>Correas de transmisi&oacute;n de clase mundial.</p>
<p>Fundada en 1906, BANDO Chemical industries Ltd. es una de las marcas m&aacute;s experimentadas y reconocidas del mundo. Sus soluciones innovadoras y de excelente calidad situan a Bando como la primera opci&oacute;n del cliente. Es colaboradora esencial en el primer equipo de marcas como Kymco o Honda, adem&aacute;s de ofrecer soluciones &oacute;ptimas para una gran variedad de aplicaciones. Su excelencia productiva deriva de la calidad de sus materiales, sus procesos de fabricaci&oacute;n y su innovaci&oacute;n tecnol&oacute;gica.</p>
<p>El poliuretano y las fibras de ar&aacute;mida usadas aportan una alta resistencia al sobrecalentamiento y a la abrasi&oacute;n ocasionados por fluidos como el aceite de motor, la gasolina y otras grasas t&iacute;picas del c&aacute;rter. El corte lateral del revestimiento se realiza de modo preciso con el objetivo de evitar deformaciones y usuras de medida.</p>
<p>El hilo &laquo;Tetron&raquo;, producto exclusivo Bando, posee una alta resistencia a la dilataci&oacute;n, t&iacute;pica del Stop &amp; Go. Adem&aacute;s, la tensi&oacute;n se distribuye uniformemente a lo largo de toda la correa.</p>
<p>El perfil est&aacute; reforzado con ar&aacute;mida para evitar sobrecalentamiento y deformaciones provocadas por los cambios bruscos de tracci&oacute;n, las altas velocidades...</p>
<p>La estructura interna es de poliuretano, inyectado con alta precisi&oacute;n para obtener una distribuci&oacute;n correcta del material; de este modo la polea no se sufre y se garantiza la estabilidad de todo el sistema de tracci&oacute;n del veh&iacute;culo.</p>","
Correas de transmisión de clase mundial.

Fundada en 1906, BANDO Chemical industries Ltd. es una de las marcas más experimentadas y reconocidas del mundo. Sus soluciones innovadoras y de excelente calidad situan a Bando como la primera opción del cliente. Es colaboradora esencial en el primer equipo de marcas como Kymco o Honda, además de ofrecer soluciones óptimas para una gran variedad de aplicaciones. Su excelencia productiva deriva de la calidad de sus materiales, sus procesos de fabricación y su innovación tecnológica.

El poliuretano y las fibras de arámida usadas aportan una alta resistencia al sobrecalentamiento y a la abrasión ocasionados por fluidos como el aceite de motor, la gasolina y otras grasas típicas del cárter. El corte lateral del revestimiento se realiza de modo preciso con el objetivo de evitar deformaciones y usuras de medida.

El hilo «Tetron», producto exclusivo Bando, posee una alta resistencia a la dilatación, típica del Stop & Go. Además, la tensión se distribuye uniformemente a lo largo de toda la correa.

El perfil está reforzado con arámida para evitar sobrecalentamiento y deformaciones provocadas por los cambios bruscos de tracción, las altas velocidades...

La estructura interna es de poliuretano, inyectado con alta precisión para obtener una distribución correcta del material; de este modo la polea no se sufre y se garantiza la estabilidad de todo el sistema de tracción del vehículo.",VEHICLE PARTS & ACCESSORIES,CHASSIS PARTS,CHAS. BELT,1022,194,100,365,28,,,,Estándar,,,,https://api.mybihr.com/medias/1025979-1-800Wx800H?context=bWFzdGVyfHJvb3R8MzQ4MDh8aW1hZ2UvanBlZ3xhREV5TDJoaVl5OHhOVFF5TVRFd01UWTNNRFF6TUM4eE1ESTFPVGM1TFRGZk9EQXdWM2c0TURCSXwyNTE5MjQ4OTIxZThlNzI4MmFhMzZhNzA1OTI1OTg0NTBjMjBmZTJkY2U2MDQzNmY5OWZjODg3YTFkYWUxZGU5,https://api.mybihr.com/medias/1025979-2-800Wx800H?context=bWFzdGVyfHJvb3R8Mzk3NTN8aW1hZ2UvanBlZ3xhR0kwTDJobFpTOHhOVFF5TVRFd01qQTJNelkwTmk4eE1ESTFPVGM1TFRKZk9EQXdWM2c0TURCSXw3ZDVkYTJjNDUxZjg2NGMxNzUxMzY4YmZiMTFiZjZkZTlkYmEwODAwZmIyZGVmYmM5YWRlZTY0NjhlNzMyNzBh,,https://static.bihr.pro/eBihr/Pictures/BANDO-pictures.zip,Spain Warehouse (Parts)
1038761,SB083,SB083,BANDO,BANDO ACCES BELT OIL PUMP,Correa de bomba de aceite BANDO Premium,12.10,10.00,5.00,8430525105720,0,4010350000,0,1,"<p>Correas de transmisi&oacute;n de clase mundial.</p>
<p>Fundada en 1906, BANDO Chemical industries Ltd. es una de las marcas m&aacute;s experimentadas y reconocidas del mundo. Sus soluciones innovadoras y de excelente calidad situan a Bando como la primera opci&oacute;n del cliente. Es colaboradora esencial en el primer equipo de marcas como Kymco o Honda, adem&aacute;s de ofrecer soluciones &oacute;ptimas para una gran variedad de aplicaciones. Su excelencia productiva deriva de la calidad de sus materiales, sus procesos de fabricaci&oacute;n y su innovaci&oacute;n tecnol&oacute;gica.</p>
<p>El poliuretano y las fibras de ar&aacute;mida usadas aportan una alta resistencia al sobrecalentamiento y a la abrasi&oacute;n ocasionados por fluidos como el aceite de motor, la gasolina y otras grasas t&iacute;picas del c&aacute;rter. El corte lateral del revestimiento se realiza de modo preciso con el objetivo de evitar deformaciones y usuras de medida.</p>
<p>El hilo &laquo;Tetron&raquo;, producto exclusivo Bando, posee una alta resistencia a la dilataci&oacute;n, t&iacute;pica del Stop &amp; Go. Adem&aacute;s, la tensi&oacute;n se distribuye uniformemente a lo largo de toda la correa.</p>
<p>El perfil est&aacute; reforzado con ar&aacute;mida para evitar sobrecalentamiento y deformaciones provocadas por los cambios bruscos de tracci&oacute;n, las altas velocidades...</p>
<p>La estructura interna es de poliuretano, inyectado con alta precisi&oacute;n para obtener una distribuci&oacute;n correcta del material; de este modo la polea no se sufre y se garantiza la estabilidad de todo el sistema de tracci&oacute;n del veh&iacute;culo.</p>","
Correas de transmisión de clase mundial.

Fundada en 1906, BANDO Chemical industries Ltd. es una de las marcas más experimentadas y reconocidas del mundo. Sus soluciones innovadoras y de excelente calidad situan a Bando como la primera opción del cliente. Es colaboradora esencial en el primer equipo de marcas como Kymco o Honda, además de ofrecer soluciones óptimas para una gran variedad de aplicaciones. Su excelencia productiva deriva de la calidad de sus materiales, sus procesos de fabricación y su innovación tecnológica.

El poliuretano y las fibras de arámida usadas aportan una alta resistencia al sobrecalentamiento y a la abrasión ocasionados por fluidos como el aceite de motor, la gasolina y otras grasas típicas del cárter. El corte lateral del revestimiento se realiza de modo preciso con el objetivo de evitar deformaciones y usuras de medida.

El hilo «Tetron», producto exclusivo Bando, posee una alta resistencia a la dilatación, típica del Stop & Go. Además, la tensión se distribuye uniformemente a lo largo de toda la correa.

El perfil está reforzado con arámida para evitar sobrecalentamiento y deformaciones provocadas por los cambios bruscos de tracción, las altas velocidades...

La estructura interna es de poliuretano, inyectado con alta precisión para obtener una distribución correcta del material; de este modo la polea no se sufre y se garantiza la estabilidad de todo el sistema de tracción del vehículo.",VEHICLE PARTS & ACCESSORIES,CHASSIS PARTS,CHAS. BELT,197,6,91,108,20,,,,Estándar,,,,https://api.mybihr.com/medias/1038761-1-800Wx800H?context=bWFzdGVyfHJvb3R8NDI5ODl8aW1hZ2UvanBlZ3xhRGN5TDJnek9TOHhOVFF5TlRjMk1EWTVNREl3Tmk4eE1ETTROell4TFRGZk9EQXdWM2c0TURCSXxjYTNlNTk4MmI0OWVmODdlNDBmY2EwZjYzNDM0M2Q3ZmVjNWM4ODcxOTMxODBlNjg1ODlmZTkyYzY2NjdlNTFl,,,https://static.bihr.pro/eBihr/Pictures/BANDO-pictures.zip,Spain Warehouse (Parts)
1025926,SB171,B2-0613,BANDO,BANDO DRIVE BELT STANDARD,Correa de transmision BANDO Premium,122.00,100.83,50.42,8430525129856,2,4010350000,0,1,"<p>Correas de transmisi&oacute;n de clase mundial.</p>
<p>Fundada en 1906, BANDO Chemical industries Ltd. es una de las marcas m&aacute;s experimentadas y reconocidas del mundo. Sus soluciones innovadoras y de excelente calidad situan a Bando como la primera opci&oacute;n del cliente. Es colaboradora esencial en el primer equipo de marcas como Kymco o Honda, adem&aacute;s de ofrecer soluciones &oacute;ptimas para una gran variedad de aplicaciones. Su excelencia productiva deriva de la calidad de sus materiales, sus procesos de fabricaci&oacute;n y su innovaci&oacute;n tecnol&oacute;gica.</p>
<p>El poliuretano y las fibras de ar&aacute;mida usadas aportan una alta resistencia al sobrecalentamiento y a la abrasi&oacute;n ocasionados por fluidos como el aceite de motor, la gasolina y otras grasas t&iacute;picas del c&aacute;rter. El corte lateral del revestimiento se realiza de modo preciso con el objetivo de evitar deformaciones y usuras de medida.</p>
<p>El hilo &laquo;Tetron&raquo;, producto exclusivo Bando, posee una alta resistencia a la dilataci&oacute;n, t&iacute;pica del Stop &amp; Go. Adem&aacute;s, la tensi&oacute;n se distribuye uniformemente a lo largo de toda la correa.</p>
<p>El perfil est&aacute; reforzado con ar&aacute;mida para evitar sobrecalentamiento y deformaciones provocadas por los cambios bruscos de tracci&oacute;n, las altas velocidades...</p>
<p>La estructura interna es de poliuretano, inyectado con alta precisi&oacute;n para obtener una distribuci&oacute;n correcta del material; de este modo la polea no se sufre y se garantiza la estabilidad de todo el sistema de tracci&oacute;n del veh&iacute;culo.</p>","
Correas de transmisión de clase mundial.

Fundada en 1906, BANDO Chemical industries Ltd. es una de las marcas más experimentadas y reconocidas del mundo. Sus soluciones innovadoras y de excelente calidad situan a Bando como la primera opción del cliente. Es colaboradora esencial en el primer equipo de marcas como Kymco o Honda, además de ofrecer soluciones óptimas para una gran variedad de aplicaciones. Su excelencia productiva deriva de la calidad de sus materiales, sus procesos de fabricación y su innovación tecnológica.

El poliuretano y las fibras de arámida usadas aportan una alta resistencia al sobrecalentamiento y a la abrasión ocasionados por fluidos como el aceite de motor, la gasolina y otras grasas típicas del cárter. El corte lateral del revestimiento se realiza de modo preciso con el objetivo de evitar deformaciones y usuras de medida.

El hilo «Tetron», producto exclusivo Bando, posee una alta resistencia a la dilatación, típica del Stop & Go. Además, la tensión se distribuye uniformemente a lo largo de toda la correa.

El perfil está reforzado con arámida para evitar sobrecalentamiento y deformaciones provocadas por los cambios bruscos de tracción, las altas velocidades...

La estructura interna es de poliuretano, inyectado con alta precisión para obtener una distribución correcta del material; de este modo la polea no se sufre y se garantiza la estabilidad de todo el sistema de tracción del vehículo.",VEHICLE PARTS & ACCESSORIES,CHASSIS PARTS,CHAS. BELT,3724,370,390,154,62,,,,Estándar,,,,https://api.mybihr.com/medias/1025926-1-800Wx800H?context=bWFzdGVyfHJvb3R8MjA0MDh8aW1hZ2UvanBlZ3xhRGRpTDJnd015ODRPVFk0TmpJM01qVTNNemMwTHpFd01qVTVNall0TVY4NE1EQlhlRGd3TUVnfDU4YTA2YmY5M2ZlMmMwNmExMmYzZmMyY2VmMzA4ODJhY2RmMTBkYzk5MzViYTQ1ZjdlYTYxODQ3NDAzYzljYTk,,,https://static.bihr.pro/eBihr/Pictures/BANDO-pictures.zip,Spain Warehouse (Parts)
1025927,SB035,S04-002,BANDO,BANDO DRIVE BELT STANDARD,Correa de transmision BANDO Premium,18.56,15.34,7.67,105543,2,4010350000,0,1,"<p>Correas de transmisi&oacute;n de clase mundial.</p>
<p>Fundada en 1906, BANDO Chemical industries Ltd. es una de las marcas m&aacute;s experimentadas y reconocidas del mundo. Sus soluciones innovadoras y de excelente calidad situan a Bando como la primera opci&oacute;n del cliente. Es colaboradora esencial en el primer equipo de marcas como Kymco o Honda, adem&aacute;s de ofrecer soluciones &oacute;ptimas para una gran variedad de aplicaciones. Su excelencia productiva deriva de la calidad de sus materiales, sus procesos de fabricaci&oacute;n y su innovaci&oacute;n tecnol&oacute;gica.</p>
<p>El poliuretano y las fibras de ar&aacute;mida usadas aportan una alta resistencia al sobrecalentamiento y a la abrasi&oacute;n ocasionados por fluidos como el aceite de motor, la gasolina y otras grasas t&iacute;picas del c&aacute;rter. El corte lateral del revestimiento se realiza de modo preciso con el objetivo de evitar deformaciones y usuras de medida.</p>
<p>El hilo &laquo;Tetron&raquo;, producto exclusivo Bando, posee una alta resistencia a la dilataci&oacute;n, t&iacute;pica del Stop &amp; Go. Adem&aacute;s, la tensi&oacute;n se distribuye uniformemente a lo largo de toda la correa.</p>
<p>El perfil est&aacute; reforzado con ar&aacute;mida para evitar sobrecalentamiento y deformaciones provocadas por los cambios bruscos de tracci&oacute;n, las altas velocidades...</p>
<p>La estructura interna es de poliuretano, inyectado con alta precisi&oacute;n para obtener una distribuci&oacute;n correcta del material; de este modo la polea no se sufre y se garantiza la estabilidad de todo el sistema de tracci&oacute;n del veh&iacute;culo.</p>","
Correas de transmisión de clase mundial.

Fundada en 1906, BANDO Chemical industries Ltd. es una de las marcas más experimentadas y reconocidas del mundo. Sus soluciones innovadoras y de excelente calidad situan a Bando como la primera opción del cliente. Es colaboradora esencial en el primer equipo de marcas como Kymco o Honda, además de ofrecer soluciones óptimas para una gran variedad de aplicaciones. Su excelencia productiva deriva de la calidad de sus materiales, sus procesos de fabricación y su innovación tecnológica.

El poliuretano y las fibras de arámida usadas aportan una alta resistencia al sobrecalentamiento y a la abrasión ocasionados por fluidos como el aceite de motor, la gasolina y otras grasas típicas del cárter. El corte lateral del revestimiento se realiza de modo preciso con el objetivo de evitar deformaciones y usuras de medida.

El hilo «Tetron», producto exclusivo Bando, posee una alta resistencia a la dilatación, típica del Stop & Go. Además, la tensión se distribuye uniformemente a lo largo de toda la correa.

El perfil está reforzado con arámida para evitar sobrecalentamiento y deformaciones provocadas por los cambios bruscos de tracción, las altas velocidades...

La estructura interna es de poliuretano, inyectado con alta precisión para obtener una distribución correcta del material; de este modo la polea no se sufre y se garantiza la estabilidad de todo el sistema de tracción del vehículo.",VEHICLE PARTS & ACCESSORIES,CHASSIS PARTS,CHAS. BELT,1839,84,303,164,37,,,,Estándar,Poliéster,,,https://api.mybihr.com/medias/1025927-1-800Wx800H?context=bWFzdGVyfHJvb3R8MjA0MDh8aW1hZ2UvanBlZ3xhRFJpTDJnd1lTODRPVFk0TmpJM05EVXpPVGd5THpFd01qVTVNamN0TVY4NE1EQlhlRGd3TUVnfDM1NDE4MDdjNTQ4MTgzZTY3NTZkMWNjMmU5MDNjNGRmNjkxYTExZDNkMDY4OGU1NmM3YjQ1YTQ1MGYzNDQ4ZjQ,,,https://static.bihr.pro/eBihr/Pictures/BANDO-pictures.zip,Spain Warehouse (Parts)
1025941,SB073,S17-005,BANDO,BANDO DRIVE BELT STANDARD,Correa de transmision BANDO Premium,35.49,29.33,11.98,8430525045187,12,4010350000,0,1,"<p>Correas de transmisi&oacute;n de clase mundial.</p>
<p>Fundada en 1906, BANDO Chemical industries Ltd. es una de las marcas m&aacute;s experimentadas y reconocidas del mundo. Sus soluciones innovadoras y de excelente calidad situan a Bando como la primera opci&oacute;n del cliente. Es colaboradora esencial en el primer equipo de marcas como Kymco o Honda, adem&aacute;s de ofrecer soluciones &oacute;ptimas para una gran variedad de aplicaciones. Su excelencia productiva deriva de la calidad de sus materiales, sus procesos de fabricaci&oacute;n y su innovaci&oacute;n tecnol&oacute;gica.</p>
<p>El poliuretano y las fibras de ar&aacute;mida usadas aportan una alta resistencia al sobrecalentamiento y a la abrasi&oacute;n ocasionados por fluidos como el aceite de motor, la gasolina y otras grasas t&iacute;picas del c&aacute;rter. El corte lateral del revestimiento se realiza de modo preciso con el objetivo de evitar deformaciones y usuras de medida.</p>
<p>El hilo &laquo;Tetron&raquo;, producto exclusivo Bando, posee una alta resistencia a la dilataci&oacute;n, t&iacute;pica del Stop &amp; Go. Adem&aacute;s, la tensi&oacute;n se distribuye uniformemente a lo largo de toda la correa.</p>
<p>El perfil est&aacute; reforzado con ar&aacute;mida para evitar sobrecalentamiento y deformaciones provocadas por los cambios bruscos de tracci&oacute;n, las altas velocidades...</p>
<p>La estructura interna es de poliuretano, inyectado con alta precisi&oacute;n para obtener una distribuci&oacute;n correcta del material; de este modo la polea no se sufre y se garantiza la estabilidad de todo el sistema de tracci&oacute;n del veh&iacute;culo.</p>","
Correas de transmisión de clase mundial.

Fundada en 1906, BANDO Chemical industries Ltd. es una de las marcas más experimentadas y reconocidas del mundo. Sus soluciones innovadoras y de excelente calidad situan a Bando como la primera opción del cliente. Es colaboradora esencial en el primer equipo de marcas como Kymco o Honda, además de ofrecer soluciones óptimas para una gran variedad de aplicaciones. Su excelencia productiva deriva de la calidad de sus materiales, sus procesos de fabricación y su innovación tecnológica.

El poliuretano y las fibras de arámida usadas aportan una alta resistencia al sobrecalentamiento y a la abrasión ocasionados por fluidos como el aceite de motor, la gasolina y otras grasas típicas del cárter. El corte lateral del revestimiento se realiza de modo preciso con el objetivo de evitar deformaciones y usuras de medida.

El hilo «Tetron», producto exclusivo Bando, posee una alta resistencia a la dilatación, típica del Stop & Go. Además, la tensión se distribuye uniformemente a lo largo de toda la correa.

El perfil está reforzado con arámida para evitar sobrecalentamiento y deformaciones provocadas por los cambios bruscos de tracción, las altas velocidades...

La estructura interna es de poliuretano, inyectado con alta precisión para obtener una distribución correcta del material; de este modo la polea no se sufre y se garantiza la estabilidad de todo el sistema de tracción del vehículo.",VEHICLE PARTS & ACCESSORIES,CHASSIS PARTS,CHAS. BELT,1481,141,381,162,24,,,,Estándar,,,,https://api.mybihr.com/medias/1025941-1-800Wx800H?context=bWFzdGVyfHJvb3R8MjA0MDh8aW1hZ2UvanBlZ3xhRFEyTDJnMU55ODRPVFk1TlRBd09UVXdOVFU0THpFd01qVTVOREV0TVY4NE1EQlhlRGd3TUVnfDYxZTQyMDljMWZkMmFiZmZhZGUzOTQ0MWMwYjA5Yjk2ZDFmYjU1N2MwNzMzMGNhMTY4NDNhZmUwYzk1ZTRjZjI,,,https://static.bihr.pro/eBihr/Pictures/BANDO-pictures.zip,Spain Warehouse (Parts)
1025963,100164,S05-025,BANDO,BANDO DRIVE BELT STANDARD,Correa de transmision BANDO Premium,34.94,28.88,14.44,100164,0,4010350000,0,1,"<p>Correas de transmisi&oacute;n de clase mundial.</p>
<p>Fundada en 1906, BANDO Chemical industries Ltd. es una de las marcas m&aacute;s experimentadas y reconocidas del mundo. Sus soluciones innovadoras y de excelente calidad situan a Bando como la primera opci&oacute;n del cliente. Es colaboradora esencial en el primer equipo de marcas como Kymco o Honda, adem&aacute;s de ofrecer soluciones &oacute;ptimas para una gran variedad de aplicaciones. Su excelencia productiva deriva de la calidad de sus materiales, sus procesos de fabricaci&oacute;n y su innovaci&oacute;n tecnol&oacute;gica.</p>
<p>El poliuretano y las fibras de ar&aacute;mida usadas aportan una alta resistencia al sobrecalentamiento y a la abrasi&oacute;n ocasionados por fluidos como el aceite de motor, la gasolina y otras grasas t&iacute;picas del c&aacute;rter. El corte lateral del revestimiento se realiza de modo preciso con el objetivo de evitar deformaciones y usuras de medida.</p>
<p>El hilo &laquo;Tetron&raquo;, producto exclusivo Bando, posee una alta resistencia a la dilataci&oacute;n, t&iacute;pica del Stop &amp; Go. Adem&aacute;s, la tensi&oacute;n se distribuye uniformemente a lo largo de toda la correa.</p>
<p>El perfil est&aacute; reforzado con ar&aacute;mida para evitar sobrecalentamiento y deformaciones provocadas por los cambios bruscos de tracci&oacute;n, las altas velocidades...</p>
<p>La estructura interna es de poliuretano, inyectado con alta precisi&oacute;n para obtener una distribuci&oacute;n correcta del material; de este modo la polea no se sufre y se garantiza la estabilidad de todo el sistema de tracci&oacute;n del veh&iacute;culo.</p>","
Correas de transmisión de clase mundial.

Fundada en 1906, BANDO Chemical industries Ltd. es una de las marcas más experimentadas y reconocidas del mundo. Sus soluciones innovadoras y de excelente calidad situan a Bando como la primera opción del cliente. Es colaboradora esencial en el primer equipo de marcas como Kymco o Honda, además de ofrecer soluciones óptimas para una gran variedad de aplicaciones. Su excelencia productiva deriva de la calidad de sus materiales, sus procesos de fabricación y su innovación tecnológica.

El poliuretano y las fibras de arámida usadas aportan una alta resistencia al sobrecalentamiento y a la abrasión ocasionados por fluidos como el aceite de motor, la gasolina y otras grasas típicas del cárter. El corte lateral del revestimiento se realiza de modo preciso con el objetivo de evitar deformaciones y usuras de medida.

El hilo «Tetron», producto exclusivo Bando, posee una alta resistencia a la dilatación, típica del Stop & Go. Además, la tensión se distribuye uniformemente a lo largo de toda la correa.

El perfil está reforzado con arámida para evitar sobrecalentamiento y deformaciones provocadas por los cambios bruscos de tracción, las altas velocidades...

La estructura interna es de poliuretano, inyectado con alta precisión para obtener una distribución correcta del material; de este modo la polea no se sufre y se garantiza la estabilidad de todo el sistema de tracción del vehículo.",VEHICLE PARTS & ACCESSORIES,CHASSIS PARTS,CHAS. BELT,870,217,390,93,24,,,,Estándar,Poliéster,,,https://api.mybihr.com/medias/1025963-1-800Wx800H?context=bWFzdGVyfHJvb3R8MjczNzV8aW1hZ2UvanBlZ3xhR1UyTDJobFppODVNREV5TlRrek1qSTVPRFUwTHpFd01qVTVOak10TVY4NE1EQlhlRGd3TUVnfGY1NTBhMzlhNjU0NGRmNTM0M2E3NmRjMDZlNWVhZjE0OTg2YTliNzA4ODQwZDM5NWEzOTdlMWEyYWYzY2RhMGI,,,https://static.bihr.pro/eBihr/Pictures/BANDO-pictures.zip,Spain Warehouse (Parts)
1025965,100169,B1-1022,BANDO,BANDO DRIVE BELT STANDARD,Correa de transmision BANDO Premium,144.69,119.58,59.79,100169,0,4010350000,0,1,"<p>Correas de transmisi&oacute;n de clase mundial.</p>
<p>Fundada en 1906, BANDO Chemical industries Ltd. es una de las marcas m&aacute;s experimentadas y reconocidas del mundo. Sus soluciones innovadoras y de excelente calidad situan a Bando como la primera opci&oacute;n del cliente. Es colaboradora esencial en el primer equipo de marcas como Kymco o Honda, adem&aacute;s de ofrecer soluciones &oacute;ptimas para una gran variedad de aplicaciones. Su excelencia productiva deriva de la calidad de sus materiales, sus procesos de fabricaci&oacute;n y su innovaci&oacute;n tecnol&oacute;gica.</p>
<p>El poliuretano y las fibras de ar&aacute;mida usadas aportan una alta resistencia al sobrecalentamiento y a la abrasi&oacute;n ocasionados por fluidos como el aceite de motor, la gasolina y otras grasas t&iacute;picas del c&aacute;rter. El corte lateral del revestimiento se realiza de modo preciso con el objetivo de evitar deformaciones y usuras de medida.</p>
<p>El hilo &laquo;Tetron&raquo;, producto exclusivo Bando, posee una alta resistencia a la dilataci&oacute;n, t&iacute;pica del Stop &amp; Go. Adem&aacute;s, la tensi&oacute;n se distribuye uniformemente a lo largo de toda la correa.</p>
<p>El perfil est&aacute; reforzado con ar&aacute;mida para evitar sobrecalentamiento y deformaciones provocadas por los cambios bruscos de tracci&oacute;n, las altas velocidades...</p>
<p>La estructura interna es de poliuretano, inyectado con alta precisi&oacute;n para obtener una distribuci&oacute;n correcta del material; de este modo la polea no se sufre y se garantiza la estabilidad de todo el sistema de tracci&oacute;n del veh&iacute;culo.</p>","
Correas de transmisión de clase mundial.

Fundada en 1906, BANDO Chemical industries Ltd. es una de las marcas más experimentadas y reconocidas del mundo. Sus soluciones innovadoras y de excelente calidad situan a Bando como la primera opción del cliente. Es colaboradora esencial en el primer equipo de marcas como Kymco o Honda, además de ofrecer soluciones óptimas para una gran variedad de aplicaciones. Su excelencia productiva deriva de la calidad de sus materiales, sus procesos de fabricación y su innovación tecnológica.

El poliuretano y las fibras de arámida usadas aportan una alta resistencia al sobrecalentamiento y a la abrasión ocasionados por fluidos como el aceite de motor, la gasolina y otras grasas típicas del cárter. El corte lateral del revestimiento se realiza de modo preciso con el objetivo de evitar deformaciones y usuras de medida.

El hilo «Tetron», producto exclusivo Bando, posee una alta resistencia a la dilatación, típica del Stop & Go. Además, la tensión se distribuye uniformemente a lo largo de toda la correa.

El perfil está reforzado con arámida para evitar sobrecalentamiento y deformaciones provocadas por los cambios bruscos de tracción, las altas velocidades...

La estructura interna es de poliuretano, inyectado con alta precisión para obtener una distribución correcta del material; de este modo la polea no se sufre y se garantiza la estabilidad de todo el sistema de tracción del vehículo.",VEHICLE PARTS & ACCESSORIES,CHASSIS PARTS,CHAS. BELT,1545,363,110,439,32,,,,Estándar,,,,https://api.mybihr.com/medias/1025965-1-800Wx800H?context=bWFzdGVyfHJvb3R8MjczNzV8aW1hZ2UvanBlZ3xhR0kyTDJobU5pODVNREV5TlRrek5ESTJORFl5THpFd01qVTVOalV0TVY4NE1EQlhlRGd3TUVnfDUzMDg1NzI0MDk1MmUxNWVhZDFlY2IxYWJkYzBjZDQxMjBkNjNmYTFkNWYwZDY3ZWViNGY5ZDg1MTFlZWJhMjI,,,https://static.bihr.pro/eBihr/Pictures/BANDO-pictures.zip,Spain Warehouse (Parts)
1025969,SB091,B4-0608,BANDO,BANDO DRIVE BELT STANDARD,Correa de transmision BANDO Premium,129.94,107.39,53.70,8430525129658,2,4010350000,0,1,"<p>Correas de transmisi&oacute;n de clase mundial.</p>
<p>Fundada en 1906, BANDO Chemical industries Ltd. es una de las marcas m&aacute;s experimentadas y reconocidas del mundo. Sus soluciones innovadoras y de excelente calidad situan a Bando como la primera opci&oacute;n del cliente. Es colaboradora esencial en el primer equipo de marcas como Kymco o Honda, adem&aacute;s de ofrecer soluciones &oacute;ptimas para una gran variedad de aplicaciones. Su excelencia productiva deriva de la calidad de sus materiales, sus procesos de fabricaci&oacute;n y su innovaci&oacute;n tecnol&oacute;gica.</p>
<p>El poliuretano y las fibras de ar&aacute;mida usadas aportan una alta resistencia al sobrecalentamiento y a la abrasi&oacute;n ocasionados por fluidos como el aceite de motor, la gasolina y otras grasas t&iacute;picas del c&aacute;rter. El corte lateral del revestimiento se realiza de modo preciso con el objetivo de evitar deformaciones y usuras de medida.</p>
<p>El hilo &laquo;Tetron&raquo;, producto exclusivo Bando, posee una alta resistencia a la dilataci&oacute;n, t&iacute;pica del Stop &amp; Go. Adem&aacute;s, la tensi&oacute;n se distribuye uniformemente a lo largo de toda la correa.</p>
<p>El perfil est&aacute; reforzado con ar&aacute;mida para evitar sobrecalentamiento y deformaciones provocadas por los cambios bruscos de tracci&oacute;n, las altas velocidades...</p>
<p>La estructura interna es de poliuretano, inyectado con alta precisi&oacute;n para obtener una distribuci&oacute;n correcta del material; de este modo la polea no se sufre y se garantiza la estabilidad de todo el sistema de tracci&oacute;n del veh&iacute;culo.</p>","
Correas de transmisión de clase mundial.

Fundada en 1906, BANDO Chemical industries Ltd. es una de las marcas más experimentadas y reconocidas del mundo. Sus soluciones innovadoras y de excelente calidad situan a Bando como la primera opción del cliente. Es colaboradora esencial en el primer equipo de marcas como Kymco o Honda, además de ofrecer soluciones óptimas para una gran variedad de aplicaciones. Su excelencia productiva deriva de la calidad de sus materiales, sus procesos de fabricación y su innovación tecnológica.

El poliuretano y las fibras de arámida usadas aportan una alta resistencia al sobrecalentamiento y a la abrasión ocasionados por fluidos como el aceite de motor, la gasolina y otras grasas típicas del cárter. El corte lateral del revestimiento se realiza de modo preciso con el objetivo de evitar deformaciones y usuras de medida.

El hilo «Tetron», producto exclusivo Bando, posee una alta resistencia a la dilatación, típica del Stop & Go. Además, la tensión se distribuye uniformemente a lo largo de toda la correa.

El perfil está reforzado con arámida para evitar sobrecalentamiento y deformaciones provocadas por los cambios bruscos de tracción, las altas velocidades...

La estructura interna es de poliuretano, inyectado con alta precisión para obtener una distribución correcta del material; de este modo la polea no se sufre y se garantiza la estabilidad de todo el sistema de tracción del vehículo.",VEHICLE PARTS & ACCESSORIES,CHASSIS PARTS,CHAS. BELT,3280,360,482,162,42,,,,Estándar,,,,https://api.mybihr.com/medias/1025969-1-800Wx800H?context=bWFzdGVyfHJvb3R8MjA0MDh8aW1hZ2UvanBlZ3xhRGczTDJobVpDODVNREV5TlRrek5qSXpNRGN3THpFd01qVTVOamt0TVY4NE1EQlhlRGd3TUVnfDZjNjRkZjMyOTJkNTBiMThmNzExOWFkM2QwODg4MjBlYWZiYjdiYzhkYjkxMjM0NGFkYWRlZjY4ZDI0Y2I0YjE,,,https://static.bihr.pro/eBihr/Pictures/BANDO-pictures.zip,Spain Warehouse (Parts)
1025970,100208,B4-1243,BANDO,BANDO DRIVE BELT STANDARD,"Correa BANDO con doble dentado, reforzada",158.89,131.31,39.89,100208,12,4010350000,0,1,"<p>Correas de transmisi&oacute;n de clase mundial.</p>
<p>Fundada en 1906, BANDO Chemical industries Ltd. es una de las marcas m&aacute;s experimentadas y reconocidas del mundo. Sus soluciones innovadoras y de excelente calidad situan a Bando como la primera opci&oacute;n del cliente. Es colaboradora esencial en el primer equipo de marcas como Kymco o Honda, adem&aacute;s de ofrecer soluciones &oacute;ptimas para una gran variedad de aplicaciones. Su excelencia productiva deriva de la calidad de sus materiales, sus procesos de fabricaci&oacute;n y su innovaci&oacute;n tecnol&oacute;gica.</p>
<p>El poliuretano y las fibras de ar&aacute;mida usadas aportan una alta resistencia al sobrecalentamiento y a la abrasi&oacute;n ocasionados por fluidos como el aceite de motor, la gasolina y otras grasas t&iacute;picas del c&aacute;rter. El corte lateral del revestimiento se realiza de modo preciso con el objetivo de evitar deformaciones y usuras de medida.</p>
<p>El hilo &laquo;Tetron&raquo;, producto exclusivo Bando, posee una alta resistencia a la dilataci&oacute;n, t&iacute;pica del Stop &amp; Go. Adem&aacute;s, la tensi&oacute;n se distribuye uniformemente a lo largo de toda la correa.</p>
<p>El perfil est&aacute; reforzado con ar&aacute;mida para evitar sobrecalentamiento y deformaciones provocadas por los cambios bruscos de tracci&oacute;n, las altas velocidades...</p>
<p>La estructura interna es de poliuretano, inyectado con alta precisi&oacute;n para obtener una distribuci&oacute;n correcta del material; de este modo la polea no se sufre y se garantiza la estabilidad de todo el sistema de tracci&oacute;n del veh&iacute;culo.</p>","
Correas de transmisión de clase mundial.

Fundada en 1906, BANDO Chemical industries Ltd. es una de las marcas más experimentadas y reconocidas del mundo. Sus soluciones innovadoras y de excelente calidad situan a Bando como la primera opción del cliente. Es colaboradora esencial en el primer equipo de marcas como Kymco o Honda, además de ofrecer soluciones óptimas para una gran variedad de aplicaciones. Su excelencia productiva deriva de la calidad de sus materiales, sus procesos de fabricación y su innovación tecnológica.

El poliuretano y las fibras de arámida usadas aportan una alta resistencia al sobrecalentamiento y a la abrasión ocasionados por fluidos como el aceite de motor, la gasolina y otras grasas típicas del cárter. El corte lateral del revestimiento se realiza de modo preciso con el objetivo de evitar deformaciones y usuras de medida.

El hilo «Tetron», producto exclusivo Bando, posee una alta resistencia a la dilatación, típica del Stop & Go. Además, la tensión se distribuye uniformemente a lo largo de toda la correa.

El perfil está reforzado con arámida para evitar sobrecalentamiento y deformaciones provocadas por los cambios bruscos de tracción, las altas velocidades...

La estructura interna es de poliuretano, inyectado con alta precisión para obtener una distribución correcta del material; de este modo la polea no se sufre y se garantiza la estabilidad de todo el sistema de tracción del vehículo.",VEHICLE PARTS & ACCESSORIES,CHASSIS PARTS,CHAS. BELT,1661,325,466,115,31,,,,Estándar,,,,https://api.mybihr.com/medias/800Wx800H-1025970-1.jpg?context=bWFzdGVyfHJvb3R8NDA1NTN8aW1hZ2UvanBlZ3xhREkzTDJobU9TOHhNREV4Tnpnek5qZzVNVGMxTXpRdk9EQXdWM2c0TURCSVh6RXdNalU1TnpBdE1TNXFjR2N8NTg4OTk5MWFhNmRjMjZhZTU3YjM1Y2U4N2E3NDRhZGI1OWU5YzJkMDlhYWEzNjljYzQ3Yjk2ZGEyZjhlYzQzYg,,,https://static.bihr.pro/eBihr/Pictures/BANDO-pictures.zip,Spain Warehouse (Parts)
1025973,100194,B9-1029,BANDO,BANDO DRIVE BELT STANDARD,Correa de transmision BANDO Premium,163.25,134.92,67.46,100194,0,4010350000,0,1,"<p>Correas de transmisi&oacute;n de clase mundial.</p>
<p>Fundada en 1906, BANDO Chemical industries Ltd. es una de las marcas m&aacute;s experimentadas y reconocidas del mundo. Sus soluciones innovadoras y de excelente calidad situan a Bando como la primera opci&oacute;n del cliente. Es colaboradora esencial en el primer equipo de marcas como Kymco o Honda, adem&aacute;s de ofrecer soluciones &oacute;ptimas para una gran variedad de aplicaciones. Su excelencia productiva deriva de la calidad de sus materiales, sus procesos de fabricaci&oacute;n y su innovaci&oacute;n tecnol&oacute;gica.</p>
<p>El poliuretano y las fibras de ar&aacute;mida usadas aportan una alta resistencia al sobrecalentamiento y a la abrasi&oacute;n ocasionados por fluidos como el aceite de motor, la gasolina y otras grasas t&iacute;picas del c&aacute;rter. El corte lateral del revestimiento se realiza de modo preciso con el objetivo de evitar deformaciones y usuras de medida.</p>
<p>El hilo &laquo;Tetron&raquo;, producto exclusivo Bando, posee una alta resistencia a la dilataci&oacute;n, t&iacute;pica del Stop &amp; Go. Adem&aacute;s, la tensi&oacute;n se distribuye uniformemente a lo largo de toda la correa.</p>
<p>El perfil est&aacute; reforzado con ar&aacute;mida para evitar sobrecalentamiento y deformaciones provocadas por los cambios bruscos de tracci&oacute;n, las altas velocidades...</p>
<p>La estructura interna es de poliuretano, inyectado con alta precisi&oacute;n para obtener una distribuci&oacute;n correcta del material; de este modo la polea no se sufre y se garantiza la estabilidad de todo el sistema de tracci&oacute;n del veh&iacute;culo.</p>","
Correas de transmisión de clase mundial.

Fundada en 1906, BANDO Chemical industries Ltd. es una de las marcas más experimentadas y reconocidas del mundo. Sus soluciones innovadoras y de excelente calidad situan a Bando como la primera opción del cliente. Es colaboradora esencial en el primer equipo de marcas como Kymco o Honda, además de ofrecer soluciones óptimas para una gran variedad de aplicaciones. Su excelencia productiva deriva de la calidad de sus materiales, sus procesos de fabricación y su innovación tecnológica.

El poliuretano y las fibras de arámida usadas aportan una alta resistencia al sobrecalentamiento y a la abrasión ocasionados por fluidos como el aceite de motor, la gasolina y otras grasas típicas del cárter. El corte lateral del revestimiento se realiza de modo preciso con el objetivo de evitar deformaciones y usuras de medida.

El hilo «Tetron», producto exclusivo Bando, posee una alta resistencia a la dilatación, típica del Stop & Go. Además, la tensión se distribuye uniformemente a lo largo de toda la correa.

El perfil está reforzado con arámida para evitar sobrecalentamiento y deformaciones provocadas por los cambios bruscos de tracción, las altas velocidades...

La estructura interna es de poliuretano, inyectado con alta precisión para obtener una distribución correcta del material; de este modo la polea no se sufre y se garantiza la estabilidad de todo el sistema de tracción del vehículo.",VEHICLE PARTS & ACCESSORIES,CHASSIS PARTS,CHAS. BELT,3083,325,466,147,45,,,,Estándar,,,,https://api.mybihr.com/medias/1025973-1-800Wx800H?context=bWFzdGVyfHJvb3R8MjA0MDh8aW1hZ2UvanBlZ3xhRFptTDJoaE5pODVNREV5TlRrME1qRXlPRGswTHpFd01qVTVOek10TVY4NE1EQlhlRGd3TUVnfDRiMDQ0NDBkN2QzZDYxNWZhYzQ1YjkwOTljYjU3NGMzNWI2NjBlZTU5YjFkNjliZTY2NTQwN2FiYzVjZTY3ZmI,,,https://static.bihr.pro/eBihr/Pictures/BANDO-pictures.zip,Spain Warehouse (Parts)
1042199,SB156,S08-005,BANDO,BANDO DRIVE BELT STANDARD,Correa de transmision BANDO Premium,20.47,16.92,8.46,8430525129795,12,4010350000,0,1,"<p>Correas de transmisi&oacute;n de clase mundial.</p>
<p>Fundada en 1906, BANDO Chemical industries Ltd. es una de las marcas m&aacute;s experimentadas y reconocidas del mundo. Sus soluciones innovadoras y de excelente calidad situan a Bando como la primera opci&oacute;n del cliente. Es colaboradora esencial en el primer equipo de marcas como Kymco o Honda, adem&aacute;s de ofrecer soluciones &oacute;ptimas para una gran variedad de aplicaciones. Su excelencia productiva deriva de la calidad de sus materiales, sus procesos de fabricaci&oacute;n y su innovaci&oacute;n tecnol&oacute;gica.</p>
<p>El poliuretano y las fibras de ar&aacute;mida usadas aportan una alta resistencia al sobrecalentamiento y a la abrasi&oacute;n ocasionados por fluidos como el aceite de motor, la gasolina y otras grasas t&iacute;picas del c&aacute;rter. El corte lateral del revestimiento se realiza de modo preciso con el objetivo de evitar deformaciones y usuras de medida.</p>
<p>El hilo &laquo;Tetron&raquo;, producto exclusivo Bando, posee una alta resistencia a la dilataci&oacute;n, t&iacute;pica del Stop &amp; Go. Adem&aacute;s, la tensi&oacute;n se distribuye uniformemente a lo largo de toda la correa.</p>
<p>El perfil est&aacute; reforzado con ar&aacute;mida para evitar sobrecalentamiento y deformaciones provocadas por los cambios bruscos de tracci&oacute;n, las altas velocidades...</p>
<p>La estructura interna es de poliuretano, inyectado con alta precisi&oacute;n para obtener una distribuci&oacute;n correcta del material; de este modo la polea no se sufre y se garantiza la estabilidad de todo el sistema de tracci&oacute;n del veh&iacute;culo.</p>","
Correas de transmisión de clase mundial.

Fundada en 1906, BANDO Chemical industries Ltd. es una de las marcas más experimentadas y reconocidas del mundo. Sus soluciones innovadoras y de excelente calidad situan a Bando como la primera opción del cliente. Es colaboradora esencial en el primer equipo de marcas como Kymco o Honda, además de ofrecer soluciones óptimas para una gran variedad de aplicaciones. Su excelencia productiva deriva de la calidad de sus materiales, sus procesos de fabricación y su innovación tecnológica.

El poliuretano y las fibras de arámida usadas aportan una alta resistencia al sobrecalentamiento y a la abrasión ocasionados por fluidos como el aceite de motor, la gasolina y otras grasas típicas del cárter. El corte lateral del revestimiento se realiza de modo preciso con el objetivo de evitar deformaciones y usuras de medida.

El hilo «Tetron», producto exclusivo Bando, posee una alta resistencia a la dilatación, típica del Stop & Go. Además, la tensión se distribuye uniformemente a lo largo de toda la correa.

El perfil está reforzado con arámida para evitar sobrecalentamiento y deformaciones provocadas por los cambios bruscos de tracción, las altas velocidades...

La estructura interna es de poliuretano, inyectado con alta precisión para obtener una distribución correcta del material; de este modo la polea no se sufre y se garantiza la estabilidad de todo el sistema de tracción del vehículo.",VEHICLE PARTS & ACCESSORIES,CHASSIS PARTS,CHAS. BELT,1609,113,349,159,29,,,,Estándar,Poliéster,,,https://api.mybihr.com/medias/1042199-1-800Wx800H?context=bWFzdGVyfHJvb3R8MjA0MDh8aW1hZ2UvanBlZ3xhRGN5TDJnM1l5ODRPVGN3TWpNNE1UTXlNalUwTHpFd05ESXhPVGt0TVY4NE1EQlhlRGd3TUVnfGZmYzFiMTYxMDg2NTBmZWM3MTc4OGJkOTU4MTk2ZmVhMTE4ZGVkYjIzMTZkYWY5ZTA3OTQ0ODkyNGU0ODM1OTI,,,https://static.bihr.pro/eBihr/Pictures/BANDO-pictures.zip,Spain Warehouse (Parts)
1042200,SB173,S01-004,BANDO,BANDO DRIVE BELT STANDARD,Correa de transmision BANDO Premium,28.87,23.86,11.93,8430525045316,1,4010350000,0,1,"<p>Correas de transmisi&oacute;n de clase mundial.</p>
<p>Fundada en 1906, BANDO Chemical industries Ltd. es una de las marcas m&aacute;s experimentadas y reconocidas del mundo. Sus soluciones innovadoras y de excelente calidad situan a Bando como la primera opci&oacute;n del cliente. Es colaboradora esencial en el primer equipo de marcas como Kymco o Honda, adem&aacute;s de ofrecer soluciones &oacute;ptimas para una gran variedad de aplicaciones. Su excelencia productiva deriva de la calidad de sus materiales, sus procesos de fabricaci&oacute;n y su innovaci&oacute;n tecnol&oacute;gica.</p>
<p>El poliuretano y las fibras de ar&aacute;mida usadas aportan una alta resistencia al sobrecalentamiento y a la abrasi&oacute;n ocasionados por fluidos como el aceite de motor, la gasolina y otras grasas t&iacute;picas del c&aacute;rter. El corte lateral del revestimiento se realiza de modo preciso con el objetivo de evitar deformaciones y usuras de medida.</p>
<p>El hilo &laquo;Tetron&raquo;, producto exclusivo Bando, posee una alta resistencia a la dilataci&oacute;n, t&iacute;pica del Stop &amp; Go. Adem&aacute;s, la tensi&oacute;n se distribuye uniformemente a lo largo de toda la correa.</p>
<p>El perfil est&aacute; reforzado con ar&aacute;mida para evitar sobrecalentamiento y deformaciones provocadas por los cambios bruscos de tracci&oacute;n, las altas velocidades...</p>
<p>La estructura interna es de poliuretano, inyectado con alta precisi&oacute;n para obtener una distribuci&oacute;n correcta del material; de este modo la polea no se sufre y se garantiza la estabilidad de todo el sistema de tracci&oacute;n del veh&iacute;culo.</p>","
Correas de transmisión de clase mundial.

Fundada en 1906, BANDO Chemical industries Ltd. es una de las marcas más experimentadas y reconocidas del mundo. Sus soluciones innovadoras y de excelente calidad situan a Bando como la primera opción del cliente. Es colaboradora esencial en el primer equipo de marcas como Kymco o Honda, además de ofrecer soluciones óptimas para una gran variedad de aplicaciones. Su excelencia productiva deriva de la calidad de sus materiales, sus procesos de fabricación y su innovación tecnológica.

El poliuretano y las fibras de arámida usadas aportan una alta resistencia al sobrecalentamiento y a la abrasión ocasionados por fluidos como el aceite de motor, la gasolina y otras grasas típicas del cárter. El corte lateral del revestimiento se realiza de modo preciso con el objetivo de evitar deformaciones y usuras de medida.

El hilo «Tetron», producto exclusivo Bando, posee una alta resistencia a la dilatación, típica del Stop & Go. Además, la tensión se distribuye uniformemente a lo largo de toda la correa.

El perfil está reforzado con arámida para evitar sobrecalentamiento y deformaciones provocadas por los cambios bruscos de tracción, las altas velocidades...

La estructura interna es de poliuretano, inyectado con alta precisión para obtener una distribución correcta del material; de este modo la polea no se sufre y se garantiza la estabilidad de todo el sistema de tracción del vehículo.",VEHICLE PARTS & ACCESSORIES,CHASSIS PARTS,CHAS. BELT,942,181,375,93,27,,,,Estándar,Poliéster,,,https://api.mybihr.com/medias/1042200-1-800Wx800H?context=bWFzdGVyfHJvb3R8MjczNzV8aW1hZ2UvanBlZ3xhREpsTDJnNE15ODRPVGN3TWpNNE16STRPRFl5THpFd05ESXlNREF0TVY4NE1EQlhlRGd3TUVnfDUzNjMxYTRlZjEwOGVhY2VkM2JiMzBkMDQ2MWJjZDFiOTg0M2ZkOTFiMTBkYTk1ZmNjZWQ4YmExYjNmMDFhNWM,,,https://static.bihr.pro/eBihr/Pictures/BANDO-pictures.zip,Spain Warehouse (Parts)
1042201,SB019,S02-001,BANDO,BANDO DRIVE BELT STANDARD,Correa de transmision BANDO Premium,17.48,14.45,7.23,8430525044890,81,4010350000,0,1,"<p>Correas de transmisi&oacute;n de clase mundial.</p>
<p>Fundada en 1906, BANDO Chemical industries Ltd. es una de las marcas m&aacute;s experimentadas y reconocidas del mundo. Sus soluciones innovadoras y de excelente calidad situan a Bando como la primera opci&oacute;n del cliente. Es colaboradora esencial en el primer equipo de marcas como Kymco o Honda, adem&aacute;s de ofrecer soluciones &oacute;ptimas para una gran variedad de aplicaciones. Su excelencia productiva deriva de la calidad de sus materiales, sus procesos de fabricaci&oacute;n y su innovaci&oacute;n tecnol&oacute;gica.</p>
<p>El poliuretano y las fibras de ar&aacute;mida usadas aportan una alta resistencia al sobrecalentamiento y a la abrasi&oacute;n ocasionados por fluidos como el aceite de motor, la gasolina y otras grasas t&iacute;picas del c&aacute;rter. El corte lateral del revestimiento se realiza de modo preciso con el objetivo de evitar deformaciones y usuras de medida.</p>
<p>El hilo &laquo;Tetron&raquo;, producto exclusivo Bando, posee una alta resistencia a la dilataci&oacute;n, t&iacute;pica del Stop &amp; Go. Adem&aacute;s, la tensi&oacute;n se distribuye uniformemente a lo largo de toda la correa.</p>
<p>El perfil est&aacute; reforzado con ar&aacute;mida para evitar sobrecalentamiento y deformaciones provocadas por los cambios bruscos de tracci&oacute;n, las altas velocidades...</p>
<p>La estructura interna es de poliuretano, inyectado con alta precisi&oacute;n para obtener una distribuci&oacute;n correcta del material; de este modo la polea no se sufre y se garantiza la estabilidad de todo el sistema de tracci&oacute;n del veh&iacute;culo.</p>","
Correas de transmisión de clase mundial.

Fundada en 1906, BANDO Chemical industries Ltd. es una de las marcas más experimentadas y reconocidas del mundo. Sus soluciones innovadoras y de excelente calidad situan a Bando como la primera opción del cliente. Es colaboradora esencial en el primer equipo de marcas como Kymco o Honda, además de ofrecer soluciones óptimas para una gran variedad de aplicaciones. Su excelencia productiva deriva de la calidad de sus materiales, sus procesos de fabricación y su innovación tecnológica.

El poliuretano y las fibras de arámida usadas aportan una alta resistencia al sobrecalentamiento y a la abrasión ocasionados por fluidos como el aceite de motor, la gasolina y otras grasas típicas del cárter. El corte lateral del revestimiento se realiza de modo preciso con el objetivo de evitar deformaciones y usuras de medida.

El hilo «Tetron», producto exclusivo Bando, posee una alta resistencia a la dilatación, típica del Stop & Go. Además, la tensión se distribuye uniformemente a lo largo de toda la correa.

El perfil está reforzado con arámida para evitar sobrecalentamiento y deformaciones provocadas por los cambios bruscos de tracción, las altas velocidades...

La estructura interna es de poliuretano, inyectado con alta precisión para obtener una distribución correcta del material; de este modo la polea no se sufre y se garantiza la estabilidad de todo el sistema de tracción del vehículo.",VEHICLE PARTS & ACCESSORIES,CHASSIS PARTS,CHAS. BELT,2150,102,316,162,42,,,,Estándar,Poliéster,,,https://api.mybihr.com/medias/1042201-1-800Wx800H?context=bWFzdGVyfHJvb3R8MjA0MDh8aW1hZ2UvanBlZ3xhR1ptTDJnNE9TODRPVGN3TWpNNE5USTFORGN3THpFd05ESXlNREV0TVY4NE1EQlhlRGd3TUVnfDJlMTAwYzE0YzUwYWU4ZjVhODA5MzdhNzdmNjEyMTNmYjc3YTVjZDFiNDYyZDEzNWI3NWYxYzBjNWZmODY1ZjY,,,https://static.bihr.pro/eBihr/Pictures/BANDO-pictures.zip,Spain Warehouse (Parts)
1042208,SB064,S09-005,BANDO,BANDO DRIVE BELT STANDARD,Correa de transmision BANDO Premium,26.26,21.70,10.85,8430525045095,12,4010350000,0,1,"<p>Correas de transmisi&oacute;n de clase mundial.</p>
<p>Fundada en 1906, BANDO Chemical industries Ltd. es una de las marcas m&aacute;s experimentadas y reconocidas del mundo. Sus soluciones innovadoras y de excelente calidad situan a Bando como la primera opci&oacute;n del cliente. Es colaboradora esencial en el primer equipo de marcas como Kymco o Honda, adem&aacute;s de ofrecer soluciones &oacute;ptimas para una gran variedad de aplicaciones. Su excelencia productiva deriva de la calidad de sus materiales, sus procesos de fabricaci&oacute;n y su innovaci&oacute;n tecnol&oacute;gica.</p>
<p>El poliuretano y las fibras de ar&aacute;mida usadas aportan una alta resistencia al sobrecalentamiento y a la abrasi&oacute;n ocasionados por fluidos como el aceite de motor, la gasolina y otras grasas t&iacute;picas del c&aacute;rter. El corte lateral del revestimiento se realiza de modo preciso con el objetivo de evitar deformaciones y usuras de medida.</p>
<p>El hilo &laquo;Tetron&raquo;, producto exclusivo Bando, posee una alta resistencia a la dilataci&oacute;n, t&iacute;pica del Stop &amp; Go. Adem&aacute;s, la tensi&oacute;n se distribuye uniformemente a lo largo de toda la correa.</p>
<p>El perfil est&aacute; reforzado con ar&aacute;mida para evitar sobrecalentamiento y deformaciones provocadas por los cambios bruscos de tracci&oacute;n, las altas velocidades...</p>
<p>La estructura interna es de poliuretano, inyectado con alta precisi&oacute;n para obtener una distribuci&oacute;n correcta del material; de este modo la polea no se sufre y se garantiza la estabilidad de todo el sistema de tracci&oacute;n del veh&iacute;culo.</p>","
Correas de transmisión de clase mundial.

Fundada en 1906, BANDO Chemical industries Ltd. es una de las marcas más experimentadas y reconocidas del mundo. Sus soluciones innovadoras y de excelente calidad situan a Bando como la primera opción del cliente. Es colaboradora esencial en el primer equipo de marcas como Kymco o Honda, además de ofrecer soluciones óptimas para una gran variedad de aplicaciones. Su excelencia productiva deriva de la calidad de sus materiales, sus procesos de fabricación y su innovación tecnológica.

El poliuretano y las fibras de arámida usadas aportan una alta resistencia al sobrecalentamiento y a la abrasión ocasionados por fluidos como el aceite de motor, la gasolina y otras grasas típicas del cárter. El corte lateral del revestimiento se realiza de modo preciso con el objetivo de evitar deformaciones y usuras de medida.

El hilo «Tetron», producto exclusivo Bando, posee una alta resistencia a la dilatación, típica del Stop & Go. Además, la tensión se distribuye uniformemente a lo largo de toda la correa.

El perfil está reforzado con arámida para evitar sobrecalentamiento y deformaciones provocadas por los cambios bruscos de tracción, las altas velocidades...

La estructura interna es de poliuretano, inyectado con alta precisión para obtener una distribución correcta del material; de este modo la polea no se sufre y se garantiza la estabilidad de todo el sistema de tracción del vehículo.",VEHICLE PARTS & ACCESSORIES,CHASSIS PARTS,CHAS. BELT,710,132,337,78,27,,,,Estándar,,,,https://api.mybihr.com/medias/1042208-1-800Wx800H?context=bWFzdGVyfHJvb3R8MjA0MDh8aW1hZ2UvanBlZ3xhR001TDJobVpTODRPVGN3TWpNNU9UQXhOekkyTHpFd05ESXlNRGd0TVY4NE1EQlhlRGd3TUVnfDdjM2Q0YjI4NmFjYTE3ODViMWZmNzQ0ZmM3ZTVkZmU0ZjkyOWY2NjczM2VlMzUzNjA5ZmRhOWQwOTdiNjAzYTM,,,https://static.bihr.pro/eBihr/Pictures/BANDO-pictures.zip,Spain Warehouse (Parts)
1042210,SB087,S17-010,BANDO,BANDO DRIVE BELT STANDARD,Correa de transmision BANDO Premium,49.89,41.23,20.62,8430525129627,2,4010350000,0,1,"<p>Correas de transmisi&oacute;n de clase mundial.</p>
<p>Fundada en 1906, BANDO Chemical industries Ltd. es una de las marcas m&aacute;s experimentadas y reconocidas del mundo. Sus soluciones innovadoras y de excelente calidad situan a Bando como la primera opci&oacute;n del cliente. Es colaboradora esencial en el primer equipo de marcas como Kymco o Honda, adem&aacute;s de ofrecer soluciones &oacute;ptimas para una gran variedad de aplicaciones. Su excelencia productiva deriva de la calidad de sus materiales, sus procesos de fabricaci&oacute;n y su innovaci&oacute;n tecnol&oacute;gica.</p>
<p>El poliuretano y las fibras de ar&aacute;mida usadas aportan una alta resistencia al sobrecalentamiento y a la abrasi&oacute;n ocasionados por fluidos como el aceite de motor, la gasolina y otras grasas t&iacute;picas del c&aacute;rter. El corte lateral del revestimiento se realiza de modo preciso con el objetivo de evitar deformaciones y usuras de medida.</p>
<p>El hilo &laquo;Tetron&raquo;, producto exclusivo Bando, posee una alta resistencia a la dilataci&oacute;n, t&iacute;pica del Stop &amp; Go. Adem&aacute;s, la tensi&oacute;n se distribuye uniformemente a lo largo de toda la correa.</p>
<p>El perfil est&aacute; reforzado con ar&aacute;mida para evitar sobrecalentamiento y deformaciones provocadas por los cambios bruscos de tracci&oacute;n, las altas velocidades...</p>
<p>La estructura interna es de poliuretano, inyectado con alta precisi&oacute;n para obtener una distribuci&oacute;n correcta del material; de este modo la polea no se sufre y se garantiza la estabilidad de todo el sistema de tracci&oacute;n del veh&iacute;culo.</p>","
Correas de transmisión de clase mundial.

Fundada en 1906, BANDO Chemical industries Ltd. es una de las marcas más experimentadas y reconocidas del mundo. Sus soluciones innovadoras y de excelente calidad situan a Bando como la primera opción del cliente. Es colaboradora esencial en el primer equipo de marcas como Kymco o Honda, además de ofrecer soluciones óptimas para una gran variedad de aplicaciones. Su excelencia productiva deriva de la calidad de sus materiales, sus procesos de fabricación y su innovación tecnológica.

El poliuretano y las fibras de arámida usadas aportan una alta resistencia al sobrecalentamiento y a la abrasión ocasionados por fluidos como el aceite de motor, la gasolina y otras grasas típicas del cárter. El corte lateral del revestimiento se realiza de modo preciso con el objetivo de evitar deformaciones y usuras de medida.

El hilo «Tetron», producto exclusivo Bando, posee una alta resistencia a la dilatación, típica del Stop & Go. Además, la tensión se distribuye uniformemente a lo largo de toda la correa.

El perfil está reforzado con arámida para evitar sobrecalentamiento y deformaciones provocadas por los cambios bruscos de tracción, las altas velocidades...

La estructura interna es de poliuretano, inyectado con alta precisión para obtener una distribución correcta del material; de este modo la polea no se sufre y se garantiza la estabilidad de todo el sistema de tracción del vehículo.",VEHICLE PARTS & ACCESSORIES,CHASSIS PARTS,CHAS. BELT,1486,215,390,103,37,,,,Estándar,,,,https://api.mybihr.com/medias/1042210-1-800Wx800H?context=bWFzdGVyfHJvb3R8MjA0MDh8aW1hZ2UvanBlZ3xhR1UxTDJnd01TODRPVGN3TWpRd01qazBPVFF5THpFd05ESXlNVEF0TVY4NE1EQlhlRGd3TUVnfDM4OGRhZDQ0ZDllN2M0YzY3MTZjY2NjNDdkNzdhN2IwNjlmMzI2ZDkwYmUwMzMxMWI1MzQwODQ4MGE1OTJkZmE,,,https://static.bihr.pro/eBihr/Pictures/BANDO-pictures.zip,Spain Warehouse (Parts)
1042204,SB028,S17-001,BANDO,BANDO DRIVE BELT STANDARD,Correa de transmision BANDO Premium,19.95,16.49,8.25,8430525045132,78,4010350000,0,1,"<p>Correas de transmisi&oacute;n de clase mundial.</p>
<p>Fundada en 1906, BANDO Chemical industries Ltd. es una de las marcas m&aacute;s experimentadas y reconocidas del mundo. Sus soluciones innovadoras y de excelente calidad situan a Bando como la primera opci&oacute;n del cliente. Es colaboradora esencial en el primer equipo de marcas como Kymco o Honda, adem&aacute;s de ofrecer soluciones &oacute;ptimas para una gran variedad de aplicaciones. Su excelencia productiva deriva de la calidad de sus materiales, sus procesos de fabricaci&oacute;n y su innovaci&oacute;n tecnol&oacute;gica.</p>
<p>El poliuretano y las fibras de ar&aacute;mida usadas aportan una alta resistencia al sobrecalentamiento y a la abrasi&oacute;n ocasionados por fluidos como el aceite de motor, la gasolina y otras grasas t&iacute;picas del c&aacute;rter. El corte lateral del revestimiento se realiza de modo preciso con el objetivo de evitar deformaciones y usuras de medida.</p>
<p>El hilo &laquo;Tetron&raquo;, producto exclusivo Bando, posee una alta resistencia a la dilataci&oacute;n, t&iacute;pica del Stop &amp; Go. Adem&aacute;s, la tensi&oacute;n se distribuye uniformemente a lo largo de toda la correa.</p>
<p>El perfil est&aacute; reforzado con ar&aacute;mida para evitar sobrecalentamiento y deformaciones provocadas por los cambios bruscos de tracci&oacute;n, las altas velocidades...</p>
<p>La estructura interna es de poliuretano, inyectado con alta precisi&oacute;n para obtener una distribuci&oacute;n correcta del material; de este modo la polea no se sufre y se garantiza la estabilidad de todo el sistema de tracci&oacute;n del veh&iacute;culo.</p>","
Correas de transmisión de clase mundial.

Fundada en 1906, BANDO Chemical industries Ltd. es una de las marcas más experimentadas y reconocidas del mundo. Sus soluciones innovadoras y de excelente calidad situan a Bando como la primera opción del cliente. Es colaboradora esencial en el primer equipo de marcas como Kymco o Honda, además de ofrecer soluciones óptimas para una gran variedad de aplicaciones. Su excelencia productiva deriva de la calidad de sus materiales, sus procesos de fabricación y su innovación tecnológica.

El poliuretano y las fibras de arámida usadas aportan una alta resistencia al sobrecalentamiento y a la abrasión ocasionados por fluidos como el aceite de motor, la gasolina y otras grasas típicas del cárter. El corte lateral del revestimiento se realiza de modo preciso con el objetivo de evitar deformaciones y usuras de medida.

El hilo «Tetron», producto exclusivo Bando, posee una alta resistencia a la dilatación, típica del Stop & Go. Además, la tensión se distribuye uniformemente a lo largo de toda la correa.

El perfil está reforzado con arámida para evitar sobrecalentamiento y deformaciones provocadas por los cambios bruscos de tracción, las altas velocidades...

La estructura interna es de poliuretano, inyectado con alta precisión para obtener una distribución correcta del material; de este modo la polea no se sufre y se garantiza la estabilidad de todo el sistema de tracción del vehículo.",VEHICLE PARTS & ACCESSORIES,CHASSIS PARTS,CHAS. BELT,2408,105,367,164,40,,,,Estándar,Poliéster,,,https://api.mybihr.com/medias/1042204-1-800Wx800H?context=bWFzdGVyfHJvb3R8MjA0MDh8aW1hZ2UvanBlZ3xhREE0TDJobE5pODRPVGN3TWpNNU1URTFNamswTHpFd05ESXlNRFF0TVY4NE1EQlhlRGd3TUVnfDc1NzYwNDc2MDI1ODQxNTJhZTU5M2Y2ODg1YmYyODE0MzY3YWZlN2E4YWVjNWJlY2U1Yzk2ODUyMmE4MzMyMDE,,,https://static.bihr.pro/eBihr/Pictures/BANDO-pictures.zip,Spain Warehouse (Parts)
1042205,SB003,S04-008,BANDO,BANDO DRIVE BELT STANDARD,Correa de transmision BANDO Premium,18.38,15.19,7.60,105518,32,4010350000,0,1,"<p>Correas de transmisi&oacute;n de clase mundial.</p>
<p>Fundada en 1906, BANDO Chemical industries Ltd. es una de las marcas m&aacute;s experimentadas y reconocidas del mundo. Sus soluciones innovadoras y de excelente calidad situan a Bando como la primera opci&oacute;n del cliente. Es colaboradora esencial en el primer equipo de marcas como Kymco o Honda, adem&aacute;s de ofrecer soluciones &oacute;ptimas para una gran variedad de aplicaciones. Su excelencia productiva deriva de la calidad de sus materiales, sus procesos de fabricaci&oacute;n y su innovaci&oacute;n tecnol&oacute;gica.</p>
<p>El poliuretano y las fibras de ar&aacute;mida usadas aportan una alta resistencia al sobrecalentamiento y a la abrasi&oacute;n ocasionados por fluidos como el aceite de motor, la gasolina y otras grasas t&iacute;picas del c&aacute;rter. El corte lateral del revestimiento se realiza de modo preciso con el objetivo de evitar deformaciones y usuras de medida.</p>
<p>El hilo &laquo;Tetron&raquo;, producto exclusivo Bando, posee una alta resistencia a la dilataci&oacute;n, t&iacute;pica del Stop &amp; Go. Adem&aacute;s, la tensi&oacute;n se distribuye uniformemente a lo largo de toda la correa.</p>
<p>El perfil est&aacute; reforzado con ar&aacute;mida para evitar sobrecalentamiento y deformaciones provocadas por los cambios bruscos de tracci&oacute;n, las altas velocidades...</p>
<p>La estructura interna es de poliuretano, inyectado con alta precisi&oacute;n para obtener una distribuci&oacute;n correcta del material; de este modo la polea no se sufre y se garantiza la estabilidad de todo el sistema de tracci&oacute;n del veh&iacute;culo.</p>","
Correas de transmisión de clase mundial.

Fundada en 1906, BANDO Chemical industries Ltd. es una de las marcas más experimentadas y reconocidas del mundo. Sus soluciones innovadoras y de excelente calidad situan a Bando como la primera opción del cliente. Es colaboradora esencial en el primer equipo de marcas como Kymco o Honda, además de ofrecer soluciones óptimas para una gran variedad de aplicaciones. Su excelencia productiva deriva de la calidad de sus materiales, sus procesos de fabricación y su innovación tecnológica.

El poliuretano y las fibras de arámida usadas aportan una alta resistencia al sobrecalentamiento y a la abrasión ocasionados por fluidos como el aceite de motor, la gasolina y otras grasas típicas del cárter. El corte lateral del revestimiento se realiza de modo preciso con el objetivo de evitar deformaciones y usuras de medida.

El hilo «Tetron», producto exclusivo Bando, posee una alta resistencia a la dilatación, típica del Stop & Go. Además, la tensión se distribuye uniformemente a lo largo de toda la correa.

El perfil está reforzado con arámida para evitar sobrecalentamiento y deformaciones provocadas por los cambios bruscos de tracción, las altas velocidades...

La estructura interna es de poliuretano, inyectado con alta precisión para obtener una distribución correcta del material; de este modo la polea no se sufre y se garantiza la estabilidad de todo el sistema de tracción del vehículo.",VEHICLE PARTS & ACCESSORIES,CHASSIS PARTS,CHAS. BELT,752,130,354,85,25,,,,Estándar,Poliéster,,,https://api.mybihr.com/medias/1042205-1-800Wx800H?context=bWFzdGVyfHJvb3R8MjA0MDh8aW1hZ2UvanBlZ3xhR1E0TDJobFl5ODRPVGN3TWpNNU16RXhPVEF5THpFd05ESXlNRFV0TVY4NE1EQlhlRGd3TUVnfDJmZWZiMjdkZDkwYWEyMWY1NTY4YzFlNzAwODliYWNkNjkwN2JiZDhhODEwN2IyNTkxYzlmODVlZDUwYjRmOTI,,,https://static.bihr.pro/eBihr/Pictures/BANDO-pictures.zip,Spain Warehouse (Parts)
1042047,SB043,S05-008,BANDO,BANDO DRIVE BELT STANDARD,Correa de transmision BANDO Premium,19.49,16.11,8.06,8430525140172,9,4010350000,0,1,"<p>Correas de transmisi&oacute;n de clase mundial.</p>
<p>Fundada en 1906, BANDO Chemical industries Ltd. es una de las marcas m&aacute;s experimentadas y reconocidas del mundo. Sus soluciones innovadoras y de excelente calidad situan a Bando como la primera opci&oacute;n del cliente. Es colaboradora esencial en el primer equipo de marcas como Kymco o Honda, adem&aacute;s de ofrecer soluciones &oacute;ptimas para una gran variedad de aplicaciones. Su excelencia productiva deriva de la calidad de sus materiales, sus procesos de fabricaci&oacute;n y su innovaci&oacute;n tecnol&oacute;gica.</p>
<p>El poliuretano y las fibras de ar&aacute;mida usadas aportan una alta resistencia al sobrecalentamiento y a la abrasi&oacute;n ocasionados por fluidos como el aceite de motor, la gasolina y otras grasas t&iacute;picas del c&aacute;rter. El corte lateral del revestimiento se realiza de modo preciso con el objetivo de evitar deformaciones y usuras de medida.</p>
<p>El hilo &laquo;Tetron&raquo;, producto exclusivo Bando, posee una alta resistencia a la dilataci&oacute;n, t&iacute;pica del Stop &amp; Go. Adem&aacute;s, la tensi&oacute;n se distribuye uniformemente a lo largo de toda la correa.</p>
<p>El perfil est&aacute; reforzado con ar&aacute;mida para evitar sobrecalentamiento y deformaciones provocadas por los cambios bruscos de tracci&oacute;n, las altas velocidades...</p>
<p>La estructura interna es de poliuretano, inyectado con alta precisi&oacute;n para obtener una distribuci&oacute;n correcta del material; de este modo la polea no se sufre y se garantiza la estabilidad de todo el sistema de tracci&oacute;n del veh&iacute;culo.</p>","
Correas de transmisión de clase mundial.

Fundada en 1906, BANDO Chemical industries Ltd. es una de las marcas más experimentadas y reconocidas del mundo. Sus soluciones innovadoras y de excelente calidad situan a Bando como la primera opción del cliente. Es colaboradora esencial en el primer equipo de marcas como Kymco o Honda, además de ofrecer soluciones óptimas para una gran variedad de aplicaciones. Su excelencia productiva deriva de la calidad de sus materiales, sus procesos de fabricación y su innovación tecnológica.

El poliuretano y las fibras de arámida usadas aportan una alta resistencia al sobrecalentamiento y a la abrasión ocasionados por fluidos como el aceite de motor, la gasolina y otras grasas típicas del cárter. El corte lateral del revestimiento se realiza de modo preciso con el objetivo de evitar deformaciones y usuras de medida.

El hilo «Tetron», producto exclusivo Bando, posee una alta resistencia a la dilatación, típica del Stop & Go. Además, la tensión se distribuye uniformemente a lo largo de toda la correa.

El perfil está reforzado con arámida para evitar sobrecalentamiento y deformaciones provocadas por los cambios bruscos de tracción, las altas velocidades...

La estructura interna es de poliuretano, inyectado con alta precisión para obtener una distribución correcta del material; de este modo la polea no se sufre y se garantiza la estabilidad de todo el sistema de tracción del vehículo.",VEHICLE PARTS & ACCESSORIES,CHASSIS PARTS,CHAS. BELT,1772,117,305,157,37,,,,Estándar,Poliéster,,,https://api.mybihr.com/medias/1042047-1-800Wx800H?context=bWFzdGVyfHJvb3R8MjA0MDh8aW1hZ2UvanBlZ3xhRFEzTDJoak9TODRPVGN3TWpBMk1EZzFNVFV3THpFd05ESXdORGN0TVY4NE1EQlhlRGd3TUVnfGI4YWU3ZTM5NTY0MmI0MTk4Yjg1M2NjOGJkZjRhNzlhN2U5MmQ2MTM3ZjMzMmZkNWY0N2RiMGVjMWU0MmRlY2E,,,https://static.bihr.pro/eBihr/Pictures/BANDO-pictures.zip,Spain Warehouse (Parts)
1042044,SB147,S17-003,BANDO,BANDO DRIVE BELT STANDARD,Correa de transmision BANDO Premium,27.31,22.57,11.29,8430525129771,0,4010350000,0,1,"<p>Correas de transmisi&oacute;n de clase mundial.</p>
<p>Fundada en 1906, BANDO Chemical industries Ltd. es una de las marcas m&aacute;s experimentadas y reconocidas del mundo. Sus soluciones innovadoras y de excelente calidad situan a Bando como la primera opci&oacute;n del cliente. Es colaboradora esencial en el primer equipo de marcas como Kymco o Honda, adem&aacute;s de ofrecer soluciones &oacute;ptimas para una gran variedad de aplicaciones. Su excelencia productiva deriva de la calidad de sus materiales, sus procesos de fabricaci&oacute;n y su innovaci&oacute;n tecnol&oacute;gica.</p>
<p>El poliuretano y las fibras de ar&aacute;mida usadas aportan una alta resistencia al sobrecalentamiento y a la abrasi&oacute;n ocasionados por fluidos como el aceite de motor, la gasolina y otras grasas t&iacute;picas del c&aacute;rter. El corte lateral del revestimiento se realiza de modo preciso con el objetivo de evitar deformaciones y usuras de medida.</p>
<p>El hilo &laquo;Tetron&raquo;, producto exclusivo Bando, posee una alta resistencia a la dilataci&oacute;n, t&iacute;pica del Stop &amp; Go. Adem&aacute;s, la tensi&oacute;n se distribuye uniformemente a lo largo de toda la correa.</p>
<p>El perfil est&aacute; reforzado con ar&aacute;mida para evitar sobrecalentamiento y deformaciones provocadas por los cambios bruscos de tracci&oacute;n, las altas velocidades...</p>
<p>La estructura interna es de poliuretano, inyectado con alta precisi&oacute;n para obtener una distribuci&oacute;n correcta del material; de este modo la polea no se sufre y se garantiza la estabilidad de todo el sistema de tracci&oacute;n del veh&iacute;culo.</p>","
Correas de transmisión de clase mundial.

Fundada en 1906, BANDO Chemical industries Ltd. es una de las marcas más experimentadas y reconocidas del mundo. Sus soluciones innovadoras y de excelente calidad situan a Bando como la primera opción del cliente. Es colaboradora esencial en el primer equipo de marcas como Kymco o Honda, además de ofrecer soluciones óptimas para una gran variedad de aplicaciones. Su excelencia productiva deriva de la calidad de sus materiales, sus procesos de fabricación y su innovación tecnológica.

El poliuretano y las fibras de arámida usadas aportan una alta resistencia al sobrecalentamiento y a la abrasión ocasionados por fluidos como el aceite de motor, la gasolina y otras grasas típicas del cárter. El corte lateral del revestimiento se realiza de modo preciso con el objetivo de evitar deformaciones y usuras de medida.

El hilo «Tetron», producto exclusivo Bando, posee una alta resistencia a la dilatación, típica del Stop & Go. Además, la tensión se distribuye uniformemente a lo largo de toda la correa.

El perfil está reforzado con arámida para evitar sobrecalentamiento y deformaciones provocadas por los cambios bruscos de tracción, las altas velocidades...

La estructura interna es de poliuretano, inyectado con alta precisión para obtener una distribución correcta del material; de este modo la polea no se sufre y se garantiza la estabilidad de todo el sistema de tracción del vehículo.",VEHICLE PARTS & ACCESSORIES,CHASSIS PARTS,CHAS. BELT,1697,115,368,159,29,,,,Estándar,,,,https://api.mybihr.com/medias/1042044-1-800Wx800H?context=bWFzdGVyfHJvb3R8MjA0MDh8aW1hZ2UvanBlZ3xhR0ZsTDJoa1lTODRPVGN3TWpBMU5EazFNekkyTHpFd05ESXdORFF0TVY4NE1EQlhlRGd3TUVnfGY4OThiODlhYzBiNzE4NDI4YzViYmVhZDlkOGZlYWVhZmE3MTMxN2I4MzA4YjdiMmYzZmU3ODY3ODU0OTdmMjY,,,https://static.bihr.pro/eBihr/Pictures/BANDO-pictures.zip,Spain Warehouse (Parts)
1048034,,S09-003,BANDO,BANDO DRIVE BELT STANDARD,Correa de transmision BANDO Premium,28.00,23.14,11.57,105556,6,4010350000,0,1,"<p>Correas de transmisi&oacute;n de clase mundial.</p>
<p>Fundada en 1906, BANDO Chemical industries Ltd. es una de las marcas m&aacute;s experimentadas y reconocidas del mundo. Sus soluciones innovadoras y de excelente calidad situan a Bando como la primera opci&oacute;n del cliente. Es colaboradora esencial en el primer equipo de marcas como Kymco o Honda, adem&aacute;s de ofrecer soluciones &oacute;ptimas para una gran variedad de aplicaciones. Su excelencia productiva deriva de la calidad de sus materiales, sus procesos de fabricaci&oacute;n y su innovaci&oacute;n tecnol&oacute;gica.</p>
<p>El poliuretano y las fibras de ar&aacute;mida usadas aportan una alta resistencia al sobrecalentamiento y a la abrasi&oacute;n ocasionados por fluidos como el aceite de motor, la gasolina y otras grasas t&iacute;picas del c&aacute;rter. El corte lateral del revestimiento se realiza de modo preciso con el objetivo de evitar deformaciones y usuras de medida.</p>
<p>El hilo &laquo;Tetron&raquo;, producto exclusivo Bando, posee una alta resistencia a la dilataci&oacute;n, t&iacute;pica del Stop &amp; Go. Adem&aacute;s, la tensi&oacute;n se distribuye uniformemente a lo largo de toda la correa.</p>
<p>El perfil est&aacute; reforzado con ar&aacute;mida para evitar sobrecalentamiento y deformaciones provocadas por los cambios bruscos de tracci&oacute;n, las altas velocidades...</p>
<p>La estructura interna es de poliuretano, inyectado con alta precisi&oacute;n para obtener una distribuci&oacute;n correcta del material; de este modo la polea no se sufre y se garantiza la estabilidad de todo el sistema de tracci&oacute;n del veh&iacute;culo.</p>","
Correas de transmisión de clase mundial.

Fundada en 1906, BANDO Chemical industries Ltd. es una de las marcas más experimentadas y reconocidas del mundo. Sus soluciones innovadoras y de excelente calidad situan a Bando como la primera opción del cliente. Es colaboradora esencial en el primer equipo de marcas como Kymco o Honda, además de ofrecer soluciones óptimas para una gran variedad de aplicaciones. Su excelencia productiva deriva de la calidad de sus materiales, sus procesos de fabricación y su innovación tecnológica.

El poliuretano y las fibras de arámida usadas aportan una alta resistencia al sobrecalentamiento y a la abrasión ocasionados por fluidos como el aceite de motor, la gasolina y otras grasas típicas del cárter. El corte lateral del revestimiento se realiza de modo preciso con el objetivo de evitar deformaciones y usuras de medida.

El hilo «Tetron», producto exclusivo Bando, posee una alta resistencia a la dilatación, típica del Stop & Go. Además, la tensión se distribuye uniformemente a lo largo de toda la correa.

El perfil está reforzado con arámida para evitar sobrecalentamiento y deformaciones provocadas por los cambios bruscos de tracción, las altas velocidades...

La estructura interna es de poliuretano, inyectado con alta precisión para obtener una distribución correcta del material; de este modo la polea no se sufre y se garantiza la estabilidad de todo el sistema de tracción del vehículo.",VEHICLE PARTS & ACCESSORIES,CHASSIS PARTS,CHAS. BELT,1839,84,303,164,37,,,,Estándar,,,,https://api.mybihr.com/medias/1048034-1-800Wx800H?context=bWFzdGVyfHJvb3R8MjA0MDh8aW1hZ2UvanBlZ3xhRE5sTDJobE55ODRPVGN4TURVMk16Z3hPVGd5THpFd05EZ3dNelF0TVY4NE1EQlhlRGd3TUVnfDViYzJkNDJiYmUyZjI0YzA2NTg3MjExMzViMjZlOWQ0MWM1OGJiM2ZlZjI4ZmZlMjNkNDIzYzQ5NGVjYTVmOWM,,,https://static.bihr.pro/eBihr/Pictures/BANDO-pictures.zip,Spain Warehouse (Parts)
1048050,,S02-013,BANDO,BANDO DRIVE BELT STANDARD,Correa de transmision BANDO Premium,52.01,42.98,21.49,100199,0,4010350000,0,1,"<p>Correas de transmisi&oacute;n de clase mundial.</p>
<p>Fundada en 1906, BANDO Chemical industries Ltd. es una de las marcas m&aacute;s experimentadas y reconocidas del mundo. Sus soluciones innovadoras y de excelente calidad situan a Bando como la primera opci&oacute;n del cliente. Es colaboradora esencial en el primer equipo de marcas como Kymco o Honda, adem&aacute;s de ofrecer soluciones &oacute;ptimas para una gran variedad de aplicaciones. Su excelencia productiva deriva de la calidad de sus materiales, sus procesos de fabricaci&oacute;n y su innovaci&oacute;n tecnol&oacute;gica.</p>
<p>El poliuretano y las fibras de ar&aacute;mida usadas aportan una alta resistencia al sobrecalentamiento y a la abrasi&oacute;n ocasionados por fluidos como el aceite de motor, la gasolina y otras grasas t&iacute;picas del c&aacute;rter. El corte lateral del revestimiento se realiza de modo preciso con el objetivo de evitar deformaciones y usuras de medida.</p>
<p>El hilo &laquo;Tetron&raquo;, producto exclusivo Bando, posee una alta resistencia a la dilataci&oacute;n, t&iacute;pica del Stop &amp; Go. Adem&aacute;s, la tensi&oacute;n se distribuye uniformemente a lo largo de toda la correa.</p>
<p>El perfil est&aacute; reforzado con ar&aacute;mida para evitar sobrecalentamiento y deformaciones provocadas por los cambios bruscos de tracci&oacute;n, las altas velocidades...</p>
<p>La estructura interna es de poliuretano, inyectado con alta precisi&oacute;n para obtener una distribuci&oacute;n correcta del material; de este modo la polea no se sufre y se garantiza la estabilidad de todo el sistema de tracci&oacute;n del veh&iacute;culo.</p>","
Correas de transmisión de clase mundial.

Fundada en 1906, BANDO Chemical industries Ltd. es una de las marcas más experimentadas y reconocidas del mundo. Sus soluciones innovadoras y de excelente calidad situan a Bando como la primera opción del cliente. Es colaboradora esencial en el primer equipo de marcas como Kymco o Honda, además de ofrecer soluciones óptimas para una gran variedad de aplicaciones. Su excelencia productiva deriva de la calidad de sus materiales, sus procesos de fabricación y su innovación tecnológica.

El poliuretano y las fibras de arámida usadas aportan una alta resistencia al sobrecalentamiento y a la abrasión ocasionados por fluidos como el aceite de motor, la gasolina y otras grasas típicas del cárter. El corte lateral del revestimiento se realiza de modo preciso con el objetivo de evitar deformaciones y usuras de medida.

El hilo «Tetron», producto exclusivo Bando, posee una alta resistencia a la dilatación, típica del Stop & Go. Además, la tensión se distribuye uniformemente a lo largo de toda la correa.

El perfil está reforzado con arámida para evitar sobrecalentamiento y deformaciones provocadas por los cambios bruscos de tracción, las altas velocidades...

La estructura interna es de poliuretano, inyectado con alta precisión para obtener una distribución correcta del material; de este modo la polea no se sufre y se garantiza la estabilidad de todo el sistema de tracción del vehículo.",VEHICLE PARTS & ACCESSORIES,CHASSIS PARTS,CHAS. BELT,1092,325,390,112,25,,,,Estándar,Poliéster,,,https://api.mybihr.com/medias/1048050-1-800Wx800H?context=bWFzdGVyfHJvb3R8MjA0MDh8aW1hZ2UvanBlZ3xhR0UwTDJnek1TODRPVGN4TURVNU56STBNekU0THpFd05EZ3dOVEF0TVY4NE1EQlhlRGd3TUVnfGMyYjVkYTVmMzk4MTI1OWRkNjUxMDhhYTlkNzg0MmFhYTY3ZGY3NGNiZGU2NzE0ZWIxM2QyNmIxNWQ1NjQyMjU,,,https://static.bihr.pro/eBihr/Pictures/BANDO-pictures.zip,Spain Warehouse (Parts)
1048056,,S04-015,BANDO,BANDO DRIVE BELT STANDARD,Correa de transmision BANDO Premium,46.00,38.02,19.01,10100054,2,4010350000,0,1,"<p>Correas de transmisi&oacute;n de clase mundial.</p>
<p>Fundada en 1906, BANDO Chemical industries Ltd. es una de las marcas m&aacute;s experimentadas y reconocidas del mundo. Sus soluciones innovadoras y de excelente calidad situan a Bando como la primera opci&oacute;n del cliente. Es colaboradora esencial en el primer equipo de marcas como Kymco o Honda, adem&aacute;s de ofrecer soluciones &oacute;ptimas para una gran variedad de aplicaciones. Su excelencia productiva deriva de la calidad de sus materiales, sus procesos de fabricaci&oacute;n y su innovaci&oacute;n tecnol&oacute;gica.</p>
<p>El poliuretano y las fibras de ar&aacute;mida usadas aportan una alta resistencia al sobrecalentamiento y a la abrasi&oacute;n ocasionados por fluidos como el aceite de motor, la gasolina y otras grasas t&iacute;picas del c&aacute;rter. El corte lateral del revestimiento se realiza de modo preciso con el objetivo de evitar deformaciones y usuras de medida.</p>
<p>El hilo &laquo;Tetron&raquo;, producto exclusivo Bando, posee una alta resistencia a la dilataci&oacute;n, t&iacute;pica del Stop &amp; Go. Adem&aacute;s, la tensi&oacute;n se distribuye uniformemente a lo largo de toda la correa.</p>
<p>El perfil est&aacute; reforzado con ar&aacute;mida para evitar sobrecalentamiento y deformaciones provocadas por los cambios bruscos de tracci&oacute;n, las altas velocidades...</p>
<p>La estructura interna es de poliuretano, inyectado con alta precisi&oacute;n para obtener una distribuci&oacute;n correcta del material; de este modo la polea no se sufre y se garantiza la estabilidad de todo el sistema de tracci&oacute;n del veh&iacute;culo.</p>","
Correas de transmisión de clase mundial.

Fundada en 1906, BANDO Chemical industries Ltd. es una de las marcas más experimentadas y reconocidas del mundo. Sus soluciones innovadoras y de excelente calidad situan a Bando como la primera opción del cliente. Es colaboradora esencial en el primer equipo de marcas como Kymco o Honda, además de ofrecer soluciones óptimas para una gran variedad de aplicaciones. Su excelencia productiva deriva de la calidad de sus materiales, sus procesos de fabricación y su innovación tecnológica.

El poliuretano y las fibras de arámida usadas aportan una alta resistencia al sobrecalentamiento y a la abrasión ocasionados por fluidos como el aceite de motor, la gasolina y otras grasas típicas del cárter. El corte lateral del revestimiento se realiza de modo preciso con el objetivo de evitar deformaciones y usuras de medida.

El hilo «Tetron», producto exclusivo Bando, posee una alta resistencia a la dilatación, típica del Stop & Go. Además, la tensión se distribuye uniformemente a lo largo de toda la correa.

El perfil está reforzado con arámida para evitar sobrecalentamiento y deformaciones provocadas por los cambios bruscos de tracción, las altas velocidades...

La estructura interna es de poliuretano, inyectado con alta precisión para obtener una distribución correcta del material; de este modo la polea no se sufre y se garantiza la estabilidad de todo el sistema de tracción del vehículo.",VEHICLE PARTS & ACCESSORIES,CHASSIS PARTS,CHAS. BELT,1137,203,103,409,27,,,,Estándar,,,,https://api.mybihr.com/medias/1048056-1-800Wx800H?context=bWFzdGVyfHJvb3R8MjA1MDR8aW1hZ2UvanBlZ3xhREptTDJoaU1DODRPVGN4TURZd09UQXpPVFkyTHpFd05EZ3dOVFl0TVY4NE1EQlhlRGd3TUVnfDgxMzlhNDgxNjA5YmIwNThmZTQ2NWRiN2Y3MTcxMmEzOTdlNGEwNmRlNWQyMGEyZWJjNGJlODFiMTI1MGVjMTQ,,,https://static.bihr.pro/eBihr/Pictures/BANDO-pictures.zip,Spain Warehouse (Parts)
1048059,,S04-022,BANDO,BANDO DRIVE BELT STANDARD,Correa de transmision BANDO Premium,20.00,16.53,8.27,10100056,11,4010350000,0,1,"<p>Correas de transmisi&oacute;n de clase mundial.</p>
<p>Fundada en 1906, BANDO Chemical industries Ltd. es una de las marcas m&aacute;s experimentadas y reconocidas del mundo. Sus soluciones innovadoras y de excelente calidad situan a Bando como la primera opci&oacute;n del cliente. Es colaboradora esencial en el primer equipo de marcas como Kymco o Honda, adem&aacute;s de ofrecer soluciones &oacute;ptimas para una gran variedad de aplicaciones. Su excelencia productiva deriva de la calidad de sus materiales, sus procesos de fabricaci&oacute;n y su innovaci&oacute;n tecnol&oacute;gica.</p>
<p>El poliuretano y las fibras de ar&aacute;mida usadas aportan una alta resistencia al sobrecalentamiento y a la abrasi&oacute;n ocasionados por fluidos como el aceite de motor, la gasolina y otras grasas t&iacute;picas del c&aacute;rter. El corte lateral del revestimiento se realiza de modo preciso con el objetivo de evitar deformaciones y usuras de medida.</p>
<p>El hilo &laquo;Tetron&raquo;, producto exclusivo Bando, posee una alta resistencia a la dilataci&oacute;n, t&iacute;pica del Stop &amp; Go. Adem&aacute;s, la tensi&oacute;n se distribuye uniformemente a lo largo de toda la correa.</p>
<p>El perfil est&aacute; reforzado con ar&aacute;mida para evitar sobrecalentamiento y deformaciones provocadas por los cambios bruscos de tracci&oacute;n, las altas velocidades...</p>
<p>La estructura interna es de poliuretano, inyectado con alta precisi&oacute;n para obtener una distribuci&oacute;n correcta del material; de este modo la polea no se sufre y se garantiza la estabilidad de todo el sistema de tracci&oacute;n del veh&iacute;culo.</p>","
Correas de transmisión de clase mundial.

Fundada en 1906, BANDO Chemical industries Ltd. es una de las marcas más experimentadas y reconocidas del mundo. Sus soluciones innovadoras y de excelente calidad situan a Bando como la primera opción del cliente. Es colaboradora esencial en el primer equipo de marcas como Kymco o Honda, además de ofrecer soluciones óptimas para una gran variedad de aplicaciones. Su excelencia productiva deriva de la calidad de sus materiales, sus procesos de fabricación y su innovación tecnológica.

El poliuretano y las fibras de arámida usadas aportan una alta resistencia al sobrecalentamiento y a la abrasión ocasionados por fluidos como el aceite de motor, la gasolina y otras grasas típicas del cárter. El corte lateral del revestimiento se realiza de modo preciso con el objetivo de evitar deformaciones y usuras de medida.

El hilo «Tetron», producto exclusivo Bando, posee una alta resistencia a la dilatación, típica del Stop & Go. Además, la tensión se distribuye uniformemente a lo largo de toda la correa.

El perfil está reforzado con arámida para evitar sobrecalentamiento y deformaciones provocadas por los cambios bruscos de tracción, las altas velocidades...

La estructura interna es de poliuretano, inyectado con alta precisión para obtener una distribución correcta del material; de este modo la polea no se sufre y se garantiza la estabilidad de todo el sistema de tracción del vehículo.",VEHICLE PARTS & ACCESSORIES,CHASSIS PARTS,CHAS. BELT,726,109,81,332,27,,,,Estándar,Poliéster,,,https://api.mybihr.com/medias/1048059-1-800Wx800H?context=bWFzdGVyfHJvb3R8MjA1MDR8aW1hZ2UvanBlZ3xhRGMxTDJnMU5pODRPVGN4TURZeE5Ea3pOemt3THpFd05EZ3dOVGt0TVY4NE1EQlhlRGd3TUVnfDQ0NzczNmI4MDBiNGU1NzdkMTg2YzNmZTljNmE1MGU3ZThjOTFmNjFlNjNlYjgwYjYwM2IyZmEyMGUyYjU3ZTE,,,https://static.bihr.pro/eBihr/Pictures/BANDO-pictures.zip,Spain Warehouse (Parts)
1025940,SB070,S09-012,BANDO,BANDO DRIVE BELT STANDARD,Correa de transmision BANDO Premium,44.77,37.00,18.50,8430525045125,30,4010350000,0,1,"<p>Correas de transmisi&oacute;n de clase mundial.</p>
<p>Fundada en 1906, BANDO Chemical industries Ltd. es una de las marcas m&aacute;s experimentadas y reconocidas del mundo. Sus soluciones innovadoras y de excelente calidad situan a Bando como la primera opci&oacute;n del cliente. Es colaboradora esencial en el primer equipo de marcas como Kymco o Honda, adem&aacute;s de ofrecer soluciones &oacute;ptimas para una gran variedad de aplicaciones. Su excelencia productiva deriva de la calidad de sus materiales, sus procesos de fabricaci&oacute;n y su innovaci&oacute;n tecnol&oacute;gica.</p>
<p>El poliuretano y las fibras de ar&aacute;mida usadas aportan una alta resistencia al sobrecalentamiento y a la abrasi&oacute;n ocasionados por fluidos como el aceite de motor, la gasolina y otras grasas t&iacute;picas del c&aacute;rter. El corte lateral del revestimiento se realiza de modo preciso con el objetivo de evitar deformaciones y usuras de medida.</p>
<p>El hilo &laquo;Tetron&raquo;, producto exclusivo Bando, posee una alta resistencia a la dilataci&oacute;n, t&iacute;pica del Stop &amp; Go. Adem&aacute;s, la tensi&oacute;n se distribuye uniformemente a lo largo de toda la correa.</p>
<p>El perfil est&aacute; reforzado con ar&aacute;mida para evitar sobrecalentamiento y deformaciones provocadas por los cambios bruscos de tracci&oacute;n, las altas velocidades...</p>
<p>La estructura interna es de poliuretano, inyectado con alta precisi&oacute;n para obtener una distribuci&oacute;n correcta del material; de este modo la polea no se sufre y se garantiza la estabilidad de todo el sistema de tracci&oacute;n del veh&iacute;culo.</p>","
Correas de transmisión de clase mundial.

Fundada en 1906, BANDO Chemical industries Ltd. es una de las marcas más experimentadas y reconocidas del mundo. Sus soluciones innovadoras y de excelente calidad situan a Bando como la primera opción del cliente. Es colaboradora esencial en el primer equipo de marcas como Kymco o Honda, además de ofrecer soluciones óptimas para una gran variedad de aplicaciones. Su excelencia productiva deriva de la calidad de sus materiales, sus procesos de fabricación y su innovación tecnológica.

El poliuretano y las fibras de arámida usadas aportan una alta resistencia al sobrecalentamiento y a la abrasión ocasionados por fluidos como el aceite de motor, la gasolina y otras grasas típicas del cárter. El corte lateral del revestimiento se realiza de modo preciso con el objetivo de evitar deformaciones y usuras de medida.

El hilo «Tetron», producto exclusivo Bando, posee una alta resistencia a la dilatación, típica del Stop & Go. Además, la tensión se distribuye uniformemente a lo largo de toda la correa.

El perfil está reforzado con arámida para evitar sobrecalentamiento y deformaciones provocadas por los cambios bruscos de tracción, las altas velocidades...

La estructura interna es de poliuretano, inyectado con alta precisión para obtener una distribución correcta del material; de este modo la polea no se sufre y se garantiza la estabilidad de todo el sistema de tracción del vehículo.",VEHICLE PARTS & ACCESSORIES,CHASSIS PARTS,CHAS. BELT,1170,243,390,100,30,,,,Estándar,,,,https://api.mybihr.com/medias/1025940-1-800Wx800H?context=bWFzdGVyfHJvb3R8MjA0MDh8aW1hZ2UvanBlZ3xhRGMyTDJnMU1DODRPVFk1TlRBd056VXpPVFV3THpFd01qVTVOREF0TVY4NE1EQlhlRGd3TUVnfGE1N2VmNjc0YTk3MzJmMTJjMDk3NmIyODhkNjg0NDFjOGI2MzM1YjRkZWVlZTFiM2FhYmEzOWQxMjZhOGMwMmU,,,https://static.bihr.pro/eBihr/Pictures/BANDO-pictures.zip,Spain Warehouse (Parts)
1025950,105569,S05-007,BANDO,BANDO DRIVE BELT STANDARD,Correa de transmision BANDO Premium,25.12,20.76,10.38,722-18.5-30-8.5,0,4010350000,0,1,"<p>Correas de transmisi&oacute;n de clase mundial.</p>
<p>Fundada en 1906, BANDO Chemical industries Ltd. es una de las marcas m&aacute;s experimentadas y reconocidas del mundo. Sus soluciones innovadoras y de excelente calidad situan a Bando como la primera opci&oacute;n del cliente. Es colaboradora esencial en el primer equipo de marcas como Kymco o Honda, adem&aacute;s de ofrecer soluciones &oacute;ptimas para una gran variedad de aplicaciones. Su excelencia productiva deriva de la calidad de sus materiales, sus procesos de fabricaci&oacute;n y su innovaci&oacute;n tecnol&oacute;gica.</p>
<p>El poliuretano y las fibras de ar&aacute;mida usadas aportan una alta resistencia al sobrecalentamiento y a la abrasi&oacute;n ocasionados por fluidos como el aceite de motor, la gasolina y otras grasas t&iacute;picas del c&aacute;rter. El corte lateral del revestimiento se realiza de modo preciso con el objetivo de evitar deformaciones y usuras de medida.</p>
<p>El hilo &laquo;Tetron&raquo;, producto exclusivo Bando, posee una alta resistencia a la dilataci&oacute;n, t&iacute;pica del Stop &amp; Go. Adem&aacute;s, la tensi&oacute;n se distribuye uniformemente a lo largo de toda la correa.</p>
<p>El perfil est&aacute; reforzado con ar&aacute;mida para evitar sobrecalentamiento y deformaciones provocadas por los cambios bruscos de tracci&oacute;n, las altas velocidades...</p>
<p>La estructura interna es de poliuretano, inyectado con alta precisi&oacute;n para obtener una distribuci&oacute;n correcta del material; de este modo la polea no se sufre y se garantiza la estabilidad de todo el sistema de tracci&oacute;n del veh&iacute;culo.</p>","
Correas de transmisión de clase mundial.

Fundada en 1906, BANDO Chemical industries Ltd. es una de las marcas más experimentadas y reconocidas del mundo. Sus soluciones innovadoras y de excelente calidad situan a Bando como la primera opción del cliente. Es colaboradora esencial en el primer equipo de marcas como Kymco o Honda, además de ofrecer soluciones óptimas para una gran variedad de aplicaciones. Su excelencia productiva deriva de la calidad de sus materiales, sus procesos de fabricación y su innovación tecnológica.

El poliuretano y las fibras de arámida usadas aportan una alta resistencia al sobrecalentamiento y a la abrasión ocasionados por fluidos como el aceite de motor, la gasolina y otras grasas típicas del cárter. El corte lateral del revestimiento se realiza de modo preciso con el objetivo de evitar deformaciones y usuras de medida.

El hilo «Tetron», producto exclusivo Bando, posee una alta resistencia a la dilatación, típica del Stop & Go. Además, la tensión se distribuye uniformemente a lo largo de toda la correa.

El perfil está reforzado con arámida para evitar sobrecalentamiento y deformaciones provocadas por los cambios bruscos de tracción, las altas velocidades...

La estructura interna es de poliuretano, inyectado con alta precisión para obtener una distribución correcta del material; de este modo la polea no se sufre y se garantiza la estabilidad de todo el sistema de tracción del vehículo.",VEHICLE PARTS & ACCESSORIES,CHASSIS PARTS,CHAS. BELT,713,126,326,81,27,,,,Estándar,Poliéster,,,https://api.mybihr.com/medias/1025950-1-800Wx800H?context=bWFzdGVyfHJvb3R8MjA0MDh8aW1hZ2UvanBlZ3xhRFE0TDJoa1l5ODRPVFk1TlRBeU56SXdNRE13THpFd01qVTVOVEF0TVY4NE1EQlhlRGd3TUVnfGQwMjA2M2Q5MDA2OGJiZmRjYzhlNTljNzQxMzMyMGFhNDZlNzI1ZDYyMmY0ZTc0ODA0NTMxY2JjNDI3Mjg1YTU,,,https://static.bihr.pro/eBihr/Pictures/BANDO-pictures.zip,Spain Warehouse (Parts)
1025934,SB054,S02-006,BANDO,BANDO DRIVE BELT STANDARD,Correa de transmision BANDO Premium,30.02,24.81,12.41,8430525045385,2,4010350000,0,1,"<p>Correas de transmisi&oacute;n de clase mundial.</p>
<p>Fundada en 1906, BANDO Chemical industries Ltd. es una de las marcas m&aacute;s experimentadas y reconocidas del mundo. Sus soluciones innovadoras y de excelente calidad situan a Bando como la primera opci&oacute;n del cliente. Es colaboradora esencial en el primer equipo de marcas como Kymco o Honda, adem&aacute;s de ofrecer soluciones &oacute;ptimas para una gran variedad de aplicaciones. Su excelencia productiva deriva de la calidad de sus materiales, sus procesos de fabricaci&oacute;n y su innovaci&oacute;n tecnol&oacute;gica.</p>
<p>El poliuretano y las fibras de ar&aacute;mida usadas aportan una alta resistencia al sobrecalentamiento y a la abrasi&oacute;n ocasionados por fluidos como el aceite de motor, la gasolina y otras grasas t&iacute;picas del c&aacute;rter. El corte lateral del revestimiento se realiza de modo preciso con el objetivo de evitar deformaciones y usuras de medida.</p>
<p>El hilo &laquo;Tetron&raquo;, producto exclusivo Bando, posee una alta resistencia a la dilataci&oacute;n, t&iacute;pica del Stop &amp; Go. Adem&aacute;s, la tensi&oacute;n se distribuye uniformemente a lo largo de toda la correa.</p>
<p>El perfil est&aacute; reforzado con ar&aacute;mida para evitar sobrecalentamiento y deformaciones provocadas por los cambios bruscos de tracci&oacute;n, las altas velocidades...</p>
<p>La estructura interna es de poliuretano, inyectado con alta precisi&oacute;n para obtener una distribuci&oacute;n correcta del material; de este modo la polea no se sufre y se garantiza la estabilidad de todo el sistema de tracci&oacute;n del veh&iacute;culo.</p>","
Correas de transmisión de clase mundial.

Fundada en 1906, BANDO Chemical industries Ltd. es una de las marcas más experimentadas y reconocidas del mundo. Sus soluciones innovadoras y de excelente calidad situan a Bando como la primera opción del cliente. Es colaboradora esencial en el primer equipo de marcas como Kymco o Honda, además de ofrecer soluciones óptimas para una gran variedad de aplicaciones. Su excelencia productiva deriva de la calidad de sus materiales, sus procesos de fabricación y su innovación tecnológica.

El poliuretano y las fibras de arámida usadas aportan una alta resistencia al sobrecalentamiento y a la abrasión ocasionados por fluidos como el aceite de motor, la gasolina y otras grasas típicas del cárter. El corte lateral del revestimiento se realiza de modo preciso con el objetivo de evitar deformaciones y usuras de medida.

El hilo «Tetron», producto exclusivo Bando, posee una alta resistencia a la dilatación, típica del Stop & Go. Además, la tensión se distribuye uniformemente a lo largo de toda la correa.

El perfil está reforzado con arámida para evitar sobrecalentamiento y deformaciones provocadas por los cambios bruscos de tracción, las altas velocidades...

La estructura interna es de poliuretano, inyectado con alta precisión para obtener una distribución correcta del material; de este modo la polea no se sufre y se garantiza la estabilidad de todo el sistema de tracción del vehículo.",VEHICLE PARTS & ACCESSORIES,CHASSIS PARTS,CHAS. BELT,2140,180,359,149,40,,,,Estándar,Poliéster,,,https://api.mybihr.com/medias/1025934-1-800Wx800H?context=bWFzdGVyfHJvb3R8MjA0MDh8aW1hZ2UvanBlZ3xhRFU0TDJneU55ODRPVFk1TkRrNU5UYzBNekF5THpFd01qVTVNelF0TVY4NE1EQlhlRGd3TUVnfDg1ZWRlMDIyNmQ1ZTc2MzZhNzRhOGE3MGJlYzgwYzNkNDZmODdhMTIwNzlkMGZmZDliMzZlYzg1M2UxYTE2YmM,,,https://static.bihr.pro/eBihr/Pictures/BANDO-pictures.zip,Spain Warehouse (Parts)
1042213,100195,S09-011,BANDO,BANDO DRIVE BELT STANDARD,Correa de transmision BANDO Premium,33.30,27.52,13.76,100195,59,4010350000,0,1,"<p>Correas de transmisi&oacute;n de clase mundial.</p>
<p>Fundada en 1906, BANDO Chemical industries Ltd. es una de las marcas m&aacute;s experimentadas y reconocidas del mundo. Sus soluciones innovadoras y de excelente calidad situan a Bando como la primera opci&oacute;n del cliente. Es colaboradora esencial en el primer equipo de marcas como Kymco o Honda, adem&aacute;s de ofrecer soluciones &oacute;ptimas para una gran variedad de aplicaciones. Su excelencia productiva deriva de la calidad de sus materiales, sus procesos de fabricaci&oacute;n y su innovaci&oacute;n tecnol&oacute;gica.</p>
<p>El poliuretano y las fibras de ar&aacute;mida usadas aportan una alta resistencia al sobrecalentamiento y a la abrasi&oacute;n ocasionados por fluidos como el aceite de motor, la gasolina y otras grasas t&iacute;picas del c&aacute;rter. El corte lateral del revestimiento se realiza de modo preciso con el objetivo de evitar deformaciones y usuras de medida.</p>
<p>El hilo &laquo;Tetron&raquo;, producto exclusivo Bando, posee una alta resistencia a la dilataci&oacute;n, t&iacute;pica del Stop &amp; Go. Adem&aacute;s, la tensi&oacute;n se distribuye uniformemente a lo largo de toda la correa.</p>
<p>El perfil est&aacute; reforzado con ar&aacute;mida para evitar sobrecalentamiento y deformaciones provocadas por los cambios bruscos de tracci&oacute;n, las altas velocidades...</p>
<p>La estructura interna es de poliuretano, inyectado con alta precisi&oacute;n para obtener una distribuci&oacute;n correcta del material; de este modo la polea no se sufre y se garantiza la estabilidad de todo el sistema de tracci&oacute;n del veh&iacute;culo.</p>","
Correas de transmisión de clase mundial.

Fundada en 1906, BANDO Chemical industries Ltd. es una de las marcas más experimentadas y reconocidas del mundo. Sus soluciones innovadoras y de excelente calidad situan a Bando como la primera opción del cliente. Es colaboradora esencial en el primer equipo de marcas como Kymco o Honda, además de ofrecer soluciones óptimas para una gran variedad de aplicaciones. Su excelencia productiva deriva de la calidad de sus materiales, sus procesos de fabricación y su innovación tecnológica.

El poliuretano y las fibras de arámida usadas aportan una alta resistencia al sobrecalentamiento y a la abrasión ocasionados por fluidos como el aceite de motor, la gasolina y otras grasas típicas del cárter. El corte lateral del revestimiento se realiza de modo preciso con el objetivo de evitar deformaciones y usuras de medida.

El hilo «Tetron», producto exclusivo Bando, posee una alta resistencia a la dilatación, típica del Stop & Go. Además, la tensión se distribuye uniformemente a lo largo de toda la correa.

El perfil está reforzado con arámida para evitar sobrecalentamiento y deformaciones provocadas por los cambios bruscos de tracción, las altas velocidades...

La estructura interna es de poliuretano, inyectado con alta precisión para obtener una distribución correcta del material; de este modo la polea no se sufre y se garantiza la estabilidad de todo el sistema de tracción del vehículo.",VEHICLE PARTS & ACCESSORIES,CHASSIS PARTS,CHAS. BELT,1003,175,387,96,27,,,,Estándar,Poliéster,,,https://api.mybihr.com/medias/1042213-1-800Wx800H?context=bWFzdGVyfHJvb3R8MjA0MDh8aW1hZ2UvanBlZ3xhRFF6TDJneE5pODRPVGN3TWpRd09EZzBOelkyTHpFd05ESXlNVE10TVY4NE1EQlhlRGd3TUVnfGVmMWE1NWQ5MTg2ZDUzZWY4YTQzMzJhNDlhYWM1OTAzNWFjZTMxZTFkYTI3ZDFjOTkzZGMxYzMzYzFiMzUxNjA,,,https://static.bihr.pro/eBihr/Pictures/BANDO-pictures.zip,Spain Warehouse (Parts)
1042216,105552,S09-015,BANDO,BANDO DRIVE BELT STANDARD,Correa de transmision BANDO Premium,57.87,47.83,23.92,105552,0,4010350000,0,1,"<p>Correas de transmisi&oacute;n de clase mundial.</p>
<p>Fundada en 1906, BANDO Chemical industries Ltd. es una de las marcas m&aacute;s experimentadas y reconocidas del mundo. Sus soluciones innovadoras y de excelente calidad situan a Bando como la primera opci&oacute;n del cliente. Es colaboradora esencial en el primer equipo de marcas como Kymco o Honda, adem&aacute;s de ofrecer soluciones &oacute;ptimas para una gran variedad de aplicaciones. Su excelencia productiva deriva de la calidad de sus materiales, sus procesos de fabricaci&oacute;n y su innovaci&oacute;n tecnol&oacute;gica.</p>
<p>El poliuretano y las fibras de ar&aacute;mida usadas aportan una alta resistencia al sobrecalentamiento y a la abrasi&oacute;n ocasionados por fluidos como el aceite de motor, la gasolina y otras grasas t&iacute;picas del c&aacute;rter. El corte lateral del revestimiento se realiza de modo preciso con el objetivo de evitar deformaciones y usuras de medida.</p>
<p>El hilo &laquo;Tetron&raquo;, producto exclusivo Bando, posee una alta resistencia a la dilataci&oacute;n, t&iacute;pica del Stop &amp; Go. Adem&aacute;s, la tensi&oacute;n se distribuye uniformemente a lo largo de toda la correa.</p>
<p>El perfil est&aacute; reforzado con ar&aacute;mida para evitar sobrecalentamiento y deformaciones provocadas por los cambios bruscos de tracci&oacute;n, las altas velocidades...</p>
<p>La estructura interna es de poliuretano, inyectado con alta precisi&oacute;n para obtener una distribuci&oacute;n correcta del material; de este modo la polea no se sufre y se garantiza la estabilidad de todo el sistema de tracci&oacute;n del veh&iacute;culo.</p>","
Correas de transmisión de clase mundial.

Fundada en 1906, BANDO Chemical industries Ltd. es una de las marcas más experimentadas y reconocidas del mundo. Sus soluciones innovadoras y de excelente calidad situan a Bando como la primera opción del cliente. Es colaboradora esencial en el primer equipo de marcas como Kymco o Honda, además de ofrecer soluciones óptimas para una gran variedad de aplicaciones. Su excelencia productiva deriva de la calidad de sus materiales, sus procesos de fabricación y su innovación tecnológica.

El poliuretano y las fibras de arámida usadas aportan una alta resistencia al sobrecalentamiento y a la abrasión ocasionados por fluidos como el aceite de motor, la gasolina y otras grasas típicas del cárter. El corte lateral del revestimiento se realiza de modo preciso con el objetivo de evitar deformaciones y usuras de medida.

El hilo «Tetron», producto exclusivo Bando, posee una alta resistencia a la dilatación, típica del Stop & Go. Además, la tensión se distribuye uniformemente a lo largo de toda la correa.

El perfil está reforzado con arámida para evitar sobrecalentamiento y deformaciones provocadas por los cambios bruscos de tracción, las altas velocidades...

La estructura interna es de poliuretano, inyectado con alta precisión para obtener una distribución correcta del material; de este modo la polea no se sufre y se garantiza la estabilidad de todo el sistema de tracción del vehículo.",VEHICLE PARTS & ACCESSORIES,CHASSIS PARTS,CHAS. BELT,3083,325,466,147,45,,,,Estándar,Poliéster,,,https://api.mybihr.com/medias/1042216-1-800Wx800H?context=bWFzdGVyfHJvb3R8MjA0MDh8aW1hZ2UvanBlZ3xhRFJqTDJnM01pODRPVGN3TWpReE5EYzBOVGt3THpFd05ESXlNVFl0TVY4NE1EQlhlRGd3TUVnfDE5NmQ1NTg5ZWQ5ZjVlNDVlMGIwZDc4NzRlZmIxZmViNTVmM2E3OTA4MzNjZDg4ZWJlMzFiMTJlMzZlNzFlYjE,,,https://static.bihr.pro/eBihr/Pictures/BANDO-pictures.zip,Spain Warehouse (Parts)
1042048,SB140,B4-0607,BANDO,BANDO DRIVE BELT STANDARD,Correa de transmision BANDO Premium,81.90,67.69,33.85,8430525129757,0,4010350000,0,1,"<p>Correas de transmisi&oacute;n de clase mundial.</p>
<p>Fundada en 1906, BANDO Chemical industries Ltd. es una de las marcas m&aacute;s experimentadas y reconocidas del mundo. Sus soluciones innovadoras y de excelente calidad situan a Bando como la primera opci&oacute;n del cliente. Es colaboradora esencial en el primer equipo de marcas como Kymco o Honda, adem&aacute;s de ofrecer soluciones &oacute;ptimas para una gran variedad de aplicaciones. Su excelencia productiva deriva de la calidad de sus materiales, sus procesos de fabricaci&oacute;n y su innovaci&oacute;n tecnol&oacute;gica.</p>
<p>El poliuretano y las fibras de ar&aacute;mida usadas aportan una alta resistencia al sobrecalentamiento y a la abrasi&oacute;n ocasionados por fluidos como el aceite de motor, la gasolina y otras grasas t&iacute;picas del c&aacute;rter. El corte lateral del revestimiento se realiza de modo preciso con el objetivo de evitar deformaciones y usuras de medida.</p>
<p>El hilo &laquo;Tetron&raquo;, producto exclusivo Bando, posee una alta resistencia a la dilataci&oacute;n, t&iacute;pica del Stop &amp; Go. Adem&aacute;s, la tensi&oacute;n se distribuye uniformemente a lo largo de toda la correa.</p>
<p>El perfil est&aacute; reforzado con ar&aacute;mida para evitar sobrecalentamiento y deformaciones provocadas por los cambios bruscos de tracci&oacute;n, las altas velocidades...</p>
<p>La estructura interna es de poliuretano, inyectado con alta precisi&oacute;n para obtener una distribuci&oacute;n correcta del material; de este modo la polea no se sufre y se garantiza la estabilidad de todo el sistema de tracci&oacute;n del veh&iacute;culo.</p>","
Correas de transmisión de clase mundial.

Fundada en 1906, BANDO Chemical industries Ltd. es una de las marcas más experimentadas y reconocidas del mundo. Sus soluciones innovadoras y de excelente calidad situan a Bando como la primera opción del cliente. Es colaboradora esencial en el primer equipo de marcas como Kymco o Honda, además de ofrecer soluciones óptimas para una gran variedad de aplicaciones. Su excelencia productiva deriva de la calidad de sus materiales, sus procesos de fabricación y su innovación tecnológica.

El poliuretano y las fibras de arámida usadas aportan una alta resistencia al sobrecalentamiento y a la abrasión ocasionados por fluidos como el aceite de motor, la gasolina y otras grasas típicas del cárter. El corte lateral del revestimiento se realiza de modo preciso con el objetivo de evitar deformaciones y usuras de medida.

El hilo «Tetron», producto exclusivo Bando, posee una alta resistencia a la dilatación, típica del Stop & Go. Además, la tensión se distribuye uniformemente a lo largo de toda la correa.

El perfil está reforzado con arámida para evitar sobrecalentamiento y deformaciones provocadas por los cambios bruscos de tracción, las altas velocidades...

La estructura interna es de poliuretano, inyectado con alta precisión para obtener una distribución correcta del material; de este modo la polea no se sufre y se garantiza la estabilidad de todo el sistema de tracción del vehículo.",VEHICLE PARTS & ACCESSORIES,CHASSIS PARTS,CHAS. BELT,2284,213,365,149,42,,,,Estándar,,,,https://api.mybihr.com/medias/1042048-1-800Wx800H?context=bWFzdGVyfHJvb3R8MjA0MDh8aW1hZ2UvanBlZ3xhRGMzTDJoak1pODRPVGN3TWpBMk1qZ3hOelU0THpFd05ESXdORGd0TVY4NE1EQlhlRGd3TUVnfDkzMWQ1NDUzNTNmYzcyMmQyNTg5ZjQwYjM4NDMzZmJlNWFhOGI0N2M3MWJkNTk5YmY1NWVmMzU2ZmRkNmIwZTc,,,https://static.bihr.pro/eBihr/Pictures/BANDO-pictures.zip,Spain Warehouse (Parts)
1048045,,S08-026,BANDO,BANDO DRIVE BELT STANDARD,Correa de transmision BANDO Premium,42.00,34.71,17.36,105568,1,4010350000,0,1,"<p>Correas de transmisi&oacute;n de clase mundial.</p>
<p>Fundada en 1906, BANDO Chemical industries Ltd. es una de las marcas m&aacute;s experimentadas y reconocidas del mundo. Sus soluciones innovadoras y de excelente calidad situan a Bando como la primera opci&oacute;n del cliente. Es colaboradora esencial en el primer equipo de marcas como Kymco o Honda, adem&aacute;s de ofrecer soluciones &oacute;ptimas para una gran variedad de aplicaciones. Su excelencia productiva deriva de la calidad de sus materiales, sus procesos de fabricaci&oacute;n y su innovaci&oacute;n tecnol&oacute;gica.</p>
<p>El poliuretano y las fibras de ar&aacute;mida usadas aportan una alta resistencia al sobrecalentamiento y a la abrasi&oacute;n ocasionados por fluidos como el aceite de motor, la gasolina y otras grasas t&iacute;picas del c&aacute;rter. El corte lateral del revestimiento se realiza de modo preciso con el objetivo de evitar deformaciones y usuras de medida.</p>
<p>El hilo &laquo;Tetron&raquo;, producto exclusivo Bando, posee una alta resistencia a la dilataci&oacute;n, t&iacute;pica del Stop &amp; Go. Adem&aacute;s, la tensi&oacute;n se distribuye uniformemente a lo largo de toda la correa.</p>
<p>El perfil est&aacute; reforzado con ar&aacute;mida para evitar sobrecalentamiento y deformaciones provocadas por los cambios bruscos de tracci&oacute;n, las altas velocidades...</p>
<p>La estructura interna es de poliuretano, inyectado con alta precisi&oacute;n para obtener una distribuci&oacute;n correcta del material; de este modo la polea no se sufre y se garantiza la estabilidad de todo el sistema de tracci&oacute;n del veh&iacute;culo.</p>","
Correas de transmisión de clase mundial.

Fundada en 1906, BANDO Chemical industries Ltd. es una de las marcas más experimentadas y reconocidas del mundo. Sus soluciones innovadoras y de excelente calidad situan a Bando como la primera opción del cliente. Es colaboradora esencial en el primer equipo de marcas como Kymco o Honda, además de ofrecer soluciones óptimas para una gran variedad de aplicaciones. Su excelencia productiva deriva de la calidad de sus materiales, sus procesos de fabricación y su innovación tecnológica.

El poliuretano y las fibras de arámida usadas aportan una alta resistencia al sobrecalentamiento y a la abrasión ocasionados por fluidos como el aceite de motor, la gasolina y otras grasas típicas del cárter. El corte lateral del revestimiento se realiza de modo preciso con el objetivo de evitar deformaciones y usuras de medida.

El hilo «Tetron», producto exclusivo Bando, posee una alta resistencia a la dilatación, típica del Stop & Go. Además, la tensión se distribuye uniformemente a lo largo de toda la correa.

El perfil está reforzado con arámida para evitar sobrecalentamiento y deformaciones provocadas por los cambios bruscos de tracción, las altas velocidades...

La estructura interna es de poliuretano, inyectado con alta precisión para obtener una distribución correcta del material; de este modo la polea no se sufre y se garantiza la estabilidad de todo el sistema de tracción del vehículo.",VEHICLE PARTS & ACCESSORIES,CHASSIS PARTS,CHAS. BELT,1939,148,381,159,32,,,,Estándar,Poliéster,,,https://api.mybihr.com/medias/1048045-1-800Wx800H?context=bWFzdGVyfHJvb3R8MjA0MDh8aW1hZ2UvanBlZ3xhR1l5TDJnek55ODRPVGN4TURVNE56UXhNamM0THpFd05EZ3dORFV0TVY4NE1EQlhlRGd3TUVnfDkxMzMyY2VkYzM3MTI5ZjMzNjFiYjEyNTUyZDg3Y2Q2YjY5NTI1ODFiMzhlNTAxN2I0NmZkODg1YWZhNDUyOTQ,,,https://static.bihr.pro/eBihr/Pictures/BANDO-pictures.zip,Spain Warehouse (Parts)
1048032,,S08-001,BANDO,BANDO DRIVE BELT STANDARD,Correa de transmision BANDO Premium,19.00,15.70,7.85,100189,5,4010350000,0,1,"<p>Correas de transmisi&oacute;n de clase mundial.</p>
<p>Fundada en 1906, BANDO Chemical industries Ltd. es una de las marcas m&aacute;s experimentadas y reconocidas del mundo. Sus soluciones innovadoras y de excelente calidad situan a Bando como la primera opci&oacute;n del cliente. Es colaboradora esencial en el primer equipo de marcas como Kymco o Honda, adem&aacute;s de ofrecer soluciones &oacute;ptimas para una gran variedad de aplicaciones. Su excelencia productiva deriva de la calidad de sus materiales, sus procesos de fabricaci&oacute;n y su innovaci&oacute;n tecnol&oacute;gica.</p>
<p>El poliuretano y las fibras de ar&aacute;mida usadas aportan una alta resistencia al sobrecalentamiento y a la abrasi&oacute;n ocasionados por fluidos como el aceite de motor, la gasolina y otras grasas t&iacute;picas del c&aacute;rter. El corte lateral del revestimiento se realiza de modo preciso con el objetivo de evitar deformaciones y usuras de medida.</p>
<p>El hilo &laquo;Tetron&raquo;, producto exclusivo Bando, posee una alta resistencia a la dilataci&oacute;n, t&iacute;pica del Stop &amp; Go. Adem&aacute;s, la tensi&oacute;n se distribuye uniformemente a lo largo de toda la correa.</p>
<p>El perfil est&aacute; reforzado con ar&aacute;mida para evitar sobrecalentamiento y deformaciones provocadas por los cambios bruscos de tracci&oacute;n, las altas velocidades...</p>
<p>La estructura interna es de poliuretano, inyectado con alta precisi&oacute;n para obtener una distribuci&oacute;n correcta del material; de este modo la polea no se sufre y se garantiza la estabilidad de todo el sistema de tracci&oacute;n del veh&iacute;culo.</p>","
Correas de transmisión de clase mundial.

Fundada en 1906, BANDO Chemical industries Ltd. es una de las marcas más experimentadas y reconocidas del mundo. Sus soluciones innovadoras y de excelente calidad situan a Bando como la primera opción del cliente. Es colaboradora esencial en el primer equipo de marcas como Kymco o Honda, además de ofrecer soluciones óptimas para una gran variedad de aplicaciones. Su excelencia productiva deriva de la calidad de sus materiales, sus procesos de fabricación y su innovación tecnológica.

El poliuretano y las fibras de arámida usadas aportan una alta resistencia al sobrecalentamiento y a la abrasión ocasionados por fluidos como el aceite de motor, la gasolina y otras grasas típicas del cárter. El corte lateral del revestimiento se realiza de modo preciso con el objetivo de evitar deformaciones y usuras de medida.

El hilo «Tetron», producto exclusivo Bando, posee una alta resistencia a la dilatación, típica del Stop & Go. Además, la tensión se distribuye uniformemente a lo largo de toda la correa.

El perfil está reforzado con arámida para evitar sobrecalentamiento y deformaciones provocadas por los cambios bruscos de tracción, las altas velocidades...

La estructura interna es de poliuretano, inyectado con alta precisión para obtener una distribución correcta del material; de este modo la polea no se sufre y se garantiza la estabilidad de todo el sistema de tracción del vehículo.",VEHICLE PARTS & ACCESSORIES,CHASSIS PARTS,CHAS. BELT,622,100,303,76,27,,,,Estándar,Poliéster,,,https://api.mybihr.com/medias/1048032-1-800Wx800H?context=bWFzdGVyfHJvb3R8MjA0MDh8aW1hZ2UvanBlZ3xhR1l5TDJnNU1TODRPVGN4TURVMU9UZzROelkyTHpFd05EZ3dNekl0TVY4NE1EQlhlRGd3TUVnfDY1OWY0NWM1MjBmN2U0YmExNzI0NzI5OTllZjgyNGEyODlmOGViNDIxNTM5OTE0ZmNlMjliODk2ZGRiZWUzMTQ,,,https://static.bihr.pro/eBihr/Pictures/BANDO-pictures.zip,Spain Warehouse (Parts)
1025944,SB079,S01-008,BANDO,BANDO DRIVE BELT STANDARD,Correa de transmision BANDO Premium,43.68,36.10,18.05,8430525045347,2,4010350000,0,1,"<p>Correas de transmisi&oacute;n de clase mundial.</p>
<p>Fundada en 1906, BANDO Chemical industries Ltd. es una de las marcas m&aacute;s experimentadas y reconocidas del mundo. Sus soluciones innovadoras y de excelente calidad situan a Bando como la primera opci&oacute;n del cliente. Es colaboradora esencial en el primer equipo de marcas como Kymco o Honda, adem&aacute;s de ofrecer soluciones &oacute;ptimas para una gran variedad de aplicaciones. Su excelencia productiva deriva de la calidad de sus materiales, sus procesos de fabricaci&oacute;n y su innovaci&oacute;n tecnol&oacute;gica.</p>
<p>El poliuretano y las fibras de ar&aacute;mida usadas aportan una alta resistencia al sobrecalentamiento y a la abrasi&oacute;n ocasionados por fluidos como el aceite de motor, la gasolina y otras grasas t&iacute;picas del c&aacute;rter. El corte lateral del revestimiento se realiza de modo preciso con el objetivo de evitar deformaciones y usuras de medida.</p>
<p>El hilo &laquo;Tetron&raquo;, producto exclusivo Bando, posee una alta resistencia a la dilataci&oacute;n, t&iacute;pica del Stop &amp; Go. Adem&aacute;s, la tensi&oacute;n se distribuye uniformemente a lo largo de toda la correa.</p>
<p>El perfil est&aacute; reforzado con ar&aacute;mida para evitar sobrecalentamiento y deformaciones provocadas por los cambios bruscos de tracci&oacute;n, las altas velocidades...</p>
<p>La estructura interna es de poliuretano, inyectado con alta precisi&oacute;n para obtener una distribuci&oacute;n correcta del material; de este modo la polea no se sufre y se garantiza la estabilidad de todo el sistema de tracci&oacute;n del veh&iacute;culo.</p>","
Correas de transmisión de clase mundial.

Fundada en 1906, BANDO Chemical industries Ltd. es una de las marcas más experimentadas y reconocidas del mundo. Sus soluciones innovadoras y de excelente calidad situan a Bando como la primera opción del cliente. Es colaboradora esencial en el primer equipo de marcas como Kymco o Honda, además de ofrecer soluciones óptimas para una gran variedad de aplicaciones. Su excelencia productiva deriva de la calidad de sus materiales, sus procesos de fabricación y su innovación tecnológica.

El poliuretano y las fibras de arámida usadas aportan una alta resistencia al sobrecalentamiento y a la abrasión ocasionados por fluidos como el aceite de motor, la gasolina y otras grasas típicas del cárter. El corte lateral del revestimiento se realiza de modo preciso con el objetivo de evitar deformaciones y usuras de medida.

El hilo «Tetron», producto exclusivo Bando, posee una alta resistencia a la dilatación, típica del Stop & Go. Además, la tensión se distribuye uniformemente a lo largo de toda la correa.

El perfil está reforzado con arámida para evitar sobrecalentamiento y deformaciones provocadas por los cambios bruscos de tracción, las altas velocidades...

La estructura interna es de poliuretano, inyectado con alta precisión para obtener una distribución correcta del material; de este modo la polea no se sufre y se garantiza la estabilidad de todo el sistema de tracción del vehículo.",VEHICLE PARTS & ACCESSORIES,CHASSIS PARTS,CHAS. BELT,2523,211,390,154,42,,,,Estándar,,,,https://api.mybihr.com/medias/1025944-1-800Wx800H?context=bWFzdGVyfHJvb3R8MjA0MDh8aW1hZ2UvanBlZ3xhRFV3TDJoaU15ODRPVFk1TlRBeE5UUXdNemd5THpFd01qVTVORFF0TVY4NE1EQlhlRGd3TUVnfGU0MWRjYmU2NDIzMWIzYzQ0MDMwZTEzOWY3NThkMTVkOGQ1MzIxMmUzODBkYzVhOTI3ZGQ1NGE3YjVhODYyOWY,,,https://static.bihr.pro/eBihr/Pictures/BANDO-pictures.zip,Spain Warehouse (Parts)
1025945,SB080,S02-002,BANDO,BANDO DRIVE BELT STANDARD,Correa de transmision BANDO Premium,21.31,17.61,8.81,8430525045361,0,4010350000,0,1,"<p>Correas de transmisi&oacute;n de clase mundial.</p>
<p>Fundada en 1906, BANDO Chemical industries Ltd. es una de las marcas m&aacute;s experimentadas y reconocidas del mundo. Sus soluciones innovadoras y de excelente calidad situan a Bando como la primera opci&oacute;n del cliente. Es colaboradora esencial en el primer equipo de marcas como Kymco o Honda, adem&aacute;s de ofrecer soluciones &oacute;ptimas para una gran variedad de aplicaciones. Su excelencia productiva deriva de la calidad de sus materiales, sus procesos de fabricaci&oacute;n y su innovaci&oacute;n tecnol&oacute;gica.</p>
<p>El poliuretano y las fibras de ar&aacute;mida usadas aportan una alta resistencia al sobrecalentamiento y a la abrasi&oacute;n ocasionados por fluidos como el aceite de motor, la gasolina y otras grasas t&iacute;picas del c&aacute;rter. El corte lateral del revestimiento se realiza de modo preciso con el objetivo de evitar deformaciones y usuras de medida.</p>
<p>El hilo &laquo;Tetron&raquo;, producto exclusivo Bando, posee una alta resistencia a la dilataci&oacute;n, t&iacute;pica del Stop &amp; Go. Adem&aacute;s, la tensi&oacute;n se distribuye uniformemente a lo largo de toda la correa.</p>
<p>El perfil est&aacute; reforzado con ar&aacute;mida para evitar sobrecalentamiento y deformaciones provocadas por los cambios bruscos de tracci&oacute;n, las altas velocidades...</p>
<p>La estructura interna es de poliuretano, inyectado con alta precisi&oacute;n para obtener una distribuci&oacute;n correcta del material; de este modo la polea no se sufre y se garantiza la estabilidad de todo el sistema de tracci&oacute;n del veh&iacute;culo.</p>","
Correas de transmisión de clase mundial.

Fundada en 1906, BANDO Chemical industries Ltd. es una de las marcas más experimentadas y reconocidas del mundo. Sus soluciones innovadoras y de excelente calidad situan a Bando como la primera opción del cliente. Es colaboradora esencial en el primer equipo de marcas como Kymco o Honda, además de ofrecer soluciones óptimas para una gran variedad de aplicaciones. Su excelencia productiva deriva de la calidad de sus materiales, sus procesos de fabricación y su innovación tecnológica.

El poliuretano y las fibras de arámida usadas aportan una alta resistencia al sobrecalentamiento y a la abrasión ocasionados por fluidos como el aceite de motor, la gasolina y otras grasas típicas del cárter. El corte lateral del revestimiento se realiza de modo preciso con el objetivo de evitar deformaciones y usuras de medida.

El hilo «Tetron», producto exclusivo Bando, posee una alta resistencia a la dilatación, típica del Stop & Go. Además, la tensión se distribuye uniformemente a lo largo de toda la correa.

El perfil está reforzado con arámida para evitar sobrecalentamiento y deformaciones provocadas por los cambios bruscos de tracción, las altas velocidades...

La estructura interna es de poliuretano, inyectado con alta precisión para obtener una distribución correcta del material; de este modo la polea no se sufre y se garantiza la estabilidad de todo el sistema de tracción del vehículo.",VEHICLE PARTS & ACCESSORIES,CHASSIS PARTS,CHAS. BELT,769,119,343,83,27,,,,Estándar,Poliéster,,,https://api.mybihr.com/medias/1025945-1-800Wx800H?context=bWFzdGVyfHJvb3R8MjA0MDh8aW1hZ2UvanBlZ3xhREJrTDJoaVlTODRPVFk1TlRBeE56TTJPVGt3THpFd01qVTVORFV0TVY4NE1EQlhlRGd3TUVnfDgyYjhlYzc2YmI3NDg0YTcwODI0YzFlOGU2MTJmYTMxMWNkMWI4MDlkNWI4NTkyNzhjY2M5YjBiOWNlNDU2YjA,,,https://static.bihr.pro/eBihr/Pictures/BANDO-pictures.zip,Spain Warehouse (Parts)
1025947,SB092,B2-0610,BANDO,BANDO DRIVE BELT STANDARD,Correa de transmision BANDO Premium,118.58,98.00,34.83,8430525129665,108,4010350000,0,1,"<p>Correas de transmisi&oacute;n de clase mundial.</p>
<p>Fundada en 1906, BANDO Chemical industries Ltd. es una de las marcas m&aacute;s experimentadas y reconocidas del mundo. Sus soluciones innovadoras y de excelente calidad situan a Bando como la primera opci&oacute;n del cliente. Es colaboradora esencial en el primer equipo de marcas como Kymco o Honda, adem&aacute;s de ofrecer soluciones &oacute;ptimas para una gran variedad de aplicaciones. Su excelencia productiva deriva de la calidad de sus materiales, sus procesos de fabricaci&oacute;n y su innovaci&oacute;n tecnol&oacute;gica.</p>
<p>El poliuretano y las fibras de ar&aacute;mida usadas aportan una alta resistencia al sobrecalentamiento y a la abrasi&oacute;n ocasionados por fluidos como el aceite de motor, la gasolina y otras grasas t&iacute;picas del c&aacute;rter. El corte lateral del revestimiento se realiza de modo preciso con el objetivo de evitar deformaciones y usuras de medida.</p>
<p>El hilo &laquo;Tetron&raquo;, producto exclusivo Bando, posee una alta resistencia a la dilataci&oacute;n, t&iacute;pica del Stop &amp; Go. Adem&aacute;s, la tensi&oacute;n se distribuye uniformemente a lo largo de toda la correa.</p>
<p>El perfil est&aacute; reforzado con ar&aacute;mida para evitar sobrecalentamiento y deformaciones provocadas por los cambios bruscos de tracci&oacute;n, las altas velocidades...</p>
<p>La estructura interna es de poliuretano, inyectado con alta precisi&oacute;n para obtener una distribuci&oacute;n correcta del material; de este modo la polea no se sufre y se garantiza la estabilidad de todo el sistema de tracci&oacute;n del veh&iacute;culo.</p>","
Correas de transmisión de clase mundial.

Fundada en 1906, BANDO Chemical industries Ltd. es una de las marcas más experimentadas y reconocidas del mundo. Sus soluciones innovadoras y de excelente calidad situan a Bando como la primera opción del cliente. Es colaboradora esencial en el primer equipo de marcas como Kymco o Honda, además de ofrecer soluciones óptimas para una gran variedad de aplicaciones. Su excelencia productiva deriva de la calidad de sus materiales, sus procesos de fabricación y su innovación tecnológica.

El poliuretano y las fibras de arámida usadas aportan una alta resistencia al sobrecalentamiento y a la abrasión ocasionados por fluidos como el aceite de motor, la gasolina y otras grasas típicas del cárter. El corte lateral del revestimiento se realiza de modo preciso con el objetivo de evitar deformaciones y usuras de medida.

El hilo «Tetron», producto exclusivo Bando, posee una alta resistencia a la dilatación, típica del Stop & Go. Además, la tensión se distribuye uniformemente a lo largo de toda la correa.

El perfil está reforzado con arámida para evitar sobrecalentamiento y deformaciones provocadas por los cambios bruscos de tracción, las altas velocidades...

La estructura interna es de poliuretano, inyectado con alta precisión para obtener una distribución correcta del material; de este modo la polea no se sufre y se garantiza la estabilidad de todo el sistema de tracción del vehículo.",VEHICLE PARTS & ACCESSORIES,CHASSIS PARTS,CHAS. BELT,1560,392,390,100,40,,,,Estándar,,,,https://api.mybihr.com/medias/1025947-1-800Wx800H?context=bWFzdGVyfHJvb3R8MjA0MDh8aW1hZ2UvanBlZ3xhR0UyTDJobU1DODRPVFk1TlRBeU1UTXdNakEyTHpFd01qVTVORGN0TVY4NE1EQlhlRGd3TUVnfDg5ZDFiN2JkYjVkY2MxOTcxOTRiZGY0ZGIzNDU1MDIxZmM2ZmQ4N2YwODc1YzBhZTQyOTBjYTk1NmI4YmFiMTQ,,,https://static.bihr.pro/eBihr/Pictures/BANDO-pictures.zip,Spain Warehouse (Parts)
1025942,SB074,S04-001,BANDO,BANDO DRIVE BELT STANDARD,Correa de transmision BANDO Premium,24.02,19.85,9.93,8430525045415,16,4010350000,0,1,"<p>Correas de transmisi&oacute;n de clase mundial.</p>
<p>Fundada en 1906, BANDO Chemical industries Ltd. es una de las marcas m&aacute;s experimentadas y reconocidas del mundo. Sus soluciones innovadoras y de excelente calidad situan a Bando como la primera opci&oacute;n del cliente. Es colaboradora esencial en el primer equipo de marcas como Kymco o Honda, adem&aacute;s de ofrecer soluciones &oacute;ptimas para una gran variedad de aplicaciones. Su excelencia productiva deriva de la calidad de sus materiales, sus procesos de fabricaci&oacute;n y su innovaci&oacute;n tecnol&oacute;gica.</p>
<p>El poliuretano y las fibras de ar&aacute;mida usadas aportan una alta resistencia al sobrecalentamiento y a la abrasi&oacute;n ocasionados por fluidos como el aceite de motor, la gasolina y otras grasas t&iacute;picas del c&aacute;rter. El corte lateral del revestimiento se realiza de modo preciso con el objetivo de evitar deformaciones y usuras de medida.</p>
<p>El hilo &laquo;Tetron&raquo;, producto exclusivo Bando, posee una alta resistencia a la dilataci&oacute;n, t&iacute;pica del Stop &amp; Go. Adem&aacute;s, la tensi&oacute;n se distribuye uniformemente a lo largo de toda la correa.</p>
<p>El perfil est&aacute; reforzado con ar&aacute;mida para evitar sobrecalentamiento y deformaciones provocadas por los cambios bruscos de tracci&oacute;n, las altas velocidades...</p>
<p>La estructura interna es de poliuretano, inyectado con alta precisi&oacute;n para obtener una distribuci&oacute;n correcta del material; de este modo la polea no se sufre y se garantiza la estabilidad de todo el sistema de tracci&oacute;n del veh&iacute;culo.</p>","
Correas de transmisión de clase mundial.

Fundada en 1906, BANDO Chemical industries Ltd. es una de las marcas más experimentadas y reconocidas del mundo. Sus soluciones innovadoras y de excelente calidad situan a Bando como la primera opción del cliente. Es colaboradora esencial en el primer equipo de marcas como Kymco o Honda, además de ofrecer soluciones óptimas para una gran variedad de aplicaciones. Su excelencia productiva deriva de la calidad de sus materiales, sus procesos de fabricación y su innovación tecnológica.

El poliuretano y las fibras de arámida usadas aportan una alta resistencia al sobrecalentamiento y a la abrasión ocasionados por fluidos como el aceite de motor, la gasolina y otras grasas típicas del cárter. El corte lateral del revestimiento se realiza de modo preciso con el objetivo de evitar deformaciones y usuras de medida.

El hilo «Tetron», producto exclusivo Bando, posee una alta resistencia a la dilatación, típica del Stop & Go. Además, la tensión se distribuye uniformemente a lo largo de toda la correa.

El perfil está reforzado con arámida para evitar sobrecalentamiento y deformaciones provocadas por los cambios bruscos de tracción, las altas velocidades...

La estructura interna es de poliuretano, inyectado con alta precisión para obtener una distribución correcta del material; de este modo la polea no se sufre y se garantiza la estabilidad de todo el sistema de tracción del vehículo.",VEHICLE PARTS & ACCESSORIES,CHASSIS PARTS,CHAS. BELT,672,114,319,78,27,,,,Estándar,Poliéster,,,https://api.mybihr.com/medias/1025942-1-800Wx800H?context=bWFzdGVyfHJvb3R8MjA0MDh8aW1hZ2UvanBlZ3xhR0ZtTDJoaE5TODRPVFk1TlRBeE1UUTNNVFkyTHpFd01qVTVOREl0TVY4NE1EQlhlRGd3TUVnfDk3YmM0ZTNhZmU3OWM1YjdiODI3YTM0MzY2YWE3MzNmYTZhYzBlYzgxYzhhNTdhNDA1YjkzZDkxMDQ4MmNlOWM,,,https://static.bihr.pro/eBihr/Pictures/BANDO-pictures.zip,Spain Warehouse (Parts)
1042202,SB021,S05-005,BANDO,BANDO DRIVE BELT STANDARD,Correa de transmision BANDO Premium,17.33,14.32,7.16,8430525045002,16,4010350000,0,1,"<p>Correas de transmisi&oacute;n de clase mundial.</p>
<p>Fundada en 1906, BANDO Chemical industries Ltd. es una de las marcas m&aacute;s experimentadas y reconocidas del mundo. Sus soluciones innovadoras y de excelente calidad situan a Bando como la primera opci&oacute;n del cliente. Es colaboradora esencial en el primer equipo de marcas como Kymco o Honda, adem&aacute;s de ofrecer soluciones &oacute;ptimas para una gran variedad de aplicaciones. Su excelencia productiva deriva de la calidad de sus materiales, sus procesos de fabricaci&oacute;n y su innovaci&oacute;n tecnol&oacute;gica.</p>
<p>El poliuretano y las fibras de ar&aacute;mida usadas aportan una alta resistencia al sobrecalentamiento y a la abrasi&oacute;n ocasionados por fluidos como el aceite de motor, la gasolina y otras grasas t&iacute;picas del c&aacute;rter. El corte lateral del revestimiento se realiza de modo preciso con el objetivo de evitar deformaciones y usuras de medida.</p>
<p>El hilo &laquo;Tetron&raquo;, producto exclusivo Bando, posee una alta resistencia a la dilataci&oacute;n, t&iacute;pica del Stop &amp; Go. Adem&aacute;s, la tensi&oacute;n se distribuye uniformemente a lo largo de toda la correa.</p>
<p>El perfil est&aacute; reforzado con ar&aacute;mida para evitar sobrecalentamiento y deformaciones provocadas por los cambios bruscos de tracci&oacute;n, las altas velocidades...</p>
<p>La estructura interna es de poliuretano, inyectado con alta precisi&oacute;n para obtener una distribuci&oacute;n correcta del material; de este modo la polea no se sufre y se garantiza la estabilidad de todo el sistema de tracci&oacute;n del veh&iacute;culo.</p>","
Correas de transmisión de clase mundial.

Fundada en 1906, BANDO Chemical industries Ltd. es una de las marcas más experimentadas y reconocidas del mundo. Sus soluciones innovadoras y de excelente calidad situan a Bando como la primera opción del cliente. Es colaboradora esencial en el primer equipo de marcas como Kymco o Honda, además de ofrecer soluciones óptimas para una gran variedad de aplicaciones. Su excelencia productiva deriva de la calidad de sus materiales, sus procesos de fabricación y su innovación tecnológica.

El poliuretano y las fibras de arámida usadas aportan una alta resistencia al sobrecalentamiento y a la abrasión ocasionados por fluidos como el aceite de motor, la gasolina y otras grasas típicas del cárter. El corte lateral del revestimiento se realiza de modo preciso con el objetivo de evitar deformaciones y usuras de medida.

El hilo «Tetron», producto exclusivo Bando, posee una alta resistencia a la dilatación, típica del Stop & Go. Además, la tensión se distribuye uniformemente a lo largo de toda la correa.

El perfil está reforzado con arámida para evitar sobrecalentamiento y deformaciones provocadas por los cambios bruscos de tracción, las altas velocidades...

La estructura interna es de poliuretano, inyectado con alta precisión para obtener una distribución correcta del material; de este modo la polea no se sufre y se garantiza la estabilidad de todo el sistema de tracción del vehículo.",VEHICLE PARTS & ACCESSORIES,CHASSIS PARTS,CHAS. BELT,636,99,310,76,27,,,,Estándar,Poliéster,,,https://api.mybihr.com/medias/1042202-1-800Wx800H?context=bWFzdGVyfHJvb3R8MjA0MDh8aW1hZ2UvanBlZ3xhR1F3TDJnNU1DODRPVGN3TWpNNE56SXlNRGM0THpFd05ESXlNREl0TVY4NE1EQlhlRGd3TUVnfDI1ZDAzOTMwNjAxM2JjZjI1Njc5NTRlYTE3MTVkODJlMjRkYjk5OTY5OGNjNDZhMjkwNWFjMjdhNmIxNjU5NmY,,,https://static.bihr.pro/eBihr/Pictures/BANDO-pictures.zip,Spain Warehouse (Parts)
1042203,SB022,S17-006,BANDO,BANDO DRIVE BELT STANDARD,Correa de transmision BANDO Premium,35.99,29.74,14.87,8430525129559,1,4010350000,0,1,"<p>Correas de transmisi&oacute;n de clase mundial.</p>
<p>Fundada en 1906, BANDO Chemical industries Ltd. es una de las marcas m&aacute;s experimentadas y reconocidas del mundo. Sus soluciones innovadoras y de excelente calidad situan a Bando como la primera opci&oacute;n del cliente. Es colaboradora esencial en el primer equipo de marcas como Kymco o Honda, adem&aacute;s de ofrecer soluciones &oacute;ptimas para una gran variedad de aplicaciones. Su excelencia productiva deriva de la calidad de sus materiales, sus procesos de fabricaci&oacute;n y su innovaci&oacute;n tecnol&oacute;gica.</p>
<p>El poliuretano y las fibras de ar&aacute;mida usadas aportan una alta resistencia al sobrecalentamiento y a la abrasi&oacute;n ocasionados por fluidos como el aceite de motor, la gasolina y otras grasas t&iacute;picas del c&aacute;rter. El corte lateral del revestimiento se realiza de modo preciso con el objetivo de evitar deformaciones y usuras de medida.</p>
<p>El hilo &laquo;Tetron&raquo;, producto exclusivo Bando, posee una alta resistencia a la dilataci&oacute;n, t&iacute;pica del Stop &amp; Go. Adem&aacute;s, la tensi&oacute;n se distribuye uniformemente a lo largo de toda la correa.</p>
<p>El perfil est&aacute; reforzado con ar&aacute;mida para evitar sobrecalentamiento y deformaciones provocadas por los cambios bruscos de tracci&oacute;n, las altas velocidades...</p>
<p>La estructura interna es de poliuretano, inyectado con alta precisi&oacute;n para obtener una distribuci&oacute;n correcta del material; de este modo la polea no se sufre y se garantiza la estabilidad de todo el sistema de tracci&oacute;n del veh&iacute;culo.</p>","
Correas de transmisión de clase mundial.

Fundada en 1906, BANDO Chemical industries Ltd. es una de las marcas más experimentadas y reconocidas del mundo. Sus soluciones innovadoras y de excelente calidad situan a Bando como la primera opción del cliente. Es colaboradora esencial en el primer equipo de marcas como Kymco o Honda, además de ofrecer soluciones óptimas para una gran variedad de aplicaciones. Su excelencia productiva deriva de la calidad de sus materiales, sus procesos de fabricación y su innovación tecnológica.

El poliuretano y las fibras de arámida usadas aportan una alta resistencia al sobrecalentamiento y a la abrasión ocasionados por fluidos como el aceite de motor, la gasolina y otras grasas típicas del cárter. El corte lateral del revestimiento se realiza de modo preciso con el objetivo de evitar deformaciones y usuras de medida.

El hilo «Tetron», producto exclusivo Bando, posee una alta resistencia a la dilatación, típica del Stop & Go. Además, la tensión se distribuye uniformemente a lo largo de toda la correa.

El perfil está reforzado con arámida para evitar sobrecalentamiento y deformaciones provocadas por los cambios bruscos de tracción, las altas velocidades...

La estructura interna es de poliuretano, inyectado con alta precisión para obtener una distribución correcta del material; de este modo la polea no se sufre y se garantiza la estabilidad de todo el sistema de tracción del vehículo.",VEHICLE PARTS & ACCESSORIES,CHASSIS PARTS,CHAS. BELT,929,151,370,93,27,,,,Estándar,,,,https://api.mybihr.com/medias/1042203-1-800Wx800H?context=bWFzdGVyfHJvb3R8MjA0MDh8aW1hZ2UvanBlZ3xhRGhqTDJnNU55ODRPVGN3TWpNNE9URTROamcyTHpFd05ESXlNRE10TVY4NE1EQlhlRGd3TUVnfDFlM2JhMGMyZDYzOGU0ODBmMjc4MGU0ZTJjMmQxN2M2OTMwMTQ4MGI2NWI0MTFmOTNiZGZlYjZmMDI5ZWFhZmY,,,https://static.bihr.pro/eBihr/Pictures/BANDO-pictures.zip,Spain Warehouse (Parts)
1025946,SB089,B1-0606,BANDO,BANDO DRIVE BELT STANDARD,Correa de transmision BANDO Premium,152.88,126.35,55.29,8430525129641,20,4010350000,0,1,"<p>Correas de transmisi&oacute;n de clase mundial.</p>
<p>Fundada en 1906, BANDO Chemical industries Ltd. es una de las marcas m&aacute;s experimentadas y reconocidas del mundo. Sus soluciones innovadoras y de excelente calidad situan a Bando como la primera opci&oacute;n del cliente. Es colaboradora esencial en el primer equipo de marcas como Kymco o Honda, adem&aacute;s de ofrecer soluciones &oacute;ptimas para una gran variedad de aplicaciones. Su excelencia productiva deriva de la calidad de sus materiales, sus procesos de fabricaci&oacute;n y su innovaci&oacute;n tecnol&oacute;gica.</p>
<p>El poliuretano y las fibras de ar&aacute;mida usadas aportan una alta resistencia al sobrecalentamiento y a la abrasi&oacute;n ocasionados por fluidos como el aceite de motor, la gasolina y otras grasas t&iacute;picas del c&aacute;rter. El corte lateral del revestimiento se realiza de modo preciso con el objetivo de evitar deformaciones y usuras de medida.</p>
<p>El hilo &laquo;Tetron&raquo;, producto exclusivo Bando, posee una alta resistencia a la dilataci&oacute;n, t&iacute;pica del Stop &amp; Go. Adem&aacute;s, la tensi&oacute;n se distribuye uniformemente a lo largo de toda la correa.</p>
<p>El perfil est&aacute; reforzado con ar&aacute;mida para evitar sobrecalentamiento y deformaciones provocadas por los cambios bruscos de tracci&oacute;n, las altas velocidades...</p>
<p>La estructura interna es de poliuretano, inyectado con alta precisi&oacute;n para obtener una distribuci&oacute;n correcta del material; de este modo la polea no se sufre y se garantiza la estabilidad de todo el sistema de tracci&oacute;n del veh&iacute;culo.</p>","
Correas de transmisión de clase mundial.

Fundada en 1906, BANDO Chemical industries Ltd. es una de las marcas más experimentadas y reconocidas del mundo. Sus soluciones innovadoras y de excelente calidad situan a Bando como la primera opción del cliente. Es colaboradora esencial en el primer equipo de marcas como Kymco o Honda, además de ofrecer soluciones óptimas para una gran variedad de aplicaciones. Su excelencia productiva deriva de la calidad de sus materiales, sus procesos de fabricación y su innovación tecnológica.

El poliuretano y las fibras de arámida usadas aportan una alta resistencia al sobrecalentamiento y a la abrasión ocasionados por fluidos como el aceite de motor, la gasolina y otras grasas típicas del cárter. El corte lateral del revestimiento se realiza de modo preciso con el objetivo de evitar deformaciones y usuras de medida.

El hilo «Tetron», producto exclusivo Bando, posee una alta resistencia a la dilatación, típica del Stop & Go. Además, la tensión se distribuye uniformemente a lo largo de toda la correa.

El perfil está reforzado con arámida para evitar sobrecalentamiento y deformaciones provocadas por los cambios bruscos de tracción, las altas velocidades...

La estructura interna es de poliuretano, inyectado con alta precisión para obtener una distribución correcta del material; de este modo la polea no se sufre y se garantiza la estabilidad de todo el sistema de tracción del vehículo.",VEHICLE PARTS & ACCESSORIES,CHASSIS PARTS,CHAS. BELT,1366,288,390,103,34,,,,Estándar,,,,https://api.mybihr.com/medias/1025946-1-800Wx800H?context=bWFzdGVyfHJvb3R8MjA0MDh8aW1hZ2UvanBlZ3xhR1JrTDJoak1DODRPVFk1TlRBeE9UTXpOVGs0THpFd01qVTVORFl0TVY4NE1EQlhlRGd3TUVnfDI4YmYxMmVjMjk5YmVlNWY3ZDhiZDYyYTc1N2E1MTRhNDUyMGE0OGM1MDg2Y2FkOWNjNjhkNTAwNDA4NjFlZmE,,,https://static.bihr.pro/eBihr/Pictures/BANDO-pictures.zip,Spain Warehouse (Parts)
1025930,SB047,S09-009,BANDO,BANDO DRIVE BELT STANDARD,Correa de transmision BANDO Premium,28.94,23.92,11.96,105505,22,4010350000,0,1,"<p>Correas de transmisi&oacute;n de clase mundial.</p>
<p>Fundada en 1906, BANDO Chemical industries Ltd. es una de las marcas m&aacute;s experimentadas y reconocidas del mundo. Sus soluciones innovadoras y de excelente calidad situan a Bando como la primera opci&oacute;n del cliente. Es colaboradora esencial en el primer equipo de marcas como Kymco o Honda, adem&aacute;s de ofrecer soluciones &oacute;ptimas para una gran variedad de aplicaciones. Su excelencia productiva deriva de la calidad de sus materiales, sus procesos de fabricaci&oacute;n y su innovaci&oacute;n tecnol&oacute;gica.</p>
<p>El poliuretano y las fibras de ar&aacute;mida usadas aportan una alta resistencia al sobrecalentamiento y a la abrasi&oacute;n ocasionados por fluidos como el aceite de motor, la gasolina y otras grasas t&iacute;picas del c&aacute;rter. El corte lateral del revestimiento se realiza de modo preciso con el objetivo de evitar deformaciones y usuras de medida.</p>
<p>El hilo &laquo;Tetron&raquo;, producto exclusivo Bando, posee una alta resistencia a la dilataci&oacute;n, t&iacute;pica del Stop &amp; Go. Adem&aacute;s, la tensi&oacute;n se distribuye uniformemente a lo largo de toda la correa.</p>
<p>El perfil est&aacute; reforzado con ar&aacute;mida para evitar sobrecalentamiento y deformaciones provocadas por los cambios bruscos de tracci&oacute;n, las altas velocidades...</p>
<p>La estructura interna es de poliuretano, inyectado con alta precisi&oacute;n para obtener una distribuci&oacute;n correcta del material; de este modo la polea no se sufre y se garantiza la estabilidad de todo el sistema de tracci&oacute;n del veh&iacute;culo.</p>","
Correas de transmisión de clase mundial.

Fundada en 1906, BANDO Chemical industries Ltd. es una de las marcas más experimentadas y reconocidas del mundo. Sus soluciones innovadoras y de excelente calidad situan a Bando como la primera opción del cliente. Es colaboradora esencial en el primer equipo de marcas como Kymco o Honda, además de ofrecer soluciones óptimas para una gran variedad de aplicaciones. Su excelencia productiva deriva de la calidad de sus materiales, sus procesos de fabricación y su innovación tecnológica.

El poliuretano y las fibras de arámida usadas aportan una alta resistencia al sobrecalentamiento y a la abrasión ocasionados por fluidos como el aceite de motor, la gasolina y otras grasas típicas del cárter. El corte lateral del revestimiento se realiza de modo preciso con el objetivo de evitar deformaciones y usuras de medida.

El hilo «Tetron», producto exclusivo Bando, posee una alta resistencia a la dilatación, típica del Stop & Go. Además, la tensión se distribuye uniformemente a lo largo de toda la correa.

El perfil está reforzado con arámida para evitar sobrecalentamiento y deformaciones provocadas por los cambios bruscos de tracción, las altas velocidades...

La estructura interna es de poliuretano, inyectado con alta precisión para obtener una distribución correcta del material; de este modo la polea no se sufre y se garantiza la estabilidad de todo el sistema de tracción del vehículo.",VEHICLE PARTS & ACCESSORIES,CHASSIS PARTS,CHAS. BELT,2005,143,364,162,34,,,,Estándar,,,,https://api.mybihr.com/medias/1025930-1-800Wx800H?context=bWFzdGVyfHJvb3R8MjA0MDh8aW1hZ2UvanBlZ3xhRFUwTDJnMk5pODRPVFk0TmpJNE1EUXpPREEyTHpFd01qVTVNekF0TVY4NE1EQlhlRGd3TUVnfDA3NThkYjc2OGI2NTZjOTRkM2JiMzVjNzM4NGVjYjgxNGU3ZWNlMDc3YmY2MGRmMmNhMGVkMzBkMjVjMjdjODU,,,https://static.bihr.pro/eBihr/Pictures/BANDO-pictures.zip,Spain Warehouse (Parts)
1025939,SB068,S05-015,BANDO,BANDO DRIVE BELT STANDARD,Correa de transmision BANDO Premium,41.49,34.29,17.15,8430525045064,0,4010350000,0,1,"<p>Correas de transmisi&oacute;n de clase mundial.</p>
<p>Fundada en 1906, BANDO Chemical industries Ltd. es una de las marcas m&aacute;s experimentadas y reconocidas del mundo. Sus soluciones innovadoras y de excelente calidad situan a Bando como la primera opci&oacute;n del cliente. Es colaboradora esencial en el primer equipo de marcas como Kymco o Honda, adem&aacute;s de ofrecer soluciones &oacute;ptimas para una gran variedad de aplicaciones. Su excelencia productiva deriva de la calidad de sus materiales, sus procesos de fabricaci&oacute;n y su innovaci&oacute;n tecnol&oacute;gica.</p>
<p>El poliuretano y las fibras de ar&aacute;mida usadas aportan una alta resistencia al sobrecalentamiento y a la abrasi&oacute;n ocasionados por fluidos como el aceite de motor, la gasolina y otras grasas t&iacute;picas del c&aacute;rter. El corte lateral del revestimiento se realiza de modo preciso con el objetivo de evitar deformaciones y usuras de medida.</p>
<p>El hilo &laquo;Tetron&raquo;, producto exclusivo Bando, posee una alta resistencia a la dilataci&oacute;n, t&iacute;pica del Stop &amp; Go. Adem&aacute;s, la tensi&oacute;n se distribuye uniformemente a lo largo de toda la correa.</p>
<p>El perfil est&aacute; reforzado con ar&aacute;mida para evitar sobrecalentamiento y deformaciones provocadas por los cambios bruscos de tracci&oacute;n, las altas velocidades...</p>
<p>La estructura interna es de poliuretano, inyectado con alta precisi&oacute;n para obtener una distribuci&oacute;n correcta del material; de este modo la polea no se sufre y se garantiza la estabilidad de todo el sistema de tracci&oacute;n del veh&iacute;culo.</p>","
Correas de transmisión de clase mundial.

Fundada en 1906, BANDO Chemical industries Ltd. es una de las marcas más experimentadas y reconocidas del mundo. Sus soluciones innovadoras y de excelente calidad situan a Bando como la primera opción del cliente. Es colaboradora esencial en el primer equipo de marcas como Kymco o Honda, además de ofrecer soluciones óptimas para una gran variedad de aplicaciones. Su excelencia productiva deriva de la calidad de sus materiales, sus procesos de fabricación y su innovación tecnológica.

El poliuretano y las fibras de arámida usadas aportan una alta resistencia al sobrecalentamiento y a la abrasión ocasionados por fluidos como el aceite de motor, la gasolina y otras grasas típicas del cárter. El corte lateral del revestimiento se realiza de modo preciso con el objetivo de evitar deformaciones y usuras de medida.

El hilo «Tetron», producto exclusivo Bando, posee una alta resistencia a la dilatación, típica del Stop & Go. Además, la tensión se distribuye uniformemente a lo largo de toda la correa.

El perfil está reforzado con arámida para evitar sobrecalentamiento y deformaciones provocadas por los cambios bruscos de tracción, las altas velocidades...

La estructura interna es de poliuretano, inyectado con alta precisión para obtener una distribución correcta del material; de este modo la polea no se sufre y se garantiza la estabilidad de todo el sistema de tracción del vehículo.",VEHICLE PARTS & ACCESSORIES,CHASSIS PARTS,CHAS. BELT,837,183,372,90,25,,,,Estándar,,,,https://api.mybihr.com/medias/1025939-1-800Wx800H?context=bWFzdGVyfHJvb3R8MjA0MDh8aW1hZ2UvanBlZ3xhR0UyTDJnME9TODRPVFk1TlRBd05UVTNNelF5THpFd01qVTVNemt0TVY4NE1EQlhlRGd3TUVnfGNkZGVkZjY1MTU0MGM1ZmI0OGYzYmNlNDlhYjQ5MDRkOGJiNTMyYWY2YTFiN2Q4ZjkxNGNkMzc5YzBhOTEwMzY,,,https://static.bihr.pro/eBihr/Pictures/BANDO-pictures.zip,Spain Warehouse (Parts)
1048049,,S05-029,BANDO,BANDO DRIVE BELT STANDARD,Correa de transmision BANDO Premium,37.99,31.40,15.70,S05-029,6,4010350000,0,1,"<p>Correas de transmisi&oacute;n de clase mundial.</p>
<p>Fundada en 1906, BANDO Chemical industries Ltd. es una de las marcas m&aacute;s experimentadas y reconocidas del mundo. Sus soluciones innovadoras y de excelente calidad situan a Bando como la primera opci&oacute;n del cliente. Es colaboradora esencial en el primer equipo de marcas como Kymco o Honda, adem&aacute;s de ofrecer soluciones &oacute;ptimas para una gran variedad de aplicaciones. Su excelencia productiva deriva de la calidad de sus materiales, sus procesos de fabricaci&oacute;n y su innovaci&oacute;n tecnol&oacute;gica.</p>
<p>El poliuretano y las fibras de ar&aacute;mida usadas aportan una alta resistencia al sobrecalentamiento y a la abrasi&oacute;n ocasionados por fluidos como el aceite de motor, la gasolina y otras grasas t&iacute;picas del c&aacute;rter. El corte lateral del revestimiento se realiza de modo preciso con el objetivo de evitar deformaciones y usuras de medida.</p>
<p>El hilo &laquo;Tetron&raquo;, producto exclusivo Bando, posee una alta resistencia a la dilataci&oacute;n, t&iacute;pica del Stop &amp; Go. Adem&aacute;s, la tensi&oacute;n se distribuye uniformemente a lo largo de toda la correa.</p>
<p>El perfil est&aacute; reforzado con ar&aacute;mida para evitar sobrecalentamiento y deformaciones provocadas por los cambios bruscos de tracci&oacute;n, las altas velocidades...</p>
<p>La estructura interna es de poliuretano, inyectado con alta precisi&oacute;n para obtener una distribuci&oacute;n correcta del material; de este modo la polea no se sufre y se garantiza la estabilidad de todo el sistema de tracci&oacute;n del veh&iacute;culo.</p>","
Correas de transmisión de clase mundial.

Fundada en 1906, BANDO Chemical industries Ltd. es una de las marcas más experimentadas y reconocidas del mundo. Sus soluciones innovadoras y de excelente calidad situan a Bando como la primera opción del cliente. Es colaboradora esencial en el primer equipo de marcas como Kymco o Honda, además de ofrecer soluciones óptimas para una gran variedad de aplicaciones. Su excelencia productiva deriva de la calidad de sus materiales, sus procesos de fabricación y su innovación tecnológica.

El poliuretano y las fibras de arámida usadas aportan una alta resistencia al sobrecalentamiento y a la abrasión ocasionados por fluidos como el aceite de motor, la gasolina y otras grasas típicas del cárter. El corte lateral del revestimiento se realiza de modo preciso con el objetivo de evitar deformaciones y usuras de medida.

El hilo «Tetron», producto exclusivo Bando, posee una alta resistencia a la dilatación, típica del Stop & Go. Además, la tensión se distribuye uniformemente a lo largo de toda la correa.

El perfil está reforzado con arámida para evitar sobrecalentamiento y deformaciones provocadas por los cambios bruscos de tracción, las altas velocidades...

La estructura interna es de poliuretano, inyectado con alta precisión para obtener una distribución correcta del material; de este modo la polea no se sufre y se garantiza la estabilidad de todo el sistema de tracción del vehículo.",VEHICLE PARTS & ACCESSORIES,CHASSIS PARTS,CHAS. BELT,870,217,390,93,24,,,,Estándar,Poliéster,,,https://api.mybihr.com/medias/1048049-1-800Wx800H?context=bWFzdGVyfHJvb3R8MjczNzV8aW1hZ2UvanBlZ3xhR1F6TDJneVlTODRPVGN4TURVNU5USTNOekV3THpFd05EZ3dORGt0TVY4NE1EQlhlRGd3TUVnfGNjMWY5NWFmOGU2NGRlYmUzY2ZjZWU4MTc4YzVlMDA2ZTQyNDU0NjJkYmEyZGZmMDliZGY3OTcxYTJlNzNiYTY,,,https://static.bihr.pro/eBihr/Pictures/BANDO-pictures.zip,Spain Warehouse (Parts)
1025924,SB158,S08-015,BANDO,BANDO DRIVE BELT STANDARD,Correa de transmision BANDO Premium,30.00,24.79,12.40,8430525129818,8,4010350000,0,1,"<p>Correas de transmisi&oacute;n de clase mundial.</p>
<p>Fundada en 1906, BANDO Chemical industries Ltd. es una de las marcas m&aacute;s experimentadas y reconocidas del mundo. Sus soluciones innovadoras y de excelente calidad situan a Bando como la primera opci&oacute;n del cliente. Es colaboradora esencial en el primer equipo de marcas como Kymco o Honda, adem&aacute;s de ofrecer soluciones &oacute;ptimas para una gran variedad de aplicaciones. Su excelencia productiva deriva de la calidad de sus materiales, sus procesos de fabricaci&oacute;n y su innovaci&oacute;n tecnol&oacute;gica.</p>
<p>El poliuretano y las fibras de ar&aacute;mida usadas aportan una alta resistencia al sobrecalentamiento y a la abrasi&oacute;n ocasionados por fluidos como el aceite de motor, la gasolina y otras grasas t&iacute;picas del c&aacute;rter. El corte lateral del revestimiento se realiza de modo preciso con el objetivo de evitar deformaciones y usuras de medida.</p>
<p>El hilo &laquo;Tetron&raquo;, producto exclusivo Bando, posee una alta resistencia a la dilataci&oacute;n, t&iacute;pica del Stop &amp; Go. Adem&aacute;s, la tensi&oacute;n se distribuye uniformemente a lo largo de toda la correa.</p>
<p>El perfil est&aacute; reforzado con ar&aacute;mida para evitar sobrecalentamiento y deformaciones provocadas por los cambios bruscos de tracci&oacute;n, las altas velocidades...</p>
<p>La estructura interna es de poliuretano, inyectado con alta precisi&oacute;n para obtener una distribuci&oacute;n correcta del material; de este modo la polea no se sufre y se garantiza la estabilidad de todo el sistema de tracci&oacute;n del veh&iacute;culo.</p>","
Correas de transmisión de clase mundial.

Fundada en 1906, BANDO Chemical industries Ltd. es una de las marcas más experimentadas y reconocidas del mundo. Sus soluciones innovadoras y de excelente calidad situan a Bando como la primera opción del cliente. Es colaboradora esencial en el primer equipo de marcas como Kymco o Honda, además de ofrecer soluciones óptimas para una gran variedad de aplicaciones. Su excelencia productiva deriva de la calidad de sus materiales, sus procesos de fabricación y su innovación tecnológica.

El poliuretano y las fibras de arámida usadas aportan una alta resistencia al sobrecalentamiento y a la abrasión ocasionados por fluidos como el aceite de motor, la gasolina y otras grasas típicas del cárter. El corte lateral del revestimiento se realiza de modo preciso con el objetivo de evitar deformaciones y usuras de medida.

El hilo «Tetron», producto exclusivo Bando, posee una alta resistencia a la dilatación, típica del Stop & Go. Además, la tensión se distribuye uniformemente a lo largo de toda la correa.

El perfil está reforzado con arámida para evitar sobrecalentamiento y deformaciones provocadas por los cambios bruscos de tracción, las altas velocidades...

La estructura interna es de poliuretano, inyectado con alta precisión para obtener una distribución correcta del material; de este modo la polea no se sufre y se garantiza la estabilidad de todo el sistema de tracción del vehículo.",VEHICLE PARTS & ACCESSORIES,CHASSIS PARTS,CHAS. BELT,951,151,367,96,27,,,,Estándar,Poliéster,,,https://api.mybihr.com/medias/1025924-1-800Wx800H?context=bWFzdGVyfHJvb3R8MjA0MDh8aW1hZ2UvanBlZ3xhR0prTDJnMU1TODRPVFk0TmpJMk9EWTBNVFU0THpFd01qVTVNalF0TVY4NE1EQlhlRGd3TUVnfDllYThlNTk3ZjZjMjU5YmNmZjM5NTFjNTIyOGQzMWFkZDcyOGVlMjJkYjUzZWJmYWM2MzhjZThlODYxYTczZDg,,,https://static.bihr.pro/eBihr/Pictures/BANDO-pictures.zip,Spain Warehouse (Parts)
1042198,SB112,S02-005,BANDO,BANDO DRIVE BELT STANDARD,Correa de transmision BANDO Premium,31.48,26.02,13.01,8430525129702,15,4010350000,0,1,"<p>Correas de transmisi&oacute;n de clase mundial.</p>
<p>Fundada en 1906, BANDO Chemical industries Ltd. es una de las marcas m&aacute;s experimentadas y reconocidas del mundo. Sus soluciones innovadoras y de excelente calidad situan a Bando como la primera opci&oacute;n del cliente. Es colaboradora esencial en el primer equipo de marcas como Kymco o Honda, adem&aacute;s de ofrecer soluciones &oacute;ptimas para una gran variedad de aplicaciones. Su excelencia productiva deriva de la calidad de sus materiales, sus procesos de fabricaci&oacute;n y su innovaci&oacute;n tecnol&oacute;gica.</p>
<p>El poliuretano y las fibras de ar&aacute;mida usadas aportan una alta resistencia al sobrecalentamiento y a la abrasi&oacute;n ocasionados por fluidos como el aceite de motor, la gasolina y otras grasas t&iacute;picas del c&aacute;rter. El corte lateral del revestimiento se realiza de modo preciso con el objetivo de evitar deformaciones y usuras de medida.</p>
<p>El hilo &laquo;Tetron&raquo;, producto exclusivo Bando, posee una alta resistencia a la dilataci&oacute;n, t&iacute;pica del Stop &amp; Go. Adem&aacute;s, la tensi&oacute;n se distribuye uniformemente a lo largo de toda la correa.</p>
<p>El perfil est&aacute; reforzado con ar&aacute;mida para evitar sobrecalentamiento y deformaciones provocadas por los cambios bruscos de tracci&oacute;n, las altas velocidades...</p>
<p>La estructura interna es de poliuretano, inyectado con alta precisi&oacute;n para obtener una distribuci&oacute;n correcta del material; de este modo la polea no se sufre y se garantiza la estabilidad de todo el sistema de tracci&oacute;n del veh&iacute;culo.</p>","
Correas de transmisión de clase mundial.

Fundada en 1906, BANDO Chemical industries Ltd. es una de las marcas más experimentadas y reconocidas del mundo. Sus soluciones innovadoras y de excelente calidad situan a Bando como la primera opción del cliente. Es colaboradora esencial en el primer equipo de marcas como Kymco o Honda, además de ofrecer soluciones óptimas para una gran variedad de aplicaciones. Su excelencia productiva deriva de la calidad de sus materiales, sus procesos de fabricación y su innovación tecnológica.

El poliuretano y las fibras de arámida usadas aportan una alta resistencia al sobrecalentamiento y a la abrasión ocasionados por fluidos como el aceite de motor, la gasolina y otras grasas típicas del cárter. El corte lateral del revestimiento se realiza de modo preciso con el objetivo de evitar deformaciones y usuras de medida.

El hilo «Tetron», producto exclusivo Bando, posee una alta resistencia a la dilatación, típica del Stop & Go. Además, la tensión se distribuye uniformemente a lo largo de toda la correa.

El perfil está reforzado con arámida para evitar sobrecalentamiento y deformaciones provocadas por los cambios bruscos de tracción, las altas velocidades...

La estructura interna es de poliuretano, inyectado con alta precisión para obtener una distribución correcta del material; de este modo la polea no se sufre y se garantiza la estabilidad de todo el sistema de tracción del vehículo.",VEHICLE PARTS & ACCESSORIES,CHASSIS PARTS,CHAS. BELT,763,156,349,81,27,,,,Estándar,Poliéster,,,https://api.mybihr.com/medias/1042198-1-800Wx800H?context=bWFzdGVyfHJvb3R8MjA0MDh8aW1hZ2UvanBlZ3xhR1kyTDJneVpDODRPVGN3TWpNM09UTTFOalEyTHpFd05ESXhPVGd0TVY4NE1EQlhlRGd3TUVnfDQ3ZGFlODc1NjEyMjI5YThmOWYxN2RlNWQ0MTE0NWVhOWU0MjZlZGMyOTVlZDIzMjY0YjQ0ZjQyNWVmYjFjMGM,,,https://static.bihr.pro/eBihr/Pictures/BANDO-pictures.zip,Spain Warehouse (Parts)
1042215,105502,S02-010,BANDO,BANDO DRIVE BELT STANDARD,Correa de transmision BANDO Premium,48.58,40.15,20.08,105502,49,4010350000,0,1,"<p>Correas de transmisi&oacute;n de clase mundial.</p>
<p>Fundada en 1906, BANDO Chemical industries Ltd. es una de las marcas m&aacute;s experimentadas y reconocidas del mundo. Sus soluciones innovadoras y de excelente calidad situan a Bando como la primera opci&oacute;n del cliente. Es colaboradora esencial en el primer equipo de marcas como Kymco o Honda, adem&aacute;s de ofrecer soluciones &oacute;ptimas para una gran variedad de aplicaciones. Su excelencia productiva deriva de la calidad de sus materiales, sus procesos de fabricaci&oacute;n y su innovaci&oacute;n tecnol&oacute;gica.</p>
<p>El poliuretano y las fibras de ar&aacute;mida usadas aportan una alta resistencia al sobrecalentamiento y a la abrasi&oacute;n ocasionados por fluidos como el aceite de motor, la gasolina y otras grasas t&iacute;picas del c&aacute;rter. El corte lateral del revestimiento se realiza de modo preciso con el objetivo de evitar deformaciones y usuras de medida.</p>
<p>El hilo &laquo;Tetron&raquo;, producto exclusivo Bando, posee una alta resistencia a la dilataci&oacute;n, t&iacute;pica del Stop &amp; Go. Adem&aacute;s, la tensi&oacute;n se distribuye uniformemente a lo largo de toda la correa.</p>
<p>El perfil est&aacute; reforzado con ar&aacute;mida para evitar sobrecalentamiento y deformaciones provocadas por los cambios bruscos de tracci&oacute;n, las altas velocidades...</p>
<p>La estructura interna es de poliuretano, inyectado con alta precisi&oacute;n para obtener una distribuci&oacute;n correcta del material; de este modo la polea no se sufre y se garantiza la estabilidad de todo el sistema de tracci&oacute;n del veh&iacute;culo.</p>","
Correas de transmisión de clase mundial.

Fundada en 1906, BANDO Chemical industries Ltd. es una de las marcas más experimentadas y reconocidas del mundo. Sus soluciones innovadoras y de excelente calidad situan a Bando como la primera opción del cliente. Es colaboradora esencial en el primer equipo de marcas como Kymco o Honda, además de ofrecer soluciones óptimas para una gran variedad de aplicaciones. Su excelencia productiva deriva de la calidad de sus materiales, sus procesos de fabricación y su innovación tecnológica.

El poliuretano y las fibras de arámida usadas aportan una alta resistencia al sobrecalentamiento y a la abrasión ocasionados por fluidos como el aceite de motor, la gasolina y otras grasas típicas del cárter. El corte lateral del revestimiento se realiza de modo preciso con el objetivo de evitar deformaciones y usuras de medida.

El hilo «Tetron», producto exclusivo Bando, posee una alta resistencia a la dilatación, típica del Stop & Go. Además, la tensión se distribuye uniformemente a lo largo de toda la correa.

El perfil está reforzado con arámida para evitar sobrecalentamiento y deformaciones provocadas por los cambios bruscos de tracción, las altas velocidades...

La estructura interna es de poliuretano, inyectado con alta precisión para obtener una distribución correcta del material; de este modo la polea no se sufre y se garantiza la estabilidad de todo el sistema de tracción del vehículo.",VEHICLE PARTS & ACCESSORIES,CHASSIS PARTS,CHAS. BELT,2193,210,390,152,37,,,,Estándar,,,,https://api.mybihr.com/medias/1042215-1-800Wx800H?context=bWFzdGVyfHJvb3R8MjA0MDh8aW1hZ2UvanBlZ3xhRGRqTDJnMllpODRPVGN3TWpReE1qYzNPVGd5THpFd05ESXlNVFV0TVY4NE1EQlhlRGd3TUVnfGJiYjczOGY0NWFkMWZiYTA5ZTM4MzFjZTU4N2JkNjU1ZGYzYjhlZjgxMjY5NDhmOWFmMTQ1Mjg3MzY4NDgwMmY,,,https://static.bihr.pro/eBihr/Pictures/BANDO-pictures.zip,Spain Warehouse (Parts)
1128083,,S05-044,BANDO,BANDO BELT HONDA VISION 110 21-24 E5,Correa de transmision BANDO,42.50,35.12,17.56,S05-044,9,4010350000,0,1,"<p>Correas de transmisión de clase mundial.</p>
<p>Fundada en 1906, BANDO Chemical industries Ltd. es una de las marcas más experimentadas y reconocidas del mundo. Sus soluciones innovadoras y de excelente calidad situan a Bando como la primera opción del cliente. Es colaboradora esencial en el primer equipo de marcas como Kymco o Honda, además de ofrecer soluciones óptimas para una gran variedad de aplicaciones. Su excelencia productiva deriva de la calidad de sus materiales, sus procesos de fabricación y su innovación tecnológica.</p>
<p>El poliuretano y las fibras de arámida usadas aportan una alta resistencia al sobrecalentamiento y a la abrasión ocasionados por fluidos como el aceite de motor, la gasolina y otras grasas típicas del cárter. El corte lateral del revestimiento se realiza de modo preciso con el objetivo de evitar deformaciones y usuras de medida.</p>
<p>El hilo «Tetron», producto exclusivo Bando, posee una alta resistencia a la dilatación, típica del Stop &amp; Go. Además, la tensión se distribuye uniformemente a lo largo de toda la correa.</p>
<p>El perfil está reforzado con arámida para evitar sobrecalentamiento y deformaciones provocadas por los cambios bruscos de tracción, las altas velocidades...</p>
<p>La estructura interna es de poliuretano, inyectado con alta precisión para obtener una distribución correcta del material; de este modo la polea no se sufre y se garantiza la estabilidad de todo el sistema de tracción del vehículo.</p>
<p>&nbsp;</p>
<p>793x20.9x10mm</p>","
Correas de transmisión de clase mundial.

Fundada en 1906, BANDO Chemical industries Ltd. es una de las marcas más experimentadas y reconocidas del mundo. Sus soluciones innovadoras y de excelente calidad situan a Bando como la primera opción del cliente. Es colaboradora esencial en el primer equipo de marcas como Kymco o Honda, además de ofrecer soluciones óptimas para una gran variedad de aplicaciones. Su excelencia productiva deriva de la calidad de sus materiales, sus procesos de fabricación y su innovación tecnológica.

El poliuretano y las fibras de arámida usadas aportan una alta resistencia al sobrecalentamiento y a la abrasión ocasionados por fluidos como el aceite de motor, la gasolina y otras grasas típicas del cárter. El corte lateral del revestimiento se realiza de modo preciso con el objetivo de evitar deformaciones y usuras de medida.

El hilo «Tetron», producto exclusivo Bando, posee una alta resistencia a la dilatación, típica del Stop & Go. Además, la tensión se distribuye uniformemente a lo largo de toda la correa.

El perfil está reforzado con arámida para evitar sobrecalentamiento y deformaciones provocadas por los cambios bruscos de tracción, las altas velocidades...

La estructura interna es de poliuretano, inyectado con alta precisión para obtener una distribución correcta del material; de este modo la polea no se sufre y se garantiza la estabilidad de todo el sistema de tracción del vehículo.

 

793x20.9x10mm",VEHICLE PARTS & ACCESSORIES,CHASSIS PARTS,CHAS. BELT,767,200,355,90,24,,,,Estándar,,,,https://api.mybihr.com/medias/800Wx800H-1128083-1.jpg?context=bWFzdGVyfHJvb3R8MjA0MzV8aW1hZ2UvanBlZ3xhREkzTDJnNFpDODJOamN6TVRZM05EUXpOVFl4TkM4NE1EQlhlRGd3TUVoZk1URXlPREE0TXkweExtcHdad3xmMzQ4OGFhZjZiN2RjOWM1OTA2MThlMTVkYTY1MWFjMDEzNjFjZDM5ZDZhNjI0MTAyZjUxYmM1ODU1MWRlODMw,,,https://static.bihr.pro/eBihr/Pictures/BANDO-pictures.zip,Spain Warehouse (Parts)
1128082,,S05-040,BANDO,BANDO BELT HONDA VISION 110 17-20 E4,Correa de transmision BANDO,39.00,32.23,16.12,S05-040,0,4010350000,0,1,"<p>Correas de transmisión de clase mundial.</p>
<p>Fundada en 1906, BANDO Chemical industries Ltd. es una de las marcas más experimentadas y reconocidas del mundo. Sus soluciones innovadoras y de excelente calidad situan a Bando como la primera opción del cliente. Es colaboradora esencial en el primer equipo de marcas como Kymco o Honda, además de ofrecer soluciones óptimas para una gran variedad de aplicaciones. Su excelencia productiva deriva de la calidad de sus materiales, sus procesos de fabricación y su innovación tecnológica.</p>
<p>El poliuretano y las fibras de arámida usadas aportan una alta resistencia al sobrecalentamiento y a la abrasión ocasionados por fluidos como el aceite de motor, la gasolina y otras grasas típicas del cárter. El corte lateral del revestimiento se realiza de modo preciso con el objetivo de evitar deformaciones y usuras de medida.</p>
<p>El hilo «Tetron», producto exclusivo Bando, posee una alta resistencia a la dilatación, típica del Stop &amp; Go. Además, la tensión se distribuye uniformemente a lo largo de toda la correa.</p>
<p>El perfil está reforzado con arámida para evitar sobrecalentamiento y deformaciones provocadas por los cambios bruscos de tracción, las altas velocidades...</p>
<p>La estructura interna es de poliuretano, inyectado con alta precisión para obtener una distribución correcta del material; de este modo la polea no se sufre y se garantiza la estabilidad de todo el sistema de tracción del vehículo.</p>
<p>&nbsp;</p>
<p>799x19,5x9 mm</p>","
Correas de transmisión de clase mundial.

Fundada en 1906, BANDO Chemical industries Ltd. es una de las marcas más experimentadas y reconocidas del mundo. Sus soluciones innovadoras y de excelente calidad situan a Bando como la primera opción del cliente. Es colaboradora esencial en el primer equipo de marcas como Kymco o Honda, además de ofrecer soluciones óptimas para una gran variedad de aplicaciones. Su excelencia productiva deriva de la calidad de sus materiales, sus procesos de fabricación y su innovación tecnológica.

El poliuretano y las fibras de arámida usadas aportan una alta resistencia al sobrecalentamiento y a la abrasión ocasionados por fluidos como el aceite de motor, la gasolina y otras grasas típicas del cárter. El corte lateral del revestimiento se realiza de modo preciso con el objetivo de evitar deformaciones y usuras de medida.

El hilo «Tetron», producto exclusivo Bando, posee una alta resistencia a la dilatación, típica del Stop & Go. Además, la tensión se distribuye uniformemente a lo largo de toda la correa.

El perfil está reforzado con arámida para evitar sobrecalentamiento y deformaciones provocadas por los cambios bruscos de tracción, las altas velocidades...

La estructura interna es de poliuretano, inyectado con alta precisión para obtener una distribución correcta del material; de este modo la polea no se sufre y se garantiza la estabilidad de todo el sistema de tracción del vehículo.

 

799x19,5x9 mm",VEHICLE PARTS & ACCESSORIES,CHASSIS PARTS,CHAS. BELT,880,154,357,88,28,,,,Estándar,Poliéster,,,https://api.mybihr.com/medias/800Wx800H-1128082-1.jpg?context=bWFzdGVyfHJvb3R8MjA0MzV8aW1hZ2UvanBlZ3xhR0kwTDJnNVlTODJOamN6TVRZM05EQTBNak01T0M4NE1EQlhlRGd3TUVoZk1URXlPREE0TWkweExtcHdad3xmZjA3Y2I4YjdiNWQzNTRkZGY3ZGM1OGE0MzVmMjdkYTkyZWJlMTczYzY3ZmM4MzI3M2ZkMGQ4ZGY0MGQyYjIx,,,https://static.bihr.pro/eBihr/Pictures/BANDO-pictures.zip,Spain Warehouse (Parts)
1128125,,B8-20113,BANDO,BANDO DRIVE BELT STANDARD,Correa de transmision BANDO Premium,202.63,167.46,83.73,B8-20113,1,4010350000,0,1,"<p>Correas de transmisión de clase mundial.</p>
<p>Fundada en 1906, BANDO Chemical industries Ltd. es una de las marcas más experimentadas y reconocidas del mundo. Sus soluciones innovadoras y de excelente calidad situan a Bando como la primera opción del cliente. Es colaboradora esencial en el primer equipo de marcas como Kymco o Honda, además de ofrecer soluciones óptimas para una gran variedad de aplicaciones. Su excelencia productiva deriva de la calidad de sus materiales, sus procesos de fabricación y su innovación tecnológica.</p>
<p>El poliuretano y las fibras de arámida usadas aportan una alta resistencia al sobrecalentamiento y a la abrasión ocasionados por fluidos como el aceite de motor, la gasolina y otras grasas típicas del cárter. El corte lateral del revestimiento se realiza de modo preciso con el objetivo de evitar deformaciones y usuras de medida.</p>
<p>El hilo «Tetron», producto exclusivo Bando, posee una alta resistencia a la dilatación, típica del Stop &amp; Go. Además, la tensión se distribuye uniformemente a lo largo de toda la correa.</p>
<p>El perfil está reforzado con arámida para evitar sobrecalentamiento y deformaciones provocadas por los cambios bruscos de tracción, las altas velocidades...</p>
<p>La estructura interna es de poliuretano, inyectado con alta precisión para obtener una distribución correcta del material; de este modo la polea no se sufre y se garantiza la estabilidad de todo el sistema de tracción del vehículo.</p>","
Correas de transmisión de clase mundial.

Fundada en 1906, BANDO Chemical industries Ltd. es una de las marcas más experimentadas y reconocidas del mundo. Sus soluciones innovadoras y de excelente calidad situan a Bando como la primera opción del cliente. Es colaboradora esencial en el primer equipo de marcas como Kymco o Honda, además de ofrecer soluciones óptimas para una gran variedad de aplicaciones. Su excelencia productiva deriva de la calidad de sus materiales, sus procesos de fabricación y su innovación tecnológica.

El poliuretano y las fibras de arámida usadas aportan una alta resistencia al sobrecalentamiento y a la abrasión ocasionados por fluidos como el aceite de motor, la gasolina y otras grasas típicas del cárter. El corte lateral del revestimiento se realiza de modo preciso con el objetivo de evitar deformaciones y usuras de medida.

El hilo «Tetron», producto exclusivo Bando, posee una alta resistencia a la dilatación, típica del Stop & Go. Además, la tensión se distribuye uniformemente a lo largo de toda la correa.

El perfil está reforzado con arámida para evitar sobrecalentamiento y deformaciones provocadas por los cambios bruscos de tracción, las altas velocidades...

La estructura interna es de poliuretano, inyectado con alta precisión para obtener una distribución correcta del material; de este modo la polea no se sufre y se garantiza la estabilidad de todo el sistema de tracción del vehículo.",VEHICLE PARTS & ACCESSORIES,CHASSIS PARTS,CHAS. BELT,1632,449,396,103,40,,,,Estándar,,,,https://api.mybihr.com/medias/800Wx800H-1128125-1.jpg?context=bWFzdGVyfHJvb3R8MjA0Mzd8aW1hZ2UvanBlZ3xhRGszTDJnNE1pODJOamN6TVRZM05EYzJNekk1TkM4NE1EQlhlRGd3TUVoZk1URXlPREV5TlMweExtcHdad3xiNzg2ZGZiYjBhNTk5MWQ2NWJkZmQxZTk2ZGQzMjBkMjUxZDgwOWVmMWVhYWQxMDdiN2IzZGFiZTE1MjdkNTFi,,,https://static.bihr.pro/eBihr/Pictures/BANDO-pictures.zip,Spain Warehouse (Parts)
1129127,,S18-004,BANDO,BANDO DRIVE BELT,Correa de transmision BANDO,62.92,52.00,26.00,,1,4010350000,0,1,"<p>Correas de transmisión de clase mundial.</p>
<p>Fundada en 1906, BANDO Chemical industries Ltd. es una de las marcas más experimentadas y reconocidas del mundo. Sus soluciones innovadoras y de excelente calidad situan a Bando como la primera opción del cliente. Es colaboradora esencial en el primer equipo de marcas como Kymco o Honda, además de ofrecer soluciones óptimas para una gran variedad de aplicaciones. Su excelencia productiva deriva de la calidad de sus materiales, sus procesos de fabricación y su innovación tecnológica.</p>
<p>El poliuretano y las fibras de arámida usadas aportan una alta resistencia al sobrecalentamiento y a la abrasión ocasionados por fluidos como el aceite de motor, la gasolina y otras grasas típicas del cárter. El corte lateral del revestimiento se realiza de modo preciso con el objetivo de evitar deformaciones y usuras de medida.</p>
<p>El hilo «Tetron», producto exclusivo Bando, posee una alta resistencia a la dilatación, típica del Stop &amp; Go. Además, la tensión se distribuye uniformemente a lo largo de toda la correa.</p>
<p>El perfil está reforzado con arámida para evitar sobrecalentamiento y deformaciones provocadas por los cambios bruscos de tracción, las altas velocidades...</p>
<p>La estructura interna es de poliuretano, inyectado con alta precisión para obtener una distribución correcta del material; de este modo la polea no se sufre y se garantiza la estabilidad de todo el sistema de tracción del vehículo.</p>","
Correas de transmisión de clase mundial.

Fundada en 1906, BANDO Chemical industries Ltd. es una de las marcas más experimentadas y reconocidas del mundo. Sus soluciones innovadoras y de excelente calidad situan a Bando como la primera opción del cliente. Es colaboradora esencial en el primer equipo de marcas como Kymco o Honda, además de ofrecer soluciones óptimas para una gran variedad de aplicaciones. Su excelencia productiva deriva de la calidad de sus materiales, sus procesos de fabricación y su innovación tecnológica.

El poliuretano y las fibras de arámida usadas aportan una alta resistencia al sobrecalentamiento y a la abrasión ocasionados por fluidos como el aceite de motor, la gasolina y otras grasas típicas del cárter. El corte lateral del revestimiento se realiza de modo preciso con el objetivo de evitar deformaciones y usuras de medida.

El hilo «Tetron», producto exclusivo Bando, posee una alta resistencia a la dilatación, típica del Stop & Go. Además, la tensión se distribuye uniformemente a lo largo de toda la correa.

El perfil está reforzado con arámida para evitar sobrecalentamiento y deformaciones provocadas por los cambios bruscos de tracción, las altas velocidades...

La estructura interna es de poliuretano, inyectado con alta precisión para obtener una distribución correcta del material; de este modo la polea no se sufre y se garantiza la estabilidad de todo el sistema de tracción del vehículo.",VEHICLE PARTS & ACCESSORIES,CHASSIS PARTS,CHAS. BELT,1260,250,420,100,30,,,,Estándar,Poliéster,,,https://api.mybihr.com/medias/800Wx800H-1129127-1.jpg?context=bWFzdGVyfHJvb3R8MjA0MzV8aW1hZ2UvanBlZ3xhREkwTDJoallTODJOemc0TkRjME16TXlOemMzTkM4NE1EQlhlRGd3TUVoZk1URXlPVEV5TnkweExtcHdad3w5N2U1YjYzOTkwNWViODgyYWJhMWI4OTI2MDU0YmVjZGFkMTA0MGVmYmZjMTI5Yzg1NTQ0NDBjODFlMzRjZjlm,,,https://static.bihr.pro/eBihr/Pictures/BANDO-pictures.zip,Spain Warehouse (Parts)
1129658,,S09-021,BANDO,BANDO BELT KYMCO 878-20.5-10,Correa de transmision BANDO,60.50,50.00,25.00,S09-021,0,8409910090,0,1,"<p>Correas de transmisión de clase mundial.</p>
<p>Fundada en 1906, BANDO Chemical industries Ltd. es una de las marcas más experimentadas y reconocidas del mundo. Sus soluciones innovadoras y de excelente calidad situan a Bando como la primera opción del cliente. Es colaboradora esencial en el primer equipo de marcas como Kymco o Honda, además de ofrecer soluciones óptimas para una gran variedad de aplicaciones. Su excelencia productiva deriva de la calidad de sus materiales, sus procesos de fabricación y su innovación tecnológica.</p>
<p>El poliuretano y las fibras de arámida usadas aportan una alta resistencia al sobrecalentamiento y a la abrasión ocasionados por fluidos como el aceite de motor, la gasolina y otras grasas típicas del cárter. El corte lateral del revestimiento se realiza de modo preciso con el objetivo de evitar deformaciones y usuras de medida.</p>
<p>El hilo «Tetron», producto exclusivo Bando, posee una alta resistencia a la dilatación, típica del Stop &amp; Go. Además, la tensión se distribuye uniformemente a lo largo de toda la correa.</p>
<p>El perfil está reforzado con arámida para evitar sobrecalentamiento y deformaciones provocadas por los cambios bruscos de tracción, las altas velocidades...</p>
<p>La estructura interna es de poliuretano, inyectado con alta precisión para obtener una distribución correcta del material; de este modo la polea no se sufre y se garantiza la estabilidad de todo el sistema de tracción del vehículo.</p>","
Correas de transmisión de clase mundial.

Fundada en 1906, BANDO Chemical industries Ltd. es una de las marcas más experimentadas y reconocidas del mundo. Sus soluciones innovadoras y de excelente calidad situan a Bando como la primera opción del cliente. Es colaboradora esencial en el primer equipo de marcas como Kymco o Honda, además de ofrecer soluciones óptimas para una gran variedad de aplicaciones. Su excelencia productiva deriva de la calidad de sus materiales, sus procesos de fabricación y su innovación tecnológica.

El poliuretano y las fibras de arámida usadas aportan una alta resistencia al sobrecalentamiento y a la abrasión ocasionados por fluidos como el aceite de motor, la gasolina y otras grasas típicas del cárter. El corte lateral del revestimiento se realiza de modo preciso con el objetivo de evitar deformaciones y usuras de medida.

El hilo «Tetron», producto exclusivo Bando, posee una alta resistencia a la dilatación, típica del Stop & Go. Además, la tensión se distribuye uniformemente a lo largo de toda la correa.

El perfil está reforzado con arámida para evitar sobrecalentamiento y deformaciones provocadas por los cambios bruscos de tracción, las altas velocidades...

La estructura interna es de poliuretano, inyectado con alta precisión para obtener una distribución correcta del material; de este modo la polea no se sufre y se garantiza la estabilidad de todo el sistema de tracción del vehículo.",VEHICLE PARTS & ACCESSORIES,CHASSIS PARTS,CHAS. BELT,936,189,390,96,25,,,,Estándar,,,,https://api.mybihr.com/medias/800Wx800H-1129658-1.jpg?context=bWFzdGVyfHJvb3R8MjA0MTN8aW1hZ2UvanBlZ3xhREJoTDJoa1ppOHhNREF6TlRFek1UYzVOalk0Tnpndk9EQXdWM2c0TURCSVh6RXhNamsyTlRndE1TNXFjR2N8NzA5NmRjYjNkNTc4MDUzZjU4NzAyZDU2NTgwZGFiZTNiMmQ5YjkyNDFlMzE4M2VmY2QyMTg2NmViMjFhNWY1Yw,,,https://static.bihr.pro/eBihr/Pictures/BANDO-pictures.zip,Spain Warehouse (Parts)
1153003,,B4-0714,BANDO,"BANDO BELT PIAGGIO 250/300 922,5-20,8",Correa de transmision BANDO,80.01,66.12,33.06,B4-0714,0,8714109090,0,1,"<p>Correas de transmisión de clase mundial.</p>
<p>Fundada en 1906, BANDO Chemical industries Ltd. es una de las marcas más experimentadas y reconocidas del mundo. Sus soluciones innovadoras y de excelente calidad situan a Bando como la primera opción del cliente. Es colaboradora esencial en el primer equipo de marcas como Kymco o Honda, además de ofrecer soluciones óptimas para una gran variedad de aplicaciones. Su excelencia productiva deriva de la calidad de sus materiales, sus procesos de fabricación y su innovación tecnológica.</p>
<p>El poliuretano y las fibras de arámida usadas aportan una alta resistencia al sobrecalentamiento y a la abrasión ocasionados por fluidos como el aceite de motor, la gasolina y otras grasas típicas del cárter. El corte lateral del revestimiento se realiza de modo preciso con el objetivo de evitar deformaciones y usuras de medida.</p>
<p>El hilo «Tetron», producto exclusivo Bando, posee una alta resistencia a la dilatación, típica del Stop &amp; Go. Además, la tensión se distribuye uniformemente a lo largo de toda la correa.</p>
<p>El perfil está reforzado con arámida para evitar sobrecalentamiento y deformaciones provocadas por los cambios bruscos de tracción, las altas velocidades...</p>
<p>La estructura interna es de poliuretano, inyectado con alta precisión para obtener una distribución correcta del material; de este modo la polea no se sufre y se garantiza la estabilidad de todo el sistema de tracción del vehículo.</p>","
Correas de transmisión de clase mundial.

Fundada en 1906, BANDO Chemical industries Ltd. es una de las marcas más experimentadas y reconocidas del mundo. Sus soluciones innovadoras y de excelente calidad situan a Bando como la primera opción del cliente. Es colaboradora esencial en el primer equipo de marcas como Kymco o Honda, además de ofrecer soluciones óptimas para una gran variedad de aplicaciones. Su excelencia productiva deriva de la calidad de sus materiales, sus procesos de fabricación y su innovación tecnológica.

El poliuretano y las fibras de arámida usadas aportan una alta resistencia al sobrecalentamiento y a la abrasión ocasionados por fluidos como el aceite de motor, la gasolina y otras grasas típicas del cárter. El corte lateral del revestimiento se realiza de modo preciso con el objetivo de evitar deformaciones y usuras de medida.

El hilo «Tetron», producto exclusivo Bando, posee una alta resistencia a la dilatación, típica del Stop & Go. Además, la tensión se distribuye uniformemente a lo largo de toda la correa.

El perfil está reforzado con arámida para evitar sobrecalentamiento y deformaciones provocadas por los cambios bruscos de tracción, las altas velocidades...

La estructura interna es de poliuretano, inyectado con alta precisión para obtener una distribución correcta del material; de este modo la polea no se sufre y se garantiza la estabilidad de todo el sistema de tracción del vehículo.",VEHICLE PARTS & ACCESSORIES,CHASSIS PARTS,CHAS. BELT,1,1,10,10,10,,,,Estándar,,,,https://api.mybihr.com/medias/800Wx800H-1153003-1.jpg?context=bWFzdGVyfHJvb3R8MjA0MTN8aW1hZ2UvanBlZ3xhR0kyTDJneVlTOHhNREF6TlRFek1Ua3dNVFUwTlRRdk9EQXdWM2c0TURCSVh6RXhOVE13TURNdE1TNXFjR2N8NmIxNmYyYjQzNTE5ZjVjZjk5NWFhZmM1NDQyZGNmNjc4MjZmZThlZjc4YzdlNDAyMzU0YzRmN2U0YTcyZjA4ZQ,,,https://static.bihr.pro/eBihr/Pictures/BANDO-pictures.zip,Spain Warehouse (Parts)
1153013,,S09-019,BANDO,"BANDO BELT KYMCO 125 783-19,8",Correa de transmision BANDO,37.99,31.40,15.70,S09-019,0,8714109090,0,1,"<p>Correas de transmisión de clase mundial.</p>
<p>Fundada en 1906, BANDO Chemical industries Ltd. es una de las marcas más experimentadas y reconocidas del mundo. Sus soluciones innovadoras y de excelente calidad situan a Bando como la primera opción del cliente. Es colaboradora esencial en el primer equipo de marcas como Kymco o Honda, además de ofrecer soluciones óptimas para una gran variedad de aplicaciones. Su excelencia productiva deriva de la calidad de sus materiales, sus procesos de fabricación y su innovación tecnológica.</p>
<p>El poliuretano y las fibras de arámida usadas aportan una alta resistencia al sobrecalentamiento y a la abrasión ocasionados por fluidos como el aceite de motor, la gasolina y otras grasas típicas del cárter. El corte lateral del revestimiento se realiza de modo preciso con el objetivo de evitar deformaciones y usuras de medida.</p>
<p>El hilo «Tetron», producto exclusivo Bando, posee una alta resistencia a la dilatación, típica del Stop &amp; Go. Además, la tensión se distribuye uniformemente a lo largo de toda la correa.</p>
<p>El perfil está reforzado con arámida para evitar sobrecalentamiento y deformaciones provocadas por los cambios bruscos de tracción, las altas velocidades...</p>
<p>La estructura interna es de poliuretano, inyectado con alta precisión para obtener una distribución correcta del material; de este modo la polea no se sufre y se garantiza la estabilidad de todo el sistema de tracción del vehículo.</p>","
Correas de transmisión de clase mundial.

Fundada en 1906, BANDO Chemical industries Ltd. es una de las marcas más experimentadas y reconocidas del mundo. Sus soluciones innovadoras y de excelente calidad situan a Bando como la primera opción del cliente. Es colaboradora esencial en el primer equipo de marcas como Kymco o Honda, además de ofrecer soluciones óptimas para una gran variedad de aplicaciones. Su excelencia productiva deriva de la calidad de sus materiales, sus procesos de fabricación y su innovación tecnológica.

El poliuretano y las fibras de arámida usadas aportan una alta resistencia al sobrecalentamiento y a la abrasión ocasionados por fluidos como el aceite de motor, la gasolina y otras grasas típicas del cárter. El corte lateral del revestimiento se realiza de modo preciso con el objetivo de evitar deformaciones y usuras de medida.

El hilo «Tetron», producto exclusivo Bando, posee una alta resistencia a la dilatación, típica del Stop & Go. Además, la tensión se distribuye uniformemente a lo largo de toda la correa.

El perfil está reforzado con arámida para evitar sobrecalentamiento y deformaciones provocadas por los cambios bruscos de tracción, las altas velocidades...

La estructura interna es de poliuretano, inyectado con alta precisión para obtener una distribución correcta del material; de este modo la polea no se sufre y se garantiza la estabilidad de todo el sistema de tracción del vehículo.",VEHICLE PARTS & ACCESSORIES,CHASSIS PARTS,CHAS. BELT,1,1,10,10,10,,,,Estándar,,,,https://api.mybihr.com/medias/800Wx800H-1153013-1.jpg?context=bWFzdGVyfHJvb3R8MjA0MTN8aW1hZ2UvanBlZ3xhRGRrTDJneU1DOHhNREF6TlRFek1qSTVORGMyTVRRdk9EQXdWM2c0TURCSVh6RXhOVE13TVRNdE1TNXFjR2N8NDU5NDAzNmI2YTZkMTlmOGQ3NGEwYzRhN2U3YTVkNjMxNjQ1OWNiOGIxNTFiNTRiYmNiMjdkN2M4NzgwNjhhZg,,,https://static.bihr.pro/eBihr/Pictures/BANDO-pictures.zip,Spain Warehouse (Parts)
1153010,,S05-042,BANDO,"BANDO BELT SH150 20- 928-24,8",Correa de transmision BANDO,35.50,29.34,14.67,S05-042,0,8714109090,0,1,"<p>Correas de transmisión de clase mundial.</p>
<p>Fundada en 1906, BANDO Chemical industries Ltd. es una de las marcas más experimentadas y reconocidas del mundo. Sus soluciones innovadoras y de excelente calidad situan a Bando como la primera opción del cliente. Es colaboradora esencial en el primer equipo de marcas como Kymco o Honda, además de ofrecer soluciones óptimas para una gran variedad de aplicaciones. Su excelencia productiva deriva de la calidad de sus materiales, sus procesos de fabricación y su innovación tecnológica.</p>
<p>El poliuretano y las fibras de arámida usadas aportan una alta resistencia al sobrecalentamiento y a la abrasión ocasionados por fluidos como el aceite de motor, la gasolina y otras grasas típicas del cárter. El corte lateral del revestimiento se realiza de modo preciso con el objetivo de evitar deformaciones y usuras de medida.</p>
<p>El hilo «Tetron», producto exclusivo Bando, posee una alta resistencia a la dilatación, típica del Stop &amp; Go. Además, la tensión se distribuye uniformemente a lo largo de toda la correa.</p>
<p>El perfil está reforzado con arámida para evitar sobrecalentamiento y deformaciones provocadas por los cambios bruscos de tracción, las altas velocidades...</p>
<p>La estructura interna es de poliuretano, inyectado con alta precisión para obtener una distribución correcta del material; de este modo la polea no se sufre y se garantiza la estabilidad de todo el sistema de tracción del vehículo.</p>","
Correas de transmisión de clase mundial.

Fundada en 1906, BANDO Chemical industries Ltd. es una de las marcas más experimentadas y reconocidas del mundo. Sus soluciones innovadoras y de excelente calidad situan a Bando como la primera opción del cliente. Es colaboradora esencial en el primer equipo de marcas como Kymco o Honda, además de ofrecer soluciones óptimas para una gran variedad de aplicaciones. Su excelencia productiva deriva de la calidad de sus materiales, sus procesos de fabricación y su innovación tecnológica.

El poliuretano y las fibras de arámida usadas aportan una alta resistencia al sobrecalentamiento y a la abrasión ocasionados por fluidos como el aceite de motor, la gasolina y otras grasas típicas del cárter. El corte lateral del revestimiento se realiza de modo preciso con el objetivo de evitar deformaciones y usuras de medida.

El hilo «Tetron», producto exclusivo Bando, posee una alta resistencia a la dilatación, típica del Stop & Go. Además, la tensión se distribuye uniformemente a lo largo de toda la correa.

El perfil está reforzado con arámida para evitar sobrecalentamiento y deformaciones provocadas por los cambios bruscos de tracción, las altas velocidades...

La estructura interna es de poliuretano, inyectado con alta precisión para obtener una distribución correcta del material; de este modo la polea no se sufre y se garantiza la estabilidad de todo el sistema de tracción del vehículo.",VEHICLE PARTS & ACCESSORIES,CHASSIS PARTS,CHAS. BELT,1,1,10,10,10,,,,Estándar,,,,https://api.mybihr.com/medias/800Wx800H-1153010-1.jpg?context=bWFzdGVyfHJvb3R8MjA0MTN8aW1hZ2UvanBlZ3xhR1UwTDJnNU1DOHhNREF6TlRFek1qRTNOamM1TmpZdk9EQXdWM2c0TURCSVh6RXhOVE13TVRBdE1TNXFjR2N8ZjQ0MTY5NDRhN2E0YjcwN2YwMmVlMGRkYzU2NjRjMDJjNTVhNjAwYzg2OTgxNWJjZmU0MThhMDM1OTFiOWUyOA,,,https://static.bihr.pro/eBihr/Pictures/BANDO-pictures.zip,Spain Warehouse (Parts)
1153014,,S09-020,BANDO,"BANDO BELT KYMCO 300 887-22,9",Correa de transmision BANDO,75.00,61.98,30.99,S09-020,0,8714109090,0,1,"<p>Correas de transmisión de clase mundial.</p>
<p>Fundada en 1906, BANDO Chemical industries Ltd. es una de las marcas más experimentadas y reconocidas del mundo. Sus soluciones innovadoras y de excelente calidad situan a Bando como la primera opción del cliente. Es colaboradora esencial en el primer equipo de marcas como Kymco o Honda, además de ofrecer soluciones óptimas para una gran variedad de aplicaciones. Su excelencia productiva deriva de la calidad de sus materiales, sus procesos de fabricación y su innovación tecnológica.</p>
<p>El poliuretano y las fibras de arámida usadas aportan una alta resistencia al sobrecalentamiento y a la abrasión ocasionados por fluidos como el aceite de motor, la gasolina y otras grasas típicas del cárter. El corte lateral del revestimiento se realiza de modo preciso con el objetivo de evitar deformaciones y usuras de medida.</p>
<p>El hilo «Tetron», producto exclusivo Bando, posee una alta resistencia a la dilatación, típica del Stop &amp; Go. Además, la tensión se distribuye uniformemente a lo largo de toda la correa.</p>
<p>El perfil está reforzado con arámida para evitar sobrecalentamiento y deformaciones provocadas por los cambios bruscos de tracción, las altas velocidades...</p>
<p>La estructura interna es de poliuretano, inyectado con alta precisión para obtener una distribución correcta del material; de este modo la polea no se sufre y se garantiza la estabilidad de todo el sistema de tracción del vehículo.</p>","
Correas de transmisión de clase mundial.

Fundada en 1906, BANDO Chemical industries Ltd. es una de las marcas más experimentadas y reconocidas del mundo. Sus soluciones innovadoras y de excelente calidad situan a Bando como la primera opción del cliente. Es colaboradora esencial en el primer equipo de marcas como Kymco o Honda, además de ofrecer soluciones óptimas para una gran variedad de aplicaciones. Su excelencia productiva deriva de la calidad de sus materiales, sus procesos de fabricación y su innovación tecnológica.

El poliuretano y las fibras de arámida usadas aportan una alta resistencia al sobrecalentamiento y a la abrasión ocasionados por fluidos como el aceite de motor, la gasolina y otras grasas típicas del cárter. El corte lateral del revestimiento se realiza de modo preciso con el objetivo de evitar deformaciones y usuras de medida.

El hilo «Tetron», producto exclusivo Bando, posee una alta resistencia a la dilatación, típica del Stop & Go. Además, la tensión se distribuye uniformemente a lo largo de toda la correa.

El perfil está reforzado con arámida para evitar sobrecalentamiento y deformaciones provocadas por los cambios bruscos de tracción, las altas velocidades...

La estructura interna es de poliuretano, inyectado con alta precisión para obtener una distribución correcta del material; de este modo la polea no se sufre y se garantiza la estabilidad de todo el sistema de tracción del vehículo.",VEHICLE PARTS & ACCESSORIES,CHASSIS PARTS,CHAS. BELT,1,1,10,10,10,,,,Estándar,,,,https://api.mybihr.com/medias/800Wx800H-1153014-1.jpg?context=bWFzdGVyfHJvb3R8MjA0MTN8aW1hZ2UvanBlZ3xhR05sTDJnek5DOHhNREF6TlRFek1qTXpOREE0TXpBdk9EQXdWM2c0TURCSVh6RXhOVE13TVRRdE1TNXFjR2N8ZjM3MThkNDBmNjRlYTM4ZGIwMzQ2Y2I5NmJlN2Y5N2NmNjZkOTcyOTYzNDdiNTgxYWMxMjUyN2U1OTg3MWYwNQ,,,https://static.bihr.pro/eBihr/Pictures/BANDO-pictures.zip,Spain Warehouse (Parts)
1153002,,B2-1798,BANDO,"BANDO BELT XMAX 400 894-27,7",Correa de transmision BANDO,149.50,123.55,61.78,B2-1798,0,8714109090,0,1,"<p>Correas de transmisión de clase mundial.</p>
<p>Fundada en 1906, BANDO Chemical industries Ltd. es una de las marcas más experimentadas y reconocidas del mundo. Sus soluciones innovadoras y de excelente calidad situan a Bando como la primera opción del cliente. Es colaboradora esencial en el primer equipo de marcas como Kymco o Honda, además de ofrecer soluciones óptimas para una gran variedad de aplicaciones. Su excelencia productiva deriva de la calidad de sus materiales, sus procesos de fabricación y su innovación tecnológica.</p>
<p>El poliuretano y las fibras de arámida usadas aportan una alta resistencia al sobrecalentamiento y a la abrasión ocasionados por fluidos como el aceite de motor, la gasolina y otras grasas típicas del cárter. El corte lateral del revestimiento se realiza de modo preciso con el objetivo de evitar deformaciones y usuras de medida.</p>
<p>El hilo «Tetron», producto exclusivo Bando, posee una alta resistencia a la dilatación, típica del Stop &amp; Go. Además, la tensión se distribuye uniformemente a lo largo de toda la correa.</p>
<p>El perfil está reforzado con arámida para evitar sobrecalentamiento y deformaciones provocadas por los cambios bruscos de tracción, las altas velocidades...</p>
<p>La estructura interna es de poliuretano, inyectado con alta precisión para obtener una distribución correcta del material; de este modo la polea no se sufre y se garantiza la estabilidad de todo el sistema de tracción del vehículo.</p>","
Correas de transmisión de clase mundial.

Fundada en 1906, BANDO Chemical industries Ltd. es una de las marcas más experimentadas y reconocidas del mundo. Sus soluciones innovadoras y de excelente calidad situan a Bando como la primera opción del cliente. Es colaboradora esencial en el primer equipo de marcas como Kymco o Honda, además de ofrecer soluciones óptimas para una gran variedad de aplicaciones. Su excelencia productiva deriva de la calidad de sus materiales, sus procesos de fabricación y su innovación tecnológica.

El poliuretano y las fibras de arámida usadas aportan una alta resistencia al sobrecalentamiento y a la abrasión ocasionados por fluidos como el aceite de motor, la gasolina y otras grasas típicas del cárter. El corte lateral del revestimiento se realiza de modo preciso con el objetivo de evitar deformaciones y usuras de medida.

El hilo «Tetron», producto exclusivo Bando, posee una alta resistencia a la dilatación, típica del Stop & Go. Además, la tensión se distribuye uniformemente a lo largo de toda la correa.

El perfil está reforzado con arámida para evitar sobrecalentamiento y deformaciones provocadas por los cambios bruscos de tracción, las altas velocidades...

La estructura interna es de poliuretano, inyectado con alta precisión para obtener una distribución correcta del material; de este modo la polea no se sufre y se garantiza la estabilidad de todo el sistema de tracción del vehículo.",VEHICLE PARTS & ACCESSORIES,CHASSIS PARTS,CHAS. BELT,1,1,10,10,10,,,,Estándar,,,,https://api.mybihr.com/medias/800Wx800H-1153002-1.jpg?context=bWFzdGVyfHJvb3R8MjA0MTN8aW1hZ2UvanBlZ3xhR1ZtTDJnM1ppOHhNREF6TlRFek1UZzJNakl5TXpndk9EQXdWM2c0TURCSVh6RXhOVE13TURJdE1TNXFjR2N8Y2M0M2FlNjE2NmQyZTcwMzFiOTYyMDFhZGFkMTMxMzNlMDFhZGY4ZjhjMGEzZGNkZTFjYmRjZTU5ODVkOWJmMA,,,https://static.bihr.pro/eBihr/Pictures/BANDO-pictures.zip,Spain Warehouse (Parts)
1153004,,B8-1471,BANDO,"BANDO BELT SYM 300 902-23,4",Correa de transmision BANDO,130.00,107.44,53.72,B8-1471,0,8714109090,0,1,"<p>Correas de transmisión de clase mundial.</p>
<p>Fundada en 1906, BANDO Chemical industries Ltd. es una de las marcas más experimentadas y reconocidas del mundo. Sus soluciones innovadoras y de excelente calidad situan a Bando como la primera opción del cliente. Es colaboradora esencial en el primer equipo de marcas como Kymco o Honda, además de ofrecer soluciones óptimas para una gran variedad de aplicaciones. Su excelencia productiva deriva de la calidad de sus materiales, sus procesos de fabricación y su innovación tecnológica.</p>
<p>El poliuretano y las fibras de arámida usadas aportan una alta resistencia al sobrecalentamiento y a la abrasión ocasionados por fluidos como el aceite de motor, la gasolina y otras grasas típicas del cárter. El corte lateral del revestimiento se realiza de modo preciso con el objetivo de evitar deformaciones y usuras de medida.</p>
<p>El hilo «Tetron», producto exclusivo Bando, posee una alta resistencia a la dilatación, típica del Stop &amp; Go. Además, la tensión se distribuye uniformemente a lo largo de toda la correa.</p>
<p>El perfil está reforzado con arámida para evitar sobrecalentamiento y deformaciones provocadas por los cambios bruscos de tracción, las altas velocidades...</p>
<p>La estructura interna es de poliuretano, inyectado con alta precisión para obtener una distribución correcta del material; de este modo la polea no se sufre y se garantiza la estabilidad de todo el sistema de tracción del vehículo.</p>","
Correas de transmisión de clase mundial.

Fundada en 1906, BANDO Chemical industries Ltd. es una de las marcas más experimentadas y reconocidas del mundo. Sus soluciones innovadoras y de excelente calidad situan a Bando como la primera opción del cliente. Es colaboradora esencial en el primer equipo de marcas como Kymco o Honda, además de ofrecer soluciones óptimas para una gran variedad de aplicaciones. Su excelencia productiva deriva de la calidad de sus materiales, sus procesos de fabricación y su innovación tecnológica.

El poliuretano y las fibras de arámida usadas aportan una alta resistencia al sobrecalentamiento y a la abrasión ocasionados por fluidos como el aceite de motor, la gasolina y otras grasas típicas del cárter. El corte lateral del revestimiento se realiza de modo preciso con el objetivo de evitar deformaciones y usuras de medida.

El hilo «Tetron», producto exclusivo Bando, posee una alta resistencia a la dilatación, típica del Stop & Go. Además, la tensión se distribuye uniformemente a lo largo de toda la correa.

El perfil está reforzado con arámida para evitar sobrecalentamiento y deformaciones provocadas por los cambios bruscos de tracción, las altas velocidades...

La estructura interna es de poliuretano, inyectado con alta precisión para obtener una distribución correcta del material; de este modo la polea no se sufre y se garantiza la estabilidad de todo el sistema de tracción del vehículo.",VEHICLE PARTS & ACCESSORIES,CHASSIS PARTS,CHAS. BELT,1,1,10,10,10,,,,Estándar,,,,https://api.mybihr.com/medias/800Wx800H-1153004-1.jpg?context=bWFzdGVyfHJvb3R8MjA0MTN8aW1hZ2UvanBlZ3xhREk0TDJneFpDOHhNREF6TlRFek1UazBNRGcyTnpBdk9EQXdWM2c0TURCSVh6RXhOVE13TURRdE1TNXFjR2N8Yzg3NTNhYjhkMTUyODA5MWY5Y2MyYzUxMTBiYmY1OTEzODliNGU3NjVlYjg0Y2M5ZjIxMTc0ZmVjMzdjYzhiZg,,,https://static.bihr.pro/eBihr/Pictures/BANDO-pictures.zip,Spain Warehouse (Parts)
1153011,,S05-046,BANDO,BANDO BELT FORZA 125 21- 917-25,Correa de transmision BANDO,43.50,35.95,17.98,S05-046,0,8714109090,0,1,"<p>Correas de transmisión de clase mundial.</p>
<p>Fundada en 1906, BANDO Chemical industries Ltd. es una de las marcas más experimentadas y reconocidas del mundo. Sus soluciones innovadoras y de excelente calidad situan a Bando como la primera opción del cliente. Es colaboradora esencial en el primer equipo de marcas como Kymco o Honda, además de ofrecer soluciones óptimas para una gran variedad de aplicaciones. Su excelencia productiva deriva de la calidad de sus materiales, sus procesos de fabricación y su innovación tecnológica.</p>
<p>El poliuretano y las fibras de arámida usadas aportan una alta resistencia al sobrecalentamiento y a la abrasión ocasionados por fluidos como el aceite de motor, la gasolina y otras grasas típicas del cárter. El corte lateral del revestimiento se realiza de modo preciso con el objetivo de evitar deformaciones y usuras de medida.</p>
<p>El hilo «Tetron», producto exclusivo Bando, posee una alta resistencia a la dilatación, típica del Stop &amp; Go. Además, la tensión se distribuye uniformemente a lo largo de toda la correa.</p>
<p>El perfil está reforzado con arámida para evitar sobrecalentamiento y deformaciones provocadas por los cambios bruscos de tracción, las altas velocidades...</p>
<p>La estructura interna es de poliuretano, inyectado con alta precisión para obtener una distribución correcta del material; de este modo la polea no se sufre y se garantiza la estabilidad de todo el sistema de tracción del vehículo.</p>","
Correas de transmisión de clase mundial.

Fundada en 1906, BANDO Chemical industries Ltd. es una de las marcas más experimentadas y reconocidas del mundo. Sus soluciones innovadoras y de excelente calidad situan a Bando como la primera opción del cliente. Es colaboradora esencial en el primer equipo de marcas como Kymco o Honda, además de ofrecer soluciones óptimas para una gran variedad de aplicaciones. Su excelencia productiva deriva de la calidad de sus materiales, sus procesos de fabricación y su innovación tecnológica.

El poliuretano y las fibras de arámida usadas aportan una alta resistencia al sobrecalentamiento y a la abrasión ocasionados por fluidos como el aceite de motor, la gasolina y otras grasas típicas del cárter. El corte lateral del revestimiento se realiza de modo preciso con el objetivo de evitar deformaciones y usuras de medida.

El hilo «Tetron», producto exclusivo Bando, posee una alta resistencia a la dilatación, típica del Stop & Go. Además, la tensión se distribuye uniformemente a lo largo de toda la correa.

El perfil está reforzado con arámida para evitar sobrecalentamiento y deformaciones provocadas por los cambios bruscos de tracción, las altas velocidades...

La estructura interna es de poliuretano, inyectado con alta precisión para obtener una distribución correcta del material; de este modo la polea no se sufre y se garantiza la estabilidad de todo el sistema de tracción del vehículo.",VEHICLE PARTS & ACCESSORIES,CHASSIS PARTS,CHAS. BELT,1,1,10,10,10,,,,Estándar,,,,https://api.mybihr.com/medias/800Wx800H-1153011-1.jpg?context=bWFzdGVyfHJvb3R8MjA0MTN8aW1hZ2UvanBlZ3xhRGs0TDJnellpOHhNREF6TlRFek1qSXhOakV4T0RJdk9EQXdWM2c0TURCSVh6RXhOVE13TVRFdE1TNXFjR2N8MjQ4MmIyODk1MGVjMmM0ODJjM2FkZTQwMWU1YjcyNzQ2YWNlNmJkODliYzJkNDYxMmU0Mzk4MGMxNTdlYzhkNw,,,https://static.bihr.pro/eBihr/Pictures/BANDO-pictures.zip,Spain Warehouse (Parts)
1153008,,S04-024,BANDO,"BANDO BELT VESPA 125 3V 721-19,6",Correa de transmision BANDO,34.50,28.51,14.26,S04-024,0,8714109090,0,1,"<p>Correas de transmisión de clase mundial.</p>
<p>Fundada en 1906, BANDO Chemical industries Ltd. es una de las marcas más experimentadas y reconocidas del mundo. Sus soluciones innovadoras y de excelente calidad situan a Bando como la primera opción del cliente. Es colaboradora esencial en el primer equipo de marcas como Kymco o Honda, además de ofrecer soluciones óptimas para una gran variedad de aplicaciones. Su excelencia productiva deriva de la calidad de sus materiales, sus procesos de fabricación y su innovación tecnológica.</p>
<p>El poliuretano y las fibras de arámida usadas aportan una alta resistencia al sobrecalentamiento y a la abrasión ocasionados por fluidos como el aceite de motor, la gasolina y otras grasas típicas del cárter. El corte lateral del revestimiento se realiza de modo preciso con el objetivo de evitar deformaciones y usuras de medida.</p>
<p>El hilo «Tetron», producto exclusivo Bando, posee una alta resistencia a la dilatación, típica del Stop &amp; Go. Además, la tensión se distribuye uniformemente a lo largo de toda la correa.</p>
<p>El perfil está reforzado con arámida para evitar sobrecalentamiento y deformaciones provocadas por los cambios bruscos de tracción, las altas velocidades...</p>
<p>La estructura interna es de poliuretano, inyectado con alta precisión para obtener una distribución correcta del material; de este modo la polea no se sufre y se garantiza la estabilidad de todo el sistema de tracción del vehículo.</p>","
Correas de transmisión de clase mundial.

Fundada en 1906, BANDO Chemical industries Ltd. es una de las marcas más experimentadas y reconocidas del mundo. Sus soluciones innovadoras y de excelente calidad situan a Bando como la primera opción del cliente. Es colaboradora esencial en el primer equipo de marcas como Kymco o Honda, además de ofrecer soluciones óptimas para una gran variedad de aplicaciones. Su excelencia productiva deriva de la calidad de sus materiales, sus procesos de fabricación y su innovación tecnológica.

El poliuretano y las fibras de arámida usadas aportan una alta resistencia al sobrecalentamiento y a la abrasión ocasionados por fluidos como el aceite de motor, la gasolina y otras grasas típicas del cárter. El corte lateral del revestimiento se realiza de modo preciso con el objetivo de evitar deformaciones y usuras de medida.

El hilo «Tetron», producto exclusivo Bando, posee una alta resistencia a la dilatación, típica del Stop & Go. Además, la tensión se distribuye uniformemente a lo largo de toda la correa.

El perfil está reforzado con arámida para evitar sobrecalentamiento y deformaciones provocadas por los cambios bruscos de tracción, las altas velocidades...

La estructura interna es de poliuretano, inyectado con alta precisión para obtener una distribución correcta del material; de este modo la polea no se sufre y se garantiza la estabilidad de todo el sistema de tracción del vehículo.",VEHICLE PARTS & ACCESSORIES,CHASSIS PARTS,CHAS. BELT,1,1,10,10,10,,,,Estándar,,,,https://api.mybihr.com/medias/800Wx800H-1153008-1.jpg?context=bWFzdGVyfHJvb3R8MjA0MTN8aW1hZ2UvanBlZ3xhR0ZpTDJobU15OHhNREF6TlRFek1qQTVPREUxTXpRdk9EQXdWM2c0TURCSVh6RXhOVE13TURndE1TNXFjR2N8YjdlODEzMDczNWZlY2YyMGQxZDFjNGQzYjRjNzVlY2RkNDI0YmE1MDA1M2VmOTZlOTVlNTQ4MTg1NjA1MDRlMA,,,https://static.bihr.pro/eBihr/Pictures/BANDO-pictures.zip,Spain Warehouse (Parts)
1153001,,B1-20114,BANDO,"BANDO BELT BURGMAN 400 977-25,9",Correa de transmision BANDO,179.00,147.93,73.97,B1-20114,0,8714109090,0,1,"<p>Correas de transmisión de clase mundial.</p>
<p>Fundada en 1906, BANDO Chemical industries Ltd. es una de las marcas más experimentadas y reconocidas del mundo. Sus soluciones innovadoras y de excelente calidad situan a Bando como la primera opción del cliente. Es colaboradora esencial en el primer equipo de marcas como Kymco o Honda, además de ofrecer soluciones óptimas para una gran variedad de aplicaciones. Su excelencia productiva deriva de la calidad de sus materiales, sus procesos de fabricación y su innovación tecnológica.</p>
<p>El poliuretano y las fibras de arámida usadas aportan una alta resistencia al sobrecalentamiento y a la abrasión ocasionados por fluidos como el aceite de motor, la gasolina y otras grasas típicas del cárter. El corte lateral del revestimiento se realiza de modo preciso con el objetivo de evitar deformaciones y usuras de medida.</p>
<p>El hilo «Tetron», producto exclusivo Bando, posee una alta resistencia a la dilatación, típica del Stop &amp; Go. Además, la tensión se distribuye uniformemente a lo largo de toda la correa.</p>
<p>El perfil está reforzado con arámida para evitar sobrecalentamiento y deformaciones provocadas por los cambios bruscos de tracción, las altas velocidades...</p>
<p>La estructura interna es de poliuretano, inyectado con alta precisión para obtener una distribución correcta del material; de este modo la polea no se sufre y se garantiza la estabilidad de todo el sistema de tracción del vehículo.</p>","
Correas de transmisión de clase mundial.

Fundada en 1906, BANDO Chemical industries Ltd. es una de las marcas más experimentadas y reconocidas del mundo. Sus soluciones innovadoras y de excelente calidad situan a Bando como la primera opción del cliente. Es colaboradora esencial en el primer equipo de marcas como Kymco o Honda, además de ofrecer soluciones óptimas para una gran variedad de aplicaciones. Su excelencia productiva deriva de la calidad de sus materiales, sus procesos de fabricación y su innovación tecnológica.

El poliuretano y las fibras de arámida usadas aportan una alta resistencia al sobrecalentamiento y a la abrasión ocasionados por fluidos como el aceite de motor, la gasolina y otras grasas típicas del cárter. El corte lateral del revestimiento se realiza de modo preciso con el objetivo de evitar deformaciones y usuras de medida.

El hilo «Tetron», producto exclusivo Bando, posee una alta resistencia a la dilatación, típica del Stop & Go. Además, la tensión se distribuye uniformemente a lo largo de toda la correa.

El perfil está reforzado con arámida para evitar sobrecalentamiento y deformaciones provocadas por los cambios bruscos de tracción, las altas velocidades...

La estructura interna es de poliuretano, inyectado con alta precisión para obtener una distribución correcta del material; de este modo la polea no se sufre y se garantiza la estabilidad de todo el sistema de tracción del vehículo.",VEHICLE PARTS & ACCESSORIES,CHASSIS PARTS,CHAS. BELT,1,1,10,10,10,,,,Estándar,,,,https://api.mybihr.com/medias/800Wx800H-1153001-1.jpg?context=bWFzdGVyfHJvb3R8MjA0MTN8aW1hZ2UvanBlZ3xhRGhtTDJnNFpDOHhNREF6TlRFek1UZ3lNamt3TWpJdk9EQXdWM2c0TURCSVh6RXhOVE13TURFdE1TNXFjR2N8ZDA1MmNhZjQyMTdlZjY4ODZlYjIzMzNiMmUzYTA4NzNkNTNjMTQwNGE3ZTE0M2Y4NjhkYmNkNzY2ZWE2ODg4Mg,,,https://static.bihr.pro/eBihr/Pictures/BANDO-pictures.zip,Spain Warehouse (Parts)
1153009,,S04-025,BANDO,"BANDO BELT VESPA/MEDLEY 792-22,6",Correa de transmision BANDO,40.00,33.06,16.53,S04-025,0,8714109090,0,1,"<p>Correas de transmisión de clase mundial.</p>
<p>Fundada en 1906, BANDO Chemical industries Ltd. es una de las marcas más experimentadas y reconocidas del mundo. Sus soluciones innovadoras y de excelente calidad situan a Bando como la primera opción del cliente. Es colaboradora esencial en el primer equipo de marcas como Kymco o Honda, además de ofrecer soluciones óptimas para una gran variedad de aplicaciones. Su excelencia productiva deriva de la calidad de sus materiales, sus procesos de fabricación y su innovación tecnológica.</p>
<p>El poliuretano y las fibras de arámida usadas aportan una alta resistencia al sobrecalentamiento y a la abrasión ocasionados por fluidos como el aceite de motor, la gasolina y otras grasas típicas del cárter. El corte lateral del revestimiento se realiza de modo preciso con el objetivo de evitar deformaciones y usuras de medida.</p>
<p>El hilo «Tetron», producto exclusivo Bando, posee una alta resistencia a la dilatación, típica del Stop &amp; Go. Además, la tensión se distribuye uniformemente a lo largo de toda la correa.</p>
<p>El perfil está reforzado con arámida para evitar sobrecalentamiento y deformaciones provocadas por los cambios bruscos de tracción, las altas velocidades...</p>
<p>La estructura interna es de poliuretano, inyectado con alta precisión para obtener una distribución correcta del material; de este modo la polea no se sufre y se garantiza la estabilidad de todo el sistema de tracción del vehículo.</p>","
Correas de transmisión de clase mundial.

Fundada en 1906, BANDO Chemical industries Ltd. es una de las marcas más experimentadas y reconocidas del mundo. Sus soluciones innovadoras y de excelente calidad situan a Bando como la primera opción del cliente. Es colaboradora esencial en el primer equipo de marcas como Kymco o Honda, además de ofrecer soluciones óptimas para una gran variedad de aplicaciones. Su excelencia productiva deriva de la calidad de sus materiales, sus procesos de fabricación y su innovación tecnológica.

El poliuretano y las fibras de arámida usadas aportan una alta resistencia al sobrecalentamiento y a la abrasión ocasionados por fluidos como el aceite de motor, la gasolina y otras grasas típicas del cárter. El corte lateral del revestimiento se realiza de modo preciso con el objetivo de evitar deformaciones y usuras de medida.

El hilo «Tetron», producto exclusivo Bando, posee una alta resistencia a la dilatación, típica del Stop & Go. Además, la tensión se distribuye uniformemente a lo largo de toda la correa.

El perfil está reforzado con arámida para evitar sobrecalentamiento y deformaciones provocadas por los cambios bruscos de tracción, las altas velocidades...

La estructura interna es de poliuretano, inyectado con alta precisión para obtener una distribución correcta del material; de este modo la polea no se sufre y se garantiza la estabilidad de todo el sistema de tracción del vehículo.",VEHICLE PARTS & ACCESSORIES,CHASSIS PARTS,CHAS. BELT,1,1,10,10,10,,,,Estándar,,,,https://api.mybihr.com/medias/800Wx800H-1153009-1.jpg?context=bWFzdGVyfHJvb3R8MjA0MTN8aW1hZ2UvanBlZ3xhRGN5TDJnNVpTOHhNREF6TlRFek1qRXpOelEzTlRBdk9EQXdWM2c0TURCSVh6RXhOVE13TURrdE1TNXFjR2N8NThmZDA5NjEwYWQ5NDJmMWE3NzM1YjhmZjQxMjllNDcxYjFmZWRmZjU1MGRjMjFkMDM2ODQ1MWVhZmYwNDM5Nw,,,https://static.bihr.pro/eBihr/Pictures/BANDO-pictures.zip,Spain Warehouse (Parts)
1153005,,B8-1473,BANDO,"BANDO BELT KYMCO/SYM 300 978-23,2",Correa de transmision BANDO,157.00,129.75,64.88,B8-1473,0,8714109090,0,1,"<p>Correas de transmisión de clase mundial.</p>
<p>Fundada en 1906, BANDO Chemical industries Ltd. es una de las marcas más experimentadas y reconocidas del mundo. Sus soluciones innovadoras y de excelente calidad situan a Bando como la primera opción del cliente. Es colaboradora esencial en el primer equipo de marcas como Kymco o Honda, además de ofrecer soluciones óptimas para una gran variedad de aplicaciones. Su excelencia productiva deriva de la calidad de sus materiales, sus procesos de fabricación y su innovación tecnológica.</p>
<p>El poliuretano y las fibras de arámida usadas aportan una alta resistencia al sobrecalentamiento y a la abrasión ocasionados por fluidos como el aceite de motor, la gasolina y otras grasas típicas del cárter. El corte lateral del revestimiento se realiza de modo preciso con el objetivo de evitar deformaciones y usuras de medida.</p>
<p>El hilo «Tetron», producto exclusivo Bando, posee una alta resistencia a la dilatación, típica del Stop &amp; Go. Además, la tensión se distribuye uniformemente a lo largo de toda la correa.</p>
<p>El perfil está reforzado con arámida para evitar sobrecalentamiento y deformaciones provocadas por los cambios bruscos de tracción, las altas velocidades...</p>
<p>La estructura interna es de poliuretano, inyectado con alta precisión para obtener una distribución correcta del material; de este modo la polea no se sufre y se garantiza la estabilidad de todo el sistema de tracción del vehículo.</p>","
Correas de transmisión de clase mundial.

Fundada en 1906, BANDO Chemical industries Ltd. es una de las marcas más experimentadas y reconocidas del mundo. Sus soluciones innovadoras y de excelente calidad situan a Bando como la primera opción del cliente. Es colaboradora esencial en el primer equipo de marcas como Kymco o Honda, además de ofrecer soluciones óptimas para una gran variedad de aplicaciones. Su excelencia productiva deriva de la calidad de sus materiales, sus procesos de fabricación y su innovación tecnológica.

El poliuretano y las fibras de arámida usadas aportan una alta resistencia al sobrecalentamiento y a la abrasión ocasionados por fluidos como el aceite de motor, la gasolina y otras grasas típicas del cárter. El corte lateral del revestimiento se realiza de modo preciso con el objetivo de evitar deformaciones y usuras de medida.

El hilo «Tetron», producto exclusivo Bando, posee una alta resistencia a la dilatación, típica del Stop & Go. Además, la tensión se distribuye uniformemente a lo largo de toda la correa.

El perfil está reforzado con arámida para evitar sobrecalentamiento y deformaciones provocadas por los cambios bruscos de tracción, las altas velocidades...

La estructura interna es de poliuretano, inyectado con alta precisión para obtener una distribución correcta del material; de este modo la polea no se sufre y se garantiza la estabilidad de todo el sistema de tracción del vehículo.",VEHICLE PARTS & ACCESSORIES,CHASSIS PARTS,CHAS. BELT,1,1,10,10,10,,,,Estándar,,,,https://api.mybihr.com/medias/800Wx800H-1153005-1.jpg?context=bWFzdGVyfHJvb3R8MjA0MTN8aW1hZ2UvanBlZ3xhRGc0TDJnd1ppOHhNREF6TlRFek1UazRNREU0T0RZdk9EQXdWM2c0TURCSVh6RXhOVE13TURVdE1TNXFjR2N8NjI2NGNhZjUzMzk0OGE1MjljZDQ2Yjk2ZmU0MGUxNDg5NGQyYmRmZDc2ZWQ3ODQ5ZGU5ZGJlOWI0MjRiY2M2Mw,,,https://static.bihr.pro/eBihr/Pictures/BANDO-pictures.zip,Spain Warehouse (Parts)
1153007,,S02-022,BANDO,BANDO BELT TRICITY 125/150 887-25,Correa de transmision BANDO,47.50,39.26,19.63,S02-022,0,8714109090,0,1,"<p>Correas de transmisión de clase mundial.</p>
<p>Fundada en 1906, BANDO Chemical industries Ltd. es una de las marcas más experimentadas y reconocidas del mundo. Sus soluciones innovadoras y de excelente calidad situan a Bando como la primera opción del cliente. Es colaboradora esencial en el primer equipo de marcas como Kymco o Honda, además de ofrecer soluciones óptimas para una gran variedad de aplicaciones. Su excelencia productiva deriva de la calidad de sus materiales, sus procesos de fabricación y su innovación tecnológica.</p>
<p>El poliuretano y las fibras de arámida usadas aportan una alta resistencia al sobrecalentamiento y a la abrasión ocasionados por fluidos como el aceite de motor, la gasolina y otras grasas típicas del cárter. El corte lateral del revestimiento se realiza de modo preciso con el objetivo de evitar deformaciones y usuras de medida.</p>
<p>El hilo «Tetron», producto exclusivo Bando, posee una alta resistencia a la dilatación, típica del Stop &amp; Go. Además, la tensión se distribuye uniformemente a lo largo de toda la correa.</p>
<p>El perfil está reforzado con arámida para evitar sobrecalentamiento y deformaciones provocadas por los cambios bruscos de tracción, las altas velocidades...</p>
<p>La estructura interna es de poliuretano, inyectado con alta precisión para obtener una distribución correcta del material; de este modo la polea no se sufre y se garantiza la estabilidad de todo el sistema de tracción del vehículo.</p>","
Correas de transmisión de clase mundial.

Fundada en 1906, BANDO Chemical industries Ltd. es una de las marcas más experimentadas y reconocidas del mundo. Sus soluciones innovadoras y de excelente calidad situan a Bando como la primera opción del cliente. Es colaboradora esencial en el primer equipo de marcas como Kymco o Honda, además de ofrecer soluciones óptimas para una gran variedad de aplicaciones. Su excelencia productiva deriva de la calidad de sus materiales, sus procesos de fabricación y su innovación tecnológica.

El poliuretano y las fibras de arámida usadas aportan una alta resistencia al sobrecalentamiento y a la abrasión ocasionados por fluidos como el aceite de motor, la gasolina y otras grasas típicas del cárter. El corte lateral del revestimiento se realiza de modo preciso con el objetivo de evitar deformaciones y usuras de medida.

El hilo «Tetron», producto exclusivo Bando, posee una alta resistencia a la dilatación, típica del Stop & Go. Además, la tensión se distribuye uniformemente a lo largo de toda la correa.

El perfil está reforzado con arámida para evitar sobrecalentamiento y deformaciones provocadas por los cambios bruscos de tracción, las altas velocidades...

La estructura interna es de poliuretano, inyectado con alta precisión para obtener una distribución correcta del material; de este modo la polea no se sufre y se garantiza la estabilidad de todo el sistema de tracción del vehículo.",VEHICLE PARTS & ACCESSORIES,CHASSIS PARTS,CHAS. BELT,1,1,10,10,10,,,,Estándar,,,,https://api.mybihr.com/medias/800Wx800H-1153007-1.jpg?context=bWFzdGVyfHJvb3R8MjA0MTN8aW1hZ2UvanBlZ3xhR0kwTDJobVpTOHhNREF6TlRFek1qQTFPRGd6TVRndk9EQXdWM2c0TURCSVh6RXhOVE13TURjdE1TNXFjR2N8ZjJmOWU1MDI0OWRlNmQxM2I4MzE0YWI5NzVmNThkN2RmODhiZDE1NzhiNjc5MjE4ZDYxZWE0ZDVhNjZkMzYxOQ,,,https://static.bihr.pro/eBihr/Pictures/BANDO-pictures.zip,Spain Warehouse (Parts)
1153006,,B8-1680,BANDO,"BANDO BELT KYMCO 400 978-30,8",Correa de transmision BANDO,200.00,165.29,82.65,B8-1680,0,8714109090,0,1,"<p>Correas de transmisión de clase mundial.</p>
<p>Fundada en 1906, BANDO Chemical industries Ltd. es una de las marcas más experimentadas y reconocidas del mundo. Sus soluciones innovadoras y de excelente calidad situan a Bando como la primera opción del cliente. Es colaboradora esencial en el primer equipo de marcas como Kymco o Honda, además de ofrecer soluciones óptimas para una gran variedad de aplicaciones. Su excelencia productiva deriva de la calidad de sus materiales, sus procesos de fabricación y su innovación tecnológica.</p>
<p>El poliuretano y las fibras de arámida usadas aportan una alta resistencia al sobrecalentamiento y a la abrasión ocasionados por fluidos como el aceite de motor, la gasolina y otras grasas típicas del cárter. El corte lateral del revestimiento se realiza de modo preciso con el objetivo de evitar deformaciones y usuras de medida.</p>
<p>El hilo «Tetron», producto exclusivo Bando, posee una alta resistencia a la dilatación, típica del Stop &amp; Go. Además, la tensión se distribuye uniformemente a lo largo de toda la correa.</p>
<p>El perfil está reforzado con arámida para evitar sobrecalentamiento y deformaciones provocadas por los cambios bruscos de tracción, las altas velocidades...</p>
<p>La estructura interna es de poliuretano, inyectado con alta precisión para obtener una distribución correcta del material; de este modo la polea no se sufre y se garantiza la estabilidad de todo el sistema de tracción del vehículo.</p>","
Correas de transmisión de clase mundial.

Fundada en 1906, BANDO Chemical industries Ltd. es una de las marcas más experimentadas y reconocidas del mundo. Sus soluciones innovadoras y de excelente calidad situan a Bando como la primera opción del cliente. Es colaboradora esencial en el primer equipo de marcas como Kymco o Honda, además de ofrecer soluciones óptimas para una gran variedad de aplicaciones. Su excelencia productiva deriva de la calidad de sus materiales, sus procesos de fabricación y su innovación tecnológica.

El poliuretano y las fibras de arámida usadas aportan una alta resistencia al sobrecalentamiento y a la abrasión ocasionados por fluidos como el aceite de motor, la gasolina y otras grasas típicas del cárter. El corte lateral del revestimiento se realiza de modo preciso con el objetivo de evitar deformaciones y usuras de medida.

El hilo «Tetron», producto exclusivo Bando, posee una alta resistencia a la dilatación, típica del Stop & Go. Además, la tensión se distribuye uniformemente a lo largo de toda la correa.

El perfil está reforzado con arámida para evitar sobrecalentamiento y deformaciones provocadas por los cambios bruscos de tracción, las altas velocidades...

La estructura interna es de poliuretano, inyectado con alta precisión para obtener una distribución correcta del material; de este modo la polea no se sufre y se garantiza la estabilidad de todo el sistema de tracción del vehículo.",VEHICLE PARTS & ACCESSORIES,CHASSIS PARTS,CHAS. BELT,1,1,10,10,10,,,,Estándar,,,,https://api.mybihr.com/medias/800Wx800H-1153006-1.jpg?context=bWFzdGVyfHJvb3R8MjA0MTN8aW1hZ2UvanBlZ3xhREkyTDJobU1TOHhNREF6TlRFek1qQXhPVFV4TURJdk9EQXdWM2c0TURCSVh6RXhOVE13TURZdE1TNXFjR2N8YmRjMjM2MjdmYzllNzc5MGJiYjczOTRlOTA1MWQxOTc1ZDZiNmViMWQ1ZTBhNzJiODM2NzRlMDNmMWQwNDdlNw,,,https://static.bihr.pro/eBihr/Pictures/BANDO-pictures.zip,Spain Warehouse (Parts)
1153012,,S08-028,BANDO,"BANDO BELT SYMPHONY ST 125 874-20,6",Correa de transmision BANDO,53.49,44.21,22.11,S08-028,0,8714109090,0,1,"<p>Correas de transmisión de clase mundial.</p>
<p>Fundada en 1906, BANDO Chemical industries Ltd. es una de las marcas más experimentadas y reconocidas del mundo. Sus soluciones innovadoras y de excelente calidad situan a Bando como la primera opción del cliente. Es colaboradora esencial en el primer equipo de marcas como Kymco o Honda, además de ofrecer soluciones óptimas para una gran variedad de aplicaciones. Su excelencia productiva deriva de la calidad de sus materiales, sus procesos de fabricación y su innovación tecnológica.</p>
<p>El poliuretano y las fibras de arámida usadas aportan una alta resistencia al sobrecalentamiento y a la abrasión ocasionados por fluidos como el aceite de motor, la gasolina y otras grasas típicas del cárter. El corte lateral del revestimiento se realiza de modo preciso con el objetivo de evitar deformaciones y usuras de medida.</p>
<p>El hilo «Tetron», producto exclusivo Bando, posee una alta resistencia a la dilatación, típica del Stop &amp; Go. Además, la tensión se distribuye uniformemente a lo largo de toda la correa.</p>
<p>El perfil está reforzado con arámida para evitar sobrecalentamiento y deformaciones provocadas por los cambios bruscos de tracción, las altas velocidades...</p>
<p>La estructura interna es de poliuretano, inyectado con alta precisión para obtener una distribución correcta del material; de este modo la polea no se sufre y se garantiza la estabilidad de todo el sistema de tracción del vehículo.</p>","
Correas de transmisión de clase mundial.

Fundada en 1906, BANDO Chemical industries Ltd. es una de las marcas más experimentadas y reconocidas del mundo. Sus soluciones innovadoras y de excelente calidad situan a Bando como la primera opción del cliente. Es colaboradora esencial en el primer equipo de marcas como Kymco o Honda, además de ofrecer soluciones óptimas para una gran variedad de aplicaciones. Su excelencia productiva deriva de la calidad de sus materiales, sus procesos de fabricación y su innovación tecnológica.

El poliuretano y las fibras de arámida usadas aportan una alta resistencia al sobrecalentamiento y a la abrasión ocasionados por fluidos como el aceite de motor, la gasolina y otras grasas típicas del cárter. El corte lateral del revestimiento se realiza de modo preciso con el objetivo de evitar deformaciones y usuras de medida.

El hilo «Tetron», producto exclusivo Bando, posee una alta resistencia a la dilatación, típica del Stop & Go. Además, la tensión se distribuye uniformemente a lo largo de toda la correa.

El perfil está reforzado con arámida para evitar sobrecalentamiento y deformaciones provocadas por los cambios bruscos de tracción, las altas velocidades...

La estructura interna es de poliuretano, inyectado con alta precisión para obtener una distribución correcta del material; de este modo la polea no se sufre y se garantiza la estabilidad de todo el sistema de tracción del vehículo.",VEHICLE PARTS & ACCESSORIES,CHASSIS PARTS,CHAS. BELT,1,1,10,10,10,,,,Estándar,,,,https://api.mybihr.com/medias/800Wx800H-1153012-1.jpg?context=bWFzdGVyfHJvb3R8MjA0MTN8aW1hZ2UvanBlZ3xhREJoTDJneVpTOHhNREF6TlRFek1qSTFOVFF6T1Rndk9EQXdWM2c0TURCSVh6RXhOVE13TVRJdE1TNXFjR2N8N2I5M2M1OTVhZTA0ODJjYzgyODY4NGEwYmQ5M2I2Zjc0YTE2MjNmYzA1OWFiNDc4NDcxNDI2MWIxNjFkZTdhNQ,,,https://static.bihr.pro/eBihr/Pictures/BANDO-pictures.zip,Spain Warehouse (Parts)
