PartNumber,OldPartNumber,SupplierProductCode,Brand,ProductName,Designation,RetailPriceIncludingTax,RetailPriceExcludingTax,BaseDealerPriceExcludingTax,BarCode,StockValue,CommodityCode,OnDemand,DropShipping,HtmlDescription,Description,Category1,Category2,Category3,V-Acabado,V-Color,V-Tamaño,Volume (cm³),Weight (g),Length (mm),Width (mm),Height (mm),Acabado de la tapa del silenciador,Acabado del silenciador de escape,Acabado del tubo,Aumento de potencia (+HP),Color,Embalaje,Género,Homologación,Homologación de emisiones acústicas,Peso (kg),Posición,Talla,Picture1,Picture2,Picture3,Picture4,Picture5,Picture6,Picture7,Picture8,Picture9,Picture10,Picture11,AllPicturesZIP,Document1,Document2,Document3,DeliveryPlant
8006903001,,192095-L,YOSHIMURA US,"YOSHI TEE COMP MOTORS, BLK, L",YOSHIMURA Competition Motors T-Shirt - Black,61.49,50.82,38.12,840025910324,1,6109100010,0,1,<p>Over five decades ago Yoshimura Japan started to really come on the scene with a reputation to create magic with 4 stroke engines. This shirt celebrates the heritage of the Yoshimura brand. Water based inks provide a nice feel on a premium cotton blank.</p>,"
Over five decades ago Yoshimura Japan started to really come on the scene with a reputation to create magic with 4 stroke engines. This shirt celebrates the heritage of the Yoshimura brand. Water based inks provide a nice feel on a premium cotton blank.",RIDER GEAR,SPORTSWEAR,SPORTSWEAR T-SHIRT,,Negro,L,3320,161,263,263,48,,,,,Negro,,,,,,,L,https://api.mybihr.com/medias/8006903001-1-800Wx800H?context=bWFzdGVyfHJvb3R8NjMwNzF8aW1hZ2UvanBlZ3xhREUyTDJoaU5TOHhNakUwTVRZd01Ea3pNVGczTUM4NE1EQTJPVEF6TURBeExURmZPREF3VjNnNE1EQkl8ODM4MTgwMjYyY2NlOTdmMjFkMjk2Nzk2MjRmNTZmN2MxMzQ0NDY3ODdhMDU5NTM2M2JhOGM0YmQyZjY4NzMyYg,https://api.mybihr.com/medias/8006903001-2-800Wx800H?context=bWFzdGVyfHJvb3R8ODI3NTd8aW1hZ2UvanBlZ3xhR0ZtTDJobU5TOHhNakUwTVRZd01UTXlOVEE0Tmk4NE1EQTJPVEF6TURBeExUSmZPREF3VjNnNE1EQkl8YjNlMjNhMmZkNGVkZDhhZTVkYmFkZTk2YmY5OGFiNGFkMTE5YTEwNThiNmRkZDUzZWM5ZDhjY2U2MDg3MmQ4Yw,https://api.mybihr.com/medias/8006903001-3-800Wx800H?context=bWFzdGVyfHJvb3R8Njk2MDh8aW1hZ2UvanBlZ3xhREl5TDJobE9DOHhNakUwTVRZd01UY3hPRE13TWk4NE1EQTJPVEF6TURBeExUTmZPREF3VjNnNE1EQkl8YThiNDlkMTAxZjI4NGJmMTc2NjMyYTQ1MWUyYzBjMjU4YzEwOTFjZjVhNTdhYmEzOTc5MmQ0OTFmY2Q5NzU1Yg,https://api.mybihr.com/medias/8006903001-4-800Wx800H?context=bWFzdGVyfHJvb3R8NTk3NjB8aW1hZ2UvanBlZ3xhR1EyTDJnNU1pOHhNakUwTVRZd01qRXhNVFV4T0M4NE1EQTJPVEF6TURBeExUUmZPREF3VjNnNE1EQkl8OTZiOTA3MDFiYzI0OTk5YTMxM2RjNmRiZmY5ODY2YTFhYjIxNjM1MTA2YjhjZGJmMjRiYTRkZWZmZTI4NGM0YQ,https://api.mybihr.com/medias/8006903001-5-800Wx800H?context=bWFzdGVyfHJvb3R8ODQ1MDJ8aW1hZ2UvanBlZ3xhRFE0TDJnNE5TOHhNakUwTVRZd01qVXdORGN6TkM4NE1EQTJPVEF6TURBeExUVmZPREF3VjNnNE1EQkl8NTBlMDRmYTYzZmU2NWYzYmJhYWViNDIyMmU3ZTQ4N2M5ZTc2ZDRhMjViYzBlZDJlNzcyYWZkY2Y5Y2VlNzQxYQ,,,,,,,https://static.bihr.pro/eBihr/Pictures/YOSHIMURA_US-pictures.zip,,,,Spain Warehouse (Parts)
8006903003,,192095-S,YOSHIMURA US,"YOSHI TEE COMP MOTORS, BLK, S",YOSHIMURA Competition Motors T-Shirt - Black,50.42,41.67,31.25,840025910300,1,6109100010,0,1,<p>Over five decades ago Yoshimura Japan started to really come on the scene with a reputation to create magic with 4 stroke engines. This shirt celebrates the heritage of the Yoshimura brand. Water based inks provide a nice feel on a premium cotton blank.</p>,"
Over five decades ago Yoshimura Japan started to really come on the scene with a reputation to create magic with 4 stroke engines. This shirt celebrates the heritage of the Yoshimura brand. Water based inks provide a nice feel on a premium cotton blank.",RIDER GEAR,SPORTSWEAR,SPORTSWEAR T-SHIRT,,Negro,S,2852,131,267,267,40,,,,,Negro,,,,,,,S,https://api.mybihr.com/medias/8006903003-1-800Wx800H?context=bWFzdGVyfHJvb3R8NjMwNzF8aW1hZ2UvanBlZ3xhREl4TDJoaFlTOHhNakUwTVRVNU5qazVPVGN4TUM4NE1EQTJPVEF6TURBekxURmZPREF3VjNnNE1EQkl8NTVhMTRjM2JhMGFhN2E2OWU1M2YyMWU4Yzc5MTZjOWEwNmY0OWU4MDIyNTFjMTgxZWM5OWU5MTBlNzNhMTkwMA,https://api.mybihr.com/medias/8006903003-2-800Wx800H?context=bWFzdGVyfHJvb3R8ODI3NTd8aW1hZ2UvanBlZ3xhR1ExTDJnMU5DOHhNakUwTVRVNU56TTVNamt5Tmk4NE1EQTJPVEF6TURBekxUSmZPREF3VjNnNE1EQkl8MzBjNDk2N2Q3MDk4ZmFlMmFjYjhjYzUwMTVhNzdiNTE4NGNiOGZkZmYzNzQ0ZjEwNDFkNGRjMDBlZDJiZjRlMA,https://api.mybihr.com/medias/8006903003-3-800Wx800H?context=bWFzdGVyfHJvb3R8Njk2MDh8aW1hZ2UvanBlZ3xhRFEzTDJnME55OHhNakUwTVRVNU56YzROakUwTWk4NE1EQTJPVEF6TURBekxUTmZPREF3VjNnNE1EQkl8YWI3NmRlZjgxMjU3OTBiM2NiOTFiNDZkYzM4YmM4OTBmODAyOGI1MDY0YzMxYTViMjQ4ZTQ1NTJkOGNhZTRhYQ,https://api.mybihr.com/medias/8006903003-4-800Wx800H?context=bWFzdGVyfHJvb3R8NTk3NjB8aW1hZ2UvanBlZ3xhR1l4TDJnd1pDOHhNakUwTVRVNU9ERTNPVE0xT0M4NE1EQTJPVEF6TURBekxUUmZPREF3VjNnNE1EQkl8OGE1ZDYxMTA0ODEyMzU3ZThhM2IyMzA2M2I0NWM5MDUzZDg2MDdkN2JiN2Q4M2I0ZjhhODYzMTZiN2NlNWU4Zg,https://api.mybihr.com/medias/8006903003-5-800Wx800H?context=bWFzdGVyfHJvb3R8ODQ1MDJ8aW1hZ2UvanBlZ3xhRGt4TDJneFlpOHhNakUwTVRVNU9EVTNNalUzTkM4NE1EQTJPVEF6TURBekxUVmZPREF3VjNnNE1EQkl8NzZiOTY3ZGRhN2JiNzBlMjlhMGMxZjcyM2JhMWRlZmYzNGZjOTYxMWVkYmNhNmUzMGRiNWNjZGE5NzQwMWQ5Ng,,,,,,,https://static.bihr.pro/eBihr/Pictures/YOSHIMURA_US-pictures.zip,,,,Spain Warehouse (Parts)
1124362,,192076,YOSHIMURA US,YOSHI TEAM TRUCKER HAT,Gorra YOSHIMURA Team Snapback Trucker,50.42,41.67,31.25,840025907942,0,6505003000,0,1,<p>Vuelve a los 80 con esta gorra de camionero ventilada. Parche grande completo de la vieja escuela como el que sol&iacute;an llevar en los podios.</p>,"
Vuelve a los 80 con esta gorra de camionero ventilada. Parche grande completo de la vieja escuela como el que solían llevar en los podios.",RIDER GEAR,SPORTSWEAR,SPORTSWEAR HEAD,,,,5274,110,218,189,128,,,,,Negro,,Mixto,,,,,,https://api.mybihr.com/medias/800Wx800H-1124362-1.jpg?context=bWFzdGVyfHJvb3R8NDQwMjN8aW1hZ2UvanBlZ3xhRGMyTDJnNVlTODBPVEV3TXpZd016VTJORFUzTkM4NE1EQlhlRGd3TUVoZk1URXlORE0yTWkweExtcHdad3xiMDU5NmRjMjYxMjFlNTBlMjI5YTAxMmU2YjlmODE2OTdjMTM3OTM0MDBkNDFmNTJiMGJmMjgwYmI5YzI2YzE2,https://api.mybihr.com/medias/800Wx800H-1124362-2.jpg?context=bWFzdGVyfHJvb3R8MzM5MDh8aW1hZ2UvanBlZ3xhR1U0TDJnNFl5ODBPVEV3TXpZd016azFOemM1TUM4NE1EQlhlRGd3TUVoZk1URXlORE0yTWkweUxtcHdad3w1OTc0Y2U0N2EyYjMyZTEzZTVmNGQ3YjdmMGQwYjY5NzI5YjQyYzE0Y2I4MDA0YWQ0OTg3ZmUwZTY4M2MwYmVj,https://api.mybihr.com/medias/800Wx800H-1124362-3.jpg?context=bWFzdGVyfHJvb3R8MTY0ODR8aW1hZ2UvanBlZ3xhRGxqTDJnek55ODBPVEV3TXpZd05ETTFNVEF3Tmk4NE1EQlhlRGd3TUVoZk1URXlORE0yTWkwekxtcHdad3w0Y2Q2Zjc2ZDExZDA2MjYzYTA3NDFkZjA1NTZkOGMzNzdlNmE2NmFlYWU0ZmVjNjQxYTZkYzg5NGE4MzI5YWZl,https://api.mybihr.com/medias/800Wx800H-1124362-4.jpg?context=bWFzdGVyfHJvb3R8MzIxNjl8aW1hZ2UvanBlZ3xhREJsTDJneVlTODBPVEV3TXpZd05EYzBOREl5TWk4NE1EQlhlRGd3TUVoZk1URXlORE0yTWkwMExtcHdad3w2MTliMTE1MDYyMTM2NjJiNTcwMDM5N2EzMmNiNjAxNjA2YWU0MTQ3MjM4ZjIyODEyYzVmZTU3YWJkYTE1YTdl,https://api.mybihr.com/medias/800Wx800H-1124362-5.jpg?context=bWFzdGVyfHJvb3R8MTk1Mzh8aW1hZ2UvanBlZ3xhREpoTDJneVlpODBPVEV3TXpZd05URXpOelF6T0M4NE1EQlhlRGd3TUVoZk1URXlORE0yTWkwMUxtcHdad3xmNDlhMDM4Yzg3MzJjYzg4Y2Y2MGE1ZmYzZGI3Y2M0MzEzMmU2ZjRjZjM1MjUxMGI0ZWNkM2YwMzMwZDIwNDRi,,,,,,,https://static.bihr.pro/eBihr/Pictures/YOSHIMURA_US-pictures.zip,,,,Spain Warehouse (Parts)
1124364,,192112,YOSHIMURA US,YOSHI WOVEN BEANIE,Gorro YOSHIMURA Woven,50.42,41.67,31.25,840025912830,0,6505003000,0,1,"<p>Ya est&aacute; aqu&iacute; nuestro nuevo Gorro Woven, justo a tiempo para los d&iacute;as de oto&ntilde;o y las fr&iacute;as noches de invierno. Esta obra maestra tejida de alta calidad puede enrollarse hacia abajo o hacia arriba seg&uacute;n el aspecto que quieras conseguir. Tejido grueso 100% acr&iacute;lico.</p>","
Ya está aquí nuestro nuevo Gorro Woven, justo a tiempo para los días de otoño y las frías noches de invierno. Esta obra maestra tejida de alta calidad puede enrollarse hacia abajo o hacia arriba según el aspecto que quieras conseguir. Tejido grueso 100% acrílico.",RIDER GEAR,SPORTSWEAR,SPORTSWEAR HEAD,,,,1039,106,199,116,45,,,,,,,,,,,,,https://api.mybihr.com/medias/800Wx800H-1124364-1.jpg?context=bWFzdGVyfHJvb3R8NTY2Mjh8aW1hZ2UvanBlZ3xhRGRtTDJobVlTODBPVEV6TWpnek5qazBOVGsxTUM4NE1EQlhlRGd3TUVoZk1URXlORE0yTkMweExtcHdad3w3ZGRhYzViYzBhYzBjM2Y2NzgzYmJlNjRiMzM1MmMwNDRhNDFlMWE3YmEwOWIxYWUxYWZiYjgzMTljZjBkYzI0,https://api.mybihr.com/medias/800Wx800H-1124364-2.jpg?context=bWFzdGVyfHJvb3R8NTM3Mjl8aW1hZ2UvanBlZ3xhREF6TDJoaFl5ODBPVEV6TWpnek56RTBNalUxT0M4NE1EQlhlRGd3TUVoZk1URXlORE0yTkMweUxtcHdad3wyZWM4ZTg1ODVlYmNkZjFmNjhiNjUyNmQ5MjgyN2Y3ZWE4YTIzNmE5OTBlYzQ3MTc5ZmM5OGIzYTNjZWI5NDU2,,,,,,,,,,https://static.bihr.pro/eBihr/Pictures/YOSHIMURA_US-pictures.zip,,,,Spain Warehouse (Parts)
1060719,757069,N-RIVET,YOSHIMURA US,YOSHI SPAREPARTS RIVET,Remache para placa con logo Yoshimura del Silencioso (por unidad),2.00,1.65,1.24,N-RIVET,0,8714104000,0,1,"<p justify>*El producto puede variar según la aplicación.</p><p justify> </p><p justify>Se requiere un remache individual para la sustitución de la placa.</p><p justify> </p><ul><li left>Remache de cierre de aluminio de 3/16"" x 1/8"".</li><li left>Vendido por unidad</li></ul>","
*El producto puede variar según la aplicación.
 
Se requiere un remache individual para la sustitución de la placa.
 Remache de cierre de aluminio de 3/16"" x 1/8"".Vendido por unidad",VEHICLE PARTS & ACCESSORIES,ACCESSORIES,ACC. EXHAUST,,,,2,10,40,10,4,,,,,,,,,,,,,https://api.mybihr.com/medias/1060719-1-800Wx800H?context=bWFzdGVyfHJvb3R8MTM1MjE2fGltYWdlL2pwZWd8YUdNeEwyZzJPUzg0T1RjeU9USXpOVE0xTXprd0x6RXdOakEzTVRrdE1WODRNREJYZURnd01FZ3wzOGZlMzU3ZWVkMzlmOGJmZDc3NThhMjU2OGUxOTNiNDZiZTdhYTQ0MDJkM2JiY2NmMTY2MmE5MDhmZTZmYmVh,,,,,,,,,,,https://static.bihr.pro/eBihr/Pictures/YOSHIMURA_US-pictures.zip,,,,Spain Warehouse (Parts)
1060743,757074,SA-03-K,YOSHIMURA US,YOSHI SPAREPARTS DB KILLER RS2,Protector antichispas para Silencioso Yoshimura RS-2,59.50,49.17,36.88,SA-03-K,0,8714104000,0,1,"<p justify>*El producto puede variar según la aplicación.</p><p justify> </p><ul><li left>Protector antichispas de recambio para los silenciadores off-road RS-2, aprobado por el USFS (Servicio Forestal de los Estados Unidos).</li><li left>Disponible como protector antichispas opcional en aplicaciones no equipadas de origen con protector antichispas.</li><li justify>El kit incluye:<ul><li left>Pieza protector antichispas</li><li left>Brida de cierre</li><li left>Kit de tornillos</li></ul></li></ul><p> </p><p><iframe src=//www.youtube.com/embed/m8WhKb width=100% height=314"" allowfullscreen=allowfullscreen></iframe></p>","
*El producto puede variar según la aplicación.
 Protector antichispas de recambio para los silenciadores off-road RS-2, aprobado por el USFS (Servicio Forestal de los Estados Unidos).Disponible como protector antichispas opcional en aplicaciones no equipadas de origen con protector antichispas.El kit incluye:Pieza protector antichispasBrida de cierreKit de tornillos
 
",VEHICLE PARTS & ACCESSORIES,ACCESSORIES,ACC. EXHAUST,,,,819,163,225,70,52,,,,,,,,,,,,,https://api.mybihr.com/medias/800Wx800H-1060743-1.jpg?context=bWFzdGVyfHJvb3R8MzAzNjB8aW1hZ2UvanBlZ3xhRFZqTDJoaE1DOHpNekV6TWpNMk16RTFNelF6T0M4NE1EQlhlRGd3TUVoZk1UQTJNRGMwTXkweExtcHdad3w2YzA4ZGFmZDFiYWNiMzZhYzM0MWQ0NDcyYjE4NWFiYzRlZTljNTg0Nzk5MjFmM2I0M2Y4ZDM0MmIyOGU0ZjJl,,,,,,,,,,,https://static.bihr.pro/eBihr/Pictures/YOSHIMURA_US-pictures.zip,,,,Spain Warehouse (Parts)
1060744,76036237,SA-04-K,YOSHIMURA US,YOSHI SPAREPARTS DB KILLER RS4,db killer para escape yoshimura RS4,59.50,49.17,36.88,SA-04-K,1,8708923500,0,1,"<p justify>*El producto puede variar según la aplicación.</p><p justify> </p><ul><li>Protector antichispas de recambio para los silenciadores off-road RS-4, aprobado por el USFS (Servicio Forestal de los Estados Unidos).</li><li left>Disponible como protector antichispas opcional en aplicaciones no equipadas de origen con protector antichispas.</li><li left>El kit incluye:</li><ul><li left>Pieza protector antichispas</li><li left>Brida de cierre</li><li left>Kit de tornillos</li></ul></ul><p> </p><p><iframe src=//www.youtube.com/embed/m8WhKb width=100% height=314"" allowfullscreen=allowfullscreen></iframe></p>","
*El producto puede variar según la aplicación.
 Protector antichispas de recambio para los silenciadores off-road RS-4, aprobado por el USFS (Servicio Forestal de los Estados Unidos).Disponible como protector antichispas opcional en aplicaciones no equipadas de origen con protector antichispas.El kit incluye:Pieza protector antichispasBrida de cierreKit de tornillos
 
",VEHICLE PARTS & ACCESSORIES,ACCESSORIES,ACC. EXHAUST,,,,742,146,173,78,55,,,,,,,,,,,,,https://api.mybihr.com/medias/800Wx800H-1060744-1.jpg?context=bWFzdGVyfHJvb3R8Mjc0MDZ8aW1hZ2UvanBlZ3xhR05tTDJnNU1pOHpNekV6TWpNMk16VTBOalkxTkM4NE1EQlhlRGd3TUVoZk1UQTJNRGMwTkMweExtcHdad3xjNTY1NTIyYWEyZDI2YzNiYTdhYWNkYzIwYWQ2MTBkZTcxNmI5YTMzNGQwNGFmOTU3MDNmMzBjOTQ0MWUyNjFl,,,,,,,,,,,https://static.bihr.pro/eBihr/Pictures/YOSHIMURA_US-pictures.zip,,,,Spain Warehouse (Parts)
1060749,76036301,SA-14-K,YOSHIMURA US,YOSHI SPAREPARTS DB KILLER RS9,"dB-killer para Silencioso Yoshimura RS-9, Honda CRF450R",59.50,49.17,36.88,SA-14-K,2,8708923500,0,1,"<p justify>*El producto puede variar según la aplicación.</p><p justify> </p><ul><li>Recambio para el kit de insonorizadores de los silenciadores RS-9</li><li> Sin protector antichispas</li><li>Disponible como kit opcional en aplicaciones que requieran restricciones acústicas diferentes</li><li>La reducción de los decibelios depende de la aplicación</li><li>El kit incluye:<br><ul><li>Tubo insonorizador</li><li>Brida de cierre</li><li>Kit de tornillos</li></ul></li></ul><p> </p><p><iframe src=//www.youtube.com/embed/m8WhKb width=100% height=314"" allowfullscreen=allowfullscreen></iframe></p>","
*El producto puede variar según la aplicación.
 Recambio para el kit de insonorizadores de los silenciadores RS-9 Sin protector antichispasDisponible como kit opcional en aplicaciones que requieran restricciones acústicas diferentesLa reducción de los decibelios depende de la aplicaciónEl kit incluye:Tubo insonorizadorBrida de cierreKit de tornillos
 
",VEHICLE PARTS & ACCESSORIES,ACCESSORIES,ACC. EXHAUST,,,,416,86,151,53,52,,,,,,,,,,,,,https://api.mybihr.com/medias/800Wx800H-1060749-1.jpg?context=bWFzdGVyfHJvb3R8MjM3NjF8aW1hZ2UvanBlZ3xhRGN4TDJnME1DOHpNekV6TWpNMk5UVXhNamN6TkM4NE1EQlhlRGd3TUVoZk1UQTJNRGMwT1MweExtcHdad3w2ZDQwNDg2ZTdkODQyZDJjYTRkYjdkY2IzZDVlYjY1ZDQ2ZmVjODgzNTFlODRlMGRmODU3YmY0NDdlNDJlYTJi,,,,,,,,,,,https://static.bihr.pro/eBihr/Pictures/YOSHIMURA_US-pictures.zip,,,,Spain Warehouse (Parts)
1060633,7020003300,2115-HS,YOSHIMURA US,YOSHI SPAREPARTS HEADER HEATSHIELD,Protector térmico Yoshimura,44.50,36.78,27.59,2115-HS,4,8714109090,0,1,"<p justify>*El producto puede variar según la aplicación.</p><p justify><br>¡Las protecciones térmicas también se llevan lo suyo! Por eso ofrecemos protecciones de repuesto, que se atornillan a la perfección y mantienen tu sistema Yoshimura en perfecto estado.</p>","
*El producto puede variar según la aplicación.
¡Las protecciones térmicas también se llevan lo suyo! Por eso ofrecemos protecciones de repuesto, que se atornillan a la perfección y mantienen tu sistema Yoshimura en perfecto estado.",VEHICLE PARTS & ACCESSORIES,ACCESSORIES,ACC. EXHAUST,,,,665,64,201,58,57,,,Acero inoxidable,,,,,,,,,,https://api.mybihr.com/medias/1060633-1-800Wx800H?context=bWFzdGVyfHJvb3R8ODQ1MjN8aW1hZ2UvanBlZ3xhR0V4TDJnMk1TODRPVGN5T1RBM05UYzNNemMwTHpFd05qQTJNek10TVY4NE1EQlhlRGd3TUVnfDdkNTFjMDhkYjNhMTEwYTI5MjIwMTRmMzk1NWFmYTk4MjExNWU4N2RhNjBmYmRiMzkxZDhmMzhmYTA2Njk2MDI,,,,,,,,,,,https://static.bihr.pro/eBihr/Pictures/YOSHIMURA_US-pictures.zip,,,,Spain Warehouse (Parts)
1060664,757091,22842-104F,YOSHIMURA US,YOSHI SPAREPARTS HEADER,Colector de acero inoxidable Yoshimura RS-9 para Honda CRF250R,252.89,209.00,150.75,22842-104F,1,8714104000,0,1,"<p justify>*El producto puede variar según la aplicación.</p><p justify><br>Admitámoslo, las motos son propensas a quedarse aparcadas y chocar con obstáculos grandes e inamovibles. Muchas veces, tu colector Yoshimura es el componente que se lleva la peor parte. Tenemos colectores de repuesto para que puedas volver a la carga.</p>","
*El producto puede variar según la aplicación.
Admitámoslo, las motos son propensas a quedarse aparcadas y chocar con obstáculos grandes e inamovibles. Muchas veces, tu colector Yoshimura es el componente que se lleva la peor parte. Tenemos colectores de repuesto para que puedas volver a la carga.",VEHICLE PARTS & ACCESSORIES,ACCESSORIES,ACC. EXHAUST,,,,1282,42,131,103,95,,,,,,,,,,,,,https://api.mybihr.com/medias/800Wx800H-1060664-1.jpg?context=bWFzdGVyfHJvb3R8NDU4MjZ8aW1hZ2UvanBlZ3xhREJqTDJnM1l5ODROemt6TmprMk1EUTJNamczT0M4NE1EQlhlRGd3TUVoZk1UQTJNRFkyTkMweExtcHdad3xjOGRlNDRjZjg4NDc1ZDhlNDlmMjYzOTMwNzFmY2UzMmMzNWViMjRlMWQwMGU3MTRlOTA2ZjQ2M2Q3ZGJkNjM4,,,,,,,,,,,https://static.bihr.pro/eBihr/Pictures/YOSHIMURA_US-pictures.zip,,,,Spain Warehouse (Parts)
1060635,757035,2180-HS,YOSHIMURA US,YOSHI SPAREPARTS HEADER HEATSHIELD,Protector térmico Yoshimura para escape ref. 757010,45.50,37.60,28.20,2180-HS,1,8714104000,0,1,"<p justify>*El producto puede variar según la aplicación.</p><p justify><br>¡Las protecciones térmicas también se llevan lo suyo! Por eso ofrecemos protecciones de repuesto, que se atornillan a la perfección y mantienen tu sistema Yoshimura en perfecto estado.</p>","
*El producto puede variar según la aplicación.
¡Las protecciones térmicas también se llevan lo suyo! Por eso ofrecemos protecciones de repuesto, que se atornillan a la perfección y mantienen tu sistema Yoshimura en perfecto estado.",VEHICLE PARTS & ACCESSORIES,ACCESSORIES,ACC. EXHAUST,,,,277,63,199,48,29,,,,,,,,,,,,,https://api.mybihr.com/medias/1060635-1-800Wx800H?context=bWFzdGVyfHJvb3R8NDEyNTR8aW1hZ2UvanBlZ3xhR1k1TDJoaU55OHhNVEEwTWpRNU5EVTNPRGN4T0M4eE1EWXdOak0xTFRGZk9EQXdWM2c0TURCSXw4MmM5N2QzNGI4N2M2YjU5OGFiYzc0YzAyYTY1YTM0Mzc1MjU2ZGFhNzdhYzdlNTc2ODc4NjE0NTY2MTQyZmE1,,,,,,,,,,,https://static.bihr.pro/eBihr/Pictures/YOSHIMURA_US-pictures.zip,,,,Spain Warehouse (Parts)
1060651,757036,22581-104F,YOSHIMURA US,YOSHI SPAREPARTS HEADER PIPE,"Tobera para escape Yoshimura RS-9, acero inox, Silencioso aluminio y tapa de carbono, Honda CRF450R",270.50,223.55,135.00,22581-104F,1,8714104000,0,1,"<p justify>*El producto puede variar según la aplicación.</p><p justify><br>El tubo de escape, a veces llamado caño de escape, es el componente de unión con el silenciador. </p>","
*El producto puede variar según la aplicación.
El tubo de escape, a veces llamado caño de escape, es el componente de unión con el silenciador. ",VEHICLE PARTS & ACCESSORIES,ACCESSORIES,ACC. EXHAUST,,,,23551,967,474,294,169,,,,,,,,,,,,,https://api.mybihr.com/medias/1060651-1-800Wx800H?context=bWFzdGVyfHJvb3R8MTM1MjE2fGltYWdlL2pwZWd8YURaa0wyaGlaaTg0T1RjeU9URXpNekV4TnpjMEx6RXdOakEyTlRFdE1WODRNREJYZURnd01FZ3xmYTRlNTg1NTcxOTM1NDlmZjE5MmIyMDAxZjZiYjkyYzZmNzE2NWE2NGZjZDQ0Mjk3NmI5ZDA1YzQ0OWE5M2Y2,,,,,,,,,,,https://static.bihr.pro/eBihr/Pictures/YOSHIMURA_US-pictures.zip,,,,Spain Warehouse (Parts)
1060675,757102,23481-101,YOSHIMURA US,YOSHI SPAREPARTS HEADER,"Colector de acero inoxidable Yoshimura RS-4, para Yamaha YZ450F",237.99,196.69,100.00,23481-101,1,8714104000,0,1,"<p justify>*El producto puede variar según la aplicación.</p><p justify><br>Admitámoslo, las motos son propensas a quedarse aparcadas y chocar con obstáculos grandes e inamovibles. Muchas veces, tu colector Yoshimura es el componente que se lleva la peor parte. Tenemos colectores de repuesto para que puedas volver a la carga.</p>","
*El producto puede variar según la aplicación.
Admitámoslo, las motos son propensas a quedarse aparcadas y chocar con obstáculos grandes e inamovibles. Muchas veces, tu colector Yoshimura es el componente que se lleva la peor parte. Tenemos colectores de repuesto para que puedas volver a la carga.",VEHICLE PARTS & ACCESSORIES,ACCESSORIES,ACC. EXHAUST,,,,2487,399,230,159,68,,,,,,,,,,,,,https://api.mybihr.com/medias/800Wx800H-1060675-1.jpg?context=bWFzdGVyfHJvb3R8NDU4MjZ8aW1hZ2UvanBlZ3xhRGN6TDJneE5TODROemt6TmprMk1UTTRNRE00TWk4NE1EQlhlRGd3TUVoZk1UQTJNRFkzTlMweExtcHdad3xlYjg5MmU4YzM5MDBkMzdmOTUyM2VjZGViODAwZDUyYmVkMjAxMzliMmQ0NGU4MWJkNWMwYzM3YjFjYzY0OWVh,,,,,,,,,,,https://static.bihr.pro/eBihr/Pictures/YOSHIMURA_US-pictures.zip,,,,Spain Warehouse (Parts)
1060642,7510413,2190-HS,YOSHIMURA US,YOSHI SPAREPARTS HEAT SHIELD,Yoshimura para 751041 KFX450R 08-14,44.99,37.18,27.89,2190-HS,1,8708923500,0,1,"<p justify>*El producto puede variar según la aplicación.</p><p justify><br>¡Las protecciones térmicas también se llevan lo suyo! Por eso ofrecemos protecciones de repuesto, que se atornillan a la perfección y mantienen tu sistema Yoshimura en perfecto estado.</p>","
*El producto puede variar según la aplicación.
¡Las protecciones térmicas también se llevan lo suyo! Por eso ofrecemos protecciones de repuesto, que se atornillan a la perfección y mantienen tu sistema Yoshimura en perfecto estado.",VEHICLE PARTS & ACCESSORIES,ACCESSORIES,ACC. EXHAUST,,,,507,71,213,70,34,,,,,,,,,,,,,https://api.mybihr.com/medias/1060642-1-800Wx800H?context=bWFzdGVyfHJvb3R8NDEyNTR8aW1hZ2UvanBlZ3xhR1pqTDJobFlpOHhNVEEwTWpRNU16azRPRGc1TkM4eE1EWXdOalF5TFRGZk9EQXdWM2c0TURCSXw5ODMzNTYyMDYzMDdhODEyZTk5M2ExOWQ4NjdiNWQwN2ZlNDVjODcwMTI5MjQxN2E4YjNlOTBlMWQ2NDBiOWFh,,,,,,,,,,,https://static.bihr.pro/eBihr/Pictures/YOSHIMURA_US-pictures.zip,,,,Spain Warehouse (Parts)
1060702,76036489,ALS-059,YOSHIMURA US,YOSHI SPAREPARTS MUFFLER SPACER,"Separador de aluminio para escape Yoshimura RS-4, Suzuki RM-Z450",18.50,15.29,11.47,ALS-059,1,8708923500,0,1,<p justify>*El producto puede variar según la aplicación.</p>,"
*El producto puede variar según la aplicación.",VEHICLE PARTS & ACCESSORIES,ACCESSORIES,ACC. EXHAUST,,,,47,18,82,48,12,,,,,,,,,,,,,https://api.mybihr.com/medias/800Wx800H-1060702-1.jpg?context=bWFzdGVyfHJvb3R8MzkwNDl8aW1hZ2UvanBlZ3xhREl6TDJnMU5DODROemt6TmprMk1qTTJNelF5TWk4NE1EQlhlRGd3TUVoZk1UQTJNRGN3TWkweExtcHdad3wwYzliYTlhMGQ5ZmIxYTI3ZmY2Y2E2NTRjNjg1NDA2NmY4ZDUwMDk5ZGE0Mjg0M2Q3MmE0MmFiMzRiMWVlNmUy,,,,,,,,,,,https://static.bihr.pro/eBihr/Pictures/YOSHIMURA_US-pictures.zip,,,,Spain Warehouse (Parts)
1060686,79900045,24293-101,YOSHIMURA US,YOSHI SPAREPARTS HEADER,"Colector de acero inoxidable Yoshimura, para escape RS-4, Kawasaki KX250F",219.99,181.81,95.00,24293-101,1,8708923500,0,1,"<p justify>*El producto puede variar según la aplicación.</p><p justify><br>Admitámoslo, las motos son propensas a quedarse aparcadas y chocar con obstáculos grandes e inamovibles. Muchas veces, tu colector Yoshimura es el componente que se lleva la peor parte. Tenemos colectores de repuesto para que puedas volver a la carga.</p>","
*El producto puede variar según la aplicación.
Admitámoslo, las motos son propensas a quedarse aparcadas y chocar con obstáculos grandes e inamovibles. Muchas veces, tu colector Yoshimura es el componente que se lleva la peor parte. Tenemos colectores de repuesto para que puedas volver a la carga.",VEHICLE PARTS & ACCESSORIES,ACCESSORIES,ACC. EXHAUST,,,,3722,526,343,175,62,,,,,,,,,,,,,https://api.mybihr.com/medias/800Wx800H-1060686-1.png?context=bWFzdGVyfHJvb3R8MzM3ODM5fGltYWdlL3BuZ3xhRFUxTDJnMVpDODROemt6TnpVek9ESTJNVEF5TWk4NE1EQlhlRGd3TUVoZk1UQTJNRFk0TmkweExuQnVad3w1ODU2MGFhNmVmOWMzYzlkMTQyMWQ3ZTU4MTE4N2JmOWM4ODc4YjI0YTEzODkwNGMzMjQyMzI3OTI4MTliZWI0,,,,,,,,,,,https://static.bihr.pro/eBihr/Pictures/YOSHIMURA_US-pictures.zip,https://api.mybihr.com/medias/1060686-instructions-24293-101.pdf?context=bWFzdGVyfGRvY3VtZW50c3wxMzEyOTc3fGFwcGxpY2F0aW9uL3BkZnxhRGN3TDJnMFppODROemt6TnpVek9EWTROekF3Tmk4eE1EWXdOamcyWDJsdWMzUnlkV04wYVc5dWMxOHlOREk1TXkweE1ERXVjR1JtfGY3ZWRhNDMyOGNmOTdhNzljOGQyODQ3NTM1ZDFiNDkyZjMyOWM4ZjQ2MDQxZmUzOWMyNmQyNzYxMGU3MjdlMjI,,,Spain Warehouse (Parts)
1060695,79900042,8X10SPC,YOSHIMURA US,YOSHI SPAREPARTS MUFFLER SPACER,Separador de aluminio para escape Yoshimura R77. Can-Am Spyder RT,9.50,7.85,2.50,8X10SPC,1,8708923500,0,1,<p justify>*El producto puede variar según la aplicación.</p>,"
*El producto puede variar según la aplicación.",VEHICLE PARTS & ACCESSORIES,ACCESSORIES,ACC. EXHAUST,,,,47,18,82,48,12,,,,,,,,,,,,,https://api.mybihr.com/medias/1060695-1-800Wx800H?context=bWFzdGVyfHJvb3R8MTM1MjE2fGltYWdlL2pwZWd8YUdRNUwyZzROaTg0T1RZNE16ZzNOekl6TWprMEx6RXdOakEyT1RVdE1WODRNREJYZURnd01FZ3w5NDkwYTJmN2UzZDdlZTk3NmRiNTJjZTY2YjgwNDE4ZTk3NWNkMzJhZWFjOWVlYmQ4YzJiMDAzM2MzNzY3Mzg5,,,,,,,,,,,https://static.bihr.pro/eBihr/Pictures/YOSHIMURA_US-pictures.zip,,,,Spain Warehouse (Parts)
1060748,757077,SA-13-K,YOSHIMURA US,YOSHI SPAREPARTS DB KILLER RS4,Protector antichispas para Silencioso Yoshimura RS-4,59.50,49.17,36.88,SA-13-K,1,8714104000,0,1,"<p justify>*El producto puede variar según la aplicación.</p><p justify> </p><ul><li left>Protector antichispas de recambio para los silenciadores off-road RS-2, aprobado por el USFS (Servicio Forestal de los Estados Unidos).</li><li left>Disponible como protector antichispas opcional en aplicaciones no equipadas de origen con protector antichispas.</li><li left>El kit incluye:<br><ul><li left>Pieza protector antichispas</li><li left>Brida de cierre</li><li left>Kit de tornillos</li></ul></li></ul><p> </p><p><iframe src=//www.youtube.com/embed/m8WhKb width=100% height=314"" allowfullscreen=allowfullscreen></iframe></p>","
*El producto puede variar según la aplicación.
 Protector antichispas de recambio para los silenciadores off-road RS-2, aprobado por el USFS (Servicio Forestal de los Estados Unidos).Disponible como protector antichispas opcional en aplicaciones no equipadas de origen con protector antichispas.El kit incluye:Pieza protector antichispasBrida de cierreKit de tornillos
 
",VEHICLE PARTS & ACCESSORIES,ACCESSORIES,ACC. EXHAUST,,,,617,112,156,76,52,,,,,,,,,,,,,https://api.mybihr.com/medias/800Wx800H-1060748-1.jpg?context=bWFzdGVyfHJvb3R8NDIwOTV8aW1hZ2UvanBlZ3xhR1F3TDJnek1pOHpNekV6TWpNMk5URXhPVFV4T0M4NE1EQlhlRGd3TUVoZk1UQTJNRGMwT0MweExtcHdad3w2OTEzZDhhYzg5Mzg2OThiZGVkNGZhNjkzMzZmNjkwZjk4NjRlNTM1NDc5MjAyZmM5ZTAwYWZlZTdhNWM3NDQ4,,,,,,,,,,,https://static.bihr.pro/eBihr/Pictures/YOSHIMURA_US-pictures.zip,,,,Spain Warehouse (Parts)
1060759,757033,Z1022,YOSHIMURA US,YOSHI SPAREPARTS SILENT BLOC,"Capuchón de goma Yoshimura para escape RS-4, Yamaha YZ450F/WR450F",26.44,21.85,16.39,Z1022,1,8714104000,0,1,<p justify>*El producto puede variar según la aplicación.</p>,"
*El producto puede variar según la aplicación.",VEHICLE PARTS & ACCESSORIES,ACCESSORIES,ACC. EXHAUST,,,,57,4,70,58,14,,,,,,,,,,,,,https://api.mybihr.com/medias/800Wx800H-1060759-1.jpg?context=bWFzdGVyfHJvb3R8NjczMzh8aW1hZ2UvanBlZ3xhRGc0TDJoaFpTOHpNekV6TWpNMk5qWTVNak00TWk4NE1EQlhlRGd3TUVoZk1UQTJNRGMxT1MweExtcHdad3w0NTNkZGRmN2IwZTIzZGJkMjNkM2UyMGQ5NjE0MThmNjRjZGE1ZWIyZDBjZGNjY2Y2NzVhODllZjFkNTgzMjc2,https://api.mybihr.com/medias/800Wx800H-1060759-2.jpg?context=bWFzdGVyfHJvb3R8MTk1NTV8aW1hZ2UvanBlZ3xhRE5sTDJobVl5OHpNekV6TWpNMk56QTROVFU1T0M4NE1EQlhlRGd3TUVoZk1UQTJNRGMxT1MweUxtcHdad3wyNDU5ZDQ2YTE4MmY3MWYyYTQ0NWUzNzlhMWMzZDQ4ZTA0OWNlNWMxOTA3OGEwNzU5NzEyNTdiNDU2ODdmMmNm,,,,,,,,,,https://static.bihr.pro/eBihr/Pictures/YOSHIMURA_US-pictures.zip,,,,Spain Warehouse (Parts)
1060760,76036227,Z1023,YOSHIMURA US,YOSHI SPAREPARTS RUBBER GROMMET,"Capuchón de goma Yoshimura para escape RS-4, para KTM 450 SX-F/Husqvarna FC 450",6.50,5.37,4.03,Z1023,0,8708923500,0,1,<p justify>*El producto puede variar según la aplicación.</p>,"
*El producto puede variar según la aplicación.",VEHICLE PARTS & ACCESSORIES,ACCESSORIES,ACC. EXHAUST,,,,112,18,78,65,22,,,,,,,,,,,,,https://api.mybihr.com/medias/1060760-1-800Wx800H?context=bWFzdGVyfHJvb3R8MTM1MjE2fGltYWdlL2pwZWd8YUdNMkwyaGtNQzg0T1RjeU9USTJORGcwTlRFd0x6RXdOakEzTmpBdE1WODRNREJYZURnd01FZ3xkNTczMjkzZjI2YzdkMGM3MTdkNWYyOWEyOWJlZDUwYzgwMjhiZTJlNzMyMWVhN2RjNjNiYjc3NGQ3MzQ3ZWVl,,,,,,,,,,,https://static.bihr.pro/eBihr/Pictures/YOSHIMURA_US-pictures.zip,,,,Spain Warehouse (Parts)
1060729,7020003500,RC116HSB,YOSHIMURA US,YOSHI SPAREPARTS SCREW,Tornillos de protector térmico Yoshimura,4.50,3.72,2.00,RC116HSB,1,8714109090,0,1,"<p justify>*El producto puede variar según la aplicación.</p><p justify><br>¿Necesitas algún recambio pequeño para tu sistema? Vendemos todos nuestros componentes pequeños. Tanto si se trata de remaches/bandas de remaches, tuercas y tornillos, o incluso gomas, ¡los tenemos!</p>","
*El producto puede variar según la aplicación.
¿Necesitas algún recambio pequeño para tu sistema? Vendemos todos nuestros componentes pequeños. Tanto si se trata de remaches/bandas de remaches, tuercas y tornillos, o incluso gomas, ¡los tenemos!",VEHICLE PARTS & ACCESSORIES,ACCESSORIES,ACC. EXHAUST,,,,1,6,19,17,4,,,Acero inoxidable,,,,,,,,,,https://api.mybihr.com/medias/800Wx800H-1060729-1.jpg?context=bWFzdGVyfHJvb3R8MzkwNDl8aW1hZ2UvanBlZ3xhR1l6TDJnMVlTODROemt6TmprMk1qVTJNREF6TUM4NE1EQlhlRGd3TUVoZk1UQTJNRGN5T1MweExtcHdad3w0NzdkNTkzNGU4MzIzMzkyYmJkY2ZlNTEyYzk1YWQ2YTdkOGY5MmNiZjM1ZGFkYTI0NmRkYTRjMjM4YWQyMTg5,,,,,,,,,,,https://static.bihr.pro/eBihr/Pictures/YOSHIMURA_US-pictures.zip,,,,Spain Warehouse (Parts)
1060725,751056,RACE-SPX-2,YOSHIMURA US,"YOSHI SPAREPARTS EXHAUST SPRING 1,8",Muelle de 46 mm para Silencioso Yoshimura,9.50,7.85,5.89,RACE-SPX-2,5,8708923500,0,1,"<p justify>*El producto puede variar según la aplicación.</p><p justify> </p><ul><li left>Muelle corto con aislante con logotipo</li><li left>Longitud: 45,72 mm</li></ul>","
*El producto puede variar según la aplicación.
 Muelle corto con aislante con logotipoLongitud: 45,72 mm",VEHICLE PARTS & ACCESSORIES,ACCESSORIES,ACC. EXHAUST,,,,5,19,15,30,12,,,,,,,,,,,,,https://api.mybihr.com/medias/800Wx800H-1060725-1.jpg?context=bWFzdGVyfHJvb3R8MjA3MjB8aW1hZ2UvanBlZ3xhR00xTDJobE55OHpNekV6TWpNMU9UVTBPRGsxT0M4NE1EQlhlRGd3TUVoZk1UQTJNRGN5TlMweExtcHdad3wwNjc2NjdiYzlhN2IyNTg0YmE5N2ZkNmI2Y2M5MDdmOGZkODRhZGI0MDE3OTBmM2Y3ZmQ4NWJhZTU1NTNhZjlm,,,,,,,,,,,https://static.bihr.pro/eBihr/Pictures/YOSHIMURA_US-pictures.zip,,,,Spain Warehouse (Parts)
1060631,7510431,2115-152,YOSHIMURA US,YOSHI SPAREPARTS TAIL PIPE,"Tobera de acero inoxidable Yoshimura, para escape off-road de Suzuki LT-R450",199.99,165.28,80.00,2115-152,1,8708923500,0,1,"<p justify>*El producto puede variar según la aplicación.</p><p justify><br>El tubo de escape, a veces llamado caño de escape, es el componente de unión con el silenciador. </p>","
*El producto puede variar según la aplicación.
El tubo de escape, a veces llamado caño de escape, es el componente de unión con el silenciador. ",VEHICLE PARTS & ACCESSORIES,ACCESSORIES,ACC. EXHAUST,,,,2415,503,302,129,62,,,,,,,,,,,,,,,,,,,,,,,,https://static.bihr.pro/eBihr/Pictures/YOSHIMURA_US-pictures.zip,,,,Spain Warehouse (Parts)
1060681,7570291,2388-144-A,YOSHIMURA US,YOSHI SPAREPARTS TAIL PIPE,"Tobera Yoshimura para escape RS-2, acero inoxidable, para Yamaha Raptor 700",438.49,362.39,271.79,2388-144-A,3,8708923500,0,1,"<p justify>*El producto puede variar según la aplicación.</p><p justify><br>El tubo de escape, a veces llamado caño de escape, es el componente de unión con el silenciador. </p>","
*El producto puede variar según la aplicación.
El tubo de escape, a veces llamado caño de escape, es el componente de unión con el silenciador. ",VEHICLE PARTS & ACCESSORIES,ACCESSORIES,ACC. EXHAUST,,,,3439,633,389,136,65,,,,,,,,,,,,,,,,,,,,,,,,https://static.bihr.pro/eBihr/Pictures/YOSHIMURA_US-pictures.zip,,,,Spain Warehouse (Parts)
1060712,757111,INS-2M28-K,YOSHIMURA US,YOSHI SPAREPARTS DB KILLER RS4,Kit de recambio para dB-killer del Silencioso Yoshimura RS-4 (máximo 2 m),54.39,44.95,33.71,INS-2M28-K,1,8708923500,0,1,"<p justify>*El producto puede variar según la aplicación.</p><p justify> </p><ul><li left>Recambio para el kit de insonorizadores de los silenciadores RS-4</li><li left> Sin protector antichispas</li><li left>Disponible como kit opcional en aplicaciones que requieran restricciones acústicas diferentes</li><li left>La reducción de los decibelios depende de la aplicación</li><li>El kit incluye:<br><ul><li left>Tubo insonorizador</li><li left>Brida de cierre</li><li left>Kit de tornillos</li></ul></li></ul><p> </p><p><iframe src=//www.youtube.com/embed/m8WhKb width=100% height=314"" allowfullscreen=allowfullscreen></iframe></p>","
*El producto puede variar según la aplicación.
 Recambio para el kit de insonorizadores de los silenciadores RS-4 Sin protector antichispasDisponible como kit opcional en aplicaciones que requieran restricciones acústicas diferentesLa reducción de los decibelios depende de la aplicaciónEl kit incluye:Tubo insonorizadorBrida de cierreKit de tornillos
 
",VEHICLE PARTS & ACCESSORIES,ACCESSORIES,ACC. EXHAUST,,,,738,123,182,78,52,,,,,,,,,,,,,,,,,,,,,,,,https://static.bihr.pro/eBihr/Pictures/YOSHIMURA_US-pictures.zip,,,,Spain Warehouse (Parts)
1060742,757073,SA-02-K,YOSHIMURA US,YOSHI SPAREPARTS DB KILLER RS2,Protector antichispas para Silencioso Yoshimura RS-2,78.63,64.98,48.74,SA-02-K,1,8714104000,0,1,"<p justify>*El producto puede variar según la aplicación.</p><p justify> </p><ul><li left>Protector antichispas de recambio para los silenciadores off-road RS-2, aprobado por el USFS (Servicio Forestal de los Estados Unidos).</li><li left>Disponible como protector antichispas opcional en aplicaciones no equipadas de origen con protector antichispas.</li><li justify>El kit incluye:<ul><li left>Pieza protector antichispas</li><li left>Brida de cierre</li><li left>Kit de tornillos</li></ul></li></ul><p> </p><p><iframe src=//www.youtube.com/embed/m8WhKb width=100% height=314"" allowfullscreen=allowfullscreen></iframe></p>","
*El producto puede variar según la aplicación.
 Protector antichispas de recambio para los silenciadores off-road RS-2, aprobado por el USFS (Servicio Forestal de los Estados Unidos).Disponible como protector antichispas opcional en aplicaciones no equipadas de origen con protector antichispas.El kit incluye:Pieza protector antichispasBrida de cierreKit de tornillos
 
",VEHICLE PARTS & ACCESSORIES,ACCESSORIES,ACC. EXHAUST,,,,721,147,178,81,50,,,,,,,,,,,,,https://api.mybihr.com/medias/800Wx800H-1060742-1.jpg?context=bWFzdGVyfHJvb3R8MzEwMjZ8aW1hZ2UvanBlZ3xhRGsxTDJobU5TOHpNekV6TWpNMk1qYzJNREl5TWk4NE1EQlhlRGd3TUVoZk1UQTJNRGMwTWkweExtcHdad3xiOGY2NTE5OGRhM2RmNDUxMTZkNDQzYzJmMGVkOWIyZGJmOWM0YzVmNzE2ZWYxMWJhZWJhOTQ1ZjE5YzViN2Qw,,,,,,,,,,,https://static.bihr.pro/eBihr/Pictures/YOSHIMURA_US-pictures.zip,,,,Spain Warehouse (Parts)
1060724,751055,RACE-SPS-1,YOSHIMURA US,"YOSHI SPAREPARTS EXHAUST SPRING 2,3",Muelle de 59 mm para Silencioso Yoshimura,9.50,7.85,5.89,RACE-SPS-1,0,8708923500,0,1,"<p justify>*El producto puede variar según la aplicación.</p><p justify> </p><ul><li left>Muelle corto con aislante con logotipo</li><li left>Longitud: 58,42 mm</li></ul>","
*El producto puede variar según la aplicación.
 Muelle corto con aislante con logotipoLongitud: 58,42 mm",VEHICLE PARTS & ACCESSORIES,ACCESSORIES,ACC. EXHAUST,,,,6,11,31,17,12,,,,,,,,,,,,,https://api.mybihr.com/medias/800Wx800H-1060724-1.jpg?context=bWFzdGVyfHJvb3R8MTk4OTd8aW1hZ2UvanBlZ3xhRFV5TDJobU5TOHpNekV6TWpNMU9URTFOVGMwTWk4NE1EQlhlRGd3TUVoZk1UQTJNRGN5TkMweExtcHdad3wyZjY1YTQzNjQ2ZmZiMmVkMDk0NWYzMjU3YWM1Y2M5Yjk1ZGVkYzM3MDYyZDk2Yjg0MTVkYjZjYWZhNDg3NDFl,,,,,,,,,,,https://static.bihr.pro/eBihr/Pictures/YOSHIMURA_US-pictures.zip,,,,Spain Warehouse (Parts)
1060723,751054,RACE-SPL-1,YOSHIMURA US,"YOSHI SPAREPARTS EXHAUST SPRING 3,0",Muelle de 76 mm para Silencioso Yoshimura,9.50,7.85,5.89,RACE-SPL-1,0,8708923500,0,1,"<p justify>*El producto puede variar según la aplicación.</p><p justify> </p><ul><li left>Muelle corto con aislante con logotipo</li><li left>Longitud: 76,2 mm</li></ul>","
*El producto puede variar según la aplicación.
 Muelle corto con aislante con logotipoLongitud: 76,2 mm",VEHICLE PARTS & ACCESSORIES,ACCESSORIES,ACC. EXHAUST,,,,70,6,69,42,24,,,,,,,,,,,,,https://api.mybihr.com/medias/800Wx800H-1060723-1.jpg?context=bWFzdGVyfHJvb3R8MTc2Nzd8aW1hZ2UvanBlZ3xhRGMwTDJoaU5TOHpNekV6TWpNMU9EYzJNalV5Tmk4NE1EQlhlRGd3TUVoZk1UQTJNRGN5TXkweExtcHdad3wwZTZkOTgwNWRmMGQ3ODZjNTM0ZjQxMDEwYTM5NTBlMTM4N2ExZjBhM2JhNThmODE0ZGRkMDUxYjkyMTJlNzg2,,,,,,,,,,,https://static.bihr.pro/eBihr/Pictures/YOSHIMURA_US-pictures.zip,,,,Spain Warehouse (Parts)
1060757,757018,YM9-CFC-L-01,YOSHIMURA US,YOSHI SPAREPARTS END CAP RS9,"Tapa de carbono Yoshimura RS-9, lado izquierdo",125.84,104.00,78.00,757018,1,8714104000,0,1,<p>*El producto puede variar según la aplicación.</p><p>&nbsp;</p><ul><li>Recambio Yoshimura USA</li><li>Para reacondicionar el escape RS9</li><li>Solo tapa izquierda</li><li>Acabado en carbono</li></ul>,"
*El producto puede variar según la aplicación.
 Recambio Yoshimura USAPara reacondicionar el escape RS9Solo tapa izquierdaAcabado en carbono",VEHICLE PARTS & ACCESSORIES,ACCESSORIES,ACC. EXHAUST,,,,1340,53,129,106,98,,,,,,,,,,,,,https://api.mybihr.com/medias/1060757-1-800Wx800H?context=bWFzdGVyfHJvb3R8MTE4NzYyfGltYWdlL2pwZWd8YURNNUwyaGpNeTg0T1RjeU9USTJNRGt4TWprMEx6RXdOakEzTlRjdE1WODRNREJYZURnd01FZ3wxYWY2ZmMwNGZlYzMwMmUyNzRhYzk0MzI4MDFiZmY5ZTU1YTcyZWEwOWM3ODhiY2UyNWM3OWZiYmZkMTNkNmVj,,,,,,,,,,,https://static.bihr.pro/eBihr/Pictures/YOSHIMURA_US-pictures.zip,,,,Spain Warehouse (Parts)
1060746,757076,SA-06-K,YOSHIMURA US,YOSHI SPAREPARTS DB KILLER RS2,Protector antichispas para Silencioso Yoshimura RS-2,59.50,49.17,36.88,SA-06-K,0,8714104000,0,1,"<p justify>*El producto puede variar según la aplicación.</p><p justify> </p><ul><li left>Protector antichispas de recambio para los silenciadores off-road RS-2, aprobado por el USFS (Servicio Forestal de los Estados Unidos).</li><li left>Disponible como protector antichispas opcional en aplicaciones no equipadas de origen con protector antichispas.</li><li justify>El kit incluye:<ul><li left>Pieza protector antichispas</li><li left>Brida de cierre</li><li left>Kit de tornillos</li></ul></li></ul><p> </p><p><iframe src=//www.youtube.com/embed/m8WhKb width=100% height=314"" allowfullscreen=allowfullscreen></iframe></p>","
*El producto puede variar según la aplicación.
 Protector antichispas de recambio para los silenciadores off-road RS-2, aprobado por el USFS (Servicio Forestal de los Estados Unidos).Disponible como protector antichispas opcional en aplicaciones no equipadas de origen con protector antichispas.El kit incluye:Pieza protector antichispasBrida de cierreKit de tornillos
 
",VEHICLE PARTS & ACCESSORIES,ACCESSORIES,ACC. EXHAUST,,,,1702,177,311,96,57,,,,,,,,,,,,,https://api.mybihr.com/medias/800Wx800H-1060746-1.jpg?context=bWFzdGVyfHJvb3R8MzA1NzF8aW1hZ2UvanBlZ3xhR1kxTDJneVppOHpNekV6TWpNMk5ETXpNekE0Tmk4NE1EQlhlRGd3TUVoZk1UQTJNRGMwTmkweExtcHdad3w3MmJhNDQ5Yjk5NjkxMDRhYmZhZDRiYmM3ODNjZTFiZTYwZDNiODViMzlmMTk0NmJlOWIyMDJmMjg0ZjgyODEz,,,,,,,,,,,https://static.bihr.pro/eBihr/Pictures/YOSHIMURA_US-pictures.zip,,,,Spain Warehouse (Parts)
1060750,79900100,SA-15-K,YOSHIMURA US,YOSHI SPAREPARTS DB KILLER RS9,Kit protector antichispas para Silencioso Yoshimura RS-9,59.50,49.17,36.88,SA-15-K,2,8708923500,0,1,"<p justify>*El producto puede variar según la aplicación.</p><<p> </p><ul><li>Incluye protector antichispas de recambio para los silenciadores off-road RS-9, aprobado por el USFS (Servicio Forestal de los Estados Unidos). Los sistemas con silenciador doble requieren DOS kits de protector antichispas.</li><li>Disponible como protector antichispas opcional en aplicaciones no equipadas de origen con protector antichispas.</li><li>El kit incluye:<ul><li>Pieza protector antichispas</li><li>Brida de cierre</li><li>Kit de tornillos</li></ul></li></ul><p> </p><p><iframe src=//www.youtube.com/embed/m8WhKb width=100% height=314"" allowfullscreen=allowfullscreen></iframe></p>","
*El producto puede variar según la aplicación.<
 Incluye protector antichispas de recambio para los silenciadores off-road RS-9, aprobado por el USFS (Servicio Forestal de los Estados Unidos). Los sistemas con silenciador doble requieren DOS kits de protector antichispas.Disponible como protector antichispas opcional en aplicaciones no equipadas de origen con protector antichispas.El kit incluye:Pieza protector antichispasBrida de cierreKit de tornillos
 
",VEHICLE PARTS & ACCESSORIES,ACCESSORIES,ACC. EXHAUST,,,,416,86,151,53,52,,,,,,,,,,,,,https://api.mybihr.com/medias/1060750-1-800Wx800H?context=bWFzdGVyfHJvb3R8NDMwNTR8aW1hZ2UvanBlZ3xhR0prTDJnM05DODRPVGN5T1RJMU9EazBOamcyTHpFd05qQTNOVEF0TVY4NE1EQlhlRGd3TUVnfGJkYTcyZmZmMDZhZjU1ODAzZTc0ZjU5NTI1MjM0YjA4YjAyYTI4NmNhODczZTkyODE5MWU5MzBhYTE1NGI5YzI,,,,,,,,,,,https://static.bihr.pro/eBihr/Pictures/YOSHIMURA_US-pictures.zip,,,,Spain Warehouse (Parts)
1060733,757050,RS4-NB001,YOSHIMURA US,YOSHI SPAREPARTS LOGO BADGE,Placa con logo Yoshimura para Silencioso RS-4,30.25,25.00,18.75,RS4-NB001,1,8714104000,0,1,<p justify>*El producto puede variar según la aplicación.</p><p justify> </p><ul><li left>Recambio de placa Yoshimura RS-4 / RS-4D</li><li left>Situada en el lado interior del silenciador</li></ul>,"
*El producto puede variar según la aplicación.
 Recambio de placa Yoshimura RS-4 / RS-4DSituada en el lado interior del silenciador",VEHICLE PARTS & ACCESSORIES,ACCESSORIES,ACC. EXHAUST,,,,56,9,91,68,9,,,,,,,,,,,,,https://api.mybihr.com/medias/1060733-1-800Wx800H?context=bWFzdGVyfHJvb3R8MTEyNzExfGltYWdlL2pwZWd8YURjMkwyZ3daQzg0T1RjeU9USTBPVEV4TmpRMkx6RXdOakEzTXpNdE1WODRNREJYZURnd01FZ3wwNjc3OTM5NzVkNTgyZTcyM2ZhYjMwZjNjMWViZTk5Nzc3MzhiZmQ5OGNkOTc5ZjkzMTFmNDk1NTM5M2MyZTgz,,,,,,,,,,,https://static.bihr.pro/eBihr/Pictures/YOSHIMURA_US-pictures.zip,,,,Spain Warehouse (Parts)
1093125,79900220,SA-16-K,YOSHIMURA US,YOSHI SPARE PART SPARK ARRESTER R-77,Anti llamas (spark arrestor) Yoshimura silenciador R-77,59.50,49.17,36.88,0840025909373,0,8714104000,0,1,"<p justify>*El producto puede variar según la aplicación.</p><p justify> </p><ul><li left>Protector antichispas de recambio para los silenciadores R-77 Enduro/Off-Road, aprobado por el USFS (Servicio Forestal de los Estados Unidos).</li><li left>Disponible como protector antichispas opcional en aplicaciones no equipadas de origen con protector antichispas.</li><li left>El kit incluye:</li><ul><li left>Pieza protector antichispas</li><li left>Brida de cierre</li><li left>Kit de tornillos</li></ul></ul><p> </p><p><iframe src=//www.youtube.com/embed/m8WhKb width=100% height=314"" allowfullscreen=allowfullscreen></iframe></p>","
*El producto puede variar según la aplicación.
 Protector antichispas de recambio para los silenciadores R-77 Enduro/Off-Road, aprobado por el USFS (Servicio Forestal de los Estados Unidos).Disponible como protector antichispas opcional en aplicaciones no equipadas de origen con protector antichispas.El kit incluye:Pieza protector antichispasBrida de cierreKit de tornillos
 
",VEHICLE PARTS & ACCESSORIES,ACCESSORIES,ACC. EXHAUST,,,,848,223,63,259,52,,,,,,,,,,,,,https://api.mybihr.com/medias/1093125-1-800Wx800H?context=bWFzdGVyfHJvb3R8MTc3MTB8aW1hZ2UvanBlZ3xhREUyTDJoa05TODVNREV6Tmprd056WXhNalEyTHpFd09UTXhNalV0TVY4NE1EQlhlRGd3TUVnfDUzZThkOTM4ZGY4MDg1M2MwMzZlMGY5MDdiYTgwMDZhZjhmODdiYzUzOWEyZmNmM2Y2ZDY3NjM5NTEyODBkYjc,,,,,,,,,,,https://static.bihr.pro/eBihr/Pictures/YOSHIMURA_US-pictures.zip,,,,Spain Warehouse (Parts)
1060740,76036294,RS9-NB004,YOSHIMURA US,YOSHI SPAREPARTS STICKERS KIT,Kit adhesivos Yoshimura Para RS9,38.72,32.00,24.00,840025910638,1,8708923500,0,1,<p justify>*El producto puede variar según la aplicación.</p><p justify> </p><ul><li left>Kit de pegatinas RS-9 de recambio</li><li left>6 piezas para el manguito del silenciador y la tapa</li></ul>,"
*El producto puede variar según la aplicación.
 Kit de pegatinas RS-9 de recambio6 piezas para el manguito del silenciador y la tapa",VEHICLE PARTS & ACCESSORIES,ACCESSORIES,ACC. EXHAUST,,,,638,36,247,152,17,,,,,,,,,,,,,https://api.mybihr.com/medias/1060740-1-800Wx800H?context=bWFzdGVyfHJvb3R8MTMwNDgxfGltYWdlL2pwZWd8YUdWa0wyZzJaQzg0T1RjeU9USTFOams0TURjNEx6RXdOakEzTkRBdE1WODRNREJYZURnd01FZ3w1ZTY0YjM2MDU1NmQ3MWIzZTNjMTc0OTk0M2RiM2RmYmU5ODc0ZTFjZTVmYmUyZTQ4MDdkOTQ3NmEyMjExN2E1,,,,,,,,,,,https://static.bihr.pro/eBihr/Pictures/YOSHIMURA_US-pictures.zip,,,,Spain Warehouse (Parts)
1060614,757014,2176703,YOSHIMURA US,YOSHI SLIP ON RS2,Escape Yoshimura RS-2 acero inox Suzuki LT-Z400,822.85,680.04,510.03,757014,1,8714104000,0,1,"<p justify>*El producto puede variar según la aplicación.</p><p justify> </p><p justify>El RS-2 es un diseño potente y versátil que ha evolucionado a partir de nuestro TRC original, diseñado para proporcionar una mayor potencia y entrega de energía. Con una forma piramidal diferente que presenta un mayor volumen, el RS-2 es un sistema más silencioso pero con un núcleo más grande, que además ofrece la ventaja de un rendimiento excepcional a un precio asequible.</p><p justify> </p><ul><li left>Manguito con forma de diamante</li><li left>Núcleo grande y mayor volumen para el relleno del silenciador, lo que implica un funcionamiento más silencioso</li><li left>Tapa cónica de acero inoxidable</li><li left>Tubo de escape en acero inoxidable</li><li left>Protector antichispas con homologación USFS incluido</li></ul>","
*El producto puede variar según la aplicación.
 
El RS-2 es un diseño potente y versátil que ha evolucionado a partir de nuestro TRC original, diseñado para proporcionar una mayor potencia y entrega de energía. Con una forma piramidal diferente que presenta un mayor volumen, el RS-2 es un sistema más silencioso pero con un núcleo más grande, que además ofrece la ventaja de un rendimiento excepcional a un precio asequible.
 Manguito con forma de diamanteNúcleo grande y mayor volumen para el relleno del silenciador, lo que implica un funcionamiento más silenciosoTapa cónica de acero inoxidableTubo de escape en acero inoxidableProtector antichispas con homologación USFS incluido",VEHICLE PARTS & ACCESSORIES,ACCESSORIES,ACC. EXHAUST,,,,35744,4224,985,192,189,,,,,,,,,,,,,https://api.mybihr.com/medias/1060614-1-800Wx800H?context=bWFzdGVyfHJvb3R8MTE4MjgwfGltYWdlL2pwZWd8YURJNEwyZ3dOUzg1TURFeU9UUTVORFV3TnpneUx6RXdOakEyTVRRdE1WODRNREJYZURnd01FZ3wxNTlkZjQ5ZmI0YjdkOWRhZTQ1ODAyYjU1OTFjNzVlMGFiN2ZhZWMwN2ZiNTRkNDMyNTVmY2M4ZWVjNWRhYzcw,https://api.mybihr.com/medias/1060614-2-800Wx800H?context=bWFzdGVyfHJvb3R8MTYyMzIyfGltYWdlL2pwZWd8YUdVMkwyZ3dZaTg1TURFeU9UUTVOalEzTXprd0x6RXdOakEyTVRRdE1sODRNREJYZURnd01FZ3w2MGRiMDQxZjczYzlkOTQxZDc3NzNkNGZiOGY2ODg2ODk5ZDk0ZjUzYmJkOWFjMDI5ODc1OWJmMjU3MTY3MTU1,https://api.mybihr.com/medias/1060614-3-800Wx800H?context=bWFzdGVyfHJvb3R8MTM2Mjc1fGltYWdlL2pwZWd8YUdJMUwyZ3hNaTg1TURFeU9UUTVPRFF6T1RrNEx6RXdOakEyTVRRdE0xODRNREJYZURnd01FZ3w5YmNhMzE5NTFkODFhZWYwNzgxYzY2ZTQ1Zjc5MTBhODY2MDU4ZjY0YTNkZTYzNzIwNDlhOWI0NjBiMjE3ZWZk,,,,,,,,,https://static.bihr.pro/eBihr/Pictures/YOSHIMURA_US-pictures.zip,,,,Spain Warehouse (Parts)
1060615,751047,2388713,YOSHIMURA US,YOSHI SLIP ON RS2,Silenciador YOSHIMURA USA RS2 acero inoxidable - Yamaha YFM 700-R,849.82,702.33,526.75,751047,1,8708923500,0,1,"<p justify>*El producto puede variar según la aplicación.</p><p justify> </p><p justify>El RS-2 es un diseño potente y versátil que ha evolucionado a partir de nuestro TRC original, diseñado para proporcionar una mayor potencia y entrega de energía. Con una forma piramidal diferente que presenta un mayor volumen, el RS-2 es un sistema más silencioso pero con un núcleo más grande, que además ofrece la ventaja de un rendimiento excepcional a un precio asequible.</p><p justify> </p><ul><li justify>Manguito con forma de diamante</li><li justify>Núcleo grande y mayor volumen para el relleno del silenciador, lo que implica un funcionamiento más silencioso</li><li justify>Tapa cónica de acero inoxidable</li><li justify>Tubo de escape en acero inoxidable</li><li justify>Protector antichispas con homologación USFS incluido</li></ul>","
*El producto puede variar según la aplicación.
 
El RS-2 es un diseño potente y versátil que ha evolucionado a partir de nuestro TRC original, diseñado para proporcionar una mayor potencia y entrega de energía. Con una forma piramidal diferente que presenta un mayor volumen, el RS-2 es un sistema más silencioso pero con un núcleo más grande, que además ofrece la ventaja de un rendimiento excepcional a un precio asequible.
 Manguito con forma de diamanteNúcleo grande y mayor volumen para el relleno del silenciador, lo que implica un funcionamiento más silenciosoTapa cónica de acero inoxidableTubo de escape en acero inoxidableProtector antichispas con homologación USFS incluido",VEHICLE PARTS & ACCESSORIES,ACCESSORIES,ACC. EXHAUST,,,,35671,4747,983,192,189,,,,,,,,,,,,,https://api.mybihr.com/medias/1060615-1-800Wx800H?context=bWFzdGVyfHJvb3R8NzQ4OTV8aW1hZ2UvanBlZ3xhREE0TDJobU1TODVNREV5T1RVd01EUXdOakEyTHpFd05qQTJNVFV0TVY4NE1EQlhlRGd3TUVnfDQ1NDlhMzk2ZmI4NmRmZmQ4NTMyZDc3NTg1N2E2MjczMzkwY2NhNjVmMjkzMmYyNDA3NjUwYjc2ZTBmODY2OWY,,,,,,,,,,,https://static.bihr.pro/eBihr/Pictures/YOSHIMURA_US-pictures.zip,,,,Spain Warehouse (Parts)
1060619,79900128,​INS-07-K,YOSHIMURA US,YOSHI SPAREPARTS DB KILLER RS2,Kit Yoshimura de dB-killer para Silencioso RS-2,50.49,41.73,31.30,INS-07-K,1,8714104000,0,1,"<p justify>*El producto puede variar según la aplicación.</p><p justify> </p><ul justify><li left>Recambio para el kit de insonorizadores de los silenciadores RS-2</li><li left> Sin protector antichispas</li><li left>Disponible como kit opcional en aplicaciones que requieran restricciones acústicas diferentes</li><li left>La reducción de los decibelios depende de la aplicación</li><li>El kit incluye:<ul><li left>Tubo insonorizador</li><li left>Brida de cierre</li><li left>Kit de tornillos</li></ul></li></ul><p justify> </p><p justify><iframe src=//www.youtube.com/embed/m8WhKb width=100% height=314"" allowfullscreen=allowfullscreen></iframe></p>","
*El producto puede variar según la aplicación.
 Recambio para el kit de insonorizadores de los silenciadores RS-2 Sin protector antichispasDisponible como kit opcional en aplicaciones que requieran restricciones acústicas diferentesLa reducción de los decibelios depende de la aplicaciónEl kit incluye:Tubo insonorizadorBrida de cierreKit de tornillos
 
",VEHICLE PARTS & ACCESSORIES,ACCESSORIES,ACC. EXHAUST,,,,569,150,150,73,52,,,,,,,,,,,,,https://api.mybihr.com/medias/1060619-1-800Wx800H?context=bWFzdGVyfHJvb3R8MzIwMTh8aW1hZ2UvanBlZ3xhR0V4TDJnMk1DODVNREV5TWprNE9UUXdORFEyTHpFd05qQTJNVGt0TVY4NE1EQlhlRGd3TUVnfDQ4NzgxMjUwNGJiMGVkZTI2M2M5OWEzNjJiNmJjNmY1OTI4NzBjMTg2YzU3MzI5ZjMxYmI4ZTZlNjNiY2E4ODk,https://api.mybihr.com/medias/1060619-2-800Wx800H?context=bWFzdGVyfHJvb3R8Mjc5NjR8aW1hZ2UvanBlZ3xhRE00TDJneE1pODVNREV5TWprNU1UTTNNRFUwTHpFd05qQTJNVGt0TWw4NE1EQlhlRGd3TUVnfDNmY2I1MDllNDkwYzdlOGY2NzYyMTUxOWZjMGU2NmQ5ZGY3ODI2YzhiNGNhYTc1OWQwNGMxYTU4NmVkNjczMjM,,,,,,,,,,https://static.bihr.pro/eBihr/Pictures/YOSHIMURA_US-pictures.zip,,,,Spain Warehouse (Parts)
1060661,7571344,22583-145,YOSHIMURA US,YOSHI SPAREPARTS RIGHT TAIL PIPE,"Tobera derecha de acero inoxidable Yoshimura, para escape RS-9, Honda CRF450R/RX",221.50,183.06,100.30,22583-145,1,8708923500,0,1,"<p justify>*El producto puede variar según la aplicación.</p><p justify><br>El tubo de escape, a veces llamado caño de escape, es el componente de unión con el silenciador. </p>","
*El producto puede variar según la aplicación.
El tubo de escape, a veces llamado caño de escape, es el componente de unión con el silenciador. ",VEHICLE PARTS & ACCESSORIES,ACCESSORIES,ACC. EXHAUST,,,,2490,385,240,182,57,,,,,,,,,,,,,https://api.mybihr.com/medias/800Wx800H-1060661-1.png?context=bWFzdGVyfHJvb3R8MzUzNzQwfGltYWdlL3BuZ3xhR000TDJoaU9TODROemt6TnpVek56WXpPRFF6TUM4NE1EQlhlRGd3TUVoZk1UQTJNRFkyTVMweExuQnVad3w5ZDM3OGRlZDcxYTljNDM4ODg3NDE0OTE0Y2EwN2MwNzg2MDgwZTllNGExZTJjZGYxNDM3ODFkYmZlYmQxNmJm,,,,,,,,,,,https://static.bihr.pro/eBihr/Pictures/YOSHIMURA_US-pictures.zip,https://api.mybihr.com/medias/1060661-instructions-22583-145.pdf?context=bWFzdGVyfGRvY3VtZW50c3wxMjk5MDA0fGFwcGxpY2F0aW9uL3BkZnxhREkxTDJnMk5DODROemt6TnpVek9EQTJORFF4TkM4eE1EWXdOall4WDJsdWMzUnlkV04wYVc5dWMxOHlNalU0TXkweE5EVXVjR1JtfGM1ZTNhMDYzMGYxM2QxODVjNjU5NWJjYmMwYjhlMzBmNjUwNDhhYzRmZThlNGM4OWY5ZmMwMzMwYjRiMzU5ZDM,,,Spain Warehouse (Parts)
1060696,751057,AC-RIVET,YOSHIMURA US,YOSHI SPAREPARTS RIVET,"Remache de acero inoxidable, con cabeza de aluminio, para Silencioso Yoshimura de acero inox/titanio",3.00,2.48,1.86,AC-RIVET,0,8708923500,0,1,<p justify>*El producto puede variar según la aplicación.</p><p justify> </p><ul><li left>Remache de acero inoxidable con cabeza de aluminio</li><li left>Remache individual para manguitos de silenciador de acero inoxidable y titanio</li><li left>Vendido por unidad</li></ul>,"
*El producto puede variar según la aplicación.
 Remache de acero inoxidable con cabeza de aluminioRemache individual para manguitos de silenciador de acero inoxidable y titanioVendido por unidad",VEHICLE PARTS & ACCESSORIES,ACCESSORIES,ACC. EXHAUST,,,,5,10,45,11,11,,,,,,,,,,,,,https://api.mybihr.com/medias/800Wx800H-1060696-1.jpg?context=bWFzdGVyfHJvb3R8MTcyODB8aW1hZ2UvanBlZ3xhR1ZqTDJnMU1TOHpNekV6TWpNMU56a3hNRFUxT0M4NE1EQlhlRGd3TUVoZk1UQTJNRFk1TmkweExtcHdad3w2YTNjNGIzYzJiMjE2YTgzYTYwMGU1ZmVhMjE1MzYxMGNkYjI4MjdiZjg1MDc5OGQ3NzI3NzNmMWIyYmVmMWVi,,,,,,,,,,,https://static.bihr.pro/eBihr/Pictures/YOSHIMURA_US-pictures.zip,,,,Spain Warehouse (Parts)
1060718,757097,MD003,YOSHIMURA US,YOSHI SPAREPARTS STICKERS,Adhesivo para Silencioso Yoshimura RS-2,30.25,25.00,18.75,MD003,1,8714104000,0,1,<p justify>*El producto puede variar según la aplicación.</p>,"
*El producto puede variar según la aplicación.",VEHICLE PARTS & ACCESSORIES,ACCESSORIES,ACC. EXHAUST,,,,39,7,88,88,5,,,,,,,,,,,,,https://api.mybihr.com/medias/1060718-1-800Wx800H?context=bWFzdGVyfHJvb3R8ODMwNTd8aW1hZ2UvanBlZ3xhRGt4TDJnM01DODRPVGN5T1RJek16TTROemd5THpFd05qQTNNVGd0TVY4NE1EQlhlRGd3TUVnfGZkNmVkOWFkMDY4MzZkMzA2NTJkYzRlMzhiYzJlYWJiZDdhNjdjNThjNWRhNmRkZWU3ZGQ4NmUyNzNlMGM0Njc,,,,,,,,,,,https://static.bihr.pro/eBihr/Pictures/YOSHIMURA_US-pictures.zip,,,,Spain Warehouse (Parts)
1060720,79900165,N-RIVETMG-BLK,YOSHIMURA US,YOSHI SPAREPARTS END CAP RIVET,Remache de aluminio para placa con logo Yoshimura del Silencioso,1.00,0.83,0.62,N-RIVETMG-BLK,9,8708923500,0,1,"<p justify>*El producto puede variar según la aplicación.</p><p justify> </p><p justify>Se requiere un remache individual para la sustitución de la placa.</p><p justify> </p><ul><li left>Remache 1/8"" de aluminio negro</li><li left>Vendido por unidad</li></ul>","
*El producto puede variar según la aplicación.
 
Se requiere un remache individual para la sustitución de la placa.
 Remache 1/8"" de aluminio negroVendido por unidad",VEHICLE PARTS & ACCESSORIES,ACCESSORIES,ACC. EXHAUST,,,,13,2,58,46,5,,,,,Negro,,,,,,,,https://api.mybihr.com/medias/1060720-1-800Wx800H?context=bWFzdGVyfHJvb3R8MTIzNzB8aW1hZ2UvanBlZ3xhR1l4TDJnMk1pODRPVGN5T1RJek56TXhPVGs0THpFd05qQTNNakF0TVY4NE1EQlhlRGd3TUVnfGU2MDY0YzI0ODY5YmU4MWU5YTgxZWIxMGIxYzk1Njc5MDk4ZjJiOWE0OTQ5MzQ5YzcxZDE4MDZkYjk5ZWVlODI,,,,,,,,,,,https://static.bihr.pro/eBihr/Pictures/YOSHIMURA_US-pictures.zip,,,,Spain Warehouse (Parts)
1060722,751053,RACE-82MM,YOSHIMURA US,"YOSHI SPAREPARTS EXHAUST SPRING 2,6",Muelle de 66 mm para Silencioso Yoshimura,9.50,7.85,5.89,RACE-82MM,0,8708923500,0,1,<p justify>*El producto puede variar según la aplicación.</p><p justify> </p><ul><li left>Muelle corto con aislante con logotipo</li><li left>Longitud: 82 mm</li></ul>,"
*El producto puede variar según la aplicación.
 Muelle corto con aislante con logotipoLongitud: 82 mm",VEHICLE PARTS & ACCESSORIES,ACCESSORIES,ACC. EXHAUST,,,,25,6,59,25,17,,,,,,,,,,,,,https://api.mybihr.com/medias/800Wx800H-1060722-1.jpg?context=bWFzdGVyfHJvb3R8MTk3MTN8aW1hZ2UvanBlZ3xhR1F6TDJoaE55OHpNekV6TWpNMU9ETTJPVE14TUM4NE1EQlhlRGd3TUVoZk1UQTJNRGN5TWkweExtcHdad3xlNzUxYmJhNWJmZDcyM2QyMDBkMGI2OGM5MWE0OWUxNTFiMGI4MmNmMTBjNWQwMjQwNDg0ZmZkYTJlMWZmN2M3,,,,,,,,,,,https://static.bihr.pro/eBihr/Pictures/YOSHIMURA_US-pictures.zip,,,,Spain Warehouse (Parts)
1060728,757022,RBYM9,YOSHIMURA US,YOSHI SPAREPARTS RS9 RIVET BAND,Abrazadera de Silencioso Yoshimura RS-9,9.86,8.15,6.11,RBYM9,0,8714104000,0,1,<p justify>*El producto puede variar según la aplicación.</p>,"
*El producto puede variar según la aplicación.",VEHICLE PARTS & ACCESSORIES,ACCESSORIES,ACC. EXHAUST,,,,8,10,136,15,4,,,,,,,,,,,,,https://api.mybihr.com/medias/1060728-1-800Wx800H?context=bWFzdGVyfHJvb3R8MTE4NzYyfGltYWdlL2pwZWd8YUdVM0wyZ3dOaTg0T1RjeU9USTBNekl4T0RJeUx6RXdOakEzTWpndE1WODRNREJYZURnd01FZ3wxMTI3NzFjYTc4ZjBmOWYxYWQ0ZWQxZDZmZmMzZTkyYTJmMTY3YzFjMWM5NDkyNDE3NDhkNDZiZjI0MGIzMThl,,,,,,,,,,,https://static.bihr.pro/eBihr/Pictures/YOSHIMURA_US-pictures.zip,,,,Spain Warehouse (Parts)
1060758,757019,YM9CFCR01    ,YOSHIMURA US,YOSHI SPAREPARTS END CAP RS9,"Tapa de carbono Yoshimura RS-9, lado derecho",125.84,104.00,78.00,YM9CFCR01,1,8714104000,0,1,<p>*El producto puede variar según la aplicación.</p><p>&nbsp;</p><ul><li>Recambio Yoshimura USA</li><li>Para reacondicionar el escape RS9</li><li>Solo tapa derecha</li><li>Acabado en carbono</li></ul>,"
*El producto puede variar según la aplicación.
 Recambio Yoshimura USAPara reacondicionar el escape RS9Solo tapa derechaAcabado en carbono",VEHICLE PARTS & ACCESSORIES,ACCESSORIES,ACC. EXHAUST,,,,1200,49,132,101,90,,,,,,,,,,,,,https://api.mybihr.com/medias/1060758-1-800Wx800H?context=bWFzdGVyfHJvb3R8MTE4NzYyfGltYWdlL2pwZWd8YUdZMkwyaGpPUzg0T1RjeU9USTJNamczT1RBeUx6RXdOakEzTlRndE1WODRNREJYZURnd01FZ3xmYjQyMzA5YmQ4MjI4OTBlMzcwYzhjNjk0ZjY1NWNlNjBhNDFjZTMxOTE2MzlhM2ZkNWQ5ZTIzYzhiMzcwMzVk,,,,,,,,,,,https://static.bihr.pro/eBihr/Pictures/YOSHIMURA_US-pictures.zip,,,,Spain Warehouse (Parts)
1060732,757013,RS4-CFC,YOSHIMURA US,YOSHI SPAREPARTS END CAP RS4,Tapa de fibra de carbono para escape Yoshimura RS-4,131.89,109.00,81.75,757013,1,8714104000,0,1,"<p justify>*El producto puede variar según la aplicación.</p><p justify> </p><p justify>Las tapas suelen ser las damnificadas por los vuelcos. No temas, ¡tenemos lo que necesitas! Los kits de tapas cuentan con todo lo necesario para que tu silenciador vuelva a tener un buen aspecto.</p>","
*El producto puede variar según la aplicación.
 
Las tapas suelen ser las damnificadas por los vuelcos. No temas, ¡tenemos lo que necesitas! Los kits de tapas cuentan con todo lo necesario para que tu silenciador vuelva a tener un buen aspecto.",VEHICLE PARTS & ACCESSORIES,ACCESSORIES,ACC. EXHAUST,,,,1616,68,148,106,103,,,,,,,,,,,,,https://api.mybihr.com/medias/800Wx800H-1060732-1.jpg?context=bWFzdGVyfHJvb3R8NjcxNzh8aW1hZ2UvanBlZ3xhRFkzTDJnek5pOHpNekV6TWpNMk1EY3lPRFl3Tmk4NE1EQlhlRGd3TUVoZk1UQTJNRGN6TWkweExtcHdad3w3NWI0OGE3YjAyNDQ1MzkwOTQ1NGQzNGE0YmM1OTkwYWFiMzAyZTNhNTlkOWIzY2M4NGI0ZWRkZTVlNDMxOTBh,https://api.mybihr.com/medias/800Wx800H-1060732-2.jpg?context=bWFzdGVyfHJvb3R8NTkxNzl8aW1hZ2UvanBlZ3xhRFl5TDJnNFl5OHpNekV6TWpNMk1URTROek0xT0M4NE1EQlhlRGd3TUVoZk1UQTJNRGN6TWkweUxtcHdad3wzNzZjNmY2M2VhOTc3OThkN2ZiM2VmMzdiZGYwN2NlZjU1YjBiMDAyMjRiZjFjZTQ0NTVjMzA0YTVkZDFiNjBm,https://api.mybihr.com/medias/800Wx800H-1060732-3.jpg?context=bWFzdGVyfHJvb3R8NDY2ODJ8aW1hZ2UvanBlZ3xhREF5TDJnNVlTOHpNekV6TWpNMk1UVTRNRFUzTkM4NE1EQlhlRGd3TUVoZk1UQTJNRGN6TWkwekxtcHdad3xkN2M0NTEyNmRkMDVkNDAwZWQ2YzY3ZjA4ZTc2OGIwZDQ5Nzk1OTk2MDdlYTJhY2UyOTE2ZmNkZWEyMTJlNzFi,,,,,,,,,https://static.bihr.pro/eBihr/Pictures/YOSHIMURA_US-pictures.zip,,,,Spain Warehouse (Parts)
1060707,757147,GRMT-RS9,YOSHIMURA US,YOSHI SPAREPARTS DB KILLER SCREW CAP,Capuchón de goma para db-killer de escape Yoshimura,8.65,7.15,5.36,GRMT-RS9,1,8708923500,0,1,"<p justify>*El producto puede variar según la aplicación.</p><p justify> </p><p justify>Tapón de recambio para cubrir el agujero del tornillo insonorizador/protector antichispas Se adapta SOLAMENTE a los silenciadores Yoshimura RS-9, RS-9T y RS-12.</p>","
*El producto puede variar según la aplicación.
 
Tapón de recambio para cubrir el agujero del tornillo insonorizador/protector antichispas Se adapta SOLAMENTE a los silenciadores Yoshimura RS-9, RS-9T y RS-12.",VEHICLE PARTS & ACCESSORIES,ACCESSORIES,ACC. EXHAUST,,,,1,3,17,15,5,,,,,,,,,,,,,https://api.mybihr.com/medias/1060707-1-800Wx800H?context=bWFzdGVyfHJvb3R8MTM1MjE2fGltYWdlL2pwZWd8YURsaUwyaGpZeTg0T1RjeU9USXlOelE0T1RVNEx6RXdOakEzTURjdE1WODRNREJYZURnd01FZ3xiMTU2OTA0MTQ1ZDRiNGUyZDcyNWE1M2Q4MjgyYzY2MjY2NGI3YjJjYTZmNTlkYmU1YWQ5ODE4YjI2MzJlMGU1,,,,,,,,,,,https://static.bihr.pro/eBihr/Pictures/YOSHIMURA_US-pictures.zip,,,,Spain Warehouse (Parts)
1060708,757042,INS-10-K,YOSHIMURA US,YOSHI SPAREPARTS DB KILLER RS4,"dB-killer para escape Yoshimura RS-4, para KTM Suzuki RM-Z250 (Ø41,3 mm)",50.51,41.74,31.31,INS-10-K,1,8714104000,0,1,"<p justify>*El producto puede variar según la aplicación.</p><p justify> </p><ul><li>Recambio para el kit de insonorizadores de los silenciadores RS-4</li><li> Sin protector antichispas</li><li>Disponible como kit opcional en aplicaciones que requieran restricciones acústicas diferentes</li><li>La reducción de los decibelios depende de la aplicación</li><li>El kit incluye:<br><ul><li>Tubo insonorizador</li><li>Brida de cierre</li><li>Kit de tornillos</li></ul></li></ul><p> </p><p><iframe src=//www.youtube.com/embed/m8WhKb width=100% height=314"" allowfullscreen=allowfullscreen></iframe></p>","
*El producto puede variar según la aplicación.
 Recambio para el kit de insonorizadores de los silenciadores RS-4 Sin protector antichispasDisponible como kit opcional en aplicaciones que requieran restricciones acústicas diferentesLa reducción de los decibelios depende de la aplicaciónEl kit incluye:Tubo insonorizadorBrida de cierreKit de tornillos
 
",VEHICLE PARTS & ACCESSORIES,ACCESSORIES,ACC. EXHAUST,,,,10,110,45,15,15,,,,,,,,,,,,,,,,,,,,,,,,https://static.bihr.pro/eBihr/Pictures/YOSHIMURA_US-pictures.zip,,,,Spain Warehouse (Parts)
1060735,76036343,RS5-ECG,YOSHIMURA US,YOSHI SPAREPARTS END CAP RS5,"Tapa de acero inoxidable Yoshimura, para Silencioso RS-5",45.50,37.60,28.20,76036343,2,8714104000,0,1,"<p justify>*El producto puede variar según la aplicación.</p><p justify> </p><p justify>Las tapas suelen ser las damnificadas por los vuelcos. No temas, ¡tenemos lo que necesitas! Los kits de tapas cuentan con todo lo necesario para que tu silenciador vuelva a tener un buen aspecto.</p>","
*El producto puede variar según la aplicación.
 
Las tapas suelen ser las damnificadas por los vuelcos. No temas, ¡tenemos lo que necesitas! Los kits de tapas cuentan con todo lo necesario para que tu silenciador vuelva a tener un buen aspecto.",VEHICLE PARTS & ACCESSORIES,ACCESSORIES,ACC. EXHAUST,,,,1616,235,148,106,103,,,,,,,,,,,,,,,,,,,,,,,,https://static.bihr.pro/eBihr/Pictures/YOSHIMURA_US-pictures.zip,,,,Spain Warehouse (Parts)
1060745,757075,SA-05-K,YOSHIMURA US,YOSHI SPAREPARTS DB KILLER RS8,Protector antichispas para Silencioso Yoshimura RS-5,59.50,49.17,36.88,SA-05-K,1,8714104000,0,1,"<p justify>*El producto puede variar según la aplicación.</p><p justify> </p><ul><li left>Protector antichispas de recambio para los silenciadores off-road RS-5 y RS-8, aprobado por el USFS (Servicio Forestal de los Estados Unidos).</li><li left>Disponible como protector antichispas opcional en aplicaciones no equipadas de origen con protector antichispas.</li><li left>El kit incluye:<br><ul><li left>Pieza protector antichispas</li><li left>Brida de cierre</li><li left>Kit de tornillos</li></ul></li></ul><p> </p><p><iframe src=//www.youtube.com/embed/m8WhKb width=100% height=314"" allowfullscreen=allowfullscreen></iframe></p>","
*El producto puede variar según la aplicación.
 Protector antichispas de recambio para los silenciadores off-road RS-5 y RS-8, aprobado por el USFS (Servicio Forestal de los Estados Unidos).Disponible como protector antichispas opcional en aplicaciones no equipadas de origen con protector antichispas.El kit incluye:Pieza protector antichispasBrida de cierreKit de tornillos
 
",VEHICLE PARTS & ACCESSORIES,ACCESSORIES,ACC. EXHAUST,,,,686,135,194,68,52,,,,,,,,,,,,,https://api.mybihr.com/medias/800Wx800H-1060745-1.jpg?context=bWFzdGVyfHJvb3R8MzA0MzN8aW1hZ2UvanBlZ3xhRFF5TDJnNE5TOHpNekV6TWpNMk16a3pPVGczTUM4NE1EQlhlRGd3TUVoZk1UQTJNRGMwTlMweExtcHdad3xmMDJhMTJlNGIyYzY3NDdkNTRmZWY1MjgyZDE4MDUzNjMyMjIyYjdjMDY5NDljMDM5ODhiMWRhM2IxNGVhNDkz,,,,,,,,,,,https://static.bihr.pro/eBihr/Pictures/YOSHIMURA_US-pictures.zip,,,,Spain Warehouse (Parts)
1088498001,701001100206,234830D320,YOSHIMURA US,"YOSHI EXHAUST FULL SYSTEM, ALU/CAR","Linea completa escape Yoshimura Signature RS-4, acero inox, Silencioso de aluminio, Yamaha YZ450F",1009.99,834.70,626.03,234830D320,2,8708923500,0,1,"<p justify>*El producto puede variar según la aplicación.</p><p justify> </p><p justify>El trabajo realizado para desarrollar el silenciador RS-4 ha dado grandes frutos en las carreras off-road, ganando múltiples títulos de Supercross y Motocross desde su creación. El departamento de I+D de Yoshimura USA se ha dedicado a desarrollar la nueva generación de RS-4, un diseño único que proporciona una combinación inigualable entre potencia y un sonido de escape silencioso. El RS-4 cuenta con una cámara polirresonante doble, un deflector escalonado en dos niveles y una innovadora cola de escape en carbono.</p><p justify> </p><ul><li left>Silenciador pentagonal</li><li left>Diseño de cámara doble polirresonante: más silencioso a la vez que aumenta la potencia en todo el rango de funcionamiento</li><li left>Defelector escalonado en dos niveles</li><li left>Cola de escape en fibra de carbono</li><li left>Tubo de escape y colector de acero inoxidable</li></ul>","
*El producto puede variar según la aplicación.
 
El trabajo realizado para desarrollar el silenciador RS-4 ha dado grandes frutos en las carreras off-road, ganando múltiples títulos de Supercross y Motocross desde su creación. El departamento de I+D de Yoshimura USA se ha dedicado a desarrollar la nueva generación de RS-4, un diseño único que proporciona una combinación inigualable entre potencia y un sonido de escape silencioso. El RS-4 cuenta con una cámara polirresonante doble, un deflector escalonado en dos niveles y una innovadora cola de escape en carbono.
 Silenciador pentagonalDiseño de cámara doble polirresonante: más silencioso a la vez que aumenta la potencia en todo el rango de funcionamientoDefelector escalonado en dos nivelesCola de escape en fibra de carbonoTubo de escape y colector de acero inoxidable",VEHICLE PARTS & ACCESSORIES,ACCESSORIES,ACC. EXHAUST,Aluminio / Carbono,,,55511,6500,980,238,238,Carbono,Aluminio,Acero,,,,,Solo para uso en circuito,,,,,https://api.mybihr.com/medias/1088498001-1-800Wx800H?context=bWFzdGVyfHJvb3R8NjM0MjZ8aW1hZ2UvanBlZ3xhRGcxTDJobU1pODRPVGd3T0RNNU5ETXlNakl5THpFd09EZzBPVGd3TURFdE1WODRNREJYZURnd01FZ3wwMjcxMmJmODFlYjI0MWZhZDVjNDU5ZmY2NGUxOWZmMWQwNmQ1NzVlZGU1MzNiMmU4MTYxNWRlYjhlMmVjYzE0,https://api.mybihr.com/medias/1088498001-2-800Wx800H?context=bWFzdGVyfHJvb3R8NjY4MjJ8aW1hZ2UvanBlZ3xhR000TDJobFlpODRPVGd3T0RNNU5qSTRPRE13THpFd09EZzBPVGd3TURFdE1sODRNREJYZURnd01FZ3xkZGFmMzFkN2Q2M2NmMzc4ZjQwMDNlMmJmZTIxMDhkNGZlZDljYmU3NDMyMzUyNDA4NzgwZGM2ZjA1OTg0MDc1,https://api.mybihr.com/medias/1088498001-3-800Wx800H?context=bWFzdGVyfHJvb3R8NzU3Mjh8aW1hZ2UvanBlZ3xhR1k0TDJobE5DODRPVGd3T0RNNU9ESTFORE00THpFd09EZzBPVGd3TURFdE0xODRNREJYZURnd01FZ3xiZWE2NjhhZjk1NGMyNTllZjkxZDg1YWNjYWFiOTg2MWZlMWZjYjU4MDk3Y2IyNDg4NWZkODlhMTZmMDQ4MDk2,https://api.mybihr.com/medias/1088498001-4-800Wx800H?context=bWFzdGVyfHJvb3R8NzY2MDB8aW1hZ2UvanBlZ3xhRFE1TDJneE55ODRPVGd3T0RRd01ESXlNRFEyTHpFd09EZzBPVGd3TURFdE5GODRNREJYZURnd01FZ3xlYTIyNDljZjJmODUwM2I4NjI1ODdjN2FhZTViNWJhZTQ5NDBhYjJlMWI4NGU3OWJkMmQ1OTVmOTViY2IwZGIw,,,,,,,,https://static.bihr.pro/eBihr/Pictures/YOSHIMURA_US-pictures.zip,,,,Spain Warehouse (Parts)
1088486001,757135,225841R720,YOSHIMURA US,"YOSHI EXHAUST FULL SYSTEM, TIT/CAR","Linea completa escape Yoshimura Signature RS-9T, titanio, con tapa fibra de carbono, Honda CRF450R/RX",2139.50,1768.18,1326.14,225841R720,5,8714104000,0,1,"<p justify>*El producto puede variar según la aplicación.</p><p justify> </p><p justify>La nueva configuración de motor y silenciador de la CRF450R nos dio la oportunidad de crear un sistema completamente nuevo, fabricado específicamente para las nuevas máquinas CRF450. Presentamos nuestro nuevo sistema de escape RS-9T Signature Series, con silenciador doble cónico, para la nueva CRF450R.</p><p justify> </p><p justify>Yoshimura ha estado trabajando incesantemente en el desarrollo con los ingenieros de American Honda HRC, para maximizar el rendimiento y la centralización de la masa, y así optimizar las prestaciones para el piloto. Yoshimura ha logrado todo esto al desplazar hacia delante los nuevos silenciadores del RS-9T, con el fin de recogerlos debajo de las placas de matrícula laterales. Gracias a la colaboración con los ingenieros de competición de HRC, al nuevo motor Unicam de 449 cc y a su exclusivo sistema de inyección de combustible tipo downdraft, Yoshimura ha sido capaz de ofrecer un escape que proporcione una potencia más dócil y un par motor mejorado.</p><p justify> </p><p justify>Algunas de las características del nuevo sistema RS-9T de silenciador cónico doble para la CRF450R/RX son:</p><p justify> </p><ul><li left>Testado en banco de potencia y en pista por Honda R&D en Japón, por el American Honda MX Team y por el HRC All Japan MX Racing Team</li><li left>Colector de tres fases, que permite un mayor rango de potencia y respuesta del acelerador</li><li left>El nuevo divisor del tubo de escape genera un flujo de escape más suave, y una mayor velocidad hacia el tubo de escape derecho e izquierdo</li><li left>Nuevo diseño de silenciador RS-9T, compacto y adelantado, que presenta un centro de gravedad más bajo para centralizar mejor el peso</li><li left>Su núcleo es más grande, lo que mejora la respuesta del acelerador y la potencia en la parte media y alta</li><li left>Los nuevos silenciadores RS-9T tienen más volumen que los de fábrica, lo que permite reducir el nivel de ruido en dB.</li><li left>Funciona con o sin el nuevo sistema de arranque eléctrico opcional de Honda</li><li left>Tubo de escape y colector de titanio</li><li left>Peso: 0,63 kg más ligero que la configuración de fábrica</li></ul><p> </p><p><iframe src=//www.youtube.com/embed/k48F5c1ZXqw width=100% height=314"" allowfullscreen=allowfullscreen></iframe></p> ","
*El producto puede variar según la aplicación.
 
La nueva configuración de motor y silenciador de la CRF450R nos dio la oportunidad de crear un sistema completamente nuevo, fabricado específicamente para las nuevas máquinas CRF450. Presentamos nuestro nuevo sistema de escape RS-9T Signature Series, con silenciador doble cónico, para la nueva CRF450R.
 
Yoshimura ha estado trabajando incesantemente en el desarrollo con los ingenieros de American Honda HRC, para maximizar el rendimiento y la centralización de la masa, y así optimizar las prestaciones para el piloto. Yoshimura ha logrado todo esto al desplazar hacia delante los nuevos silenciadores del RS-9T, con el fin de recogerlos debajo de las placas de matrícula laterales. Gracias a la colaboración con los ingenieros de competición de HRC, al nuevo motor Unicam de 449 cc y a su exclusivo sistema de inyección de combustible tipo downdraft, Yoshimura ha sido capaz de ofrecer un escape que proporcione una potencia más dócil y un par motor mejorado.
 
Algunas de las características del nuevo sistema RS-9T de silenciador cónico doble para la CRF450R/RX son:
 Testado en banco de potencia y en pista por Honda R&D en Japón, por el American Honda MX Team y por el HRC All Japan MX Racing TeamColector de tres fases, que permite un mayor rango de potencia y respuesta del aceleradorEl nuevo divisor del tubo de escape genera un flujo de escape más suave, y una mayor velocidad hacia el tubo de escape derecho e izquierdoNuevo diseño de silenciador RS-9T, compacto y adelantado, que presenta un centro de gravedad más bajo para centralizar mejor el pesoSu núcleo es más grande, lo que mejora la respuesta del acelerador y la potencia en la parte media y altaLos nuevos silenciadores RS-9T tienen más volumen que los de fábrica, lo que permite reducir el nivel de ruido en dB.Funciona con o sin el nuevo sistema de arranque eléctrico opcional de HondaTubo de escape y colector de titanioPeso: 0,63 kg más ligero que la configuración de fábrica
 
 ",VEHICLE PARTS & ACCESSORIES,ACCESSORIES,ACC. EXHAUST,Titanio / Carbono,,,72567,6975,745,385,253,Carbono,Titanio,Titanio,,,,,Solo para uso en circuito,,,,,https://api.mybihr.com/medias/1088486001-1-800Wx800H?context=bWFzdGVyfHJvb3R8NDMwNzB8aW1hZ2UvanBlZ3xhR1k1TDJnNFlpODRPVGd3T0RJM056QXhNamM0THpFd09EZzBPRFl3TURFdE1WODRNREJYZURnd01FZ3xjMjA0NzcyNjE1YTI0ZDk3ZTA0NjM5ZTYxNzA5MTM4ZmJjOTYxMmJhNTVkYzdlNmQ0NGEzN2UzMWQ2ZDE1YTFm,https://api.mybihr.com/medias/1088486001-2-800Wx800H?context=bWFzdGVyfHJvb3R8NDA1NTN8aW1hZ2UvanBlZ3xhRGhqTDJnNE55ODRPVGd3T0RJM09EazNPRGcyTHpFd09EZzBPRFl3TURFdE1sODRNREJYZURnd01FZ3xkMGI3ZmE2Y2NiYjRmY2QzMzU3YWFkZTFmNjA0NGEzMmY2NDJkMWZhMzI1NTNjZTg3NzI0ZmE5N2JmOGI1YWYz,https://api.mybihr.com/medias/1088486001-3-800Wx800H?context=bWFzdGVyfHJvb3R8NTQwMTZ8aW1hZ2UvanBlZ3xhREV3TDJnek9TODRPVGd3T0RJNE1EazBORGswTHpFd09EZzBPRFl3TURFdE0xODRNREJYZURnd01FZ3wwY2QyYzM5N2NjMzY0ZTZhMDU3OTU0NzQ2ZGQ3ZTY5ZmU5MmU3ODIwMTIwMTMzNGE1NDI0ODFhMDhiM2M2ZDYw,https://api.mybihr.com/medias/1088486001-4-800Wx800H?context=bWFzdGVyfHJvb3R8NTk4Njh8aW1hZ2UvanBlZ3xhRE5tTDJnek1pODRPVGd3T0RJNE1qa3hNVEF5THpFd09EZzBPRFl3TURFdE5GODRNREJYZURnd01FZ3wwZjhlNjliNTJiODg4MDQxZTdmYzIxNzlhMDJkOWVhZDUxZTAzMWU3NTFlZGNlNTczNGMzOWEyNzA5ZDI4YWNl,https://api.mybihr.com/medias/1088486001-5-800Wx800H?context=bWFzdGVyfHJvb3R8NjA4MzV8aW1hZ2UvanBlZ3xhRGd5TDJneVlpODRPVGd3T0RJNE5EZzNOekV3THpFd09EZzBPRFl3TURFdE5WODRNREJYZURnd01FZ3w5ZmNlNDZjMmYzMjYyZWFlMzIyYTNjNTM1ZmNkNmM1N2UyYzg2NzJmZTRhMmFkNGZjYzE3MWJhODBjYWFmNDVm,,,,,,,https://static.bihr.pro/eBihr/Pictures/YOSHIMURA_US-pictures.zip,,,,Spain Warehouse (Parts)
1088497001,757026,234810D321,YOSHIMURA US,"YOSHI EXHAUST FULL SYSTEM, SST/CAR","Linea completa escape Yoshimura Signature RS-4, inox, Silencioso aluminio y tapa carbon, YZ450F",1157.16,956.33,710.25,234810D321,1,8714104000,0,1,"<p justify>*El producto puede variar según la aplicación.</p><p justify> </p><p justify>El trabajo realizado para desarrollar el silenciador RS-4 ha dado grandes frutos en las carreras off-road, ganando múltiples títulos de Supercross y Motocross desde su creación. El departamento de I+D de Yoshimura USA se ha dedicado a desarrollar la nueva generación de RS-4, un diseño único que proporciona una combinación inigualable entre potencia y un sonido de escape silencioso. El RS-4 cuenta con una cámara polirresonante doble, un deflector escalonado en dos niveles y una innovadora cola de escape en carbono.</p><p justify> </p><ul><li justify>Silenciador pentagonal</li><li justify>Diseño de cámara doble polirresonante: más silencioso a la vez que aumenta la potencia en todo el rango de funcionamiento</li><li justify>Defelector escalonado en dos niveles</li><li justify>Cola de escape en fibra de carbono</li><li justify>Tubo de escape y colector de acero inoxidable</li></ul>","
*El producto puede variar según la aplicación.
 
El trabajo realizado para desarrollar el silenciador RS-4 ha dado grandes frutos en las carreras off-road, ganando múltiples títulos de Supercross y Motocross desde su creación. El departamento de I+D de Yoshimura USA se ha dedicado a desarrollar la nueva generación de RS-4, un diseño único que proporciona una combinación inigualable entre potencia y un sonido de escape silencioso. El RS-4 cuenta con una cámara polirresonante doble, un deflector escalonado en dos niveles y una innovadora cola de escape en carbono.
 Silenciador pentagonalDiseño de cámara doble polirresonante: más silencioso a la vez que aumenta la potencia en todo el rango de funcionamientoDefelector escalonado en dos nivelesCola de escape en fibra de carbonoTubo de escape y colector de acero inoxidable",VEHICLE PARTS & ACCESSORIES,ACCESSORIES,ACC. EXHAUST,S. Steel / Carbon,,,60078,6499,985,251,243,Carbono,Acero inoxidable,Acero inoxidable,,,,,Solo para uso en circuito,,,,,https://api.mybihr.com/medias/1088497001-1-800Wx800H?context=bWFzdGVyfHJvb3R8OTcxMjB8aW1hZ2UvanBlZ3xhRFUyTDJobU9TODRPVGd3T0RNNU1qTTFOakUwTHpFd09EZzBPVGN3TURFdE1WODRNREJYZURnd01FZ3w0NGU1MjViZWI0MWQ3ZmNjZjlhN2MzYTgxMjgwNWQ2YzcxZDAzZjIzODE4MmQ0NzUxOTg4Y2QyNTUxZjY5YWUz,,,,,,,,,,,https://static.bihr.pro/eBihr/Pictures/YOSHIMURA_US-pictures.zip,,,,Spain Warehouse (Parts)
1088503001,757127,244710D321,YOSHIMURA US,"YOSHI EXHAUST FULL SYSTEM, ALU/CAR","Linea completa escape Yoshimura Signature RS-4E, inox, Silencioso aluminio, Kawasaki KX450F",1114.79,921.31,690.98,17936308,1,8714104000,0,1,"<p justify>*El producto puede variar según la aplicación.</p><p justify> </p><p justify>Presentamos los sistemas de competición Yoshimura RS-4E Signature Series, diseñados para cumplir con las restricciones de sonido más extremas del mundo. Estos nuevos sistemas se han desarrollado para mejorar la durabilidad entre los ciclos de mantenimiento, gracias a una nueva configuración interna. La nueva configuración de los componentes permite un mejor control del sonido/ruido —de cara a las estrictas normativas de la FIM en la competición mundial—, en comparación con el RS-4, su hmólogo legendario. Probado desde las arenas de Lommel, Bélgica, hasta las pistas de Supercross de fábrica en el sur de California.</p><p justify> </p><ul><li justify>La configuración única del silenciador interno permite que el sistema cumpla con la normativa de ruido de la FIM</li><li justify>Mayor durabilidad entre ciclos de mantenimiento</li><li justify>Silenciador pentagonal</li><li justify>Placa de montaje mecanizada mediante CNC</li><li justify>Diseño de cámara doble polirresonante: más silencioso a la vez que aumenta la potencia en todo el rango de funcionamiento</li><li justify>Cubierta de aluminio con tapa de fibra de carbono</li><li justify>Tubo de escape y colector de acero inoxidable</li></ul>","
*El producto puede variar según la aplicación.
 
Presentamos los sistemas de competición Yoshimura RS-4E Signature Series, diseñados para cumplir con las restricciones de sonido más extremas del mundo. Estos nuevos sistemas se han desarrollado para mejorar la durabilidad entre los ciclos de mantenimiento, gracias a una nueva configuración interna. La nueva configuración de los componentes permite un mejor control del sonido/ruido —de cara a las estrictas normativas de la FIM en la competición mundial—, en comparación con el RS-4, su hmólogo legendario. Probado desde las arenas de Lommel, Bélgica, hasta las pistas de Supercross de fábrica en el sur de California.
 La configuración única del silenciador interno permite que el sistema cumpla con la normativa de ruido de la FIMMayor durabilidad entre ciclos de mantenimientoSilenciador pentagonalPlaca de montaje mecanizada mediante CNCDiseño de cámara doble polirresonante: más silencioso a la vez que aumenta la potencia en todo el rango de funcionamientoCubierta de aluminio con tapa de fibra de carbonoTubo de escape y colector de acero inoxidable",VEHICLE PARTS & ACCESSORIES,ACCESSORIES,ACC. EXHAUST,Aluminio / Carbono,,,44758,5758,743,251,240,,,,,,,,Solo para uso en circuito,,,,,https://api.mybihr.com/medias/1088503001-1-800Wx800H?context=bWFzdGVyfHJvb3R8NjY0NjZ8aW1hZ2UvanBlZ3xhREpqTDJnNU1pODRPVGd3T0RReE5USTVNemMwTHpFd09EZzFNRE13TURFdE1WODRNREJYZURnd01FZ3w2NGMzNDE1ZDY1ZTJkYzZiZDVlNzkwOWNiZDM5NmI2ZWJhMmQ2OGZkNzJhZDkxMmFjZTQ3NmE1YWM3OWIxMTQx,https://api.mybihr.com/medias/1088503001-2-800Wx800H?context=bWFzdGVyfHJvb3R8NjY0NzB8aW1hZ2UvanBlZ3xhR1pqTDJnNU9DODRPVGd3T0RReE56STFPVGd5THpFd09EZzFNRE13TURFdE1sODRNREJYZURnd01FZ3wzNzU1OTk2MjZlZmFhYjJiZTBlOTI5ZWNlN2E3ZjcxM2I4NmMyOTIzMGQyYTg2MWY2ZDI4MWYyZTFmNDgzYTc3,https://api.mybihr.com/medias/1088503001-3-800Wx800H?context=bWFzdGVyfHJvb3R8NjA3NTB8aW1hZ2UvanBlZ3xhR05rTDJnNVppODRPVGd3T0RReE9USXlOVGt3THpFd09EZzFNRE13TURFdE0xODRNREJYZURnd01FZ3xkZmY5ZTljYTc3ZWFhOWQzYzEyMTNmMGFlOGIzOWFiYzNjYmU1NGFmNTdlZGJiZDg5YmM4ZjU4M2UwMDUwNTE4,https://api.mybihr.com/medias/1088503001-4-800Wx800H?context=bWFzdGVyfHJvb3R8NDYxMTF8aW1hZ2UvanBlZ3xhRE0yTDJobFpTODRPVGd3T0RReU1URTVNVGs0THpFd09EZzFNRE13TURFdE5GODRNREJYZURnd01FZ3w5ZjNlMjdkMTBkOGU4NTI5MWEwYmJlNTg4MWQ1M2JmZDgwNTA3OWMwMGJkOWE3OGJkMmQxMGVjZmI2N2UxODkw,,,,,,,,https://static.bihr.pro/eBihr/Pictures/YOSHIMURA_US-pictures.zip,,,,Spain Warehouse (Parts)
1119392001,,225851S721,YOSHIMURA US,"YOSHI EXHAUST FULL SYSTEM, TIT/TIT",Línea completa de escape YOSHIMURA RS-12 - Honda CRF450R/RX/WE,2213.99,1829.74,1372.31,840025914131,0,8714949090,0,1,"<p>En la interminable b&uacute;squeda de crear el mejor sistema de escape, Yoshimura presenta el &uacute;ltimo sistema RS-12 de titanio para la Honda CRF450R 2023.</p>
<p>&iquest;Por qu&eacute; se han tomado la molestia de introducir un sistema completamente nuevo para la CRF450? Con la &uacute;ltima especificaci&oacute;n del motor, los ingenieros quer&iacute;an obtener la mejor potencia utilizable de este nuevo modelo.</p>
<p>Este nuevo sistema se ha desarrollado con y es lo m&aacute;s parecido a lo que el 5&ordm; Campe&oacute;n del Mundo Tim Gajser, Mitch Evans, Ken Roczen y Chase Sexton han estado utilizando para conseguir agujeros y ganar carreras. Aumentando el resonador en el silenciador RS-12 en 50cc (un aumento del 14%) y a&ntilde;adiendo un segundo resonador al cabezal, los ingenieros fueron capaces de desbloquear algo de potencia utilizable de este nuevo y mejorado sistema.</p>
<p><strong>&iquest;En qu&eacute; se traduce esto?</strong></p>
<ul>
	<li>Una entrega de potencia m&aacute;s f&aacute;cil</li>
	<li>Un par motor m&aacute;s suave en la parte delantera</li>
	<li>Permite al piloto conducir en una marcha superior, liberando as&iacute; la suspensi&oacute;n.</li>
	<li>Menos fatiga para el piloto</li>
	<li>Fabricado con tubos de titanio japoneses de primera calidad, este nuevo sistema a&ntilde;ade un 5% de potencia m&aacute;xima y un 6,5% de par m&aacute;ximo a la nueva especificaci&oacute;n del motor con su cuerpo de aceleraci&oacute;n m&aacute;s peque&ntilde;o y diferentes ajustes de la ECU.</li>
</ul>

<p>El RS-12 ha sido desarrollado, dise&ntilde;ado y fabricado con orgullo en los Estados Unidos.</p>","
En la interminable búsqueda de crear el mejor sistema de escape, Yoshimura presenta el último sistema RS-12 de titanio para la Honda CRF450R 2023.

¿Por qué se han tomado la molestia de introducir un sistema completamente nuevo para la CRF450? Con la última especificación del motor, los ingenieros querían obtener la mejor potencia utilizable de este nuevo modelo.

Este nuevo sistema se ha desarrollado con y es lo más parecido a lo que el 5º Campeón del Mundo Tim Gajser, Mitch Evans, Ken Roczen y Chase Sexton han estado utilizando para conseguir agujeros y ganar carreras. Aumentando el resonador en el silenciador RS-12 en 50cc (un aumento del 14%) y añadiendo un segundo resonador al cabezal, los ingenieros fueron capaces de desbloquear algo de potencia utilizable de este nuevo y mejorado sistema.

¿En qué se traduce esto?

	Una entrega de potencia más fácil
	Un par motor más suave en la parte delantera
	Permite al piloto conducir en una marcha superior, liberando así la suspensión.
	Menos fatiga para el piloto
	Fabricado con tubos de titanio japoneses de primera calidad, este nuevo sistema añade un 5% de potencia máxima y un 6,5% de par máximo a la nueva especificación del motor con su cuerpo de aceleración más pequeño y diferentes ajustes de la ECU.



El RS-12 ha sido desarrollado, diseñado y fabricado con orgullo en los Estados Unidos.",VEHICLE PARTS & ACCESSORIES,ACCESSORIES,ACC. EXHAUST,Titanio / Titanio,,,53568,6160,970,235,235,Carbono,Titanio,Titanio,,,,,Solo para uso en circuito,,,Nivel estándar,,https://api.mybihr.com/medias/1119392001-1-800Wx800H?context=bWFzdGVyfHJvb3R8NzUyMDl8aW1hZ2UvanBlZ3xhR1F5TDJnNE5TOHlPRGt3TlRFeE1UYzRNVFF3Tmk4eE1URTVNemt5TURBeExURmZPREF3VjNnNE1EQkl8Y2FkNGNjNTk2OTk2NThhMWZiMWQyYjI2YTUzZGI0OGE0MWFkYmQwYzBiMDY2Zjg2ZmViN2EyODgxZjQ0NGRmNw,https://api.mybihr.com/medias/1119392001-2-800Wx800H?context=bWFzdGVyfHJvb3R8MTA0NjA2fGltYWdlL2pwZWd8YURCaUwyaGtZaTh5T0Rrd05URXhNakUzTkRZeU1pOHhNVEU1TXpreU1EQXhMVEpmT0RBd1YzZzRNREJJfDM2Mzk0YzRhNTgxMDY3Mjk0NjM5ZWY1ODM1YmIzNDQxZGE1MGRjZGMxYWFiMDk4M2EwNzZlM2EzNWM1MjU3YzM,https://api.mybihr.com/medias/1119392001-3-800Wx800H?context=bWFzdGVyfHJvb3R8MTIzNjkwfGltYWdlL2pwZWd8YURrNUwyaGxPQzh5T0Rrd05URXhNalUyTnpnek9DOHhNVEU1TXpreU1EQXhMVE5mT0RBd1YzZzRNREJJfDdiODczMTg5NTg2ZDgzYTljNTgwOTM1ZThhZDEwMTgzZGEyZWE5YzFiY2VhZDMwYmRkN2RmZTQ3NDhjYjc1Mzc,https://api.mybihr.com/medias/1119392001-4-800Wx800H?context=bWFzdGVyfHJvb3R8MTI4Mjc3fGltYWdlL2pwZWd8YUROaEwyaG1OaTh5T0Rrd05URXhNamsyTVRBMU5DOHhNVEU1TXpreU1EQXhMVFJmT0RBd1YzZzRNREJJfDc0Y2ZmNzVhZDdmNTJhNDhhZjcwNDE1MDY0ZDNlMDVkZmEyZDg2NDUzMDg4ZGM0YzUyZDFkMTBkYzc4NmEyY2M,https://api.mybihr.com/medias/1119392001-5-800Wx800H?context=bWFzdGVyfHJvb3R8MTI4Mjc3fGltYWdlL2pwZWd8YURoakwyaGlOQzh5T0Rrd05URXhNek0xTkRJM01DOHhNVEU1TXpreU1EQXhMVFZmT0RBd1YzZzRNREJJfGQ4MGY1Yjc1OWNkNmNhYWYwZWQ1MGM4MGEzOTA4Y2MxZmQ0MTRjYjMxZWMyODAyOTBlNWEyYmQ4YTUzZmZjNWQ,https://api.mybihr.com/medias/1119392001-6-800Wx800H?context=bWFzdGVyfHJvb3R8ODMzMjR8aW1hZ2UvanBlZ3xhR1ptTDJoaE5pOHlPRGt3TlRFeE16YzBOelE0Tmk4eE1URTVNemt5TURBeExUWmZPREF3VjNnNE1EQkl8ZDhkNDVjMGNlM2JiYzhmOWY3MjU3MzQ2NWRjMjgxYWFiY2ZjZDI0ZGM4NzBhMGI4MTg2YzJhZTQ0Y2M1OWI2Mg,https://api.mybihr.com/medias/1119392001-7-800Wx800H?context=bWFzdGVyfHJvb3R8NDM2NDB8aW1hZ2UvanBlZ3xhR0l6TDJnMU1TOHlPRGt3TlRFeE5ERTBNRGN3TWk4eE1URTVNemt5TURBeExUZGZPREF3VjNnNE1EQkl8ZmRiMjViNmZlYmJhZGQ0ZjNmMTYzOTM4YTRjYjIzZWRhY2EwZWFlZTE4NDllYTE4ZWQ4ZjRiMjIxZGNiM2RmNA,https://api.mybihr.com/medias/1119392001-8-800Wx800H?context=bWFzdGVyfHJvb3R8NzE4ODN8aW1hZ2UvanBlZ3xhREkxTDJnME5DOHlPRGt3TlRFeE5EVXpNemt4T0M4eE1URTVNemt5TURBeExUaGZPREF3VjNnNE1EQkl8YTIwYTMzNDkyMzIxNGMxNWVhNjdlNWYxYzA2MzFkY2VlZjRjOWY3NjhiOTUxMmY1NWVlMDUwYzU4ZDk1M2UwZg,https://api.mybihr.com/medias/1119392001-9-800Wx800H?context=bWFzdGVyfHJvb3R8MTgzMzk1fGltYWdlL2pwZWd8YURrNEwyZ3pOaTh5T0Rrd05URXhORGt5TnpFek5DOHhNVEU1TXpreU1EQXhMVGxmT0RBd1YzZzRNREJJfDczODNiMWViMTQ3MjhkZDQ4ZDE0YWFmMTc5MzdjZjk4NDY3NzdmMDE4NTRjYTExMDMwZTIzMjY3NjljYTgyMDQ,https://api.mybihr.com/medias/1119392001-10-800Wx800H?context=bWFzdGVyfHJvb3R8MTA1NDgwfGltYWdlL2pwZWd8YUdJMEwyZ3haUzh5T0Rrd05URXhOVE15TURNMU1DOHhNVEU1TXpreU1EQXhMVEV3WHpnd01GZDRPREF3U0F8MmNmOGUzYTFiMTVlYjBmNGYxNWUyMzk1MTA0N2JlM2Q2YWEyOGM4MDg2NjgwMmM4ZTIzOTIwYTkwMmJlMTAxZQ,https://api.mybihr.com/medias/1119392001-11-800Wx800H?context=bWFzdGVyfHJvb3R8MTQ5NDEzfGltYWdlL2pwZWd8YURReEwyZ3lZeTh5T0Rrd05URXhOVGN4TXpVMk5pOHhNVEU1TXpreU1EQXhMVEV4WHpnd01GZDRPREF3U0F8MWM0YjEyMTgxNTZlMGExOThiNGU5ZWVhNTQwNGEzZjAwMzBlOGUwNjYzM2UwYjgxYjMzNmVmZDQ3YTU1ZDQxMQ,https://static.bihr.pro/eBihr/Pictures/YOSHIMURA_US-pictures.zip,,,,Spain Warehouse (Parts)
1088468001,757060,2215503,YOSHIMURA US,"YOSHI EXHAUST FULL SYSTEM, ALU/SST","Linea completa escape Yoshimura RS-2, acero inox, Silencioso aluminio y tapa inox, Honda CRF150R/RB",953.82,788.28,591.21,2215503,0,8714104000,0,1,"<p justify>*El producto puede variar según la aplicación.</p><p justify> </p><p justify>El RS-2 es un diseño potente y versátil que ha evolucionado a partir de nuestro TRC original, diseñado para proporcionar una mayor potencia y entrega de energía. Con una forma piramidal diferente que presenta un mayor volumen, el RS-2 es un sistema más silencioso pero con un núcleo más grande, que además ofrece la ventaja de un rendimiento excepcional a un precio asequible.</p><p justify> </p><ul><li left>Manguito con forma de diamante</li><li left>Núcleo grande y mayor volumen para el relleno del silenciador, lo que implica un funcionamiento más silencioso</li><li left>Tapa cónica de acero inoxidable</li><li left>Tubo de escape y colector de acero inoxidable</li><li left>Protector antichispas con homologación USFS incluido</li></ul>","
*El producto puede variar según la aplicación.
 
El RS-2 es un diseño potente y versátil que ha evolucionado a partir de nuestro TRC original, diseñado para proporcionar una mayor potencia y entrega de energía. Con una forma piramidal diferente que presenta un mayor volumen, el RS-2 es un sistema más silencioso pero con un núcleo más grande, que además ofrece la ventaja de un rendimiento excepcional a un precio asequible.
 Manguito con forma de diamanteNúcleo grande y mayor volumen para el relleno del silenciador, lo que implica un funcionamiento más silenciosoTapa cónica de acero inoxidableTubo de escape y colector de acero inoxidableProtector antichispas con homologación USFS incluido",VEHICLE PARTS & ACCESSORIES,ACCESSORIES,ACC. EXHAUST,Aluminio / Acero inox.,,,57600,7000,1000,240,240,Acero inoxidable,Aluminio,Acero inoxidable,,,,,Solo para uso en circuito,,,,,https://api.mybihr.com/medias/1088468001-1-800Wx800H?context=bWFzdGVyfHJvb3R8MTQ3NTIyfGltYWdlL2pwZWd8YUdJMEwyZ3pOUzg0T1Rnd09ERTFOVFEwTXpVd0x6RXdPRGcwTmpnd01ERXRNVjg0TURCWGVEZ3dNRWd8MjA0MDkwODVjMjk5ZDA3ZjkxNzFkMDdkY2Y3MWVhYTVhYmUzYWNmMDNjOTBjM2Q0NDRjMTZjNjkzYjY2ZmM5Zg,,,,,,,,,,,https://static.bihr.pro/eBihr/Pictures/YOSHIMURA_US-pictures.zip,https://api.mybihr.com/medias/757060-notice.pdf?context=bWFzdGVyfGRvY3VtZW50c3wyMDMwODI1fGFwcGxpY2F0aW9uL3BkZnxhREF4TDJnNU1pODVNRFF6TmpjeU1EQTJOamcyTHpjMU56QTJNQ0J1YjNScFkyVXwwMWIxYTkxY2VkZDU3NmVkMDQ4ZWI1ZTE4MzVlNzdiZjc3NDAxOTYzMDkzMDVhOWJmYmU4NjAxNTdjYTMzNGUx,,,Spain Warehouse (Parts)
1088316001,757144,234820D320,YOSHIMURA US,"YOSHI EXHAUST FULL SYSTEM, ALU/CAR","Linea completa escape Yoshimura Signature RS-4, acero inox, Silencioso aluminio, Yamaha YZ450F",1303.93,1077.63,808.22,234820D320,1,8714104000,0,1,"<p justify>*El producto puede variar según la aplicación.</p><p justify> </p><p justify>En 2018, Yamaha llevó a cabo algunos retoques importantes en la ya de por sí potente YZ450F. Al añadir una potencia útil y controlable es como hacemos que la nueva YZ450F sea aún mejor.</p><p justify> </p><p justify>Ahora hay más potencia para sacarle provecho a los holeshots, pero de forma más fácil para el piloto a bordo de la moto, en esos momentos en los que su mano derecha está a top de energía. El nuevo sistema completo Yoshimura RS-4 Signature Series añade un 2,8 % más de CV y 1,89 julios más de par motor, para ofrecer al piloto una respuesta mejor y más lineal del acelerador.</p><p justify> </p><ul><li justify>Fabricado en los EE. UU.</li><li justify>Tubo de escape y colector de acero inoxidable</li></ul>","
*El producto puede variar según la aplicación.
 
En 2018, Yamaha llevó a cabo algunos retoques importantes en la ya de por sí potente YZ450F. Al añadir una potencia útil y controlable es como hacemos que la nueva YZ450F sea aún mejor.
 
Ahora hay más potencia para sacarle provecho a los holeshots, pero de forma más fácil para el piloto a bordo de la moto, en esos momentos en los que su mano derecha está a top de energía. El nuevo sistema completo Yoshimura RS-4 Signature Series añade un 2,8 % más de CV y 1,89 julios más de par motor, para ofrecer al piloto una respuesta mejor y más lineal del acelerador.
 Fabricado en los EE. UU.Tubo de escape y colector de acero inoxidable",VEHICLE PARTS & ACCESSORIES,ACCESSORIES,ACC. EXHAUST,Aluminio / Carbono,,,55272,5926,980,240,235,Carbono,Aluminio,Acero inoxidable,,,,,Solo para uso en circuito,,,,,https://api.mybihr.com/medias/1088316001-1-800Wx800H?context=bWFzdGVyfHJvb3R8MTYxNDk5fGltYWdlL2pwZWd8YUdNNEwyaG1OUzg0T1Rnd056VXpORGd4TnpVNEx6RXdPRGd6TVRZd01ERXRNVjg0TURCWGVEZ3dNRWd8ZGVhZWIxNTkyMmIwZjYzZTAyZjY0NzVlYjgwNDJjZDYxNjhmNWUyMWZkNDk5MTdjMjY1YTRkMGZiM2UwYTQ5OA,https://api.mybihr.com/medias/1088316001-2-800Wx800H?context=bWFzdGVyfHJvb3R8Njg0ODN8aW1hZ2UvanBlZ3xhREJpTDJobFppODRPVGd3TnpVek5qYzRNelkyTHpFd09EZ3pNVFl3TURFdE1sODRNREJYZURnd01FZ3xjM2EzNGJjZWMyYWY3ODJlYjNmZjRjODdlOWYwNjliMzMwYWM4ZjQwNTRjMDI2MzRjMTg2YzIyNDM5ZDFhYWUy,https://api.mybihr.com/medias/1088316001-3-800Wx800H?context=bWFzdGVyfHJvb3R8MTAwNDUyfGltYWdlL2pwZWd8YUROaUwyaGxPQzg0T1Rnd056VXpPRGMwT1RjMEx6RXdPRGd6TVRZd01ERXRNMTg0TURCWGVEZ3dNRWd8ZTZiMWQwN2EwZGQ5MjMzYzM2Zjc3NjdlYWM3MWZjMmU3NGU5MzI3Y2NhYjBhMzU3YzQzNDgxMWViNzQ5MDNkZQ,https://api.mybihr.com/medias/1088316001-4-800Wx800H?context=bWFzdGVyfHJvb3R8MTMxNTM1fGltYWdlL2pwZWd8YUdKbUwyZzVPUzg0T1Rnd056VTBNRGN4TlRneUx6RXdPRGd6TVRZd01ERXRORjg0TURCWGVEZ3dNRWd8Zjc0ZGUwMmY3OTgzMjQyNmEyZTBlMzU1OGVhOWNkN2JiNjQ5ZmFlZWYwZTE0NTk3NWE4OWI3NzNlODZjYzJjZA,https://api.mybihr.com/medias/1088316001-5-800Wx800H?context=bWFzdGVyfHJvb3R8MTU3NzU1fGltYWdlL2pwZWd8YURBeEwyZzVNeTg0T1Rnd056VTBNalk0TVRrd0x6RXdPRGd6TVRZd01ERXROVjg0TURCWGVEZ3dNRWd8NmQ0ZDRlNGE1MWYyMDQ5M2RmYmJmMTQzNzI0YTYwYmYxNDE0OWY0Y2RjMTdkY2ZhNzczNDBmY2NlMzRjOTMyNA,,,,,,,https://static.bihr.pro/eBihr/Pictures/YOSHIMURA_US-pictures.zip,,,,Spain Warehouse (Parts)
1088485001,757134,225840R520,YOSHIMURA US,"YOSHI EXHAUST FULL SYSTEM, SST/CAR","Linea completa escape Yoshimura Signature RS-9T, acero inoxidable, para Honda CRF450R/RX",1778.03,1469.45,1102.09,757134,1,8708923500,0,1,"<p justify>*El producto puede variar según la aplicación.</p><p justify> </p><p justify>La nueva configuración de motor y silenciador de la CRF450R nos dio la oportunidad de crear un sistema completamente nuevo, fabricado específicamente para las nuevas máquinas CRF450. Presentamos nuestro nuevo sistema de escape RS-9T Signature Series, con silenciador doble cónico, para la nueva CRF450R.</p><p justify> </p><p justify>Yoshimura ha estado trabajando incesantemente en el desarrollo con los ingenieros de American Honda HRC, para maximizar el rendimiento y la centralización de la masa, y así optimizar las prestaciones para el piloto. Yoshimura ha logrado todo esto al desplazar hacia delante los nuevos silenciadores del RS-9T, con el fin de recogerlos debajo de las placas de matrícula laterales. Gracias a la colaboración con los ingenieros de competición de HRC, al nuevo motor Unicam de 449 cc y a su exclusivo sistema de inyección de combustible tipo downdraft, Yoshimura ha sido capaz de ofrecer un escape que proporcione una potencia más dócil y un par motor mejorado.</p><p justify> </p><p justify>Algunas de las características del nuevo sistema RS-9T de silenciador cónico doble para la CRF450R/RX son:</p><p justify> </p><ul justify><li left>Testado en banco de potencia y en pista por Honda R&D en Japón, por el American Honda MX Team y por el HRC All Japan MX Racing Team</li><li left>Colector de tres fases, que permite un mayor rango de potencia y respuesta del acelerador</li><li left>El nuevo divisor del tubo de escape genera un flujo de escape más suave, y una mayor velocidad hacia el tubo de escape derecho e izquierdo</li><li left>Nuevo diseño de silenciador RS-9T, compacto y adelantado, que presenta un centro de gravedad más bajo para centralizar mejor el peso</li><li left>Su núcleo es más grande, lo que mejora la respuesta del acelerador y la potencia en la parte media y alta</li><li left>Los nuevos silenciadores RS-9T tienen más volumen que los de fábrica, lo que permite reducir el nivel de ruido en dB.</li><li left>Funciona con o sin el nuevo sistema de arranque eléctrico opcional de Honda</li><li left>Tubo de escape y colector de acero inoxidable</li></ul><p> </p><p><iframe src=//www.youtube.com/embed/_py9y5Z697E width=100% height=314"" allowfullscreen=allowfullscreen></iframe></p> ","
*El producto puede variar según la aplicación.
 
La nueva configuración de motor y silenciador de la CRF450R nos dio la oportunidad de crear un sistema completamente nuevo, fabricado específicamente para las nuevas máquinas CRF450. Presentamos nuestro nuevo sistema de escape RS-9T Signature Series, con silenciador doble cónico, para la nueva CRF450R.
 
Yoshimura ha estado trabajando incesantemente en el desarrollo con los ingenieros de American Honda HRC, para maximizar el rendimiento y la centralización de la masa, y así optimizar las prestaciones para el piloto. Yoshimura ha logrado todo esto al desplazar hacia delante los nuevos silenciadores del RS-9T, con el fin de recogerlos debajo de las placas de matrícula laterales. Gracias a la colaboración con los ingenieros de competición de HRC, al nuevo motor Unicam de 449 cc y a su exclusivo sistema de inyección de combustible tipo downdraft, Yoshimura ha sido capaz de ofrecer un escape que proporcione una potencia más dócil y un par motor mejorado.
 
Algunas de las características del nuevo sistema RS-9T de silenciador cónico doble para la CRF450R/RX son:
 Testado en banco de potencia y en pista por Honda R&D en Japón, por el American Honda MX Team y por el HRC All Japan MX Racing TeamColector de tres fases, que permite un mayor rango de potencia y respuesta del aceleradorEl nuevo divisor del tubo de escape genera un flujo de escape más suave, y una mayor velocidad hacia el tubo de escape derecho e izquierdoNuevo diseño de silenciador RS-9T, compacto y adelantado, que presenta un centro de gravedad más bajo para centralizar mejor el pesoSu núcleo es más grande, lo que mejora la respuesta del acelerador y la potencia en la parte media y altaLos nuevos silenciadores RS-9T tienen más volumen que los de fábrica, lo que permite reducir el nivel de ruido en dB.Funciona con o sin el nuevo sistema de arranque eléctrico opcional de HondaTubo de escape y colector de acero inoxidable
 
 ",VEHICLE PARTS & ACCESSORIES,ACCESSORIES,ACC. EXHAUST,S. Steel / Carbon,,,72847,7982,751,388,250,Carbono,Acero inoxidable,Acero inoxidable,,,,,Solo para uso en circuito,,,,,https://api.mybihr.com/medias/1088485001-1-800Wx800H?context=bWFzdGVyfHJvb3R8NDMwNzB8aW1hZ2UvanBlZ3xhRGM1TDJobU1TODRPVGd3T0RJMk9EZ3lNRGM0THpFd09EZzBPRFV3TURFdE1WODRNREJYZURnd01FZ3xmNmQ5MTgwODVlNjdiM2EzNDAzMDc3Y2NjZmMwNTllN2VlOTM0MWVjYTdkZmQyZmJhM2U3NzVkNjAxYjc1MzFj,https://api.mybihr.com/medias/1088485001-2-800Wx800H?context=bWFzdGVyfHJvb3R8NDA1NTN8aW1hZ2UvanBlZ3xhREV4TDJoaE15ODRPVGd3T0RJM01EYzROamcyTHpFd09EZzBPRFV3TURFdE1sODRNREJYZURnd01FZ3w4MzYzZTAyOGI2YTQ5MDdlZDJiMjQ5OWQxNzExZTE0MmZhYzg1ZWVjZjM3M2U1ZThkYTQ2N2E3ZGNhZWFhNTQ2,https://api.mybihr.com/medias/1088485001-3-800Wx800H?context=bWFzdGVyfHJvb3R8NTQwMTZ8aW1hZ2UvanBlZ3xhRFF3TDJnNVl5ODRPVGd3T0RJM01qYzFNamswTHpFd09EZzBPRFV3TURFdE0xODRNREJYZURnd01FZ3wyMjgyYTY5YTFkMGUxNzE4MjhiOGFmZTdiODRjMDBjNDIzMWIzNDNmNmQ4OGE3ZTBhZWVmYTg4MmU0NjQ0N2Zi,https://api.mybihr.com/medias/1088485001-4-800Wx800H?context=bWFzdGVyfHJvb3R8NjQzODR8aW1hZ2UvanBlZ3xhRGN3TDJnNU5TODRPVGd3T0RJM05EY3hPVEF5THpFd09EZzBPRFV3TURFdE5GODRNREJYZURnd01FZ3w1ZDgyNzlkOWU3ZWM4MWIxMGI5MzM1ZWI5NzdmNmVjN2IwZTQ1MGRhMjgxNGUxMDBhZTBjYjlhYjQwMjlmYTM1,,,,,,,,https://static.bihr.pro/eBihr/Pictures/YOSHIMURA_US-pictures.zip,,,,Spain Warehouse (Parts)
1088467001,751042,2176503,YOSHIMURA US,"YOSHI EXHAUST FULL SYSTEM, SST/CAR","Linea completa escape Yoshimura Signature RS-2, inox, Silencioso aluminio LT-Z400",979.82,809.77,607.33,751042,5,8708923500,0,1,"<p justify>*El producto puede variar según la aplicación.</p><p justify> </p><p justify>El RS-2 es un diseño potente y versátil que ha evolucionado a partir de nuestro TRC original, diseñado para proporcionar una mayor potencia y entrega de energía. Con una forma piramidal diferente que presenta un mayor volumen, el RS-2 es un sistema más silencioso pero con un núcleo más grande, que además ofrece la ventaja de un rendimiento excepcional a un precio asequible.</p><p justify> </p><ul><li left>Manguito con forma de diamante</li><li left>Núcleo grande y mayor volumen para el relleno del silenciador, lo que implica un funcionamiento más silencioso</li><li left>Tapa cónica de acero inoxidable</li><li left>Tubo de escape y colector de acero inoxidable</li><li left>Peso: 1,18 kg más ligero que la configuración de fábrica</li><li left>Protector antichispas con homologación USFS incluido</li></ul>","
*El producto puede variar según la aplicación.
 
El RS-2 es un diseño potente y versátil que ha evolucionado a partir de nuestro TRC original, diseñado para proporcionar una mayor potencia y entrega de energía. Con una forma piramidal diferente que presenta un mayor volumen, el RS-2 es un sistema más silencioso pero con un núcleo más grande, que además ofrece la ventaja de un rendimiento excepcional a un precio asequible.
 Manguito con forma de diamanteNúcleo grande y mayor volumen para el relleno del silenciador, lo que implica un funcionamiento más silenciosoTapa cónica de acero inoxidableTubo de escape y colector de acero inoxidablePeso: 1,18 kg más ligero que la configuración de fábricaProtector antichispas con homologación USFS incluido",VEHICLE PARTS & ACCESSORIES,ACCESSORIES,ACC. EXHAUST,S. Steel / Carbon,,,57024,5937,986,243,238,Acero inoxidable,Acero inoxidable,Acero inoxidable,,,,,Solo para uso en circuito,,,,,https://api.mybihr.com/medias/1088467001-1-800Wx800H?context=bWFzdGVyfHJvb3R8MTMxNDQxfGltYWdlL2pwZWd8YURnMUwyZ3pZeTg0T1Rnd09ERTFNelEzTnpReUx6RXdPRGcwTmpjd01ERXRNVjg0TURCWGVEZ3dNRWd8MDY0Yjg4MjA1OTM1NTM0NzBiZTU4NzM3NTAxODc0YWQyNzk5MmIxZDRhNTY5NDI3NzdjMTZhY2IxZWEwZWU1NQ,,,,,,,,,,,https://static.bihr.pro/eBihr/Pictures/YOSHIMURA_US-pictures.zip,,,,Spain Warehouse (Parts)
1088469001,751045,2375513,YOSHIMURA US,"YOSHI EXHAUST FULL SYSTEM, SST/CAR","Linea completa escape Yoshimura Signature RS-2, acero inox, Silencioso aluminio , Yamaha YFZ450",1135.83,938.70,704.03,2375513,3,8708923500,0,1,"<p justify>*El producto puede variar según la aplicación.</p><p justify> </p><p justify>El RS-2 es un diseño potente y versátil que ha evolucionado a partir de nuestro TRC original, diseñado para proporcionar una mayor potencia y entrega de energía. Con una forma piramidal diferente que presenta un mayor volumen, el RS-2 es un sistema más silencioso pero con un núcleo más grande, que además ofrece la ventaja de un rendimiento excepcional a un precio asequible.</p><p justify> </p><ul><li left>Manguito con forma de diamante</li><li left>Núcleo grande y mayor volumen para el relleno del silenciador, lo que implica un funcionamiento más silencioso</li><li left>Tapa cónica de acero inoxidable</li><li left>Tubo de escape y colector de acero inoxidable</li><li left>Protector antichispas con homologación USFS incluido</li></ul>","
*El producto puede variar según la aplicación.
 
El RS-2 es un diseño potente y versátil que ha evolucionado a partir de nuestro TRC original, diseñado para proporcionar una mayor potencia y entrega de energía. Con una forma piramidal diferente que presenta un mayor volumen, el RS-2 es un sistema más silencioso pero con un núcleo más grande, que además ofrece la ventaja de un rendimiento excepcional a un precio asequible.
 Manguito con forma de diamanteNúcleo grande y mayor volumen para el relleno del silenciador, lo que implica un funcionamiento más silenciosoTapa cónica de acero inoxidableTubo de escape y colector de acero inoxidableProtector antichispas con homologación USFS incluido",VEHICLE PARTS & ACCESSORIES,ACCESSORIES,ACC. EXHAUST,S. Steel / Carbon,,,58915,6245,978,251,240,Acero inoxidable,Acero inoxidable,Acero inoxidable,,,,,Solo para uso en circuito,,,,,https://api.mybihr.com/medias/800Wx800H-1088469001-1.jpg?context=bWFzdGVyfHJvb3R8Nzg0Mzh8aW1hZ2UvanBlZ3xhR00yTDJnME5DOHpNalF5T1RnMU5UUXdPREUxT0M4NE1EQlhlRGd3TUVoZk1UQTRPRFEyT1RBd01TMHhMbXB3Wnd8MjE0YWE5MDBjMGM5ZTU0MTRjZDhiZTg4NzI4MzdjOWU1MmRmNjEyYTM4NTRlYmFmYWJhZTU1ZTEzYjJlZGY1Mw,https://api.mybihr.com/medias/800Wx800H-1088469001-2.jpg?context=bWFzdGVyfHJvb3R8ODI3ODN8aW1hZ2UvanBlZ3xhRE0xTDJnelpDOHpNalF5T1RnMU5UWTNNRE13TWk4NE1EQlhlRGd3TUVoZk1UQTRPRFEyT1RBd01TMHlMbXB3Wnd8ZjA3NDNhMDUwZjk1ZmE3NGE4NjI0NGUwNDY4YzYwN2U3MDA2MzA4YjNhZjBlNTE1YzY0ZDRiNzhiMzliMmVmNA,https://api.mybihr.com/medias/800Wx800H-1088469001-3.jpg?context=bWFzdGVyfHJvb3R8OTg0NTZ8aW1hZ2UvanBlZ3xhREF6TDJneE9DOHpNalF5T1RnMU5qQTJNelV4T0M4NE1EQlhlRGd3TUVoZk1UQTRPRFEyT1RBd01TMHpMbXB3Wnd8MTZkMThjYWU5NmVkNmFjMjI5MDlhMTUwZDEzNDcwNTY1ZDRmYTYyYTIxZWRmNTY0ZGRiMzViZTJkMzY5NDg5ZQ,,,,,,,,,https://static.bihr.pro/eBihr/Pictures/YOSHIMURA_US-pictures.zip,,,,Spain Warehouse (Parts)
1088481001,701001480006,219220S320,YOSHIMURA US,"YOSHI EXHAUST FULL SYSTEM, ALU/CAR",Linea completa escape Yoshimura RS-12 Signature inox/silencioso alu/tapa carbono Suzuki RM-Z450,1278.84,1056.89,792.67,840025910515,0,8714104000,0,1,"<p justify>*El producto puede variar según la aplicación.</p><p justify> </p><p justify>Tras más de tres años de desarrollo y pruebas, ¡el RS-12 ya está aquí! Con la ayuda de increíbles pilotos de fábrica, técnicos, devotos ingenieros y el deseo de Yoshimura de elevar el listón llega el RS-12 para la Suzuki RM-Z450 2018-20.</p><p justify> </p><p justify>Yoshimura ha tenido en cuenta todos los detalles a la hora de crear el RS-12. Basta un vistazo para darse cuenta de que no se parece a nada en el mercado. Conforme te acercas te das cuenta de cada detalle presente en cada parte de este nuevo sistema para motos de cross: desde la tapa de fibra de carbono mate —con adhesivos incrustados— hasta las juntas mecanizadas con precisión. Un sistema del siguiente nivel.</p><p justify> </p><ul><li left>Desarrollado y testado durante más de 24 meses en competición.</li><li left>El perfil asimétrico, ingeniosamente diseñado y agresivo del RS-12 permite maximizar la capacidad del silenciador, le da potencia y permite más espacio para las pinzas de freno y los neumáticos.</li><li left>Se han mejorado sus prestaciones, reducido su peso y mejorado su ajuste en comparación con el diseño de modelos anteriores.</li><li left>Al igual que ocurre con los sistemas utilizados por los pilotos de fábrica, el sistema del RS-12 emplea juntas mecanizadas de precisión. Esto ofrece un ajuste mejor y más preciso de las juntas, ya que fija mejor el sellado entre dos superficies, dejando una superficie de contacto de 360 grados perfecta, lo cual se traduce en una mejora del rendimiento, de la vida útil y del ajuste.</li><li left>Tapa de fibra de carbono mate, con un diseño líder en la industria y detalles innovadores, como se espera de Yoshimura.</li><li left>El diseño del montaje de las cubiertas interiores de la tapa de carbono mejora la durabilidad y facilita el mantenimiento en comparación con otros diseños de montaje en sándwich más comunes en la industria.</li><li left>El nuevo sistema de inserción Precision Taper Fit (PTF), pendiente de patente, facilita el montaje y desmontaje del dB killer y del protector antichispas.</li><li left>El diseño del RS-12 permite que el sistema esté orientado hacia delante, lo que mejora la centralización del peso pero sin sacrificar el rendimiento.</li><li left>Fabricado en los EE. UU.</li><li left>Un peso total de 3,81 kg frente a los 4,3 kg del escape convencional</li></ul><p> </p><p><iframe src=//www.youtube.com/embed/LkWSdyrUhRM width=100% height=314"" allowfullscreen=allowfullscreen></iframe></p>","
*El producto puede variar según la aplicación.
 
Tras más de tres años de desarrollo y pruebas, ¡el RS-12 ya está aquí! Con la ayuda de increíbles pilotos de fábrica, técnicos, devotos ingenieros y el deseo de Yoshimura de elevar el listón llega el RS-12 para la Suzuki RM-Z450 2018-20.
 
Yoshimura ha tenido en cuenta todos los detalles a la hora de crear el RS-12. Basta un vistazo para darse cuenta de que no se parece a nada en el mercado. Conforme te acercas te das cuenta de cada detalle presente en cada parte de este nuevo sistema para motos de cross: desde la tapa de fibra de carbono mate —con adhesivos incrustados— hasta las juntas mecanizadas con precisión. Un sistema del siguiente nivel.
 Desarrollado y testado durante más de 24 meses en competición.El perfil asimétrico, ingeniosamente diseñado y agresivo del RS-12 permite maximizar la capacidad del silenciador, le da potencia y permite más espacio para las pinzas de freno y los neumáticos.Se han mejorado sus prestaciones, reducido su peso y mejorado su ajuste en comparación con el diseño de modelos anteriores.Al igual que ocurre con los sistemas utilizados por los pilotos de fábrica, el sistema del RS-12 emplea juntas mecanizadas de precisión. Esto ofrece un ajuste mejor y más preciso de las juntas, ya que fija mejor el sellado entre dos superficies, dejando una superficie de contacto de 360 grados perfecta, lo cual se traduce en una mejora del rendimiento, de la vida útil y del ajuste.Tapa de fibra de carbono mate, con un diseño líder en la industria y detalles innovadores, como se espera de Yoshimura.El diseño del montaje de las cubiertas interiores de la tapa de carbono mejora la durabilidad y facilita el mantenimiento en comparación con otros diseños de montaje en sándwich más comunes en la industria.El nuevo sistema de inserción Precision Taper Fit (PTF), pendiente de patente, facilita el montaje y desmontaje del dB killer y del protector antichispas.El diseño del RS-12 permite que el sistema esté orientado hacia delante, lo que mejora la centralización del peso pero sin sacrificar el rendimiento.Fabricado en los EE. UU.Un peso total de 3,81 kg frente a los 4,3 kg del escape convencional
 
",VEHICLE PARTS & ACCESSORIES,ACCESSORIES,ACC. EXHAUST,Aluminio / Carbono,,,38168,6095,739,269,192,Carbono,Aluminio,Acero inoxidable,,,,,Solo para uso en circuito,,,,,https://api.mybihr.com/medias/1088481001-1-800Wx800H?context=bWFzdGVyfHJvb3R8Njg1NTN8aW1hZ2UvanBlZ3xhRGcyTDJoaU5DODRPVGd3T0RJeU1ETXlOREUwTHpFd09EZzBPREV3TURFdE1WODRNREJYZURnd01FZ3w3MTc5ODhmM2I1MDE0OGJlYjNkYjRhMWQ5MmZiMTMxZTUyZWQ5NTFiMDllZTg4MDE4NGRlYzhhMWFmNjkwZWJm,https://api.mybihr.com/medias/1088481001-2-800Wx800H?context=bWFzdGVyfHJvb3R8NzMzNTJ8aW1hZ2UvanBlZ3xhR000TDJoaFpDODRPVGd3T0RJeU1qSTVNREl5THpFd09EZzBPREV3TURFdE1sODRNREJYZURnd01FZ3xiZWMzYzhlMjNkYzc3YzU0ZjJjZjA1ZjA5YzAyZTc0NTcxMTA2ZDBjZmY3ZmI0ZjAxZjJjNzU3NTkyOGFhNmNl,https://api.mybihr.com/medias/1088481001-3-800Wx800H?context=bWFzdGVyfHJvb3R8ODIzOTN8aW1hZ2UvanBlZ3xhR1k0TDJoaE5pODRPVGd3T0RJeU5ESTFOak13THpFd09EZzBPREV3TURFdE0xODRNREJYZURnd01FZ3w4ZTUwMGZiNmJiMGU3MjkxYWU1ZjBjNjI1MjcyMWFlMDIwYmM1YTJhMWRhYWMxY2QwMDE1N2JkZmQwZjhiZjAz,https://api.mybihr.com/medias/1088481001-4-800Wx800H?context=bWFzdGVyfHJvb3R8MTAyOTU4fGltYWdlL2pwZWd8YURJNEwyaGhNQzg0T1Rnd09ESXlOakl5TWpNNEx6RXdPRGcwT0RFd01ERXRORjg0TURCWGVEZ3dNRWd8NjhlMTA1ZTA1YTEzODk4MDg1OGY5MzY4YmUzMWVkNTI4NzdjOGQyYjc5ODg1ZTU0MWNjMzM5MjVmNmMwNzE1ZA,https://api.mybihr.com/medias/1088481001-5-800Wx800H?context=bWFzdGVyfHJvb3R8OTM1NTl8aW1hZ2UvanBlZ3xhRFppTDJnNU9TODRPVGd3T0RJeU9ERTRPRFEyTHpFd09EZzBPREV3TURFdE5WODRNREJYZURnd01FZ3xjNjg2OWI1ZjBlZDRhNGJjYmE1ODc1NzA2ZGYxYjI0NGMyNzdkMzBmYWNlNzlmZmQyOTk0NzgwOThhNDdkZTMw,https://api.mybihr.com/medias/1088481001-6-800Wx800H?context=bWFzdGVyfHJvb3R8MTM0NTg5fGltYWdlL2pwZWd8YUdWbUwyZzBZUzg0T1Rnd09ESXpNREUxTkRVMEx6RXdPRGcwT0RFd01ERXRObDg0TURCWGVEZ3dNRWd8M2Y3YzkyYmU3MjY4MzQ1ZjczMTJkNTJhNzNlZWY1ZGU5NmZhNjRkNWI2NWYwYTFiYjZlYmE5NjExMTY5MTcxNw,https://api.mybihr.com/medias/1088481001-7-800Wx800H?context=bWFzdGVyfHJvb3R8NjIxOTV8aW1hZ2UvanBlZ3xhREZsTDJnME5DODRPVGd3T0RJek1qRXlNRFl5THpFd09EZzBPREV3TURFdE4xODRNREJYZURnd01FZ3xhZDNkMjJjOWE2ZjM3NmMzNDc3ODg2MThhMzMwOTYwNWZiOWM4NGY3OWEzNmRhYWNiYzk3OGYxYTQ1ODQzNzNk,https://api.mybihr.com/medias/1088481001-8-800Wx800H?context=bWFzdGVyfHJvb3R8OTI2MzN8aW1hZ2UvanBlZ3xhRFl4TDJnelpDODRPVGd3T0RJek5EQTROamN3THpFd09EZzBPREV3TURFdE9GODRNREJYZURnd01FZ3w3ZmQ0OWY5NjY2MzhiMzlkMWUxZGNkMmE5YTA4ZTgxMWVhZWRjMWVhZTA3MWJlNTVmMGU4MzQwNDFmYTE0Njhh,https://api.mybihr.com/medias/1088481001-9-800Wx800H?context=bWFzdGVyfHJvb3R8NjU0Mzd8aW1hZ2UvanBlZ3xhRGt4TDJnek5pODRPVGd3T0RJek5qQTFNamM0THpFd09EZzBPREV3TURFdE9WODRNREJYZURnd01FZ3w4NjAyMDliMDQ3ODcxYjNlMTA5NzUyYWUzZDJkY2Q3YzgwZjhkODdjNjdhMDEyNzcwZDYxN2JlOWQyNDFiNTc5,https://api.mybihr.com/medias/1088481001-10-800Wx800H?context=bWFzdGVyfHJvb3R8NjQ1MzR8aW1hZ2UvanBlZ3xhREF5TDJneVl5ODRPVGd3T0RJek9UTXlPVFU0THpFd09EZzBPREV3TURFdE1UQmZPREF3VjNnNE1EQkl8MDA1NTBiZjY4ZDc0NzdlZDMyOGEyMDA5ZTJiZGI5NDJlODg5NjgwMzViN2Y1YTA3YTU0ODNhODcxMjE5MzE4MQ,https://api.mybihr.com/medias/1088481001-11-800Wx800H?context=bWFzdGVyfHJvb3R8MzU0MzR8aW1hZ2UvanBlZ3xhRFkyTDJneU1pODRPVGd3T0RJME1USTVOVFkyTHpFd09EZzBPREV3TURFdE1URmZPREF3VjNnNE1EQkl8NzBmYzYzY2IzZTFmYTNiYzRhOGQ4ZDUxOGYyZDAzN2I3NTUzMWI3OWQzNmVjMWQyZDg2YmJkNTU3OGU5ODViNg,https://static.bihr.pro/eBihr/Pictures/YOSHIMURA_US-pictures.zip,https://api.mybihr.com/medias/219220S320.pdf?context=bWFzdGVyfGRvY3VtZW50c3wxMzE5MTUwfGFwcGxpY2F0aW9uL3BkZnxhRGhsTDJnNE15ODVOak0wTlRZNU1qSTBNakl5THpJeE9USXlNRk16TWpBfDdjN2EzZjUzZWQxODYyZjdmMmRkOWFlY2Q3NjE5NzcxYjA1OTlhNzQzZjYyYzAyODBiYTk3YjVmZmVlMmMyMDA,,,Spain Warehouse (Parts)
1088499001,704015,2387500-SA,YOSHIMURA US,"YOSHI EXHAUST FULL SYSTEM, SST/CAR",Linea completa escape Yoshimura RS3 inox Raptor 660 01-05,1082.71,894.80,671.10,10969468,2,8714109090,0,0,"<p justify>*El producto puede variar según la aplicación.</p><p justify> </p><p justify>El escape RS-3 de competición ha demostrado ser sumamente popular entre los pilotos que buscan una combinación de rendimiento y valor. Mejora el rendimiento de forma espectacular, permite alcanzar un tono de escape envidiable y ofrece el aspecto y el sonido inconfundibles de Yoshimura. Los silenciadores RS-3 cuentan con un deflector recto, que desemboca en una tapa final de aluminio mecanizado con un solo giro.</p><p justify> </p><ul><li left>Manguito ovalado</li><li left>Gran volumen de material de relleno</li><li left>Deflector recto, que permite un flujo amplio</li><li left>Tapa de aluminio mecanizado simple</li><li left>Tubo de escape y colector de acero inoxidable</li><li left>Protector antichispas con homologación USFS incluido</li></ul>","
*El producto puede variar según la aplicación.
 
El escape RS-3 de competición ha demostrado ser sumamente popular entre los pilotos que buscan una combinación de rendimiento y valor. Mejora el rendimiento de forma espectacular, permite alcanzar un tono de escape envidiable y ofrece el aspecto y el sonido inconfundibles de Yoshimura. Los silenciadores RS-3 cuentan con un deflector recto, que desemboca en una tapa final de aluminio mecanizado con un solo giro.
 Manguito ovaladoGran volumen de material de rellenoDeflector recto, que permite un flujo amplioTapa de aluminio mecanizado simpleTubo de escape y colector de acero inoxidableProtector antichispas con homologación USFS incluido",VEHICLE PARTS & ACCESSORIES,ACCESSORIES,ACC. EXHAUST,S. Steel / Carbon,,,123113,7250,980,335,375,,,,,,,,Solo para uso en circuito,,,,,https://api.mybihr.com/medias/800Wx800H-1088499001-1.jpg?context=bWFzdGVyfHJvb3R8MzY5MDN8aW1hZ2UvanBlZ3xhRGN5TDJnNE5DOHpNekV6TkRZek1UY3hORGcwTmk4NE1EQlhlRGd3TUVoZk1UQTRPRFE1T1RBd01TMHhMbXB3Wnd8OTU2YmFmZTUxYmIxYjQ0ZmY3ZmJjMWU1ZjYyY2ViNDZkZGEyZGE3Njc1NzFiMmVlYWRiYWU0OTAxODdmNjlmNg,,,,,,,,,,,https://static.bihr.pro/eBihr/Pictures/YOSHIMURA_US-pictures.zip,,,,Spain Warehouse (Parts)
1088527001,701001290006,218320S320,YOSHIMURA US,"YOSHI EXHAUST FULL SYSTEM, ALU/CAR","Linea completa escape Yoshimura Signature RS-12, acero inox, Silencioso de aluminio, Suzuki RM-Z250",1278.84,1056.89,792.67,218320S320,0,8714104000,0,1,"<p justify>*El producto puede variar según la aplicación.</p><p justify> </p><p justify>Tras más de tres años de desarrollo y pruebas, ¡el RS-12 ya está aquí! Con la ayuda de increíbles pilotos de fábrica, técnicos, devotos ingenieros y el deseo de Yoshimura de elevar el listón llega el RS-12 para la Suzuki RM-Z250.</p><p justify> </p><p justify>Yoshimura ha tenido en cuenta todos los detalles a la hora de crear el RS-12. Basta un vistazo para darse cuenta de que no se parece a nada en el mercado. Conforme te acercas te das cuenta de cada detalle presente en cada parte de este nuevo sistema para motos de cross: desde la tapa de fibra de carbono mate —con adhesivos incrustados— hasta las juntas mecanizadas con precisión. Un sistema del siguiente nivel.</p><p justify> </p><ul><li left>Desarrollado y testado durante más de 24 meses en competición.</li><li left>El perfil asimétrico, ingeniosamente diseñado y agresivo del RS-12 permite maximizar la capacidad del silenciador, le da potencia y permite más espacio para las pinzas de freno y los neumáticos.</li><li left>Se han mejorado sus prestaciones, reducido su peso y mejorado su ajuste en comparación con el diseño de modelos anteriores.</li><li left>Al igual que ocurre con los sistemas utilizados por los pilotos de fábrica, el sistema del RS-12 emplea juntas mecanizadas de precisión. Esto ofrece un ajuste mejor y más preciso de las juntas, ya que fija mejor el sellado entre dos superficies, dejando una superficie de contacto de 360 grados perfecta, lo cual se traduce en una mejora del rendimiento, de la vida útil y del ajuste.</li><li left>Tapa de fibra de carbono mate, con un diseño líder en la industria y detalles innovadores, como se espera de Yoshimura.</li><li left>El diseño del montaje de las cubiertas interiores de la tapa de carbono mejora la durabilidad y facilita el mantenimiento en comparación con otros diseños de montaje en sándwich más comunes en la industria.</li><li left>El nuevo sistema de inserción Precision Taper Fit (PTF), pendiente de patente, facilita el montaje y desmontaje del dB killer y del protector antichispas.</li><li left>El diseño del RS-12 permite que el sistema esté orientado hacia delante, lo que mejora la centralización del peso pero sin sacrificar el rendimiento.</li><li left>Fabricado en los EE. UU.</li><li left>Un peso total de 3,85 kg, inferior al del escape convencional</li></ul><p> </p><p><iframe src=//www.youtube.com/embed/LkWSdyrUhRM width=100% height=314"" allowfullscreen=allowfullscreen></iframe></p>","
*El producto puede variar según la aplicación.
 
Tras más de tres años de desarrollo y pruebas, ¡el RS-12 ya está aquí! Con la ayuda de increíbles pilotos de fábrica, técnicos, devotos ingenieros y el deseo de Yoshimura de elevar el listón llega el RS-12 para la Suzuki RM-Z250.
 
Yoshimura ha tenido en cuenta todos los detalles a la hora de crear el RS-12. Basta un vistazo para darse cuenta de que no se parece a nada en el mercado. Conforme te acercas te das cuenta de cada detalle presente en cada parte de este nuevo sistema para motos de cross: desde la tapa de fibra de carbono mate —con adhesivos incrustados— hasta las juntas mecanizadas con precisión. Un sistema del siguiente nivel.
 Desarrollado y testado durante más de 24 meses en competición.El perfil asimétrico, ingeniosamente diseñado y agresivo del RS-12 permite maximizar la capacidad del silenciador, le da potencia y permite más espacio para las pinzas de freno y los neumáticos.Se han mejorado sus prestaciones, reducido su peso y mejorado su ajuste en comparación con el diseño de modelos anteriores.Al igual que ocurre con los sistemas utilizados por los pilotos de fábrica, el sistema del RS-12 emplea juntas mecanizadas de precisión. Esto ofrece un ajuste mejor y más preciso de las juntas, ya que fija mejor el sellado entre dos superficies, dejando una superficie de contacto de 360 grados perfecta, lo cual se traduce en una mejora del rendimiento, de la vida útil y del ajuste.Tapa de fibra de carbono mate, con un diseño líder en la industria y detalles innovadores, como se espera de Yoshimura.El diseño del montaje de las cubiertas interiores de la tapa de carbono mejora la durabilidad y facilita el mantenimiento en comparación con otros diseños de montaje en sándwich más comunes en la industria.El nuevo sistema de inserción Precision Taper Fit (PTF), pendiente de patente, facilita el montaje y desmontaje del dB killer y del protector antichispas.El diseño del RS-12 permite que el sistema esté orientado hacia delante, lo que mejora la centralización del peso pero sin sacrificar el rendimiento.Fabricado en los EE. UU.Un peso total de 3,85 kg, inferior al del escape convencional
 
",VEHICLE PARTS & ACCESSORIES,ACCESSORIES,ACC. EXHAUST,Aluminio / Carbono,,,37627,5989,748,269,187,Carbono,Aluminio,Acero inoxidable,,,,,Solo para uso en circuito,,,,,https://api.mybihr.com/medias/1088527001-1-800Wx800H?context=bWFzdGVyfHJvb3R8MTIxMDcwfGltYWdlL2pwZWd8YURRNEwyZzVPQzg0T1Rnd09EVTBNekE0T0RrMEx6RXdPRGcxTWpjd01ERXRNVjg0TURCWGVEZ3dNRWd8ZjRhMDE0NWQwMzg4MWI5N2Y5NzI0OTdkMmI4ZTAyZTUxMjM2MzFjNzcwNGVlZDYyY2YyZGY5MTc1YzhlMmE3NA,https://api.mybihr.com/medias/1088527001-2-800Wx800H?context=bWFzdGVyfHJvb3R8MTI0MzgzfGltYWdlL2pwZWd8YURFNEwyZzVaaTg0T1Rnd09EVTBOVEExTlRBeUx6RXdPRGcxTWpjd01ERXRNbDg0TURCWGVEZ3dNRWd8MmZkZGYzYWJlYWFlOGFjYThlYjQ2NzIxNzg2YjFkMjgwYTU0NWQxYzI2YzRmNjUyNjIyNDNhZTI2ZmMzYWIwNQ,https://api.mybihr.com/medias/1088527001-3-800Wx800H?context=bWFzdGVyfHJvb3R8MjAyOTF8aW1hZ2UvanBlZ3xhR1U1TDJoaE5TODRPVGd3T0RVME56QXlNVEV3THpFd09EZzFNamN3TURFdE0xODRNREJYZURnd01FZ3xhODNhYTE0NDkxZjRiODU0MzA3NWFkMWFiMjA5YjI2ZDhhODUwMWMxMWM5ZjUxY2U1NDliYTlkNDg2ZjhhYjhi,https://api.mybihr.com/medias/1088527001-4-800Wx800H?context=bWFzdGVyfHJvb3R8MzU5MjR8aW1hZ2UvanBlZ3xhRFUyTDJoaFlTODRPVGd3T0RVME9EazROekU0THpFd09EZzFNamN3TURFdE5GODRNREJYZURnd01FZ3w1YmQxMjllZTQwN2RjNDgwNDk3NmYxYTA0MDk2MTM2MjE3NjQ3NzgzMDYzNmY1MDQxZjM5ZjMxOGI3NWFjZGJl,https://api.mybihr.com/medias/1088527001-5-800Wx800H?context=bWFzdGVyfHJvb3R8MTg4MjY5fGltYWdlL2pwZWd8YUdReUwyaG1PQzg0T1Rnd09EVTFNRGsxTXpJMkx6RXdPRGcxTWpjd01ERXROVjg0TURCWGVEZ3dNRWd8OGNhNWMzODQzMzExYTBjNWQzMTNiZjMzMGY0YTVmNWRjYjVhM2JhYTFkZWI5Mzg5MzExMWYwOGUzYTY0YmEyNA,https://api.mybihr.com/medias/1088527001-6-800Wx800H?context=bWFzdGVyfHJvb3R8MTU3NDI1fGltYWdlL2pwZWd8YURSbEwyaG1ZUzg0T1Rnd09EVTFOREl6TURBMkx6RXdPRGcxTWpjd01ERXRObDg0TURCWGVEZ3dNRWd8ZGQ0YTYxNGZiMGIzOTk1ZTg0YzI4NDU1ZDZjMGNiMTcyYzJmNmYzMWM3NTExMzgzNjk1MzRiMmNjYjJmZWU3ZQ,https://api.mybihr.com/medias/1088527001-7-800Wx800H?context=bWFzdGVyfHJvb3R8MTI2NTg4fGltYWdlL2pwZWd8YURreEwyaG1NeTg0T1Rnd09EVTFOakU1TmpFMEx6RXdPRGcxTWpjd01ERXROMTg0TURCWGVEZ3dNRWd8Zjk5MjhkMTQyNmNjNDRjYzcxNDlhYzNkYTg5YjBjYzc0ZjQ5MzNjMTE1OWJmMmFkNmRhY2E5YTllMGY4MTdhNA,https://api.mybihr.com/medias/1088527001-8-800Wx800H?context=bWFzdGVyfHJvb3R8NTE0MjV8aW1hZ2UvanBlZ3xhR013TDJobFl5ODRPVGd3T0RVMU9ERTJNakl5THpFd09EZzFNamN3TURFdE9GODRNREJYZURnd01FZ3w2N2IyNTBlYTVjYjBjNGY3YTRmZmU0OTE0NTU2OGU4OTliZmMzNjE1N2RiNWNjMGY1NjVjY2JjMWVjYWM5ODZm,https://api.mybihr.com/medias/1088527001-9-800Wx800H?context=bWFzdGVyfHJvb3R8MjU2Nzh8aW1hZ2UvanBlZ3xhRFExTDJnNVpTODRPVGd3T0RVMk1ERXlPRE13THpFd09EZzFNamN3TURFdE9WODRNREJYZURnd01FZ3xhYWE1OWEzZjc0OWMzZDA2NzIwMjliYjkwMWRhYjJjZGU1NTE2MmEwMGU4MDFmMGE0MTQzYjU2ZjVkMzc3NTM2,https://api.mybihr.com/medias/1088527001-10-800Wx800H?context=bWFzdGVyfHJvb3R8ODUwOTJ8aW1hZ2UvanBlZ3xhRGczTDJnNU55ODRPVGd3T0RVMk1qQTVORE00THpFd09EZzFNamN3TURFdE1UQmZPREF3VjNnNE1EQkl8NDgzMTIwZTE3MjQxYzE1NTlhZWZiOGU4NzE4NDc1MTBjYzNjM2I0YTk2N2VkNjA2ZDE3ZjFiMWZlYzFhYjE3MQ,,https://static.bihr.pro/eBihr/Pictures/YOSHIMURA_US-pictures.zip,https://api.mybihr.com/medias/Dyno-RMZ250-2020-RS12-2048x2048-jpg.pdf?context=bWFzdGVyfGRvY3VtZW50c3wzNjc1MHxhcHBsaWNhdGlvbi9wZGZ8YURBMUwyaGlOeTg1TmpRME56QXlPRFU1TWprMEwwUjVibTlmVWsxYU1qVXdYekl3TWpCZlVsTXhNbDh5TURRNGVESXdORGhmYW5Cbnw3ZGZhZmJjZDgwYmE0YjgxZmFlOTdjYmVjYzQ1ZGVmYzlhNDEwNjM0YjkwOGY2MTk4NTVlNDUwZDgxZGQ4NTY2,,,Spain Warehouse (Parts)
1121731001,,234840S320,YOSHIMURA US,"YOSHI EXHAUST FULL SYSTEM, SST/ALU",Línea completa de escape YOSHIMURA RS-12 Signature Series,1484.33,1226.72,920.04,840025914490,2,8714104000,0,1,"<p>Después de más de tres años de desarrollo y pruebas, ¡el RS-12 ya está aquí! Con todos sus detalles, el RS-12 lleva el sistema a un nuevo nivel: Mejoras en el rendimiento, reducción de peso y ajuste en comparación con el diseño de la generación anterior.</p>
<ul>
	<li>Desarrollado y probado en el calor de más de 24 meses de carreras a nivel de fábrica</li>
	<li>Agresivo, inteligentemente diseñado, el perfil asimétrico del RS-12 permite maximizar el volumen del silenciadorLo</li>
	<li>s sistemas RS-12 utilizan juntas mecanizadas de precisión: mayor duración, ajuste y rendimiento del sistema</li>
	<li>Las tapas de carbono cubren el diseño montado en la tapa interior que mejora la durabilidad</li>
	<li>Inserciones acústicas y parachispas fáciles de instalar y desmontar</li>
	<li>El diseño cónico de la entrada del cuerpo del silenciador del RS-12 permite empujar el sistema hacia delante, lo que ayuda a centralizar el peso sin sacrificar el rendimiento</li>
	<li>Orgullosamente diseñado, desarrollado y fabricado en EE.UU.</li>
</ul>","
Después de más de tres años de desarrollo y pruebas, ¡el RS-12 ya está aquí! Con todos sus detalles, el RS-12 lleva el sistema a un nuevo nivel: Mejoras en el rendimiento, reducción de peso y ajuste en comparación con el diseño de la generación anterior.

	Desarrollado y probado en el calor de más de 24 meses de carreras a nivel de fábrica
	Agresivo, inteligentemente diseñado, el perfil asimétrico del RS-12 permite maximizar el volumen del silenciadorLo
	s sistemas RS-12 utilizan juntas mecanizadas de precisión: mayor duración, ajuste y rendimiento del sistema
	Las tapas de carbono cubren el diseño montado en la tapa interior que mejora la durabilidad
	Inserciones acústicas y parachispas fáciles de instalar y desmontar
	El diseño cónico de la entrada del cuerpo del silenciador del RS-12 permite empujar el sistema hacia delante, lo que ayuda a centralizar el peso sin sacrificar el rendimiento
	Orgullosamente diseñado, desarrollado y fabricado en EE.UU.
",VEHICLE PARTS & ACCESSORIES,ACCESSORIES,ACC. EXHAUST,Acero inox. / Aluminio,,,57154,6740,980,243,240,Carbono,Aluminio,Acero inoxidable,,,,,Solo para uso en circuito,,,,,https://api.mybihr.com/medias/800Wx800H-1121731001-1.jpg?context=bWFzdGVyfHJvb3R8OTQ1Njh8aW1hZ2UvanBlZ3xhRE14TDJoaU9TOHpNalV4TlRrMU16QTVPRGM0TWk4NE1EQlhlRGd3TUVoZk1URXlNVGN6TVRBd01TMHhMbXB3Wnd8NTQyZDkwZjdjMjkzNTMwOWZhOGM0NjE1OGY4ZWZmMjU5N2EwNTM1OTY0NmQ2ODIzNzM1MGY5ZmRjZWE1MjE4Nw,https://api.mybihr.com/medias/800Wx800H-1121731001-2.jpg?context=bWFzdGVyfHJvb3R8MTA1NzQwfGltYWdlL2pwZWd8YURreEwyaGhZaTh6TWpVeE5UazFNelE1TVRrNU9DODRNREJYZURnd01FaGZNVEV5TVRjek1UQXdNUzB5TG1wd1p3fGM3NDc0NzA4NjQ1ZDAyOWU5YTM5ODFjYjMzOTE2NTMzMTg1M2IxOGY1MWIxNzVjODIyNTdjM2I4OTAwNWQ0ZWM,https://api.mybihr.com/medias/800Wx800H-1121731001-3.jpg?context=bWFzdGVyfHJvb3R8MTQ2NTk0fGltYWdlL2pwZWd8YURBekwyZzVaUzh6TWpVeE5UazFNemc0TlRJeE5DODRNREJYZURnd01FaGZNVEV5TVRjek1UQXdNUzB6TG1wd1p3fDE0YmQ5NmMyZDE1ZTExYjY4OThmOWJlZjkyNTZkNGQxZjU0Zjk0YjU3MTdmOTk3NTkwZjkwYjY5ZmFlNDA3MzE,https://api.mybihr.com/medias/800Wx800H-1121731001-4.jpg?context=bWFzdGVyfHJvb3R8MTQxNTI5fGltYWdlL2pwZWd8YUdOaEwyZzBPQzh6TWpVeE5UazFOREkzT0RRek1DODRNREJYZURnd01FaGZNVEV5TVRjek1UQXdNUzAwTG1wd1p3fGQ2OGVkMzI0NjJlNmJjNTZiM2ZiMjkzMzIyOTc0MDU5N2IwYjNiZThmMjE3NGUxNjFhNzFkODZhNTM3YTZiZGE,https://api.mybihr.com/medias/800Wx800H-1121731001-5.jpg?context=bWFzdGVyfHJvb3R8MTE1NzYyfGltYWdlL2pwZWd8YURJNUwyZ3pZaTh6TWpVeE5UazFORFkzTVRZME5pODRNREJYZURnd01FaGZNVEV5TVRjek1UQXdNUzAxTG1wd1p3fGExOGI0ZWMzZmIxZjg3OWE2NTg5NTE0MzllNTRmOWE3YzY3ZjBkNTA3YTFjM2E0YWVjNjk1NTYwZWEyYjQ0ZjI,https://api.mybihr.com/medias/800Wx800H-1121731001-6.jpg?context=bWFzdGVyfHJvb3R8ODY5NTB8aW1hZ2UvanBlZ3xhREJtTDJneFlTOHpNalV4TlRrMU5UQTJORGcyTWk4NE1EQlhlRGd3TUVoZk1URXlNVGN6TVRBd01TMDJMbXB3Wnd8ZjM4MjljMjVkZTFhOTc0ODc0NGM4OTMzNDgzYjAyNmU3OTBhZDUwY2M0MzdhNjdiNmIyYWQyZTQ3MzkyZWQ4Zg,https://api.mybihr.com/medias/800Wx800H-1121731001-7.jpg?context=bWFzdGVyfHJvb3R8NjIzMDJ8aW1hZ2UvanBlZ3xhRGxrTDJneU55OHpNalV4TlRrMU5UUTFPREEzT0M4NE1EQlhlRGd3TUVoZk1URXlNVGN6TVRBd01TMDNMbXB3Wnd8ODMzZDMyZWU5YjkxZDdmMmE1YmIwNDZhMjY1OWZkNzI1NDJjMWI5MWRhODlmMTMzZDI2MTI2NzY2MzNhMDMwMQ,https://api.mybihr.com/medias/800Wx800H-1121731001-8.jpg?context=bWFzdGVyfHJvb3R8MTA1NDc0fGltYWdlL2pwZWd8YUROa0wyZ3pOUzh6TWpVeE5UazFOVGcxTVRJNU5DODRNREJYZURnd01FaGZNVEV5TVRjek1UQXdNUzA0TG1wd1p3fGUwNmJkMDk4ZmM4ZGVhMDQ3MDA1MzE5NjEzYTIwMDU5N2JmZjVhODZmNjgyYmE5MjgwOTU0YjZjOGIwNjFhZDk,https://api.mybihr.com/medias/800Wx800H-1121731001-9.jpg?context=bWFzdGVyfHJvb3R8NDgxNjd8aW1hZ2UvanBlZ3xhRGMyTDJnNFlTOHpNalV4TlRrMU5qSTBORFV4TUM4NE1EQlhlRGd3TUVoZk1URXlNVGN6TVRBd01TMDVMbXB3Wnd8ZWY2MTdjMmJjZWYwMWRlMDY0YjMwYzYwZTU1ZWFmZjRlNjdlNzUxOTJlMGIzYjU5YWJiZTAxNmY2ZTZkYTdhZg,,,https://static.bihr.pro/eBihr/Pictures/YOSHIMURA_US-pictures.zip,,,,Spain Warehouse (Parts)
1088470001,751046,2376513,YOSHIMURA US,"YOSHI EXHAUST FULL SYSTEM, SST/CAR","Linea completa escape Yoshimura RS-2, acero inoxidable, para Yamaha YFZ450R",1148.83,949.45,712.09,2376513,1,8708923500,0,1,"<p justify>*El producto puede variar según la aplicación.</p><p justify> </p><p justify>El RS-2 es un diseño potente y versátil que ha evolucionado a partir de nuestro TRC original, diseñado para proporcionar una mayor potencia y entrega de energía. Con una forma piramidal diferente que presenta un mayor volumen, el RS-2 es un sistema más silencioso pero con un núcleo más grande, que además ofrece la ventaja de un rendimiento excepcional a un precio asequible.</p><p justify> </p><ul><li left>Manguito con forma de diamante</li><li left>Núcleo grande y mayor volumen para el relleno del silenciador, lo que implica un funcionamiento más silencioso</li><li left>Tapa cónica de acero inoxidable</li><li left>Tubo de escape y colector de acero inoxidable</li><li left>Peso: 1,7 kg más ligero que la configuración de fábrica</li><li left>Protector antichispas con homologación USFS incluido</li></ul>","
*El producto puede variar según la aplicación.
 
El RS-2 es un diseño potente y versátil que ha evolucionado a partir de nuestro TRC original, diseñado para proporcionar una mayor potencia y entrega de energía. Con una forma piramidal diferente que presenta un mayor volumen, el RS-2 es un sistema más silencioso pero con un núcleo más grande, que además ofrece la ventaja de un rendimiento excepcional a un precio asequible.
 Manguito con forma de diamanteNúcleo grande y mayor volumen para el relleno del silenciador, lo que implica un funcionamiento más silenciosoTapa cónica de acero inoxidableTubo de escape y colector de acero inoxidablePeso: 1,7 kg más ligero que la configuración de fábricaProtector antichispas con homologación USFS incluido",VEHICLE PARTS & ACCESSORIES,ACCESSORIES,ACC. EXHAUST,S. Steel / Carbon,,,57918,5882,981,246,240,Acero inoxidable,Acero inoxidable,Acero inoxidable,,,,,Solo para uso en circuito,,,,,https://api.mybihr.com/medias/1088470001-1-800Wx800H?context=bWFzdGVyfHJvb3R8MTI3NTQ5fGltYWdlL2pwZWd8YURJM0wyZ3lPQzg0T1Rnd09ERTFPVE0zTlRZMkx6RXdPRGcwTnpBd01ERXRNVjg0TURCWGVEZ3dNRWd8NDU3YjE1YzVjYmU2ZGNmNjAxZmU1NjkwNGI0OGY4Nzc2Mjk0OTVjOThkNmRiNmEyZDdmZmI0ZmE5M2Y5NGE3Yw,,,,,,,,,,,https://static.bihr.pro/eBihr/Pictures/YOSHIMURA_US-pictures.zip,,,,Spain Warehouse (Parts)
1088476001,757098,3115007350,YOSHIMURA US,"YOSHI EXHAUST FULL SYSTEM, ALU/SST","Linea completa escape Yoshimura Signature RS-5, acero inox, Silencioso de aluminio, Suzuki LT-R450",1174.84,970.94,728.21,3115007350,2,8708923500,0,1,"<p justify>*El producto puede variar según la aplicación.</p><p justify> </p><p justify>El sonido profundo y agradable del RS-5 se debe a la forma del silenciador trapezoidal de cuatro lados. Esta forma única tiene un aspecto agresivo y detallado, que acentúa las líneas de la Suzuki LT-R450 como ningún otro escape. Pero hay más en este escape que su mera apariencia. El diseño del deflector recto y de gran caudal permite el máximo rendimiento, mientras que los componentes internos de acero inoxidable le dan durabilidad y resistencia.</p><p justify> </p><ul justify><li left>Manguito con forma trapezoidal</li><li left>Gran volumen de material de relleno</li><li left>Deflector recto, que permite un flujo amplio</li><li left>Tapa innovadora, de acero inoxidable</li><li left>Tubo de escape y colector de acero inoxidable</li></ul>","
*El producto puede variar según la aplicación.
 
El sonido profundo y agradable del RS-5 se debe a la forma del silenciador trapezoidal de cuatro lados. Esta forma única tiene un aspecto agresivo y detallado, que acentúa las líneas de la Suzuki LT-R450 como ningún otro escape. Pero hay más en este escape que su mera apariencia. El diseño del deflector recto y de gran caudal permite el máximo rendimiento, mientras que los componentes internos de acero inoxidable le dan durabilidad y resistencia.
 Manguito con forma trapezoidalGran volumen de material de rellenoDeflector recto, que permite un flujo amplioTapa innovadora, de acero inoxidableTubo de escape y colector de acero inoxidable",VEHICLE PARTS & ACCESSORIES,ACCESSORIES,ACC. EXHAUST,Aluminio / Acero inox.,,,58222,6654,986,243,243,Acero inoxidable,Aluminio,Acero inoxidable,,,,,Solo para uso en circuito,,,,,https://api.mybihr.com/medias/1088476001-1-800Wx800H?context=bWFzdGVyfHJvb3R8MTM5NDcxfGltYWdlL2pwZWd8YURoakwyZzVaQzg0T1Rnd09ERTNOVEV3TkRNd0x6RXdPRGcwTnpZd01ERXRNVjg0TURCWGVEZ3dNRWd8NjU2ZmE0MTk0MTA3Y2MwOWE3MjNlYzVkNmFjYTdiMzI1NThjMDEyZDdhMWM0ZjdlYjI2YmVmZTk5NjViZDhiYw,https://api.mybihr.com/medias/1088476001-2-800Wx800H?context=bWFzdGVyfHJvb3R8MTM5NzIzfGltYWdlL2pwZWd8YURRNUwyaGhOQzg0T1Rnd09ERTNOekEzTURNNEx6RXdPRGcwTnpZd01ERXRNbDg0TURCWGVEZ3dNRWd8NDRiMGYyMGU5YjMxNzM4OTY3MjEwODI1YWE0ZjU3ZDNmOWE4ODNlNTZlNWI3YTRlODE5ZWMwZWQ3YTMwOTcxZA,,,,,,,,,,https://static.bihr.pro/eBihr/Pictures/YOSHIMURA_US-pictures.zip,,,,Spain Warehouse (Parts)
1088514001,757113,338800C350,YOSHIMURA US,"YOSHI EXHAUST FULL SYSTEM, SST/SST","Linea completa escape Yoshimura Signature RS-2, acero inox, Silencioso de aluminio, Yamaha YFM700R",1147.71,948.52,711.39,338800C350,3,8714104000,0,1,"<p justify>*El producto puede variar según la aplicación.</p><p justify> </p><p justify>El RS-2 es un diseño potente y versátil que ha evolucionado a partir de nuestro TRC original, diseñado para proporcionar una mayor potencia y entrega de energía. Con una forma piramidal diferente que presenta un mayor volumen, el RS-2 es un sistema más silencioso pero con un núcleo más grande, que además ofrece la ventaja de un rendimiento excepcional a un precio asequible.</p><p justify> </p><ul><li justify>Estilo: manguito en forma de diamante, con tapa cónica de acero inoxidable</li><li justify>Rendimiento: núcleo grande y mayor volumen para el relleno del silenciador, lo que implica un funcionamiento más silencioso</li><li justify>Configuración: Tubo de escape y colector de acero inoxidable</li><li justify>Peso: 1,18 kg más ligero que la configuración de fábrica</li><li justify>Protector antichispas con homologación USFS incluido</li></ul><p> </p><p><iframe src=//www.youtube.com/embed/mJDvIcI1bRQ width=100% height=314"" allowfullscreen=allowfullscreen></iframe></p>","
*El producto puede variar según la aplicación.
 
El RS-2 es un diseño potente y versátil que ha evolucionado a partir de nuestro TRC original, diseñado para proporcionar una mayor potencia y entrega de energía. Con una forma piramidal diferente que presenta un mayor volumen, el RS-2 es un sistema más silencioso pero con un núcleo más grande, que además ofrece la ventaja de un rendimiento excepcional a un precio asequible.
 Estilo: manguito en forma de diamante, con tapa cónica de acero inoxidableRendimiento: núcleo grande y mayor volumen para el relleno del silenciador, lo que implica un funcionamiento más silenciosoConfiguración: Tubo de escape y colector de acero inoxidablePeso: 1,18 kg más ligero que la configuración de fábricaProtector antichispas con homologación USFS incluido
 
",VEHICLE PARTS & ACCESSORIES,ACCESSORIES,ACC. EXHAUST,Acero inox. / Acero inox.,,,129962,7864,983,390,339,Acero inoxidable,Acero inoxidable,Acero inoxidable,,,,,Solo para uso en circuito,,,,,https://api.mybihr.com/medias/1088514001-1-800Wx800H?context=bWFzdGVyfHJvb3R8ODE3MjJ8aW1hZ2UvanBlZ3xhREJqTDJnNE5pODRPVGd3T0RRNE5qQTNNall5THpFd09EZzFNVFF3TURFdE1WODRNREJYZURnd01FZ3xjYzg2NGVhZmZkOGU2OGI2NjFiNjM3YzVhYjVhZTgzNDZkOGE3MzQ4YWRiYzNkNWYyMzc3ZDE3OWNlOTNiM2U2,https://api.mybihr.com/medias/1088514001-2-800Wx800H?context=bWFzdGVyfHJvb3R8Mzc3MDV8aW1hZ2UvanBlZ3xhRE5qTDJnM1ppODRPVGd3T0RRNE9EQXpPRGN3THpFd09EZzFNVFF3TURFdE1sODRNREJYZURnd01FZ3wwZjM4M2Y3MzhiY2YzODlkODNhMmMzOTMzNjhhMmJmNWVlMzJkNzAzMjE5NDA0M2Q0YTgyMjNjNDJiZTU1MGJk,,,,,,,,,,https://static.bihr.pro/eBihr/Pictures/YOSHIMURA_US-pictures.zip,,,,Spain Warehouse (Parts)
1088471001,757029,2388513,YOSHIMURA US,"YOSHI EXHAUST FULL SYSTEM, SST/CAR","Linea completa escape Yoshimura Signature RS-2, inox, Silencioso aluminio, Yamaha Raptor 700/R",1290.72,1066.71,800.03,2388513,5,8714104000,0,1,"<p justify>*El producto puede variar según la aplicación.</p><p justify> </p><p justify>El RS-2 es un diseño potente y versátil que ha evolucionado a partir de nuestro TRC original, diseñado para proporcionar una mayor potencia y entrega de energía. Con una forma piramidal diferente que presenta un mayor volumen, el RS-2 es un sistema más silencioso pero con un núcleo más grande, que además ofrece la ventaja de un rendimiento excepcional a un precio asequible.</p><p justify> </p><ul><li left>Manguito con forma de diamante</li><li left>Núcleo grande y mayor volumen para el relleno del silenciador, lo que implica un funcionamiento más silencioso</li><li left>Tapa cónica de acero inoxidable</li><li left>Tubo de escape y colector de acero inoxidable</li><li left>Peso: 1,81 kg más ligero que la configuración de fábrica</li><li left>Protector antichispas con homologación USFS incluido</li></ul>","
*El producto puede variar según la aplicación.
 
El RS-2 es un diseño potente y versátil que ha evolucionado a partir de nuestro TRC original, diseñado para proporcionar una mayor potencia y entrega de energía. Con una forma piramidal diferente que presenta un mayor volumen, el RS-2 es un sistema más silencioso pero con un núcleo más grande, que además ofrece la ventaja de un rendimiento excepcional a un precio asequible.
 Manguito con forma de diamanteNúcleo grande y mayor volumen para el relleno del silenciador, lo que implica un funcionamiento más silenciosoTapa cónica de acero inoxidableTubo de escape y colector de acero inoxidablePeso: 1,81 kg más ligero que la configuración de fábricaProtector antichispas con homologación USFS incluido",VEHICLE PARTS & ACCESSORIES,ACCESSORIES,ACC. EXHAUST,S. Steel / Carbon,,,74007,7326,748,388,255,Acero inoxidable,Acero inoxidable,Acero inoxidable,,,,,Solo para uso en circuito,,,,,https://api.mybihr.com/medias/1088471001-1-800Wx800H?context=bWFzdGVyfHJvb3R8ODE3MjJ8aW1hZ2UvanBlZ3xhRFUwTDJneU5pODRPVGd3T0RFMk1UTTBNVGMwTHpFd09EZzBOekV3TURFdE1WODRNREJYZURnd01FZ3xmN2M0NGY1YmEzNzE5NmEzYzFmZmFmODNhNDAwYjU4OWRhZDU0NDM3MDNiMWM4NGZmY2RiZTBmN2E1MGQwZTk2,https://api.mybihr.com/medias/1088471001-2-800Wx800H?context=bWFzdGVyfHJvb3R8Mzc3MDV8aW1hZ2UvanBlZ3xhREkwTDJneVpDODRPVGd3T0RFMk16TXdOemd5THpFd09EZzBOekV3TURFdE1sODRNREJYZURnd01FZ3w4N2ZjNDVmY2IxNGM1MGU4NGViZjgwZDUzMWYyMjllOTk0ZGExM2I3MGU4YjIxMDRjODNjNDdkNGM1ODEyMzE0,,,,,,,,,,https://static.bihr.pro/eBihr/Pictures/YOSHIMURA_US-pictures.zip,,,,Spain Warehouse (Parts)
1107221,1107221,228452S320,YOSHIMURA US,YOSHI SLIP ON RS-12 SST/CAR,Silenciador YOSHIMURA Signature RS-12 acero inox y tapa carbono,1224.00,1011.57,758.68,228452S320,2,8714104000,0,1,"<p>Apoyándose en muchas de las características de manejo y estilo de su hermano mayor, el nuevo escape para la Honda CRF250R cuenta con multitud de funcionalidades nuevas. Es más ligero, más ágil y sin duda estará a la altura de los mejores resultados del podio.</p><p>Aprovechando todo lo que pudimos de su hermano mayor —el modelo CRF450 del año anterior—, hemos desarrollado nuestro RS-12 para optimizar la potencia de la nueva CRF250R y permitirle disponer del máximo rendimiento en rangos bajo y medio, así como&nbsp; dotarla del máximo número de revoluciones para que tenga la mejor curva de potencia posible en carreras de supercross y motocross.</p><p>Nuestro RS-12, con su cámara de resonancia incorporada, su fabricación probada en competición y su forma icónica, proporciona la mejor potencia disponible para la nueva Honda CRF, al tiempo que mantiene el nivel de DB en unos parámetros de competición aceptables y proporciona una gran holgura de los neumáticos y las pinzas de freno.</p><p>Jett y Hunter Lawrence usarán nuestros sistemas RS-12 para hacerse con los títulos de Supercross AMA 2022 y defender el campeonato de Motocross AMA 250cc.</p><p>El RS-12 se ha diseñado, desarrollado y fabricado en Estados Unidos.</p><p>&nbsp;</p><p><strong><em>Este producto se ha diseñado para adaptarse a motos estándar equipadas de serie, tal y como se entregan de fábrica. Los accesorios OE y de posventa que no se encuentren en una moto tal y como viene de fábrica pueden no ser compatibles con este producto.</em></strong></p><p><strong><em>Aviso para clientes internacionales: Este producto se ha diseñado y probado solo para ser compatible con los vehículos del mercado estadounidense. La compatibilidad, incluyendo el ajuste y el rendimiento, puede variar en función del mercado.</em></strong></p>","
Apoyándose en muchas de las características de manejo y estilo de su hermano mayor, el nuevo escape para la Honda CRF250R cuenta con multitud de funcionalidades nuevas. Es más ligero, más ágil y sin duda estará a la altura de los mejores resultados del podio.
Aprovechando todo lo que pudimos de su hermano mayor —el modelo CRF450 del año anterior—, hemos desarrollado nuestro RS-12 para optimizar la potencia de la nueva CRF250R y permitirle disponer del máximo rendimiento en rangos bajo y medio, así como  dotarla del máximo número de revoluciones para que tenga la mejor curva de potencia posible en carreras de supercross y motocross.
Nuestro RS-12, con su cámara de resonancia incorporada, su fabricación probada en competición y su forma icónica, proporciona la mejor potencia disponible para la nueva Honda CRF, al tiempo que mantiene el nivel de DB en unos parámetros de competición aceptables y proporciona una gran holgura de los neumáticos y las pinzas de freno.
Jett y Hunter Lawrence usarán nuestros sistemas RS-12 para hacerse con los títulos de Supercross AMA 2022 y defender el campeonato de Motocross AMA 250cc.
El RS-12 se ha diseñado, desarrollado y fabricado en Estados Unidos.
 
Este producto se ha diseñado para adaptarse a motos estándar equipadas de serie, tal y como se entregan de fábrica. Los accesorios OE y de posventa que no se encuentren en una moto tal y como viene de fábrica pueden no ser compatibles con este producto.
Aviso para clientes internacionales: Este producto se ha diseñado y probado solo para ser compatible con los vehículos del mercado estadounidense. La compatibilidad, incluyendo el ajuste y el rendimiento, puede variar en función del mercado.",VEHICLE PARTS & ACCESSORIES,ACCESSORIES,ACC. EXHAUST,,,,42883,5240,1220,185,190,Carbono,Acero inoxidable,,,,,,Homologación FIM,,,Nivel estándar,,https://api.mybihr.com/medias/1107221-1-800Wx800H?context=bWFzdGVyfHJvb3R8NTQ3NjB8aW1hZ2UvanBlZ3xhR1kzTDJobVl5OHhNakUyT1RFME9EVTVOakkxTkM4eE1UQTNNakl4TFRGZk9EQXdWM2c0TURCSXxlZmYyOGI3ZWU2ZjVhM2UxYjhiZWEwODdhZmUwY2U4ZmM0NTU2MGE5MWQxNjNiYjllMzIwODMxMTFjMGMwZWFm,https://api.mybihr.com/medias/1107221-2-800Wx800H?context=bWFzdGVyfHJvb3R8NDAzODd8aW1hZ2UvanBlZ3xhRFpoTDJobFppOHhNakUyT1RFME9EazRPVFEzTUM4eE1UQTNNakl4TFRKZk9EQXdWM2c0TURCSXxhMWUxM2M5MWI0MWMyMzk3MTI3ZjNmNGQxMTVmYWYzMWQzYzQxNjBiNjk0MzQxMTIzOTc5NTExZjg5MDU0NzQ5,,,,,,,,,,https://static.bihr.pro/eBihr/Pictures/YOSHIMURA_US-pictures.zip,,,,Spain Warehouse (Parts)
1109770,,YM1-CFR-K-1,YOSHIMURA US,YOSHI SPAREPARTS CARBON END CAP RS12,Kit recambio tapa YOSHIMURA carbono RS-12,131.89,109.00,76.30,840025911635,0,8714104000,0,1,"<p>Kit includes:</p>
<ul>
	<li>Matte finish carbon fiber end cap</li>
	<li>RS-12 Complete sticker kit</li>
	<li>Rivets</li>
	<li>Sound Insert hole grommet</li>
</ul>","
Kit includes:

	Matte finish carbon fiber end cap
	RS-12 Complete sticker kit
	Rivets
	Sound Insert hole grommet
",VEHICLE PARTS & ACCESSORIES,ACCESSORIES,ACC. EXHAUST,,,,6143,409,307,174,115,,,,,,,,,,,,,https://api.mybihr.com/medias/1109770-1-800Wx800H?context=bWFzdGVyfHJvb3R8MzE1NDR8aW1hZ2UvanBlZ3xhR1ZpTDJoaFl5OHhNalUzT1RNME9ERXhPVFU0TWk4eE1UQTVOemN3TFRGZk9EQXdWM2c0TURCSXw2NDIwODE0OWQzZjNjZGY1OTYzOWI2YzZlOWUyMzM2MmUyNTEyZTlmZDdhODRlNDA4ZjFhNzdlNjNjNGQ5OTIw,,,,,,,,,,,https://static.bihr.pro/eBihr/Pictures/YOSHIMURA_US-pictures.zip,,,,Spain Warehouse (Parts)
1107220,1107220,228450S320,YOSHIMURA US,YOSHI EXHAUST FULL SYSTEM SST/CAR,"Linea completa Yoshimura Signature RS-12, inox, silencioso inox y tapa carbono CRF250 2022",1632.92,1349.52,1012.14,840025912755,2,8714104000,0,1,"<p>Apoyándose en muchas de las características de manejo y estilo de su hermano mayor, el nuevo escape para la Honda CRF250R cuenta con multitud de funcionalidades nuevas. Es más ligero, más ágil y sin duda estará a la altura de los mejores resultados del podio.</p><p>Aprovechando todo lo que pudimos de su hermano mayor —el modelo CRF450 del año anterior—, hemos desarrollado nuestro RS-12 para optimizar la potencia de la nueva CRF250R y permitirle disponer del máximo rendimiento en rangos bajo y medio, así como&nbsp; dotarla del máximo número de revoluciones para que tenga la mejor curva de potencia posible en carreras de supercross y motocross.</p><p>Nuestro RS-12, con su cámara de resonancia incorporada, su fabricación probada en competición y su forma icónica, proporciona la mejor potencia disponible para la nueva Honda CRF, al tiempo que mantiene el nivel de DB en unos parámetros de competición aceptables y proporciona una gran holgura de los neumáticos y las pinzas de freno.</p><p>Jett y Hunter Lawrence usarán nuestros sistemas RS-12 para hacerse con los títulos de Supercross AMA 2022 y defender el campeonato de Motocross AMA 250cc.</p><p>El RS-12 se ha diseñado, desarrollado y fabricado en Estados Unidos.</p><p>&nbsp;</p><p><strong><em>Este producto se ha diseñado para adaptarse a motos estándar equipadas de serie, tal y como se entregan de fábrica. Los accesorios OE y de posventa que no se encuentren en una moto tal y como viene de fábrica pueden no ser compatibles con este producto.</em></strong></p><p><strong><em>Aviso para clientes internacionales: Este producto se ha diseñado y probado solo para ser compatible con los vehículos del mercado estadounidense. La compatibilidad, incluyendo el ajuste y el rendimiento, puede variar en función del mercado.</em></strong></p>","
Apoyándose en muchas de las características de manejo y estilo de su hermano mayor, el nuevo escape para la Honda CRF250R cuenta con multitud de funcionalidades nuevas. Es más ligero, más ágil y sin duda estará a la altura de los mejores resultados del podio.
Aprovechando todo lo que pudimos de su hermano mayor —el modelo CRF450 del año anterior—, hemos desarrollado nuestro RS-12 para optimizar la potencia de la nueva CRF250R y permitirle disponer del máximo rendimiento en rangos bajo y medio, así como  dotarla del máximo número de revoluciones para que tenga la mejor curva de potencia posible en carreras de supercross y motocross.
Nuestro RS-12, con su cámara de resonancia incorporada, su fabricación probada en competición y su forma icónica, proporciona la mejor potencia disponible para la nueva Honda CRF, al tiempo que mantiene el nivel de DB en unos parámetros de competición aceptables y proporciona una gran holgura de los neumáticos y las pinzas de freno.
Jett y Hunter Lawrence usarán nuestros sistemas RS-12 para hacerse con los títulos de Supercross AMA 2022 y defender el campeonato de Motocross AMA 250cc.
El RS-12 se ha diseñado, desarrollado y fabricado en Estados Unidos.
 
Este producto se ha diseñado para adaptarse a motos estándar equipadas de serie, tal y como se entregan de fábrica. Los accesorios OE y de posventa que no se encuentren en una moto tal y como viene de fábrica pueden no ser compatibles con este producto.
Aviso para clientes internacionales: Este producto se ha diseñado y probado solo para ser compatible con los vehículos del mercado estadounidense. La compatibilidad, incluyendo el ajuste y el rendimiento, puede variar en función del mercado.",VEHICLE PARTS & ACCESSORIES,ACCESSORIES,ACC. EXHAUST,,,,80948,7700,980,295,280,Carbono,Acero inoxidable,,,,,,Homologación FIM,,,Nivel estándar,,https://api.mybihr.com/medias/1107220-1-800Wx800H?context=bWFzdGVyfHJvb3R8MTAxMzY0fGltYWdlL2pwZWd8YUdJeEwyaGxNQzh4TWpBeE16WTRORGs0TVRjNU1DOHhNVEEzTWpJd0xURmZPREF3VjNnNE1EQkl8NTEyMTNmYzUzM2UyYjM1OGVmOTJlZjIxZTAxZjUzNjU0YjljNGViZDY4NjAwZmZlYzQ0YmRiNzZiNjRjNzNkYQ,https://api.mybihr.com/medias/1107220-2-800Wx800H?context=bWFzdGVyfHJvb3R8OTkyOTB8aW1hZ2UvanBlZ3xhRFE0TDJnNU1pOHhNakF4TXpZNE5URTNPRE01T0M4eE1UQTNNakl3TFRKZk9EQXdWM2c0TURCSXw3MzQxOTFmMDc0MWYxYmFlYWYyOGRiYmZhYzJmZTRmNzYyMmRhZWI2NjliNGE2YzlmYzQ4ZDdkY2MwNjIwYjA1,https://api.mybihr.com/medias/1107220-3-800Wx800H?context=bWFzdGVyfHJvb3R8MTQ3MDQ5fGltYWdlL2pwZWd8YURZMkwyZzRPQzh4TWpBeE16WTROVFEwTURVME1pOHhNVEEzTWpJd0xUTmZPREF3VjNnNE1EQkl8NzBiYjU0ZTQ0M2ViYzg5ZjI0NzM5MzQ0YmRlN2Y3ZWVhZTE5ODU0MGEzNWE1ZDRhNDE0ZjAzYjc0NzlkY2RjMA,https://api.mybihr.com/medias/1107220-4-800Wx800H?context=bWFzdGVyfHJvb3R8MTMzNTc4fGltYWdlL2pwZWd8YUdRNUwyZzNZUzh4TWpBeE16WTROVGd6TXpjMU9DOHhNVEEzTWpJd0xUUmZPREF3VjNnNE1EQkl8ODU4ZGE3MmZjOTkwZmE0ZThiMjZjZTQ3YjdmZDdmODZiYTJhZTEwYWVmYTViMDBmNTA3ZTg0ZmQwZjEzNTUzMg,https://api.mybihr.com/medias/1107220-5-800Wx800H?context=bWFzdGVyfHJvb3R8MTQ4ODIzfGltYWdlL2pwZWd8YUdFd0wyZ3lOUzh4TWpBeE16WTROakl5TmprM05DOHhNVEEzTWpJd0xUVmZPREF3VjNnNE1EQkl8NThmZjhkMzZlMWNmMTQ1YTI5MzJkMGQ2NTY2ZjQ1MWJhMTIxNWM3ZjI5NGEyYTE2OTlhMzc1NWY4MjFlMTE1MA,https://api.mybihr.com/medias/1107220-6-800Wx800H?context=bWFzdGVyfHJvb3R8NDEyNjV8aW1hZ2UvanBlZ3xhR1ptTDJneE55OHhNakF4TXpZNE5qWXlNREU1TUM4eE1UQTNNakl3TFRaZk9EQXdWM2c0TURCSXxhNWQzNjE5NjI2ZGYxNGUxNTQwMzdjZjY2YjlkOWVlZTk5NzhlZmJjMDNlNmU3MmM5ZGJlOWVlNzhjZGZiMGI0,https://api.mybihr.com/medias/1107220-7-800Wx800H?context=bWFzdGVyfHJvb3R8ODIxODZ8aW1hZ2UvanBlZ3xhRE01TDJnelpDOHhNakF4TXpZNE56QXhNelF3Tmk4eE1UQTNNakl3TFRkZk9EQXdWM2c0TURCSXwwYWQ4NGM1Yjg4YjYwOTMyMDk3NzZmM2UyMjA5OTFhNmZlYzQ3MzkyMGFmYmNkMTdlZDBmM2NlODU4ZjJhNzVj,,,,,https://static.bihr.pro/eBihr/Pictures/YOSHIMURA_US-pictures.zip,,,,Spain Warehouse (Parts)
1107219,1107219,228451S720,YOSHIMURA US,YOSHI EXHAUST FULL SYSTEM TIT/CF,"Linea completa Yoshimura Signature RS-12, titanio, silencioso titanio y tapa carbono CRF250 2022",2084.82,1722.99,1292.24,228451S720,2,8714104000,0,1,"<p><strong>*Envío a mediados de diciembre de 2021</strong></p><p>&nbsp;</p><p>Apoyándose en muchas de las características de manejo y estilo de su hermano mayor, el nuevo escape para la Honda CRF250R cuenta con multitud de funcionalidades nuevas. Es más ligero, más ágil y sin duda estará a la altura de los mejores resultados del podio.</p><p>Aprovechando todo lo que pudimos de su hermano mayor —el modelo CRF450 del año anterior—, hemos desarrollado nuestro RS-12 para optimizar la potencia de la nueva CRF250R y permitirle disponer del máximo rendimiento en rangos bajo y medio, así como&nbsp; dotarla del máximo número de revoluciones para que tenga la mejor curva de potencia posible en carreras de supercross y motocross.</p><p>Nuestro RS-12, con su cámara de resonancia incorporada, su fabricación probada en competición y su forma icónica, proporciona la mejor potencia disponible para la nueva Honda CRF, al tiempo que mantiene el nivel de DB en unos parámetros de competición aceptables y proporciona una gran holgura de los neumáticos y las pinzas de freno.</p><p>Jett y Hunter Lawrence usarán nuestros sistemas RS-12 para hacerse con los títulos de Supercross AMA 2022 y defender el campeonato de Motocross AMA 250cc.</p><p>El RS-12 se ha diseñado, desarrollado y fabricado en Estados Unidos.</p><p>&nbsp;</p><p><strong><em>Este producto se ha diseñado para adaptarse a motos estándar equipadas de serie, tal y como se entregan de fábrica. Los accesorios OE y de posventa que no se encuentren en una moto tal y como viene de fábrica pueden no ser compatibles con este producto.</em></strong></p><p><strong><em>Aviso para clientes internacionales: Este producto se ha diseñado y probado solo para ser compatible con los vehículos del mercado estadounidense. La compatibilidad, incluyendo el ajuste y el rendimiento, puede variar en función del mercado.</em></strong></p>","
*Envío a mediados de diciembre de 2021
 
Apoyándose en muchas de las características de manejo y estilo de su hermano mayor, el nuevo escape para la Honda CRF250R cuenta con multitud de funcionalidades nuevas. Es más ligero, más ágil y sin duda estará a la altura de los mejores resultados del podio.
Aprovechando todo lo que pudimos de su hermano mayor —el modelo CRF450 del año anterior—, hemos desarrollado nuestro RS-12 para optimizar la potencia de la nueva CRF250R y permitirle disponer del máximo rendimiento en rangos bajo y medio, así como  dotarla del máximo número de revoluciones para que tenga la mejor curva de potencia posible en carreras de supercross y motocross.
Nuestro RS-12, con su cámara de resonancia incorporada, su fabricación probada en competición y su forma icónica, proporciona la mejor potencia disponible para la nueva Honda CRF, al tiempo que mantiene el nivel de DB en unos parámetros de competición aceptables y proporciona una gran holgura de los neumáticos y las pinzas de freno.
Jett y Hunter Lawrence usarán nuestros sistemas RS-12 para hacerse con los títulos de Supercross AMA 2022 y defender el campeonato de Motocross AMA 250cc.
El RS-12 se ha diseñado, desarrollado y fabricado en Estados Unidos.
 
Este producto se ha diseñado para adaptarse a motos estándar equipadas de serie, tal y como se entregan de fábrica. Los accesorios OE y de posventa que no se encuentren en una moto tal y como viene de fábrica pueden no ser compatibles con este producto.
Aviso para clientes internacionales: Este producto se ha diseñado y probado solo para ser compatible con los vehículos del mercado estadounidense. La compatibilidad, incluyendo el ajuste y el rendimiento, puede variar en función del mercado.",VEHICLE PARTS & ACCESSORIES,ACCESSORIES,ACC. EXHAUST,,,,56160,5335,975,240,240,Carbono,Titanio,Titanio,,,,,Homologación FIM,,,Nivel estándar,,https://api.mybihr.com/medias/1107219-1-800Wx800H?context=bWFzdGVyfHJvb3R8MTAxMzY0fGltYWdlL2pwZWd8YURKbUwyZ3pNeTh4TWpBeE16WTRNakl5T1RJM09DOHhNVEEzTWpFNUxURmZPREF3VjNnNE1EQkl8MTA4NWIwNGI3ZTQxYTAxZjA3ZTRlMmY3NjIxYTI2YmE4ZTc0ZDEyY2IwZjc4M2U2ZjE3MTJmOGViNmRkNThiNw,https://api.mybihr.com/medias/1107219-2-800Wx800H?context=bWFzdGVyfHJvb3R8OTkyOTB8aW1hZ2UvanBlZ3xhR1ptTDJnek9TOHhNakF4TXpZNE1qUXlOVGc0Tmk4eE1UQTNNakU1TFRKZk9EQXdWM2c0TURCSXxiMjY0MTgyNDZmMmQ2OTQwZDgzZTc5MDY1YWM0MjIyMzlhZGE0YTY4NzlmMDI0MDQ0YTNjOWI4YmU5NWYxMzQz,https://api.mybihr.com/medias/1107219-3-800Wx800H?context=bWFzdGVyfHJvb3R8MTQ3MDQ5fGltYWdlL2pwZWd8YURkbEwyZzBNUzh4TWpBeE16WTRNalk0T0RBek1DOHhNVEEzTWpFNUxUTmZPREF3VjNnNE1EQkl8MjNiMWIzY2U1MDRlOWQwZDlkOWNmZDYyMWMxMDQ0YWU3Y2E2M2Y3ZjNhZjBjNTM3Mjk3MmE2ODE5NjY0YzQ0ZA,https://api.mybihr.com/medias/1107219-4-800Wx800H?context=bWFzdGVyfHJvb3R8MTU3MzczfGltYWdlL2pwZWd8YUdOaEwyZzVOaTh4TWpBeE16WTRNekE0TVRJME5pOHhNVEEzTWpFNUxUUmZPREF3VjNnNE1EQkl8NjdhMmE2ZDEzODkzYTVhNzJmMjFjNTM2NDFmYTYxODI5ZDdjMWQ5OTdlZDI0ZDljZjU4ZjBkMWEwZTk4YTUxNA,https://api.mybihr.com/medias/1107219-5-800Wx800H?context=bWFzdGVyfHJvb3R8MTMzNTc4fGltYWdlL2pwZWd8YURVNEwyaGhOQzh4TWpBeE16WTRNelEzTkRRMk1pOHhNVEEzTWpFNUxUVmZPREF3VjNnNE1EQkl8MTA5ODFlYjA0YjU0YzRhZTk5Y2EzNTE4YTBjOTJkODY2ZjkwMTIyMWVhM2UxZGFjYjZlMjFhMzJmNjcxOTc3YQ,https://api.mybihr.com/medias/1107219-6-800Wx800H?context=bWFzdGVyfHJvb3R8MTQ4ODIzfGltYWdlL2pwZWd8YUdVMUwyaGlNUzh4TWpBeE16WTRNemcyTnpZM09DOHhNVEEzTWpFNUxUWmZPREF3VjNnNE1EQkl8ZGRlMTljNzRlMTE2OTQ3MTg3ZDI1NTg4NWZkODAwN2I0NzljNjYwNjQwM2RiOGY0ZDg5YzcyMjgwZDZhMDRhZQ,https://api.mybihr.com/medias/1107219-7-800Wx800H?context=bWFzdGVyfHJvb3R8NDEyNjV8aW1hZ2UvanBlZ3xhR05sTDJobU9DOHhNakF4TXpZNE5ESTJNRGc1TkM4eE1UQTNNakU1TFRkZk9EQXdWM2c0TURCSXxmOThkOTZlNWNmMWMwYjkwNTUzYjRiYTU0Y2ZmMDBiZjZkZmYyYTdjMDlkNGZmN2IwN2UxOTE0YTNiNmJjNThl,https://api.mybihr.com/medias/1107219-8-800Wx800H?context=bWFzdGVyfHJvb3R8ODM4NTZ8aW1hZ2UvanBlZ3xhRFF3TDJobFlpOHhNakF4TXpZNE5EWTFOREV4TUM4eE1UQTNNakU1TFRoZk9EQXdWM2c0TURCSXw0ZDhmMDM0OTg4MjQwNGJjMzJlYWZhNDAxMjMxNWY3NTFhYzgzNDcwOGUzOTg4ZDJmMDhlZTFiNzk0OWM1NWVh,,,,https://static.bihr.pro/eBihr/Pictures/YOSHIMURA_US-pictures.zip,https://api.mybihr.com/medias/1107219-RS-12-Honda-CRF250R.pdf?context=bWFzdGVyfHJvb3R8MTM0MTQxMnxhcHBsaWNhdGlvbi9wZGZ8YURreEwyZzNNeTh4TVRrd09EY3pNamswTkRReE5DOHhNVEEzTWpFNUlGSlRMVEV5SUVodmJtUmhJRU5TUmpJMU1GSXVjR1JtfGY1NGFmOWNjNzBhNGZmZDkxM2U2YmJjZTE1NzRkNGNhYTIxNWE4NzNmZDRiYWZlNzNiOTQ0M2ViNjU1ZjlkMWI,,,Spain Warehouse (Parts)
1119086,,SA-21-K,YOSHIMURA US,YOSHI SPARK ARRESTEER KIT RS-12 MUFFLER,Parachispas YOSHIMURA para silenciador RS-12,59.50,49.17,36.88,840025911895,0,8714104000,0,1,"<p>Presentamos el nuevo parachispas aprobado por el USFS, dise&ntilde;ado espec&iacute;ficamente para el silenciador RS-12. Dise&ntilde;ado con nuestro PTF (Precision Taper Fit) para una f&aacute;cil instalaci&oacute;n y extracci&oacute;n.</p>
<p>Orgullosamente dise&ntilde;ado y fabricado en Chino California USA.</p>
<p>Disponible como parachispas opcional para determinados modelos de Dirt Bike</p>
<p>El kit incluye:</p>
<ul>
	<li>1 x Inserci&oacute;n del parachispas</li>
	<li>1 x Collar&iacute;n de la tapa</li>
	<li>1 x Tornillo de fijaci&oacute;n</li>
</ul>","
Presentamos el nuevo parachispas aprobado por el USFS, diseñado específicamente para el silenciador RS-12. Diseñado con nuestro PTF (Precision Taper Fit) para una fácil instalación y extracción.

Orgullosamente diseñado y fabricado en Chino California USA.

Disponible como parachispas opcional para determinados modelos de Dirt Bike

El kit incluye:

	1 x Inserción del parachispas
	1 x Collarín de la tapa
	1 x Tornillo de fijación
",VEHICLE PARTS & ACCESSORIES,ACCESSORIES,ACC. EXHAUST,,,,326,124,156,55,38,,,,,,,,,,,,,https://api.mybihr.com/medias/1119086-1-800Wx800H?context=bWFzdGVyfHJvb3R8NDUyNzd8aW1hZ2UvanBlZ3xhREUxTDJoak15OHlOemt5T0RjMk1ESTFORFE1TkM4eE1URTVNRGcyTFRGZk9EQXdWM2c0TURCSXxiMmI5MmU2Mzk0ZTFjZjUzODQ3NDdjOTUzYTRlYzU4YzFkNTFkN2U2N2NkZjAzNmQ0NDg0OTcxZWZmZGI0Yjcx,https://api.mybihr.com/medias/1119086-2-800Wx800H?context=bWFzdGVyfHJvb3R8NDcyMTF8aW1hZ2UvanBlZ3xhRFEwTDJoaVl5OHlOemt5T0RjMk1EUTFNVEV3TWk4eE1URTVNRGcyTFRKZk9EQXdWM2c0TURCSXw5MjE3OWNmNTk4NTBlY2Y2MzNiMDY1ZWY1N2JiYTUyOGMyM2E2YmJkZGQzY2E4YWM2Mzk3ZTBkOGJiOTM1OGIy,,,,,,,,,,https://static.bihr.pro/eBihr/Pictures/YOSHIMURA_US-pictures.zip,,,,Spain Warehouse (Parts)
1116421,,REPACK-RS2-ADV,YOSHIMURA US,YOSHI RS2/DS4 ADV PACKING,Kit de reacondicionamiento YOSHIMURA Off-Road RS2/DS4,54.39,44.95,33.71,840025909427,0,8714104000,0,1,"<p>Los sistemas off-road necesitan ser reacondicionados despu&eacute;s de 6-8 horas de uso, o despu&eacute;s de cada carrera. Reempaquetar su silenciador en los intervalos sugeridos es esencial para que su escape funcione de la forma en que fue dise&ntilde;ado. Una empaquetadura sucia restringe el flujo de aire de su motor, lo que resulta en una p&eacute;rdida de potencia y degradaci&oacute;n del sonido. El reempaquetado de su silenciador permite un flujo de aire m&aacute;s libre desde su motor, lo que restablece la potencia perdida y mejora el sonido del escape.</p>
<p><strong>Incluye:</strong></p>
<ul>
<li>Remache inoxidable (C3-RIVET x 16 QTY)</li>
<li>Bandas de remache (LC4.5T x 4 QTY)</li>
<li>Calcoman&iacute;a del silenciador, envolvente</li>
<li>Material de empaque de fibra de primera calidad</li>
</ul>","
Los sistemas off-road necesitan ser reacondicionados después de 6-8 horas de uso, o después de cada carrera. Reempaquetar su silenciador en los intervalos sugeridos es esencial para que su escape funcione de la forma en que fue diseñado. Una empaquetadura sucia restringe el flujo de aire de su motor, lo que resulta en una pérdida de potencia y degradación del sonido. El reempaquetado de su silenciador permite un flujo de aire más libre desde su motor, lo que restablece la potencia perdida y mejora el sonido del escape.

Incluye:

Remache inoxidable (C3-RIVET x 16 QTY)
Bandas de remache (LC4.5T x 4 QTY)
Calcomanía del silenciador, envolvente
Material de empaque de fibra de primera calidad
",VEHICLE PARTS & ACCESSORIES,ACCESSORIES,ACC. EXHAUST,,,,9117,1131,329,170,163,,,,,,,,,,,,,https://api.mybihr.com/medias/1116421-1-800Wx800H?context=bWFzdGVyfHJvb3R8MjYxMjR8aW1hZ2UvanBlZ3xhREl5TDJoak9DOHhOVFF3T0RrNE5Ua3pNVGd3Tmk4eE1URTJOREl4TFRGZk9EQXdWM2c0TURCSXxkN2EwZDNhODY1OGNjZjBhMzg5NTE5MTZlYjFlZTk4ODA4YmQxMzYyNzg2NDJjMGFiODJmNGY2ZmYxYjYxYjVk,,,,,,,,,,,https://static.bihr.pro/eBihr/Pictures/YOSHIMURA_US-pictures.zip,https://api.mybihr.com/medias/REPACK-RS2-ADV-EN.pdf?context=bWFzdGVyfHJvb3R8MTUwODkzN3xhcHBsaWNhdGlvbi9wZGZ8YURjeUwyZzVZeTh4TlRNNE9USTNPRE13TmpNek5DOVNSVkJCUTBzdFVsTXlMVUZFVmw5RlRpNXdaR1l8YTdlNThjZjZkYTM1YmYzMDU2Zjc3OGU3Y2IyNmZkNmMzNzM1Y2ViMDUyNmNlNjAxYjliNDEyNzE1ODRkZmQ2YQ,,,Spain Warehouse (Parts)
1109253,,221210R520,YOSHIMURA US,"YOSHI EXHAUST FULL SYSTEM, SST/SST",YOSHIMURA RS-9T Signature Series Full Exhaust System Titanium/Stainless Steel/Carbon - Honda CRF125F,966.83,799.03,599.27,221210R520,0,8714949090,0,1,"<p>Benefits for the CRF125F Yoshimura RS-9T system include:</p>
<ul>
	<li>Significant power gains with the RS-9T full system</li>
	<li>Made to look like the big brother CRF&#39;s with the RS-9T muffler</li>
	<li>Stock exhaust weight: 4.6 lbs VS Yoshimura RS-9T full system weight: 4.0 lbs</li>
	<li>Stainless steel header and tail-pipe</li>
	<li>Repack Kits, optional Inserts and Spark Arresters are available for all models</li>
	<li>Serious fun for the small bore. Proudly made in the USA!</li>
</ul>","
Benefits for the CRF125F Yoshimura RS-9T system include:

	Significant power gains with the RS-9T full system
	Made to look like the big brother CRF's with the RS-9T muffler
	Stock exhaust weight: 4.6 lbs VS Yoshimura RS-9T full system weight: 4.0 lbs
	Stainless steel header and tail-pipe
	Repack Kits, optional Inserts and Spark Arresters are available for all models
	Serious fun for the small bore. Proudly made in the USA!
",VEHICLE PARTS & ACCESSORIES,ACCESSORIES,ACC. EXHAUST,,,,35835,4240,745,260,185,Carbono,Acero inoxidable,Titanio,,,,,Homologación FIM,,,Nivel estándar,,https://api.mybihr.com/medias/1109253-1-800Wx800H?context=bWFzdGVyfHJvb3R8NDA3Mjl8aW1hZ2UvanBlZ3xhR05sTDJnellpOHhNakkwTmpBek5USXdNakEzT0M4eE1UQTVNalV6TFRGZk9EQXdWM2c0TURCSXxmOTk1MTI2MzA2ZDhjMDA2NjkyZDdiMmMzODI3NzdmYWE2ZDgyYjM5M2QzN2E2OTQ3M2MwYTljY2MwYjRkYmUz,https://api.mybihr.com/medias/1109253-2-800Wx800H?context=bWFzdGVyfHJvb3R8Mzk2NjJ8aW1hZ2UvanBlZ3xhRFl4TDJnek55OHhNakkwTmpBek5UTTVPRFk0Tmk4eE1UQTVNalV6TFRKZk9EQXdWM2c0TURCSXw3MGVjOGY4MTgwZGU3MjNhOTYwOTA1MDI3MWViNmFmYTAwYTBhZjA1ODI2NmQzYjg1YzNlOTE1NTUwZjVlZDI1,https://api.mybihr.com/medias/1109253-3-800Wx800H?context=bWFzdGVyfHJvb3R8NDc3NDB8aW1hZ2UvanBlZ3xhRGt4TDJnek1DOHhNakkwTmpBek5UVTVOVEk1TkM4eE1UQTVNalV6TFROZk9EQXdWM2c0TURCSXxhM2Q0ZjMzMzI4ODU1MGJhNGNlNGI1ZDI2NWRlMTQyMDY4ZjY0ZTEzMzYxNDRjNjk2ZjEwNTUyN2RjYmQ5YzI3,,,,,,,,,https://static.bihr.pro/eBihr/Pictures/YOSHIMURA_US-pictures.zip,https://api.mybihr.com/medias/1109253-Honda-CRF125F.pdf?context=bWFzdGVyfHJvb3R8MTUxNjA4MnxhcHBsaWNhdGlvbi9wZGZ8YUdRMUwyZzBNQzh4TWpJek1qRTROREF6TnpRd05pOHhNVEE1TWpVeklFaHZibVJoTFVOU1JqRXlOVVl1Y0dSbXxkNWJmNDNkOTkzNWU3ZDJjYjE3YWE4Nzg1ZjgzZjBiMjMxYmMwYmJhODI3Mjk4YTdlOGE2ZTA2MzgwYTllYTBm,,,France Warehouse (Parts)
1125471,,231030S320,YOSHIMURA US,YOSHI EXHAUST FULL SYSTEM RS12 ALU/SST,Escape completo YOSHIMURA RS-12 Signature Series,1484.34,1226.73,920.05,840025915138,2,8714949090,0,1,"<p>La l&iacute;nea completa revisada RS-12 Signature Series aumenta la potencia m&aacute;xima en un 2,5% y el par m&aacute;ximo en un 2,8% respecto a la versi&oacute;n base.</p>
<p>El sistema Yoshimura RS-12 est&aacute; orgullosamente dise&ntilde;ado, desarrollado y fabricado en Chino, California.</p>
<p><strong>Caracter&iacute;sticas y ventajas</strong></p>
<ul>
<li>El agresivo perfil asim&eacute;trico de dise&ntilde;o inteligente del RS-12 maximiza el volumen del silenciador, ayudando a gestionar el sonido, aumentar la potencia y proporcionar m&aacute;s espacio para el neum&aacute;tico y la pinza de freno.</li>
<li>Mejora del rendimiento</li>
<li>Al igual que los sistemas de f&aacute;brica utilizados por nuestros pilotos, los sistemas RS-12 utilizan juntas mecanizadas de precisi&oacute;n. Las juntas mecanizadas proporcionan un ajuste superior y preciso al asegurar mejor la uni&oacute;n entre dos superficies con una superficie de contacto perfecta de 360 grados, lo que se traduce en una mejora de la vida &uacute;til, el ajuste y el rendimiento del sistema.</li>
<li>Tapa final de fibra de carbono mate con un aspecto artesanal y un dise&ntilde;o, innovaci&oacute;n y detalle l&iacute;deres en el sector, como cabe esperar de Yoshimura.</li>
<li>La tapa de extremo de carbono cubre un dise&ntilde;o de montaje en tapa interior, que mejora la durabilidad y facilita el mantenimiento en comparaci&oacute;n con otros dise&ntilde;os de montaje en s&aacute;ndwich m&aacute;s habituales en el sector.</li>
<li>El nuevo anillo de inserci&oacute;n PTF (Precision Taper Fit), pendiente de patente, facilita la instalaci&oacute;n y extracci&oacute;n de inserciones ac&uacute;sticas y parachispas.</li>
<li>El dise&ntilde;o c&oacute;nico de la entrada del cuerpo del silenciador RS-12 permite empujar el sistema hacia delante, ayudando a centralizar el peso sin sacrificar el rendimiento.</li>
</ul>","
La línea completa revisada RS-12 Signature Series aumenta la potencia máxima en un 2,5% y el par máximo en un 2,8% respecto a la versión base.

El sistema Yoshimura RS-12 está orgullosamente diseñado, desarrollado y fabricado en Chino, California.

Características y ventajas

El agresivo perfil asimétrico de diseño inteligente del RS-12 maximiza el volumen del silenciador, ayudando a gestionar el sonido, aumentar la potencia y proporcionar más espacio para el neumático y la pinza de freno.
Mejora del rendimiento
Al igual que los sistemas de fábrica utilizados por nuestros pilotos, los sistemas RS-12 utilizan juntas mecanizadas de precisión. Las juntas mecanizadas proporcionan un ajuste superior y preciso al asegurar mejor la unión entre dos superficies con una superficie de contacto perfecta de 360 grados, lo que se traduce en una mejora de la vida útil, el ajuste y el rendimiento del sistema.
Tapa final de fibra de carbono mate con un aspecto artesanal y un diseño, innovación y detalle líderes en el sector, como cabe esperar de Yoshimura.
La tapa de extremo de carbono cubre un diseño de montaje en tapa interior, que mejora la durabilidad y facilita el mantenimiento en comparación con otros diseños de montaje en sándwich más habituales en el sector.
El nuevo anillo de inserción PTF (Precision Taper Fit), pendiente de patente, facilita la instalación y extracción de inserciones acústicas y parachispas.
El diseño cónico de la entrada del cuerpo del silenciador RS-12 permite empujar el sistema hacia delante, ayudando a centralizar el peso sin sacrificar el rendimiento.
",VEHICLE PARTS & ACCESSORIES,ACCESSORIES,ACC. EXHAUST,,,,72675,7840,1000,285,255,Carbono,Acero inoxidable,Acero inoxidable,,,,,Homologación FIM,,,,,https://api.mybihr.com/medias/800Wx800H-1125471-1.jpg?context=bWFzdGVyfHJvb3R8ODkxMTF8aW1hZ2UvanBlZ3xhR1ZqTDJnNE9DODJNalF5TlRBNE1EYzFPRE13TWk4NE1EQlhlRGd3TUVoZk1URXlOVFEzTVMweExtcHdad3w1MDAyZDBlMTNiOTM4YzRiZmFmZmQ1ZmM4OWZmZWYzM2Q1NzRlMmEwMWU4M2I2N2E4MDQwZmM3ZjhiYjczN2Y2,https://api.mybihr.com/medias/800Wx800H-1125471-2.jpg?context=bWFzdGVyfHJvb3R8MTA2MDU5fGltYWdlL2pwZWd8YURNNEwyaGtaUzgyTWpReU5UQTRNVEUxTVRVeE9DODRNREJYZURnd01FaGZNVEV5TlRRM01TMHlMbXB3Wnd8ZGMzYzBiNjE2Nzk5NjNhMWZjYzg0YmJlYTcyYzkzYjE5YTM3ZjAwMjZkNGJlZTkyMTllZjc0Y2MwZWZlNGQzZA,https://api.mybihr.com/medias/800Wx800H-1125471-3.jpg?context=bWFzdGVyfHJvb3R8NTc5MTV8aW1hZ2UvanBlZ3xhR00xTDJobFlpODJNalF5TlRBNE1UVTBORGN6TkM4NE1EQlhlRGd3TUVoZk1URXlOVFEzTVMwekxtcHdad3xmYjQwMWU4MDQ4ZjAyNmJhNjM0ZjdhMjllYzA0NWI4ODMxMjI2M2QwMDExMjE0OWY1OWM4ZjJmMmI1Y2EyMWFj,https://api.mybihr.com/medias/800Wx800H-1125471-4.jpg?context=bWFzdGVyfHJvb3R8MTQ3MzU2fGltYWdlL2pwZWd8YURVeUwyaG1PUzgyTWpReU5UQTRNVGt6TnprMU1DODRNREJYZURnd01FaGZNVEV5TlRRM01TMDBMbXB3Wnd8MDlmM2FiMTQ0ZGY4ZmEzOGYwZDAxN2UxMjkxNjk5MmVkNzUxOGJiMGNhYWFiYWVlNDNlMjAzNzk5YmRkOWZkMg,https://api.mybihr.com/medias/800Wx800H-1125471-5.jpg?context=bWFzdGVyfHJvb3R8NjA0Mjh8aW1hZ2UvanBlZ3xhRFl3TDJoaU1TODJNalF5TlRBNE1qTXpNVEUyTmk4NE1EQlhlRGd3TUVoZk1URXlOVFEzTVMwMUxtcHdad3w3YTQyZWUwNDA5M2ZlMjVlNjJmNWExZTk4NGVlZTI3MGM3MGVjN2RlMmU2ZTA1ODA5YzdiYjkyNGNkY2E4NTFk,,,,,,,https://static.bihr.pro/eBihr/Pictures/YOSHIMURA_US-pictures.zip,,,,Spain Warehouse (Parts)
1125746,,225850S321,YOSHIMURA US,"YOSHI EXHAUST FULL SYSTEM SST/ALU, BLK",Escape completo YOSHIMURA RS-12 Signature Series,1632.92,1349.52,1012.14,840025915220,1,8714109090,0,1,"<p>El nuevo sistema RS-12 a&ntilde;ade un 5% m&aacute;s de potencia m&aacute;xima y un 6,5% m&aacute;s de par m&aacute;ximo a la nueva especificaci&oacute;n del motor, gracias a un cuerpo del acelerador m&aacute;s peque&ntilde;o y a los diferentes ajustes de la ECU.</p>
<p><strong>&iquest;Qu&eacute; significa esto?</strong></p>
<ul>
<li>Entrega de potencia m&aacute;s f&aacute;cil</li>
<li>Par motor m&aacute;s suave en la parte delantera</li>
<li>Permite al piloto utilizar una marcha m&aacute;s larga, liberando la suspensi&oacute;n.</li>
<li>Menor fatiga del piloto</li>
<li>La Yoshimura RS-12 est&aacute; orgullosamente dise&ntilde;ada, desarrollada y fabricada en Chino, California.</li>
</ul>","
El nuevo sistema RS-12 añade un 5% más de potencia máxima y un 6,5% más de par máximo a la nueva especificación del motor, gracias a un cuerpo del acelerador más pequeño y a los diferentes ajustes de la ECU.

¿Qué significa esto?

Entrega de potencia más fácil
Par motor más suave en la parte delantera
Permite al piloto utilizar una marcha más larga, liberando la suspensión.
Menor fatiga del piloto
La Yoshimura RS-12 está orgullosamente diseñada, desarrollada y fabricada en Chino, California.
",VEHICLE PARTS & ACCESSORIES,ACCESSORIES,ACC. EXHAUST,,,,78175,8360,1000,295,265,Carbono,Acero inoxidable,Acero inoxidable,,,,,Homologación FIM,,,Nivel estándar,,https://api.mybihr.com/medias/800Wx800H-1125746-1.jpg?context=bWFzdGVyfHJvb3R8ODc5NDB8aW1hZ2UvanBlZ3xhR1psTDJnNU5pODJNalF5TlRBMk9UUXlNRFUzTkM4NE1EQlhlRGd3TUVoZk1URXlOVGMwTmkweExtcHdad3w1ZTZjYWRjOGUxM2M3ODY0OTc4ZmU0ZTRhNGI5MzU2MmRiNGQwMzNlMTI4ZmJiMmU1NWNmNjU2N2RkMzk3YmFi,https://api.mybihr.com/medias/800Wx800H-1125746-2.jpg?context=bWFzdGVyfHJvb3R8ODE0NTB8aW1hZ2UvanBlZ3xhRGhqTDJoaE5DODJNalF5TlRBMk9UZ3hNemM1TUM4NE1EQlhlRGd3TUVoZk1URXlOVGMwTmkweUxtcHdad3xmYzQwYjVhNDE3NmRhZTUzZmZlNDFhYmE4YTFmYmYwY2YwOWU2OTQxZjI0NWNkOGZmZDdkYzcwZTUyY2JhOGRl,https://api.mybihr.com/medias/800Wx800H-1125746-3.jpg?context=bWFzdGVyfHJvb3R8ODMyMDd8aW1hZ2UvanBlZ3xhRGMwTDJnMU9DODJNalF5TlRBM01ESXdOekF3Tmk4NE1EQlhlRGd3TUVoZk1URXlOVGMwTmkwekxtcHdad3xkZTU1NTI5M2YwNDFhMTQwYjQ2N2RkNTRkNGI1YmYxMDUyMDljN2QwNGEwYzk0OWFlMTVmZDlhMjZkNWI0YTk2,https://api.mybihr.com/medias/800Wx800H-1125746-4.jpg?context=bWFzdGVyfHJvb3R8NzIxMzV8aW1hZ2UvanBlZ3xhR1EwTDJnMFlTODJNalF5TlRBM01EWXdNREl5TWk4NE1EQlhlRGd3TUVoZk1URXlOVGMwTmkwMExtcHdad3xkOGZlZWVmNjliYjk1ZjljZGM3ODY3ZTdhZjYyNjRiMTU5MDI0ZmIyODY4MDMzOGE3MTgzZDgwNDZmMTZhZjhj,https://api.mybihr.com/medias/800Wx800H-1125746-5.jpg?context=bWFzdGVyfHJvb3R8NTc2MDF8aW1hZ2UvanBlZ3xhRGsyTDJnelppODJNalF5TlRBM01EazVNelF6T0M4NE1EQlhlRGd3TUVoZk1URXlOVGMwTmkwMUxtcHdad3w2YzZhNjQ3MWQ4Nzg5Yzg5ODI3ZGIzYTY5YWQ1ODQ2NmU1MjdiOWE5OWJlOTQ2Yzg5MGIzMTZiOTM3NGYzN2Zi,https://api.mybihr.com/medias/800Wx800H-1125746-6.jpg?context=bWFzdGVyfHJvb3R8NDc0MjR8aW1hZ2UvanBlZ3xhR0V5TDJneE5TODJNalF5TlRBM01UTTROalkxTkM4NE1EQlhlRGd3TUVoZk1URXlOVGMwTmkwMkxtcHdad3w0NDdmZTcyNzhmMWFjMjFmOWNiZGUyM2NjOWQ4MGRlODE4MTUwMWEzMjZiZGMxOGE2YmM4YzllMTM0MGZhMTMy,,,,,,https://static.bihr.pro/eBihr/Pictures/YOSHIMURA_US-pictures.zip,,,,Spain Warehouse (Parts)
1125472,,231032D320,YOSHIMURA US,YOSHI SLIP ON RS-4 SST/CAR,Silenciador YOSHIMURA RS-4 Signature Series,919.72,760.10,570.08,840025915145,2,8714949090,0,1,"<p>Para la versi&oacute;n 2024, Yoshimura ha redise&ntilde;ado el RS-4 para la nueva YZ250F. Al a&ntilde;adir un 1% m&aacute;s de potencia m&aacute;xima y un 1,2% m&aacute;s de par m&aacute;ximo, el RS-4 es una excelente opci&oacute;n para aumentar la potencia. El RS-4 tambi&eacute;n permite a&ntilde;adir un parachispas para las aventuras off-road.</p>
<p>El sistema Yoshimura RS-4 est&aacute; orgullosamente dise&ntilde;ado, desarrollado y fabricado en Chino, California.</p>
<ul>
<li>Silenciador de forma pentagonal</li>
<li>La tapa del silenciador funciona como una c&aacute;mara polirresonante para ayudar a reducir el ruido.</li>
<li>Deflector de dos etapas</li>
<li>Tapa de fibra de carbono</li>
<li>Tubo de escape de acero inoxidable</li>
</ul>","
Para la versión 2024, Yoshimura ha rediseñado el RS-4 para la nueva YZ250F. Al añadir un 1% más de potencia máxima y un 1,2% más de par máximo, el RS-4 es una excelente opción para aumentar la potencia. El RS-4 también permite añadir un parachispas para las aventuras off-road.

El sistema Yoshimura RS-4 está orgullosamente diseñado, desarrollado y fabricado en Chino, California.

Silenciador de forma pentagonal
La tapa del silenciador funciona como una cámara polirresonante para ayudar a reducir el ruido.
Deflector de dos etapas
Tapa de fibra de carbono
Tubo de escape de acero inoxidable
",VEHICLE PARTS & ACCESSORIES,ACCESSORIES,ACC. EXHAUST,,,,78000,7250,1000,300,260,Carbono,Acero inoxidable,,,,,,Homologación FIM,,,,,https://api.mybihr.com/medias/800Wx800H-1125472-1.jpg?context=bWFzdGVyfHJvb3R8OTA0NDd8aW1hZ2UvanBlZ3xhREZqTDJoak9DODJNalF5TWpnd016UXhOVEEzTUM4NE1EQlhlRGd3TUVoZk1URXlOVFEzTWkweExtcHdad3wwMDkwYTYwOTZjMTEyYzQ0ZTVlOGExOGMzZTEzZjQzNjEzOGI1NDY1YTE0OTVhNTUzMjUzNzEyMTkyMTYxZDFi,https://api.mybihr.com/medias/800Wx800H-1125472-2.jpg?context=bWFzdGVyfHJvb3R8OTUxOTR8aW1hZ2UvanBlZ3xhR0U1TDJoa05TODJNalF5TWpnd016Z3dPREk0Tmk4NE1EQlhlRGd3TUVoZk1URXlOVFEzTWkweUxtcHdad3xmZTQzY2VlMWY2NDNhZGIzOTBkMjBhNzY1OGIxOTBkZTRhYTNhYTVjYjQ4MWFlNTNiZjE0YTg5ODA0YmJkMjZl,https://api.mybihr.com/medias/800Wx800H-1125472-3.jpg?context=bWFzdGVyfHJvb3R8MTA2MTYwfGltYWdlL2pwZWd8YURCaEwyaGtOUzgyTWpReU1qZ3dOREl3TVRVd01pODRNREJYZURnd01FaGZNVEV5TlRRM01pMHpMbXB3Wnd8YjViYjhlNzhiMDc0YWVhMjg5MTk3NjYxNDJjODE5NzQ1Y2UzOWE1NWQzY2NjZTg0MzEzZmE3MjhhM2IwZGJjYg,https://api.mybihr.com/medias/800Wx800H-1125472-4.jpg?context=bWFzdGVyfHJvb3R8MTE5NTA5fGltYWdlL2pwZWd8YUdKaUwyaGpOaTgyTWpReU1qZ3dORFkyTURJMU5DODRNREJYZURnd01FaGZNVEV5TlRRM01pMDBMbXB3Wnd8YTRkOTQ5YWNlZDQ5NDVmODQxMWIzOTMzMjU1MTdjYmZiNmVlNGE5ZGVjOWU1ZTk3ZjQ2MzY3ZDhhN2YwMmY5OQ,https://api.mybihr.com/medias/800Wx800H-1125472-5.jpg?context=bWFzdGVyfHJvb3R8NjAwNzl8aW1hZ2UvanBlZ3xhR1F3TDJoaU15ODJNalF5TlRBMk5qQTBOVFEzTUM4NE1EQlhlRGd3TUVoZk1URXlOVFEzTWkwMUxtcHdad3xlMDNlNzQzMmFiYjI5ZDkwMTAyMDU5YzkwNDI0YmRjMmYxOGU4ZDRlNWY2MGYwMGQ1YjVmZmQ1OTk3NGQ4NGMy,,,,,,,https://static.bihr.pro/eBihr/Pictures/YOSHIMURA_US-pictures.zip,,,,Spain Warehouse (Parts)
1126506,,244730S320,YOSHIMURA US,"YOSHI EXHAUST FULL SYSTEM, SST/CAR",Escape completo YOSHIMURA US RS-12 acero inoxidable / carbono,1511.70,1249.34,937.01,0840025915251,1,8714109090,0,1,"<p>La <strong>Kawasaki KX450 2024</strong> ha sufrido un montón de cambios, y uno de ellos requería un sistema de escape totalmente nuevo. Estábamos ansiosos por desarrollar el mejor sistema de escape posible para la nueva Máquina Verde.</p>
<p>Trabajando con Steward Baylor, varias veces campeón off-road de la GNCC, pudimos exprimir hasta el último gramo de rendimiento de la nueva KX. No sólo el rendimiento, también se ha optimizado la instalación en la nueva KX. Trabajando en torno al chasis de la nueva KX, hemos sido capaces de hacer que el nuevo colector de puerto oval se adapte sin esfuerzo.</p>
<p>Las ganancias de rendimiento son enormes con nuestro sistema <strong>RS-12 Signature Series</strong>, añadiendo la <strong>friolera de un 23,8% de potencia máxima</strong> y un <strong>increíble 16,4% de par máximo</strong>. Con ganancias como esta, algunos pensarían que la nueva KX sería difícil de controlar, pero no es el caso. Con la ayuda de nuestro colector oval hidroformado, nuestro equipo de desarrollo ha conseguido que la entrega de potencia sea mucho más suave que la de serie.</p>
<p>Nuestro silenciador RS-12 tiene un montón de características, incluyendo nuestro sistema de insertos PTF que hace que cambiar los insertos sea pan comido y una forma de silenciador optimizada con mayor volumen y espacio para la pinza de freno. Parachispas opcional SA-21-K disponible por separado.</p>
<p>Los sistemas RS-12 de Yoshimura están orgullosamente diseñados, desarrollados y fabricados en Chino, California.</p>
<ul>
	<li>El silenciador RS-12 montado en goma amortigua las vibraciones del subchasis</li>
	<li>De diseño agresivo e inteligente, el silenciador RS-12 de forma asimétrica permite maximizar la capacidad e incorpora una cámara de resonancia para gestionar el sonido y aumentar la potencia útil. El perfil exclusivo del RS-12 también proporciona más espacio libre para el neumático y la pinza de freno.</li>
	<li>Mejora el rendimiento con una entrega de potencia refinada.</li>
	<li>Al igual que los sistemas de fábrica que utilizan nuestros pilotos, los sistemas RS-12 utilizan juntas mecanizadas de precisión. Las juntas mecanizadas proporcionan un ajuste superior y exacto de las juntas al asegurar mejor el sellado entre dos superficies con una superficie de contacto perfecta de 360 grados, lo que se traduce en una mejora de la vida útil, el ajuste y el rendimiento del sistema.</li>
	<li>El nuevo anillo de inserción Precision Taper Fit (PTF), pendiente de patente, facilita la instalación y extracción de los insertos acústicos y los parachispas.</li>
	<li>Tapa final de fibra de carbono mate de aspecto funcional con el diseño, la innovación y los detalles líderes del sector que se esperan de Yoshimura.</li>
	<li>La tapa de carbono cubre la tapa interior del RS-12, lo que mejora el aspecto y facilita el mantenimiento en comparación con otros diseños de montaje tipo sándwich más comunes en el sector.</li>
</ul>","
La Kawasaki KX450 2024 ha sufrido un montón de cambios, y uno de ellos requería un sistema de escape totalmente nuevo. Estábamos ansiosos por desarrollar el mejor sistema de escape posible para la nueva Máquina Verde.

Trabajando con Steward Baylor, varias veces campeón off-road de la GNCC, pudimos exprimir hasta el último gramo de rendimiento de la nueva KX. No sólo el rendimiento, también se ha optimizado la instalación en la nueva KX. Trabajando en torno al chasis de la nueva KX, hemos sido capaces de hacer que el nuevo colector de puerto oval se adapte sin esfuerzo.

Las ganancias de rendimiento son enormes con nuestro sistema RS-12 Signature Series, añadiendo la friolera de un 23,8% de potencia máxima y un increíble 16,4% de par máximo. Con ganancias como esta, algunos pensarían que la nueva KX sería difícil de controlar, pero no es el caso. Con la ayuda de nuestro colector oval hidroformado, nuestro equipo de desarrollo ha conseguido que la entrega de potencia sea mucho más suave que la de serie.

Nuestro silenciador RS-12 tiene un montón de características, incluyendo nuestro sistema de insertos PTF que hace que cambiar los insertos sea pan comido y una forma de silenciador optimizada con mayor volumen y espacio para la pinza de freno. Parachispas opcional SA-21-K disponible por separado.

Los sistemas RS-12 de Yoshimura están orgullosamente diseñados, desarrollados y fabricados en Chino, California.

	El silenciador RS-12 montado en goma amortigua las vibraciones del subchasis
	De diseño agresivo e inteligente, el silenciador RS-12 de forma asimétrica permite maximizar la capacidad e incorpora una cámara de resonancia para gestionar el sonido y aumentar la potencia útil. El perfil exclusivo del RS-12 también proporciona más espacio libre para el neumático y la pinza de freno.
	Mejora el rendimiento con una entrega de potencia refinada.
	Al igual que los sistemas de fábrica que utilizan nuestros pilotos, los sistemas RS-12 utilizan juntas mecanizadas de precisión. Las juntas mecanizadas proporcionan un ajuste superior y exacto de las juntas al asegurar mejor el sellado entre dos superficies con una superficie de contacto perfecta de 360 grados, lo que se traduce en una mejora de la vida útil, el ajuste y el rendimiento del sistema.
	El nuevo anillo de inserción Precision Taper Fit (PTF), pendiente de patente, facilita la instalación y extracción de los insertos acústicos y los parachispas.
	Tapa final de fibra de carbono mate de aspecto funcional con el diseño, la innovación y los detalles líderes del sector que se esperan de Yoshimura.
	La tapa de carbono cubre la tapa interior del RS-12, lo que mejora el aspecto y facilita el mantenimiento en comparación con otros diseños de montaje tipo sándwich más comunes en el sector.
",VEHICLE PARTS & ACCESSORIES,ACCESSORIES,ACC. EXHAUST,,,,75400,8500,1000,290,260,Carbono,Acero inoxidable,Acero inoxidable,,,,,Homologación FIM,,,,,https://api.mybihr.com/medias/800Wx800H-1126506-1.jpg?context=bWFzdGVyfHJvb3R8NzAwMjF8aW1hZ2UvanBlZ3xhRGsxTDJneE1pODJOREF4TmpRME1ERXpNVFl4TkM4NE1EQlhlRGd3TUVoZk1URXlOalV3TmkweExtcHdad3xkNTdjM2UzMjU5NmE3ZTYyOGYwYzJiZTIzZTY5YWUyYjJjNDg5ZGQ0ZDBhYWNlNzdhYmM5YzI3YmUyNzQ1NDJj,https://api.mybihr.com/medias/800Wx800H-1126506-2.jpg?context=bWFzdGVyfHJvb3R8ODExMjB8aW1hZ2UvanBlZ3xhRFV6TDJneE9TODJOREF4TmpRME1ETXlPREl5TWk4NE1EQlhlRGd3TUVoZk1URXlOalV3TmkweUxtcHdad3w1NjcxNDE4YTgyN2U3MjhhNDQyMWZjN2Q5OTFhNzM4YTViMDVkYWM3ZWUyZWViZjkxNDQ1ZWM4M2EyZGY5MDkz,https://api.mybihr.com/medias/800Wx800H-1126506-3.jpg?context=bWFzdGVyfHJvb3R8NjcxNjl8aW1hZ2UvanBlZ3xhREl6TDJneU1DODJOREF4TmpRME1EVXlORGd6TUM4NE1EQlhlRGd3TUVoZk1URXlOalV3TmkwekxtcHdad3xiYWM3ZWQ1NDA5MDU0ZjdjMTZjOWQ1NTg4ZjY0ZDIxMWMwMWUwMTExMGQ1M2QxNDY5ZjI5MzgxYmE1N2EwYjQ3,https://api.mybihr.com/medias/800Wx800H-1126506-4.jpg?context=bWFzdGVyfHJvb3R8NzE5NjN8aW1hZ2UvanBlZ3xhR1l6TDJneU5pODJOREF4TmpRME1EY3lNVFF6T0M4NE1EQlhlRGd3TUVoZk1URXlOalV3TmkwMExtcHdad3xmNDI3Y2JmMjAwY2NiOTMzYmMwNGZhZjY1MDI2NWQxMDU3ZjY0MTkyNmU5ZDkwMTdmZjhmMjViNDNkZjQ3MWM4,https://api.mybihr.com/medias/800Wx800H-1126506-5.jpg?context=bWFzdGVyfHJvb3R8NTU3ODR8aW1hZ2UvanBlZ3xhR0l4TDJneVpDODJOREF4TmpRME1Ea3hPREEwTmk4NE1EQlhlRGd3TUVoZk1URXlOalV3TmkwMUxtcHdad3xmNGQ5ZWYwMWIwY2Y1Mzc4MDE0NzU5ZjMwMzU0ZTY2Mzc4MGMyMmQwYjI2NzNlZjJmYTYxZWMwZTA0NzM1MDEz,https://api.mybihr.com/medias/800Wx800H-1126506-6.jpg?context=bWFzdGVyfHJvb3R8MTU1MTgyfGltYWdlL2pwZWd8YURKakwyZzNZeTgyTkRBeE5qUTBNVEV4TkRZMU5DODRNREJYZURnd01FaGZNVEV5TmpVd05pMDJMbXB3Wnd8YjM0NmRlZmQ1MzQzYmMzNzY2YzdkNGVmOTk3MDY1MzY3YzcyZTc0YmViYjBjOGM0MDUzMTZlOTJiYmNlZGRkNw,https://api.mybihr.com/medias/800Wx800H-1126506-7.jpg?context=bWFzdGVyfHJvb3R8MTUzNjU2fGltYWdlL2pwZWd8YUdGaUwyZzRNeTgyTkRBeE5qUTBNVE0zTmpjNU9DODRNREJYZURnd01FaGZNVEV5TmpVd05pMDNMbXB3Wnd8ZGQ0ODU2MjlhNTg5NWFkYmE1YjdjY2FlMjJiMTBmZjFkNTg5NjlhZTEzNDhjZGViNTNjZmYwOTE3MDMwZDIxYQ,https://api.mybihr.com/medias/800Wx800H-1126506-8.jpg?context=bWFzdGVyfHJvb3R8MTQ5OTY1fGltYWdlL2pwZWd8YURSakwyZzVNUzgyTkRBeE5qUTBNVGMzTURBeE5DODRNREJYZURnd01FaGZNVEV5TmpVd05pMDRMbXB3Wnd8NDFiOTI5N2M4YWQ5M2JhOGQ1ZDFiMTNiYjJkMzhiM2MyZjQyYjhkZTZkMWIwOWY2MTE4MWE0MjVlYjU4OGQ5OQ,,,,https://static.bihr.pro/eBihr/Pictures/YOSHIMURA_US-pictures.zip,,,,Spain Warehouse (Parts)
1127047004,,RS12-NB014,YOSHIMURA US,"YOSHI SPARE PARTS STICKER RS-12, ORG",Juego de adhesivos YOSHIMURA RS-12 - Naranja,48.11,39.76,27.83,,0,8714109090,0,1,"<p>&iexcl;Presentamos los kits de calcas de colores de Equipo Original RS-12! Ahora puedes conseguir calcas para el silenciador a juego con tu KTM, Husqvarna, Kawasaki o Yamaha.</p>
<p>El juego de cuatro piezas incluye</p>
<ul>
<li>1 pegatina envolvente para el silenciador</li>
<li>3 x Calcoman&iacute;as de la tapa del silenciador (2 x Orientado hacia fuera, 1 x Orientado hacia dentro)</li>
</ul>
<p>Impresas en EE.UU. y recubiertas de papel de aluminio para una mayor duraci&oacute;n.</p>","
¡Presentamos los kits de calcas de colores de Equipo Original RS-12! Ahora puedes conseguir calcas para el silenciador a juego con tu KTM, Husqvarna, Kawasaki o Yamaha.

El juego de cuatro piezas incluye

1 pegatina envolvente para el silenciador
3 x Calcomanías de la tapa del silenciador (2 x Orientado hacia fuera, 1 x Orientado hacia dentro)


Impresas en EE.UU. y recubiertas de papel de aluminio para una mayor duración.",VEHICLE PARTS & ACCESSORIES,ACCESSORIES,ACC. EXHAUST,,Naranja,,384,106,310,248,5,,,,,Naranja,,,,,,,,https://api.mybihr.com/medias/800Wx800H-1127047004-1.jpg?context=bWFzdGVyfHJvb3R8NjU1MjF8aW1hZ2UvanBlZ3xhR0ppTDJnM1ppODJOakE1TnpBMU9ERTFNalEzT0M4NE1EQlhlRGd3TUVoZk1URXlOekEwTnpBd05DMHhMbXB3Wnd8YTUyOGQxNDIyYjlmNjIwMGUwOWY4NmJlNzIyMWZiYTAxMGZiMDNkZWM3NGY4NDYwNWE3MTM1MjAyMTM5YmU3Nw,https://api.mybihr.com/medias/800Wx800H-1127047004-2.jpg?context=bWFzdGVyfHJvb3R8MTM1OTM2fGltYWdlL2pwZWd8YURRNUwyZzRaQzgyTmpBNU56QTFPRFUwTlRZNU5DODRNREJYZURnd01FaGZNVEV5TnpBME56QXdOQzB5TG1wd1p3fDVlNzljMjIxZjJiMzBkYmYwNWJjMjRlMDdjYjdlODUwNzdhOWE2M2YzOTc1Nzc4MDEzMmMyNmRlNjBkNmE5NGQ,https://api.mybihr.com/medias/800Wx800H-1127047004-3.jpg?context=bWFzdGVyfHJvb3R8MTE0MTMyfGltYWdlL2pwZWd8YUdRMkwyZzVZUzgyTmpBNU56QTFPRGt6T0RreE1DODRNREJYZURnd01FaGZNVEV5TnpBME56QXdOQzB6TG1wd1p3fDllODI4ZTQwZDMxMmNiZTMwNTdhMmVlYmE3YmUyOWQ1MDRjY2M0ZjMyNmJkZTNjOGY5MmZmMzI1ZGZiNjgwOGE,,,,,,,,,https://static.bihr.pro/eBihr/Pictures/YOSHIMURA_US-pictures.zip,,,,Spain Warehouse (Parts)
1127047001,,RS12-NB010,YOSHIMURA US,"YOSHI SPARE PARTS STICKER RS-12, OEM",Juego de adhesivos YOSHIMURA RS-12 - OEM,48.11,39.76,27.83,840025915237,3,8714109090,0,1,"<p>Juego de 4 pegatinas de recambio RS-12:</p>
<ul>
<li>1 x Calcoman&iacute;a envolvente del silenciador</li>
<li>3 x Calcoman&iacute;as de la tapa del extremo
<ul>
<li>2 x Pegatinas orientadas hacia fuera</li>
<li>1 x Pegatina orientada hacia el interior</li>
</ul>
</li>
</ul>","
Juego de 4 pegatinas de recambio RS-12:

1 x Calcomanía envolvente del silenciador
3 x Calcomanías de la tapa del extremo

2 x Pegatinas orientadas hacia fuera
1 x Pegatina orientada hacia el interior


",VEHICLE PARTS & ACCESSORIES,ACCESSORIES,ACC. EXHAUST,,De fábrica,,615,109,310,248,8,,,,,OEM,,,,,,,,https://api.mybihr.com/medias/800Wx800H-1127047001-1.jpg?context=bWFzdGVyfHJvb3R8OTUyMjJ8aW1hZ2UvanBlZ3xhREU1TDJobE5pODJOakE1TnpBMU5EVTBOems1T0M4NE1EQlhlRGd3TUVoZk1URXlOekEwTnpBd01TMHhMbXB3Wnd8YmQ3OWJkYjliMjJlZmJiOTY1MjZiNGRhOGMyZmNjZTIyODMyMTg3ZDEyZTYzN2MxODZlOGExNjlkOTZlNGM3MA,https://api.mybihr.com/medias/800Wx800H-1127047001-2.jpg?context=bWFzdGVyfHJvb3R8ODAyMzJ8aW1hZ2UvanBlZ3xhR0poTDJobU15ODJOakE1TnpBMU5EazBNVEl4TkM4NE1EQlhlRGd3TUVoZk1URXlOekEwTnpBd01TMHlMbXB3Wnd8NmM1ZmQ0ZjNkMjJhYmJjYTE0ZDk5MWY1MTlmODNjODY5NmU1ZWI0NzkwNmY4ZjdjNjYyZDQwMzA1Njc4MDhiNg,,,,,,,,,,https://static.bihr.pro/eBihr/Pictures/YOSHIMURA_US-pictures.zip,,,,Spain Warehouse (Parts)
1127047003,,RS12-NB013,YOSHIMURA US,"YOSHI SPARE PARTS STICKER RS-12, BLU",Juego de adhesivos YOSHIMURA RS-12 - Azul,45.10,37.27,26.09,840025915329,0,8714109090,0,1,"<p>&iexcl;Presentamos los kits de calcas de colores de Equipo Original RS-12! Ahora puedes conseguir calcas para el silenciador a juego con tu KTM, Husqvarna, Kawasaki o Yamaha.</p>
<p>El juego de cuatro piezas incluye</p>
<ul>
<li>1 pegatina envolvente para el silenciador</li>
<li>3 x Calcoman&iacute;as de la tapa del silenciador (2 x Orientado hacia fuera, 1 x Orientado hacia dentro)</li>
</ul>
<p>Impresas en EE.UU. y recubiertas de papel de aluminio para una mayor duraci&oacute;n.</p>","
¡Presentamos los kits de calcas de colores de Equipo Original RS-12! Ahora puedes conseguir calcas para el silenciador a juego con tu KTM, Husqvarna, Kawasaki o Yamaha.

El juego de cuatro piezas incluye

1 pegatina envolvente para el silenciador
3 x Calcomanías de la tapa del silenciador (2 x Orientado hacia fuera, 1 x Orientado hacia dentro)


Impresas en EE.UU. y recubiertas de papel de aluminio para una mayor duración.",VEHICLE PARTS & ACCESSORIES,ACCESSORIES,ACC. EXHAUST,,Azul,,615,107,310,248,8,,,,,Azul,,,,,,,,https://api.mybihr.com/medias/800Wx800H-1127047003-1.jpg?context=bWFzdGVyfHJvb3R8Njg4NDR8aW1hZ2UvanBlZ3xhREUzTDJnek9TODJOakE1TnpBMU5qa3dOekk1TkM4NE1EQlhlRGd3TUVoZk1URXlOekEwTnpBd015MHhMbXB3Wnd8ZWRiNzQ5NzkxYTcyYTk1ZGNhNjQxNzIyNTk1YjcyNjAwMmQ3ZTdhMzFmZTkxYzVmYjIzMjMzZmVhNjlhZWFmMQ,https://api.mybihr.com/medias/800Wx800H-1127047003-2.jpg?context=bWFzdGVyfHJvb3R8MjAyNTgwfGltYWdlL2pwZWd8YURNMEwyZ3hZeTgyTmpBNU56QTFOek13TURVeE1DODRNREJYZURnd01FaGZNVEV5TnpBME56QXdNeTB5TG1wd1p3fDVhYTJmOGY0ZmU0MzllMTIwOGEyMzFhYzRlNjIzYmYyNjJlYTkwNzhiMTRhNTVhYTkzZTgzYzMzNjczMjJhOTg,https://api.mybihr.com/medias/800Wx800H-1127047003-3.jpg?context=bWFzdGVyfHJvb3R8MTE0MTMyfGltYWdlL2pwZWd8YURjeEwyZ3lOeTgyTmpBNU56QTFOelk1TXpjeU5pODRNREJYZURnd01FaGZNVEV5TnpBME56QXdNeTB6TG1wd1p3fDYxYzVlNmMzNDhlM2Q3YjE3Nzk2OTBjYjk3NGZkY2Y2MWZlY2EzMmU5NjhjNDExY2UwYWI4YWUwYzUyMDJjZGU,,,,,,,,,https://static.bihr.pro/eBihr/Pictures/YOSHIMURA_US-pictures.zip,,,,Spain Warehouse (Parts)
1127047002,,RS12-NB012,YOSHIMURA US,"YOSHI SPARE PARTS STICKER RS-12, GRN",Juego de adhesivos YOSHIMURA RS-12 - Verde,48.11,39.76,27.83,840025915312,0,8714109090,0,1,"<p>&iexcl;Presentamos los kits de calcas de colores de Equipo Original RS-12! Ahora puedes conseguir calcas para el silenciador a juego con tu KTM, Husqvarna, Kawasaki o Yamaha.</p>
<p>El juego de cuatro piezas incluye</p>
<ul>
<li>1 pegatina envolvente para el silenciador</li>
<li>3 x Calcoman&iacute;as de la tapa del silenciador (2 x Orientado hacia fuera, 1 x Orientado hacia dentro)</li>
</ul>
<p>Impresas en EE.UU. y recubiertas de papel de aluminio para una mayor duraci&oacute;n.</p>","
¡Presentamos los kits de calcas de colores de Equipo Original RS-12! Ahora puedes conseguir calcas para el silenciador a juego con tu KTM, Husqvarna, Kawasaki o Yamaha.

El juego de cuatro piezas incluye

1 pegatina envolvente para el silenciador
3 x Calcomanías de la tapa del silenciador (2 x Orientado hacia fuera, 1 x Orientado hacia dentro)


Impresas en EE.UU. y recubiertas de papel de aluminio para una mayor duración.",VEHICLE PARTS & ACCESSORIES,ACCESSORIES,ACC. EXHAUST,,Verde,,387,106,311,249,5,,,,,Verde,,,,,,,,https://api.mybihr.com/medias/800Wx800H-1127047002-1.jpg?context=bWFzdGVyfHJvb3R8NjYyMDh8aW1hZ2UvanBlZ3xhREJqTDJoaU55ODJOakE1TnpBMU5UTXpORFF6TUM4NE1EQlhlRGd3TUVoZk1URXlOekEwTnpBd01pMHhMbXB3Wnd8OTE2M2QzM2UxNjUyNjhkNWU1NTk4MDc3MWE4OGY5MzY0MGU2YzIzYjE4YjdhMTRlMzhmMWExMGIzOWFjOWU4OA,https://api.mybihr.com/medias/800Wx800H-1127047002-2.jpg?context=bWFzdGVyfHJvb3R8NjMzOTR8aW1hZ2UvanBlZ3xhRGRtTDJoaE9TODJOakE1TnpBMU5UY3lOelkwTmk4NE1EQlhlRGd3TUVoZk1URXlOekEwTnpBd01pMHlMbXB3Wnd8Yjc2ZGJkZDgyZGQ1OTM1YjAyZGRiMDQxOGE0YjRiNzk4Yzc4OTFmZDNiYzA2ODg1ZTY2MjlkNmIyOTYzMzdlMQ,https://api.mybihr.com/medias/800Wx800H-1127047002-3.jpg?context=bWFzdGVyfHJvb3R8NzY5MTN8aW1hZ2UvanBlZ3xhRE16TDJnMU5DODJOakE1TnpBMU5qRXlNRGcyTWk4NE1EQlhlRGd3TUVoZk1URXlOekEwTnpBd01pMHpMbXB3Wnd8MTUwNjg0ZTEzODNjMjg4MTYxOGFkNTdjMzIzOWFiYzcyMzY5YTVmMWFlZmYyNzRlMDE4Mjg0ZjhjNTIzMmE1OQ,https://api.mybihr.com/medias/800Wx800H-1127047002-4.jpg?context=bWFzdGVyfHJvb3R8MTE0MTMyfGltYWdlL2pwZWd8YUdFMUwyZzBOaTgyTmpBNU56QTFOalV4TkRBM09DODRNREJYZURnd01FaGZNVEV5TnpBME56QXdNaTAwTG1wd1p3fGQ3NzY4NjY4YjU4NmVlZTZjZmNlOGQ4NmJkZTUwZDE4ODAxOTIwOTQ5YjgzMjlkNGQ2MmM1YzUwMTY1Nzg1MWI,,,,,,,,https://static.bihr.pro/eBihr/Pictures/YOSHIMURA_US-pictures.zip,,,,Spain Warehouse (Parts)
1127164,,225852S320,YOSHIMURA US,YOSHI SLIP ON RS-12 SST/CAR,Silenciador YOSHIMURA Signature RS-12 acero inox y tapa carbono,1213.84,1003.17,752.38,840025912243,0,8714109090,0,1,"<p>Tras m&aacute;s de tres a&ntilde;os de desarrollo y pruebas, &iexcl;el RS-12 ya est&aacute; aqu&iacute;! Con todos sus detalles, el RS-12 lleva el sistema a un nuevo nivel: Mayor rendimiento, reducci&oacute;n de peso y ajuste en comparaci&oacute;n con el dise&ntilde;o de la generaci&oacute;n anterior</p>
<ul>
<li>Desarrollado y probado al calor de m&aacute;s de 24 meses de carreras a nivel de f&aacute;brica</li>
<li>El perfil agresivo, inteligentemente dise&ntilde;ado y de forma asim&eacute;trica del RS-12 permite maximizar el volumen del silenciador</li>
<li>Los sistemas RS-12 utilizan juntas mecanizadas de precisi&oacute;n : mayor duraci&oacute;n, ajuste y rendimiento del sistema</li>
<li>El dise&ntilde;o de las tapas de carbono montadas en el interior mejora la durabilidad</li>
<li>Inserciones ac&uacute;sticas y parachispas f&aacute;ciles de instalar y quitar</li>
<li>El dise&ntilde;o c&oacute;nico de la entrada del cuerpo del silenciador del RS-12 permite empujar el sistema hacia delante, lo que ayuda a centralizar el peso sin sacrificar el rendimiento</li>
<li>Orgullosamente dise&ntilde;ado, desarrollado y fabricado en EE.UU.</li>
</ul>","
Tras más de tres años de desarrollo y pruebas, ¡el RS-12 ya está aquí! Con todos sus detalles, el RS-12 lleva el sistema a un nuevo nivel: Mayor rendimiento, reducción de peso y ajuste en comparación con el diseño de la generación anterior

Desarrollado y probado al calor de más de 24 meses de carreras a nivel de fábrica
El perfil agresivo, inteligentemente diseñado y de forma asimétrica del RS-12 permite maximizar el volumen del silenciador
Los sistemas RS-12 utilizan juntas mecanizadas de precisión : mayor duración, ajuste y rendimiento del sistema
El diseño de las tapas de carbono montadas en el interior mejora la durabilidad
Inserciones acústicas y parachispas fáciles de instalar y quitar
El diseño cónico de la entrada del cuerpo del silenciador del RS-12 permite empujar el sistema hacia delante, lo que ayuda a centralizar el peso sin sacrificar el rendimiento
Orgullosamente diseñado, desarrollado y fabricado en EE.UU.
",VEHICLE PARTS & ACCESSORIES,ACCESSORIES,ACC. EXHAUST,,,,38596,5614,754,268,191,Carbono,Acero inoxidable,,,,,,Homologación FIM,,,,,https://api.mybihr.com/medias/800Wx800H-1127164-1.jpg?context=bWFzdGVyfHJvb3R8ODUwMzJ8aW1hZ2UvanBlZ3xhREV5TDJoaE5TODJOakE1TWpBM01EYzVOek0wTWk4NE1EQlhlRGd3TUVoZk1URXlOekUyTkMweExtcHdad3w4ZTM1NWZhMmMxM2EzYjVlNTE0MDExMTVlYThmYjEyOWZhYTlmYTNjZjUxMTMzMzMyNWE0NjhlMWRiNGJlZjU5,https://api.mybihr.com/medias/800Wx800H-1127164-2.jpg?context=bWFzdGVyfHJvb3R8NzQ4MTF8aW1hZ2UvanBlZ3xhR00yTDJnMFppODJOakE1TWpBM01URTVNRFUxT0M4NE1EQlhlRGd3TUVoZk1URXlOekUyTkMweUxtcHdad3w0MTE4ZGY5YzZiNTBjMmNjZDM4OTkxZjJjMmFkNmRkMmRiN2RjMWEyYTc3NzJkMmU1MzNlMDQ1MTMwYzhiOThk,https://api.mybihr.com/medias/800Wx800H-1127164-3.jpg?context=bWFzdGVyfHJvb3R8NDY2NjV8aW1hZ2UvanBlZ3xhRE00TDJnME1pODJOakE1TWpBM01UVTRNemMzTkM4NE1EQlhlRGd3TUVoZk1URXlOekUyTkMwekxtcHdad3xkZDhkZjE0MTI4M2I0N2VjMjIwMTExODUwZmRmMjYwZTkwNDFlYjllZTNmNDQ3MWVlMmE3MmJmOTgyYjBhNGI2,,,,,,,,,https://static.bihr.pro/eBihr/Pictures/YOSHIMURA_US-pictures.zip,,,,Spain Warehouse (Parts)
1128000002,,228460S520,YOSHIMURA US,"YOSHI EXHAUST FULL SYSTEM, SST/CAR, SST",Escape completo YOSHIMURA USA RS-12 Signature Series,1632.92,1349.52,1012.14,840025915688,1,8714109090,0,1,"<p>Recogiendo todo lo que pudieron de su hermano mayor en el modelo CRF450 del a&ntilde;o anterior, Yoshimura desarroll&oacute; el RS-12 para optimizar la potencia en la nueva CRF250R y permitirle tener la mayor potencia inferior y media y proporcionar el m&aacute;ximo overrev para dar la mejor curva de potencia posible para las carreras de Supercross y Motocross.</p>
<p>El RS-12, con su c&aacute;mara de resonancia integrada, su fabricaci&oacute;n probada en competici&oacute;n y su forma ic&oacute;nica, proporciona la mejor potencia disponible para la nueva Honda CRF, al tiempo que mantiene el nivel de DB dentro de unos par&aacute;metros de competici&oacute;n aceptables y ofrece una gran holgura para los neum&aacute;ticos y las pinzas de freno.</p>
<p>El RS-12 est&aacute; orgullosamente desarrollado, dise&ntilde;ado y fabricado en EE.UU.</p>","
Recogiendo todo lo que pudieron de su hermano mayor en el modelo CRF450 del año anterior, Yoshimura desarrolló el RS-12 para optimizar la potencia en la nueva CRF250R y permitirle tener la mayor potencia inferior y media y proporcionar el máximo overrev para dar la mejor curva de potencia posible para las carreras de Supercross y Motocross.

El RS-12, con su cámara de resonancia integrada, su fabricación probada en competición y su forma icónica, proporciona la mejor potencia disponible para la nueva Honda CRF, al tiempo que mantiene el nivel de DB dentro de unos parámetros de competición aceptables y ofrece una gran holgura para los neumáticos y las pinzas de freno.

El RS-12 está orgullosamente desarrollado, diseñado y fabricado en EE.UU.",VEHICLE PARTS & ACCESSORIES,ACCESSORIES,ACC. EXHAUST,S. Steel / Carbon,,,72800,7500,1000,280,260,Carbono,Acero inoxidable,Acero inoxidable,,,,,Homologación FIM,,,,,https://api.mybihr.com/medias/800Wx800H-1128000002-3.webp?context=bWFzdGVyfHJvb3R8Mjk5NTh8YXBwbGljYXRpb24vd2VicHxhRFUwTDJneU9DODNPVGs0TVRFek5UYzVNREV4TUM4NE1EQlhlRGd3TUVoZk1URXlPREF3TURBd01pMHpMbmRsWW5BfDQxOGVlODk0OWMwZGViMzRiOWZmMTk2ZWIwMWY4OWM5ZjYzZWUyOWNlNzE0YjBmMTg2NjYxZGRmYTIwNDg0Zjc,https://api.mybihr.com/medias/800Wx800H-1128000002-6.webp?context=bWFzdGVyfHJvb3R8MjQzNzB8YXBwbGljYXRpb24vd2VicHxhRFJoTDJnNE5DODNPVGs0TVRFek5qTTNPVGt6TkM4NE1EQlhlRGd3TUVoZk1URXlPREF3TURBd01pMDJMbmRsWW5BfGY3OTU1MDc2NWU3MDhhODlmMTE2NGVjZWVhNzZhMDczMjNhNjlkYWJjNjM0NTcyMTRkODBjMWFjMGY0Mzg3YWM,https://api.mybihr.com/medias/800Wx800H-1128000002-1.webp?context=bWFzdGVyfHJvb3R8OTM3NnxhcHBsaWNhdGlvbi93ZWJwfGFHSXpMMmd4WVM4M09UazRNVEV6TlRNNU5qZzVOQzg0TURCWGVEZ3dNRWhmTVRFeU9EQXdNREF3TWkweExuZGxZbkF8Y2U3MjRhYzQ2ODRlODIyZGQzM2JmZTZjMWNjODZjOTY1ZDc0OWVjZWRjMDA3Y2I4YzliMzQ5NmRhNTMwZDc3OA,https://api.mybihr.com/medias/800Wx800H-1128000002-5.webp?context=bWFzdGVyfHJvb3R8MjEyNjB8YXBwbGljYXRpb24vd2VicHxhRGhrTDJnM1pDODNPVGs0TVRFek5qRTRNek15Tmk4NE1EQlhlRGd3TUVoZk1URXlPREF3TURBd01pMDFMbmRsWW5BfDZmYzdmNzZiZDMwNzNlOGNkOWRjZTAwYjcyMmY4OTQwNzQ1YWI2MzJlM2MwMDZkOGFkZDE2YzAzZjY0YTNkOGY,https://api.mybihr.com/medias/800Wx800H-1128000002-2.webp?context=bWFzdGVyfHJvb3R8MTI2NzR8YXBwbGljYXRpb24vd2VicHxhRGd6TDJneU1TODNPVGs0TVRFek5UVTVNelV3TWk4NE1EQlhlRGd3TUVoZk1URXlPREF3TURBd01pMHlMbmRsWW5BfDg1OGE2NmIyNjgwNjhkMWVlMmQ2MzNlMzM3ZGExMjcxNjYwNzI1YmEzYjIzOGQzN2UyNGNhMjVmODU1YjA2NDc,https://api.mybihr.com/medias/800Wx800H-1128000002-4.webp?context=bWFzdGVyfHJvb3R8Mjg4Mjh8YXBwbGljYXRpb24vd2VicHxhREV4TDJneVppODNPVGs0TVRFek5UazROamN4T0M4NE1EQlhlRGd3TUVoZk1URXlPREF3TURBd01pMDBMbmRsWW5BfDRjMTI4OGQ5ZGM0ZGM4OWRhMDAxNTU4NWEzMzMzMWE3MTA1M2ZkNGMzMTEwNDhiN2I4NDJkNThlZDIxODk4Njk,,,,,,https://static.bihr.pro/eBihr/Pictures/YOSHIMURA_US-pictures.zip,https://api.mybihr.com/medias/Honda-CRF250R.pdf?context=bWFzdGVyfGRvY3VtZW50c3wxODIwMDMzfGFwcGxpY2F0aW9uL3BkZnxhRE0zTDJneFl5ODNPVFkzTkRrNE5UazNNVGMwTWk5SWIyNWtZU0JEVWtZeU5UQlNMbkJrWmd8NGU3NDkxMDNiNzRkZTI5MjU5OWU0Y2YzYjI2NjNhNDAyNTZiNTQ5ZTgyMDAwZDIzMTk2MTkwYjcwMmY0MmU0Mw,https://api.mybihr.com/medias/RS-12-Taper-Full-System.pdf?context=bWFzdGVyfGRvY3VtZW50c3wxODIwMDMzfGFwcGxpY2F0aW9uL3BkZnxhRFZpTDJnME1TODNPVFkzTVRZM01EUTNNamN6TkM5U1V5MHhNbDlVWVhCbGNsOUdkV3hzTFZONWMzUmxiUzV3WkdZfGZiYjlhMDlhOWQ0NGE1ZWRjYmY0NmExNTZjMGEyZGU5NDBhZTdjNzYzMDQ2OTNmNjM5MDU3NmFkNGIwOTNkZGE,https://api.mybihr.com/medias/RX-RS-12-Signature-Series.pdf?context=bWFzdGVyfHJvb3R8MjIwMTMyMnxhcHBsaWNhdGlvbi9wZGZ8YUdOa0wyZzVNeTgyTmpjeU5EQXpNVFE1TmpJeU1pOVNXQ0JTVXkweE1pQlRhV2R1WVhSMWNtVWdVMlZ5YVdWekxuQmtaZ3xhMTY5NmRlMjg2MTdlODNkMmQ1MzRhOWIxNmExNWRhMGFmYzEyOTMwNDI0MDU2YzFhMWU4Y2I2YzhlNTNjMmVm,Spain Warehouse (Parts)
1128000001,,228461S720,YOSHIMURA US,"YOSHI EXHAUST FULL SYSTEM, TIT/CAR, TIT",Escape completo YOSHIMURA USA RS-12 Signature Series,2524.41,2086.29,1564.72,840025915947,4,8714109090,0,1,"<p>Recogiendo todo lo que pudieron de su hermano mayor en el modelo CRF450 del a&ntilde;o anterior, Yoshimura desarroll&oacute; el RS-12 para optimizar la potencia en la nueva CRF250R y permitirle tener la mayor potencia inferior y media y proporcionar el m&aacute;ximo overrev para dar la mejor curva de potencia posible para las carreras de Supercross y Motocross.</p>
<p>El RS-12, con su c&aacute;mara de resonancia integrada, su fabricaci&oacute;n probada en competici&oacute;n y su forma ic&oacute;nica, proporciona la mejor potencia disponible para la nueva Honda CRF, al tiempo que mantiene el nivel de DB dentro de unos par&aacute;metros de competici&oacute;n aceptables y ofrece una gran holgura para los neum&aacute;ticos y las pinzas de freno.</p>
<p>El RS-12 est&aacute; orgullosamente desarrollado, dise&ntilde;ado y fabricado en EE.UU.</p>","
Recogiendo todo lo que pudieron de su hermano mayor en el modelo CRF450 del año anterior, Yoshimura desarrolló el RS-12 para optimizar la potencia en la nueva CRF250R y permitirle tener la mayor potencia inferior y media y proporcionar el máximo overrev para dar la mejor curva de potencia posible para las carreras de Supercross y Motocross.

El RS-12, con su cámara de resonancia integrada, su fabricación probada en competición y su forma icónica, proporciona la mejor potencia disponible para la nueva Honda CRF, al tiempo que mantiene el nivel de DB dentro de unos parámetros de competición aceptables y ofrece una gran holgura para los neumáticos y las pinzas de freno.

El RS-12 está orgullosamente desarrollado, diseñado y fabricado en EE.UU.",VEHICLE PARTS & ACCESSORIES,ACCESSORIES,ACC. EXHAUST,Titanio / Carbono,,,77909,7700,995,290,270,Carbono,Titanio,Titanio,,,,,Homologación FIM,,,,,https://api.mybihr.com/medias/800Wx800H-1128000001-1.jpg?context=bWFzdGVyfHJvb3R8MjE5NTZ8aW1hZ2UvanBlZ3xhRE0wTDJnNU55ODNPVGM1T0RFMk9UTXdOVEV4T0M4NE1EQlhlRGd3TUVoZk1URXlPREF3TURBd01TMHhMbXB3Wnd8NWU4NDE0NmY4MTA2NmRmYjY1ODlhZjY5NTA3NDRjMmQ2ZTY0ZTEzMmM5Yjk1MzBhYTQ1YjcwNzFiYzY0NzhmMA,https://api.mybihr.com/medias/800Wx800H-1128000001-2.jpg?context=bWFzdGVyfHJvb3R8NjY2ODd8aW1hZ2UvanBlZ3xhREEwTDJnNVpTODNPVGM1T0RFMk9UVXdNVGN5Tmk4NE1EQlhlRGd3TUVoZk1URXlPREF3TURBd01TMHlMbXB3Wnd8ZWMxMzhjMGE4YjE1ODhjNjc3MjA0MWJiYTUxZTRkMjFkN2I4ODcxYWQ1YTFjNjZhMWQ2YWNlMzljMmUzMWM4ZA,https://api.mybihr.com/medias/800Wx800H-1128000001-3.jpg?context=bWFzdGVyfHJvb3R8Njc3NTF8aW1hZ2UvanBlZ3xhRGN4TDJoaE1pODNPVGM1T0RFMk9UWTVPRE16TkM4NE1EQlhlRGd3TUVoZk1URXlPREF3TURBd01TMHpMbXB3Wnd8YWZhNDJlM2VhN2QxYTM2ZGQ2ZjExZTRmNmIzMTY1MzQxMTJjYjYyOWU2YjlhMmI0N2EyOTUyN2ViZTA2MzAwZg,https://api.mybihr.com/medias/800Wx800H-1128000001-4.jpg?context=bWFzdGVyfHJvb3R8MTExODE4fGltYWdlL2pwZWd8YURReEwyaGhPUzgzT1RjNU9ERTJPVGc1TkRrME1pODRNREJYZURnd01FaGZNVEV5T0RBd01EQXdNUzAwTG1wd1p3fDE0ZGUzZmM5MjBkNWM3MTFmMTExNzYwMjJlOGRkYTI5ZDE1YjE0N2QxMzU4ZDNkZTIzNDdhYzMyN2ViMzQxNjI,https://api.mybihr.com/medias/800Wx800H-1128000001-5.jpg?context=bWFzdGVyfHJvb3R8NjkzOTd8aW1hZ2UvanBlZ3xhRGRqTDJnMVlTODNPVGM1T0RFM01EQTVNVFUxTUM4NE1EQlhlRGd3TUVoZk1URXlPREF3TURBd01TMDFMbXB3Wnd8YjRlZjFhOTljODBhZTRlZDJmYWFmZTFhYTQwZWI1YTQ0ZmVjZDc2YWFjYzQxZTY4OTMwZDhiZjcyMDJmMGU4OQ,https://api.mybihr.com/medias/800Wx800H-1128000001-6.jpg?context=bWFzdGVyfHJvb3R8ODk5MjZ8aW1hZ2UvanBlZ3xhR0ZsTDJnMU1DODNPVGM1T0RFM01ETTFNelk1TkM4NE1EQlhlRGd3TUVoZk1URXlPREF3TURBd01TMDJMbXB3Wnd8ZjhkZTY1ODk2NTA5YThjZWM1ZTQ1MDY5OTlkZDlhMmQyMTE3MmZiODc5NDE1ZWQzNTQ5MTZjZTc3NDMzOGM3Ng,,,,,,https://static.bihr.pro/eBihr/Pictures/YOSHIMURA_US-pictures.zip,https://api.mybihr.com/medias/RX-RS-12-Signature-Series.pdf?context=bWFzdGVyfHJvb3R8MjIwMTMyMnxhcHBsaWNhdGlvbi9wZGZ8YUdOa0wyZzVNeTgyTmpjeU5EQXpNVFE1TmpJeU1pOVNXQ0JTVXkweE1pQlRhV2R1WVhSMWNtVWdVMlZ5YVdWekxuQmtaZ3xhMTY5NmRlMjg2MTdlODNkMmQ1MzRhOWIxNmExNWRhMGFmYzEyOTMwNDI0MDU2YzFhMWU4Y2I2YzhlNTNjMmVm,,,France Warehouse (Parts)
1128221,,RS12-NB009,YOSHIMURA US,YOSHI SPARE PARTS STICKER,Juego de pegatinas YOSHIMURA Works Edition - 4 unidades,48.11,39.76,29.82,RS12-NB009,0,8714109090,0,1,,,VEHICLE PARTS & ACCESSORIES,ACCESSORIES,ACC. EXHAUST,,,,484,92,280,173,10,,,,,,,,,,,,,,,,,,,,,,,,https://static.bihr.pro/eBihr/Pictures/YOSHIMURA_US-pictures.zip,,,,Spain Warehouse (Parts)
1128222,,REPACK-22586WE,YOSHIMURA US,YOSHI SPARE PARTS REPACKING KIT,Kit de reacondicionamiento para silenciador YOSHIMURA Works Edition,111.71,92.32,69.24,840025915572,0,8714109090,0,1,"<p>YOSHIMURA Spare Part Repacking Kit</p>
<p>Repacking your muffler with the correct Yoshimura Repack kit will keep your bike quiet, preserve power gains, and protect your Yoshimura muffler’s vital components from being damaged from excessive heat. Repack kits come with the correct amount of premium packing material and all components needed to do a complete repack. Consult your instruction manual or the chart below for your application.</p>","
YOSHIMURA Spare Part Repacking Kit

Repacking your muffler with the correct Yoshimura Repack kit will keep your bike quiet, preserve power gains, and protect your Yoshimura muffler’s vital components from being damaged from excessive heat. Repack kits come with the correct amount of premium packing material and all components needed to do a complete repack. Consult your instruction manual or the chart below for your application.",VEHICLE PARTS & ACCESSORIES,ACCESSORIES,ACC. EXHAUST,,,,8912,946,457,156,125,,,,,,,,,,,,,,,,,,,,,,,,https://static.bihr.pro/eBihr/Pictures/YOSHIMURA_US-pictures.zip,https://api.mybihr.com/medias/YOSHIMURA-Repack-Insert-Chart.pdf?context=bWFzdGVyfHJvb3R8MzYxMTA4fGFwcGxpY2F0aW9uL3BkZnxhR014TDJnelpTODJOekkzT1RRMU1UUTRPREk0Tmk5WlQxTklTVTFWVWtGZlVtVndZV05yWDBsdWMyVnlkRjlEYUdGeWRDNXdaR1l8YjIyNzlmZGJiYzI5MmYwNzg2YzYwMmQyNTc5ZWEyZjYxNTczNTQxZmJkMDg2NGEyZTIxNTdhYWVmZGRiZGY5Mw,,,Spain Warehouse (Parts)
1129522001,,225860S520,YOSHIMURA US,"YOSHI EXHAUST FULL SYSTEM RS12, SST",Escape completo YOSHIMURA RS-12 Signature Series,1632.93,1349.53,1012.15,225860S520,5,8714109090,0,1,"<p>La Honda CRF450R 2025 ya está aquí y ha experimentado cambios significativos en el conjunto general. Hunter Lawrence encontró los cambios tan inspiradores que le llevaron a competir con la nueva máquina en las tres últimas rondas del AMA Pro Motocross.</p>
<p>La nueva CRF450R cuenta con un chasis, una caja de aire y una configuración de la ECU totalmente nuevos. Nuestro equipo de ingeniería y desarrollo se ha puesto manos a la obra con el Team Honda HRC para exprimir hasta la última gota de rendimiento de la nueva 450. Con nuestro nuevo sistema completo RS-12 Signature Series, hemos conseguido una ganancia máxima de CV del 3,7% sobre el modelo original, mientras que la ganancia máxima de par ha sido del 1,3%.</p>
<p><strong>Algunas de las características de la CRF450R/RX RS-12 2025:</strong></p>
<p><strong>Silenciador hidroformado</strong></p>
<p>Este es el primero de una nueva generación del sistema de escape de perfil RS-12 que incorpora la tecnología hidroformada para reducir el peso. Esta tecnología permite maximizar el espacio disponible para un ajuste a medida, minimizando al mismo tiempo el uso de material. El hidroconformado elimina muchas de las limitaciones de los métodos convencionales de conformado del metal, lo que permite obtener un silenciador más resistente y ligero. Este nuevo manguito también incorpora un resonador de una pieza de embutición profunda que mejora aún más la durabilidad.</p>
<p><strong>Cabezal hidroformado primario</strong></p>
<p>Mayor rendimiento gracias a la adaptación exacta del puerto de escape ovalado, con una transición interna suave de ovalado a redondo. Mayor durabilidad gracias a la reducción de las conexiones soldadas. Mejor ajuste gracias a la repetibilidad exacta del proceso de hidroconformado.</p>
<p>Junta mecanizada con revestimiento de carbono</p>
<p>Nuestra nueva Junta Mecanizada con Cara de Carbono ya no requiere el uso de antiagarrotamiento. Esto se consigue impregnando la superficie de la junta de acero inoxidable con átomos de carbono. El resultado es una reducción del desgaste a lo largo de la vida útil de la junta al disminuir la fricción.</p>
<p><strong>Resonador del cabezal</strong></p>
<p>Desarrollado en colaboración con el equipo Honda HRC, nuestro resonador de colector no está ahí sólo por su aspecto, sino que nos permite maximizar la potencia en todo el espectro, al tiempo que mejora la conectividad del piloto.</p>
<p><strong>Colector de fundición</strong></p>
<p>Ventaja - Mayor resistencia, durabilidad, instalación y desmontaje más sencillos.</p>
<p>El nuevo RS-12 para la Honda CRF450R/RX 2025 también viene con un inserto de sonido INS-32-K instalado. Este inserto no sólo produce una nota de escape agradable al oído, sino que también proporciona la mejor potencia para la nueva Honda.</p>
<p>La CRF450R RS-12 está diseñada, desarrollada y fabricada en EE.UU. con la ayuda del equipo de competición Team Honda HRC en EE.UU. y en Europa.</p>","
La Honda CRF450R 2025 ya está aquí y ha experimentado cambios significativos en el conjunto general. Hunter Lawrence encontró los cambios tan inspiradores que le llevaron a competir con la nueva máquina en las tres últimas rondas del AMA Pro Motocross.

La nueva CRF450R cuenta con un chasis, una caja de aire y una configuración de la ECU totalmente nuevos. Nuestro equipo de ingeniería y desarrollo se ha puesto manos a la obra con el Team Honda HRC para exprimir hasta la última gota de rendimiento de la nueva 450. Con nuestro nuevo sistema completo RS-12 Signature Series, hemos conseguido una ganancia máxima de CV del 3,7% sobre el modelo original, mientras que la ganancia máxima de par ha sido del 1,3%.

Algunas de las características de la CRF450R/RX RS-12 2025:

Silenciador hidroformado

Este es el primero de una nueva generación del sistema de escape de perfil RS-12 que incorpora la tecnología hidroformada para reducir el peso. Esta tecnología permite maximizar el espacio disponible para un ajuste a medida, minimizando al mismo tiempo el uso de material. El hidroconformado elimina muchas de las limitaciones de los métodos convencionales de conformado del metal, lo que permite obtener un silenciador más resistente y ligero. Este nuevo manguito también incorpora un resonador de una pieza de embutición profunda que mejora aún más la durabilidad.

Cabezal hidroformado primario

Mayor rendimiento gracias a la adaptación exacta del puerto de escape ovalado, con una transición interna suave de ovalado a redondo. Mayor durabilidad gracias a la reducción de las conexiones soldadas. Mejor ajuste gracias a la repetibilidad exacta del proceso de hidroconformado.

Junta mecanizada con revestimiento de carbono

Nuestra nueva Junta Mecanizada con Cara de Carbono ya no requiere el uso de antiagarrotamiento. Esto se consigue impregnando la superficie de la junta de acero inoxidable con átomos de carbono. El resultado es una reducción del desgaste a lo largo de la vida útil de la junta al disminuir la fricción.

Resonador del cabezal

Desarrollado en colaboración con el equipo Honda HRC, nuestro resonador de colector no está ahí sólo por su aspecto, sino que nos permite maximizar la potencia en todo el espectro, al tiempo que mejora la conectividad del piloto.

Colector de fundición

Ventaja - Mayor resistencia, durabilidad, instalación y desmontaje más sencillos.

El nuevo RS-12 para la Honda CRF450R/RX 2025 también viene con un inserto de sonido INS-32-K instalado. Este inserto no sólo produce una nota de escape agradable al oído, sino que también proporciona la mejor potencia para la nueva Honda.

La CRF450R RS-12 está diseñada, desarrollada y fabricada en EE.UU. con la ayuda del equipo de competición Team Honda HRC en EE.UU. y en Europa.",VEHICLE PARTS & ACCESSORIES,ACCESSORIES,ACC. EXHAUST,,Acero inoxidable,,75525,8140,1000,285,265,Carbono,Acero inoxidable,Acero inoxidable,,,,,Solo para uso en circuito,,,Nivel estándar,,https://api.mybihr.com/medias/800Wx800H-1129522001-1.jpg?context=bWFzdGVyfHJvb3R8OTMxNjN8aW1hZ2UvanBlZ3xhREF5TDJnM1lpODJPVFEwTVRNNE1qQTRPRGN6TkM4NE1EQlhlRGd3TUVoZk1URXlPVFV5TWpBd01TMHhMbXB3Wnd8Mzk4MjAzNWFjY2Q1YzhmYjg0ZDZhYjY5M2M1ZjVmNTRmMjc0NDM2MTlmOGQ0MTc4ZmU0NWU1ZTgxNzI1ZmRmNA,https://api.mybihr.com/medias/800Wx800H-1129522001-2.jpg?context=bWFzdGVyfHJvb3R8OTcxNTF8aW1hZ2UvanBlZ3xhR0V5TDJnNE9DODJPVFEwTVRNNE1qUTRNVGsxTUM4NE1EQlhlRGd3TUVoZk1URXlPVFV5TWpBd01TMHlMbXB3Wnd8MThhOThlYWY4MDIwYTVjMzRmYTc4OWJmNGZjZGJjM2QyNTI5MzhjZWU4YjhiYzZiY2ZhZmM2NmE5M2IyYTY1Ng,https://api.mybihr.com/medias/800Wx800H-1129522001-3.jpg?context=bWFzdGVyfHJvb3R8OTgwMjF8aW1hZ2UvanBlZ3xhRE00TDJoak5TODJPVFEwTnpNeE16ZzRNekUyTmk4NE1EQlhlRGd3TUVoZk1URXlPVFV5TWpBd01TMHpMbXB3Wnd8MDlhY2JmNjkyZTJhNWU3OTQ0MWViMzUwYjlkODhkOTQyODVmMjM1OGU1M2YxYmYzNWZiYzA4ZTllMjYzMjQxZQ,https://api.mybihr.com/medias/800Wx800H-1129522001-4.jpg?context=bWFzdGVyfHJvb3R8NjY3NzN8aW1hZ2UvanBlZ3xhRGhsTDJobE5TODJPVFEwTnpNeE5ESTNOak00TWk4NE1EQlhlRGd3TUVoZk1URXlPVFV5TWpBd01TMDBMbXB3Wnd8NDMwNjgwZDNlODE2Yjg3YWYwOWJiMWU3NzQ4ZDIzMDIwMTMzYTM1Zjk0ODU5Mzg5MmZkZTllZjI4MGU1OTFjMA,https://api.mybihr.com/medias/800Wx800H-1129522001-5.jpg?context=bWFzdGVyfHJvb3R8OTM4NzR8aW1hZ2UvanBlZ3xhREF4TDJoa09DODJPVFEwTnpNeE5EWTJPVFU1T0M4NE1EQlhlRGd3TUVoZk1URXlPVFV5TWpBd01TMDFMbXB3Wnd8ODk3YjM5ZTA3MTdjMDExMWE0YWQ0ZTk4N2Y3MjE3NzJjNTMyM2U0ZjBlOTE2NGQ1ZTM5ZTU2MmIwNzEwNWFhMw,https://api.mybihr.com/medias/800Wx800H-1129522001-6.jpg?context=bWFzdGVyfHJvb3R8MTU0NTUwfGltYWdlL2pwZWd8YUdJMUwyZzRNaTgyT1RRME56TXhOVEEyTWpneE5DODRNREJYZURnd01FaGZNVEV5T1RVeU1qQXdNUzAyTG1wd1p3fDNmODRhYWU3MTI4MWEwYTU5Y2U3NGIzNTcxYTY3ZDc4YzVkMmYxNGIzNThkMmI1NTRiMmE2YTdjNzQ1OTkyYTE,https://api.mybihr.com/medias/800Wx800H-1129522001-7.jpg?context=bWFzdGVyfHJvb3R8MTE1ODU4fGltYWdlL2pwZWd8YURJM0wyZzNOUzgyT1RRME56TXhOVFExTmpBek1DODRNREJYZURnd01FaGZNVEV5T1RVeU1qQXdNUzAzTG1wd1p3fDQxMjhiOWI0OGY5NjczYWMxYjIzYjAxMDAxZTliMTI1YTBlYWIwZWJlZjNlYThhMmZiOGI1NjBmZTIxNWEzOTY,https://api.mybihr.com/medias/800Wx800H-1129522001-8.jpg?context=bWFzdGVyfHJvb3R8NTk4Mzh8aW1hZ2UvanBlZ3xhRGxoTDJnMk55ODJPVFEwTnpNeE5UZzBPVEkwTmk4NE1EQlhlRGd3TUVoZk1URXlPVFV5TWpBd01TMDRMbXB3Wnd8YzBjNjI3ZmM5ZjBiMWY5MmNhYzE5YWVlZjJmNzZkMzBlZTk5NjhkOTAzYWVlODczOTc3YjkxMjg4MTczOGI2Mg,,,,https://static.bihr.pro/eBihr/Pictures/YOSHIMURA_US-pictures.zip,,,,France Warehouse (Parts)
1129522002,,225861S﻿720,YOSHIMURA US,"YOSHI EXHAUST FULL SYSTEM RS12, TIT",Escape completo YOSHIMURA RS-12 Signature Series,2524.41,2086.29,1564.72,840025915930,4,8714109090,0,1,"<p>La Honda CRF450R 2025 ya está aquí y ha mejorado significativamente. Hunter Lawrence descubrió que los cambios eran tan inspiradores que le llevaron a competir con la nueva máquina en las tres últimas rondas del AMA Pro Motocross.</p>
<p>La nueva CRF450R cuenta con un chasis, una caja de filtro de aire y una centralina (ECU) totalmente nuevos. Nuestro equipo de ingeniería y desarrollo se ha puesto manos a la obra con el equipo Team Honda HRC para exprimir hasta la última gota de rendimiento de la nueva 450. Gracias al nuevo sistema completo RS-12 Signature Series, la potencia máxima aumenta un 3,7% en comparación con el modelo original, mientras que el par máximo aumenta un 1,3%.
<p><strong>Estas son algunas de las características de la CRF450R/RX RS-12 de 2025:</strong></p>
<p><strong>Silenciador hidroformado</strong></p>
<p>Este es el primero de una nueva generación de sistemas de escape de perfil RS-12 que incorpora tecnología hidroformada para reducir el peso. Esta tecnología permite maximizar el espacio disponible para un ajuste perfecto, además de minimizar el uso de material. El hidroformado permite fabricar un silenciador más resistente y ligero, lo que ofrece mayor versatilidad que los métodos tradicionales. El nuevo casquillo incluye un resonador monobloc que mejora su durabilidad.</p>
<p><strong>Tapa hidroformada primaria</strong></p>
<p>Rendimiento mejorado gracias a la adaptación exacta del orificio de escape ovalado, con una transición interna regular de ovalado a redondo. Mayor durabilidad gracias a la reducción de las conexiones soldadas. Mejor ajuste gracias a la repetibilidad exacta del proceso de hidroformado.</p>
<p><strong>Junta mecanizada con revestimiento de carbono</strong></p>
<p>Nuestra nueva junta mecanizada con revestimiento de carbono ya no necesita antigripante. Esto se consigue impregnando la superficie de la junta de acero inoxidable con átomos de carbono. Lo que resulta en menor desgaste a lo largo de la vida útil de la junta gracias a una fricción limitada.</p>
<p><strong>Tapa de resonador</strong></p>
<p>Desarrollado junto con el equipo Honda HRC, este resonador no solo tiene un diseño óptimo, sino también permite maximizar la potencia en todo el espectro al mismo tiempo que mejora la conexión del piloto.</p>
<p><strong>Tubo de admisión moldeado</strong></p>
<p>Ventajas: mayor resistencia, durabilidad mejorada y facilidad de instalación y desmontaje.</p>
<p>El nuevo RS-12 para la Honda CRF450R/RX 2025 también cuenta con un inserto acústico INS-32-K ya montado. Este inserto no sólo produce un sonido de escape agradable al oído, sino que también garantiza la mejor potencia para la nuevo Honda.</p>
<p>CRF450R RS-12 fue diseñado, desarrollado y fabricado en EE.UU en colaboración con el equipo de carreras Honda HRC tanto en EE.UU. como en Europa.</p>","
La Honda CRF450R 2025 ya está aquí y ha mejorado significativamente. Hunter Lawrence descubrió que los cambios eran tan inspiradores que le llevaron a competir con la nueva máquina en las tres últimas rondas del AMA Pro Motocross.

La nueva CRF450R cuenta con un chasis, una caja de filtro de aire y una centralina (ECU) totalmente nuevos. Nuestro equipo de ingeniería y desarrollo se ha puesto manos a la obra con el equipo Team Honda HRC para exprimir hasta la última gota de rendimiento de la nueva 450. Gracias al nuevo sistema completo RS-12 Signature Series, la potencia máxima aumenta un 3,7% en comparación con el modelo original, mientras que el par máximo aumenta un 1,3%.

Estas son algunas de las características de la CRF450R/RX RS-12 de 2025:

Silenciador hidroformado

Este es el primero de una nueva generación de sistemas de escape de perfil RS-12 que incorpora tecnología hidroformada para reducir el peso. Esta tecnología permite maximizar el espacio disponible para un ajuste perfecto, además de minimizar el uso de material. El hidroformado permite fabricar un silenciador más resistente y ligero, lo que ofrece mayor versatilidad que los métodos tradicionales. El nuevo casquillo incluye un resonador monobloc que mejora su durabilidad.

Tapa hidroformada primaria

Rendimiento mejorado gracias a la adaptación exacta del orificio de escape ovalado, con una transición interna regular de ovalado a redondo. Mayor durabilidad gracias a la reducción de las conexiones soldadas. Mejor ajuste gracias a la repetibilidad exacta del proceso de hidroformado.

Junta mecanizada con revestimiento de carbono

Nuestra nueva junta mecanizada con revestimiento de carbono ya no necesita antigripante. Esto se consigue impregnando la superficie de la junta de acero inoxidable con átomos de carbono. Lo que resulta en menor desgaste a lo largo de la vida útil de la junta gracias a una fricción limitada.

Tapa de resonador

Desarrollado junto con el equipo Honda HRC, este resonador no solo tiene un diseño óptimo, sino también permite maximizar la potencia en todo el espectro al mismo tiempo que mejora la conexión del piloto.

Tubo de admisión moldeado

Ventajas: mayor resistencia, durabilidad mejorada y facilidad de instalación y desmontaje.

El nuevo RS-12 para la Honda CRF450R/RX 2025 también cuenta con un inserto acústico INS-32-K ya montado. Este inserto no sólo produce un sonido de escape agradable al oído, sino que también garantiza la mejor potencia para la nuevo Honda.

CRF450R RS-12 fue diseñado, desarrollado y fabricado en EE.UU en colaboración con el equipo de carreras Honda HRC tanto en EE.UU. como en Europa.",VEHICLE PARTS & ACCESSORIES,ACCESSORIES,ACC. EXHAUST,,Titanio,,77909,7000,995,290,270,Carbono,Titanio,Acero inoxidable,,,,,Solo para uso en circuito,,,Nivel estándar,,https://api.mybihr.com/medias/800Wx800H-1129522002-1.jpg?context=bWFzdGVyfHJvb3R8NjM2NTF8aW1hZ2UvanBlZ3xhRFZrTDJnMllpODNPVGMyTkRnME9EWTBNREF6TUM4NE1EQlhlRGd3TUVoZk1URXlPVFV5TWpBd01pMHhMbXB3Wnd8MzViYTg3OTg1ZTlkNDc3NDg2ODMzODcyNjhmZWMzZmJlNDI1MTE5NjgyMTNhMTdmN2MxMDdkMjJkY2JiOTZlNw,https://api.mybihr.com/medias/800Wx800H-1129522002-2.jpg?context=bWFzdGVyfHJvb3R8MzQ2Nzl8aW1hZ2UvanBlZ3xhREkwTDJneE5pODNPVGMyTkRnME9UQXpNekkwTmk4NE1EQlhlRGd3TUVoZk1URXlPVFV5TWpBd01pMHlMbXB3Wnd8OGM5MmJlOWY0ZDQ3MDUyNWZmMGM2MzRhZjQxZDYyOWFiM2Q5YzZkNTQ1MmQ0ZjY5NDZhNTcwOTJlYWM2NzU5NA,https://api.mybihr.com/medias/800Wx800H-1129522002-3.jpg?context=bWFzdGVyfHJvb3R8MzU4OTh8aW1hZ2UvanBlZ3xhRGszTDJnd09DODNPVGMyTkRnME9UUXlOalEyTWk4NE1EQlhlRGd3TUVoZk1URXlPVFV5TWpBd01pMHpMbXB3Wnd8MWQ2YWE2MDE3ODBkMTM4YzQ3YzYwY2MxNzA5MmQ3ZWM2ZTI3YTAxY2U1OWRmNzQzYjBiNTJhYTBjMmEyYTEyNg,https://api.mybihr.com/medias/800Wx800H-1129522002-4.jpg?context=bWFzdGVyfHJvb3R8NDA4ODN8aW1hZ2UvanBlZ3xhR0kzTDJnd05TODNPVGMyTkRnME9UZzROVEl4TkM4NE1EQlhlRGd3TUVoZk1URXlPVFV5TWpBd01pMDBMbXB3Wnd8YzRkYjI4ZDBiMGNkOTE2NDhjNWRhNTg5NWVlODFiNDU0MjljZTU0NmQ4NTlmYmFmM2E3ZDY5NWZmNDYzNzhlNA,https://api.mybihr.com/medias/800Wx800H-1129522002-5.jpg?context=bWFzdGVyfHJvb3R8NjcxNjZ8aW1hZ2UvanBlZ3xhRFE1TDJobU55ODNPVGMyTkRnMU1ESTNPRFF6TUM4NE1EQlhlRGd3TUVoZk1URXlPVFV5TWpBd01pMDFMbXB3Wnd8MjkzNDg5NTRkMjU2ZjhlYTVkNWI3NzAwMTQyODU2MWE3MGNhYTJjZGM1ZDQ3YzhiMDQ5NGNkZDRlNmQ3Y2YxOA,https://api.mybihr.com/medias/800Wx800H-1129522002-6.jpg?context=bWFzdGVyfHJvb3R8NDIyNDF8aW1hZ2UvanBlZ3xhR0U1TDJobE9TODNPVGMyTkRnMU1EWTNNVFkwTmk4NE1EQlhlRGd3TUVoZk1URXlPVFV5TWpBd01pMDJMbXB3Wnd8Nzk4ZjUzMWU4ZmJkMDQwNGZlNWRlMzE3NDJjZTg5MzdmMTgwNzA1YWUzMDBkMjg2ZGI4MjJkNTIzNDRmMzEwZg,,,,,,https://static.bihr.pro/eBihr/Pictures/YOSHIMURA_US-pictures.zip,,,,France Warehouse (Parts)
1138438001,,242950S520,YOSHIMURA US,"YOSHI EXHAUST FULL SYSTEM RS12, SST/CAR",Escape completo YOSHIMURA RS-12 Signature Series - Acero inoxidable/Carbono,1484.33,1226.72,920.04,840025915909,0,8714109090,0,1,"<p>¡La última versión de la Kawasaki KX250F ya está aquí! Para llevar esta máquina al siguiente nivel, Yoshimura presenta su sistema de escape completo RS-12 Signature Series, diseñado para impulsar su rendimiento directamente al podio.</p>

<p>La nueva KX250F cuenta con un chasis y un motor renovados, lo que nos llevó a explorar cómo mejorar aún más sus prestaciones. Durante el desarrollo, la KX250F demostró una notable respuesta al RS-12, permitiéndonos incrementar hasta un 3,3% la potencia a 11.000 rpm y hasta un 3,4% el par motor a 10.600 rpm. Esto se traduce en una mayor potencia en altas revoluciones y una mejor conexión en los rangos bajos y medios del espectro de potencia.</p>

<p>El RS-12 para la KX250F 2025 viene equipado con el inserto de sonido INS-31-K, que no solo ofrece un tono de escape agradable, sino que también optimiza el rendimiento de la Kawasaki. Además, para aquellos que disfrutan de aventuras en el bosque, está disponible por separado el antichispas SA-21-K.</p>

<p><strong>Entre las características destacadas del nuevo RS-12 se incluyen:</strong></p>

<ul>
	<li><strong>Unión mecanizada con superficie de carbono:&nbsp;</strong>Esta unión elimina la necesidad de utilizar compuesto anti-adherente, ya que la superficie de acero inoxidable se impregna con átomos de carbono, reduciendo la fricción y el desgaste a lo largo de su vida útil.</li>
	<li><strong>Resonador en el colector:&nbsp;</strong>Más allá de su estética, este resonador maximiza la potencia en todo el rango, mejorando la conexión del piloto con la moto.</li>
	<li>Kits de repuesto, insertos opcionales y apagachispas:&nbsp; Disponibles para todos los modelos.</li>
</ul>

<p>Orgullosamente diseñado, desarrollado y fabricado en los Estados Unidos</p>","
¡La última versión de la Kawasaki KX250F ya está aquí! Para llevar esta máquina al siguiente nivel, Yoshimura presenta su sistema de escape completo RS-12 Signature Series, diseñado para impulsar su rendimiento directamente al podio.


La nueva KX250F cuenta con un chasis y un motor renovados, lo que nos llevó a explorar cómo mejorar aún más sus prestaciones. Durante el desarrollo, la KX250F demostró una notable respuesta al RS-12, permitiéndonos incrementar hasta un 3,3% la potencia a 11.000 rpm y hasta un 3,4% el par motor a 10.600 rpm. Esto se traduce en una mayor potencia en altas revoluciones y una mejor conexión en los rangos bajos y medios del espectro de potencia.


El RS-12 para la KX250F 2025 viene equipado con el inserto de sonido INS-31-K, que no solo ofrece un tono de escape agradable, sino que también optimiza el rendimiento de la Kawasaki. Además, para aquellos que disfrutan de aventuras en el bosque, está disponible por separado el antichispas SA-21-K.


Entre las características destacadas del nuevo RS-12 se incluyen:


	Unión mecanizada con superficie de carbono: Esta unión elimina la necesidad de utilizar compuesto anti-adherente, ya que la superficie de acero inoxidable se impregna con átomos de carbono, reduciendo la fricción y el desgaste a lo largo de su vida útil.
	Resonador en el colector: Más allá de su estética, este resonador maximiza la potencia en todo el rango, mejorando la conexión del piloto con la moto.
	Kits de repuesto, insertos opcionales y apagachispas:  Disponibles para todos los modelos.



Orgullosamente diseñado, desarrollado y fabricado en los Estados Unidos",VEHICLE PARTS & ACCESSORIES,ACCESSORIES,ACC. EXHAUST,S. Steel / Carbon,,,75147,8020,995,285,265,Carbono,Acero inoxidable,,,,,,Solo para uso en circuito,,,,,https://api.mybihr.com/medias/800Wx800H-1138438001-1.jpg?context=bWFzdGVyfHJvb3R8NjUxNDZ8aW1hZ2UvanBlZ3xhR016TDJoa1l5ODRNRGcyTlRjM01URTVNak0xTUM4NE1EQlhlRGd3TUVoZk1URXpPRFF6T0RBd01TMHhMbXB3Wnd8YjU1MTk0NmM1NmI2NTk5ZmY3ZWY3ZWIwNzRjNzc1ZDczOTZjNjk5NTczMzBjZjZkNzc0Y2Q2MjljODY3MzY5YQ,https://api.mybihr.com/medias/800Wx800H-1138438001-2.jpg?context=bWFzdGVyfHJvb3R8NTczNTB8aW1hZ2UvanBlZ3xhRFV3TDJobFlTODRNRGcyTlRjM01UVTROVFUyTmk4NE1EQlhlRGd3TUVoZk1URXpPRFF6T0RBd01TMHlMbXB3Wnd8MTQyMThhNTFlNTMzMzI2YzliNzQ4NTc0YzNkODYwODY2NTc3NDUyN2ZjODcyNTU5NTgzOWY4MzhiODU0MjBhOQ,https://api.mybihr.com/medias/800Wx800H-1138438001-3.jpg?context=bWFzdGVyfHJvb3R8NDUwOTB8aW1hZ2UvanBlZ3xhR1JsTDJobU55ODRNRGcyTlRjM01UazNPRGM0TWk4NE1EQlhlRGd3TUVoZk1URXpPRFF6T0RBd01TMHpMbXB3Wnd8YmNiYTNmMWY2NTUzMGZlMTQ2Y2ZhOTQ1MTQwYTM0MjgxZmQ0ZTViODBjNWJkZDEwOWFmMzYyNGE0YWE0N2Q5Zg,https://api.mybihr.com/medias/800Wx800H-1138438001-4.jpg?context=bWFzdGVyfHJvb3R8NDg1NzZ8aW1hZ2UvanBlZ3xhR1ExTDJoaU1pODRNRGcyTlRjM01qTTNNVGs1T0M4NE1EQlhlRGd3TUVoZk1URXpPRFF6T0RBd01TMDBMbXB3Wnd8OWUwOGQwNzk3MzI0Yjc5ZmMyMmVjNjMxODRkN2JiYWY0ZDBlZTQ2YWJhMTMwM2IxMjUyNzVkZWYwZTk2OTZjZg,https://api.mybihr.com/medias/800Wx800H-1138438001-5.jpg?context=bWFzdGVyfHJvb3R8MzUzODl8aW1hZ2UvanBlZ3xhRFEzTDJoaE5TODRNRGcyTlRjM01qYzJOVEl4TkM4NE1EQlhlRGd3TUVoZk1URXpPRFF6T0RBd01TMDFMbXB3Wnd8YTYxOWI5YzFlNDg0MTQ3OWIzYWFiZWVjNjBhNDEwYTczNGQwYjYwNTYzZTQyNjQxMzBjMGVkOGQ3ZmU5ODExMw,https://api.mybihr.com/medias/800Wx800H-1138438001-6.jpg?context=bWFzdGVyfHJvb3R8MjY2NTF8aW1hZ2UvanBlZ3xhREJtTDJnMU1DODRNRGcyTlRjM016RTFPRFF6TUM4NE1EQlhlRGd3TUVoZk1URXpPRFF6T0RBd01TMDJMbXB3Wnd8MGY0MTQ3NWFlZTUyOGQ1M2IyNTc2NDM2ZWQ2MDg2YjFmODU2NWQzMWZmZWM1YmJjMmU0NWYwMTNhMWQ2MGFkNA,,,,,,https://static.bihr.pro/eBihr/Pictures/YOSHIMURA_US-pictures.zip,https://api.mybihr.com/medias/Instructions-242950S520.pdf?context=bWFzdGVyfGRvY3VtZW50c3wxNjUzNzA0fGFwcGxpY2F0aW9uL3BkZnxhRFZoTDJneFlTODRNVEF4TlRrME1ERTROakUwTWk5SmJuTjBjblZqZEdsdmJuTmZNalF5T1RVd1V6VXlNQzV3WkdZfDJjMTg2NDhlZTZmODc0NTUxZjBlMTVhYzdiN2QyZmJhNGIyODdkMDlkNmI0M2NjZjVkNDlkYTk3ZGJmYTZkYTA,,,Spain Warehouse (Parts)
1149241,,272500S320,YOSHIMURA US,"YOSHI EXHAUST FULL SYSTEM RS12, SST/ALU",Escape completo YOSHIMURA RS-12 Signature Series,1538.10,1271.16,889.81,272500S320,0,8714109090,0,1,"
<p>La marca Triumph puede ser nueva en el mundo del motocross, pero ya tiene experiencia en fabricar productos de alta calidad y lograr victorias en competici&oacute;n. Ese legado de rendimiento y fiabilidad encaja perfectamente con Yoshimura. Ya est&aacute;n disponibles mejoras de rendimiento para la nueva Triumph TF250X.</p>
<p>El sistema completo RS-12 Signature Series, ya ic&oacute;nico, no solo luce espectacular en la TF250X, sino que tambi&eacute;n proporciona aumentos significativos de potencia en todo el rango de revoluciones. Se pueden obtener hasta un 2,63 % m&aacute;s de potencia a 11.600 rpm y un incremento de par motor de hasta un 1,08 % a 9.180 rpm.</p>
<p><strong>Algunas caracter&iacute;sticas del nuevo RS-12:</strong></p>
<p><strong>Uni&oacute;n mecanizada con recubrimiento de carbono</strong></p>
<p>La nueva uni&oacute;n mecanizada con recubrimiento de carbono ya no requiere el uso de pasta antiagarrotamiento. Al incorporar &aacute;tomos de carbono en la superficie de acero inoxidable, se reduce el desgaste y la fricci&oacute;n.</p>
<p><strong>Resonador en el colector</strong></p>
<p>El resonador no es solo decorativo: permite maximizar la potencia en todo el rango de uso y mejora la conexi&oacute;n con el piloto.</p>
<p>Una combinaci&oacute;n perfecta de rendimiento, estilo y calidad con el nuevo escape Yoshimura para la Triumph TF250X.</p>
<p>El RS-12 se dise&ntilde;a, desarrolla y fabrica en Chino, California.</p>

<p><strong><em>Este producto est&aacute; dise&ntilde;ado para una motocicleta en configuraci&oacute;n original de f&aacute;brica. Accesorios OEM o aftermarket no presentes en la moto original podr&iacute;an ser incompatibles.</em></strong></p>","

La marca Triumph puede ser nueva en el mundo del motocross, pero ya tiene experiencia en fabricar productos de alta calidad y lograr victorias en competición. Ese legado de rendimiento y fiabilidad encaja perfectamente con Yoshimura. Ya están disponibles mejoras de rendimiento para la nueva Triumph TF250X.

El sistema completo RS-12 Signature Series, ya icónico, no solo luce espectacular en la TF250X, sino que también proporciona aumentos significativos de potencia en todo el rango de revoluciones. Se pueden obtener hasta un 2,63 % más de potencia a 11.600 rpm y un incremento de par motor de hasta un 1,08 % a 9.180 rpm.

Algunas características del nuevo RS-12:

Unión mecanizada con recubrimiento de carbono

La nueva unión mecanizada con recubrimiento de carbono ya no requiere el uso de pasta antiagarrotamiento. Al incorporar átomos de carbono en la superficie de acero inoxidable, se reduce el desgaste y la fricción.

Resonador en el colector

El resonador no es solo decorativo: permite maximizar la potencia en todo el rango de uso y mejora la conexión con el piloto.

Una combinación perfecta de rendimiento, estilo y calidad con el nuevo escape Yoshimura para la Triumph TF250X.

El RS-12 se diseña, desarrolla y fabrica en Chino, California.


Este producto está diseñado para una motocicleta en configuración original de fábrica. Accesorios OEM o aftermarket no presentes en la moto original podrían ser incompatibles.",VEHICLE PARTS & ACCESSORIES,ACCESSORIES,ACC. EXHAUST,,,,78300,7700,1000,290,270,Carbono,Aluminio,Acero inoxidable,,,,,Homologación FIM,,,,,https://api.mybihr.com/medias/800Wx800H-1149241-1.jpg?context=bWFzdGVyfHJvb3R8Mzc1MjB8aW1hZ2UvanBlZ3xhREE0TDJnNU5pODROakExTlRJeU16UTFPVGczTUM4NE1EQlhlRGd3TUVoZk1URTBPVEkwTVMweExtcHdad3wwMTQ4Mjg2Yzg3M2JjOGE0OWMwMGVkNGE3N2Q0ZDE1ZDk0ZWU2MzkyZDk4OGZkNDkwYjE2NzI4ZGRjNDU4MGFl,https://api.mybihr.com/medias/800Wx800H-1149241-2.jpg?context=bWFzdGVyfHJvb3R8NDE3MDZ8aW1hZ2UvanBlZ3xhRFkzTDJnNE9DODROakExTlRJeU16ZzFNekE0Tmk4NE1EQlhlRGd3TUVoZk1URTBPVEkwTVMweUxtcHdad3wzY2VlMTdlMjY1ZjQ4YzE1ODZjM2ViOTdkNmZlZjc4NGQ2OThkOTFlYTU0YzY2MzIzNjVhNzMzZGEwZmM3ZGU1,https://api.mybihr.com/medias/800Wx800H-1149241-3.jpg?context=bWFzdGVyfHJvb3R8NDExMzl8aW1hZ2UvanBlZ3xhREpsTDJnek15ODROakExTlRJeU5ESTBOak13TWk4NE1EQlhlRGd3TUVoZk1URTBPVEkwTVMwekxtcHdad3xjZjViNWM2MTkzOTA0MDAzYzVkMjQ3MDQ2YWFhYWMwNWYyNzNiNWNmNGZlNzg0Yzg2MTkzNjUzYTkyYzkxMDBm,https://api.mybihr.com/medias/800Wx800H-1149241-4.jpg?context=bWFzdGVyfHJvb3R8NTgyNzJ8aW1hZ2UvanBlZ3xhR0V4TDJneU5TODROakExTlRJeU5EWXpPVFV4T0M4NE1EQlhlRGd3TUVoZk1URTBPVEkwTVMwMExtcHdad3xkYmQ0MzA5Y2U5ZWNiYjhkNzJlNGI3NDM2YTI1MDBmOGFhZTc3ZGE5NzI1NzZiN2Y1ZTVjNjU2YjY1N2JjZGM3,https://api.mybihr.com/medias/800Wx800H-1149241-5.jpg?context=bWFzdGVyfHJvb3R8MjMyMDB8aW1hZ2UvanBlZ3xhR0ZoTDJneVppODROakExTlRJeU5UQXpNamN6TkM4NE1EQlhlRGd3TUVoZk1URTBPVEkwTVMwMUxtcHdad3w0MGRiMGYwOTdiYzk1YzEzODViODc1MjJjZjA2MWQ4MTFhNzg5YjY4MmY4ZTdhMWViZTdlN2E0M2EwZjE1MDgx,,,,,,,https://static.bihr.pro/eBihr/Pictures/YOSHIMURA_US-pictures.zip,https://api.mybihr.com/medias/272500S320-Content-Instructions.pdf?context=bWFzdGVyfGRvY3VtZW50c3wxNTc1NDYzfGFwcGxpY2F0aW9uL3BkZnxhRFV5TDJoak55ODROVGs0T0RnNE1qa3pPVGt6TkM4eU56STFNREJUTXpJd1gwTnZiblJsYm5SZlNXNXpkSEoxWTNScGIyNXpMbkJrWmd8MDhmZGZmZTJmZjU5MzgxOTg0NWM1Yjg2N2EzZjc1Mjg4MGZlMmQ1Yzc2ZjU3MmI2OTU4YjJiZjQ2ODUwMGFjYg,,,Spain Warehouse (Parts)
1149891,,19460BS520,YOSHIMURA US,"YOSHI SLIP ON RS-12 , SST/CAR",Silenciador YOSHIMURA Signature RS-12 acero inox y tapa carbono,1003.30,829.17,621.88,,0,8714109090,1,1,"<p>Tras m&aacute;s de tres a&ntilde;os de desarrollo y pruebas, &iexcl;el RS-12 ya est&aacute; aqu&iacute;! Con todos sus detalles, el RS-12 lleva el sistema a un nuevo nivel: Mayor rendimiento, reducci&oacute;n de peso y ajuste en comparaci&oacute;n con el dise&ntilde;o de la generaci&oacute;n anterior</p>
<ul>
<li>Desarrollado y probado al calor de m&aacute;s de 24 meses de carreras a nivel de f&aacute;brica</li>
<li>El perfil agresivo, inteligentemente dise&ntilde;ado y de forma asim&eacute;trica del RS-12 permite maximizar el volumen del silenciador</li>
<li>Los sistemas RS-12 utilizan juntas mecanizadas de precisi&oacute;n : mayor duraci&oacute;n, ajuste y rendimiento del sistema</li>
<li>El dise&ntilde;o de las tapas de carbono montadas en el interior mejora la durabilidad</li>
<li>Inserciones ac&uacute;sticas y parachispas f&aacute;ciles de instalar y quitar</li>
<li>El dise&ntilde;o c&oacute;nico de la entrada del cuerpo del silenciador del RS-12 permite empujar el sistema hacia delante, lo que ayuda a centralizar el peso sin sacrificar el rendimiento</li>
<li>Orgullosamente dise&ntilde;ado, desarrollado y fabricado en EE.UU.</li>
</ul>","
Tras más de tres años de desarrollo y pruebas, ¡el RS-12 ya está aquí! Con todos sus detalles, el RS-12 lleva el sistema a un nuevo nivel: Mayor rendimiento, reducción de peso y ajuste en comparación con el diseño de la generación anterior

Desarrollado y probado al calor de más de 24 meses de carreras a nivel de fábrica
El perfil agresivo, inteligentemente diseñado y de forma asimétrica del RS-12 permite maximizar el volumen del silenciador
Los sistemas RS-12 utilizan juntas mecanizadas de precisión : mayor duración, ajuste y rendimiento del sistema
El diseño de las tapas de carbono montadas en el interior mejora la durabilidad
Inserciones acústicas y parachispas fáciles de instalar y quitar
El diseño cónico de la entrada del cuerpo del silenciador del RS-12 permite empujar el sistema hacia delante, lo que ayuda a centralizar el peso sin sacrificar el rendimiento
Orgullosamente diseñado, desarrollado y fabricado en EE.UU.
",VEHICLE PARTS & ACCESSORIES,ACCESSORIES,ACC. EXHAUST,,,,1,1,10,10,10,Carbono,Acero inoxidable,,,,,,Homologación FIM,,,,,https://api.mybihr.com/medias/800Wx800H-1149891-1.jpg?context=bWFzdGVyfHJvb3R8MTQyNzYyfGltYWdlL2pwZWd8YURrNEwyaGxaaTg1T0RVd01EYzNNVGt6T0RNek5DODRNREJYZURnd01FaGZNVEUwT1RnNU1TMHhMbXB3Wnd8Yzk5MDE2NTA0ZmE0YWJlOTdkM2FiNTdkZWRmYjQ3YTBmMDNlODY4NDg5Y2E1NjUzNTMzN2UwZTQ0MTRmZjBlNA,https://api.mybihr.com/medias/800Wx800H-1149891-2.jpg?context=bWFzdGVyfHJvb3R8MTM1NjU2fGltYWdlL2pwZWd8YUdWakwyaGpNUzg1T0RVd01EYzNNakV6TkRrME1pODRNREJYZURnd01FaGZNVEUwT1RnNU1TMHlMbXB3Wnd8OWY5MTJmODg5Zjg3YTk3ODIwOTEzODRhZmI5MzMwODc5Y2MzMmUyM2NkNTg1OTMxMWRlMzJkY2JlMDI2ZWJhMg,https://api.mybihr.com/medias/800Wx800H-1149891-3.jpg?context=bWFzdGVyfHJvb3R8ODM4NzJ8aW1hZ2UvanBlZ3xhREZpTDJoaVlpODVPRFV3TURjM01qTXpNVFUxTUM4NE1EQlhlRGd3TUVoZk1URTBPVGc1TVMwekxtcHdad3w5YjZmZjkzNjZhNmNjY2JjYzY4ZjllN2YzYzFiOWM3ZmVjNjU4MjAxY2Y1ZWNmNTBkNjVlZDEzYzNmZGIxZWY1,https://api.mybihr.com/medias/800Wx800H-1149891-4.jpg?context=bWFzdGVyfHJvb3R8OTMzMTJ8aW1hZ2UvanBlZ3xhRFZsTDJoaU5DODVPRFV3TURjM01qVXlPREUxT0M4NE1EQlhlRGd3TUVoZk1URTBPVGc1TVMwMExtcHdad3wyYjRiMzg1NTA0N2I4YTI0ZmFlODgyNDg3MTViMTk4ZWUwZmZmNDg5M2RhZjZlODM2M2UyNzFmYWM3YzBlZDBj,https://api.mybihr.com/medias/800Wx800H-1149891-5.jpg?context=bWFzdGVyfHJvb3R8NjEzNTF8aW1hZ2UvanBlZ3xhRGhsTDJoaFpDODVPRFV3TURjM01qY3lORGMyTmk4NE1EQlhlRGd3TUVoZk1URTBPVGc1TVMwMUxtcHdad3w1OTUxOTBiNGM3ZGI2OWUxZjFjMTNjNjFjZGU0MDNiZDNjYTY0ZTM0YzcwYTgyMWIxY2E3MjNmNWYxNWQyZDg3,,,,,,,https://static.bihr.pro/eBihr/Pictures/YOSHIMURA_US-pictures.zip,https://api.mybihr.com/medias/1149891-Instructions-19460BS520.pdf?context=bWFzdGVyfGRvY3VtZW50c3wyMjg2MTAzfGFwcGxpY2F0aW9uL3BkZnxhRFV4TDJnM055ODVPRE0yTVRNNE5Ua3hNRE13TWk4eE1UUTVPRGt4WDBsdWMzUnlkV04wYVc5dWMxOHhPVFEyTUVKVE5USXdMbkJrWmd8YzM2MmJjNzIwMGZkOGQ4OTAzZWE4NjlkMDUwOWViMTM4NmJhNDVjMmY0NTYwMWQyNzZmZTI1MTk3ZWFjM2E4YQ,,,Spain Warehouse (Parts)
1149890,,13710BS520,YOSHIMURA US,"YOSHI SLIP ON RS-12 , SST/CAR",Silenciador YOSHIMURA Signature RS-12 acero inox y tapa carbono,1003.30,829.17,621.88,,0,8714109090,1,1,"<p>Tras m&aacute;s de tres a&ntilde;os de desarrollo y pruebas, &iexcl;el RS-12 ya est&aacute; aqu&iacute;! Con todos sus detalles, el RS-12 lleva el sistema a un nuevo nivel: Mayor rendimiento, reducci&oacute;n de peso y ajuste en comparaci&oacute;n con el dise&ntilde;o de la generaci&oacute;n anterior</p>
<ul>
<li>Desarrollado y probado al calor de m&aacute;s de 24 meses de carreras a nivel de f&aacute;brica</li>
<li>El perfil agresivo, inteligentemente dise&ntilde;ado y de forma asim&eacute;trica del RS-12 permite maximizar el volumen del silenciador</li>
<li>Los sistemas RS-12 utilizan juntas mecanizadas de precisi&oacute;n : mayor duraci&oacute;n, ajuste y rendimiento del sistema</li>
<li>El dise&ntilde;o de las tapas de carbono montadas en el interior mejora la durabilidad</li>
<li>Inserciones ac&uacute;sticas y parachispas f&aacute;ciles de instalar y quitar</li>
<li>El dise&ntilde;o c&oacute;nico de la entrada del cuerpo del silenciador del RS-12 permite empujar el sistema hacia delante, lo que ayuda a centralizar el peso sin sacrificar el rendimiento</li>
<li>Orgullosamente dise&ntilde;ado, desarrollado y fabricado en EE.UU.</li>
</ul>","
Tras más de tres años de desarrollo y pruebas, ¡el RS-12 ya está aquí! Con todos sus detalles, el RS-12 lleva el sistema a un nuevo nivel: Mayor rendimiento, reducción de peso y ajuste en comparación con el diseño de la generación anterior

Desarrollado y probado al calor de más de 24 meses de carreras a nivel de fábrica
El perfil agresivo, inteligentemente diseñado y de forma asimétrica del RS-12 permite maximizar el volumen del silenciador
Los sistemas RS-12 utilizan juntas mecanizadas de precisión : mayor duración, ajuste y rendimiento del sistema
El diseño de las tapas de carbono montadas en el interior mejora la durabilidad
Inserciones acústicas y parachispas fáciles de instalar y quitar
El diseño cónico de la entrada del cuerpo del silenciador del RS-12 permite empujar el sistema hacia delante, lo que ayuda a centralizar el peso sin sacrificar el rendimiento
Orgullosamente diseñado, desarrollado y fabricado en EE.UU.
",VEHICLE PARTS & ACCESSORIES,ACCESSORIES,ACC. EXHAUST,,,,38781,5422,752,270,191,Carbono,Acero inoxidable,,,,,,Homologación FIM,,,,,https://api.mybihr.com/medias/800Wx800H-1149890-1.jpg?context=bWFzdGVyfHJvb3R8MTQwNjc3fGltYWdlL2pwZWd8YURNeEwyZzNaaTg1T0RVd01EYzNNRGMxT0RZNE5pODRNREJYZURnd01FaGZNVEUwT1RnNU1DMHhMbXB3Wnd8OTc2N2FhNzIzMzMxNGQ0Yjc3OTQzZjA1ZDQ5ODAwYzA5ZWFiZTQ2NDgwNjQ5NzBlYWMyM2M5NDg4N2ZkMGZmYQ,https://api.mybihr.com/medias/800Wx800H-1149890-2.jpg?context=bWFzdGVyfHJvb3R8ODY1OTJ8aW1hZ2UvanBlZ3xhREF4TDJnNE5pODVPRFV3TURjM01EazFOVEk1TkM4NE1EQlhlRGd3TUVoZk1URTBPVGc1TUMweUxtcHdad3wwZDkwYTk3ODljNTc0Y2RmYzk4NmM2OGY5NzRhZjZhZDI3OTA3MTdmYjI5MTUxMGU5ZmVjNTY4MDczZTZkMjkw,https://api.mybihr.com/medias/800Wx800H-1149890-3.jpg?context=bWFzdGVyfHJvb3R8ODc5NzN8aW1hZ2UvanBlZ3xhRGRrTDJoa05DODVPRFV3TURjM01URTFNVGt3TWk4NE1EQlhlRGd3TUVoZk1URTBPVGc1TUMwekxtcHdad3xmZWJjNWRmMTQ3ZWFjZjhiNDk2MWMxODczZTFlY2U5MzMyZmZjODY0ZjVlYjZkOWI5N2VjYWQyZGZiMWI5NTVk,https://api.mybihr.com/medias/800Wx800H-1149890-4.jpg?context=bWFzdGVyfHJvb3R8MTE3NjY5fGltYWdlL2pwZWd8YUROaEwyaGtZaTg1T0RVd01EYzNNVE0wT0RVeE1DODRNREJYZURnd01FaGZNVEUwT1RnNU1DMDBMbXB3Wnd8ZTQ4NGRiYjlkMmI2MWIzODdiMDVlN2UxMzhmMzdlNjhkZTE4MDUyOGI3MWRhZGY0ZTM4NWM3MmE0ZDY2Nzg0NA,https://api.mybihr.com/medias/800Wx800H-1149890-5.jpg?context=bWFzdGVyfHJvb3R8NTE0ODR8aW1hZ2UvanBlZ3xhREJpTDJobE1pODVPRFV3TURjM01UVTBOVEV4T0M4NE1EQlhlRGd3TUVoZk1URTBPVGc1TUMwMUxtcHdad3xjOTA1YjdmNzEyZjhmYmNmMDI3NTM1YzcxNTY4ODliZjk3YjBlYTk4NjZkNWJhOTU1NDIxZGU5ODYwODI1NzI4,https://api.mybihr.com/medias/800Wx800H-1149890-6.jpg?context=bWFzdGVyfHJvb3R8OTQzNjd8aW1hZ2UvanBlZ3xhR1JpTDJobE9DODVPRFV3TURjM01UYzBNVGN5Tmk4NE1EQlhlRGd3TUVoZk1URTBPVGc1TUMwMkxtcHdad3wwMGQ5NzI5OTZlZmFjZGQ3YzQ5OGEyMmYzZDgyMjA4MDQ5Y2NkNzI3ZmQxYWRlZjVhYTQ0ODQ4OTBlZGU2OTk4,,,,,,https://static.bihr.pro/eBihr/Pictures/YOSHIMURA_US-pictures.zip,https://api.mybihr.com/medias/1149890-Instructions-19460BS520.pdf?context=bWFzdGVyfGRvY3VtZW50c3wxNDcxMzQ3fGFwcGxpY2F0aW9uL3BkZnxhRGt5TDJneU9DODVPRE0yTVRNNE5qRXpPVFkzT0M4eE1UUTVPRGt3WDBsdWMzUnlkV04wYVc5dWMxOHhPVFEyTUVKVE5USXdMbkJrWmd8ZWVlMDdlMmQ0NjQ3YTliOTRiMGYzN2ViZjM2NmRjZjhkOWFlOWY0NDQ4NmY5N2IxYmFmNTQ3NDNhOWIyODEyMg,,,Spain Warehouse (Parts)
1060706,757110,GRMT,YOSHIMURA US,YOSHI SPAREPARTS DB KILLER SCREW CAP,Capuchón de goma para db-killer de escape Yoshimura,8.65,7.15,5.36,GRMT,1,8708923500,0,1,<p justify>*El producto puede variar según la aplicación.</p><p justify> </p><p justify>Tapón de recambio para cubrir el agujero del tornillo insonorizador/protector antichispas Se adapta a la mayoría de las tapas de fibra de carbono Yoshimura.</p><p justify> </p><p justify>*No para silenciadores RS-9 o RS-9T.</p>,"
*El producto puede variar según la aplicación.
 
Tapón de recambio para cubrir el agujero del tornillo insonorizador/protector antichispas Se adapta a la mayoría de las tapas de fibra de carbono Yoshimura.
 
*No para silenciadores RS-9 o RS-9T.",VEHICLE PARTS & ACCESSORIES,ACCESSORIES,ACC. EXHAUST,,,,48,10,80,60,10,,,,,,,,,,,,,https://api.mybihr.com/medias/1060706-1-800Wx800H?context=bWFzdGVyfHJvb3R8MTM1MjE2fGltYWdlL2pwZWd8YURVM0wyaGtNeTg0T1RjeU9USXlOVFV5TXpVd0x6RXdOakEzTURZdE1WODRNREJYZURnd01FZ3wxYjY1NGVmOTNkYjkzOGVhMmJmY2IzYzljOGI1NzZlZjQyYmUxZTg5MDA3NjcwNTgwMTAwYTJlM2JiM2VjMDM1,,,,,,,,,,,https://static.bihr.pro/eBihr/Pictures/YOSHIMURA_US-pictures.zip,,,,Spain Warehouse (Parts)
1060709,757044,INS-14-K,YOSHIMURA US,YOSHI SPAREPARTS DB KILLER RS4,"dB-killer para escape Yoshimura RS-4, para KTM SX-F250 (Ø38,1 mm)",54.39,44.95,33.71,INS-14-K,1,8714104000,0,1,"<p justify>*El producto puede variar según la aplicación.</p><p justify> </p><ul><li>Recambio para el kit de insonorizadores de los silenciadores RS-4</li><li> Sin protector antichispas</li><li>Disponible como kit opcional en aplicaciones que requieran restricciones acústicas diferentes</li><li>La reducción de los decibelios depende de la aplicación</li><li>El kit incluye:<br><ul><li>Tubo insonorizador</li><li>Brida de cierre</li><li>Kit de tornillos</li></ul></li></ul><p> </p><p><iframe src=//www.youtube.com/embed/m8WhKb width=100% height=314"" allowfullscreen=allowfullscreen></iframe></p>","
*El producto puede variar según la aplicación.
 Recambio para el kit de insonorizadores de los silenciadores RS-4 Sin protector antichispasDisponible como kit opcional en aplicaciones que requieran restricciones acústicas diferentesLa reducción de los decibelios depende de la aplicaciónEl kit incluye:Tubo insonorizadorBrida de cierreKit de tornillos
 
",VEHICLE PARTS & ACCESSORIES,ACCESSORIES,ACC. EXHAUST,,,,523,116,148,68,52,,,,,,,,,,,,,,,,,,,,,,,,https://static.bihr.pro/eBihr/Pictures/YOSHIMURA_US-pictures.zip,,,,Spain Warehouse (Parts)
1060711,757046,INS-17-K,YOSHIMURA US,YOSHI SPAREPARTS DB KILLER RS4,"dB-killer para escape Yoshimura RS-4, para Honda CRF250R y Kawasaki KX250F (Ø38,1 mm)",50.51,41.74,31.31,INS-17-K,2,8714104000,0,1,"<p justify>*El producto puede variar según la aplicación.</p><p justify> </p><ul><li>Recambio para el kit de insonorizadores de los silenciadores RS-4</li><li> Sin protector antichispas</li><li>Disponible como kit opcional en aplicaciones que requieran restricciones acústicas diferentes</li><li>La reducción de los decibelios depende de la aplicación</li><li>El kit incluye:</li><ul><li left>Pieza protector antichispas</li><li left>Brida de cierre</li><li left>Kit de tornillos</li></ul></ul><p> </p><p><iframe src=//www.youtube.com/embed/m8WhKb width=100% height=314"" allowfullscreen=allowfullscreen></iframe></p>","
*El producto puede variar según la aplicación.
 Recambio para el kit de insonorizadores de los silenciadores RS-4 Sin protector antichispasDisponible como kit opcional en aplicaciones que requieran restricciones acústicas diferentesLa reducción de los decibelios depende de la aplicaciónEl kit incluye:Pieza protector antichispasBrida de cierreKit de tornillos
 
",VEHICLE PARTS & ACCESSORIES,ACCESSORIES,ACC. EXHAUST,,,,10,105,35,17,17,,,,,,,,,,,,,,,,,,,,,,,,https://static.bihr.pro/eBihr/Pictures/YOSHIMURA_US-pictures.zip,,,,Spain Warehouse (Parts)
1060713,757048,INS-RS9A-K,YOSHIMURA US,YOSHI SPAREPARTS DB KILLER RS4,"dB-killer para escape Yoshimura RS-9, para Honda CRF450R (Ø25,4 mm)",50.51,41.74,31.31,INS-RS9A-K,1,8714104000,0,1,"<p justify>*El producto puede variar según la aplicación.</p><p justify> </p><ul><li>Recambio para el kit de insonorizadores de los silenciadores RS-9</li><li> Sin protector antichispas</li><li>Disponible como kit opcional en aplicaciones que requieran restricciones acústicas diferentes</li><li>La reducción de los decibelios depende de la aplicación</li><li>El kit incluye:<br><ul><li>Tubo insonorizador</li><li>Brida de cierre</li><li>Kit de tornillos</li></ul></li></ul><p> </p><p><iframe src=//www.youtube.com/embed/m8WhKb width=100% height=314"" allowfullscreen=allowfullscreen></iframe></p>","
*El producto puede variar según la aplicación.
 Recambio para el kit de insonorizadores de los silenciadores RS-9 Sin protector antichispasDisponible como kit opcional en aplicaciones que requieran restricciones acústicas diferentesLa reducción de los decibelios depende de la aplicaciónEl kit incluye:Tubo insonorizadorBrida de cierreKit de tornillos
 
",VEHICLE PARTS & ACCESSORIES,ACCESSORIES,ACC. EXHAUST,,,,417,60,167,78,32,,,,,,,,,,,,,,,,,,,,,,,,https://static.bihr.pro/eBihr/Pictures/YOSHIMURA_US-pictures.zip,,,,Spain Warehouse (Parts)
1060714,757141,INS-RS9B-K,YOSHIMURA US,YOSHI SPAREPARTS DB KILLER RS9,"dB-killer para Silencioso Yoshimura RS-9, Honda CRF250R",50.51,41.74,31.31,INS-RS9B-K,1,8714104000,0,1,"<p justify>*El producto puede variar según la aplicación.</p><p justify> </p><ul><li>Recambio para el kit de insonorizadores de los silenciadores RS-9</li><li> Sin protector antichispas</li><li>Disponible como kit opcional en aplicaciones que requieran restricciones acústicas diferentes</li><li>La reducción de los decibelios depende de la aplicación</li><li>El kit incluye:<br><ul><li>Tubo insonorizador</li><li>Brida de cierre</li><li>Kit de tornillos</li></ul></li></ul><p> </p><p><iframe src=//www.youtube.com/embed/m8WhKb width=100% height=314"" allowfullscreen=allowfullscreen></iframe></p>","
*El producto puede variar según la aplicación.
 Recambio para el kit de insonorizadores de los silenciadores RS-9 Sin protector antichispasDisponible como kit opcional en aplicaciones que requieran restricciones acústicas diferentesLa reducción de los decibelios depende de la aplicaciónEl kit incluye:Tubo insonorizadorBrida de cierreKit de tornillos
 
",VEHICLE PARTS & ACCESSORIES,ACCESSORIES,ACC. EXHAUST,,,,222,54,89,53,47,,,,,,,,,,,,,https://api.mybihr.com/medias/1060714-1-800Wx800H?context=bWFzdGVyfHJvb3R8NDY5MzV8aW1hZ2UvanBlZ3xhR05oTDJoak5TODRPVGN5T1RJeU9UUTFOVFkyTHpFd05qQTNNVFF0TVY4NE1EQlhlRGd3TUVnfDM0YWJjMmM5OWI3NzZkMDk5YmRkZWMwOWRmY2JlOWI5MDUzNzFjNWQ0MWQ2Y2FiYjMwZDg2MWVlMzRmZTI3NTM,,,,,,,,,,,https://static.bihr.pro/eBihr/Pictures/YOSHIMURA_US-pictures.zip,https://api.mybihr.com/medias/Reglementation-Niveau-sonore-2016.pdf?context=bWFzdGVyfGRvY3VtZW50c3w0MTk5NDV8YXBwbGljYXRpb24vcGRmfGFHSm1MMmd4T0M4NU5qUTBORGd4T1Rjd01qQTJMMUpsWjJ4bGJXVnVkR0YwYVc5dUlFNXBkbVZoZFNCemIyNXZjbVZmTWpBeE5nfDViOTEzYzAxYzkxYzFkYzEwZWVmODJjMDI0N2Y5YTY1YTg1ZGZjMTE4MjU2MDRjNjMyN2RjMzdjYjE4ZDlhZDk,,,Spain Warehouse (Parts)
1060739,757066,RS9-NB002,YOSHIMURA US,YOSHI SPAREPARTS LOGO PLATE,"Placa con logo Yoshimura para Silencioso RS-9, sin remaches",30.25,25.00,18.75,RS9-NB002,2,8714104000,0,1,<p justify>*El producto puede variar según la aplicación.</p><p justify> </p><ul><li left>Recambio de placa Yoshimura RS-9</li><li left>Situada en el lado interior del silenciador</li></ul>,"
*El producto puede variar según la aplicación.
 Recambio de placa Yoshimura RS-9Situada en el lado interior del silenciador",VEHICLE PARTS & ACCESSORIES,ACCESSORIES,ACC. EXHAUST,,,,109,12,92,70,17,,,,,,por pareja,,,,,,,https://api.mybihr.com/medias/1060739-1-800Wx800H?context=bWFzdGVyfHJvb3R8MTM1MjE2fGltYWdlL2pwZWd8YURkbUwyZzJPUzg0T1RjeU9USTFOVEF4TkRjd0x6RXdOakEzTXprdE1WODRNREJYZURnd01FZ3w5OGI0ZGM3MzQ2NzA3NDRmMGNmOTBjNTFhNTQ5OWVlNzdlYzQwZGVjYzc4Mjg3MDE1ODcyYTgzODQ2ZWIyYmMy,,,,,,,,,,,https://static.bihr.pro/eBihr/Pictures/YOSHIMURA_US-pictures.zip,,,,Spain Warehouse (Parts)
1060670,79900104,22843-CLPBKT,YOSHIMURA US,YOSHI SPAREPARTS HEADER RS9,"Abrazadera de montaje Yoshimura para escape RS-9, Honda CRF250R/RX",11.50,9.50,6.00,22843-CLPBKT,1,8708923500,0,1,<p justify>*El producto puede variar según la aplicación.</p>,"
*El producto puede variar según la aplicación.",VEHICLE PARTS & ACCESSORIES,ACCESSORIES,ACC. EXHAUST,,,,48,10,80,60,10,,,,,,,,,,,,,https://api.mybihr.com/medias/800Wx800H-1060670-1.jpg?context=bWFzdGVyfHJvb3R8NDU4MjZ8aW1hZ2UvanBlZ3xhRGRrTDJnM01TODROemt6TmprMk1EYzVNRFUxT0M4NE1EQlhlRGd3TUVoZk1UQTJNRFkzTUMweExtcHdad3w2M2EyZGY2MTdmMWQ0ZjdiMTVjYjhiNWFiY2MwZGM3M2FkMzE1NTBhN2ZmMTFlN2M5NDE2NmEyN2FmMGU0Yzli,,,,,,,,,,,https://static.bihr.pro/eBihr/Pictures/YOSHIMURA_US-pictures.zip,,,,Spain Warehouse (Parts)
1060697,79900040,ALS-001,YOSHIMURA US,YOSHI SPAREPARTS MUFFLER SPACER,"Separador de aluminio para escape Yoshimura RS-2, Yamaha Raptor 350",11.99,9.91,6.43,ALS-001,1,8708923500,0,1,<p justify>*El producto puede variar según la aplicación.</p>,"
*El producto puede variar según la aplicación.",VEHICLE PARTS & ACCESSORIES,ACCESSORIES,ACC. EXHAUST,,,,47,18,82,48,12,,,,,,,,,,,,,https://api.mybihr.com/medias/800Wx800H-1060697-1.jpg?context=bWFzdGVyfHJvb3R8NTQzNnxpbWFnZS9qcGVnfGFEVXlMMmcwWkM4NE56a3pOamsyTWpFMk5qZ3hOQzg0TURCWGVEZ3dNRWhmTVRBMk1EWTVOeTB4TG1wd1p3fGI3ZjIxZjc2M2QxZmY3ZTE4ZjNmZmJiNGEyMTBiYWFmMDQ5OGM3YzY4Y2M5YTc3NWM0MzQyMTFkZWEzOWQ1YzI,,,,,,,,,,,https://static.bihr.pro/eBihr/Pictures/YOSHIMURA_US-pictures.zip,,,,Spain Warehouse (Parts)
1060717,757117,LC4.5T,YOSHIMURA US,YOSHI SPAREPARTS 3 HOLES RIVET BAND,Abrazadera de sujeción para kit reacondicionamiento Yoshimura RS-3D,9.86,8.15,6.11,LC4.5T,1,8708929990,0,1,<p justify>*El producto puede variar según la aplicación.</p>,"
*El producto puede variar según la aplicación.",VEHICLE PARTS & ACCESSORIES,ACCESSORIES,ACC. EXHAUST,,,,4,7,70,15,4,,,,,,,,,,,,,https://api.mybihr.com/medias/1060717-1-800Wx800H?context=bWFzdGVyfHJvb3R8MTM1MjE2fGltYWdlL2pwZWd8YURSbEwyZzNOeTg0T1RjeU9USXpNVFF5TVRjMEx6RXdOakEzTVRjdE1WODRNREJYZURnd01FZ3wwYzBiNTExZGNiYjU0OWU5MTRlZWU4Y2JiOGFkMWI4MmFhNGE2NzhiNGViNTY5NzU2MWUwZDAzYjE5ZjA5ZWM4,,,,,,,,,,,https://static.bihr.pro/eBihr/Pictures/YOSHIMURA_US-pictures.zip,,,,Spain Warehouse (Parts)
1060658,7571341,225830R520-LMA,YOSHIMURA US,YOSHI SPAREPARTS SILENCER REPLACEMENT,"Silencioso izquierdo de acero inoxidable Yoshimura, para escape RS-9, Honda CRF450R/RX",551.49,455.78,331.84,225830R520-LMA,2,8708923500,0,1,"<p justify>*El producto puede variar según la aplicación.</p><p justify> </p><p justify>La nueva configuración de motor y silenciador de la CRF450R nos dio la oportunidad de crear un sistema completamente nuevo, fabricado específicamente para las nuevas máquinas CRF450. Presentamos nuestro nuevo sistema de escape RS-9T Signature Series, con silenciador doble cónico, para la nueva CRF450R.</p><p justify> </p><p justify>Yoshimura ha estado trabajando incesantemente en el desarrollo con los ingenieros de American Honda HRC, para maximizar el rendimiento y la centralización de la masa, y así optimizar las prestaciones para el piloto. Yoshimura ha logrado todo esto al desplazar hacia delante los nuevos silenciadores del RS-9T, con el fin de recogerlos debajo de las placas de matrícula laterales. Gracias a la colaboración con los ingenieros de competición de HRC, al nuevo motor Unicam de 449 cc y a su exclusivo sistema de inyección de combustible tipo downdraft, Yoshimura ha sido capaz de ofrecer un escape que proporcione una potencia más dócil y un par motor mejorado.</p><p justify> </p><p justify>Algunas de las características del nuevo sistema RS-9T de silenciador cónico doble para la CRF450R/RX son:</p><p justify> </p><ul justify><li left>Testado en banco de potencia y en pista por Honda R&D en Japón, por el American Honda MX Team y por el HRC All Japan MX Racing Team</li><li left>Colector de tres fases, que permite un mayor rango de potencia y respuesta del acelerador</li><li left>El nuevo divisor del tubo de escape genera un flujo de escape más suave, y una mayor velocidad hacia el tubo de escape derecho e izquierdo</li><li left>Nuevo diseño de silenciador RS-9T, compacto y adelantado, que presenta un centro de gravedad más bajo para centralizar mejor el peso</li><li left>Su núcleo es más grande, lo que mejora la respuesta del acelerador y la potencia en la parte media y alta</li><li left>Los nuevos silenciadores RS-9T tienen más volumen que los de fábrica, lo que permite reducir el nivel de ruido en dB.</li><li left>Funciona con o sin el nuevo sistema de arranque eléctrico opcional de Honda</li><li left>Tubo de escape y colector de acero inoxidable</li></ul><p> </p><p><iframe src=//www.youtube.com/embed/_py9y5Z697E width=100% height=314"" allowfullscreen=allowfullscreen></iframe></p> ","
*El producto puede variar según la aplicación.
 
La nueva configuración de motor y silenciador de la CRF450R nos dio la oportunidad de crear un sistema completamente nuevo, fabricado específicamente para las nuevas máquinas CRF450. Presentamos nuestro nuevo sistema de escape RS-9T Signature Series, con silenciador doble cónico, para la nueva CRF450R.
 
Yoshimura ha estado trabajando incesantemente en el desarrollo con los ingenieros de American Honda HRC, para maximizar el rendimiento y la centralización de la masa, y así optimizar las prestaciones para el piloto. Yoshimura ha logrado todo esto al desplazar hacia delante los nuevos silenciadores del RS-9T, con el fin de recogerlos debajo de las placas de matrícula laterales. Gracias a la colaboración con los ingenieros de competición de HRC, al nuevo motor Unicam de 449 cc y a su exclusivo sistema de inyección de combustible tipo downdraft, Yoshimura ha sido capaz de ofrecer un escape que proporcione una potencia más dócil y un par motor mejorado.
 
Algunas de las características del nuevo sistema RS-9T de silenciador cónico doble para la CRF450R/RX son:
 Testado en banco de potencia y en pista por Honda R&D en Japón, por el American Honda MX Team y por el HRC All Japan MX Racing TeamColector de tres fases, que permite un mayor rango de potencia y respuesta del aceleradorEl nuevo divisor del tubo de escape genera un flujo de escape más suave, y una mayor velocidad hacia el tubo de escape derecho e izquierdoNuevo diseño de silenciador RS-9T, compacto y adelantado, que presenta un centro de gravedad más bajo para centralizar mejor el pesoSu núcleo es más grande, lo que mejora la respuesta del acelerador y la potencia en la parte media y altaLos nuevos silenciadores RS-9T tienen más volumen que los de fábrica, lo que permite reducir el nivel de ruido en dB.Funciona con o sin el nuevo sistema de arranque eléctrico opcional de HondaTubo de escape y colector de acero inoxidable
 
 ",VEHICLE PARTS & ACCESSORIES,ACCESSORIES,ACC. EXHAUST,,,,197300,3466,914,484,446,,,,,,,,,,,,,https://api.mybihr.com/medias/1060658-1-800Wx800H?context=bWFzdGVyfHJvb3R8NDIwMTF8aW1hZ2UvanBlZ3xhRFJpTDJoa09TODRPVGN5T1RFME1qazBPREUwTHpFd05qQTJOVGd0TVY4NE1EQlhlRGd3TUVnfGRkOTUwYjlhNGU3YzdiOGNjZTUyMWNiYzVhMDM5OGMwMWViMzlhYThkODZkMDBmMmM4ZjRmYWE1ZDQ2Mjc2ZGE,https://api.mybihr.com/medias/1060658-2-800Wx800H?context=bWFzdGVyfHJvb3R8Njg3MDN8aW1hZ2UvanBlZ3xhRGRpTDJoa01pODRPVGN5T1RFME5Ea3hOREl5THpFd05qQTJOVGd0TWw4NE1EQlhlRGd3TUVnfGI1OTU2MTVkYjBjMjNjYTNkYTRmZWY1YTQzOTg2NWFmMGJkN2RiZjM0M2Y3Y2M4MDZiNmNjMWZhNzI2NzM0Zjg,,,,,,,,,,https://static.bihr.pro/eBihr/Pictures/YOSHIMURA_US-pictures.zip,,,,Spain Warehouse (Parts)
1060659,7571342,225830R520-RMA,YOSHIMURA US,YOSHI SPAREPARTS SILENCER REPLACEMENT,"Silencioso derecho de acero inoxidable Yoshimura, para escape RS-9, Honda CRF450R/RX",551.49,455.78,331.84,225830R520-RMA,1,8708923500,0,1,"<p justify>*El producto puede variar según la aplicación.</p><p justify> </p><p justify>La nueva configuración de motor y silenciador de la CRF450R nos dio la oportunidad de crear un sistema completamente nuevo, fabricado específicamente para las nuevas máquinas CRF450. Presentamos nuestro nuevo sistema de escape RS-9T Signature Series, con silenciador doble cónico, para la nueva CRF450R.</p><p justify> </p><p justify>Yoshimura ha estado trabajando incesantemente en el desarrollo con los ingenieros de American Honda HRC, para maximizar el rendimiento y la centralización de la masa, y así optimizar las prestaciones para el piloto. Yoshimura ha logrado todo esto al desplazar hacia delante los nuevos silenciadores del RS-9T, con el fin de recogerlos debajo de las placas de matrícula laterales. Gracias a la colaboración con los ingenieros de competición de HRC, al nuevo motor Unicam de 449 cc y a su exclusivo sistema de inyección de combustible tipo downdraft, Yoshimura ha sido capaz de ofrecer un escape que proporcione una potencia más dócil y un par motor mejorado.</p><p justify> </p><p justify>Algunas de las características del nuevo sistema RS-9T de silenciador cónico doble para la CRF450R/RX son:</p><p justify> </p><ul justify><li left>Testado en banco de potencia y en pista por Honda R&D en Japón, por el American Honda MX Team y por el HRC All Japan MX Racing Team</li><li left>Colector de tres fases, que permite un mayor rango de potencia y respuesta del acelerador</li><li left>El nuevo divisor del tubo de escape genera un flujo de escape más suave, y una mayor velocidad hacia el tubo de escape derecho e izquierdo</li><li left>Nuevo diseño de silenciador RS-9T, compacto y adelantado, que presenta un centro de gravedad más bajo para centralizar mejor el peso</li><li left>Su núcleo es más grande, lo que mejora la respuesta del acelerador y la potencia en la parte media y alta</li><li left>Los nuevos silenciadores RS-9T tienen más volumen que los de fábrica, lo que permite reducir el nivel de ruido en dB.</li><li left>Funciona con o sin el nuevo sistema de arranque eléctrico opcional de Honda</li><li left>Tubo de escape y colector de acero inoxidable</li></ul><p> </p><p><iframe src=//www.youtube.com/embed/_py9y5Z697E width=100% height=314"" allowfullscreen=allowfullscreen></iframe></p> ","
*El producto puede variar según la aplicación.
 
La nueva configuración de motor y silenciador de la CRF450R nos dio la oportunidad de crear un sistema completamente nuevo, fabricado específicamente para las nuevas máquinas CRF450. Presentamos nuestro nuevo sistema de escape RS-9T Signature Series, con silenciador doble cónico, para la nueva CRF450R.
 
Yoshimura ha estado trabajando incesantemente en el desarrollo con los ingenieros de American Honda HRC, para maximizar el rendimiento y la centralización de la masa, y así optimizar las prestaciones para el piloto. Yoshimura ha logrado todo esto al desplazar hacia delante los nuevos silenciadores del RS-9T, con el fin de recogerlos debajo de las placas de matrícula laterales. Gracias a la colaboración con los ingenieros de competición de HRC, al nuevo motor Unicam de 449 cc y a su exclusivo sistema de inyección de combustible tipo downdraft, Yoshimura ha sido capaz de ofrecer un escape que proporcione una potencia más dócil y un par motor mejorado.
 
Algunas de las características del nuevo sistema RS-9T de silenciador cónico doble para la CRF450R/RX son:
 Testado en banco de potencia y en pista por Honda R&D en Japón, por el American Honda MX Team y por el HRC All Japan MX Racing TeamColector de tres fases, que permite un mayor rango de potencia y respuesta del aceleradorEl nuevo divisor del tubo de escape genera un flujo de escape más suave, y una mayor velocidad hacia el tubo de escape derecho e izquierdoNuevo diseño de silenciador RS-9T, compacto y adelantado, que presenta un centro de gravedad más bajo para centralizar mejor el pesoSu núcleo es más grande, lo que mejora la respuesta del acelerador y la potencia en la parte media y altaLos nuevos silenciadores RS-9T tienen más volumen que los de fábrica, lo que permite reducir el nivel de ruido en dB.Funciona con o sin el nuevo sistema de arranque eléctrico opcional de HondaTubo de escape y colector de acero inoxidable
 
 ",VEHICLE PARTS & ACCESSORIES,ACCESSORIES,ACC. EXHAUST,,,,48276,3464,911,276,192,,,,,,,,,,,,,https://api.mybihr.com/medias/1060659-1-800Wx800H?context=bWFzdGVyfHJvb3R8NDIwMTF8aW1hZ2UvanBlZ3xhR0prTDJoallpODRPVGN5T1RFME5qZzRNRE13THpFd05qQTJOVGt0TVY4NE1EQlhlRGd3TUVnfGNjMzliNjAzYTMwMDJmMTk1OWExMTM0ZWFkZjA2NmM0NDgzNTUwYmNhYTUzYTQ2NWI4MzU5NzAzN2E4ODU1MTM,https://api.mybihr.com/medias/1060659-2-800Wx800H?context=bWFzdGVyfHJvb3R8Njg3MDN8aW1hZ2UvanBlZ3xhR1ZrTDJoak5DODRPVGN5T1RFME9EZzBOak00THpFd05qQTJOVGt0TWw4NE1EQlhlRGd3TUVnfGVhODM5NTA2ZGY1YWE0NDllZDUwNmNjM2QwNjU1M2QzMzczNjg0N2VkZmM5ZTBjOTcyMjk4ODAzMzVmYWQ2YTI,,,,,,,,,,https://static.bihr.pro/eBihr/Pictures/YOSHIMURA_US-pictures.zip,,,,Spain Warehouse (Parts)
